Name,Team,Season,Age,G,PA,AB,H,HR,AVG,OBP,SLG,OPS,ISO,BABIP,wOBA,xwOBA,wRC+,WAR,K%,BB%,Barrel%,HardHit%,EV,maxEV,LA,O-Swing%,Z-Swing%,Swing%,O-Contact%,Z-Contact%,Contact%,SwStr%,GB%,FB%,LD%,Pull%,Cent%,Oppo%,Spd,BaseRunning,UBR,wBsR,Defense,Fielding,Offense
Pete Crow-Armstrong,CHC,2026,24.0,100.0,436.0,374.0,105.0,21.0,0.280748663,0.377011494,0.513368983,0.890380477,0.23262032,0.348547717,0.3833608994329417,0.35630328566939745,144.98524682937392,5.861666972187457,0.261467889,0.112385321,0.10646388,0.47908745,90.0785140991211,114.6,20.7734375,0.36894164,0.6962963,0.5,0.58176944,0.86808511,0.74139976,0.12930012,0.328125,0.4765625,0.1953125,0.50570342,0.28897338,0.20532319,7.079214504947716,3.6800103411078453,,1.8524289354681969,16.270294666290283,14.779668807983398,27.50031109506556
Yordan Alvarez,HOU,2026,29.0,100.0,438.0,364.0,118.0,33.0,0.324175824,0.431506849,0.651098901,1.08260575,0.326923077,0.328185328,0.44734449493941536,0.4797919735419153,192.2442743065147,4.883974701710999,0.171232876,0.150684931,0.19178082,0.53424658,94.65276131465517,118.5,19.958620689655174,0.29150579,0.63905325,0.42873832,0.71523179,0.91666667,0.83378747,0.07113703,0.280821917,0.493150684,0.226027397,0.40410959,0.34931507,0.24657534,1.7047965412745412,-3.3303922191262245,,-0.45409879833459854,-11.493622541427612,-1.7559688091278076,44.20558326504234
Bobby Witt Jr.,KCR,2026,26.0,94.0,414.0,369.0,103.0,13.0,0.279132791,0.350241545,0.449864498,0.800106043,0.170731707,0.314685314,0.34610140846996773,0.3855955524209105,118.60785081006908,4.664270731110481,0.176328502,0.099033816,0.12040134,0.52173913,92.85748166454081,117.2,16.60544217687075,0.35600425,0.67294521,0.47737705,0.63880597,0.90330789,0.78159341,0.10419397,0.35451505,0.428093645,0.217391304,0.32441472,0.37458194,0.30100334,5.7469621500882795,4.987011744640768,,3.3497700234875083,17.342977046966553,13.481523513793945,14.05070998266963
Dillon Dingler,DET,2026,27.0,91.0,379.0,340.0,91.0,21.0,0.267647058,0.331564986,0.523529411,0.855094397,0.255882353,0.289256198,0.36578830278204355,0.37435066731770833,135.0225627409712,4.348618899624954,0.211081794,0.060686015,0.10943396,0.46415094,89.61901437737643,110.8,17.129277566539923,0.33953488,0.6677686,0.47508532,0.65753425,0.91089109,0.8045977,0.09276944,0.357414448,0.44486692,0.197718631,0.41825095,0.37642586,0.20532319,2.85119047125,0.033522991463541985,,-0.44696751423180103,13.867746353149414,10.656155109405518,15.650465565770789
Otto Lopez,MIA,2026,27.0,97.0,419.0,388.0,130.0,9.0,0.335051546,0.367541766,0.505154639,0.872696405,0.170103093,0.370030581,0.3746319795849784,0.3379837511826476,136.04447980722372,4.297707361940991,0.140811455,0.047732696,0.07142857,0.42857143,89.53776435045317,112.8,8.108433734939759,0.35201794,0.63157895,0.46741277,0.6656051,0.92676768,0.81126761,0.08821593,0.51051051,0.333333333,0.156156156,0.32142857,0.40178571,0.27678571,7.135908375652844,3.8677432984113693,,1.7427716702222824,6.638186693191528,2.4835236072540283,22.209605598327514
James Wood,WSN,2026,23.0,101.0,474.0,387.0,105.0,28.0,0.271317829,0.400843881,0.552971576,0.953815457,0.281653747,0.346846846,0.40476309038027164,0.4254459504158266,157.5693356467316,4.23181867293801,0.293248945,0.170886075,0.22,0.596,95.11726593875503,116.3,9.524,0.24192212,0.59188847,0.38026052,0.49315068,0.83511777,0.70355731,0.112669,0.412,0.38,0.208,0.312,0.356,0.332,5.823141559203346,1.8502133768051863,,1.4602355640381575,-8.591504573822021,-2.6758675575256348,34.99080086226383
Kevin McGonigle,DET,2026,21.0,97.0,432.0,366.0,103.0,9.0,0.281420765,0.391203703,0.426229508,0.817433211,0.144808743,0.315436241,0.36401447812808363,0.36198716274527615,133.79622165664247,4.125886601499004,0.136574074,0.145833333,0.0781759,0.3713355,87.96091205211727,109.5,20.843648208469055,0.21506442,0.70911528,0.42507123,0.73271889,0.90926276,0.85790885,0.06033011,0.315960912,0.469055374,0.214983713,0.38436482,0.35504886,0.26058632,5.820567879820635,5.129271544516087,,1.4586880579590797,3.116590514779091,0.24279142916202545,22.30680401020294
JJ Wetherholt,STL,2026,23.0,94.0,427.0,369.0,96.0,14.0,0.260162601,0.355971896,0.40108401,0.757055906,0.140921409,0.283737024,0.3371209590575274,0.34705923628637175,114.36693211932116,3.728284688021649,0.159250585,0.098360655,0.07260726,0.45214521,89.96711147231544,108.7,13.426174496644295,0.25132556,0.66206897,0.42985612,0.70042194,0.87291667,0.81589958,0.07899461,0.417218543,0.387417218,0.195364238,0.36963696,0.39273927,0.23762376,4.851667403568514,2.394075023010373,,1.31319628842175,13.106553554534912,11.61249828338623,9.844525947309616
Luis Arraez,SFG,2026,29.0,95.0,420.0,378.0,122.0,4.0,0.322751322,0.36231884,0.449735449,0.812054289,0.126984127,0.324175824,0.3486306213751072,0.30375974701672065,122.31797319988895,3.5306750018286372,0.042857142,0.059523809,0.00534759,0.21390374,86.9866109545765,104.4,15.204918032786885,0.34352078,0.64617486,0.48645161,0.91459075,0.93868922,0.92970822,0.0341275,0.396174863,0.37704918,0.226775956,0.32620321,0.36898396,0.30481283,6.408900137660387,2.20110300835222,,0.9840569859370589,7.638928771018982,6.368924617767334,13.585097729048181
Brice Turang,MIL,2026,26.0,94.0,429.0,368.0,96.0,14.0,0.260869565,0.356807511,0.456521739,0.81332925,0.195652174,0.329317269,0.3532229719714352,0.34514047074487825,123.77528221583216,3.4874273086399494,0.249417249,0.13053613,0.08270677,0.43984962,90.73511301288168,109.6,8.248091603053435,0.26744186,0.63520408,0.42621145,0.70289855,0.85943775,0.80361757,0.08365438,0.456273764,0.315589353,0.228136882,0.29323308,0.39849624,0.30827068,6.4852075488672405,1.887641105800867,,1.1645749546587467,6.227203130722046,4.785731315612793,14.274854421969048
Junior Caminero,TBR,2026,22.0,99.0,433.0,376.0,107.0,29.0,0.284574468,0.374133949,0.558510638,0.932644587,0.27393617,0.289962825,0.39345133543014527,0.37652323308296837,153.50734826273472,3.4593374535980623,0.184757505,0.124711316,0.13758389,0.51677852,93.3030303030303,116.9,8.868686868686869,0.31339031,0.61990212,0.42617047,0.7030303,0.88421053,0.8,0.08518296,0.5,0.342281879,0.15771812,0.50671141,0.33892617,0.15436242,1.9487273858760228,-1.4538613753393292,,-1.0252971844747663,-7.0140814781188965,-8.472700119018555,25.80515661897886
Elly De La Cruz,CIN,2026,24.0,80.0,358.0,319.0,89.0,16.0,0.278996865,0.351955307,0.501567398,0.853522705,0.222570533,0.352657004,0.3680300679286765,0.36598409886373756,128.12753547152957,3.451433465358763,0.273743016,0.097765363,0.14349776,0.52466368,94.41064453125,116.3,10.580645161290322,0.29136691,0.58016529,0.41278666,0.58436214,0.84045584,0.73569024,0.10902778,0.470852017,0.336322869,0.192825112,0.3632287,0.38565022,0.25112108,6.893339473721734,2.1981331976130605,,0.01050278265029192,8.037305116653442,4.8874430656433105,14.427538859624242
Miguel Vargas,CHW,2026,26.0,98.0,427.0,360.0,89.0,21.0,0.247222222,0.354460093,0.491666666,0.846126759,0.244444444,0.25,0.36447498511593296,0.3985227760693706,134.10807885328927,3.3236330675299075,0.166276346,0.13114754,0.14965986,0.46598639,90.56061376284246,112.9,19.20205479452055,0.23979058,0.73296245,0.4516129,0.7860262,0.85199241,0.83201058,0.07577566,0.313993174,0.501706484,0.184300341,0.46416382,0.31740614,0.21843003,5.1839795749357895,0.40910524874925613,,0.8019569590687752,0.11756956577301025,0.7794355750083923,17.54449609236856
Ben Rice,NYY,2026,27.0,95.0,406.0,352.0,99.0,29.0,0.28125,0.371921182,0.59375,0.965671182,0.3125,0.303030303,0.4063068018920386,0.3865031863091295,164.43321648797163,3.295705465398011,0.231527093,0.120689655,0.15384615,0.48461538,92.31384465144231,110.9,14.115384615384615,0.27153762,0.65882353,0.43644333,0.59437751,0.87946429,0.77761836,0.09699625,0.419230769,0.396153846,0.184615384,0.49230769,0.32307692,0.18461538,4.514470569337503,-0.6848969031125307,,-0.13418068177998066,-11.958670616149902,-3.7607975006103516,30.093410060637463
Willson Contreras,BOS,2026,34.0,92.0,380.0,325.0,94.0,22.0,0.289230769,0.384210526,0.556923076,0.941133602,0.267692307,0.339622641,0.4026641468259464,0.39381469402768565,156.51709930433762,3.132033865613276,0.247368421,0.097368421,0.14529915,0.47008547,90.65603111530173,114.4,18.00862068965517,0.35372636,0.69707401,0.48851351,0.53459119,0.85432099,0.71369295,0.13967611,0.376068376,0.427350427,0.196581196,0.54273504,0.28632479,0.17094017,3.2956807943801723,-1.9305479601025581,,-0.998043067753315,-5.895195841789246,0.7228881120681763,23.33753778344917
Corbin Carroll,ARI,2026,25.0,96.0,410.0,356.0,89.0,14.0,0.25,0.343902439,0.480337078,0.824239517,0.230337078,0.3,0.3545275711837937,0.3433602588011487,122.93173895947469,3.101763692457927,0.229268292,0.11707317,0.11742424,0.46212121,91.26807391826924,112.9,13.38076923076923,0.32579651,0.66931638,0.46067416,0.63722397,0.80522565,0.73306233,0.12297129,0.43560606,0.409090909,0.15530303,0.51136364,0.31060606,0.1780303,6.831099249281694,4.13471940997988,,0.6510143661871552,1.752549171447754,6.186704635620117,15.553283390027385
Andy Pages,LAD,2026,25.0,100.0,429.0,383.0,103.0,17.0,0.268929503,0.335664335,0.464751958,0.800416293,0.195822455,0.301754385,0.34590836621333504,0.33988760119286654,118.63384615674175,3.099826126319347,0.2004662,0.081585081,0.08278146,0.44039735,88.99370731581126,109.7,16.956953642384107,0.34795322,0.68075802,0.48130841,0.66106443,0.90149893,0.7973301,0.09743291,0.350993377,0.433774834,0.215231788,0.35099338,0.38741722,0.2615894,4.0116761722050525,-0.6895979037508368,,-1.4549071183428168,7.647213339805603,6.290332317352295,9.018864235576146
Shohei Ohtani,LAD,2026,31.0,96.0,424.0,352.0,101.0,22.0,0.286931818,0.395734597,0.534090909,0.929825506,0.247159091,0.333333333,0.3925058083232592,0.41023373487519055,149.84292185529486,3.0547703844147445,0.228773584,0.143867924,0.16858238,0.52490421,93.41240461482558,114.6,12.937984496124031,0.3081696,0.65123457,0.44582043,0.58724832,0.84123223,0.73611111,0.11757426,0.42084942,0.393822393,0.185328185,0.5019305,0.26640927,0.23166023,4.643548532073938,0.5476242797449231,,-0.25800211261957884,-9.830246925354004,,26.213730863277934
Max Muncy,LAD,2026,35.0,93.0,350.0,304.0,80.0,18.0,0.263157894,0.36,0.5,0.86,0.236842106,0.300970873,0.3713743720931568,0.3639733763946884,135.68994342852505,3.051268345980681,0.228571428,0.122857142,0.13392857,0.44196429,90.10580008370536,110.1,15.352678571428571,0.28376704,0.6599665,0.44373219,0.61135371,0.85532995,0.76565008,0.10384068,0.401785714,0.415178571,0.183035714,0.54464286,0.26339286,0.19196429,3.4725383481241643,-0.005246625281870365,,-0.2851232746616006,3.6004029512405396,2.341830015182495,15.165415899092876
Ceddanne Rafaela,BOS,2026,25.0,95.0,389.0,363.0,102.0,8.0,0.280991735,0.325581395,0.432506887,0.758088282,0.151515152,0.338129496,0.3311352557298133,0.284095565478007,107.06530164675118,3.0406658983973514,0.197943444,0.046272493,0.04861111,0.31944444,86.21378091872792,109.9,11.279151943462898,0.43779343,0.6907563,0.54181064,0.68364611,0.85158151,0.77168367,0.12361878,0.43006993,0.321678321,0.248251748,0.37847222,0.30208333,0.31944444,5.868697597501466,2.1755284424871206,,-0.3840463999658823,10.807920813560486,9.423604965209961,5.409149997292013
Brayan Rocchio,CLE,2026,25.0,98.0,376.0,336.0,91.0,9.0,0.270833333,0.335120643,0.404761904,0.739882547,0.133928571,0.297101449,0.3264794357660309,0.30398524421340406,109.30133439945364,2.99571714049069,0.143617021,0.07180851,0.02777778,0.31944444,86.70501512096774,109.6,13.412186379928315,0.35763889,0.70753065,0.49686411,0.67313916,0.87623762,0.78821879,0.10522648,0.409893992,0.374558303,0.215547703,0.47222222,0.29513889,0.23263889,5.38431977158651,0.9036997966468334,,0.377024095505476,11.217496871948242,7.12627649307251,5.018435875985196
Byron Buxton,MIN,2026,32.0,76.0,338.0,309.0,85.0,25.0,0.275080906,0.331360946,0.576051779,0.907412725,0.300970873,0.295566502,0.3833383450876004,0.35048738926737527,146.6416896483633,2.9919221312859796,0.24556213,0.068047337,0.18421053,0.46929825,90.70833333333333,111.9,21.06140350877193,0.37292818,0.75049116,0.52879157,0.5,0.85078534,0.70552147,0.15546559,0.311403508,0.548245614,0.140350877,0.51315789,0.30701754,0.17982456,5.416063215862676,0.028532776050269604,,0.6083144871518016,-1.0228247344493866,0.22374609112739563,18.576651048627095
Nick Kurtz,ATH,2026,23.0,92.0,412.0,334.0,89.0,20.0,0.266467065,0.405339805,0.497005988,0.902345793,0.230538923,0.375,0.38858906906236784,0.38006667711248443,148.18188090504606,2.972970259713201,0.31553398,0.184466019,0.18137255,0.58333333,93.59754079433498,115.9,12.458128078817735,0.24782188,0.68951049,0.4284897,0.47265625,0.77484787,0.67156208,0.1406518,0.408866995,0.359605911,0.231527093,0.32352941,0.39215686,0.28431373,4.31885129041855,-0.42399861849844456,,0.319420849904418,-8.20483672618866,-1.2415307760238647,22.931537845022202
Juan Soto,NYM,2026,27.0,82.0,352.0,289.0,83.0,21.0,0.287197231,0.407407407,0.546712802,0.954120209,0.259515571,0.278026905,0.4032177067639535,0.42438269222483915,159.77464571819638,2.931246031609933,0.133522727,0.170454545,0.14285714,0.48163265,92.49750162760417,114.2,16.270833333333332,0.21924482,0.63418803,0.39189189,0.65,0.89218329,0.81306715,0.07315341,0.38429752,0.438016528,0.17768595,0.42622951,0.39754098,0.17622951,4.077821033639644,-0.9456646582111716,,-0.4081709524616599,-7.095163345336914,-1.5961928367614746,24.607830927725196
Bryan Reynolds,PIT,2026,31.0,101.0,439.0,365.0,103.0,14.0,0.28219178,0.398633257,0.473972602,0.872605859,0.191780822,0.354581673,0.38228060219871646,0.365523384146614,140.63144136672207,2.9050522857011,0.232346241,0.145785876,0.10566038,0.47169811,90.91169663915095,113.7,6.483018867924528,0.26388889,0.71292517,0.45324154,0.45488722,0.8778626,0.73544304,0.11970218,0.483018867,0.313207547,0.203773584,0.41509434,0.32830189,0.25660377,5.584699726397765,0.6898466497659683,,0.6750405160710216,-7.940951585769653,-2.757481813430786,22.352786439000948
Michael Harris II,ATL,2026,25.0,93.0,372.0,352.0,106.0,18.0,0.301136363,0.330645161,0.505681818,0.836326979,0.204545455,0.33460076,0.3588719598708614,0.35935357188921413,126.34838843815795,2.8882548200509004,0.198924731,0.04032258,0.12455516,0.5088968,91.68993086780576,114.9,11.183453237410072,0.45771144,0.69888476,0.55439642,0.63315217,0.91223404,0.77419355,0.12518629,0.430107526,0.379928315,0.189964157,0.3772242,0.41637011,0.20640569,3.7465764978738427,-1.2837101956829429,,0.31019966397434473,5.813808977603912,5.006767749786377,10.620145151194686
Matt Olson,ATL,2026,32.0,99.0,434.0,386.0,103.0,26.0,0.266839378,0.341013824,0.533678756,0.87469258,0.266839378,0.298449612,0.37139373837933465,0.35976505723110463,134.73496752182461,2.886314152487045,0.241935483,0.099078341,0.14084507,0.51056338,92.62720848056537,111.6,17.406360424028268,0.30980752,0.65350318,0.45362473,0.68639053,0.86159844,0.7920094,0.09434968,0.362676056,0.464788732,0.172535211,0.38380282,0.37323944,0.24295775,2.9804780639826007,-0.3339046072214842,,-0.11237738840281963,-3.5846645832061768,3.893615961074829,17.974363776386184
Randy Arozarena,SEA,2026,31.0,93.0,396.0,338.0,96.0,11.0,0.284023668,0.381313131,0.449704142,0.831017273,0.165680474,0.346938775,0.36711488468478426,0.3518826641613924,142.815472781769,2.8551165541473993,0.214646464,0.095959595,0.078125,0.421875,91.22941176470589,113.0,7.82421875,0.33157895,0.67088608,0.46713021,0.68888889,0.78537736,0.74424899,0.11931818,0.51171875,0.29296875,0.1953125,0.37890625,0.33203125,0.2890625,6.12268487596868,1.7091734502464533,,1.0789092872291803,-7.526371240615845,-3.0853569507598877,21.657423862577637
Riley Greene,DET,2026,25.0,99.0,417.0,358.0,103.0,15.0,0.287709497,0.378896882,0.474860335,0.853757217,0.187150838,0.376068376,0.37101351913199365,0.36465446747929214,138.6350378918521,2.8416023146369116,0.270983213,0.127098321,0.14457831,0.50200803,91.58152924196787,112.4,17.987951807228917,0.27061106,0.73229462,0.45826137,0.5125448,0.83172147,0.71984925,0.12838227,0.345381526,0.417670682,0.236947791,0.39759036,0.36947791,0.23293173,2.9267118641051972,-0.7332742288708687,,-0.6696775183081627,-4.973593879491091,-0.04218165948987007,18.221834454404892
CJ Abrams,WSN,2026,25.0,97.0,414.0,363.0,100.0,22.0,0.275482093,0.350241545,0.520661157,0.870902702,0.245179064,0.303501945,0.37121355345526946,0.3455897050472362,135.0992173283529,2.781575471547503,0.217391304,0.084541062,0.10394265,0.42293907,89.85107773156474,110.8,18.690647482014388,0.38519313,0.6968254,0.51088348,0.60445682,0.85876993,0.7443609,0.13051823,0.336917562,0.458781362,0.204301075,0.45519713,0.3046595,0.24014337,5.626103658500593,1.2192742936313152,,0.7926028184592724,-4.860615253448486,-8.876389503479004,18.866986669379365
Jordan Walker,STL,2026,24.0,97.0,414.0,373.0,109.0,22.0,0.292225201,0.355072463,0.525469168,0.880541631,0.233243967,0.343873517,0.37741285100687505,0.37213352748325895,141.3528062134123,2.7112532738094033,0.243961352,0.084541062,0.14181818,0.50909091,93.93672585227273,116.6,11.018181818181818,0.38047138,0.71953255,0.51677852,0.5840708,0.82598608,0.71948052,0.14486922,0.425454545,0.367272727,0.207272727,0.40363636,0.38545455,0.21090909,4.44746336233049,0.5327929267659783,,0.160671622492373,-8.014366388320923,-3.364161252975464,21.32477877526047
Tristan Peters,CHW,2026,26.0,95.0,291.0,264.0,77.0,6.0,0.291666666,0.341463414,0.462121212,0.803584626,0.170454546,0.342995169,0.3482974950444823,0.30601394008582744,122.92370351401829,2.6941010706878217,0.182130584,0.06185567,0.05069124,0.31336406,87.38492266017587,108.5,16.285,0.36379019,0.76973684,0.54059217,0.68372093,0.87179487,0.80035336,0.10782443,0.402985074,0.383084577,0.213930348,0.55760369,0.25345622,0.18894009,5.6490671846871425,1.9694719724357128,,-0.20181341841816902,6.464882910251617,5.874462604522705,9.817971802658882
Xavier Edwards,MIA,2026,26.0,101.0,426.0,368.0,109.0,6.0,0.296195652,0.378823529,0.413043478,0.791867007,0.116847826,0.329073482,0.3475793251798725,0.32579185849144343,117.92570974289154,2.6596762169796597,0.126760563,0.122065727,0.04375,0.290625,87.09745783730159,108.6,10.27936507936508,0.25207469,0.63766049,0.41441441,0.75720165,0.91275168,0.85797101,0.058753,0.466666666,0.336507936,0.196825396,0.321875,0.3625,0.315625,6.373121689622899,1.6718310676515102,,0.8337551914155483,1.4619896709918976,0.24971309304237366,10.946034170208888
Brandon Lowe,PIT,2026,31.0,93.0,415.0,368.0,90.0,21.0,0.244565217,0.313253012,0.478260869,0.791513881,0.233695652,0.286307053,0.3387846873467227,0.33688877861280947,111.49964275873398,2.611212589428608,0.272289156,0.091566265,0.1221374,0.45801527,91.00878160782443,111.1,16.950381679389313,0.36028659,0.71552975,0.50720288,0.46306818,0.81947262,0.67100592,0.16676665,0.335877862,0.442748091,0.221374045,0.48473282,0.34351145,0.17175573,3.4807787480746875,0.12711855862289667,,-0.2742216279730201,6.364627778530121,5.622172832489014,5.923047992926265
Freddie Freeman,LAD,2026,36.0,98.0,425.0,369.0,105.0,15.0,0.284552845,0.369411764,0.474254742,0.843666506,0.189701897,0.314685314,0.36671912796654793,0.37844870276484927,132.5720498325665,2.6036584762725394,0.169411764,0.115294117,0.10299003,0.44850498,90.55215687292359,110.3,13.205980066445182,0.30574489,0.77562327,0.49971412,0.70382166,0.85892857,0.80320366,0.09783845,0.411960132,0.365448504,0.222591362,0.35215947,0.37209302,0.27574751,3.3354020972106957,-0.9615897657349706,,-0.037746322341263294,-3.964320659637451,3.154448986053467,15.850614738939413
Cody Bellinger,NYY,2026,30.0,98.0,418.0,361.0,92.0,11.0,0.254847645,0.344497607,0.415512465,0.760010072,0.16066482,0.280276816,0.33461020537540676,0.3493533214890813,114.86547498736611,2.5990141934648188,0.157894736,0.124401913,0.06333333,0.36666667,89.05522017045455,109.3,17.754208754208754,0.32488987,0.63663664,0.45679797,0.71864407,0.88915094,0.81919332,0.08248731,0.353333333,0.443333333,0.203333333,0.44333333,0.36333333,0.19333333,5.108836899189998,0.29937025252729654,,-0.682934976182878,3.201590061187744,6.995028018951416,7.6101542691376105
Gabriel Moreno,ARI,2026,26.0,73.0,292.0,251.0,76.0,6.0,0.302788844,0.386986301,0.434262948,0.821249249,0.131474104,0.343137254,0.36278540753338434,0.3705005251128098,128.46250262527147,2.5964916306002546,0.154109589,0.116438356,0.07142857,0.40952381,89.20095693779905,110.9,11.545454545454545,0.3316129,0.54635108,0.41653666,0.77042802,0.93140794,0.85393258,0.06079501,0.433333333,0.333333333,0.233333333,0.3952381,0.25238095,0.35238095,3.3319132032663594,-0.4423953555524349,,-0.11705445870757103,6.508205890655518,2.9736835956573486,9.651216000680915
Colson Montgomery,CHW,2026,24.0,95.0,398.0,356.0,79.0,24.0,0.221910112,0.3040201,0.471910112,0.775930212,0.25,0.27093596,0.3331743890726114,0.3238831342934955,112.46828102647983,2.552314407701372,0.324120603,0.082914572,0.13656388,0.44052863,89.22787610619469,114.4,22.858407079646017,0.36497175,0.74214876,0.51812081,0.41795666,0.83073497,0.65803109,0.1769437,0.303964757,0.515418502,0.18061674,0.5154185,0.30396476,0.18061674,1.929337022174732,-1.4133916543796659,,-0.6352921174839139,6.637893915176392,3.4337337017059326,4.425071393740232
Ezequiel Duran,TEX,2026,27.0,91.0,340.0,309.0,82.0,10.0,0.265372168,0.321533923,0.430420711,0.751954634,0.165048543,0.325791855,0.3273062062474479,0.303957138287915,110.0968332730196,2.5251560408958986,0.238235294,0.076470588,0.06465517,0.36637931,88.39159292035399,111.5,11.08849557522124,0.38246506,0.68545455,0.50710546,0.60465116,0.86737401,0.75073746,0.12640239,0.447368421,0.355263157,0.197368421,0.38362069,0.36206897,0.25431034,5.437424220179494,0.6249872967600822,,0.5483554303646088,8.199054718017578,6.946768760681152,4.663979207231529
Kyle Schwarber,PHI,2026,33.0,97.0,431.0,363.0,91.0,33.0,0.250688705,0.366589327,0.556473829,0.923063156,0.305785124,0.320441988,0.3926956241375932,0.3741453645374853,147.87664268053743,2.5141388731469454,0.348027842,0.143851508,0.19158879,0.53271028,93.51455215669014,113.2,22.164319248826292,0.28532361,0.67871486,0.44468547,0.50159744,0.80078895,0.68658537,0.13914456,0.26635514,0.490654205,0.242990654,0.56074766,0.28037383,0.1588785,2.659378201168886,-2.912247515283525,,-0.6206201082095504,-11.343989133834839,-1.1245105266571045,22.148360403633284
Wilyer Abreu,BOS,2026,27.0,97.0,421.0,371.0,99.0,15.0,0.266846361,0.338902147,0.460916442,0.799818589,0.194070081,0.304347826,0.3448501648091012,0.3499025564927321,116.5471613301289,2.51056057784811,0.201900237,0.097387173,0.12969283,0.42320819,90.1223354274055,113.1,18.49484536082474,0.34215886,0.70072993,0.4895021,0.70535714,0.85625,0.79411765,0.10077984,0.326460481,0.481099656,0.192439862,0.35273973,0.35616438,0.29109589,4.7041339130184845,-0.8970143022015691,,-0.5972693087533116,2.5301122665405273,7.017422676086426,7.299222142160319
Shea Langeliers,ATH,2026,28.0,90.0,404.0,365.0,95.0,22.0,0.260273972,0.32920792,0.490410958,0.819618878,0.230136986,0.290836653,0.35244044913581357,0.358859321423005,123.19038151487032,2.489038649526644,0.230198019,0.081683168,0.15018315,0.45054945,91.90989154075092,114.4,19.875457875457876,0.35598706,0.73565217,0.50133156,0.61515152,0.8321513,0.73705179,0.13164894,0.34065934,0.468864468,0.19047619,0.3992674,0.35164835,0.24908425,2.527088419734455,-0.3828321127220988,,-0.5116036413237453,-0.41740134358406067,-3.5352568924427032,10.64012556526989
Jazz Chisholm Jr.,NYY,2026,28.0,95.0,375.0,334.0,76.0,16.0,0.22754491,0.304,0.422155688,0.726155688,0.194610778,0.287081339,0.31558022301464794,0.2978643741247789,101.70901718814045,2.4763131562939,0.298666666,0.098666666,0.09777778,0.41777778,90.89446824596774,112.4,16.761467889908257,0.31721035,0.625387,0.44690554,0.60638298,0.78712871,0.71282799,0.12825521,0.403669724,0.426605504,0.16972477,0.55111111,0.27555556,0.17333333,7.016000805463991,4.147850750014186,,2.6751389484852552,6.229330062866211,4.981045246124268,4.901877198693313
Josh Jung,TEX,2026,28.0,91.0,394.0,352.0,103.0,9.0,0.292613636,0.360406091,0.440340909,0.800747,0.147727273,0.341818181,0.3515890267899799,0.34607204688987153,126.88486269194195,2.4672269913958904,0.180203045,0.083756345,0.06338028,0.48239437,90.56514084507042,110.1,11.996478873239436,0.32345972,0.6557377,0.46286107,0.68864469,0.9225,0.82763744,0.07977992,0.422535211,0.316901408,0.26056338,0.3943662,0.36619718,0.23943662,2.3954569048724785,-2.2615607725456357,,-0.8097184645012021,0.16239643096923828,-1.1733369827270508,10.201161757066124
Geraldo Perdomo,ARI,2026,26.0,96.0,408.0,336.0,81.0,7.0,0.241071428,0.356435643,0.360119047,0.71655469,0.119047619,0.258741258,0.32446653270485376,0.32936210346935396,102.79807532932996,2.462608659650342,0.117647058,0.144607843,0.03030303,0.2962963,86.96901133362677,109.9,13.82394366197183,0.23480947,0.58477971,0.3872093,0.80701754,0.92922374,0.88738739,0.04355401,0.419580419,0.332167832,0.248251748,0.48148148,0.31313131,0.20538721,5.483499142032727,-1.6037738928571343,,-1.1997580835595727,11.26292371749878,6.959083557128906,-0.2173047482354855
Dansby Swanson,CHC,2026,32.0,96.0,372.0,328.0,69.0,16.0,0.210365853,0.291105121,0.411585365,0.702690486,0.201219512,0.230434782,0.3060174873575689,0.30008475676826807,93.18376818703852,2.428957086124652,0.231182795,0.102150537,0.07287449,0.42510121,89.74671810963115,110.3,16.616326530612245,0.30195178,0.71768707,0.46949966,0.53231939,0.81753555,0.7080292,0.1369863,0.406504065,0.418699186,0.174796747,0.49392713,0.31174089,0.19433198,7.908958071345875,3.905375952832401,,2.1802866412326694,11.06252145767212,6.935293197631836,0.8258920708211548
Mike Trout,LAA,2026,34.0,82.0,371.0,297.0,69.0,18.0,0.232323232,0.385444743,0.461279461,0.846724204,0.228956229,0.277173913,0.3675431004897294,0.4023095128278653,135.29558178464697,2.4001451882598603,0.25606469,0.188679245,0.19306931,0.48514851,90.74776508084577,114.6,17.73134328358209,0.23541667,0.63739837,0.39238095,0.59734513,0.90561224,0.79288026,0.08121827,0.361386138,0.470297029,0.168316831,0.42574257,0.33663366,0.23762376,4.414557655093365,0.3080199370160699,,1.0385652193799615,-5.194416284561157,-4.809185028076172,15.714489698228554
Garrett Mitchell,MIL,2026,27.0,90.0,327.0,286.0,81.0,8.0,0.283216783,0.368098159,0.465034965,0.833133124,0.181818182,0.424418604,0.36316521094395565,0.3539720740685096,130.4341904017047,2.3556750286942303,0.327217125,0.113149847,0.13812155,0.49723757,92.67277560763888,115.5,4.627777777777778,0.26842105,0.67088608,0.43792841,0.42647059,0.78167116,0.65565217,0.1507997,0.527777777,0.266666666,0.205555555,0.33701657,0.37016575,0.29281768,5.492366897692304,0.7327158246189356,,-1.1466644015163183,-0.1862494945526123,-1.1396098136901855,12.819204501476364
Pete Alonso,BAL,2026,31.0,101.0,438.0,374.0,92.0,21.0,0.245989304,0.347031963,0.459893048,0.806925011,0.213903744,0.288617886,0.35067411300239215,0.3752767325546335,126.29183590714639,2.353919839589784,0.253424657,0.123287671,0.12359551,0.54307116,93.72255345394737,114.6,14.47940074906367,0.28884826,0.66344828,0.43815283,0.56329114,0.84615385,0.73400251,0.11648352,0.43071161,0.370786516,0.198501872,0.37453184,0.40074906,0.2247191,3.2047744945452843,-1.7153559178113937,,-0.22607092559337616,-4.160821199417114,3.7792789936065674,11.833539951464546
Isaac Paredes,HOU,2026,27.0,95.0,402.0,346.0,89.0,12.0,0.257225433,0.350746268,0.419075144,0.769821412,0.161849711,0.278985507,0.34074183112353235,0.3170850193915676,118.54407736514561,2.340862464205129,0.154228855,0.097014925,0.05902778,0.30208333,86.71875,106.8,23.788194444444443,0.29876308,0.65682138,0.44324631,0.75477707,0.90364026,0.84379001,0.0692395,0.277777777,0.472222222,0.25,0.48611111,0.30208333,0.21180556,1.5264778275,-1.1335677783936262,,-0.5995905678719282,1.1903541702777147,1.215503215789795,7.637251549384976
Jonathan Aranda,TBR,2026,28.0,98.0,425.0,357.0,103.0,14.0,0.288515406,0.385882352,0.453781512,0.839663864,0.165266106,0.34765625,0.36656693542173124,0.3627429943906063,134.92070601247377,2.3279796114295874,0.22117647,0.124705882,0.1,0.44814815,91.13320604011194,111.4,14.048507462686567,0.29230769,0.69106881,0.45657419,0.72982456,0.86440678,0.81373844,0.08499096,0.362962962,0.37037037,0.266666666,0.27777778,0.42592593,0.2962963,1.01433600875,-2.56097980029881,,-0.7086070347577333,-7.0207884311676025,0.3300344944000244,14.900491197398452
Seiya Suzuki,CHC,2026,31.0,84.0,361.0,315.0,86.0,16.0,0.273015873,0.35734072,0.476190476,0.833531196,0.203174603,0.333333333,0.35971965020595315,0.33825121540315345,129.15129751102052,2.313507726666435,0.254847645,0.110803324,0.09734513,0.4159292,89.28849211836283,112.9,18.146017699115045,0.25612472,0.62137405,0.41017386,0.56086957,0.88452088,0.76766091,0.09529942,0.345132743,0.429203539,0.225663716,0.44690265,0.33628319,0.21681416,2.4798969702100795,-2.550776420161128,,-0.31237739138305193,0.8751707077026367,5.760286808013916,10.229955786766311
Jose Ramirez,CLE,2026,33.0,72.0,314.0,268.0,64.0,10.0,0.23880597,0.338658146,0.417910447,0.756568593,0.179104477,0.248847926,0.3276169224605932,0.35447126258079703,110.08774057737264,2.303783042749045,0.140127388,0.130573248,0.06578947,0.43421053,90.28009195243362,110.8,19.530973451327434,0.31241997,0.71138211,0.4666143,0.76229508,0.90857143,0.84848485,0.07058824,0.31277533,0.471365638,0.21585903,0.4845815,0.35682819,0.15859031,5.865609429574032,4.3590518375858665,,3.5709325214847922,3.5137614011764526,4.523135185241699,8.085820496966624
Hunter Goodman,COL,2026,26.0,93.0,388.0,349.0,89.0,30.0,0.255014326,0.324742268,0.555873925,0.880616193,0.300859599,0.302564102,0.37144272853801774,0.34026984072852073,121.74900086636647,2.2575080095204987,0.324742268,0.085051546,0.17333333,0.46222222,91.06681789517937,116.2,17.573991031390136,0.41888889,0.74,0.54068966,0.5198939,0.81081081,0.67091837,0.17780841,0.355555555,0.435555555,0.208888888,0.52888889,0.29777778,0.17333333,3.335222314364138,-3.0235539507120848,,-1.0874790977686644,2.444058507680893,0.6796551644802094,7.224978479089664
Adley Rutschman,BAL,2026,28.0,67.0,284.0,247.0,62.0,8.0,0.251012145,0.330985915,0.43319838,0.764184295,0.182186235,0.264705882,0.33252594924308887,0.3484023131245859,113.74502708166574,2.2551368741818147,0.14084507,0.105633802,0.07075472,0.41981132,89.35402473341232,110.3,14.924170616113743,0.28091603,0.58382643,0.4130809,0.77173913,0.91554054,0.86041667,0.05765921,0.386792452,0.391509433,0.221698113,0.37264151,0.4245283,0.20283019,2.2083333276785715,-1.2122710812836885,,-0.7753330636769533,8.807758808135986,6.8095879554748535,3.380479082297027
Yandy Diaz,TBR,2026,34.0,95.0,417.0,366.0,114.0,13.0,0.311475409,0.388489208,0.469945355,0.858434563,0.158469946,0.337792642,0.37354524776375614,0.35823626156832594,139.74519140069907,2.2478717856102732,0.136690647,0.093525179,0.06730769,0.47115385,90.98446349110033,113.7,5.780645161290322,0.31392694,0.6511976,0.45984456,0.82909091,0.91264368,0.88028169,0.05501618,0.503205128,0.304487179,0.192307692,0.25641026,0.44230769,0.30128205,2.8177074625299765,-1.865170112811029,,-0.7078332817181945,-10.262345314025879,,17.634601693980194
Fernando Tatis Jr.,SDP,2026,27.0,99.0,434.0,387.0,109.0,7.0,0.281653746,0.346420323,0.390180878,0.736601201,0.108527132,0.342281879,0.32488513020517656,0.35354504507821566,107.74284217213209,2.17493887114146,0.200460829,0.085253456,0.11111111,0.53267974,92.10363165222772,115.7,4.5049504950495045,0.30718954,0.69799692,0.46904914,0.4893617,0.89845475,0.7414966,0.12094208,0.511551155,0.290429042,0.198019801,0.34640523,0.38235294,0.27124183,5.091249398712786,0.35242471005767584,,0.18466322030872107,2.9158599376678467,5.018054485321045,4.433558007511907
Aaron Judge,NYY,2026,34.0,59.0,261.0,214.0,53.0,17.0,0.247663551,0.374517374,0.53271028,0.907227654,0.285046729,0.285714285,0.38443844618759754,0.414690693532388,149.31443742082897,2.1295953088943373,0.275862068,0.16091954,0.2137931,0.56551724,94.10279856861888,116.2,14.65034965034965,0.29123328,0.63492063,0.42728905,0.51020408,0.83214286,0.69957983,0.12836625,0.384615384,0.447552447,0.167832167,0.43356643,0.32167832,0.24475524,3.5375559053102106,-0.3157185846939683,,-0.6010396713390946,-3.061490848660469,-0.05566127598285675,14.827684127140373
Nick Gonzales,PIT,2026,27.0,95.0,391.0,356.0,110.0,5.0,0.308988764,0.368286445,0.404494382,0.772780827,0.095505618,0.37366548,0.3438557043404835,0.32282729749507955,114.89600414813364,2.110914510757872,0.181585677,0.071611253,0.02797203,0.36013986,85.79258226590106,109.7,6.031802120141343,0.35763889,0.77317881,0.52861035,0.65048544,0.86723769,0.78092784,0.11580381,0.533333333,0.27368421,0.192982456,0.42657343,0.31118881,0.26223776,3.859553158633152,0.6051855375990272,,-0.6907070586457849,0.4415245056152344,-1.0170941352844238,7.678731592636309
Kazuma Okamoto,TOR,2026,30.0,97.0,399.0,353.0,81.0,22.0,0.229461756,0.313283208,0.450424929,0.763708137,0.220963173,0.278301886,0.33243116355480107,0.32419033576372575,112.82719357716931,2.019925659011567,0.303258145,0.095238095,0.14102564,0.46581197,91.15555722489316,112.6,17.918803418803417,0.3025641,0.68518519,0.46273107,0.47457627,0.81912682,0.68814433,0.14421931,0.376068376,0.457264957,0.166666666,0.52136752,0.3034188,0.17521368,1.32198084625,-2.056638556532562,,-0.49602492433041334,1.793411135673523,0.5639878511428833,3.9649825582082476
Zach Neto,LAA,2026,25.0,98.0,440.0,387.0,91.0,19.0,0.235142118,0.325,0.444444444,0.769444444,0.209302326,0.311688311,0.33566219510684525,0.30834762364217677,113.25458467179963,1.9925501466263458,0.313636363,0.102272727,0.128,0.388,89.32186234817814,109.7,22.210526315789473,0.38170055,0.71068249,0.50797267,0.50605327,0.8559499,0.69394619,0.15537849,0.318548387,0.475806451,0.205645161,0.488,0.28,0.232,5.815589051228661,-1.5507005723193288,,-1.6907416256144643,-1.2859306335449219,-5.648069858551025,5.31093552338179
Jackson Chourio,MIL,2026,22.0,66.0,301.0,274.0,76.0,13.0,0.277372262,0.338870431,0.481751824,0.820622255,0.204379562,0.336898395,0.3531888504092111,0.32829885771780304,123.7524289781825,1.9881964319563112,0.249169435,0.079734219,0.125,0.455,92.16061000631314,113.3,12.97979797979798,0.34502924,0.63765182,0.46774194,0.61864407,0.90793651,0.78402904,0.10093299,0.455,0.395,0.15,0.335,0.425,0.24,5.341017675896806,1.307953955605626,,1.202863672748208,-0.1455247402191162,2.3173234462738037,9.990861312970608
Chase Meidroth,CHW,2026,24.0,96.0,403.0,356.0,97.0,7.0,0.27247191,0.344221105,0.379213483,0.723434588,0.106741573,0.352941176,0.3230033392582706,0.2867435319774647,105.43648324971826,1.9648431921916472,0.238213399,0.094292803,0.0411985,0.34456929,87.87323142224409,107.7,8.16078431372549,0.2898853,0.56371191,0.40749554,0.75539568,0.87223587,0.82481752,0.07138608,0.509727626,0.276264591,0.214007782,0.41353383,0.31578947,0.27067669,2.8014055514460248,-0.28469979111105204,,-1.0471004778519273,2.777580976486206,1.2686651945114136,2.2929978956820234
Ketel Marte,ARI,2026,32.0,96.0,423.0,388.0,100.0,18.0,0.257731958,0.312056737,0.461340206,0.773396943,0.203608248,0.263665594,0.33273983199449514,0.3632299382248471,108.33919544485262,1.9487608404281622,0.146572104,0.070921985,0.10638298,0.44984802,91.15524932484568,116.9,12.339506172839506,0.35215947,0.68680445,0.48955614,0.69496855,0.88888889,0.80666667,0.09458578,0.425076452,0.376146788,0.198776758,0.54407295,0.29483283,0.16109422,4.808788023338155,0.5161558063700795,,0.3039750875905156,0.6700683236122131,1.358797550201416,4.8002120452266785
Michael Busch,CHC,2026,28.0,99.0,443.0,364.0,89.0,13.0,0.244505494,0.37020316,0.409340659,0.779543819,0.164835165,0.299212598,0.34781524754757254,0.344294655916378,121.17821171727623,1.9467823116003662,0.22799097,0.146726862,0.1011236,0.40449438,88.32518796992481,108.7,14.582706766917294,0.26937618,0.64502762,0.42199776,0.61403509,0.85653105,0.76462766,0.0993266,0.406015037,0.402255639,0.191729323,0.3670412,0.35580524,0.27715356,3.1835700846620307,-2.806461955420673,,-0.7296365750953555,-3.7902753353118896,3.662856340408325,8.587733246122188
Munetaka Murakami,CHW,2026,26.0,64.0,277.0,224.0,52.0,20.0,0.232142857,0.375451263,0.53125,0.906701263,0.299107143,0.28318584,0.3847668552223374,0.36545312184689227,148.13694801676195,1.9456562928625092,0.332129963,0.184115523,0.19548872,0.58646617,93.93408942945075,114.1,14.300751879699249,0.23587571,0.66666667,0.41439206,0.38922156,0.69760479,0.59481038,0.1677686,0.428571428,0.451127819,0.120300751,0.44360902,0.36842105,0.18796992,2.302775630556501,-1.5644260123372078,,-1.4391954466700554,-4.748476292937994,0.05262110009789467,14.12356031276598
Drake Baldwin,ATL,2026,25.0,76.0,338.0,297.0,81.0,18.0,0.272727272,0.357988165,0.474747474,0.832735639,0.202020202,0.304347826,0.36311215816690234,0.3868638216918583,129.18830118027466,1.9445065743763958,0.215976331,0.097633136,0.15555556,0.51111111,91.54933159722222,112.8,10.902222222222223,0.36025641,0.70726916,0.49728472,0.65836299,0.875,0.7800312,0.10938712,0.457777777,0.328888888,0.213333333,0.33777778,0.43111111,0.23111111,3.0280258166341922,-0.9802818298339844,,-0.5388577580451965,-2.796901773661375,-3.0883970074355602,11.001355302394751
Ty France,SDP,2026,31.0,74.0,247.0,222.0,62.0,15.0,0.279279279,0.337398373,0.549549549,0.886947922,0.27027027,0.305194805,0.37564787329459676,0.33523409483862704,141.74166742967788,1.9274004867795234,0.226720647,0.052631578,0.11764706,0.49411765,92.15714518229167,109.6,12.398809523809524,0.35726496,0.78571429,0.53279516,0.56937799,0.87774295,0.75568182,0.13004032,0.449704142,0.360946745,0.189349112,0.43786982,0.32544379,0.23668639,3.6092399823485324,-2.156360110267997,,-0.509923180565238,0.6422386169433594,5.280441761016846,10.365169659754326
Chase DeLauter,CLE,2026,24.0,84.0,350.0,315.0,90.0,11.0,0.285714285,0.351428571,0.457142857,0.808571428,0.171428572,0.305019305,0.35261626635278975,0.35006327987406294,127.37114140722493,1.9202904787998483,0.134285714,0.094285714,0.06666667,0.44814815,91.01418201958955,111.2,13.17910447761194,0.23333333,0.68502582,0.43050338,0.71428571,0.93467337,0.86736475,0.05684368,0.407407407,0.385185185,0.207407407,0.39259259,0.34814815,0.25925926,2.9217823736273574,0.8006668128073215,,-0.5326331816613674,-5.551706835627556,0.1358785182237625,12.071858455475613
Ryan Jeffers,MIN,2026,29.0,42.0,167.0,139.0,40.0,8.0,0.287769784,0.401197604,0.539568345,0.940765949,0.251798561,0.301886792,0.40518803617911425,0.3812533333188012,161.74756485739087,1.9185304262464329,0.155688622,0.155688622,0.14035088,0.4122807,90.68695652173913,113.4,19.643478260869564,0.25761124,0.5532646,0.37743733,0.8,0.88819876,0.85239852,0.05571031,0.330434782,0.469565217,0.2,0.40869565,0.33913043,0.25217391,4.29983273865546,-0.8598685348406434,,-0.06709034088999033,1.7578142881393433,-0.23121178150177002,11.272488643394176
Mauricio Dubon,ATL,2026,31.0,95.0,389.0,359.0,95.0,10.0,0.264623955,0.316062176,0.415041782,0.731103958,0.150417827,0.29109589,0.32034164589921427,0.31032025225750814,100.5423477848224,1.9066085940704303,0.146529562,0.064267352,0.04590164,0.30491803,86.30897009966777,108.3,14.843853820598007,0.40393519,0.7,0.52285319,0.76504298,0.92857143,0.85298013,0.07676349,0.411960132,0.398671096,0.18936877,0.330033,0.37953795,0.29042904,3.8071141775303685,-0.018881672993302345,,-0.7217315379530191,5.926280677318573,6.644730567932129,0.2373413291773383
Gunnar Henderson,BAL,2026,25.0,100.0,458.0,415.0,93.0,17.0,0.224096385,0.292576419,0.402409638,0.694986057,0.178313253,0.258503401,0.30368301200658016,0.30280005123213555,93.80434193734645,1.8735355431948173,0.231441048,0.074235807,0.07073955,0.4437299,89.56302125200965,111.9,11.987138263665594,0.34723569,0.67674113,0.48716518,0.66201117,0.87378641,0.78694158,0.10379464,0.456591639,0.382636655,0.160771704,0.45980707,0.33118971,0.20900322,4.9825104763209325,1.6052028024569154,,-0.580143085680902,3.938472032546997,0.3496522903442383,-1.7333772984545108
Jeremy Pena,HOU,2026,28.0,54.0,227.0,204.0,60.0,7.0,0.294117647,0.356828193,0.44117647,0.798004663,0.147058823,0.327160493,0.35021591711674493,0.35289730794629337,125.09402629273706,1.838045693987049,0.162995594,0.074889867,0.04142012,0.38461538,87.55917159763314,110.0,12.479289940828401,0.37125749,0.77380952,0.53285544,0.59677419,0.85769231,0.74887892,0.13349225,0.437869822,0.337278106,0.224852071,0.49704142,0.29585799,0.20710059,5.435842674329244,2.388757429085672,,0.8301177835091949,1.0028135776519775,-1.1885440349578857,9.090767672621617
Trevor Larnach,MIN,2026,29.0,83.0,303.0,264.0,76.0,7.0,0.287878787,0.377483443,0.446969696,0.824453139,0.159090909,0.338235294,0.3629850161035988,0.33862175418689006,132.57033063313108,1.8301829163613892,0.174917491,0.115511551,0.07075472,0.3490566,87.10189573459715,108.8,14.09952606635071,0.31082982,0.58953722,0.42549669,0.6199095,0.86006826,0.75680934,0.10347682,0.369668246,0.43127962,0.199052132,0.43396226,0.35849057,0.20754717,3.5204520199944005,0.4411719683557749,,-0.8999282475560904,-4.747418165206909,-1.6438522338867188,12.052280303194788
Julio Rodriguez,SEA,2026,25.0,90.0,391.0,355.0,91.0,14.0,0.256338028,0.319693094,0.416901408,0.736594502,0.16056338,0.296153846,0.32230526820207256,0.3447759476296393,111.83615724283564,1.8138709315207748,0.212276214,0.076726342,0.08759124,0.44160584,90.16044242216117,114.6,12.813186813186814,0.41450216,0.69604317,0.52027027,0.61879896,0.86563307,0.74285714,0.13360324,0.419708029,0.375912408,0.204379562,0.37956204,0.38321168,0.23722628,4.311589575829821,0.8772459411993623,,0.6354356491938233,-2.3177406787872314,-3.284818410873413,6.322226894288992
Casey Schmitt,SFG,2026,27.0,92.0,388.0,367.0,101.0,19.0,0.275204359,0.304123711,0.482288828,0.786412539,0.207084469,0.294964028,0.3358947120279613,0.3571537393362411,113.7879779703797,1.8034078438376229,0.190721649,0.025773195,0.12121212,0.44107744,89.72061074746621,112.3,21.550675675675677,0.38642298,0.72593801,0.5373459,0.63175676,0.91235955,0.80026991,0.10732415,0.296296296,0.501683501,0.202020202,0.3973064,0.36700337,0.23569024,4.651741572414002,0.5143871009349823,,0.9483554363250732,-1.8366026878356934,2.2791948318481445,7.011537946579147
Esmerlyn Valdez,PIT,2026,22.0,32.0,122.0,108.0,33.0,13.0,0.305555555,0.37704918,0.75,1.12704918,0.444444445,0.4,0.46427064059210604,0.36394800905321467,195.54504174655065,1.802994551953677,0.37704918,0.106557377,0.28571429,0.55555556,93.14126829117063,112.7,20.841269841269842,0.27631579,0.67111111,0.4442344,0.48809524,0.73509934,0.64680851,0.15689981,0.317460317,0.571428571,0.111111111,0.25396825,0.46031746,0.28571429,4.422619045535715,-0.613516234792769,,-0.5518493065610528,0.31588423252105713,1.4904382228851318,13.543072931826917
Alex Bregman,CHC,2026,32.0,98.0,449.0,386.0,93.0,10.0,0.240932642,0.336302895,0.3626943,0.698997195,0.121761658,0.268608414,0.31261615545157617,0.30798391162547295,97.60328828794206,1.7962052326934468,0.160356347,0.113585746,0.04388715,0.36677116,88.07956220518868,108.3,16.99373040752351,0.25249501,0.60305344,0.40659955,0.743083,0.89662447,0.8431912,0.06372275,0.385579937,0.404388714,0.210031347,0.47648903,0.34482759,0.17868339,2.8398583269801136,-0.4321910319849849,,-0.6860299883410335,4.850388824939728,4.114221096038818,-1.7391224030006114
Wyatt Langford,TEX,2026,24.0,48.0,208.0,195.0,55.0,10.0,0.282051282,0.326923076,0.502564102,0.829487178,0.22051282,0.321428571,0.35683778014320594,0.3158816924461952,130.51361024835896,1.7897187313402056,0.216346153,0.057692307,0.08,0.36666667,88.77199869791667,111.3,17.5,0.30841121,0.72701149,0.49613402,0.62121212,0.88932806,0.7974026,0.10025707,0.366666666,0.433333333,0.2,0.38666667,0.34666667,0.26666667,6.553220723032487,0.5383764142170548,,0.7282326007261872,2.287314295768738,3.9454073905944824,8.005714439018911
T.J. Rumfield,COL,2026,26.0,99.0,401.0,351.0,104.0,13.0,0.296296296,0.379052369,0.475783475,0.854835844,0.179487179,0.322695035,0.37387354950655133,0.3239389927542988,123.37706610302968,1.7845961638188315,0.144638403,0.102244389,0.05423729,0.28135593,83.8791069135274,107.6,15.88013698630137,0.33258427,0.74074074,0.49595687,0.64864865,0.925,0.8138587,0.09231806,0.383050847,0.393220338,0.223728813,0.45762712,0.30508475,0.23728814,1.985660165,-2.7898302050307393,,-0.63774633128196,-4.030805349349976,3.187415361404419,8.594959713178422
Jacob Wilson,ATH,2026,24.0,60.0,256.0,243.0,71.0,6.0,0.292181069,0.321568627,0.41563786,0.737206487,0.123456791,0.311004784,0.32192606131235757,0.2914767962670609,102.09413202509961,1.7826963992895892,0.11328125,0.04296875,0.02314815,0.28240741,84.06839622641509,105.6,8.028301886792454,0.43204868,0.72965879,0.5617849,0.79342723,0.93165468,0.87169043,0.072,0.495327102,0.285046728,0.219626168,0.34722222,0.37962963,0.27314815,3.9316874230081744,-0.327268042601645,,0.045696488581597805,8.207905530929565,5.548440933227539,0.30347563377813325
Bryce Harper,PHI,2026,33.0,101.0,425.0,356.0,92.0,21.0,0.258426966,0.364705882,0.497191011,0.861896893,0.238764045,0.279527559,0.3694492612404846,0.38663851480348416,132.30717220058196,1.7494628969000647,0.204705882,0.145882352,0.11272727,0.45818182,90.14072443181819,113.5,12.290909090909091,0.36756238,0.75284553,0.51056126,0.54830287,0.8488121,0.71276596,0.14656212,0.443636363,0.374545454,0.181818181,0.40727273,0.36727273,0.22545455,4.0178607802402375,-1.8357085501775146,,-1.2673562681302428,-11.407217741012573,-3.726033926010132,14.839778218261994
Carter Jensen,KCR,2026,22.0,93.0,365.0,326.0,79.0,13.0,0.242331288,0.309589041,0.429447852,0.739036893,0.187116564,0.309859154,0.31969954040679305,0.284778605479511,100.35480903583431,1.7461232616450648,0.287671232,0.090410958,0.09292035,0.43362832,90.75777777777778,113.7,20.524444444444445,0.28,0.67246835,0.44736842,0.52521008,0.86117647,0.74057315,0.11598112,0.331858407,0.504424778,0.163716814,0.38495575,0.33628319,0.27876106,2.362153798640671,0.10884499084204435,,-0.2197133945301175,4.000206969678402,3.6092604026198387,0.2612139206553089
Cole Young,SEA,2026,22.0,101.0,399.0,362.0,92.0,13.0,0.254143646,0.314070351,0.406077348,0.720147699,0.151933702,0.28113879,0.3162390369566242,0.3332588924235435,107.64224293077304,1.7429748073254014,0.177944862,0.065162907,0.05423729,0.38983051,88.45238095238095,111.3,14.860544217687075,0.33638444,0.68558282,0.48558322,0.74829932,0.8836689,0.82995951,0.08251473,0.374149659,0.401360544,0.224489795,0.47457627,0.33898305,0.18644068,3.2244421857450245,-0.8084674114361405,,-1.1754660243168473,0.23836791515350342,-1.3842880725860596,2.779121028628308
Jake McCarthy,COL,2026,28.0,87.0,324.0,295.0,90.0,10.0,0.305084745,0.35,0.511864406,0.861864406,0.206779661,0.343347639,0.36940513011068105,0.31455551195294135,120.3843001299614,1.7426904138678334,0.169753086,0.055555555,0.05668016,0.25101215,85.08521569293478,108.6,12.326086956521738,0.3859375,0.775,0.54444444,0.70040486,0.87683284,0.80272109,0.10720887,0.447826086,0.330434782,0.22173913,0.38461538,0.38461538,0.23076923,7.652189391119233,3.1336576296016574,,1.3179717613384128,-4.4903072118759155,-3.008254289627075,11.154711974618937
Ian Happ,CHC,2026,31.0,96.0,414.0,354.0,77.0,18.0,0.217514124,0.328502415,0.429378531,0.757880946,0.211864407,0.28229665,0.33110526428895565,0.3228105870688834,109.98654305852251,1.7284125703642685,0.309178743,0.130434782,0.12334802,0.43171806,89.73760716261062,111.5,15.774336283185841,0.26551373,0.67919463,0.44386574,0.54022989,0.79644269,0.70925684,0.12897629,0.378854625,0.458149779,0.162995594,0.44493392,0.36563877,0.18942731,4.9698041721217034,-0.6072172522544861,,-0.13885775208473206,-0.8304529190063477,3.6465697288513184,4.413967062942854
William Contreras,MIL,2026,28.0,93.0,400.0,357.0,99.0,10.0,0.277310924,0.3425,0.400560224,0.743060224,0.1232493,0.299663299,0.3245304362340407,0.33849901141542377,104.55818618512383,1.7210093546854477,0.1375,0.0875,0.07491857,0.42996743,90.19381107491857,112.7,11.674267100977199,0.32246377,0.69328494,0.47063089,0.71535581,0.91361257,0.83204931,0.07898551,0.429967426,0.38436482,0.185667752,0.37785016,0.38762215,0.23452769,1.9305278203329688,-2.5648894058540463,,-1.2252971874549985,4.318073272705078,-0.3864302635192871,-0.35055761392211116
Bryson Stott,PHI,2026,28.0,95.0,368.0,335.0,84.0,7.0,0.250746268,0.308743169,0.397014925,0.705758094,0.146268657,0.291666666,0.3092524555862927,0.31789128551744433,91.98979469215753,1.7203966147721022,0.179347826,0.073369565,0.06959707,0.38095238,89.08815104166666,111.9,15.525925925925925,0.34808612,0.54434251,0.43422819,0.74914089,0.90449438,0.83462133,0.07181208,0.391143911,0.424354243,0.184501845,0.38461538,0.41025641,0.20512821,7.668245950188859,5.156677667982876,,2.9475817130878568,3.4299527406692505,2.058211088180542,1.5766852261494457
Curtis Mead,WSN,2026,25.0,84.0,314.0,275.0,72.0,17.0,0.261818181,0.353503184,0.516363636,0.86986682,0.254545455,0.276381909,0.3754254900346136,0.36221514637447244,137.9202015195487,1.7164837439493996,0.187898089,0.111464968,0.11111111,0.43055556,88.13192304870893,110.1,15.518691588785046,0.2825,0.60037175,0.4103139,0.71681416,0.92879257,0.84153005,0.06502242,0.375,0.444444444,0.180555555,0.49074074,0.31481481,0.19444444,4.713466883078051,-0.6806404702365398,,-0.045420002192258835,-7.0484477281570435,-5.430934906005859,13.780113200459148
Jake Bauers,MIL,2026,30.0,91.0,362.0,308.0,79.0,18.0,0.256493506,0.364640883,0.487012987,0.85165387,0.230519481,0.316062176,0.36816564974346533,0.3591061924280745,133.78328138081326,1.7031503618474815,0.270718232,0.138121546,0.13744076,0.53080569,92.5363617673445,114.8,11.124401913875598,0.23748545,0.64556962,0.41046278,0.51960784,0.8504902,0.74019608,0.10663984,0.421800947,0.379146919,0.199052132,0.42180095,0.32701422,0.25118483,4.769762837835838,2.062743046320975,,0.2665930772200227,-11.8833646774292,-6.019739151000977,16.91529377988269
Alec Burleson,STL,2026,27.0,98.0,416.0,376.0,104.0,15.0,0.276595744,0.338942307,0.462765957,0.801708264,0.186170213,0.294701986,0.3465081736949331,0.3846824590576763,120.65410752964189,1.7000098321151025,0.149038461,0.079326923,0.11356467,0.48264984,91.7063492063492,111.7,11.682539682539682,0.37585421,0.69778481,0.51059603,0.74545455,0.85941043,0.81063554,0.09662475,0.439873417,0.360759493,0.199367088,0.49526814,0.2807571,0.22397476,3.6808865457114237,0.1141277551651001,,0.054917674511671066,-7.311982532963157,-0.020030399784445763,10.5490786067941
Zack Gelof,ATH,2026,26.0,67.0,247.0,227.0,62.0,11.0,0.273127753,0.326530612,0.475770925,0.802301537,0.202643172,0.331168831,0.34782247713633946,0.2900541329089506,119.99772728233829,1.6889339283203257,0.251012145,0.056680161,0.06586826,0.41317365,88.76543209876543,108.1,15.685185185185185,0.26785714,0.68181818,0.46080508,0.62962963,0.80666667,0.75172414,0.11440678,0.423312883,0.386503067,0.190184049,0.4491018,0.34131737,0.20958084,6.617575010936159,1.783310859464109,,0.8737243702635169,0.30968114733695984,-0.32474926114082336,7.59478722702211
Taylor Ward,BAL,2026,32.0,100.0,458.0,371.0,93.0,7.0,0.250673854,0.386462882,0.361185983,0.747648865,0.110512129,0.315018315,0.34186812759228297,0.3465828025734032,120.20378110854601,1.6888363051393638,0.205240174,0.172489082,0.05714286,0.38214286,89.3136662544964,109.5,15.147482014388489,0.1719457,0.57037944,0.34131113,0.63684211,0.90128755,0.82469512,0.05980239,0.385714285,0.403571428,0.210714285,0.33214286,0.39285714,0.275,2.478717240529311,-4.112245601601899,,-1.4589088382199407,-6.39754581451416,-0.8008389472961426,6.774724093958225
Tyler Soderstrom,ATH,2026,24.0,88.0,365.0,316.0,78.0,16.0,0.246835443,0.345205479,0.477848101,0.82305358,0.231012658,0.262711864,0.35375827006025656,0.34330760108100045,124.10146251592909,1.6804132124560534,0.178082191,0.123287671,0.1031746,0.4484127,90.16971955926294,113.2,11.912350597609562,0.28224777,0.70034843,0.45910096,0.64705882,0.8880597,0.80256822,0.09057437,0.456349206,0.376984126,0.166666666,0.36111111,0.42460317,0.21428571,3.2438217249904326,-0.9095839215442538,,-0.6679970575496554,-5.829423308372498,-1.8170784711837769,9.440530307794058
Ozzie Albies,ATL,2026,29.0,99.0,429.0,384.0,102.0,15.0,0.265625,0.317016317,0.4375,0.754516317,0.171875,0.270186335,0.3244662840511197,0.28980323503602223,103.30486303208191,1.6787046984695422,0.135198135,0.067599067,0.04154303,0.27596439,86.77537302927928,108.7,17.44144144144144,0.40166493,0.82136602,0.55809399,0.73316062,0.87633262,0.81169591,0.10495437,0.353115727,0.445103857,0.201780415,0.49554896,0.28783383,0.21661721,2.694048572436746,-0.293675254099071,,-1.5863676769658923,1.1734392940998077,-0.32118746638298035,1.4281988749851204
Kyle Karros,COL,2026,23.0,96.0,335.0,289.0,75.0,9.0,0.25951557,0.35522388,0.429065743,0.784289623,0.169550173,0.311320754,0.3438203322278845,0.3396557497690959,103.24864079542637,1.6600227205192666,0.208955223,0.122388059,0.08597285,0.43891403,89.71727627840909,111.8,13.631818181818181,0.28014616,0.68478261,0.44282593,0.53913043,0.88624339,0.75493421,0.10852149,0.416289592,0.352941176,0.23076923,0.40723982,0.3438914,0.24886878,4.949829704447384,1.4473644122481346,,0.12032755464315414,2.717905640602112,1.4404712915420532,2.7690773596122105
Luis Garcia Jr.,WSN,2026,26.0,93.0,328.0,312.0,87.0,20.0,0.278846153,0.310975609,0.541666666,0.852642275,0.262820513,0.278008298,0.36223311613245707,0.35467902550330527,129.08448485542877,1.6411314293599624,0.158536585,0.045731707,0.10344828,0.46360153,91.79105362354086,114.0,11.237354085603112,0.41907514,0.69958848,0.53480475,0.73793103,0.92352941,0.83809524,0.08658744,0.45,0.334615384,0.215384615,0.43295019,0.36015326,0.20689655,4.981487864114401,-0.5080328797921538,,0.04101941827684641,-5.549107015132904,0.3270931839942932,11.077762745575251
Brandon Valenzuela,TOR,2026,25.0,59.0,191.0,169.0,40.0,8.0,0.23668639,0.315789473,0.414201183,0.729990656,0.177514793,0.28318584,0.3207309252337406,0.3156275699013158,104.73818493839424,1.6299666728235669,0.256544502,0.104712041,0.08196721,0.36885246,88.28991596638656,111.4,16.80672268907563,0.32568807,0.71856287,0.4961039,0.57746479,0.86666667,0.7591623,0.11917098,0.352941176,0.428571428,0.218487394,0.42622951,0.3442623,0.2295082,2.371764259819148,-0.02701205387711525,,-0.05073787085711956,8.2806396484375,4.804416656494141,1.0377541463792586
Nico Hoerner,CHC,2026,29.0,98.0,438.0,392.0,97.0,4.0,0.247448979,0.315068493,0.341836734,0.656905227,0.094387755,0.259776536,0.2940920708386321,0.3197900530935704,85.19660816228239,1.5889379179710013,0.079908675,0.08219178,0.00828729,0.27624309,86.10000108809193,105.8,12.988857938718663,0.328125,0.61596386,0.45064103,0.79251701,0.97066015,0.89615932,0.04679487,0.417127071,0.350828729,0.232044198,0.35082873,0.36187845,0.28729282,4.669025357208463,1.9484198112040758,,0.953673304989934,7.345417499542236,5.659318447113037,-5.926134612093065
Oneil Cruz,PIT,2026,27.0,64.0,283.0,250.0,66.0,14.0,0.264,0.349823321,0.472,0.821823321,0.208,0.376811594,0.35658543835331113,0.3580791240951921,123.42186338932515,1.5772460285139929,0.346289752,0.106007067,0.16447368,0.59210526,95.9893359375,119.0,7.586666666666667,0.3319209,0.6013363,0.43647364,0.49361702,0.77777778,0.64554455,0.15457686,0.486842105,0.328947368,0.184210526,0.42763158,0.38157895,0.19078947,5.802303475886562,2.3581344624981284,,2.1397750666365027,-4.041990160942078,-4.365492343902588,10.408183439372289
Carson Benge,NYM,2026,23.0,97.0,399.0,364.0,95.0,11.0,0.26098901,0.32330827,0.395604395,0.718912665,0.134615385,0.313432835,0.3177982801781561,0.34309683905707467,102.56418029920756,1.5766998164352148,0.215538847,0.075187969,0.07526882,0.40860215,89.19166808197464,109.8,10.75,0.29750271,0.64346591,0.44738462,0.66788321,0.8807947,0.80055021,0.08923077,0.437275985,0.333333333,0.229390681,0.35125448,0.36917563,0.27956989,6.1095652930228646,2.844175659120083,,1.8019569739699364,-1.5147337913513184,2.250697612762451,4.086720579810944
Nolan Arenado,ARI,2026,35.0,94.0,363.0,324.0,79.0,13.0,0.24382716,0.316804407,0.422839506,0.739643913,0.179012346,0.279661016,0.3216519826336911,0.2963383780585395,100.91300391229663,1.566551054705415,0.214876033,0.082644628,0.07228916,0.33333333,85.54395318800404,107.5,17.524193548387096,0.33137485,0.63666667,0.45761544,0.67375887,0.86125654,0.78162651,0.09986226,0.37751004,0.429718875,0.192771084,0.46184739,0.37349398,0.16465863,3.555960027543262,-1.195801922120154,,0.15848331805318594,4.440680265426636,3.430164098739624,-0.7932981941795592
Jacob Young,WSN,2026,26.0,89.0,302.0,279.0,65.0,9.0,0.23297491,0.289036544,0.387096774,0.676133318,0.154121864,0.259259259,0.29727512558433306,0.3100864664713542,85.57825892440204,1.5634303647662127,0.178807947,0.05629139,0.07079646,0.35840708,88.7176452912896,110.1,10.135746606334841,0.29905063,0.58316633,0.42440318,0.65608466,0.90034364,0.80416667,0.08311229,0.409909909,0.387387387,0.202702702,0.38053097,0.36725664,0.25221239,6.331509114187983,2.4591268748044968,,0.604411169886589,8.439265251159668,7.26356840133667,-2.830381152864832
Liam Hicks,MIA,2026,27.0,89.0,359.0,313.0,90.0,14.0,0.287539936,0.360335195,0.456869009,0.817204204,0.169329073,0.280442804,0.35532734975093555,0.30761226600324604,123.11502216871366,1.5503912515258098,0.09470752,0.091922005,0.03846154,0.3006993,85.20070783466312,107.5,14.120141342756185,0.2781457,0.60147601,0.41326137,0.8047619,0.96625767,0.90298507,0.04006163,0.459363957,0.381625441,0.1590106,0.45104895,0.35664336,0.19230769,3.6851129854926654,-4.720944173634052,,-0.1668856218457222,-1.7390717267990112,0.9969819784164429,5.357173070069148
Jac Caglianone,KCR,2026,23.0,94.0,365.0,335.0,87.0,16.0,0.259701492,0.317808219,0.465671641,0.78347986,0.205970149,0.328703703,0.33914008140563967,0.3550804473541595,113.79510826453225,1.5402578533207196,0.284931506,0.06849315,0.15086207,0.55172414,92.9280206088362,116.1,7.935344827586207,0.38709677,0.72262774,0.52289513,0.56730769,0.84090909,0.72033898,0.14612546,0.443965517,0.314655172,0.24137931,0.48275862,0.36637931,0.15086207,4.31342073498259,0.8021610295400023,,-0.25709540490061045,-4.5022933185100555,0.35424497723579407,6.726322115184959
Travis Bazzana,CLE,2026,23.0,69.0,300.0,260.0,64.0,9.0,0.246153846,0.336666666,0.419230769,0.755897435,0.173076923,0.295698924,0.3312577918221719,0.2963220101815683,112.6048708195361,1.528527095064451,0.226666666,0.113333333,0.04615385,0.35897436,88.30314340641361,108.1,14.340314136125654,0.2883263,0.64705882,0.43816544,0.57560976,0.86969697,0.75700935,0.10612245,0.409326424,0.404145077,0.186528497,0.42051282,0.34871795,0.23076923,5.950358361983362,2.857489180751145,,0.9444521190598607,-2.880083382129669,-3.7997217178344727,7.306551973597861
Kody Clemens,MIN,2026,30.0,87.0,347.0,316.0,75.0,18.0,0.237341772,0.295652173,0.484177215,0.779829388,0.246835443,0.260273972,0.33261725808991943,0.3307660420735677,111.57545427486744,1.5206791537762931,0.233429394,0.063400576,0.12970711,0.45606695,92.62170046542553,108.2,17.259574468085106,0.35142119,0.68697124,0.4967033,0.65441176,0.83990148,0.76548673,0.11648352,0.383966244,0.443037974,0.17299578,0.46443515,0.26359833,0.27196653,5.955686614473949,-0.054885728284716606,,0.030891524627804756,-1.9986058473587036,1.4027429819107056,4.670925827869934
Samuel Antonacci,CHW,2026,23.0,79.0,322.0,277.0,79.0,7.0,0.285198555,0.376175548,0.418772563,0.794948111,0.133574008,0.324324324,0.35517176789549826,0.36084927820632884,127.67626076552945,1.520645275888733,0.152173913,0.071428571,0.06465517,0.36206897,87.42643515969164,108.4,11.321585903083701,0.2662069,0.63216266,0.42259084,0.78238342,0.91812865,0.86915888,0.05529226,0.502183406,0.27510917,0.222707423,0.37068966,0.37931034,0.25,6.626705428994567,0.5382331507280469,,-0.017525087110698223,-7.459594011306763,-4.637235164642334,11.02332325521782
Paul Goldschmidt,NYY,2026,38.0,71.0,274.0,251.0,65.0,15.0,0.258964143,0.317518248,0.486055776,0.803574024,0.227091633,0.29239766,0.34496776306585514,0.31365425446454215,122.02621576337572,1.504324094580137,0.240875912,0.069343065,0.11290323,0.38172043,86.5274172547043,109.8,14.005376344086022,0.3599374,0.65283843,0.48222425,0.69130435,0.80267559,0.75425331,0.11850501,0.446236559,0.376344086,0.177419354,0.36021505,0.35483871,0.28494624,3.3886356089950525,-0.08965687453746796,,-0.12704939767718315,-1.896660566329956,3.240513563156128,7.011013188625069
Caleb Durbin,BOS,2026,26.0,92.0,338.0,305.0,72.0,10.0,0.236065573,0.298507462,0.4,0.698507462,0.163934427,0.247011952,0.30622798453516037,0.28280463761198305,89.8455556609618,1.5038769467530464,0.136094674,0.065088757,0.02651515,0.29166667,84.9046859741211,107.9,11.17578125,0.30802292,0.67613636,0.46655791,0.75813953,0.92156863,0.86013986,0.06525285,0.486381322,0.346303501,0.167315175,0.45833333,0.35984848,0.18181818,5.571074474689163,1.9441004553809762,,0.15067668352276087,4.921104311943054,3.5933728218078613,-2.094043016966152
Brandon Marsh,PHI,2026,28.0,96.0,380.0,355.0,104.0,16.0,0.292957746,0.331578947,0.48169014,0.813269087,0.188732394,0.365145228,0.34871579619942517,0.3185801417505077,118.42073872568703,1.4965283700121341,0.265789473,0.052631578,0.09338521,0.45136187,89.70157015931373,110.1,13.086274509803921,0.38395062,0.72231405,0.52862191,0.60771704,0.86956522,0.76069519,0.12650177,0.40625,0.3671875,0.2265625,0.39688716,0.35019455,0.25291829,5.215249778467502,0.48245440144091845,,-0.1427610693499446,-6.584542989730835,-3.0008673667907715,8.98367494132762
Christian Walker,HOU,2026,35.0,99.0,407.0,365.0,85.0,20.0,0.232876712,0.309582309,0.45479452,0.764376829,0.221917808,0.257936507,0.33024553266572365,0.30063173270519866,111.28741758005837,1.491000971884512,0.23095823,0.081081081,0.09926471,0.42279412,89.36691463694854,112.5,15.202205882352942,0.34174553,0.75080906,0.50286807,0.54461538,0.86422414,0.73257288,0.13448056,0.430147058,0.44117647,0.12867647,0.45955882,0.27941176,0.26102941,2.18112244,-0.2964356131851673,,-0.45786916092038155,-4.870175123214722,2.32746958732605,5.108591573740601
Masyn Winn,STL,2026,24.0,91.0,373.0,328.0,79.0,4.0,0.240853658,0.316353887,0.326219512,0.642573399,0.085365854,0.289575289,0.28985873432006015,0.2981579515811889,82.71261199518064,1.4810199956303647,0.190348525,0.085790884,0.03041825,0.34980989,88.07115384615385,108.5,12.542307692307693,0.27838828,0.62870515,0.43219178,0.65350877,0.87841191,0.79714739,0.08761123,0.436781609,0.333333333,0.229885057,0.34220532,0.39923954,0.25855513,5.027393135703013,0.9689415656030178,,0.2237602435052395,9.336552619934082,5.30191707611084,-6.862268161433059
Mookie Betts,LAD,2026,33.0,64.0,277.0,253.0,60.0,13.0,0.23715415,0.299638989,0.430830039,0.730469028,0.193675889,0.224880382,0.31516503203998913,0.33577267733487215,98.04320855954364,1.4672107365335667,0.115523465,0.079422382,0.08558559,0.38738739,90.50360712274775,108.1,18.92792792792793,0.22182469,0.64239829,0.41325536,0.74193548,0.94333333,0.88443396,0.04775828,0.297297297,0.495495495,0.207207207,0.3963964,0.4009009,0.2027027,2.535407487536798,-0.7805508468300104,,-0.9473051968961954,6.912014722824097,4.091370582580566,-1.4388373526148903
Xander Bogaerts,SDP,2026,33.0,95.0,381.0,332.0,73.0,9.0,0.219879518,0.312335958,0.325301204,0.637637162,0.105421686,0.250980392,0.2887365427456404,0.31247558191143426,83.53198528090888,1.4562714137987776,0.186351706,0.112860892,0.06060606,0.39015152,87.96159844344106,111.0,5.653992395437262,0.26998841,0.62025316,0.4180602,0.67381974,0.86734694,0.7952,0.08550434,0.541666666,0.31060606,0.147727272,0.48106061,0.32954545,0.18939394,4.406903136439544,0.8493318138644099,,1.4338881550356746,8.738759517669678,4.680118083953857,-6.7707014243730494
Dominic Canzone,SEA,2026,28.0,86.0,267.0,238.0,62.0,15.0,0.260504201,0.333333333,0.512605042,0.845938375,0.252100841,0.276470588,0.3613083048870689,0.36390419293167,138.80106958274087,1.4476303060421152,0.205992509,0.08988764,0.14594595,0.48648649,92.81621621621622,114.7,8.956756756756757,0.35135135,0.63882064,0.46846847,0.61057692,0.83076923,0.73290598,0.12512513,0.448648648,0.356756756,0.194594594,0.41081081,0.38378378,0.20540541,2.999027512615055,-0.4186930609866977,,-0.5371772972866893,-6.967229425907135,0.6973790526390076,11.77018802732642
Sal Stewart,CIN,2026,22.0,99.0,432.0,379.0,95.0,20.0,0.25065963,0.331018518,0.469656992,0.80067551,0.218997362,0.275735294,0.3436393962873446,0.35094607419533125,111.79165343325866,1.4366212645517984,0.212962962,0.106481481,0.14041096,0.40753425,90.45836576957295,111.4,13.886120996441282,0.3192585,0.69305556,0.47841514,0.66451613,0.82965932,0.76637824,0.11170213,0.448630136,0.376712328,0.174657534,0.3390411,0.40068493,0.26027397,3.833648023031654,-1.9012671345844865,,0.4245339995250106,-4.177470751106739,0.09321969002485275,4.285290978130803
Blaze Alexander,BAL,2026,27.0,82.0,246.0,221.0,69.0,4.0,0.312217194,0.367768595,0.438914027,0.806682622,0.126696833,0.396341463,0.35337835006199436,0.36085574366465334,128.16142149473598,1.436068446190368,0.219512195,0.06504065,0.06976744,0.48255814,92.58518397955247,112.9,9.938271604938272,0.33396584,0.83618582,0.5534188,0.65340909,0.82748538,0.76833977,0.12820513,0.466666666,0.266666666,0.266666666,0.34705882,0.35882353,0.29411765,5.9095999212057375,1.7003597263246775,,0.17170622386038303,-4.413528740406036,-5.24629020690918,9.85112828039875
Joe Mack,MIA,2026,23.0,57.0,182.0,165.0,40.0,8.0,0.242424242,0.301675977,0.424242424,0.725918401,0.181818182,0.285714285,0.31737024024878135,0.3122493807829958,97.69289060714654,1.4224979243394302,0.247252747,0.065934065,0.08943089,0.37398374,88.63583170572916,107.9,12.1,0.2835443,0.69811321,0.4684432,0.61607143,0.86936937,0.78443114,0.1006993,0.458333333,0.35,0.191666666,0.48780488,0.28455285,0.22764228,1.932629865,-0.25208472087979317,,-0.21803293377161026,8.895602226257324,5.154747247695923,-0.7620378005046551
Maikel Garcia,KCR,2026,26.0,69.0,294.0,268.0,70.0,3.0,0.261194029,0.319727891,0.373134328,0.692862219,0.111940299,0.301801801,0.3065232443971699,0.31627989788444677,91.2453217481225,1.4031404417716302,0.153061224,0.081632653,0.04888889,0.41333333,90.07399103139014,110.6,9.20627802690583,0.24328594,0.58148893,0.3920354,0.72727273,0.93425606,0.86230248,0.05393457,0.448430493,0.363228699,0.188340807,0.35111111,0.4,0.24888889,4.63750564347894,0.8354511335492134,,-0.6391954347491264,5.592402279376984,4.666476726531982,-2.1928314688505
Andres Gimenez,TOR,2026,27.0,94.0,322.0,298.0,68.0,7.0,0.228187919,0.271875,0.355704697,0.627579697,0.127516778,0.261802575,0.27578478772193193,0.26913356482048395,73.66448501570422,1.3943894819017357,0.189440993,0.03416149,0.04132231,0.23553719,86.28290264423077,108.9,12.923076923076923,0.43304843,0.72564612,0.55518672,0.68421053,0.85205479,0.77578475,0.12437811,0.463829787,0.336170212,0.2,0.4214876,0.28512397,0.29338843,5.170938861963753,0.9344138130545616,,1.0199898928403854,11.356948852539062,7.495495319366455,-9.042737721172916
Ernie Clement,TOR,2026,30.0,97.0,391.0,373.0,111.0,8.0,0.297587131,0.322250639,0.428954423,0.751205062,0.131367292,0.311178247,0.32626989735361867,0.2762369596041166,108.56757645146959,1.3857801033394266,0.094629156,0.035805626,0.02359882,0.22418879,85.06119402985074,109.7,15.713432835820896,0.4719888,0.72469636,0.57533113,0.76557864,0.93296089,0.85179856,0.08519438,0.37797619,0.413690476,0.208333333,0.46312684,0.35693215,0.179941,3.3790501786180416,-1.026082245633006,,-0.3279561083763838,-3.1474636793136597,-5.017604827880859,2.915255270867828
Keibert Ruiz,WSN,2026,27.0,64.0,216.0,204.0,57.0,7.0,0.279411764,0.305555555,0.470588235,0.77614379,0.191176471,0.289017341,0.3319794187943141,0.27625498948273836,108.82178613991006,1.3767078915843303,0.125,0.032407407,0.05555556,0.38888889,89.29325952422752,106.3,16.735955056179776,0.38518519,0.67857143,0.51192146,0.76923077,0.94258373,0.86849315,0.06732118,0.393258426,0.426966292,0.17977528,0.60555556,0.25555556,0.13888889,3.677320949958461,-3.321241066791117,,-0.23906247410923243,7.576923668384552,3.1444819569587708,-1.007040903030985
Manny Machado,SDP,2026,33.0,97.0,408.0,353.0,71.0,20.0,0.201133144,0.292383292,0.416430594,0.708813886,0.21529745,0.20318725,0.30554573355924963,0.326888432277935,94.79009913393573,1.345894996788945,0.215686274,0.117647058,0.10661765,0.43382353,90.21449523698885,112.0,13.440740740740742,0.33088235,0.68712575,0.47777778,0.62222222,0.8453159,0.75452196,0.11706716,0.4,0.451851851,0.148148148,0.43014706,0.32352941,0.24632353,2.232643263371122,-2.6848692148923874,,-0.8672233074903488,5.260235249996185,4.913870811462402,-5.266417581949925
Spencer Horwitz,PIT,2026,28.0,74.0,295.0,246.0,69.0,10.0,0.280487804,0.386440677,0.455284552,0.841725229,0.174796748,0.295,0.3701064990738691,0.3389719041727357,132.47772114557642,1.3397181897660926,0.13559322,0.13559322,0.08571429,0.34285714,86.87475818452381,108.0,17.152380952380952,0.26330935,0.60323887,0.40454163,0.75956284,0.9261745,0.86278586,0.05546218,0.404761904,0.433333333,0.161904761,0.40952381,0.32857143,0.26190476,2.935427780198075,-1.708504419773817,,-0.30147574469447136,-6.303846001625061,-1.2838417291641235,9.927348101769173
Brooks Lee,MIN,2026,25.0,97.0,389.0,357.0,90.0,14.0,0.25210084,0.30927835,0.428571428,0.737849778,0.176470588,0.270462633,0.32153412791871533,0.2769093660964179,103.91308593334696,1.3334733652252584,0.161953727,0.071979434,0.03716216,0.31756757,88.06313993174061,108.0,14.976109215017065,0.36242424,0.73076923,0.521049,0.65886288,0.91008772,0.81059603,0.09868875,0.399317406,0.402730375,0.197952218,0.44932432,0.30405405,0.24662162,4.6882593025177375,-0.5455290302634239,,-0.9419873282313347,-1.9239318370819092,-4.6748456954956055,1.245397904284795
Brandon Nimmo,TEX,2026,33.0,94.0,401.0,361.0,94.0,9.0,0.260387811,0.329177057,0.418282548,0.747459605,0.157894737,0.318352059,0.3271522100269795,0.37207588195800784,109.99036734270898,1.3310893057385953,0.216957605,0.079800498,0.12681159,0.52536232,92.57210286458333,110.5,10.52536231884058,0.31135531,0.71428571,0.49902153,0.64705882,0.88823529,0.80784314,0.0958279,0.402173913,0.387681159,0.210144927,0.3115942,0.4673913,0.22101449,4.613591395560533,0.23811978101730347,,-0.13885775208473206,-6.081689953804016,-1.6012378931045532,4.9515242734388085
Chandler Simpson,TBR,2026,25.0,93.0,370.0,344.0,97.0,0.0,0.281976744,0.317808219,0.345930232,0.663738451,0.063953488,0.311897106,0.29425758809259495,0.26139647165934243,84.92933667799385,1.3283180017202771,0.094594594,0.051351351,0.0,0.13924051,83.94694010416667,100.8,1.010135135135135,0.3222061,0.63128492,0.45758564,0.86936937,0.94690265,0.91622103,0.03833605,0.593959731,0.208053691,0.197986577,0.26582278,0.40822785,0.32594937,7.23434727516454,3.543765064328909,,-0.3164482153952122,2.964996814727783,6.785297870635986,-3.0168260784348986
Nolan Schanuel,LAA,2026,24.0,81.0,337.0,301.0,85.0,6.0,0.282392026,0.353115727,0.398671096,0.751786823,0.11627907,0.318548387,0.3342389301659445,0.33309816535927067,112.27060450949058,1.3218187893780702,0.145400593,0.086053412,0.01968504,0.32677165,87.31857553112648,106.6,10.873517786561266,0.31034483,0.6332737,0.45093458,0.73333333,0.92372881,0.84974093,0.06775701,0.458498023,0.288537549,0.252964426,0.4488189,0.35826772,0.19291339,1.196146681088964,-0.9403566882247105,,-0.938857764005661,-2.863935947418213,2.9996895790100098,3.9248886027752343
JJ Bleday,CIN,2026,28.0,71.0,301.0,255.0,61.0,16.0,0.239215686,0.346666666,0.478431372,0.825098038,0.239215686,0.248618784,0.35711000097236506,0.35907423174059067,120.81371778452382,1.310744309633274,0.199335548,0.136212624,0.09090909,0.40909091,88.74278149162372,112.6,21.077319587628867,0.25584795,0.71290944,0.45303408,0.56571429,0.83783784,0.75045872,0.11305071,0.275510204,0.489795918,0.234693877,0.46700508,0.35025381,0.18274112,3.6508357952332577,-0.01377402525395155,,-0.6555479047819972,-4.454078555107117,-0.9972890615463257,7.594861851580433
Michael Massey,KCR,2026,28.0,81.0,260.0,240.0,64.0,7.0,0.266666666,0.30620155,0.425,0.73120155,0.158333334,0.293814432,0.31663494239481843,0.30549875895182294,98.23608639848307,1.304916911368191,0.161538461,0.057692307,0.06403941,0.4137931,90.11616161616162,108.4,17.0,0.386121,0.67519182,0.50472193,0.68202765,0.91287879,0.80873181,0.09653725,0.343434343,0.439393939,0.217171717,0.51231527,0.33497537,0.15270936,3.5911348428393017,-0.8506669839844108,,0.10020472202450037,5.030504286289215,4.260614395141602,-1.390251574346879
Matt Chapman,SFG,2026,33.0,84.0,352.0,307.0,72.0,7.0,0.234527687,0.323863636,0.368078175,0.691941811,0.133550488,0.292792792,0.30823053644593285,0.28597318715062636,95.25963583861898,1.3013423444509369,0.230113636,0.105113636,0.06550218,0.3580786,88.20973624170354,113.0,11.334801762114537,0.2931677,0.64332248,0.44467935,0.66525424,0.86582278,0.79080824,0.09295775,0.462882096,0.397379912,0.139737991,0.41484716,0.33187773,0.25327511,2.3950794951604566,-1.2018513148650527,,-1.305379076860845,4.6103127002716064,3.486056089401245,-3.22834387233924
Lane Thomas,KCR,2026,30.0,86.0,286.0,246.0,60.0,9.0,0.243902439,0.342657342,0.418699186,0.761356528,0.174796747,0.291428571,0.33633645285259595,0.33457666677194875,111.85680795276289,1.2333059205304677,0.223776223,0.125874125,0.07065217,0.42934783,89.57772163722827,108.4,18.027173913043477,0.23019432,0.64457831,0.40702656,0.70779221,0.86915888,0.81684211,0.07455013,0.364130434,0.402173913,0.233695652,0.5,0.3423913,0.1576087,2.8465427252339826,1.3280238201841712,,-0.6446462580934167,-3.3136218786239624,-2.6283223628997803,5.3177464133801555
Rafael Devers,SFG,2026,29.0,100.0,425.0,382.0,93.0,20.0,0.243455497,0.312941176,0.471204188,0.784145364,0.227748691,0.299180327,0.3352197222235079,0.32019686017717636,113.33589719192744,1.219662826632589,0.284705882,0.091764705,0.11363636,0.5,92.12205174667301,112.4,14.562737642585551,0.33164813,0.69647696,0.48755067,0.67378049,0.76070039,0.72684086,0.13302487,0.386363636,0.439393939,0.174242424,0.35984848,0.39393939,0.24621212,1.9419642775000001,-1.0083899982273579,,-0.45786916092038155,-7.685712993144989,0.7202079892158508,5.874991059965353
Andrew Vaughn,MIL,2026,28.0,58.0,180.0,157.0,49.0,3.0,0.31210191,0.394444444,0.490445859,0.884890303,0.178343949,0.343283582,0.3836631558460896,0.33804893493652344,144.16288204547251,1.2087599832448113,0.116666666,0.111111111,0.04379562,0.41605839,89.96642620894161,108.1,10.401459854014599,0.24873096,0.61774744,0.40611354,0.75510204,0.8839779,0.83870968,0.06550218,0.430656934,0.357664233,0.211678832,0.37226277,0.3649635,0.26277372,2.9724025899999997,-0.5938328523188829,,-0.2725411672145128,-2.9768777079880238,-0.06192590668797493,9.060461947025278
Evan Carter,TEX,2026,23.0,82.0,278.0,234.0,45.0,8.0,0.192307692,0.304029304,0.341880341,0.645909645,0.149572649,0.229813664,0.2924933966262873,0.29089889246902184,86.02885191757011,1.1895318898681417,0.237410071,0.122302158,0.06321839,0.37356322,87.67622189405488,108.2,17.603658536585368,0.23816794,0.61264822,0.40137812,0.52564103,0.86451613,0.75107296,0.09991387,0.371951219,0.487804878,0.140243902,0.37931034,0.37356322,0.24712644,6.710995039760192,2.328688947483897,,1.4246669691056013,4.097254395484924,3.0501582622528076,-2.2409908869002937
A.J. Ewing,NYM,2026,21.0,61.0,241.0,214.0,58.0,7.0,0.271028037,0.343096234,0.425233644,0.768329878,0.154205607,0.356643356,0.3380492903198657,0.327435258043361,116.12748506159873,1.1893297934831688,0.269709543,0.095435684,0.07236842,0.42763158,89.51333333333334,110.5,10.826666666666666,0.29929577,0.64423077,0.44512195,0.61176471,0.85447761,0.76027397,0.10670732,0.453333333,0.34,0.206666666,0.375,0.32894737,0.29605263,4.842225022748351,-0.36612668633461,,-0.8423250019550323,-0.455322265625,-1.1491948366165161,4.354224758488664
Steven Kwan,CLE,2026,28.0,93.0,369.0,311.0,74.0,1.0,0.237942122,0.343406593,0.295819935,0.639226528,0.057877813,0.264492753,0.2959131273356351,0.3136702643500434,88.16918938118667,1.1865766160671252,0.097560975,0.1300813,0.0035461,0.09219858,83.08127048220973,101.1,14.382022471910112,0.22956731,0.53996737,0.36124567,0.84293194,0.98187311,0.93103448,0.02489627,0.3866171,0.360594795,0.252788104,0.27758007,0.39501779,0.32740214,4.600864004337394,0.24286690540611744,,-0.23074799589812756,3.4744914770126343,4.796507835388184,-4.893425620473003
Francisco Alvarez,NYM,2026,24.0,67.0,244.0,218.0,56.0,11.0,0.256880733,0.32644628,0.440366972,0.766813252,0.183486239,0.310344827,0.3354045460539416,0.3362519760762364,114.3561426818212,1.1845538362145427,0.258196721,0.081967213,0.15822785,0.43037975,90.06410256410257,112.6,10.35897435897436,0.34738617,0.63882064,0.466,0.5631068,0.81923077,0.70600858,0.137,0.474358974,0.339743589,0.185897435,0.46153846,0.40384615,0.13461538,0.5755494462499999,-0.15849139261990786,,-0.33250022400170565,-0.3420619070529938,-2.5157016813755035,4.095711865839675
Carson Kelly,CHC,2026,31.0,73.0,260.0,228.0,61.0,6.0,0.267543859,0.357692307,0.390350877,0.748043184,0.122807018,0.307262569,0.3356179640843318,0.3277561187744141,113.00896624618379,1.1785347220267661,0.165384615,0.111538461,0.06486486,0.37837838,88.09621516047298,108.4,10.908108108108108,0.28474576,0.67681499,0.44936087,0.63095238,0.91695502,0.81181619,0.08447937,0.486486486,0.335135135,0.178378378,0.37297297,0.41621622,0.21081081,1.9479082242325503,-1.164815683849156,,-0.8352921204641461,0.22852671146392822,-3.4751769304275513,2.9429605543218997
Ivan Herrera,STL,2026,26.0,99.0,443.0,365.0,89.0,11.0,0.243835616,0.37020316,0.378082191,0.748285351,0.134246575,0.275618374,0.33704699674336946,0.3379976820671695,114.31739516285153,1.1668210262982148,0.167042889,0.115124153,0.05442177,0.38435374,89.00310479525862,112.3,9.481099656357388,0.30574489,0.64416315,0.44418872,0.67515924,0.90611354,0.81217617,0.08342923,0.489795918,0.333333333,0.176870748,0.39795918,0.37414966,0.22789116,4.6416626908033205,-2.1859585996717215,,0.2695896867662668,-8.438614249229431,-4.493141293525696,5.517014504996855
Esteury Ruiz,MIA,2026,27.0,61.0,124.0,102.0,25.0,5.0,0.245098039,0.365853658,0.490196078,0.856049736,0.245098039,0.317460317,0.3719312291804368,0.32212938138139924,134.2356267886524,1.1635911861717987,0.282258064,0.120967741,0.08695652,0.28985507,86.46153846153847,108.0,28.8,0.31506849,0.70731707,0.47686117,0.52173913,0.83448276,0.71308017,0.13682093,0.169230769,0.553846153,0.276923076,0.60294118,0.19117647,0.20588235,9.217343878225291,3.5071542942896485,,2.5842883670702577,-1.1972520053386688,-0.27647027373313904,8.662889592969375
Cole Carrigg,COL,2026,24.0,34.0,129.0,108.0,31.0,4.0,0.287037037,0.3671875,0.518518518,0.885706018,0.231481481,0.329268292,0.373076750068214,0.3260405532957062,122.84340217510479,1.157244239294921,0.201550387,0.108527131,0.06896552,0.29885057,85.73690359933036,109.9,15.869047619047619,0.41549296,0.74,0.54958678,0.63559322,0.88513514,0.77443609,0.12396694,0.345238095,0.44047619,0.214285714,0.45977011,0.28735632,0.25287356,6.68525650371119,0.1815444827079773,,-0.6055837869644165,3.479138195514679,3.019033193588257,3.760375063944605
Konnor Griffin,PIT,2026,20.0,59.0,247.0,225.0,62.0,5.0,0.275555555,0.331983805,0.404444444,0.736428249,0.128888889,0.363057324,0.32409194148021186,0.30485844805957824,101.65903784128338,1.145220182527185,0.263157894,0.064777327,0.08024691,0.37037037,87.77610308569183,113.2,5.955974842767295,0.40384615,0.68311688,0.51619645,0.55411255,0.83269962,0.70242915,0.15360502,0.525,0.275,0.2,0.43209877,0.32098765,0.24691358,7.984867472722625,5.727752706967294,,3.2301178192719817,-2.959035873413086,-5.1435346603393555,6.225425488109087
Joc Pederson,TEX,2026,34.0,91.0,305.0,262.0,64.0,17.0,0.244274809,0.338815789,0.488549618,0.827365407,0.244274809,0.264044943,0.35574925752362796,0.3564939341529368,129.76105558821845,1.1341338887504335,0.229508196,0.118032786,0.11734694,0.48979592,91.98453608247422,110.6,15.005154639175258,0.31512605,0.63953488,0.45121951,0.60888889,0.80606061,0.72612613,0.12357724,0.402061855,0.391752577,0.206185567,0.41538462,0.35384615,0.23076923,3.7974772374882355,-0.5343782100826502,,-0.20336092449724674,-9.800351619720459,-0.5136580467224121,10.145272572452132
Mickey Moniak,COL,2026,28.0,65.0,239.0,221.0,61.0,15.0,0.276018099,0.322175732,0.556561085,0.878736817,0.280542986,0.308724832,0.3719568708950506,0.30844100249861073,122.09335255207954,1.1302234033921474,0.246861924,0.054393305,0.11585366,0.43902439,89.76829268292683,109.1,22.585365853658537,0.44219067,0.77941176,0.57983193,0.56422018,0.8754717,0.73498965,0.15366146,0.329268292,0.518292682,0.152439024,0.51219512,0.32926829,0.15853659,4.855296945270046,1.0465315878391266,,-0.06163951754570007,-4.080100774765015,-0.7107596397399902,7.459368086464504
Luis Torrens,NYM,2026,30.0,61.0,183.0,166.0,37.0,2.0,0.222891566,0.287292817,0.325301204,0.612594021,0.102409638,0.277777777,0.27542200141190165,0.2776626927892589,74.1822685041531,1.1206156522062274,0.207650273,0.060109289,0.03846154,0.36153846,87.69047619047619,107.5,6.158730158730159,0.3549884,0.66077739,0.47619048,0.69281046,0.87165775,0.79117647,0.0993007,0.5546875,0.2578125,0.1875,0.33076923,0.37692308,0.29230769,2.23524844,-0.05605298187583685,,-0.21258211042732,10.907301664352417,7.300191402435303,-5.794043326319802
Anthony Volpe,NYY,2026,25.0,47.0,164.0,143.0,35.0,1.0,0.244755244,0.341463414,0.321678321,0.663141735,0.076923077,0.323809523,0.30395681792643015,0.3000843773590275,93.67312752584733,1.1189171862918152,0.225609756,0.12804878,0.03773585,0.33018868,87.64134803185097,106.6,11.778846153846153,0.26612903,0.66666667,0.43987823,0.58585859,0.86315789,0.76816609,0.10197869,0.438095238,0.333333333,0.228571428,0.39622642,0.41509434,0.18867925,5.294387604880046,0.3201443552970886,,-0.5239543914794922,6.124412775039673,4.202259540557861,-0.9006480259303022
Gleyber Torres,DET,2026,29.0,44.0,195.0,160.0,46.0,4.0,0.2875,0.405128205,0.4,0.805128205,0.1125,0.338709677,0.36144532555157377,0.3488600819381242,132.0200272907284,1.1128598822211706,0.174358974,0.158974358,0.078125,0.3125,85.12109375,106.9,7.3515625,0.208,0.67065868,0.39328537,0.65384615,0.875,0.80487805,0.07673861,0.4609375,0.34375,0.1953125,0.15625,0.4296875,0.4140625,1.48703522125,-2.7603280283510685,,-0.37065598741173744,-0.5278592109680176,-0.2940913140773773,4.58591329018815
Isiah Kiner-Falefa,BOS,2026,31.0,47.0,132.0,119.0,33.0,2.0,0.277310924,0.34351145,0.361344537,0.704855987,0.084033613,0.313131313,0.3167550431863042,0.3118780282827524,97.12348163420607,1.1082852855263852,0.136363636,0.09090909,0.02941176,0.26470588,82.29999900350765,109.0,10.13265306122449,0.37366548,0.65789474,0.48832272,0.7047619,0.936,0.83043478,0.08280255,0.444444444,0.333333333,0.222222222,0.41176471,0.3627451,0.2254902,5.195365110240953,1.3828952768817544,,0.3562604645267129,5.323816537857056,4.639660358428955,0.9361602926312315
Justin Foscue,TEX,2026,27.0,50.0,125.0,112.0,31.0,7.0,0.276785714,0.344,0.526785714,0.870785714,0.25,0.32,0.37304263067245486,0.34947689819335936,141.71690135442185,1.1080547382328076,0.248,0.08,0.12195122,0.42682927,89.36219750381098,111.0,17.76829268292683,0.27626459,0.62222222,0.43775934,0.67605634,0.86428571,0.80094787,0.08713693,0.37804878,0.43902439,0.182926829,0.42682927,0.34146341,0.23170732,0.9884453712500001,-0.05566101986914873,,-0.15807387698441744,0.42781341075897217,1.498343825340271,6.079570230086568
Luis Campusano,SDP,2026,27.0,29.0,88.0,74.0,22.0,4.0,0.297297297,0.409090909,0.554054054,0.963144963,0.256756757,0.36,0.41531395370310004,0.35676899175534305,168.30839835052,1.1074612087302715,0.227272727,0.147727272,0.09259259,0.48148148,88.1907371238426,110.0,14.277777777777779,0.27272727,0.66666667,0.44109589,0.54385965,0.88461538,0.76397516,0.10382514,0.351851851,0.425925925,0.222222222,0.44444444,0.46296296,0.09259259,1.53398617125,0.08524207677692175,,-0.1362705836072564,0.7003148198127747,-1.117243468761444,7.385654880399071
Carlos Correa,HOU,2026,31.0,32.0,141.0,122.0,34.0,3.0,0.278688524,0.368794326,0.418032786,0.786827112,0.139344262,0.329787234,0.3464352586439678,0.3640478951590402,122.4802522646042,1.1060045978560653,0.184397163,0.127659574,0.10309278,0.41237113,89.17834850193299,113.1,7.216494845360825,0.35327635,0.5974026,0.45017182,0.70967742,0.86231884,0.79007634,0.09433962,0.474226804,0.319587628,0.206185567,0.40206186,0.29896907,0.29896907,3.5792951943503786,0.34206516295671463,,-0.01803293079137802,1.8449963927268982,0.7596057057380676,4.071381077209895
Luke Keaschall,MIN,2026,23.0,94.0,366.0,315.0,83.0,4.0,0.263492063,0.352459016,0.352380952,0.704839968,0.088888889,0.302681992,0.31779106447141464,0.2987181066156744,101.32530338312331,1.0864982368148386,0.150273224,0.098360655,0.03018868,0.27924528,84.2836487048479,107.3,17.026615969581748,0.2486911,0.62686567,0.41550841,0.70526316,0.91798942,0.84683099,0.06355004,0.371212121,0.416666666,0.212121212,0.38867925,0.31320755,0.29811321,5.410669083261241,2.8670051200315356,,0.14354539941996336,-5.740074098110199,-6.525967597961426,3.4377017045279024
Jonny DeLuca,TBR,2026,27.0,60.0,189.0,178.0,46.0,6.0,0.258426966,0.294117647,0.438202247,0.732319894,0.179775281,0.300751879,0.31680181893435394,0.28423853991503384,100.51538484466047,1.0732201657048845,0.206349206,0.047619047,0.04255319,0.29078014,84.84926470588235,109.0,16.389705882352942,0.3824228,0.74637681,0.52654232,0.62111801,0.87864078,0.76566757,0.12338594,0.367647058,0.448529411,0.183823529,0.44680851,0.32624113,0.22695035,5.135109766273094,1.4193305866792798,,0.362485040910542,2.3458343744277954,3.6627066135406494,1.53393526042794
Nathan Lukes,TOR,2026,31.0,65.0,231.0,210.0,61.0,5.0,0.29047619,0.342105263,0.4,0.742105263,0.10952381,0.325581395,0.32876183092594147,0.2937867683276795,110.29038513627131,1.0730811003958292,0.147186147,0.051948051,0.01111111,0.28888889,86.56800223214286,107.5,11.285714285714286,0.36931818,0.6758794,0.50107991,0.81538462,0.86988848,0.84698276,0.07659115,0.497142857,0.291428571,0.211428571,0.35,0.33888889,0.31111111,1.4904811992556846,-1.0533175254240632,,-0.7698822403326631,0.6368374824523926,2.6773035526275635,1.7434250293211302
Victor Caratini,MIN,2026,32.0,73.0,276.0,233.0,56.0,7.0,0.240343347,0.329710144,0.369098712,0.698808856,0.128755365,0.267759562,0.3097348093986511,0.33584009343927557,95.75557778510209,1.071759360161041,0.184782608,0.094202898,0.07368421,0.38421053,89.53157894736842,107.2,13.384210526315789,0.2907563,0.57427938,0.41300191,0.61271676,0.91505792,0.79398148,0.08508604,0.436842105,0.352631578,0.210526315,0.40526316,0.32631579,0.26842105,0.85119047125,-2.739422405138612,,-0.403360927477479,4.879740953445435,2.0150861740112305,-4.117699511337385
Jake Burger,TEX,2026,30.0,96.0,389.0,355.0,85.0,17.0,0.239436619,0.300771208,0.422535211,0.723306419,0.183098592,0.285714285,0.3154600538447461,0.3078645809676296,101.90694632437364,1.0348973473139553,0.262210796,0.074550128,0.10588235,0.46666667,90.00236999752964,113.6,13.482213438735178,0.3880422,0.671875,0.50244927,0.50755287,0.81653747,0.67409471,0.16363636,0.450980392,0.380392156,0.16862745,0.4745098,0.32941176,0.19607843,2.557041823513708,-0.11132295615971088,,-0.06877080164849758,-4.394898176193237,2.729015588760376,0.7614413002943674
Jake Mangum,PIT,2026,30.0,80.0,270.0,246.0,74.0,2.0,0.300813008,0.352059925,0.373983739,0.726043664,0.073170731,0.361809045,0.32306146688927384,0.2855270270145301,100.96886777919813,1.0331803694867836,0.17037037,0.051851851,0.01470588,0.26960784,84.69690318943299,104.6,3.020618556701031,0.48877375,0.72167488,0.58477157,0.75265018,0.87372014,0.81423611,0.10851927,0.602040816,0.229591836,0.168367346,0.2745098,0.35294118,0.37254902,6.107096813206631,2.064820721745491,,0.6704618483781815,-0.976186640560627,-0.11770475655794144,2.382521969786785
Will Smith,LAD,2026,31.0,52.0,201.0,173.0,43.0,6.0,0.248554913,0.338308457,0.38150289,0.719811347,0.132947977,0.272058823,0.3208608929790668,0.38530981718604246,101.8580650659751,1.0172358416233698,0.169154228,0.11442786,0.13380282,0.3943662,89.97676193882042,110.8,19.908450704225352,0.24590164,0.63414634,0.41306884,0.725,0.92735043,0.85875706,0.05827506,0.28169014,0.471830985,0.246478873,0.3028169,0.4084507,0.28873239,1.28869047125,-1.6878525922074914,,-0.3106969306245446,4.736499190330505,1.5832070112228394,-1.234279148531921
Daulton Varsho,TOR,2026,29.0,87.0,322.0,293.0,70.0,7.0,0.238907849,0.304347826,0.382252559,0.686600385,0.14334471,0.28125,0.30054010190069674,0.2996899366378784,90.77917488378799,1.012602732318472,0.195652173,0.080745341,0.06926407,0.38528139,86.21739130434783,110.4,14.656521739130435,0.39430894,0.74200426,0.52941176,0.72852234,0.91091954,0.82785603,0.0910596,0.382608695,0.417391304,0.2,0.3982684,0.40692641,0.19480519,6.100728806509729,0.987608278170228,,1.4184423927217722,1.0414558593183756,-0.024501686915755272,-2.50568089843852
Trent Grisham,NYY,2026,29.0,80.0,320.0,274.0,62.0,11.0,0.226277372,0.328125,0.412408759,0.740533759,0.186131387,0.239436619,0.3261361761018634,0.35479068756103516,109.00691945046383,0.9981813256523057,0.165625,0.134375,0.11160714,0.47767857,91.26518031529018,111.6,17.674107142857142,0.20027624,0.60353982,0.37703646,0.64827586,0.92961877,0.84567901,0.05818464,0.388392857,0.473214285,0.138392857,0.45535714,0.35267857,0.19196429,6.0266303578592,-2.061438037082553,,0.5592570770531893,-2.8652294278144836,-3.8277347087860107,1.329619343105724
Dalton Rushing,LAD,2026,25.0,65.0,218.0,190.0,46.0,10.0,0.242105263,0.334862385,0.452631578,0.787493963,0.210526315,0.3,0.3443088569772353,0.3352905909220378,117.56255978200447,0.9967474375001806,0.279816513,0.105504587,0.11538462,0.43076923,89.02170391230621,109.3,18.186046511627907,0.31380753,0.73352436,0.49093108,0.52,0.8125,0.7044335,0.14475271,0.333333333,0.410852713,0.255813953,0.46153846,0.34615385,0.19230769,1.74243340875,0.29162496607750654,,-0.2888936372473836,-2.1972354650497437,-4.965868353843689,4.941432241821318
Bo Bichette,NYM,2026,28.0,100.0,431.0,395.0,101.0,10.0,0.255696202,0.303944315,0.374683544,0.678627859,0.118987342,0.288888888,0.29822964471896674,0.3275763578193132,89.4579024069032,0.9925209403769951,0.176334106,0.064965197,0.06769231,0.42769231,89.81574315200618,114.9,8.021604938271604,0.4200627,0.6968254,0.52993069,0.72885572,0.92938497,0.83353151,0.08810573,0.48,0.32,0.2,0.26461538,0.36,0.37538462,2.9445531400480354,-1.6439767489209771,,-0.3723364481702447,2.90749129652977,0.3263305127620697,-7.1621451005826415
Nasim Nunez,WSN,2026,25.0,93.0,322.0,280.0,69.0,1.0,0.246428571,0.329113924,0.292857142,0.621971066,0.046428571,0.328502415,0.28655381029165244,0.2695164787121855,78.39755703591659,0.9865540094541548,0.226708074,0.105590062,0.0046729,0.20093458,84.7719427614796,105.8,7.522842639593908,0.27395412,0.69808028,0.45890411,0.63054187,0.8825,0.79767828,0.09277567,0.507537688,0.306532663,0.185929648,0.35046729,0.42523364,0.22429907,8.296816960729375,6.107294961810112,,5.214406177401543,1.5870764702558517,0.13017253577709198,-2.340617060274326
Wade Meckler,LAA,2026,26.0,46.0,143.0,129.0,39.0,2.0,0.302325581,0.37062937,0.410852713,0.781482083,0.108527132,0.389473684,0.34756373067002194,0.3224277362956867,121.48276099979248,0.9811917701533714,0.223776223,0.097902097,0.05154639,0.32989691,86.74062093098958,105.8,7.677083333333333,0.3006993,0.65402844,0.45070423,0.55813953,0.89855072,0.76785714,0.10462777,0.447916666,0.260416666,0.291666666,0.3814433,0.41237113,0.20618557,4.380609677379954,0.7048106910660863,,0.3656146051362157,0.2905997037887573,1.9178285598754883,4.319200721948269
Spencer Steer,CIN,2026,28.0,95.0,374.0,331.0,81.0,16.0,0.24471299,0.324396782,0.432024169,0.756420951,0.187311179,0.277777777,0.33160553365226725,0.3447957811408869,103.73186060089344,0.9797711548934056,0.221925133,0.09090909,0.11952191,0.39442231,89.74084940159574,107.2,16.73617021276596,0.29411765,0.66825397,0.45337838,0.628,0.86698337,0.77794337,0.1006077,0.432,0.416,0.152,0.472,0.312,0.216,3.751870696514874,1.6103508742526174,,0.10397508461028337,-5.824517488479614,-1.6344172954559326,3.305420956005239
J.P. Crawford,SEA,2026,31.0,82.0,349.0,293.0,63.0,10.0,0.215017064,0.338108882,0.351535836,0.689644718,0.136518772,0.247663551,0.31450589953315977,0.33235872202906114,106.44403113321047,0.9783176398752497,0.200573065,0.143266475,0.06696429,0.36160714,88.19272904829545,107.8,12.004545454545454,0.21201413,0.60094637,0.37828726,0.72777778,0.90551181,0.84848485,0.05723906,0.475113122,0.339366515,0.185520361,0.38392857,0.35267857,0.26339286,1.8147089010248654,-1.3311368096619844,,-1.580916853621602,-4.081495046615601,-6.825550079345703,1.3148759756206827
Ryan O'Hearn,PIT,2026,32.0,86.0,356.0,320.0,90.0,16.0,0.28125,0.345505617,0.471875,0.817380617,0.190625,0.324561403,0.3540924686781118,0.32664242596693444,121.75217347106837,0.9692429163374904,0.221910112,0.078651685,0.07786885,0.45491803,89.82663614241804,108.1,13.745901639344263,0.33712121,0.64510779,0.4702509,0.68539326,0.88431877,0.80335366,0.09240688,0.405737704,0.38114754,0.213114754,0.42213115,0.31147541,0.26639344,2.595461820007766,-3.166539509780705,,-0.3069265680387616,-8.273499011993408,-2.947138786315918,6.238124823993967
Tommy Edman,LAD,2026,31.0,26.0,93.0,79.0,28.0,2.0,0.354430379,0.439560439,0.518987341,0.95854778,0.164556962,0.433333333,0.4202426554082514,0.38845146095359717,168.41993641057132,0.9603562878311724,0.182795698,0.086021505,0.09375,0.40625,90.40806136592742,107.4,11.14516129032258,0.34673367,0.66206897,0.47965116,0.62318841,0.9375,0.80606061,0.09302326,0.467741935,0.29032258,0.241935483,0.515625,0.3125,0.171875,5.950866155362277,-0.043895840644836426,,-0.19000506401062012,-1.217107743024826,-0.9530473947525024,7.683911002130574
Jackson Merrill,SDP,2026,23.0,97.0,411.0,379.0,83.0,12.0,0.218997361,0.274509803,0.35883905,0.633348853,0.139841689,0.269961977,0.27760033302119214,0.3089174247082369,76.07340393935388,0.9534997083780326,0.253041362,0.06812652,0.0971223,0.45323741,89.57757209329044,109.7,13.095588235294118,0.39090909,0.78494624,0.5472273,0.63049096,0.85518591,0.75835189,0.13215591,0.406593406,0.384615384,0.208791208,0.41366906,0.31294964,0.27338129,5.912554291280673,4.591100363060832,,2.721875099465251,3.3643038272857666,1.9205458164215088,-7.35189828441384
Daylen Lile,WSN,2026,23.0,99.0,419.0,385.0,95.0,11.0,0.246753246,0.298329355,0.407792207,0.706121562,0.161038961,0.278145695,0.30636496464031165,0.31715711415242803,91.666264238438,0.9459807285315172,0.181384248,0.059665871,0.0798722,0.35782748,88.14519481169872,109.5,17.560897435897434,0.3951049,0.77831715,0.55555556,0.64011799,0.8981289,0.79146341,0.11569689,0.348242811,0.463258785,0.188498402,0.44408946,0.28434505,0.2715655,5.813605734235878,0.43855684250593185,,-0.7575660422444344,-0.5210943222045898,5.0378899574279785,-3.8022099711636343
Bryce Eldridge,SFG,2026,21.0,58.0,235.0,203.0,55.0,10.0,0.27093596,0.365957446,0.48275862,0.848716066,0.21182266,0.335820895,0.36811962596371645,0.37183060605301815,135.37091756667462,0.9435571455959206,0.255319148,0.131914893,0.13194444,0.54861111,92.54861111111111,113.4,13.82638888888889,0.28881469,0.63089005,0.42201835,0.6416185,0.86721992,0.77294686,0.09582059,0.381944444,0.368055555,0.25,0.44444444,0.31944444,0.23611111,2.376153329369299,-2.5994934123009443,,-0.13795104436576366,-5.832939803600311,-0.1562139391899109,7.4954719218966925
Angel Martinez,CLE,2026,24.0,66.0,243.0,226.0,54.0,11.0,0.238938053,0.276150627,0.442477876,0.718628503,0.203539823,0.26380368,0.30938755518222955,0.3055076599121094,97.48479135977738,0.9349369739644613,0.218106995,0.028806584,0.07865169,0.36516854,87.85639421329942,110.1,14.453488372093023,0.44840525,0.6657754,0.53803749,0.74058577,0.91967871,0.83196721,0.09040794,0.416184971,0.404624277,0.179190751,0.47191011,0.3258427,0.20224719,6.113250983878553,1.1999841155484319,,0.7344571771100163,0.10416722297668457,2.5475823879241943,0.48088431012281774
Joshua Kuroda-Grauer,ATH,2026,23.0,16.0,62.0,60.0,25.0,1.0,0.416666666,0.43548387,0.583333333,1.018817203,0.166666667,0.461538461,0.4416985184915604,0.3273075291367828,184.89932062249514,0.9320657562581939,0.112903225,0.016129032,0.01886792,0.37735849,89.15384615384616,107.1,7.923076923076923,0.41463415,0.69902913,0.54424779,0.84313725,0.875,0.86178862,0.07522124,0.509433962,0.207547169,0.283018867,0.43396226,0.33962264,0.22641509,1.9667937829178732,-0.41415500920265913,,-0.5191443664953113,1.2339685559272766,0.9699082970619202,5.778897836134178
Cam Smith,HOU,2026,23.0,100.0,375.0,334.0,70.0,12.0,0.209580838,0.283422459,0.362275449,0.645697908,0.152694611,0.245762711,0.285532164701166,0.3340899526590928,80.37464385621064,0.9264848060268092,0.24,0.085333333,0.11646586,0.44176707,89.36816007653061,114.7,11.542857142857143,0.32122588,0.67538462,0.4715872,0.55830389,0.8428246,0.73130194,0.12663185,0.471774193,0.346774193,0.181451612,0.375,0.39112903,0.23387097,5.220513457129029,3.000814512372017,,1.1483554393053055,1.450976848602295,5.693088531494141,-5.657985235140217
Miguel Amaya,CHC,2026,27.0,54.0,165.0,138.0,32.0,3.0,0.231884057,0.349693251,0.355072463,0.704765714,0.123188406,0.302083333,0.32224564903352887,0.2976929132192413,104.05273230310806,0.9105179372960684,0.236363636,0.109090909,0.05940594,0.33663366,86.58181423611111,105.7,21.8989898989899,0.30454545,0.64074074,0.43239437,0.69402985,0.80924855,0.75895765,0.10422535,0.333333333,0.474747474,0.191919191,0.37,0.4,0.23,2.5763677775,-0.875092713162303,,-0.2507378738373518,3.6848660707473755,1.605533480644226,-0.06296841248037932
Jung Hoo Lee,SFG,2026,27.0,92.0,368.0,347.0,105.0,5.0,0.302593659,0.33423913,0.423631123,0.757870253,0.121037464,0.323624595,0.3305471630200096,0.31192161725914996,110.20640666015228,0.9063238968069561,0.097826086,0.038043478,0.02229299,0.2866242,87.1247613545016,107.6,10.167202572347266,0.33111702,0.63451777,0.46463142,0.77911647,0.95733333,0.88621795,0.0527881,0.453376205,0.311897106,0.234726688,0.40764331,0.35987261,0.23248408,5.767709743161394,0.16953046806156635,,0.6876226235181093,-7.7810797691345215,-4.519763469696045,4.731068817877634
Jose Caballero,NYY,2026,29.0,86.0,310.0,283.0,70.0,10.0,0.247349823,0.298701298,0.392226148,0.690927446,0.144876325,0.289855072,0.3029349148273468,0.27026786302265365,92.96663054949114,0.8993925369814548,0.222580645,0.054838709,0.03652968,0.25114155,83.74925915948276,108.5,12.299019607843137,0.38670285,0.63654224,0.48876404,0.68421053,0.83641975,0.76518883,0.11403509,0.473170731,0.336585365,0.190243902,0.45205479,0.32876712,0.21917808,5.479028014729663,2.0653803506866097,,0.8883618274703622,-1.6567020416259766,-3.7406065464019775,-0.49989510548929683
Derek Hill,- - -,2026,30.0,75.0,151.0,137.0,35.0,8.0,0.255474452,0.31081081,0.452554744,0.763365554,0.197080292,0.369863013,0.3319676280827136,0.3034106533543593,109.23560991745136,0.8891312061172432,0.370860927,0.066225165,0.11904762,0.35714286,90.56891693940034,109.8,15.364864864864865,0.35,0.6916996,0.49102773,0.46825397,0.79428571,0.65780731,0.16720779,0.378378378,0.351351351,0.27027027,0.4047619,0.38095238,0.21428571,5.6122885075185085,0.41058546770364046,,0.14690632093697786,1.4379854127764702,2.393060751259327,2.1588292951264965
Joey Ortiz,MIL,2026,27.0,87.0,256.0,225.0,51.0,5.0,0.226666666,0.297619047,0.328888888,0.626507935,0.102222222,0.259887005,0.28096400130362736,0.3002193995884487,75.37915609047018,0.8885186537190388,0.1796875,0.09375,0.04301075,0.34408602,87.89438311973315,110.8,5.915730337078652,0.32092199,0.58548009,0.43491423,0.71823204,0.912,0.83062645,0.07344064,0.494382022,0.348314606,0.15730337,0.29032258,0.4516129,0.25806452,3.803575326188497,-0.9046809058636427,,-0.6002659182995558,8.991403579711914,6.413671970367432,-8.559475538482207
Colton Cowser,BAL,2026,26.0,88.0,243.0,211.0,44.0,8.0,0.208530805,0.301652892,0.33649289,0.638145782,0.127962085,0.270676691,0.2880414788388024,0.31429167818432013,82.99050264228728,0.8836763718173894,0.296296296,0.115226337,0.1056338,0.36619718,86.92086330935251,113.3,12.877697841726619,0.29720854,0.65609756,0.44160942,0.49171271,0.80297398,0.67777778,0.14215686,0.431654676,0.424460431,0.143884892,0.41549296,0.35915493,0.22535211,3.697593754684103,0.5854897815734148,,-0.16910847835242748,4.355276465415955,5.062866687774658,-4.277536706454288
Vladimir Guerrero Jr.,TOR,2026,27.0,95.0,403.0,351.0,91.0,6.0,0.259259259,0.342431761,0.353276353,0.695708114,0.094017094,0.286195286,0.30852425487796264,0.34249858760354507,96.29905239689421,0.8713850808345012,0.131513647,0.106699751,0.06930693,0.43894389,90.08283699463696,116.0,7.841584158415841,0.34897025,0.68050542,0.47759104,0.7442623,0.86737401,0.81231672,0.08963585,0.478547854,0.323432343,0.198019801,0.39273927,0.37623762,0.2310231,4.120112211850824,-0.32891297340393066,,0.37392908334732056,-3.667358875274658,3.798919200897217,-2.0837098958376674
Endy Rodriguez,PIT,2026,26.0,35.0,122.0,100.0,26.0,5.0,0.26,0.388429752,0.47,0.858429752,0.21,0.318181818,0.3780418008812203,0.3658822430066826,137.79246426414224,0.8670839628942825,0.237704918,0.172131147,0.125,0.45833333,92.4,107.9,19.914285714285715,0.26199262,0.65346535,0.42917548,0.54929577,0.90151515,0.77832512,0.09513742,0.342857142,0.471428571,0.185714285,0.4084507,0.36619718,0.22535211,3.5169630235030263,-0.5605358220636845,,0.20377036556601524,-0.44253408908843994,-2.3115326166152954,5.039047164155824
Trea Turner,PHI,2026,33.0,98.0,433.0,402.0,99.0,14.0,0.246268656,0.295612009,0.395522388,0.691134397,0.149253732,0.290102389,0.30268483473026725,0.29482059610908634,87.59106877128899,0.8659175615435655,0.224018475,0.062355658,0.06840391,0.41042345,88.79869452361564,110.1,10.149837133550488,0.36931217,0.70967742,0.51198525,0.5530086,0.8677686,0.73589436,0.13521819,0.459283387,0.368078175,0.172638436,0.31596091,0.39739414,0.28664495,5.978188874103028,2.6102303713560104,,2.0455635637044907,-1.657679557800293,-5.820916175842285,-3.9152564597667805
Samuel Basallo,BAL,2026,21.0,86.0,311.0,282.0,68.0,16.0,0.241134751,0.305466237,0.450354609,0.755820846,0.209219858,0.279569892,0.3247776384492522,0.3355406971720906,108.38820004725898,0.8570075559612547,0.263665594,0.083601286,0.12871287,0.45544554,91.25373134328358,112.5,10.930348258706468,0.42836879,0.69931663,0.53234266,0.5794702,0.83713355,0.70935961,0.15472028,0.450495049,0.366336633,0.183168316,0.46039604,0.34158416,0.1980198,1.7101648275,-1.7611157847568393,,-0.3652051640674472,-3.919914275407791,-3.689004421234131,1.3081751004770514
Ronald Acuna Jr.,ATL,2026,28.0,53.0,236.0,195.0,49.0,7.0,0.251282051,0.372881355,0.42051282,0.793394175,0.169230769,0.304347826,0.3502779075732598,0.37815335265591615,120.59244097476598,0.856107325987918,0.220338983,0.148305084,0.13103448,0.43448276,90.05862068965517,113.3,17.572413793103447,0.27574751,0.75211268,0.45245559,0.64457831,0.80524345,0.74364896,0.11586639,0.413793103,0.4,0.186206896,0.37241379,0.31034483,0.31724138,5.653263890711946,0.3766937367618084,,-0.27970700338482857,-5.5144431591033936,-2.963003158569336,6.278846912274044
Gary Sanchez,MIL,2026,33.0,55.0,181.0,143.0,32.0,8.0,0.223776223,0.381215469,0.44055944,0.821774909,0.216783217,0.228571428,0.3651626689657981,0.3701865340078343,131.7720067234956,0.8408898097605826,0.171270718,0.193370165,0.08849558,0.36283186,88.5858424363938,111.9,15.31858407079646,0.21535181,0.55149502,0.34675325,0.62376238,0.86144578,0.77153558,0.07911803,0.38938053,0.451327433,0.159292035,0.45132743,0.37168142,0.17699115,2.6746367962499997,-1.16311080660671,,-0.2997952839359641,-3.4108296781778336,-3.1770619451999664,5.821044113817755
Javier Sanoja,MIA,2026,23.0,83.0,259.0,243.0,66.0,3.0,0.271604938,0.310077519,0.399176954,0.709254473,0.127572016,0.287671232,0.3098653450954792,0.2759733200073242,92.66641639861422,0.8405448567255545,0.084942084,0.054054054,0.01345291,0.31390135,87.23720930232558,108.4,10.63425925925926,0.42406312,0.63636364,0.51105937,0.83255814,0.94642857,0.89066059,0.05587893,0.439814814,0.361111111,0.199074074,0.47085202,0.30044843,0.22869955,4.640637212733339,0.4216498574241996,,-0.1418543616309762,1.7442913055419922,1.0704232454299927,-1.8851326786409657
Heriberto Hernandez,MIA,2026,26.0,71.0,246.0,220.0,52.0,13.0,0.236363636,0.31300813,0.463636363,0.776644493,0.227272727,0.263513513,0.33463392792915814,0.3600409060108418,109.25540801705193,0.8371756005741651,0.243902439,0.097560975,0.1242236,0.50931677,92.34906953610249,110.9,13.763975155279503,0.26966292,0.71867008,0.45945946,0.48611111,0.80071174,0.69411765,0.14038877,0.391304347,0.416149068,0.192546583,0.47204969,0.36024845,0.16770186,4.278694391719352,-0.2531541856005788,,0.07994893472641706,-2.2615914940834045,0.5607673525810242,2.5120125239346476
Joey Wiemer,WSN,2026,27.0,32.0,83.0,70.0,20.0,3.0,0.285714285,0.397590361,0.514285714,0.911876075,0.228571429,0.447368421,0.3962044802056738,0.3146754939381669,151.8371258790082,0.8357468120677762,0.34939759,0.144578313,0.09756098,0.3902439,88.77435772235577,110.5,2.2051282051282053,0.28140704,0.57352941,0.4,0.48214286,0.84615385,0.69402985,0.12238806,0.55,0.25,0.2,0.43902439,0.26829268,0.29268293,7.015829983356596,0.8409417793154716,,0.06918024271726608,-0.506023719906807,0.23643164336681366,6.066222772390578
Kyle Stowers,MIA,2026,28.0,76.0,322.0,283.0,65.0,12.0,0.229681978,0.314641744,0.434628975,0.749270719,0.204946997,0.313609467,0.32450186795201796,0.3228709062438774,102.46936542563891,0.8310087952092491,0.322981366,0.093167701,0.11538462,0.53846154,91.50221210290056,111.9,16.441988950276244,0.36956522,0.7593361,0.52380952,0.44852941,0.82513661,0.6645768,0.17569787,0.392265193,0.41436464,0.193370165,0.5,0.31868132,0.18131868,4.080511137716997,0.3737399987876415,,-0.5862347073853016,-3.6323448419570923,0.9681347608566284,1.3394169780468184
Victor Mesa Jr.,TBR,2026,24.0,37.0,116.0,101.0,22.0,8.0,0.217821782,0.304347826,0.475247524,0.77959535,0.257425742,0.208955223,0.3353982365649679,0.32551004161005437,113.37209585656672,0.8269051269509651,0.23275862,0.112068965,0.11842105,0.38157895,88.35138617621527,109.1,22.583333333333332,0.34108527,0.76966292,0.51605505,0.70454545,0.8540146,0.79555556,0.10550459,0.319444444,0.555555555,0.125,0.43421053,0.35526316,0.21052632,3.6414619406069813,-0.4585444713011384,,-0.36742802057415247,2.6794828176498413,3.9089064598083496,1.3664701649171733
J.T. Realmuto,PHI,2026,35.0,72.0,272.0,242.0,52.0,7.0,0.214876033,0.294117647,0.347107438,0.641225085,0.132231405,0.247252747,0.2872670183286947,0.3138674700701678,77.26484103441089,0.8228662160106064,0.202205882,0.073529411,0.04761905,0.39153439,89.33957219251337,109.4,10.668449197860962,0.35725938,0.6547619,0.47821878,0.68949772,0.85454545,0.78137652,0.10444874,0.444444444,0.343915343,0.211640211,0.41269841,0.34391534,0.24338624,3.767342046793101,0.8143814820796251,,0.2620489615947008,5.955514073371887,0.631440281867981,-6.695922969803706
Griffin Conine,MIA,2026,28.0,34.0,103.0,91.0,25.0,7.0,0.274725274,0.3592233,0.549450549,0.908673849,0.274725275,0.352941176,0.3901890088053583,0.3813846180739912,146.46394664057667,0.820094900371169,0.320388349,0.097087378,0.15517241,0.53448276,89.88965685614224,114.4,3.103448275862069,0.37190083,0.73376623,0.51262626,0.45555556,0.75221239,0.62068966,0.19395466,0.534482758,0.24137931,0.224137931,0.53448276,0.37931034,0.0862069,4.119338758543851,0.6037862207740545,,0.2582785990089178,-1.6639769449830055,-0.09847644716501236,6.416031911694899
Francisco Lindor,NYM,2026,32.0,44.0,188.0,168.0,37.0,6.0,0.220238095,0.303191489,0.386904761,0.69009625,0.166666666,0.236641221,0.3053165667868675,0.34163673887861534,94.20443520510065,0.8177915177758875,0.164893617,0.09574468,0.09489051,0.48905109,92.04963361085767,111.3,14.897810218978103,0.31578947,0.68269231,0.45781638,0.66025641,0.8685446,0.7804878,0.10049628,0.408759124,0.423357664,0.167883211,0.48175182,0.2919708,0.22627737,5.828423766327403,-0.17541274800896645,,-0.2554149441421032,3.4516525268554688,1.6649587154388428,-1.4986699258601341
Heliot Ramos,SFG,2026,26.0,62.0,252.0,239.0,66.0,9.0,0.276150627,0.309523809,0.468619246,0.778143055,0.192468619,0.349693251,0.3330722911899308,0.34110739923292593,111.89763503311134,0.8132250967850287,0.269841269,0.047619047,0.15697674,0.50581395,92.56094558986686,111.7,6.266272189349112,0.39685315,0.73758865,0.54170854,0.5814978,0.87820513,0.75324675,0.13366834,0.523255813,0.28488372,0.191860465,0.38372093,0.38372093,0.23255814,3.6917701774999996,0.4121992401778698,,-0.28344281390309334,-4.236043214797974,-1.4651246070861816,4.053460384977004
Lars Nootbaar,STL,2026,28.0,36.0,138.0,117.0,30.0,3.0,0.256410256,0.36231884,0.401709401,0.764028241,0.145299145,0.317647058,0.3379912898488288,0.35651271483477426,114.94984436339737,0.8093872952025088,0.217391304,0.144927536,0.10227273,0.51136364,91.52558366642442,112.8,6.2988505747126435,0.21452145,0.4980695,0.34519573,0.69230769,0.88372093,0.81958763,0.06216696,0.48275862,0.344827586,0.172413793,0.43181818,0.36363636,0.20454545,4.008996777856573,-0.15002463664859533,,-0.42816083040088415,1.1473675966262817,2.5431149005889893,2.3555445608950607
Daniel Susac,SFG,2026,25.0,39.0,122.0,110.0,29.0,0.0,0.263636363,0.308333333,0.336363636,0.644696969,0.072727273,0.353658536,0.2862183074156443,0.2939213752746582,80.51673813879323,0.8017528500627572,0.245901639,0.049180327,0.04761905,0.29761905,86.52072813452745,104.7,16.74390243902439,0.43396226,0.7,0.54157303,0.6,0.8968254,0.75518672,0.132287,0.37804878,0.365853658,0.25609756,0.4047619,0.32142857,0.27380952,3.8871453019510156,-0.2974646296352148,,-0.1791034173220396,7.134183764457703,4.846232295036316,-3.184234353661545
Colt Keith,DET,2026,24.0,90.0,282.0,262.0,67.0,8.0,0.25572519,0.301418439,0.400763358,0.702181797,0.145038168,0.293532338,0.3067931524405243,0.32699438346238324,94.23601911139417,0.7969303629110828,0.19503546,0.053191489,0.08133971,0.43062201,89.2764423076923,109.6,12.432692307692308,0.26978417,0.63829787,0.43859649,0.66666667,0.87333333,0.80444444,0.08560311,0.397129186,0.406698564,0.196172248,0.3923445,0.3923445,0.215311,5.6920304970764075,1.6474162554368377,,0.4456964945420623,-1.9068909883499146,1.198961853981018,-0.26499161297258533
Austin Martin,MIN,2026,27.0,88.0,283.0,238.0,58.0,2.0,0.243697478,0.356890459,0.319327731,0.67621819,0.075630253,0.301075268,0.3126491162886468,0.31314378071168286,97.77039602746075,0.7951360331038584,0.183745583,0.134275618,0.0212766,0.28191489,86.96558929771506,106.8,11.78494623655914,0.19939117,0.65319149,0.38864241,0.63358779,0.89250814,0.81506849,0.07187223,0.462365591,0.338709677,0.198924731,0.38829787,0.35638298,0.25531915,4.103740692278512,-1.6639921208843589,,-0.9676939388737082,0.18105626106262207,2.7925097942352295,-2.406366621975956
Austin Hedges,CLE,2026,33.0,50.0,147.0,130.0,37.0,3.0,0.284615384,0.342657342,0.407692307,0.750349649,0.123076923,0.330097087,0.3310314458566946,0.29523692097697224,112.44838559078634,0.7538347851912466,0.170068027,0.074829931,0.05454545,0.32727273,87.04339254127359,109.6,10.160377358490566,0.30031949,0.65853659,0.45796064,0.58510638,0.88888889,0.77734375,0.1019678,0.452830188,0.311320754,0.235849056,0.50909091,0.32727273,0.16363636,2.4739142030834183,-1.1105892499908805,,-0.42816083040088415,1.1746460646390915,-1.943209245800972,1.0423870461087033
Miguel Rojas,LAD,2026,37.0,67.0,162.0,143.0,42.0,3.0,0.293706293,0.3375,0.419580419,0.757080419,0.125874126,0.302325581,0.3284450426697731,0.32934134006500243,106.93762074733725,0.7426934953486137,0.098765432,0.061728395,0.06716418,0.37313433,87.35426507994185,109.8,13.51937984496124,0.33431085,0.67532468,0.47202797,0.73684211,0.90384615,0.83333333,0.07839721,0.472868217,0.333333333,0.193798449,0.36567164,0.3880597,0.24626866,1.597855701815782,-1.3522152844816446,,-0.6445133034139872,2.046239495277405,1.4438163042068481,0.01273305038220629
Samad Taylor,SDP,2026,27.0,26.0,102.0,88.0,29.0,1.0,0.329545454,0.41,0.397727272,0.807727272,0.068181818,0.49122807,0.363838130235672,0.3261114501953125,133.83198079415445,0.7318174782712185,0.294117647,0.117647058,0.03333333,0.25,85.20577298677884,103.1,6.711538461538462,0.27916667,0.50877193,0.37469586,0.58208955,0.91954023,0.77272727,0.08515815,0.461538461,0.153846153,0.384615384,0.36666667,0.45,0.18333333,6.913457321757519,0.654574440792203,,0.5772900078445673,-0.9345198348164558,0.10457461327314377,4.845580038536419
Ryan McMahon,NYY,2026,31.0,81.0,236.0,217.0,47.0,9.0,0.216589861,0.276595744,0.382488479,0.659084223,0.165898618,0.281481481,0.28945066700590416,0.3095863863953158,83.64423949026806,0.7291812229081367,0.309322033,0.076271186,0.11034483,0.50344828,90.95492682658451,110.5,12.190140845070422,0.30474453,0.65952381,0.45867769,0.53293413,0.83393502,0.72072072,0.12783505,0.419580419,0.398601398,0.181818181,0.4,0.32413793,0.27586207,2.90959348206771,-0.18005951400846243,,-0.4873461341485381,3.5199122428894043,2.502537250518799,-4.721479084149988
Kyle Tucker,LAD,2026,29.0,94.0,394.0,341.0,82.0,7.0,0.240469208,0.33502538,0.366568914,0.701594294,0.126099706,0.289575289,0.31465674006394323,0.33283775833052426,97.70277522159427,0.7248589436587578,0.197969543,0.121827411,0.05639098,0.38345865,88.81094487028302,107.6,16.20754716981132,0.28393665,0.75412294,0.48613798,0.60159363,0.88071571,0.78779841,0.1030264,0.373584905,0.4,0.226415094,0.43984962,0.33834586,0.22180451,5.385811483869665,0.8868435462936759,,0.6276635667309165,-5.482741594314575,-1.3503692150115967,-0.21239097126276074
Oswald Peraza,LAA,2026,26.0,87.0,282.0,264.0,64.0,7.0,0.242424242,0.284697508,0.378787878,0.663485386,0.136363636,0.325714285,0.290972729594682,0.2803570053483423,82.35833600826268,0.722815375574977,0.294326241,0.035460992,0.07650273,0.37704918,87.36836268538136,110.3,9.5561797752809,0.38888889,0.76940639,0.5503876,0.53679654,0.87537092,0.73767606,0.14437984,0.486033519,0.312849162,0.201117318,0.38251366,0.39344262,0.22404372,6.437118196346065,1.9280712939798832,,1.2417931891977787,1.019807130098343,0.27392271161079407,-3.9251849332096675
Leody Taveras,BAL,2026,27.0,86.0,301.0,262.0,63.0,4.0,0.240458015,0.319727891,0.362595419,0.68232331,0.122137404,0.322404371,0.304368505064322,0.28919109855730507,94.27826042633254,0.7202971741709364,0.252491694,0.099667774,0.04639175,0.29896907,87.30395369879943,110.0,15.11864406779661,0.31818182,0.68094218,0.46018441,0.59307359,0.87735849,0.75774135,0.11139028,0.402234636,0.407821229,0.189944134,0.34536082,0.38659794,0.26804124,7.173233216972239,2.327766385860741,,0.344452110119164,-3.9094932824373245,-4.076388359069824,0.3014676947652033
Braden Montgomery,CHW,2026,23.0,33.0,133.0,120.0,29.0,3.0,0.241666666,0.308270676,0.416666666,0.724937342,0.175,0.282608695,0.31603127852418367,0.31438544302275684,100.61631993675574,0.7082695644906616,0.195488721,0.082706766,0.04210526,0.42105263,90.06382978723404,107.8,6.680851063829787,0.3032491,0.81042654,0.52254098,0.54761905,0.86549708,0.76078431,0.125,0.574468085,0.287234042,0.138297872,0.36842105,0.33684211,0.29473684,4.453018825633,-0.3032728163525462,,-0.7783296732231975,2.472294569015503,3.9263410568237305,-0.20683069848586844
Jonah Heim,- - -,2026,31.0,54.0,194.0,178.0,41.0,9.0,0.230337078,0.283505154,0.432584269,0.716089423,0.202247191,0.240601503,0.30888239993262534,0.29103558825463366,93.00351641765609,0.7045205788486038,0.195876288,0.067010309,0.06338028,0.28169014,86.75211473921655,109.1,12.54225352112676,0.35400517,0.69306931,0.50289855,0.68613139,0.84761905,0.78386167,0.10869565,0.429577464,0.408450704,0.16197183,0.42957746,0.32394366,0.24647887,1.045634915,-0.05600674916058779,,-0.2016804637387395,1.847419947385788,1.2267065942287445,-1.6595686489579684
Daniel Schneemann,CLE,2026,29.0,81.0,270.0,246.0,52.0,6.0,0.211382113,0.281481481,0.329268292,0.610749773,0.117886179,0.285714285,0.2738799101776547,0.28838025061171296,72.93643265946238,0.6939179699728091,0.292592592,0.088888888,0.07784431,0.37724551,88.07891330948796,108.2,11.433734939759036,0.34894992,0.69365427,0.49535316,0.50462963,0.84227129,0.7054409,0.1457753,0.449101796,0.371257485,0.179640718,0.49101796,0.32934132,0.17964072,3.9503564334142593,-0.5858046589419246,,0.047243994660675526,6.419687747955322,5.271425724029541,-9.183017672730418
Taylor Walls,TBR,2026,29.0,80.0,281.0,237.0,53.0,0.0,0.223628691,0.317518248,0.295358649,0.612876897,0.071729958,0.30994152,0.28148766242674667,0.25774220859303193,76.10079522498525,0.6819940300703138,0.245551601,0.113879003,0.02808989,0.2247191,85.29999878687889,105.8,19.527950310559007,0.27370031,0.62473795,0.42175066,0.65363128,0.8590604,0.78197065,0.09171076,0.358024691,0.462962962,0.179012345,0.37640449,0.3258427,0.29775281,7.261493248913882,2.8018548861145973,,1.360804595053196,1.8257415294647217,-1.6601974964141846,-5.099446935642236
Henry Bolte,ATH,2026,22.0,57.0,213.0,186.0,48.0,3.0,0.258064516,0.33649289,0.344086021,0.680578911,0.086021505,0.354330708,0.30813280044573743,0.29566342294501347,92.55810350625013,0.6719162143395936,0.272300469,0.070422535,0.06060606,0.45454545,90.15625,113.6,1.5426356589147288,0.33484163,0.74522293,0.50529101,0.49324324,0.81623932,0.69109948,0.15608466,0.646153846,0.223076923,0.13076923,0.34351145,0.41984733,0.23664122,4.287582856252125,0.6534780962392688,,0.20518491696566343,0.26359546184539795,-0.5240128636360168,-1.211493020366115
Cooper Pratt,MIL,2026,21.0,28.0,101.0,86.0,23.0,1.0,0.26744186,0.356435643,0.360465116,0.716900759,0.093023256,0.314285714,0.3219434430103491,0.3538726267188486,102.8255231097693,0.6592836649964798,0.168316831,0.118811881,0.04225352,0.30985915,88.06818181818181,104.1,9.196969696969697,0.32568807,0.625,0.45595855,0.61971831,0.8952381,0.78409091,0.09819121,0.426470588,0.279411764,0.294117647,0.35211268,0.4084507,0.23943662,6.973787247944546,1.1218847567215562,,0.39986705128103495,1.757404863834381,0.5622747540473938,1.4684706491502197
Cedric Mullins,TBR,2026,31.0,86.0,332.0,291.0,58.0,12.0,0.199312714,0.279141104,0.343642611,0.622783715,0.144329897,0.216981132,0.27833145125511966,0.26504526079071233,73.91873544701184,0.6547950114830696,0.207831325,0.084337349,0.04347826,0.30434783,88.2679282134434,110.4,27.30188679245283,0.33986928,0.71401515,0.49265275,0.65384615,0.87002653,0.78178964,0.10741886,0.252336448,0.579439252,0.168224299,0.46491228,0.28947368,0.24561404,5.217892764245093,0.11792344599962234,,0.10316677950322628,4.70771861076355,3.4954419136047363,-10.069763928798919
Carlos Cortes,ATH,2026,29.0,76.0,240.0,213.0,60.0,7.0,0.28169014,0.358333333,0.446009389,0.804342722,0.164319249,0.302857142,0.3533282518386841,0.3406297707859474,123.804167622126,0.623636691075951,0.133333333,0.091666666,0.07692308,0.4010989,89.98658999650839,110.4,8.569832402234637,0.28097731,0.6746988,0.44635628,0.72049689,0.86785714,0.81405896,0.08291203,0.461538461,0.335164835,0.203296703,0.34615385,0.39010989,0.26373626,2.7233087206202256,-1.333820404484868,,-0.1597543377429247,-7.7765772342681885,-4.114026069641113,5.3877866947736
Jorge Mateo,ATL,2026,31.0,63.0,135.0,127.0,31.0,4.0,0.244094488,0.288888888,0.385826771,0.674715659,0.141732283,0.329268292,0.29598973636273984,0.32501551310221355,84.23242703133354,0.6191800117659305,0.303703703,0.059259259,0.10465116,0.47674419,90.38571312313988,112.2,13.035714285714286,0.44126984,0.67464115,0.53435115,0.56834532,0.85815603,0.71428571,0.15238095,0.369047619,0.416666666,0.214285714,0.45348837,0.38372093,0.1627907,6.776480727813505,1.7218473060056567,,1.2263474268838763,2.581793963909149,1.8101892471313477,-0.8633236111619063
Jose Altuve,HOU,2026,36.0,78.0,334.0,302.0,71.0,12.0,0.235099337,0.303303303,0.407284768,0.710588071,0.172185431,0.2718894,0.3104371272296791,0.28239995150580594,97.59279373602028,0.6012831123115916,0.221556886,0.086826347,0.06086957,0.32608696,85.68482317243304,107.3,10.106666666666667,0.36793693,0.62663755,0.46513536,0.66785714,0.8815331,0.77601411,0.10409836,0.471365638,0.308370044,0.220264317,0.49130435,0.36521739,0.14347826,3.770568942000057,-1.372332171536982,,-0.829067544080317,-3.644693911075592,-4.267693042755127,-2.318283198552763
Sung-Mun Song,SDP,2026,29.0,45.0,105.0,91.0,21.0,1.0,0.23076923,0.326923076,0.307692307,0.634615383,0.076923077,0.273972602,0.2920719339297368,0.27592939596909744,85.76589493850746,0.5977490027436551,0.161904761,0.123809523,0.05333333,0.24,86.75,110.4,14.5,0.28225806,0.62983425,0.42890443,0.71428571,0.88596491,0.82065217,0.07692308,0.430555555,0.458333333,0.111111111,0.34666667,0.37333333,0.28,6.658068779014657,1.4986274940893054,,1.2107687098905444,2.802748382091522,2.128880262374878,-0.3165124317291932
Corey Seager,TEX,2026,32.0,51.0,219.0,187.0,34.0,10.0,0.181818181,0.292237442,0.37433155,0.666568992,0.192513369,0.2,0.2928676813978204,0.33562581989622337,86.2876152578726,0.596989941393679,0.269406392,0.127853881,0.15384615,0.44615385,91.04846003605769,110.3,11.723076923076922,0.31764706,0.80634921,0.50424242,0.4691358,0.82677165,0.6875,0.15757576,0.446153846,0.4,0.153846153,0.49230769,0.29230769,0.21538462,3.0115940961589285,-1.0005664359778166,,-0.05073787085711956,2.6303077340126038,0.36864835023880005,-4.533748250413859
Jose Siri,LAA,2026,30.0,48.0,100.0,89.0,23.0,5.0,0.258426966,0.31632653,0.460674157,0.777000687,0.202247191,0.315789473,0.33622666828486386,0.32019141285689834,113.64483556140164,0.5899249263771841,0.28,0.06,0.125,0.34375,86.8229540215164,108.0,17.278688524590162,0.43913043,0.67105263,0.53141361,0.54455446,0.7745098,0.66009852,0.18015666,0.419354838,0.419354838,0.161290322,0.390625,0.375,0.234375,3.970587837029794,-0.2733009299263358,,-0.34094765689224005,0.9392664134502411,1.1478855609893799,1.3320766282118814
Austin Riley,ATL,2026,29.0,99.0,401.0,357.0,77.0,12.0,0.215686274,0.296758104,0.358543417,0.655301521,0.142857143,0.280172413,0.2926614760163419,0.3020601534189429,82.0032933194403,0.5856679290390461,0.286783042,0.082294264,0.1147541,0.43032787,90.43360975922131,112.2,19.635245901639344,0.34561753,0.68943089,0.47621989,0.56195965,0.83254717,0.71076524,0.13773935,0.356557377,0.467213114,0.176229508,0.4057377,0.32377049,0.2704918,4.560310432963138,1.1369409514591098,,0.2774947239086032,0.32627594470977783,-1.1409159898757935,-7.627577396343732
Blake Dunn,CIN,2026,27.0,38.0,155.0,142.0,40.0,2.0,0.28169014,0.33548387,0.387323943,0.722807813,0.105633803,0.351851851,0.3199165344238281,0.2798296269154389,95.90304328297911,0.5811807029190589,0.212903225,0.064516129,0.02727273,0.3,89.12917073567708,108.9,14.302083333333334,0.3030303,0.64285714,0.45901639,0.6,0.90740741,0.79761905,0.09289617,0.41,0.36,0.23,0.26363636,0.47272727,0.26363636,5.7969830621860226,-0.04035987891256809,,-0.2756707314401865,1.5007498860359192,2.1128897666931152,-0.8115895285661878
Brendan Donovan,SEA,2026,29.0,25.0,101.0,84.0,23.0,3.0,0.273809523,0.386138613,0.452380952,0.838519565,0.178571429,0.298507462,0.3703151835073339,0.34438250763247713,145.02801274137545,0.5793163226604859,0.148514851,0.108910891,0.04285714,0.32857143,85.94412051930146,109.6,14.75,0.28571429,0.63013699,0.42696629,0.66666667,0.93478261,0.82894737,0.07282913,0.4,0.371428571,0.228571428,0.42857143,0.37142857,0.2,3.6928065557928735,-0.04674253519624472,,-0.3845542436465621,-3.173304557800293,-3.501950979232788,5.303987447986627
Tyler Tolbert,KCR,2026,28.0,37.0,65.0,58.0,20.0,2.0,0.344827586,0.38095238,0.465517241,0.846469621,0.120689655,0.391304347,0.3689282139142354,0.3094452146499876,134.38925810858154,0.5740559871871376,0.169230769,0.061538461,0.04,0.3,84.92888997395833,106.8,3.2666666666666666,0.34745763,0.74,0.52752294,0.56097561,0.87837838,0.76521739,0.12385321,0.533333333,0.177777777,0.288888888,0.46,0.24,0.3,6.836815358822308,-0.041782540269196033,,0.8387965736910701,0.7745823296718299,0.7705814242362976,2.588152640999086
Vaughn Grissom,LAA,2026,25.0,60.0,226.0,199.0,51.0,5.0,0.256281407,0.324444444,0.396984924,0.721429368,0.140703517,0.275449101,0.31721303224563596,0.3429609171549479,100.49967885985001,0.5726016287964341,0.137168141,0.079646017,0.06936416,0.41618497,89.0203488372093,108.6,13.366279069767442,0.32644628,0.67272727,0.47986191,0.6835443,0.90733591,0.82254197,0.08515535,0.391812865,0.391812865,0.216374269,0.4127907,0.38953488,0.19767442,1.27566964,-0.14617215003818274,,-0.2997952839359641,-2.3811854124069214,-1.2437824010849,-0.01330785227152198
Ryan Kreidler,MIN,2026,28.0,56.0,155.0,142.0,35.0,5.0,0.246478873,0.309677419,0.408450704,0.718128123,0.161971831,0.283018867,0.3151688994899873,0.2918412239320817,99.51245866962036,0.5655213449245018,0.2,0.077419354,0.07207207,0.35135135,87.33423071509009,109.5,11.36036036036036,0.30246914,0.76515152,0.51020408,0.54081633,0.81188119,0.72333333,0.14115646,0.54054054,0.333333333,0.126126126,0.44144144,0.3963964,0.16216216,4.786934996490937,-0.7873594583943486,,-1.4484166326001287,0.9442594051361084,-0.26973211765289307,-0.8762697465211708
Gavin Sheets,SDP,2026,30.0,94.0,333.0,291.0,63.0,14.0,0.216494845,0.315315315,0.412371134,0.727686449,0.195876289,0.23902439,0.3215968791428987,0.32698631859398464,105.54050505507774,0.554363912101053,0.216216216,0.114114114,0.07305936,0.40639269,88.08264661815069,110.1,13.378995433789955,0.3302217,0.56630824,0.42332155,0.72791519,0.89556962,0.8163606,0.07773852,0.438356164,0.397260273,0.164383561,0.42465753,0.31506849,0.26027397,3.389517343678019,-0.6068414859473705,,0.38573743775486946,-7.023948550224304,-1.3809446096420288,1.6338611884210437
Jared Young,NYM,2026,30.0,54.0,167.0,148.0,36.0,6.0,0.243243243,0.323353293,0.412162162,0.735515455,0.168918919,0.275229357,0.32460969650816773,0.32617299428243124,107.12619053479557,0.5516113824038693,0.203592814,0.077844311,0.10434783,0.46086957,89.50789816337719,113.5,9.75438596491228,0.28715365,0.73664122,0.46585736,0.5877193,0.86010363,0.75895765,0.11229135,0.5,0.359649122,0.140350877,0.43478261,0.39130435,0.17391304,1.11669434625,0.20644988026469946,,-0.22348375711590052,-1.6471954584121704,1.6621323823928833,1.6517716518096168
Nick Fortes,TBR,2026,29.0,75.0,234.0,217.0,56.0,3.0,0.258064516,0.301724137,0.350230414,0.651954551,0.092165898,0.286486486,0.2901604602049137,0.2744892903290461,82.09677019787655,0.5472241232816576,0.128205128,0.025641025,0.02105263,0.35789474,85.76775956284153,108.9,7.054644808743169,0.41594828,0.66566265,0.5201005,0.80310881,0.90045249,0.85507246,0.07537688,0.52688172,0.322580645,0.150537634,0.50526316,0.32105263,0.17368421,1.84836560875,-1.1304504200816154,,-0.30524610728025436,3.1284142956137657,-1.110840655863285,-6.059419854623409
Ildemaro Vargas,ARI,2026,34.0,86.0,308.0,287.0,74.0,7.0,0.257839721,0.300653594,0.397212543,0.697866137,0.139372822,0.26693227,0.30253113904281664,0.3095684177828151,88.10663884101082,0.5337275518113256,0.097402597,0.051948051,0.03461538,0.34230769,87.51062684547244,109.4,9.968503937007874,0.41346154,0.58424508,0.48566142,0.81007752,0.92883895,0.87047619,0.06273063,0.447058823,0.345098039,0.207843137,0.47104247,0.35521236,0.17374517,5.141470154940467,0.9876985298469663,,0.03479484189301729,-1.3166346549987793,2.0515637397766113,-3.4611330725535154
Luke Raley,SEA,2026,31.0,86.0,269.0,246.0,57.0,15.0,0.231707317,0.288389513,0.459349593,0.747739106,0.227642276,0.287671232,0.32113065105631833,0.34962732989088935,111.02408077237975,0.5255274120551328,0.319702602,0.048327137,0.16564417,0.47239264,90.62152022349683,113.8,15.189873417721518,0.37,0.76887872,0.53809065,0.42342342,0.74702381,0.61827957,0.20500481,0.354430379,0.417721518,0.227848101,0.47239264,0.26380368,0.26380368,2.6607752498434523,-0.0650574816390872,,-0.9091494334861636,-7.8181374073028564,-4.681992530822754,3.423963233852698
Ryan Vilade,TBR,2026,27.0,55.0,167.0,148.0,38.0,7.0,0.256756756,0.319277108,0.459459459,0.778736567,0.202702703,0.279279279,0.33505638248949166,0.31178433967359137,113.13575361345612,0.515013316947234,0.19760479,0.083832335,0.05882353,0.37815126,89.33017073006465,113.6,18.21551724137931,0.30563003,0.72972973,0.49327354,0.68421053,0.90277778,0.82727273,0.08507463,0.401709401,0.452991452,0.145299145,0.35294118,0.44537815,0.20168067,4.905885984975172,0.6596784833818674,,0.39286872185766697,-4.100544452667236,-2.061793088912964,3.240632971414001
Dane Myers,CIN,2026,30.0,67.0,149.0,126.0,33.0,3.0,0.261904761,0.369127516,0.388888888,0.758016404,0.126984127,0.348837209,0.34092000386858945,0.35522037082248265,109.9703147501011,0.5147716845917271,0.255033557,0.134228187,0.06741573,0.34831461,90.11875,110.0,18.575,0.23275862,0.59160305,0.38688525,0.72839506,0.87096774,0.8220339,0.06873977,0.34117647,0.435294117,0.223529411,0.28089888,0.43820225,0.28089888,5.0672581769474165,1.495549182407558,,0.9547129673883319,-3.0718523412942886,-3.019268751144409,3.2997537609834895
Jordan Lawlar,ARI,2026,23.0,12.0,44.0,38.0,12.0,1.0,0.315789473,0.409090909,0.447368421,0.85645933,0.131578948,0.407407407,0.3827012289654125,0.3480062918229537,141.80131159261296,0.4972197940776262,0.227272727,0.068181818,0.03571429,0.25,86.46296296296296,106.5,17.555555555555557,0.31192661,0.68181818,0.45142857,0.58823529,0.95555556,0.79746835,0.09142857,0.37037037,0.444444444,0.185185185,0.5,0.25,0.25,6.169108102324824,1.0896071726456285,,0.7182376617565751,0.16036294400691986,0.30611053109169006,3.323350297414616
Jose Trevino,CIN,2026,33.0,26.0,74.0,71.0,19.0,3.0,0.267605633,0.277777777,0.436619718,0.714397495,0.169014085,0.280701754,0.3075643753012021,0.24976446969168528,87.63006838042527,0.49208249285787803,0.148648648,0.013513513,0.03225806,0.32258065,88.08245956688596,104.4,11.508771929824562,0.475,0.58558559,0.52813853,0.64912281,0.90769231,0.78688525,0.11255411,0.576271186,0.288135593,0.13559322,0.35483871,0.41935484,0.22580645,1.72373949,-0.5488493721932173,,-0.07631152682006359,4.113563179969788,2.5532065629959106,-1.6605546363723924
Gabriel Arias,CLE,2026,26.0,34.0,105.0,99.0,23.0,5.0,0.232323232,0.276190476,0.404040404,0.68023088,0.171717172,0.367346938,0.29254220999204195,0.2912578582763672,85.83869159433047,0.49145932431787476,0.428571428,0.057142857,0.11111111,0.5,91.7301923643868,111.6,5.518518518518518,0.36401674,0.69590643,0.50243902,0.35632184,0.70588235,0.55825243,0.22195122,0.518518518,0.24074074,0.24074074,0.35185185,0.35185185,0.2962963,4.427935034727638,-0.29810379166156054,,0.48553271871060133,3.1660616397857666,2.456756830215454,-2.0475538994575593
Matt Shaw,CHC,2026,24.0,56.0,147.0,130.0,32.0,4.0,0.246153846,0.321917808,0.415384615,0.737302423,0.169230769,0.28,0.3234998538886031,0.3012937258367669,104.8927478166456,0.4853070872674683,0.183673469,0.081632653,0.04761905,0.36190476,86.77548636642157,107.9,14.833333333333334,0.37606838,0.60483871,0.47078464,0.74242424,0.89333333,0.82269504,0.08347245,0.392156862,0.431372549,0.176470588,0.32380952,0.38095238,0.2952381,7.06241985480472,-0.531395579688251,,0.1936424719169736,-0.34047746658325195,1.8062987327575684,0.3421001981511791
Michael Conforto,CHC,2026,33.0,65.0,166.0,146.0,35.0,8.0,0.239726027,0.325301204,0.472602739,0.797903943,0.232876712,0.3,0.34285929022413314,0.3311104051994555,117.85891262568343,0.47871199987876795,0.295180722,0.114457831,0.12244898,0.46938776,92.47347337372449,109.3,18.3265306122449,0.2974359,0.62897527,0.43684993,0.53448276,0.89325843,0.75170068,0.10846954,0.346938775,0.448979591,0.204081632,0.45918367,0.33673469,0.20408163,2.7164503952399928,0.42919902969151735,,0.009221185930073261,-4.713850259780884,-1.3805172443389893,4.029623826304806
Cal Raleigh,SEA,2026,29.0,69.0,297.0,257.0,42.0,10.0,0.163424124,0.265993265,0.307392996,0.573386261,0.143968872,0.206451612,0.26023408098252937,0.2856016062726878,68.92298266808046,0.47824856524555615,0.319865319,0.121212121,0.11515152,0.32121212,87.9733368844697,109.9,23.830303030303032,0.39829476,0.72614108,0.51957022,0.617737,0.80857143,0.71639586,0.14735226,0.272727272,0.581818181,0.145454545,0.55151515,0.25454545,0.19393939,2.149069772562076,-0.8635487090796232,,-0.3535297643393278,5.862085938453674,3.7661784887313843,-11.722919460956337
Jacob Gonzalez,- - -,2026,24.0,35.0,109.0,98.0,25.0,3.0,0.25510204,0.324074074,0.397959183,0.722033257,0.142857143,0.305555555,0.32004404233561623,0.3272671966909248,102.57553885346258,0.46706190629510325,0.211009174,0.073394495,0.03947368,0.42105263,88.62567798511402,109.6,18.72972972972973,0.38034188,0.73232323,0.54166667,0.69662921,0.89655172,0.82051282,0.09699769,0.386666666,0.426666666,0.186666666,0.40789474,0.27631579,0.31578947,1.60119047125,0.13036938404547982,,-0.14717223029583693,0.2789355367422104,1.9913268834352493,0.49153115893378385
Alex Call,LAD,2026,31.0,58.0,137.0,114.0,29.0,1.0,0.254385964,0.364963503,0.324561403,0.689524906,0.070175439,0.301075268,0.31778936925595697,0.2758820477653952,99.80088312542344,0.4654398063069076,0.160583941,0.131386861,0.0212766,0.18085106,83.80860425067205,109.4,14.376344086021506,0.23684211,0.67041199,0.42692939,0.7654321,0.93296089,0.88076923,0.05090312,0.478723404,0.393617021,0.127659574,0.42553191,0.34042553,0.23404255,2.9508105187384928,0.3086753524839878,,-0.45541494712233543,-0.14392292499542236,1.4284361600875854,0.27554551713633346
Pedro Pages,STL,2026,27.0,57.0,162.0,148.0,31.0,4.0,0.209459459,0.246835443,0.331081081,0.577916524,0.121621622,0.262135922,0.25329167141190057,0.2685997791779347,58.22147723112345,0.46328409756764677,0.265432098,0.037037037,0.05405405,0.38738739,87.01809895833334,108.9,14.00952380952381,0.38961039,0.66906475,0.50678733,0.57333333,0.8655914,0.73511905,0.13403614,0.429906542,0.420560747,0.14953271,0.40540541,0.32432432,0.27027027,3.6633903815157205,0.2429441697895527,,0.24192612897604704,7.270544528961182,3.869767427444458,-7.97680827319841
Eli White,ATL,2026,32.0,59.0,133.0,122.0,27.0,5.0,0.221311475,0.278195488,0.401639344,0.679834832,0.180327869,0.252873563,0.2955726595749532,0.27627161777380743,83.95308592476731,0.46283040579600565,0.233082706,0.067669172,0.06521739,0.32608696,86.92359770014045,108.9,7.51685393258427,0.32797428,0.74299065,0.49714286,0.60784314,0.82389937,0.7394636,0.12952381,0.539325842,0.292134831,0.168539325,0.40217391,0.33695652,0.26086957,6.924367276507945,1.1248713340610266,,0.6582786049693823,1.7035679817199707,3.2159135341644287,-1.4671215902931514
Connor Wong,BOS,2026,30.0,45.0,143.0,119.0,33.0,1.0,0.277310924,0.374100719,0.369747899,0.743848618,0.092436975,0.363636363,0.3369322251930511,0.31007676158877584,111.07306070089291,0.45726006828665106,0.216783216,0.104895104,0.04301075,0.35483871,85.8195379849138,108.3,10.310344827586206,0.32218845,0.65714286,0.45269017,0.62264151,0.89130435,0.77459016,0.10204082,0.436781609,0.344827586,0.218390804,0.46236559,0.29032258,0.24731183,3.5244732841007904,-1.7864889381453395,,-0.0499641178175807,-0.6519143581390381,-3.1599161624908447,0.07650996637383267
Jorbit Vivas,WSN,2026,25.0,73.0,214.0,184.0,44.0,3.0,0.239130434,0.322274881,0.331521739,0.65379662,0.092391305,0.261146496,0.2957542160111016,0.29789207783920507,84.55961541410673,0.45287881763413845,0.126168224,0.093457943,0.03680982,0.25766871,83.21875,108.5,11.0375,0.28701595,0.80392157,0.49932886,0.71428571,0.90650407,0.84139785,0.0789826,0.45625,0.33125,0.2125,0.40740741,0.30864198,0.28395062,1.709835729555861,-0.10727325174957514,,-0.726275653578341,1.6125421822071075,1.1987335681915283,-4.120211994836406
Elias Diaz,- - -,2026,35.0,40.0,100.0,97.0,25.0,4.0,0.257731958,0.27,0.443298969,0.713298969,0.185567011,0.28,0.30433134257793426,0.2895902442932129,93.18194677444166,0.4510492283109371,0.19,0.02,0.06329114,0.36708861,86.41666666666667,112.0,13.833333333333334,0.4028436,0.81506849,0.57142857,0.61176471,0.84033613,0.74509804,0.14565826,0.371794871,0.384615384,0.243589743,0.41772152,0.27848101,0.30379747,1.14829192125,-1.5172639722004533,,-0.09266399685293436,3.2163685262203217,1.5171230137348175,-2.319439241315891
Willi Castro,COL,2026,29.0,86.0,336.0,303.0,80.0,9.0,0.264026402,0.333333333,0.399339933,0.732673266,0.135313531,0.351485148,0.32472126842254684,0.2976039601795709,90.45686294062153,0.450537955332618,0.276785714,0.083333333,0.07109005,0.4028436,88.30095966045673,112.1,19.442307692307693,0.4017199,0.75675676,0.53978979,0.58715596,0.85204082,0.73157163,0.14489489,0.363636363,0.416267942,0.220095693,0.45971564,0.30805687,0.23222749,3.4419439104927707,-1.8347742268815637,,-0.9474381515756249,-0.7866103053092957,-1.6891019344329834,-5.7289996004789465
Kyle Isbel,KCR,2026,29.0,56.0,183.0,164.0,40.0,3.0,0.243902439,0.297752808,0.353658536,0.651411344,0.109756097,0.305785123,0.28913166281882297,0.27522955047950315,79.22157917392352,0.43194727992316806,0.224043715,0.054644808,0.03100775,0.34108527,88.59914196047009,107.8,12.974358974358974,0.35917313,0.59124088,0.45537065,0.72661871,0.95061728,0.84717608,0.0694864,0.418803418,0.384615384,0.196581196,0.30232558,0.34108527,0.35658915,5.777559525283754,1.737455328926444,,0.7710654344409704,0.4835936725139618,-0.28172382712364197,-2.73630288661664
Troy Johnston,COL,2026,29.0,91.0,328.0,288.0,85.0,3.0,0.295138888,0.366972477,0.409722222,0.776694699,0.114583334,0.35193133,0.34394916536611153,0.3274740525233893,103.33492800307879,0.42996076052021387,0.170731707,0.091463414,0.02109705,0.38396624,89.74891774891775,107.9,13.666666666666666,0.38142857,0.70315789,0.51148936,0.64419476,0.90718563,0.79034942,0.10714286,0.393162393,0.337606837,0.269230769,0.39662447,0.36708861,0.23628692,2.3897985293042954,-1.5338663505390286,,-1.7848201738670468,-6.2525612115859985,-1.4223147630691528,-0.20539880294299717
Jackson Holliday,BAL,2026,22.0,49.0,152.0,127.0,26.0,5.0,0.204724409,0.322368421,0.362204724,0.684573145,0.157480315,0.25,0.30746304243803024,0.3213603622034976,96.41768176648429,0.4219689175748791,0.263157894,0.151315789,0.1011236,0.35955056,86.92921567766854,105.8,11.842696629213483,0.25945946,0.66942149,0.42156863,0.54166667,0.80246914,0.70542636,0.12418301,0.426966292,0.393258426,0.17977528,0.41573034,0.35955056,0.2247191,5.9733776332566695,0.13480602949857712,,0.5819670781493187,-0.739861249923706,-1.2588367462158203,-0.5058377784770112
Alex Freeland,LAD,2026,24.0,71.0,222.0,194.0,45.0,3.0,0.231958762,0.310502283,0.314432989,0.624935272,0.082474227,0.333333333,0.2837154026989523,0.2773950306792237,76.97952312203728,0.4000020866351751,0.301801801,0.099099099,0.0530303,0.37121212,88.67007566437007,106.8,10.283464566929133,0.23428571,0.64021164,0.40420819,0.58536585,0.79752066,0.7260274,0.11074197,0.448818897,0.354330708,0.196850393,0.34848485,0.36363636,0.28787879,3.4825706768424416,0.3454782571643591,,0.0838522519916296,2.5689088702201843,1.6704181432724,-5.861181435759467
Royce Lewis,MIN,2026,27.0,66.0,268.0,238.0,52.0,10.0,0.218487394,0.294776119,0.394957983,0.689734102,0.176470589,0.2625,0.30249964301265886,0.3063555760170097,90.75351528062126,0.38617431648901607,0.264925373,0.093283582,0.12941176,0.42352941,89.50882352941177,112.4,19.91176470588235,0.34259259,0.66666667,0.47003745,0.4954955,0.83571429,0.68525896,0.14766355,0.311764705,0.517647058,0.170588235,0.5,0.33529412,0.16470588,4.534742598790555,1.5155841698870063,,0.8893030872568488,-4.337678074836731,-2.4909701347351074,-1.3999647425352455
Colt Emerson,SEA,2026,20.0,49.0,175.0,157.0,31.0,7.0,0.197452229,0.264367816,0.375796178,0.640163994,0.178343949,0.258064516,0.2798217425401183,0.2415123643546269,82.4649943096329,0.38480495337453346,0.337142857,0.074285714,0.05940594,0.30693069,86.3887715242347,106.6,14.428571428571429,0.39613527,0.66107383,0.50702247,0.59146341,0.78172589,0.69529086,0.1542777,0.448979591,0.408163265,0.142857142,0.38613861,0.32673267,0.28712871,5.222899672952256,0.992998099885881,,0.004544115625321865,0.18347597122192383,-1.4420380592346191,-2.6173812893206847
Mike Yastrzemski,ATL,2026,35.0,85.0,262.0,230.0,53.0,6.0,0.230434782,0.320610687,0.365217391,0.685828078,0.134782609,0.286585365,0.3074424473838952,0.30498402719279283,91.90298809710431,0.37965346509038905,0.232824427,0.103053435,0.06470588,0.43529412,90.38273693266369,107.0,15.857142857142858,0.28840125,0.58225108,0.41181818,0.6576087,0.88104089,0.79028698,0.0862069,0.392857142,0.434523809,0.172619047,0.48823529,0.30588235,0.20588235,4.0406019020552515,0.6525292377918959,,-0.1597543377429247,-2.8762491196393967,0.15358562767505646,-1.923891063392822
Donovan Walton,- - -,2026,32.0,36.0,109.0,98.0,29.0,3.0,0.295918367,0.361111111,0.469387755,0.830498866,0.173469388,0.351351351,0.36293284043117807,0.3190634736308345,131.98003884780405,0.37964936665808097,0.19266055,0.082568807,0.05128205,0.38461538,88.19200276692709,105.6,13.173333333333334,0.30088496,0.75531915,0.50724638,0.61764706,0.85915493,0.78095238,0.11111111,0.373333333,0.373333333,0.253333333,0.43589744,0.30769231,0.25641026,1.83928570875,-0.41168754175305367,,-0.15262305364012718,-3.8202678486704826,-3.3744515776634216,3.6895447320658166
Alejandro Kirk,TOR,2026,27.0,30.0,111.0,98.0,20.0,2.0,0.204081632,0.288288288,0.306122448,0.594410736,0.102040816,0.216867469,0.26183489156425543,0.2651445247508861,64.02016603406894,0.37833298776466495,0.126126126,0.108108108,0.02352941,0.37647059,86.8505859375,105.8,10.411764705882353,0.32113821,0.59428571,0.43467933,0.78481013,0.86538462,0.83060109,0.07345972,0.470588235,0.364705882,0.164705882,0.27058824,0.4,0.32941176,0.76785714,-0.7274021729826927,,-0.13081976026296616,5.211155533790588,3.2021249532699585,-5.426246045839732
Denzer Guzman,LAA,2026,22.0,32.0,126.0,118.0,29.0,4.0,0.245762711,0.288,0.381355932,0.669355932,0.135593221,0.3125,0.29395464754104617,0.276940673828125,84.41989743687397,0.3557219267001176,0.269841269,0.055555555,0.05882353,0.36470588,87.44047619047619,107.7,9.75,0.36178862,0.72685185,0.53246753,0.58426966,0.86624204,0.76422764,0.12554113,0.452380952,0.333333333,0.214285714,0.47619048,0.38095238,0.14285714,2.045395102566821,-0.6411752216517925,,-0.36820177361369133,1.976931631565094,1.5213991403579712,-2.950844186783964
Max Schuemann,NYY,2026,29.0,34.0,71.0,57.0,13.0,2.0,0.228070175,0.38028169,0.421052631,0.801334321,0.192982456,0.289473684,0.3601633536983544,0.33596299399792307,132.53175082383035,0.3552983455394194,0.239436619,0.154929577,0.125,0.4,89.11081345016892,105.7,26.405405405405407,0.23033708,0.66964286,0.4,0.58536585,0.84,0.75,0.1,0.243243243,0.594594594,0.162162162,0.325,0.425,0.25,5.315060386022914,0.7807578407227993,,-0.3401739038527012,-2.5145564675331116,-2.057309150695801,3.4982898439337973
Hyeseong Kim,LAD,2026,27.0,43.0,131.0,116.0,30.0,1.0,0.258620689,0.323076923,0.327586206,0.650663129,0.068965517,0.337209302,0.29238858819007874,0.30413956275353066,82.78847078705319,0.3508278283498466,0.236641221,0.091603053,0.03409091,0.25,85.76207233297414,103.9,9.126436781609195,0.32404181,0.64473684,0.46601942,0.5483871,0.87755102,0.75,0.11650485,0.471264367,0.275862068,0.252873563,0.28735632,0.49425287,0.2183908,6.355588288402023,1.1653633443638682,,0.3827408282086253,0.7662515044212341,-0.422019898891449,-1.572938995466671
Nicky Lopez,- - -,2026,31.0,47.0,140.0,129.0,40.0,1.0,0.310077519,0.34074074,0.356589147,0.697329887,0.046511628,0.361111111,0.3116358483279193,0.26318316139392,100.13714610869435,0.34843742634523023,0.142857142,0.028571428,0.0,0.21929825,85.23585279932561,103.3,1.5046728971962617,0.3639576,0.70454545,0.51292247,0.73786408,0.89677419,0.83333333,0.08548708,0.598130841,0.224299065,0.177570093,0.36842105,0.4122807,0.21929825,3.8716946770545926,1.1333575304597616,,-0.2600920144468546,-2.5768580527510494,-3.422193927457556,1.0465144304614846
Ryan Waldschmidt,ARI,2026,23.0,38.0,139.0,127.0,32.0,0.0,0.251968503,0.304347826,0.346456692,0.650804518,0.094488189,0.405063291,0.2888040654901145,0.2771873474121094,78.91280205024314,0.34789164671847217,0.352517985,0.064748201,0.075,0.3375,86.98860883109177,107.8,16.68354430379747,0.27960526,0.63179916,0.43462247,0.38823529,0.83443709,0.67372881,0.14180479,0.29113924,0.392405063,0.316455696,0.35443038,0.37974684,0.26582278,6.464531175769276,1.0214344346895814,,0.6154457712545991,1.441312411800027,1.421307921409607,-2.5383550730134457
Randal Grichuk,- - -,2026,34.0,65.0,152.0,144.0,36.0,9.0,0.25,0.282894736,0.520833333,0.803728069,0.270833333,0.267326732,0.3374789444026568,0.35742918229260984,115.88905275146178,0.3427164829348498,0.230263157,0.039473684,0.12727273,0.46363636,90.50090886896307,113.6,14.281818181818181,0.35714286,0.71370968,0.51618705,0.60909091,0.87570621,0.77351916,0.11669659,0.381818181,0.39090909,0.227272727,0.50909091,0.26363636,0.22727273,3.41937229,0.572504187002778,,-0.11991811357438564,-5.44406071305275,-1.6169003546237946,3.414022610627464
Tyler Stephenson,CIN,2026,29.0,76.0,268.0,238.0,58.0,8.0,0.243697478,0.320895522,0.390756302,0.711651824,0.147058824,0.303030303,0.31482941868589887,0.3424575573591225,92.49589960805793,0.3412924870854684,0.25,0.104477611,0.10982659,0.4566474,90.88392857142857,108.5,18.30952380952381,0.24131944,0.69565217,0.44853636,0.44604317,0.89583333,0.76421053,0.10576015,0.329479768,0.427745664,0.242774566,0.37572254,0.35260116,0.2716763,0.772857898416224,-1.605820114724338,,-0.7807838870212436,-1.3274993896484375,-6.582986354827881,-4.0482610667220325
Andres Chaparro,WSN,2026,27.0,34.0,78.0,65.0,14.0,4.0,0.215384615,0.346153846,0.446153846,0.792307692,0.230769231,0.238095238,0.34950386255215377,0.3899665490174905,120.55894738844508,0.3382900519466695,0.243589743,0.153846153,0.15217391,0.52173913,91.22608483355978,109.3,10.58695652173913,0.35046729,0.63917526,0.44051447,0.64,0.80645161,0.71532847,0.12540193,0.434782608,0.413043478,0.152173913,0.5,0.36956522,0.13043478,2.3587662275,-0.4101373143494129,,-0.10901646688580513,-0.7370818257331848,0.8272756934165955,1.5374014977104022
Isaac Collins,KCR,2026,28.0,90.0,330.0,282.0,69.0,5.0,0.244680851,0.344512195,0.365248226,0.709760421,0.120567375,0.316831683,0.32006376618292276,0.3112955325987281,100.60661804764516,0.3363769818805541,0.233333333,0.115151515,0.05741627,0.41626794,88.56194740853658,110.9,16.13170731707317,0.23202171,0.60798548,0.39285714,0.60233918,0.89552239,0.79644269,0.0799069,0.365853658,0.453658536,0.180487804,0.39712919,0.36842105,0.23444976,3.596217242561259,-2.6564160231500864,,-1.5684677008539438,-6.021109104156494,-2.12764835357666,-2.4208904071976414
Darell Hernaiz,ATH,2026,24.0,47.0,134.0,118.0,28.0,1.0,0.237288135,0.318181818,0.288135593,0.606317411,0.050847458,0.287234042,0.27999534796584735,0.2631735079216235,73.1051581954469,0.33559045265139764,0.171641791,0.097014925,0.01030928,0.24742268,84.42420847039473,108.5,14.0,0.36451613,0.71153846,0.503861,0.7079646,0.87162162,0.80076628,0.1,0.389473684,0.421052631,0.189473684,0.24742268,0.39175258,0.36082474,4.131888341408728,-0.07381734810769558,,0.39286872185766697,2.8554751873016357,1.669490098953247,-4.3139815376777735
Luis Urias,TOR,2026,29.0,14.0,32.0,29.0,8.0,2.0,0.275862068,0.34375,0.517241379,0.860991379,0.241379311,0.260869565,0.3710984382778406,0.2968604862689972,139.55997548209427,0.335192695782754,0.125,0.09375,0.08,0.24,84.443994140625,108.3,19.24,0.33333333,0.71153846,0.49193548,0.83333333,0.94594595,0.90163934,0.0483871,0.36,0.48,0.16,0.6,0.32,0.08,0.21230158375,-0.05740523990243673,,-0.04360658675432205,0.7438680529594421,0.615267276763916,1.4320068455105681
Kyle Higashioka,TEX,2026,36.0,58.0,186.0,165.0,36.0,7.0,0.218181818,0.306451612,0.369696969,0.676148581,0.151515151,0.261261261,0.3024506668249766,0.29521624247233075,92.91285226402759,0.3321236133289626,0.252688172,0.102150537,0.08474576,0.38135593,88.17068797144397,107.1,17.344827586206897,0.32438479,0.59305994,0.43586387,0.57931034,0.87765957,0.74774775,0.10980392,0.327586206,0.474137931,0.198275862,0.38135593,0.43220339,0.18644068,1.21056547125,-0.9526012223213911,,-0.2507378738373518,-0.8441101312637329,-3.522436499595642,-2.5035352037633025
Jonatan Clase,TOR,2026,24.0,9.0,25.0,22.0,6.0,2.0,0.272727272,0.36,0.545454545,0.905454545,0.272727273,0.333333333,0.3891278553009033,0.24746145248413087,152.02468825543318,0.3308183095167348,0.32,0.12,0.0,0.35714286,86.76429094587054,103.5,11.357142857142858,0.26470588,0.63043478,0.4122807,0.5,0.89655172,0.74468085,0.10526316,0.571428571,0.357142857,0.071428571,0.71428571,0.21428571,0.07142857,1.30357142125,0.44737851712852716,,-0.038155763410031796,0.40465691685676575,0.6841493248939514,1.9776143821665026
Nick Loftin,KCR,2026,27.0,63.0,220.0,190.0,46.0,4.0,0.242105263,0.328767123,0.394736842,0.723503965,0.152631579,0.2625,0.3198248335759934,0.3079040387994078,100.44143099174924,0.3301828735698181,0.131818181,0.095454545,0.04848485,0.29090909,87.35875244140625,110.8,13.1625,0.26106195,0.60471976,0.40834387,0.71186441,0.93170732,0.85139319,0.06037736,0.43125,0.41875,0.15,0.48484848,0.31515152,0.2,4.121617655033191,0.32225823029875755,,-0.0834428109228611,-5.0161431431770325,-5.606563568115234,0.43651827321025616
Willy Adames,SFG,2026,30.0,95.0,401.0,373.0,85.0,18.0,0.227882037,0.279301745,0.434316353,0.713618098,0.206434316,0.275720164,0.30820831663887993,0.2941709789551999,95.24475391358355,0.3239057812761087,0.281795511,0.064837905,0.09578544,0.40229885,88.21954322318008,108.8,22.183908045977013,0.34821429,0.67629179,0.48712999,0.54807692,0.85617978,0.72919419,0.13191763,0.344827586,0.48275862,0.172413793,0.48275862,0.3256705,0.19157088,3.363505226949289,-2.4895472303032875,,-0.8236167207360268,-5.086503505706787,-9.333759307861328,-4.805384361645501
Petey Halpin,CLE,2026,24.0,34.0,76.0,72.0,16.0,2.0,0.222222222,0.243243243,0.375,0.618243243,0.152777778,0.285714285,0.26658879260759094,0.27232463939769846,67.89568807014835,0.3212026295316983,0.276315789,0.026315789,0.09433962,0.30188679,86.63673867984694,107.3,20.489795918367346,0.43506494,0.7394958,0.56776557,0.59701493,0.85227273,0.74193548,0.14652015,0.285714285,0.489795918,0.224489795,0.37735849,0.35849057,0.26415094,9.29354778582531,1.0334145911037922,,0.7345901317894459,2.305221140384674,2.11489200592041,-1.8372723923626881
Teoscar Hernandez,LAD,2026,33.0,67.0,266.0,237.0,57.0,8.0,0.240506329,0.312030075,0.379746835,0.69177691,0.139240506,0.310126582,0.3045792989011081,0.32098966656309186,90.95331409545116,0.31700907775667053,0.278195488,0.090225563,0.09638554,0.45180723,90.00727391098485,110.7,14.909090909090908,0.30495356,0.67816092,0.45513414,0.60406091,0.78644068,0.71341463,0.13043478,0.421686746,0.397590361,0.180722891,0.34337349,0.37349398,0.28313253,3.837411972241801,0.4626002227887511,,0.045696488581597805,-3.0908136665821075,-0.14842727780342102,-2.459948716341807
Josh Bell,MIN,2026,33.0,98.0,391.0,358.0,90.0,13.0,0.251396648,0.309462915,0.427374301,0.736837216,0.175977653,0.293893129,0.3209331060004661,0.32707505091986694,103.49756691951116,0.312780463451507,0.217391304,0.074168797,0.10181818,0.43272727,89.88473011363637,112.6,14.10909090909091,0.33883388,0.75675676,0.50975293,0.67857143,0.84453782,0.77933673,0.11241066,0.396363636,0.403636363,0.2,0.42545455,0.34181818,0.23272727,3.046234472844553,-2.66015983838588,,-0.26331998128443956,-9.800208270549774,-0.7055580019950867,-1.0511760383082052
Jose Fermin,STL,2026,27.0,63.0,186.0,168.0,45.0,4.0,0.267857142,0.326086956,0.392857142,0.718944098,0.125,0.294964028,0.3174000188060429,0.287759138190228,101.15864665800092,0.30856207615699544,0.139784946,0.080645161,0.02068966,0.29655172,85.41189084353147,109.3,16.95104895104895,0.26712329,0.57575758,0.39973958,0.81196581,0.92631579,0.88273616,0.04681404,0.391608391,0.426573426,0.181818181,0.52083333,0.32638889,0.15277778,3.640579322450616,0.5353298867121339,,0.34381131175905466,-3.818454474210739,-3.401787757873535,0.7970605471538139
Enrique Hernandez,LAD,2026,34.0,2.0,4.0,4.0,4.0,1.0,1.0,1.0,2.25,3.25,1.25,1.0,1.3607583791017532,0.7797499895095825,798.3391999441063,0.3047369565576013,0.0,0.0,0.5,0.75,91.67500305175781,104.5,1.75,0.44444444,0.66666667,0.5,0.75,1.0,0.83333333,0.08333333,0.5,0.5,0.0,0.75,0.25,0.0,1.60119047125,-0.0054508233442902565,,-0.0054508233442902565,-0.5017795823514462,-0.520641028881073,3.3870273010360914
Nick Madrigal,LAA,2026,29.0,15.0,52.0,44.0,12.0,0.0,0.272727272,0.384615384,0.295454545,0.680069929,0.022727273,0.292682926,0.32031662647540754,0.2976505939777081,102.64536169527445,0.29960681029677283,0.057692307,0.134615384,0.0,0.24390244,88.73902558117378,101.9,9.78048780487805,0.35964912,0.65957447,0.49519231,0.85365854,0.96774194,0.9223301,0.03846154,0.512195121,0.31707317,0.170731707,0.34146341,0.36585366,0.29268293,3.2849875607679495,-0.13602673541754484,,-0.319144363515079,1.084478236734867,1.1359186172485352,0.02581751879963276
Jared Triolo,PIT,2026,28.0,66.0,225.0,201.0,49.0,1.0,0.243781094,0.315315315,0.31840796,0.633723275,0.074626866,0.32,0.28783885933257436,0.2836016141451322,77.37819464859415,0.2990225816118763,0.222222222,0.08,0.02597403,0.36363636,87.5013526710304,108.6,4.47972972972973,0.27484144,0.61538462,0.42588235,0.61538462,0.90086207,0.79834254,0.08588235,0.523489932,0.281879194,0.194630872,0.41447368,0.38815789,0.19736842,4.445493279109995,1.0638526072725654,,0.4737243643030524,0.7281160354614258,-0.878536581993103,-5.117740611977125
Alika Williams,ATH,2026,27.0,39.0,95.0,90.0,24.0,2.0,0.266666666,0.29787234,0.433333333,0.731205673,0.166666667,0.360655737,0.3168087880662147,0.22561056895922588,98.55628378994754,0.2966102811352111,0.284210526,0.031578947,0.0,0.34375,85.65806136592742,106.0,19.338709677419356,0.38536585,0.69047619,0.5227882,0.58227848,0.88793103,0.76410256,0.1233244,0.396825396,0.428571428,0.174603174,0.390625,0.40625,0.203125,3.017857142857143,-0.3067975575104356,,-0.5082427198067307,0.015003740787506104,-0.9640769958496094,-0.4681644068090903
Jhonny Pereda,SEA,2026,30.0,19.0,68.0,63.0,17.0,2.0,0.269841269,0.323529411,0.365079365,0.688608776,0.095238096,0.3,0.30787798236398134,0.34570588638533406,101.86179291144146,0.29483195973028253,0.161764705,0.058823529,0.03846154,0.46153846,89.83653846153847,106.7,9.73076923076923,0.34104046,0.72413793,0.49480969,0.77966102,0.86904762,0.83216783,0.08275862,0.346153846,0.307692307,0.346153846,0.32692308,0.36538462,0.30769231,1.49154134625,-1.2161847837269306,,-0.10901646688580513,1.5595557074993849,0.1392310243099928,-1.0672318139204626
Brandon Lockridge,MIL,2026,29.0,28.0,96.0,85.0,25.0,0.0,0.294117647,0.368421052,0.34117647,0.709597522,0.047058823,0.416666666,0.3230220048051131,0.27632043716755317,103.54790002949272,0.29440428110032174,0.260416666,0.104166666,0.01639344,0.32786885,86.23636363636363,110.4,1.2,0.32352941,0.58857143,0.43583535,0.66233766,0.85436893,0.77222222,0.09927361,0.678571428,0.178571428,0.142857142,0.27868852,0.45901639,0.26229508,4.893587266857794,0.9245565989986062,,0.8310244912281632,-1.5601296424865723,-0.6770707964897156,1.3382068104204243
Roman Anthony,BOS,2026,22.0,30.0,130.0,109.0,25.0,1.0,0.229357798,0.353846153,0.321100917,0.67494707,0.091743119,0.32,0.3094701060028963,0.3520388603210449,92.08700988102396,0.2934663970200283,0.253846153,0.153846153,0.09210526,0.47368421,92.33866536458333,112.3,8.253333333333334,0.23529412,0.54583333,0.37179487,0.55555556,0.84732824,0.74384236,0.0952381,0.486842105,0.263157894,0.25,0.36842105,0.42105263,0.21052632,5.274614413311127,0.8405007217079401,,0.19286871887743473,-1.3629183769226074,0.7272734642028809,-0.3697987873547608
Eduardo Valencia,DET,2026,26.0,6.0,13.0,12.0,5.0,2.0,0.416666666,0.461538461,0.916666666,1.378205127,0.5,0.5,0.5748337782346286,0.4230190057020921,279.54702544264495,0.2909100514469655,0.307692307,0.0,0.25,0.625,89.4749984741211,103.5,17.625,0.4516129,0.75,0.56862745,0.42857143,0.86666667,0.65517241,0.19607843,0.375,0.375,0.25,0.0,0.5,0.5,1.60119047125,-0.1571495570242405,,-0.021803293377161026,-0.17369173653423786,0.16409973613917828,2.589039601303958
Mitch Garver,SEA,2026,35.0,45.0,135.0,114.0,21.0,4.0,0.184210526,0.311111111,0.315789473,0.626900584,0.131578947,0.253731343,0.2894286928353486,0.3124480636031539,89.10679952743952,0.28896387433476844,0.318518518,0.148148148,0.08450704,0.49295775,90.5,110.5,17.295774647887324,0.26300578,0.63716814,0.41083916,0.50549451,0.77083333,0.66808511,0.13636364,0.352112676,0.436619718,0.211267605,0.53521127,0.33802817,0.12676056,1.71380308375,-0.3952633095905185,,-0.19077881705015898,0.1698443591594696,-1.388797551393509,-2.1254706338154166
Josh Naylor,SEA,2026,29.0,94.0,405.0,368.0,93.0,8.0,0.252717391,0.316831683,0.350543478,0.667375161,0.097826087,0.272435897,0.29720393001143613,0.3185482262970503,94.48224222869524,0.2807335994779878,0.120987654,0.076543209,0.04672897,0.36448598,87.54905063291139,111.5,13.012658227848101,0.38602941,0.7358871,0.51829268,0.74920635,0.90136986,0.83088235,0.08765244,0.43533123,0.359621451,0.205047318,0.428125,0.340625,0.23125,4.408739850193042,-2.0626962278038263,,1.5598978903144598,-6.976006202399731,0.10846979171037674,-4.691913857624881
Nathaniel Lowe,CIN,2026,30.0,72.0,231.0,205.0,51.0,11.0,0.248780487,0.333333333,0.473170731,0.806504064,0.224390244,0.303030303,0.3488708109959312,0.35106379645211355,115.2954427027566,0.28069651236163884,0.268398268,0.112554112,0.11188811,0.41258741,89.16449416893116,112.7,14.608695652173912,0.30565371,0.63657407,0.4488978,0.67630058,0.89090909,0.80803571,0.08591409,0.412587412,0.349650349,0.237762237,0.42657343,0.37762238,0.1958042,0.5595238025,-0.875858087092638,,-0.28344281390309334,-8.182167768478394,-2.566598653793335,3.41520278033708
Jonah Cox,SFG,2026,24.0,24.0,29.0,26.0,7.0,1.0,0.269230769,0.269230769,0.5,0.769230769,0.230769231,0.6,0.3246989708680373,0.26250001100393444,106.28952488925964,0.27379619537208677,0.517241379,0.0,0.07142857,0.35714286,90.05,104.7,25.3,0.43636364,0.76,0.59047619,0.5,0.57894737,0.5483871,0.26666667,0.1,0.6,0.3,0.14285714,0.21428571,0.64285714,10.0,0.8429529629647732,,0.7781967185437679,0.6980141401290894,0.562554657459259,1.0644696673244682
Pedro Ramirez,CHC,2026,22.0,29.0,76.0,69.0,19.0,1.0,0.275362318,0.32,0.420289855,0.740289855,0.144927537,0.315789473,0.32105093320210776,0.2923541259765625,103.25256012341795,0.2682425209544274,0.157894736,0.065789473,0.03389831,0.42372881,89.68620352909483,108.2,11.724137931034482,0.35211268,0.70093458,0.50200803,0.68,0.90666667,0.816,0.09236948,0.48275862,0.362068965,0.155172413,0.37288136,0.37288136,0.25423729,6.896304777862844,0.5151325380429626,,0.3073360091075301,-0.6429424956440926,-0.05137867480516434,0.8153455896494022
Richie Palacios,TBR,2026,29.0,73.0,240.0,208.0,49.0,3.0,0.235576923,0.333333333,0.336538461,0.669871794,0.100961538,0.283950617,0.30462431783477467,0.30869949470132085,92.0964185902824,0.2652776203502447,0.183333333,0.116666666,0.03636364,0.24848485,85.75912072523585,106.9,12.685534591194969,0.34369603,0.62184874,0.44978632,0.71859296,0.87387387,0.80047506,0.08974359,0.403726708,0.385093167,0.211180124,0.38181818,0.36969697,0.24848485,5.777042991416938,0.11087210942059755,,-0.643098752014339,-3.814499318599701,-4.426067352294922,-2.1208702374004447
Everson Pereira,CHW,2026,25.0,21.0,77.0,69.0,16.0,3.0,0.231884057,0.298701298,0.420289855,0.718991153,0.188405798,0.295454545,0.3129713125043101,0.3023643493652344,98.50079964649281,0.2609335142851244,0.298701298,0.064935064,0.10638298,0.42553191,87.87659990026596,108.4,11.382978723404255,0.43870968,0.7962963,0.58555133,0.42647059,0.8372093,0.65584416,0.20152091,0.468085106,0.340425531,0.191489361,0.42553191,0.34042553,0.23404255,3.366330108542929,-0.08657023310661316,,0.11278682947158813,0.05820131301879883,1.0612876415252686,-0.22238884343130155
Jose Azocar,ATL,2026,30.0,11.0,18.0,17.0,6.0,0.0,0.352941176,0.388888888,0.470588235,0.859477123,0.117647059,0.461538461,0.3761419587665134,0.29802844259474015,137.91513284393173,0.2586510983020922,0.222222222,0.055555555,0.0,0.23076923,87.26666259765625,102.3,5.75,0.5,0.7037037,0.57971014,0.61904762,0.84210526,0.725,0.15942029,0.583333333,0.166666666,0.25,0.53846154,0.30769231,0.15384615,5.25790569374985,0.522602322511375,,0.17274588625878096,0.6204279512166977,0.858768105506897,1.3514519194527939
David Hamilton,MIL,2026,28.0,74.0,238.0,204.0,49.0,3.0,0.240196078,0.317180616,0.333333333,0.650513949,0.093137255,0.31292517,0.2939323105475976,0.2639314600851683,84.06480333957347,0.2578756081007337,0.226890756,0.092436974,0.03726708,0.27329193,86.84552093050372,109.9,11.597014925373134,0.30783582,0.59518072,0.43322818,0.67272727,0.88663968,0.80097087,0.08622503,0.429629629,0.422222222,0.148148148,0.31875,0.3375,0.34375,7.632099511386462,1.9420526279136539,,1.1896062148734927,-2.5574926137924194,-4.2521653175354,-2.6639589806429385
Ryan Ward,LAD,2026,28.0,20.0,60.0,55.0,12.0,3.0,0.218181818,0.283333333,0.454545454,0.737878787,0.236363636,0.257142857,0.31806709071000416,0.31646712351653533,99.98688968479692,0.25200220836541914,0.283333333,0.083333333,0.10526316,0.28947368,88.50540408572635,108.4,19.2972972972973,0.37748344,0.76237624,0.53174603,0.71929825,0.84415584,0.79104478,0.11111111,0.394736842,0.394736842,0.210526315,0.55263158,0.21052632,0.23684211,1.7499999962500001,0.138582369312644,,-0.054508233442902565,0.3966434597969055,1.1459574699401855,0.13762703576842028
Nick Sogard,BOS,2026,28.0,12.0,41.0,35.0,9.0,0.0,0.257142857,0.35,0.371428571,0.721428571,0.114285714,0.310344827,0.32331402599811554,0.3011640071868896,101.65806180004924,0.24768662801381272,0.146341463,0.121951219,0.0,0.16666667,81.54814995659723,101.1,8.518518518518519,0.21348315,0.57352941,0.36942675,0.63157895,0.92307692,0.82758621,0.06369427,0.481481481,0.222222222,0.296296296,0.5,0.3,0.2,3.3571428525,-0.3169180480763316,,-0.05995905678719282,1.2257597297430038,1.0371452569961548,-0.23693582852893283
Jeremiah Jackson,BAL,2026,26.0,73.0,219.0,210.0,53.0,7.0,0.252380952,0.270642201,0.4,0.670642201,0.147619048,0.285714285,0.28933242947683424,0.2911373613067486,83.88300675859021,0.2460491370110993,0.200913242,0.02283105,0.07692308,0.38461538,89.42275215194611,110.9,7.303571428571429,0.42822384,0.80124224,0.59208731,0.61931818,0.85658915,0.76036866,0.14130435,0.517857142,0.339285714,0.142857142,0.43786982,0.30177515,0.26035503,3.210186513010674,-0.6481307689100504,,-0.24451329745352268,-0.5757104754447937,-1.0798254013061523,-4.8008925601535966
Henry Davis,PIT,2026,26.0,65.0,199.0,174.0,29.0,8.0,0.166666666,0.262626262,0.333333333,0.595959595,0.166666667,0.168,0.26787636888147603,0.29204773180412524,64.00812866621088,0.2407921769495777,0.211055276,0.090452261,0.09701493,0.39552239,89.68384164663462,112.3,18.953846153846154,0.34313725,0.746875,0.5206044,0.57857143,0.88284519,0.77044855,0.11950549,0.376923076,0.461538461,0.161538461,0.58955224,0.26119403,0.14925373,3.813942984976846,-0.3641570499166846,,-0.2281608274206519,4.9460321962833405,0.8673855364322662,-9.062732755271611
Bryan Torres,STL,2026,28.0,33.0,74.0,68.0,13.0,4.0,0.19117647,0.246575342,0.426470588,0.67304593,0.235294118,0.1875,0.2883350122464846,0.30314872634242956,81.69208478629233,0.23122946211687823,0.216216216,0.067567567,0.0754717,0.32075472,86.78571428571429,104.7,12.326530612244898,0.33333333,0.62686567,0.46621622,0.64814815,0.9047619,0.80434783,0.09121622,0.392156862,0.431372549,0.176470588,0.43396226,0.32075472,0.24528302,6.814332993077871,0.32549184933304787,,0.13459012284874916,1.1912887692451477,1.9646083116531372,-1.3198693656810527
Jorge Barrosa,ARI,2026,25.0,69.0,133.0,116.0,22.0,2.0,0.189655172,0.265625,0.353448275,0.619073275,0.163793103,0.259740259,0.2736591869033873,0.22208498418331146,68.7693769853317,0.2256221582499383,0.278195488,0.082706766,0.05952381,0.25,87.05205211900685,104.1,17.84931506849315,0.32492997,0.57534247,0.42013889,0.62931034,0.86507937,0.75206612,0.10398614,0.356164383,0.493150684,0.150684931,0.47619048,0.33333333,0.19047619,4.14285714,0.432941447943449,,-0.10901646688580513,2.5004774034023285,2.968012809753418,-4.611614377411974
Parker Meadows,DET,2026,26.0,12.0,39.0,36.0,9.0,0.0,0.25,0.307692307,0.333333333,0.64102564,0.083333333,0.346153846,0.28711420450455105,0.24993003943027595,80.63089625081433,0.22466113833970805,0.256410256,0.051282051,0.03846154,0.19230769,85.28077110877403,105.0,13.307692307692308,0.31958763,0.65151515,0.45398773,0.70967742,0.88372093,0.81081081,0.08588957,0.384615384,0.384615384,0.23076923,0.30769231,0.46153846,0.23076923,8.141510696074823,0.867901524528861,,0.5454917754977942,0.8531420975923538,0.7028220891952515,-0.02085543356743369
Rafael Flores,PIT,2026,25.0,6.0,16.0,12.0,4.0,1.0,0.333333333,0.5,0.666666666,1.166666666,0.333333333,0.333333333,0.4917665049433708,0.5200030207633972,213.9606558463858,0.2242686377431054,0.125,0.25,0.2,0.3,89.27999877929688,108.7,15.9,0.19444444,0.58064516,0.37313433,0.28571429,0.83333333,0.68,0.11940299,0.4,0.5,0.1,0.5,0.4,0.1,0.4107142775,-0.0780212078243494,,-0.03270494006574154,-0.4394967257976532,-0.7595698535442352,2.136427197935192
Ali Sanchez,NYY,2026,29.0,20.0,38.0,35.0,8.0,0.0,0.228571428,0.263157894,0.285714285,0.548872179,0.057142857,0.307692307,0.24415626494508041,0.2802568234895405,52.32976541680785,0.2215339967811628,0.263157894,0.026315789,0.0,0.15384615,82.78846153846153,106.6,18.384615384615383,0.35135135,0.75,0.52985075,0.73076923,0.75555556,0.74647887,0.13432836,0.346153846,0.346153846,0.307692307,0.38461538,0.34615385,0.26923077,0.9067460274999999,0.09109839051961899,,-0.04360658675432205,2.877185970544815,1.925539880990982,-2.0401779659986956
Christian Yelich,MIL,2026,34.0,66.0,295.0,258.0,62.0,6.0,0.240310077,0.329931972,0.379844961,0.709776933,0.139534884,0.329411764,0.3129326416454774,0.29677789622339706,96.79045403371344,0.21958372304090812,0.281355932,0.108474576,0.06779661,0.4180791,89.01329366871387,111.1,3.184971098265896,0.25426136,0.67941712,0.4405427,0.46927374,0.82037534,0.70652174,0.1291866,0.56321839,0.264367816,0.172413793,0.34463277,0.37853107,0.27683616,6.342239516172134,0.5132563421502709,,1.2129915663972497,-6.8255203776061535,0.03661932423710823,-0.6366335579885525
John Rave,KCR,2026,28.0,9.0,21.0,18.0,4.0,1.0,0.222222222,0.333333333,0.611111111,0.944444444,0.388888889,0.3,0.39234873226710726,0.4194767951965332,150.5811313065797,0.21724768540997538,0.333333333,0.142857142,0.27272727,0.63636364,100.33333333333333,106.3,10.2,0.25925926,0.69444444,0.43333333,0.42857143,0.84,0.69230769,0.13333333,0.4,0.6,0.0,0.63636364,0.27272727,0.09090909,4.10119047125,0.219243292696774,,-0.01635247003287077,-0.0680009126663208,0.3023694157600403,1.4689747875819852
Coby Mayo,BAL,2026,24.0,78.0,258.0,235.0,46.0,13.0,0.19574468,0.263565891,0.4,0.663565891,0.20425532,0.242647058,0.2892038625802181,0.2959436815838481,83.79412149755099,0.2160997541269493,0.337209302,0.07364341,0.11409396,0.48993289,92.24966574035236,116.5,19.28187919463087,0.34162521,0.63288288,0.46513849,0.50485437,0.84341637,0.70020534,0.13944604,0.369127516,0.463087248,0.167785234,0.53691275,0.29530201,0.16778523,3.712321064283026,0.9418196696788073,,0.14926213212311268,-3.086669087409973,-2.2218997478485107,-3.9774560617826493
Brewer Hicklen,ATL,2026,30.0,3.0,13.0,11.0,5.0,0.0,0.454545454,0.538461538,0.727272727,1.265734265,0.272727273,0.625,0.5345243949156541,0.3525403096125676,243.99326106906557,0.21348734581682904,0.23076923,0.153846153,0.0,0.5,95.29999542236328,109.1,7.875,0.24,0.77272727,0.4893617,0.16666667,0.94117647,0.73913043,0.12765957,0.5,0.125,0.375,0.5,0.5,0.0,1.30357142125,-0.023794970707967877,,-0.021803293377161026,-0.5613893568515778,-0.42250049114227295,2.2496066396997145
Hunter Feduccia,TBR,2026,29.0,54.0,144.0,126.0,29.0,2.0,0.23015873,0.309859154,0.333333333,0.643192487,0.103174603,0.325301204,0.28967944585101707,0.3003149911866966,81.76421891496456,0.20830553783128358,0.291666666,0.097222222,0.08045977,0.36781609,90.53209997106481,108.1,18.34567901234568,0.28080229,0.66533865,0.44166667,0.62244898,0.85628743,0.76981132,0.10166667,0.308641975,0.469135802,0.222222222,0.27906977,0.44186047,0.27906977,2.6946864025000004,-0.9317908324301243,,-0.19622964039444923,0.9464372992515564,-2.0348156094551086,-4.021344499186317
Ben Williamson,TBR,2026,25.0,71.0,230.0,209.0,51.0,2.0,0.244019138,0.310043668,0.325358851,0.635402519,0.081339713,0.300613496,0.2867327840047112,0.29026861652928826,79.7270319384042,0.20556674033267286,0.191304347,0.082608695,0.01807229,0.3373494,87.17852521088957,109.2,4.699386503067485,0.33901515,0.55495979,0.42841287,0.78212291,0.90338164,0.84715026,0.0654828,0.524390243,0.237804878,0.237804878,0.28915663,0.39156627,0.31927711,5.903571506652806,1.6249745609238744,,0.8628227235749364,-2.308610200881958,-3.4928805828094482,-3.861003337300784
Anthony Seigler,BOS,2026,27.0,26.0,102.0,90.0,22.0,2.0,0.244444444,0.316831683,0.388888888,0.705720571,0.144444444,0.28169014,0.31143888270500864,0.3232064955305345,93.4481318782178,0.2050732253901646,0.176470588,0.088235294,0.05405405,0.37837838,88.16301236087328,104.8,13.67123287671233,0.27638191,0.67455621,0.45923913,0.70909091,0.86842105,0.81656805,0.08401084,0.438356164,0.328767123,0.232876712,0.35135135,0.33783784,0.31081081,4.756685154247604,0.20588696096092463,,0.2746310690417886,-1.0283780992031097,-1.3884602785110474,-0.5803875558145707
Ramon Laureano,SDP,2026,31.0,53.0,206.0,182.0,37.0,7.0,0.203296703,0.286407766,0.373626373,0.660034139,0.17032967,0.267857142,0.29117741168124006,0.31210549363812196,85.16678023814434,0.20132825752807426,0.31553398,0.097087378,0.14285714,0.41176471,87.98991432510505,109.7,12.0,0.34730539,0.73410405,0.50531287,0.50574713,0.83464567,0.70093458,0.15112161,0.420168067,0.394957983,0.184873949,0.37815126,0.33613445,0.28571429,6.549150498888485,0.49495068565011024,,0.3290063478052616,-1.5198290944099426,0.7384008765220642,-3.2160693148780837
Joey Loperfido,HOU,2026,27.0,39.0,120.0,102.0,22.0,1.0,0.215686274,0.313559322,0.333333333,0.646892655,0.117647059,0.295774647,0.28889746034247243,0.2970077319022937,82.70125505570735,0.20038187203689584,0.258333333,0.116666666,0.06756757,0.35135135,89.04444715711806,106.2,11.86111111111111,0.35018051,0.67171717,0.48421053,0.6185567,0.79699248,0.72173913,0.13473684,0.527777777,0.319444444,0.152777777,0.30136986,0.46575342,0.23287671,4.592818052684252,0.39364605862647295,,-0.3627509502694011,-0.24856466054916382,0.653355598449707,-2.0486860714359287
Masataka Yoshida,BOS,2026,32.0,65.0,214.0,191.0,51.0,4.0,0.267015706,0.341121495,0.397905759,0.739027254,0.130890053,0.288343558,0.3278326603853814,0.3203947120737807,104.78203855941723,0.19427178950787494,0.116822429,0.088785046,0.02994012,0.39520958,88.77964188809881,108.6,9.10179640718563,0.32603939,0.57097792,0.42635659,0.81208054,0.90607735,0.86363636,0.05806452,0.497005988,0.329341317,0.173652694,0.4491018,0.32934132,0.22155689,4.4645978456460895,-0.2190434643998742,,0.08930307533591986,-6.695662140846252,-1.5979257822036743,0.9849821562030645
Tyler Callihan,PIT,2026,26.0,34.0,94.0,83.0,20.0,3.0,0.240963855,0.319148936,0.445783132,0.764932068,0.204819277,0.333333333,0.33107842029409207,0.27793462225731386,106.33829782414598,0.19233413378724235,0.319148936,0.09574468,0.07407407,0.2962963,84.74717165389151,107.3,25.50943396226415,0.35185185,0.79012346,0.53968254,0.57894737,0.8203125,0.73039216,0.14550265,0.207547169,0.603773584,0.188679245,0.44444444,0.2962963,0.25925926,6.583006247200306,0.8498164294287562,,0.08553271275013685,-2.7401623129844666,-2.0440032482147217,1.5734040682505293
Harry Ford,WSN,2026,23.0,3.0,13.0,11.0,3.0,1.0,0.272727272,0.384615384,0.636363636,1.02097902,0.363636364,0.4,0.43176206258627087,0.25836607126089245,175.6521515526438,0.189922597254781,0.384615384,0.076923076,0.16666667,0.33333333,73.21666971842448,101.2,35.333333333333336,0.21428571,0.75,0.46153846,0.33333333,0.83333333,0.70833333,0.13461538,0.5,0.5,0.0,0.16666667,0.83333333,0.0,7.5,0.18364753294736147,,0.18364753294736147,0.07694097049534321,-0.13739372603595257,1.3780626180261941
Carlos Narvaez,BOS,2026,27.0,55.0,180.0,160.0,32.0,3.0,0.2,0.265536723,0.29375,0.559286723,0.09375,0.284313725,0.2524313286872907,0.27811235761911857,52.65301291528678,0.1771136969428062,0.316666666,0.066666666,0.07407407,0.37962963,91.37669713288835,110.1,15.932038834951456,0.38423645,0.71253823,0.53069577,0.49358974,0.84549356,0.70437018,0.1568895,0.3592233,0.436893203,0.203883495,0.33333333,0.35185185,0.31481481,3.1773440710158107,-1.0862215217202902,,-0.007131284102797508,6.445568084716797,2.7298617362976074,-11.113284310757766
Connor Norby,MIA,2026,26.0,65.0,233.0,200.0,41.0,4.0,0.205,0.313304721,0.325,0.638304721,0.12,0.291338582,0.2921560897847614,0.28182518431045467,80.80547587202068,0.17103668732886607,0.300429184,0.103004291,0.07633588,0.36641221,86.95801526717557,106.9,18.770992366412212,0.29787234,0.76533333,0.49439462,0.51948052,0.80139373,0.70294785,0.14653244,0.381679389,0.48091603,0.13740458,0.42748092,0.35877863,0.21374046,3.294754822199614,-0.19209396932274103,,-0.35743308160454035,-0.2939159870147705,3.844172716140747,-5.623645624172075
Jakob Marsee,MIA,2026,25.0,97.0,400.0,335.0,65.0,5.0,0.19402985,0.315656565,0.289552238,0.605208803,0.095522388,0.247933884,0.28252939909997615,0.29907952710456653,74.35790912362975,0.16903914392673125,0.2225,0.1275,0.03187251,0.33466135,86.72396371384298,110.9,18.39669421487603,0.26129032,0.58931298,0.39684543,0.67489712,0.93264249,0.83306836,0.06624606,0.362139917,0.423868312,0.213991769,0.41832669,0.32270916,0.25896414,6.367771062226322,0.277011027559638,,-0.9335744474083185,0.7878221273422241,-0.4690361022949219,-12.179719508034292
Nick Allen,HOU,2026,27.0,50.0,103.0,92.0,22.0,1.0,0.239130434,0.287128712,0.304347826,0.591476538,0.065217392,0.3,0.2647068683463748,0.2277061349094504,65.97698822762955,0.16770617491402834,0.22330097,0.058252427,0.01369863,0.26027397,84.16323673023896,106.6,17.08823529411765,0.25714286,0.6969697,0.45066667,0.64814815,0.80869565,0.75739645,0.10933333,0.426470588,0.44117647,0.132352941,0.39726027,0.43835616,0.16438356,5.342883733543851,-0.1332607874646783,,0.26372942235320807,2.2420666217803955,1.1823960542678833,-4.256313256163393
Victor Bericoto,SFG,2026,24.0,24.0,59.0,58.0,17.0,4.0,0.293103448,0.305084745,0.551724137,0.856808882,0.258620689,0.333333333,0.3646716162309808,0.28914428969561046,133.06158057550581,0.16762936187920635,0.254237288,0.016949152,0.13953488,0.46511628,88.46278842659883,108.7,8.162790697674419,0.43076923,0.73737374,0.56331878,0.51785714,0.93150685,0.75193798,0.13973799,0.53488372,0.372093023,0.093023255,0.37209302,0.30232558,0.3255814,2.579403452395653,-0.7764511732384562,,-0.6911164997145534,-1.8606371879577637,-1.1644781827926636,1.5925554081121174
Dylan Crews,WSN,2026,24.0,51.0,208.0,189.0,39.0,7.0,0.206349206,0.278846153,0.349206349,0.628052502,0.142857143,0.235294117,0.280704704614786,0.3189019179925686,74.4800634231227,0.1622750315935069,0.221153846,0.0625,0.09090909,0.41958042,90.49220135195036,112.3,11.71830985915493,0.39041096,0.72635135,0.52588556,0.56725146,0.82790698,0.71243523,0.15102041,0.426573426,0.433566433,0.139860139,0.35664336,0.44755245,0.1958042,6.008600273849073,1.110450710169971,,0.9547129673883319,0.14847016334533691,1.4601984024047852,-5.336191526349386
Dustin Harris,- - -,2026,26.0,17.0,52.0,43.0,10.0,0.0,0.232558139,0.333333333,0.302325581,0.635658914,0.069767442,0.27027027,0.2917758869189842,0.33402585983276367,83.9902985135469,0.16150482899254825,0.134615384,0.115384615,0.0,0.15789474,83.68611145019531,103.9,15.805555555555555,0.31304348,0.59459459,0.42328042,0.80555556,0.90909091,0.8625,0.05820106,0.361111111,0.333333333,0.305555555,0.65789474,0.26315789,0.07894737,8.62775886841677,0.6338603761978447,,0.7182376617565751,0.08915862441062927,0.6550021469593048,-0.34561936827083317
Patrick Bailey,- - -,2026,27.0,68.0,207.0,191.0,38.0,4.0,0.198952879,0.248780487,0.298429319,0.547209806,0.09947644,0.251851851,0.243934567381696,0.28416989831363454,53.02773892973865,0.15460646683675183,0.256038647,0.062801932,0.07092199,0.40425532,90.14963503649635,107.7,12.64963503649635,0.33264033,0.71349862,0.4964455,0.575,0.84942085,0.74463007,0.12677725,0.442028985,0.36231884,0.195652173,0.37588652,0.32624113,0.29787234,4.462644826177993,-2.1544001633301377,,0.17651624884456396,8.296894207596779,3.744425430893898,-13.8827564358414
Freddy Fermin,SDP,2026,31.0,62.0,169.0,145.0,23.0,3.0,0.158620689,0.253012048,0.275862068,0.528874116,0.117241379,0.18018018,0.2420462807977056,0.25987468857363044,52.26074262168938,0.151733058311034,0.195266272,0.100591715,0.02564103,0.24786325,86.31161063058036,104.3,16.0,0.33906634,0.71003717,0.48668639,0.60144928,0.90575916,0.7781155,0.10782866,0.375,0.4375,0.1875,0.43589744,0.34188034,0.22222222,2.065224655377835,-0.007834366522729397,,-0.5845542466267943,5.787954330444336,2.209993600845337,-9.806185687762744
George Springer,TOR,2026,36.0,69.0,305.0,268.0,60.0,10.0,0.223880597,0.307947019,0.384328358,0.692275377,0.160447761,0.251256281,0.30707348044344923,0.3066824603554429,95.29605343126038,0.1430227376080686,0.196721311,0.098360655,0.0754717,0.39150943,88.42428385416666,109.2,12.666666666666666,0.28151261,0.73988439,0.47445255,0.58706468,0.90104167,0.79316239,0.09813463,0.444976076,0.401913875,0.153110047,0.44497608,0.34449761,0.21052632,4.6153335745739685,-0.32737575378268957,,0.1818341175094247,-7.448457047343254,-0.06676988303661346,-2.015370539617136
J.C. Escarra,NYY,2026,31.0,32.0,92.0,85.0,16.0,0.0,0.188235294,0.239130434,0.270588235,0.509718669,0.082352941,0.235294117,0.22783697817636572,0.25749529325045073,41.04735833855477,0.14069500593067089,0.195652173,0.065217391,0.04411765,0.33823529,89.11060310132575,109.0,10.545454545454545,0.29081633,0.66025641,0.45454545,0.49122807,0.86407767,0.73125,0.12215909,0.492537313,0.373134328,0.134328358,0.30882353,0.51470588,0.17647059,3.54058440875,0.41969333589076996,,-0.0872131735086441,4.072270750999451,2.214703321456909,-5.96147173503548
Kahlil Watson,CLE,2026,23.0,26.0,89.0,86.0,20.0,1.0,0.232558139,0.258426966,0.325581395,0.584008361,0.093023256,0.358490566,0.25696752982193166,0.24007345049568776,61.243987852295966,0.1361443205351832,0.359550561,0.033707865,0.07407407,0.31481481,89.22641509433963,105.7,11.849056603773585,0.40625,0.73188406,0.54242424,0.53846154,0.77227723,0.67039106,0.17878788,0.452830188,0.339622641,0.207547169,0.38888889,0.35185185,0.25925926,5.289636317795309,1.4138867994770408,,1.2917573070153594,0.817126989364624,1.4401264190673828,-2.644355482721184
Justin Dean,CHC,2026,29.0,11.0,7.0,5.0,2.0,0.0,0.4,0.571428571,0.8,1.371428571,0.4,0.666666666,0.5537019542285374,0.41114630017961773,259.07277251686025,0.1360126609621156,0.285714285,0.285714285,0.0,0.33333333,80.33333333333333,98.7,-2.6666666666666665,0.41176471,0.9,0.59259259,0.71428571,0.77777778,0.75,0.14814815,0.333333333,0.0,0.666666666,0.66666667,0.0,0.33333333,5.14285714,-0.08764808159321547,,-0.01635247003287077,-0.14724313095211983,-0.09237345308065414,1.2646876840842103
Tyler Black,MIL,2026,25.0,9.0,28.0,27.0,9.0,0.0,0.333333333,0.357142857,0.481481481,0.838624338,0.148148148,0.45,0.36340694980961935,0.19133971418653214,130.59609728363145,0.12912767925239177,0.25,0.035714285,0.0,0.15,83.575,99.5,12.45,0.37288136,0.78947368,0.53608247,0.59090909,0.9,0.76923077,0.12371134,0.45,0.45,0.1,0.4,0.35,0.25,0.76785714,0.15189550258219242,,-0.03270494006574154,-0.828927680850029,-0.13791261613368988,1.1923299148865427
Sebastian Rivero,LAA,2026,27.0,24.0,57.0,53.0,13.0,0.0,0.245283018,0.285714285,0.283018867,0.568733152,0.037735849,0.31707317,0.25698312584842953,0.2720097455111417,58.859481473216135,0.1286504096484232,0.210526315,0.052631578,0.0,0.14285714,82.0073182641006,106.3,19.146341463414632,0.47101449,0.75531915,0.5862069,0.70769231,0.85915493,0.78676471,0.12446352,0.365853658,0.365853658,0.268292682,0.35714286,0.35714286,0.28571429,1.47098214,-0.27417258732020855,,-0.07631152682006359,2.273223400115967,1.0357978343963623,-3.033184008105837
Thomas White,ATH,2026,23.0,3.0,12.0,11.0,5.0,0.0,0.454545454,0.5,0.545454545,1.045454545,0.090909091,0.454545454,0.45938913027445477,0.3581260045369466,197.12979897774952,0.1232662445962736,0.0,0.083333333,0.0,0.27272727,84.03636585582386,98.2,-2.0,0.45714286,0.76470588,0.55769231,0.8125,0.92307692,0.86206897,0.07692308,0.636363636,0.09090909,0.272727272,0.27272727,0.45454545,0.27272727,2.01385807499985,-0.3479565428569913,,-0.44283283967524767,-0.23148147761821747,,1.0233754791699978
Tommy Troy,ARI,2026,24.0,39.0,134.0,121.0,27.0,4.0,0.223140495,0.298507462,0.363636363,0.662143825,0.140495868,0.26744186,0.294695547712383,0.3171989383982189,82.85867775341394,0.12277152498489576,0.231343283,0.097014925,0.1,0.31111111,84.78295343572444,109.9,10.704545454545455,0.27831715,0.62605042,0.42961609,0.6627907,0.81879195,0.76170213,0.10218978,0.488636363,0.329545454,0.181818181,0.34444444,0.38888889,0.26666667,5.888822584532692,-0.2626653164625168,,0.02557365596294403,-0.10943150520324707,0.8330695629119873,-3.052251358741975
Luis Lara,MIL,2026,21.0,8.0,27.0,22.0,6.0,0.0,0.272727272,0.407407407,0.318181818,0.725589225,0.045454546,0.333333333,0.3405846600179319,0.36831703892460577,115.31065375986788,0.12095099088635122,0.148148148,0.185185185,0.05555556,0.33333333,87.2611083984375,104.0,1.7777777777777777,0.18681319,0.55319149,0.3115942,0.76470588,0.88461538,0.8372093,0.05072464,0.5,0.166666666,0.333333333,0.27777778,0.44444444,0.27777778,3.956337863493731,0.34682843647897243,,0.14549176953732967,-0.5337378680706024,-0.317688524723053,0.8488797908819348
Nathan Church,STL,2026,25.0,81.0,268.0,251.0,58.0,8.0,0.231075697,0.272388059,0.370517928,0.642905987,0.139442231,0.264550264,0.2810381157184715,0.2797027759337693,76.80491961593698,0.11399275645015908,0.208955223,0.048507462,0.07614213,0.31979695,86.10259472150258,110.1,10.823834196891191,0.46,0.70301624,0.56159069,0.72101449,0.85808581,0.79274611,0.11639185,0.487046632,0.357512953,0.155440414,0.35532995,0.41116751,0.23350254,4.544102296506768,0.6409806022420526,,-0.5465314378961921,-0.716708205640316,0.11548200994729996,-6.90857380880335
Jake Fraley,TBR,2026,31.0,28.0,90.0,82.0,19.0,2.0,0.231707317,0.3,0.390243902,0.690243902,0.158536585,0.309090909,0.3040040479765998,0.27959199385209516,91.6675924327744,0.11325504955095646,0.277777777,0.088888888,0.0877193,0.21052632,84.1107177734375,107.8,23.107142857142858,0.25471698,0.69461078,0.44854881,0.59259259,0.90517241,0.80588235,0.08707124,0.315789473,0.526315789,0.157894736,0.45614035,0.29824561,0.24561404,4.09228886514271,0.4497420024126768,,0.5018851887434721,-1.6568575501441956,-0.5628933310508728,-0.4325694075080344
Christian Encarnacion-Strand,BAL,2026,26.0,2.0,8.0,8.0,3.0,1.0,0.375,0.375,0.75,1.125,0.375,0.4,0.47704125940799713,0.24962499737739563,213.65629044926914,0.11019587791539483,0.25,0.0,0.16666667,0.33333333,86.31667073567708,103.3,33.5,0.7,0.55555556,0.65517241,0.78571429,1.0,0.84210526,0.10344828,0.333333333,0.666666666,0.0,0.33333333,0.5,0.16666667,0.14285714,-0.010901646688580513,,-0.010901646688580513,-0.25365372747182846,-0.28451791405677795,1.0588731099652282
Rodolfo Duran,SDP,2026,28.0,37.0,91.0,82.0,12.0,3.0,0.146341463,0.222222222,0.304878048,0.52710027,0.158536585,0.163636363,0.2356699612405565,0.2566385590628292,47.99014254738083,0.1092416493106671,0.263736263,0.076923076,0.08474576,0.30508475,87.56841933936404,108.3,15.775862068965518,0.33014354,0.625,0.45042493,0.65217391,0.83333333,0.75471698,0.11048159,0.448275862,0.448275862,0.103448275,0.44067797,0.3220339,0.23728814,1.47098214,0.8433558149263263,,-0.07086070347577333,3.0135416388511658,0.9159192442893982,-4.904656624572627
Jim Jarvis,ATL,2026,25.0,14.0,48.0,45.0,12.0,1.0,0.266666666,0.29787234,0.4,0.69787234,0.133333334,0.323529411,0.3053649752698046,0.2617395482164748,90.51158158347341,0.10513352657850665,0.208333333,0.020833333,0.08333333,0.38888889,87.88000139508928,105.1,3.5142857142857142,0.34821429,0.61627907,0.46464646,0.79487179,0.88679245,0.84782609,0.07070707,0.6,0.285714285,0.114285714,0.41666667,0.33333333,0.25,1.60119047125,0.18780032359063625,,-0.054508233442902565,-0.16197490692138672,-0.7381064891815186,-0.365327759420211
Brice Matthews,HOU,2026,24.0,82.0,226.0,208.0,41.0,7.0,0.197115384,0.25,0.331730769,0.581730769,0.134615385,0.259541984,0.2567776473505156,0.2603842217825988,60.49508816933671,0.10317090799292557,0.314159292,0.066371681,0.08571429,0.37142857,86.80228709446565,111.1,11.961832061068701,0.27358491,0.68888889,0.45347594,0.44137931,0.78136201,0.66509434,0.15154749,0.477272727,0.386363636,0.136363636,0.38571429,0.44285714,0.17142857,4.367754269835191,-0.7744067339226604,,-1.0967002836987376,4.238421007990837,4.332728385925293,-11.278738196515544
Will Wilson,SEA,2026,27.0,2.0,6.0,5.0,1.0,1.0,0.2,0.333333333,0.8,1.133333333,0.6,0.0,0.4561177094777425,0.4514186779658,204.34794749467446,0.10303509365748761,0.166666666,0.166666666,0.25,0.25,87.79999542236328,106.3,1.0,0.33333333,0.8,0.52,0.2,0.875,0.61538462,0.2,0.5,0.5,0.0,0.75,0.25,0.0,0.14285714,-0.0054508233442902565,,-0.0054508233442902565,0.07452058978378773,0.05051511153578758,0.7311700867073118
Justin Crawford,PHI,2026,22.0,92.0,298.0,276.0,71.0,2.0,0.257246376,0.304054054,0.344202898,0.648256952,0.086956522,0.322429906,0.28811942483927755,0.2731905145160222,77.83574832266854,0.09992090600167022,0.204697986,0.057046979,0.00917431,0.33027523,86.61285342261905,106.9,3.414285714285714,0.38798701,0.70658683,0.5308863,0.76569038,0.88983051,0.83979764,0.08504924,0.54028436,0.293838862,0.165876777,0.27981651,0.39449541,0.32568807,6.429772948771717,1.5117382695898414,,0.9553537657484412,-2.234566569328308,-3.4508440494537354,-6.50984286585933
Josh Lowe,LAA,2026,28.0,63.0,195.0,180.0,36.0,8.0,0.2,0.248704663,0.355555555,0.604260218,0.155555555,0.233333333,0.2624432013059656,0.285580039024353,62.63432744920561,0.09863962548370889,0.271794871,0.056410256,0.09230769,0.36923077,88.97698102678571,109.6,18.46031746031746,0.41269841,0.76966292,0.57214555,0.65934066,0.79927007,0.74342105,0.1468005,0.357142857,0.476190476,0.166666666,0.37692308,0.38461538,0.23846154,3.63068741600793,0.5144219594076276,,0.40922119189053774,2.0788530111312866,3.7060818672180176,-8.0582517955312
Tyler Heineman,- - -,2026,35.0,42.0,111.0,100.0,18.0,1.0,0.18,0.233644859,0.23,0.463644859,0.05,0.22077922,0.2137548956915597,0.24892254595486624,29.797923955480098,0.09465630706276246,0.198198198,0.036036036,0.01219512,0.13414634,81.38815789473684,103.4,10.907894736842104,0.43209877,0.67878788,0.53186275,0.68571429,0.90178571,0.79723502,0.10784314,0.493506493,0.324675324,0.181818181,0.52439024,0.29268293,0.18292683,3.665474794826653,0.0016426537185907364,,0.0800818894058466,6.143950670957565,3.862857848405838,-9.166509572775432
Drew Gilbert,SFG,2026,25.0,78.0,229.0,202.0,46.0,4.0,0.227722772,0.308370044,0.356435643,0.664805687,0.128712871,0.259259259,0.29379668951034543,0.29162751612641885,85.59243091841289,0.09288096344762836,0.161572052,0.082969432,0.01785714,0.32738095,85.53827281057099,110.1,13.944444444444445,0.28274428,0.58900524,0.41830823,0.625,0.92,0.80886427,0.07986111,0.463414634,0.347560975,0.18902439,0.42857143,0.32738095,0.24404762,3.602961679622728,-1.070140529423952,,-1.5301789827644825,-1.483281135559082,-1.7987816333770752,-5.0771174086258
Spencer Jones,NYY,2026,25.0,30.0,82.0,73.0,17.0,2.0,0.232876712,0.31707317,0.369863013,0.686936183,0.136986301,0.405405405,0.30700350316559394,0.25868651307659385,95.77946609288865,0.09061006654564605,0.414634146,0.109756097,0.02564103,0.58974359,94.22105006167763,112.2,19.157894736842106,0.3652968,0.78321678,0.53038674,0.475,0.69642857,0.60416667,0.20994475,0.358974358,0.41025641,0.23076923,0.30769231,0.41025641,0.28205128,2.8183288117555345,0.18490423634648323,,0.09098353609442711,-1.805900514125824,-1.2914972305297852,-0.22227922274508438
Matt McLain,CIN,2026,26.0,83.0,309.0,268.0,51.0,8.0,0.190298507,0.293159609,0.328358208,0.621517817,0.138059701,0.242937853,0.2822940763122484,0.31690845991435806,70.70504764192941,0.0902254241454773,0.268608414,0.116504854,0.09090909,0.37967914,88.754443359375,110.5,20.33888888888889,0.28532236,0.62749004,0.42485784,0.59134615,0.86031746,0.75334608,0.10470779,0.327868852,0.480874316,0.19125683,0.35828877,0.37967914,0.26203209,4.636256128679937,-0.9178570182994008,,0.9927357761189342,2.7118616104125977,0.9400284290313721,-11.911507337721384
Ben Malgeri,DET,2026,26.0,14.0,31.0,26.0,7.0,0.0,0.269230769,0.354838709,0.346153846,0.700992555,0.076923077,0.368421052,0.3146825625050452,0.26809830819406816,99.69039571600375,0.08816346722782942,0.258064516,0.129032258,0.0,0.31578947,88.8631591796875,105.3,14.736842105263158,0.32352941,0.7173913,0.48245614,0.40909091,0.90909091,0.70909091,0.14035088,0.421052631,0.368421052,0.210526315,0.26315789,0.31578947,0.42105263,0.6542207712499999,-0.13163494411855936,,-0.04905741009861231,-0.09030705690383911,0.34865036606788635,-0.14292711747090686
Logan Porter,- - -,2026,30.0,3.0,6.0,4.0,1.0,0.0,0.25,0.5,0.5,1.0,0.25,0.5,0.442484974861145,0.41400400797526044,187.1069596866854,0.08629919453118685,0.333333333,0.333333333,0.0,0.5,93.9000015258789,103.0,9.0,0.1875,0.5,0.32142857,0.66666667,0.83333333,0.77777778,0.07142857,0.5,0.0,0.5,0.0,1.0,0.0,2.64285714,0.013005292043089867,,-0.010901646688580513,0.012142866849899292,-0.12503133714199066,0.6279173191292875
Andrew Benintendi,CHW,2026,31.0,87.0,301.0,270.0,66.0,10.0,0.244444444,0.306666666,0.429629629,0.736296295,0.185185185,0.288659793,0.31750882947724,0.32480337813093857,101.63783096033805,0.08324174334017087,0.232558139,0.086378737,0.09268293,0.46829268,89.112998046875,106.8,16.745,0.33677991,0.77087794,0.51398601,0.65789474,0.80277778,0.74659864,0.13024476,0.374384236,0.408866995,0.216748768,0.57073171,0.30243902,0.12682927,4.384149878432886,-0.9075170224532485,,-0.14340186771005392,-9.585289120674133,-1.5143014192581177,-0.32749503990057094
Gabriel Gonzalez,MIN,2026,22.0,1.0,4.0,2.0,1.0,0.0,0.5,0.75,0.5,1.25,0.0,0.5,0.5715230256319046,0.4225060045719147,276.7439546482125,0.08259464420400513,0.0,0.5,0.0,0.0,63.099998474121094,66.6,11.5,0.23076923,1.0,0.44444444,1.0,1.0,1.0,0.0,0.5,0.5,0.0,0.5,0.0,0.5,1.60119047125,-0.08278134744614363,,-0.01635247003287077,-0.074271310120821,-0.03311905264854431,0.749008166035374
LaMonte Wade Jr.,HOU,2026,32.0,14.0,49.0,41.0,8.0,2.0,0.195121951,0.326530612,0.390243902,0.716774514,0.195121951,0.222222222,0.321153635881385,0.2761856390505421,105.00169675854436,0.07616261858245796,0.244897959,0.163265306,0.06896552,0.31034483,84.17037398726852,103.4,18.666666666666668,0.184,0.68888889,0.39534884,0.69565217,0.90322581,0.84705882,0.06046512,0.333333333,0.481481481,0.185185185,0.31034483,0.31034483,0.37931034,1.7499999962500001,-1.1409389786422253,,-0.06540988013148308,-0.14147186279296875,0.46209460496902466,-0.8525874093325899
MJ Melendez,NYM,2026,27.0,56.0,144.0,120.0,23.0,4.0,0.191666666,0.314685314,0.35,0.664685314,0.158333334,0.283582089,0.3014744753604169,0.2804751096071897,91.6311582881833,0.07420019240538644,0.347222222,0.118055555,0.11111111,0.55555556,94.2436592209507,111.9,23.56338028169014,0.31891892,0.68852459,0.46579805,0.57627119,0.77380952,0.69230769,0.14308943,0.239436619,0.605633802,0.154929577,0.5,0.30555556,0.19444444,3.5131617666863733,-0.7986854119226336,,-0.6063575400039554,-1.706728219985962,1.5425856113433838,-2.2622722300426137
Alex Jackson,MIN,2026,30.0,23.0,57.0,55.0,17.0,1.0,0.309090909,0.333333333,0.418181818,0.751515151,0.109090909,0.421052631,0.33031979673787165,0.2202542790195398,109.98709477192341,0.07170823006045834,0.280701754,0.0,0.02564103,0.35897436,87.77941176470588,107.1,6.5,0.44915254,0.75280899,0.57971014,0.62264151,0.86567164,0.75833333,0.14009662,0.542857142,0.285714285,0.171428571,0.43589744,0.33333333,0.23076923,1.47098214,-0.5762794679030776,,-0.08176235016435385,-1.4169875979423523,-2.600115120410919,0.09348624052537224
Zach Dezenzo,HOU,2026,26.0,30.0,72.0,65.0,15.0,1.0,0.23076923,0.305555555,0.338461538,0.644017093,0.107692308,0.378378378,0.28958334690994686,0.26672034067650363,83.17544559929088,0.07028904614060318,0.375,0.097222222,0.10526316,0.28947368,83.31316174958882,106.0,8.552631578947368,0.34337349,0.59848485,0.45637584,0.52631579,0.7721519,0.66911765,0.15100671,0.447368421,0.236842105,0.315789473,0.42105263,0.21052632,0.36842105,4.913041306725395,0.6034081494435668,,0.10733600612729788,-1.0507715195417404,-0.18657414615154266,-0.8218218283089578
Giancarlo Stanton,NYY,2026,36.0,24.0,96.0,90.0,23.0,3.0,0.255555555,0.302083333,0.422222222,0.724305555,0.166666667,0.344827586,0.3156241712470849,0.3255632519721985,101.73940098222108,0.07011083968836462,0.302083333,0.0625,0.18032787,0.44262295,94.13606237192623,116.3,21.540983606557376,0.32888889,0.6163522,0.44791667,0.45945946,0.79591837,0.65116279,0.15625,0.295081967,0.475409836,0.229508196,0.42622951,0.37704918,0.19672131,2.8660848189857737,-0.44232646003365517,,0.09098353609442711,-2.484567880630493,,-0.24586388799753606
Joey Bart,- - -,2026,29.0,36.0,103.0,93.0,20.0,4.0,0.215053763,0.281553398,0.376344086,0.657897484,0.161290323,0.262295081,0.2905300971373771,0.2906241092867064,79.73600986212018,0.06877789436339925,0.281553398,0.038834951,0.09230769,0.33846154,86.13999774639423,109.5,13.615384615384615,0.34188034,0.65853659,0.47236181,0.5625,0.88888889,0.75,0.11809045,0.4,0.446153846,0.153846153,0.47692308,0.35384615,0.16923077,2.01785714,-0.22577429376542568,,-0.11991811357438564,0.07710930705070496,-1.750165432691574,-2.760627612852586
Blaze Jordan,STL,2026,23.0,26.0,91.0,84.0,21.0,1.0,0.25,0.263736263,0.38095238,0.644688643,0.13095238,0.266666666,0.2724381056460705,0.3002586364746094,71.04498187676398,0.06660664279823536,0.131868131,0.032967032,0.06578947,0.44736842,88.8868408203125,110.2,9.460526315789474,0.36206897,0.73287671,0.53125,0.6984127,0.89719626,0.82352941,0.09375,0.460526315,0.342105263,0.197368421,0.35526316,0.42105263,0.22368421,4.1917701775,0.23043341096490622,,-0.09266399685293436,0.6565483883023262,0.6039650440216064,-2.96961005214012
Tsung-Che Cheng,BOS,2026,24.0,13.0,41.0,36.0,10.0,0.0,0.277777777,0.341463414,0.305555555,0.647018969,0.027777778,0.416666666,0.2939889154783109,0.31365971448944835,81.38402414213658,0.06470837675867792,0.31707317,0.097560975,0.08333333,0.20833333,86.02857026599702,102.4,13.380952380952381,0.32142857,0.63076923,0.45637584,0.48148148,0.7804878,0.66176471,0.15436242,0.38095238,0.38095238,0.238095238,0.41666667,0.375,0.20833333,3.900829532849033,-1.2026068465784192,,-0.9020181493833661,1.2785509824752808,0.7281395792961121,-2.1006114131805114
Drew Cavanaugh,SFG,2026,24.0,15.0,45.0,37.0,9.0,0.0,0.243243243,0.363636363,0.243243243,0.606879606,0.0,0.36,0.29298172891139984,0.32342236692255194,85.04660338213243,0.06250477970001808,0.266666666,0.155555555,0.07692308,0.23076923,86.47599609375,106.0,16.16,0.2815534,0.71428571,0.46666667,0.79310345,0.85454545,0.83333333,0.07777778,0.44,0.32,0.24,0.34615385,0.34615385,0.30769231,0.29910714,-0.10159432142972946,,-0.0872131735086441,0.06762072443962097,-0.8383006155490875,-0.9188218919252639
Jesus Sanchez,TOR,2026,28.0,73.0,234.0,215.0,59.0,7.0,0.274418604,0.316239316,0.437209302,0.753448618,0.162790698,0.325,0.3244428509294731,0.3350165794635641,107.30444027399923,0.06056602000256789,0.222222222,0.042735042,0.10778443,0.46706587,91.09578548569277,112.3,10.951807228915662,0.41941748,0.73553719,0.5501139,0.67592593,0.84644195,0.77018634,0.12642369,0.443113772,0.347305389,0.209580838,0.35928144,0.4011976,0.23952096,1.9099804890935352,-0.9879539050161839,,-0.4990215338766575,-8.770368337631226,-5.654799461364746,1.023044291672778
Drew Romo,CHW,2026,24.0,37.0,127.0,112.0,15.0,5.0,0.133928571,0.222222222,0.3125,0.534722222,0.178571429,0.133333333,0.238389928189535,0.24808246370345827,46.93864805099114,0.060142222111236654,0.259842519,0.094488188,0.07407407,0.27160494,83.98076923076923,108.6,15.91025641025641,0.35531136,0.70108696,0.49452954,0.53608247,0.82945736,0.70353982,0.14660832,0.423076923,0.487179487,0.089743589,0.49382716,0.32098765,0.18518519,2.6717194436786302,0.1662700828164816,,0.10188518278300762,3.8273761719465256,1.1896305531263351,-7.762227781075763
Orlando Arcia,MIN,2026,31.0,19.0,50.0,48.0,13.0,1.0,0.270833333,0.3,0.354166666,0.654166666,0.083333333,0.307692307,0.28945702910423277,0.24468048095703124,81.73644967200347,0.05616589174810769,0.16,0.04,0.025,0.25,85.94749755859375,103.4,4.3,0.3627451,0.72727273,0.50595238,0.7027027,0.875,0.8,0.10119048,0.55,0.275,0.175,0.45,0.275,0.275,2.5976789149946926,-1.6150848465040326,,-0.4864394264295697,1.4618490859866142,1.3795446157455444,-2.6894801258225067
Taylor Trammell,HOU,2026,28.0,46.0,129.0,118.0,27.0,3.0,0.228813559,0.2890625,0.364406779,0.653469279,0.13559322,0.338028169,0.28916336921975017,0.27536606788635254,82.88509226879684,0.05608348069835837,0.341085271,0.069767441,0.09333333,0.34666667,88.96666802300348,111.8,15.305555555555555,0.32608696,0.68348624,0.48380567,0.43333333,0.77852349,0.64853556,0.17004049,0.375,0.486111111,0.138888888,0.46666667,0.24,0.29333333,5.1790882136741425,0.6847384758293629,,0.04737694934010506,-2.1334926187992096,-1.727685570716858,-1.912866776967844
Jimmy Crooks,STL,2026,24.0,28.0,78.0,68.0,12.0,3.0,0.176470588,0.282051282,0.338235294,0.620286576,0.161764706,0.23076923,0.2811686518864754,0.3419263022286551,76.89234744382122,0.05469367245340276,0.333333333,0.089743589,0.0952381,0.54761905,92.54146222370427,109.8,15.585365853658537,0.34482759,0.64,0.46822742,0.48333333,0.7875,0.65714286,0.16053512,0.357142857,0.404761904,0.238095238,0.4047619,0.4047619,0.19047619,0.14285714,-0.09912722650915384,,-0.09266399685293436,0.2817496061325073,-0.5750175714492798,-2.2881036054284785
Santiago Espinal,LAD,2026,31.0,36.0,60.0,56.0,15.0,1.0,0.267857142,0.275862068,0.375,0.650862068,0.107142858,0.291666666,0.2808639787394425,0.28988815176075905,75.06975507101252,0.054258904807231036,0.133333333,0.016666666,0.01960784,0.31372549,86.20416259765625,102.5,14.166666666666666,0.359375,0.66666667,0.49107143,0.73913043,0.953125,0.86363636,0.06696429,0.375,0.291666666,0.333333333,0.31372549,0.45098039,0.23529412,1.1845238025,-1.167036633938551,,-0.06540988013148308,1.5609354116022587,1.5980868339538574,-2.9836748213080453
Travis d'Arnaud,LAA,2026,37.0,14.0,40.0,35.0,7.0,1.0,0.2,0.3,0.314285714,0.614285714,0.114285714,0.222222222,0.28238624185323713,0.33670074939727784,76.42203183980294,0.05423603485066336,0.175,0.075,0.14285714,0.32142857,87.70000348772321,104.2,14.25,0.34177215,0.67741935,0.4893617,0.62962963,0.83333333,0.75362319,0.12056738,0.428571428,0.464285714,0.107142857,0.25,0.46428571,0.28571429,2.295634915,-0.2722074333578348,,-0.054508233442902565,0.49179744720458984,-0.35411012172698975,-1.3818299210909037
Bryce Teodosio,LAA,2026,27.0,34.0,51.0,47.0,10.0,0.0,0.212765957,0.26,0.255319148,0.515319148,0.042553191,0.344827586,0.23447702407836915,0.20287071228027342,43.29979399954523,0.05367686281299558,0.352941176,0.058823529,0.06666667,0.23333333,83.51851851851852,107.2,6.37037037037037,0.38541667,0.67901235,0.51977401,0.51351351,0.76363636,0.66304348,0.17514124,0.555555555,0.407407407,0.037037037,0.4,0.26666667,0.33333333,5.989205034347345,0.2348927678540349,,0.32446223217993975,1.8794033825397491,2.341794729232788,-3.1673374240100562
Kyle Teel,CHW,2026,24.0,19.0,70.0,63.0,12.0,2.0,0.19047619,0.271428571,0.317460317,0.588888888,0.126984127,0.294117647,0.2660717529909951,0.30239026205880304,66.07659326301423,0.04863744972913925,0.385714285,0.085714285,0.11111111,0.5,84.39722357855902,108.2,12.333333333333334,0.36363636,0.69444444,0.48474576,0.5,0.81333333,0.66433566,0.16271186,0.333333333,0.305555555,0.361111111,0.38888889,0.36111111,0.25,2.25223214,0.41206362191587687,,-0.08176235016435385,0.36627402901649475,-0.7145445048809052,-2.3818075785290094
Michael Stefanic,ATH,2026,30.0,2.0,5.0,5.0,2.0,0.0,0.4,0.4,0.4,0.8,0.0,0.5,0.355627179145813,0.2324000120162964,125.39354061923909,0.04695712478216805,0.2,0.0,0.0,0.0,88.7750015258789,91.5,-9.5,0.375,0.625,0.5,1.0,0.8,0.875,0.0625,0.75,0.0,0.25,0.25,0.25,0.5,2.64285714,-0.010901646688580513,,-0.010901646688580513,0.1478908732533455,0.12217071652412415,0.13848168610553832
Nate Eaton,BOS,2026,29.0,14.0,39.0,32.0,4.0,1.0,0.125,0.282051282,0.28125,0.563301282,0.15625,0.157894736,0.266515070047134,0.2907449771196414,62.389866336552856,0.04661585412544046,0.307692307,0.128205128,0.1,0.35,88.39000244140625,107.7,14.85,0.29896907,0.71641791,0.4695122,0.5862069,0.72916667,0.67532468,0.15243902,0.35,0.45,0.2,0.6,0.2,0.2,5.469933677846718,0.47880471497774124,,0.3563934192061424,0.317169725894928,1.0681984424591064,-1.2469472052537602
Jair Camargo,ATL,2026,26.0,1.0,2.0,2.0,1.0,0.0,0.5,0.5,1.0,1.5,0.5,1.0,0.6289428472518921,0.4074999988079071,307.23090873544464,0.0448143579664402,0.5,0.0,1.0,1.0,108.0999984741211,108.1,18.0,0.5,0.66666667,0.57142857,0.0,1.0,0.5,0.28571429,0.0,1.0,0.0,0.0,1.0,0.0,2.64285714,0.0017874924233183265,,0.0,-0.12695244513452053,-0.14409922063350677,0.5051434007245652
Brian Navarreto,MIA,2026,31.0,7.0,15.0,12.0,2.0,0.0,0.166666666,0.23076923,0.25,0.48076923,0.083333334,0.25,0.21888197843845075,0.14180861986600435,31.729449716838666,0.04365488054928514,0.266666666,0.066666666,0.1,0.1,86.1875,104.0,18.625,0.37037037,0.66666667,0.5,0.6,0.78571429,0.70833333,0.14583333,0.375,0.625,0.0,0.6,0.1,0.3,2.64285714,-0.007658557500690222,,-0.010901646688580513,1.193466566503048,0.8505310341715813,-1.2513576173213317
Jake Rogers,DET,2026,31.0,34.0,103.0,87.0,15.0,3.0,0.172413793,0.274509803,0.32183908,0.596348883,0.149425287,0.214285714,0.26797234193951475,0.25887638914818856,67.39708960500326,0.04340133485270006,0.291262135,0.116504854,0.08333333,0.38333333,88.26610500529661,109.3,27.54237288135593,0.25957447,0.62569832,0.4178744,0.55737705,0.8125,0.72254335,0.11594203,0.237288135,0.576271186,0.186440677,0.45,0.31666667,0.23333333,5.678258258646531,0.16479799337685108,,0.0800818894058466,0.5417038798332214,-1.6673722863197327,-3.7861605840180372
Abimelec Ortiz,WSN,2026,24.0,1.0,2.0,2.0,1.0,0.0,0.5,0.5,1.0,1.5,0.5,0.5,0.6289428472518921,0.42750000953674316,307.71583909181135,0.042824964523380776,0.0,0.0,0.0,1.0,102.9000015258789,105.0,-4.5,0.28571429,0.6,0.41666667,1.0,1.0,1.0,0.0,0.5,0.0,0.5,0.0,0.5,0.5,0.14285714,-0.03800661116838455,,0.0,-0.10802468657493591,,0.4665271743205912
Yohendrick Pinango,TOR,2026,24.0,51.0,160.0,150.0,40.0,5.0,0.266666666,0.3125,0.413333333,0.725833333,0.146666667,0.324074074,0.3179699629545212,0.3136070013046265,102.82938213326356,0.037376878496980986,0.23125,0.0625,0.07079646,0.45132743,90.47345132743362,114.8,9.955752212389381,0.38068182,0.69961977,0.51707317,0.71641791,0.82065217,0.77672956,0.11544715,0.424778761,0.371681415,0.203539823,0.31858407,0.40707965,0.27433628,0.35119047125,-0.25984821282327175,,-0.20713128708302975,-5.610032081604004,-3.739319086074829,0.272775467067754
Victor Mederos,ATL,2026,25.0,5.0,1.0,1.0,1.0,0.0,1.0,1.0,1.0,2.0,0.0,1.0,0.8890679478645325,0.5429999828338623,481.4521446771626,0.036258197161753325,0.0,0.0,0.0,1.0,103.69999694824219,103.7,5.0,1.0,0.5,0.66666667,1.0,1.0,1.0,0.0,1.0,0.0,0.0,1.0,0.0,0.0,0.14285714,-0.0054508233442902565,,-0.0054508233442902565,-0.13164035975933075,,0.45781547203868017
Stuart Fairchild,CLE,2026,30.0,14.0,27.0,19.0,3.0,0.0,0.157894736,0.407407407,0.157894736,0.565302143,0.0,0.6,0.30689019627041286,0.2801419010868779,95.75823184385327,0.03421700272103197,0.518518518,0.259259259,0.0,0.4,94.25,104.2,16.25,0.27027027,0.61111111,0.38181818,0.25,0.40909091,0.33333333,0.25454545,0.5,0.25,0.25,0.4,0.4,0.2,5.34719141249985,0.36082978267222643,,0.34004094917327166,-0.8505306839942932,-0.6910656690597534,0.22608263742476664
Luke Williams,ATL,2026,29.0,2.0,1.0,0.0,0.0,0.0,0.0,1.0,0.0,1.0,0.0,0.0,0.698512077331543,0.6985120177268982,353.8255557704473,0.03394753220916274,0.0,1.0,,,,,,0.0,,0.0,,,,0.0,0.0,0.0,0.0,,,,0.14285714,-0.0054508233442902565,,-0.0054508233442902565,0.000491676852107048,0.009065063670277596,0.30281543373710207
Victor Robles,SEA,2026,29.0,45.0,113.0,104.0,25.0,0.0,0.240384615,0.285714285,0.269230769,0.554945054,0.028846154,0.290697674,0.25253755492823465,0.2716790607997349,63.60195722967688,0.030506931467653875,0.168141592,0.044247787,0.02298851,0.18390805,84.07710725715361,106.9,12.80722891566265,0.3940678,0.73939394,0.5361596,0.61290323,0.90163934,0.77674419,0.11940299,0.409638554,0.34939759,0.240963855,0.45977011,0.31034483,0.22988506,5.186103778767583,0.08000926207751036,,0.41076869796961546,1.0303323864936829,1.8030803203582764,-4.759099194713687
Rowdy Tellez,ATL,2026,31.0,7.0,11.0,10.0,2.0,1.0,0.2,0.272727272,0.5,0.772727272,0.3,0.166666666,0.32961583679372614,0.5063192627646707,106.75382447890493,0.028729365761335765,0.272727272,0.09090909,0.28571429,0.42857143,91.84286063058036,105.9,26.714285714285715,0.38235294,0.55555556,0.44230769,0.69230769,0.7,0.69565217,0.13461538,0.142857142,0.714285714,0.142857142,0.14285714,0.42857143,0.42857143,2.64285714,-0.040011195465922356,,-0.010901646688580513,-0.1251714676618576,,0.05021509421775089
Ryan Mountcastle,BAL,2026,29.0,8.0,15.0,14.0,4.0,0.0,0.285714285,0.333333333,0.357142857,0.69047619,0.071428572,0.333333333,0.3082401076952616,0.3006341298421224,96.95490907811285,0.02591891292859519,0.133333333,0.066666666,0.0,0.41666667,90.04166666666667,111.0,8.833333333333334,0.48484848,0.85714286,0.62962963,0.8125,1.0,0.91176471,0.05555556,0.5,0.25,0.25,0.41666667,0.33333333,0.25,0.14285714,-0.02358458435628563,,-0.021803293377161026,-0.20120960474014282,0.15201398730278015,-0.07732492376700731
Brian Serven,ATH,2026,31.0,2.0,4.0,4.0,1.0,0.0,0.25,0.25,0.25,0.5,0.0,0.333333333,0.22226698696613312,0.19449999928474426,33.19441466909717,0.024478096083680664,0.25,0.0,0.0,0.33333333,82.93332926432292,105.2,11.666666666666666,0.11111111,0.75,0.41176471,1.0,0.5,0.57142857,0.17647059,0.666666666,0.333333333,0.0,0.33333333,0.66666667,0.0,0.14285714,-0.013384501449763775,,-0.0054508233442902565,0.427357567474246,0.34162368439137936,-0.32778385632920753
Adolis Garcia,PHI,2026,33.0,67.0,259.0,231.0,45.0,7.0,0.194805194,0.27027027,0.329004329,0.599274599,0.134199135,0.265734265,0.26752501219856234,0.29363221275300133,64.04244650247199,0.022974849768845784,0.324324324,0.081081081,0.09333333,0.48,92.14600260416667,112.1,14.546666666666667,0.3323217,0.64066194,0.45286506,0.51141553,0.8302583,0.6877551,0.14140481,0.393333333,0.386666666,0.22,0.38,0.38,0.24,4.299157013122041,0.31119784712791443,,0.30565554834902287,2.767167329788208,5.649539947509766,-10.999269307300196
Jeferson Quero,MIL,2026,23.0,1.0,2.0,1.0,0.0,0.0,0.0,0.5,0.0,0.5,0.0,0.0,0.3492560386657715,0.4947560131549835,121.11839127457591,0.02120188873343314,0.0,0.5,0.0,0.0,85.5999984741211,85.6,2.0,0.28571429,0.0,0.25,0.5,,0.5,0.125,1.0,0.0,0.0,1.0,0.0,0.0,0.14285714,-0.0054508233442902565,,-0.0054508233442902565,0.0986600462347269,0.047219717875123024,0.04584493695875339
Deyvison De Los Santos,MIA,2026,23.0,3.0,7.0,7.0,2.0,0.0,0.285714285,0.285714285,0.428571428,0.714285713,0.142857143,0.5,0.3067076631954738,0.2208571434020996,90.55152920766623,0.018599645078209645,0.428571428,0.0,0.25,0.25,92.875,106.2,-8.25,0.54545455,0.58333333,0.55882353,0.5,1.0,0.68421053,0.17647059,0.5,0.25,0.25,0.75,0.25,0.0,0.14285714,0.1972749000415206,,-0.0054508233442902565,-0.16150906682014465,0.07511644065380096,0.11694999728622865
Dylan Beavers,BAL,2026,24.0,47.0,160.0,140.0,34.0,2.0,0.242857142,0.327044025,0.364285714,0.691329739,0.121428572,0.32,0.30954871050216864,0.30206762386273733,97.85961709510619,0.01844979566032448,0.24375,0.1,0.05825243,0.37864078,87.94653078589108,109.6,17.10891089108911,0.24128686,0.66442953,0.42921013,0.62222222,0.85858586,0.78472222,0.0923994,0.411764705,0.401960784,0.186274509,0.38834951,0.32038835,0.29126214,3.8487329943163155,0.2326793083921075,,-0.6593182673677802,-5.354330539703369,-3.200695753097534,-0.17024209475728802
Edmundo Sosa,PHI,2026,30.0,54.0,167.0,152.0,34.0,5.0,0.22368421,0.262195121,0.368421052,0.630616173,0.144736842,0.25,0.27395324263630844,0.3391314018063429,68.34781437794672,0.014014668015190846,0.203592814,0.029940119,0.07258065,0.39516129,87.73058174070248,111.6,9.487603305785123,0.53150685,0.73790323,0.61500816,0.6443299,0.90710383,0.77188329,0.14006515,0.487603305,0.297520661,0.214876033,0.41803279,0.41803279,0.16393443,5.874948863733724,0.6629284769296646,,0.4255736619234085,0.4408462420105934,0.49514442682266235,-5.756713654888101
Luis Robert Jr.,NYM,2026,28.0,25.0,102.0,89.0,19.0,2.0,0.213483146,0.31372549,0.314606741,0.628332231,0.101123595,0.253731343,0.2880162129215166,0.3163299560546875,82.61736027249395,0.008503684539894713,0.196078431,0.12745098,0.02898551,0.43478261,90.47681017889492,112.4,14.55072463768116,0.36437247,0.65771812,0.47474747,0.58888889,0.8877551,0.74468085,0.12121212,0.449275362,0.376811594,0.173913043,0.37681159,0.42028986,0.20289855,2.8344219132550847,-0.9120070217177272,,-0.5783296702429652,-0.18205618858337402,-0.5547126531600952,-3.065316957804476
Myles Straw,TOR,2026,31.0,88.0,172.0,154.0,34.0,3.0,0.22077922,0.276470588,0.318181818,0.594652406,0.097402598,0.234848484,0.2645250141620636,0.2938156352323644,65.87999352953672,0.00814831938372007,0.127906976,0.075581395,0.04379562,0.26277372,86.16742128314394,108.3,15.340909090909092,0.20903955,0.60200669,0.38897397,0.82432432,0.92777778,0.8976378,0.03981623,0.431818181,0.409090909,0.159090909,0.39416058,0.3649635,0.24087591,4.871820991933678,0.38075497187674046,,-0.022710001096129417,0.4694099426269531,1.6473933458328247,-6.523970773664432
Jarren Duran,BOS,2026,29.0,92.0,395.0,356.0,68.0,13.0,0.191011235,0.253807106,0.33988764,0.593694746,0.148876405,0.237068965,0.26132048734553576,0.2944356035393522,58.798569886426264,0.0058316501856451874,0.296202531,0.070886075,0.1097561,0.38211382,89.63125,114.7,12.929460580912863,0.36769759,0.67051071,0.49189189,0.44859813,0.85995086,0.67857143,0.15810811,0.452674897,0.386831275,0.160493827,0.42682927,0.35365854,0.2195122,6.455297790477919,2.752549079246819,,1.5600308449938893,2.3633742332458496,6.492317199707031,-16.39522381483056
Brett Baty,NYM,2026,26.0,96.0,341.0,303.0,67.0,5.0,0.221122112,0.294117647,0.320132013,0.61424966,0.099009901,0.295238095,0.27632844430558823,0.30325618070714616,74.78936716889838,0.005148166201066562,0.269794721,0.087976539,0.08333333,0.38888889,89.3976617260514,111.7,11.14018691588785,0.31282723,0.69983137,0.48194547,0.55230126,0.84578313,0.73853211,0.12592047,0.425233644,0.355140186,0.219626168,0.38139535,0.3627907,0.25581395,4.649228618827571,1.0093833422288299,,0.14290460105985403,-1.6555215716362,-0.8770577907562256,-9.431296291807515
Luke Maile,KCR,2026,35.0,3.0,11.0,10.0,2.0,1.0,0.2,0.272727272,0.5,0.772727272,0.3,0.166666666,0.32961583679372614,0.2285011031410911,107.21048196637388,0.0005665832032741812,0.272727272,0.09090909,0.14285714,0.14285714,77.75714983258929,98.6,21.571428571428573,0.25,0.70588235,0.45945946,0.8,1.0,0.94117647,0.02702703,0.285714285,0.571428571,0.142857142,0.28571429,0.42857143,0.28571429,2.64285714,-0.4606355298310518,,-0.010901646688580513,-0.0194428488612175,-0.23377754539251328,-0.3673174354641701
Kenley Jansen,DET,2026,38.0,29.0,0.0,0.0,0.0,0.0,0.0,0.0,0.0,0.0,0.0,0.0,0.0,,,0.0,0.0,0.0,,,,,,,,,,,,,0.0,0.0,0.0,,,,0.14285714,0.0,,0.0,0.0,,0.0
Max Scherzer,TOR,2026,41.0,6.0,0.0,0.0,0.0,0.0,0.0,0.0,0.0,0.0,0.0,0.0,0.0,,,0.0,0.0,0.0,,,,,,,,,,,,,0.0,0.0,0.0,,,,0.14285714,0.0,,0.0,0.0,,0.0
Huascar Brazoban,NYM,2026,36.0,41.0,0.0,0.0,0.0,0.0,0.0,0.0,0.0,0.0,0.0,0.0,0.0,,,0.0,0.0,0.0,,,,,,,,,,,,,0.0,0.0,0.0,,,,0.14285714,0.0,,0.0,0.0,,0.0
Albert Suarez,BAL,2026,36.0,16.0,0.0,0.0,0.0,0.0,0.0,0.0,0.0,0.0,0.0,0.0,0.0,,,0.0,0.0,0.0,,,,,,,,,,,,,0.0,0.0,0.0,,,,0.14285714,0.0,,0.0,0.0,,0.0
Carlos Carrasco,ATL,2026,39.0,8.0,0.0,0.0,0.0,0.0,0.0,0.0,0.0,0.0,0.0,0.0,0.0,,,0.0,0.0,0.0,,,,,,,,,,,,,0.0,0.0,0.0,,,,0.14285714,0.0,,0.0,0.0,,0.0
Craig Kimbrel,- - -,2026,38.0,29.0,0.0,0.0,0.0,0.0,0.0,0.0,0.0,0.0,0.0,0.0,0.0,,,0.0,0.0,0.0,,,,,,,,,,,,,0.0,0.0,0.0,,,,0.14285714,0.0,,0.0,0.0,,0.0
Martin Perez,ATL,2026,35.0,18.0,0.0,0.0,0.0,0.0,0.0,0.0,0.0,0.0,0.0,0.0,0.0,,,0.0,0.0,0.0,,,,,,,,,,,,,0.0,0.0,0.0,,,,0.14285714,0.0,,0.0,0.0,,0.0
Luis Garcia,- - -,2026,39.0,15.0,0.0,0.0,0.0,0.0,0.0,0.0,0.0,0.0,0.0,0.0,0.0,,,0.0,0.0,0.0,,,,,,,,,,,,,0.0,0.0,0.0,,,,0.14285714,0.0,,0.0,0.0,,0.0
Fernando Cruz,NYY,2026,36.0,47.0,0.0,0.0,0.0,0.0,0.0,0.0,0.0,0.0,0.0,0.0,0.0,,,0.0,0.0,0.0,,,,,,,,,,,,,0.0,0.0,0.0,,,,0.14285714,0.0,,0.0,0.0,,0.0
Justin Verlander,DET,2026,43.0,1.0,0.0,0.0,0.0,0.0,0.0,0.0,0.0,0.0,0.0,0.0,0.0,,,0.0,0.0,0.0,,,,,,,,,,,,,0.0,0.0,0.0,,,,0.14285714,0.0,,0.0,0.0,,0.0
Kirby Yates,LAA,2026,39.0,25.0,0.0,0.0,0.0,0.0,0.0,0.0,0.0,0.0,0.0,0.0,0.0,,,0.0,0.0,0.0,,,,,,,,,,,,,0.0,0.0,0.0,,,,0.14285714,0.0,,0.0,0.0,,0.0
Nathan Eovaldi,TEX,2026,36.0,19.0,0.0,0.0,0.0,0.0,0.0,0.0,0.0,0.0,0.0,0.0,0.0,,,0.0,0.0,0.0,,,,,,,,,,,,,0.0,0.0,0.0,,,,0.14285714,0.0,,0.0,0.0,,0.0
Patrick Corbin,TOR,2026,36.0,18.0,0.0,0.0,0.0,0.0,0.0,0.0,0.0,0.0,0.0,0.0,0.0,,,0.0,0.0,0.0,,,,,,,,,,,,,0.0,0.0,0.0,,,,0.14285714,0.0,,0.0,0.0,,0.0
Miles Mikolas,WSN,2026,37.0,20.0,0.0,0.0,0.0,0.0,0.0,0.0,0.0,0.0,0.0,0.0,0.0,,,0.0,0.0,0.0,,,,,,,,,,,,,0.0,0.0,0.0,,,,0.14285714,0.0,,0.0,0.0,,0.0
Brooks Raley,NYM,2026,38.0,40.0,0.0,0.0,0.0,0.0,0.0,0.0,0.0,0.0,0.0,0.0,0.0,,,0.0,0.0,0.0,,,,,,,,,,,,,0.0,0.0,0.0,,,,0.14285714,0.0,,0.0,0.0,,0.0
Caleb Thielbar,CHC,2026,39.0,34.0,0.0,0.0,0.0,0.0,0.0,0.0,0.0,0.0,0.0,0.0,0.0,,,0.0,0.0,0.0,,,,,,,,,,,,,0.0,0.0,0.0,,,,0.14285714,0.0,,0.0,0.0,,0.0
Aroldis Chapman,BOS,2026,38.0,33.0,0.0,0.0,0.0,0.0,0.0,0.0,0.0,0.0,0.0,0.0,0.0,,,0.0,0.0,0.0,,,,,,,,,,,,,0.0,0.0,0.0,,,,0.14285714,0.0,,0.0,0.0,,0.0
Zack Wheeler,PHI,2026,36.0,15.0,0.0,0.0,0.0,0.0,0.0,0.0,0.0,0.0,0.0,0.0,0.0,,,0.0,0.0,0.0,,,,,,,,,,,,,0.0,0.0,0.0,,,,0.14285714,0.0,,0.0,0.0,,0.0
Chris Sale,ATL,2026,37.0,18.0,0.0,0.0,0.0,0.0,0.0,0.0,0.0,0.0,0.0,0.0,0.0,,,0.0,0.0,0.0,,,,,,,,,,,,,0.0,0.0,0.0,,,,0.14285714,0.0,,0.0,0.0,,0.0
Jacob deGrom,TEX,2026,38.0,19.0,0.0,0.0,0.0,0.0,0.0,0.0,0.0,0.0,0.0,0.0,0.0,,,0.0,0.0,0.0,,,,,,,,,,,,,0.0,0.0,0.0,,,,0.14285714,0.0,,0.0,0.0,,0.0
Merrill Kelly,ARI,2026,37.0,17.0,0.0,0.0,0.0,0.0,0.0,0.0,0.0,0.0,0.0,0.0,0.0,,,0.0,0.0,0.0,,,,,,,,,,,,,0.0,0.0,0.0,,,,0.14285714,0.0,,0.0,0.0,,0.0
Vince Velasquez,CHC,2026,34.0,2.0,0.0,0.0,0.0,0.0,0.0,0.0,0.0,0.0,0.0,0.0,0.0,,,0.0,0.0,0.0,,,,,,,,,,,,,0.0,0.0,0.0,,,,0.14285714,0.0,,0.0,0.0,,0.0
Tommy Kahnle,BOS,2026,36.0,8.0,0.0,0.0,0.0,0.0,0.0,0.0,0.0,0.0,0.0,0.0,0.0,,,0.0,0.0,0.0,,,,,,,,,,,,,0.0,0.0,0.0,,,,0.14285714,0.0,,0.0,0.0,,0.0
Jose Quintana,COL,2026,37.0,9.0,0.0,0.0,0.0,0.0,0.0,0.0,0.0,0.0,0.0,0.0,0.0,,,0.0,0.0,0.0,,,,,,,,,,,,,0.0,0.0,0.0,,,,0.14285714,0.0,,0.0,0.0,,0.0
Drew Pomeranz,- - -,2026,37.0,31.0,0.0,0.0,0.0,0.0,0.0,0.0,0.0,0.0,0.0,0.0,0.0,,,0.0,0.0,0.0,,,,,,,,,,,,,0.0,0.0,0.0,,,,0.14285714,0.0,,0.0,0.0,,0.0
Robbie Ray,SFG,2026,34.0,20.0,0.0,0.0,0.0,0.0,0.0,0.0,0.0,0.0,0.0,0.0,0.0,,,0.0,0.0,0.0,,,,,,,,,,,,,0.0,0.0,0.0,,,,0.14285714,0.0,,0.0,0.0,,0.0
Jameson Taillon,CHC,2026,34.0,14.0,0.0,0.0,0.0,0.0,0.0,0.0,0.0,0.0,0.0,0.0,0.0,,,0.0,0.0,0.0,,,,,,,,,,,,,0.0,0.0,0.0,,,,0.14285714,0.0,,0.0,0.0,,0.0
Tayron Guerrero,BOS,2026,35.0,21.0,0.0,0.0,0.0,0.0,0.0,0.0,0.0,0.0,0.0,0.0,0.0,,,0.0,0.0,0.0,,,,,,,,,,,,,0.0,0.0,0.0,,,,0.14285714,0.0,,0.0,0.0,,0.0
Taijuan Walker,PHI,2026,33.0,5.0,0.0,0.0,0.0,0.0,0.0,0.0,0.0,0.0,0.0,0.0,0.0,,,0.0,0.0,0.0,,,,,,,,,,,,,0.0,0.0,0.0,,,,0.14285714,0.0,,0.0,0.0,,0.0
Chris Martin,TEX,2026,40.0,16.0,0.0,0.0,0.0,0.0,0.0,0.0,0.0,0.0,0.0,0.0,0.0,,,0.0,0.0,0.0,,,,,,,,,,,,,0.0,0.0,0.0,,,,0.14285714,0.0,,0.0,0.0,,0.0
Jason Adam,SDP,2026,34.0,36.0,0.0,0.0,0.0,0.0,0.0,0.0,0.0,0.0,0.0,0.0,0.0,,,0.0,0.0,0.0,,,,,,,,,,,,,0.0,0.0,0.0,,,,0.14285714,0.0,,0.0,0.0,,0.0
Aaron Brooks,TBR,2026,36.0,1.0,0.0,0.0,0.0,0.0,0.0,0.0,0.0,0.0,0.0,0.0,0.0,,,0.0,0.0,0.0,,,,,,,,,,,,,0.0,0.0,0.0,,,,0.14285714,0.0,,0.0,0.0,,0.0
Chris Bassitt,BAL,2026,37.0,12.0,0.0,0.0,0.0,0.0,0.0,0.0,0.0,0.0,0.0,0.0,0.0,,,0.0,0.0,0.0,,,,,,,,,,,,,0.0,0.0,0.0,,,,0.14285714,0.0,,0.0,0.0,,0.0
Colin Rea,CHC,2026,35.0,20.0,0.0,0.0,0.0,0.0,0.0,0.0,0.0,0.0,0.0,0.0,0.0,,,0.0,0.0,0.0,,,,,,,,,,,,,0.0,0.0,0.0,,,,0.14285714,0.0,,0.0,0.0,,0.0
Seth Lugo,KCR,2026,36.0,20.0,0.0,0.0,0.0,0.0,0.0,0.0,0.0,0.0,0.0,0.0,0.0,,,0.0,0.0,0.0,,,,,,,,,,,,,0.0,0.0,0.0,,,,0.14285714,0.0,,0.0,0.0,,0.0
Blake Treinen,LAD,2026,38.0,29.0,0.0,0.0,0.0,0.0,0.0,0.0,0.0,0.0,0.0,0.0,0.0,,,0.0,0.0,0.0,,,,,,,,,,,,,0.0,0.0,0.0,,,,0.14285714,0.0,,0.0,0.0,,0.0
Adrian Houser,SFG,2026,33.0,19.0,0.0,0.0,0.0,0.0,0.0,0.0,0.0,0.0,0.0,0.0,0.0,,,0.0,0.0,0.0,,,,,,,,,,,,,0.0,0.0,0.0,,,,0.14285714,0.0,,0.0,0.0,,0.0
Nick Martinez,TBR,2026,35.0,19.0,0.0,0.0,0.0,0.0,0.0,0.0,0.0,0.0,0.0,0.0,0.0,,,0.0,0.0,0.0,,,,,,,,,,,,,0.0,0.0,0.0,,,,0.14285714,0.0,,0.0,0.0,,0.0
Chris Devenski,PIT,2026,35.0,3.0,0.0,0.0,0.0,0.0,0.0,0.0,0.0,0.0,0.0,0.0,0.0,,,0.0,0.0,0.0,,,,,,,,,,,,,0.0,0.0,0.0,,,,0.14285714,0.0,,0.0,0.0,,0.0
Sonny Gray,BOS,2026,36.0,18.0,0.0,0.0,0.0,0.0,0.0,0.0,0.0,0.0,0.0,0.0,0.0,,,0.0,0.0,0.0,,,,,,,,,,,,,0.0,0.0,0.0,,,,0.14285714,0.0,,0.0,0.0,,0.0
John Brebbia,COL,2026,36.0,3.0,0.0,0.0,0.0,0.0,0.0,0.0,0.0,0.0,0.0,0.0,0.0,,,0.0,0.0,0.0,,,,,,,,,,,,,0.0,0.0,0.0,,,,0.14285714,0.0,,0.0,0.0,,0.0
Burch Smith,DET,2026,36.0,13.0,0.0,0.0,0.0,0.0,0.0,0.0,0.0,0.0,0.0,0.0,0.0,,,0.0,0.0,0.0,,,,,,,,,,,,,0.0,0.0,0.0,,,,0.14285714,0.0,,0.0,0.0,,0.0
Michael Kelly,ATH,2026,33.0,5.0,0.0,0.0,0.0,0.0,0.0,0.0,0.0,0.0,0.0,0.0,0.0,,,0.0,0.0,0.0,,,,,,,,,,,,,0.0,0.0,0.0,,,,0.14285714,0.0,,0.0,0.0,,0.0
Andrew Kittredge,BAL,2026,36.0,31.0,0.0,0.0,0.0,0.0,0.0,0.0,0.0,0.0,0.0,0.0,0.0,,,0.0,0.0,0.0,,,,,,,,,,,,,0.0,0.0,0.0,,,,0.14285714,0.0,,0.0,0.0,,0.0
Shawn Armstrong,CLE,2026,35.0,36.0,0.0,0.0,0.0,0.0,0.0,0.0,0.0,0.0,0.0,0.0,0.0,,,0.0,0.0,0.0,,,,,,,,,,,,,0.0,0.0,0.0,,,,0.14285714,0.0,,0.0,0.0,,0.0
Joe Ross,- - -,2026,33.0,8.0,0.0,0.0,0.0,0.0,0.0,0.0,0.0,0.0,0.0,0.0,0.0,,,0.0,0.0,0.0,,,,,,,,,,,,,0.0,0.0,0.0,,,,0.14285714,0.0,,0.0,0.0,,0.0
Gerrit Cole,NYY,2026,35.0,10.0,0.0,0.0,0.0,0.0,0.0,0.0,0.0,0.0,0.0,0.0,0.0,,,0.0,0.0,0.0,,,,,,,,,,,,,0.0,0.0,0.0,,,,0.14285714,0.0,,0.0,0.0,,0.0
Eduardo Rodriguez,ARI,2026,33.0,20.0,0.0,0.0,0.0,0.0,0.0,0.0,0.0,0.0,0.0,0.0,0.0,,,0.0,0.0,0.0,,,,,,,,,,,,,0.0,0.0,0.0,,,,0.14285714,0.0,,0.0,0.0,,0.0
Danny Coulombe,BOS,2026,36.0,29.0,0.0,0.0,0.0,0.0,0.0,0.0,0.0,0.0,0.0,0.0,0.0,,,0.0,0.0,0.0,,,,,,,,,,,,,0.0,0.0,0.0,,,,0.14285714,0.0,,0.0,0.0,,0.0
Hoby Milner,CHC,2026,35.0,38.0,0.0,0.0,0.0,0.0,0.0,0.0,0.0,0.0,0.0,0.0,0.0,,,0.0,0.0,0.0,,,,,,,,,,,,,0.0,0.0,0.0,,,,0.14285714,0.0,,0.0,0.0,,0.0
Steven Matz,TBR,2026,35.0,15.0,0.0,0.0,0.0,0.0,0.0,0.0,0.0,0.0,0.0,0.0,0.0,,,0.0,0.0,0.0,,,,,,,,,,,,,0.0,0.0,0.0,,,,0.14285714,0.0,,0.0,0.0,,0.0
Pierce Johnson,CIN,2026,35.0,33.0,0.0,0.0,0.0,0.0,0.0,0.0,0.0,0.0,0.0,0.0,0.0,,,0.0,0.0,0.0,,,,,,,,,,,,,0.0,0.0,0.0,,,,0.14285714,0.0,,0.0,0.0,,0.0
Taylor Rogers,MIN,2026,35.0,41.0,0.0,0.0,0.0,0.0,0.0,0.0,0.0,0.0,0.0,0.0,0.0,,,0.0,0.0,0.0,,,,,,,,,,,,,0.0,0.0,0.0,,,,0.14285714,0.0,,0.0,0.0,,0.0
Lucas Sims,CHW,2026,32.0,9.0,0.0,0.0,0.0,0.0,0.0,0.0,0.0,0.0,0.0,0.0,0.0,,,0.0,0.0,0.0,,,,,,,,,,,,,0.0,0.0,0.0,,,,0.14285714,0.0,,0.0,0.0,,0.0
Blake Snell,LAD,2026,33.0,1.0,0.0,0.0,0.0,0.0,0.0,0.0,0.0,0.0,0.0,0.0,0.0,,,0.0,0.0,0.0,,,,,,,,,,,,,0.0,0.0,0.0,,,,0.14285714,0.0,,0.0,0.0,,0.0
Steven Okert,HOU,2026,34.0,49.0,0.0,0.0,0.0,0.0,0.0,0.0,0.0,0.0,0.0,0.0,0.0,,,0.0,0.0,0.0,,,,,,,,,,,,,0.0,0.0,0.0,,,,0.14285714,0.0,,0.0,0.0,,0.0
Carl Edwards Jr.,NYM,2026,34.0,2.0,0.0,0.0,0.0,0.0,0.0,0.0,0.0,0.0,0.0,0.0,0.0,,,0.0,0.0,0.0,,,,,,,,,,,,,0.0,0.0,0.0,,,,0.14285714,0.0,,0.0,0.0,,0.0
Jakob Junis,TEX,2026,33.0,32.0,0.0,0.0,0.0,0.0,0.0,0.0,0.0,0.0,0.0,0.0,0.0,,,0.0,0.0,0.0,,,,,,,,,,,,,0.0,0.0,0.0,,,,0.14285714,0.0,,0.0,0.0,,0.0
Clay Holmes,NYM,2026,33.0,9.0,0.0,0.0,0.0,0.0,0.0,0.0,0.0,0.0,0.0,0.0,0.0,,,0.0,0.0,0.0,,,,,,,,,,,,,0.0,0.0,0.0,,,,0.14285714,0.0,,0.0,0.0,,0.0
Max Fried,NYY,2026,32.0,10.0,0.0,0.0,0.0,0.0,0.0,0.0,0.0,0.0,0.0,0.0,0.0,,,0.0,0.0,0.0,,,,,,,,,,,,,0.0,0.0,0.0,,,,0.14285714,0.0,,0.0,0.0,,0.0
Zach Eflin,BAL,2026,32.0,1.0,0.0,0.0,0.0,0.0,0.0,0.0,0.0,0.0,0.0,0.0,0.0,,,0.0,0.0,0.0,,,,,,,,,,,,,0.0,0.0,0.0,,,,0.14285714,0.0,,0.0,0.0,,0.0
Matt Strahm,KCR,2026,34.0,36.0,0.0,0.0,0.0,0.0,0.0,0.0,0.0,0.0,0.0,0.0,0.0,,,0.0,0.0,0.0,,,,,,,,,,,,,0.0,0.0,0.0,,,,0.14285714,0.0,,0.0,0.0,,0.0
Paul Sewald,ARI,2026,36.0,39.0,0.0,0.0,0.0,0.0,0.0,0.0,0.0,0.0,0.0,0.0,0.0,,,0.0,0.0,0.0,,,,,,,,,,,,,0.0,0.0,0.0,,,,0.14285714,0.0,,0.0,0.0,,0.0
Dietrich Enns,BAL,2026,35.0,13.0,0.0,0.0,0.0,0.0,0.0,0.0,0.0,0.0,0.0,0.0,0.0,,,0.0,0.0,0.0,,,,,,,,,,,,,0.0,0.0,0.0,,,,0.14285714,0.0,,0.0,0.0,,0.0
Brent Suter,LAA,2026,36.0,36.0,0.0,0.0,0.0,0.0,0.0,0.0,0.0,0.0,0.0,0.0,0.0,,,0.0,0.0,0.0,,,,,,,,,,,,,0.0,0.0,0.0,,,,0.14285714,0.0,,0.0,0.0,,0.0
Michael Wacha,KCR,2026,34.0,20.0,0.0,0.0,0.0,0.0,0.0,0.0,0.0,0.0,0.0,0.0,0.0,,,0.0,0.0,0.0,,,,,,,,,,,,,0.0,0.0,0.0,,,,0.14285714,0.0,,0.0,0.0,,0.0
Kevin Gausman,TOR,2026,35.0,20.0,0.0,0.0,0.0,0.0,0.0,0.0,0.0,0.0,0.0,0.0,0.0,,,0.0,0.0,0.0,,,,,,,,,,,,,0.0,0.0,0.0,,,,0.14285714,0.0,,0.0,0.0,,0.0
Lance McCullers Jr.,- - -,2026,32.0,9.0,0.0,0.0,0.0,0.0,0.0,0.0,0.0,0.0,0.0,0.0,0.0,,,0.0,0.0,0.0,,,,,,,,,,,,,0.0,0.0,0.0,,,,0.14285714,0.0,,0.0,0.0,,0.0
Josh Hader,HOU,2026,32.0,19.0,0.0,0.0,0.0,0.0,0.0,0.0,0.0,0.0,0.0,0.0,0.0,,,0.0,0.0,0.0,,,,,,,,,,,,,0.0,0.0,0.0,,,,0.14285714,0.0,,0.0,0.0,,0.0
Wandy Peralta,SDP,2026,34.0,43.0,0.0,0.0,0.0,0.0,0.0,0.0,0.0,0.0,0.0,0.0,0.0,,,0.0,0.0,0.0,,,,,,,,,,,,,0.0,0.0,0.0,,,,0.14285714,0.0,,0.0,0.0,,0.0
Joel Payamps,ATL,2026,32.0,12.0,0.0,0.0,0.0,0.0,0.0,0.0,0.0,0.0,0.0,0.0,0.0,,,0.0,0.0,0.0,,,,,,,,,,,,,0.0,0.0,0.0,,,,0.14285714,0.0,,0.0,0.0,,0.0
Ty Blach,CHC,2026,35.0,1.0,0.0,0.0,0.0,0.0,0.0,0.0,0.0,0.0,0.0,0.0,0.0,,,0.0,0.0,0.0,,,,,,,,,,,,,0.0,0.0,0.0,,,,0.14285714,0.0,,0.0,0.0,,0.0
Tyler Glasnow,LAD,2026,32.0,7.0,0.0,0.0,0.0,0.0,0.0,0.0,0.0,0.0,0.0,0.0,0.0,,,0.0,0.0,0.0,,,,,,,,,,,,,0.0,0.0,0.0,,,,0.14285714,0.0,,0.0,0.0,,0.0
Yunior Marte,CIN,2026,31.0,1.0,0.0,0.0,0.0,0.0,0.0,0.0,0.0,0.0,0.0,0.0,0.0,,,0.0,0.0,0.0,,,,,,,,,,,,,0.0,0.0,0.0,,,,0.14285714,0.0,,0.0,0.0,,0.0
Carlos Estevez,KCR,2026,33.0,1.0,0.0,0.0,0.0,0.0,0.0,0.0,0.0,0.0,0.0,0.0,0.0,,,0.0,0.0,0.0,,,,,,,,,,,,,0.0,0.0,0.0,,,,0.14285714,0.0,,0.0,0.0,,0.0
Anthony Banda,MIN,2026,32.0,39.0,0.0,0.0,0.0,0.0,0.0,0.0,0.0,0.0,0.0,0.0,0.0,,,0.0,0.0,0.0,,,,,,,,,,,,,0.0,0.0,0.0,,,,0.14285714,0.0,,0.0,0.0,,0.0
Edwin Diaz,LAD,2026,32.0,7.0,0.0,0.0,0.0,0.0,0.0,0.0,0.0,0.0,0.0,0.0,0.0,,,0.0,0.0,0.0,,,,,,,,,,,,,0.0,0.0,0.0,,,,0.14285714,0.0,,0.0,0.0,,0.0
Paul Blackburn,NYY,2026,32.0,34.0,0.0,0.0,0.0,0.0,0.0,0.0,0.0,0.0,0.0,0.0,0.0,,,0.0,0.0,0.0,,,,,,,,,,,,,0.0,0.0,0.0,,,,0.14285714,0.0,,0.0,0.0,,0.0
Emilio Pagan,CIN,2026,35.0,19.0,0.0,0.0,0.0,0.0,0.0,0.0,0.0,0.0,0.0,0.0,0.0,,,0.0,0.0,0.0,,,,,,,,,,,,,0.0,0.0,0.0,,,,0.14285714,0.0,,0.0,0.0,,0.0
Michael Lorenzen,COL,2026,34.0,21.0,0.0,0.0,0.0,0.0,0.0,0.0,0.0,0.0,0.0,0.0,0.0,,,0.0,0.0,0.0,,,,,,,,,,,,,0.0,0.0,0.0,,,,0.14285714,0.0,,0.0,0.0,,0.0
Joe Mantiply,TOR,2026,35.0,17.0,0.0,0.0,0.0,0.0,0.0,0.0,0.0,0.0,0.0,0.0,0.0,,,0.0,0.0,0.0,,,,,,,,,,,,,0.0,0.0,0.0,,,,0.14285714,0.0,,0.0,0.0,,0.0
Sam Moll,CIN,2026,34.0,46.0,0.0,0.0,0.0,0.0,0.0,0.0,0.0,0.0,0.0,0.0,0.0,,,0.0,0.0,0.0,,,,,,,,,,,,,0.0,0.0,0.0,,,,0.14285714,0.0,,0.0,0.0,,0.0
Scott Barlow,ATH,2026,33.0,36.0,0.0,0.0,0.0,0.0,0.0,0.0,0.0,0.0,0.0,0.0,0.0,,,0.0,0.0,0.0,,,,,,,,,,,,,0.0,0.0,0.0,,,,0.14285714,0.0,,0.0,0.0,,0.0
Yacksel Rios,CHC,2026,33.0,1.0,0.0,0.0,0.0,0.0,0.0,0.0,0.0,0.0,0.0,0.0,0.0,,,0.0,0.0,0.0,,,,,,,,,,,,,0.0,0.0,0.0,,,,0.14285714,0.0,,0.0,0.0,,0.0
Kyle Finnegan,DET,2026,34.0,42.0,0.0,0.0,0.0,0.0,0.0,0.0,0.0,0.0,0.0,0.0,0.0,,,0.0,0.0,0.0,,,,,,,,,,,,,0.0,0.0,0.0,,,,0.14285714,0.0,,0.0,0.0,,0.0
German Marquez,SDP,2026,31.0,10.0,0.0,0.0,0.0,0.0,0.0,0.0,0.0,0.0,0.0,0.0,0.0,,,0.0,0.0,0.0,,,,,,,,,,,,,0.0,0.0,0.0,,,,0.14285714,0.0,,0.0,0.0,,0.0
Tim Mayza,PHI,2026,34.0,38.0,0.0,0.0,0.0,0.0,0.0,0.0,0.0,0.0,0.0,0.0,0.0,,,0.0,0.0,0.0,,,,,,,,,,,,,0.0,0.0,0.0,,,,0.14285714,0.0,,0.0,0.0,,0.0
Lou Trivino,- - -,2026,34.0,5.0,0.0,0.0,0.0,0.0,0.0,0.0,0.0,0.0,0.0,0.0,0.0,,,0.0,0.0,0.0,,,,,,,,,,,,,0.0,0.0,0.0,,,,0.14285714,0.0,,0.0,0.0,,0.0
Austin Voth,- - -,2026,34.0,3.0,0.0,0.0,0.0,0.0,0.0,0.0,0.0,0.0,0.0,0.0,0.0,,,0.0,0.0,0.0,,,,,,,,,,,,,0.0,0.0,0.0,,,,0.14285714,0.0,,0.0,0.0,,0.0
Drew Anderson,DET,2026,32.0,35.0,0.0,0.0,0.0,0.0,0.0,0.0,0.0,0.0,0.0,0.0,0.0,,,0.0,0.0,0.0,,,,,,,,,,,,,0.0,0.0,0.0,,,,0.14285714,0.0,,0.0,0.0,,0.0
Justin Topa,MIN,2026,35.0,23.0,0.0,0.0,0.0,0.0,0.0,0.0,0.0,0.0,0.0,0.0,0.0,,,0.0,0.0,0.0,,,,,,,,,,,,,0.0,0.0,0.0,,,,0.14285714,0.0,,0.0,0.0,,0.0
Cole Sulser,TBR,2026,36.0,38.0,0.0,0.0,0.0,0.0,0.0,0.0,0.0,0.0,0.0,0.0,0.0,,,0.0,0.0,0.0,,,,,,,,,,,,,0.0,0.0,0.0,,,,0.14285714,0.0,,0.0,0.0,,0.0
Matthew Boyd,CHC,2026,35.0,10.0,0.0,0.0,0.0,0.0,0.0,0.0,0.0,0.0,0.0,0.0,0.0,,,0.0,0.0,0.0,,,,,,,,,,,,,0.0,0.0,0.0,,,,0.14285714,0.0,,0.0,0.0,,0.0
Nick Pivetta,SDP,2026,33.0,4.0,0.0,0.0,0.0,0.0,0.0,0.0,0.0,0.0,0.0,0.0,0.0,,,0.0,0.0,0.0,,,,,,,,,,,,,0.0,0.0,0.0,,,,0.14285714,0.0,,0.0,0.0,,0.0
Lucas Giolito,SDP,2026,31.0,7.0,0.0,0.0,0.0,0.0,0.0,0.0,0.0,0.0,0.0,0.0,0.0,,,0.0,0.0,0.0,,,,,,,,,,,,,0.0,0.0,0.0,,,,0.14285714,0.0,,0.0,0.0,,0.0
Antonio Senzatela,COL,2026,31.0,31.0,0.0,0.0,0.0,0.0,0.0,0.0,0.0,0.0,0.0,0.0,0.0,,,0.0,0.0,0.0,,,,,,,,,,,,,0.0,0.0,0.0,,,,0.14285714,0.0,,0.0,0.0,,0.0
Hunter Harvey,CHC,2026,31.0,4.0,0.0,0.0,0.0,0.0,0.0,0.0,0.0,0.0,0.0,0.0,0.0,,,0.0,0.0,0.0,,,,,,,,,,,,,0.0,0.0,0.0,,,,0.14285714,0.0,,0.0,0.0,,0.0
Tyler Rogers,TOR,2026,35.0,46.0,0.0,0.0,0.0,0.0,0.0,0.0,0.0,0.0,0.0,0.0,0.0,,,0.0,0.0,0.0,,,,,,,,,,,,,0.0,0.0,0.0,,,,0.14285714,0.0,,0.0,0.0,,0.0
Mark Leiter Jr.,ATH,2026,35.0,36.0,0.0,0.0,0.0,0.0,0.0,0.0,0.0,0.0,0.0,0.0,0.0,,,0.0,0.0,0.0,,,,,,,,,,,,,0.0,0.0,0.0,,,,0.14285714,0.0,,0.0,0.0,,0.0
Luis Castillo,SEA,2026,33.0,18.0,0.0,0.0,0.0,0.0,0.0,0.0,0.0,0.0,0.0,0.0,0.0,,,0.0,0.0,0.0,,,,,,,,,,,,,0.0,0.0,0.0,,,,0.14285714,0.0,,0.0,0.0,,0.0
Brad Keller,PHI,2026,30.0,32.0,0.0,0.0,0.0,0.0,0.0,0.0,0.0,0.0,0.0,0.0,0.0,,,0.0,0.0,0.0,,,,,,,,,,,,,0.0,0.0,0.0,,,,0.14285714,0.0,,0.0,0.0,,0.0
Devin Williams,NYM,2026,31.0,36.0,0.0,0.0,0.0,0.0,0.0,0.0,0.0,0.0,0.0,0.0,0.0,,,0.0,0.0,0.0,,,,,,,,,,,,,0.0,0.0,0.0,,,,0.14285714,0.0,,0.0,0.0,,0.0
Zack Littell,WSN,2026,30.0,20.0,0.0,0.0,0.0,0.0,0.0,0.0,0.0,0.0,0.0,0.0,0.0,,,0.0,0.0,0.0,,,,,,,,,,,,,0.0,0.0,0.0,,,,0.14285714,0.0,,0.0,0.0,,0.0
Sean Manaea,NYM,2026,34.0,21.0,0.0,0.0,0.0,0.0,0.0,0.0,0.0,0.0,0.0,0.0,0.0,,,0.0,0.0,0.0,,,,,,,,,,,,,0.0,0.0,0.0,,,,0.14285714,0.0,,0.0,0.0,,0.0
Luis Severino,ATH,2026,32.0,12.0,0.0,0.0,0.0,0.0,0.0,0.0,0.0,0.0,0.0,0.0,0.0,,,0.0,0.0,0.0,,,,,,,,,,,,,0.0,0.0,0.0,,,,0.14285714,0.0,,0.0,0.0,,0.0
Ryne Stanek,STL,2026,34.0,43.0,0.0,0.0,0.0,0.0,0.0,0.0,0.0,0.0,0.0,0.0,0.0,,,0.0,0.0,0.0,,,,,,,,,,,,,0.0,0.0,0.0,,,,0.14285714,0.0,,0.0,0.0,,0.0
Cam Booser,TBR,2026,34.0,18.0,0.0,0.0,0.0,0.0,0.0,0.0,0.0,0.0,0.0,0.0,0.0,,,0.0,0.0,0.0,,,,,,,,,,,,,0.0,0.0,0.0,,,,0.14285714,0.0,,0.0,0.0,,0.0
Jordan Romano,- - -,2026,33.0,16.0,0.0,0.0,0.0,0.0,0.0,0.0,0.0,0.0,0.0,0.0,0.0,,,0.0,0.0,0.0,,,,,,,,,,,,,0.0,0.0,0.0,,,,0.14285714,0.0,,0.0,0.0,,0.0
Brandon Leibrandt,CIN,2026,33.0,1.0,0.0,0.0,0.0,0.0,0.0,0.0,0.0,0.0,0.0,0.0,0.0,,,0.0,0.0,0.0,,,,,,,,,,,,,0.0,0.0,0.0,,,,0.14285714,0.0,,0.0,0.0,,0.0
Carlos Rodon,NYY,2026,33.0,9.0,0.0,0.0,0.0,0.0,0.0,0.0,0.0,0.0,0.0,0.0,0.0,,,0.0,0.0,0.0,,,,,,,,,,,,,0.0,0.0,0.0,,,,0.14285714,0.0,,0.0,0.0,,0.0
Aaron Nola,PHI,2026,33.0,20.0,0.0,0.0,0.0,0.0,0.0,0.0,0.0,0.0,0.0,0.0,0.0,,,0.0,0.0,0.0,,,,,,,,,,,,,0.0,0.0,0.0,,,,0.14285714,0.0,,0.0,0.0,,0.0
Brandon Woodruff,MIL,2026,33.0,9.0,0.0,0.0,0.0,0.0,0.0,0.0,0.0,0.0,0.0,0.0,0.0,,,0.0,0.0,0.0,,,,,,,,,,,,,0.0,0.0,0.0,,,,0.14285714,0.0,,0.0,0.0,,0.0
Tejay Antone,CIN,2026,32.0,29.0,0.0,0.0,0.0,0.0,0.0,0.0,0.0,0.0,0.0,0.0,0.0,,,0.0,0.0,0.0,,,,,,,,,,,,,0.0,0.0,0.0,,,,0.14285714,0.0,,0.0,0.0,,0.0
Kyle Freeland,COL,2026,33.0,19.0,0.0,0.0,0.0,0.0,0.0,0.0,0.0,0.0,0.0,0.0,0.0,,,0.0,0.0,0.0,,,,,,,,,,,,,0.0,0.0,0.0,,,,0.14285714,0.0,,0.0,0.0,,0.0
Aaron Bummer,ATL,2026,32.0,19.0,0.0,0.0,0.0,0.0,0.0,0.0,0.0,0.0,0.0,0.0,0.0,,,0.0,0.0,0.0,,,,,,,,,,,,,0.0,0.0,0.0,,,,0.14285714,0.0,,0.0,0.0,,0.0
Ryan Borucki,SFG,2026,32.0,21.0,0.0,0.0,0.0,0.0,0.0,0.0,0.0,0.0,0.0,0.0,0.0,,,0.0,0.0,0.0,,,,,,,,,,,,,0.0,0.0,0.0,,,,0.14285714,0.0,,0.0,0.0,,0.0
Tyler Mahle,SFG,2026,31.0,15.0,0.0,0.0,0.0,0.0,0.0,0.0,0.0,0.0,0.0,0.0,0.0,,,0.0,0.0,0.0,,,,,,,,,,,,,0.0,0.0,0.0,,,,0.14285714,0.0,,0.0,0.0,,0.0
Reynaldo Lopez,ATL,2026,32.0,22.0,0.0,0.0,0.0,0.0,0.0,0.0,0.0,0.0,0.0,0.0,0.0,,,0.0,0.0,0.0,,,,,,,,,,,,,0.0,0.0,0.0,,,,0.14285714,0.0,,0.0,0.0,,0.0
Foster Griffin,WSN,2026,30.0,20.0,0.0,0.0,0.0,0.0,0.0,0.0,0.0,0.0,0.0,0.0,0.0,,,0.0,0.0,0.0,,,,,,,,,,,,,0.0,0.0,0.0,,,,0.14285714,0.0,,0.0,0.0,,0.0
Ryan Yarbrough,NYY,2026,34.0,25.0,0.0,0.0,0.0,0.0,0.0,0.0,0.0,0.0,0.0,0.0,0.0,,,0.0,0.0,0.0,,,,,,,,,,,,,0.0,0.0,0.0,,,,0.14285714,0.0,,0.0,0.0,,0.0
Bryan Abreu,HOU,2026,29.0,36.0,0.0,0.0,0.0,0.0,0.0,0.0,0.0,0.0,0.0,0.0,0.0,,,0.0,0.0,0.0,,,,,,,,,,,,,0.0,0.0,0.0,,,,0.14285714,0.0,,0.0,0.0,,0.0
Ryan Thompson,ARI,2026,34.0,40.0,0.0,0.0,0.0,0.0,0.0,0.0,0.0,0.0,0.0,0.0,0.0,,,0.0,0.0,0.0,,,,,,,,,,,,,0.0,0.0,0.0,,,,0.14285714,0.0,,0.0,0.0,,0.0
Brock Stewart,LAD,2026,34.0,11.0,0.0,0.0,0.0,0.0,0.0,0.0,0.0,0.0,0.0,0.0,0.0,,,0.0,0.0,0.0,,,,,,,,,,,,,0.0,0.0,0.0,,,,0.14285714,0.0,,0.0,0.0,,0.0
Tim Hill,NYY,2026,36.0,45.0,0.0,0.0,0.0,0.0,0.0,0.0,0.0,0.0,0.0,0.0,0.0,,,0.0,0.0,0.0,,,,,,,,,,,,,0.0,0.0,0.0,,,,0.14285714,0.0,,0.0,0.0,,0.0
Brennan Bernardino,COL,2026,34.0,47.0,0.0,0.0,0.0,0.0,0.0,0.0,0.0,0.0,0.0,0.0,0.0,,,0.0,0.0,0.0,,,,,,,,,,,,,0.0,0.0,0.0,,,,0.14285714,0.0,,0.0,0.0,,0.0
Luke Weaver,NYM,2026,32.0,38.0,0.0,0.0,0.0,0.0,0.0,0.0,0.0,0.0,0.0,0.0,0.0,,,0.0,0.0,0.0,,,,,,,,,,,,,0.0,0.0,0.0,,,,0.14285714,0.0,,0.0,0.0,,0.0
Sean Newcomb,CHW,2026,33.0,37.0,0.0,0.0,0.0,0.0,0.0,0.0,0.0,0.0,0.0,0.0,0.0,,,0.0,0.0,0.0,,,,,,,,,,,,,0.0,0.0,0.0,,,,0.14285714,0.0,,0.0,0.0,,0.0
Grant Holmes,ATL,2026,30.0,19.0,0.0,0.0,0.0,0.0,0.0,0.0,0.0,0.0,0.0,0.0,0.0,,,0.0,0.0,0.0,,,,,,,,,,,,,0.0,0.0,0.0,,,,0.14285714,0.0,,0.0,0.0,,0.0
Tanner Banks,PHI,2026,34.0,28.0,0.0,0.0,0.0,0.0,0.0,0.0,0.0,0.0,0.0,0.0,0.0,,,0.0,0.0,0.0,,,,,,,,,,,,,0.0,0.0,0.0,,,,0.14285714,0.0,,0.0,0.0,,0.0
Raisel Iglesias,ATL,2026,36.0,33.0,0.0,0.0,0.0,0.0,0.0,0.0,0.0,0.0,0.0,0.0,0.0,,,0.0,0.0,0.0,,,,,,,,,,,,,0.0,0.0,0.0,,,,0.14285714,0.0,,0.0,0.0,,0.0
Gabe Speier,SEA,2026,31.0,32.0,0.0,0.0,0.0,0.0,0.0,0.0,0.0,0.0,0.0,0.0,0.0,,,0.0,0.0,0.0,,,,,,,,,,,,,0.0,0.0,0.0,,,,0.14285714,0.0,,0.0,0.0,,0.0
Jalen Beeks,TEX,2026,32.0,29.0,0.0,0.0,0.0,0.0,0.0,0.0,0.0,0.0,0.0,0.0,0.0,,,0.0,0.0,0.0,,,,,,,,,,,,,0.0,0.0,0.0,,,,0.14285714,0.0,,0.0,0.0,,0.0
Ranger Suarez,BOS,2026,30.0,17.0,0.0,0.0,0.0,0.0,0.0,0.0,0.0,0.0,0.0,0.0,0.0,,,0.0,0.0,0.0,,,,,,,,,,,,,0.0,0.0,0.0,,,,0.14285714,0.0,,0.0,0.0,,0.0
Framber Valdez,DET,2026,32.0,19.0,0.0,0.0,0.0,0.0,0.0,0.0,0.0,0.0,0.0,0.0,0.0,,,0.0,0.0,0.0,,,,,,,,,,,,,0.0,0.0,0.0,,,,0.14285714,0.0,,0.0,0.0,,0.0
Matt Gage,SFG,2026,33.0,34.0,0.0,0.0,0.0,0.0,0.0,0.0,0.0,0.0,0.0,0.0,0.0,,,0.0,0.0,0.0,,,,,,,,,,,,,0.0,0.0,0.0,,,,0.14285714,0.0,,0.0,0.0,,0.0
Erick Fedde,CHW,2026,33.0,20.0,0.0,0.0,0.0,0.0,0.0,0.0,0.0,0.0,0.0,0.0,0.0,,,0.0,0.0,0.0,,,,,,,,,,,,,0.0,0.0,0.0,,,,0.14285714,0.0,,0.0,0.0,,0.0
Jeff Hoffman,TOR,2026,33.0,45.0,0.0,0.0,0.0,0.0,0.0,0.0,0.0,0.0,0.0,0.0,0.0,,,0.0,0.0,0.0,,,,,,,,,,,,,0.0,0.0,0.0,,,,0.14285714,0.0,,0.0,0.0,,0.0
Jonathan Hernandez,LAD,2026,29.0,12.0,0.0,0.0,0.0,0.0,0.0,0.0,0.0,0.0,0.0,0.0,0.0,,,0.0,0.0,0.0,,,,,,,,,,,,,0.0,0.0,0.0,,,,0.14285714,0.0,,0.0,0.0,,0.0
Jack Flaherty,DET,2026,30.0,19.0,0.0,0.0,0.0,0.0,0.0,0.0,0.0,0.0,0.0,0.0,0.0,,,0.0,0.0,0.0,,,,,,,,,,,,,0.0,0.0,0.0,,,,0.14285714,0.0,,0.0,0.0,,0.0
Daniel Duarte,NYM,2026,29.0,3.0,0.0,0.0,0.0,0.0,0.0,0.0,0.0,0.0,0.0,0.0,0.0,,,0.0,0.0,0.0,,,,,,,,,,,,,0.0,0.0,0.0,,,,0.14285714,0.0,,0.0,0.0,,0.0
Jimmy Herget,COL,2026,32.0,26.0,0.0,0.0,0.0,0.0,0.0,0.0,0.0,0.0,0.0,0.0,0.0,,,0.0,0.0,0.0,,,,,,,,,,,,,0.0,0.0,0.0,,,,0.14285714,0.0,,0.0,0.0,,0.0
JT Brubaker,SFG,2026,32.0,31.0,0.0,0.0,0.0,0.0,0.0,0.0,0.0,0.0,0.0,0.0,0.0,,,0.0,0.0,0.0,,,,,,,,,,,,,0.0,0.0,0.0,,,,0.14285714,0.0,,0.0,0.0,,0.0
Tanner Scott,LAD,2026,31.0,42.0,0.0,0.0,0.0,0.0,0.0,0.0,0.0,0.0,0.0,0.0,0.0,,,0.0,0.0,0.0,,,,,,,,,,,,,0.0,0.0,0.0,,,,0.14285714,0.0,,0.0,0.0,,0.0
Mitch Keller,PIT,2026,30.0,19.0,0.0,0.0,0.0,0.0,0.0,0.0,0.0,0.0,0.0,0.0,0.0,,,0.0,0.0,0.0,,,,,,,,,,,,,0.0,0.0,0.0,,,,0.14285714,0.0,,0.0,0.0,,0.0
Cristian Javier,HOU,2026,29.0,7.0,0.0,0.0,0.0,0.0,0.0,0.0,0.0,0.0,0.0,0.0,0.0,,,0.0,0.0,0.0,,,,,,,,,,,,,0.0,0.0,0.0,,,,0.14285714,0.0,,0.0,0.0,,0.0
Taylor Clarke,ARI,2026,33.0,44.0,0.0,0.0,0.0,0.0,0.0,0.0,0.0,0.0,0.0,0.0,0.0,,,0.0,0.0,0.0,,,,,,,,,,,,,0.0,0.0,0.0,,,,0.14285714,0.0,,0.0,0.0,,0.0
Justin Lawrence,- - -,2026,31.0,37.0,0.0,0.0,0.0,0.0,0.0,0.0,0.0,0.0,0.0,0.0,0.0,,,0.0,0.0,0.0,,,,,,,,,,,,,0.0,0.0,0.0,,,,0.14285714,0.0,,0.0,0.0,,0.0
Jeffrey Springs,ATH,2026,33.0,20.0,0.0,0.0,0.0,0.0,0.0,0.0,0.0,0.0,0.0,0.0,0.0,,,0.0,0.0,0.0,,,,,,,,,,,,,0.0,0.0,0.0,,,,0.14285714,0.0,,0.0,0.0,,0.0
Jose Cuas,KCR,2026,32.0,5.0,0.0,0.0,0.0,0.0,0.0,0.0,0.0,0.0,0.0,0.0,0.0,,,0.0,0.0,0.0,,,,,,,,,,,,,0.0,0.0,0.0,,,,0.14285714,0.0,,0.0,0.0,,0.0
Trevor Megill,MIL,2026,32.0,39.0,0.0,0.0,0.0,0.0,0.0,0.0,0.0,0.0,0.0,0.0,0.0,,,0.0,0.0,0.0,,,,,,,,,,,,,0.0,0.0,0.0,,,,0.14285714,0.0,,0.0,0.0,,0.0
Evan Phillips,LAD,2026,31.0,4.0,0.0,0.0,0.0,0.0,0.0,0.0,0.0,0.0,0.0,0.0,0.0,,,0.0,0.0,0.0,,,,,,,,,,,,,0.0,0.0,0.0,,,,0.14285714,0.0,,0.0,0.0,,0.0
Tyler Alexander,TEX,2026,31.0,44.0,0.0,0.0,0.0,0.0,0.0,0.0,0.0,0.0,0.0,0.0,0.0,,,0.0,0.0,0.0,,,,,,,,,,,,,0.0,0.0,0.0,,,,0.14285714,0.0,,0.0,0.0,,0.0
Jose Alvarado,PHI,2026,31.0,41.0,0.0,0.0,0.0,0.0,0.0,0.0,0.0,0.0,0.0,0.0,0.0,,,0.0,0.0,0.0,,,,,,,,,,,,,0.0,0.0,0.0,,,,0.14285714,0.0,,0.0,0.0,,0.0
Dennis Santana,PIT,2026,30.0,44.0,0.0,0.0,0.0,0.0,0.0,0.0,0.0,0.0,0.0,0.0,0.0,,,0.0,0.0,0.0,,,,,,,,,,,,,0.0,0.0,0.0,,,,0.14285714,0.0,,0.0,0.0,,0.0
Tayler Saucedo,LAA,2026,33.0,6.0,0.0,0.0,0.0,0.0,0.0,0.0,0.0,0.0,0.0,0.0,0.0,,,0.0,0.0,0.0,,,,,,,,,,,,,0.0,0.0,0.0,,,,0.14285714,0.0,,0.0,0.0,,0.0
Garrett Cleavinger,TBR,2026,32.0,32.0,0.0,0.0,0.0,0.0,0.0,0.0,0.0,0.0,0.0,0.0,0.0,,,0.0,0.0,0.0,,,,,,,,,,,,,0.0,0.0,0.0,,,,0.14285714,0.0,,0.0,0.0,,0.0
Cody Ponce,TOR,2026,32.0,1.0,0.0,0.0,0.0,0.0,0.0,0.0,0.0,0.0,0.0,0.0,0.0,,,0.0,0.0,0.0,,,,,,,,,,,,,0.0,0.0,0.0,,,,0.14285714,0.0,,0.0,0.0,,0.0
Trent Thornton,CHC,2026,32.0,27.0,0.0,0.0,0.0,0.0,0.0,0.0,0.0,0.0,0.0,0.0,0.0,,,0.0,0.0,0.0,,,,,,,,,,,,,0.0,0.0,0.0,,,,0.14285714,0.0,,0.0,0.0,,0.0
Tyler Gilbert,CHW,2026,32.0,4.0,0.0,0.0,0.0,0.0,0.0,0.0,0.0,0.0,0.0,0.0,0.0,,,0.0,0.0,0.0,,,,,,,,,,,,,0.0,0.0,0.0,,,,0.14285714,0.0,,0.0,0.0,,0.0
Brock Burke,CIN,2026,29.0,49.0,0.0,0.0,0.0,0.0,0.0,0.0,0.0,0.0,0.0,0.0,0.0,,,0.0,0.0,0.0,,,,,,,,,,,,,0.0,0.0,0.0,,,,0.14285714,0.0,,0.0,0.0,,0.0
Peter Lambert,HOU,2026,29.0,16.0,0.0,0.0,0.0,0.0,0.0,0.0,0.0,0.0,0.0,0.0,0.0,,,0.0,0.0,0.0,,,,,,,,,,,,,0.0,0.0,0.0,,,,0.14285714,0.0,,0.0,0.0,,0.0
Logan Webb,SFG,2026,29.0,17.0,0.0,0.0,0.0,0.0,0.0,0.0,0.0,0.0,0.0,0.0,0.0,,,0.0,0.0,0.0,,,,,,,,,,,,,0.0,0.0,0.0,,,,0.14285714,0.0,,0.0,0.0,,0.0
Pete Fairbanks,MIA,2026,32.0,33.0,0.0,0.0,0.0,0.0,0.0,0.0,0.0,0.0,0.0,0.0,0.0,,,0.0,0.0,0.0,,,,,,,,,,,,,0.0,0.0,0.0,,,,0.14285714,0.0,,0.0,0.0,,0.0
Phil Maton,CHC,2026,33.0,31.0,0.0,0.0,0.0,0.0,0.0,0.0,0.0,0.0,0.0,0.0,0.0,,,0.0,0.0,0.0,,,,,,,,,,,,,0.0,0.0,0.0,,,,0.14285714,0.0,,0.0,0.0,,0.0
Ryan Helsley,BAL,2026,31.0,17.0,0.0,0.0,0.0,0.0,0.0,0.0,0.0,0.0,0.0,0.0,0.0,,,0.0,0.0,0.0,,,,,,,,,,,,,0.0,0.0,0.0,,,,0.14285714,0.0,,0.0,0.0,,0.0
Tyler Kinley,ATL,2026,35.0,39.0,0.0,0.0,0.0,0.0,0.0,0.0,0.0,0.0,0.0,0.0,0.0,,,0.0,0.0,0.0,,,,,,,,,,,,,0.0,0.0,0.0,,,,0.14285714,0.0,,0.0,0.0,,0.0
Jacob Waguespack,DET,2026,32.0,11.0,0.0,0.0,0.0,0.0,0.0,0.0,0.0,0.0,0.0,0.0,0.0,,,0.0,0.0,0.0,,,,,,,,,,,,,0.0,0.0,0.0,,,,0.14285714,0.0,,0.0,0.0,,0.0
Julian Fernandez,WSN,2026,30.0,3.0,0.0,0.0,0.0,0.0,0.0,0.0,0.0,0.0,0.0,0.0,0.0,,,0.0,0.0,0.0,,,,,,,,,,,,,0.0,0.0,0.0,,,,0.14285714,0.0,,0.0,0.0,,0.0
Michael Soroka,ARI,2026,28.0,15.0,0.0,0.0,0.0,0.0,0.0,0.0,0.0,0.0,0.0,0.0,0.0,,,0.0,0.0,0.0,,,,,,,,,,,,,0.0,0.0,0.0,,,,0.14285714,0.0,,0.0,0.0,,0.0
Enyel De Los Santos,HOU,2026,30.0,44.0,0.0,0.0,0.0,0.0,0.0,0.0,0.0,0.0,0.0,0.0,0.0,,,0.0,0.0,0.0,,,,,,,,,,,,,0.0,0.0,0.0,,,,0.14285714,0.0,,0.0,0.0,,0.0
Jose Urquidy,PIT,2026,31.0,5.0,0.0,0.0,0.0,0.0,0.0,0.0,0.0,0.0,0.0,0.0,0.0,,,0.0,0.0,0.0,,,,,,,,,,,,,0.0,0.0,0.0,,,,0.14285714,0.0,,0.0,0.0,,0.0
Danny Young,ATL,2026,32.0,7.0,0.0,0.0,0.0,0.0,0.0,0.0,0.0,0.0,0.0,0.0,0.0,,,0.0,0.0,0.0,,,,,,,,,,,,,0.0,0.0,0.0,,,,0.14285714,0.0,,0.0,0.0,,0.0
Dylan Cease,TOR,2026,30.0,18.0,0.0,0.0,0.0,0.0,0.0,0.0,0.0,0.0,0.0,0.0,0.0,,,0.0,0.0,0.0,,,,,,,,,,,,,0.0,0.0,0.0,,,,0.14285714,0.0,,0.0,0.0,,0.0
Sam Hentges,SFG,2026,29.0,25.0,0.0,0.0,0.0,0.0,0.0,0.0,0.0,0.0,0.0,0.0,0.0,,,0.0,0.0,0.0,,,,,,,,,,,,,0.0,0.0,0.0,,,,0.14285714,0.0,,0.0,0.0,,0.0
Enmanuel De Jesus,DET,2026,29.0,22.0,0.0,0.0,0.0,0.0,0.0,0.0,0.0,0.0,0.0,0.0,0.0,,,0.0,0.0,0.0,,,,,,,,,,,,,0.0,0.0,0.0,,,,0.14285714,0.0,,0.0,0.0,,0.0
A.J. Minter,NYM,2026,32.0,20.0,0.0,0.0,0.0,0.0,0.0,0.0,0.0,0.0,0.0,0.0,0.0,,,0.0,0.0,0.0,,,,,,,,,,,,,0.0,0.0,0.0,,,,0.14285714,0.0,,0.0,0.0,,0.0
Jake Woodford,- - -,2026,29.0,17.0,0.0,0.0,0.0,0.0,0.0,0.0,0.0,0.0,0.0,0.0,0.0,,,0.0,0.0,0.0,,,,,,,,,,,,,0.0,0.0,0.0,,,,0.14285714,0.0,,0.0,0.0,,0.0
Freddy Peralta,NYM,2026,30.0,21.0,0.0,0.0,0.0,0.0,0.0,0.0,0.0,0.0,0.0,0.0,0.0,,,0.0,0.0,0.0,,,,,,,,,,,,,0.0,0.0,0.0,,,,0.14285714,0.0,,0.0,0.0,,0.0
Sandy Alcantara,MIA,2026,30.0,21.0,0.0,0.0,0.0,0.0,0.0,0.0,0.0,0.0,0.0,0.0,0.0,,,0.0,0.0,0.0,,,,,,,,,,,,,0.0,0.0,0.0,,,,0.14285714,0.0,,0.0,0.0,,0.0
Kolby Allard,CLE,2026,28.0,4.0,0.0,0.0,0.0,0.0,0.0,0.0,0.0,0.0,0.0,0.0,0.0,,,0.0,0.0,0.0,,,,,,,,,,,,,0.0,0.0,0.0,,,,0.14285714,0.0,,0.0,0.0,,0.0
Tommy Nance,- - -,2026,35.0,35.0,0.0,0.0,0.0,0.0,0.0,0.0,0.0,0.0,0.0,0.0,0.0,,,0.0,0.0,0.0,,,,,,,,,,,,,0.0,0.0,0.0,,,,0.14285714,0.0,,0.0,0.0,,0.0
Jesse Scholtens,TBR,2026,32.0,9.0,0.0,0.0,0.0,0.0,0.0,0.0,0.0,0.0,0.0,0.0,0.0,,,0.0,0.0,0.0,,,,,,,,,,,,,0.0,0.0,0.0,,,,0.14285714,0.0,,0.0,0.0,,0.0
Lake Bachar,MIA,2026,31.0,34.0,0.0,0.0,0.0,0.0,0.0,0.0,0.0,0.0,0.0,0.0,0.0,,,0.0,0.0,0.0,,,,,,,,,,,,,0.0,0.0,0.0,,,,0.14285714,0.0,,0.0,0.0,,0.0
Seranthony Dominguez,CHW,2026,31.0,38.0,0.0,0.0,0.0,0.0,0.0,0.0,0.0,0.0,0.0,0.0,0.0,,,0.0,0.0,0.0,,,,,,,,,,,,,0.0,0.0,0.0,,,,0.14285714,0.0,,0.0,0.0,,0.0
Ian Hamilton,ATL,2026,31.0,4.0,0.0,0.0,0.0,0.0,0.0,0.0,0.0,0.0,0.0,0.0,0.0,,,0.0,0.0,0.0,,,,,,,,,,,,,0.0,0.0,0.0,,,,0.14285714,0.0,,0.0,0.0,,0.0
Jacob Webb,CHC,2026,32.0,44.0,0.0,0.0,0.0,0.0,0.0,0.0,0.0,0.0,0.0,0.0,0.0,,,0.0,0.0,0.0,,,,,,,,,,,,,0.0,0.0,0.0,,,,0.14285714,0.0,,0.0,0.0,,0.0
Zac Gallen,ARI,2026,30.0,19.0,0.0,0.0,0.0,0.0,0.0,0.0,0.0,0.0,0.0,0.0,0.0,,,0.0,0.0,0.0,,,,,,,,,,,,,0.0,0.0,0.0,,,,0.14285714,0.0,,0.0,0.0,,0.0
Trevor Richards,- - -,2026,33.0,26.0,0.0,0.0,0.0,0.0,0.0,0.0,0.0,0.0,0.0,0.0,0.0,,,0.0,0.0,0.0,,,,,,,,,,,,,0.0,0.0,0.0,,,,0.14285714,0.0,,0.0,0.0,,0.0
Cal Quantrill,TEX,2026,31.0,20.0,0.0,0.0,0.0,0.0,0.0,0.0,0.0,0.0,0.0,0.0,0.0,,,0.0,0.0,0.0,,,,,,,,,,,,,0.0,0.0,0.0,,,,0.14285714,0.0,,0.0,0.0,,0.0
Matt Krook,- - -,2026,31.0,9.0,0.0,0.0,0.0,0.0,0.0,0.0,0.0,0.0,0.0,0.0,0.0,,,0.0,0.0,0.0,,,,,,,,,,,,,0.0,0.0,0.0,,,,0.14285714,0.0,,0.0,0.0,,0.0
Eric Lauer,- - -,2026,31.0,15.0,0.0,0.0,0.0,0.0,0.0,0.0,0.0,0.0,0.0,0.0,0.0,,,0.0,0.0,0.0,,,,,,,,,,,,,0.0,0.0,0.0,,,,0.14285714,0.0,,0.0,0.0,,0.0
Joey Lucchesi,LAA,2026,33.0,5.0,0.0,0.0,0.0,0.0,0.0,0.0,0.0,0.0,0.0,0.0,0.0,,,0.0,0.0,0.0,,,,,,,,,,,,,0.0,0.0,0.0,,,,0.14285714,0.0,,0.0,0.0,,0.0
Matt Festa,CLE,2026,33.0,42.0,0.0,0.0,0.0,0.0,0.0,0.0,0.0,0.0,0.0,0.0,0.0,,,0.0,0.0,0.0,,,,,,,,,,,,,0.0,0.0,0.0,,,,0.14285714,0.0,,0.0,0.0,,0.0
Richard Lovelady,- - -,2026,30.0,33.0,0.0,0.0,0.0,0.0,0.0,0.0,0.0,0.0,0.0,0.0,0.0,,,0.0,0.0,0.0,,,,,,,,,,,,,0.0,0.0,0.0,,,,0.14285714,0.0,,0.0,0.0,,0.0
Caleb Ferguson,CIN,2026,29.0,21.0,0.0,0.0,0.0,0.0,0.0,0.0,0.0,0.0,0.0,0.0,0.0,,,0.0,0.0,0.0,,,,,,,,,,,,,0.0,0.0,0.0,,,,0.14285714,0.0,,0.0,0.0,,0.0
Dean Kremer,BAL,2026,30.0,5.0,0.0,0.0,0.0,0.0,0.0,0.0,0.0,0.0,0.0,0.0,0.0,,,0.0,0.0,0.0,,,,,,,,,,,,,0.0,0.0,0.0,,,,0.14285714,0.0,,0.0,0.0,,0.0
Lucas Erceg,KCR,2026,31.0,40.0,0.0,0.0,0.0,0.0,0.0,0.0,0.0,0.0,0.0,0.0,0.0,,,0.0,0.0,0.0,,,,,,,,,,,,,0.0,0.0,0.0,,,,0.14285714,0.0,,0.0,0.0,,0.0
Keegan Akin,BAL,2026,31.0,24.0,0.0,0.0,0.0,0.0,0.0,0.0,0.0,0.0,0.0,0.0,0.0,,,0.0,0.0,0.0,,,,,,,,,,,,,0.0,0.0,0.0,,,,0.14285714,0.0,,0.0,0.0,,0.0
Walker Buehler,SDP,2026,31.0,19.0,0.0,0.0,0.0,0.0,0.0,0.0,0.0,0.0,0.0,0.0,0.0,,,0.0,0.0,0.0,,,,,,,,,,,,,0.0,0.0,0.0,,,,0.14285714,0.0,,0.0,0.0,,0.0
Ronel Blanco,HOU,2026,32.0,1.0,0.0,0.0,0.0,0.0,0.0,0.0,0.0,0.0,0.0,0.0,0.0,,,0.0,0.0,0.0,,,,,,,,,,,,,0.0,0.0,0.0,,,,0.14285714,0.0,,0.0,0.0,,0.0
Shane Bieber,TOR,2026,31.0,5.0,0.0,0.0,0.0,0.0,0.0,0.0,0.0,0.0,0.0,0.0,0.0,,,0.0,0.0,0.0,,,,,,,,,,,,,0.0,0.0,0.0,,,,0.14285714,0.0,,0.0,0.0,,0.0
Yohan Ramirez,PIT,2026,31.0,41.0,0.0,0.0,0.0,0.0,0.0,0.0,0.0,0.0,0.0,0.0,0.0,,,0.0,0.0,0.0,,,,,,,,,,,,,0.0,0.0,0.0,,,,0.14285714,0.0,,0.0,0.0,,0.0
Patrick Sandoval,BOS,2026,29.0,2.0,0.0,0.0,0.0,0.0,0.0,0.0,0.0,0.0,0.0,0.0,0.0,,,0.0,0.0,0.0,,,,,,,,,,,,,0.0,0.0,0.0,,,,0.14285714,0.0,,0.0,0.0,,0.0
Shaun Anderson,LAA,2026,31.0,9.0,0.0,0.0,0.0,0.0,0.0,0.0,0.0,0.0,0.0,0.0,0.0,,,0.0,0.0,0.0,,,,,,,,,,,,,0.0,0.0,0.0,,,,0.14285714,0.0,,0.0,0.0,,0.0
Michael Rucker,SEA,2026,32.0,14.0,0.0,0.0,0.0,0.0,0.0,0.0,0.0,0.0,0.0,0.0,0.0,,,0.0,0.0,0.0,,,,,,,,,,,,,0.0,0.0,0.0,,,,0.14285714,0.0,,0.0,0.0,,0.0
Aaron Civale,ATH,2026,31.0,16.0,0.0,0.0,0.0,0.0,0.0,0.0,0.0,0.0,0.0,0.0,0.0,,,0.0,0.0,0.0,,,,,,,,,,,,,0.0,0.0,0.0,,,,0.14285714,0.0,,0.0,0.0,,0.0
Tyler Ferguson,- - -,2026,32.0,12.0,0.0,0.0,0.0,0.0,0.0,0.0,0.0,0.0,0.0,0.0,0.0,,,0.0,0.0,0.0,,,,,,,,,,,,,0.0,0.0,0.0,,,,0.14285714,0.0,,0.0,0.0,,0.0
Alan Rangel,PHI,2026,28.0,6.0,0.0,0.0,0.0,0.0,0.0,0.0,0.0,0.0,0.0,0.0,0.0,,,0.0,0.0,0.0,,,,,,,,,,,,,0.0,0.0,0.0,,,,0.14285714,0.0,,0.0,0.0,,0.0
Jason Foley,SFG,2026,30.0,2.0,0.0,0.0,0.0,0.0,0.0,0.0,0.0,0.0,0.0,0.0,0.0,,,0.0,0.0,0.0,,,,,,,,,,,,,0.0,0.0,0.0,,,,0.14285714,0.0,,0.0,0.0,,0.0
Geoff Hartlieb,ATH,2026,32.0,5.0,0.0,0.0,0.0,0.0,0.0,0.0,0.0,0.0,0.0,0.0,0.0,,,0.0,0.0,0.0,,,,,,,,,,,,,0.0,0.0,0.0,,,,0.14285714,0.0,,0.0,0.0,,0.0
David Bednar,NYY,2026,31.0,38.0,0.0,0.0,0.0,0.0,0.0,0.0,0.0,0.0,0.0,0.0,0.0,,,0.0,0.0,0.0,,,,,,,,,,,,,0.0,0.0,0.0,,,,0.14285714,0.0,,0.0,0.0,,0.0
JoJo Romero,STL,2026,29.0,44.0,0.0,0.0,0.0,0.0,0.0,0.0,0.0,0.0,0.0,0.0,0.0,,,0.0,0.0,0.0,,,,,,,,,,,,,0.0,0.0,0.0,,,,0.14285714,0.0,,0.0,0.0,,0.0
Guillo Zuniga,NYM,2026,27.0,1.0,0.0,0.0,0.0,0.0,0.0,0.0,0.0,0.0,0.0,0.0,0.0,,,0.0,0.0,0.0,,,,,,,,,,,,,0.0,0.0,0.0,,,,0.14285714,0.0,,0.0,0.0,,0.0
Cionel Perez,- - -,2026,30.0,32.0,0.0,0.0,0.0,0.0,0.0,0.0,0.0,0.0,0.0,0.0,0.0,,,0.0,0.0,0.0,,,,,,,,,,,,,0.0,0.0,0.0,,,,0.14285714,0.0,,0.0,0.0,,0.0
Jordan Hicks,CHW,2026,29.0,30.0,0.0,0.0,0.0,0.0,0.0,0.0,0.0,0.0,0.0,0.0,0.0,,,0.0,0.0,0.0,,,,,,,,,,,,,0.0,0.0,0.0,,,,0.14285714,0.0,,0.0,0.0,,0.0
Kyle Hart,SDP,2026,33.0,25.0,0.0,0.0,0.0,0.0,0.0,0.0,0.0,0.0,0.0,0.0,0.0,,,0.0,0.0,0.0,,,,,,,,,,,,,0.0,0.0,0.0,,,,0.14285714,0.0,,0.0,0.0,,0.0
Jason Alexander,HOU,2026,33.0,4.0,0.0,0.0,0.0,0.0,0.0,0.0,0.0,0.0,0.0,0.0,0.0,,,0.0,0.0,0.0,,,,,,,,,,,,,0.0,0.0,0.0,,,,0.14285714,0.0,,0.0,0.0,,0.0
Gregory Soto,PIT,2026,31.0,41.0,0.0,0.0,0.0,0.0,0.0,0.0,0.0,0.0,0.0,0.0,0.0,,,0.0,0.0,0.0,,,,,,,,,,,,,0.0,0.0,0.0,,,,0.14285714,0.0,,0.0,0.0,,0.0
Connor Seabold,- - -,2026,30.0,21.0,0.0,0.0,0.0,0.0,0.0,0.0,0.0,0.0,0.0,0.0,0.0,,,0.0,0.0,0.0,,,,,,,,,,,,,0.0,0.0,0.0,,,,0.14285714,0.0,,0.0,0.0,,0.0
Dustin May,STL,2026,28.0,19.0,0.0,0.0,0.0,0.0,0.0,0.0,0.0,0.0,0.0,0.0,0.0,,,0.0,0.0,0.0,,,,,,,,,,,,,0.0,0.0,0.0,,,,0.14285714,0.0,,0.0,0.0,,0.0
Anthony Bender,MIA,2026,31.0,35.0,0.0,0.0,0.0,0.0,0.0,0.0,0.0,0.0,0.0,0.0,0.0,,,0.0,0.0,0.0,,,,,,,,,,,,,0.0,0.0,0.0,,,,0.14285714,0.0,,0.0,0.0,,0.0
Jonathan Loaisiga,ARI,2026,31.0,42.0,0.0,0.0,0.0,0.0,0.0,0.0,0.0,0.0,0.0,0.0,0.0,,,0.0,0.0,0.0,,,,,,,,,,,,,0.0,0.0,0.0,,,,0.14285714,0.0,,0.0,0.0,,0.0
Reiver Sanmartin,SFG,2026,30.0,2.0,0.0,0.0,0.0,0.0,0.0,0.0,0.0,0.0,0.0,0.0,0.0,,,0.0,0.0,0.0,,,,,,,,,,,,,0.0,0.0,0.0,,,,0.14285714,0.0,,0.0,0.0,,0.0
Will Vest,DET,2026,31.0,27.0,0.0,0.0,0.0,0.0,0.0,0.0,0.0,0.0,0.0,0.0,0.0,,,0.0,0.0,0.0,,,,,,,,,,,,,0.0,0.0,0.0,,,,0.14285714,0.0,,0.0,0.0,,0.0
Keegan Thompson,COL,2026,31.0,5.0,0.0,0.0,0.0,0.0,0.0,0.0,0.0,0.0,0.0,0.0,0.0,,,0.0,0.0,0.0,,,,,,,,,,,,,0.0,0.0,0.0,,,,0.14285714,0.0,,0.0,0.0,,0.0
Bryan Baker,TBR,2026,31.0,39.0,0.0,0.0,0.0,0.0,0.0,0.0,0.0,0.0,0.0,0.0,0.0,,,0.0,0.0,0.0,,,,,,,,,,,,,0.0,0.0,0.0,,,,0.14285714,0.0,,0.0,0.0,,0.0
Michael King,SDP,2026,31.0,20.0,0.0,0.0,0.0,0.0,0.0,0.0,0.0,0.0,0.0,0.0,0.0,,,0.0,0.0,0.0,,,,,,,,,,,,,0.0,0.0,0.0,,,,0.14285714,0.0,,0.0,0.0,,0.0
Charlie Barnes,- - -,2026,30.0,4.0,0.0,0.0,0.0,0.0,0.0,0.0,0.0,0.0,0.0,0.0,0.0,,,0.0,0.0,0.0,,,,,,,,,,,,,0.0,0.0,0.0,,,,0.14285714,0.0,,0.0,0.0,,0.0
Griffin Canning,SDP,2026,30.0,14.0,0.0,0.0,0.0,0.0,0.0,0.0,0.0,0.0,0.0,0.0,0.0,,,0.0,0.0,0.0,,,,,,,,,,,,,0.0,0.0,0.0,,,,0.14285714,0.0,,0.0,0.0,,0.0
Kevin Ginkel,ARI,2026,32.0,44.0,0.0,0.0,0.0,0.0,0.0,0.0,0.0,0.0,0.0,0.0,0.0,,,0.0,0.0,0.0,,,,,,,,,,,,,0.0,0.0,0.0,,,,0.14285714,0.0,,0.0,0.0,,0.0
Alex Lange,KCR,2026,30.0,39.0,0.0,0.0,0.0,0.0,0.0,0.0,0.0,0.0,0.0,0.0,0.0,,,0.0,0.0,0.0,,,,,,,,,,,,,0.0,0.0,0.0,,,,0.14285714,0.0,,0.0,0.0,,0.0
Corbin Martin,CHC,2026,30.0,7.0,0.0,0.0,0.0,0.0,0.0,0.0,0.0,0.0,0.0,0.0,0.0,,,0.0,0.0,0.0,,,,,,,,,,,,,0.0,0.0,0.0,,,,0.14285714,0.0,,0.0,0.0,,0.0
Jose Suarez,- - -,2026,28.0,33.0,0.0,0.0,0.0,0.0,0.0,0.0,0.0,0.0,0.0,0.0,0.0,,,0.0,0.0,0.0,,,,,,,,,,,,,0.0,0.0,0.0,,,,0.14285714,0.0,,0.0,0.0,,0.0
Bryan Hudson,CHW,2026,29.0,43.0,0.0,0.0,0.0,0.0,0.0,0.0,0.0,0.0,0.0,0.0,0.0,,,0.0,0.0,0.0,,,,,,,,,,,,,0.0,0.0,0.0,,,,0.14285714,0.0,,0.0,0.0,,0.0
Tony Santillan,CIN,2026,29.0,34.0,0.0,0.0,0.0,0.0,0.0,0.0,0.0,0.0,0.0,0.0,0.0,,,0.0,0.0,0.0,,,,,,,,,,,,,0.0,0.0,0.0,,,,0.14285714,0.0,,0.0,0.0,,0.0
Jesus Luzardo,PHI,2026,28.0,20.0,0.0,0.0,0.0,0.0,0.0,0.0,0.0,0.0,0.0,0.0,0.0,,,0.0,0.0,0.0,,,,,,,,,,,,,0.0,0.0,0.0,,,,0.14285714,0.0,,0.0,0.0,,0.0
Bryse Wilson,- - -,2026,28.0,5.0,0.0,0.0,0.0,0.0,0.0,0.0,0.0,0.0,0.0,0.0,0.0,,,0.0,0.0,0.0,,,,,,,,,,,,,0.0,0.0,0.0,,,,0.14285714,0.0,,0.0,0.0,,0.0
Joel Kuhnel,- - -,2026,31.0,35.0,0.0,0.0,0.0,0.0,0.0,0.0,0.0,0.0,0.0,0.0,0.0,,,0.0,0.0,0.0,,,,,,,,,,,,,0.0,0.0,0.0,,,,0.14285714,0.0,,0.0,0.0,,0.0
Dylan Lee,ATL,2026,31.0,46.0,0.0,0.0,0.0,0.0,0.0,0.0,0.0,0.0,0.0,0.0,0.0,,,0.0,0.0,0.0,,,,,,,,,,,,,0.0,0.0,0.0,,,,0.14285714,0.0,,0.0,0.0,,0.0
Tyler Wells,BAL,2026,31.0,38.0,0.0,0.0,0.0,0.0,0.0,0.0,0.0,0.0,0.0,0.0,0.0,,,0.0,0.0,0.0,,,,,,,,,,,,,0.0,0.0,0.0,,,,0.14285714,0.0,,0.0,0.0,,0.0
Wyatt Mills,LAD,2026,31.0,5.0,0.0,0.0,0.0,0.0,0.0,0.0,0.0,0.0,0.0,0.0,0.0,,,0.0,0.0,0.0,,,,,,,,,,,,,0.0,0.0,0.0,,,,0.14285714,0.0,,0.0,0.0,,0.0
John Schreiber,KCR,2026,32.0,41.0,0.0,0.0,0.0,0.0,0.0,0.0,0.0,0.0,0.0,0.0,0.0,,,0.0,0.0,0.0,,,,,,,,,,,,,0.0,0.0,0.0,,,,0.14285714,0.0,,0.0,0.0,,0.0
Rico Garcia,BAL,2026,32.0,46.0,0.0,0.0,0.0,0.0,0.0,0.0,0.0,0.0,0.0,0.0,0.0,,,0.0,0.0,0.0,,,,,,,,,,,,,0.0,0.0,0.0,,,,0.14285714,0.0,,0.0,0.0,,0.0
Adrian Morejon,SDP,2026,27.0,45.0,0.0,0.0,0.0,0.0,0.0,0.0,0.0,0.0,0.0,0.0,0.0,,,0.0,0.0,0.0,,,,,,,,,,,,,0.0,0.0,0.0,,,,0.14285714,0.0,,0.0,0.0,,0.0
Bailey Falter,KCR,2026,29.0,5.0,0.0,0.0,0.0,0.0,0.0,0.0,0.0,0.0,0.0,0.0,0.0,,,0.0,0.0,0.0,,,,,,,,,,,,,0.0,0.0,0.0,,,,0.14285714,0.0,,0.0,0.0,,0.0
Chris Paddack,- - -,2026,30.0,14.0,0.0,0.0,0.0,0.0,0.0,0.0,0.0,0.0,0.0,0.0,0.0,,,0.0,0.0,0.0,,,,,,,,,,,,,0.0,0.0,0.0,,,,0.14285714,0.0,,0.0,0.0,,0.0
Calvin Faucher,MIA,2026,30.0,42.0,0.0,0.0,0.0,0.0,0.0,0.0,0.0,0.0,0.0,0.0,0.0,,,0.0,0.0,0.0,,,,,,,,,,,,,0.0,0.0,0.0,,,,0.14285714,0.0,,0.0,0.0,,0.0
James Karinchak,ATL,2026,30.0,9.0,0.0,0.0,0.0,0.0,0.0,0.0,0.0,0.0,0.0,0.0,0.0,,,0.0,0.0,0.0,,,,,,,,,,,,,0.0,0.0,0.0,,,,0.14285714,0.0,,0.0,0.0,,0.0
Nate Pearson,HOU,2026,29.0,16.0,0.0,0.0,0.0,0.0,0.0,0.0,0.0,0.0,0.0,0.0,0.0,,,0.0,0.0,0.0,,,,,,,,,,,,,0.0,0.0,0.0,,,,0.14285714,0.0,,0.0,0.0,,0.0
Zach Pop,PHI,2026,29.0,7.0,0.0,0.0,0.0,0.0,0.0,0.0,0.0,0.0,0.0,0.0,0.0,,,0.0,0.0,0.0,,,,,,,,,,,,,0.0,0.0,0.0,,,,0.14285714,0.0,,0.0,0.0,,0.0
Garrett Whitlock,BOS,2026,30.0,37.0,0.0,0.0,0.0,0.0,0.0,0.0,0.0,0.0,0.0,0.0,0.0,,,0.0,0.0,0.0,,,,,,,,,,,,,0.0,0.0,0.0,,,,0.14285714,0.0,,0.0,0.0,,0.0
Eli Morgan,KCR,2026,30.0,16.0,0.0,0.0,0.0,0.0,0.0,0.0,0.0,0.0,0.0,0.0,0.0,,,0.0,0.0,0.0,,,,,,,,,,,,,0.0,0.0,0.0,,,,0.14285714,0.0,,0.0,0.0,,0.0
Griffin Jax,TBR,2026,31.0,26.0,0.0,0.0,0.0,0.0,0.0,0.0,0.0,0.0,0.0,0.0,0.0,,,0.0,0.0,0.0,,,,,,,,,,,,,0.0,0.0,0.0,,,,0.14285714,0.0,,0.0,0.0,,0.0
David Peterson,- - -,2026,30.0,19.0,0.0,0.0,0.0,0.0,0.0,0.0,0.0,0.0,0.0,0.0,0.0,,,0.0,0.0,0.0,,,,,,,,,,,,,0.0,0.0,0.0,,,,0.14285714,0.0,,0.0,0.0,,0.0
Nick Raquet,BAL,2026,30.0,4.0,0.0,0.0,0.0,0.0,0.0,0.0,0.0,0.0,0.0,0.0,0.0,,,0.0,0.0,0.0,,,,,,,,,,,,,0.0,0.0,0.0,,,,0.14285714,0.0,,0.0,0.0,,0.0
Riley O'Brien,STL,2026,31.0,41.0,0.0,0.0,0.0,0.0,0.0,0.0,0.0,0.0,0.0,0.0,0.0,,,0.0,0.0,0.0,,,,,,,,,,,,,0.0,0.0,0.0,,,,0.14285714,0.0,,0.0,0.0,,0.0
Zack Kelly,BOS,2026,31.0,17.0,0.0,0.0,0.0,0.0,0.0,0.0,0.0,0.0,0.0,0.0,0.0,,,0.0,0.0,0.0,,,,,,,,,,,,,0.0,0.0,0.0,,,,0.14285714,0.0,,0.0,0.0,,0.0
Bruce Zimmermann,STL,2026,31.0,1.0,0.0,0.0,0.0,0.0,0.0,0.0,0.0,0.0,0.0,0.0,0.0,,,0.0,0.0,0.0,,,,,,,,,,,,,0.0,0.0,0.0,,,,0.14285714,0.0,,0.0,0.0,,0.0
Andres Munoz,SEA,2026,27.0,39.0,0.0,0.0,0.0,0.0,0.0,0.0,0.0,0.0,0.0,0.0,0.0,,,0.0,0.0,0.0,,,,,,,,,,,,,0.0,0.0,0.0,,,,0.14285714,0.0,,0.0,0.0,,0.0
Greg Weissert,BOS,2026,31.0,41.0,0.0,0.0,0.0,0.0,0.0,0.0,0.0,0.0,0.0,0.0,0.0,,,0.0,0.0,0.0,,,,,,,,,,,,,0.0,0.0,0.0,,,,0.14285714,0.0,,0.0,0.0,,0.0
Tyler Zuber,MIA,2026,31.0,15.0,0.0,0.0,0.0,0.0,0.0,0.0,0.0,0.0,0.0,0.0,0.0,,,0.0,0.0,0.0,,,,,,,,,,,,,0.0,0.0,0.0,,,,0.14285714,0.0,,0.0,0.0,,0.0
Isaac Mattson,PIT,2026,30.0,34.0,0.0,0.0,0.0,0.0,0.0,0.0,0.0,0.0,0.0,0.0,0.0,,,0.0,0.0,0.0,,,,,,,,,,,,,0.0,0.0,0.0,,,,0.14285714,0.0,,0.0,0.0,,0.0
Anthony Kay,CHW,2026,31.0,20.0,0.0,0.0,0.0,0.0,0.0,0.0,0.0,0.0,0.0,0.0,0.0,,,0.0,0.0,0.0,,,,,,,,,,,,,0.0,0.0,0.0,,,,0.14285714,0.0,,0.0,0.0,,0.0
Josh Fleming,TOR,2026,30.0,1.0,0.0,0.0,0.0,0.0,0.0,0.0,0.0,0.0,0.0,0.0,0.0,,,0.0,0.0,0.0,,,,,,,,,,,,,0.0,0.0,0.0,,,,0.14285714,0.0,,0.0,0.0,,0.0
Jovani Moran,BOS,2026,29.0,27.0,0.0,0.0,0.0,0.0,0.0,0.0,0.0,0.0,0.0,0.0,0.0,,,0.0,0.0,0.0,,,,,,,,,,,,,0.0,0.0,0.0,,,,0.14285714,0.0,,0.0,0.0,,0.0
Ryan Walker,SFG,2026,30.0,27.0,0.0,0.0,0.0,0.0,0.0,0.0,0.0,0.0,0.0,0.0,0.0,,,0.0,0.0,0.0,,,,,,,,,,,,,0.0,0.0,0.0,,,,0.14285714,0.0,,0.0,0.0,,0.0
Casey Mize,DET,2026,29.0,15.0,0.0,0.0,0.0,0.0,0.0,0.0,0.0,0.0,0.0,0.0,0.0,,,0.0,0.0,0.0,,,,,,,,,,,,,0.0,0.0,0.0,,,,0.14285714,0.0,,0.0,0.0,,0.0
Nick Sandlin,LAA,2026,29.0,8.0,0.0,0.0,0.0,0.0,0.0,0.0,0.0,0.0,0.0,0.0,0.0,,,0.0,0.0,0.0,,,,,,,,,,,,,0.0,0.0,0.0,,,,0.14285714,0.0,,0.0,0.0,,0.0
Grant Anderson,MIL,2026,29.0,40.0,0.0,0.0,0.0,0.0,0.0,0.0,0.0,0.0,0.0,0.0,0.0,,,0.0,0.0,0.0,,,,,,,,,,,,,0.0,0.0,0.0,,,,0.14285714,0.0,,0.0,0.0,,0.0
Tyler Phillips,MIA,2026,28.0,25.0,0.0,0.0,0.0,0.0,0.0,0.0,0.0,0.0,0.0,0.0,0.0,,,0.0,0.0,0.0,,,,,,,,,,,,,0.0,0.0,0.0,,,,0.14285714,0.0,,0.0,0.0,,0.0
Yusei Kikuchi,LAA,2026,35.0,7.0,0.0,0.0,0.0,0.0,0.0,0.0,0.0,0.0,0.0,0.0,0.0,,,0.0,0.0,0.0,,,,,,,,,,,,,0.0,0.0,0.0,,,,0.14285714,0.0,,0.0,0.0,,0.0
Cristopher Sanchez,PHI,2026,29.0,21.0,0.0,0.0,0.0,0.0,0.0,0.0,0.0,0.0,0.0,0.0,0.0,,,0.0,0.0,0.0,,,,,,,,,,,,,0.0,0.0,0.0,,,,0.14285714,0.0,,0.0,0.0,,0.0
Michael Petersen,MIA,2026,32.0,41.0,0.0,0.0,0.0,0.0,0.0,0.0,0.0,0.0,0.0,0.0,0.0,,,0.0,0.0,0.0,,,,,,,,,,,,,0.0,0.0,0.0,,,,0.14285714,0.0,,0.0,0.0,,0.0
Eduard Bazardo,SEA,2026,30.0,46.0,0.0,0.0,0.0,0.0,0.0,0.0,0.0,0.0,0.0,0.0,0.0,,,0.0,0.0,0.0,,,,,,,,,,,,,0.0,0.0,0.0,,,,0.14285714,0.0,,0.0,0.0,,0.0
Jhoan Duran,PHI,2026,28.0,36.0,0.0,0.0,0.0,0.0,0.0,0.0,0.0,0.0,0.0,0.0,0.0,,,0.0,0.0,0.0,,,,,,,,,,,,,0.0,0.0,0.0,,,,0.14285714,0.0,,0.0,0.0,,0.0
Luis Gil,NYY,2026,28.0,4.0,0.0,0.0,0.0,0.0,0.0,0.0,0.0,0.0,0.0,0.0,0.0,,,0.0,0.0,0.0,,,,,,,,,,,,,0.0,0.0,0.0,,,,0.14285714,0.0,,0.0,0.0,,0.0
Jose Espada,BAL,2026,29.0,1.0,0.0,0.0,0.0,0.0,0.0,0.0,0.0,0.0,0.0,0.0,0.0,,,0.0,0.0,0.0,,,,,,,,,,,,,0.0,0.0,0.0,,,,0.14285714,0.0,,0.0,0.0,,0.0
Brooks Kriske,ATH,2026,32.0,2.0,0.0,0.0,0.0,0.0,0.0,0.0,0.0,0.0,0.0,0.0,0.0,,,0.0,0.0,0.0,,,,,,,,,,,,,0.0,0.0,0.0,,,,0.14285714,0.0,,0.0,0.0,,0.0
Connor Brogdon,CLE,2026,31.0,15.0,0.0,0.0,0.0,0.0,0.0,0.0,0.0,0.0,0.0,0.0,0.0,,,0.0,0.0,0.0,,,,,,,,,,,,,0.0,0.0,0.0,,,,0.14285714,0.0,,0.0,0.0,,0.0
J.P. France,HOU,2026,31.0,3.0,0.0,0.0,0.0,0.0,0.0,0.0,0.0,0.0,0.0,0.0,0.0,,,0.0,0.0,0.0,,,,,,,,,,,,,0.0,0.0,0.0,,,,0.14285714,0.0,,0.0,0.0,,0.0
Bailey Ober,MIN,2026,30.0,14.0,0.0,0.0,0.0,0.0,0.0,0.0,0.0,0.0,0.0,0.0,0.0,,,0.0,0.0,0.0,,,,,,,,,,,,,0.0,0.0,0.0,,,,0.14285714,0.0,,0.0,0.0,,0.0
Jake Bird,NYY,2026,30.0,36.0,0.0,0.0,0.0,0.0,0.0,0.0,0.0,0.0,0.0,0.0,0.0,,,0.0,0.0,0.0,,,,,,,,,,,,,0.0,0.0,0.0,,,,0.14285714,0.0,,0.0,0.0,,0.0
Jacob Latz,TEX,2026,30.0,36.0,0.0,0.0,0.0,0.0,0.0,0.0,0.0,0.0,0.0,0.0,0.0,,,0.0,0.0,0.0,,,,,,,,,,,,,0.0,0.0,0.0,,,,0.14285714,0.0,,0.0,0.0,,0.0
Bennett Sousa,HOU,2026,31.0,5.0,0.0,0.0,0.0,0.0,0.0,0.0,0.0,0.0,0.0,0.0,0.0,,,0.0,0.0,0.0,,,,,,,,,,,,,0.0,0.0,0.0,,,,0.14285714,0.0,,0.0,0.0,,0.0
Joe Ryan,MIN,2026,30.0,21.0,0.0,0.0,0.0,0.0,0.0,0.0,0.0,0.0,0.0,0.0,0.0,,,0.0,0.0,0.0,,,,,,,,,,,,,0.0,0.0,0.0,,,,0.14285714,0.0,,0.0,0.0,,0.0
Yerry De Los Santos,NYY,2026,28.0,5.0,0.0,0.0,0.0,0.0,0.0,0.0,0.0,0.0,0.0,0.0,0.0,,,0.0,0.0,0.0,,,,,,,,,,,,,0.0,0.0,0.0,,,,0.14285714,0.0,,0.0,0.0,,0.0
Ryan Feltner,COL,2026,29.0,14.0,0.0,0.0,0.0,0.0,0.0,0.0,0.0,0.0,0.0,0.0,0.0,,,0.0,0.0,0.0,,,,,,,,,,,,,0.0,0.0,0.0,,,,0.14285714,0.0,,0.0,0.0,,0.0
Davis Martin,CHW,2026,29.0,19.0,0.0,0.0,0.0,0.0,0.0,0.0,0.0,0.0,0.0,0.0,0.0,,,0.0,0.0,0.0,,,,,,,,,,,,,0.0,0.0,0.0,,,,0.14285714,0.0,,0.0,0.0,,0.0
Kris Bubic,KCR,2026,28.0,9.0,0.0,0.0,0.0,0.0,0.0,0.0,0.0,0.0,0.0,0.0,0.0,,,0.0,0.0,0.0,,,,,,,,,,,,,0.0,0.0,0.0,,,,0.14285714,0.0,,0.0,0.0,,0.0
Cole Sands,MIN,2026,28.0,12.0,0.0,0.0,0.0,0.0,0.0,0.0,0.0,0.0,0.0,0.0,0.0,,,0.0,0.0,0.0,,,,,,,,,,,,,0.0,0.0,0.0,,,,0.14285714,0.0,,0.0,0.0,,0.0
Shane McClanahan,TBR,2026,29.0,18.0,0.0,0.0,0.0,0.0,0.0,0.0,0.0,0.0,0.0,0.0,0.0,,,0.0,0.0,0.0,,,,,,,,,,,,,0.0,0.0,0.0,,,,0.14285714,0.0,,0.0,0.0,,0.0
Stephen Kolek,KCR,2026,29.0,10.0,0.0,0.0,0.0,0.0,0.0,0.0,0.0,0.0,0.0,0.0,0.0,,,0.0,0.0,0.0,,,,,,,,,,,,,0.0,0.0,0.0,,,,0.14285714,0.0,,0.0,0.0,,0.0
Jake Irvin,WSN,2026,29.0,11.0,0.0,0.0,0.0,0.0,0.0,0.0,0.0,0.0,0.0,0.0,0.0,,,0.0,0.0,0.0,,,,,,,,,,,,,0.0,0.0,0.0,,,,0.14285714,0.0,,0.0,0.0,,0.0
Hogan Harris,ATH,2026,29.0,47.0,0.0,0.0,0.0,0.0,0.0,0.0,0.0,0.0,0.0,0.0,0.0,,,0.0,0.0,0.0,,,,,,,,,,,,,0.0,0.0,0.0,,,,0.14285714,0.0,,0.0,0.0,,0.0
Daniel Lynch IV,KCR,2026,29.0,41.0,0.0,0.0,0.0,0.0,0.0,0.0,0.0,0.0,0.0,0.0,0.0,,,0.0,0.0,0.0,,,,,,,,,,,,,0.0,0.0,0.0,,,,0.14285714,0.0,,0.0,0.0,,0.0
Chase Shugart,PHI,2026,29.0,28.0,0.0,0.0,0.0,0.0,0.0,0.0,0.0,0.0,0.0,0.0,0.0,,,0.0,0.0,0.0,,,,,,,,,,,,,0.0,0.0,0.0,,,,0.14285714,0.0,,0.0,0.0,,0.0
Brendon Little,TOR,2026,29.0,7.0,0.0,0.0,0.0,0.0,0.0,0.0,0.0,0.0,0.0,0.0,0.0,,,0.0,0.0,0.0,,,,,,,,,,,,,0.0,0.0,0.0,,,,0.14285714,0.0,,0.0,0.0,,0.0
Tristan Beck,SFG,2026,30.0,8.0,0.0,0.0,0.0,0.0,0.0,0.0,0.0,0.0,0.0,0.0,0.0,,,0.0,0.0,0.0,,,,,,,,,,,,,0.0,0.0,0.0,,,,0.14285714,0.0,,0.0,0.0,,0.0
Grant Wolfram,BAL,2026,29.0,37.0,0.0,0.0,0.0,0.0,0.0,0.0,0.0,0.0,0.0,0.0,0.0,,,0.0,0.0,0.0,,,,,,,,,,,,,0.0,0.0,0.0,,,,0.14285714,0.0,,0.0,0.0,,0.0
Luis Medina,ATH,2026,27.0,33.0,0.0,0.0,0.0,0.0,0.0,0.0,0.0,0.0,0.0,0.0,0.0,,,0.0,0.0,0.0,,,,,,,,,,,,,0.0,0.0,0.0,,,,0.14285714,0.0,,0.0,0.0,,0.0
Kervin Castro,NYY,2026,27.0,1.0,0.0,0.0,0.0,0.0,0.0,0.0,0.0,0.0,0.0,0.0,0.0,,,0.0,0.0,0.0,,,,,,,,,,,,,0.0,0.0,0.0,,,,0.14285714,0.0,,0.0,0.0,,0.0
Elvis Alvarado,ATH,2026,27.0,26.0,0.0,0.0,0.0,0.0,0.0,0.0,0.0,0.0,0.0,0.0,0.0,,,0.0,0.0,0.0,,,,,,,,,,,,,0.0,0.0,0.0,,,,0.14285714,0.0,,0.0,0.0,,0.0
Edward Cabrera,CHC,2026,28.0,14.0,0.0,0.0,0.0,0.0,0.0,0.0,0.0,0.0,0.0,0.0,0.0,,,0.0,0.0,0.0,,,,,,,,,,,,,0.0,0.0,0.0,,,,0.14285714,0.0,,0.0,0.0,,0.0
Javier Assad,CHC,2026,28.0,16.0,0.0,0.0,0.0,0.0,0.0,0.0,0.0,0.0,0.0,0.0,0.0,,,0.0,0.0,0.0,,,,,,,,,,,,,0.0,0.0,0.0,,,,0.14285714,0.0,,0.0,0.0,,0.0
Braxton Garrett,MIA,2026,28.0,2.0,0.0,0.0,0.0,0.0,0.0,0.0,0.0,0.0,0.0,0.0,0.0,,,0.0,0.0,0.0,,,,,,,,,,,,,0.0,0.0,0.0,,,,0.14285714,0.0,,0.0,0.0,,0.0
Cole Ragans,KCR,2026,28.0,8.0,0.0,0.0,0.0,0.0,0.0,0.0,0.0,0.0,0.0,0.0,0.0,,,0.0,0.0,0.0,,,,,,,,,,,,,0.0,0.0,0.0,,,,0.14285714,0.0,,0.0,0.0,,0.0
George Soriano,STL,2026,27.0,44.0,0.0,0.0,0.0,0.0,0.0,0.0,0.0,0.0,0.0,0.0,0.0,,,0.0,0.0,0.0,,,,,,,,,,,,,0.0,0.0,0.0,,,,0.14285714,0.0,,0.0,0.0,,0.0
Gregory Santos,SFG,2026,26.0,3.0,0.0,0.0,0.0,0.0,0.0,0.0,0.0,0.0,0.0,0.0,0.0,,,0.0,0.0,0.0,,,,,,,,,,,,,0.0,0.0,0.0,,,,0.14285714,0.0,,0.0,0.0,,0.0
Juan Morillo,ARI,2026,27.0,43.0,0.0,0.0,0.0,0.0,0.0,0.0,0.0,0.0,0.0,0.0,0.0,,,0.0,0.0,0.0,,,,,,,,,,,,,0.0,0.0,0.0,,,,0.14285714,0.0,,0.0,0.0,,0.0
Joel Peguero,SFG,2026,29.0,11.0,0.0,0.0,0.0,0.0,0.0,0.0,0.0,0.0,0.0,0.0,0.0,,,0.0,0.0,0.0,,,,,,,,,,,,,0.0,0.0,0.0,,,,0.14285714,0.0,,0.0,0.0,,0.0
Camilo Doval,NYY,2026,28.0,41.0,0.0,0.0,0.0,0.0,0.0,0.0,0.0,0.0,0.0,0.0,0.0,,,0.0,0.0,0.0,,,,,,,,,,,,,0.0,0.0,0.0,,,,0.14285714,0.0,,0.0,0.0,,0.0
John King,MIA,2026,31.0,40.0,0.0,0.0,0.0,0.0,0.0,0.0,0.0,0.0,0.0,0.0,0.0,,,0.0,0.0,0.0,,,,,,,,,,,,,0.0,0.0,0.0,,,,0.14285714,0.0,,0.0,0.0,,0.0
Jose Soriano,LAA,2026,27.0,21.0,0.0,0.0,0.0,0.0,0.0,0.0,0.0,0.0,0.0,0.0,0.0,,,0.0,0.0,0.0,,,,,,,,,,,,,0.0,0.0,0.0,,,,0.14285714,0.0,,0.0,0.0,,0.0
Cole Winn,TEX,2026,26.0,37.0,0.0,0.0,0.0,0.0,0.0,0.0,0.0,0.0,0.0,0.0,0.0,,,0.0,0.0,0.0,,,,,,,,,,,,,0.0,0.0,0.0,,,,0.14285714,0.0,,0.0,0.0,,0.0
Max Kranick,WSN,2026,28.0,1.0,0.0,0.0,0.0,0.0,0.0,0.0,0.0,0.0,0.0,0.0,0.0,,,0.0,0.0,0.0,,,,,,,,,,,,,0.0,0.0,0.0,,,,0.14285714,0.0,,0.0,0.0,,0.0
Easton McGee,MIL,2026,28.0,2.0,0.0,0.0,0.0,0.0,0.0,0.0,0.0,0.0,0.0,0.0,0.0,,,0.0,0.0,0.0,,,,,,,,,,,,,0.0,0.0,0.0,,,,0.14285714,0.0,,0.0,0.0,,0.0
Hunter Greene,CIN,2026,26.0,3.0,0.0,0.0,0.0,0.0,0.0,0.0,0.0,0.0,0.0,0.0,0.0,,,0.0,0.0,0.0,,,,,,,,,,,,,0.0,0.0,0.0,,,,0.14285714,0.0,,0.0,0.0,,0.0
Tobias Myers,NYM,2026,27.0,26.0,0.0,0.0,0.0,0.0,0.0,0.0,0.0,0.0,0.0,0.0,0.0,,,0.0,0.0,0.0,,,,,,,,,,,,,0.0,0.0,0.0,,,,0.14285714,0.0,,0.0,0.0,,0.0
Ryan Rolison,CHC,2026,28.0,34.0,0.0,0.0,0.0,0.0,0.0,0.0,0.0,0.0,0.0,0.0,0.0,,,0.0,0.0,0.0,,,,,,,,,,,,,0.0,0.0,0.0,,,,0.14285714,0.0,,0.0,0.0,,0.0
MacKenzie Gore,TEX,2026,27.0,21.0,0.0,0.0,0.0,0.0,0.0,0.0,0.0,0.0,0.0,0.0,0.0,,,0.0,0.0,0.0,,,,,,,,,,,,,0.0,0.0,0.0,,,,0.14285714,0.0,,0.0,0.0,,0.0
DL Hall,MIL,2026,27.0,24.0,0.0,0.0,0.0,0.0,0.0,0.0,0.0,0.0,0.0,0.0,0.0,,,0.0,0.0,0.0,,,,,,,,,,,,,0.0,0.0,0.0,,,,0.14285714,0.0,,0.0,0.0,,0.0
Jeremiah Estrada,SDP,2026,27.0,21.0,0.0,0.0,0.0,0.0,0.0,0.0,0.0,0.0,0.0,0.0,0.0,,,0.0,0.0,0.0,,,,,,,,,,,,,0.0,0.0,0.0,,,,0.14285714,0.0,,0.0,0.0,,0.0
Jonathan Heasley,TBR,2026,29.0,1.0,0.0,0.0,0.0,0.0,0.0,0.0,0.0,0.0,0.0,0.0,0.0,,,0.0,0.0,0.0,,,,,,,,,,,,,0.0,0.0,0.0,,,,0.14285714,0.0,,0.0,0.0,,0.0
Logan Gilbert,SEA,2026,29.0,20.0,0.0,0.0,0.0,0.0,0.0,0.0,0.0,0.0,0.0,0.0,0.0,,,0.0,0.0,0.0,,,,,,,,,,,,,0.0,0.0,0.0,,,,0.14285714,0.0,,0.0,0.0,,0.0
Shane Baz,BAL,2026,27.0,20.0,0.0,0.0,0.0,0.0,0.0,0.0,0.0,0.0,0.0,0.0,0.0,,,0.0,0.0,0.0,,,,,,,,,,,,,0.0,0.0,0.0,,,,0.14285714,0.0,,0.0,0.0,,0.0
Tarik Skubal,DET,2026,29.0,14.0,0.0,0.0,0.0,0.0,0.0,0.0,0.0,0.0,0.0,0.0,0.0,,,0.0,0.0,0.0,,,,,,,,,,,,,0.0,0.0,0.0,,,,0.14285714,0.0,,0.0,0.0,,0.0
Trevor Rogers,BAL,2026,28.0,18.0,0.0,0.0,0.0,0.0,0.0,0.0,0.0,0.0,0.0,0.0,0.0,,,0.0,0.0,0.0,,,,,,,,,,,,,0.0,0.0,0.0,,,,0.14285714,0.0,,0.0,0.0,,0.0
Mason Englert,TBR,2026,26.0,14.0,0.0,0.0,0.0,0.0,0.0,0.0,0.0,0.0,0.0,0.0,0.0,,,0.0,0.0,0.0,,,,,,,,,,,,,0.0,0.0,0.0,,,,0.14285714,0.0,,0.0,0.0,,0.0
Matthew Liberatore,STL,2026,26.0,19.0,0.0,0.0,0.0,0.0,0.0,0.0,0.0,0.0,0.0,0.0,0.0,,,0.0,0.0,0.0,,,,,,,,,,,,,0.0,0.0,0.0,,,,0.14285714,0.0,,0.0,0.0,,0.0
Brenan Hanifee,DET,2026,28.0,16.0,0.0,0.0,0.0,0.0,0.0,0.0,0.0,0.0,0.0,0.0,0.0,,,0.0,0.0,0.0,,,,,,,,,,,,,0.0,0.0,0.0,,,,0.14285714,0.0,,0.0,0.0,,0.0
Colin Holderman,CLE,2026,30.0,37.0,0.0,0.0,0.0,0.0,0.0,0.0,0.0,0.0,0.0,0.0,0.0,,,0.0,0.0,0.0,,,,,,,,,,,,,0.0,0.0,0.0,,,,0.14285714,0.0,,0.0,0.0,,0.0
Julian Garcia,CIN,2026,31.0,8.0,0.0,0.0,0.0,0.0,0.0,0.0,0.0,0.0,0.0,0.0,0.0,,,0.0,0.0,0.0,,,,,,,,,,,,,0.0,0.0,0.0,,,,0.14285714,0.0,,0.0,0.0,,0.0
Johan Oviedo,BOS,2026,28.0,1.0,0.0,0.0,0.0,0.0,0.0,0.0,0.0,0.0,0.0,0.0,0.0,,,0.0,0.0,0.0,,,,,,,,,,,,,0.0,0.0,0.0,,,,0.14285714,0.0,,0.0,0.0,,0.0
Taj Bradley,MIN,2026,25.0,19.0,0.0,0.0,0.0,0.0,0.0,0.0,0.0,0.0,0.0,0.0,0.0,,,0.0,0.0,0.0,,,,,,,,,,,,,0.0,0.0,0.0,,,,0.14285714,0.0,,0.0,0.0,,0.0
Yovanny Cruz,NYY,2026,26.0,3.0,0.0,0.0,0.0,0.0,0.0,0.0,0.0,0.0,0.0,0.0,0.0,,,0.0,0.0,0.0,,,,,,,,,,,,,0.0,0.0,0.0,,,,0.14285714,0.0,,0.0,0.0,,0.0
Keider Montero,DET,2026,25.0,21.0,0.0,0.0,0.0,0.0,0.0,0.0,0.0,0.0,0.0,0.0,0.0,,,0.0,0.0,0.0,,,,,,,,,,,,,0.0,0.0,0.0,,,,0.14285714,0.0,,0.0,0.0,,0.0
Angel Zerpa,MIL,2026,26.0,12.0,0.0,0.0,0.0,0.0,0.0,0.0,0.0,0.0,0.0,0.0,0.0,,,0.0,0.0,0.0,,,,,,,,,,,,,0.0,0.0,0.0,,,,0.14285714,0.0,,0.0,0.0,,0.0
Yoendrys Gomez,- - -,2026,26.0,40.0,0.0,0.0,0.0,0.0,0.0,0.0,0.0,0.0,0.0,0.0,0.0,,,0.0,0.0,0.0,,,,,,,,,,,,,0.0,0.0,0.0,,,,0.14285714,0.0,,0.0,0.0,,0.0
Osvaldo Bido,- - -,2026,30.0,11.0,0.0,0.0,0.0,0.0,0.0,0.0,0.0,0.0,0.0,0.0,0.0,,,0.0,0.0,0.0,,,,,,,,,,,,,0.0,0.0,0.0,,,,0.14285714,0.0,,0.0,0.0,,0.0
Steven Cruz,KCR,2026,27.0,32.0,0.0,0.0,0.0,0.0,0.0,0.0,0.0,0.0,0.0,0.0,0.0,,,0.0,0.0,0.0,,,,,,,,,,,,,0.0,0.0,0.0,,,,0.14285714,0.0,,0.0,0.0,,0.0
Michael Grove,TBR,2026,29.0,1.0,0.0,0.0,0.0,0.0,0.0,0.0,0.0,0.0,0.0,0.0,0.0,,,0.0,0.0,0.0,,,,,,,,,,,,,0.0,0.0,0.0,,,,0.14285714,0.0,,0.0,0.0,,0.0
Juan Mejia,COL,2026,25.0,40.0,0.0,0.0,0.0,0.0,0.0,0.0,0.0,0.0,0.0,0.0,0.0,,,0.0,0.0,0.0,,,,,,,,,,,,,0.0,0.0,0.0,,,,0.14285714,0.0,,0.0,0.0,,0.0
Cody Bolton,HOU,2026,28.0,8.0,0.0,0.0,0.0,0.0,0.0,0.0,0.0,0.0,0.0,0.0,0.0,,,0.0,0.0,0.0,,,,,,,,,,,,,0.0,0.0,0.0,,,,0.14285714,0.0,,0.0,0.0,,0.0
Codi Heuer,CLE,2026,29.0,8.0,0.0,0.0,0.0,0.0,0.0,0.0,0.0,0.0,0.0,0.0,0.0,,,0.0,0.0,0.0,,,,,,,,,,,,,0.0,0.0,0.0,,,,0.14285714,0.0,,0.0,0.0,,0.0
Janson Junk,MIA,2026,30.0,13.0,0.0,0.0,0.0,0.0,0.0,0.0,0.0,0.0,0.0,0.0,0.0,,,0.0,0.0,0.0,,,,,,,,,,,,,0.0,0.0,0.0,,,,0.14285714,0.0,,0.0,0.0,,0.0
Jose Butto,SFG,2026,28.0,3.0,0.0,0.0,0.0,0.0,0.0,0.0,0.0,0.0,0.0,0.0,0.0,,,0.0,0.0,0.0,,,,,,,,,,,,,0.0,0.0,0.0,,,,0.14285714,0.0,,0.0,0.0,,0.0
Joey Cantillo,CLE,2026,26.0,21.0,0.0,0.0,0.0,0.0,0.0,0.0,0.0,0.0,0.0,0.0,0.0,,,0.0,0.0,0.0,,,,,,,,,,,,,0.0,0.0,0.0,,,,0.14285714,0.0,,0.0,0.0,,0.0
Robert Garcia,TEX,2026,30.0,9.0,0.0,0.0,0.0,0.0,0.0,0.0,0.0,0.0,0.0,0.0,0.0,,,0.0,0.0,0.0,,,,,,,,,,,,,0.0,0.0,0.0,,,,0.14285714,0.0,,0.0,0.0,,0.0
Nolan Hoffman,PHI,2026,28.0,3.0,0.0,0.0,0.0,0.0,0.0,0.0,0.0,0.0,0.0,0.0,0.0,,,0.0,0.0,0.0,,,,,,,,,,,,,0.0,0.0,0.0,,,,0.14285714,0.0,,0.0,0.0,,0.0
Ricky Vanasco,DET,2026,27.0,5.0,0.0,0.0,0.0,0.0,0.0,0.0,0.0,0.0,0.0,0.0,0.0,,,0.0,0.0,0.0,,,,,,,,,,,,,0.0,0.0,0.0,,,,0.14285714,0.0,,0.0,0.0,,0.0
PJ Poulin,WSN,2026,29.0,35.0,0.0,0.0,0.0,0.0,0.0,0.0,0.0,0.0,0.0,0.0,0.0,,,0.0,0.0,0.0,,,,,,,,,,,,,0.0,0.0,0.0,,,,0.14285714,0.0,,0.0,0.0,,0.0
Max Lazar,PHI,2026,27.0,6.0,0.0,0.0,0.0,0.0,0.0,0.0,0.0,0.0,0.0,0.0,0.0,,,0.0,0.0,0.0,,,,,,,,,,,,,0.0,0.0,0.0,,,,0.14285714,0.0,,0.0,0.0,,0.0
JP Sears,SDP,2026,30.0,5.0,0.0,0.0,0.0,0.0,0.0,0.0,0.0,0.0,0.0,0.0,0.0,,,0.0,0.0,0.0,,,,,,,,,,,,,0.0,0.0,0.0,,,,0.14285714,0.0,,0.0,0.0,,0.0
Tom Cosgrove,WSN,2026,30.0,4.0,0.0,0.0,0.0,0.0,0.0,0.0,0.0,0.0,0.0,0.0,0.0,,,0.0,0.0,0.0,,,,,,,,,,,,,0.0,0.0,0.0,,,,0.14285714,0.0,,0.0,0.0,,0.0
Hunter Stratton,- - -,2026,29.0,3.0,0.0,0.0,0.0,0.0,0.0,0.0,0.0,0.0,0.0,0.0,0.0,,,0.0,0.0,0.0,,,,,,,,,,,,,0.0,0.0,0.0,,,,0.14285714,0.0,,0.0,0.0,,0.0
Cam Sanders,- - -,2026,29.0,11.0,0.0,0.0,0.0,0.0,0.0,0.0,0.0,0.0,0.0,0.0,0.0,,,0.0,0.0,0.0,,,,,,,,,,,,,0.0,0.0,0.0,,,,0.14285714,0.0,,0.0,0.0,,0.0
Ron Marinaccio,SDP,2026,30.0,33.0,0.0,0.0,0.0,0.0,0.0,0.0,0.0,0.0,0.0,0.0,0.0,,,0.0,0.0,0.0,,,,,,,,,,,,,0.0,0.0,0.0,,,,0.14285714,0.0,,0.0,0.0,,0.0
Keaton Winn,SFG,2026,28.0,32.0,0.0,0.0,0.0,0.0,0.0,0.0,0.0,0.0,0.0,0.0,0.0,,,0.0,0.0,0.0,,,,,,,,,,,,,0.0,0.0,0.0,,,,0.14285714,0.0,,0.0,0.0,,0.0
Aaron Ashby,MIL,2026,28.0,47.0,0.0,0.0,0.0,0.0,0.0,0.0,0.0,0.0,0.0,0.0,0.0,,,0.0,0.0,0.0,,,,,,,,,,,,,0.0,0.0,0.0,,,,0.14285714,0.0,,0.0,0.0,,0.0
Matt Seelinger,NYM,2026,31.0,1.0,0.0,0.0,0.0,0.0,0.0,0.0,0.0,0.0,0.0,0.0,0.0,,,0.0,0.0,0.0,,,,,,,,,,,,,0.0,0.0,0.0,,,,0.14285714,0.0,,0.0,0.0,,0.0
Ben Brown,CHC,2026,26.0,20.0,0.0,0.0,0.0,0.0,0.0,0.0,0.0,0.0,0.0,0.0,0.0,,,0.0,0.0,0.0,,,,,,,,,,,,,0.0,0.0,0.0,,,,0.14285714,0.0,,0.0,0.0,,0.0
Josh Walker,BAL,2026,31.0,5.0,0.0,0.0,0.0,0.0,0.0,0.0,0.0,0.0,0.0,0.0,0.0,,,0.0,0.0,0.0,,,,,,,,,,,,,0.0,0.0,0.0,,,,0.14285714,0.0,,0.0,0.0,,0.0
Justin Bruihl,STL,2026,29.0,43.0,0.0,0.0,0.0,0.0,0.0,0.0,0.0,0.0,0.0,0.0,0.0,,,0.0,0.0,0.0,,,,,,,,,,,,,0.0,0.0,0.0,,,,0.14285714,0.0,,0.0,0.0,,0.0
Braxton Ashcraft,PIT,2026,26.0,20.0,0.0,0.0,0.0,0.0,0.0,0.0,0.0,0.0,0.0,0.0,0.0,,,0.0,0.0,0.0,,,,,,,,,,,,,0.0,0.0,0.0,,,,0.14285714,0.0,,0.0,0.0,,0.0
Ryan Weathers,NYY,2026,26.0,19.0,0.0,0.0,0.0,0.0,0.0,0.0,0.0,0.0,0.0,0.0,0.0,,,0.0,0.0,0.0,,,,,,,,,,,,,0.0,0.0,0.0,,,,0.14285714,0.0,,0.0,0.0,,0.0
Randy Dobnak,KCR,2026,31.0,3.0,0.0,0.0,0.0,0.0,0.0,0.0,0.0,0.0,0.0,0.0,0.0,,,0.0,0.0,0.0,,,,,,,,,,,,,0.0,0.0,0.0,,,,0.14285714,0.0,,0.0,0.0,,0.0
Valente Bellozo,COL,2026,26.0,3.0,0.0,0.0,0.0,0.0,0.0,0.0,0.0,0.0,0.0,0.0,0.0,,,0.0,0.0,0.0,,,,,,,,,,,,,0.0,0.0,0.0,,,,0.14285714,0.0,,0.0,0.0,,0.0
Brayan Bello,BOS,2026,27.0,13.0,0.0,0.0,0.0,0.0,0.0,0.0,0.0,0.0,0.0,0.0,0.0,,,0.0,0.0,0.0,,,,,,,,,,,,,0.0,0.0,0.0,,,,0.14285714,0.0,,0.0,0.0,,0.0
Wilkin Ramos,SFG,2026,25.0,2.0,0.0,0.0,0.0,0.0,0.0,0.0,0.0,0.0,0.0,0.0,0.0,,,0.0,0.0,0.0,,,,,,,,,,,,,0.0,0.0,0.0,,,,0.14285714,0.0,,0.0,0.0,,0.0
Jose A. Ferrer,SEA,2026,26.0,46.0,0.0,0.0,0.0,0.0,0.0,0.0,0.0,0.0,0.0,0.0,0.0,,,0.0,0.0,0.0,,,,,,,,,,,,,0.0,0.0,0.0,,,,0.14285714,0.0,,0.0,0.0,,0.0
Eddy Yean,WSN,2026,25.0,1.0,0.0,0.0,0.0,0.0,0.0,0.0,0.0,0.0,0.0,0.0,0.0,,,0.0,0.0,0.0,,,,,,,,,,,,,0.0,0.0,0.0,,,,0.14285714,0.0,,0.0,0.0,,0.0
Kai-Wei Teng,HOU,2026,27.0,24.0,0.0,0.0,0.0,0.0,0.0,0.0,0.0,0.0,0.0,0.0,0.0,,,0.0,0.0,0.0,,,,,,,,,,,,,0.0,0.0,0.0,,,,0.14285714,0.0,,0.0,0.0,,0.0
Luinder Avila,KCR,2026,24.0,18.0,0.0,0.0,0.0,0.0,0.0,0.0,0.0,0.0,0.0,0.0,0.0,,,0.0,0.0,0.0,,,,,,,,,,,,,0.0,0.0,0.0,,,,0.14285714,0.0,,0.0,0.0,,0.0
Grayson Rodriguez,LAA,2026,26.0,8.0,0.0,0.0,0.0,0.0,0.0,0.0,0.0,0.0,0.0,0.0,0.0,,,0.0,0.0,0.0,,,,,,,,,,,,,0.0,0.0,0.0,,,,0.14285714,0.0,,0.0,0.0,,0.0
Simeon Woods Richardson,- - -,2026,25.0,15.0,0.0,0.0,0.0,0.0,0.0,0.0,0.0,0.0,0.0,0.0,0.0,,,0.0,0.0,0.0,,,,,,,,,,,,,0.0,0.0,0.0,,,,0.14285714,0.0,,0.0,0.0,,0.0
Lyon Richardson,CIN,2026,26.0,2.0,0.0,0.0,0.0,0.0,0.0,0.0,0.0,0.0,0.0,0.0,0.0,,,0.0,0.0,0.0,,,,,,,,,,,,,0.0,0.0,0.0,,,,0.14285714,0.0,,0.0,0.0,,0.0
Kyle Bradish,BAL,2026,29.0,19.0,0.0,0.0,0.0,0.0,0.0,0.0,0.0,0.0,0.0,0.0,0.0,,,0.0,0.0,0.0,,,,,,,,,,,,,0.0,0.0,0.0,,,,0.14285714,0.0,,0.0,0.0,,0.0
Joey Gerber,NYM,2026,29.0,7.0,0.0,0.0,0.0,0.0,0.0,0.0,0.0,0.0,0.0,0.0,0.0,,,0.0,0.0,0.0,,,,,,,,,,,,,0.0,0.0,0.0,,,,0.14285714,0.0,,0.0,0.0,,0.0
Drew Rom,MIL,2026,26.0,5.0,0.0,0.0,0.0,0.0,0.0,0.0,0.0,0.0,0.0,0.0,0.0,,,0.0,0.0,0.0,,,,,,,,,,,,,0.0,0.0,0.0,,,,0.14285714,0.0,,0.0,0.0,,0.0
Jonathan Bowlan,PHI,2026,29.0,35.0,0.0,0.0,0.0,0.0,0.0,0.0,0.0,0.0,0.0,0.0,0.0,,,0.0,0.0,0.0,,,,,,,,,,,,,0.0,0.0,0.0,,,,0.14285714,0.0,,0.0,0.0,,0.0
Braydon Fisher,TOR,2026,25.0,47.0,0.0,0.0,0.0,0.0,0.0,0.0,0.0,0.0,0.0,0.0,0.0,,,0.0,0.0,0.0,,,,,,,,,,,,,0.0,0.0,0.0,,,,0.14285714,0.0,,0.0,0.0,,0.0
Victor Vodnik,COL,2026,26.0,28.0,0.0,0.0,0.0,0.0,0.0,0.0,0.0,0.0,0.0,0.0,0.0,,,0.0,0.0,0.0,,,,,,,,,,,,,0.0,0.0,0.0,,,,0.14285714,0.0,,0.0,0.0,,0.0
Ryan Weiss,HOU,2026,29.0,9.0,0.0,0.0,0.0,0.0,0.0,0.0,0.0,0.0,0.0,0.0,0.0,,,0.0,0.0,0.0,,,,,,,,,,,,,0.0,0.0,0.0,,,,0.14285714,0.0,,0.0,0.0,,0.0
Tanner Andrews,TOR,2026,30.0,2.0,0.0,0.0,0.0,0.0,0.0,0.0,0.0,0.0,0.0,0.0,0.0,,,0.0,0.0,0.0,,,,,,,,,,,,,0.0,0.0,0.0,,,,0.14285714,0.0,,0.0,0.0,,0.0
Luis Curvelo,TEX,2026,25.0,8.0,0.0,0.0,0.0,0.0,0.0,0.0,0.0,0.0,0.0,0.0,0.0,,,0.0,0.0,0.0,,,,,,,,,,,,,0.0,0.0,0.0,,,,0.14285714,0.0,,0.0,0.0,,0.0
Mike Burrows,HOU,2026,26.0,18.0,0.0,0.0,0.0,0.0,0.0,0.0,0.0,0.0,0.0,0.0,0.0,,,0.0,0.0,0.0,,,,,,,,,,,,,0.0,0.0,0.0,,,,0.14285714,0.0,,0.0,0.0,,0.0
Gus Varland,WSN,2026,29.0,32.0,0.0,0.0,0.0,0.0,0.0,0.0,0.0,0.0,0.0,0.0,0.0,,,0.0,0.0,0.0,,,,,,,,,,,,,0.0,0.0,0.0,,,,0.14285714,0.0,,0.0,0.0,,0.0
Kyle Leahy,STL,2026,29.0,19.0,0.0,0.0,0.0,0.0,0.0,0.0,0.0,0.0,0.0,0.0,0.0,,,0.0,0.0,0.0,,,,,,,,,,,,,0.0,0.0,0.0,,,,0.14285714,0.0,,0.0,0.0,,0.0
Ryan Fernandez,STL,2026,28.0,11.0,0.0,0.0,0.0,0.0,0.0,0.0,0.0,0.0,0.0,0.0,0.0,,,0.0,0.0,0.0,,,,,,,,,,,,,0.0,0.0,0.0,,,,0.14285714,0.0,,0.0,0.0,,0.0
Lazaro Estrada,TOR,2026,27.0,3.0,0.0,0.0,0.0,0.0,0.0,0.0,0.0,0.0,0.0,0.0,0.0,,,0.0,0.0,0.0,,,,,,,,,,,,,0.0,0.0,0.0,,,,0.14285714,0.0,,0.0,0.0,,0.0
Ethan Roberts,CHC,2026,28.0,23.0,0.0,0.0,0.0,0.0,0.0,0.0,0.0,0.0,0.0,0.0,0.0,,,0.0,0.0,0.0,,,,,,,,,,,,,0.0,0.0,0.0,,,,0.14285714,0.0,,0.0,0.0,,0.0
Andrew Wantz,TBR,2026,30.0,1.0,0.0,0.0,0.0,0.0,0.0,0.0,0.0,0.0,0.0,0.0,0.0,,,0.0,0.0,0.0,,,,,,,,,,,,,0.0,0.0,0.0,,,,0.14285714,0.0,,0.0,0.0,,0.0
Austin Warren,NYM,2026,30.0,26.0,0.0,0.0,0.0,0.0,0.0,0.0,0.0,0.0,0.0,0.0,0.0,,,0.0,0.0,0.0,,,,,,,,,,,,,0.0,0.0,0.0,,,,0.14285714,0.0,,0.0,0.0,,0.0
Cooper Criswell,SEA,2026,29.0,26.0,0.0,0.0,0.0,0.0,0.0,0.0,0.0,0.0,0.0,0.0,0.0,,,0.0,0.0,0.0,,,,,,,,,,,,,0.0,0.0,0.0,,,,0.14285714,0.0,,0.0,0.0,,0.0
Erik Sabrowski,CLE,2026,28.0,36.0,0.0,0.0,0.0,0.0,0.0,0.0,0.0,0.0,0.0,0.0,0.0,,,0.0,0.0,0.0,,,,,,,,,,,,,0.0,0.0,0.0,,,,0.14285714,0.0,,0.0,0.0,,0.0
Kody Funderburk,MIN,2026,29.0,28.0,0.0,0.0,0.0,0.0,0.0,0.0,0.0,0.0,0.0,0.0,0.0,,,0.0,0.0,0.0,,,,,,,,,,,,,0.0,0.0,0.0,,,,0.14285714,0.0,,0.0,0.0,,0.0
Evan Sisk,PIT,2026,29.0,32.0,0.0,0.0,0.0,0.0,0.0,0.0,0.0,0.0,0.0,0.0,0.0,,,0.0,0.0,0.0,,,,,,,,,,,,,0.0,0.0,0.0,,,,0.14285714,0.0,,0.0,0.0,,0.0
Alex Vesia,LAD,2026,30.0,45.0,0.0,0.0,0.0,0.0,0.0,0.0,0.0,0.0,0.0,0.0,0.0,,,0.0,0.0,0.0,,,,,,,,,,,,,0.0,0.0,0.0,,,,0.14285714,0.0,,0.0,0.0,,0.0
Jacob Lopez,ATH,2026,28.0,15.0,0.0,0.0,0.0,0.0,0.0,0.0,0.0,0.0,0.0,0.0,0.0,,,0.0,0.0,0.0,,,,,,,,,,,,,0.0,0.0,0.0,,,,0.14285714,0.0,,0.0,0.0,,0.0
Tim Herrin,CLE,2026,29.0,41.0,0.0,0.0,0.0,0.0,0.0,0.0,0.0,0.0,0.0,0.0,0.0,,,0.0,0.0,0.0,,,,,,,,,,,,,0.0,0.0,0.0,,,,0.14285714,0.0,,0.0,0.0,,0.0
Yaramil Hiraldo,BAL,2026,30.0,3.0,0.0,0.0,0.0,0.0,0.0,0.0,0.0,0.0,0.0,0.0,0.0,,,0.0,0.0,0.0,,,,,,,,,,,,,0.0,0.0,0.0,,,,0.14285714,0.0,,0.0,0.0,,0.0
Domingo Gonzalez,SEA,2026,26.0,5.0,0.0,0.0,0.0,0.0,0.0,0.0,0.0,0.0,0.0,0.0,0.0,,,0.0,0.0,0.0,,,,,,,,,,,,,0.0,0.0,0.0,,,,0.14285714,0.0,,0.0,0.0,,0.0
Peyton Gray,TEX,2026,31.0,29.0,0.0,0.0,0.0,0.0,0.0,0.0,0.0,0.0,0.0,0.0,0.0,,,0.0,0.0,0.0,,,,,,,,,,,,,0.0,0.0,0.0,,,,0.14285714,0.0,,0.0,0.0,,0.0
Roddery Munoz,HOU,2026,26.0,3.0,0.0,0.0,0.0,0.0,0.0,0.0,0.0,0.0,0.0,0.0,0.0,,,0.0,0.0,0.0,,,,,,,,,,,,,0.0,0.0,0.0,,,,0.14285714,0.0,,0.0,0.0,,0.0
Abner Uribe,MIL,2026,26.0,41.0,0.0,0.0,0.0,0.0,0.0,0.0,0.0,0.0,0.0,0.0,0.0,,,0.0,0.0,0.0,,,,,,,,,,,,,0.0,0.0,0.0,,,,0.14285714,0.0,,0.0,0.0,,0.0
Nick Mears,KCR,2026,29.0,21.0,0.0,0.0,0.0,0.0,0.0,0.0,0.0,0.0,0.0,0.0,0.0,,,0.0,0.0,0.0,,,,,,,,,,,,,0.0,0.0,0.0,,,,0.14285714,0.0,,0.0,0.0,,0.0
Brady Singer,CIN,2026,29.0,19.0,0.0,0.0,0.0,0.0,0.0,0.0,0.0,0.0,0.0,0.0,0.0,,,0.0,0.0,0.0,,,,,,,,,,,,,0.0,0.0,0.0,,,,0.14285714,0.0,,0.0,0.0,,0.0
Drew Rasmussen,TBR,2026,30.0,18.0,0.0,0.0,0.0,0.0,0.0,0.0,0.0,0.0,0.0,0.0,0.0,,,0.0,0.0,0.0,,,,,,,,,,,,,0.0,0.0,0.0,,,,0.14285714,0.0,,0.0,0.0,,0.0
Jhony Brito,SDP,2026,28.0,3.0,0.0,0.0,0.0,0.0,0.0,0.0,0.0,0.0,0.0,0.0,0.0,,,0.0,0.0,0.0,,,,,,,,,,,,,0.0,0.0,0.0,,,,0.14285714,0.0,,0.0,0.0,,0.0
Ryan Zeferjahn,LAA,2026,28.0,40.0,0.0,0.0,0.0,0.0,0.0,0.0,0.0,0.0,0.0,0.0,0.0,,,0.0,0.0,0.0,,,,,,,,,,,,,0.0,0.0,0.0,,,,0.14285714,0.0,,0.0,0.0,,0.0
Gavin Hollowell,CHC,2026,28.0,10.0,0.0,0.0,0.0,0.0,0.0,0.0,0.0,0.0,0.0,0.0,0.0,,,0.0,0.0,0.0,,,,,,,,,,,,,0.0,0.0,0.0,,,,0.14285714,0.0,,0.0,0.0,,0.0
George Kirby,SEA,2026,28.0,19.0,0.0,0.0,0.0,0.0,0.0,0.0,0.0,0.0,0.0,0.0,0.0,,,0.0,0.0,0.0,,,,,,,,,,,,,0.0,0.0,0.0,,,,0.14285714,0.0,,0.0,0.0,,0.0
Brandon Williamson,CIN,2026,28.0,6.0,0.0,0.0,0.0,0.0,0.0,0.0,0.0,0.0,0.0,0.0,0.0,,,0.0,0.0,0.0,,,,,,,,,,,,,0.0,0.0,0.0,,,,0.14285714,0.0,,0.0,0.0,,0.0
Chase Solesky,TBR,2026,28.0,1.0,0.0,0.0,0.0,0.0,0.0,0.0,0.0,0.0,0.0,0.0,0.0,,,0.0,0.0,0.0,,,,,,,,,,,,,0.0,0.0,0.0,,,,0.14285714,0.0,,0.0,0.0,,0.0
Joe La Sorsa,BOS,2026,28.0,1.0,0.0,0.0,0.0,0.0,0.0,0.0,0.0,0.0,0.0,0.0,0.0,,,0.0,0.0,0.0,,,,,,,,,,,,,0.0,0.0,0.0,,,,0.14285714,0.0,,0.0,0.0,,0.0
Paxton Schultz,WSN,2026,28.0,25.0,0.0,0.0,0.0,0.0,0.0,0.0,0.0,0.0,0.0,0.0,0.0,,,0.0,0.0,0.0,,,,,,,,,,,,,0.0,0.0,0.0,,,,0.14285714,0.0,,0.0,0.0,,0.0
Matt Waldron,SDP,2026,29.0,8.0,0.0,0.0,0.0,0.0,0.0,0.0,0.0,0.0,0.0,0.0,0.0,,,0.0,0.0,0.0,,,,,,,,,,,,,0.0,0.0,0.0,,,,0.14285714,0.0,,0.0,0.0,,0.0
Brady Basso,ATH,2026,28.0,6.0,0.0,0.0,0.0,0.0,0.0,0.0,0.0,0.0,0.0,0.0,0.0,,,0.0,0.0,0.0,,,,,,,,,,,,,0.0,0.0,0.0,,,,0.14285714,0.0,,0.0,0.0,,0.0
Sammy Peralta,COL,2026,28.0,2.0,0.0,0.0,0.0,0.0,0.0,0.0,0.0,0.0,0.0,0.0,0.0,,,0.0,0.0,0.0,,,,,,,,,,,,,0.0,0.0,0.0,,,,0.14285714,0.0,,0.0,0.0,,0.0
Adam Macko,TOR,2026,25.0,19.0,0.0,0.0,0.0,0.0,0.0,0.0,0.0,0.0,0.0,0.0,0.0,,,0.0,0.0,0.0,,,,,,,,,,,,,0.0,0.0,0.0,,,,0.14285714,0.0,,0.0,0.0,,0.0
Xzavion Curry,NYM,2026,27.0,4.0,0.0,0.0,0.0,0.0,0.0,0.0,0.0,0.0,0.0,0.0,0.0,,,0.0,0.0,0.0,,,,,,,,,,,,,0.0,0.0,0.0,,,,0.14285714,0.0,,0.0,0.0,,0.0
Luis Mey,CIN,2026,25.0,7.0,0.0,0.0,0.0,0.0,0.0,0.0,0.0,0.0,0.0,0.0,0.0,,,0.0,0.0,0.0,,,,,,,,,,,,,0.0,0.0,0.0,,,,0.14285714,0.0,,0.0,0.0,,0.0
Daniel Espino,CLE,2026,25.0,5.0,0.0,0.0,0.0,0.0,0.0,0.0,0.0,0.0,0.0,0.0,0.0,,,0.0,0.0,0.0,,,,,,,,,,,,,0.0,0.0,0.0,,,,0.14285714,0.0,,0.0,0.0,,0.0
Hunter Gaddis,CLE,2026,28.0,37.0,0.0,0.0,0.0,0.0,0.0,0.0,0.0,0.0,0.0,0.0,0.0,,,0.0,0.0,0.0,,,,,,,,,,,,,0.0,0.0,0.0,,,,0.14285714,0.0,,0.0,0.0,,0.0
Justin Slaten,BOS,2026,28.0,27.0,0.0,0.0,0.0,0.0,0.0,0.0,0.0,0.0,0.0,0.0,0.0,,,0.0,0.0,0.0,,,,,,,,,,,,,0.0,0.0,0.0,,,,0.14285714,0.0,,0.0,0.0,,0.0
Kevin Kelly,TBR,2026,28.0,42.0,0.0,0.0,0.0,0.0,0.0,0.0,0.0,0.0,0.0,0.0,0.0,,,0.0,0.0,0.0,,,,,,,,,,,,,0.0,0.0,0.0,,,,0.14285714,0.0,,0.0,0.0,,0.0
Zak Kent,- - -,2026,28.0,10.0,0.0,0.0,0.0,0.0,0.0,0.0,0.0,0.0,0.0,0.0,0.0,,,0.0,0.0,0.0,,,,,,,,,,,,,0.0,0.0,0.0,,,,0.14285714,0.0,,0.0,0.0,,0.0
Matt Brash,SEA,2026,28.0,20.0,0.0,0.0,0.0,0.0,0.0,0.0,0.0,0.0,0.0,0.0,0.0,,,0.0,0.0,0.0,,,,,,,,,,,,,0.0,0.0,0.0,,,,0.14285714,0.0,,0.0,0.0,,0.0
Anthony Nunez,BAL,2026,24.0,35.0,0.0,0.0,0.0,0.0,0.0,0.0,0.0,0.0,0.0,0.0,0.0,,,0.0,0.0,0.0,,,,,,,,,,,,,0.0,0.0,0.0,,,,0.14285714,0.0,,0.0,0.0,,0.0
Connor Thomas,ATL,2026,28.0,1.0,0.0,0.0,0.0,0.0,0.0,0.0,0.0,0.0,0.0,0.0,0.0,,,0.0,0.0,0.0,,,,,,,,,,,,,0.0,0.0,0.0,,,,0.14285714,0.0,,0.0,0.0,,0.0
Hunter Brown,HOU,2026,27.0,8.0,0.0,0.0,0.0,0.0,0.0,0.0,0.0,0.0,0.0,0.0,0.0,,,0.0,0.0,0.0,,,,,,,,,,,,,0.0,0.0,0.0,,,,0.14285714,0.0,,0.0,0.0,,0.0
Bryan King,HOU,2026,29.0,42.0,0.0,0.0,0.0,0.0,0.0,0.0,0.0,0.0,0.0,0.0,0.0,,,0.0,0.0,0.0,,,,,,,,,,,,,0.0,0.0,0.0,,,,0.14285714,0.0,,0.0,0.0,,0.0
Yennier Cano,BAL,2026,32.0,44.0,0.0,0.0,0.0,0.0,0.0,0.0,0.0,0.0,0.0,0.0,0.0,,,0.0,0.0,0.0,,,,,,,,,,,,,0.0,0.0,0.0,,,,0.14285714,0.0,,0.0,0.0,,0.0
Casey Legumina,- - -,2026,29.0,33.0,0.0,0.0,0.0,0.0,0.0,0.0,0.0,0.0,0.0,0.0,0.0,,,0.0,0.0,0.0,,,,,,,,,,,,,0.0,0.0,0.0,,,,0.14285714,0.0,,0.0,0.0,,0.0
Andrew Nardi,MIA,2026,27.0,25.0,0.0,0.0,0.0,0.0,0.0,0.0,0.0,0.0,0.0,0.0,0.0,,,0.0,0.0,0.0,,,,,,,,,,,,,0.0,0.0,0.0,,,,0.14285714,0.0,,0.0,0.0,,0.0
Josh Simpson,SEA,2026,28.0,4.0,0.0,0.0,0.0,0.0,0.0,0.0,0.0,0.0,0.0,0.0,0.0,,,0.0,0.0,0.0,,,,,,,,,,,,,0.0,0.0,0.0,,,,0.14285714,0.0,,0.0,0.0,,0.0
Seth Johnson,PHI,2026,27.0,13.0,0.0,0.0,0.0,0.0,0.0,0.0,0.0,0.0,0.0,0.0,0.0,,,0.0,0.0,0.0,,,,,,,,,,,,,0.0,0.0,0.0,,,,0.14285714,0.0,,0.0,0.0,,0.0
Beau Brieske,DET,2026,28.0,8.0,0.0,0.0,0.0,0.0,0.0,0.0,0.0,0.0,0.0,0.0,0.0,,,0.0,0.0,0.0,,,,,,,,,,,,,0.0,0.0,0.0,,,,0.14285714,0.0,,0.0,0.0,,0.0
Andre Pallante,STL,2026,27.0,19.0,0.0,0.0,0.0,0.0,0.0,0.0,0.0,0.0,0.0,0.0,0.0,,,0.0,0.0,0.0,,,,,,,,,,,,,0.0,0.0,0.0,,,,0.14285714,0.0,,0.0,0.0,,0.0
Blas Castano,COL,2026,27.0,10.0,0.0,0.0,0.0,0.0,0.0,0.0,0.0,0.0,0.0,0.0,0.0,,,0.0,0.0,0.0,,,,,,,,,,,,,0.0,0.0,0.0,,,,0.14285714,0.0,,0.0,0.0,,0.0
Kade Strowd,ARI,2026,28.0,1.0,0.0,0.0,0.0,0.0,0.0,0.0,0.0,0.0,0.0,0.0,0.0,,,0.0,0.0,0.0,,,,,,,,,,,,,0.0,0.0,0.0,,,,0.14285714,0.0,,0.0,0.0,,0.0
Caleb Kilian,SFG,2026,29.0,40.0,0.0,0.0,0.0,0.0,0.0,0.0,0.0,0.0,0.0,0.0,0.0,,,0.0,0.0,0.0,,,,,,,,,,,,,0.0,0.0,0.0,,,,0.14285714,0.0,,0.0,0.0,,0.0
Chris Murphy,CHW,2026,28.0,22.0,0.0,0.0,0.0,0.0,0.0,0.0,0.0,0.0,0.0,0.0,0.0,,,0.0,0.0,0.0,,,,,,,,,,,,,0.0,0.0,0.0,,,,0.14285714,0.0,,0.0,0.0,,0.0
Jackson Rutledge,WSN,2026,27.0,1.0,0.0,0.0,0.0,0.0,0.0,0.0,0.0,0.0,0.0,0.0,0.0,,,0.0,0.0,0.0,,,,,,,,,,,,,0.0,0.0,0.0,,,,0.14285714,0.0,,0.0,0.0,,0.0
Alec Gamboa,BOS,2026,29.0,5.0,0.0,0.0,0.0,0.0,0.0,0.0,0.0,0.0,0.0,0.0,0.0,,,0.0,0.0,0.0,,,,,,,,,,,,,0.0,0.0,0.0,,,,0.14285714,0.0,,0.0,0.0,,0.0
Tyler Holton,DET,2026,30.0,42.0,0.0,0.0,0.0,0.0,0.0,0.0,0.0,0.0,0.0,0.0,0.0,,,0.0,0.0,0.0,,,,,,,,,,,,,0.0,0.0,0.0,,,,0.14285714,0.0,,0.0,0.0,,0.0
Orlando Ribalta,WSN,2026,28.0,30.0,0.0,0.0,0.0,0.0,0.0,0.0,0.0,0.0,0.0,0.0,0.0,,,0.0,0.0,0.0,,,,,,,,,,,,,0.0,0.0,0.0,,,,0.14285714,0.0,,0.0,0.0,,0.0
Erik Miller,SFG,2026,28.0,33.0,0.0,0.0,0.0,0.0,0.0,0.0,0.0,0.0,0.0,0.0,0.0,,,0.0,0.0,0.0,,,,,,,,,,,,,0.0,0.0,0.0,,,,0.14285714,0.0,,0.0,0.0,,0.0
Ryne Nelson,ARI,2026,28.0,15.0,0.0,0.0,0.0,0.0,0.0,0.0,0.0,0.0,0.0,0.0,0.0,,,0.0,0.0,0.0,,,,,,,,,,,,,0.0,0.0,0.0,,,,0.14285714,0.0,,0.0,0.0,,0.0
Joey Estes,ATH,2026,24.0,1.0,0.0,0.0,0.0,0.0,0.0,0.0,0.0,0.0,0.0,0.0,0.0,,,0.0,0.0,0.0,,,,,,,,,,,,,0.0,0.0,0.0,,,,0.14285714,0.0,,0.0,0.0,,0.0
Hunter Bigge,TBR,2026,28.0,18.0,0.0,0.0,0.0,0.0,0.0,0.0,0.0,0.0,0.0,0.0,0.0,,,0.0,0.0,0.0,,,,,,,,,,,,,0.0,0.0,0.0,,,,0.14285714,0.0,,0.0,0.0,,0.0
Drey Jameson,ARI,2026,28.0,11.0,0.0,0.0,0.0,0.0,0.0,0.0,0.0,0.0,0.0,0.0,0.0,,,0.0,0.0,0.0,,,,,,,,,,,,,0.0,0.0,0.0,,,,0.14285714,0.0,,0.0,0.0,,0.0
Taylor Rashi,ARI,2026,30.0,3.0,0.0,0.0,0.0,0.0,0.0,0.0,0.0,0.0,0.0,0.0,0.0,,,0.0,0.0,0.0,,,,,,,,,,,,,0.0,0.0,0.0,,,,0.14285714,0.0,,0.0,0.0,,0.0
Gavin Collyer,TEX,2026,25.0,23.0,0.0,0.0,0.0,0.0,0.0,0.0,0.0,0.0,0.0,0.0,0.0,,,0.0,0.0,0.0,,,,,,,,,,,,,0.0,0.0,0.0,,,,0.14285714,0.0,,0.0,0.0,,0.0
Nick Lodolo,CIN,2026,28.0,12.0,0.0,0.0,0.0,0.0,0.0,0.0,0.0,0.0,0.0,0.0,0.0,,,0.0,0.0,0.0,,,,,,,,,,,,,0.0,0.0,0.0,,,,0.14285714,0.0,,0.0,0.0,,0.0
Ben Peoples,TEX,2026,25.0,6.0,0.0,0.0,0.0,0.0,0.0,0.0,0.0,0.0,0.0,0.0,0.0,,,0.0,0.0,0.0,,,,,,,,,,,,,0.0,0.0,0.0,,,,0.14285714,0.0,,0.0,0.0,,0.0
Alek Manoah,LAA,2026,28.0,3.0,0.0,0.0,0.0,0.0,0.0,0.0,0.0,0.0,0.0,0.0,0.0,,,0.0,0.0,0.0,,,,,,,,,,,,,0.0,0.0,0.0,,,,0.14285714,0.0,,0.0,0.0,,0.0
Cody Laweryson,MIN,2026,28.0,15.0,0.0,0.0,0.0,0.0,0.0,0.0,0.0,0.0,0.0,0.0,0.0,,,0.0,0.0,0.0,,,,,,,,,,,,,0.0,0.0,0.0,,,,0.14285714,0.0,,0.0,0.0,,0.0
Ryan Gusto,MIA,2026,27.0,10.0,0.0,0.0,0.0,0.0,0.0,0.0,0.0,0.0,0.0,0.0,0.0,,,0.0,0.0,0.0,,,,,,,,,,,,,0.0,0.0,0.0,,,,0.14285714,0.0,,0.0,0.0,,0.0
Sam Aldegheri,LAA,2026,24.0,9.0,0.0,0.0,0.0,0.0,0.0,0.0,0.0,0.0,0.0,0.0,0.0,,,0.0,0.0,0.0,,,,,,,,,,,,,0.0,0.0,0.0,,,,0.14285714,0.0,,0.0,0.0,,0.0
Trevor McDonald,SFG,2026,25.0,14.0,0.0,0.0,0.0,0.0,0.0,0.0,0.0,0.0,0.0,0.0,0.0,,,0.0,0.0,0.0,,,,,,,,,,,,,0.0,0.0,0.0,,,,0.14285714,0.0,,0.0,0.0,,0.0
Jayden Murray,- - -,2026,29.0,10.0,0.0,0.0,0.0,0.0,0.0,0.0,0.0,0.0,0.0,0.0,0.0,,,0.0,0.0,0.0,,,,,,,,,,,,,0.0,0.0,0.0,,,,0.14285714,0.0,,0.0,0.0,,0.0
Angel Chivilli,NYY,2026,23.0,8.0,0.0,0.0,0.0,0.0,0.0,0.0,0.0,0.0,0.0,0.0,0.0,,,0.0,0.0,0.0,,,,,,,,,,,,,0.0,0.0,0.0,,,,0.14285714,0.0,,0.0,0.0,,0.0
Edgardo Henriquez,LAD,2026,24.0,38.0,0.0,0.0,0.0,0.0,0.0,0.0,0.0,0.0,0.0,0.0,0.0,,,0.0,0.0,0.0,,,,,,,,,,,,,0.0,0.0,0.0,,,,0.14285714,0.0,,0.0,0.0,,0.0
Anthony Molina,ATL,2026,24.0,3.0,0.0,0.0,0.0,0.0,0.0,0.0,0.0,0.0,0.0,0.0,0.0,,,0.0,0.0,0.0,,,,,,,,,,,,,0.0,0.0,0.0,,,,0.14285714,0.0,,0.0,0.0,,0.0
Jose Franco,CIN,2026,25.0,9.0,0.0,0.0,0.0,0.0,0.0,0.0,0.0,0.0,0.0,0.0,0.0,,,0.0,0.0,0.0,,,,,,,,,,,,,0.0,0.0,0.0,,,,0.14285714,0.0,,0.0,0.0,,0.0
Juan Burgos,ARI,2026,26.0,2.0,0.0,0.0,0.0,0.0,0.0,0.0,0.0,0.0,0.0,0.0,0.0,,,0.0,0.0,0.0,,,,,,,,,,,,,0.0,0.0,0.0,,,,0.14285714,0.0,,0.0,0.0,,0.0
Rolddy Munoz,ATL,2026,26.0,1.0,0.0,0.0,0.0,0.0,0.0,0.0,0.0,0.0,0.0,0.0,0.0,,,0.0,0.0,0.0,,,,,,,,,,,,,0.0,0.0,0.0,,,,0.14285714,0.0,,0.0,0.0,,0.0
Garrett Crochet,BOS,2026,27.0,6.0,0.0,0.0,0.0,0.0,0.0,0.0,0.0,0.0,0.0,0.0,0.0,,,0.0,0.0,0.0,,,,,,,,,,,,,0.0,0.0,0.0,,,,0.14285714,0.0,,0.0,0.0,,0.0
Reid Detmers,LAA,2026,26.0,20.0,0.0,0.0,0.0,0.0,0.0,0.0,0.0,0.0,0.0,0.0,0.0,,,0.0,0.0,0.0,,,,,,,,,,,,,0.0,0.0,0.0,,,,0.14285714,0.0,,0.0,0.0,,0.0
Emerson Hancock,SEA,2026,27.0,18.0,0.0,0.0,0.0,0.0,0.0,0.0,0.0,0.0,0.0,0.0,0.0,,,0.0,0.0,0.0,,,,,,,,,,,,,0.0,0.0,0.0,,,,0.14285714,0.0,,0.0,0.0,,0.0
Jared Shuster,STL,2026,27.0,5.0,0.0,0.0,0.0,0.0,0.0,0.0,0.0,0.0,0.0,0.0,0.0,,,0.0,0.0,0.0,,,,,,,,,,,,,0.0,0.0,0.0,,,,0.14285714,0.0,,0.0,0.0,,0.0
Cade Cavalli,WSN,2026,27.0,21.0,0.0,0.0,0.0,0.0,0.0,0.0,0.0,0.0,0.0,0.0,0.0,,,0.0,0.0,0.0,,,,,,,,,,,,,0.0,0.0,0.0,,,,0.14285714,0.0,,0.0,0.0,,0.0
Max Meyer,MIA,2026,27.0,20.0,0.0,0.0,0.0,0.0,0.0,0.0,0.0,0.0,0.0,0.0,0.0,,,0.0,0.0,0.0,,,,,,,,,,,,,0.0,0.0,0.0,,,,0.14285714,0.0,,0.0,0.0,,0.0
Cole Wilcox,SEA,2026,26.0,16.0,0.0,0.0,0.0,0.0,0.0,0.0,0.0,0.0,0.0,0.0,0.0,,,0.0,0.0,0.0,,,,,,,,,,,,,0.0,0.0,0.0,,,,0.14285714,0.0,,0.0,0.0,,0.0
Garrett Stallings,MIL,2026,28.0,2.0,0.0,0.0,0.0,0.0,0.0,0.0,0.0,0.0,0.0,0.0,0.0,,,0.0,0.0,0.0,,,,,,,,,,,,,0.0,0.0,0.0,,,,0.14285714,0.0,,0.0,0.0,,0.0
Landon Knack,LAD,2026,28.0,2.0,0.0,0.0,0.0,0.0,0.0,0.0,0.0,0.0,0.0,0.0,0.0,,,0.0,0.0,0.0,,,,,,,,,,,,,0.0,0.0,0.0,,,,0.14285714,0.0,,0.0,0.0,,0.0
Clayton Beeter,WSN,2026,27.0,30.0,0.0,0.0,0.0,0.0,0.0,0.0,0.0,0.0,0.0,0.0,0.0,,,0.0,0.0,0.0,,,,,,,,,,,,,0.0,0.0,0.0,,,,0.14285714,0.0,,0.0,0.0,,0.0
Spencer Strider,ATL,2026,27.0,8.0,0.0,0.0,0.0,0.0,0.0,0.0,0.0,0.0,0.0,0.0,0.0,,,0.0,0.0,0.0,,,,,,,,,,,,,0.0,0.0,0.0,,,,0.14285714,0.0,,0.0,0.0,,0.0
Slade Cecconi,CLE,2026,27.0,19.0,0.0,0.0,0.0,0.0,0.0,0.0,0.0,0.0,0.0,0.0,0.0,,,0.0,0.0,0.0,,,,,,,,,,,,,0.0,0.0,0.0,,,,0.14285714,0.0,,0.0,0.0,,0.0
Kyle Hurt,LAD,2026,28.0,33.0,0.0,0.0,0.0,0.0,0.0,0.0,0.0,0.0,0.0,0.0,0.0,,,0.0,0.0,0.0,,,,,,,,,,,,,0.0,0.0,0.0,,,,0.14285714,0.0,,0.0,0.0,,0.0
Jared Koenig,MIL,2026,32.0,9.0,0.0,0.0,0.0,0.0,0.0,0.0,0.0,0.0,0.0,0.0,0.0,,,0.0,0.0,0.0,,,,,,,,,,,,,0.0,0.0,0.0,,,,0.14285714,0.0,,0.0,0.0,,0.0
Graham Ashcraft,CIN,2026,28.0,26.0,0.0,0.0,0.0,0.0,0.0,0.0,0.0,0.0,0.0,0.0,0.0,,,0.0,0.0,0.0,,,,,,,,,,,,,0.0,0.0,0.0,,,,0.14285714,0.0,,0.0,0.0,,0.0
TJ Shook,COL,2026,28.0,4.0,0.0,0.0,0.0,0.0,0.0,0.0,0.0,0.0,0.0,0.0,0.0,,,0.0,0.0,0.0,,,,,,,,,,,,,0.0,0.0,0.0,,,,0.14285714,0.0,,0.0,0.0,,0.0
CJ Van Eyk,TOR,2026,27.0,1.0,0.0,0.0,0.0,0.0,0.0,0.0,0.0,0.0,0.0,0.0,0.0,,,0.0,0.0,0.0,,,,,,,,,,,,,0.0,0.0,0.0,,,,0.14285714,0.0,,0.0,0.0,,0.0
Cole Henry,WSN,2026,26.0,11.0,0.0,0.0,0.0,0.0,0.0,0.0,0.0,0.0,0.0,0.0,0.0,,,0.0,0.0,0.0,,,,,,,,,,,,,0.0,0.0,0.0,,,,0.14285714,0.0,,0.0,0.0,,0.0
Carmen Mlodzinski,PIT,2026,27.0,21.0,0.0,0.0,0.0,0.0,0.0,0.0,0.0,0.0,0.0,0.0,0.0,,,0.0,0.0,0.0,,,,,,,,,,,,,0.0,0.0,0.0,,,,0.14285714,0.0,,0.0,0.0,,0.0
Garrett Acton,MIN,2026,28.0,4.0,0.0,0.0,0.0,0.0,0.0,0.0,0.0,0.0,0.0,0.0,0.0,,,0.0,0.0,0.0,,,,,,,,,,,,,0.0,0.0,0.0,,,,0.14285714,0.0,,0.0,0.0,,0.0
Logan Allen,CLE,2026,27.0,2.0,0.0,0.0,0.0,0.0,0.0,0.0,0.0,0.0,0.0,0.0,0.0,,,0.0,0.0,0.0,,,,,,,,,,,,,0.0,0.0,0.0,,,,0.14285714,0.0,,0.0,0.0,,0.0
Jake Eder,LAD,2026,27.0,4.0,0.0,0.0,0.0,0.0,0.0,0.0,0.0,0.0,0.0,0.0,0.0,,,0.0,0.0,0.0,,,,,,,,,,,,,0.0,0.0,0.0,,,,0.14285714,0.0,,0.0,0.0,,0.0
Jeff Criswell,COL,2026,27.0,3.0,0.0,0.0,0.0,0.0,0.0,0.0,0.0,0.0,0.0,0.0,0.0,,,0.0,0.0,0.0,,,,,,,,,,,,,0.0,0.0,0.0,,,,0.14285714,0.0,,0.0,0.0,,0.0
Eric Orze,MIN,2026,28.0,36.0,0.0,0.0,0.0,0.0,0.0,0.0,0.0,0.0,0.0,0.0,0.0,,,0.0,0.0,0.0,,,,,,,,,,,,,0.0,0.0,0.0,,,,0.14285714,0.0,,0.0,0.0,,0.0
Mitchell Parker,WSN,2026,26.0,22.0,0.0,0.0,0.0,0.0,0.0,0.0,0.0,0.0,0.0,0.0,0.0,,,0.0,0.0,0.0,,,,,,,,,,,,,0.0,0.0,0.0,,,,0.14285714,0.0,,0.0,0.0,,0.0
Connor Phillips,CIN,2026,25.0,25.0,0.0,0.0,0.0,0.0,0.0,0.0,0.0,0.0,0.0,0.0,0.0,,,0.0,0.0,0.0,,,,,,,,,,,,,0.0,0.0,0.0,,,,0.14285714,0.0,,0.0,0.0,,0.0
Christian Roa,HOU,2026,27.0,7.0,0.0,0.0,0.0,0.0,0.0,0.0,0.0,0.0,0.0,0.0,0.0,,,0.0,0.0,0.0,,,,,,,,,,,,,0.0,0.0,0.0,,,,0.14285714,0.0,,0.0,0.0,,0.0
Zach McCambley,CIN,2026,27.0,4.0,0.0,0.0,0.0,0.0,0.0,0.0,0.0,0.0,0.0,0.0,0.0,,,0.0,0.0,0.0,,,,,,,,,,,,,0.0,0.0,0.0,,,,0.14285714,0.0,,0.0,0.0,,0.0
Brandon Eisert,- - -,2026,28.0,29.0,0.0,0.0,0.0,0.0,0.0,0.0,0.0,0.0,0.0,0.0,0.0,,,0.0,0.0,0.0,,,,,,,,,,,,,0.0,0.0,0.0,,,,0.14285714,0.0,,0.0,0.0,,0.0
Tanner Gordon,COL,2026,28.0,13.0,0.0,0.0,0.0,0.0,0.0,0.0,0.0,0.0,0.0,0.0,0.0,,,0.0,0.0,0.0,,,,,,,,,,,,,0.0,0.0,0.0,,,,0.14285714,0.0,,0.0,0.0,,0.0
Ken Waldichuk,WSN,2026,28.0,5.0,0.0,0.0,0.0,0.0,0.0,0.0,0.0,0.0,0.0,0.0,0.0,,,0.0,0.0,0.0,,,,,,,,,,,,,0.0,0.0,0.0,,,,0.14285714,0.0,,0.0,0.0,,0.0
Jack Kochanowicz,LAA,2026,25.0,13.0,0.0,0.0,0.0,0.0,0.0,0.0,0.0,0.0,0.0,0.0,0.0,,,0.0,0.0,0.0,,,,,,,,,,,,,0.0,0.0,0.0,,,,0.14285714,0.0,,0.0,0.0,,0.0
Louie Varland,TOR,2026,28.0,45.0,0.0,0.0,0.0,0.0,0.0,0.0,0.0,0.0,0.0,0.0,0.0,,,0.0,0.0,0.0,,,,,,,,,,,,,0.0,0.0,0.0,,,,0.14285714,0.0,,0.0,0.0,,0.0
Justin Sterner,ATH,2026,29.0,46.0,0.0,0.0,0.0,0.0,0.0,0.0,0.0,0.0,0.0,0.0,0.0,,,0.0,0.0,0.0,,,,,,,,,,,,,0.0,0.0,0.0,,,,0.14285714,0.0,,0.0,0.0,,0.0
Brent Headrick,NYY,2026,28.0,50.0,0.0,0.0,0.0,0.0,0.0,0.0,0.0,0.0,0.0,0.0,0.0,,,0.0,0.0,0.0,,,,,,,,,,,,,0.0,0.0,0.0,,,,0.14285714,0.0,,0.0,0.0,,0.0
Mitch Spence,KCR,2026,28.0,3.0,0.0,0.0,0.0,0.0,0.0,0.0,0.0,0.0,0.0,0.0,0.0,,,0.0,0.0,0.0,,,,,,,,,,,,,0.0,0.0,0.0,,,,0.14285714,0.0,,0.0,0.0,,0.0
Nick Davila,SEA,2026,27.0,19.0,0.0,0.0,0.0,0.0,0.0,0.0,0.0,0.0,0.0,0.0,0.0,,,0.0,0.0,0.0,,,,,,,,,,,,,0.0,0.0,0.0,,,,0.14285714,0.0,,0.0,0.0,,0.0
Mick Abel,MIN,2026,24.0,4.0,0.0,0.0,0.0,0.0,0.0,0.0,0.0,0.0,0.0,0.0,0.0,,,0.0,0.0,0.0,,,,,,,,,,,,,0.0,0.0,0.0,,,,0.14285714,0.0,,0.0,0.0,,0.0
Dax Fulton,MIA,2026,24.0,4.0,0.0,0.0,0.0,0.0,0.0,0.0,0.0,0.0,0.0,0.0,0.0,,,0.0,0.0,0.0,,,,,,,,,,,,,0.0,0.0,0.0,,,,0.14285714,0.0,,0.0,0.0,,0.0
Kyle Harrison,MIL,2026,24.0,17.0,0.0,0.0,0.0,0.0,0.0,0.0,0.0,0.0,0.0,0.0,0.0,,,0.0,0.0,0.0,,,,,,,,,,,,,0.0,0.0,0.0,,,,0.14285714,0.0,,0.0,0.0,,0.0
Eury Perez,MIA,2026,23.0,17.0,0.0,0.0,0.0,0.0,0.0,0.0,0.0,0.0,0.0,0.0,0.0,,,0.0,0.0,0.0,,,,,,,,,,,,,0.0,0.0,0.0,,,,0.14285714,0.0,,0.0,0.0,,0.0
Kyle Nicolas,CIN,2026,27.0,7.0,0.0,0.0,0.0,0.0,0.0,0.0,0.0,0.0,0.0,0.0,0.0,,,0.0,0.0,0.0,,,,,,,,,,,,,0.0,0.0,0.0,,,,0.14285714,0.0,,0.0,0.0,,0.0
Bryce Elder,ATL,2026,27.0,19.0,0.0,0.0,0.0,0.0,0.0,0.0,0.0,0.0,0.0,0.0,0.0,,,0.0,0.0,0.0,,,,,,,,,,,,,0.0,0.0,0.0,,,,0.14285714,0.0,,0.0,0.0,,0.0
Brandon Pfaadt,ARI,2026,27.0,17.0,0.0,0.0,0.0,0.0,0.0,0.0,0.0,0.0,0.0,0.0,0.0,,,0.0,0.0,0.0,,,,,,,,,,,,,0.0,0.0,0.0,,,,0.14285714,0.0,,0.0,0.0,,0.0
Zach Brzykcy,MIA,2026,26.0,1.0,0.0,0.0,0.0,0.0,0.0,0.0,0.0,0.0,0.0,0.0,0.0,,,0.0,0.0,0.0,,,,,,,,,,,,,0.0,0.0,0.0,,,,0.14285714,0.0,,0.0,0.0,,0.0
Will Klein,LAD,2026,26.0,33.0,0.0,0.0,0.0,0.0,0.0,0.0,0.0,0.0,0.0,0.0,0.0,,,0.0,0.0,0.0,,,,,,,,,,,,,0.0,0.0,0.0,,,,0.14285714,0.0,,0.0,0.0,,0.0
Shane Drohan,MIL,2026,27.0,20.0,0.0,0.0,0.0,0.0,0.0,0.0,0.0,0.0,0.0,0.0,0.0,,,0.0,0.0,0.0,,,,,,,,,,,,,0.0,0.0,0.0,,,,0.14285714,0.0,,0.0,0.0,,0.0
Brandon Young,BAL,2026,27.0,16.0,0.0,0.0,0.0,0.0,0.0,0.0,0.0,0.0,0.0,0.0,0.0,,,0.0,0.0,0.0,,,,,,,,,,,,,0.0,0.0,0.0,,,,0.14285714,0.0,,0.0,0.0,,0.0
Ryan Watson,BOS,2026,28.0,32.0,0.0,0.0,0.0,0.0,0.0,0.0,0.0,0.0,0.0,0.0,0.0,,,0.0,0.0,0.0,,,,,,,,,,,,,0.0,0.0,0.0,,,,0.14285714,0.0,,0.0,0.0,,0.0
Jared Jones,PIT,2026,24.0,9.0,0.0,0.0,0.0,0.0,0.0,0.0,0.0,0.0,0.0,0.0,0.0,,,0.0,0.0,0.0,,,,,,,,,,,,,0.0,0.0,0.0,,,,0.14285714,0.0,,0.0,0.0,,0.0
Cade Smith,CLE,2026,27.0,43.0,0.0,0.0,0.0,0.0,0.0,0.0,0.0,0.0,0.0,0.0,0.0,,,0.0,0.0,0.0,,,,,,,,,,,,,0.0,0.0,0.0,,,,0.14285714,0.0,,0.0,0.0,,0.0
Beck Way,KCR,2026,26.0,18.0,0.0,0.0,0.0,0.0,0.0,0.0,0.0,0.0,0.0,0.0,0.0,,,0.0,0.0,0.0,,,,,,,,,,,,,0.0,0.0,0.0,,,,0.14285714,0.0,,0.0,0.0,,0.0
J.T. Ginn,ATH,2026,27.0,22.0,0.0,0.0,0.0,0.0,0.0,0.0,0.0,0.0,0.0,0.0,0.0,,,0.0,0.0,0.0,,,,,,,,,,,,,0.0,0.0,0.0,,,,0.14285714,0.0,,0.0,0.0,,0.0
Daniel Palencia,CHC,2026,26.0,19.0,0.0,0.0,0.0,0.0,0.0,0.0,0.0,0.0,0.0,0.0,0.0,,,0.0,0.0,0.0,,,,,,,,,,,,,0.0,0.0,0.0,,,,0.14285714,0.0,,0.0,0.0,,0.0
Coleman Crow,MIL,2026,25.0,5.0,0.0,0.0,0.0,0.0,0.0,0.0,0.0,0.0,0.0,0.0,0.0,,,0.0,0.0,0.0,,,,,,,,,,,,,0.0,0.0,0.0,,,,0.14285714,0.0,,0.0,0.0,,0.0
Ian Seymour,TBR,2026,27.0,34.0,0.0,0.0,0.0,0.0,0.0,0.0,0.0,0.0,0.0,0.0,0.0,,,0.0,0.0,0.0,,,,,,,,,,,,,0.0,0.0,0.0,,,,0.14285714,0.0,,0.0,0.0,,0.0
Jose Corniell,TEX,2026,23.0,2.0,0.0,0.0,0.0,0.0,0.0,0.0,0.0,0.0,0.0,0.0,0.0,,,0.0,0.0,0.0,,,,,,,,,,,,,0.0,0.0,0.0,,,,0.14285714,0.0,,0.0,0.0,,0.0
Emiliano Teodo,TEX,2026,25.0,1.0,0.0,0.0,0.0,0.0,0.0,0.0,0.0,0.0,0.0,0.0,0.0,,,0.0,0.0,0.0,,,,,,,,,,,,,0.0,0.0,0.0,,,,0.14285714,0.0,,0.0,0.0,,0.0
Luke Little,CHC,2026,25.0,1.0,0.0,0.0,0.0,0.0,0.0,0.0,0.0,0.0,0.0,0.0,0.0,,,0.0,0.0,0.0,,,,,,,,,,,,,0.0,0.0,0.0,,,,0.14285714,0.0,,0.0,0.0,,0.0
Eiberson Castellano,COL,2026,25.0,1.0,0.0,0.0,0.0,0.0,0.0,0.0,0.0,0.0,0.0,0.0,0.0,,,0.0,0.0,0.0,,,,,,,,,,,,,0.0,0.0,0.0,,,,0.14285714,0.0,,0.0,0.0,,0.0
Brandan Bidois,PIT,2026,25.0,15.0,0.0,0.0,0.0,0.0,0.0,0.0,0.0,0.0,0.0,0.0,0.0,,,0.0,0.0,0.0,,,,,,,,,,,,,0.0,0.0,0.0,,,,0.14285714,0.0,,0.0,0.0,,0.0
Winston Santos,TEX,2026,24.0,1.0,0.0,0.0,0.0,0.0,0.0,0.0,0.0,0.0,0.0,0.0,0.0,,,0.0,0.0,0.0,,,,,,,,,,,,,0.0,0.0,0.0,,,,0.14285714,0.0,,0.0,0.0,,0.0
Alimber Santa,HOU,2026,23.0,10.0,0.0,0.0,0.0,0.0,0.0,0.0,0.0,0.0,0.0,0.0,0.0,,,0.0,0.0,0.0,,,,,,,,,,,,,0.0,0.0,0.0,,,,0.14285714,0.0,,0.0,0.0,,0.0
Wilber Dotel,PIT,2026,23.0,10.0,0.0,0.0,0.0,0.0,0.0,0.0,0.0,0.0,0.0,0.0,0.0,,,0.0,0.0,0.0,,,,,,,,,,,,,0.0,0.0,0.0,,,,0.14285714,0.0,,0.0,0.0,,0.0
Antwone Kelly,PIT,2026,22.0,2.0,0.0,0.0,0.0,0.0,0.0,0.0,0.0,0.0,0.0,0.0,0.0,,,0.0,0.0,0.0,,,,,,,,,,,,,0.0,0.0,0.0,,,,0.14285714,0.0,,0.0,0.0,,0.0
Miguel Ullola,HOU,2026,24.0,2.0,0.0,0.0,0.0,0.0,0.0,0.0,0.0,0.0,0.0,0.0,0.0,,,0.0,0.0,0.0,,,,,,,,,,,,,0.0,0.0,0.0,,,,0.14285714,0.0,,0.0,0.0,,0.0
Bradgley Rodriguez,SDP,2026,22.0,39.0,0.0,0.0,0.0,0.0,0.0,0.0,0.0,0.0,0.0,0.0,0.0,,,0.0,0.0,0.0,,,,,,,,,,,,,0.0,0.0,0.0,,,,0.14285714,0.0,,0.0,0.0,,0.0
Jedixson Paez,CHW,2026,22.0,3.0,0.0,0.0,0.0,0.0,0.0,0.0,0.0,0.0,0.0,0.0,0.0,,,0.0,0.0,0.0,,,,,,,,,,,,,0.0,0.0,0.0,,,,0.14285714,0.0,,0.0,0.0,,0.0
Yilber Diaz,ARI,2026,25.0,1.0,0.0,0.0,0.0,0.0,0.0,0.0,0.0,0.0,0.0,0.0,0.0,,,0.0,0.0,0.0,,,,,,,,,,,,,0.0,0.0,0.0,,,,0.14285714,0.0,,0.0,0.0,,0.0
Welinton Herrera,COL,2026,22.0,3.0,0.0,0.0,0.0,0.0,0.0,0.0,0.0,0.0,0.0,0.0,0.0,,,0.0,0.0,0.0,,,,,,,,,,,,,0.0,0.0,0.0,,,,0.14285714,0.0,,0.0,0.0,,0.0
Walbert Urena,LAA,2026,22.0,17.0,0.0,0.0,0.0,0.0,0.0,0.0,0.0,0.0,0.0,0.0,0.0,,,0.0,0.0,0.0,,,,,,,,,,,,,0.0,0.0,0.0,,,,0.14285714,0.0,,0.0,0.0,,0.0
Kendry Rojas,MIN,2026,23.0,8.0,0.0,0.0,0.0,0.0,0.0,0.0,0.0,0.0,0.0,0.0,0.0,,,0.0,0.0,0.0,,,,,,,,,,,,,0.0,0.0,0.0,,,,0.14285714,0.0,,0.0,0.0,,0.0
Gordon Graceffo,STL,2026,26.0,41.0,0.0,0.0,0.0,0.0,0.0,0.0,0.0,0.0,0.0,0.0,0.0,,,0.0,0.0,0.0,,,,,,,,,,,,,0.0,0.0,0.0,,,,0.14285714,0.0,,0.0,0.0,,0.0
Andre Granillo,WSN,2026,26.0,8.0,0.0,0.0,0.0,0.0,0.0,0.0,0.0,0.0,0.0,0.0,0.0,,,0.0,0.0,0.0,,,,,,,,,,,,,0.0,0.0,0.0,,,,0.14285714,0.0,,0.0,0.0,,0.0
Chase Lee,TOR,2026,27.0,3.0,0.0,0.0,0.0,0.0,0.0,0.0,0.0,0.0,0.0,0.0,0.0,,,0.0,0.0,0.0,,,,,,,,,,,,,0.0,0.0,0.0,,,,0.14285714,0.0,,0.0,0.0,,0.0
Joe Boyle,TBR,2026,26.0,3.0,0.0,0.0,0.0,0.0,0.0,0.0,0.0,0.0,0.0,0.0,0.0,,,0.0,0.0,0.0,,,,,,,,,,,,,0.0,0.0,0.0,,,,0.14285714,0.0,,0.0,0.0,,0.0
Kyle Backhus,PHI,2026,28.0,17.0,0.0,0.0,0.0,0.0,0.0,0.0,0.0,0.0,0.0,0.0,0.0,,,0.0,0.0,0.0,,,,,,,,,,,,,0.0,0.0,0.0,,,,0.14285714,0.0,,0.0,0.0,,0.0
Alek Jacob,SDP,2026,28.0,3.0,0.0,0.0,0.0,0.0,0.0,0.0,0.0,0.0,0.0,0.0,0.0,,,0.0,0.0,0.0,,,,,,,,,,,,,0.0,0.0,0.0,,,,0.14285714,0.0,,0.0,0.0,,0.0
Matt Svanson,STL,2026,27.0,37.0,0.0,0.0,0.0,0.0,0.0,0.0,0.0,0.0,0.0,0.0,0.0,,,0.0,0.0,0.0,,,,,,,,,,,,,0.0,0.0,0.0,,,,0.14285714,0.0,,0.0,0.0,,0.0
Andrew Hoffmann,ARI,2026,26.0,8.0,0.0,0.0,0.0,0.0,0.0,0.0,0.0,0.0,0.0,0.0,0.0,,,0.0,0.0,0.0,,,,,,,,,,,,,0.0,0.0,0.0,,,,0.14285714,0.0,,0.0,0.0,,0.0
Hayden Juenger,TOR,2026,25.0,2.0,0.0,0.0,0.0,0.0,0.0,0.0,0.0,0.0,0.0,0.0,0.0,,,0.0,0.0,0.0,,,,,,,,,,,,,0.0,0.0,0.0,,,,0.14285714,0.0,,0.0,0.0,,0.0
Sam Bachman,LAA,2026,26.0,37.0,0.0,0.0,0.0,0.0,0.0,0.0,0.0,0.0,0.0,0.0,0.0,,,0.0,0.0,0.0,,,,,,,,,,,,,0.0,0.0,0.0,,,,0.14285714,0.0,,0.0,0.0,,0.0
Mason Montgomery,PIT,2026,26.0,40.0,0.0,0.0,0.0,0.0,0.0,0.0,0.0,0.0,0.0,0.0,0.0,,,0.0,0.0,0.0,,,,,,,,,,,,,0.0,0.0,0.0,,,,0.14285714,0.0,,0.0,0.0,,0.0
Robert Gasser,MIL,2026,27.0,10.0,0.0,0.0,0.0,0.0,0.0,0.0,0.0,0.0,0.0,0.0,0.0,,,0.0,0.0,0.0,,,,,,,,,,,,,0.0,0.0,0.0,,,,0.14285714,0.0,,0.0,0.0,,0.0
Brett Kerry,LAA,2026,27.0,1.0,0.0,0.0,0.0,0.0,0.0,0.0,0.0,0.0,0.0,0.0,0.0,,,0.0,0.0,0.0,,,,,,,,,,,,,0.0,0.0,0.0,,,,0.14285714,0.0,,0.0,0.0,,0.0
Bryce Miller,SEA,2026,27.0,11.0,0.0,0.0,0.0,0.0,0.0,0.0,0.0,0.0,0.0,0.0,0.0,,,0.0,0.0,0.0,,,,,,,,,,,,,0.0,0.0,0.0,,,,0.14285714,0.0,,0.0,0.0,,0.0
Emmet Sheehan,LAD,2026,26.0,18.0,0.0,0.0,0.0,0.0,0.0,0.0,0.0,0.0,0.0,0.0,0.0,,,0.0,0.0,0.0,,,,,,,,,,,,,0.0,0.0,0.0,,,,0.14285714,0.0,,0.0,0.0,,0.0
Chayce McDermott,LAD,2026,27.0,2.0,0.0,0.0,0.0,0.0,0.0,0.0,0.0,0.0,0.0,0.0,0.0,,,0.0,0.0,0.0,,,,,,,,,,,,,0.0,0.0,0.0,,,,0.14285714,0.0,,0.0,0.0,,0.0
Bubba Chandler,PIT,2026,23.0,19.0,0.0,0.0,0.0,0.0,0.0,0.0,0.0,0.0,0.0,0.0,0.0,,,0.0,0.0,0.0,,,,,,,,,,,,,0.0,0.0,0.0,,,,0.14285714,0.0,,0.0,0.0,,0.0
Michael McGreevy,STL,2026,25.0,19.0,0.0,0.0,0.0,0.0,0.0,0.0,0.0,0.0,0.0,0.0,0.0,,,0.0,0.0,0.0,,,,,,,,,,,,,0.0,0.0,0.0,,,,0.14285714,0.0,,0.0,0.0,,0.0
Sean Burke,CHW,2026,26.0,20.0,0.0,0.0,0.0,0.0,0.0,0.0,0.0,0.0,0.0,0.0,0.0,,,0.0,0.0,0.0,,,,,,,,,,,,,0.0,0.0,0.0,,,,0.14285714,0.0,,0.0,0.0,,0.0
Andrew Abbott,CIN,2026,27.0,21.0,0.0,0.0,0.0,0.0,0.0,0.0,0.0,0.0,0.0,0.0,0.0,,,0.0,0.0,0.0,,,,,,,,,,,,,0.0,0.0,0.0,,,,0.14285714,0.0,,0.0,0.0,,0.0
Andrew Alvarez,WSN,2026,27.0,14.0,0.0,0.0,0.0,0.0,0.0,0.0,0.0,0.0,0.0,0.0,0.0,,,0.0,0.0,0.0,,,,,,,,,,,,,0.0,0.0,0.0,,,,0.14285714,0.0,,0.0,0.0,,0.0
Spencer Arrighetti,HOU,2026,26.0,16.0,0.0,0.0,0.0,0.0,0.0,0.0,0.0,0.0,0.0,0.0,0.0,,,0.0,0.0,0.0,,,,,,,,,,,,,0.0,0.0,0.0,,,,0.14285714,0.0,,0.0,0.0,,0.0
Dylan Dodd,ATL,2026,28.0,24.0,0.0,0.0,0.0,0.0,0.0,0.0,0.0,0.0,0.0,0.0,0.0,,,0.0,0.0,0.0,,,,,,,,,,,,,0.0,0.0,0.0,,,,0.14285714,0.0,,0.0,0.0,,0.0
Riley Martin,CHC,2026,28.0,8.0,0.0,0.0,0.0,0.0,0.0,0.0,0.0,0.0,0.0,0.0,0.0,,,0.0,0.0,0.0,,,,,,,,,,,,,0.0,0.0,0.0,,,,0.14285714,0.0,,0.0,0.0,,0.0
Jordan Leasure,CHW,2026,27.0,18.0,0.0,0.0,0.0,0.0,0.0,0.0,0.0,0.0,0.0,0.0,0.0,,,0.0,0.0,0.0,,,,,,,,,,,,,0.0,0.0,0.0,,,,0.14285714,0.0,,0.0,0.0,,0.0
Tyler Uberstine,BOS,2026,27.0,1.0,0.0,0.0,0.0,0.0,0.0,0.0,0.0,0.0,0.0,0.0,0.0,,,0.0,0.0,0.0,,,,,,,,,,,,,0.0,0.0,0.0,,,,0.14285714,0.0,,0.0,0.0,,0.0
Mitch Bratt,ARI,2026,22.0,3.0,0.0,0.0,0.0,0.0,0.0,0.0,0.0,0.0,0.0,0.0,0.0,,,0.0,0.0,0.0,,,,,,,,,,,,,0.0,0.0,0.0,,,,0.14285714,0.0,,0.0,0.0,,0.0
Joe Rock,CHW,2026,25.0,4.0,0.0,0.0,0.0,0.0,0.0,0.0,0.0,0.0,0.0,0.0,0.0,,,0.0,0.0,0.0,,,,,,,,,,,,,0.0,0.0,0.0,,,,0.14285714,0.0,,0.0,0.0,,0.0
Cade Povich,BAL,2026,26.0,4.0,0.0,0.0,0.0,0.0,0.0,0.0,0.0,0.0,0.0,0.0,0.0,,,0.0,0.0,0.0,,,,,,,,,,,,,0.0,0.0,0.0,,,,0.14285714,0.0,,0.0,0.0,,0.0
Will Dion,CLE,2026,26.0,8.0,0.0,0.0,0.0,0.0,0.0,0.0,0.0,0.0,0.0,0.0,0.0,,,0.0,0.0,0.0,,,,,,,,,,,,,0.0,0.0,0.0,,,,0.14285714,0.0,,0.0,0.0,,0.0
Chase Silseth,LAA,2026,26.0,43.0,0.0,0.0,0.0,0.0,0.0,0.0,0.0,0.0,0.0,0.0,0.0,,,0.0,0.0,0.0,,,,,,,,,,,,,0.0,0.0,0.0,,,,0.14285714,0.0,,0.0,0.0,,0.0
Landen Roupp,SFG,2026,27.0,19.0,0.0,0.0,0.0,0.0,0.0,0.0,0.0,0.0,0.0,0.0,0.0,,,0.0,0.0,0.0,,,,,,,,,,,,,0.0,0.0,0.0,,,,0.14285714,0.0,,0.0,0.0,,0.0
Tyler Samaniego,BOS,2026,27.0,20.0,0.0,0.0,0.0,0.0,0.0,0.0,0.0,0.0,0.0,0.0,0.0,,,0.0,0.0,0.0,,,,,,,,,,,,,0.0,0.0,0.0,,,,0.14285714,0.0,,0.0,0.0,,0.0
Carson Seymour,SFG,2026,27.0,2.0,0.0,0.0,0.0,0.0,0.0,0.0,0.0,0.0,0.0,0.0,0.0,,,0.0,0.0,0.0,,,,,,,,,,,,,0.0,0.0,0.0,,,,0.14285714,0.0,,0.0,0.0,,0.0
Ben Casparius,LAD,2026,27.0,5.0,0.0,0.0,0.0,0.0,0.0,0.0,0.0,0.0,0.0,0.0,0.0,,,0.0,0.0,0.0,,,,,,,,,,,,,0.0,0.0,0.0,,,,0.14285714,0.0,,0.0,0.0,,0.0
Jack Anderson,BOS,2026,26.0,3.0,0.0,0.0,0.0,0.0,0.0,0.0,0.0,0.0,0.0,0.0,0.0,,,0.0,0.0,0.0,,,,,,,,,,,,,0.0,0.0,0.0,,,,0.14285714,0.0,,0.0,0.0,,0.0
Andrew Painter,PHI,2026,23.0,14.0,0.0,0.0,0.0,0.0,0.0,0.0,0.0,0.0,0.0,0.0,0.0,,,0.0,0.0,0.0,,,,,,,,,,,,,0.0,0.0,0.0,,,,0.14285714,0.0,,0.0,0.0,,0.0
Jordan Wicks,CHC,2026,26.0,4.0,0.0,0.0,0.0,0.0,0.0,0.0,0.0,0.0,0.0,0.0,0.0,,,0.0,0.0,0.0,,,,,,,,,,,,,0.0,0.0,0.0,,,,0.14285714,0.0,,0.0,0.0,,0.0
Christian Scott,NYM,2026,27.0,13.0,0.0,0.0,0.0,0.0,0.0,0.0,0.0,0.0,0.0,0.0,0.0,,,0.0,0.0,0.0,,,,,,,,,,,,,0.0,0.0,0.0,,,,0.14285714,0.0,,0.0,0.0,,0.0
Chad Patrick,MIL,2026,27.0,31.0,0.0,0.0,0.0,0.0,0.0,0.0,0.0,0.0,0.0,0.0,0.0,,,0.0,0.0,0.0,,,,,,,,,,,,,0.0,0.0,0.0,,,,0.14285714,0.0,,0.0,0.0,,0.0
Robert Suarez,ATL,2026,35.0,31.0,0.0,0.0,0.0,0.0,0.0,0.0,0.0,0.0,0.0,0.0,0.0,,,0.0,0.0,0.0,,,,,,,,,,,,,0.0,0.0,0.0,,,,0.14285714,0.0,,0.0,0.0,,0.0
Gavin Williams,CLE,2026,26.0,20.0,0.0,0.0,0.0,0.0,0.0,0.0,0.0,0.0,0.0,0.0,0.0,,,0.0,0.0,0.0,,,,,,,,,,,,,0.0,0.0,0.0,,,,0.14285714,0.0,,0.0,0.0,,0.0
Eric Cerantola,KCR,2026,26.0,4.0,0.0,0.0,0.0,0.0,0.0,0.0,0.0,0.0,0.0,0.0,0.0,,,0.0,0.0,0.0,,,,,,,,,,,,,0.0,0.0,0.0,,,,0.14285714,0.0,,0.0,0.0,,0.0
Brant Hurter,DET,2026,27.0,21.0,0.0,0.0,0.0,0.0,0.0,0.0,0.0,0.0,0.0,0.0,0.0,,,0.0,0.0,0.0,,,,,,,,,,,,,0.0,0.0,0.0,,,,0.14285714,0.0,,0.0,0.0,,0.0
Tanner Bibee,CLE,2026,27.0,21.0,0.0,0.0,0.0,0.0,0.0,0.0,0.0,0.0,0.0,0.0,0.0,,,0.0,0.0,0.0,,,,,,,,,,,,,0.0,0.0,0.0,,,,0.14285714,0.0,,0.0,0.0,,0.0
Ty Madden,DET,2026,26.0,7.0,0.0,0.0,0.0,0.0,0.0,0.0,0.0,0.0,0.0,0.0,0.0,,,0.0,0.0,0.0,,,,,,,,,,,,,0.0,0.0,0.0,,,,0.14285714,0.0,,0.0,0.0,,0.0
Doug Nikhazy,CHW,2026,26.0,1.0,0.0,0.0,0.0,0.0,0.0,0.0,0.0,0.0,0.0,0.0,0.0,,,0.0,0.0,0.0,,,,,,,,,,,,,0.0,0.0,0.0,,,,0.14285714,0.0,,0.0,0.0,,0.0
Dylan Smith,SFG,2026,26.0,16.0,0.0,0.0,0.0,0.0,0.0,0.0,0.0,0.0,0.0,0.0,0.0,,,0.0,0.0,0.0,,,,,,,,,,,,,0.0,0.0,0.0,,,,0.14285714,0.0,,0.0,0.0,,0.0
Jack Leiter,TEX,2026,26.0,15.0,0.0,0.0,0.0,0.0,0.0,0.0,0.0,0.0,0.0,0.0,0.0,,,0.0,0.0,0.0,,,,,,,,,,,,,0.0,0.0,0.0,,,,0.14285714,0.0,,0.0,0.0,,0.0
Chad Dallas,TOR,2026,26.0,2.0,0.0,0.0,0.0,0.0,0.0,0.0,0.0,0.0,0.0,0.0,0.0,,,0.0,0.0,0.0,,,,,,,,,,,,,0.0,0.0,0.0,,,,0.14285714,0.0,,0.0,0.0,,0.0
Carlos Rodriguez,MIL,2026,24.0,4.0,0.0,0.0,0.0,0.0,0.0,0.0,0.0,0.0,0.0,0.0,0.0,,,0.0,0.0,0.0,,,,,,,,,,,,,0.0,0.0,0.0,,,,0.14285714,0.0,,0.0,0.0,,0.0
Marco Raya,MIN,2026,23.0,3.0,0.0,0.0,0.0,0.0,0.0,0.0,0.0,0.0,0.0,0.0,0.0,,,0.0,0.0,0.0,,,,,,,,,,,,,0.0,0.0,0.0,,,,0.14285714,0.0,,0.0,0.0,,0.0
Robby Ahlstrom,TEX,2026,27.0,20.0,0.0,0.0,0.0,0.0,0.0,0.0,0.0,0.0,0.0,0.0,0.0,,,0.0,0.0,0.0,,,,,,,,,,,,,0.0,0.0,0.0,,,,0.14285714,0.0,,0.0,0.0,,0.0
Chase Petty,CIN,2026,23.0,12.0,0.0,0.0,0.0,0.0,0.0,0.0,0.0,0.0,0.0,0.0,0.0,,,0.0,0.0,0.0,,,,,,,,,,,,,0.0,0.0,0.0,,,,0.14285714,0.0,,0.0,0.0,,0.0
Mason Black,KCR,2026,26.0,12.0,0.0,0.0,0.0,0.0,0.0,0.0,0.0,0.0,0.0,0.0,0.0,,,0.0,0.0,0.0,,,,,,,,,,,,,0.0,0.0,0.0,,,,0.14285714,0.0,,0.0,0.0,,0.0
Travis Adams,MIN,2026,26.0,19.0,0.0,0.0,0.0,0.0,0.0,0.0,0.0,0.0,0.0,0.0,0.0,,,0.0,0.0,0.0,,,,,,,,,,,,,0.0,0.0,0.0,,,,0.14285714,0.0,,0.0,0.0,,0.0
Will Warren,NYY,2026,27.0,19.0,0.0,0.0,0.0,0.0,0.0,0.0,0.0,0.0,0.0,0.0,0.0,,,0.0,0.0,0.0,,,,,,,,,,,,,0.0,0.0,0.0,,,,0.14285714,0.0,,0.0,0.0,,0.0
Noah Cameron,KCR,2026,26.0,19.0,0.0,0.0,0.0,0.0,0.0,0.0,0.0,0.0,0.0,0.0,0.0,,,0.0,0.0,0.0,,,,,,,,,,,,,0.0,0.0,0.0,,,,0.14285714,0.0,,0.0,0.0,,0.0
Mike Paredes,MIN,2026,25.0,8.0,0.0,0.0,0.0,0.0,0.0,0.0,0.0,0.0,0.0,0.0,0.0,,,0.0,0.0,0.0,,,,,,,,,,,,,0.0,0.0,0.0,,,,0.14285714,0.0,,0.0,0.0,,0.0
Franco Aleman,CLE,2026,26.0,9.0,0.0,0.0,0.0,0.0,0.0,0.0,0.0,0.0,0.0,0.0,0.0,,,0.0,0.0,0.0,,,,,,,,,,,,,0.0,0.0,0.0,,,,0.14285714,0.0,,0.0,0.0,,0.0
Spencer Bivens,SFG,2026,32.0,2.0,0.0,0.0,0.0,0.0,0.0,0.0,0.0,0.0,0.0,0.0,0.0,,,0.0,0.0,0.0,,,,,,,,,,,,,0.0,0.0,0.0,,,,0.14285714,0.0,,0.0,0.0,,0.0
Carter Baumler,TEX,2026,24.0,4.0,0.0,0.0,0.0,0.0,0.0,0.0,0.0,0.0,0.0,0.0,0.0,,,0.0,0.0,0.0,,,,,,,,,,,,,0.0,0.0,0.0,,,,0.14285714,0.0,,0.0,0.0,,0.0
Hunter Dobbins,STL,2026,26.0,5.0,0.0,0.0,0.0,0.0,0.0,0.0,0.0,0.0,0.0,0.0,0.0,,,0.0,0.0,0.0,,,,,,,,,,,,,0.0,0.0,0.0,,,,0.14285714,0.0,,0.0,0.0,,0.0
Jack Dreyer,LAD,2026,27.0,40.0,0.0,0.0,0.0,0.0,0.0,0.0,0.0,0.0,0.0,0.0,0.0,,,0.0,0.0,0.0,,,,,,,,,,,,,0.0,0.0,0.0,,,,0.14285714,0.0,,0.0,0.0,,0.0
Jaden Hill,COL,2026,26.0,32.0,0.0,0.0,0.0,0.0,0.0,0.0,0.0,0.0,0.0,0.0,0.0,,,0.0,0.0,0.0,,,,,,,,,,,,,0.0,0.0,0.0,,,,0.14285714,0.0,,0.0,0.0,,0.0
Bryan Woo,SEA,2026,26.0,19.0,0.0,0.0,0.0,0.0,0.0,0.0,0.0,0.0,0.0,0.0,0.0,,,0.0,0.0,0.0,,,,,,,,,,,,,0.0,0.0,0.0,,,,0.14285714,0.0,,0.0,0.0,,0.0
Jose Cabrera,ARI,2026,24.0,4.0,0.0,0.0,0.0,0.0,0.0,0.0,0.0,0.0,0.0,0.0,0.0,,,0.0,0.0,0.0,,,,,,,,,,,,,0.0,0.0,0.0,,,,0.14285714,0.0,,0.0,0.0,,0.0
Didier Fuentes,ATL,2026,21.0,33.0,0.0,0.0,0.0,0.0,0.0,0.0,0.0,0.0,0.0,0.0,0.0,,,0.0,0.0,0.0,,,,,,,,,,,,,0.0,0.0,0.0,,,,0.14285714,0.0,,0.0,0.0,,0.0
Justin Wrobleski,LAD,2026,25.0,16.0,0.0,0.0,0.0,0.0,0.0,0.0,0.0,0.0,0.0,0.0,0.0,,,0.0,0.0,0.0,,,,,,,,,,,,,0.0,0.0,0.0,,,,0.14285714,0.0,,0.0,0.0,,0.0
Chris Roycroft,- - -,2026,29.0,12.0,0.0,0.0,0.0,0.0,0.0,0.0,0.0,0.0,0.0,0.0,0.0,,,0.0,0.0,0.0,,,,,,,,,,,,,0.0,0.0,0.0,,,,0.14285714,0.0,,0.0,0.0,,0.0
Eduardo Rivera,BOS,2026,23.0,3.0,0.0,0.0,0.0,0.0,0.0,0.0,0.0,0.0,0.0,0.0,0.0,,,0.0,0.0,0.0,,,,,,,,,,,,,0.0,0.0,0.0,,,,0.14285714,0.0,,0.0,0.0,,0.0
Colton Gordon,HOU,2026,27.0,4.0,0.0,0.0,0.0,0.0,0.0,0.0,0.0,0.0,0.0,0.0,0.0,,,0.0,0.0,0.0,,,,,,,,,,,,,0.0,0.0,0.0,,,,0.14285714,0.0,,0.0,0.0,,0.0
Jackson Perkins,ATH,2026,26.0,24.0,0.0,0.0,0.0,0.0,0.0,0.0,0.0,0.0,0.0,0.0,0.0,,,0.0,0.0,0.0,,,,,,,,,,,,,0.0,0.0,0.0,,,,0.14285714,0.0,,0.0,0.0,,0.0
Logan Henderson,MIL,2026,24.0,7.0,0.0,0.0,0.0,0.0,0.0,0.0,0.0,0.0,0.0,0.0,0.0,,,0.0,0.0,0.0,,,,,,,,,,,,,0.0,0.0,0.0,,,,0.14285714,0.0,,0.0,0.0,,0.0
Zach Agnos,COL,2026,25.0,26.0,0.0,0.0,0.0,0.0,0.0,0.0,0.0,0.0,0.0,0.0,0.0,,,0.0,0.0,0.0,,,,,,,,,,,,,0.0,0.0,0.0,,,,0.14285714,0.0,,0.0,0.0,,0.0
Mason Fluharty,TOR,2026,24.0,51.0,0.0,0.0,0.0,0.0,0.0,0.0,0.0,0.0,0.0,0.0,0.0,,,0.0,0.0,0.0,,,,,,,,,,,,,0.0,0.0,0.0,,,,0.14285714,0.0,,0.0,0.0,,0.0
Paul Gervase,LAD,2026,26.0,4.0,0.0,0.0,0.0,0.0,0.0,0.0,0.0,0.0,0.0,0.0,0.0,,,0.0,0.0,0.0,,,,,,,,,,,,,0.0,0.0,0.0,,,,0.14285714,0.0,,0.0,0.0,,0.0
Zach Maxwell,CIN,2026,25.0,10.0,0.0,0.0,0.0,0.0,0.0,0.0,0.0,0.0,0.0,0.0,0.0,,,0.0,0.0,0.0,,,,,,,,,,,,,0.0,0.0,0.0,,,,0.14285714,0.0,,0.0,0.0,,0.0
Carson Palmquist,WSN,2026,25.0,6.0,0.0,0.0,0.0,0.0,0.0,0.0,0.0,0.0,0.0,0.0,0.0,,,0.0,0.0,0.0,,,,,,,,,,,,,0.0,0.0,0.0,,,,0.14285714,0.0,,0.0,0.0,,0.0
Gabriel Hughes,COL,2026,24.0,3.0,0.0,0.0,0.0,0.0,0.0,0.0,0.0,0.0,0.0,0.0,0.0,,,0.0,0.0,0.0,,,,,,,,,,,,,0.0,0.0,0.0,,,,0.14285714,0.0,,0.0,0.0,,0.0
William Kempner,MIA,2026,25.0,9.0,0.0,0.0,0.0,0.0,0.0,0.0,0.0,0.0,0.0,0.0,0.0,,,0.0,0.0,0.0,,,,,,,,,,,,,0.0,0.0,0.0,,,,0.14285714,0.0,,0.0,0.0,,0.0
David Morgan,SDP,2026,26.0,18.0,0.0,0.0,0.0,0.0,0.0,0.0,0.0,0.0,0.0,0.0,0.0,,,0.0,0.0,0.0,,,,,,,,,,,,,0.0,0.0,0.0,,,,0.14285714,0.0,,0.0,0.0,,0.0
Spencer Miles,TOR,2026,25.0,27.0,0.0,0.0,0.0,0.0,0.0,0.0,0.0,0.0,0.0,0.0,0.0,,,0.0,0.0,0.0,,,,,,,,,,,,,0.0,0.0,0.0,,,,0.14285714,0.0,,0.0,0.0,,0.0
Jacob Misiorowski,MIL,2026,24.0,19.0,0.0,0.0,0.0,0.0,0.0,0.0,0.0,0.0,0.0,0.0,0.0,,,0.0,0.0,0.0,,,,,,,,,,,,,0.0,0.0,0.0,,,,0.14285714,0.0,,0.0,0.0,,0.0
Brian Fitzpatrick,MIL,2026,26.0,5.0,0.0,0.0,0.0,0.0,0.0,0.0,0.0,0.0,0.0,0.0,0.0,,,0.0,0.0,0.0,,,,,,,,,,,,,0.0,0.0,0.0,,,,0.14285714,0.0,,0.0,0.0,,0.0
Carson Whisenhunt,SFG,2026,25.0,2.0,0.0,0.0,0.0,0.0,0.0,0.0,0.0,0.0,0.0,0.0,0.0,,,0.0,0.0,0.0,,,,,,,,,,,,,0.0,0.0,0.0,,,,0.14285714,0.0,,0.0,0.0,,0.0
Shane Smith,CHW,2026,26.0,3.0,0.0,0.0,0.0,0.0,0.0,0.0,0.0,0.0,0.0,0.0,0.0,,,0.0,0.0,0.0,,,,,,,,,,,,,0.0,0.0,0.0,,,,0.14285714,0.0,,0.0,0.0,,0.0
Cameron Weston,BAL,2026,25.0,1.0,0.0,0.0,0.0,0.0,0.0,0.0,0.0,0.0,0.0,0.0,0.0,,,0.0,0.0,0.0,,,,,,,,,,,,,0.0,0.0,0.0,,,,0.14285714,0.0,,0.0,0.0,,0.0
Blade Tidwell,SFG,2026,25.0,8.0,0.0,0.0,0.0,0.0,0.0,0.0,0.0,0.0,0.0,0.0,0.0,,,0.0,0.0,0.0,,,,,,,,,,,,,0.0,0.0,0.0,,,,0.14285714,0.0,,0.0,0.0,,0.0
Jonathan Cannon,CHW,2026,25.0,1.0,0.0,0.0,0.0,0.0,0.0,0.0,0.0,0.0,0.0,0.0,0.0,,,0.0,0.0,0.0,,,,,,,,,,,,,0.0,0.0,0.0,,,,0.14285714,0.0,,0.0,0.0,,0.0
Josh White,MIA,2026,25.0,1.0,0.0,0.0,0.0,0.0,0.0,0.0,0.0,0.0,0.0,0.0,0.0,,,0.0,0.0,0.0,,,,,,,,,,,,,0.0,0.0,0.0,,,,0.14285714,0.0,,0.0,0.0,,0.0
Mason Barnett,ATH,2026,25.0,13.0,0.0,0.0,0.0,0.0,0.0,0.0,0.0,0.0,0.0,0.0,0.0,,,0.0,0.0,0.0,,,,,,,,,,,,,0.0,0.0,0.0,,,,0.14285714,0.0,,0.0,0.0,,0.0
David Sandlin,CHW,2026,25.0,4.0,0.0,0.0,0.0,0.0,0.0,0.0,0.0,0.0,0.0,0.0,0.0,,,0.0,0.0,0.0,,,,,,,,,,,,,0.0,0.0,0.0,,,,0.14285714,0.0,,0.0,0.0,,0.0
Mason Miller,SDP,2026,27.0,39.0,0.0,0.0,0.0,0.0,0.0,0.0,0.0,0.0,0.0,0.0,0.0,,,0.0,0.0,0.0,,,,,,,,,,,,,0.0,0.0,0.0,,,,0.14285714,0.0,,0.0,0.0,,0.0
JR Ritchie,ATL,2026,23.0,12.0,0.0,0.0,0.0,0.0,0.0,0.0,0.0,0.0,0.0,0.0,0.0,,,0.0,0.0,0.0,,,,,,,,,,,,,0.0,0.0,0.0,,,,0.14285714,0.0,,0.0,0.0,,0.0
Owen Murphy,ATL,2026,22.0,3.0,0.0,0.0,0.0,0.0,0.0,0.0,0.0,0.0,0.0,0.0,0.0,,,0.0,0.0,0.0,,,,,,,,,,,,,0.0,0.0,0.0,,,,0.14285714,0.0,,0.0,0.0,,0.0
A.J. Blubaugh,HOU,2026,25.0,37.0,0.0,0.0,0.0,0.0,0.0,0.0,0.0,0.0,0.0,0.0,0.0,,,0.0,0.0,0.0,,,,,,,,,,,,,0.0,0.0,0.0,,,,0.14285714,0.0,,0.0,0.0,,0.0
Orion Kerkering,PHI,2026,25.0,41.0,0.0,0.0,0.0,0.0,0.0,0.0,0.0,0.0,0.0,0.0,0.0,,,0.0,0.0,0.0,,,,,,,,,,,,,0.0,0.0,0.0,,,,0.14285714,0.0,,0.0,0.0,,0.0
Troy Melton,DET,2026,25.0,9.0,0.0,0.0,0.0,0.0,0.0,0.0,0.0,0.0,0.0,0.0,0.0,,,0.0,0.0,0.0,,,,,,,,,,,,,0.0,0.0,0.0,,,,0.14285714,0.0,,0.0,0.0,,0.0
Elmer Rodriguez,NYY,2026,22.0,4.0,0.0,0.0,0.0,0.0,0.0,0.0,0.0,0.0,0.0,0.0,0.0,,,0.0,0.0,0.0,,,,,,,,,,,,,0.0,0.0,0.0,,,,0.14285714,0.0,,0.0,0.0,,0.0
Cade Gibson,MIA,2026,28.0,20.0,0.0,0.0,0.0,0.0,0.0,0.0,0.0,0.0,0.0,0.0,0.0,,,0.0,0.0,0.0,,,,,,,,,,,,,0.0,0.0,0.0,,,,0.14285714,0.0,,0.0,0.0,,0.0
Zebby Matthews,MIN,2026,26.0,12.0,0.0,0.0,0.0,0.0,0.0,0.0,0.0,0.0,0.0,0.0,0.0,,,0.0,0.0,0.0,,,,,,,,,,,,,0.0,0.0,0.0,,,,0.14285714,0.0,,0.0,0.0,,0.0
Kodai Senga,NYM,2026,33.0,12.0,0.0,0.0,0.0,0.0,0.0,0.0,0.0,0.0,0.0,0.0,0.0,,,0.0,0.0,0.0,,,,,,,,,,,,,0.0,0.0,0.0,,,,0.14285714,0.0,,0.0,0.0,,0.0
Kumar Rocker,TEX,2026,26.0,18.0,0.0,0.0,0.0,0.0,0.0,0.0,0.0,0.0,0.0,0.0,0.0,,,0.0,0.0,0.0,,,,,,,,,,,,,0.0,0.0,0.0,,,,0.14285714,0.0,,0.0,0.0,,0.0
Connor Prielipp,MIN,2026,25.0,13.0,0.0,0.0,0.0,0.0,0.0,0.0,0.0,0.0,0.0,0.0,0.0,,,0.0,0.0,0.0,,,,,,,,,,,,,0.0,0.0,0.0,,,,0.14285714,0.0,,0.0,0.0,,0.0
Peyton Pallette,CLE,2026,25.0,16.0,0.0,0.0,0.0,0.0,0.0,0.0,0.0,0.0,0.0,0.0,0.0,,,0.0,0.0,0.0,,,,,,,,,,,,,0.0,0.0,0.0,,,,0.14285714,0.0,,0.0,0.0,,0.0
Matthew Pushard,STL,2026,28.0,6.0,0.0,0.0,0.0,0.0,0.0,0.0,0.0,0.0,0.0,0.0,0.0,,,0.0,0.0,0.0,,,,,,,,,,,,,0.0,0.0,0.0,,,,0.14285714,0.0,,0.0,0.0,,0.0
Cade Horton,CHC,2026,24.0,2.0,0.0,0.0,0.0,0.0,0.0,0.0,0.0,0.0,0.0,0.0,0.0,,,0.0,0.0,0.0,,,,,,,,,,,,,0.0,0.0,0.0,,,,0.14285714,0.0,,0.0,0.0,,0.0
Maxwel Rajcic,STL,2026,24.0,6.0,0.0,0.0,0.0,0.0,0.0,0.0,0.0,0.0,0.0,0.0,0.0,,,0.0,0.0,0.0,,,,,,,,,,,,,0.0,0.0,0.0,,,,0.14285714,0.0,,0.0,0.0,,0.0
Trevor Martin,TBR,2026,25.0,6.0,0.0,0.0,0.0,0.0,0.0,0.0,0.0,0.0,0.0,0.0,0.0,,,0.0,0.0,0.0,,,,,,,,,,,,,0.0,0.0,0.0,,,,0.14285714,0.0,,0.0,0.0,,0.0
Alex Hoppe,SEA,2026,27.0,21.0,0.0,0.0,0.0,0.0,0.0,0.0,0.0,0.0,0.0,0.0,0.0,,,0.0,0.0,0.0,,,,,,,,,,,,,0.0,0.0,0.0,,,,0.14285714,0.0,,0.0,0.0,,0.0
Logan VanWey,HOU,2026,27.0,5.0,0.0,0.0,0.0,0.0,0.0,0.0,0.0,0.0,0.0,0.0,0.0,,,0.0,0.0,0.0,,,,,,,,,,,,,0.0,0.0,0.0,,,,0.14285714,0.0,,0.0,0.0,,0.0
Duncan Davitt,CHW,2026,26.0,1.0,0.0,0.0,0.0,0.0,0.0,0.0,0.0,0.0,0.0,0.0,0.0,,,0.0,0.0,0.0,,,,,,,,,,,,,0.0,0.0,0.0,,,,0.14285714,0.0,,0.0,0.0,,0.0
Andrew Morris,MIN,2026,24.0,36.0,0.0,0.0,0.0,0.0,0.0,0.0,0.0,0.0,0.0,0.0,0.0,,,0.0,0.0,0.0,,,,,,,,,,,,,0.0,0.0,0.0,,,,0.14285714,0.0,,0.0,0.0,,0.0
Robby Snelling,MIA,2026,22.0,1.0,0.0,0.0,0.0,0.0,0.0,0.0,0.0,0.0,0.0,0.0,0.0,,,0.0,0.0,0.0,,,,,,,,,,,,,0.0,0.0,0.0,,,,0.14285714,0.0,,0.0,0.0,,0.0
Brycen Mautz,STL,2026,24.0,1.0,0.0,0.0,0.0,0.0,0.0,0.0,0.0,0.0,0.0,0.0,0.0,,,0.0,0.0,0.0,,,,,,,,,,,,,0.0,0.0,0.0,,,,0.14285714,0.0,,0.0,0.0,,0.0
Tyler Schweitzer,CHW,2026,25.0,7.0,0.0,0.0,0.0,0.0,0.0,0.0,0.0,0.0,0.0,0.0,0.0,,,0.0,0.0,0.0,,,,,,,,,,,,,0.0,0.0,0.0,,,,0.14285714,0.0,,0.0,0.0,,0.0
Samuel Natera,LAA,2026,26.0,15.0,0.0,0.0,0.0,0.0,0.0,0.0,0.0,0.0,0.0,0.0,0.0,,,0.0,0.0,0.0,,,,,,,,,,,,,0.0,0.0,0.0,,,,0.14285714,0.0,,0.0,0.0,,0.0
Cameron Foster,BAL,2026,27.0,6.0,0.0,0.0,0.0,0.0,0.0,0.0,0.0,0.0,0.0,0.0,0.0,,,0.0,0.0,0.0,,,,,,,,,,,,,0.0,0.0,0.0,,,,0.14285714,0.0,,0.0,0.0,,0.0
Riley Cornelio,WSN,2026,26.0,8.0,0.0,0.0,0.0,0.0,0.0,0.0,0.0,0.0,0.0,0.0,0.0,,,0.0,0.0,0.0,,,,,,,,,,,,,0.0,0.0,0.0,,,,0.14285714,0.0,,0.0,0.0,,0.0
Jake Bennett,BOS,2026,25.0,9.0,0.0,0.0,0.0,0.0,0.0,0.0,0.0,0.0,0.0,0.0,0.0,,,0.0,0.0,0.0,,,,,,,,,,,,,0.0,0.0,0.0,,,,0.14285714,0.0,,0.0,0.0,,0.0
Brad Lord,WSN,2026,26.0,27.0,0.0,0.0,0.0,0.0,0.0,0.0,0.0,0.0,0.0,0.0,0.0,,,0.0,0.0,0.0,,,,,,,,,,,,,0.0,0.0,0.0,,,,0.14285714,0.0,,0.0,0.0,,0.0
Parker Messick,CLE,2026,25.0,19.0,0.0,0.0,0.0,0.0,0.0,0.0,0.0,0.0,0.0,0.0,0.0,,,0.0,0.0,0.0,,,,,,,,,,,,,0.0,0.0,0.0,,,,0.14285714,0.0,,0.0,0.0,,0.0
Drew Sommers,DET,2026,25.0,18.0,0.0,0.0,0.0,0.0,0.0,0.0,0.0,0.0,0.0,0.0,0.0,,,0.0,0.0,0.0,,,,,,,,,,,,,0.0,0.0,0.0,,,,0.14285714,0.0,,0.0,0.0,,0.0
Noah Schultz,CHW,2026,22.0,11.0,0.0,0.0,0.0,0.0,0.0,0.0,0.0,0.0,0.0,0.0,0.0,,,0.0,0.0,0.0,,,,,,,,,,,,,0.0,0.0,0.0,,,,0.14285714,0.0,,0.0,0.0,,0.0
Cameron Schlittler,NYY,2026,25.0,21.0,0.0,0.0,0.0,0.0,0.0,0.0,0.0,0.0,0.0,0.0,0.0,,,0.0,0.0,0.0,,,,,,,,,,,,,0.0,0.0,0.0,,,,0.14285714,0.0,,0.0,0.0,,0.0
John Klein,MIN,2026,24.0,3.0,0.0,0.0,0.0,0.0,0.0,0.0,0.0,0.0,0.0,0.0,0.0,,,0.0,0.0,0.0,,,,,,,,,,,,,0.0,0.0,0.0,,,,0.14285714,0.0,,0.0,0.0,,0.0
Jonah Tong,NYM,2026,23.0,3.0,0.0,0.0,0.0,0.0,0.0,0.0,0.0,0.0,0.0,0.0,0.0,,,0.0,0.0,0.0,,,,,,,,,,,,,0.0,0.0,0.0,,,,0.14285714,0.0,,0.0,0.0,,0.0
Luis Morales,ATH,2026,23.0,3.0,0.0,0.0,0.0,0.0,0.0,0.0,0.0,0.0,0.0,0.0,0.0,,,0.0,0.0,0.0,,,,,,,,,,,,,0.0,0.0,0.0,,,,0.14285714,0.0,,0.0,0.0,,0.0
Yunior Tur,ATH,2026,26.0,1.0,0.0,0.0,0.0,0.0,0.0,0.0,0.0,0.0,0.0,0.0,0.0,,,0.0,0.0,0.0,,,,,,,,,,,,,0.0,0.0,0.0,,,,0.14285714,0.0,,0.0,0.0,,0.0
Luis Gastelum,STL,2026,24.0,5.0,0.0,0.0,0.0,0.0,0.0,0.0,0.0,0.0,0.0,0.0,0.0,,,0.0,0.0,0.0,,,,,,,,,,,,,0.0,0.0,0.0,,,,0.14285714,0.0,,0.0,0.0,,0.0
Brendan Beck,NYY,2026,27.0,2.0,0.0,0.0,0.0,0.0,0.0,0.0,0.0,0.0,0.0,0.0,0.0,,,0.0,0.0,0.0,,,,,,,,,,,,,0.0,0.0,0.0,,,,0.14285714,0.0,,0.0,0.0,,0.0
Hunter Barco,PIT,2026,25.0,5.0,0.0,0.0,0.0,0.0,0.0,0.0,0.0,0.0,0.0,0.0,0.0,,,0.0,0.0,0.0,,,,,,,,,,,,,0.0,0.0,0.0,,,,0.14285714,0.0,,0.0,0.0,,0.0
Craig Yoho,MIL,2026,26.0,12.0,0.0,0.0,0.0,0.0,0.0,0.0,0.0,0.0,0.0,0.0,0.0,,,0.0,0.0,0.0,,,,,,,,,,,,,0.0,0.0,0.0,,,,0.14285714,0.0,,0.0,0.0,,0.0
Seth Halvorsen,COL,2026,26.0,21.0,0.0,0.0,0.0,0.0,0.0,0.0,0.0,0.0,0.0,0.0,0.0,,,0.0,0.0,0.0,,,,,,,,,,,,,0.0,0.0,0.0,,,,0.14285714,0.0,,0.0,0.0,,0.0
George Klassen,LAA,2026,24.0,2.0,0.0,0.0,0.0,0.0,0.0,0.0,0.0,0.0,0.0,0.0,0.0,,,0.0,0.0,0.0,,,,,,,,,,,,,0.0,0.0,0.0,,,,0.14285714,0.0,,0.0,0.0,,0.0
Chase Dollander,COL,2026,24.0,10.0,0.0,0.0,0.0,0.0,0.0,0.0,0.0,0.0,0.0,0.0,0.0,,,0.0,0.0,0.0,,,,,,,,,,,,,0.0,0.0,0.0,,,,0.14285714,0.0,,0.0,0.0,,0.0
Sean Sullivan,COL,2026,23.0,5.0,0.0,0.0,0.0,0.0,0.0,0.0,0.0,0.0,0.0,0.0,0.0,,,0.0,0.0,0.0,,,,,,,,,,,,,0.0,0.0,0.0,,,,0.14285714,0.0,,0.0,0.0,,0.0
Hurston Waldrep,ATL,2026,24.0,3.0,0.0,0.0,0.0,0.0,0.0,0.0,0.0,0.0,0.0,0.0,0.0,,,0.0,0.0,0.0,,,,,,,,,,,,,0.0,0.0,0.0,,,,0.14285714,0.0,,0.0,0.0,,0.0
Brandyn Garcia,ARI,2026,26.0,31.0,0.0,0.0,0.0,0.0,0.0,0.0,0.0,0.0,0.0,0.0,0.0,,,0.0,0.0,0.0,,,,,,,,,,,,,0.0,0.0,0.0,,,,0.14285714,0.0,,0.0,0.0,,0.0
Mitch Farris,LAA,2026,25.0,19.0,0.0,0.0,0.0,0.0,0.0,0.0,0.0,0.0,0.0,0.0,0.0,,,0.0,0.0,0.0,,,,,,,,,,,,,0.0,0.0,0.0,,,,0.14285714,0.0,,0.0,0.0,,0.0
Connelly Early,BOS,2026,24.0,17.0,0.0,0.0,0.0,0.0,0.0,0.0,0.0,0.0,0.0,0.0,0.0,,,0.0,0.0,0.0,,,,,,,,,,,,,0.0,0.0,0.0,,,,0.14285714,0.0,,0.0,0.0,,0.0
Paul Skenes,PIT,2026,24.0,21.0,0.0,0.0,0.0,0.0,0.0,0.0,0.0,0.0,0.0,0.0,0.0,,,0.0,0.0,0.0,,,,,,,,,,,,,0.0,0.0,0.0,,,,0.14285714,0.0,,0.0,0.0,,0.0
Nolan McLean,NYM,2026,24.0,20.0,0.0,0.0,0.0,0.0,0.0,0.0,0.0,0.0,0.0,0.0,0.0,,,0.0,0.0,0.0,,,,,,,,,,,,,0.0,0.0,0.0,,,,0.14285714,0.0,,0.0,0.0,,0.0
Josh Ekness,MIA,2026,24.0,6.0,0.0,0.0,0.0,0.0,0.0,0.0,0.0,0.0,0.0,0.0,0.0,,,0.0,0.0,0.0,,,,,,,,,,,,,0.0,0.0,0.0,,,,0.14285714,0.0,,0.0,0.0,,0.0
Kade Morris,ATH,2026,24.0,3.0,0.0,0.0,0.0,0.0,0.0,0.0,0.0,0.0,0.0,0.0,0.0,,,0.0,0.0,0.0,,,,,,,,,,,,,0.0,0.0,0.0,,,,0.14285714,0.0,,0.0,0.0,,0.0
Trey Gibson,BAL,2026,24.0,8.0,0.0,0.0,0.0,0.0,0.0,0.0,0.0,0.0,0.0,0.0,0.0,,,0.0,0.0,0.0,,,,,,,,,,,,,0.0,0.0,0.0,,,,0.14285714,0.0,,0.0,0.0,,0.0
Philip Abner,ARI,2026,24.0,5.0,0.0,0.0,0.0,0.0,0.0,0.0,0.0,0.0,0.0,0.0,0.0,,,0.0,0.0,0.0,,,,,,,,,,,,,0.0,0.0,0.0,,,,0.14285714,0.0,,0.0,0.0,,0.0
Yoshinobu Yamamoto,LAD,2026,27.0,18.0,0.0,0.0,0.0,0.0,0.0,0.0,0.0,0.0,0.0,0.0,0.0,,,0.0,0.0,0.0,,,,,,,,,,,,,0.0,0.0,0.0,,,,0.14285714,0.0,,0.0,0.0,,0.0
Yuki Matsui,SDP,2026,30.0,26.0,0.0,0.0,0.0,0.0,0.0,0.0,0.0,0.0,0.0,0.0,0.0,,,0.0,0.0,0.0,,,,,,,,,,,,,0.0,0.0,0.0,,,,0.14285714,0.0,,0.0,0.0,,0.0
Woo Suk Go,MIN,2026,27.0,4.0,0.0,0.0,0.0,0.0,0.0,0.0,0.0,0.0,0.0,0.0,0.0,,,0.0,0.0,0.0,,,,,,,,,,,,,0.0,0.0,0.0,,,,0.14285714,0.0,,0.0,0.0,,0.0
Shota Imanaga,CHC,2026,32.0,20.0,0.0,0.0,0.0,0.0,0.0,0.0,0.0,0.0,0.0,0.0,0.0,,,0.0,0.0,0.0,,,,,,,,,,,,,0.0,0.0,0.0,,,,0.14285714,0.0,,0.0,0.0,,0.0
Yariel Rodriguez,TOR,2026,29.0,10.0,0.0,0.0,0.0,0.0,0.0,0.0,0.0,0.0,0.0,0.0,0.0,,,0.0,0.0,0.0,,,,,,,,,,,,,0.0,0.0,0.0,,,,0.14285714,0.0,,0.0,0.0,,0.0
Brandon Sproat,MIL,2026,25.0,18.0,0.0,0.0,0.0,0.0,0.0,0.0,0.0,0.0,0.0,0.0,0.0,,,0.0,0.0,0.0,,,,,,,,,,,,,0.0,0.0,0.0,,,,0.14285714,0.0,,0.0,0.0,,0.0
Khristian Curtis,PIT,2026,24.0,1.0,0.0,0.0,0.0,0.0,0.0,0.0,0.0,0.0,0.0,0.0,0.0,,,0.0,0.0,0.0,,,,,,,,,,,,,0.0,0.0,0.0,,,,0.14285714,0.0,,0.0,0.0,,0.0
Rhett Lowder,CIN,2026,24.0,17.0,0.0,0.0,0.0,0.0,0.0,0.0,0.0,0.0,0.0,0.0,0.0,,,0.0,0.0,0.0,,,,,,,,,,,,,0.0,0.0,0.0,,,,0.14285714,0.0,,0.0,0.0,,0.0
Zachary Thornton,NYM,2026,24.0,3.0,0.0,0.0,0.0,0.0,0.0,0.0,0.0,0.0,0.0,0.0,0.0,,,0.0,0.0,0.0,,,,,,,,,,,,,0.0,0.0,0.0,,,,0.14285714,0.0,,0.0,0.0,,0.0
Jose Fermin,LAA,2026,24.0,28.0,0.0,0.0,0.0,0.0,0.0,0.0,0.0,0.0,0.0,0.0,0.0,,,0.0,0.0,0.0,,,,,,,,,,,,,0.0,0.0,0.0,,,,0.14285714,0.0,,0.0,0.0,,0.0
Grant Taylor,CHW,2026,24.0,37.0,0.0,0.0,0.0,0.0,0.0,0.0,0.0,0.0,0.0,0.0,0.0,,,0.0,0.0,0.0,,,,,,,,,,,,,0.0,0.0,0.0,,,,0.14285714,0.0,,0.0,0.0,,0.0
Jonathan Pintaro,NYM,2026,28.0,5.0,0.0,0.0,0.0,0.0,0.0,0.0,0.0,0.0,0.0,0.0,0.0,,,0.0,0.0,0.0,,,,,,,,,,,,,0.0,0.0,0.0,,,,0.14285714,0.0,,0.0,0.0,,0.0
Tyler Davis,CHW,2026,27.0,24.0,0.0,0.0,0.0,0.0,0.0,0.0,0.0,0.0,0.0,0.0,0.0,,,0.0,0.0,0.0,,,,,,,,,,,,,0.0,0.0,0.0,,,,0.14285714,0.0,,0.0,0.0,,0.0
Tomoyuki Sugano,COL,2026,36.0,17.0,0.0,0.0,0.0,0.0,0.0,0.0,0.0,0.0,0.0,0.0,0.0,,,0.0,0.0,0.0,,,,,,,,,,,,,0.0,0.0,0.0,,,,0.14285714,0.0,,0.0,0.0,,0.0
Roki Sasaki,LAD,2026,24.0,17.0,0.0,0.0,0.0,0.0,0.0,0.0,0.0,0.0,0.0,0.0,0.0,,,0.0,0.0,0.0,,,,,,,,,,,,,0.0,0.0,0.0,,,,0.14285714,0.0,,0.0,0.0,,0.0
Ryan Johnson,LAA,2026,23.0,10.0,0.0,0.0,0.0,0.0,0.0,0.0,0.0,0.0,0.0,0.0,0.0,,,0.0,0.0,0.0,,,,,,,,,,,,,0.0,0.0,0.0,,,,0.14285714,0.0,,0.0,0.0,,0.0
Chase Burns,CIN,2026,23.0,18.0,0.0,0.0,0.0,0.0,0.0,0.0,0.0,0.0,0.0,0.0,0.0,,,0.0,0.0,0.0,,,,,,,,,,,,,0.0,0.0,0.0,,,,0.14285714,0.0,,0.0,0.0,,0.0
Gage Jump,ATH,2026,23.0,10.0,0.0,0.0,0.0,0.0,0.0,0.0,0.0,0.0,0.0,0.0,0.0,,,0.0,0.0,0.0,,,,,,,,,,,,,0.0,0.0,0.0,,,,0.14285714,0.0,,0.0,0.0,,0.0
Trey Yesavage,TOR,2026,22.0,15.0,0.0,0.0,0.0,0.0,0.0,0.0,0.0,0.0,0.0,0.0,0.0,,,0.0,0.0,0.0,,,,,,,,,,,,,0.0,0.0,0.0,,,,0.14285714,0.0,,0.0,0.0,,0.0
Payton Tolle,BOS,2026,23.0,16.0,0.0,0.0,0.0,0.0,0.0,0.0,0.0,0.0,0.0,0.0,0.0,,,0.0,0.0,0.0,,,,,,,,,,,,,0.0,0.0,0.0,,,,0.14285714,0.0,,0.0,0.0,,0.0
Tatsuya Imai,HOU,2026,28.0,13.0,0.0,0.0,0.0,0.0,0.0,0.0,0.0,0.0,0.0,0.0,0.0,,,0.0,0.0,0.0,,,,,,,,,,,,,0.0,0.0,0.0,,,,0.14285714,0.0,,0.0,0.0,,0.0
Austin Slater,- - -,2026,33.0,28.0,74.0,65.0,15.0,0.0,0.23076923,0.31081081,0.276923076,0.587733886,0.046153846,0.333333333,0.2706833658991633,0.23535748703839027,68.87935134163791,-0.0002488243904927301,0.283783783,0.108108108,0.02222222,0.17777778,85.0068192915483,103.2,4.795454545454546,0.29518072,0.66666667,0.45547945,0.55102041,0.8452381,0.73684211,0.11986301,0.488888888,0.333333333,0.177777777,0.44444444,0.28888889,0.26666667,5.095429484801914,0.9075562348007225,,0.6909835450351238,-0.5983625501394272,0.39443567395210266,-1.8962862481202745
Cameron Cauley,TEX,2026,23.0,13.0,29.0,26.0,7.0,0.0,0.269230769,0.344827586,0.423076923,0.767904509,0.153846154,0.333333333,0.3364621030873266,0.25522537889151736,116.4268008002793,-0.0029140367887278314,0.172413793,0.103448275,0.0,0.14285714,83.48095121837798,101.7,14.19047619047619,0.25490196,0.75555556,0.48958333,0.46153846,0.85294118,0.74468085,0.125,0.38095238,0.38095238,0.238095238,0.4,0.25,0.35,5.14285714,0.14446811471134424,,-0.038155763410031796,-1.7682108655571938,-1.8642327785491943,0.7049477920992075
Tim Tawa,ARI,2026,27.0,43.0,111.0,96.0,20.0,4.0,0.208333333,0.280373831,0.395833333,0.676207164,0.1875,0.235294117,0.29510178632825335,0.2895954779858859,83.13075989226753,-0.006173938846365773,0.225225225,0.09009009,0.06578947,0.36842105,88.11689865757042,105.6,7.23943661971831,0.33948339,0.67553191,0.47712418,0.65217391,0.8503937,0.76712329,0.11111111,0.513888888,0.361111111,0.125,0.44736842,0.39473684,0.15789474,2.6324103767091227,-1.3022176213562489,,-0.9557526297867298,-0.11027669906616211,1.4072128534317017,-3.5763154426561004
Edwin Arroyo,CIN,2026,22.0,37.0,117.0,108.0,26.0,0.0,0.24074074,0.284482758,0.287037037,0.571519795,0.046296297,0.305882352,0.2577996772938761,0.3163344121612279,54.29969321600188,-0.007636857548360208,0.205128205,0.034188034,0.01162791,0.25581395,87.17125244140625,105.1,17.5375,0.43404255,0.78409091,0.58394161,0.69607843,0.86956522,0.79583333,0.11922141,0.353658536,0.329268292,0.31707317,0.44186047,0.3372093,0.22093023,3.8670814266481686,-0.16248420346528292,,-0.5736525999382138,2.7591923475265503,2.2007791996002197,-6.656235038799887
Trey Mancini,LAA,2026,34.0,5.0,14.0,13.0,4.0,0.0,0.307692307,0.285714285,0.461538461,0.747252746,0.153846154,0.363636363,0.3040732443332672,0.28171428612300325,91.41543159768062,-0.007662745070521334,0.214285714,0.0,0.18181818,0.45454545,90.47272283380681,106.0,4.818181818181818,0.44,0.875,0.65306122,0.81818182,0.80952381,0.8125,0.12244898,0.636363636,0.272727272,0.09090909,0.36363636,0.36363636,0.27272727,3.58035714,0.11990459728986025,,-0.01635247003287077,-0.5537156313657761,-0.1799159198999405,-0.021497347470245315
Adam Frazier,LAA,2026,34.0,41.0,93.0,81.0,17.0,1.0,0.209876543,0.296703296,0.333333333,0.630036629,0.12345679,0.307692307,0.28377999250705427,0.23711929740486565,77.38560717644644,-0.00999538545406661,0.301075268,0.096774193,0.01818182,0.16363636,83.48845966045673,104.1,15.557692307692308,0.39150943,0.70063694,0.52303523,0.57831325,0.89090909,0.75647668,0.12737127,0.5,0.326923076,0.173076923,0.47272727,0.29090909,0.23636364,4.89285714,0.0005677081644535065,,-0.10901646688580513,-0.9423398748040199,-1.0417910814285278,-2.4738713473177767
David Fry,CLE,2026,30.0,65.0,156.0,134.0,26.0,6.0,0.19402985,0.307692307,0.358208955,0.665901262,0.164179105,0.25,0.29777128158077115,0.25804357221049645,89.45383208064578,-0.010717395472743668,0.307692307,0.141025641,0.06976744,0.3372093,85.96706112132352,106.7,17.8,0.29665072,0.63082437,0.43041607,0.61290323,0.78409091,0.71333333,0.12320917,0.376470588,0.447058823,0.176470588,0.60465116,0.25581395,0.13953488,1.0059523774999999,-0.3845504345372319,,-0.2016804637387395,-3.350346639752388,-1.4207629710435867,-2.320206361822362
Jack Brannigan,PIT,2026,25.0,1.0,1.0,1.0,0.0,0.0,0.0,0.0,0.0,0.0,0.0,0.0,0.0,0.0,-100.0,-0.014007008614800033,1.0,0.0,,,,,,1.0,1.0,1.0,0.0,0.5,0.33333333,0.66666667,0.0,0.0,0.0,,,,0.14285714,0.0,,0.0,0.09031923185102642,0.08688987791538239,-0.2616047355578935
Brett Harris,- - -,2026,28.0,6.0,9.0,6.0,0.0,0.0,0.0,0.333333333,0.0,0.333333333,0.0,0.0,0.23966732290056017,0.2991117901272244,44.75899446777302,-0.014313646514143887,0.222222222,0.111111111,0.0,0.25,78.92499923706055,96.3,3.0,0.23809524,0.64705882,0.42105263,0.8,0.72727273,0.75,0.10526316,0.75,0.25,0.0,0.0,1.0,0.0,0.14285714,0.16295440960675478,,-0.01635247003287077,-0.04069836623966694,0.014171324670314789,-0.4219878064736051
Tyler Locklear,ARI,2026,25.0,2.0,8.0,6.0,1.0,0.0,0.166666666,0.375,0.166666666,0.541666666,0.0,0.166666666,0.2857615128159523,0.41925299167633057,76.87502374256775,-0.014411740403273123,0.0,0.25,0.16666667,0.33333333,85.0499979654948,103.0,6.0,0.15789474,0.71428571,0.39393939,1.0,0.9,0.92307692,0.03030303,0.666666666,0.333333333,0.0,0.33333333,0.5,0.16666667,1.60119047125,-0.01635247003287077,,-0.01635247003287077,-0.1628943681716919,,-0.24103118228741313
Jasson Dominguez,NYY,2026,23.0,40.0,156.0,148.0,34.0,5.0,0.229729729,0.264516129,0.391891891,0.65640802,0.162162162,0.263636363,0.2852491644120985,0.2965762476767263,80.73951312106628,-0.015739610884432875,0.211538461,0.038461538,0.05172414,0.39655172,87.98347486413043,110.8,13.2,0.4028169,0.7235023,0.52447552,0.65734266,0.87898089,0.77333333,0.11888112,0.452173913,0.330434782,0.217391304,0.51304348,0.26956522,0.2173913,5.211411432330714,1.3066269578412175,,1.0528277875855565,-3.491791248321533,-1.180406093597412,-2.2284652078341134
Javier Baez,DET,2026,33.0,24.0,82.0,78.0,20.0,2.0,0.256410256,0.280487804,0.397435897,0.677923701,0.141025641,0.295081967,0.293292331986311,0.29379347812982254,84.9021704932761,-0.016485075432777496,0.195121951,0.024390243,0.03174603,0.28571429,84.69354838709677,104.0,10.193548387096774,0.53038674,0.7244898,0.59856631,0.66666667,0.85915493,0.74850299,0.15053763,0.428571428,0.349206349,0.222222222,0.44444444,0.38095238,0.17460317,3.5635432652650634,-0.40491317957639694,,-0.30279189348220825,-1.2265673279762268,-2.009603261947632,-1.8615029330585904
Miguel Andujar,SDP,2026,31.0,74.0,254.0,239.0,62.0,5.0,0.259414225,0.303149606,0.422594142,0.725743748,0.163179917,0.290816326,0.3128940574233494,0.2975936465793186,99.71170824696752,-0.017036516696864346,0.149606299,0.043307086,0.04477612,0.36318408,88.30845771144278,109.0,6.557213930348259,0.42322097,0.7020202,0.54193548,0.73893805,0.90647482,0.83134921,0.09139785,0.522388059,0.288557213,0.189054726,0.47263682,0.33830846,0.18905473,3.7724937538130305,-0.6341256015002728,,-0.6927969604730606,-7.7417155504226685,-1.3065305948257446,-0.7230572984044364
Starling Marte,KCR,2026,37.0,44.0,125.0,112.0,30.0,1.0,0.267857142,0.328,0.330357142,0.658357142,0.0625,0.367088607,0.2965781841278076,0.30874061584472656,84.36976278730994,-0.017652730427013125,0.272,0.064,0.1125,0.3875,89.2987012987013,109.2,6.294871794871795,0.37307692,0.69339623,0.51694915,0.56701031,0.85714286,0.74180328,0.13347458,0.5,0.32051282,0.179487179,0.3625,0.375,0.2625,2.309934331500739,-1.9327914603054523,,-0.8273870833218098,-0.40192389488220215,2.0277740955352783,-4.231502934026937
Agustin Ramirez,MIA,2026,24.0,31.0,129.0,113.0,26.0,2.0,0.230088495,0.317829457,0.345132743,0.6629622,0.115044248,0.285714285,0.2953085955232382,0.28188779950141907,82.91689628003684,-0.019078678269128676,0.217054263,0.100775193,0.04651163,0.40697674,89.22790811228198,114.9,6.267441860465116,0.30714286,0.71495327,0.48380567,0.5,0.81699346,0.70292887,0.1437247,0.511627906,0.313953488,0.174418604,0.43023256,0.36046512,0.20930233,5.495548742153514,0.31878550350666046,,0.009994938969612122,-2.0446335580199957,-1.9148896839469671,-2.357590526070504
Maverick Handley,BAL,2026,28.0,1.0,1.0,1.0,0.0,0.0,0.0,0.0,0.0,0.0,0.0,0.0,0.0,0.0,-100.0,-0.022092015955256925,1.0,0.0,,,,,,0.66666667,1.0,0.75,0.5,0.0,0.33333333,0.5,0.0,0.0,0.0,,,,0.14285714,0.0,,0.0,0.0,,-0.25430825531945583
Michael Siani,BAL,2026,26.0,1.0,1.0,1.0,0.0,0.0,0.0,0.0,0.0,0.0,0.0,0.0,0.0,0.2919999957084656,-100.0,-0.022194002484152427,0.0,0.0,0.0,0.0,79.9000015258789,79.9,6.0,0.25,,0.25,1.0,,1.0,0.0,1.0,0.0,0.0,1.0,0.0,0.0,0.14285714,0.0,,0.0,-0.0010093320161104202,-0.006153362803161144,-0.25430825531945583
Braden Shewmake,- - -,2026,28.0,34.0,91.0,85.0,22.0,3.0,0.258823529,0.269662921,0.423529411,0.693192332,0.164705882,0.279411764,0.2949211959088786,0.29442072727463464,86.76802872343531,-0.02238447924689818,0.175824175,0.021978021,0.06849315,0.36986301,89.88405664416327,110.5,13.826086956521738,0.52380952,0.72093023,0.60942761,0.75,0.8172043,0.78453039,0.13131313,0.442857142,0.371428571,0.185714285,0.36986301,0.36986301,0.26027397,4.47512703501992,-0.030259217834100127,,0.11278682947158813,-1.9864402934908867,-2.6808845698833466,-1.4569810966598447
Collin Price,HOU,2026,26.0,7.0,13.0,12.0,2.0,0.0,0.166666666,0.23076923,0.25,0.48076923,0.083333334,0.333333333,0.21888197843845075,0.30180861399723935,34.295759165064915,-0.023090126066073996,0.461538461,0.076923076,0.0,0.5,93.0499979654948,104.2,17.5,0.32142857,0.68,0.49056604,0.0,0.70588235,0.46153846,0.26415094,0.333333333,0.333333333,0.333333333,0.33333333,0.16666667,0.5,1.60119047125,-0.039033183827996254,,-0.010901646688580513,0.3517622649669647,0.236878864467144,-1.043985916362809
Jace Jung,DET,2026,25.0,3.0,8.0,6.0,1.0,0.0,0.166666666,0.375,0.166666666,0.541666666,0.0,0.2,0.2857615128159523,0.39175301790237427,79.69570720129052,-0.0248748841809256,0.125,0.25,0.0,0.2,85.54000244140624,107.1,23.4,0.16666667,0.8,0.45454545,0.66666667,1.0,0.93333333,0.03030303,0.2,0.6,0.2,0.4,0.2,0.4,1.60119047125,-0.01635247003287077,,-0.01635247003287077,-0.32407405972480774,,-0.20746393251248027
Zach McKinstry,DET,2026,31.0,75.0,261.0,230.0,44.0,4.0,0.191304347,0.271317829,0.291304347,0.562622176,0.1,0.219780219,0.2535468017544728,0.2724640667438507,57.423932138136834,-0.02632402387625997,0.17624521,0.099616858,0.02645503,0.20634921,84.75783889358108,106.0,13.86021505376344,0.32175503,0.67173913,0.4816286,0.72159091,0.94174757,0.86185567,0.06653426,0.424731182,0.413978494,0.161290322,0.41798942,0.31216931,0.26984127,3.5426143329103645,-0.9620988145470619,,-1.7675609961152077,4.4659587144851685,3.565753221511841,-14.036293213574304
Nelson Velazquez,STL,2026,27.0,25.0,68.0,60.0,14.0,4.0,0.233333333,0.308823529,0.483333333,0.792156862,0.25,0.263157894,0.3392680708099814,0.3767547046436983,115.80498043659814,-0.026659249957683248,0.279411764,0.088235294,0.11904762,0.66666667,94.68333217075893,110.4,15.261904761904763,0.32214765,0.72131148,0.50184502,0.375,0.81818182,0.66176471,0.16911765,0.333333333,0.404761904,0.261904761,0.45238095,0.35714286,0.19047619,1.86160714,-0.06547815538942814,,-0.07631152682006359,-3.7246315479278564,-2.5517921447753906,1.2397712945327313
Amed Rosario,NYY,2026,30.0,57.0,166.0,152.0,36.0,9.0,0.236842105,0.28313253,0.453947368,0.737079898,0.217105263,0.254716981,0.3145074679190854,0.3109825365471117,100.96736347159386,-0.028677372455948123,0.240963855,0.06626506,0.11304348,0.39130435,90.14608525815217,112.1,13.02608695652174,0.424,0.71929825,0.53565506,0.63522013,0.84756098,0.74303406,0.13741722,0.417391304,0.417391304,0.165217391,0.3826087,0.3826087,0.23478261,4.171693963104194,-0.1788523131981492,,0.020122832618653774,-6.215075843036175,-6.143059253692627,0.010080179058422234
Ryan Ritter,COL,2026,25.0,6.0,7.0,7.0,1.0,0.0,0.142857142,0.142857142,0.142857142,0.285714284,0.0,0.25,0.12700970683779036,0.16585714476449148,-41.9623174388882,-0.029638092625934257,0.428571428,0.0,0.0,0.25,90.57499694824219,96.0,29.75,0.5,0.92307692,0.72,0.66666667,0.66666667,0.66666667,0.24,0.0,0.75,0.25,0.0,0.75,0.25,2.64285714,-0.13905056659132242,,-0.0054508233442902565,0.8239696975797415,0.7948201894760132,-1.3459241013485825
Jose Tena,WSN,2026,25.0,74.0,192.0,175.0,42.0,5.0,0.24,0.307291666,0.405714285,0.713005951,0.165714285,0.327433628,0.3130851285532117,0.31387070814768475,96.16715730826841,-0.03377273062523184,0.296875,0.078125,0.08474576,0.50847458,92.04152873411017,114.0,9.983050847457626,0.33936652,0.68404908,0.48567708,0.5,0.82959641,0.69705094,0.14713542,0.474576271,0.279661016,0.245762711,0.3220339,0.41525424,0.26271186,5.961115645458487,1.070431997999549,,-0.04451329447329044,-6.782046318054199,-2.1467013359069824,0.17668855731527322
Randy Vasquez,SDP,2026,27.0,18.0,1.0,1.0,0.0,0.0,0.0,0.0,0.0,0.0,0.0,0.0,0.0,0.04399999976158142,-100.0,-0.03575321725978682,0.0,0.0,0.0,0.0,66.0999984741211,66.1,-22.0,,1.0,1.0,,1.0,1.0,0.0,1.0,0.0,0.0,1.0,0.0,0.0,0.14285714,0.0,,0.0,-0.13164035975933075,,-0.2548612597631013
Lucas Spence,HOU,2026,23.0,4.0,16.0,14.0,3.0,0.0,0.214285714,0.3125,0.214285714,0.526785714,0.0,0.3,0.2540142498910427,0.3334389925003052,58.58460179216526,-0.03644158272953665,0.25,0.125,0.1,0.6,94.47999877929688,107.3,10.2,0.2972973,0.72,0.46774194,0.36363636,0.94444444,0.72413793,0.12903226,0.5,0.3,0.2,0.5,0.3,0.2,2.01785714,-0.032694223802536726,,-0.027254116721451283,-0.11904050409793854,-0.18419823050498962,-0.8123281070548276
Luis Matos,MIL,2026,24.0,9.0,21.0,20.0,4.0,0.0,0.2,0.238095238,0.2,0.438095238,0.0,0.307692307,0.2026087556566511,0.12959581329709008,22.899992384306255,-0.03767994281181279,0.333333333,0.047619047,0.0,0.23076923,84.14615572415866,104.5,19.76923076923077,0.5106383,0.76,0.59722222,0.5,0.94736842,0.69767442,0.18055556,0.538461538,0.461538461,0.0,0.46153846,0.38461538,0.15384615,0.76785714,-0.06990302447229624,,-0.027254116721451283,0.9774576425552368,1.373548150062561,-2.0362690376437853
P.J. Higgins,CIN,2026,33.0,14.0,32.0,26.0,6.0,0.0,0.23076923,0.275862068,0.269230769,0.545092837,0.038461539,0.315789473,0.24483619270653562,0.2867594422965214,45.617277326114014,-0.040221990318830725,0.25,0.0625,0.0,0.13636364,83.62105520148026,100.1,24.42105263157895,0.20833333,0.625,0.390625,0.46666667,0.91428571,0.78,0.0859375,0.263157894,0.421052631,0.315789473,0.40909091,0.22727273,0.36363636,0.29910714,-0.2383524915203452,,-0.038155763410031796,0.908597007393837,0.17985905706882477,-2.3518491651158655
Steward Berroa,PHI,2026,27.0,6.0,7.0,7.0,1.0,0.0,0.142857142,0.142857142,0.142857142,0.285714284,0.0,0.333333333,0.12700970683779036,0.21114284651620047,-30.06900260807181,-0.0421851266918916,0.571428571,0.0,0.0,0.0,90.66666666666667,91.8,23.333333333333332,0.44444444,0.57142857,0.52173913,0.75,1.0,0.91666667,0.04347826,0.0,0.333333333,0.666666666,0.0,0.66666667,0.33333333,0.14285714,-0.0058471351803746074,,-0.0054508233442902565,0.4654823807068169,0.4637677073478699,-1.1116112546448949
Jonathan India,KCR,2026,29.0,17.0,58.0,48.0,8.0,2.0,0.166666666,0.310344827,0.3125,0.622844827,0.145833334,0.181818181,0.2901069696607261,0.28416534949993266,79.8958616332312,-0.04359087036231636,0.224137931,0.137931034,0.05714286,0.31428571,85.66000279017857,105.5,28.37142857142857,0.18656716,0.65048544,0.38818565,0.68,0.8358209,0.79347826,0.08016878,0.257142857,0.571428571,0.171428571,0.4,0.28571429,0.31428571,2.1964285649999997,0.34382148925215006,,-0.08176235016435385,-1.4721757918596268,-1.6847957372665405,-1.0280781426927346
Omar Martinez,LAA,2026,24.0,5.0,3.0,3.0,1.0,0.0,0.333333333,0.333333333,0.333333333,0.666666666,0.0,0.5,0.2963559826215108,0.11133333047231038,86.08007047587166,-0.04383526221707029,0.333333333,0.0,0.0,0.5,88.8499984741211,99.6,17.0,0.28571429,0.6,0.41666667,1.0,1.0,1.0,0.0,0.5,0.5,0.0,0.5,0.5,0.0,0.14285714,-0.3515764558687806,,-0.0054508233442902565,-0.1401258520781994,-0.22585973516106606,-0.40070876464965477
Addison Barger,TOR,2026,26.0,9.0,28.0,22.0,1.0,0.0,0.045454545,0.214285714,0.09090909,0.305194804,0.045454545,0.0625,0.16965878861291067,0.2554842914853777,0.29383221059972925,-0.04466539280467495,0.25,0.178571428,0.0,0.5,88.98750305175781,108.1,16.625,0.35443038,0.6,0.43697479,0.71428571,0.91666667,0.80769231,0.08403361,0.375,0.5,0.125,0.375,0.4375,0.1875,1.60119047125,-0.2608866663649678,,-0.027254116721451283,2.104740709066391,2.3773744106292725,-3.545535438268149
Tyrone Taylor,NYM,2026,32.0,58.0,136.0,126.0,29.0,7.0,0.23015873,0.265151515,0.452380952,0.717532467,0.222222222,0.231578947,0.3075731121229403,0.28375813455292676,95.71577769563004,-0.04712291164564804,0.176470588,0.044117647,0.09433962,0.33018868,86.9833314185049,109.8,19.61764705882353,0.36842105,0.69585253,0.50996016,0.63809524,0.8807947,0.78125,0.11133201,0.343137254,0.529411764,0.12745098,0.49056604,0.32075472,0.18867925,2.2628810653158054,-1.427585450001061,,-0.9456247361376882,-2.7731966972351074,-1.774682879447937,-2.135207813540883
Luken Baker,ARI,2026,29.0,3.0,5.0,5.0,1.0,0.0,0.2,0.2,0.2,0.4,0.0,0.5,0.1778135895729065,0.12280000448226928,4.5758855184910985,-0.054074411671430296,0.6,0.0,0.0,0.5,92.19999694824219,106.8,28.5,0.375,0.25,0.33333333,0.33333333,1.0,0.5,0.16666667,0.0,0.5,0.5,0.0,1.0,0.0,0.14285714,-0.2535722190514207,,-0.0054508233442902565,0.134556345641613,0.22886361181735992,-0.8330259804591978
Moises Ballesteros,CHC,2026,22.0,59.0,175.0,156.0,36.0,6.0,0.23076923,0.302857142,0.384615384,0.687472526,0.153846154,0.258620689,0.30279323032924105,0.3095845189587823,91.02429167690525,-0.05542269057413407,0.205714285,0.097142857,0.09016393,0.46721311,90.14545131714875,111.4,10.59504132231405,0.37054632,0.69747899,0.48861912,0.65384615,0.85542169,0.75776398,0.11818182,0.467213114,0.336065573,0.196721311,0.36885246,0.37704918,0.25409836,2.3447424385109152,0.25941461231559515,,-0.023483754135668278,-4.616136249154806,0.10951501503586769,-1.6482297940084103
Tyler O'Neill,BAL,2026,31.0,61.0,182.0,161.0,33.0,6.0,0.204968944,0.296703296,0.360248447,0.656951743,0.155279503,0.259615384,0.2942085010664804,0.3048473819271549,87.25409922094941,-0.0559106173436725,0.28021978,0.104395604,0.09090909,0.42727273,89.67272727272727,110.9,23.6,0.31221719,0.70070423,0.46418733,0.55072464,0.84422111,0.72403561,0.12809917,0.281818181,0.527272727,0.19090909,0.47272727,0.33636364,0.19090909,3.1784300310171565,-0.0952266613021493,,-0.023483754135668278,-4.220708250999451,-1.9076086282730103,-2.8245236922480483
Jared Oliva,SFG,2026,30.0,7.0,7.0,7.0,1.0,0.0,0.142857142,0.142857142,0.142857142,0.285714284,0.0,0.166666666,0.12700970683779036,0.30785713876996723,-26.114721493123387,-0.05615179900893525,0.142857142,0.0,0.0,0.66666667,93.65000406901042,105.4,13.5,0.30769231,0.64285714,0.48148148,0.5,1.0,0.84615385,0.07407407,0.5,0.333333333,0.166666666,0.5,0.33333333,0.16666667,7.5,0.19454917963594198,,0.19454917963594198,0.09324504621326923,0.07609827816486359,-0.8775981511432565
Kyle Farmer,ATL,2026,35.0,12.0,16.0,15.0,4.0,0.0,0.266666666,0.25,0.333333333,0.583333333,0.066666667,0.333333333,0.24531809613108635,0.2383749932050705,50.29461877076555,-0.056864114046673644,0.25,0.0,0.0,0.25,80.39999898274739,96.7,6.5,0.5862069,0.56521739,0.57692308,0.70588235,0.76923077,0.73333333,0.15384615,0.5,0.166666666,0.333333333,0.5,0.25,0.25,2.64285714,-0.02537546679377556,,-0.01635247003287077,-0.09412622451782227,0.32254043221473694,-0.9912351435678215
Blake Hunt,SDP,2026,27.0,2.0,3.0,3.0,0.0,0.0,0.0,0.0,0.0,0.0,0.0,0.0,0.0,0.0,-100.0,-0.05789252403777007,1.0,0.0,,,,,,0.36363636,0.5,0.41176471,0.5,0.33333333,0.42857143,0.23529412,0.0,0.0,0.0,,,,0.14285714,0.0,,0.0,0.09365151077508926,0.01649101823568344,-0.764583779289304
Andruw Monasterio,BOS,2026,29.0,60.0,177.0,163.0,39.0,5.0,0.239263803,0.295454545,0.435582822,0.731037367,0.196319019,0.285714285,0.3166645338589495,0.308094631541859,97.060907632654,-0.060454792065642665,0.220338983,0.073446327,0.096,0.384,88.99180327868852,107.5,21.540983606557376,0.30361446,0.67621777,0.47382199,0.71428571,0.90254237,0.83701657,0.07722513,0.311475409,0.459016393,0.229508196,0.4,0.344,0.256,4.095756208528362,-0.47893579956144094,,-1.0157116865739226,-5.8208577036857605,-5.282448768615723,-1.090997751109494
Drew Millas,WSN,2026,28.0,50.0,152.0,130.0,24.0,2.0,0.184615384,0.277027027,0.261538461,0.538565488,0.076923077,0.239130434,0.25052745962465134,0.2656226746023518,54.2685693876955,-0.06465831251817011,0.243421052,0.092105263,0.03061224,0.21428571,83.55333658854167,106.6,12.777777777777779,0.30722892,0.60869565,0.43760684,0.64705882,0.87662338,0.78515625,0.09401709,0.445652173,0.326086956,0.228260869,0.38541667,0.28125,0.33333333,2.784123115345132,-1.4707988752052188,,-0.6063575400039554,4.3083295822143555,1.190474271774292,-9.912870238990363
Tanner Murray,CHW,2026,26.0,13.0,33.0,28.0,6.0,1.0,0.214285714,0.28125,0.321428571,0.602678571,0.107142857,0.238095238,0.25520299711535055,0.2752180407124181,58.5624334862365,-0.06751944287300826,0.212121212,0.06060606,0.08695652,0.43478261,90.66666666666667,108.6,25.571428571428573,0.36507937,0.65,0.47572816,0.52173913,0.80769231,0.67346939,0.15533981,0.428571428,0.523809523,0.047619047,0.39130435,0.39130435,0.2173913,0.4107142775,0.2990128705278039,,-0.038155763410031796,-0.5354810282588005,-0.41545361280441284,-1.3098427206650691
Jo Adell,LAA,2026,27.0,100.0,415.0,387.0,93.0,14.0,0.240310077,0.286746987,0.392764857,0.679511844,0.15245478,0.279151943,0.29782098301921983,0.32090414005474455,87.09290462058699,-0.06763445222023123,0.221686746,0.028915662,0.08080808,0.43097643,89.6208204458191,114.9,16.747440273037544,0.40292276,0.77476038,0.54987374,0.60621762,0.87216495,0.7543054,0.13510101,0.397306397,0.407407407,0.195286195,0.39393939,0.34006734,0.26599327,3.816963187292744,0.2741084387525916,,0.11487673129886389,-9.444324016571045,-4.795833587646484,-6.027994569664464
Nick Solak,SDP,2026,31.0,4.0,10.0,7.0,1.0,0.0,0.142857142,0.3,0.142857142,0.442857142,0.0,0.125,0.23168269395828248,0.37317590713500975,45.31963273378847,-0.06849626840301035,0.0,0.1,0.125,0.5,90.17499542236328,103.2,-2.625,0.35714286,0.66666667,0.47826087,1.0,1.0,1.0,0.0,0.5,0.375,0.125,0.375,0.375,0.25,0.14285714,-0.01635247003287077,,-0.01635247003287077,-0.32407405972480774,,-0.6804350168759913
Max Kepler,ARI,2026,33.0,15.0,51.0,47.0,10.0,1.0,0.212765957,0.235294117,0.340425531,0.575719648,0.127659574,0.25,0.2459467275469911,0.29019654965868186,50.20869634096117,-0.07052428175846663,0.235294117,0.039215686,0.10810811,0.48648649,89.90555826822917,108.6,21.11111111111111,0.44642857,0.77631579,0.57978723,0.56,0.93220339,0.76146789,0.13829787,0.222222222,0.527777777,0.25,0.43243243,0.2972973,0.27027027,1.22240259,0.38246526569128036,,-0.04360658675432205,0.3378095030784607,1.0682621002197266,-2.7015343621116124
Yainer Diaz,HOU,2026,27.0,47.0,187.0,178.0,43.0,6.0,0.241573033,0.267379679,0.393258426,0.660638105,0.151685393,0.256944444,0.28537089971297563,0.2934616007269385,80.26315263297157,-0.07278296291043268,0.160427807,0.032085561,0.05333333,0.32,87.9706640625,110.3,5.346666666666667,0.4494382,0.73417722,0.56323777,0.675,0.9137931,0.7994012,0.11298482,0.56,0.28,0.16,0.39333333,0.40666667,0.2,1.877029820837592,-1.217064525000751,,-0.6063575400039554,-1.8311127424240112,-4.311679720878601,-5.559448972078818
Will Wagner,SDP,2026,27.0,16.0,45.0,35.0,9.0,0.0,0.257142857,0.422222222,0.285714285,0.707936507,0.028571428,0.321428571,0.3331144993955439,0.3291304166926894,113.25453968994101,-0.07422295455740816,0.155555555,0.222222222,0.0,0.17857143,81.84444625289352,99.8,4.777777777777778,0.25663717,0.63492063,0.39204545,0.68965517,0.95,0.84057971,0.0625,0.678571428,0.214285714,0.107142857,0.21428571,0.42857143,0.35714286,1.1625939775,0.3338052397593856,,-0.09266399685293436,-3.262544631958008,-2.242311477661133,1.0581875019073828
Spencer Torkelson,DET,2026,26.0,99.0,388.0,339.0,70.0,18.0,0.206489675,0.299741602,0.418879056,0.718620658,0.212389381,0.265306122,0.3148397356656787,0.3183399655040682,99.79905803716855,-0.08078694496746053,0.327319587,0.105670103,0.14418605,0.42790698,89.7586836120892,109.8,19.845070422535212,0.25209205,0.68292683,0.43375681,0.44813278,0.83403361,0.70432357,0.12809668,0.308411214,0.504672897,0.186915887,0.47663551,0.3317757,0.19158879,1.265887663016248,-1.1463338881731033,,-0.8516445904970169,-13.401337146759033,-6.145964622497559,-1.2380638572683709
Ivan Johnson,CIN,2026,27.0,4.0,6.0,5.0,0.0,0.0,0.0,0.166666666,0.0,0.166666666,0.0,0.0,0.11641867955525716,0.20958532889684042,-40.39156151752336,-0.08174868950757633,0.166666666,0.166666666,0.0,0.25,89.07499694824219,97.0,20.75,0.33333333,0.75,0.54166667,0.25,0.88888889,0.69230769,0.16666667,0.25,0.75,0.0,0.5,0.25,0.25,0.14285714,-0.0054508233442902565,,-0.0054508233442902565,0.023451674729585648,0.06288925558328629,-1.02846793594642
Ryan Bliss,SEA,2026,26.0,3.0,10.0,8.0,1.0,0.0,0.125,0.2,0.125,0.325,0.0,0.166666666,0.15875800251960753,0.26995120048522947,-1.232928074188208,-0.08622735943196212,0.3,0.1,0.0,0.66666667,92.23333740234375,100.5,16.166666666666668,0.32142857,0.76470588,0.48888889,0.33333333,0.84615385,0.63636364,0.17777778,0.333333333,0.5,0.166666666,0.16666667,0.66666667,0.16666667,0.14285714,-0.011785899405367672,,-0.010901646688580513,-0.007227979600429535,0.06821784377098083,-1.2028377823217784
Christian Vazquez,HOU,2026,35.0,61.0,194.0,175.0,38.0,5.0,0.217142857,0.27368421,0.337142857,0.610827067,0.12,0.239130434,0.2689088712293635,0.24264368935236855,68.88206047384791,-0.09132425067011885,0.170103092,0.072164948,0.01360544,0.23129252,85.94610206117021,107.4,13.680851063829786,0.37389381,0.62033898,0.47121821,0.73372781,0.92349727,0.83238636,0.0789826,0.432624113,0.404255319,0.163120567,0.30612245,0.3877551,0.30612245,2.6798729338975917,-0.4902227446436882,,-0.01803293079137802,-0.23085851967334747,-3.7510916739702225,-7.592889581426807
Davis Wendzel,PIT,2026,29.0,2.0,4.0,4.0,0.0,0.0,0.0,0.0,0.0,0.0,0.0,0.0,0.0,0.22950001060962677,-100.0,-0.09243803767623791,0.0,0.0,0.0,0.5,92.17500305175781,100.8,30.0,0.47058824,0.85714286,0.58333333,0.875,0.83333333,0.85714286,0.08333333,0.25,0.5,0.25,0.25,0.25,0.5,0.14285714,0.0,,0.0,0.0009373575448989868,0.06609510630369186,-1.046418942231574
Eloy Jimenez,TOR,2026,29.0,12.0,35.0,31.0,9.0,0.0,0.29032258,0.342857142,0.29032258,0.633179722,0.0,0.36,0.28848993607929774,0.2561867577689035,82.44824240589863,-0.09336575931759288,0.2,0.085714285,0.04,0.44,89.22400390625,102.5,5.64,0.40963855,0.70212766,0.51538462,0.55882353,0.84848485,0.70149254,0.15384615,0.48,0.36,0.16,0.52,0.24,0.24,0.5595238025,-0.477469127625227,,-0.06540988013148308,-0.9722222089767456,,-1.2002348339050386
Junior Perez,CHW,2026,24.0,19.0,34.0,33.0,5.0,2.0,0.151515151,0.176470588,0.333333333,0.509803921,0.181818182,0.176470588,0.2188854199998519,0.265015069176169,33.454124837697705,-0.09486517442445197,0.411764705,0.029411764,0.10526316,0.47368421,89.73684210526316,106.1,20.263157894736842,0.34285714,0.67741935,0.5,0.33333333,0.78571429,0.62121212,0.18939394,0.315789473,0.578947368,0.105263157,0.26315789,0.42105263,0.31578947,2.7232142857142856,-0.2846322990953922,,-0.4373820163309574,0.7950111925601959,0.997343122959137,-2.94663774365395
Sam Huff,BAL,2026,28.0,11.0,30.0,29.0,4.0,0.0,0.137931034,0.166666666,0.206896551,0.373563217,0.068965517,0.333333333,0.16641397873560587,0.13898374239603678,-1.0971776296986322,-0.0979223520374485,0.566666666,0.033333333,0.16666667,0.58333333,90.46666463216145,104.6,10.75,0.45762712,0.74074074,0.59292035,0.37037037,0.725,0.58208955,0.24778761,0.333333333,0.416666666,0.25,0.75,0.25,0.0,0.76785714,-0.17434025835245848,,-0.01635247003287077,1.7035009562969208,1.0947904288768768,-3.7427044081618135
Vidal Brujan,NYM,2026,28.0,9.0,13.0,11.0,1.0,0.0,0.09090909,0.166666666,0.09090909,0.257575756,0.0,0.1,0.1322983354330063,0.21329267819722494,-21.676154695399756,-0.09806883795741214,0.076923076,0.076923076,0.0,0.09090909,81.97777642144098,100.3,20.22222222222222,0.29166667,1.0,0.56410256,0.71428571,0.8,0.77272727,0.12820513,0.444444444,0.555555555,0.0,0.36363636,0.45454545,0.18181818,5.0,-0.42619191904668696,,-0.4264803696423769,0.9520787596702576,0.7977578043937683,-2.3472454737686506
Shay Whitcomb,HOU,2026,27.0,17.0,24.0,23.0,3.0,2.0,0.130434782,0.166666666,0.391304347,0.557971013,0.260869565,0.1,0.23599868267774582,0.25839632749557495,46.12946414266285,-0.100581410349801,0.458333333,0.041666666,0.16666667,0.41666667,90.54166666666667,106.0,31.25,0.4137931,0.61764706,0.48913043,0.29166667,0.9047619,0.57777778,0.20652174,0.083333333,0.833333333,0.083333333,0.25,0.5,0.25,0.14285714,-0.010901646688580513,,-0.010901646688580513,-0.3194512501358986,-0.09139912575483322,-1.5320494641949813
Max Muncy,ATH,2026,23.0,46.0,175.0,154.0,35.0,5.0,0.227272727,0.302857142,0.396103896,0.698961038,0.168831169,0.319148936,0.30595655747822353,0.29533231462751114,91.05354883982024,-0.10167921010486908,0.331428571,0.08,0.11111111,0.48484848,90.79495146780303,111.4,13.313131313131313,0.38129496,0.68904594,0.50571429,0.52201258,0.84615385,0.70056497,0.15142857,0.464646464,0.373737373,0.161616161,0.47474747,0.3030303,0.22222222,6.425216035434653,-0.8265445968136191,,-0.44373954739421606,-4.5799234211444855,-4.875990867614746,-2.6685789505863324
Cody Freeman,TEX,2026,25.0,7.0,18.0,17.0,4.0,0.0,0.235294117,0.277777777,0.235294117,0.513071894,0.0,0.333333333,0.23637688159942627,0.16386177804734972,47.232464837730994,-0.10175488698559215,0.277777777,0.055555555,0.0,0.16666667,82.46666971842448,100.4,4.333333333333333,0.375,0.46875,0.41666667,0.53333333,1.0,0.76666667,0.09722222,0.583333333,0.333333333,0.083333333,0.33333333,0.41666667,0.25,0.76785714,-0.030612416099756956,,-0.027254116721451283,-0.5009814705699682,-0.4701172709465027,-1.1481141218537947
Alek Thomas,ARI,2026,26.0,28.0,100.0,94.0,17.0,2.0,0.180851063,0.222222222,0.340425531,0.562647753,0.159574468,0.217391304,0.24531108441978994,0.29199000486393567,49.78296837015779,-0.10201319939394896,0.23,0.03,0.08333333,0.43055556,89.90882783777573,108.0,11.75,0.45454545,0.73426573,0.56818182,0.65263158,0.88571429,0.775,0.12747875,0.414285714,0.357142857,0.228571428,0.33333333,0.33333333,0.33333333,7.2357910914372425,0.8301982777193189,,0.7400409551337361,0.9927601218223572,0.5829523205757141,-5.268563659502331
Daniel Johnson,HOU,2026,30.0,8.0,17.0,14.0,2.0,0.0,0.142857142,0.294117647,0.142857142,0.436974789,0.0,0.181818181,0.22967099792817058,0.3412512330447926,41.75479285835007,-0.10315543770370472,0.176470588,0.117647058,0.0,0.45454545,92.67999877929688,107.2,21.7,0.2972973,0.75,0.43396226,0.54545455,1.0,0.7826087,0.09433962,0.5,0.4,0.1,0.45454545,0.36363636,0.18181818,1.08035714,-0.048825682140886784,,-0.027254116721451283,-0.41348225343972445,-0.42719966173171997,-1.2138044141235653
Alan Roden,MIN,2026,26.0,9.0,25.0,21.0,4.0,0.0,0.19047619,0.28,0.19047619,0.47047619,0.0,0.222222222,0.22607232093811036,0.3505814361572266,37.91516690384798,-0.10584033103194353,0.16,0.12,0.11111111,0.5,90.58333333333333,104.5,13.722222222222221,0.29310345,0.59090909,0.42156863,0.58823529,0.92307692,0.79069767,0.08823529,0.333333333,0.5,0.166666666,0.22222222,0.44444444,0.33333333,0.4107142775,-0.09795316588133574,,-0.038155763410031796,-0.01512196660041809,0.2883759140968323,-1.9240945895871602
Aramis Garcia,ARI,2026,33.0,8.0,19.0,19.0,3.0,1.0,0.157894736,0.157894736,0.315789473,0.473684209,0.157894737,0.166666666,0.2008594776454725,0.25905262796502365,20.01108609667719,-0.10648935291945427,0.315789473,0.0,0.07692308,0.30769231,86.10000375600961,105.8,16.615384615384617,0.41176471,0.66666667,0.53125,0.57142857,0.9,0.76470588,0.125,0.307692307,0.538461538,0.153846153,0.38461538,0.53846154,0.07692308,2.64285714,-0.12771752662956715,,-0.010901646688580513,0.2989978492259979,-0.12967154383659363,-1.9734724878296772
Jake Meyers,HOU,2026,30.0,52.0,148.0,136.0,28.0,3.0,0.205882352,0.263513513,0.31617647,0.579689983,0.110294118,0.240384615,0.2585713202888901,0.25472545623779297,61.73515144800789,-0.10779431717102358,0.202702702,0.067567567,0.06542056,0.28037383,85.69626168224299,106.5,15.429906542056075,0.35409836,0.72123894,0.51035782,0.66666667,0.88957055,0.80073801,0.10169492,0.420560747,0.429906542,0.14953271,0.37383178,0.34579439,0.28037383,2.4879777093257065,-1.3258237224072218,,-0.7946821432560682,1.6428979635238647,1.0719105005264282,-7.988835724614973
Oliver Dunn,TBR,2026,28.0,9.0,12.0,11.0,1.0,0.0,0.09090909,0.166666666,0.09090909,0.257575756,0.0,0.125,0.1322983354330063,0.20679267247517905,-27.041869202043458,-0.10855541108311605,0.25,0.083333333,0.0,0.25,82.62857491629464,101.6,-6.285714285714286,0.30434783,0.68421053,0.47619048,0.71428571,0.69230769,0.7,0.14285714,0.857142857,0.142857142,0.0,0.375,0.375,0.25,2.64285714,0.13525891117751598,,-0.010901646688580513,0.15600842237472534,0.29146796464920044,-1.6583882003009707
Chadwick Tromp,- - -,2026,31.0,13.0,30.0,28.0,7.0,0.0,0.25,0.24137931,0.285714285,0.527093595,0.035714285,0.318181818,0.22732046143761997,0.19417856420789445,38.36536392364984,-0.11312906084083778,0.233333333,0.0,0.0,0.26086957,85.87142944335938,105.0,17.142857142857142,0.52941176,0.57777778,0.54867257,0.63888889,0.84615385,0.72580645,0.15044248,0.363636363,0.363636363,0.272727272,0.26086957,0.30434783,0.43478261,1.30357142125,-0.07673576381057501,,-0.03270494006574154,0.23590175434947014,-0.4328225366771221,-2.3443936672441636
Bryce Johnson,SDP,2026,30.0,32.0,49.0,45.0,8.0,0.0,0.177777777,0.229166666,0.222222222,0.451388888,0.044444445,0.296296296,0.20720240225394568,0.1724069913228353,28.923726814296096,-0.12017107305008506,0.367346938,0.061224489,0.0,0.07142857,79.1160009765625,96.2,18.72,0.42727273,0.55128205,0.4787234,0.57446809,0.81395349,0.68888889,0.14893617,0.48,0.36,0.16,0.32142857,0.32142857,0.35714286,6.706525370830897,0.8140595247969031,,0.5353638818487525,0.6259170174598694,1.4849704504013062,-3.4156580666865386
Jesus Rodriguez,SFG,2026,24.0,15.0,46.0,42.0,10.0,2.0,0.238095238,0.304347826,0.404761904,0.70910973,0.166666666,0.228571428,0.31266375728275464,0.3246474680693253,98.22882724527145,-0.12127479177207547,0.108695652,0.065217391,0.02702703,0.2972973,86.82222493489583,106.5,6.305555555555555,0.41052632,0.67857143,0.50993377,0.69230769,0.92105263,0.80519481,0.09933775,0.555555555,0.25,0.194444444,0.37837838,0.45945946,0.16216216,2.021632937327994,0.09981061238795519,,-0.27553777676075697,-2.703540086746216,-3.2642396688461304,0.0008620706305194625
Marcelo Mayer,BOS,2026,23.0,70.0,228.0,205.0,45.0,3.0,0.219512195,0.281938325,0.312195121,0.594133446,0.092682926,0.260869565,0.26655307399018746,0.25859704481816925,62.41614052133709,-0.12165509771479543,0.192982456,0.070175438,0.06060606,0.35757576,86.11851972415124,109.1,8.833333333333334,0.32989691,0.73428571,0.4994012,0.54375,0.87548638,0.74820144,0.12559809,0.509202453,0.398773006,0.092024539,0.37195122,0.37195122,0.25609756,3.6492388841115595,0.10744476784020662,,0.32200801838189363,0.6378217935562134,-0.8699510097503662,-9.974518343181325
Garrett Stubbs,PHI,2026,33.0,20.0,32.0,28.0,5.0,0.0,0.178571428,0.25,0.178571428,0.428571428,0.0,0.217391304,0.20632330141961575,0.24318768084049225,23.052024322746746,-0.12472616771200301,0.1875,0.03125,0.0,0.34782609,86.52380952380952,103.5,10.0,0.44,0.71794872,0.53508772,0.66666667,0.96428571,0.80327869,0.10526316,0.476190476,0.333333333,0.19047619,0.30434783,0.43478261,0.26086957,2.64285714,-0.046936161583289504,,-0.04360658675432205,0.7578286901116371,0.3548794463276863,-3.037394944035471
Scott Kingery,CHC,2026,32.0,8.0,4.0,4.0,1.0,0.0,0.25,0.25,0.25,0.5,0.0,0.25,0.22226698696613312,0.15600000321865082,37.091081804337946,-0.12923794301067473,0.0,0.0,0.0,0.0,77.125,90.7,31.0,0.44444444,0.66666667,0.53333333,1.0,0.75,0.875,0.06666667,0.25,0.75,0.0,0.5,0.25,0.25,7.5,0.39387411531060934,,0.19454917963594198,-1.497947335243225,-1.2921860218048096,0.08826742901217449
Grant McCray,SFG,2026,25.0,4.0,4.0,3.0,0.0,0.0,0.0,0.0,0.0,0.0,0.0,0.0,0.0,0.0373333344856898,-100.0,-0.13935165840607053,0.5,0.0,0.0,0.0,84.80000305175781,84.8,-14.0,0.625,0.66666667,0.64285714,0.2,0.5,0.33333333,0.42857143,1.0,0.0,0.0,0.0,0.5,0.5,2.5,0.41922689601778984,,0.4000000059604645,-0.9030999541282654,-0.7899312376976013,-0.6066725512034081
Romy Gonzalez,BOS,2026,29.0,14.0,55.0,49.0,9.0,1.0,0.183673469,0.272727272,0.306122448,0.57884972,0.122448979,0.258064516,0.2631427504799583,0.2994280381636186,60.058399116565326,-0.1415807326549169,0.309090909,0.072727272,0.0625,0.4375,89.59062194824219,108.2,-2.125,0.36690647,0.71910112,0.50438596,0.50980392,0.828125,0.68695652,0.15789474,0.59375,0.21875,0.1875,0.21875,0.5,0.28125,5.9687739555839805,-0.23665736988186836,,-0.2809886001050472,-0.5417433381080627,0.5007806420326233,-2.821279381133584
Trei Cruz,DET,2026,27.0,2.0,5.0,5.0,0.0,0.0,0.0,0.0,0.0,0.0,0.0,0.0,0.0,0.09679999947547913,-100.0,-0.14191699528341922,0.6,0.0,0.0,0.5,96.69999694824219,99.4,19.0,0.125,0.61538462,0.42857143,0.0,0.625,0.55555556,0.19047619,0.5,0.5,0.0,0.5,0.0,0.5,0.14285714,0.0,,0.0,-0.30121059715747833,-0.22919414937496185,-1.281650932156342
Rikuu Nishida,CHW,2026,25.0,12.0,30.0,29.0,7.0,0.0,0.24137931,0.24137931,0.24137931,0.48275862,0.0,0.291666666,0.21460260810523196,0.24731034245984307,30.493184943723882,-0.14246087672743077,0.166666666,0.0,0.0,0.12,87.88695758322011,102.0,3.0,0.28888889,0.57692308,0.44329897,0.92307692,0.83333333,0.86046512,0.06185567,0.608695652,0.130434782,0.260869565,0.16,0.6,0.24,2.1964285649999997,-0.06330758985131979,,-0.038155763410031796,0.0366576611995697,0.37444910407066345,-2.5166463756552075
Hayden Senger,NYM,2026,29.0,7.0,17.0,15.0,2.0,1.0,0.133333333,0.133333333,0.333333333,0.466666666,0.2,0.1,0.1951508084932963,0.18113333384195965,20.419881068805704,-0.14291061046103692,0.235294117,0.0,0.0,0.23076923,82.32221815321181,102.8,-3.111111111111111,0.5,0.81818182,0.62962963,0.5625,0.94444444,0.76470588,0.14814815,0.555555555,0.333333333,0.111111111,0.38461538,0.15384615,0.46153846,2.64285714,-0.2238258207216859,,-0.0054508233442902565,-0.10275070369243622,-0.5142733305692673,-1.8668507342349385
Cesar Salazar,HOU,2026,30.0,9.0,22.0,18.0,1.0,0.0,0.055555555,0.227272727,0.055555555,0.282828282,0.0,0.066666666,0.16881141337481412,0.3280355930328369,-0.32073515189830276,-0.14411989750818682,0.136363636,0.136363636,0.0,0.33333333,88.59286063058036,101.3,11.285714285714286,0.26785714,0.69230769,0.44210526,0.8,0.92592593,0.88095238,0.05263158,0.5,0.285714285,0.214285714,0.53333333,0.33333333,0.13333333,0.14285714,-0.03915417846292257,,-0.027254116721451283,0.4248077869415283,-0.106742262840271,-2.6358571099779997
LuJames Groover,ARI,2026,24.0,15.0,54.0,48.0,8.0,1.0,0.166666666,0.259259259,0.270833333,0.530092592,0.104166667,0.194444444,0.24483541868351125,0.2860152226574016,49.46438676355995,-0.1454164392633647,0.203703703,0.092592592,0.10810811,0.45945946,90.05000135633681,105.8,16.72222222222222,0.23584906,0.61386139,0.42028986,0.6,0.9516129,0.85057471,0.0625,0.459459459,0.432432432,0.108108108,0.37837838,0.32432432,0.2972973,1.08035714,0.2688122959807515,,-0.05995905678719282,-0.15748536586761475,0.9964926242828369,-3.0454123568479123
Jarred Kelenic,- - -,2026,26.0,26.0,69.0,61.0,13.0,1.0,0.213114754,0.304347826,0.295081967,0.599429793,0.081967213,0.342857142,0.2758368357368138,0.34614632440649945,73.07200588877409,-0.14819610377988304,0.36231884,0.115942028,0.22222222,0.5,93.79166666666667,110.8,14.527777777777779,0.31097561,0.68518519,0.45955882,0.43137255,0.81081081,0.656,0.15808824,0.361111111,0.444444444,0.194444444,0.25,0.44444444,0.30555556,1.4667937829178732,-1.2752720671705902,,-0.513693543151021,-0.46653857827186584,0.37193864583969116,-3.4613315542008385
Jose Fernandez,ARI,2026,22.0,55.0,177.0,165.0,42.0,3.0,0.254545454,0.289017341,0.351515151,0.640532492,0.096969697,0.319672131,0.2831721860549353,0.2759412203220963,75.14079775861278,-0.14846353836524886,0.2259887,0.039548022,0.03875969,0.3875969,87.89918192879098,111.5,11.540983606557377,0.38596491,0.58131488,0.46802326,0.66233766,0.86904762,0.77018634,0.10755814,0.467213114,0.344262295,0.18852459,0.45736434,0.31782946,0.2248062,5.371086689807235,0.6457095518708229,,0.35080964118242264,-2.552387773990631,0.3837117552757263,-4.698101544740995
Billy Cook,PIT,2026,27.0,58.0,41.0,41.0,9.0,0.0,0.219512195,0.219512195,0.292682926,0.512195121,0.073170731,0.346153846,0.22124836357628427,0.14626829798628643,32.77858297978919,-0.14855601363567786,0.365853658,0.0,0.0,0.23076923,85.32083129882812,104.4,22.25,0.51724138,0.69444444,0.61538462,0.53333333,0.78,0.6875,0.19230769,0.375,0.5,0.125,0.30769231,0.38461538,0.30769231,9.517236944333453,0.09763987455517054,,0.546265528537333,0.4402017593383789,0.7334116101264954,-3.249563983081604
Dylan Carlson,CHC,2026,27.0,3.0,4.0,4.0,0.0,0.0,0.0,0.0,0.0,0.0,0.0,0.0,0.0,0.06949999928474426,-100.0,-0.15269029094876255,0.5,0.0,0.0,0.0,84.44999694824219,88.2,6.5,0.09090909,0.55555556,0.3,0.0,0.8,0.66666667,0.1,0.5,0.5,0.0,1.0,0.0,0.0,0.14285714,0.06268960237503052,,0.0,-0.6756874173879623,-0.5162224173545837,-0.9660937857813023
Brent Rooker,ATH,2026,31.0,48.0,203.0,180.0,36.0,10.0,0.2,0.280788177,0.388888888,0.669677065,0.188888888,0.242990654,0.29210242894616456,0.3120438739506885,81.47543920620656,-0.15277330473024148,0.320197044,0.093596059,0.15384615,0.41880342,89.85861732219827,111.4,19.68103448275862,0.33254157,0.72077922,0.49657064,0.41428571,0.77927928,0.63812155,0.17920657,0.341880341,0.512820512,0.145299145,0.4017094,0.35897436,0.23931624,3.003658407614119,0.42622539959847927,,0.1710654255002737,-4.754761289805174,-0.05311543866991997,-3.9981588664458707
Zach Cole,HOU,2026,25.0,19.0,53.0,51.0,8.0,3.0,0.156862745,0.188679245,0.352941176,0.541620421,0.196078431,0.185185185,0.2331414908733008,0.2887124295504588,44.15413265328697,-0.15506796231406442,0.396226415,0.018867924,0.16666667,0.5,92.46666666666667,113.9,15.3,0.30578512,0.59183673,0.43378995,0.37837838,0.70689655,0.57894737,0.1826484,0.433333333,0.433333333,0.133333333,0.5,0.33333333,0.16666667,0.5595238025,0.15163556672632694,,-0.03270494006574154,-0.09442099928855896,0.4268409311771393,-3.330741478226702
Raynel Delgado,HOU,2026,26.0,17.0,36.0,33.0,9.0,1.0,0.272727272,0.314285714,0.393939393,0.708225107,0.121212121,0.296296296,0.31190227610724314,0.27700067247663224,98.60573053290366,-0.15785476061447007,0.138888888,0.055555555,0.03448276,0.31034483,85.86785888671875,103.7,4.0,0.29310345,0.82,0.53703704,0.41176471,0.85365854,0.72413793,0.14814815,0.5,0.285714285,0.214285714,0.44827586,0.4137931,0.13793103,0.76785714,0.1094622602686286,,-0.04905741009861231,-2.896763414144516,-3.111098051071167,0.05040706646548715
Nick Yorke,PIT,2026,24.0,27.0,86.0,76.0,15.0,1.0,0.197368421,0.279069767,0.276315789,0.555385556,0.078947368,0.237288135,0.2551125239494235,0.3056985722031704,55.459423315618636,-0.1590764883625424,0.197674418,0.081395348,0.05,0.48333333,89.2566650390625,113.5,6.633333333333334,0.32820513,0.69465649,0.47546012,0.71875,0.91208791,0.83225806,0.0797546,0.533333333,0.3,0.166666666,0.26666667,0.45,0.28333333,1.0059523774999999,0.1624302975833416,,-0.10901646688580513,0.10635185241699219,0.28582149744033813,-4.489625665070064
Buddy Kennedy,- - -,2026,27.0,11.0,18.0,16.0,1.0,0.0,0.0625,0.166666666,0.125,0.291666666,0.0625,0.1,0.14749499162038168,0.19822355773713854,-9.941994394200801,-0.16421052384746104,0.333333333,0.111111111,0.0,0.3,80.33999938964844,102.9,24.8,0.34,0.64864865,0.47126437,0.52941176,0.91666667,0.75609756,0.11494253,0.4,0.6,0.0,0.4,0.2,0.4,2.64285714,-0.02991744503378868,,-0.010901646688580513,0.16145170852541924,0.2163214087486267,-2.4045915394430715
Eric Haase,SFG,2026,33.0,29.0,84.0,74.0,12.0,4.0,0.162162162,0.234567901,0.364864864,0.599432765,0.202702702,0.19047619,0.2628653446833293,0.2712385154064791,64.87587141527223,-0.16967777650700358,0.333333333,0.071428571,0.16326531,0.28571429,86.02666558159723,108.1,11.977777777777778,0.36702128,0.65384615,0.48427673,0.50724638,0.76470588,0.64935065,0.169279,0.466666666,0.4,0.133333333,0.34693878,0.40816327,0.24489796,1.30357142125,-0.14597659185528755,,-0.06540988013148308,-0.6936544179916382,-2.284875273704529,-3.7292132128184887
Josh Rojas,KCR,2026,32.0,18.0,44.0,43.0,10.0,1.0,0.232558139,0.25,0.348837209,0.598837209,0.11627907,0.272727272,0.2608171200210398,0.20426162806424228,59.64620173208396,-0.17091773819120473,0.204545454,0.022727272,0.02941176,0.35294118,82.91764562270221,102.9,10.676470588235293,0.42682927,0.6969697,0.5472973,0.57142857,0.86956522,0.74074074,0.14189189,0.470588235,0.44117647,0.088235294,0.20588235,0.38235294,0.41176471,2.01785714,0.020932629704475403,,-0.04360658675432205,-1.1928915977478027,-1.3649308681488037,-2.068103621902037
Yohel Pozo,STL,2026,29.0,18.0,33.0,33.0,8.0,0.0,0.242424242,0.242424242,0.272727272,0.515151514,0.03030303,0.266666666,0.22670791907743973,0.24409091833866003,40.416758744632126,-0.17330660646905155,0.09090909,0.0,0.0,0.26666667,87.5933349609375,104.9,13.966666666666667,0.56603774,0.78,0.66990291,0.83333333,0.92307692,0.88405797,0.0776699,0.5,0.266666666,0.233333333,0.33333333,0.3,0.36666667,0.14285714,-0.28708292450755835,,-0.038155763410031796,-0.11796322651207447,0.44159319810569286,-2.675052053372463
Connor Joe,SEA,2026,33.0,21.0,45.0,39.0,7.0,1.0,0.179487179,0.288888888,0.307692307,0.596581195,0.128205128,0.260869565,0.2733624405331082,0.33697937859429256,77.99932888458659,-0.17756825384118535,0.333333333,0.133333333,0.08333333,0.45833333,92.52500406901042,107.7,15.25,0.25423729,0.59782609,0.4047619,0.66666667,0.8,0.75294118,0.1,0.333333333,0.375,0.291666666,0.41666667,0.33333333,0.25,4.003132006559255,-0.338176840916276,,0.3454917725175619,-1.85949045419693,-1.2559239864349365,-1.5029928316387284
Brady House,WSN,2026,23.0,44.0,177.0,163.0,37.0,7.0,0.226993865,0.282485875,0.398773006,0.681258881,0.171779141,0.280373831,0.2971851916636451,0.3193787227977406,85.51802483404153,-0.1801196338779799,0.282485875,0.073446327,0.10526316,0.42982456,88.98230088495575,113.4,5.477876106194691,0.35789474,0.74377224,0.52193646,0.55147059,0.78947368,0.69565217,0.15885023,0.5,0.315789473,0.184210526,0.35087719,0.43859649,0.21052632,3.225511426189019,-0.7557605989277363,,0.0037703625857830048,-3.6949299722909927,-3.4514455795288086,-3.8688508276987754
Dylan Moore,PHI,2026,33.0,15.0,15.0,12.0,0.0,0.0,0.0,0.2,0.0,0.2,0.0,0.0,0.1397024154663086,0.23290239969889323,-21.567941466719194,-0.18047343580267697,0.4,0.2,0.0,0.33333333,91.2999979654948,101.3,41.666666666666664,0.28846154,0.62068966,0.40740741,0.6,0.77777778,0.6969697,0.12345679,0.0,0.833333333,0.166666666,0.0,1.0,0.0,7.0619652460748235,0.27441005129367113,,0.18364753294736147,-0.3358071520924568,-0.08546421676874161,-1.9402188608711222
Michael Helman,TEX,2026,30.0,15.0,35.0,30.0,5.0,1.0,0.166666666,0.235294117,0.3,0.535294117,0.133333334,0.166666666,0.23883204775698044,0.20026488865123077,48.92985421674355,-0.18107214178099296,0.171428571,0.028571428,0.0,0.07692308,82.89090798117898,97.6,23.90909090909091,0.44927536,0.72727273,0.55752212,0.70967742,0.84375,0.77777778,0.12389381,0.272727272,0.59090909,0.136363636,0.42307692,0.34615385,0.23076923,0.76785714,-0.0009744632989168167,,-0.03270494006574154,-0.9364649951457977,-1.1302235126495361,-2.103997467630587
Will Benson,CIN,2026,28.0,51.0,114.0,96.0,18.0,3.0,0.1875,0.309734513,0.333333333,0.643067846,0.145833333,0.272727272,0.289863720536232,0.29967824253467246,75.77488815034448,-0.1814689561304078,0.333333333,0.140350877,0.11864407,0.37288136,91.06852213541667,111.9,24.925925925925927,0.24642857,0.703125,0.43220339,0.60869565,0.72592593,0.68627451,0.13559322,0.298245614,0.561403508,0.140350877,0.4137931,0.32758621,0.25862069,4.3172803210710216,0.16162872035056353,,-0.3627509502694011,-2.3270663022994995,-1.0016206502914429,-3.1923575910154036
Weston Wilson,- - -,2026,31.0,33.0,68.0,61.0,14.0,2.0,0.229508196,0.308823529,0.360655737,0.669479266,0.131147541,0.3,0.30004645007498126,0.2540346117161993,92.95870870289309,-0.18356972671754718,0.279411764,0.088235294,0.04761905,0.30952381,86.53658536585365,110.3,20.390243902439025,0.31818182,0.66666667,0.47292419,0.48979592,0.81707317,0.69465649,0.14440433,0.404761904,0.476190476,0.119047619,0.47619048,0.23809524,0.28571429,5.547729511322154,0.35931558813899755,,0.2917572921141982,-4.038259372115135,-3.954811692237854,-0.20402378410325628
Josh Smith,TEX,2026,28.0,40.0,138.0,122.0,28.0,1.0,0.229508196,0.311594202,0.295081967,0.606676169,0.065573771,0.28125,0.2748915296401421,0.2845326176396123,73.85972764826263,-0.18376473698621879,0.188405797,0.101449275,0.06185567,0.30927835,86.84210526315789,108.1,16.13684210526316,0.3525641,0.66666667,0.48314607,0.7,0.87837838,0.80232558,0.09497207,0.368421052,0.47368421,0.157894736,0.37113402,0.29896907,0.32989691,3.8765986626060296,-0.36439302284270525,,-0.2172591807320714,-2.1324829757213593,-2.2296478748321533,-4.6086148636553705
C.J. Kayfus,CLE,2026,24.0,9.0,25.0,22.0,4.0,1.0,0.181818181,0.28,0.363636363,0.643636363,0.181818182,0.23076923,0.28801947355270385,0.30429084777832033,82.71187886412682,-0.18531733134651085,0.32,0.08,0.21428571,0.5,92.77857317243304,104.5,24.0,0.38235294,0.8,0.53703704,0.42307692,0.8125,0.63793103,0.19444444,0.285714285,0.642857142,0.071428571,0.28571429,0.64285714,0.07142857,2.64285714,0.18489074986428022,,-0.027254116721451283,-2.4021621346473694,-2.0832321643829346,-0.3236159589379849
Eric Wagaman,NYM,2026,28.0,21.0,42.0,37.0,6.0,2.0,0.162162162,0.261904761,0.324324324,0.586229085,0.162162162,0.16,0.26561798510097323,0.2861022722153437,67.61593624763532,-0.19295123448023016,0.238095238,0.095238095,0.07407407,0.22222222,83.68518518518519,110.1,2.888888888888889,0.30097087,0.53846154,0.40331492,0.61290323,0.80952381,0.7260274,0.11049724,0.518518518,0.333333333,0.148148148,0.40740741,0.33333333,0.25925926,0.29910714,-0.1017423802986741,,-0.04905741009861231,-1.5277963876724243,-0.6944630742073059,-1.7535949364861465
Johnathan Rodriguez,BAL,2026,26.0,5.0,11.0,7.0,0.0,0.0,0.0,0.272727272,0.0,0.272727272,0.0,0.0,0.19050329381769354,0.32977600531144574,15.557070980813434,-0.19523962548514168,0.363636363,0.272727272,0.0,0.5,89.0999984741211,100.5,13.75,0.28571429,0.8,0.47272727,0.6,0.9375,0.80769231,0.09090909,0.25,0.25,0.5,0.25,0.5,0.25,0.14285714,-0.01635247003287077,,-0.01635247003287077,-1.2153860181570053,-0.9993366599082947,-1.109213287877925
Zack Short,- - -,2026,31.0,29.0,62.0,50.0,7.0,0.0,0.14,0.262295081,0.18,0.442295081,0.04,0.212121212,0.21767958461261186,0.2559236581208276,32.74680927584927,-0.20224868688684688,0.306451612,0.129032258,0.05882353,0.20588235,88.7225834015877,103.2,27.93548387096774,0.30952381,0.66346154,0.44485294,0.57692308,0.8115942,0.7107438,0.12867647,0.193548387,0.677419354,0.129032258,0.38235294,0.44117647,0.17647059,1.1845238025,-0.17452167691953946,,-0.07631152682006359,0.9999695867300034,0.22150608897209167,-5.1649711758116155
Sal Frelick,MIL,2026,26.0,90.0,313.0,276.0,65.0,4.0,0.235507246,0.300653594,0.329710144,0.630363738,0.094202898,0.25,0.2812201759854301,0.2823161260523025,75.55073149620969,-0.204291620966803,0.099041533,0.079872204,0.01960784,0.27058824,85.88647861168033,107.2,9.086065573770492,0.26027397,0.62126866,0.42246438,0.8245614,0.95495495,0.91071429,0.0376569,0.506122448,0.346938775,0.146938775,0.40562249,0.36947791,0.2248996,3.919351020713764,1.3004778465256095,,-0.029067532159388065,-4.251563191413879,-0.6575993299484253,-7.993483268707465
James McCann,ARI,2026,36.0,25.0,73.0,70.0,16.0,2.0,0.228571428,0.239436619,0.357142857,0.596579476,0.128571429,0.291666666,0.2581451400904588,0.2157114324435382,58.378698024169076,-0.20997649038957167,0.273972602,0.01369863,0.07692308,0.44230769,89.997998046875,109.8,3.86,0.45394737,0.62295082,0.52919708,0.52173913,0.86842105,0.70344828,0.15693431,0.62,0.28,0.1,0.26923077,0.48076923,0.25,0.76785714,-0.13592811301350594,,-0.06540988013148308,-0.6364579498767853,-2.0825027525424957,-3.8259518946139273
Leo Rivas,SEA,2026,28.0,38.0,120.0,99.0,13.0,0.0,0.131313131,0.262711864,0.171717171,0.434429035,0.04040404,0.203125,0.21747198599880024,0.23819002054505428,39.359229670598545,-0.2119668900684674,0.3,0.125,0.01515152,0.13636364,86.22969055175781,100.0,20.25,0.20983607,0.55021834,0.35580524,0.671875,0.81746032,0.76842105,0.082397,0.359375,0.46875,0.171875,0.42424242,0.39393939,0.18181818,6.217610525066917,1.0342468358576298,,0.2473769523203373,1.1492007076740265,0.4518986642360687,-7.527351259505698
Sterlin Thompson,COL,2026,25.0,27.0,77.0,69.0,16.0,2.0,0.231884057,0.311688311,0.376811594,0.688499905,0.144927537,0.304347826,0.3075183343577695,0.2949259869464032,78.93503583692929,-0.21363012869622017,0.272727272,0.064935064,0.0625,0.4375,86.58957926432292,110.2,7.916666666666667,0.3556701,0.73728814,0.5,0.5942029,0.86206897,0.74358974,0.12820513,0.520833333,0.3125,0.166666666,0.4375,0.35416667,0.20833333,1.1625939775,-0.3902508933097124,,-0.09811482019722462,-2.2690757513046265,-0.7464420795440674,-2.360141427603119
Eliezer Alfonzo,LAD,2026,26.0,7.0,12.0,12.0,1.0,0.0,0.083333333,0.083333333,0.083333333,0.166666666,0.0,0.09090909,0.0740889956553777,0.17450000842412314,-63.419737215157966,-0.21738117800199097,0.083333333,0.0,0.0,0.18181818,89.70909534801136,105.8,15.272727272727273,0.40909091,0.88235294,0.61538462,0.77777778,0.93333333,0.875,0.07692308,0.363636363,0.454545454,0.181818181,0.36363636,0.45454545,0.18181818,2.64285714,-0.0054508233442902565,,-0.0054508233442902565,-0.1562129706144333,-0.45628155767917633,-2.3870923679065323
Hao Yu Lee,DET,2026,23.0,58.0,168.0,160.0,41.0,4.0,0.25625,0.287425149,0.3875,0.674925149,0.13125,0.330357142,0.2947326538091648,0.27414123169676274,85.89794300217528,-0.21977500933314914,0.261904761,0.041666666,0.07692308,0.35897436,88.10517409752156,110.6,15.318965517241379,0.36842105,0.70204082,0.5076661,0.53968254,0.86627907,0.72818792,0.13798978,0.353448275,0.448275862,0.198275862,0.31623932,0.36752137,0.31623932,2.7923462527409377,-1.9413640387356281,,-0.8273870833218098,-3.4388022422790527,-3.992642879486084,-4.728772594867374
Nick Morabito,NYM,2026,23.0,5.0,12.0,11.0,0.0,0.0,0.0,0.083333333,0.0,0.083333333,0.0,0.0,0.060770576198895775,0.17285390694936117,-69.58254507663929,-0.22013740711754554,0.75,0.0,0.0,0.5,86.80000305175781,96.5,17.5,0.45714286,0.27777778,0.39622642,0.1875,0.8,0.33333333,0.26415094,0.0,0.0,1.0,0.0,1.0,0.0,0.0,-0.42102954629808664,,-0.42102954629808664,0.3219034671783447,0.5585289597511292,-2.8924864306973657
Sean Keys,TOR,2026,23.0,11.0,35.0,34.0,6.0,1.0,0.176470588,0.2,0.294117647,0.494117647,0.117647059,0.25,0.21573896408081056,0.20158605575561522,32.15155401146029,-0.2252946792542493,0.371428571,0.028571428,0.0,0.61904762,93.45714169456845,108.5,23.047619047619047,0.34065934,0.70422535,0.5,0.51612903,0.82,0.7037037,0.14814815,0.333333333,0.571428571,0.095238095,0.33333333,0.33333333,0.33333333,2.64285714,0.19656975846737623,,-0.027254116721451283,-0.8807518212124705,0.01088049728423357,-2.5973686674698033
Sean Murphy,ATL,2026,31.0,4.0,14.0,14.0,1.0,0.0,0.071428571,0.071428571,0.071428571,0.142857142,0.0,0.125,0.06350485341889518,0.13250000136239187,-71.47651281664206,-0.23190942944679158,0.428571428,0.0,0.0,0.25,80.2874984741211,107.0,1.875,0.52173913,0.57142857,0.54545455,0.41666667,0.66666667,0.54166667,0.25,0.625,0.25,0.125,0.5,0.375,0.125,2.64285714,-0.0054508233442902565,,-0.0054508233442902565,0.16860830038785934,-0.10574010759592056,-2.921019812135379
Charles McAdoo,TOR,2026,24.0,8.0,25.0,25.0,4.0,1.0,0.16,0.16,0.28,0.44,0.12,0.166666666,0.1882159209251404,0.2341200065612793,13.12338315353407,-0.2323649262416703,0.24,0.0,0.05263158,0.26315789,87.9526302939967,107.7,21.05263157894737,0.325,0.72916667,0.54545455,0.61538462,0.88571429,0.8125,0.10227273,0.421052631,0.421052631,0.157894736,0.15789474,0.47368421,0.36842105,1.60119047125,-0.01953771896660328,,-0.01635247003287077,-0.6164989769458771,-0.32328909635543823,-2.574895941949145
Austin Wells,NYY,2026,26.0,69.0,230.0,202.0,32.0,6.0,0.158415841,0.253275109,0.257425742,0.510700851,0.099009901,0.192592592,0.2328055377573694,0.2870057030061705,44.48239276008992,-0.23364253036589266,0.269565217,0.113043478,0.06338028,0.43661972,88.84244323291367,110.5,19.47142857142857,0.32846715,0.67810026,0.47141316,0.58333333,0.80544747,0.71395881,0.13484358,0.35,0.464285714,0.185714285,0.48591549,0.29577465,0.21830986,2.361128308966591,-0.32614487409591675,,-0.06163951754570007,4.833173871040344,0.032076478004455566,-15.349518134246427
Tristan Gray,MIN,2026,30.0,63.0,182.0,168.0,39.0,4.0,0.232142857,0.270718232,0.333333333,0.604051565,0.101190476,0.318181818,0.2659121504804706,0.26380080750534657,65.45859948123405,-0.2340190152722809,0.313186813,0.049450549,0.06086957,0.37391304,88.43513337556307,111.3,13.603603603603604,0.4235589,0.74342105,0.56187767,0.56213018,0.80530973,0.70126582,0.16737589,0.330357142,0.401785714,0.267857142,0.46086957,0.32173913,0.2173913,3.417013222689263,-0.0008973255753517151,,0.18196707218885422,-1.4106264114379883,-3.0207083225250244,-7.397294293887809
Owen Caissie,MIA,2026,23.0,80.0,246.0,218.0,52.0,12.0,0.23853211,0.296747967,0.458715596,0.755463563,0.220183486,0.341880341,0.3219830047308914,0.3101834978376116,100.78233306113715,-0.23761620267756028,0.390243902,0.073170731,0.1627907,0.48062016,91.79369924950787,112.6,16.69291338582677,0.31703204,0.66588235,0.46267191,0.47340426,0.79151943,0.66454352,0.15490196,0.362204724,0.440944881,0.196850393,0.34883721,0.4496124,0.20155039,3.8148648986178033,0.6782386666163802,,0.11733094509691,-11.298461675643921,-7.906829833984375,0.9119702679071795
Jase Bowen,SDP,2026,25.0,31.0,50.0,47.0,7.0,0.0,0.14893617,0.2,0.191489361,0.391489361,0.042553191,0.24137931,0.18174764394760132,0.2371075688576212,11.875162710776722,-0.2392749023773168,0.36,0.04,0.10344828,0.24137931,85.3,105.5,16.0,0.43137255,0.53125,0.46987952,0.52272727,0.79411765,0.64102564,0.16766467,0.384615384,0.5,0.115384615,0.48275862,0.31034483,0.20689655,7.5,0.8459930419921875,,0.7563934251666069,0.5041627287864685,1.4318032264709473,-4.50530298188487
Victor Scott II,STL,2026,25.0,61.0,184.0,155.0,30.0,2.0,0.193548387,0.275862068,0.258064516,0.533926584,0.064516129,0.254545454,0.24758763765466624,0.2730505078337913,54.40114690276161,-0.2426173140504499,0.239130434,0.086956521,0.00819672,0.23770492,86.65490004595588,105.4,7.264705882352941,0.27532468,0.68120805,0.45241581,0.51886792,0.88669951,0.7605178,0.10834553,0.485436893,0.300970873,0.213592233,0.39344262,0.37704918,0.2295082,5.1004481574925356,0.6867144908756018,,-0.09124944545328617,1.092071384191513,0.39134010672569275,-9.50300869166015
Sam Haggerty,TEX,2026,32.0,36.0,47.0,44.0,7.0,0.0,0.159090909,0.212765957,0.181818181,0.394584138,0.022727272,0.25,0.18550137129235775,0.18211214593116273,12.059468264216182,-0.24656862537532687,0.340425531,0.042553191,0.0,0.07142857,83.39999624399039,105.5,16.846153846153847,0.34782609,0.72,0.51497006,0.53125,0.81481481,0.70930233,0.1497006,0.5,0.384615384,0.115384615,0.42857143,0.35714286,0.21428571,5.629266716466775,0.3989922357723117,,0.35094259586185217,0.34721308946609497,0.8924804925918579,-4.463913225280198
Miles Mastrobuoni,SEA,2026,30.0,13.0,30.0,26.0,5.0,0.0,0.192307692,0.24137931,0.192307692,0.433687002,0.0,0.294117647,0.20146082393054304,0.18400082094915982,28.289845891138807,-0.2521538249386156,0.333333333,0.066666666,0.0,0.22222222,90.15293974034927,101.0,11.117647058823529,0.26785714,0.54901961,0.40186916,0.6,0.92857143,0.81395349,0.07476636,0.470588235,0.411764705,0.117647058,0.27777778,0.55555556,0.16666667,2.1964285649999997,-0.8462725570425391,,-0.038155763410031796,-0.1882077669724822,0.010694839991629124,-3.3773812298942905
Luisangel Acuna,CHW,2026,24.0,70.0,162.0,150.0,37.0,1.0,0.246666666,0.28125,0.286666666,0.567916666,0.04,0.295081967,0.25481203123927115,0.2844676971435547,58.29213759462377,-0.25401952632033814,0.179012345,0.043209876,0.04,0.392,89.61416829427084,109.8,2.8916666666666666,0.36151603,0.69767442,0.49103943,0.60483871,0.9,0.76642336,0.11469534,0.558333333,0.241666666,0.2,0.4,0.384,0.216,6.091474736747886,1.324903785251081,,1.1142013957723975,-1.6678314208984375,-2.9772732257843018,-6.6246330870379175
Reese McGuire,CHW,2026,31.0,11.0,34.0,29.0,5.0,0.0,0.172413793,0.272727272,0.172413793,0.445141065,0.0,0.25,0.22123811281088626,0.24213691191239792,35.080668840530976,-0.2540964212687654,0.264705882,0.058823529,0.0,0.0952381,74.27000122070312,96.0,18.85,0.43636364,0.54545455,0.49090909,0.625,0.93333333,0.7962963,0.1,0.4,0.35,0.25,0.33333333,0.42857143,0.23809524,0.4107142775,-0.04990277119213715,,-0.04905741009861231,-1.0806511640548706,-1.7550910115242004,-2.646842289714019
Rhys Hoskins,CLE,2026,33.0,79.0,274.0,225.0,41.0,11.0,0.182222222,0.313868613,0.386666666,0.700535279,0.204444444,0.229007633,0.31172282156282966,0.2955081967541771,99.09928752713436,-0.2558373894723437,0.317518248,0.153284671,0.12676056,0.40140845,88.89084507042253,112.3,26.802816901408452,0.24153166,0.65909091,0.41530525,0.55487805,0.77742947,0.70186335,0.12349914,0.253521126,0.542253521,0.204225352,0.56338028,0.23239437,0.20422535,2.3129355187087546,-2.115247515961528,,-0.13795104436576366,-9.899857521057129,-4.3963141441345215,-2.405613421766766
Leo Jimenez,MIA,2026,25.0,45.0,135.0,117.0,25.0,2.0,0.213675213,0.311111111,0.299145299,0.61025641,0.085470086,0.255555555,0.28192101098872996,0.3247321968647971,73.95043545644452,-0.25812843995709267,0.192592592,0.081481481,0.05434783,0.44565217,91.1164792239011,108.0,5.329670329670329,0.26100629,0.67083333,0.43727599,0.65060241,0.86956522,0.79508197,0.08960573,0.565217391,0.27173913,0.163043478,0.36956522,0.47826087,0.15217391,3.4853601949023925,0.03170435689389706,,0.0037703625857830048,-2.724755346775055,-2.120617151260376,-4.239249504978384
Vinnie Pasquantino,KCR,2026,28.0,73.0,312.0,271.0,60.0,6.0,0.221402214,0.310897435,0.339483394,0.650380829,0.11808118,0.25116279,0.28979971408843996,0.31660644136200444,79.68343920982976,-0.2619780021211574,0.173076923,0.112179487,0.07239819,0.3800905,88.5972638413242,108.1,20.21917808219178,0.33641161,0.632,0.45389507,0.78431373,0.91455696,0.85639229,0.06507937,0.304545454,0.5,0.195454545,0.42986425,0.35746606,0.21266968,4.903590259388437,-1.108767588622868,,0.3802866144105792,-5.155076578259468,0.2341551035642624,-8.566617988173466
Christian Koss,SFG,2026,28.0,13.0,20.0,19.0,2.0,0.0,0.105263157,0.15,0.157894736,0.307894736,0.052631579,0.117647058,0.1438100278377533,0.17606234550476074,-14.862548281320278,-0.26317452083847026,0.1,0.0,0.0,0.17647059,84.811767578125,107.6,15.764705882352942,0.33333333,0.8,0.57894737,0.44444444,0.91666667,0.78787879,0.12280702,0.470588235,0.470588235,0.058823529,0.35294118,0.29411765,0.35294118,2.64285714,0.1090266015380621,,-0.010901646688580513,-0.5768652632832527,-0.6145881414413452,-2.6809405260852532
Ramon Urias,STL,2026,32.0,25.0,68.0,57.0,9.0,2.0,0.157894736,0.279411764,0.315789473,0.595201237,0.157894737,0.159090909,0.27227025522905235,0.30558911491842833,70.93256247918427,-0.26966834306751136,0.176470588,0.088235294,0.10869565,0.36956522,89.48477836277173,106.8,17.73913043478261,0.26717557,0.74528302,0.48101266,0.65714286,0.83544304,0.78070175,0.10548523,0.391304347,0.52173913,0.086956521,0.32608696,0.43478261,0.23913043,3.629384878631564,-0.4897364992648363,,-0.49189024977386,-1.9995910674333572,-2.133335828781128,-2.890261889782667
Brett Sullivan,COL,2026,32.0,51.0,138.0,127.0,28.0,4.0,0.22047244,0.262773722,0.393700787,0.656474509,0.173228347,0.24,0.2829236096709314,0.26026153564453125,62.46248734969963,-0.27081684880429874,0.18115942,0.050724637,0.02857143,0.32380952,86.79320577973301,107.5,21.54368932038835,0.36428571,0.70506912,0.51307847,0.75490196,0.90196078,0.84313725,0.0804829,0.349514563,0.456310679,0.194174757,0.54285714,0.26666667,0.19047619,3.20094725103431,0.39865626487880945,,-0.5409476598724723,-1.294995903968811,-3.394332766532898,-5.892568791568827
Tommy Pham,NYM,2026,38.0,9.0,14.0,13.0,0.0,0.0,0.0,0.071428571,0.0,0.071428571,0.0,0.0,0.04989371980939593,0.13703657048089163,-76.86742207957448,-0.2788320739996809,0.5,0.071428571,0.0,0.33333333,91.73333740234375,106.0,10.666666666666666,0.34375,0.57142857,0.45,0.45454545,0.875,0.7037037,0.13333333,0.5,0.5,0.0,0.33333333,0.16666667,0.5,2.64285714,0.04990108963102102,,-0.0054508233442902565,-0.2594636604189873,-0.07599320262670517,-2.957328078214438
Nolan Gorman,STL,2026,26.0,62.0,229.0,201.0,39.0,7.0,0.19402985,0.279475982,0.31840796,0.597883942,0.12437811,0.260162601,0.2654563099277177,0.278294164178655,66.36885844123532,-0.280147031161762,0.323144104,0.109170305,0.09230769,0.43846154,89.27615685096154,111.9,22.369230769230768,0.33392857,0.73901809,0.49947202,0.43315508,0.75524476,0.62790698,0.18585005,0.3,0.484615384,0.215384615,0.46923077,0.26153846,0.26923077,1.1813629045558611,-1.1571381790563464,,-0.6935707135125995,0.2583482265472412,1.1511238813400269,-10.510500004637107
Chad Stevens,COL,2026,27.0,16.0,34.0,28.0,1.0,0.0,0.035714285,0.176470588,0.035714285,0.212184873,0.0,0.0625,0.12887142160359552,0.20957530246061437,-40.71541644123123,-0.28216574989925786,0.382352941,0.147058823,0.0625,0.25,81.4124984741211,101.1,13.1875,0.36170213,0.68421053,0.48344371,0.61764706,0.84615385,0.73972603,0.12582781,0.375,0.5,0.125,0.3125,0.3125,0.375,0.5595238025,0.15975078381597996,,-0.03270494006574154,1.7476932108402252,1.6036603450775146,-5.650718917246719
Danny Jansen,TEX,2026,31.0,41.0,142.0,123.0,21.0,3.0,0.170731707,0.276595744,0.308943089,0.585538833,0.138211382,0.225,0.26778976798903015,0.2539070345831256,68.94989506451412,-0.28506118596465074,0.28169014,0.091549295,0.05952381,0.33333333,87.67228680346386,107.3,22.265060240963855,0.25856698,0.69076305,0.44736842,0.59036145,0.85465116,0.76862745,0.10350877,0.373493975,0.48192771,0.144578313,0.5952381,0.29761905,0.10714286,3.857080924224277,-0.6593489544466138,,-0.3736525969579816,-2.0394043624401093,-4.617707937955856,-5.84687509296802
Kevin Alcantara,CHC,2026,23.0,18.0,19.0,18.0,4.0,0.0,0.222222222,0.263157894,0.222222222,0.485380116,0.0,0.363636363,0.22393599309419332,0.25892167342336553,38.20891437697366,-0.28842743350837097,0.368421052,0.052631578,0.0,0.18181818,89.49091131036931,101.7,5.7272727272727275,0.33333333,0.47058824,0.39240506,0.73333333,0.625,0.67741935,0.12658228,0.363636363,0.272727272,0.363636363,0.63636364,0.36363636,0.0,4.09719141249985,-0.7598647000268102,,-0.44283283967524767,-1.289362370967865,-0.360007107257843,-2.185702322781479
Denzel Clarke,ATH,2026,26.0,22.0,60.0,53.0,9.0,0.0,0.16981132,0.228070175,0.188679245,0.41674942,0.018867925,0.310344827,0.19586802783765292,0.1928044216973441,14.94338399901497,-0.29006430217387846,0.4,0.066666666,0.03125,0.46875,91.89643205915179,112.7,2.5,0.25352113,0.66,0.4214876,0.33333333,0.8030303,0.6372549,0.15289256,0.724137931,0.206896551,0.068965517,0.5625,0.15625,0.28125,5.01536578389271,0.517308134585619,,0.3345901258289814,0.4762009382247925,0.20128107070922852,-5.487072726643385
Braxton Fulford,COL,2026,27.0,38.0,68.0,59.0,11.0,1.0,0.186440677,0.264705882,0.305084745,0.569790627,0.118644068,0.303030303,0.25477152975166545,0.21138704524320714,43.60736669308817,-0.2917043445586962,0.397058823,0.088235294,0.08823529,0.29411765,86.81818181818181,109.5,26.484848484848484,0.29824561,0.66666667,0.43589744,0.50980392,0.75,0.64705882,0.15384615,0.303030303,0.606060606,0.09090909,0.26470588,0.26470588,0.47058824,7.0619652460748235,0.9105869634076953,,0.7291393084451556,-1.3613557517528534,-0.38456109166145325,-3.746581319639648
Dominic Smith,ATL,2026,31.0,82.0,242.0,216.0,56.0,6.0,0.259259259,0.315352697,0.379629629,0.694982326,0.12037037,0.276243093,0.3038725905120373,0.31324873852128743,89.51204283697628,-0.29552204096126167,0.140495867,0.074380165,0.05851064,0.35638298,87.7821632179054,109.1,13.156756756756756,0.34386617,0.70680628,0.49456522,0.67567568,0.91481481,0.81758242,0.09011944,0.406417112,0.363636363,0.229946524,0.36702128,0.39893617,0.23404255,2.84138654625,-1.1348152589052916,,-0.3379510473459959,-6.611649453639984,-0.2862038016319275,-4.21727145998147
Jhostynxon Garcia,PIT,2026,23.0,13.0,37.0,35.0,7.0,0.0,0.2,0.243243243,0.228571428,0.471814671,0.028571428,0.28,0.21675817225430463,0.27428313305503443,29.77123505416554,-0.3028873518546183,0.27027027,0.027027027,0.04,0.32,84.55599609375,109.7,12.72,0.45679012,0.80434783,0.58267717,0.59459459,0.78378378,0.68918919,0.18110236,0.52,0.32,0.16,0.36,0.4,0.24,1.08035714,0.11168665438890457,,-0.04360658675432205,-1.1619895249605179,-0.9339374303817749,-3.044098279924669
Kyle Manzardo,CLE,2026,25.0,91.0,320.0,280.0,59.0,10.0,0.210714285,0.303125,0.353571428,0.656696428,0.142857143,0.286549707,0.29467093739658595,0.3073683444808864,87.31039617781394,-0.30554749460051955,0.315625,0.103125,0.11049724,0.40331492,89.2910592702514,108.4,18.92222222222222,0.31901042,0.67145422,0.46716981,0.55510204,0.81818182,0.71405493,0.13348416,0.361111111,0.411111111,0.227777777,0.45856354,0.38674033,0.15469613,2.270905915,-1.6748944502323866,,-0.42516422085464,-7.985784888267517,-1.5425981283187866,-6.452462955152605
Yoan Moncada,LAA,2026,31.0,41.0,130.0,111.0,21.0,3.0,0.189189189,0.307692307,0.297297297,0.604989604,0.108108108,0.285714285,0.2809275086109455,0.26941561698913574,75.41353051916523,-0.30606633937629696,0.346153846,0.13076923,0.07575758,0.40909091,90.33125305175781,110.4,15.861538461538462,0.23397436,0.59166667,0.38949275,0.50684932,0.84507042,0.73023256,0.10507246,0.348484848,0.454545454,0.196969696,0.43939394,0.37878788,0.18181818,4.346280177238372,0.05876150447875261,,0.009221185930073261,-3.9643613398075104,-4.040378570556641,-3.701762835224331
Oswaldo Cabrera,NYY,2026,27.0,3.0,11.0,9.0,0.0,0.0,0.0,0.0,0.0,0.0,0.0,0.0,0.0,0.14777778254614937,-100.0,-0.30725891123123816,0.363636363,0.0,0.0,0.42857143,89.6,98.4,-5.4,0.28571429,0.68181818,0.52777778,0.5,0.93333333,0.84210526,0.08333333,0.8,0.0,0.2,0.42857143,0.28571429,0.28571429,0.14285714,0.0,,0.0,-0.6316838301718235,-0.6756938695907593,-2.801538867107287
Juan Brito,CLE,2026,24.0,15.0,56.0,51.0,9.0,0.0,0.176470588,0.25,0.25490196,0.50490196,0.078431372,0.264705882,0.23214603109019144,0.25614813395908903,44.083541017039316,-0.3100338155493368,0.303571428,0.071428571,0.02941176,0.32352941,84.27353084788604,107.2,14.235294117647058,0.36363636,0.67391304,0.48510638,0.51923077,0.83870968,0.69298246,0.14893617,0.44117647,0.352941176,0.205882352,0.52941176,0.38235294,0.08823529,2.64285714,0.010762786492705345,,-0.054508233442902565,-1.3924443423748016,-1.6039211750030518,-3.6733809811325084
Mickey Gasper,BOS,2026,30.0,34.0,119.0,107.0,26.0,0.0,0.242990654,0.305084745,0.308411214,0.613495959,0.06542056,0.298850574,0.2769191916716301,0.2798886056673729,69.5827992828783,-0.3141454560702989,0.176470588,0.075630252,0.04545455,0.36363636,88.33103223778735,108.7,16.402298850574713,0.26,0.61658031,0.41534989,0.61538462,0.94117647,0.82608696,0.07223476,0.425287356,0.413793103,0.16091954,0.46590909,0.30681818,0.22727273,3.5024833428778352,-0.8684795629233122,,-0.5791034232825041,-2.2265529930591583,-1.5423966348171234,-5.127160330424466
Rafael Marchan,PHI,2026,27.0,31.0,89.0,85.0,9.0,2.0,0.105882352,0.146067415,0.176470588,0.322538003,0.070588236,0.101449275,0.14781328064672064,0.2122754729195927,-16.135613125624992,-0.3267533421241521,0.15730337,0.02247191,0.02816901,0.1971831,83.22253246038733,103.7,24.816901408450704,0.35204082,0.67088608,0.49435028,0.69565217,0.9245283,0.83428571,0.0819209,0.323943661,0.535211267,0.14084507,0.43661972,0.4084507,0.15492958,1.60119047125,-0.22012834530323744,,-0.05995905678719282,6.632375359535217,4.871973037719727,-12.773086100264248
Graham Pauley,MIA,2026,25.0,38.0,99.0,93.0,16.0,1.0,0.17204301,0.214285714,0.29032258,0.504608294,0.11827957,0.220588235,0.22262567099259825,0.2050465369711117,34.23682306232999,-0.3356884417459031,0.242424242,0.05050505,0.04285714,0.22857143,83.94202898550725,105.1,23.3768115942029,0.30204082,0.66467066,0.44902913,0.62162162,0.89189189,0.78378378,0.09708738,0.333333333,0.536231884,0.130434782,0.45714286,0.38571429,0.15714286,3.7022847564381265,0.19134602323174477,,-0.2809886001050472,1.1598375886678696,0.9432168006896973,-7.715597256515828
Jeff McNeil,ATH,2026,34.0,88.0,301.0,271.0,64.0,3.0,0.236162361,0.3,0.309963099,0.609963099,0.073800738,0.259574468,0.2742155981701752,0.30184304154159236,69.10930403040861,-0.34361224068804685,0.119601328,0.0730897,0.0083682,0.32217573,86.35546054359244,105.0,14.0,0.37179487,0.80375783,0.5593835,0.74568966,0.93246753,0.86223663,0.07699275,0.415966386,0.361344537,0.222689075,0.38912134,0.36401674,0.24686192,2.2817589865125605,-1.3258078126236796,,-0.8399691907688975,-1.871789276599884,-2.6782588958740234,-12.265448808918206
Austin Hays,CHW,2026,30.0,12.0,44.0,43.0,10.0,1.0,0.232558139,0.25,0.325581395,0.575581395,0.093023256,0.310344827,0.24206101062685945,0.28293024107467296,49.4766662292808,-0.3554935290753963,0.295454545,0.022727272,0.03333333,0.5,86.97999674479166,111.9,-1.2,0.41747573,0.71428571,0.53012048,0.48837209,0.8,0.64772727,0.18674699,0.6,0.166666666,0.233333333,0.6,0.23333333,0.16666667,1.8154761898809524,-0.47859196178615093,,-0.45918530970811844,-1.9936050176620483,-1.4809165000915527,-3.0940849346734955
Kyler Fedko,MIN,2026,26.0,14.0,19.0,16.0,0.0,0.0,0.0,0.105263157,0.0,0.105263157,0.0,0.0,0.07352758708753084,0.16584337385077225,-67.54727207022746,-0.35798365687222355,0.421052631,0.105263157,0.0,0.44444444,87.88888888888889,104.5,13.555555555555555,0.39534884,0.74285714,0.55128205,0.58823529,0.65384615,0.62790698,0.20512821,0.333333333,0.444444444,0.222222222,0.22222222,0.55555556,0.22222222,5.0,-0.4264803696423769,,-0.4264803696423769,-0.04869501292705536,0.13134613633155823,-4.1718944911025835
George Valera,CLE,2026,25.0,13.0,38.0,37.0,8.0,0.0,0.216216216,0.236842105,0.297297297,0.534139402,0.081081081,0.275862068,0.23467128684646205,0.19840821466947856,45.82938713291039,-0.3614412029838676,0.210526315,0.026315789,0.0,0.34482759,90.15862405711206,108.3,9.586206896551724,0.41269841,0.75,0.57142857,0.73076923,0.88095238,0.82352941,0.1,0.517241379,0.310344827,0.172413793,0.62068966,0.13793103,0.24137931,0.21230158375,-0.3626145925372839,,-0.03270494006574154,-2.148019015789032,-1.7725046873092651,-2.7845147033968556
Colby Thomas,ATH,2026,25.0,50.0,109.0,103.0,21.0,4.0,0.203883495,0.24074074,0.349514563,0.590255303,0.145631068,0.253731343,0.25830259532840166,0.2610212432013618,58.107783042219765,-0.3699584413351954,0.293577981,0.036697247,0.09722222,0.36111111,89.11549570862677,108.7,21.309859154929576,0.44489796,0.82317073,0.59657702,0.47706422,0.85925926,0.68852459,0.18581907,0.295774647,0.535211267,0.169014084,0.29166667,0.45833333,0.25,3.009991385935491,0.3525966452434659,,-0.319144363515079,-2.52957284450531,-1.2830023765563965,-5.019808092184426
Gabriel Rincones,PHI,2026,25.0,24.0,78.0,74.0,13.0,2.0,0.175675675,0.205128205,0.31081081,0.515939015,0.135135135,0.215686274,0.2238163825793144,0.21743026733398438,34.7681801758101,-0.38116628325440527,0.282051282,0.025641025,0.09433962,0.35849057,90.827998046875,112.7,13.5,0.46987952,0.72058824,0.58278146,0.6025641,0.81632653,0.72159091,0.16225166,0.452830188,0.471698113,0.075471698,0.33962264,0.35849057,0.30188679,1.92170329,0.07884048484265804,,-0.054508233442902565,-0.2194002866744995,0.6756612658500671,-6.1005372084095315
Matt Vierling,DET,2026,29.0,85.0,273.0,249.0,51.0,5.0,0.204819277,0.257352941,0.329317269,0.58667021,0.124497992,0.227722772,0.25804097862804637,0.3030358909240948,60.531000093247044,-0.3838042050553191,0.168498168,0.069597069,0.05288462,0.36538462,87.61261756674757,107.4,17.54368932038835,0.3426087,0.64439655,0.4773821,0.72081218,0.92307692,0.84274194,0.07507218,0.371980676,0.468599033,0.159420289,0.34615385,0.42307692,0.23076923,4.501281705768871,-0.2858085045590997,,-0.3091494245454669,-0.5731185004115105,-0.505102813243866,-12.963134273126185
Felix Reyes,PHI,2026,25.0,12.0,38.0,38.0,6.0,1.0,0.157894736,0.157894736,0.263157894,0.42105263,0.105263158,0.178571428,0.18032504382886386,0.23263158296283923,5.639446454927406,-0.3849896078016971,0.236842105,0.0,0.06896552,0.27586207,89.15517241379311,110.3,6.448275862068965,0.54054054,0.65909091,0.58474576,0.575,0.96551724,0.73913043,0.15254237,0.448275862,0.275862068,0.275862068,0.51724138,0.31034483,0.17241379,0.76785714,-0.4463007189333439,,-0.021803293377161026,-0.250227153301239,0.30704301595687866,-4.801065681935832
Christian Moore,LAA,2026,23.0,6.0,22.0,20.0,4.0,0.0,0.2,0.227272727,0.2,0.427272727,0.0,0.4,0.19339926676316696,0.20202326774597168,14.900514885198191,-0.38740243415205394,0.5,0.045454545,0.1,0.5,93.8800048828125,107.3,15.6,0.40740741,0.87179487,0.60215054,0.36363636,0.82352941,0.64285714,0.21505376,0.3,0.3,0.4,0.1,0.6,0.3,1.5971914124998496,-0.44500726042315364,,-0.44283283967524767,-1.9710250198841095,-1.7258261442184448,-2.647723200786237
Rece Hinds,- - -,2026,25.0,13.0,38.0,35.0,4.0,0.0,0.114285714,0.157894736,0.2,0.357894736,0.085714286,0.235294117,0.1602758953445836,0.15518775002823937,-10.051248280012206,-0.3933588404018579,0.5,0.026315789,0.0,0.23529412,85.21333491007486,109.5,23.6,0.45631068,0.76923077,0.56129032,0.38297872,0.75,0.55172414,0.2516129,0.411764705,0.411764705,0.176470588,0.35294118,0.23529412,0.41176471,2.01785714,-0.1226986451074481,,-0.01635247003287077,0.10358840227127075,0.6282796859741211,-5.237709180621029
Davis Schneider,TOR,2026,27.0,49.0,118.0,98.0,15.0,3.0,0.153061224,0.282051282,0.295918367,0.577969649,0.142857143,0.210526315,0.26667268408669365,0.2698811827034786,67.36479410341045,-0.39469032502815365,0.330508474,0.152542372,0.1147541,0.45901639,88.96949483580508,111.1,30.593220338983052,0.23529412,0.61320755,0.38996139,0.58333333,0.8,0.72277228,0.10810811,0.3,0.6,0.1,0.36065574,0.40983607,0.2295082,4.142640085764367,0.2839479437097907,,0.06372941937297583,-3.8682968616485596,-2.8217720985412598,-4.246876613368512
Thomas Saggese,STL,2026,24.0,32.0,82.0,76.0,14.0,1.0,0.184210526,0.243902439,0.276315789,0.520218228,0.092105263,0.265306122,0.23445779375913667,0.2737325807897056,45.60731029947526,-0.3951223144252476,0.31707317,0.073170731,0.1,0.38,88.85,109.7,13.22,0.40609137,0.74418605,0.5398773,0.5875,0.8125,0.71022727,0.15644172,0.44,0.36,0.2,0.4,0.34,0.26,5.803052879079354,-0.6568403318524361,,-0.7183706164360046,-0.5150365680456161,-0.12637631595134735,-6.073668148442414
Kameron Misner,KCR,2026,28.0,18.0,44.0,41.0,9.0,0.0,0.219512195,0.255813953,0.243902439,0.499716392,0.024390244,0.375,0.22715007981588675,0.20927963700405386,36.37035284862406,-0.3968879980544783,0.386363636,0.045454545,0.0,0.2,81.77916463216145,98.6,23.083333333333332,0.30693069,0.77108434,0.51630435,0.48387097,0.71875,0.64210526,0.18378378,0.25,0.541666666,0.208333333,0.4,0.4,0.2,4.337341661036795,-0.6654014978557825,,0.12991305254399776,-1.537977010011673,-1.347647786140442,-3.9593823690898864
Jeimer Candelario,LAA,2026,32.0,7.0,20.0,18.0,2.0,0.0,0.111111111,0.2,0.222222222,0.422222222,0.111111111,0.2,0.19717651903629302,0.21763794422149657,17.5119340229735,-0.4066004290236636,0.4,0.05,0.0,0.4,91.80999755859375,102.3,18.4,0.41860465,0.7,0.55421687,0.5,0.53571429,0.52173913,0.26506024,0.4,0.4,0.2,0.6,0.2,0.2,2.64285714,0.10361763648688793,,-0.010901646688580513,-2.900003507733345,-2.677095413208008,-1.8374023096727279
Cesar Prieto,STL,2026,27.0,6.0,17.0,17.0,0.0,0.0,0.0,0.0,0.0,0.0,0.0,0.0,0.0,0.25087499618530273,-100.0,-0.42073290957125087,0.117647058,0.0,0.06666667,0.46666667,91.18571254185268,108.9,10.5,0.43478261,0.68421053,0.54761905,0.6,1.0,0.82608696,0.0952381,0.533333333,0.4,0.066666666,0.46666667,0.26666667,0.26666667,0.14285714,0.0,,0.0,-0.35405468940734863,-0.44150322675704956,-4.365075968880666
Gage Workman,DET,2026,26.0,16.0,38.0,38.0,6.0,2.0,0.157894736,0.157894736,0.394736842,0.552631578,0.236842106,0.2,0.22997666816962392,0.3105263208088122,41.12862182452231,-0.4297612870198285,0.421052631,0.0,0.22727273,0.45454545,94.154541015625,109.0,12.409090909090908,0.44827586,0.81818182,0.5915493,0.48717949,0.86666667,0.69047619,0.18309859,0.363636363,0.409090909,0.227272727,0.36363636,0.27272727,0.36363636,1.08035714,-0.8526713037863374,,-0.0054508233442902565,-2.123941659927368,-2.0267765522003174,-3.4847367315760147
Chuckie Robinson,LAD,2026,31.0,8.0,26.0,23.0,2.0,0.0,0.086956521,0.086956521,0.086956521,0.173913042,0.0,0.111111111,0.0773102563360463,0.14926087337991464,-61.262267537088476,-0.43349617869341023,0.192307692,0.0,0.0,0.14285714,85.7750015258789,105.3,17.8125,0.37777778,0.77777778,0.57777778,0.76470588,0.68571429,0.71153846,0.16666667,0.5,0.4375,0.0625,0.33333333,0.38095238,0.28571429,2.64285714,-0.02316826954483986,,-0.010901646688580513,-0.024137552827596664,-0.4219427667558193,-5.115266274616997
Patrick Wisdom,SEA,2026,34.0,15.0,44.0,41.0,5.0,1.0,0.121951219,0.181818181,0.219512195,0.401330376,0.097560976,0.181818181,0.1711699505184972,0.2646749851315521,7.348124023385248,-0.4363421155592412,0.409090909,0.068181818,0.2173913,0.47826087,92.9043499490489,109.3,27.91304347826087,0.43181818,0.74324324,0.57407407,0.47368421,0.76363636,0.64516129,0.2037037,0.304347826,0.608695652,0.086956521,0.30434783,0.17391304,0.52173913,1.30357142125,-0.03807519655674696,,-0.027254116721451283,-1.0533462911844254,-0.8624454736709595,-4.834479401421555
Wenceel Perez,DET,2026,26.0,53.0,175.0,161.0,29.0,7.0,0.180124223,0.245714285,0.347826086,0.593540371,0.167701863,0.176,0.26161170176097326,0.27174952915736605,62.99963444720965,-0.44436547618100986,0.165714285,0.08,0.07575758,0.33333333,87.24090761126894,108.1,16.96969696969697,0.33246073,0.66789668,0.47166922,0.75590551,0.88950276,0.83441558,0.07810107,0.416666666,0.492424242,0.09090909,0.43181818,0.32575758,0.24242424,5.718958229202256,1.5395414168015122,,0.015445762313902378,-4.561303377151489,-3.036383628845215,-6.0786686678572215
Harrison Bader,SFG,2026,32.0,30.0,111.0,106.0,18.0,5.0,0.16981132,0.198198198,0.358490566,0.556688764,0.188679246,0.19117647,0.23772064200392715,0.2719373617086325,48.03496998793958,-0.4472069766250605,0.306306306,0.036036036,0.08219178,0.4109589,89.22192048373287,109.3,12.342465753424657,0.43137255,0.68674699,0.53206651,0.59090909,0.80701754,0.70089286,0.15914489,0.479452054,0.356164383,0.164383561,0.50684932,0.26027397,0.23287671,1.35609243375,-0.40164582058787346,,-0.06540988013148308,-0.6444575488567352,-1.0554084777832031,-7.406914628163846
Andrew McCutchen,TEX,2026,39.0,37.0,83.0,73.0,14.0,1.0,0.191780821,0.277108433,0.260273972,0.537382405,0.068493151,0.25490196,0.2484376107353762,0.23709166193582926,55.570700307261376,-0.44927549523322835,0.26506024,0.108433734,0.05769231,0.28846154,87.06923264723558,106.0,22.75,0.23857868,0.71518987,0.45070423,0.53191489,0.76106195,0.69375,0.13764045,0.365384615,0.519230769,0.115384615,0.36538462,0.44230769,0.19230769,1.5064935025000001,-0.44438131526112556,,-0.10901646688580513,-2.6238956600427628,0.2053222507238388,-4.783049544242718
Will Brennan,SFG,2026,28.0,11.0,23.0,23.0,2.0,0.0,0.086956521,0.086956521,0.086956521,0.173913042,0.0,0.1,0.0773102563360463,0.1775909120386297,-59.401396526195235,-0.45008876108178736,0.130434782,0.0,0.0,0.25,82.93157637746711,103.1,20.263157894736842,0.52272727,0.78787879,0.63636364,0.91304348,0.96153846,0.93877551,0.03846154,0.45,0.5,0.05,0.35,0.2,0.45,0.14285714,-0.011726988421287388,,-0.010901646688580513,-0.7413343191146851,-0.40868690609931946,-4.46429540622738
Jerar Encarnacion,SFG,2026,28.0,17.0,35.0,34.0,6.0,0.0,0.176470588,0.2,0.205882352,0.405882352,0.029411764,0.23076923,0.1829067860330854,0.21012890679495674,11.322873725487218,-0.45216808950600595,0.228571428,0.028571428,0.07692308,0.34615385,87.50384051983173,112.3,5.346153846153846,0.46153846,0.60294118,0.52201258,0.66666667,0.97560976,0.81927711,0.09433962,0.5,0.346153846,0.153846153,0.34615385,0.34615385,0.30769231,0.4107142775,-1.088603487238288,,-0.03270494006574154,-0.7601664066314697,-0.15831458568572998,-4.8579867563268575
Jake Cronenworth,SDP,2026,32.0,49.0,174.0,155.0,30.0,3.0,0.193548387,0.277456647,0.277419354,0.554876001,0.083870967,0.234782608,0.2558387862464596,0.2910775862677249,61.49840304106237,-0.4559282559131833,0.212643678,0.086206896,0.05882353,0.32773109,87.4,108.9,7.3826086956521735,0.31188119,0.65979381,0.45755396,0.6031746,0.93229167,0.80188679,0.09064748,0.530434782,0.304347826,0.165217391,0.33613445,0.42016807,0.24369748,4.457546140762891,0.7271921327337623,,0.3765162518247962,-2.7864429652690887,-3.1962506771087646,-7.408952031821482
John Ingle,CLE,2026,24.0,7.0,24.0,21.0,2.0,0.0,0.095238095,0.208333333,0.095238095,0.303571428,0.0,0.222222222,0.1614030053218206,0.1751056710879008,-4.824945363396393,-0.46574099529997426,0.5,0.125,0.0,0.44444444,90.95555962456598,103.6,1.1111111111111112,0.25,0.68888889,0.43809524,0.53333333,0.90322581,0.7826087,0.0952381,0.777777777,0.111111111,0.111111111,0.44444444,0.33333333,0.22222222,0.76785714,-0.19187354762107134,,-0.027254116721451283,-2.313556283712387,-1.8248732089996338,-3.151826225315487
Joey Meneses,ATH,2026,34.0,9.0,25.0,20.0,3.0,0.0,0.15,0.28,0.15,0.43,0.0,0.176470588,0.21967947959899903,0.3265513229370117,31.405530642011414,-0.46855357339047604,0.16,0.12,0.0,0.58823529,92.70000143612133,106.5,12.882352941176471,0.33333333,0.64285714,0.44736842,0.6875,0.88888889,0.79411765,0.09210526,0.529411764,0.294117647,0.176470588,0.58823529,0.29411765,0.11764706,0.5595238025,-0.04208895843476057,,-0.038155763410031796,-3.4691850543022156,-2.8981974124908447,-2.0597025314268183
Alec Bohm,PHI,2026,29.0,96.0,391.0,356.0,77.0,12.0,0.216292134,0.276214833,0.356741573,0.632956406,0.140449439,0.225694444,0.279410431299673,0.2974673931415264,72.00281787995137,-0.4778374486633295,0.153452685,0.063938618,0.05333333,0.42,90.34916518603679,109.4,9.270903010033445,0.29753086,0.67255217,0.46057223,0.75103734,0.89976134,0.84545455,0.07112971,0.473333333,0.346666666,0.18,0.31,0.41333333,0.27666667,1.8301375942596483,-1.2321381140500307,,-0.2469675112515688,-2.972959041595459,-4.127508163452148,-14.526935508574347
Kerry Carpenter,DET,2026,28.0,77.0,246.0,218.0,45.0,13.0,0.206422018,0.278688524,0.426605504,0.705294028,0.220183486,0.237037037,0.30496617467677006,0.294125832802008,92.97293040257216,-0.48170272567399197,0.296747967,0.073170731,0.1,0.44,89.77397260273973,110.3,22.027397260273972,0.38539898,0.66404199,0.49484536,0.63436123,0.81027668,0.72708333,0.13505155,0.317567567,0.52027027,0.162162162,0.41891892,0.33108108,0.25,2.8928571400000003,-0.7782088369131088,,-0.2616395205259323,-10.729987144470215,-5.903170108795166,-2.812055669279541
Trevor Story,BOS,2026,33.0,41.0,176.0,165.0,34.0,3.0,0.206060606,0.244318181,0.303030303,0.547348484,0.096969697,0.289719626,0.24190202660181306,0.2482917308807373,45.373535934344325,-0.48284825010639354,0.323863636,0.045454545,0.03636364,0.41818182,88.85963481938073,109.6,12.908256880733944,0.47215496,0.69008264,0.55267176,0.65641026,0.79041916,0.71823204,0.15572519,0.467889908,0.330275229,0.201834862,0.47272727,0.32727273,0.2,4.751861017073296,1.0413003778085113,,0.6201228415593505,-0.786179780960083,-2.3208160400390625,-10.270315244849295
Carson Williams,TBR,2026,23.0,12.0,33.0,30.0,3.0,0.0,0.1,0.15625,0.133333333,0.289583333,0.033333333,0.157894736,0.13853267952799797,0.19740700721740723,-22.731729369189775,-0.4908762423531541,0.333333333,0.06060606,0.0,0.25,85.01052374588816,110.1,21.0,0.3968254,0.70909091,0.54237288,0.6,0.79487179,0.71875,0.15254237,0.368421052,0.526315789,0.105263157,0.35,0.3,0.35,2.64285714,0.2809065543115139,,-0.021803293377161026,-1.5508895739912987,-1.6657729148864746,-4.4842774471864
Alejandro Osuna,TEX,2026,23.0,63.0,192.0,166.0,42.0,1.0,0.253012048,0.35078534,0.295180722,0.645966062,0.042168674,0.294964028,0.30195775737313074,0.30916232154482887,92.57207725545886,-0.4915608448494322,0.135416666,0.088541666,0.0070922,0.29078014,87.0,108.3,6.1678832116788325,0.35532995,0.62798635,0.47161572,0.8,0.94565217,0.88271605,0.05523256,0.485507246,0.282608695,0.231884057,0.25531915,0.40425532,0.34042553,3.73035734024503,-0.7053195666521788,,-0.3691084813326597,-9.330173969268799,-7.481180191040039,-2.383263666022184
James Outman,- - -,2026,29.0,77.0,148.0,137.0,21.0,3.0,0.153284671,0.216216216,0.277372262,0.493588478,0.124087591,0.253521126,0.22100642927595088,0.21230653169992808,34.68382205422518,-0.4941353705811841,0.425675675,0.067567567,0.06756757,0.33783784,86.03108174092061,107.5,16.2972972972973,0.31944444,0.76422764,0.5,0.36521739,0.73404255,0.59405941,0.2029703,0.378378378,0.459459459,0.162162162,0.55405405,0.2027027,0.24324324,8.618354310602081,1.1891957679763436,,0.24347363505512476,0.014785051345825195,0.20625746250152588,-10.18423164804247
Greg Jones,MIL,2026,28.0,12.0,24.0,23.0,2.0,0.0,0.086956521,0.086956521,0.086956521,0.173913042,0.0,0.153846153,0.0773102563360463,0.1635652210401452,-61.019857571986215,-0.49447628984715114,0.416666666,0.0,0.0,0.28571429,86.33333333333333,109.1,1.25,0.43902439,0.625,0.5308642,0.5,0.76,0.65116279,0.18518519,0.583333333,0.25,0.166666666,0.14285714,0.64285714,0.21428571,2.956140350877193,-0.22701511468039826,,-0.22648036666214466,-0.7572350800037384,-0.4897454082965851,-4.920347619407579
Luis Rengifo,- - -,2026,29.0,60.0,219.0,194.0,43.0,0.0,0.221649484,0.294930875,0.268041237,0.562972112,0.046391753,0.252941176,0.2571771197296955,0.29749290665914846,59.467683937205805,-0.49576931794204926,0.118721461,0.0913242,0.04651163,0.37209302,88.16190374465216,109.2,3.8988095238095237,0.31515152,0.75072464,0.49404762,0.69871795,0.9034749,0.82650602,0.08571429,0.556213017,0.272189349,0.171597633,0.37209302,0.34883721,0.27906977,3.3544165284734797,-0.8217129018157721,,-0.5255018975585699,-0.4573389394208789,-1.0443300111219287,-11.602145259403217
Sandy Leon,ATL,2026,37.0,21.0,44.0,44.0,4.0,0.0,0.09090909,0.09090909,0.09090909,0.18181818,0.0,0.153846153,0.08082435889677568,0.13231818242506546,-59.87661091117761,-0.5106725942621,0.409090909,0.0,0.0,0.19230769,81.84615384615384,98.8,17.153846153846153,0.43157895,0.69879518,0.55617978,0.58536585,0.84482759,0.73737374,0.1452514,0.461538461,0.384615384,0.153846153,0.65384615,0.19230769,0.15384615,0.14285714,-0.10520569607615471,,-0.021803293377161026,2.1574422866106033,1.0028926879167557,-8.648556773541378
Adrian Del Castillo,ARI,2026,26.0,52.0,168.0,154.0,30.0,5.0,0.194805194,0.25595238,0.324675324,0.580627704,0.12987013,0.245098039,0.25799056745710824,0.2660218884131152,58.27517154724827,-0.543625678534297,0.285714285,0.077380952,0.06542056,0.39252336,88.94622457252359,107.8,16.77358490566038,0.3202934,0.6975089,0.47391304,0.5648855,0.86734694,0.74617737,0.12028986,0.355140186,0.439252336,0.205607476,0.38317757,0.40186916,0.21495327,0.99812029625,-0.4665705347433686,,-0.17987717036157846,-1.8875364363193512,-0.11113050580024719,-8.979802853356132
Carlos Santana,ARI,2026,40.0,8.0,26.0,24.0,2.0,0.0,0.083333333,0.153846153,0.125,0.278846153,0.041666667,0.125,0.13630683834736163,0.18703939364506647,-23.223652017135883,-0.5478123060826207,0.307692307,0.076923076,0.0,0.4375,87.78125,107.2,29.4375,0.36065574,0.71111111,0.50943396,0.5,0.875,0.72222222,0.14150943,0.25,0.5625,0.1875,0.4375,0.3125,0.25,1.08035714,-0.016718056373065338,,-0.01635247003287077,-2.363068699836731,-1.8315186500549316,-3.9076897151329364
Marcus Semien,NYM,2026,35.0,82.0,327.0,299.0,62.0,9.0,0.207357859,0.26380368,0.331103678,0.594907358,0.123745819,0.24090909,0.2635296599630929,0.30887971100983797,66.21726081910965,-0.5494426724349167,0.22324159,0.070336391,0.07826087,0.34782609,86.09822663163717,107.5,18.91592920353982,0.32605531,0.74344569,0.50859951,0.60714286,0.88664987,0.78582931,0.10874898,0.333333333,0.434210526,0.23245614,0.50869565,0.30869565,0.1826087,4.317133640751143,0.8049539290368557,,-0.0018134154379367828,-3.506817102432251,-4.754530429840088,-12.611361379294395
Bo Naylor,CLE,2026,26.0,28.0,90.0,84.0,12.0,2.0,0.142857142,0.2,0.238095238,0.438095238,0.095238096,0.163934426,0.19884195327758789,0.2953189936551181,21.058627699874556,-0.5604782815628444,0.233333333,0.066666666,0.11111111,0.41269841,89.60164254610656,108.9,17.885245901639344,0.32051282,0.6516129,0.45244216,0.77333333,0.94059406,0.86931818,0.05912596,0.349206349,0.523809523,0.126984126,0.38095238,0.44444444,0.17460317,0.29910714,0.33096751756966114,,-0.07631152682006359,-0.7291104793548584,-2.4695082902908325,-8.028065923036605
Blake Perkins,MIL,2026,29.0,54.0,101.0,89.0,14.0,1.0,0.15730337,0.25,0.258426966,0.508426966,0.101123596,0.196969696,0.23523351669311524,0.2639536666870117,44.75073334198138,-0.5698905693456489,0.217821782,0.0990099,0.04411765,0.33823529,86.44000150240385,106.4,13.353846153846154,0.29361702,0.57608696,0.4176611,0.72463768,0.85849057,0.80571429,0.08114558,0.43076923,0.43076923,0.138461538,0.42647059,0.27941176,0.29411765,5.6166908506024775,0.16959871910512447,,0.08630646578967571,-2.3314988017082214,-1.818810224533081,-6.607417658673472
Brenton Doyle,COL,2026,28.0,43.0,122.0,111.0,23.0,1.0,0.207207207,0.278688524,0.27027027,0.548958794,0.063063063,0.314285714,0.252103220243923,0.24796330427923122,41.82024127067003,-0.5766749005568401,0.327868852,0.090163934,0.05633803,0.35211268,87.82686421408582,109.4,6.701492537313433,0.38039216,0.75882353,0.53176471,0.51546392,0.86821705,0.71681416,0.15058824,0.550724637,0.275362318,0.173913043,0.46478873,0.42253521,0.11267606,6.567299747977812,0.80813775700517,,0.8107687039300799,-1.8798002302646637,-2.351907968521118,-7.812162439513546
Andy Ibanez,- - -,2026,33.0,14.0,26.0,23.0,2.0,0.0,0.086956521,0.115384615,0.086956521,0.202341136,0.0,0.09090909,0.09525569127156185,0.163635077384802,-48.31666894466886,-0.5799165290390869,0.115384615,0.038461538,0.0,0.18181818,86.25454434481534,105.1,13.590909090909092,0.525,0.79487179,0.65822785,0.80952381,0.83870968,0.82692308,0.11392405,0.363636363,0.5,0.136363636,0.59090909,0.22727273,0.18181818,1.60119047125,-0.01635247003287077,,-0.01635247003287077,-1.9286198914051056,-1.7817291617393494,-4.714003704594095
Jorge Soler,LAA,2026,34.0,78.0,326.0,284.0,58.0,11.0,0.204225352,0.294478527,0.373239436,0.667717963,0.169014084,0.273255813,0.2957962632544933,0.2993891663346554,85.69310615336342,-0.5896000827656345,0.322085889,0.098159509,0.1147541,0.41530055,88.18961855362022,112.7,14.53551912568306,0.30918499,0.70566728,0.47348485,0.46861925,0.77979275,0.6608,0.16060606,0.393442622,0.404371584,0.202185792,0.53551913,0.27322404,0.19125683,2.258363465,-2.188868193887174,,-0.3870084574446082,-9.787121057510376,-2.096791982650757,-7.676334116603771
TJ Friedl,CIN,2026,30.0,61.0,222.0,194.0,34.0,3.0,0.175257731,0.258064516,0.262886597,0.520951113,0.087628866,0.221428571,0.23999794507356284,0.24109620593843006,42.37681540827767,-0.5928297142105398,0.234234234,0.081081081,0.02702703,0.27702703,87.328125,106.4,19.34375,0.29288703,0.6300578,0.43446602,0.55,0.89449541,0.75977654,0.10436893,0.417910447,0.43283582,0.149253731,0.38513514,0.37162162,0.24324324,5.545558165227026,1.2724587190896273,,0.7492621410638094,1.1455508321523666,0.94379061460495,-14.263600723958865
Ronny Mauricio,NYM,2026,25.0,17.0,50.0,50.0,9.0,1.0,0.18,0.18,0.26,0.44,0.08,0.258064516,0.19039111018180846,0.20474000930786132,17.232028298795765,-0.601619063975984,0.36,0.0,0.09375,0.34375,89.921875,111.3,6.5625,0.58333333,0.71875,0.63372093,0.61904762,0.82608696,0.70642202,0.18604651,0.53125,0.375,0.09375,0.5,0.28125,0.21875,1.86160714,-0.16362386848777533,,-0.038155763410031796,-2.39752921462059,-2.8947856426239014,-5.189629379458368
Edouard Julien,COL,2026,27.0,81.0,255.0,219.0,48.0,3.0,0.219178082,0.329411764,0.305936073,0.635347837,0.086757991,0.298013245,0.2939259035914552,0.34274968165977326,69.83137732038385,-0.6050505061143068,0.25490196,0.137254901,0.07142857,0.50649351,91.13856336805556,109.1,7.771241830065359,0.21404682,0.65652174,0.40642722,0.5859375,0.87417219,0.78837209,0.08593012,0.516339869,0.241830065,0.241830065,0.37012987,0.3961039,0.23376623,4.854475441717037,-0.8791448697447777,,-0.6391954347491264,-4.0947001576423645,-3.481416940689087,-10.222143975811782
Jorge Polanco,NYM,2026,32.0,21.0,87.0,81.0,14.0,1.0,0.172839506,0.229885057,0.259259259,0.489144316,0.086419753,0.203125,0.22140713738298964,0.2514605905817843,38.00530461955518,-0.6413331467680826,0.183908045,0.068965517,0.03076923,0.27692308,84.79692007211538,108.7,12.246153846153845,0.32291667,0.65891473,0.45794393,0.66129032,0.91764706,0.80952381,0.08722741,0.4,0.43076923,0.169230769,0.47692308,0.26153846,0.26153846,0.50469924,-0.2577539002522826,,-0.08176235016435385,-2.3805918097496033,-0.26467961072921753,-6.808102702549127
Noelvi Marte,CIN,2026,24.0,44.0,142.0,133.0,26.0,6.0,0.195488721,0.246478873,0.375939849,0.622418722,0.180451128,0.219780219,0.27119745922760224,0.2635007899442165,63.27298384375748,-0.6662559263428556,0.253521126,0.063380281,0.06185567,0.28865979,87.85000415558511,112.8,7.968085106382978,0.39513678,0.66350711,0.5,0.61538462,0.90714286,0.76666667,0.11666667,0.597938144,0.30927835,0.092783505,0.51546392,0.31958763,0.16494845,5.083070215262227,0.5951232323423028,,0.4590523550286889,-5.493081450462341,-3.9018609523773193,-5.738680971588315
Jordan Beck,COL,2026,25.0,30.0,88.0,82.0,15.0,1.0,0.182926829,0.227272727,0.304878048,0.532150775,0.121951219,0.233333333,0.23321077498522672,0.25474475150884585,29.16684813337058,-0.6727339078812913,0.25,0.056818181,0.03278689,0.26229508,85.26610500529661,108.1,14.220338983050848,0.4375,0.70229008,0.53982301,0.61538462,0.82608696,0.72131148,0.15,0.433333333,0.366666666,0.2,0.42622951,0.27868852,0.29508197,6.094144319690586,0.38605211209505796,,-0.08643942046910524,-2.3479291200637817,-1.3962832689285278,-7.184191976406791
Edgar Quero,CHW,2026,23.0,55.0,172.0,150.0,28.0,2.0,0.186666666,0.252941176,0.233333333,0.486274509,0.046666667,0.232142857,0.22429916718426873,0.25967980559761,37.19694156853868,-0.706881554270989,0.238372093,0.069767441,0.02586207,0.34482759,90.94375174386161,106.5,9.607142857142858,0.31510417,0.7480916,0.49071207,0.61983471,0.90306122,0.79495268,0.10046368,0.504424778,0.371681415,0.123893805,0.31034483,0.46551724,0.22413793,2.700002464866938,-0.4983411952853203,,-0.01803293079137802,0.07652795314788818,-2.500632405281067,-13.20753850525141
Otto Kemp,PHI,2026,26.0,13.0,27.0,25.0,2.0,0.0,0.08,0.148148148,0.08,0.228148148,0.0,0.133333333,0.11873684768323545,0.20532440256189416,-35.6098279389752,-0.7143569272251675,0.37037037,0.037037037,0.0,0.13333333,81.52000325520834,101.5,27.0,0.375,0.7,0.48333333,0.4,0.89285714,0.63793103,0.175,0.266666666,0.4,0.333333333,0.2,0.13333333,0.66666667,0.14285714,-0.021833770755620208,,-0.021803293377161026,-3.483052760362625,-3.160693407058716,-4.468613043210586
Pavin Smith,ARI,2026,30.0,28.0,89.0,78.0,11.0,1.0,0.141025641,0.235955056,0.192307692,0.428262748,0.051282051,0.166666666,0.2054248559341002,0.2552934925207931,23.06879120130928,-0.7264995126353317,0.202247191,0.11235955,0.03278689,0.31147541,86.1311475409836,107.4,14.737704918032787,0.2513089,0.64285714,0.43454039,0.72916667,0.87962963,0.83333333,0.0724234,0.44262295,0.409836065,0.147540983,0.44262295,0.27868852,0.27868852,2.9889044520149124,-0.9293153239414096,,0.09643435943871737,-0.8521697521209717,1.3048946857452393,-9.244716501041385
Logan O'Hoppe,LAA,2026,26.0,71.0,241.0,219.0,47.0,4.0,0.214611872,0.279166666,0.305936073,0.585102739,0.091324201,0.27388535,0.2641486937801043,0.27220389048258464,63.81342679557033,-0.7363549782804863,0.244813278,0.070539419,0.10493827,0.37037037,87.0391292216615,114.3,17.81366459627329,0.3844697,0.7020649,0.50865052,0.56157635,0.88655462,0.73696145,0.13364055,0.372670807,0.465838509,0.161490683,0.47530864,0.27160494,0.25308642,1.1845238025,-2.3099209209904075,,-0.2997952839359641,-3.313380002975464,-8.10590386390686,-12.570535683493475
Marcell Ozuna,PIT,2026,35.0,63.0,258.0,231.0,48.0,8.0,0.207792207,0.290697674,0.337662337,0.628360011,0.12987013,0.275862068,0.2813383716553566,0.3105503292534295,73.02443180647896,-0.7500425830059307,0.302325581,0.096899224,0.08496732,0.38562092,89.51866536458333,111.2,20.213333333333335,0.28803545,0.61853448,0.42243646,0.55897436,0.81184669,0.70954357,0.12259194,0.307189542,0.437908496,0.25490196,0.38562092,0.36601307,0.24836601,0.67170329,-0.915877427905798,,-0.3270494006574154,-6.481481075286865,,-9.368295124462353
Lenyn Sosa,- - -,2026,26.0,40.0,117.0,113.0,22.0,1.0,0.194690265,0.206896551,0.28318584,0.490082391,0.088495575,0.238636363,0.21308710605933748,0.24922206484038253,30.050802799500083,-0.7576783211145918,0.213675213,0.008547008,0.05555556,0.36666667,88.66517073384831,107.7,20.03370786516854,0.5,0.65605096,0.55580866,0.75177305,0.89320388,0.81147541,0.1047836,0.404494382,0.449438202,0.146067415,0.42222222,0.3,0.27777778,2.3587662275,0.3064784035086632,,-0.0872131735086441,-2.3494545221328735,-0.8165326714515686,-9.322439361125832
Eugenio Suarez,CIN,2026,34.0,71.0,282.0,255.0,53.0,12.0,0.207843137,0.280141843,0.392156862,0.672298705,0.184313725,0.286713286,0.2949996273568336,0.2627825960785904,79.21471011239018,-0.7770086605241787,0.358156028,0.085106382,0.09677419,0.31612903,88.16133463541667,111.3,20.48,0.3253012,0.67427386,0.47207679,0.46296296,0.81230769,0.6728281,0.15431561,0.348387096,0.419354838,0.232258064,0.4516129,0.32903226,0.21935484,1.1110098627956986,-1.3592933341860771,,-0.7208248302340508,-8.422627925872803,-4.045055866241455,-8.477913782111198
Christopher Morel,MIA,2026,27.0,22.0,73.0,68.0,11.0,0.0,0.161764705,0.219178082,0.205882352,0.425060434,0.044117647,0.275,0.19739035465945937,0.2201410319707165,17.33523228702581,-0.7980637892535003,0.383561643,0.05479452,0.025,0.425,88.43250122070313,109.4,19.95,0.40397351,0.69811321,0.52529183,0.57377049,0.77027027,0.68148148,0.16731518,0.375,0.45,0.175,0.525,0.375,0.1,3.341851212238401,0.21523892413824797,,0.1291392995044589,-3.168965220451355,-1.4302821159362793,-7.113579355945354
Matt Wallner,MIN,2026,28.0,34.0,135.0,120.0,20.0,4.0,0.166666666,0.259259259,0.291666666,0.550925925,0.125,0.253968253,0.25270868495658594,0.2811359546802662,56.33032843634207,-0.8483429347541666,0.392592592,0.074074074,0.10447761,0.40298507,88.39253439832089,110.3,8.149253731343284,0.3445122,0.76923077,0.52135231,0.36283186,0.72777778,0.58703072,0.21530249,0.507462686,0.313432835,0.179104477,0.47761194,0.37313433,0.14925373,2.5235404784711806,-0.39099588617682457,,-0.5682017765939236,-5.884020805358887,-4.4231157302856445,-7.327211351619065
Nick Castellanos,SDP,2026,34.0,39.0,122.0,115.0,22.0,4.0,0.191304347,0.221311475,0.339130434,0.560441909,0.147826087,0.227848101,0.23796807291093935,0.28508304564420844,49.529324481777856,-0.8506142231760052,0.278688524,0.040983606,0.08433735,0.37349398,87.68915897966868,108.7,13.060240963855422,0.42307692,0.79473684,0.57142857,0.55371901,0.78145695,0.68014706,0.18238994,0.325301204,0.421686746,0.253012048,0.53012048,0.30120482,0.1686747,3.736245842966105,0.1552354609593749,,0.3073360091075301,-5.080227494239807,-3.28324556350708,-7.322835668765529
Austin Wynns,- - -,2026,35.0,20.0,57.0,53.0,4.0,0.0,0.075471698,0.125,0.075471698,0.200471698,0.0,0.102564102,0.10092514327594213,0.26499171342168537,-49.294325457752294,-0.854711927973007,0.245614035,0.052631578,0.05,0.275,86.005126953125,109.3,20.102564102564102,0.43518519,0.71276596,0.56435644,0.55319149,0.85074627,0.72807018,0.15346535,0.307692307,0.41025641,0.282051282,0.4,0.325,0.275,2.1964285649999997,-0.17060510721057653,,-0.038155763410031796,-0.1760963499546051,-1.3392193019390106,-10.27381708358442
Tyler Freeman,COL,2026,27.0,69.0,263.0,231.0,59.0,3.0,0.255411255,0.330739299,0.329004329,0.659743628,0.073593074,0.287179487,0.3013166704066533,0.31393101811408997,74.78141299963298,-0.8555693902039012,0.125475285,0.041825095,0.01470588,0.35784314,87.97409326424871,110.2,9.7720207253886,0.31509434,0.70927318,0.48439182,0.79640719,0.93286219,0.88222222,0.05705059,0.5,0.329896907,0.170103092,0.35784314,0.33333333,0.30882353,4.620585734169001,-2.0421399800106883,,-0.8711266247555614,-6.9602861404418945,-4.035046577453613,-10.097169593441352
Lourdes Gurriel Jr.,ARI,2026,32.0,47.0,189.0,174.0,36.0,2.0,0.206896551,0.253968253,0.287356321,0.541324574,0.08045977,0.241134751,0.24179288445326386,0.27690271851877685,47.426620808870204,-0.9101732344186894,0.179894179,0.052910052,0.04895105,0.34265734,87.33496776660839,106.1,15.097902097902098,0.42326733,0.67509025,0.5256975,0.64327485,0.9197861,0.7877095,0.11160059,0.412587412,0.363636363,0.223776223,0.40559441,0.36363636,0.23076923,2.425014003509676,0.5377110783010721,,-0.007131284102797508,-3.65104341506958,-1.073883295059204,-11.529817617529417
Ezequiel Tovar,COL,2026,24.0,95.0,351.0,324.0,64.0,8.0,0.197530864,0.242165242,0.324074074,0.566239316,0.12654321,0.239316239,0.24812958264282967,0.2719493550792379,39.15886006441007,-0.989696506886169,0.25071225,0.054131054,0.0661157,0.32644628,87.1767948971519,109.1,16.734177215189874,0.48391248,0.824,0.61707126,0.63297872,0.84223301,0.74238579,0.15896633,0.371308016,0.447257383,0.181434599,0.37603306,0.38429752,0.23966942,4.220519752241866,0.9549322612583637,,0.6729506142437458,3.7214594781398773,-0.2720238268375397,-24.98059625587967
Ke'Bryan Hayes,CIN,2026,29.0,49.0,142.0,133.0,19.0,2.0,0.142857142,0.197183098,0.218045112,0.41522821,0.07518797,0.157407407,0.1897625079457189,0.3078346252441406,8.73115828456009,-1.0009661801816294,0.16197183,0.056338028,0.08181818,0.39090909,90.67809709821428,108.8,15.084905660377359,0.30038023,0.60679612,0.43496802,0.58227848,0.96,0.81372549,0.08102345,0.372727272,0.409090909,0.218181818,0.27272727,0.42727273,0.3,4.854749823030102,0.19542149547487497,,0.07463106606155634,1.0001667439937592,0.3771674335002899,-15.544462487636965
Rob Refsnyder,SEA,2026,35.0,49.0,119.0,105.0,14.0,3.0,0.133333333,0.20338983,0.219047619,0.422437449,0.085714286,0.150684931,0.19467504448809866,0.24888312510955027,23.598468927307906,-1.0755320495989322,0.268907563,0.058823529,0.06493506,0.33766234,86.08133463541667,109.6,19.07894736842105,0.23897059,0.70731707,0.44025157,0.53846154,0.85517241,0.75714286,0.10691824,0.394736842,0.460526315,0.144736842,0.49350649,0.20779221,0.2987013,1.2539682462500001,-0.20746379811316729,,-0.11446729023009539,-3.9845794439315796,-0.5689417123794556,-10.90436302999306
Mark Vientos,NYM,2026,26.0,73.0,254.0,237.0,50.0,11.0,0.210970464,0.255905511,0.388185654,0.644091165,0.17721519,0.233532934,0.27946075327753084,0.30983812227023866,76.88726060231913,-1.0885815208680627,0.24015748,0.047244094,0.1011236,0.43820225,89.54045053546348,110.2,15.629213483146067,0.40520446,0.74666667,0.54545455,0.55963303,0.8,0.69477912,0.16648412,0.415730337,0.432584269,0.151685393,0.37640449,0.41011236,0.21348315,1.2335434087500001,-1.3143401043489575,,-0.24528705049306154,-10.625438213348389,-5.699169635772705,-8.444114414985831
Jahmai Jones,- - -,2026,28.0,60.0,111.0,100.0,15.0,3.0,0.15,0.234234234,0.26,0.494234234,0.11,0.196721311,0.22706906537751895,0.3044148401780562,38.90223674456015,-1.1092665970751967,0.324324324,0.099099099,0.09375,0.4375,90.73174273778521,111.7,13.203125,0.33061224,0.72727273,0.4902439,0.4691358,0.80833333,0.67164179,0.16097561,0.390625,0.390625,0.21875,0.53125,0.3125,0.15625,2.107601565315805,-0.9130993010476232,,-0.9456247361376882,-6.045186296105385,-1.5904540419578552,-8.892259260205158
Ha-seong Kim,ATL,2026,30.0,27.0,82.0,73.0,5.0,0.0,0.06849315,0.170731707,0.06849315,0.239224857,0.0,0.098039215,0.1308774199427628,0.2120826005935669,-26.35310188586529,-1.1473627396033794,0.268292682,0.109756097,0.03921569,0.21568627,85.15833536783855,108.1,18.541666666666668,0.27722772,0.6122449,0.41833811,0.66071429,0.92222222,0.82191781,0.07449857,0.42,0.5,0.08,0.45098039,0.31372549,0.23529412,3.7182851567936117,-0.5627900790423155,,0.12368847616016865,-0.8874468803405762,-1.9316853284835815,-13.145969928690013
Lawrence Butler,ATH,2026,25.0,92.0,287.0,252.0,50.0,5.0,0.198412698,0.296167247,0.293650793,0.58981804,0.095238095,0.264705882,0.2702745934883198,0.304130795975806,66.38467398081384,-1.2191168689917602,0.268292682,0.118466898,0.05714286,0.44571429,89.07485265899123,112.7,3.210526315789474,0.26204819,0.70038168,0.45538721,0.59195402,0.82561308,0.75046211,0.11354079,0.517241379,0.247126436,0.235632183,0.38285714,0.36571429,0.25142857,3.881319684034524,-1.0727709736675024,,-0.4282937850803137,-9.878870725631714,-8.043594360351562,-12.423613686652363
Salvador Perez,KCR,2026,36.0,93.0,391.0,362.0,77.0,13.0,0.212707182,0.25831202,0.359116022,0.617428042,0.14640884,0.233576642,0.2678771225836099,0.2930408271848389,64.52716399552847,-1.2225184454614382,0.20460358,0.038363171,0.09756098,0.42508711,89.04529616724739,111.2,16.627177700348433,0.47155361,0.74324324,0.5698324,0.64733179,0.87532468,0.75490196,0.1396648,0.372822299,0.425087108,0.202090592,0.43902439,0.31010453,0.25087108,1.17924954,-1.9385675266385078,,-0.39245928078889847,-7.7886892557144165,-5.191524147987366,-18.257116903238884
