playerid,Name,Age,PA,wOBA
19709,"<a href=""statss.aspx?playerid=19709&position=SS/OF"">Fernando Tatis Jr.</a>",21.0,257.0,0.392314494587481
13510,"<a href=""statss.aspx?playerid=13510&position=3B"">Jose Ramirez</a>",27.0,254.0,0.41471267779042403
5361,"<a href=""statss.aspx?playerid=5361&position=1B"">Freddie Freeman</a>",30.0,262.0,0.45597684710633524
15676,"<a href=""statss.aspx?playerid=15676&position=1B"">Jose Abreu</a>",33.0,262.0,0.41113404295910366
16252,"<a href=""statss.aspx?playerid=16252&position=SS"">Trea Turner</a>",27.0,259.0,0.41259800559305315
13611,"<a href=""statss.aspx?playerid=13611&position=OF"">Mookie Betts</a>",27.0,246.0,0.38952024420913384
11493,"<a href=""statss.aspx?playerid=11493&position=3B"">Manny Machado</a>",27.0,254.0,0.3914943823814392
10324,"<a href=""statss.aspx?playerid=10324&position=DH/OF"">Marcell Ozuna</a>",29.0,267.0,0.44367279292959155
12861,"<a href=""statss.aspx?playerid=12861&position=3B"">Anthony Rendon</a>",30.0,232.0,0.3952699199966762
20123,"<a href=""statss.aspx?playerid=20123&position=OF"">Juan Soto</a>",21.0,196.0,0.47763117435185803
18564,"<a href=""statss.aspx?playerid=18564&position=OF"">Trent Grisham</a>",23.0,252.0,0.3493687739372253
10155,"<a href=""statss.aspx?playerid=10155&position=OF"">Mike Trout</a>",28.0,241.0,0.407018456277968
9874,"<a href=""statss.aspx?playerid=9874&position=2B"">DJ LeMahieu</a>",31.0,216.0,0.4285541679020281
13624,"<a href=""statss.aspx?playerid=13624&position=SS"">Corey Seager</a>",26.0,232.0,0.39380953383856804
15172,"<a href=""statss.aspx?playerid=15172&position=SS"">Tim Anderson</a>",27.0,221.0,0.37614066946021035
10047,"<a href=""statss.aspx?playerid=10047&position=1B/OF"">Wil Myers</a>",29.0,218.0,0.3996220520876963
18401,"<a href=""statss.aspx?playerid=18401&position=OF"">Ronald Acuna Jr.</a>",22.0,202.0,0.41317822635173795
18882,"<a href=""statss.aspx?playerid=18882&position=2B"">Brandon Lowe</a>",25.0,224.0,0.38472798307027134
19508,"<a href=""statss.aspx?playerid=19508&position=OF"">Kyle Lewis</a>",24.0,242.0,0.34936043152139207
18314,"<a href=""statss.aspx?playerid=18314&position=SS"">Dansby Swanson</a>",26.0,264.0,0.34830063491156604
9218,"<a href=""statss.aspx?playerid=9218&position=1B"">Paul Goldschmidt</a>",32.0,231.0,0.3868391539739526
7304,"<a href=""statss.aspx?playerid=7304&position=C"">Salvador Perez</a>",30.0,156.0,0.41031438494339967
12564,"<a href=""statss.aspx?playerid=12564&position=SS"">Trevor Story</a>",27.0,259.0,0.37004575988118965
17919,"<a href=""statss.aspx?playerid=17919&position=OF"">Ian Happ</a>",25.0,231.0,0.36889639639958544
12856,"<a href=""statss.aspx?playerid=12856&position=OF"">George Springer</a>",30.0,222.0,0.37898599451238457
2434,"<a href=""statss.aspx?playerid=2434&position=DH/OF"">Nelson Cruz</a>",39.0,214.0,0.41143722739516264
16376,"<a href=""statss.aspx?playerid=16376&position=OF"">Michael Conforto</a>",27.0,233.0,0.4007338904515868
18036,"<a href=""statss.aspx?playerid=18036&position=1B/2B"">Jake Cronenworth</a>",26.0,192.0,0.35571672829488915
7739,"<a href=""statss.aspx?playerid=7739&position=C"">Travis d'Arnaud</a>",31.0,184.0,0.39198737818261853
10264,"<a href=""statss.aspx?playerid=10264&position=1B"">Brandon Belt</a>",32.0,179.0,0.42712997519568113
18577,"<a href=""statss.aspx?playerid=18577&position=3B"">Ke'Bryan Hayes</a>",23.0,95.0,0.4643455397698187
14854,"<a href=""statss.aspx?playerid=14854&position=OF"">Mike Yastrzemski</a>",29.0,225.0,0.40673717736128734
11739,"<a href=""statss.aspx?playerid=11739&position=C"">J.T. Realmuto</a>",29.0,195.0,0.3607374356343196
10556,"<a href=""statss.aspx?playerid=10556&position=2B"">Cesar Hernandez</a>",30.0,261.0,0.3354299800276296
12916,"<a href=""statss.aspx?playerid=12916&position=SS"">Francisco Lindor</a>",26.0,266.0,0.3239277519963004
11579,"<a href=""statss.aspx?playerid=11579&position=OF"">Bryce Harper</a>",27.0,244.0,0.39967678810687773
13621,"<a href=""statss.aspx?playerid=13621&position=3B"">Jeimer Candelario</a>",26.0,206.0,0.3730964139827247
18345,"<a href=""statss.aspx?playerid=18345&position=OF"">Kyle Tucker</a>",23.0,228.0,0.34863825762166384
15941,"<a href=""statss.aspx?playerid=15941&position=C"">Austin Nola</a>",30.0,184.0,0.3521758786967543
12927,"<a href=""statss.aspx?playerid=12927&position=OF"">Brandon Nimmo</a>",27.0,225.0,0.3865195883644952
9785,"<a href=""statss.aspx?playerid=9785&position=3B"">Kyle Seager</a>",32.0,248.0,0.3377332249466254
13757,"<a href=""statss.aspx?playerid=13757&position=OF"">Chris Taylor</a>",29.0,214.0,0.3635303459257027
11609,"<a href=""statss.aspx?playerid=11609&position=C"">Willson Contreras</a>",28.0,225.0,0.33617727937442915
11281,"<a href=""statss.aspx?playerid=11281&position=2B/OF"">Whit Merrifield</a>",31.0,265.0,0.32910400741505175
4940,"<a href=""statss.aspx?playerid=4940&position=OF"">Jason Heyward</a>",30.0,181.0,0.36780623926056755
10231,"<a href=""statss.aspx?playerid=10231&position=SS"">Jose Iglesias</a>",30.0,150.0,0.40745765606562295
11368,"<a href=""statss.aspx?playerid=11368&position=C"">Yasmani Grandal</a>",31.0,194.0,0.338185624977977
18289,"<a href=""statss.aspx?playerid=18289&position=3B/OF"">Brian Anderson</a>",27.0,229.0,0.34772656570401106
15998,"<a href=""statss.aspx?playerid=15998&position=1B/OF"">Cody Bellinger</a>",24.0,243.0,0.337304591637924
12161,"<a href=""statss.aspx?playerid=12161&position=SS"">Xander Bogaerts</a>",27.0,225.0,0.36779649161437167
19352,"<a href=""statss.aspx?playerid=19352&position=C"">Sean Murphy</a>",25.0,140.0,0.357526410477502
12984,"<a href=""statss.aspx?playerid=12984&position=OF"">Jackie Bradley Jr.</a>",30.0,217.0,0.3521972927782271
17027,"<a href=""statss.aspx?playerid=17027&position=OF"">Alex Verdugo</a>",24.0,221.0,0.3619238333268599
5343,"<a href=""statss.aspx?playerid=5343&position=SS"">Brandon Crawford</a>",33.0,193.0,0.3343932453874518
11265,"<a href=""statss.aspx?playerid=11265&position=2B"">Jonathan Schoop</a>",28.0,177.0,0.33956908163699234
5254,"<a href=""statss.aspx?playerid=5254&position=OF"">Robbie Grossman</a>",30.0,192.0,0.3505868811356394
12147,"<a href=""statss.aspx?playerid=12147&position=SS"">Nick Ahmed</a>",30.0,217.0,0.31828015026408957
11445,"<a href=""statss.aspx?playerid=11445&position=OF"">Mark Canha</a>",31.0,243.0,0.35132816409276535
17484,"<a href=""statss.aspx?playerid=17484&position=DH/OF"">Eloy Jimenez</a>",23.0,226.0,0.3730762221116935
13066,"<a href=""statss.aspx?playerid=13066&position=OF"">Teoscar Hernandez</a>",27.0,207.0,0.3839089095013813
12859,"<a href=""statss.aspx?playerid=12859&position=C"">James McCann</a>",30.0,111.0,0.37799874297133434
15491,"<a href=""statss.aspx?playerid=15491&position=SS"">J.P. Crawford</a>",25.0,232.0,0.302511808687243
3269,"<a href=""statss.aspx?playerid=3269&position=2B"">Robinson Cano</a>",37.0,182.0,0.3764720404345686
14811,"<a href=""statss.aspx?playerid=14811&position=1B/DH"">Luke Voit</a>",29.0,234.0,0.3933207703451825
7802,"<a href=""statss.aspx?playerid=7802&position=SS"">Miguel Rojas</a>",31.0,143.0,0.378680519178404
11038,"<a href=""statss.aspx?playerid=11038&position=OF"">Kevin Kiermaier</a>",30.0,159.0,0.30111440752125995
15653,"<a href=""statss.aspx?playerid=15653&position=1B"">Dominic Smith</a>",25.0,199.0,0.41183739331499414
19252,"<a href=""statss.aspx?playerid=19252&position=2B"">Cavan Biggio</a>",25.0,265.0,0.35544497271378833
17992,"<a href=""statss.aspx?playerid=17992&position=2B"">David Fletcher</a>",26.0,230.0,0.34993536920006096
11200,"<a href=""statss.aspx?playerid=11200&position=OF"">Kole Calhoun</a>",32.0,228.0,0.3624195174167031
15983,"<a href=""statss.aspx?playerid=15983&position=OF"">Jackson Frazier</a>",25.0,160.0,0.3882862955331802
20043,"<a href=""statss.aspx?playerid=20043&position=OF"">Luis Robert Jr.</a>",22.0,227.0,0.31595782385932075
5235,"<a href=""statss.aspx?playerid=5235&position=3B"">Justin Turner</a>",35.0,175.0,0.37604342324393136
15362,"<a href=""statss.aspx?playerid=15362&position=2B/OF"">Jeff McNeil</a>",28.0,209.0,0.3595765299267239
19683,"<a href=""statss.aspx?playerid=19683&position=3B"">Mike Brosseau</a>",26.0,98.0,0.39446866390656454
13769,"<a href=""statss.aspx?playerid=13769&position=SS"">Adalberto Mondesi</a>",24.0,233.0,0.3045649043409339
21618,"<a href=""statss.aspx?playerid=21618&position=3B"">Alec Bohm</a>",23.0,180.0,0.381066499153773
13590,"<a href=""statss.aspx?playerid=13590&position=OF"">Jesse Winker</a>",26.0,183.0,0.3955904662283392
12371,"<a href=""statss.aspx?playerid=12371&position=2B/3B"">Tommy La Stella</a>",31.0,228.0,0.35540058119181495
9241,"<a href=""statss.aspx?playerid=9241&position=OF"">Starling Marte</a>",31.0,250.0,0.3331637731996406
14161,"<a href=""statss.aspx?playerid=14161&position=OF"">Byron Buxton</a>",26.0,135.0,0.3449766591743187
5933,"<a href=""statss.aspx?playerid=5933&position=2B/SS"">Jean Segura</a>",30.0,217.0,0.3327921300290901
14551,"<a href=""statss.aspx?playerid=14551&position=OF"">Anthony Santander</a>",25.0,165.0,0.36426051089793077
9774,"<a href=""statss.aspx?playerid=9774&position=C"">Christian Vazquez</a>",29.0,189.0,0.3455083616196163
19238,"<a href=""statss.aspx?playerid=19238&position=OF"">Lourdes Gurriel Jr.</a>",26.0,224.0,0.3718999863735267
17678,"<a href=""statss.aspx?playerid=17678&position=3B"">Alex Bregman</a>",26.0,180.0,0.3447210442420491
18042,"<a href=""statss.aspx?playerid=18042&position=2B/OF"">Dylan Moore</a>",27.0,159.0,0.3677498769460234
19950,"<a href=""statss.aspx?playerid=19950&position=2B/SS"">Andres Gimenez</a>",21.0,132.0,0.32066918232224206
17338,"<a href=""statss.aspx?playerid=17338&position=2B/OF"">Willi Castro</a>",23.0,140.0,0.39343046027121786
12144,"<a href=""statss.aspx?playerid=12144&position=OF"">Max Kepler</a>",27.0,196.0,0.32815694139928236
10059,"<a href=""statss.aspx?playerid=10059&position=C"">Max Stassi</a>",29.0,105.0,0.370150595619565
9256,"<a href=""statss.aspx?playerid=9256&position=OF"">A.J. Pollock</a>",32.0,210.0,0.3640621330179096
10681,"<a href=""statss.aspx?playerid=10681&position=3B"">Gio Urshela</a>",28.0,174.0,0.36500921057558605
14162,"<a href=""statss.aspx?playerid=14162&position=SS"">Carlos Correa</a>",25.0,221.0,0.3078799264071739
15986,"<a href=""statss.aspx?playerid=15986&position=SS"">Willy Adames</a>",24.0,205.0,0.3469241258574695
12649,"<a href=""statss.aspx?playerid=12649&position=OF"">Alex Dickerson</a>",30.0,170.0,0.39375707790965125
4106,"<a href=""statss.aspx?playerid=4106&position=OF"">Michael Brantley</a>",33.0,187.0,0.36205998142772816
17128,"<a href=""statss.aspx?playerid=17128&position=OF"">Ramon Laureano</a>",25.0,222.0,0.31545518432651554
13853,"<a href=""statss.aspx?playerid=13853&position=2B/3B/SS"">Joey Wendle</a>",30.0,184.0,0.3345929045494788
12552,"<a href=""statss.aspx?playerid=12552&position=3B"">Eugenio Suarez</a>",28.0,231.0,0.33181280105010325
12532,"<a href=""statss.aspx?playerid=12532&position=2B"">Kolten Wong</a>",29.0,208.0,0.3045000593836715
16505,"<a href=""statss.aspx?playerid=16505&position=3B"">Matt Chapman</a>",27.0,152.0,0.3352604461343665
5827,"<a href=""statss.aspx?playerid=5827&position=1B"">Wilmer Flores</a>",28.0,213.0,0.3473306213909725
19197,"<a href=""statss.aspx?playerid=19197&position=C"">Will Smith</a>",25.0,137.0,0.4105189653003917
12179,"<a href=""statss.aspx?playerid=12179&position=3B"">Maikel Franco</a>",27.0,243.0,0.3291765776547519
16512,"<a href=""statss.aspx?playerid=16512&position=SS"">Isiah Kiner-Falefa</a>",25.0,228.0,0.3072286598515092
13185,"<a href=""statss.aspx?playerid=13185&position=SS"">Orlando Arcia</a>",25.0,189.0,0.317141712657989
18030,"<a href=""statss.aspx?playerid=18030&position=OF"">Harrison Bader</a>",26.0,125.0,0.33707179737091064
10950,"<a href=""statss.aspx?playerid=10950&position=OF"">Adam Duvall</a>",31.0,209.0,0.3481878007998307
13723,"<a href=""statss.aspx?playerid=13723&position=C"">Jacob Stallings</a>",30.0,143.0,0.3093566074438974
16153,"<a href=""statss.aspx?playerid=16153&position=OF"">Austin Slater</a>",27.0,104.0,0.39503102858089706
3473,"<a href=""statss.aspx?playerid=3473&position=1B"">Anthony Rizzo</a>",30.0,243.0,0.3262156283007506
19470,"<a href=""statss.aspx?playerid=19470&position=2B"">Tommy Edman</a>",25.0,227.0,0.3016722580409785
15082,"<a href=""statss.aspx?playerid=15082&position=OF"">Adam Engel</a>",28.0,93.0,0.3466908047276159
10815,"<a href=""statss.aspx?playerid=10815&position=OF"">Jurickson Profar</a>",27.0,202.0,0.3349842604119979
17232,"<a href=""statss.aspx?playerid=17232&position=3B"">Yoan Moncada</a>",25.0,231.0,0.30934966178167433
9368,"<a href=""statss.aspx?playerid=9368&position=3B"">Evan Longoria</a>",34.0,209.0,0.30763196545924865
15640,"<a href=""statss.aspx?playerid=15640&position=OF"">Aaron Judge</a>",28.0,114.0,0.37457284252200507
17982,"<a href=""statss.aspx?playerid=17982&position=1B"">Ty France</a>",25.0,155.0,0.36182590069309356
14818,"<a href=""statss.aspx?playerid=14818&position=OF"">JaCoby Jones</a>",28.0,108.0,0.3583872980541653
3086,"<a href=""statss.aspx?playerid=3086&position=1B"">Mitch Moreland</a>",34.0,152.0,0.37166687568028767
8623,"<a href=""statss.aspx?playerid=8623&position=2B"">Donovan Solano</a>",32.0,203.0,0.35694885077734884
16451,"<a href=""statss.aspx?playerid=16451&position=2B/3B"">Luis Guillorme</a>",25.0,68.0,0.3807288460871753
5297,"<a href=""statss.aspx?playerid=5297&position=OF"">Aaron Hicks</a>",30.0,211.0,0.35096849714006695
19612,"<a href=""statss.aspx?playerid=19612&position=SS"">Bo Bichette</a>",22.0,128.0,0.3528145298244446
17932,"<a href=""statss.aspx?playerid=17932&position=OF"">Andrew Stevenson</a>",26.0,47.0,0.4854936422185695
11477,"<a href=""statss.aspx?playerid=11477&position=OF"">Christian Yelich</a>",28.0,247.0,0.34278954243173404
10816,"<a href=""statss.aspx?playerid=10816&position=2B/3B"">Jedd Gyorko</a>",31.0,135.0,0.3510530679973204
6887,"<a href=""statss.aspx?playerid=6887&position=C"">Martin Maldonado</a>",33.0,165.0,0.32632795506459805
2136,"<a href=""statss.aspx?playerid=2136&position=OF"">David Peralta</a>",32.0,218.0,0.33317863558410504
5038,"<a href=""statss.aspx?playerid=5038&position=3B"">Josh Donaldson</a>",34.0,102.0,0.361513364433062
10200,"<a href=""statss.aspx?playerid=10200&position=C"">Tucker Barnhart</a>",29.0,110.0,0.29623584964058614
15124,"<a href=""statss.aspx?playerid=15124&position=OF"">Tim Locastro</a>",27.0,82.0,0.37587485048506
16909,"<a href=""statss.aspx?playerid=16909&position=1B/3B"">Colin Moran</a>",27.0,200.0,0.34043562293052676
16530,"<a href=""statss.aspx?playerid=16530&position=OF"">Mauricio Dubon</a>",25.0,177.0,0.3179628140585763
12158,"<a href=""statss.aspx?playerid=12158&position=C"">Austin Barnes</a>",30.0,104.0,0.30625289912317316
15487,"<a href=""statss.aspx?playerid=15487&position=OF"">Victor Reyes</a>",25.0,213.0,0.3070151509253632
17929,"<a href=""statss.aspx?playerid=17929&position=OF"">Cedric Mullins</a>",25.0,153.0,0.31270994756045756
14566,"<a href=""statss.aspx?playerid=14566&position=DH/OF"">Franmil Reyes</a>",24.0,241.0,0.3407116475441644
18607,"<a href=""statss.aspx?playerid=18607&position=1B"">Jared Walsh</a>",26.0,108.0,0.3931349648369683
17350,"<a href=""statss.aspx?playerid=17350&position=3B"">Rafael Devers</a>",23.0,248.0,0.33681969440752463
12155,"<a href=""statss.aspx?playerid=12155&position=OF"">Eddie Rosario</a>",28.0,231.0,0.33310446780841946
2396,"<a href=""statss.aspx?playerid=2396&position=1B"">Carlos Santana</a>",34.0,255.0,0.3162169099792721
18373,"<a href=""statss.aspx?playerid=18373&position=1B"">Ryan Mountcastle</a>",23.0,140.0,0.37673068046569824
19290,"<a href=""statss.aspx?playerid=19290&position=OF"">Randy Arozarena</a>",25.0,76.0,0.4224716597481778
13419,"<a href=""statss.aspx?playerid=13419&position=1B"">Christian Walker</a>",29.0,243.0,0.338616802368635
16472,"<a href=""statss.aspx?playerid=16472&position=1B"">Rhys Hoskins</a>",27.0,185.0,0.38230977573910274
19966,"<a href=""statss.aspx?playerid=19966&position=1B"">Bobby Dalbec</a>",25.0,92.0,0.40019032229547913
18316,"<a href=""statss.aspx?playerid=18316&position=1B/3B/DH"">Edwin Rios</a>",26.0,83.0,0.38465445156557015
7007,"<a href=""statss.aspx?playerid=7007&position=C"">Yadier Molina</a>",37.0,156.0,0.2903980593527517
15223,"<a href=""statss.aspx?playerid=15223&position=2B"">Adam Frazier</a>",28.0,230.0,0.29079275568499835
15117,"<a href=""statss.aspx?playerid=15117&position=3B/OF"">Hunter Dozier</a>",28.0,186.0,0.32645337427816085
10243,"<a href=""statss.aspx?playerid=10243&position=OF"">Randal Grichuk</a>",28.0,231.0,0.3339741561723792
3516,"<a href=""statss.aspx?playerid=3516&position=1B"">Eric Hosmer</a>",30.0,156.0,0.35854189823835325
12510,"<a href=""statss.aspx?playerid=12510&position=C"">Curt Casali</a>",31.0,93.0,0.37223558272084883
12979,"<a href=""statss.aspx?playerid=12979&position=SS"">Javier Baez</a>",27.0,235.0,0.25603248464300277
16556,"<a href=""statss.aspx?playerid=16556&position=2B"">Ozzie Albies</a>",23.0,124.0,0.3291996938567008
6012,"<a href=""statss.aspx?playerid=6012&position=SS"">Didi Gregorius</a>",30.0,237.0,0.3476672095802209
12775,"<a href=""statss.aspx?playerid=12775&position=SS"">Brad Miller</a>",30.0,171.0,0.34868532138712266
12092,"<a href=""statss.aspx?playerid=12092&position=2B/SS"">Niko Goodrum</a>",28.0,179.0,0.2615611406677928
12434,"<a href=""statss.aspx?playerid=12434&position=OF"">Kevin Pillar</a>",31.0,223.0,0.34084426336460283
2829,"<a href=""statss.aspx?playerid=2829&position=C"">Manny Pina</a>",33.0,45.0,0.3282945685916477
13152,"<a href=""statss.aspx?playerid=13152&position=2B/SS"">Jorge Polanco</a>",26.0,226.0,0.28884091121809824
13613,"<a href=""statss.aspx?playerid=13613&position=2B"">Ketel Marte</a>",26.0,195.0,0.3156084164594993
16219,"<a href=""statss.aspx?playerid=16219&position=3B"">J.D. Davis</a>",27.0,229.0,0.3391311095471968
12037,"<a href=""statss.aspx?playerid=12037&position=3B"">Jon Berti</a>",30.0,149.0,0.33732894326553864
16578,"<a href=""statss.aspx?playerid=16578&position=1B/3B/DH"">Yandy Diaz</a>",28.0,138.0,0.3667927623665246
14128,"<a href=""statss.aspx?playerid=14128&position=OF"">Joey Gallo</a>",26.0,226.0,0.2967884609741824
14477,"<a href=""statss.aspx?playerid=14477&position=OF"">Jake Cave</a>",27.0,123.0,0.29271304510473234
14350,"<a href=""statss.aspx?playerid=14350&position=OF"">Raimel Tapia</a>",26.0,206.0,0.3379392107132033
16997,"<a href=""statss.aspx?playerid=16997&position=2B"">Gleyber Torres</a>",23.0,160.0,0.32555296272039413
9777,"<a href=""statss.aspx?playerid=9777&position=3B"">Nolan Arenado</a>",29.0,201.0,0.30785277937397815
13338,"<a href=""statss.aspx?playerid=13338&position=C"">Omar Narvaez</a>",28.0,126.0,0.26207418195785037
12164,"<a href=""statss.aspx?playerid=12164&position=1B/3B"">Miguel Sano</a>",27.0,205.0,0.3169942889727798
20521,"<a href=""statss.aspx?playerid=20521&position=2B/3B"">Nick Madrigal</a>",23.0,109.0,0.332176722517801
4892,"<a href=""statss.aspx?playerid=4892&position=3B"">Mike Moustakas</a>",31.0,163.0,0.3395513347637506
14894,"<a href=""statss.aspx?playerid=14894&position=2B/OF"">Tony Kemp</a>",28.0,114.0,0.3074643611907959
16478,"<a href=""statss.aspx?playerid=16478&position=DH/OF"">Kyle Schwarber</a>",27.0,224.0,0.30680610192730823
14344,"<a href=""statss.aspx?playerid=14344&position=1B"">Matt Olson</a>",26.0,245.0,0.3157372769014335
18568,"<a href=""statss.aspx?playerid=18568&position=1B/2B"">Luis Arraez</a>",23.0,121.0,0.33521989061812724
9929,"<a href=""statss.aspx?playerid=9929&position=1B/OF"">Darin Ruf</a>",33.0,100.0,0.3788158714771271
17766,"<a href=""statss.aspx?playerid=17766&position=OF"">D.J. Stewart</a>",26.0,112.0,0.3529395493594083
14712,"<a href=""statss.aspx?playerid=14712&position=OF"">Manuel Margot</a>",25.0,159.0,0.30062788162591325
21479,"<a href=""statss.aspx?playerid=21479&position=2B/SS"">Nico Hoerner</a>",23.0,126.0,0.2653919067382812
4314,"<a href=""statss.aspx?playerid=4314&position=1B"">Joey Votto</a>",36.0,223.0,0.3474343215023075
20003,"<a href=""statss.aspx?playerid=20003&position=1B/2B"">Keston Hiura</a>",23.0,246.0,0.30356730740578447
16885,"<a href=""statss.aspx?playerid=16885&position=1B/3B"">Joshua Fuentes</a>",27.0,103.0,0.3231462055039637
10847,"<a href=""statss.aspx?playerid=10847&position=SS"">Andrelton Simmons</a>",30.0,127.0,0.31256984913443014
14942,"<a href=""statss.aspx?playerid=14942&position=C"">Andrew Knapp</a>",28.0,89.0,0.37249678574251327
13854,"<a href=""statss.aspx?playerid=13854&position=C"">Anthony Bemboom</a>",30.0,60.0,0.3244685592322514
4949,"<a href=""statss.aspx?playerid=4949&position=DH/OF"">Giancarlo Stanton</a>",30.0,94.0,0.3791699850040933
15679,"<a href=""statss.aspx?playerid=15679&position=1B"">Rowdy Tellez</a>",25.0,127.0,0.3691111396229456
14221,"<a href=""statss.aspx?playerid=14221&position=DH/OF"">Jorge Soler</a>",28.0,174.0,0.3318951822990595
24618,"<a href=""statss.aspx?playerid=24618&position=C"">Ryan Jeffers</a>",23.0,62.0,0.3464291364915909
5913,"<a href=""statss.aspx?playerid=5913&position=OF"">Leury Garcia</a>",29.0,63.0,0.3263652703118703
12546,"<a href=""statss.aspx?playerid=12546&position=1B"">C.J. Cron</a>",30.0,52.0,0.37559711703887355
16448,"<a href=""statss.aspx?playerid=16448&position=C"">Jacob Nottingham</a>",25.0,54.0,0.3130958875020345
15730,"<a href=""statss.aspx?playerid=15730&position=2B/OF"">Tyler Wade</a>",25.0,105.0,0.2708217054605484
5760,"<a href=""statss.aspx?playerid=5760&position=OF"">Avisail Garcia</a>",29.0,207.0,0.29583813562625794
9927,"<a href=""statss.aspx?playerid=9927&position=OF"">Brett Gardner</a>",36.0,158.0,0.33181787593455253
18900,"<a href=""statss.aspx?playerid=18900&position=OF"">Leody Taveras</a>",21.0,134.0,0.3068193869483202
5517,"<a href=""statss.aspx?playerid=5517&position=C"">Kyle Higashioka</a>",30.0,48.0,0.3194220041235288
19363,"<a href=""statss.aspx?playerid=19363&position=OF"">Austin Hays</a>",24.0,134.0,0.3145580291748047
5497,"<a href=""statss.aspx?playerid=5497&position=SS"">Marwin Gonzalez</a>",31.0,199.0,0.26946654751073174
13755,"<a href=""statss.aspx?playerid=13755&position=C"">Tomas Nido</a>",26.0,26.0,0.3893871032274686
12981,"<a href=""statss.aspx?playerid=12981&position=C"">Cam Gallagher</a>",27.0,60.0,0.34415642891900017
12950,"<a href=""statss.aspx?playerid=12950&position=3B/OF"">Phillip Evans</a>",27.0,45.0,0.4085690153969659
13620,"<a href=""statss.aspx?playerid=13620&position=C"">Carson Kelly</a>",25.0,129.0,0.2791500137757885
9776,"<a href=""statss.aspx?playerid=9776&position=2B"">Jason Kipnis</a>",33.0,135.0,0.32552019666742393
22209,"<a href=""statss.aspx?playerid=22209&position=C"">Sam Huff</a>",22.0,33.0,0.4685428250919689
4962,"<a href=""statss.aspx?playerid=4962&position=SS"">Asdrubal Cabrera</a>",34.0,213.0,0.31865406036376953
16535,"<a href=""statss.aspx?playerid=16535&position=C"">Danny Jansen</a>",25.0,147.0,0.2999567679233021
14691,"<a href=""statss.aspx?playerid=14691&position=2B"">Harold Castro</a>",26.0,54.0,0.368875938433188
9627,"<a href=""statss.aspx?playerid=9627&position=C"">Yan Gomes</a>",32.0,119.0,0.3317229747772217
16622,"<a href=""statss.aspx?playerid=16622&position=2B/3B"">Luis Urias</a>",23.0,120.0,0.2730010598897934
11902,"<a href=""statss.aspx?playerid=11902&position=2B/3B"">Hanser Alberto</a>",27.0,231.0,0.30139479366452415
2900,"<a href=""statss.aspx?playerid=2900&position=C"">Roberto Perez</a>",31.0,110.0,0.22792697928168557
14103,"<a href=""statss.aspx?playerid=14103&position=3B"">Rio Ruiz</a>",26.0,204.0,0.30269906839521804
5275,"<a href=""statss.aspx?playerid=5275&position=C"">Francisco Cervelli</a>",34.0,62.0,0.35149514290594286
7859,"<a href=""statss.aspx?playerid=7859&position=OF"">Charlie Blackmon</a>",33.0,247.0,0.3398779861230419
19251,"<a href=""statss.aspx?playerid=19251&position=1B"">Pete Alonso</a>",25.0,239.0,0.34207259340489166
9134,"<a href=""statss.aspx?playerid=9134&position=C"">Tyler Flowers</a>",34.0,80.0,0.3030469536781311
12325,"<a href=""statss.aspx?playerid=12325&position=2B/3B"">Jace Peterson</a>",30.0,61.0,0.3438305424862221
8090,"<a href=""statss.aspx?playerid=8090&position=3B"">Matt Carpenter</a>",34.0,169.0,0.29291668960026335
11339,"<a href=""statss.aspx?playerid=11339&position=OF"">Jake Marisnick</a>",29.0,34.0,0.4019561585258035
14388,"<a href=""statss.aspx?playerid=14388&position=1B"">Ronald Guzman</a>",25.0,86.0,0.32332155454990474
17988,"<a href=""statss.aspx?playerid=17988&position=C"">Tyler Stephenson</a>",23.0,20.0,0.4365939676761627
15279,"<a href=""statss.aspx?playerid=15279&position=1B/DH"">Garrett Cooper</a>",29.0,133.0,0.36521694176179126
4403,"<a href=""statss.aspx?playerid=4403&position=C"">Erik Kratz</a>",40.0,30.0,0.33505025307337444
11737,"<a href=""statss.aspx?playerid=11737&position=3B/OF"">Nick Castellanos</a>",28.0,242.0,0.32925711429960003
8418,"<a href=""statss.aspx?playerid=8418&position=3B/SS"">Ehire Adrianza</a>",30.0,101.0,0.25650831968477456
18015,"<a href=""statss.aspx?playerid=18015&position=SS"">Paul DeJong</a>",26.0,174.0,0.2963646616058788
12533,"<a href=""statss.aspx?playerid=12533&position=2B/SS"">Marcus Semien</a>",29.0,236.0,0.2987327353428986
1744,"<a href=""statss.aspx?playerid=1744&position=1B/3B"">Miguel Cabrera</a>",37.0,231.0,0.32260064923244974
27461,"<a href=""statss.aspx?playerid=27461&position=OF"">Shogo Akiyama</a>",32.0,183.0,0.3036934156994243
14968,"<a href=""statss.aspx?playerid=14968&position=C"">Victor Caratini</a>",26.0,132.0,0.2969240050279457
19611,"<a href=""statss.aspx?playerid=19611&position=1B"">Vladimir Guerrero Jr.</a>",21.0,243.0,0.33786699496024897
14735,"<a href=""statss.aspx?playerid=14735&position=OF"">Brett Phillips</a>",26.0,59.0,0.3044088775828733
15518,"<a href=""statss.aspx?playerid=15518&position=SS"">Amed Rosario</a>",24.0,147.0,0.27683584057554905
21646,"<a href=""statss.aspx?playerid=21646&position=C"">Rafael Marchan</a>",21.0,9.0,0.5917230049769083
13807,"<a href=""statss.aspx?playerid=13807&position=C"">Kevin Plawecki</a>",29.0,89.0,0.37316554985689315
10472,"<a href=""statss.aspx?playerid=10472&position=OF"">Enrique Hernandez</a>",28.0,148.0,0.2898226203145208
14145,"<a href=""statss.aspx?playerid=14145&position=2B/3B/SS"">Daniel Robertson</a>",26.0,24.0,0.34475477039813995
15711,"<a href=""statss.aspx?playerid=15711&position=OF"">Tyler O'Neill</a>",25.0,157.0,0.27117008768069517
19997,"<a href=""statss.aspx?playerid=19997&position=2B/3B"">Santiago Espinal</a>",25.0,66.0,0.2821225166320801
16313,"<a href=""statss.aspx?playerid=16313&position=SS/OF"">Yairo Munoz</a>",25.0,45.0,0.35805247889624703
13675,"<a href=""statss.aspx?playerid=13675&position=OF"">Tyrone Taylor</a>",26.0,41.0,0.3337631254661374
19326,"<a href=""statss.aspx?playerid=19326&position=OF"">Bryan Reynolds</a>",25.0,208.0,0.2775491758245201
13301,"<a href=""statss.aspx?playerid=13301&position=1B/3B"">Max Muncy</a>",29.0,248.0,0.3161370361723551
3410,"<a href=""statss.aspx?playerid=3410&position=OF"">Ryan Braun</a>",36.0,141.0,0.3220266815569761
17161,"<a href=""statss.aspx?playerid=17161&position=C"">Chad Wallach</a>",28.0,48.0,0.27840454527672304
11602,"<a href=""statss.aspx?playerid=11602&position=2B/3B"">Yolmer Sanchez</a>",28.0,21.0,0.4795241526194981
14813,"<a href=""statss.aspx?playerid=14813&position=2B/SS"">Kyle Farmer</a>",29.0,70.0,0.28988809926169257
13369,"<a href=""statss.aspx?playerid=13369&position=3B/SS"">Erik Gonzalez</a>",28.0,193.0,0.26230163623889285
18889,"<a href=""statss.aspx?playerid=18889&position=2B/SS"">Danny Mendick</a>",26.0,114.0,0.2853176928403085
5223,"<a href=""statss.aspx?playerid=5223&position=OF"">Cameron Maybin</a>",33.0,101.0,0.3023268716170056
12284,"<a href=""statss.aspx?playerid=12284&position=C"">Kevan Smith</a>",32.0,38.0,0.36340614267297694
16725,"<a href=""statss.aspx?playerid=16725&position=C"">Jose Trevino</a>",27.0,83.0,0.30037393947926966
14503,"<a href=""statss.aspx?playerid=14503&position=3B/DH"">Renato Nunez</a>",26.0,216.0,0.34678835449395357
18721,"<a href=""statss.aspx?playerid=18721&position=OF"">Guillermo Heredia</a>",29.0,36.0,0.2907583216826121
8722,"<a href=""statss.aspx?playerid=8722&position=C"">Jason Castro</a>",33.0,92.0,0.2936629912127619
9077,"<a href=""statss.aspx?playerid=9077&position=OF"">Lorenzo Cain</a>",34.0,21.0,0.3524176895618439
7476,"<a href=""statss.aspx?playerid=7476&position=C"">Alex Avila</a>",33.0,62.0,0.30474656628024194
15191,"<a href=""statss.aspx?playerid=15191&position=OF"">Chad Pinder</a>",28.0,61.0,0.2988001010457023
13546,"<a href=""statss.aspx?playerid=13546&position=OF"">Roman Quinn</a>",27.0,116.0,0.2537786494130674
16424,"<a href=""statss.aspx?playerid=16424&position=OF"">Jordan Luplow</a>",26.0,92.0,0.2934644287047179
785,"<a href=""statss.aspx?playerid=785&position=3B"">Todd Frazier</a>",34.0,172.0,0.29951338643251463
21524,"<a href=""statss.aspx?playerid=21524&position=C"">Joey Bart</a>",23.0,111.0,0.27070575469249003
19339,"<a href=""statss.aspx?playerid=19339&position=2B/SS"">Nicky Lopez</a>",25.0,192.0,0.2538760294989934
8202,"<a href=""statss.aspx?playerid=8202&position=2B/3B"">Josh Harrison</a>",32.0,91.0,0.3354190823796031
17954,"<a href=""statss.aspx?playerid=17954&position=OF"">Sam Hilliard</a>",26.0,114.0,0.3012874356487341
10542,"<a href=""statss.aspx?playerid=10542&position=2B/OF"">Derek Dietrich</a>",30.0,75.0,0.35147151629130047
16524,"<a href=""statss.aspx?playerid=16524&position=1B/OF"">Ryan McBroom</a>",28.0,85.0,0.3304946548798505
19566,"<a href=""statss.aspx?playerid=19566&position=1B"">Nathaniel Lowe</a>",24.0,76.0,0.3138795817220533
4062,"<a href=""statss.aspx?playerid=4062&position=OF"">Dexter Fowler</a>",34.0,101.0,0.3103675287548858
14593,"<a href=""statss.aspx?playerid=14593&position=2B/3B"">David Bote</a>",27.0,145.0,0.3090916863803206
19262,"<a href=""statss.aspx?playerid=19262&position=2B/OF"">Garrett Hampson</a>",25.0,184.0,0.2896967230580788
17023,"<a href=""statss.aspx?playerid=17023&position=OF"">Magneuris Sierra</a>",24.0,53.0,0.3073060255424649
19909,"<a href=""statss.aspx?playerid=19909&position=SS"">Anderson Tejeda</a>",22.0,77.0,0.30588689872196745
8259,"<a href=""statss.aspx?playerid=8259&position=C"">Kurt Suzuki</a>",36.0,129.0,0.3264671721199686
15104,"<a href=""statss.aspx?playerid=15104&position=OF"">Jonathan Davis</a>",28.0,34.0,0.34965894439003686
4579,"<a href=""statss.aspx?playerid=4579&position=2B/SS"">Starlin Castro</a>",30.0,63.0,0.31987866901216055
14555,"<a href=""statss.aspx?playerid=14555&position=1B/3B"">Wyatt Mathisen</a>",26.0,33.0,0.35487391009475244
14130,"<a href=""statss.aspx?playerid=14130&position=1B/DH"">Daniel Vogelbach</a>",27.0,136.0,0.317279710593047
15429,"<a href=""statss.aspx?playerid=15429&position=3B/OF"">Kris Bryant</a>",28.0,147.0,0.28549353849320186
11342,"<a href=""statss.aspx?playerid=11342&position=1B"">Jesus Aguilar</a>",30.0,216.0,0.3473192056020101
22217,"<a href=""statss.aspx?playerid=22217&position=C"">Luis Campusano</a>",21.0,4.0,0.6768902540206909
11155,"<a href=""statss.aspx?playerid=11155&position=2B/SS"">Elliot Soto</a>",30.0,7.0,0.40277704170772005
20040,"<a href=""statss.aspx?playerid=20040&position=DH"">Jorge Ona</a>",23.0,15.0,0.41505410671234133
15274,"<a href=""statss.aspx?playerid=15274&position=OF"">Mike Tauchman</a>",29.0,111.0,0.2856196176122736
14885,"<a href=""statss.aspx?playerid=14885&position=2B/SS"">Pat Valaika</a>",27.0,150.0,0.33693988291209176
22581,"<a href=""statss.aspx?playerid=22581&position=C"">Alejandro Kirk</a>",21.0,25.0,0.41797155380249024
15112,"<a href=""statss.aspx?playerid=15112&position=3B"">Ryan McMahon</a>",25.0,193.0,0.307602744646023
14567,"<a href=""statss.aspx?playerid=14567&position=1B/OF"">Franchy Cordero</a>",25.0,42.0,0.31227061578205656
18054,"<a href=""statss.aspx?playerid=18054&position=OF"">Sam Haggerty</a>",26.0,54.0,0.31086997632627134
19918,"<a href=""statss.aspx?playerid=19918&position=OF"">Daulton Varsho</a>",23.0,115.0,0.2872127045755801
16953,"<a href=""statss.aspx?playerid=16953&position=C"">Chadwick Tromp</a>",25.0,64.0,0.2642748951911926
14773,"<a href=""statss.aspx?playerid=14773&position=SS"">Yu Chang</a>",24.0,13.0,0.2432826298933763
5209,"<a href=""statss.aspx?playerid=5209&position=OF"">Alex Gordon</a>",36.0,184.0,0.27488306683042774
6609,"<a href=""statss.aspx?playerid=6609&position=SS"">Freddy Galvis</a>",30.0,159.0,0.3115666025089768
3448,"<a href=""statss.aspx?playerid=3448&position=C"">Jeff Mathis</a>",37.0,68.0,0.24470975995063782
12160,"<a href=""statss.aspx?playerid=12160&position=OF"">Ben Gamel</a>",28.0,127.0,0.3127773812436682
27459,"<a href=""statss.aspx?playerid=27459&position=1B/DH/OF"">Yoshi Tsutsugo</a>",28.0,185.0,0.30860457796117535
15937,"<a href=""statss.aspx?playerid=15937&position=SS"">Aledmys Diaz</a>",29.0,59.0,0.3071496971582962
18395,"<a href=""statss.aspx?playerid=18395&position=DH/OF"">Travis Blankenhorn</a>",23.0,4.0,0.4916362166404724
14950,"<a href=""statss.aspx?playerid=14950&position=3B/SS"">Johan Camargo</a>",26.0,127.0,0.26246386625635343
19556,"<a href=""statss.aspx?playerid=19556&position=DH/OF"">Yordan Alvarez</a>",23.0,9.0,0.39889853530459934
15654,"<a href=""statss.aspx?playerid=15654&position=OF"">Billy McKinney</a>",25.0,3.0,0.5883505344390869
16398,"<a href=""statss.aspx?playerid=16398&position=C"">Brian Navarreto</a>",25.0,5.0,0.35301032066345217
18360,"<a href=""statss.aspx?playerid=18360&position=3B"">Austin Riley</a>",23.0,206.0,0.30664216309058956
5000,"<a href=""statss.aspx?playerid=5000&position=C"">Stephen Vogt</a>",35.0,81.0,0.23525030230298455
11936,"<a href=""statss.aspx?playerid=11936&position=2B"">Joe Panik</a>",29.0,141.0,0.2961908942418741
11379,"<a href=""statss.aspx?playerid=11379&position=OF"">Delino DeShields</a>",27.0,120.0,0.28047773961363165
13897,"<a href=""statss.aspx?playerid=13897&position=C"">Tyler Heineman</a>",29.0,50.0,0.24308152745167413
14843,"<a href=""statss.aspx?playerid=14843&position=P"">Michael Lorenzen</a>",28.0,1.0,0.7284426689147949
10762,"<a href=""statss.aspx?playerid=10762&position=OF"">Corey Dickerson</a>",31.0,210.0,0.3078811208789165
18288,"<a href=""statss.aspx?playerid=18288&position=OF"">Austin Dean</a>",26.0,7.0,0.4763622965131487
19627,"<a href=""statss.aspx?playerid=19627&position=DH/OF"">Brent Rooker</a>",25.0,21.0,0.4076088326317923
7216,"<a href=""statss.aspx?playerid=7216&position=OF"">Cesar Puello</a>",29.0,11.0,0.4045199990272522
18839,"<a href=""statss.aspx?playerid=18839&position=1B"">Josh Naylor</a>",23.0,104.0,0.274194517181915
20503,"<a href=""statss.aspx?playerid=20503&position=C"">William Contreras</a>",22.0,10.0,0.38856796026229856
1433,"<a href=""statss.aspx?playerid=1433&position=C"">Wilson Ramos</a>",32.0,155.0,0.2972083653173139
8879,"<a href=""statss.aspx?playerid=8879&position=C"">Ryan Lavarnway</a>",32.0,11.0,0.32091847333041107
10199,"<a href=""statss.aspx?playerid=10199&position=OF"">Billy Hamilton</a>",29.0,36.0,0.1721233810697283
19610,"<a href=""statss.aspx?playerid=19610&position=C"">Keibert Ruiz</a>",21.0,8.0,0.3577055186033249
18032,"<a href=""statss.aspx?playerid=18032&position=2B/OF"">Mark Mathias</a>",25.0,36.0,0.27477742234865826
17548,"<a href=""statss.aspx?playerid=17548&position=OF"">Taylor Ward</a>",26.0,102.0,0.3139295087141149
6848,"<a href=""statss.aspx?playerid=6848&position=3B/SS"">Eduardo Nunez</a>",33.0,2.0,0.4412629008293152
10953,"<a href=""statss.aspx?playerid=10953&position=2B/3B"">Phil Gosselin</a>",31.0,102.0,0.31341638305399677
16221,"<a href=""statss.aspx?playerid=16221&position=OF"">Bradley Zimmer</a>",27.0,50.0,0.29851279497146604
16623,"<a href=""statss.aspx?playerid=16623&position=OF"">Greg Allen</a>",27.0,32.0,0.2667372301220894
1159,"<a href=""statss.aspx?playerid=1159&position=3B/SS"">Andrew Romine</a>",34.0,4.0,0.3095255494117737
5384,"<a href=""statss.aspx?playerid=5384&position=OF"">Juan Lagares</a>",31.0,0.0,0.0
13490,"<a href=""statss.aspx?playerid=13490&position=C"">Oscar Hernandez</a>",26.0,4.0,0.4412629008293152
19955,"<a href=""statss.aspx?playerid=19955&position=2B"">Gavin Lux</a>",22.0,69.0,0.2594432174295619
15402,"<a href=""statss.aspx?playerid=15402&position=3B"">Jack Mayfield</a>",29.0,47.0,0.20743147964062897
15672,"<a href=""statss.aspx?playerid=15672&position=DH/OF"">Austin Meadows</a>",25.0,152.0,0.2917303144931793
18083,"<a href=""statss.aspx?playerid=18083&position=C"">Austin Allen</a>",26.0,32.0,0.2326917201280594
15608,"<a href=""statss.aspx?playerid=15608&position=C/3B"">Willians Astudillo</a>",28.0,16.0,0.31139200925827026
14523,"<a href=""statss.aspx?playerid=14523&position=C"">Pedro Severino</a>",26.0,178.0,0.3115643801662208
18126,"<a href=""statss.aspx?playerid=18126&position=1B/OF"">LaMonte Wade Jr.</a>",26.0,44.0,0.28484430096366187
17276,"<a href=""statss.aspx?playerid=17276&position=C"">Alex Jackson</a>",24.0,7.0,0.302946857043675
11241,"<a href=""statss.aspx?playerid=11241&position=2B"">Mike Freeman</a>",32.0,43.0,0.2752171616221583
16729,"<a href=""statss.aspx?playerid=16729&position=OF"">Brian O'Grady</a>",28.0,5.0,0.424125599861145
16434,"<a href=""statss.aspx?playerid=16434&position=2B"">Christian Arroyo</a>",25.0,54.0,0.31538720042617235
17468,"<a href=""statss.aspx?playerid=17468&position=3B"">Kelvin Gutierrez</a>",25.0,12.0,0.24824663996696472
18872,"<a href=""statss.aspx?playerid=18872&position=DH/OF"">Jahmai Jones</a>",22.0,7.0,0.37822534356798443
5930,"<a href=""statss.aspx?playerid=5930&position=OF"">Nick Markakis</a>",36.0,141.0,0.3068804647905607
5452,"<a href=""statss.aspx?playerid=5452&position=1B"">Ji-Man Choi</a>",29.0,145.0,0.3160950804090166
15988,"<a href=""statss.aspx?playerid=15988&position=C"">Deivy Grullon</a>",24.0,4.0,0.39533427357673645
19392,"<a href=""statss.aspx?playerid=19392&position=3B/OF"">Zach McKinstry</a>",25.0,7.0,0.302946857043675
15490,"<a href=""statss.aspx?playerid=15490&position=OF"">Justin Williams</a>",24.0,6.0,0.26355618238449097
7870,"<a href=""statss.aspx?playerid=7870&position=C"">Jonathan Lucroy</a>",34.0,0.0,0.0
19151,"<a href=""statss.aspx?playerid=19151&position=OF"">Estevan Florial</a>",22.0,3.0,0.29417526721954346
13834,"<a href=""statss.aspx?playerid=13834&position=P"">Alec Mills</a>",28.0,1.0,0.0
13801,"<a href=""statss.aspx?playerid=13801&position=P"">Austin Adams</a>",29.0,1.0,0.0
16814,"<a href=""statss.aspx?playerid=16814&position=P"">Tim Hill</a>",30.0,1.0,0.0
1157,"<a href=""statss.aspx?playerid=1157&position=P"">Tommy Hunter</a>",33.0,0.0,0.0
1247,"<a href=""statss.aspx?playerid=1247&position=P"">Adam Ottavino</a>",34.0,0.0,0.0
1514,"<a href=""statss.aspx?playerid=1514&position=P"">Oliver Perez</a>",38.0,0.0,0.0
1581,"<a href=""statss.aspx?playerid=1581&position=P"">Sean Doolittle</a>",33.0,0.0,0.0
1943,"<a href=""statss.aspx?playerid=1943&position=P"">Zack Greinke</a>",36.0,0.0,0.0
1994,"<a href=""statss.aspx?playerid=1994&position=P"">Ivan Nova</a>",33.0,0.0,0.0
2036,"<a href=""statss.aspx?playerid=2036&position=P"">Clayton Kershaw</a>",32.0,0.0,0.0
2233,"<a href=""statss.aspx?playerid=2233&position=P"">Adam Wainwright</a>",38.0,0.0,0.0
2391,"<a href=""statss.aspx?playerid=2391&position=P"">Hector Rondon</a>",32.0,0.0,0.0
2429,"<a href=""statss.aspx?playerid=2429&position=P"">Corey Kluber</a>",34.0,0.0,0.0
2520,"<a href=""statss.aspx?playerid=2520&position=P"">Lance Lynn</a>",33.0,0.0,0.0
2608,"<a href=""statss.aspx?playerid=2608&position=P"">Jhoulys Chacin</a>",32.0,0.0,0.0
2717,"<a href=""statss.aspx?playerid=2717&position=P"">Rick Porcello</a>",31.0,0.0,0.0
2859,"<a href=""statss.aspx?playerid=2859&position=P"">Ross Detwiler</a>",34.0,0.0,0.0
2882,"<a href=""statss.aspx?playerid=2882&position=P"">Luis Avilan</a>",30.0,0.0,0.0
3096,"<a href=""statss.aspx?playerid=3096&position=P"">Kenley Jansen</a>",32.0,0.0,0.0
3132,"<a href=""statss.aspx?playerid=3132&position=P"">Tony Watson</a>",35.0,0.0,0.0
3137,"<a href=""statss.aspx?playerid=3137&position=P"">Max Scherzer</a>",35.0,0.0,0.0
3192,"<a href=""statss.aspx?playerid=3192&position=P"">Will Harris</a>",35.0,0.0,0.0
3237,"<a href=""statss.aspx?playerid=3237&position=P"">T.J. McFarland</a>",31.0,0.0,0.0
3240,"<a href=""statss.aspx?playerid=3240&position=P"">Zack Britton</a>",32.0,0.0,0.0
3254,"<a href=""statss.aspx?playerid=3254&position=P"">Jeff Samardzija</a>",35.0,0.0,0.0
3284,"<a href=""statss.aspx?playerid=3284&position=P"">Anibal Sanchez</a>",36.0,0.0,0.0
3321,"<a href=""statss.aspx?playerid=3321&position=P"">Darren O'Day</a>",37.0,0.0,0.0
3542,"<a href=""statss.aspx?playerid=3542&position=P"">Danny Duffy</a>",31.0,0.0,0.0
3548,"<a href=""statss.aspx?playerid=3548&position=P"">Liam Hendriks</a>",31.0,0.0,0.0
3950,"<a href=""statss.aspx?playerid=3950&position=P"">Matt Magill</a>",30.0,0.0,0.0
3990,"<a href=""statss.aspx?playerid=3990&position=P"">Edinson Volquez</a>",36.0,0.0,0.0
4020,"<a href=""statss.aspx?playerid=4020&position=P"">Yusmeiro Petit</a>",35.0,0.0,0.0
4070,"<a href=""statss.aspx?playerid=4070&position=P"">Pedro Strop</a>",35.0,0.0,0.0
4141,"<a href=""statss.aspx?playerid=4141&position=P"">Derek Holland</a>",33.0,0.0,0.0
4153,"<a href=""statss.aspx?playerid=4153&position=P"">Jake Arrieta</a>",34.0,0.0,0.0
4185,"<a href=""statss.aspx?playerid=4185&position=P"">Rafael Dolis</a>",32.0,0.0,0.0
4264,"<a href=""statss.aspx?playerid=4264&position=P"">Mark Melancon</a>",35.0,0.0,0.0
4301,"<a href=""statss.aspx?playerid=4301&position=P"">Justin Wilson</a>",32.0,0.0,0.0
4338,"<a href=""statss.aspx?playerid=4338&position=P"">Tyler Chatwood</a>",30.0,0.0,0.0
4505,"<a href=""statss.aspx?playerid=4505&position=P"">Jordan Zimmermann</a>",34.0,0.0,0.0
4676,"<a href=""statss.aspx?playerid=4676&position=P"">Charlie Morton</a>",36.0,0.0,0.0
4696,"<a href=""statss.aspx?playerid=4696&position=P"">Nate Jones</a>",34.0,0.0,0.0
4776,"<a href=""statss.aspx?playerid=4776&position=P"">Matt Shoemaker</a>",33.0,0.0,0.0
4806,"<a href=""statss.aspx?playerid=4806&position=P"">Rich Hill</a>",40.0,0.0,0.0
4869,"<a href=""statss.aspx?playerid=4869&position=P"">Mike Montgomery</a>",30.0,0.0,0.0
4930,"<a href=""statss.aspx?playerid=4930&position=P"">Jon Lester</a>",36.0,0.0,0.0
4972,"<a href=""statss.aspx?playerid=4972&position=P"">Cole Hamels</a>",36.0,0.0,0.0
5003,"<a href=""statss.aspx?playerid=5003&position=P"">Jake Diekman</a>",33.0,0.0,0.0
5114,"<a href=""statss.aspx?playerid=5114&position=P"">Jeurys Familia</a>",30.0,0.0,0.0
5221,"<a href=""statss.aspx?playerid=5221&position=P"">Wade LeBlanc</a>",35.0,0.0,0.0
5224,"<a href=""statss.aspx?playerid=5224&position=P"">Blake Parker</a>",35.0,0.0,0.0
5257,"<a href=""statss.aspx?playerid=5257&position=P"">Wilmer Font</a>",30.0,0.0,0.0
5358,"<a href=""statss.aspx?playerid=5358&position=P"">Jose Alvarez</a>",31.0,0.0,0.0
5372,"<a href=""statss.aspx?playerid=5372&position=P"">Michael Pineda</a>",31.0,0.0,0.0
5401,"<a href=""statss.aspx?playerid=5401&position=P"">Brad Peacock</a>",32.0,0.0,0.0
5420,"<a href=""statss.aspx?playerid=5420&position=P"">Pedro Baez</a>",32.0,0.0,0.0
5448,"<a href=""statss.aspx?playerid=5448&position=P"">Jesse Chavez</a>",36.0,0.0,0.0
5524,"<a href=""statss.aspx?playerid=5524&position=P"">Madison Bumgarner</a>",30.0,0.0,0.0
5530,"<a href=""statss.aspx?playerid=5530&position=P"">Nik Turley</a>",30.0,0.0,0.0
5615,"<a href=""statss.aspx?playerid=5615&position=P"">Ryan Brasier</a>",32.0,0.0,0.0
5640,"<a href=""statss.aspx?playerid=5640&position=P"">Tyler Clippard</a>",35.0,0.0,0.0
5702,"<a href=""statss.aspx?playerid=5702&position=P"">Junior Guerra</a>",35.0,0.0,0.0
6033,"<a href=""statss.aspx?playerid=6033&position=P"">Kelvin Herrera</a>",30.0,0.0,0.0
6216,"<a href=""statss.aspx?playerid=6216&position=P"">Dellin Betances</a>",32.0,0.0,0.0
6249,"<a href=""statss.aspx?playerid=6249&position=P"">Trevor Cahill</a>",32.0,0.0,0.0
6316,"<a href=""statss.aspx?playerid=6316&position=P"">David Phelps</a>",33.0,0.0,0.0
6397,"<a href=""statss.aspx?playerid=6397&position=P"">Jake Odorizzi</a>",30.0,0.0,0.0
6398,"<a href=""statss.aspx?playerid=6398&position=P"">Trevor May</a>",30.0,0.0,0.0
6399,"<a href=""statss.aspx?playerid=6399&position=P"">Jose Cisnero</a>",31.0,0.0,0.0
6483,"<a href=""statss.aspx?playerid=6483&position=P"">Steve Cishek</a>",34.0,0.0,0.0
6562,"<a href=""statss.aspx?playerid=6562&position=P"">Alex Cobb</a>",32.0,0.0,0.0
6576,"<a href=""statss.aspx?playerid=6576&position=P"">Robert Stock</a>",30.0,0.0,0.0
6632,"<a href=""statss.aspx?playerid=6632&position=P"">Carlos Carrasco</a>",33.0,0.0,0.0
6655,"<a href=""statss.aspx?playerid=6655&position=P"">Craig Kimbrel</a>",32.0,0.0,0.0
6661,"<a href=""statss.aspx?playerid=6661&position=P"">Alex Colome</a>",31.0,0.0,0.0
6785,"<a href=""statss.aspx?playerid=6785&position=P"">Andrew Miller</a>",35.0,0.0,0.0
6797,"<a href=""statss.aspx?playerid=6797&position=P"">Julio Teheran</a>",29.0,0.0,0.0
6832,"<a href=""statss.aspx?playerid=6832&position=P"">Sam Freeman</a>",33.0,0.0,0.0
6893,"<a href=""statss.aspx?playerid=6893&position=P"">Johnny Cueto</a>",34.0,0.0,0.0
6895,"<a href=""statss.aspx?playerid=6895&position=P"">Chase Anderson</a>",32.0,0.0,0.0
6902,"<a href=""statss.aspx?playerid=6902&position=P"">Martin Perez</a>",29.0,0.0,0.0
6941,"<a href=""statss.aspx?playerid=6941&position=P"">Joakim Soria</a>",36.0,0.0,0.0
6984,"<a href=""statss.aspx?playerid=6984&position=P"">Luis Garcia</a>",33.0,0.0,0.0
6986,"<a href=""statss.aspx?playerid=6986&position=P"">Ian Kennedy</a>",35.0,0.0,0.0
7005,"<a href=""statss.aspx?playerid=7005&position=P"">Ryan Pressly</a>",31.0,0.0,0.0
7108,"<a href=""statss.aspx?playerid=7108&position=P"">Pat Venditte</a>",35.0,0.0,0.0
7115,"<a href=""statss.aspx?playerid=7115&position=P"">Daniel Bard</a>",35.0,0.0,0.0
7146,"<a href=""statss.aspx?playerid=7146&position=P"">Daniel Hudson</a>",33.0,0.0,0.0
7196,"<a href=""statss.aspx?playerid=7196&position=P"">Greg Holland</a>",34.0,0.0,0.0
7274,"<a href=""statss.aspx?playerid=7274&position=P"">Craig Stammen</a>",36.0,0.0,0.0
7407,"<a href=""statss.aspx?playerid=7407&position=P"">Javy Guerra</a>",34.0,0.0,0.0
7410,"<a href=""statss.aspx?playerid=7410&position=P"">J.A. Happ</a>",37.0,0.0,0.0
7441,"<a href=""statss.aspx?playerid=7441&position=P"">Wade Davis</a>",34.0,0.0,0.0
7448,"<a href=""statss.aspx?playerid=7448&position=P"">Gio Gonzalez</a>",34.0,0.0,0.0
7550,"<a href=""statss.aspx?playerid=7550&position=P"">Jake McGee</a>",33.0,0.0,0.0
7555,"<a href=""statss.aspx?playerid=7555&position=P"">Nick Vincent</a>",33.0,0.0,0.0
7593,"<a href=""statss.aspx?playerid=7593&position=P"">Jordan Lyles</a>",29.0,0.0,0.0
7608,"<a href=""statss.aspx?playerid=7608&position=P"">Tommy Milone</a>",33.0,0.0,0.0
7731,"<a href=""statss.aspx?playerid=7731&position=P"">Juan Nicasio</a>",33.0,0.0,0.0
7754,"<a href=""statss.aspx?playerid=7754&position=P"">Mike Fiers</a>",35.0,0.0,0.0
7803,"<a href=""statss.aspx?playerid=7803&position=P"">Richard Bleier</a>",33.0,0.0,0.0
7836,"<a href=""statss.aspx?playerid=7836&position=P"">Hunter Strickland</a>",31.0,0.0,0.0
7882,"<a href=""statss.aspx?playerid=7882&position=P"">Josh Lindblom</a>",33.0,0.0,0.0
7947,"<a href=""statss.aspx?playerid=7947&position=P"">Cory Gearrin</a>",34.0,0.0,0.0
7982,"<a href=""statss.aspx?playerid=7982&position=P"">Anthony Bass</a>",32.0,0.0,0.0
8004,"<a href=""statss.aspx?playerid=8004&position=P"">Marcus Walden</a>",31.0,0.0,0.0
8048,"<a href=""statss.aspx?playerid=8048&position=P"">Will Smith</a>",30.0,0.0,0.0
8110,"<a href=""statss.aspx?playerid=8110&position=P"">Bryan Shaw</a>",32.0,0.0,0.0
8223,"<a href=""statss.aspx?playerid=8223&position=P"">Brett Anderson</a>",32.0,0.0,0.0
8246,"<a href=""statss.aspx?playerid=8246&position=P"">Paolo Espino</a>",33.0,0.0,0.0
8350,"<a href=""statss.aspx?playerid=8350&position=P"">AJ Ramos</a>",33.0,0.0,0.0
8362,"<a href=""statss.aspx?playerid=8362&position=P"">Homer Bailey</a>",34.0,0.0,0.0
8410,"<a href=""statss.aspx?playerid=8410&position=P"">Deolis Guerra</a>",31.0,0.0,0.0
8700,"<a href=""statss.aspx?playerid=8700&position=P"">Justin Verlander</a>",37.0,0.0,0.0
8753,"<a href=""statss.aspx?playerid=8753&position=P"">Tanner Roark</a>",33.0,0.0,0.0
8779,"<a href=""statss.aspx?playerid=8779&position=P"">Wade Miley</a>",33.0,0.0,0.0
8823,"<a href=""statss.aspx?playerid=8823&position=P"">Oliver Drake</a>",33.0,0.0,0.0
9013,"<a href=""statss.aspx?playerid=9013&position=P"">Cesar Valdez</a>",35.0,0.0,0.0
9073,"<a href=""statss.aspx?playerid=9073&position=P"">Kirby Yates</a>",33.0,0.0,0.0
9111,"<a href=""statss.aspx?playerid=9111&position=P"">Brad Hand</a>",30.0,0.0,0.0
9132,"<a href=""statss.aspx?playerid=9132&position=P"">Nathan Eovaldi</a>",30.0,0.0,0.0
9323,"<a href=""statss.aspx?playerid=9323&position=P"">Patrick Corbin</a>",30.0,0.0,0.0
9325,"<a href=""statss.aspx?playerid=9325&position=P"">Jared Hughes</a>",34.0,0.0,0.0
9388,"<a href=""statss.aspx?playerid=9388&position=P"">Josh Tomlin</a>",35.0,0.0,0.0
9434,"<a href=""statss.aspx?playerid=9434&position=P"">Dallas Keuchel</a>",32.0,0.0,0.0
9456,"<a href=""statss.aspx?playerid=9456&position=P"">Ryan Buchter</a>",33.0,0.0,0.0
9490,"<a href=""statss.aspx?playerid=9490&position=P"">Jeremy Jeffress</a>",32.0,0.0,0.0
9646,"<a href=""statss.aspx?playerid=9646&position=P"">Brian Moran</a>",31.0,0.0,0.0
9756,"<a href=""statss.aspx?playerid=9756&position=P"">David Hale</a>",32.0,0.0,0.0
9761,"<a href=""statss.aspx?playerid=9761&position=P"">Joe Kelly</a>",32.0,0.0,0.0
9784,"<a href=""statss.aspx?playerid=9784&position=P"">Garrett Richards</a>",32.0,0.0,0.0
9794,"<a href=""statss.aspx?playerid=9794&position=P"">Rex Brothers</a>",32.0,0.0,0.0
9817,"<a href=""statss.aspx?playerid=9817&position=P"">Sergio Romo</a>",37.0,0.0,0.0
9866,"<a href=""statss.aspx?playerid=9866&position=P"">Chaz Roe</a>",33.0,0.0,0.0
9895,"<a href=""statss.aspx?playerid=9895&position=P"">Chris Rusin</a>",33.0,0.0,0.0
9939,"<a href=""statss.aspx?playerid=9939&position=P"">Brandon Kintzler</a>",35.0,0.0,0.0
10021,"<a href=""statss.aspx?playerid=10021&position=P"">Mike Minor</a>",32.0,0.0,0.0
10058,"<a href=""statss.aspx?playerid=10058&position=P"">Tyler Matzek</a>",29.0,0.0,0.0
10061,"<a href=""statss.aspx?playerid=10061&position=P"">Brooks Raley</a>",32.0,0.0,0.0
10078,"<a href=""statss.aspx?playerid=10078&position=P"">Caleb Thielbar</a>",33.0,0.0,0.0
10123,"<a href=""statss.aspx?playerid=10123&position=P"">Kyle Gibson</a>",32.0,0.0,0.0
10131,"<a href=""statss.aspx?playerid=10131&position=P"">Stephen Strasburg</a>",31.0,0.0,0.0
10133,"<a href=""statss.aspx?playerid=10133&position=P"">Brad Boxberger</a>",32.0,0.0,0.0
10160,"<a href=""statss.aspx?playerid=10160&position=P"">Ryan Weber</a>",29.0,0.0,0.0
10233,"<a href=""statss.aspx?playerid=10233&position=P"">Aroldis Chapman</a>",32.0,0.0,0.0
10291,"<a href=""statss.aspx?playerid=10291&position=P"">Ryan Tepera</a>",32.0,0.0,0.0
10310,"<a href=""statss.aspx?playerid=10310&position=P"">Zack Wheeler</a>",30.0,0.0,0.0
10314,"<a href=""statss.aspx?playerid=10314&position=P"">Erasmo Ramirez</a>",30.0,0.0,0.0
10343,"<a href=""statss.aspx?playerid=10343&position=P"">Aaron Loup</a>",32.0,0.0,0.0
10354,"<a href=""statss.aspx?playerid=10354&position=P"">Robbie Erlin</a>",29.0,0.0,0.0
10430,"<a href=""statss.aspx?playerid=10430&position=P"">Mychal Givens</a>",30.0,0.0,0.0
10591,"<a href=""statss.aspx?playerid=10591&position=P"">Scott Alexander</a>",30.0,0.0,0.0
10688,"<a href=""statss.aspx?playerid=10688&position=P"">Tyler Thornburg</a>",31.0,0.0,0.0
10745,"<a href=""statss.aspx?playerid=10745&position=P"">Trevor Rosenthal</a>",30.0,0.0,0.0
10756,"<a href=""statss.aspx?playerid=10756&position=P"">Shane Greene</a>",31.0,0.0,0.0
10811,"<a href=""statss.aspx?playerid=10811&position=P"">Mike Foltynewicz</a>",28.0,0.0,0.0
10836,"<a href=""statss.aspx?playerid=10836&position=P"">Asher Wojciechowski</a>",31.0,0.0,0.0
10855,"<a href=""statss.aspx?playerid=10855&position=P"">Chasen Shreve</a>",29.0,0.0,0.0
10946,"<a href=""statss.aspx?playerid=10946&position=P"">Josh A. Smith</a>",32.0,0.0,0.0
10954,"<a href=""statss.aspx?playerid=10954&position=P"">Jacob deGrom</a>",32.0,0.0,0.0
11156,"<a href=""statss.aspx?playerid=11156&position=P"">Merrill Kelly</a>",31.0,0.0,0.0
11189,"<a href=""statss.aspx?playerid=11189&position=P"">Vince Velasquez</a>",28.0,0.0,0.0
11203,"<a href=""statss.aspx?playerid=11203&position=P"">Grant Dayton</a>",32.0,0.0,0.0
11209,"<a href=""statss.aspx?playerid=11209&position=P"">Casey Sadler</a>",29.0,0.0,0.0
11243,"<a href=""statss.aspx?playerid=11243&position=P"">Aaron Barrett</a>",32.0,0.0,0.0
11334,"<a href=""statss.aspx?playerid=11334&position=P"">Tyler Lyons</a>",32.0,0.0,0.0
11346,"<a href=""statss.aspx?playerid=11346&position=P"">Seth Frankoff</a>",31.0,0.0,0.0
11369,"<a href=""statss.aspx?playerid=11369&position=OF"">Brett Eibner</a>",31.0,0.0,0.0
11384,"<a href=""statss.aspx?playerid=11384&position=P"">Tommy Kahnle</a>",30.0,0.0,0.0
11423,"<a href=""statss.aspx?playerid=11423&position=P"">Jose Quintana</a>",31.0,0.0,0.0
11426,"<a href=""statss.aspx?playerid=11426&position=P"">Drew Pomeranz</a>",31.0,0.0,0.0
11428,"<a href=""statss.aspx?playerid=11428&position=P"">Brandon Workman</a>",31.0,0.0,0.0
11437,"<a href=""statss.aspx?playerid=11437&position=P"">Jesse Biddle</a>",28.0,0.0,0.0
11449,"<a href=""statss.aspx?playerid=11449&position=P"">Matt Grace</a>",31.0,0.0,0.0
11467,"<a href=""statss.aspx?playerid=11467&position=P"">A.J. Cole</a>",28.0,0.0,0.0
11486,"<a href=""statss.aspx?playerid=11486&position=P"">Robbie Ray</a>",28.0,0.0,0.0
11487,"<a href=""statss.aspx?playerid=11487&position=P"">Joely Rodriguez</a>",28.0,0.0,0.0
11528,"<a href=""statss.aspx?playerid=11528&position=P"">Josh Osich</a>",31.0,0.0,0.0
11589,"<a href=""statss.aspx?playerid=11589&position=P"">Jose Urena</a>",28.0,0.0,0.0
11604,"<a href=""statss.aspx?playerid=11604&position=P"">Dovydas Neverauskas</a>",27.0,0.0,0.0
11618,"<a href=""statss.aspx?playerid=11618&position=P"">Mike Kickham</a>",31.0,0.0,0.0
11632,"<a href=""statss.aspx?playerid=11632&position=P"">Heath Hembree</a>",31.0,0.0,0.0
11682,"<a href=""statss.aspx?playerid=11682&position=P"">Carlos Martinez</a>",28.0,0.0,0.0
11713,"<a href=""statss.aspx?playerid=11713&position=P"">Matt Harvey</a>",31.0,0.0,0.0
11720,"<a href=""statss.aspx?playerid=11720&position=P"">Justin Grimm</a>",31.0,0.0,0.0
11752,"<a href=""statss.aspx?playerid=11752&position=P"">Luke Jackson</a>",28.0,0.0,0.0
11753,"<a href=""statss.aspx?playerid=11753&position=P"">Kyle Ryan</a>",28.0,0.0,0.0
11760,"<a href=""statss.aspx?playerid=11760&position=P"">Drew Smyly</a>",31.0,0.0,0.0
11801,"<a href=""statss.aspx?playerid=11801&position=P"">Hansel Robles</a>",29.0,0.0,0.0
11804,"<a href=""statss.aspx?playerid=11804&position=P"">Hector Neris</a>",31.0,0.0,0.0
11828,"<a href=""statss.aspx?playerid=11828&position=P"">James Paxton</a>",31.0,0.0,0.0
11836,"<a href=""statss.aspx?playerid=11836&position=P"">Taijuan Walker</a>",27.0,0.0,0.0
11847,"<a href=""statss.aspx?playerid=11847&position=P"">Chris Martin</a>",34.0,0.0,0.0
11861,"<a href=""statss.aspx?playerid=11861&position=P"">Jason Adam</a>",28.0,0.0,0.0
11903,"<a href=""statss.aspx?playerid=11903&position=P"">Michael Feliz</a>",27.0,0.0,0.0
12022,"<a href=""statss.aspx?playerid=12022&position=P"">Matt Andriese</a>",30.0,0.0,0.0
12049,"<a href=""statss.aspx?playerid=12049&position=P"">Kyle Hendricks</a>",30.0,0.0,0.0
12095,"<a href=""statss.aspx?playerid=12095&position=P"">Yimi Garcia</a>",29.0,0.0,0.0
12178,"<a href=""statss.aspx?playerid=12178&position=P"">Domingo Tapia</a>",28.0,0.0,0.0
12237,"<a href=""statss.aspx?playerid=12237&position=P"">Dan Winkler</a>",30.0,0.0,0.0
12249,"<a href=""statss.aspx?playerid=12249&position=P"">Ryan Sherriff</a>",30.0,0.0,0.0
12297,"<a href=""statss.aspx?playerid=12297&position=P"">Evan Marshall</a>",30.0,0.0,0.0
12304,"<a href=""statss.aspx?playerid=12304&position=P"">Chris Bassitt</a>",31.0,0.0,0.0
12317,"<a href=""statss.aspx?playerid=12317&position=P"">Colin Rea</a>",29.0,0.0,0.0
12323,"<a href=""statss.aspx?playerid=12323&position=P"">Jacob Barnes</a>",30.0,0.0,0.0
12385,"<a href=""statss.aspx?playerid=12385&position=P"">Nick Tropeano</a>",29.0,0.0,0.0
12447,"<a href=""statss.aspx?playerid=12447&position=P"">Seth Lugo</a>",30.0,0.0,0.0
12572,"<a href=""statss.aspx?playerid=12572&position=P"">Blake Treinen</a>",32.0,0.0,0.0
12575,"<a href=""statss.aspx?playerid=12575&position=P"">Nick Ramirez</a>",30.0,0.0,0.0
12580,"<a href=""statss.aspx?playerid=12580&position=P"">Adam Morgan</a>",30.0,0.0,0.0
12680,"<a href=""statss.aspx?playerid=12680&position=P"">Ryne Harper</a>",31.0,0.0,0.0
12703,"<a href=""statss.aspx?playerid=12703&position=P"">Trevor Bauer</a>",29.0,0.0,0.0
12718,"<a href=""statss.aspx?playerid=12718&position=P"">Adrian Houser</a>",27.0,0.0,0.0
12760,"<a href=""statss.aspx?playerid=12760&position=P"">Rafael Montero</a>",29.0,0.0,0.0
12763,"<a href=""statss.aspx?playerid=12763&position=P"">Chris Devenski</a>",29.0,0.0,0.0
12768,"<a href=""statss.aspx?playerid=12768&position=P"">Sonny Gray</a>",30.0,0.0,0.0
12774,"<a href=""statss.aspx?playerid=12774&position=P"">Jairo Diaz</a>",29.0,0.0,0.0
12778,"<a href=""statss.aspx?playerid=12778&position=P"">Sam Gaviglio</a>",30.0,0.0,0.0
12781,"<a href=""statss.aspx?playerid=12781&position=P"">Sean Gilmartin</a>",30.0,0.0,0.0
12784,"<a href=""statss.aspx?playerid=12784&position=P"">Burch Smith</a>",30.0,0.0,0.0
12800,"<a href=""statss.aspx?playerid=12800&position=P"">Noe Ramirez</a>",30.0,0.0,0.0
12804,"<a href=""statss.aspx?playerid=12804&position=P"">Matt Wisler</a>",27.0,0.0,0.0
12808,"<a href=""statss.aspx?playerid=12808&position=P"">Mike Clevinger</a>",29.0,0.0,0.0
12828,"<a href=""statss.aspx?playerid=12828&position=P"">Andrew Kittredge</a>",30.0,0.0,0.0
12857,"<a href=""statss.aspx?playerid=12857&position=P"">Shawn Armstrong</a>",29.0,0.0,0.0
12863,"<a href=""statss.aspx?playerid=12863&position=P"">Matt Barnes</a>",30.0,0.0,0.0
12880,"<a href=""statss.aspx?playerid=12880&position=P"">Tyler Anderson</a>",30.0,0.0,0.0
12890,"<a href=""statss.aspx?playerid=12890&position=P"">Alex Claudio</a>",28.0,0.0,0.0
12910,"<a href=""statss.aspx?playerid=12910&position=P"">Ken Giles</a>",29.0,0.0,0.0
12917,"<a href=""statss.aspx?playerid=12917&position=P"">Dylan Bundy</a>",27.0,0.0,0.0
12918,"<a href=""statss.aspx?playerid=12918&position=P"">Archie Bradley</a>",27.0,0.0,0.0
12970,"<a href=""statss.aspx?playerid=12970&position=P"">Joe Musgrove</a>",27.0,0.0,0.0
12988,"<a href=""statss.aspx?playerid=12988&position=P"">Andrew Chafin</a>",30.0,0.0,0.0
12997,"<a href=""statss.aspx?playerid=12997&position=P"">Colten Brewer</a>",27.0,0.0,0.0
13050,"<a href=""statss.aspx?playerid=13050&position=P"">Anthony DeSclafani</a>",30.0,0.0,0.0
13074,"<a href=""statss.aspx?playerid=13074&position=P"">Yu Darvish</a>",33.0,0.0,0.0
13125,"<a href=""statss.aspx?playerid=13125&position=P"">Gerrit Cole</a>",29.0,0.0,0.0
13182,"<a href=""statss.aspx?playerid=13182&position=P"">Kyle Crick</a>",27.0,0.0,0.0
13183,"<a href=""statss.aspx?playerid=13183&position=P"">Zach Davies</a>",27.0,0.0,0.0
13190,"<a href=""statss.aspx?playerid=13190&position=P"">Jordan Weems</a>",27.0,0.0,0.0
13194,"<a href=""statss.aspx?playerid=13194&position=P"">Joe Biagini</a>",30.0,0.0,0.0
13218,"<a href=""statss.aspx?playerid=13218&position=P"">Michael Fulmer</a>",27.0,0.0,0.0
13273,"<a href=""statss.aspx?playerid=13273&position=P"">Ross Stripling</a>",30.0,0.0,0.0
13287,"<a href=""statss.aspx?playerid=13287&position=P"">Jesse Hahn</a>",30.0,0.0,0.0
13293,"<a href=""statss.aspx?playerid=13293&position=P"">Danny Coulombe</a>",30.0,0.0,0.0
13323,"<a href=""statss.aspx?playerid=13323&position=P"">James Pazos</a>",29.0,0.0,0.0
13345,"<a href=""statss.aspx?playerid=13345&position=P"">Luis Cessa</a>",28.0,0.0,0.0
13346,"<a href=""statss.aspx?playerid=13346&position=P"">Hoby Milner</a>",29.0,0.0,0.0
13360,"<a href=""statss.aspx?playerid=13360&position=P"">Cam Bedrosian</a>",28.0,0.0,0.0
13361,"<a href=""statss.aspx?playerid=13361&position=P"">Steven Matz</a>",29.0,0.0,0.0
13394,"<a href=""statss.aspx?playerid=13394&position=P"">Dylan Floro</a>",29.0,0.0,0.0
13397,"<a href=""statss.aspx?playerid=13397&position=P"">Sam Selman</a>",29.0,0.0,0.0
13403,"<a href=""statss.aspx?playerid=13403&position=P"">Felix Pena</a>",30.0,0.0,0.0
13435,"<a href=""statss.aspx?playerid=13435&position=P"">Pierce Johnson</a>",29.0,0.0,0.0
13442,"<a href=""statss.aspx?playerid=13442&position=P"">Mike Morin</a>",29.0,0.0,0.0
13449,"<a href=""statss.aspx?playerid=13449&position=P"">Taylor Rogers</a>",29.0,0.0,0.0
13470,"<a href=""statss.aspx?playerid=13470&position=P"">Lucas Sims</a>",26.0,0.0,0.0
13475,"<a href=""statss.aspx?playerid=13475&position=P"">Daniel Norris</a>",27.0,0.0,0.0
13527,"<a href=""statss.aspx?playerid=13527&position=P"">Brandon Brennan</a>",28.0,0.0,0.0
13533,"<a href=""statss.aspx?playerid=13533&position=P"">Andrew Triggs</a>",31.0,0.0,0.0
13543,"<a href=""statss.aspx?playerid=13543&position=P"">Blake Snell</a>",27.0,0.0,0.0
13549,"<a href=""statss.aspx?playerid=13549&position=P"">Richard Rodriguez</a>",30.0,0.0,0.0
13594,"<a href=""statss.aspx?playerid=13594&position=P"">Robert Stephenson</a>",27.0,0.0,0.0
13607,"<a href=""statss.aspx?playerid=13607&position=P"">Carl Edwards Jr.</a>",28.0,0.0,0.0
13619,"<a href=""statss.aspx?playerid=13619&position=P"">Jakob Junis</a>",27.0,0.0,0.0
13629,"<a href=""statss.aspx?playerid=13629&position=P"">Josh D. Smith</a>",30.0,0.0,0.0
13649,"<a href=""statss.aspx?playerid=13649&position=P"">Clay Holmes</a>",27.0,0.0,0.0
13677,"<a href=""statss.aspx?playerid=13677&position=P"">Corey Oswalt</a>",26.0,0.0,0.0
13684,"<a href=""statss.aspx?playerid=13684&position=P"">John Gant</a>",27.0,0.0,0.0
13685,"<a href=""statss.aspx?playerid=13685&position=P"">Nick Goody</a>",28.0,0.0,0.0
13690,"<a href=""statss.aspx?playerid=13690&position=P"">Sal Romano</a>",26.0,0.0,0.0
13696,"<a href=""statss.aspx?playerid=13696&position=P"">Robert Gsellman</a>",26.0,0.0,0.0
13743,"<a href=""statss.aspx?playerid=13743&position=P"">Max Fried</a>",26.0,0.0,0.0
13758,"<a href=""statss.aspx?playerid=13758&position=P"">Tyler Duffey</a>",29.0,0.0,0.0
13761,"<a href=""statss.aspx?playerid=13761&position=P"">Chris Stratton</a>",29.0,0.0,0.0
13763,"<a href=""statss.aspx?playerid=13763&position=P"">Dominic Leone</a>",28.0,0.0,0.0
13764,"<a href=""statss.aspx?playerid=13764&position=P"">Roberto Osuna</a>",25.0,0.0,0.0
13774,"<a href=""statss.aspx?playerid=13774&position=P"">Zach Eflin</a>",26.0,0.0,0.0
13781,"<a href=""statss.aspx?playerid=13781&position=P"">Alex Wood</a>",29.0,0.0,0.0
13799,"<a href=""statss.aspx?playerid=13799&position=P"">Matt Strahm</a>",28.0,0.0,0.0
13804,"<a href=""statss.aspx?playerid=13804&position=P"">Walker Lockett</a>",26.0,0.0,0.0
13892,"<a href=""statss.aspx?playerid=13892&position=P"">Paul Sewald</a>",30.0,0.0,0.0
13942,"<a href=""statss.aspx?playerid=13942&position=P"">Brent Suter</a>",30.0,0.0,0.0
14078,"<a href=""statss.aspx?playerid=14078&position=P"">Michael Wacha</a>",28.0,0.0,0.0
14101,"<a href=""statss.aspx?playerid=14101&position=P"">Branden Kline</a>",28.0,0.0,0.0
14107,"<a href=""statss.aspx?playerid=14107&position=P"">Kevin Gausman</a>",29.0,0.0,0.0
14120,"<a href=""statss.aspx?playerid=14120&position=P"">Lance McCullers Jr.</a>",26.0,0.0,0.0
14151,"<a href=""statss.aspx?playerid=14151&position=P"">Chris Mazza</a>",30.0,0.0,0.0
14168,"<a href=""statss.aspx?playerid=14168&position=P"">Jose Berrios</a>",26.0,0.0,0.0
14169,"<a href=""statss.aspx?playerid=14169&position=P"">Kyle Zimmer</a>",28.0,0.0,0.0
14212,"<a href=""statss.aspx?playerid=14212&position=P"">Josh Hader</a>",26.0,0.0,0.0
14244,"<a href=""statss.aspx?playerid=14244&position=P"">Ray Black</a>",30.0,0.0,0.0
14288,"<a href=""statss.aspx?playerid=14288&position=P"">Luke Bard</a>",29.0,0.0,0.0
14295,"<a href=""statss.aspx?playerid=14295&position=P"">Wandy Peralta</a>",28.0,0.0,0.0
14309,"<a href=""statss.aspx?playerid=14309&position=P"">Frankie Montas</a>",27.0,0.0,0.0
14332,"<a href=""statss.aspx?playerid=14332&position=P"">Joel Payamps</a>",26.0,0.0,0.0
14374,"<a href=""statss.aspx?playerid=14374&position=P"">Tyler Glasnow</a>",26.0,0.0,0.0
14375,"<a href=""statss.aspx?playerid=14375&position=P"">Amir Garrett</a>",28.0,0.0,0.0
14399,"<a href=""statss.aspx?playerid=14399&position=P"">Robinson Leyer</a>",27.0,0.0,0.0
14444,"<a href=""statss.aspx?playerid=14444&position=P"">Hyun-Jin Ryu</a>",33.0,0.0,0.0
14506,"<a href=""statss.aspx?playerid=14506&position=P"">J.B. Wendelken</a>",27.0,0.0,0.0
14508,"<a href=""statss.aspx?playerid=14508&position=P"">Randy Rosario</a>",26.0,0.0,0.0
14509,"<a href=""statss.aspx?playerid=14509&position=P"">Dereck Rodriguez</a>",28.0,0.0,0.0
14524,"<a href=""statss.aspx?playerid=14524&position=P"">Jose Leclerc</a>",26.0,0.0,0.0
14527,"<a href=""statss.aspx?playerid=14527&position=P"">Jorge Lopez</a>",27.0,0.0,0.0
14542,"<a href=""statss.aspx?playerid=14542&position=P"">Carlos Estevez</a>",27.0,0.0,0.0
14545,"<a href=""statss.aspx?playerid=14545&position=P"">Dakota Bacus</a>",29.0,0.0,0.0
14552,"<a href=""statss.aspx?playerid=14552&position=P"">Jose Ruiz</a>",25.0,0.0,0.0
14605,"<a href=""statss.aspx?playerid=14605&position=P"">James Hoyt</a>",33.0,0.0,0.0
14646,"<a href=""statss.aspx?playerid=14646&position=P"">Rowan Wick</a>",27.0,0.0,0.0
14663,"<a href=""statss.aspx?playerid=14663&position=P"">Chi Chi Gonzalez</a>",28.0,0.0,0.0
14672,"<a href=""statss.aspx?playerid=14672&position=P"">Dillon Maples</a>",28.0,0.0,0.0
14677,"<a href=""statss.aspx?playerid=14677&position=P"">Duane Underwood Jr.</a>",25.0,0.0,0.0
14682,"<a href=""statss.aspx?playerid=14682&position=P"">Luis Perdomo</a>",27.0,0.0,0.0
14696,"<a href=""statss.aspx?playerid=14696&position=P"">Keone Kela</a>",27.0,0.0,0.0
14706,"<a href=""statss.aspx?playerid=14706&position=P"">Anthony Banda</a>",26.0,0.0,0.0
14707,"<a href=""statss.aspx?playerid=14707&position=P"">Brady Lail</a>",26.0,0.0,0.0
14710,"<a href=""statss.aspx?playerid=14710&position=P"">Edwin Diaz</a>",26.0,0.0,0.0
14719,"<a href=""statss.aspx?playerid=14719&position=P"">Ty Buttrey</a>",27.0,0.0,0.0
14739,"<a href=""statss.aspx?playerid=14739&position=P"">Paul Blackburn</a>",26.0,0.0,0.0
14765,"<a href=""statss.aspx?playerid=14765&position=P"">Julio Urias</a>",23.0,0.0,0.0
14771,"<a href=""statss.aspx?playerid=14771&position=P"">Emilio Pagan</a>",29.0,0.0,0.0
14814,"<a href=""statss.aspx?playerid=14814&position=P"">Buck Farmer</a>",29.0,0.0,0.0
14825,"<a href=""statss.aspx?playerid=14825&position=P"">Dylan Covey</a>",28.0,0.0,0.0
14832,"<a href=""statss.aspx?playerid=14832&position=P"">Bobby Wahl</a>",28.0,0.0,0.0
14844,"<a href=""statss.aspx?playerid=14844&position=P"">Matt Dermody</a>",29.0,0.0,0.0
14857,"<a href=""statss.aspx?playerid=14857&position=P"">Joe Mantiply</a>",29.0,0.0,0.0
14862,"<a href=""statss.aspx?playerid=14862&position=P"">Zack Godley</a>",30.0,0.0,0.0
14875,"<a href=""statss.aspx?playerid=14875&position=P"">Caleb Smith</a>",28.0,0.0,0.0
14899,"<a href=""statss.aspx?playerid=14899&position=P"">Taylor Williams</a>",28.0,0.0,0.0
14916,"<a href=""statss.aspx?playerid=14916&position=P"">Jon Gray</a>",28.0,0.0,0.0
14974,"<a href=""statss.aspx?playerid=14974&position=P"">Tyler Webb</a>",29.0,0.0,0.0
14975,"<a href=""statss.aspx?playerid=14975&position=P"">Chad Kuhl</a>",27.0,0.0,0.0
14986,"<a href=""statss.aspx?playerid=14986&position=P"">Giovanny Gallegos</a>",28.0,0.0,0.0
14993,"<a href=""statss.aspx?playerid=14993&position=P"">Scott Barlow</a>",27.0,0.0,0.0
15007,"<a href=""statss.aspx?playerid=15007&position=P"">Yacksel Rios</a>",27.0,0.0,0.0
15009,"<a href=""statss.aspx?playerid=15009&position=P"">Kyle Finnegan</a>",28.0,0.0,0.0
15010,"<a href=""statss.aspx?playerid=15010&position=P"">Corey Knebel</a>",28.0,0.0,0.0
15015,"<a href=""statss.aspx?playerid=15015&position=P"">Alex Reyes</a>",25.0,0.0,0.0
15036,"<a href=""statss.aspx?playerid=15036&position=P"">Chase De Jong</a>",26.0,0.0,0.0
15038,"<a href=""statss.aspx?playerid=15038&position=P"">German Marquez</a>",25.0,0.0,0.0
15043,"<a href=""statss.aspx?playerid=15043&position=P"">Lou Trivino</a>",28.0,0.0,0.0
15046,"<a href=""statss.aspx?playerid=15046&position=P"">Trevor Gott</a>",27.0,0.0,0.0
15047,"<a href=""statss.aspx?playerid=15047&position=P"">Austin Voth</a>",28.0,0.0,0.0
15051,"<a href=""statss.aspx?playerid=15051&position=P"">Silvino Bracho</a>",27.0,0.0,0.0
15068,"<a href=""statss.aspx?playerid=15068&position=P"">Yency Almonte</a>",26.0,0.0,0.0
15071,"<a href=""statss.aspx?playerid=15071&position=P"">Kyle McGowin</a>",28.0,0.0,0.0
15100,"<a href=""statss.aspx?playerid=15100&position=P"">Ben Heller</a>",28.0,0.0,0.0
15101,"<a href=""statss.aspx?playerid=15101&position=P"">Luke Farrell</a>",29.0,0.0,0.0
15130,"<a href=""statss.aspx?playerid=15130&position=P"">Drew Anderson</a>",26.0,0.0,0.0
15136,"<a href=""statss.aspx?playerid=15136&position=P"">Jake Newberry</a>",25.0,0.0,0.0
15139,"<a href=""statss.aspx?playerid=15139&position=P"">Ashton Goudeau</a>",27.0,0.0,0.0
15145,"<a href=""statss.aspx?playerid=15145&position=P"">Justin Topa</a>",29.0,0.0,0.0
15156,"<a href=""statss.aspx?playerid=15156&position=OF"">Ian Miller</a>",28.0,0.0,0.0
15157,"<a href=""statss.aspx?playerid=15157&position=P"">Jimmy Yacabonis</a>",28.0,0.0,0.0
15200,"<a href=""statss.aspx?playerid=15200&position=P"">Glenn Sparkman</a>",28.0,0.0,0.0
15203,"<a href=""statss.aspx?playerid=15203&position=P"">Tyler Bashlor</a>",27.0,0.0,0.0
15231,"<a href=""statss.aspx?playerid=15231&position=P"">Aaron Slegers</a>",27.0,0.0,0.0
15232,"<a href=""statss.aspx?playerid=15232&position=P"">Cody Reed</a>",27.0,0.0,0.0
15240,"<a href=""statss.aspx?playerid=15240&position=P"">Kevin McCarthy</a>",28.0,0.0,0.0
15256,"<a href=""statss.aspx?playerid=15256&position=P"">Cole Sulser</a>",30.0,0.0,0.0
15264,"<a href=""statss.aspx?playerid=15264&position=P"">Keynan Middleton</a>",26.0,0.0,0.0
15288,"<a href=""statss.aspx?playerid=15288&position=P"">Adam Cimber</a>",29.0,0.0,0.0
15291,"<a href=""statss.aspx?playerid=15291&position=P"">Steven Brault</a>",28.0,0.0,0.0
15423,"<a href=""statss.aspx?playerid=15423&position=P"">Andrew Heaney</a>",29.0,0.0,0.0
15440,"<a href=""statss.aspx?playerid=15440&position=P"">Matthew Boyd</a>",29.0,0.0,0.0
15451,"<a href=""statss.aspx?playerid=15451&position=P"">Mike Mayers</a>",28.0,0.0,0.0
15454,"<a href=""statss.aspx?playerid=15454&position=P"">Nick Pivetta</a>",27.0,0.0,0.0
15463,"<a href=""statss.aspx?playerid=15463&position=P"">Jose De Leon</a>",27.0,0.0,0.0
15467,"<a href=""statss.aspx?playerid=15467&position=P"">Marco Gonzales</a>",28.0,0.0,0.0
15474,"<a href=""statss.aspx?playerid=15474&position=P"">Lucas Giolito</a>",25.0,0.0,0.0
15488,"<a href=""statss.aspx?playerid=15488&position=P"">Antonio Senzatela</a>",25.0,0.0,0.0
15507,"<a href=""statss.aspx?playerid=15507&position=P"">Hunter Harvey</a>",25.0,0.0,0.0
15514,"<a href=""statss.aspx?playerid=15514&position=P"">Kendall Graveman</a>",29.0,0.0,0.0
15538,"<a href=""statss.aspx?playerid=15538&position=P"">Eric Yardley</a>",29.0,0.0,0.0
15541,"<a href=""statss.aspx?playerid=15541&position=P"">Tyler Rogers</a>",29.0,0.0,0.0
15552,"<a href=""statss.aspx?playerid=15552&position=P"">Chad Green</a>",29.0,0.0,0.0
15594,"<a href=""statss.aspx?playerid=15594&position=P"">Nick Wittgren</a>",29.0,0.0,0.0
15605,"<a href=""statss.aspx?playerid=15605&position=P"">Phillips Valdez</a>",28.0,0.0,0.0
15684,"<a href=""statss.aspx?playerid=15684&position=P"">Miguel Castro</a>",25.0,0.0,0.0
15689,"<a href=""statss.aspx?playerid=15689&position=P"">Luis Castillo</a>",27.0,0.0,0.0
15690,"<a href=""statss.aspx?playerid=15690&position=P"">Jimmy Cordero</a>",28.0,0.0,0.0
15734,"<a href=""statss.aspx?playerid=15734&position=P"">Brad Keller</a>",24.0,0.0,0.0
15761,"<a href=""statss.aspx?playerid=15761&position=P"">Joe Jimenez</a>",25.0,0.0,0.0
15764,"<a href=""statss.aspx?playerid=15764&position=P"">Masahiro Tanaka</a>",31.0,0.0,0.0
15792,"<a href=""statss.aspx?playerid=15792&position=P"">Rob Kaminsky</a>",25.0,0.0,0.0
15816,"<a href=""statss.aspx?playerid=15816&position=P"">Devin Williams</a>",25.0,0.0,0.0
15823,"<a href=""statss.aspx?playerid=15823&position=P"">Zack Littell</a>",24.0,0.0,0.0
15832,"<a href=""statss.aspx?playerid=15832&position=P"">Paul Fry</a>",27.0,0.0,0.0
15846,"<a href=""statss.aspx?playerid=15846&position=P"">Adam Plutko</a>",28.0,0.0,0.0
15855,"<a href=""statss.aspx?playerid=15855&position=P"">Wander Suero</a>",28.0,0.0,0.0
15859,"<a href=""statss.aspx?playerid=15859&position=P"">Stephen Tarpley</a>",27.0,0.0,0.0
15873,"<a href=""statss.aspx?playerid=15873&position=P"">Sean Manaea</a>",28.0,0.0,0.0
15906,"<a href=""statss.aspx?playerid=15906&position=P"">Lewis Thorpe</a>",24.0,0.0,0.0
15947,"<a href=""statss.aspx?playerid=15947&position=P"">Ryne Stanek</a>",28.0,0.0,0.0
15964,"<a href=""statss.aspx?playerid=15964&position=P"">Keury Mella</a>",26.0,0.0,0.0
16058,"<a href=""statss.aspx?playerid=16058&position=P"">Stefan Crichton</a>",28.0,0.0,0.0
16074,"<a href=""statss.aspx?playerid=16074&position=P"">Nick Burdi</a>",27.0,0.0,0.0
16106,"<a href=""statss.aspx?playerid=16106&position=P"">Cy Sneed</a>",27.0,0.0,0.0
16110,"<a href=""statss.aspx?playerid=16110&position=P"">Daniel Ponce de Leon</a>",28.0,0.0,0.0
16122,"<a href=""statss.aspx?playerid=16122&position=P"">Jordan Romano</a>",27.0,0.0,0.0
16128,"<a href=""statss.aspx?playerid=16128&position=P"">John Curtiss</a>",27.0,0.0,0.0
16130,"<a href=""statss.aspx?playerid=16130&position=P"">David Hess</a>",26.0,0.0,0.0
16132,"<a href=""statss.aspx?playerid=16132&position=P"">Justin Shafer</a>",27.0,0.0,0.0
16135,"<a href=""statss.aspx?playerid=16135&position=P"">Brandon Leibrandt</a>",27.0,0.0,0.0
16137,"<a href=""statss.aspx?playerid=16137&position=P"">Carlos Rodon</a>",27.0,0.0,0.0
16149,"<a href=""statss.aspx?playerid=16149&position=P"">Aaron Nola</a>",27.0,0.0,0.0
16159,"<a href=""statss.aspx?playerid=16159&position=P"">Jace Fry</a>",26.0,0.0,0.0
16162,"<a href=""statss.aspx?playerid=16162&position=P"">Brandon Woodruff</a>",27.0,0.0,0.0
16207,"<a href=""statss.aspx?playerid=16207&position=P"">Spencer Turnbull</a>",27.0,0.0,0.0
16233,"<a href=""statss.aspx?playerid=16233&position=P"">Tejay Antone</a>",26.0,0.0,0.0
16256,"<a href=""statss.aspx?playerid=16256&position=P"">Kyle Freeland</a>",27.0,0.0,0.0
16258,"<a href=""statss.aspx?playerid=16258&position=P"">Aaron Bummer</a>",26.0,0.0,0.0
16265,"<a href=""statss.aspx?playerid=16265&position=P"">Sam Howard</a>",27.0,0.0,0.0
16269,"<a href=""statss.aspx?playerid=16269&position=P"">John Means</a>",27.0,0.0,0.0
16300,"<a href=""statss.aspx?playerid=16300&position=P"">Jesus Tinoco</a>",25.0,0.0,0.0
16317,"<a href=""statss.aspx?playerid=16317&position=P"">Alex McRae</a>",27.0,0.0,0.0
16350,"<a href=""statss.aspx?playerid=16350&position=P"">Ryan Borucki</a>",26.0,0.0,0.0
16358,"<a href=""statss.aspx?playerid=16358&position=P"">Tyler Mahle</a>",25.0,0.0,0.0
16377,"<a href=""statss.aspx?playerid=16377&position=P"">Ryan Castellani</a>",24.0,0.0,0.0
16390,"<a href=""statss.aspx?playerid=16390&position=P"">Brad Wieck</a>",28.0,0.0,0.0
16400,"<a href=""statss.aspx?playerid=16400&position=P"">Reynaldo Lopez</a>",26.0,0.0,0.0
16401,"<a href=""statss.aspx?playerid=16401&position=P"">Yonny Chirinos</a>",26.0,0.0,0.0
16408,"<a href=""statss.aspx?playerid=16408&position=P"">Victor Gonzalez</a>",24.0,0.0,0.0
16418,"<a href=""statss.aspx?playerid=16418&position=P"">Blake Taylor</a>",24.0,0.0,0.0
16427,"<a href=""statss.aspx?playerid=16427&position=P"">Scott Blewett</a>",24.0,0.0,0.0
16432,"<a href=""statss.aspx?playerid=16432&position=P"">Foster Griffin</a>",24.0,0.0,0.0
16440,"<a href=""statss.aspx?playerid=16440&position=P"">James Norwood</a>",26.0,0.0,0.0
16459,"<a href=""statss.aspx?playerid=16459&position=P"">Joe Harvey</a>",28.0,0.0,0.0
16470,"<a href=""statss.aspx?playerid=16470&position=P"">Roel Ramirez</a>",25.0,0.0,0.0
16502,"<a href=""statss.aspx?playerid=16502&position=P"">Ryan Yarbrough</a>",28.0,0.0,0.0
16507,"<a href=""statss.aspx?playerid=16507&position=P"">Dan Altavilla</a>",27.0,0.0,0.0
16511,"<a href=""statss.aspx?playerid=16511&position=P"">Jordan Montgomery</a>",27.0,0.0,0.0
16561,"<a href=""statss.aspx?playerid=16561&position=P"">Austin Gomber</a>",26.0,0.0,0.0
16587,"<a href=""statss.aspx?playerid=16587&position=P"">Erik Swanson</a>",26.0,0.0,0.0
16588,"<a href=""statss.aspx?playerid=16588&position=P"">Jonathan Holder</a>",27.0,0.0,0.0
16609,"<a href=""statss.aspx?playerid=16609&position=P"">Bryan Abreu</a>",23.0,0.0,0.0
16610,"<a href=""statss.aspx?playerid=16610&position=P"">J.P. Feyereisen</a>",27.0,0.0,0.0
16631,"<a href=""statss.aspx?playerid=16631&position=P"">Jeff Brigham</a>",28.0,0.0,0.0
16634,"<a href=""statss.aspx?playerid=16634&position=P"">Carlos Sanabria</a>",23.0,0.0,0.0
16647,"<a href=""statss.aspx?playerid=16647&position=P"">Ryan Thompson</a>",28.0,0.0,0.0
16668,"<a href=""statss.aspx?playerid=16668&position=P"">James Bourque</a>",26.0,0.0,0.0
16703,"<a href=""statss.aspx?playerid=16703&position=P"">Julian Merryweather</a>",28.0,0.0,0.0
16731,"<a href=""statss.aspx?playerid=16731&position=P"">Artie Lewicki</a>",28.0,0.0,0.0
16794,"<a href=""statss.aspx?playerid=16794&position=P"">Josh James</a>",27.0,0.0,0.0
16840,"<a href=""statss.aspx?playerid=16840&position=P"">Cameron Hill</a>",26.0,0.0,0.0
16918,"<a href=""statss.aspx?playerid=16918&position=P"">Luke Weaver</a>",26.0,0.0,0.0
16929,"<a href=""statss.aspx?playerid=16929&position=P"">Touki Toussaint</a>",24.0,0.0,0.0
16933,"<a href=""statss.aspx?playerid=16933&position=P"">Elieser Hernandez</a>",25.0,0.0,0.0
16943,"<a href=""statss.aspx?playerid=16943&position=P"">Sean Newcomb</a>",27.0,0.0,0.0
16977,"<a href=""statss.aspx?playerid=16977&position=P"">Trevor Williams</a>",28.0,0.0,0.0
16980,"<a href=""statss.aspx?playerid=16980&position=P"">Daniel Mengden</a>",27.0,0.0,0.0
17030,"<a href=""statss.aspx?playerid=17030&position=P"">Ariel Jurado</a>",24.0,0.0,0.0
17034,"<a href=""statss.aspx?playerid=17034&position=P"">Sean Reid-Foley</a>",24.0,0.0,0.0
17035,"<a href=""statss.aspx?playerid=17035&position=P"">Joseph Palumbo</a>",25.0,0.0,0.0
17085,"<a href=""statss.aspx?playerid=17085&position=P"">Pablo Lopez</a>",24.0,0.0,0.0
17117,"<a href=""statss.aspx?playerid=17117&position=P"">Austin Davis</a>",27.0,0.0,0.0
17130,"<a href=""statss.aspx?playerid=17130&position=P"">Raisel Iglesias</a>",30.0,0.0,0.0
17170,"<a href=""statss.aspx?playerid=17170&position=P"">Gabe Speier</a>",25.0,0.0,0.0
17181,"<a href=""statss.aspx?playerid=17181&position=P"">Yoan Lopez</a>",27.0,0.0,0.0
17186,"<a href=""statss.aspx?playerid=17186&position=P"">Dinelson Lamet</a>",27.0,0.0,0.0
17192,"<a href=""statss.aspx?playerid=17192&position=P"">Jalen Beeks</a>",26.0,0.0,0.0
17237,"<a href=""statss.aspx?playerid=17237&position=P"">Austin Brice</a>",28.0,0.0,0.0
17264,"<a href=""statss.aspx?playerid=17264&position=P"">Sam Coonrod</a>",27.0,0.0,0.0
17277,"<a href=""statss.aspx?playerid=17277&position=P"">Ranger Suarez</a>",24.0,0.0,0.0
17285,"<a href=""statss.aspx?playerid=17285&position=P"">Justus Sheffield</a>",24.0,0.0,0.0
17292,"<a href=""statss.aspx?playerid=17292&position=P"">Javy Guerra</a>",24.0,0.0,0.0
17295,"<a href=""statss.aspx?playerid=17295&position=P"">Framber Valdez</a>",26.0,0.0,0.0
17359,"<a href=""statss.aspx?playerid=17359&position=P"">Josh Taylor</a>",27.0,0.0,0.0
17369,"<a href=""statss.aspx?playerid=17369&position=P"">Brett Martin</a>",25.0,0.0,0.0
17425,"<a href=""statss.aspx?playerid=17425&position=P"">Erick Fedde</a>",27.0,0.0,0.0
17432,"<a href=""statss.aspx?playerid=17432&position=P"">Jeff Hoffman</a>",27.0,0.0,0.0
17464,"<a href=""statss.aspx?playerid=17464&position=P"">Jonathan Hernandez</a>",23.0,0.0,0.0
17470,"<a href=""statss.aspx?playerid=17470&position=P"">Chad Sobotka</a>",26.0,0.0,0.0
17479,"<a href=""statss.aspx?playerid=17479&position=P"">Jack Flaherty</a>",24.0,0.0,0.0
17485,"<a href=""statss.aspx?playerid=17485&position=P"">Albert Abreu</a>",24.0,0.0,0.0
17490,"<a href=""statss.aspx?playerid=17490&position=P"">Genesis Cabrera</a>",23.0,0.0,0.0
17496,"<a href=""statss.aspx?playerid=17496&position=P"">Diego Castillo</a>",26.0,0.0,0.0
17505,"<a href=""statss.aspx?playerid=17505&position=P"">Jorge Guzman</a>",24.0,0.0,0.0
17556,"<a href=""statss.aspx?playerid=17556&position=P"">Jimmy Herget</a>",26.0,0.0,0.0
17578,"<a href=""statss.aspx?playerid=17578&position=P"">JT Brubaker</a>",26.0,0.0,0.0
17581,"<a href=""statss.aspx?playerid=17581&position=P"">Ricardo Sanchez</a>",23.0,0.0,0.0
17585,"<a href=""statss.aspx?playerid=17585&position=P"">Jordan Yamamoto</a>",24.0,0.0,0.0
17586,"<a href=""statss.aspx?playerid=17586&position=P"">Tanner Scott</a>",25.0,0.0,0.0
17594,"<a href=""statss.aspx?playerid=17594&position=P"">Mitch Keller</a>",24.0,0.0,0.0
17606,"<a href=""statss.aspx?playerid=17606&position=P"">Cristian Javier</a>",23.0,0.0,0.0
17610,"<a href=""statss.aspx?playerid=17610&position=P"">Tanner Rainey</a>",27.0,0.0,0.0
17611,"<a href=""statss.aspx?playerid=17611&position=P"">Taylor Clarke</a>",27.0,0.0,0.0
17664,"<a href=""statss.aspx?playerid=17664&position=P"">Cody Carroll</a>",27.0,0.0,0.0
17677,"<a href=""statss.aspx?playerid=17677&position=P"">Jeffrey Springs</a>",27.0,0.0,0.0
17732,"<a href=""statss.aspx?playerid=17732&position=P"">Nabil Crismatt</a>",25.0,0.0,0.0
17734,"<a href=""statss.aspx?playerid=17734&position=P"">Evan Phillips</a>",25.0,0.0,0.0
17735,"<a href=""statss.aspx?playerid=17735&position=P"">Tyler Alexander</a>",25.0,0.0,0.0
17755,"<a href=""statss.aspx?playerid=17755&position=P"">Drew Smith</a>",26.0,0.0,0.0
17759,"<a href=""statss.aspx?playerid=17759&position=P"">Angel Perdomo</a>",26.0,0.0,0.0
17780,"<a href=""statss.aspx?playerid=17780&position=P"">Jose Alvarado</a>",25.0,0.0,0.0
17792,"<a href=""statss.aspx?playerid=17792&position=P"">Patrick Weigel</a>",25.0,0.0,0.0
17796,"<a href=""statss.aspx?playerid=17796&position=P"">Dillon Tate</a>",26.0,0.0,0.0
17821,"<a href=""statss.aspx?playerid=17821&position=P"">Jose Mujica</a>",24.0,0.0,0.0
17859,"<a href=""statss.aspx?playerid=17859&position=P"">Adbert Alzolay</a>",25.0,0.0,0.0
17860,"<a href=""statss.aspx?playerid=17860&position=P"">Jose Rodriguez</a>",24.0,0.0,0.0
17861,"<a href=""statss.aspx?playerid=17861&position=P"">Franklyn Kilome</a>",25.0,0.0,0.0
17871,"<a href=""statss.aspx?playerid=17871&position=P"">Ian Gibaut</a>",26.0,0.0,0.0
17874,"<a href=""statss.aspx?playerid=17874&position=P"">Nestor Cortes</a>",25.0,0.0,0.0
17878,"<a href=""statss.aspx?playerid=17878&position=P"">Dennis Santana</a>",24.0,0.0,0.0
17897,"<a href=""statss.aspx?playerid=17897&position=P"">Garrett Cleavinger</a>",26.0,0.0,0.0
17920,"<a href=""statss.aspx?playerid=17920&position=P"">Cody Ponce</a>",26.0,0.0,0.0
17948,"<a href=""statss.aspx?playerid=17948&position=P"">Trent Thornton</a>",26.0,0.0,0.0
17995,"<a href=""statss.aspx?playerid=17995&position=P"">Logan Webb</a>",23.0,0.0,0.0
17998,"<a href=""statss.aspx?playerid=17998&position=P"">Pete Fairbanks</a>",26.0,0.0,0.0
18000,"<a href=""statss.aspx?playerid=18000&position=P"">Triston McKenzie</a>",22.0,0.0,0.0
18064,"<a href=""statss.aspx?playerid=18064&position=P"">Phil Maton</a>",27.0,0.0,0.0
18076,"<a href=""statss.aspx?playerid=18076&position=P"">Matt Hall</a>",26.0,0.0,0.0
18088,"<a href=""statss.aspx?playerid=18088&position=P"">Cody Stashak</a>",26.0,0.0,0.0
18105,"<a href=""statss.aspx?playerid=18105&position=P"">Ryan Meisinger</a>",26.0,0.0,0.0
18135,"<a href=""statss.aspx?playerid=18135&position=P"">Chance Adams</a>",25.0,0.0,0.0
18138,"<a href=""statss.aspx?playerid=18138&position=P"">Ryan Helsley</a>",25.0,0.0,0.0
18152,"<a href=""statss.aspx?playerid=18152&position=P"">Anthony Misiewicz</a>",25.0,0.0,0.0
18256,"<a href=""statss.aspx?playerid=18256&position=P"">Zac Grotz</a>",27.0,0.0,0.0
18282,"<a href=""statss.aspx?playerid=18282&position=P"">Jarlin Garcia</a>",27.0,0.0,0.0
18297,"<a href=""statss.aspx?playerid=18297&position=P"">Tyler Kinley</a>",29.0,0.0,0.0
18300,"<a href=""statss.aspx?playerid=18300&position=P"">Andrew Suarez</a>",27.0,0.0,0.0
18306,"<a href=""statss.aspx?playerid=18306&position=P"">Taylor Guilbeau</a>",27.0,0.0,0.0
18311,"<a href=""statss.aspx?playerid=18311&position=P"">Carson Fulmer</a>",26.0,0.0,0.0
18318,"<a href=""statss.aspx?playerid=18318&position=P"">Jacob Waguespack</a>",26.0,0.0,0.0
18323,"<a href=""statss.aspx?playerid=18323&position=P"">Josh Sborz</a>",26.0,0.0,0.0
18325,"<a href=""statss.aspx?playerid=18325&position=P"">Taylor Hearn</a>",25.0,0.0,0.0
18331,"<a href=""statss.aspx?playerid=18331&position=P"">James Kaprielian</a>",26.0,0.0,0.0
18333,"<a href=""statss.aspx?playerid=18333&position=P"">Alex Young</a>",26.0,0.0,0.0
18335,"<a href=""statss.aspx?playerid=18335&position=P"">Josh Staumont</a>",26.0,0.0,0.0
18337,"<a href=""statss.aspx?playerid=18337&position=P"">Nick Anderson</a>",29.0,0.0,0.0
18347,"<a href=""statss.aspx?playerid=18347&position=P"">Brandon Waddell</a>",26.0,0.0,0.0
18356,"<a href=""statss.aspx?playerid=18356&position=P"">Jaime Barria</a>",23.0,0.0,0.0
18361,"<a href=""statss.aspx?playerid=18361&position=P"">Thomas Eshelman</a>",26.0,0.0,0.0
18383,"<a href=""statss.aspx?playerid=18383&position=P"">Michael Soroka</a>",22.0,0.0,0.0
18413,"<a href=""statss.aspx?playerid=18413&position=P"">Jose Urquidy</a>",25.0,0.0,0.0
18454,"<a href=""statss.aspx?playerid=18454&position=P"">Trevor Kelley</a>",27.0,0.0,0.0
18496,"<a href=""statss.aspx?playerid=18496&position=P"">Junior Fernandez</a>",23.0,0.0,0.0
18498,"<a href=""statss.aspx?playerid=18498&position=P"">Kenta Maeda</a>",32.0,0.0,0.0
18519,"<a href=""statss.aspx?playerid=18519&position=P"">Phil Bickford</a>",24.0,0.0,0.0
18525,"<a href=""statss.aspx?playerid=18525&position=P"">Dylan Cease</a>",24.0,0.0,0.0
18555,"<a href=""statss.aspx?playerid=18555&position=P"">Logan Allen</a>",23.0,0.0,0.0
18581,"<a href=""statss.aspx?playerid=18581&position=P"">Travis Bergen</a>",26.0,0.0,0.0
18592,"<a href=""statss.aspx?playerid=18592&position=P"">Hector Perez</a>",24.0,0.0,0.0
18600,"<a href=""statss.aspx?playerid=18600&position=P"">Travis Lakins Sr.</a>",26.0,0.0,0.0
18655,"<a href=""statss.aspx?playerid=18655&position=P"">A.J. Minter</a>",26.0,0.0,0.0
18674,"<a href=""statss.aspx?playerid=18674&position=P"">Jake Woodford</a>",23.0,0.0,0.0
18679,"<a href=""statss.aspx?playerid=18679&position=P"">Freddy Peralta</a>",24.0,0.0,0.0
18684,"<a href=""statss.aspx?playerid=18684&position=P"">Sandy Alcantara</a>",24.0,0.0,0.0
18694,"<a href=""statss.aspx?playerid=18694&position=P"">Kolby Allard</a>",22.0,0.0,0.0
18699,"<a href=""statss.aspx?playerid=18699&position=P"">Nick Neidert</a>",23.0,0.0,0.0
18790,"<a href=""statss.aspx?playerid=18790&position=P"">Dillon Peters</a>",27.0,0.0,0.0
18792,"<a href=""statss.aspx?playerid=18792&position=P"">Miguel Del Pozo</a>",27.0,0.0,0.0
18873,"<a href=""statss.aspx?playerid=18873&position=P"">Beau Burrows</a>",23.0,0.0,0.0
18890,"<a href=""statss.aspx?playerid=18890&position=P"">Kyle Keller</a>",27.0,0.0,0.0
19159,"<a href=""statss.aspx?playerid=19159&position=P"">Zack Burdi</a>",25.0,0.0,0.0
19191,"<a href=""statss.aspx?playerid=19191&position=P"">Robert Dugger</a>",24.0,0.0,0.0
19199,"<a href=""statss.aspx?playerid=19199&position=P"">Conner Menez</a>",25.0,0.0,0.0
19200,"<a href=""statss.aspx?playerid=19200&position=P"">Jose Quijada</a>",24.0,0.0,0.0
19206,"<a href=""statss.aspx?playerid=19206&position=P"">Dakota Hudson</a>",25.0,0.0,0.0
19225,"<a href=""statss.aspx?playerid=19225&position=P"">Mitch White</a>",25.0,0.0,0.0
19231,"<a href=""statss.aspx?playerid=19231&position=P"">Caleb Baragar</a>",26.0,0.0,0.0
19243,"<a href=""statss.aspx?playerid=19243&position=P"">Wes Benjamin</a>",26.0,0.0,0.0
19244,"<a href=""statss.aspx?playerid=19244&position=P"">Cole Irvin</a>",26.0,0.0,0.0
19261,"<a href=""statss.aspx?playerid=19261&position=P"">Ian Hamilton</a>",25.0,0.0,0.0
19264,"<a href=""statss.aspx?playerid=19264&position=P"">Thomas Hatch</a>",25.0,0.0,0.0
19266,"<a href=""statss.aspx?playerid=19266&position=P"">Taylor Widener</a>",25.0,0.0,0.0
19268,"<a href=""statss.aspx?playerid=19268&position=P"">Justin Dunn</a>",24.0,0.0,0.0
19269,"<a href=""statss.aspx?playerid=19269&position=P"">T.J. Zeuch</a>",24.0,0.0,0.0
19274,"<a href=""statss.aspx?playerid=19274&position=P"">Jacob Webb</a>",26.0,0.0,0.0
19276,"<a href=""statss.aspx?playerid=19276&position=P"">Edgar Garcia</a>",23.0,0.0,0.0
19291,"<a href=""statss.aspx?playerid=19291&position=P"">Zac Gallen</a>",24.0,0.0,0.0
19309,"<a href=""statss.aspx?playerid=19309&position=P"">Trevor Richards</a>",27.0,0.0,0.0
19311,"<a href=""statss.aspx?playerid=19311&position=P"">Reggie McClain</a>",27.0,0.0,0.0
19312,"<a href=""statss.aspx?playerid=19312&position=P"">Cal Quantrill</a>",25.0,0.0,0.0
19316,"<a href=""statss.aspx?playerid=19316&position=P"">Eric Lauer</a>",25.0,0.0,0.0
19320,"<a href=""statss.aspx?playerid=19320&position=P"">Joey Lucchesi</a>",27.0,0.0,0.0
19337,"<a href=""statss.aspx?playerid=19337&position=P"">Richard Lovelady</a>",24.0,0.0,0.0
19345,"<a href=""statss.aspx?playerid=19345&position=P"">Daulton Jefferies</a>",24.0,0.0,0.0
19349,"<a href=""statss.aspx?playerid=19349&position=P"">Caleb Ferguson</a>",23.0,0.0,0.0
19350,"<a href=""statss.aspx?playerid=19350&position=P"">Dean Kremer</a>",24.0,0.0,0.0
19361,"<a href=""statss.aspx?playerid=19361&position=P"">Corbin Burnes</a>",25.0,0.0,0.0
19362,"<a href=""statss.aspx?playerid=19362&position=P"">Keegan Akin</a>",25.0,0.0,0.0
19374,"<a href=""statss.aspx?playerid=19374&position=P"">Walker Buehler</a>",25.0,0.0,0.0
19388,"<a href=""statss.aspx?playerid=19388&position=P"">Tony Gonsolin</a>",26.0,0.0,0.0
19409,"<a href=""statss.aspx?playerid=19409&position=P"">Dane Dunning</a>",25.0,0.0,0.0
19427,"<a href=""statss.aspx?playerid=19427&position=P"">Shane Bieber</a>",25.0,0.0,0.0
19444,"<a href=""statss.aspx?playerid=19444&position=P"">Yohan Ramirez</a>",25.0,0.0,0.0
19447,"<a href=""statss.aspx?playerid=19447&position=P"">Patrick Sandoval</a>",23.0,0.0,0.0
19453,"<a href=""statss.aspx?playerid=19453&position=P"">Shaun Anderson</a>",25.0,0.0,0.0
19456,"<a href=""statss.aspx?playerid=19456&position=P"">Kyle Funkhouser</a>",26.0,0.0,0.0
19457,"<a href=""statss.aspx?playerid=19457&position=P"">Bryan Garcia</a>",25.0,0.0,0.0
19459,"<a href=""statss.aspx?playerid=19459&position=P"">Jorge Alcala</a>",24.0,0.0,0.0
19479,"<a href=""statss.aspx?playerid=19479&position=P"">Aaron Civale</a>",25.0,0.0,0.0
19487,"<a href=""statss.aspx?playerid=19487&position=P"">Devin Smeltzer</a>",24.0,0.0,0.0
19541,"<a href=""statss.aspx?playerid=19541&position=P"">Jimmy Lambert</a>",25.0,0.0,0.0
19558,"<a href=""statss.aspx?playerid=19558&position=P"">Geoff Hartlieb</a>",26.0,0.0,0.0
19561,"<a href=""statss.aspx?playerid=19561&position=P"">Bernardo Flores Jr.</a>",24.0,0.0,0.0
19569,"<a href=""statss.aspx?playerid=19569&position=P"">David Bednar</a>",25.0,0.0,0.0
19574,"<a href=""statss.aspx?playerid=19574&position=P"">JoJo Romero</a>",23.0,0.0,0.0
19582,"<a href=""statss.aspx?playerid=19582&position=P"">Brandon Bailey</a>",25.0,0.0,0.0
19583,"<a href=""statss.aspx?playerid=19583&position=P"">Sean Poppen</a>",26.0,0.0,0.0
19614,"<a href=""statss.aspx?playerid=19614&position=P"">Cionel Perez</a>",24.0,0.0,0.0
19646,"<a href=""statss.aspx?playerid=19646&position=P"">Kyle Hart</a>",27.0,0.0,0.0
19647,"<a href=""statss.aspx?playerid=19647&position=P"">Matt Foster</a>",25.0,0.0,0.0
19665,"<a href=""statss.aspx?playerid=19665&position=P"">Kyle Wright</a>",24.0,0.0,0.0
19671,"<a href=""statss.aspx?playerid=19671&position=P"">Sterling Sharp</a>",25.0,0.0,0.0
19677,"<a href=""statss.aspx?playerid=19677&position=P"">Gregory Soto</a>",25.0,0.0,0.0
19680,"<a href=""statss.aspx?playerid=19680&position=P"">Sixto Sanchez</a>",21.0,0.0,0.0
19686,"<a href=""statss.aspx?playerid=19686&position=P"">Kyle Cody</a>",25.0,0.0,0.0
19712,"<a href=""statss.aspx?playerid=19712&position=P"">Patrick Murphy</a>",25.0,0.0,0.0
19716,"<a href=""statss.aspx?playerid=19716&position=P"">Dustin May</a>",22.0,0.0,0.0
19731,"<a href=""statss.aspx?playerid=19731&position=P"">Kodi Whitley</a>",25.0,0.0,0.0
19753,"<a href=""statss.aspx?playerid=19753&position=P"">Jonathan Loaisiga</a>",25.0,0.0,0.0
19756,"<a href=""statss.aspx?playerid=19756&position=P"">Yoshihisa Hirano</a>",36.0,0.0,0.0
19766,"<a href=""statss.aspx?playerid=19766&position=P"">Seth Elledge</a>",24.0,0.0,0.0
19789,"<a href=""statss.aspx?playerid=19789&position=P"">Anthony Castro</a>",25.0,0.0,0.0
19800,"<a href=""statss.aspx?playerid=19800&position=P"">Wil Crowe</a>",25.0,0.0,0.0
19805,"<a href=""statss.aspx?playerid=19805&position=P"">Daniel Castano</a>",25.0,0.0,0.0
19814,"<a href=""statss.aspx?playerid=19814&position=P"">David McKay</a>",25.0,0.0,0.0
19826,"<a href=""statss.aspx?playerid=19826&position=P"">Riley Smith</a>",25.0,0.0,0.0
19848,"<a href=""statss.aspx?playerid=19848&position=P"">Darwinzon Hernandez</a>",23.0,0.0,0.0
19853,"<a href=""statss.aspx?playerid=19853&position=P"">Michael King</a>",25.0,0.0,0.0
19866,"<a href=""statss.aspx?playerid=19866&position=P"">Brandon Bielak</a>",24.0,0.0,0.0
19867,"<a href=""statss.aspx?playerid=19867&position=P"">Griffin Canning</a>",24.0,0.0,0.0
19871,"<a href=""statss.aspx?playerid=19871&position=P"">Tucker Davidson</a>",24.0,0.0,0.0
19876,"<a href=""statss.aspx?playerid=19876&position=P"">Kevin Ginkel</a>",26.0,0.0,0.0
19879,"<a href=""statss.aspx?playerid=19879&position=P"">Tanner Houck</a>",24.0,0.0,0.0
19899,"<a href=""statss.aspx?playerid=19899&position=P"">Clarke Schmidt</a>",24.0,0.0,0.0
19903,"<a href=""statss.aspx?playerid=19903&position=P"">Adonis Medina</a>",23.0,0.0,0.0
19911,"<a href=""statss.aspx?playerid=19911&position=P"">Jose Suarez</a>",22.0,0.0,0.0
19942,"<a href=""statss.aspx?playerid=19942&position=P"">Ljay Newsome</a>",23.0,0.0,0.0
19951,"<a href=""statss.aspx?playerid=19951&position=P"">Ian Anderson</a>",22.0,0.0,0.0
19959,"<a href=""statss.aspx?playerid=19959&position=P"">Jesus Luzardo</a>",22.0,0.0,0.0
19976,"<a href=""statss.aspx?playerid=19976&position=P"">Tyson Miller</a>",24.0,0.0,0.0
19979,"<a href=""statss.aspx?playerid=19979&position=P"">Zach Plesac</a>",25.0,0.0,0.0
19990,"<a href=""statss.aspx?playerid=19990&position=P"">Bryse Wilson</a>",22.0,0.0,0.0
19995,"<a href=""statss.aspx?playerid=19995&position=P"">Joel Kuhnel</a>",25.0,0.0,0.0
20020,"<a href=""statss.aspx?playerid=20020&position=P"">John Schreiber</a>",26.0,0.0,0.0
20023,"<a href=""statss.aspx?playerid=20023&position=P"">Rico Garcia</a>",26.0,0.0,0.0
20030,"<a href=""statss.aspx?playerid=20030&position=P"">Phillip Diehl</a>",25.0,0.0,0.0
20039,"<a href=""statss.aspx?playerid=20039&position=P"">Adrian Morejon</a>",21.0,0.0,0.0
20041,"<a href=""statss.aspx?playerid=20041&position=P"">Ronald Bolanos</a>",23.0,0.0,0.0
20042,"<a href=""statss.aspx?playerid=20042&position=P"">Jesus Cruz</a>",25.0,0.0,0.0
20080,"<a href=""statss.aspx?playerid=20080&position=P"">Mauricio Llovera</a>",24.0,0.0,0.0
20099,"<a href=""statss.aspx?playerid=20099&position=P"">Chris Paddack</a>",24.0,0.0,0.0
20100,"<a href=""statss.aspx?playerid=20100&position=P"">Michel Baez</a>",24.0,0.0,0.0
20151,"<a href=""statss.aspx?playerid=20151&position=P"">James Karinchak</a>",24.0,0.0,0.0
20153,"<a href=""statss.aspx?playerid=20153&position=P"">Nick Nelson</a>",24.0,0.0,0.0
20160,"<a href=""statss.aspx?playerid=20160&position=P"">Nate Pearson</a>",23.0,0.0,0.0
20175,"<a href=""statss.aspx?playerid=20175&position=P"">Ben Braymer</a>",26.0,0.0,0.0
20205,"<a href=""statss.aspx?playerid=20205&position=P"">Jeremy Beasley</a>",24.0,0.0,0.0
20276,"<a href=""statss.aspx?playerid=20276&position=P"">Deivi Garcia</a>",21.0,0.0,0.0
20302,"<a href=""statss.aspx?playerid=20302&position=P"">David Peterson</a>",24.0,0.0,0.0
20329,"<a href=""statss.aspx?playerid=20329&position=P"">Andre Scrubb</a>",25.0,0.0,0.0
20344,"<a href=""statss.aspx?playerid=20344&position=P"">Blake Cederlind</a>",24.0,0.0,0.0
20367,"<a href=""statss.aspx?playerid=20367&position=P"">Brusdar Graterol</a>",21.0,0.0,0.0
20368,"<a href=""statss.aspx?playerid=20368&position=P"">Ramon Rosso</a>",24.0,0.0,0.0
20370,"<a href=""statss.aspx?playerid=20370&position=P"">Bruce Zimmermann</a>",25.0,0.0,0.0
20379,"<a href=""statss.aspx?playerid=20379&position=P"">Tyler Zuber</a>",25.0,0.0,0.0
20383,"<a href=""statss.aspx?playerid=20383&position=P"">Antonio Santos</a>",23.0,0.0,0.0
20387,"<a href=""statss.aspx?playerid=20387&position=P"">Anthony Kay</a>",25.0,0.0,0.0
20395,"<a href=""statss.aspx?playerid=20395&position=P"">Nick Margevicius</a>",24.0,0.0,0.0
20418,"<a href=""statss.aspx?playerid=20418&position=P"">Josh Fleming</a>",24.0,0.0,0.0
20430,"<a href=""statss.aspx?playerid=20430&position=P"">Rony Garcia</a>",22.0,0.0,0.0
20447,"<a href=""statss.aspx?playerid=20447&position=P"">Enoli Paredes</a>",24.0,0.0,0.0
20468,"<a href=""statss.aspx?playerid=20468&position=P"">Huascar Ynoa</a>",22.0,0.0,0.0
20492,"<a href=""statss.aspx?playerid=20492&position=P"">Casey Mize</a>",23.0,0.0,0.0
20515,"<a href=""statss.aspx?playerid=20515&position=P"">Kyle Nelson</a>",23.0,0.0,0.0
20589,"<a href=""statss.aspx?playerid=20589&position=P"">Edwar Colina</a>",23.0,0.0,0.0
20631,"<a href=""statss.aspx?playerid=20631&position=P"">Jordan Holloway</a>",24.0,0.0,0.0
20633,"<a href=""statss.aspx?playerid=20633&position=P"">Yusei Kikuchi</a>",29.0,0.0,0.0
20643,"<a href=""statss.aspx?playerid=20643&position=P"">Johan Quezada</a>",25.0,0.0,0.0
20739,"<a href=""statss.aspx?playerid=20739&position=P"">Humberto Mejia</a>",23.0,0.0,0.0
21087,"<a href=""statss.aspx?playerid=21087&position=P"">Demarcus Evans</a>",23.0,0.0,0.0
21111,"<a href=""statss.aspx?playerid=21111&position=P"">Miguel Yajure</a>",22.0,0.0,0.0
21170,"<a href=""statss.aspx?playerid=21170&position=P"">Dany Jimenez</a>",26.0,0.0,0.0
21183,"<a href=""statss.aspx?playerid=21183&position=P"">Humberto Castellanos</a>",22.0,0.0,0.0
21189,"<a href=""statss.aspx?playerid=21189&position=P"">Brooks Kriske</a>",26.0,0.0,0.0
21281,"<a href=""statss.aspx?playerid=21281&position=P"">Tommy Doyle</a>",24.0,0.0,0.0
21333,"<a href=""statss.aspx?playerid=21333&position=P"">Seth Romero</a>",24.0,0.0,0.0
21455,"<a href=""statss.aspx?playerid=21455&position=P"">Kris Bubic</a>",22.0,0.0,0.0
21844,"<a href=""statss.aspx?playerid=21844&position=P"">Braxton Garrett</a>",22.0,0.0,0.0
21896,"<a href=""statss.aspx?playerid=21896&position=P"">Brailyn Marquez</a>",21.0,0.0,0.0
22051,"<a href=""statss.aspx?playerid=22051&position=P"">John King</a>",25.0,0.0,0.0
22052,"<a href=""statss.aspx?playerid=22052&position=P"">Aaron Fletcher</a>",24.0,0.0,0.0
22267,"<a href=""statss.aspx?playerid=22267&position=P"">Tarik Skubal</a>",23.0,0.0,0.0
22286,"<a href=""statss.aspx?playerid=22286&position=P"">Trevor Rogers</a>",22.0,0.0,0.0
22449,"<a href=""statss.aspx?playerid=22449&position=P"">Nivaldo Rodriguez</a>",23.0,0.0,0.0
22487,"<a href=""statss.aspx?playerid=22487&position=P"">Johan Oviedo</a>",22.0,0.0,0.0
22713,"<a href=""statss.aspx?playerid=22713&position=P"">Carlos Hernandez</a>",23.0,0.0,0.0
22815,"<a href=""statss.aspx?playerid=22815&position=P"">Luis Patino</a>",20.0,0.0,0.0
23252,"<a href=""statss.aspx?playerid=23252&position=P"">Spencer Howard</a>",23.0,0.0,0.0
23293,"<a href=""statss.aspx?playerid=23293&position=P"">Codi Heuer</a>",23.0,0.0,0.0
23735,"<a href=""statss.aspx?playerid=23735&position=P"">Luis Garcia</a>",23.0,0.0,0.0
23798,"<a href=""statss.aspx?playerid=23798&position=P"">Randy Dobnak</a>",25.0,0.0,0.0
24584,"<a href=""statss.aspx?playerid=24584&position=P"">Jonathan Stiever</a>",23.0,0.0,0.0
24591,"<a href=""statss.aspx?playerid=24591&position=P"">Joey Gerber</a>",23.0,0.0,0.0
25007,"<a href=""statss.aspx?playerid=25007&position=P"">Alex Vesia</a>",24.0,0.0,0.0
25376,"<a href=""statss.aspx?playerid=25376&position=P"">Nick Mears</a>",23.0,0.0,0.0
25377,"<a href=""statss.aspx?playerid=25377&position=P"">Brady Singer</a>",23.0,0.0,0.0
25385,"<a href=""statss.aspx?playerid=25385&position=P"">Drew Rasmussen</a>",24.0,0.0,0.0
27458,"<a href=""statss.aspx?playerid=27458&position=P"">Kwang-hyun Kim</a>",31.0,0.0,0.0
27460,"<a href=""statss.aspx?playerid=27460&position=P"">Shun Yamaguchi</a>",32.0,0.0,0.0
27463,"<a href=""statss.aspx?playerid=27463&position=P"">Garrett Crochet</a>",21.0,0.0,0.0
10843,"<a href=""statss.aspx?playerid=10843&position=P"">Adam Kolarek</a>",31.0,0.0,0.0
3648,"<a href=""statss.aspx?playerid=3648&position=C"">Rene Rivera</a>",36.0,4.0,0.2206314504146576
13132,"<a href=""statss.aspx?playerid=13132&position=C"">Andrew Susac</a>",30.0,4.0,0.3494056463241577
10030,"<a href=""statss.aspx?playerid=10030&position=2B/SS"">Chris Owings</a>",28.0,44.0,0.32620407234538684
17839,"<a href=""statss.aspx?playerid=17839&position=OF"">Luis Alexander Basabe</a>",23.0,18.0,0.2533498207728068
19521,"<a href=""statss.aspx?playerid=19521&position=2B"">Andy Young</a>",26.0,34.0,0.34999290634604063
13658,"<a href=""statss.aspx?playerid=13658&position=DH/OF"">Terrance Gore</a>",29.0,0.0,0.0
6627,"<a href=""statss.aspx?playerid=6627&position=P"">Brad Brach</a>",34.0,0.0,0.0
21205,"<a href=""statss.aspx?playerid=21205&position=P"">Connor Brogdon</a>",25.0,0.0,0.0
16852,"<a href=""statss.aspx?playerid=16852&position=1B"">John Nogowski</a>",27.0,4.0,0.2206314504146576
10655,"<a href=""statss.aspx?playerid=10655&position=C"">Rob Brantly</a>",30.0,3.0,0.0
19577,"<a href=""statss.aspx?playerid=19577&position=OF"">Nick Heath</a>",26.0,18.0,0.26541832834482193
5751,"<a href=""statss.aspx?playerid=5751&position=2B/3B/OF"">Hernan Perez</a>",29.0,6.0,0.14708763360977173
19552,"<a href=""statss.aspx?playerid=19552&position=OF"">Jaylin Davis</a>",25.0,12.0,0.23847034573554993
19938,"<a href=""statss.aspx?playerid=19938&position=OF"">Aaron Whitefield</a>",23.0,1.0,0.0
5222,"<a href=""statss.aspx?playerid=5222&position=OF"">Justin Upton</a>",32.0,166.0,0.3066807942218091
10473,"<a href=""statss.aspx?playerid=10473&position=3B"">Cheslor Cuthbert</a>",27.0,1.0,0.0
13151,"<a href=""statss.aspx?playerid=13151&position=C"">Jose Briceno</a>",27.0,6.0,0.26355618238449097
12225,"<a href=""statss.aspx?playerid=12225&position=OF"">Scott Schebler</a>",29.0,1.0,0.0
19948,"<a href=""statss.aspx?playerid=19948&position=OF"">Cristian Pache</a>",21.0,4.0,0.2206314504146576
3174,"<a href=""statss.aspx?playerid=3174&position=OF"">Shin-Soo Choo</a>",37.0,127.0,0.3122062191130623
19892,"<a href=""statss.aspx?playerid=19892&position=1B/OF"">Pavin Smith</a>",24.0,44.0,0.3202614134008234
15482,"<a href=""statss.aspx?playerid=15482&position=OF"">Aristides Aquino</a>",26.0,56.0,0.2854850654091154
17423,"<a href=""statss.aspx?playerid=17423&position=DH"">Yermin Mercedes</a>",27.0,1.0,0.0
9847,"<a href=""statss.aspx?playerid=9847&position=OF"">Andrew McCutchen</a>",33.0,241.0,0.327001341151004
14738,"<a href=""statss.aspx?playerid=14738&position=OF"">Phillip Ervin</a>",27.0,89.0,0.23917206485619705
12174,"<a href=""statss.aspx?playerid=12174&position=OF"">Jorge Bonifacio</a>",27.0,94.0,0.26573240756988525
19703,"<a href=""statss.aspx?playerid=19703&position=1B"">Jake Noll</a>",26.0,17.0,0.33239595329060273
19755,"<a href=""statss.aspx?playerid=19755&position=DH"">Shohei Ohtani</a>",25.0,175.0,0.290152587890625
11400,"<a href=""statss.aspx?playerid=11400&position=2B/3B/SS"">Ronald Torreyes</a>",27.0,7.0,0.17687174252101354
6547,"<a href=""statss.aspx?playerid=6547&position=SS"">Jordy Mercer</a>",33.0,22.0,0.22398753599687057
13602,"<a href=""statss.aspx?playerid=13602&position=3B"">Patrick Wisdom</a>",28.0,2.0,0.0
14553,"<a href=""statss.aspx?playerid=14553&position=OF"">Nomar Mazara</a>",25.0,149.0,0.2668576624569477
17750,"<a href=""statss.aspx?playerid=17750&position=OF"">Max Schrock</a>",25.0,17.0,0.2202452912050135
11982,"<a href=""statss.aspx?playerid=11982&position=3B"">Travis Shaw</a>",30.0,180.0,0.3096378121111128
20078,"<a href=""statss.aspx?playerid=20078&position=1B"">Evan White</a>",24.0,202.0,0.26143389468145845
19514,"<a href=""statss.aspx?playerid=19514&position=C"">Andrew Knizner</a>",25.0,17.0,0.2285693883895874
1177,"<a href=""statss.aspx?playerid=1177&position=1B"">Albert Pujols</a>",40.0,163.0,0.28240109078678083
12858,"<a href=""statss.aspx?playerid=12858&position=OF"">Brian Goodwin</a>",29.0,164.0,0.30504945523899757
14713,"<a href=""statss.aspx?playerid=14713&position=2B/3B"">Dawel Lugo</a>",25.0,11.0,0.22398753599687057
14329,"<a href=""statss.aspx?playerid=14329&position=OF"">Anthony Alford</a>",25.0,29.0,0.30561194337647535
7087,"<a href=""statss.aspx?playerid=7087&position=C"">Caleb Joseph</a>",34.0,9.0,0.2975477377573649
4298,"<a href=""statss.aspx?playerid=4298&position=C"">Matt Wieters</a>",34.0,41.0,0.25216440558433534
20332,"<a href=""statss.aspx?playerid=20332&position=OF"">Luis Gonzalez</a>",24.0,2.0,0.36422133445739746
2967,"<a href=""statss.aspx?playerid=2967&position=OF"">Tommy Pham</a>",32.0,125.0,0.2840770874023438
20126,"<a href=""statss.aspx?playerid=20126&position=OF"">Dylan Carlson</a>",21.0,119.0,0.26437366008758545
3298,"<a href=""statss.aspx?playerid=3298&position=3B/OF"">Charlie Culberson</a>",31.0,7.0,0.17687174252101354
19287,"<a href=""statss.aspx?playerid=19287&position=OF"">Adolis Garcia</a>",27.0,7.0,0.09983018466404506
19314,"<a href=""statss.aspx?playerid=19314&position=2B"">Donovan Walton</a>",26.0,14.0,0.20138852085386003
11863,"<a href=""statss.aspx?playerid=11863&position=3B/SS"">Yadiel Rivera</a>",28.0,5.0,0.0
16285,"<a href=""statss.aspx?playerid=16285&position=OF"">Michael Hermosillo</a>",25.0,10.0,0.24638628959655762
15181,"<a href=""statss.aspx?playerid=15181&position=OF"">Ryan Cordell</a>",28.0,8.0,0.1103157252073288
12282,"<a href=""statss.aspx?playerid=12282&position=2B"">Rougned Odor</a>",26.0,148.0,0.258827339153032
14335,"<a href=""statss.aspx?playerid=14335&position=2B"">Dilson Herrera</a>",26.0,6.0,0.12140711148579915
13277,"<a href=""statss.aspx?playerid=13277&position=OF"">Joey Rickard</a>",29.0,6.0,0.11646854877471924
5417,"<a href=""statss.aspx?playerid=5417&position=2B"">Jose Altuve</a>",30.0,210.0,0.2778927076430548
12976,"<a href=""statss.aspx?playerid=12976&position=C"">Austin Hedges</a>",27.0,83.0,0.2323123736259265
19293,"<a href=""statss.aspx?playerid=19293&position=OF"">Nick Senzel</a>",25.0,78.0,0.25964086551170845
11680,"<a href=""statss.aspx?playerid=11680&position=C"">Elias Diaz</a>",29.0,73.0,0.28107955031199
18795,"<a href=""statss.aspx?playerid=18795&position=3B"">Ramon Urias</a>",26.0,27.0,0.41289259769298414
5273,"<a href=""statss.aspx?playerid=5273&position=C"">Sandy Leon</a>",31.0,81.0,0.2592999317027904
19267,"<a href=""statss.aspx?playerid=19267&position=1B"">Will Craig</a>",25.0,4.0,0.0
9892,"<a href=""statss.aspx?playerid=9892&position=OF"">Jay Bruce</a>",33.0,103.0,0.2971951879707037
13593,"<a href=""statss.aspx?playerid=13593&position=2B/SS"">Jose Peraza</a>",26.0,120.0,0.26966106990973154
19198,"<a href=""statss.aspx?playerid=19198&position=1B"">Yuli Gurriel</a>",36.0,230.0,0.2809063144352125
16429,"<a href=""statss.aspx?playerid=16429&position=OF"">Jason Martin</a>",24.0,11.0,0.12705659866333008
16042,"<a href=""statss.aspx?playerid=16042&position=OF"">Mark Payton</a>",28.0,20.0,0.2200388193130493
5631,"<a href=""statss.aspx?playerid=5631&position=OF"">Matt Kemp</a>",35.0,132.0,0.32168217560717166
4054,"<a href=""statss.aspx?playerid=4054&position=2B/OF"">Emilio Bonifacio</a>",35.0,3.0,0.0
14387,"<a href=""statss.aspx?playerid=14387&position=DH/OF"">Harold Ramirez</a>",25.0,11.0,0.22398753599687057
18551,"<a href=""statss.aspx?playerid=18551&position=C"">Ali Sanchez</a>",23.0,10.0,0.15813370943069457
15447,"<a href=""statss.aspx?playerid=15447&position=1B/3B"">Ryon Healy</a>",28.0,7.0,0.12607511452266149
13770,"<a href=""statss.aspx?playerid=13770&position=OF"">Rob Refsnyder</a>",29.0,34.0,0.22872930765151978
10322,"<a href=""statss.aspx?playerid=10322&position=OF"">Danny Santana</a>",29.0,63.0,0.22969497763921345
17216,"<a href=""statss.aspx?playerid=17216&position=OF"">Monte Harrison</a>",24.0,51.0,0.22171804951686486
5667,"<a href=""statss.aspx?playerid=5667&position=OF"">Steven Souza Jr.</a>",31.0,31.0,0.2623578617649694
16192,"<a href=""statss.aspx?playerid=16192&position=OF"">Derek Fisher</a>",26.0,39.0,0.3475051323572795
14111,"<a href=""statss.aspx?playerid=14111&position=C"">Eric Haase</a>",27.0,19.0,0.17612572092758982
18171,"<a href=""statss.aspx?playerid=18171&position=1B/OF"">Seth Brown</a>",27.0,5.0,0.0
15958,"<a href=""statss.aspx?playerid=15958&position=OF"">Travis Demeritte</a>",25.0,33.0,0.230093392458829
16417,"<a href=""statss.aspx?playerid=16417&position=2B/3B/SS"">Sergio Alcantara</a>",23.0,23.0,0.2529299000035162
16930,"<a href=""statss.aspx?playerid=16930&position=C"">Jonah Heim</a>",25.0,41.0,0.22333269002960948
19968,"<a href=""statss.aspx?playerid=19968&position=OF"">Jared Oliva</a>",24.0,16.0,0.1654735878109932
17710,"<a href=""statss.aspx?playerid=17710&position=1B/OF"">Matt Beaty</a>",27.0,54.0,0.2798343190440425
18363,"<a href=""statss.aspx?playerid=18363&position=OF"">Victor Robles</a>",23.0,189.0,0.2725638037032269
19956,"<a href=""statss.aspx?playerid=19956&position=OF"">Mickey Moniak</a>",22.0,18.0,0.302379031976064
13110,"<a href=""statss.aspx?playerid=13110&position=OF"">Yoenis Cespedes</a>",34.0,34.0,0.26727811027975645
17806,"<a href=""statss.aspx?playerid=17806&position=OF"">Braden Bishop</a>",26.0,34.0,0.21969233498428808
6589,"<a href=""statss.aspx?playerid=6589&position=2B"">Sean Rodriguez</a>",35.0,13.0,0.1357732002551739
10951,"<a href=""statss.aspx?playerid=10951&position=2B/3B"">Greg Garcia</a>",30.0,71.0,0.24336349788834066
17273,"<a href=""statss.aspx?playerid=17273&position=SS"">Jorge Mateo</a>",25.0,28.0,0.19613495137956408
10459,"<a href=""statss.aspx?playerid=10459&position=SS"">Adeiny Hechavarria</a>",31.0,63.0,0.2714263711656843
11489,"<a href=""statss.aspx?playerid=11489&position=OF"">Michael A. Taylor</a>",29.0,99.0,0.2871029894761365
9112,"<a href=""statss.aspx?playerid=9112&position=DH/OF"">Khris Davis</a>",32.0,99.0,0.28431764275136623
13768,"<a href=""statss.aspx?playerid=13768&position=OF"">Travis Jankowski</a>",29.0,17.0,0.13412637570325067
14109,"<a href=""statss.aspx?playerid=14109&position=OF"">Albert Almora Jr.</a>",26.0,34.0,0.2233259397394517
10346,"<a href=""statss.aspx?playerid=10346&position=C"">John Ryan Murphy</a>",29.0,63.0,0.19889767708316927
15464,"<a href=""statss.aspx?playerid=15464&position=OF"">Hunter Renfroe</a>",28.0,139.0,0.27740184180170513
3892,"<a href=""statss.aspx?playerid=3892&position=OF"">Josh Reddick</a>",33.0,210.0,0.30404649967211855
16947,"<a href=""statss.aspx?playerid=16947&position=OF"">Derek Hill</a>",24.0,12.0,0.13177809119224548
11899,"<a href=""statss.aspx?playerid=11899&position=DH/OF"">Joc Pederson</a>",28.0,138.0,0.2972677693749866
18067,"<a href=""statss.aspx?playerid=18067&position=C"">Garrett Stubbs</a>",27.0,10.0,0.09805842240651448
7927,"<a href=""statss.aspx?playerid=7927&position=2B"">Eric Sogard</a>",34.0,128.0,0.25367547385394573
15905,"<a href=""statss.aspx?playerid=15905&position=C"">Luis Torrens</a>",24.0,78.0,0.307163870179808
14412,"<a href=""statss.aspx?playerid=14412&position=C"">Joe Hudson</a>",29.0,20.0,0.21290526264592222
12937,"<a href=""statss.aspx?playerid=12937&position=1B/OF"">Jose Osuna</a>",27.0,82.0,0.2727897239894402
5486,"<a href=""statss.aspx?playerid=5486&position=OF"">Abraham Almonte</a>",31.0,13.0,0.17539602976578933
19334,"<a href=""statss.aspx?playerid=19334&position=OF"">Yadiel Hernandez</a>",32.0,28.0,0.2598129298005785
9810,"<a href=""statss.aspx?playerid=9810&position=2B"">Brian Dozier</a>",33.0,16.0,0.1539914309978485
19318,"<a href=""statss.aspx?playerid=19318&position=C"">Matt Thaiss</a>",25.0,25.0,0.26157660484313966
19260,"<a href=""statss.aspx?playerid=19260&position=OF"">Jake Fraley</a>",25.0,29.0,0.23059793176322146
10348,"<a href=""statss.aspx?playerid=10348&position=OF"">Domingo Santana</a>",27.0,84.0,0.2711986615544274
17109,"<a href=""statss.aspx?playerid=17109&position=C"">Meibrys Viloria</a>",23.0,24.0,0.25048936903476715
13329,"<a href=""statss.aspx?playerid=13329&position=3B"">Jake Lamb</a>",29.0,99.0,0.2812769352787673
7539,"<a href=""statss.aspx?playerid=7539&position=2B"">Neil Walker</a>",34.0,41.0,0.23678713891564346
16959,"<a href=""statss.aspx?playerid=16959&position=2B/3B"">Eddy Alvarez</a>",30.0,41.0,0.22824715986484434
15214,"<a href=""statss.aspx?playerid=15214&position=1B/OF"">Brandon Dixon</a>",28.0,14.0,0.1383509635925293
13157,"<a href=""statss.aspx?playerid=13157&position=OF"">Nicky Delmonico</a>",27.0,22.0,0.18387272683056918
9205,"<a href=""statss.aspx?playerid=9205&position=1B/OF"">Logan Morrison</a>",32.0,28.0,0.22129215087209428
17922,"<a href=""statss.aspx?playerid=17922&position=2B/3B"">Isan Diaz</a>",24.0,22.0,0.16045923666520553
19878,"<a href=""statss.aspx?playerid=19878&position=OF"">Adam Haseley</a>",24.0,92.0,0.30503639443354175
14196,"<a href=""statss.aspx?playerid=14196&position=SS"">Andrew Velazquez</a>",25.0,77.0,0.23074715758023195
9308,"<a href=""statss.aspx?playerid=9308&position=C"">Josh Phegley</a>",32.0,18.0,0.1892429060406155
8709,"<a href=""statss.aspx?playerid=8709&position=SS"">Elvis Andrus</a>",31.0,111.0,0.2550330269444096
19533,"<a href=""statss.aspx?playerid=19533&position=1B/DH"">Taylor Jones</a>",26.0,22.0,0.25823106549002905
19643,"<a href=""statss.aspx?playerid=19643&position=OF"">Daniel Johnson</a>",24.0,13.0,0.07354381680488586
13788,"<a href=""statss.aspx?playerid=13788&position=3B/SS"">Matt Reynolds</a>",29.0,11.0,0.0
11442,"<a href=""statss.aspx?playerid=11442&position=C"">Gary Sanchez</a>",27.0,178.0,0.27066684505912697
19958,"<a href=""statss.aspx?playerid=19958&position=3B"">Carter Kieboom</a>",22.0,122.0,0.2748204733504624
4866,"<a href=""statss.aspx?playerid=4866&position=OF"">Jarrod Dyson</a>",35.0,66.0,0.19235429213597224
14352,"<a href=""statss.aspx?playerid=14352&position=OF"">Lewis Brinson</a>",26.0,112.0,0.2749707411442484
13367,"<a href=""statss.aspx?playerid=13367&position=OF"">Stephen Piscotty</a>",29.0,171.0,0.27297114274081064
20454,"<a href=""statss.aspx?playerid=20454&position=2B/OF"">Jazz Chisholm Jr.</a>",22.0,62.0,0.24821916126435803
17684,"<a href=""statss.aspx?playerid=17684&position=3B"">Vimael Machin</a>",26.0,71.0,0.25034476837641756
4229,"<a href=""statss.aspx?playerid=4229&position=2B"">Howie Kendrick</a>",36.0,100.0,0.29768053244571296
16939,"<a href=""statss.aspx?playerid=16939&position=OF"">Lane Thomas</a>",24.0,40.0,0.20332734286785126
3353,"<a href=""statss.aspx?playerid=3353&position=OF"">Matt Joyce</a>",35.0,148.0,0.3096793390609123
13265,"<a href=""statss.aspx?playerid=13265&position=C"">Mike Zunino</a>",29.0,84.0,0.26065065889131456
18353,"<a href=""statss.aspx?playerid=18353&position=OF"">Daz Cameron</a>",23.0,59.0,0.21173142982741533
19181,"<a href=""statss.aspx?playerid=19181&position=C"">Zack Collins</a>",25.0,18.0,0.14642915460798475
10839,"<a href=""statss.aspx?playerid=10839&position=1B/DH"">Rangel Ravelo</a>",28.0,41.0,0.23274558346445967
14320,"<a href=""statss.aspx?playerid=14320&position=2B/SS"">Wilmer Difo</a>",28.0,18.0,0.16549775997797647
12384,"<a href=""statss.aspx?playerid=12384&position=C"">Beau Taylor</a>",30.0,24.0,0.09913688638935918
11287,"<a href=""statss.aspx?playerid=11287&position=C"">Bryan Holaday</a>",32.0,33.0,0.18684327241146204
11205,"<a href=""statss.aspx?playerid=11205&position=OF"">Adam Eaton</a>",31.0,176.0,0.28748304941500835
20275,"<a href=""statss.aspx?playerid=20275&position=2B/3B/SS"">Jonathan Arauz</a>",21.0,80.0,0.2910462513566017
9433,"<a href=""statss.aspx?playerid=9433&position=C"">Dustin Garneau</a>",32.0,46.0,0.2559138699011369
17620,"<a href=""statss.aspx?playerid=17620&position=OF"">Myles Straw</a>",25.0,86.0,0.2234940625900446
15817,"<a href=""statss.aspx?playerid=15817&position=3B/OF"">Erick Mejia</a>",25.0,16.0,0.08843587126050677
15407,"<a href=""statss.aspx?playerid=15407&position=2B/SS"">Nate Orf</a>",30.0,7.0,0.0
7185,"<a href=""statss.aspx?playerid=7185&position=2B"">Logan Forsythe</a>",33.0,38.0,0.2046715083875154
11145,"<a href=""statss.aspx?playerid=11145&position=2B/3B"">Christian Colon</a>",31.0,24.0,0.1542485455671946
7226,"<a href=""statss.aspx?playerid=7226&position=3B/DH"">Matt Davidson</a>",29.0,47.0,0.2684740386110671
6153,"<a href=""statss.aspx?playerid=6153&position=3B"">Eduardo Escobar</a>",31.0,222.0,0.25685600676667797
17062,"<a href=""statss.aspx?playerid=17062&position=C"">Grayson Greiner</a>",27.0,55.0,0.2203811233693903
20036,"<a href=""statss.aspx?playerid=20036&position=3B"">Isaac Paredes</a>",21.0,108.0,0.2548607046957369
17719,"<a href=""statss.aspx?playerid=17719&position=OF"">Steven Duggar</a>",26.0,36.0,0.20648782120810616
13324,"<a href=""statss.aspx?playerid=13324&position=2B/3B"">Ildemaro Vargas</a>",28.0,54.0,0.22871564273481015
15767,"<a href=""statss.aspx?playerid=15767&position=1B/OF"">Jose Marmolejos</a>",27.0,115.0,0.2872830453126327
9345,"<a href=""statss.aspx?playerid=9345&position=2B/3B/OF"">Brock Holt</a>",32.0,106.0,0.2528464029420097
12977,"<a href=""statss.aspx?playerid=12977&position=C"">Michael Perez</a>",27.0,93.0,0.21654628681880173
9807,"<a href=""statss.aspx?playerid=9807&position=2B/SS"">Ryan Goins</a>",32.0,10.0,0.06988112926483155
16426,"<a href=""statss.aspx?playerid=16426&position=2B"">Thairo Estrada</a>",24.0,52.0,0.21232573573405927
19734,"<a href=""statss.aspx?playerid=19734&position=2B/3B"">Josh Rojas</a>",26.0,70.0,0.20856375523975917
17901,"<a href=""statss.aspx?playerid=17901&position=OF"">Andrew Benintendi</a>",25.0,52.0,0.24119699001312256
14453,"<a href=""statss.aspx?playerid=14453&position=OF"">Scott Heineman</a>",27.0,54.0,0.19668797651926676
13356,"<a href=""statss.aspx?playerid=13356&position=OF"">Bubba Starling</a>",27.0,64.0,0.20426050201058388
18399,"<a href=""statss.aspx?playerid=18399&position=OF"">Joe McCarthy</a>",26.0,10.0,0.0
17714,"<a href=""statss.aspx?playerid=17714&position=OF"">Christin Stewart</a>",26.0,99.0,0.23005444541269418
16442,"<a href=""statss.aspx?playerid=16442&position=1B"">Ryan O'Hearn</a>",26.0,132.0,0.2686399368139414
18365,"<a href=""statss.aspx?playerid=18365&position=1B"">Lewin Diaz</a>",23.0,41.0,0.18058366310305712
19294,"<a href=""statss.aspx?playerid=19294&position=2B"">Nick Solak</a>",25.0,233.0,0.2970209551471497
16542,"<a href=""statss.aspx?playerid=16542&position=2B/OF"">Shed Long Jr.</a>",24.0,128.0,0.2375398427248001
19698,"<a href=""statss.aspx?playerid=19698&position=OF"">Edward Olivares</a>",24.0,101.0,0.2749491505103536
16211,"<a href=""statss.aspx?playerid=16211&position=1B/DH"">Kevin Cron</a>",27.0,20.0,0.10778483152389526
12180,"<a href=""statss.aspx?playerid=12180&position=C"">Jorge Alfaro</a>",27.0,100.0,0.2708660014952072
3411,"<a href=""statss.aspx?playerid=3411&position=C"">Drew Butera</a>",36.0,43.0,0.17628405207679385
15161,"<a href=""statss.aspx?playerid=15161&position=C/DH"">Mitch Garver</a>",29.0,81.0,0.2315949731402927
13145,"<a href=""statss.aspx?playerid=13145&position=1B/DH"">Josh Bell</a>",27.0,223.0,0.2863291937466626
15694,"<a href=""statss.aspx?playerid=15694&position=C"">Chance Sisco</a>",25.0,121.0,0.33547244288704614
19346,"<a href=""statss.aspx?playerid=19346&position=OF"">Eli White</a>",26.0,52.0,0.2067369016317221
5491,"<a href=""statss.aspx?playerid=5491&position=C"">Austin Romine</a>",31.0,135.0,0.2527749043923837
15878,"<a href=""statss.aspx?playerid=15878&position=3B/DH/OF"">Miguel Andujar</a>",25.0,65.0,0.27411786776322583
19913,"<a href=""statss.aspx?playerid=19913&position=OF"">Jesus Sanchez</a>",22.0,29.0,0.13908094373242608
14137,"<a href=""statss.aspx?playerid=14137&position=OF"">Tim Lopes</a>",26.0,151.0,0.27891213372843154
11859,"<a href=""statss.aspx?playerid=11859&position=OF"">Mason Williams</a>",28.0,18.0,0.13559148708979288
5409,"<a href=""statss.aspx?playerid=5409&position=3B"">Pablo Sandoval</a>",33.0,94.0,0.2516655998027071
9393,"<a href=""statss.aspx?playerid=9393&position=1B"">Matt Adams</a>",31.0,51.0,0.24009201339646882
17907,"<a href=""statss.aspx?playerid=17907&position=2B"">Brendan Rodgers</a>",23.0,21.0,0.100982285681225
16403,"<a href=""statss.aspx?playerid=16403&position=C"">Francisco Mejia</a>",24.0,42.0,0.1489391184988476
15535,"<a href=""statss.aspx?playerid=15535&position=C"">Joseph Odom</a>",28.0,44.0,0.1676249809043352
18063,"<a href=""statss.aspx?playerid=18063&position=OF"">Kyle Garlick</a>",28.0,23.0,0.16224332477735437
15519,"<a href=""statss.aspx?playerid=15519&position=2B/SS"">Franklin Barreto</a>",24.0,28.0,0.08905336686543056
20391,"<a href=""statss.aspx?playerid=20391&position=2B"">Luis Garcia Jr.</a>",20.0,139.0,0.29118096828460693
19844,"<a href=""statss.aspx?playerid=19844&position=2B/3B"">Abraham Toro</a>",23.0,97.0,0.23370410732387267
5227,"<a href=""statss.aspx?playerid=5227&position=OF"">Jon Jay</a>",35.0,57.0,0.19889915616888748
15170,"<a href=""statss.aspx?playerid=15170&position=2B"">Josh VanMeter</a>",25.0,79.0,0.22216722633265243
17696,"<a href=""statss.aspx?playerid=17696&position=2B/SS"">Kevin Newman</a>",26.0,172.0,0.25074301616490235
8203,"<a href=""statss.aspx?playerid=8203&position=2B"">Dee Strange-Gordon</a>",32.0,82.0,0.2261512831943791
2151,"<a href=""statss.aspx?playerid=2151&position=1B/3B/DH"">Edwin Encarnacion</a>",37.0,181.0,0.27167613241407607
21794,"<a href=""statss.aspx?playerid=21794&position=1B/3B"">Sherten Apostel</a>",21.0,21.0,0.13425901390257336
13473,"<a href=""statss.aspx?playerid=13473&position=OF"">Dwight Smith Jr.</a>",27.0,72.0,0.289247689112811
23378,"<a href=""statss.aspx?playerid=23378&position=SS"">Jose Barrero</a>",22.0,68.0,0.1789948046207428
11615,"<a href=""statss.aspx?playerid=11615&position=2B/3B"">Brandon Drury</a>",27.0,49.0,0.16185468556929608
3142,"<a href=""statss.aspx?playerid=3142&position=C"">Robinson Chirinos</a>",36.0,82.0,0.21554807046564614
17326,"<a href=""statss.aspx?playerid=17326&position=SS/OF"">Cole Tucker</a>",23.0,116.0,0.23337389075237772
7996,"<a href=""statss.aspx?playerid=7996&position=1B/OF"">Jose Martinez</a>",31.0,98.0,0.24768252716850991
9054,"<a href=""statss.aspx?playerid=9054&position=1B"">Justin Smoak</a>",33.0,132.0,0.26477301211068127
3711,"<a href=""statss.aspx?playerid=3711&position=1B/OF"">Eric Thames</a>",33.0,140.0,0.2762638810727236
11470,"<a href=""statss.aspx?playerid=11470&position=C"">Tony Wolters</a>",28.0,109.0,0.2489879387561406
14678,"<a href=""statss.aspx?playerid=14678&position=2B/SS"">Tzu-Wei Lin</a>",26.0,57.0,0.16024373444643888
19858,"<a href=""statss.aspx?playerid=19858&position=2B/3B"">Luis Rengifo</a>",23.0,106.0,0.22683546405572158
13359,"<a href=""statss.aspx?playerid=13359&position=OF"">Tyler Naquin</a>",29.0,141.0,0.2675342120177357
4922,"<a href=""statss.aspx?playerid=4922&position=OF"">Ender Inciarte</a>",29.0,131.0,0.23295879730811486
6184,"<a href=""statss.aspx?playerid=6184&position=DH/OF"">J.D. Martinez</a>",32.0,237.0,0.28980056037250745
15585,"<a href=""statss.aspx?playerid=15585&position=1B/DH"">Mike Ford</a>",27.0,84.0,0.22368229854674565
15674,"<a href=""statss.aspx?playerid=15674&position=C"">Reese McGuire</a>",25.0,45.0,0.0913212183045178
12907,"<a href=""statss.aspx?playerid=12907&position=OF"">Gregory Polanco</a>",28.0,174.0,0.23164608230480568
8252,"<a href=""statss.aspx?playerid=8252&position=OF"">Hunter Pence</a>",37.0,56.0,0.18046938947268895
13608,"<a href=""statss.aspx?playerid=13608&position=OF"">Mallex Smith</a>",27.0,47.0,0.1575304295154328
16375,"<a href=""statss.aspx?playerid=16375&position=OF"">Oscar Mercado</a>",25.0,93.0,0.15928270894548166
9272,"<a href=""statss.aspx?playerid=9272&position=1B"">Chris Davis</a>",34.0,55.0,0.15378759774294767
17321,"<a href=""statss.aspx?playerid=17321&position=1B/2B"">Michael Chavis</a>",24.0,158.0,0.27226399092734616
17975,"<a href=""statss.aspx?playerid=17975&position=SS/OF"">Scott Kingery</a>",26.0,124.0,0.22740543373231967
17838,"<a href=""statss.aspx?playerid=17838&position=DH/OF"">Willie Calhoun</a>",25.0,108.0,0.21735027653199654
4316,"<a href=""statss.aspx?playerid=4316&position=1B/2B"">Daniel Murphy</a>",35.0,132.0,0.25925435299097105
17642,"<a href=""statss.aspx?playerid=17642&position=SS"">JT Riddle</a>",28.0,69.0,0.17435689767201742
13744,"<a href=""statss.aspx?playerid=13744&position=OF"">David Dahl</a>",26.0,99.0,0.20796938978060328
10071,"<a href=""statss.aspx?playerid=10071&position=2B/SS"">Jonathan Villar</a>",29.0,207.0,0.2658452673656185
20220,"<a href=""statss.aspx?playerid=20220&position=OF"">Jo Adell</a>",21.0,132.0,0.2119903103871779
