playerid,Name,Age,PA,wOBA
10155,"<a href=""statss.aspx?playerid=10155&position=OF"">Mike Trout</a>",22.0,705.0,0.4023707492839284
9166,"<a href=""statss.aspx?playerid=9166&position=C"">Buster Posey</a>",27.0,605.0,0.37080105930566787
7870,"<a href=""statss.aspx?playerid=7870&position=C"">Jonathan Lucroy</a>",28.0,655.0,0.3683586009989487
9847,"<a href=""statss.aspx?playerid=9847&position=OF"">Andrew McCutchen</a>",27.0,648.0,0.4115211700089276
4949,"<a href=""statss.aspx?playerid=4949&position=DH/OF"">Giancarlo Stanton</a>",24.0,638.0,0.4030930542596388
4106,"<a href=""statss.aspx?playerid=4106&position=OF"">Michael Brantley</a>",27.0,676.0,0.38859283755577745
12861,"<a href=""statss.aspx?playerid=12861&position=3B"">Anthony Rendon</a>",24.0,683.0,0.36076156547037946
1887,"<a href=""statss.aspx?playerid=1887&position=OF"">Jose Bautista</a>",33.0,673.0,0.4017653201964547
4616,"<a href=""statss.aspx?playerid=4616&position=C"">Russell Martin</a>",31.0,460.0,0.3700433577396485
639,"<a href=""statss.aspx?playerid=639&position=3B"">Adrian Beltre</a>",35.0,614.0,0.3801541754886037
4881,"<a href=""statss.aspx?playerid=4881&position=OF"">Carlos Gomez</a>",28.0,644.0,0.3675216358520009
5038,"<a href=""statss.aspx?playerid=5038&position=3B"">Josh Donaldson</a>",28.0,695.0,0.3505351482094198
3269,"<a href=""statss.aspx?playerid=3269&position=2B"">Robinson Cano</a>",31.0,665.0,0.3607484276904616
14225,"<a href=""statss.aspx?playerid=14225&position=OF"">Yasiel Puig</a>",23.0,640.0,0.3794457883346738
5209,"<a href=""statss.aspx?playerid=5209&position=OF"">Alex Gordon</a>",30.0,643.0,0.3459377457916176
3473,"<a href=""statss.aspx?playerid=3473&position=1B"">Anthony Rizzo</a>",24.0,616.0,0.39664290965288534
15676,"<a href=""statss.aspx?playerid=15676&position=1B"">Jose Abreu</a>",27.0,622.0,0.4112368425388116
1327,"<a href=""statss.aspx?playerid=1327&position=OF"">Jayson Werth</a>",35.0,629.0,0.3767470129953025
5417,"<a href=""statss.aspx?playerid=5417&position=2B"">Jose Altuve</a>",24.0,707.0,0.36267964266912106
1744,"<a href=""statss.aspx?playerid=1744&position=1B/3B"">Miguel Cabrera</a>",31.0,685.0,0.3838422499762641
9785,"<a href=""statss.aspx?playerid=9785&position=3B"">Kyle Seager</a>",26.0,654.0,0.3462233140835395
3531,"<a href=""statss.aspx?playerid=3531&position=SS"">Troy Tulowitzki</a>",29.0,375.0,0.4437162239917848
9627,"<a href=""statss.aspx?playerid=9627&position=C"">Yan Gomes</a>",26.0,518.0,0.34005046747263196
3648,"<a href=""statss.aspx?playerid=3648&position=C"">Rene Rivera</a>",30.0,329.0,0.3286364552775404
8202,"<a href=""statss.aspx?playerid=8202&position=2B/3B"">Josh Harrison</a>",26.0,550.0,0.3652814174482984
7435,"<a href=""statss.aspx?playerid=7435&position=2B/OF"">Ben Zobrist</a>",33.0,654.0,0.333057580170808
4940,"<a href=""statss.aspx?playerid=4940&position=OF"">Jason Heyward</a>",24.0,649.0,0.329288046334181
6368,"<a href=""statss.aspx?playerid=6368&position=OF"">Adam Jones</a>",28.0,682.0,0.34027662308730744
4229,"<a href=""statss.aspx?playerid=4229&position=2B"">Howie Kendrick</a>",30.0,674.0,0.327539188110271
1738,"<a href=""statss.aspx?playerid=1738&position=SS"">Jhonny Peralta</a>",32.0,628.0,0.34341067113815404
393,"<a href=""statss.aspx?playerid=393&position=C/DH"">Victor Martinez</a>",35.0,641.0,0.4113496902716296
785,"<a href=""statss.aspx?playerid=785&position=3B"">Todd Frazier</a>",28.0,660.0,0.3499393146088783
6195,"<a href=""statss.aspx?playerid=6195&position=2B"">Ian Kinsler</a>",32.0,726.0,0.31894888772198365
9241,"<a href=""statss.aspx?playerid=9241&position=OF"">Starling Marte</a>",25.0,545.0,0.3584850411896312
9810,"<a href=""statss.aspx?playerid=9810&position=2B"">Brian Dozier</a>",27.0,707.0,0.33953693233546967
9957,"<a href=""statss.aspx?playerid=9957&position=1B/OF"">Steve Pearce</a>",31.0,383.0,0.4039914522183503
10324,"<a href=""statss.aspx?playerid=10324&position=DH/OF"">Marcell Ozuna</a>",23.0,612.0,0.3376459553471954
5361,"<a href=""statss.aspx?playerid=5361&position=1B"">Freddie Freeman</a>",24.0,708.0,0.37395011125640437
9077,"<a href=""statss.aspx?playerid=9077&position=OF"">Lorenzo Cain</a>",28.0,502.0,0.33036942172050476
9218,"<a href=""statss.aspx?playerid=9218&position=1B"">Paul Goldschmidt</a>",26.0,479.0,0.40229497942873227
8347,"<a href=""statss.aspx?playerid=8347&position=OF"">Denard Span</a>",30.0,668.0,0.34138937895915594
4082,"<a href=""statss.aspx?playerid=4082&position=SS"">Erick Aybar</a>",30.0,641.0,0.30803292030791757
6885,"<a href=""statss.aspx?playerid=6885&position=SS/OF"">Ian Desmond</a>",28.0,648.0,0.328571245626167
7539,"<a href=""statss.aspx?playerid=7539&position=2B"">Neil Walker</a>",28.0,571.0,0.35585016956631565
11477,"<a href=""statss.aspx?playerid=11477&position=OF"">Christian Yelich</a>",22.0,660.0,0.34073991804677045
8252,"<a href=""statss.aspx?playerid=8252&position=OF"">Hunter Pence</a>",31.0,708.0,0.3405257214045694
13265,"<a href=""statss.aspx?playerid=13265&position=C"">Mike Zunino</a>",23.0,476.0,0.28955683105870295
5666,"<a href=""statss.aspx?playerid=5666&position=C"">Devin Mesoraco</a>",26.0,440.0,0.3868237769384997
10322,"<a href=""statss.aspx?playerid=10322&position=OF"">Danny Santana</a>",23.0,430.0,0.3615413873552162
2434,"<a href=""statss.aspx?playerid=2434&position=DH/OF"">Nelson Cruz</a>",33.0,678.0,0.369789531871454
6184,"<a href=""statss.aspx?playerid=6184&position=DH/OF"">J.D. Martinez</a>",26.0,480.0,0.3913538364360207
8370,"<a href=""statss.aspx?playerid=8370&position=2B"">Dustin Pedroia</a>",30.0,609.0,0.3177769956620116
1736,"<a href=""statss.aspx?playerid=1736&position=SS"">Jose Reyes</a>",31.0,655.0,0.32104231728000876
971,"<a href=""statss.aspx?playerid=971&position=SS"">Jimmy Rollins</a>",35.0,609.0,0.31949741980492674
8001,"<a href=""statss.aspx?playerid=8001&position=SS"">Hanley Ramirez</a>",30.0,512.0,0.3620432927327998
5222,"<a href=""statss.aspx?playerid=5222&position=OF"">Justin Upton</a>",26.0,641.0,0.36348150733491064
1679,"<a href=""statss.aspx?playerid=1679&position=2B"">Chase Utley</a>",35.0,664.0,0.3245777401821745
11205,"<a href=""statss.aspx?playerid=11205&position=OF"">Adam Eaton</a>",25.0,538.0,0.340038958658923
2151,"<a href=""statss.aspx?playerid=2151&position=1B/3B/DH"">Edwin Encarnacion</a>",31.0,542.0,0.3889956780111612
1908,"<a href=""statss.aspx?playerid=1908&position=1B"">Adrian Gonzalez</a>",32.0,660.0,0.3514328616372268
9368,"<a href=""statss.aspx?playerid=9368&position=3B"">Evan Longoria</a>",28.0,700.0,0.3159109993382942
11846,"<a href=""statss.aspx?playerid=11846&position=OF"">Leonys Martin</a>",26.0,583.0,0.3061384562838556
8203,"<a href=""statss.aspx?playerid=8203&position=2B"">Dee Strange-Gordon</a>",26.0,650.0,0.3121469182061633
4727,"<a href=""statss.aspx?playerid=4727&position=OF"">Jacoby Ellsbury</a>",30.0,635.0,0.32711262249984496
6310,"<a href=""statss.aspx?playerid=6310&position=SS"">Alcides Escobar</a>",27.0,620.0,0.3066198936070631
13110,"<a href=""statss.aspx?playerid=13110&position=OF"">Yoenis Cespedes</a>",28.0,645.0,0.32586803753799365
8090,"<a href=""statss.aspx?playerid=8090&position=3B"">Matt Carpenter</a>",28.0,709.0,0.3385264347631035
4720,"<a href=""statss.aspx?playerid=4720&position=3B"">Chase Headley</a>",30.0,531.0,0.3157297454914957
11200,"<a href=""statss.aspx?playerid=11200&position=OF"">Kole Calhoun</a>",26.0,537.0,0.3413162045389692
454,"<a href=""statss.aspx?playerid=454&position=3B/SS"">Juan Uribe</a>",35.0,404.0,0.34043869035160956
5235,"<a href=""statss.aspx?playerid=5235&position=3B"">Justin Turner</a>",29.0,322.0,0.39418768957025163
7462,"<a href=""statss.aspx?playerid=7462&position=3B"">Trevor Plouffe</a>",28.0,582.0,0.3311315691676633
9927,"<a href=""statss.aspx?playerid=9927&position=OF"">Brett Gardner</a>",30.0,636.0,0.3313046498627762
3364,"<a href=""statss.aspx?playerid=3364&position=C"">Miguel Montero</a>",30.0,560.0,0.3074271395558216
5133,"<a href=""statss.aspx?playerid=5133&position=SS"">Alexei Ramirez</a>",32.0,657.0,0.31443372514189744
5409,"<a href=""statss.aspx?playerid=5409&position=3B"">Pablo Sandoval</a>",27.0,638.0,0.3230171475229384
7007,"<a href=""statss.aspx?playerid=7007&position=C"">Yadier Molina</a>",31.0,445.0,0.31688862117854033
4969,"<a href=""statss.aspx?playerid=4969&position=3B"">Luis Valbuena</a>",28.0,547.0,0.34201061406698613
4810,"<a href=""statss.aspx?playerid=4810&position=C"">Brian McCann</a>",30.0,538.0,0.3057127880206543
4579,"<a href=""statss.aspx?playerid=4579&position=2B/SS"">Starlin Castro</a>",24.0,569.0,0.34091496815723654
1873,"<a href=""statss.aspx?playerid=1873&position=OF"">Matt Holliday</a>",34.0,667.0,0.3604187704678934
2502,"<a href=""statss.aspx?playerid=2502&position=1B/OF"">Lucas Duda</a>",28.0,596.0,0.3610956248174719
7739,"<a href=""statss.aspx?playerid=7739&position=C"">Travis d'Arnaud</a>",25.0,421.0,0.31318817483373435
4022,"<a href=""statss.aspx?playerid=4022&position=OF"">Melky Cabrera</a>",29.0,621.0,0.35391501579191775
9134,"<a href=""statss.aspx?playerid=9134&position=C"">Tyler Flowers</a>",28.0,442.0,0.3084767409463048
3797,"<a href=""statss.aspx?playerid=3797&position=SS"">J.J. Hardy</a>",31.0,569.0,0.30253554287209977
9256,"<a href=""statss.aspx?playerid=9256&position=OF"">A.J. Pollock</a>",26.0,287.0,0.3722424838509593
5384,"<a href=""statss.aspx?playerid=5384&position=OF"">Juan Lagares</a>",25.0,452.0,0.31038394942879677
2505,"<a href=""statss.aspx?playerid=2505&position=C"">Hank Conger</a>",26.0,260.0,0.2802625650074333
11038,"<a href=""statss.aspx?playerid=11038&position=OF"">Kevin Kiermaier</a>",24.0,364.0,0.3329051207093632
4365,"<a href=""statss.aspx?playerid=4365&position=OF"">Scott Van Slyke</a>",27.0,246.0,0.3978329063431034
10762,"<a href=""statss.aspx?playerid=10762&position=OF"">Corey Dickerson</a>",25.0,478.0,0.3987519802936053
11368,"<a href=""statss.aspx?playerid=11368&position=C"">Yasmani Grandal</a>",25.0,443.0,0.3243242061246035
5343,"<a href=""statss.aspx?playerid=5343&position=SS"">Brandon Crawford</a>",27.0,564.0,0.309404072770174
1177,"<a href=""statss.aspx?playerid=1177&position=1B"">Albert Pujols</a>",34.0,695.0,0.3399132437873305
1965,"<a href=""statss.aspx?playerid=1965&position=OF"">Desmond Jennings</a>",27.0,542.0,0.3127584352278575
10199,"<a href=""statss.aspx?playerid=10199&position=OF"">Billy Hamilton</a>",23.0,611.0,0.28746197597925055
9328,"<a href=""statss.aspx?playerid=9328&position=OF"">Drew Stubbs</a>",29.0,424.0,0.35819337586042715
4467,"<a href=""statss.aspx?playerid=4467&position=1B/OF"">Brandon Moss</a>",30.0,580.0,0.33938898434813736
7331,"<a href=""statss.aspx?playerid=7331&position=OF"">Seth Smith</a>",31.0,521.0,0.35658600551708525
6153,"<a href=""statss.aspx?playerid=6153&position=3B"">Eduardo Escobar</a>",25.0,465.0,0.31745593172052633
11003,"<a href=""statss.aspx?playerid=11003&position=C/DH"">Evan Gattis</a>",27.0,401.0,0.3520304060461533
9777,"<a href=""statss.aspx?playerid=9777&position=3B"">Nolan Arenado</a>",23.0,467.0,0.3594738885920535
4316,"<a href=""statss.aspx?playerid=4316&position=1B/2B"">Daniel Murphy</a>",29.0,642.0,0.32356163985292674
5631,"<a href=""statss.aspx?playerid=5631&position=OF"">Matt Kemp</a>",29.0,599.0,0.36938590031342217
9549,"<a href=""statss.aspx?playerid=9549&position=3B"">David Freese</a>",31.0,511.0,0.3140334660759644
1201,"<a href=""statss.aspx?playerid=1201&position=OF"">Carl Crawford</a>",32.0,370.0,0.33833166415775373
4866,"<a href=""statss.aspx?playerid=4866&position=OF"">Jarrod Dyson</a>",29.0,290.0,0.293499886779718
6878,"<a href=""statss.aspx?playerid=6878&position=OF"">Chris Coghlan</a>",29.0,432.0,0.3529541368227653
1737,"<a href=""statss.aspx?playerid=1737&position=1B"">Justin Morneau</a>",33.0,550.0,0.372797232626122
5930,"<a href=""statss.aspx?playerid=5930&position=OF"">Nick Markakis</a>",30.0,710.0,0.3249135999267567
2396,"<a href=""statss.aspx?playerid=2396&position=1B"">Carlos Santana</a>",28.0,660.0,0.35331816527679677
11493,"<a href=""statss.aspx?playerid=11493&position=3B"">Manny Machado</a>",21.0,354.0,0.3317279349054609
5450,"<a href=""statss.aspx?playerid=5450&position=OF"">Daniel Nava</a>",31.0,408.0,0.3190141577978392
745,"<a href=""statss.aspx?playerid=745&position=DH"">David Ortiz</a>",38.0,602.0,0.3690430550739683
3708,"<a href=""statss.aspx?playerid=3708&position=OF"">Rajai Davis</a>",33.0,494.0,0.31908632830058486
6867,"<a href=""statss.aspx?playerid=6867&position=C"">Derek Norris</a>",25.0,442.0,0.3414619850134795
950,"<a href=""statss.aspx?playerid=950&position=OF"">Marlon Byrd</a>",36.0,637.0,0.32966537712112304
9345,"<a href=""statss.aspx?playerid=9345&position=2B/3B/OF"">Brock Holt</a>",26.0,492.0,0.31665826835181926
3892,"<a href=""statss.aspx?playerid=3892&position=OF"">Josh Reddick</a>",27.0,396.0,0.33416974393627313
8722,"<a href=""statss.aspx?playerid=8722&position=C"">Jason Castro</a>",27.0,512.0,0.290565184284659
4062,"<a href=""statss.aspx?playerid=4062&position=OF"">Dexter Fowler</a>",28.0,505.0,0.3474246926041713
9774,"<a href=""statss.aspx?playerid=9774&position=C"">Christian Vazquez</a>",23.0,201.0,0.2772438967893571
3057,"<a href=""statss.aspx?playerid=3057&position=C/1B"">Mike Napoli</a>",32.0,500.0,0.3528925018531216
1904,"<a href=""statss.aspx?playerid=1904&position=1B"">Adam LaRoche</a>",34.0,586.0,0.35642227762906553
8267,"<a href=""statss.aspx?playerid=8267&position=C"">Chris Iannetta</a>",31.0,373.0,0.34295819723928295
6547,"<a href=""statss.aspx?playerid=6547&position=SS"">Jordy Mercer</a>",27.0,555.0,0.29874079211937005
4054,"<a href=""statss.aspx?playerid=4054&position=2B/OF"">Emilio Bonifacio</a>",29.0,426.0,0.28907579982109616
4922,"<a href=""statss.aspx?playerid=4922&position=OF"">Ender Inciarte</a>",23.0,447.0,0.3028280615268389
4962,"<a href=""statss.aspx?playerid=4962&position=SS"">Asdrubal Cabrera</a>",28.0,616.0,0.30756801570998127
3123,"<a href=""statss.aspx?playerid=3123&position=OF"">Gregor Blanco</a>",30.0,444.0,0.31669455207458075
6086,"<a href=""statss.aspx?playerid=6086&position=3B"">Casey McGehee</a>",31.0,691.0,0.31933662763168646
9981,"<a href=""statss.aspx?playerid=9981&position=OF"">Michael Saunders</a>",27.0,263.0,0.3457047063570756
9911,"<a href=""statss.aspx?playerid=9911&position=1B/DH"">Chris Carter</a>",27.0,572.0,0.3455529411984838
5275,"<a href=""statss.aspx?playerid=5275&position=C"">Francisco Cervelli</a>",28.0,162.0,0.35773774208845915
12856,"<a href=""statss.aspx?playerid=12856&position=OF"">George Springer</a>",24.0,345.0,0.3519032419252256
8254,"<a href=""statss.aspx?playerid=8254&position=OF"">Sam Fuld</a>",32.0,402.0,0.297866101041058
13075,"<a href=""statss.aspx?playerid=13075&position=OF"">Nori Aoki</a>",32.0,549.0,0.3199565606725414
12532,"<a href=""statss.aspx?playerid=12532&position=2B"">Kolten Wong</a>",23.0,433.0,0.2990115955296685
2918,"<a href=""statss.aspx?playerid=2918&position=OF"">Angel Pagan</a>",32.0,413.0,0.3241448915787857
2579,"<a href=""statss.aspx?playerid=2579&position=C"">Carlos Ruiz</a>",35.0,445.0,0.3233805516772561
7087,"<a href=""statss.aspx?playerid=7087&position=C"">Caleb Joseph</a>",28.0,275.0,0.27534491133955774
8709,"<a href=""statss.aspx?playerid=8709&position=SS"">Elvis Andrus</a>",25.0,685.0,0.2905426265575268
13611,"<a href=""statss.aspx?playerid=13611&position=OF"">Mookie Betts</a>",21.0,213.0,0.36137188605542453
4712,"<a href=""statss.aspx?playerid=4712&position=OF"">Ben Revere</a>",26.0,626.0,0.30416450994300226
7304,"<a href=""statss.aspx?playerid=7304&position=C"">Salvador Perez</a>",24.0,606.0,0.30341758179348827
9393,"<a href=""statss.aspx?playerid=9393&position=1B"">Matt Adams</a>",25.0,563.0,0.33660479108919805
10339,"<a href=""statss.aspx?playerid=10339&position=2B"">Scooter Gennett</a>",24.0,474.0,0.32644538519956545
2636,"<a href=""statss.aspx?playerid=2636&position=OF"">Brandon Guyer</a>",28.0,294.0,0.3164767087128935
4418,"<a href=""statss.aspx?playerid=4418&position=2B/SS"">Jed Lowrie</a>",30.0,566.0,0.30017471569382015
9009,"<a href=""statss.aspx?playerid=9009&position=3B"">Conor Gillaspie</a>",26.0,506.0,0.32980750245876994
5306,"<a href=""statss.aspx?playerid=5306&position=OF"">Kristopher Negron</a>",28.0,158.0,0.3559328086057286
8027,"<a href=""statss.aspx?playerid=8027&position=1B/DH"">Adam Lind</a>",30.0,318.0,0.3761353681957911
5227,"<a href=""statss.aspx?playerid=5227&position=OF"">Jon Jay</a>",29.0,468.0,0.3362201607072508
5352,"<a href=""statss.aspx?playerid=5352&position=2B/3B"">Yangervis Solarte</a>",26.0,535.0,0.3166007876620679
1002,"<a href=""statss.aspx?playerid=1002&position=3B"">Aramis Ramirez</a>",36.0,531.0,0.33380863188795873
1857,"<a href=""statss.aspx?playerid=1857&position=C/1B"">Joe Mauer</a>",31.0,518.0,0.32246412142463354
1572,"<a href=""statss.aspx?playerid=1572&position=OF"">Coco Crisp</a>",34.0,536.0,0.31405766540352
10847,"<a href=""statss.aspx?playerid=10847&position=SS"">Andrelton Simmons</a>",24.0,576.0,0.27316324323938607
3787,"<a href=""statss.aspx?playerid=3787&position=3B"">David Wright</a>",31.0,586.0,0.3084371933223048
5247,"<a href=""statss.aspx?playerid=5247&position=2B/3B"">Brett Lawrie</a>",24.0,282.0,0.3196576639270106
11579,"<a href=""statss.aspx?playerid=11579&position=OF"">Bryce Harper</a>",21.0,395.0,0.33843953246922837
3035,"<a href=""statss.aspx?playerid=3035&position=1B/OF"">Michael Morse</a>",32.0,482.0,0.3553559299079214
2830,"<a href=""statss.aspx?playerid=2830&position=OF"">Travis Snider</a>",26.0,359.0,0.34287549806444834
7571,"<a href=""statss.aspx?playerid=7571&position=3B/OF"">Lonnie Chisenhall</a>",25.0,533.0,0.33964471238000055
1534,"<a href=""statss.aspx?playerid=1534&position=OF"">Michael Cuddyer</a>",35.0,205.0,0.41397811639599685
3878,"<a href=""statss.aspx?playerid=3878&position=C"">Chris Stewart</a>",32.0,154.0,0.3111754846572876
9893,"<a href=""statss.aspx?playerid=9893&position=OF"">Colby Rasmus</a>",27.0,376.0,0.3214438481126877
3312,"<a href=""statss.aspx?playerid=3312&position=3B"">Martin Prado</a>",30.0,573.0,0.3240231367097891
5000,"<a href=""statss.aspx?playerid=5000&position=C"">Stephen Vogt</a>",29.0,287.0,0.3292254742823149
5519,"<a href=""statss.aspx?playerid=5519&position=SS"">Ruben Tejada</a>",24.0,419.0,0.2922570140349983
3353,"<a href=""statss.aspx?playerid=3353&position=OF"">Matt Joyce</a>",29.0,493.0,0.32525833472152427
10030,"<a href=""statss.aspx?playerid=10030&position=2B/SS"">Chris Owings</a>",22.0,332.0,0.3105339339285186
4952,"<a href=""statss.aspx?playerid=4952&position=C"">Ryan Hanigan</a>",33.0,263.0,0.29487094454381657
9112,"<a href=""statss.aspx?playerid=9112&position=DH/OF"">Khris Davis</a>",26.0,549.0,0.33036146778443687
7250,"<a href=""statss.aspx?playerid=7250&position=OF"">Collin Cowgill</a>",28.0,293.0,0.31050429106577976
791,"<a href=""statss.aspx?playerid=791&position=2B"">Brandon Phillips</a>",33.0,499.0,0.3001696839928627
3395,"<a href=""statss.aspx?playerid=3395&position=2B/SS"">Cliff Pennington</a>",30.0,201.0,0.31372606158256533
2103,"<a href=""statss.aspx?playerid=2103&position=OF"">Josh Willingham</a>",35.0,364.0,0.33266926472206854
2616,"<a href=""statss.aspx?playerid=2616&position=SS"">Zack Cozart</a>",28.0,543.0,0.25383584833590783
3142,"<a href=""statss.aspx?playerid=3142&position=C"">Robinson Chirinos</a>",30.0,338.0,0.3099152691013462
7859,"<a href=""statss.aspx?playerid=7859&position=OF"">Charlie Blackmon</a>",27.0,648.0,0.33937550292845986
11936,"<a href=""statss.aspx?playerid=11936&position=2B"">Joe Panik</a>",23.0,287.0,0.3173990160018414
5497,"<a href=""statss.aspx?playerid=5497&position=SS"">Marwin Gonzalez</a>",25.0,310.0,0.32389116170359594
6887,"<a href=""statss.aspx?playerid=6887&position=C"">Martin Maldonado</a>",27.0,126.0,0.3158907476932772
9571,"<a href=""statss.aspx?playerid=9571&position=OF"">Craig Gentry</a>",30.0,258.0,0.27635095233008977
1849,"<a href=""statss.aspx?playerid=1849&position=2B"">Rickie Weeks Jr.</a>",31.0,286.0,0.35892028366769113
5524,"<a href=""statss.aspx?playerid=5524&position=P"">Madison Bumgarner</a>",24.0,78.0,0.32877242054258077
7476,"<a href=""statss.aspx?playerid=7476&position=C"">Alex Avila</a>",27.0,457.0,0.3112012259252779
10099,"<a href=""statss.aspx?playerid=10099&position=2B/OF"">Dustin Ackley</a>",26.0,542.0,0.3050944297730258
12775,"<a href=""statss.aspx?playerid=12775&position=SS"">Brad Miller</a>",24.0,411.0,0.2895934254226118
2578,"<a href=""statss.aspx?playerid=2578&position=OF"">Peter Bourjos</a>",27.0,294.0,0.28673806000087
4747,"<a href=""statss.aspx?playerid=4747&position=OF"">Curtis Granderson</a>",33.0,654.0,0.32028093080608255
7215,"<a href=""statss.aspx?playerid=7215&position=OF"">David Lough</a>",28.0,197.0,0.30863808399719717
5587,"<a href=""statss.aspx?playerid=5587&position=C"">Carlos Corporan</a>",30.0,190.0,0.30311127724470915
5827,"<a href=""statss.aspx?playerid=5827&position=1B"">Wilmer Flores</a>",22.0,274.0,0.2909790339065214
4220,"<a href=""statss.aspx?playerid=4220&position=1B/3B"">Ryan Zimmerman</a>",29.0,240.0,0.3460492856800556
6978,"<a href=""statss.aspx?playerid=6978&position=1B/3B"">Juan Francisco</a>",27.0,320.0,0.3268474431708455
1551,"<a href=""statss.aspx?playerid=1551&position=C"">David Ross</a>",37.0,171.0,0.2782634734397843
9848,"<a href=""statss.aspx?playerid=9848&position=OF"">Austin Jackson</a>",27.0,656.0,0.2922387585385155
3410,"<a href=""statss.aspx?playerid=3410&position=OF"">Ryan Braun</a>",30.0,580.0,0.33978997875954087
731,"<a href=""statss.aspx?playerid=731&position=OF"">Torii Hunter</a>",38.0,586.0,0.33518229948782674
1875,"<a href=""statss.aspx?playerid=1875&position=OF"">Josh Hamilton</a>",33.0,381.0,0.32505568418096986
6400,"<a href=""statss.aspx?playerid=6400&position=OF"">Kirk Nieuwenhuis</a>",26.0,130.0,0.3524953530529353
2430,"<a href=""statss.aspx?playerid=2430&position=2B"">Darwin Barney</a>",28.0,262.0,0.2851387230000755
1101,"<a href=""statss.aspx?playerid=1101&position=OF"">Ichiro Suzuki</a>",40.0,385.0,0.29649066347726355
10472,"<a href=""statss.aspx?playerid=10472&position=OF"">Enrique Hernandez</a>",22.0,134.0,0.3287178086700724
11385,"<a href=""statss.aspx?playerid=11385&position=OF"">Matt den Dekker</a>",26.0,174.0,0.30678017762885695
13510,"<a href=""statss.aspx?playerid=13510&position=3B"">Jose Ramirez</a>",21.0,266.0,0.2879190011457963
7619,"<a href=""statss.aspx?playerid=7619&position=1B/3B"">Mark Reynolds</a>",30.0,433.0,0.30152991351547775
2136,"<a href=""statss.aspx?playerid=2136&position=OF"">David Peralta</a>",26.0,348.0,0.33685172256887475
12282,"<a href=""statss.aspx?playerid=12282&position=2B"">Rougned Odor</a>",20.0,417.0,0.3064985305797763
13757,"<a href=""statss.aspx?playerid=13757&position=OF"">Chris Taylor</a>",23.0,151.0,0.31283777634302773
6265,"<a href=""statss.aspx?playerid=6265&position=OF"">Andre Ethier</a>",32.0,380.0,0.30717536426605063
1433,"<a href=""statss.aspx?playerid=1433&position=C"">Wilson Ramos</a>",26.0,361.0,0.30597320522770577
9682,"<a href=""statss.aspx?playerid=9682&position=2B/3B/SS"">Adam Rosales</a>",31.0,181.0,0.31764812270800274
9272,"<a href=""statss.aspx?playerid=9272&position=1B"">Chris Davis</a>",28.0,525.0,0.30817234400406623
5097,"<a href=""statss.aspx?playerid=5097&position=OF"">Anthony Gose</a>",23.0,274.0,0.27906288857813233
9884,"<a href=""statss.aspx?playerid=9884&position=P"">Travis Wood</a>",27.0,66.0,0.3090984871831991
10306,"<a href=""statss.aspx?playerid=10306&position=OF"">Oswaldo Arcia</a>",23.0,410.0,0.32753789483620027
2140,"<a href=""statss.aspx?playerid=2140&position=OF"">Delmon Young</a>",28.0,255.0,0.3446781740469091
3882,"<a href=""statss.aspx?playerid=3882&position=OF"">Chris Young</a>",30.0,366.0,0.3029922519505188
12552,"<a href=""statss.aspx?playerid=12552&position=3B"">Eugenio Suarez</a>",22.0,277.0,0.2949285874507524
5408,"<a href=""statss.aspx?playerid=5408&position=OF"">Jake Smolinski</a>",25.0,92.0,0.3985517996808757
17016,"<a href=""statss.aspx?playerid=17016&position=OF"">Rusney Castillo</a>",26.0,40.0,0.4091788813471794
4556,"<a href=""statss.aspx?playerid=4556&position=1B"">James Loney</a>",30.0,651.0,0.3184180446141306
9628,"<a href=""statss.aspx?playerid=9628&position=C"">Michael McKenry</a>",29.0,192.0,0.3995822316721866
3371,"<a href=""statss.aspx?playerid=3371&position=OF"">Alejandro De Aza</a>",30.0,528.0,0.3099525705350289
8623,"<a href=""statss.aspx?playerid=8623&position=2B"">Donovan Solano</a>",26.0,340.0,0.2810208971077973
7158,"<a href=""statss.aspx?playerid=7158&position=OF"">Eric Young Jr.</a>",29.0,316.0,0.27546601756926503
13132,"<a href=""statss.aspx?playerid=13132&position=C"">Andrew Susac</a>",24.0,95.0,0.34823984723342094
4314,"<a href=""statss.aspx?playerid=4314&position=1B"">Joey Votto</a>",30.0,272.0,0.3586502463729293
25,"<a href=""statss.aspx?playerid=25&position=C"">Jose Molina</a>",39.0,247.0,0.19563178908187176
1943,"<a href=""statss.aspx?playerid=1943&position=P"">Zack Greinke</a>",30.0,69.0,0.27286011622502254
9205,"<a href=""statss.aspx?playerid=9205&position=1B/OF"">Logan Morrison</a>",26.0,365.0,0.32412200200033714
10264,"<a href=""statss.aspx?playerid=10264&position=1B"">Brandon Belt</a>",26.0,235.0,0.32999211268363593
211,"<a href=""statss.aspx?playerid=211&position=OF"">Will Venable</a>",31.0,448.0,0.2751899471939552
14221,"<a href=""statss.aspx?playerid=14221&position=DH/OF"">Jorge Soler</a>",22.0,97.0,0.3856412946563406
3411,"<a href=""statss.aspx?playerid=3411&position=C"">Drew Butera</a>",30.0,192.0,0.25170795101868476
8553,"<a href=""statss.aspx?playerid=8553&position=OF"">Gerardo Parra</a>",27.0,574.0,0.2984457876711925
9063,"<a href=""statss.aspx?playerid=9063&position=2B/SS/OF"">Alexi Amarista</a>",25.0,466.0,0.26512329073141744
1417,"<a href=""statss.aspx?playerid=1417&position=2B/SS"">Ramon Santiago</a>",34.0,214.0,0.3070302473174201
1281,"<a href=""statss.aspx?playerid=1281&position=1B"">Mark Teixeira</a>",34.0,508.0,0.3164027504401632
7888,"<a href=""statss.aspx?playerid=7888&position=2B/3B"">Ryan Flaherty</a>",27.0,312.0,0.2866094683202936
3978,"<a href=""statss.aspx?playerid=3978&position=OF"">Chris Heisey</a>",29.0,299.0,0.283916616723651
10711,"<a href=""statss.aspx?playerid=10711&position=2B/OF"">Arismendy Alcantara</a>",22.0,300.0,0.2749408413733926
9776,"<a href=""statss.aspx?playerid=9776&position=2B"">Jason Kipnis</a>",27.0,555.0,0.2889528036981389
8433,"<a href=""statss.aspx?playerid=8433&position=1B"">Ike Davis</a>",27.0,427.0,0.32397538901499984
5995,"<a href=""statss.aspx?playerid=5995&position=3B"">Kevin Kouzmanoff</a>",32.0,51.0,0.4424726366996765
2900,"<a href=""statss.aspx?playerid=2900&position=C"">Roberto Perez</a>",25.0,95.0,0.30168181525336374
4403,"<a href=""statss.aspx?playerid=4403&position=C"">Erik Kratz</a>",34.0,115.0,0.2741066342905948
9219,"<a href=""statss.aspx?playerid=9219&position=2B/SS"">Danny Espinosa</a>",27.0,364.0,0.2795624449060488
2234,"<a href=""statss.aspx?playerid=2234&position=2B"">Kelly Johnson</a>",32.0,297.0,0.29603468027179086
4298,"<a href=""statss.aspx?playerid=4298&position=C"">Matt Wieters</a>",28.0,112.0,0.364639550447464
5254,"<a href=""statss.aspx?playerid=5254&position=OF"">Robbie Grossman</a>",24.0,422.0,0.30618333445781726
11145,"<a href=""statss.aspx?playerid=11145&position=2B/3B"">Christian Colon</a>",25.0,49.0,0.3779129932324092
1580,"<a href=""statss.aspx?playerid=1580&position=3B/OF"">Chone Figgins</a>",36.0,76.0,0.30849205414454145
11147,"<a href=""statss.aspx?playerid=11147&position=1B"">Tommy Medica</a>",26.0,259.0,0.3067481149577726
5887,"<a href=""statss.aspx?playerid=5887&position=C"">John Jaso</a>",30.0,344.0,0.33919875006634015
11997,"<a href=""statss.aspx?playerid=11997&position=3B/OF"">Cody Asche</a>",24.0,434.0,0.30763680538472304
9048,"<a href=""statss.aspx?playerid=9048&position=OF"">Ezequiel Carrera</a>",27.0,73.0,0.28410831259356606
5486,"<a href=""statss.aspx?playerid=5486&position=OF"">Abraham Almonte</a>",25.0,220.0,0.27193614430383806
11339,"<a href=""statss.aspx?playerid=11339&position=OF"">Jake Marisnick</a>",23.0,237.0,0.26511545582064266
6364,"<a href=""statss.aspx?playerid=6364&position=3B"">Danny Valencia</a>",29.0,284.0,0.29470189377455647
10130,"<a href=""statss.aspx?playerid=10130&position=P"">Mike Leake</a>",26.0,74.0,0.2299059007478797
6387,"<a href=""statss.aspx?playerid=6387&position=OF"">Michael Bourn</a>",31.0,487.0,0.300312828696786
10346,"<a href=""statss.aspx?playerid=10346&position=C"">John Ryan Murphy</a>",23.0,85.0,0.30671527105219226
3390,"<a href=""statss.aspx?playerid=3390&position=OF"">John Mayberry</a>",30.0,168.0,0.3259841129183769
2832,"<a href=""statss.aspx?playerid=2832&position=3B/OF"">Rafael Ynoa</a>",26.0,71.0,0.3711614894195342
1825,"<a href=""statss.aspx?playerid=1825&position=OF"">David DeJesus</a>",34.0,273.0,0.33462752577136545
3812,"<a href=""statss.aspx?playerid=3812&position=2B/SS"">Gregorio Petit</a>",29.0,100.0,0.31821027159690857
4793,"<a href=""statss.aspx?playerid=4793&position=1B"">Travis Ishikawa</a>",30.0,119.0,0.30802819385366925
4243,"<a href=""statss.aspx?playerid=4243&position=C"">Jose Lobaton</a>",29.0,230.0,0.2661890364109689
1609,"<a href=""statss.aspx?playerid=1609&position=2B"">Omar Infante</a>",32.0,575.0,0.27972462242452767
7620,"<a href=""statss.aspx?playerid=7620&position=OF"">Justin Ruggiano</a>",32.0,250.0,0.3374764933643571
12533,"<a href=""statss.aspx?playerid=12533&position=2B/SS"">Marcus Semien</a>",23.0,255.0,0.3011937546635805
12907,"<a href=""statss.aspx?playerid=12907&position=OF"">Gregory Polanco</a>",22.0,312.0,0.29275401536520423
49,"<a href=""statss.aspx?playerid=49&position=1B/OF"">Kyle Blanks</a>",27.0,66.0,0.37869382988322864
12101,"<a href=""statss.aspx?playerid=12101&position=1B/DH"">Kennys Vargas</a>",23.0,234.0,0.3340874247509858
2036,"<a href=""statss.aspx?playerid=2036&position=P"">Clayton Kershaw</a>",26.0,74.0,0.2063156445236767
10197,"<a href=""statss.aspx?playerid=10197&position=P"">Shelby Miller</a>",23.0,63.0,0.22716332197189332
10459,"<a href=""statss.aspx?playerid=10459&position=SS"">Adeiny Hechavarria</a>",25.0,574.0,0.2901450591095796
2530,"<a href=""statss.aspx?playerid=2530&position=1B"">Yonder Alonso</a>",27.0,288.0,0.2985749709896925
4003,"<a href=""statss.aspx?playerid=4003&position=2B"">Brandon Hicks</a>",28.0,242.0,0.270752135222241
8002,"<a href=""statss.aspx?playerid=8002&position=C"">Wilin Rosario</a>",25.0,410.0,0.3192390403629821
1556,"<a href=""statss.aspx?playerid=1556&position=C"">Wil Nieves</a>",36.0,128.0,0.27097817025487386
906,"<a href=""statss.aspx?playerid=906&position=3B"">Eric Chavez</a>",36.0,81.0,0.3504607007827288
319,"<a href=""statss.aspx?playerid=319&position=1B/OF"">Adam Dunn</a>",34.0,511.0,0.3335218607436998
12409,"<a href=""statss.aspx?playerid=12409&position=1B/OF"">Ryan Rua</a>",24.0,109.0,0.32738836205333743
4191,"<a href=""statss.aspx?playerid=4191&position=3B/SS"">Yunel Escobar</a>",31.0,529.0,0.2985972373878362
9741,"<a href=""statss.aspx?playerid=9741&position=1B"">Ben Paulsen</a>",26.0,66.0,0.39663818432734566
3174,"<a href=""statss.aspx?playerid=3174&position=OF"">Shin-Soo Choo</a>",31.0,529.0,0.321278877131386
6938,"<a href=""statss.aspx?playerid=6938&position=1B/3B"">Eric Campbell</a>",27.0,211.0,0.3045940868097459
2233,"<a href=""statss.aspx?playerid=2233&position=P"">Adam Wainwright</a>",32.0,82.0,0.19775094270706176
7324,"<a href=""statss.aspx?playerid=7324&position=C"">Chris Gimenez</a>",31.0,128.0,0.2870656500651142
1191,"<a href=""statss.aspx?playerid=1191&position=3B"">Chris Johnson</a>",29.0,611.0,0.28883347843192164
10542,"<a href=""statss.aspx?playerid=10542&position=2B/OF"">Derek Dietrich</a>",24.0,183.0,0.32226082764936415
4892,"<a href=""statss.aspx?playerid=4892&position=3B"">Mike Moustakas</a>",25.0,500.0,0.2805163964449641
11737,"<a href=""statss.aspx?playerid=11737&position=3B/OF"">Nick Castellanos</a>",22.0,579.0,0.30681498079664177
11265,"<a href=""statss.aspx?playerid=11265&position=2B"">Jonathan Schoop</a>",22.0,481.0,0.2654908770272712
12434,"<a href=""statss.aspx?playerid=12434&position=OF"">Kevin Pillar</a>",25.0,122.0,0.3042987765835934
10954,"<a href=""statss.aspx?playerid=10954&position=P"">Jacob deGrom</a>",26.0,53.0,0.22099597783798866
4885,"<a href=""statss.aspx?playerid=4885&position=OF"">Nyjer Morgan</a>",33.0,52.0,0.3865716226246892
6352,"<a href=""statss.aspx?playerid=6352&position=OF"">Ryan Sweeney</a>",29.0,226.0,0.285111301654094
13047,"<a href=""statss.aspx?playerid=13047&position=2B/SS"">Munenori Kawasaki</a>",33.0,274.0,0.28604513205083687
8841,"<a href=""statss.aspx?playerid=8841&position=2B/3B/SS"">Ramiro Pena</a>",28.0,165.0,0.28523321581792227
3256,"<a href=""statss.aspx?playerid=3256&position=C"">Welington Castillo</a>",27.0,417.0,0.30558121161288526
7593,"<a href=""statss.aspx?playerid=7593&position=P"">Jordan Lyles</a>",23.0,52.0,0.2452764394236546
4972,"<a href=""statss.aspx?playerid=4972&position=P"">Cole Hamels</a>",30.0,69.0,0.19954716294042527
6012,"<a href=""statss.aspx?playerid=6012&position=SS"">Didi Gregorius</a>",24.0,299.0,0.2868917756745604
7872,"<a href=""statss.aspx?playerid=7872&position=P"">Tyson Ross</a>",27.0,63.0,0.19830334284266488
10953,"<a href=""statss.aspx?playerid=10953&position=2B/3B"">Phil Gosselin</a>",25.0,136.0,0.28156179233833595
1757,"<a href=""statss.aspx?playerid=1757&position=P"">Dan Haren</a>",33.0,60.0,0.19955250045709444
1830,"<a href=""statss.aspx?playerid=1830&position=2B/SS"">Clint Barmes</a>",35.0,116.0,0.28032844997288886
4153,"<a href=""statss.aspx?playerid=4153&position=P"">Jake Arrieta</a>",28.0,47.0,0.22304590736947408
2714,"<a href=""statss.aspx?playerid=2714&position=1B/OF"">Garrett Jones</a>",33.0,547.0,0.31582539285744093
2498,"<a href=""statss.aspx?playerid=2498&position=2B"">Jemile Weeks</a>",27.0,45.0,0.35355611457381136
2495,"<a href=""statss.aspx?playerid=2495&position=3B"">Pedro Alvarez</a>",27.0,445.0,0.3156422206915592
5223,"<a href=""statss.aspx?playerid=5223&position=OF"">Cameron Maybin</a>",27.0,272.0,0.2753431216434196
9874,"<a href=""statss.aspx?playerid=9874&position=2B"">DJ LeMahieu</a>",25.0,538.0,0.2916991284102884
11391,"<a href=""statss.aspx?playerid=11391&position=OF"">Tyler Holt</a>",25.0,76.0,0.2734831992785136
10243,"<a href=""statss.aspx?playerid=10243&position=OF"">Randal Grichuk</a>",22.0,116.0,0.2986031998758731
166,"<a href=""statss.aspx?playerid=166&position=2B"">Brian Roberts</a>",36.0,348.0,0.29378516205473443
11608,"<a href=""statss.aspx?playerid=11608&position=3B"">Garin Cecchini</a>",23.0,36.0,0.3628225442436006
2539,"<a href=""statss.aspx?playerid=2539&position=SS"">Pete Kozma</a>",26.0,26.0,0.36470242876272935
7595,"<a href=""statss.aspx?playerid=7595&position=1B/OF"">Nick Evans</a>",28.0,23.0,0.40471324972484424
13125,"<a href=""statss.aspx?playerid=13125&position=P"">Gerrit Cole</a>",23.0,52.0,0.20322341844439507
9929,"<a href=""statss.aspx?playerid=9929&position=1B/OF"">Darin Ruf</a>",27.0,117.0,0.3160366092262597
1845,"<a href=""statss.aspx?playerid=1845&position=DH/OF"">Jonny Gomes</a>",33.0,321.0,0.29696392545879446
2090,"<a href=""statss.aspx?playerid=2090&position=OF"">Alex Rios</a>",33.0,521.0,0.30925459118423315
2437,"<a href=""statss.aspx?playerid=2437&position=2B/3B"">Maicer Izturis</a>",33.0,38.0,0.28878586195610667
2608,"<a href=""statss.aspx?playerid=2608&position=P"">Jhoulys Chacin</a>",26.0,17.0,0.346132081001997
1907,"<a href=""statss.aspx?playerid=1907&position=2B/SS"">Andres Blanco</a>",30.0,53.0,0.3224709356824557
6589,"<a href=""statss.aspx?playerid=6589&position=2B"">Sean Rodriguez</a>",29.0,259.0,0.3048515487462282
6986,"<a href=""statss.aspx?playerid=6986&position=P"">Ian Kennedy</a>",29.0,63.0,0.18300178071908785
510,"<a href=""statss.aspx?playerid=510&position=P"">Josh Beckett</a>",34.0,43.0,0.20258579701185225
2102,"<a href=""statss.aspx?playerid=2102&position=SS"">Josh Wilson</a>",33.0,72.0,0.25613707048552375
11464,"<a href=""statss.aspx?playerid=11464&position=OF"">Gary Brown</a>",25.0,7.0,0.3820755396570478
4505,"<a href=""statss.aspx?playerid=4505&position=P"">Jordan Zimmermann</a>",28.0,67.0,0.18422546366165424
9187,"<a href=""statss.aspx?playerid=9187&position=OF"">Jordan Danks</a>",27.0,132.0,0.27031743662957924
9854,"<a href=""statss.aspx?playerid=9854&position=1B/OF"">Efren Navarro</a>",28.0,174.0,0.28382907965604
9761,"<a href=""statss.aspx?playerid=9761&position=P"">Joe Kelly</a>",26.0,18.0,0.2752470268922694
13152,"<a href=""statss.aspx?playerid=13152&position=2B/SS"">Jorge Polanco</a>",20.0,8.0,0.5370230674743652
1136,"<a href=""statss.aspx?playerid=1136&position=3B/DH"">Carlos Rivero</a>",26.0,8.0,0.7851961851119995
12797,"<a href=""statss.aspx?playerid=12797&position=OF"">Dalton Pompey</a>",21.0,43.0,0.3233158934948056
15467,"<a href=""statss.aspx?playerid=15467&position=P"">Marco Gonzales</a>",22.0,12.0,0.345682817697525
5669,"<a href=""statss.aspx?playerid=5669&position=P"">Henderson Alvarez</a>",24.0,67.0,0.17789866358546888
10185,"<a href=""statss.aspx?playerid=10185&position=P"">Jacob Turner</a>",23.0,29.0,0.20990639179944992
9883,"<a href=""statss.aspx?playerid=9883&position=OF"">Jordan Schafer</a>",27.0,240.0,0.27948292509301914
5485,"<a href=""statss.aspx?playerid=5485&position=2B/OF"">Jose Pirela</a>",24.0,25.0,0.38796043395996094
1677,"<a href=""statss.aspx?playerid=1677&position=OF"">Shane Victorino</a>",33.0,133.0,0.3019396703351628
12984,"<a href=""statss.aspx?playerid=12984&position=OF"">Jackie Bradley Jr.</a>",24.0,423.0,0.24277739697567358
10059,"<a href=""statss.aspx?playerid=10059&position=C"">Max Stassi</a>",23.0,20.0,0.35114332735538484
2881,"<a href=""statss.aspx?playerid=2881&position=2B/3B"">Scott Sizemore</a>",29.0,16.0,0.3274904601275921
1429,"<a href=""statss.aspx?playerid=1429&position=2B/3B/SS"">Nick Punto</a>",36.0,224.0,0.271297457239553
9373,"<a href=""statss.aspx?playerid=9373&position=C/1B/OF"">Matt McBride</a>",29.0,34.0,0.34151003991856294
14335,"<a href=""statss.aspx?playerid=14335&position=2B"">Dilson Herrera</a>",20.0,66.0,0.31651767817410553
3448,"<a href=""statss.aspx?playerid=3448&position=C"">Jeff Mathis</a>",31.0,195.0,0.24144105866868446
209,"<a href=""statss.aspx?playerid=209&position=OF"">Antoan Richardson</a>",30.0,17.0,0.30276256449082317
9744,"<a href=""statss.aspx?playerid=9744&position=1B"">Justin Bour</a>",26.0,83.0,0.3250523376755598
10021,"<a href=""statss.aspx?playerid=10021&position=P"">Mike Minor</a>",26.0,48.0,0.1861945338871168
826,"<a href=""statss.aspx?playerid=826&position=SS"">Derek Jeter</a>",40.0,634.0,0.2786690699406706
1636,"<a href=""statss.aspx?playerid=1636&position=P"">Cliff Lee</a>",35.0,25.0,0.2228773981332779
6266,"<a href=""statss.aspx?playerid=6266&position=OF"">Daniel Robertson</a>",28.0,197.0,0.30141568153332443
12371,"<a href=""statss.aspx?playerid=12371&position=2B/3B"">Tommy La Stella</a>",25.0,360.0,0.2921924112548291
5481,"<a href=""statss.aspx?playerid=5481&position=3B/DH/OF"">Jimmy Paredes</a>",25.0,65.0,0.33043438287881705
8137,"<a href=""statss.aspx?playerid=8137&position=P"">Jaime Garcia</a>",27.0,16.0,0.2612723203805777
5506,"<a href=""statss.aspx?playerid=5506&position=C"">George Kottaras</a>",31.0,38.0,0.3813110589981079
535,"<a href=""statss.aspx?playerid=535&position=P"">Brad Penny</a>",36.0,8.0,0.36236148079236347
5933,"<a href=""statss.aspx?playerid=5933&position=2B/SS"">Jean Segura</a>",24.0,557.0,0.2716403990654048
13658,"<a href=""statss.aspx?playerid=13658&position=DH/OF"">Terrance Gore</a>",23.0,2.0,0.3610056936740875
5297,"<a href=""statss.aspx?playerid=5297&position=OF"">Aaron Hicks</a>",24.0,225.0,0.2908177586948925
5942,"<a href=""statss.aspx?playerid=5942&position=C"">Jesus Sucre</a>",26.0,64.0,0.20281842790666174
1066,"<a href=""statss.aspx?playerid=1066&position=SS/OF"">Willie Bloomquist</a>",36.0,139.0,0.28207894963939695
1159,"<a href=""statss.aspx?playerid=1159&position=3B/SS"">Andrew Romine</a>",28.0,273.0,0.25301137001541024
4732,"<a href=""statss.aspx?playerid=4732&position=P"">Matt Cain</a>",29.0,30.0,0.1888960341612498
1767,"<a href=""statss.aspx?playerid=1767&position=P"">Kevin Correia</a>",33.0,11.0,0.27869804338975385
9033,"<a href=""statss.aspx?playerid=9033&position=P"">Jeanmar Gomez</a>",26.0,2.0,0.8915095925331116
5098,"<a href=""statss.aspx?playerid=5098&position=2B/OF"">Jordany Valdespin</a>",26.0,113.0,0.28208760903260416
978,"<a href=""statss.aspx?playerid=978&position=P"">Bronson Arroyo</a>",37.0,31.0,0.1981132427851359
3254,"<a href=""statss.aspx?playerid=3254&position=P"">Jeff Samardzija</a>",29.0,38.0,0.18118074039618173
6178,"<a href=""statss.aspx?playerid=6178&position=C"">Tony Sanchez</a>",26.0,80.0,0.2937403999269009
1841,"<a href=""statss.aspx?playerid=1841&position=P"">Edwin Jackson</a>",30.0,44.0,0.17557166367769242
6848,"<a href=""statss.aspx?playerid=6848&position=3B/SS"">Eduardo Nunez</a>",27.0,213.0,0.28724823111579534
629,"<a href=""statss.aspx?playerid=629&position=OF"">Brandon Barnes</a>",28.0,313.0,0.31523539091942754
14444,"<a href=""statss.aspx?playerid=14444&position=P"">Hyun-Jin Ryu</a>",27.0,56.0,0.16067254543304443
10058,"<a href=""statss.aspx?playerid=10058&position=P"">Tyler Matzek</a>",23.0,43.0,0.20026370286941528
5114,"<a href=""statss.aspx?playerid=5114&position=P"">Jeurys Familia</a>",24.0,3.0,0.5943397283554077
7274,"<a href=""statss.aspx?playerid=7274&position=P"">Craig Stammen</a>",30.0,8.0,0.310595554964883
8298,"<a href=""statss.aspx?playerid=8298&position=C"">Francisco Pena</a>",24.0,0.0,0.0
5310,"<a href=""statss.aspx?playerid=5310&position=OF"">Tyler Colvin</a>",28.0,149.0,0.2852537996016893
10732,"<a href=""statss.aspx?playerid=10732&position=P"">Drew Hutchison</a>",23.0,4.0,0.4457547962665558
8779,"<a href=""statss.aspx?playerid=8779&position=P"">Wade Miley</a>",27.0,69.0,0.16819722056388856
7927,"<a href=""statss.aspx?playerid=7927&position=2B"">Eric Sogard</a>",28.0,329.0,0.26214563883267916
7059,"<a href=""statss.aspx?playerid=7059&position=P"">James Shields</a>",32.0,7.0,0.310595554964883
13329,"<a href=""statss.aspx?playerid=13329&position=3B"">Jake Lamb</a>",23.0,133.0,0.2802505224270928
7775,"<a href=""statss.aspx?playerid=7775&position=P"">Daisuke Matsuzaka</a>",33.0,17.0,0.20603623489538828
11176,"<a href=""statss.aspx?playerid=11176&position=P"">David Buchanan</a>",25.0,39.0,0.17127473564708934
12161,"<a href=""statss.aspx?playerid=12161&position=SS"">Xander Bogaerts</a>",21.0,594.0,0.293739071957351
768,"<a href=""statss.aspx?playerid=768&position=OF"">Endy Chavez</a>",36.0,258.0,0.3054845211017563
8700,"<a href=""statss.aspx?playerid=8700&position=P"">Justin Verlander</a>",31.0,7.0,0.29716986417770386
12235,"<a href=""statss.aspx?playerid=12235&position=P"">Seth Maness</a>",25.0,5.0,0.3566038370132446
512,"<a href=""statss.aspx?playerid=512&position=P"">A.J. Burnett</a>",37.0,65.0,0.15845433397898598
2554,"<a href=""statss.aspx?playerid=2554&position=1B/OF"">Chris Parmelee</a>",26.0,270.0,0.30825948781437346
11682,"<a href=""statss.aspx?playerid=11682&position=P"">Carlos Martinez</a>",22.0,13.0,0.2228773981332779
4518,"<a href=""statss.aspx?playerid=4518&position=SS"">Doug Bernier</a>",34.0,9.0,0.35493846734364826
1259,"<a href=""statss.aspx?playerid=1259&position=P"">Colby Lewis</a>",34.0,5.0,0.3566038370132446
10289,"<a href=""statss.aspx?playerid=10289&position=C"">Hector Sanchez</a>",24.0,177.0,0.2366982102394104
10131,"<a href=""statss.aspx?playerid=10131&position=P"">Stephen Strasburg</a>",25.0,76.0,0.15770323418859225
7802,"<a href=""statss.aspx?playerid=7802&position=SS"">Miguel Rojas</a>",25.0,162.0,0.2133549228310585
12049,"<a href=""statss.aspx?playerid=12049&position=P"">Kyle Hendricks</a>",24.0,30.0,0.17565835846794975
4450,"<a href=""statss.aspx?playerid=4450&position=2B/3B"">Steve Tolleson</a>",30.0,189.0,0.30274479872471577
10071,"<a href=""statss.aspx?playerid=10071&position=2B/SS"">Jonathan Villar</a>",23.0,289.0,0.2752273210757215
7532,"<a href=""statss.aspx?playerid=7532&position=3B"">Ed Lucas</a>",32.0,189.0,0.26113808186933957
12294,"<a href=""statss.aspx?playerid=12294&position=2B/3B"">Cory Spangenberg</a>",23.0,65.0,0.3349862480536103
7244,"<a href=""statss.aspx?playerid=7244&position=1B/OF"">Tyler Moore</a>",27.0,100.0,0.30749197363853453
6562,"<a href=""statss.aspx?playerid=6562&position=P"">Alex Cobb</a>",26.0,9.0,0.22274118661880493
10304,"<a href=""statss.aspx?playerid=10304&position=P"">Jarred Cosart</a>",24.0,24.0,0.1698113509586879
9266,"<a href=""statss.aspx?playerid=9266&position=P"">Daniel Corcino</a>",23.0,5.0,0.29716986417770386
2010,"<a href=""statss.aspx?playerid=2010&position=P"">Buddy Carlyle</a>",36.0,1.0,0.8915095925331116
3599,"<a href=""statss.aspx?playerid=3599&position=P"">Brian Schlitter</a>",28.0,1.0,0.8915095925331116
12321,"<a href=""statss.aspx?playerid=12321&position=P"">Gus Schlosser</a>",25.0,1.0,0.8915095925331116
10620,"<a href=""statss.aspx?playerid=10620&position=P"">Donn Roach</a>",24.0,4.0,0.32066482305526733
6740,"<a href=""statss.aspx?playerid=6740&position=2B"">Johnny Giavotella</a>",26.0,41.0,0.2658653884399228
3441,"<a href=""statss.aspx?playerid=3441&position=OF"">Nolan Reimold</a>",30.0,78.0,0.3088185130021511
13836,"<a href=""statss.aspx?playerid=13836&position=3B"">Matt Duffy</a>",23.0,64.0,0.2726966871155633
2586,"<a href=""statss.aspx?playerid=2586&position=P"">Wandy Rodriguez</a>",35.0,8.0,0.2228773981332779
4424,"<a href=""statss.aspx?playerid=4424&position=P"">Jon Niese</a>",27.0,65.0,0.14729822072826448
8760,"<a href=""statss.aspx?playerid=8760&position=OF"">Carlos Peguero</a>",27.0,10.0,0.2863584518432617
9492,"<a href=""statss.aspx?playerid=9492&position=P"">Bud Norris</a>",29.0,4.0,0.29716986417770386
11486,"<a href=""statss.aspx?playerid=11486&position=P"">Robbie Ray</a>",22.0,2.0,0.4457547962665558
2895,"<a href=""statss.aspx?playerid=2895&position=P"">Zach McAllister</a>",26.0,2.0,0.4457547962665558
11716,"<a href=""statss.aspx?playerid=11716&position=P"">Nick Tepesch</a>",25.0,2.0,0.4457547962665558
9904,"<a href=""statss.aspx?playerid=9904&position=P"">Pedro Villarreal</a>",26.0,2.0,0.4457547962665558
3543,"<a href=""statss.aspx?playerid=3543&position=P"">Clay Buchholz</a>",29.0,2.0,0.4457547962665558
12988,"<a href=""statss.aspx?playerid=12988&position=P"">Andrew Chafin</a>",24.0,2.0,0.4457547962665558
3284,"<a href=""statss.aspx?playerid=3284&position=P"">Anibal Sanchez</a>",30.0,5.0,0.2565318584442139
5285,"<a href=""statss.aspx?playerid=5285&position=P"">Samuel Deduno</a>",30.0,5.0,0.2565318584442139
13074,"<a href=""statss.aspx?playerid=13074&position=P"">Yu Darvish</a>",27.0,5.0,0.2565318584442139
8362,"<a href=""statss.aspx?playerid=8362&position=P"">Homer Bailey</a>",28.0,51.0,0.15646253075710562
8844,"<a href=""statss.aspx?playerid=8844&position=P"">Antonio Bastardo</a>",28.0,1.0,0.6894156336784363
9037,"<a href=""statss.aspx?playerid=9037&position=P"">J.J. Hoover</a>",26.0,1.0,0.6894156336784363
3873,"<a href=""statss.aspx?playerid=3873&position=P"">Zeke Spruill</a>",24.0,5.0,0.2565318584442139
13153,"<a href=""statss.aspx?playerid=13153&position=2B/SS"">Luis Sardinas</a>",21.0,125.0,0.2785515321082756
5386,"<a href=""statss.aspx?playerid=5386&position=OF"">Andrew Lambo</a>",25.0,39.0,0.268710121130332
4182,"<a href=""statss.aspx?playerid=4182&position=2B/SS"">Jonathan Herrera</a>",29.0,104.0,0.27317983679252095
4257,"<a href=""statss.aspx?playerid=4257&position=P"">David Huff</a>",29.0,3.0,0.29716986417770386
3132,"<a href=""statss.aspx?playerid=3132&position=P"">Tony Watson</a>",29.0,3.0,0.29716986417770386
6329,"<a href=""statss.aspx?playerid=6329&position=P"">John Danks</a>",29.0,3.0,0.29716986417770386
12515,"<a href=""statss.aspx?playerid=12515&position=P"">Taylor Hill</a>",25.0,3.0,0.29716986417770386
4026,"<a href=""statss.aspx?playerid=4026&position=P"">Hector Santiago</a>",26.0,5.0,0.2228773981332779
1478,"<a href=""statss.aspx?playerid=1478&position=P"">Felix Doubront</a>",26.0,8.0,0.19761565327644348
1011,"<a href=""statss.aspx?playerid=1011&position=P"">Ryan Vogelsong</a>",36.0,66.0,0.14255795627832413
10593,"<a href=""statss.aspx?playerid=10593&position=1B/OF"">Joey Terdoslavich</a>",25.0,11.0,0.3798945058475841
2591,"<a href=""statss.aspx?playerid=2591&position=OF"">Michael Taylor</a>",28.0,33.0,0.3054180307821794
10688,"<a href=""statss.aspx?playerid=10688&position=P"">Tyler Thornburg</a>",25.0,2.0,0.3610056936740875
6908,"<a href=""statss.aspx?playerid=6908&position=1B/OF"">Clint Robinson</a>",29.0,10.0,0.3363944411277771
12385,"<a href=""statss.aspx?playerid=12385&position=P"">Nick Tropeano</a>",23.0,2.0,0.34470781683921814
9176,"<a href=""statss.aspx?playerid=9176&position=C"">Audry Perez</a>",25.0,1.0,0.6894156336784363
9460,"<a href=""statss.aspx?playerid=9460&position=P"">Dan Straily</a>",25.0,2.0,0.34470781683921814
11855,"<a href=""statss.aspx?playerid=11855&position=P"">Yordano Ventura</a>",23.0,5.0,0.2228773981332779
6819,"<a href=""statss.aspx?playerid=6819&position=P"">Robbie Ross Jr.</a>",25.0,2.0,0.34470781683921814
12723,"<a href=""statss.aspx?playerid=12723&position=OF"">Tyler Collins</a>",24.0,25.0,0.2912915706634521
2859,"<a href=""statss.aspx?playerid=2859&position=P"">Ross Detwiler</a>",28.0,4.0,0.22980521122614542
10123,"<a href=""statss.aspx?playerid=10123&position=P"">Kyle Gibson</a>",26.0,4.0,0.2228773981332779
11471,"<a href=""statss.aspx?playerid=11471&position=P"">Dallas Beeler</a>",25.0,4.0,0.2228773981332779
3580,"<a href=""statss.aspx?playerid=3580&position=P"">C.J. Wilson</a>",33.0,3.0,0.22980521122614542
3361,"<a href=""statss.aspx?playerid=3361&position=1B"">Gaby Sanchez</a>",30.0,290.0,0.3009715497493744
8223,"<a href=""statss.aspx?playerid=8223&position=P"">Brett Anderson</a>",26.0,15.0,0.18323704174586705
2429,"<a href=""statss.aspx?playerid=2429&position=P"">Corey Kluber</a>",28.0,6.0,0.1783019185066223
6582,"<a href=""statss.aspx?playerid=6582&position=1B"">Nate Freiman</a>",27.0,93.0,0.3107954898606176
9591,"<a href=""statss.aspx?playerid=9591&position=OF"">Jeff Kobernus</a>",26.0,8.0,0.17642837762832642
8790,"<a href=""statss.aspx?playerid=8790&position=2B"">Cole Figueroa</a>",27.0,49.0,0.26935188259397236
11899,"<a href=""statss.aspx?playerid=11899&position=DH/OF"">Joc Pederson</a>",22.0,38.0,0.2640751100875236
10982,"<a href=""statss.aspx?playerid=10982&position=P"">Chase Whitley</a>",25.0,5.0,0.1783019185066223
2038,"<a href=""statss.aspx?playerid=2038&position=P"">Justin Masterson</a>",29.0,13.0,0.16209265318783847
10951,"<a href=""statss.aspx?playerid=10951&position=2B/3B"">Greg Garcia</a>",24.0,18.0,0.2794232600265079
9434,"<a href=""statss.aspx?playerid=9434&position=P"">Dallas Keuchel</a>",26.0,4.0,0.17235390841960907
1137,"<a href=""statss.aspx?playerid=1137&position=P"">Jerome Williams</a>",32.0,16.0,0.14858493208885193
11334,"<a href=""statss.aspx?playerid=11334&position=P"">Tyler Lyons</a>",26.0,9.0,0.15320347415076363
2650,"<a href=""statss.aspx?playerid=2650&position=OF"">Corey Brown</a>",28.0,1.0,0.0
10607,"<a href=""statss.aspx?playerid=10607&position=OF"">Bryce Brentz</a>",25.0,26.0,0.30439908229387724
1397,"<a href=""statss.aspx?playerid=1397&position=OF"">Jason Lane</a>",37.0,3.0,0.29716986417770386
5015,"<a href=""statss.aspx?playerid=5015&position=OF"">Melvin Upton Jr.</a>",29.0,582.0,0.2768784311797976
7942,"<a href=""statss.aspx?playerid=7942&position=P"">Christian Friedrich</a>",26.0,5.0,0.1783019185066223
4142,"<a href=""statss.aspx?playerid=4142&position=SS"">Jonathan Diaz</a>",29.0,45.0,0.21517388210740201
5751,"<a href=""statss.aspx?playerid=5751&position=2B/3B/OF"">Hernan Perez</a>",23.0,6.0,0.2634875377019246
13048,"<a href=""statss.aspx?playerid=13048&position=P"">Hisashi Iwakuma</a>",33.0,6.0,0.13788312673568726
13050,"<a href=""statss.aspx?playerid=13050&position=P"">Anthony DeSclafani</a>",24.0,11.0,0.14372047511014072
6397,"<a href=""statss.aspx?playerid=6397&position=P"">Jake Odorizzi</a>",24.0,6.0,0.13788312673568726
4400,"<a href=""statss.aspx?playerid=4400&position=OF"">Chris Denorfia</a>",33.0,358.0,0.27075309565897737
18,"<a href=""statss.aspx?playerid=18&position=P"">Neftali Feliz</a>",26.0,0.0,0.0
36,"<a href=""statss.aspx?playerid=36&position=P"">Xavier Cedeno</a>",27.0,0.0,0.0
126,"<a href=""statss.aspx?playerid=126&position=P"">Erik Bedard</a>",35.0,0.0,0.0
225,"<a href=""statss.aspx?playerid=225&position=P"">Mark Buehrle</a>",35.0,0.0,0.0
263,"<a href=""statss.aspx?playerid=263&position=P"">Daniel McCutchen</a>",31.0,0.0,0.0
278,"<a href=""statss.aspx?playerid=278&position=P"">Kyle Farnsworth</a>",38.0,0.0,0.0
338,"<a href=""statss.aspx?playerid=338&position=P"">Blake Beavan</a>",25.0,0.0,0.0
494,"<a href=""statss.aspx?playerid=494&position=P"">Fernando Rodney</a>",37.0,0.0,0.0
521,"<a href=""statss.aspx?playerid=521&position=P"">Jason Grilli</a>",37.0,0.0,0.0
559,"<a href=""statss.aspx?playerid=559&position=P"">Hector Ambriz</a>",30.0,0.0,0.0
583,"<a href=""statss.aspx?playerid=583&position=P"">Jeremy Affeldt</a>",35.0,0.0,0.0
718,"<a href=""statss.aspx?playerid=718&position=P"">Grant Balfour</a>",36.0,0.0,0.0
769,"<a href=""statss.aspx?playerid=769&position=P"">Bruce Chen</a>",37.0,0.0,0.0
773,"<a href=""statss.aspx?playerid=773&position=P"">Scott Downs</a>",38.0,0.0,0.0
813,"<a href=""statss.aspx?playerid=813&position=P"">Randy Choate</a>",38.0,0.0,0.0
888,"<a href=""statss.aspx?playerid=888&position=P"">Scott Carroll</a>",29.0,0.0,0.0
979,"<a href=""statss.aspx?playerid=979&position=P"">Joe Beimel</a>",37.0,0.0,0.0
999,"<a href=""statss.aspx?playerid=999&position=P"">Aaron Thompson</a>",27.0,0.0,0.0
1100,"<a href=""statss.aspx?playerid=1100&position=P"">Rafael Soriano</a>",34.0,0.0,0.0
1122,"<a href=""statss.aspx?playerid=1122&position=P"">Joe Nathan</a>",39.0,0.0,0.0
1157,"<a href=""statss.aspx?playerid=1157&position=P"">Tommy Hunter</a>",27.0,0.0,0.0
1247,"<a href=""statss.aspx?playerid=1247&position=P"">Adam Ottavino</a>",28.0,0.0,0.0
1330,"<a href=""statss.aspx?playerid=1330&position=P"">Pedro Beato</a>",27.0,0.0,0.0
1333,"<a href=""statss.aspx?playerid=1333&position=P"">Curtis Partch</a>",27.0,0.0,0.0
1345,"<a href=""statss.aspx?playerid=1345&position=P"">Blake Wood</a>",28.0,0.0,0.0
1349,"<a href=""statss.aspx?playerid=1349&position=P"">Evan Reed</a>",28.0,0.0,0.0
1351,"<a href=""statss.aspx?playerid=1351&position=P"">Nick Hagadone</a>",28.0,0.0,0.0
1370,"<a href=""statss.aspx?playerid=1370&position=P"">Charlie Furbush</a>",28.0,0.0,0.0
1437,"<a href=""statss.aspx?playerid=1437&position=P"">Joaquin Benoit</a>",36.0,0.0,0.0
1483,"<a href=""statss.aspx?playerid=1483&position=P"">Jon Edwards</a>",26.0,0.0,0.0
1514,"<a href=""statss.aspx?playerid=1514&position=P"">Oliver Perez</a>",32.0,0.0,0.0
1642,"<a href=""statss.aspx?playerid=1642&position=P"">Francisco Rodriguez</a>",32.0,0.0,0.0
1663,"<a href=""statss.aspx?playerid=1663&position=P"">Javier Lopez</a>",36.0,0.0,0.0
1701,"<a href=""statss.aspx?playerid=1701&position=P"">Chris Capuano</a>",35.0,0.0,0.0
1726,"<a href=""statss.aspx?playerid=1726&position=P"">Jose Valverde</a>",36.0,0.0,0.0
1793,"<a href=""statss.aspx?playerid=1793&position=P"">Kevin Gregg</a>",36.0,0.0,0.0
1795,"<a href=""statss.aspx?playerid=1795&position=P"">J.J. Putz</a>",37.0,0.0,0.0
1797,"<a href=""statss.aspx?playerid=1797&position=P"">Neal Cotts</a>",34.0,0.0,0.0
1855,"<a href=""statss.aspx?playerid=1855&position=P"">Shawn Camp</a>",38.0,0.0,0.0
1886,"<a href=""statss.aspx?playerid=1886&position=P"">Sean Burnett</a>",31.0,0.0,0.0
1890,"<a href=""statss.aspx?playerid=1890&position=P"">Matt Moore</a>",25.0,0.0,0.0
1906,"<a href=""statss.aspx?playerid=1906&position=P"">Jason Frasor</a>",36.0,0.0,0.0
1918,"<a href=""statss.aspx?playerid=1918&position=P"">Matt Thornton</a>",37.0,0.0,0.0
1933,"<a href=""statss.aspx?playerid=1933&position=P"">Frank Francisco</a>",34.0,0.0,0.0
1937,"<a href=""statss.aspx?playerid=1937&position=P"">Mike Adams</a>",35.0,0.0,0.0
1938,"<a href=""statss.aspx?playerid=1938&position=P"">Justin Germano</a>",31.0,0.0,0.0
1953,"<a href=""statss.aspx?playerid=1953&position=P"">Raul Valdes</a>",36.0,0.0,0.0
1994,"<a href=""statss.aspx?playerid=1994&position=P"">Ivan Nova</a>",27.0,0.0,0.0
2061,"<a href=""statss.aspx?playerid=2061&position=P"">Matt Guerrier</a>",35.0,0.0,0.0
2063,"<a href=""statss.aspx?playerid=2063&position=P"">Jose Veras</a>",33.0,0.0,0.0
2080,"<a href=""statss.aspx?playerid=2080&position=P"">Heath Bell</a>",36.0,0.0,0.0
2170,"<a href=""statss.aspx?playerid=2170&position=P"">Chad Qualls</a>",35.0,0.0,0.0
2203,"<a href=""statss.aspx?playerid=2203&position=P"">Ronald Belisario</a>",31.0,0.0,0.0
2237,"<a href=""statss.aspx?playerid=2237&position=P"">Blaine Boyer</a>",32.0,0.0,0.0
2267,"<a href=""statss.aspx?playerid=2267&position=P"">Brandon Gomes</a>",29.0,0.0,0.0
2332,"<a href=""statss.aspx?playerid=2332&position=P"">Joel Peralta</a>",38.0,0.0,0.0
2385,"<a href=""statss.aspx?playerid=2385&position=P"">Anthony Varvaro</a>",29.0,0.0,0.0
2391,"<a href=""statss.aspx?playerid=2391&position=P"">Hector Rondon</a>",26.0,0.0,0.0
2413,"<a href=""statss.aspx?playerid=2413&position=P"">Cory Rasmus</a>",26.0,0.0,0.0
2540,"<a href=""statss.aspx?playerid=2540&position=P"">Eric Surkamp</a>",26.0,0.0,0.0
2565,"<a href=""statss.aspx?playerid=2565&position=P"">Joe Paterson</a>",28.0,0.0,0.0
2642,"<a href=""statss.aspx?playerid=2642&position=P"">Scott Atchison</a>",38.0,0.0,0.0
2646,"<a href=""statss.aspx?playerid=2646&position=P"">Brian Matusz</a>",27.0,0.0,0.0
2660,"<a href=""statss.aspx?playerid=2660&position=P"">Brett Cecil</a>",27.0,0.0,0.0
2743,"<a href=""statss.aspx?playerid=2743&position=P"">Scott Rice</a>",32.0,0.0,0.0
2790,"<a href=""statss.aspx?playerid=2790&position=P"">Carlos Marmol</a>",31.0,0.0,0.0
2835,"<a href=""statss.aspx?playerid=2835&position=P"">Joe Savery</a>",28.0,0.0,0.0
2868,"<a href=""statss.aspx?playerid=2868&position=P"">Drake Britton</a>",25.0,0.0,0.0
2886,"<a href=""statss.aspx?playerid=2886&position=P"">Juan Oviedo</a>",32.0,0.0,0.0
3044,"<a href=""statss.aspx?playerid=3044&position=P"">Bruce Billings</a>",28.0,0.0,0.0
3164,"<a href=""statss.aspx?playerid=3164&position=P"">Tim Collins</a>",24.0,0.0,0.0
3192,"<a href=""statss.aspx?playerid=3192&position=P"">Will Harris</a>",29.0,0.0,0.0
3219,"<a href=""statss.aspx?playerid=3219&position=P"">Josh Stinson</a>",26.0,0.0,0.0
3240,"<a href=""statss.aspx?playerid=3240&position=P"">Zack Britton</a>",26.0,0.0,0.0
3271,"<a href=""statss.aspx?playerid=3271&position=P"">Jordan Walden</a>",26.0,0.0,0.0
3281,"<a href=""statss.aspx?playerid=3281&position=P"">Joe Smith</a>",30.0,0.0,0.0
3282,"<a href=""statss.aspx?playerid=3282&position=P"">Nate Adcock</a>",26.0,0.0,0.0
3321,"<a href=""statss.aspx?playerid=3321&position=P"">Darren O'Day</a>",31.0,0.0,0.0
3397,"<a href=""statss.aspx?playerid=3397&position=P"">Jumbo Diaz</a>",30.0,0.0,0.0
3462,"<a href=""statss.aspx?playerid=3462&position=P"">Kevin Whelan</a>",30.0,0.0,0.0
3507,"<a href=""statss.aspx?playerid=3507&position=P"">Andre Rienzo</a>",25.0,0.0,0.0
3548,"<a href=""statss.aspx?playerid=3548&position=P"">Liam Hendriks</a>",25.0,0.0,0.0
3855,"<a href=""statss.aspx?playerid=3855&position=P"">Brett Oberholtzer</a>",24.0,0.0,0.0
3877,"<a href=""statss.aspx?playerid=3877&position=P"">Ethan Martin</a>",25.0,0.0,0.0
3926,"<a href=""statss.aspx?playerid=3926&position=P"">Casey Fien</a>",30.0,0.0,0.0
3959,"<a href=""statss.aspx?playerid=3959&position=P"">David Carpenter</a>",28.0,0.0,0.0
3970,"<a href=""statss.aspx?playerid=3970&position=P"">Edward Mujica</a>",30.0,0.0,0.0
3993,"<a href=""statss.aspx?playerid=3993&position=P"">Allen Webster</a>",24.0,0.0,0.0
4004,"<a href=""statss.aspx?playerid=4004&position=P"">Josh Outman</a>",29.0,0.0,0.0
4064,"<a href=""statss.aspx?playerid=4064&position=P"">Brian Duensing</a>",31.0,0.0,0.0
4070,"<a href=""statss.aspx?playerid=4070&position=P"">Pedro Strop</a>",29.0,0.0,0.0
4079,"<a href=""statss.aspx?playerid=4079&position=P"">Junichi Tazawa</a>",28.0,0.0,0.0
4086,"<a href=""statss.aspx?playerid=4086&position=P"">Erik Cordier</a>",28.0,0.0,0.0
4090,"<a href=""statss.aspx?playerid=4090&position=P"">Luke Gregerson</a>",30.0,0.0,0.0
4141,"<a href=""statss.aspx?playerid=4141&position=P"">Derek Holland</a>",27.0,0.0,0.0
4227,"<a href=""statss.aspx?playerid=4227&position=P"">Wilton Lopez</a>",30.0,0.0,0.0
4241,"<a href=""statss.aspx?playerid=4241&position=P"">Brad Lincoln</a>",29.0,0.0,0.0
4264,"<a href=""statss.aspx?playerid=4264&position=P"">Mark Melancon</a>",29.0,0.0,0.0
4279,"<a href=""statss.aspx?playerid=4279&position=P"">Manny Parra</a>",31.0,0.0,0.0
4300,"<a href=""statss.aspx?playerid=4300&position=P"">Matt Albers</a>",31.0,0.0,0.0
4313,"<a href=""statss.aspx?playerid=4313&position=P"">Aaron Poreda</a>",27.0,0.0,0.0
4359,"<a href=""statss.aspx?playerid=4359&position=P"">Kyle Drabek</a>",26.0,0.0,0.0
4363,"<a href=""statss.aspx?playerid=4363&position=P"">Craig Breslow</a>",33.0,0.0,0.0
4366,"<a href=""statss.aspx?playerid=4366&position=P"">Joe Saunders</a>",33.0,0.0,0.0
4371,"<a href=""statss.aspx?playerid=4371&position=P"">Jeremy Hellickson</a>",27.0,0.0,0.0
4436,"<a href=""statss.aspx?playerid=4436&position=P"">Josh Wall</a>",27.0,0.0,0.0
4604,"<a href=""statss.aspx?playerid=4604&position=P"">Matt Lindstrom</a>",34.0,0.0,0.0
4608,"<a href=""statss.aspx?playerid=4608&position=P"">Bobby Korecky</a>",34.0,0.0,0.0
4620,"<a href=""statss.aspx?playerid=4620&position=P"">Joe Thatcher</a>",32.0,0.0,0.0
4664,"<a href=""statss.aspx?playerid=4664&position=P"">Sam LeCure</a>",30.0,0.0,0.0
4682,"<a href=""statss.aspx?playerid=4682&position=P"">Pat Neshek</a>",33.0,0.0,0.0
4696,"<a href=""statss.aspx?playerid=4696&position=P"">Nate Jones</a>",28.0,0.0,0.0
4734,"<a href=""statss.aspx?playerid=4734&position=P"">Sergio Santos</a>",30.0,0.0,0.0
4741,"<a href=""statss.aspx?playerid=4741&position=P"">Donnie Veal</a>",29.0,0.0,0.0
4759,"<a href=""statss.aspx?playerid=4759&position=P"">Jonathan Broxton</a>",30.0,0.0,0.0
4782,"<a href=""statss.aspx?playerid=4782&position=P"">Vinnie Pestano</a>",29.0,0.0,0.0
4806,"<a href=""statss.aspx?playerid=4806&position=P"">Rich Hill</a>",34.0,0.0,0.0
4971,"<a href=""statss.aspx?playerid=4971&position=P"">Fernando Salas</a>",29.0,0.0,0.0
4994,"<a href=""statss.aspx?playerid=4994&position=P"">Fernando Abad</a>",28.0,0.0,0.0
5003,"<a href=""statss.aspx?playerid=5003&position=P"">Jake Diekman</a>",27.0,0.0,0.0
5070,"<a href=""statss.aspx?playerid=5070&position=P"">Josh Fields</a>",28.0,0.0,0.0
5109,"<a href=""statss.aspx?playerid=5109&position=P"">Evan Meek</a>",31.0,0.0,0.0
5164,"<a href=""statss.aspx?playerid=5164&position=P"">Alfredo Aceves</a>",31.0,0.0,0.0
5177,"<a href=""statss.aspx?playerid=5177&position=P"">C.C. Lee</a>",27.0,0.0,0.0
5178,"<a href=""statss.aspx?playerid=5178&position=P"">Ernesto Frieri</a>",28.0,0.0,0.0
5203,"<a href=""statss.aspx?playerid=5203&position=P"">Mike Pelfrey</a>",30.0,0.0,0.0
5221,"<a href=""statss.aspx?playerid=5221&position=P"">Wade LeBlanc</a>",29.0,0.0,0.0
5224,"<a href=""statss.aspx?playerid=5224&position=P"">Blake Parker</a>",29.0,0.0,0.0
5226,"<a href=""statss.aspx?playerid=5226&position=P"">Rudy Owens</a>",26.0,0.0,0.0
5358,"<a href=""statss.aspx?playerid=5358&position=P"">Jose Alvarez</a>",25.0,0.0,0.0
5372,"<a href=""statss.aspx?playerid=5372&position=P"">Michael Pineda</a>",25.0,0.0,0.0
5397,"<a href=""statss.aspx?playerid=5397&position=P"">Jorge De Leon</a>",26.0,0.0,0.0
5420,"<a href=""statss.aspx?playerid=5420&position=P"">Pedro Baez</a>",26.0,0.0,0.0
5498,"<a href=""statss.aspx?playerid=5498&position=P"">Arodys Vizcaino</a>",23.0,0.0,0.0
5508,"<a href=""statss.aspx?playerid=5508&position=P"">Dana Eveland</a>",30.0,0.0,0.0
5525,"<a href=""statss.aspx?playerid=5525&position=P"">Boone Logan</a>",29.0,0.0,0.0
5529,"<a href=""statss.aspx?playerid=5529&position=P"">Maikel Cleto</a>",25.0,0.0,0.0
5535,"<a href=""statss.aspx?playerid=5535&position=P"">Phil Coke</a>",31.0,0.0,0.0
5551,"<a href=""statss.aspx?playerid=5551&position=P"">Matt Harrison</a>",28.0,0.0,0.0
5640,"<a href=""statss.aspx?playerid=5640&position=P"">Tyler Clippard</a>",29.0,0.0,0.0
5722,"<a href=""statss.aspx?playerid=5722&position=P"">Josh Lueke</a>",29.0,0.0,0.0
5746,"<a href=""statss.aspx?playerid=5746&position=P"">Eric O'Flaherty</a>",29.0,0.0,0.0
5791,"<a href=""statss.aspx?playerid=5791&position=P"">Jorge Rondon</a>",26.0,0.0,0.0
5861,"<a href=""statss.aspx?playerid=5861&position=P"">Jason Motte</a>",32.0,0.0,0.0
5903,"<a href=""statss.aspx?playerid=5903&position=P"">Darin Downs</a>",29.0,0.0,0.0
5905,"<a href=""statss.aspx?playerid=5905&position=P"">Sean Marshall</a>",31.0,0.0,0.0
5960,"<a href=""statss.aspx?playerid=5960&position=P"">Wesley Wright</a>",29.0,0.0,0.0
5975,"<a href=""statss.aspx?playerid=5975&position=P"">Jonathan Papelbon</a>",33.0,0.0,0.0
5980,"<a href=""statss.aspx?playerid=5980&position=P"">Francisley Bueno</a>",33.0,0.0,0.0
6033,"<a href=""statss.aspx?playerid=6033&position=P"">Kelvin Herrera</a>",24.0,0.0,0.0
6127,"<a href=""statss.aspx?playerid=6127&position=P"">Juan Jaime</a>",26.0,0.0,0.0
6216,"<a href=""statss.aspx?playerid=6216&position=P"">Dellin Betances</a>",26.0,0.0,0.0
6324,"<a href=""statss.aspx?playerid=6324&position=P"">Al Alburquerque</a>",28.0,0.0,0.0
6336,"<a href=""statss.aspx?playerid=6336&position=P"">Ryan Feierabend</a>",28.0,0.0,0.0
6371,"<a href=""statss.aspx?playerid=6371&position=P"">Henry Rodriguez</a>",27.0,0.0,0.0
6398,"<a href=""statss.aspx?playerid=6398&position=P"">Trevor May</a>",24.0,0.0,0.0
6399,"<a href=""statss.aspx?playerid=6399&position=P"">Jose Cisnero</a>",25.0,0.0,0.0
6475,"<a href=""statss.aspx?playerid=6475&position=P"">Kevin Jepsen</a>",29.0,0.0,0.0
6483,"<a href=""statss.aspx?playerid=6483&position=P"">Steve Cishek</a>",28.0,0.0,0.0
6485,"<a href=""statss.aspx?playerid=6485&position=P"">Brian Wilson</a>",32.0,0.0,0.0
6491,"<a href=""statss.aspx?playerid=6491&position=P"">Donnie Joseph</a>",26.0,0.0,0.0
6499,"<a href=""statss.aspx?playerid=6499&position=P"">Blaine Hardy</a>",27.0,0.0,0.0
6605,"<a href=""statss.aspx?playerid=6605&position=P"">Pat McCoy</a>",25.0,0.0,0.0
6612,"<a href=""statss.aspx?playerid=6612&position=P"">Marc Rzepczynski</a>",28.0,0.0,0.0
6616,"<a href=""statss.aspx?playerid=6616&position=P"">Pedro Figueroa</a>",28.0,0.0,0.0
6653,"<a href=""statss.aspx?playerid=6653&position=P"">Jim Henderson</a>",31.0,0.0,0.0
6655,"<a href=""statss.aspx?playerid=6655&position=P"">Craig Kimbrel</a>",26.0,0.0,0.0
6661,"<a href=""statss.aspx?playerid=6661&position=P"">Alex Colome</a>",25.0,0.0,0.0
6736,"<a href=""statss.aspx?playerid=6736&position=P"">Luke Putkonen</a>",28.0,0.0,0.0
6741,"<a href=""statss.aspx?playerid=6741&position=P"">Cesar Cabral</a>",25.0,0.0,0.0
6785,"<a href=""statss.aspx?playerid=6785&position=P"">Andrew Miller</a>",29.0,0.0,0.0
6832,"<a href=""statss.aspx?playerid=6832&position=P"">Sam Freeman</a>",27.0,0.0,0.0
6941,"<a href=""statss.aspx?playerid=6941&position=P"">Joakim Soria</a>",30.0,0.0,0.0
6955,"<a href=""statss.aspx?playerid=6955&position=P"">Yohan Pino</a>",30.0,0.0,0.0
6983,"<a href=""statss.aspx?playerid=6983&position=P"">Drew Storen</a>",26.0,0.0,0.0
6984,"<a href=""statss.aspx?playerid=6984&position=P"">Luis Garcia</a>",27.0,0.0,0.0
7005,"<a href=""statss.aspx?playerid=7005&position=P"">Ryan Pressly</a>",25.0,0.0,0.0
7042,"<a href=""statss.aspx?playerid=7042&position=P"">Eric Fornataro</a>",26.0,0.0,0.0
7074,"<a href=""statss.aspx?playerid=7074&position=P"">Trevor Bell</a>",27.0,0.0,0.0
7080,"<a href=""statss.aspx?playerid=7080&position=P"">John Lannan</a>",29.0,0.0,0.0
7146,"<a href=""statss.aspx?playerid=7146&position=P"">Daniel Hudson</a>",27.0,0.0,0.0
7161,"<a href=""statss.aspx?playerid=7161&position=P"">Chris Withrow</a>",25.0,0.0,0.0
7169,"<a href=""statss.aspx?playerid=7169&position=P"">Ryan Mattheus</a>",30.0,0.0,0.0
7183,"<a href=""statss.aspx?playerid=7183&position=P"">B.J. Rosenberg</a>",28.0,0.0,0.0
7196,"<a href=""statss.aspx?playerid=7196&position=P"">Greg Holland</a>",28.0,0.0,0.0
7267,"<a href=""statss.aspx?playerid=7267&position=P"">Nick Masset</a>",32.0,0.0,0.0
7303,"<a href=""statss.aspx?playerid=7303&position=P"">Preston Guilmet</a>",26.0,0.0,0.0
7355,"<a href=""statss.aspx?playerid=7355&position=P"">Casey Janssen</a>",32.0,0.0,0.0
7385,"<a href=""statss.aspx?playerid=7385&position=P"">Dan Otero</a>",29.0,0.0,0.0
7407,"<a href=""statss.aspx?playerid=7407&position=P"">Javy Guerra</a>",28.0,0.0,0.0
7411,"<a href=""statss.aspx?playerid=7411&position=P"">Austin Adams</a>",27.0,0.0,0.0
7416,"<a href=""statss.aspx?playerid=7416&position=P"">Mark Lowe</a>",31.0,0.0,0.0
7422,"<a href=""statss.aspx?playerid=7422&position=P"">Bradin Hagens</a>",25.0,0.0,0.0
7441,"<a href=""statss.aspx?playerid=7441&position=P"">Wade Davis</a>",28.0,0.0,0.0
7458,"<a href=""statss.aspx?playerid=7458&position=P"">Jim Miller</a>",32.0,0.0,0.0
7466,"<a href=""statss.aspx?playerid=7466&position=P"">Anthony Swarzak</a>",28.0,0.0,0.0
7474,"<a href=""statss.aspx?playerid=7474&position=P"">Ryan Webb</a>",28.0,0.0,0.0
7489,"<a href=""statss.aspx?playerid=7489&position=P"">Scott Elbert</a>",28.0,0.0,0.0
7501,"<a href=""statss.aspx?playerid=7501&position=P"">Tommy Layne</a>",29.0,0.0,0.0
7525,"<a href=""statss.aspx?playerid=7525&position=P"">Evan Scribner</a>",28.0,0.0,0.0
7541,"<a href=""statss.aspx?playerid=7541&position=P"">Lucas Harrell</a>",29.0,0.0,0.0
7550,"<a href=""statss.aspx?playerid=7550&position=P"">Jake McGee</a>",27.0,0.0,0.0
7553,"<a href=""statss.aspx?playerid=7553&position=P"">Jarrett Grube</a>",32.0,0.0,0.0
7558,"<a href=""statss.aspx?playerid=7558&position=P"">Fernando Rodriguez</a>",30.0,0.0,0.0
7645,"<a href=""statss.aspx?playerid=7645&position=P"">Chris Leroux</a>",30.0,0.0,0.0
7677,"<a href=""statss.aspx?playerid=7677&position=P"">Neil Ramirez</a>",25.0,0.0,0.0
7758,"<a href=""statss.aspx?playerid=7758&position=P"">Bobby LaFromboise</a>",28.0,0.0,0.0
7759,"<a href=""statss.aspx?playerid=7759&position=P"">Yoslan Herrera</a>",33.0,0.0,0.0
7773,"<a href=""statss.aspx?playerid=7773&position=P"">Shawn Kelley</a>",30.0,0.0,0.0
7836,"<a href=""statss.aspx?playerid=7836&position=P"">Hunter Strickland</a>",25.0,0.0,0.0
7841,"<a href=""statss.aspx?playerid=7841&position=P"">Jerry Blevins</a>",30.0,0.0,0.0
7882,"<a href=""statss.aspx?playerid=7882&position=P"">Josh Lindblom</a>",27.0,0.0,0.0
7952,"<a href=""statss.aspx?playerid=7952&position=P"">Matt Daley</a>",32.0,0.0,0.0
7980,"<a href=""statss.aspx?playerid=7980&position=P"">Matt West</a>",25.0,0.0,0.0
7982,"<a href=""statss.aspx?playerid=7982&position=P"">Anthony Bass</a>",26.0,0.0,0.0
7986,"<a href=""statss.aspx?playerid=7986&position=P"">Ramon Ramirez</a>",32.0,0.0,0.0
8037,"<a href=""statss.aspx?playerid=8037&position=P"">Paul Clemens</a>",26.0,0.0,0.0
8041,"<a href=""statss.aspx?playerid=8041&position=P"">Glen Perkins</a>",31.0,0.0,0.0
8044,"<a href=""statss.aspx?playerid=8044&position=P"">Jason Vargas</a>",31.0,0.0,0.0
8048,"<a href=""statss.aspx?playerid=8048&position=P"">Will Smith</a>",24.0,0.0,0.0
8073,"<a href=""statss.aspx?playerid=8073&position=P"">Dan Jennings</a>",27.0,0.0,0.0
8110,"<a href=""statss.aspx?playerid=8110&position=P"">Bryan Shaw</a>",26.0,0.0,0.0
8162,"<a href=""statss.aspx?playerid=8162&position=P"">Neil Wagner</a>",30.0,0.0,0.0
8180,"<a href=""statss.aspx?playerid=8180&position=P"">Kevin Siegrist</a>",24.0,0.0,0.0
8185,"<a href=""statss.aspx?playerid=8185&position=P"">Steven Wright</a>",29.0,0.0,0.0
8241,"<a href=""statss.aspx?playerid=8241&position=P"">David Robertson</a>",29.0,0.0,0.0
8245,"<a href=""statss.aspx?playerid=8245&position=P"">J.P. Howell</a>",31.0,0.0,0.0
8258,"<a href=""statss.aspx?playerid=8258&position=P"">Huston Street</a>",30.0,0.0,0.0
8270,"<a href=""statss.aspx?playerid=8270&position=P"">Casey Coleman</a>",26.0,0.0,0.0
8337,"<a href=""statss.aspx?playerid=8337&position=P"">Lucas Luetge</a>",27.0,0.0,0.0
8346,"<a href=""statss.aspx?playerid=8346&position=P"">Jared Burton</a>",33.0,0.0,0.0
8350,"<a href=""statss.aspx?playerid=8350&position=P"">AJ Ramos</a>",27.0,0.0,0.0
8368,"<a href=""statss.aspx?playerid=8368&position=P"">Troy Patton</a>",28.0,0.0,0.0
8402,"<a href=""statss.aspx?playerid=8402&position=P"">Steve Geltz</a>",26.0,0.0,0.0
8436,"<a href=""statss.aspx?playerid=8436&position=P"">Bryan Price</a>",27.0,0.0,0.0
8501,"<a href=""statss.aspx?playerid=8501&position=P"">Danny Farquhar</a>",27.0,0.0,0.0
8504,"<a href=""statss.aspx?playerid=8504&position=P"">Jeff Beliveau</a>",27.0,0.0,0.0
8505,"<a href=""statss.aspx?playerid=8505&position=P"">Michael Kohn</a>",28.0,0.0,0.0
8532,"<a href=""statss.aspx?playerid=8532&position=P"">Rob Wooten</a>",28.0,0.0,0.0
8580,"<a href=""statss.aspx?playerid=8580&position=P"">Justin Miller</a>",27.0,0.0,0.0
8801,"<a href=""statss.aspx?playerid=8801&position=P"">Wilking Rodriguez</a>",24.0,0.0,0.0
8855,"<a href=""statss.aspx?playerid=8855&position=P"">Ryan Cook</a>",27.0,0.0,0.0
8893,"<a href=""statss.aspx?playerid=8893&position=P"">David Martinez</a>",26.0,0.0,0.0
8992,"<a href=""statss.aspx?playerid=8992&position=P"">Arquimedes Caminero</a>",27.0,0.0,0.0
9029,"<a href=""statss.aspx?playerid=9029&position=P"">Adam Warren</a>",26.0,0.0,0.0
9059,"<a href=""statss.aspx?playerid=9059&position=P"">John Axford</a>",31.0,0.0,0.0
9073,"<a href=""statss.aspx?playerid=9073&position=P"">Kirby Yates</a>",27.0,0.0,0.0
9080,"<a href=""statss.aspx?playerid=9080&position=P"">Zach Putnam</a>",26.0,0.0,0.0
9124,"<a href=""statss.aspx?playerid=9124&position=P"">Charlie Leesman</a>",27.0,0.0,0.0
9167,"<a href=""statss.aspx?playerid=9167&position=P"">Lester Oliveros</a>",26.0,0.0,0.0
9178,"<a href=""statss.aspx?playerid=9178&position=P"">Kyle Lobstein</a>",24.0,0.0,0.0
9195,"<a href=""statss.aspx?playerid=9195&position=P"">Vic Black</a>",26.0,0.0,0.0
9227,"<a href=""statss.aspx?playerid=9227&position=P"">Koji Uehara</a>",39.0,0.0,0.0
9239,"<a href=""statss.aspx?playerid=9239&position=P"">Alex Wilson</a>",27.0,0.0,0.0
9244,"<a href=""statss.aspx?playerid=9244&position=P"">David Carpenter</a>",26.0,0.0,0.0
9261,"<a href=""statss.aspx?playerid=9261&position=P"">Ryan Dennick</a>",27.0,0.0,0.0
9286,"<a href=""statss.aspx?playerid=9286&position=P"">Rob Scahill</a>",27.0,0.0,0.0
9392,"<a href=""statss.aspx?playerid=9392&position=P"">John Holdzkom</a>",26.0,0.0,0.0
9419,"<a href=""statss.aspx?playerid=9419&position=P"">Zac Rosscup</a>",26.0,0.0,0.0
9456,"<a href=""statss.aspx?playerid=9456&position=P"">Ryan Buchter</a>",27.0,0.0,0.0
9489,"<a href=""statss.aspx?playerid=9489&position=P"">Phil Irwin</a>",27.0,0.0,0.0
9490,"<a href=""statss.aspx?playerid=9490&position=P"">Jeremy Jeffress</a>",26.0,0.0,0.0
9651,"<a href=""statss.aspx?playerid=9651&position=P"">Jose Ortega</a>",25.0,0.0,0.0
9720,"<a href=""statss.aspx?playerid=9720&position=P"">Louis Coleman</a>",28.0,0.0,0.0
9736,"<a href=""statss.aspx?playerid=9736&position=P"">Burke Badenhop</a>",31.0,0.0,0.0
9794,"<a href=""statss.aspx?playerid=9794&position=P"">Rex Brothers</a>",26.0,0.0,0.0
9817,"<a href=""statss.aspx?playerid=9817&position=P"">Sergio Romo</a>",31.0,0.0,0.0
9866,"<a href=""statss.aspx?playerid=9866&position=P"">Chaz Roe</a>",27.0,0.0,0.0
9877,"<a href=""statss.aspx?playerid=9877&position=P"">Michael Kirkman</a>",27.0,0.0,0.0
9926,"<a href=""statss.aspx?playerid=9926&position=P"">Bobby Parnell</a>",29.0,0.0,0.0
9939,"<a href=""statss.aspx?playerid=9939&position=P"">Brandon Kintzler</a>",29.0,0.0,0.0
9948,"<a href=""statss.aspx?playerid=9948&position=P"">Mike Dunn</a>",29.0,0.0,0.0
9975,"<a href=""statss.aspx?playerid=9975&position=P"">Tom Wilhelmsen</a>",30.0,0.0,0.0
10019,"<a href=""statss.aspx?playerid=10019&position=P"">Taylor Thompson</a>",27.0,0.0,0.0
10078,"<a href=""statss.aspx?playerid=10078&position=P"">Caleb Thielbar</a>",27.0,0.0,0.0
10080,"<a href=""statss.aspx?playerid=10080&position=P"">Keith Butler</a>",25.0,0.0,0.0
10095,"<a href=""statss.aspx?playerid=10095&position=P"">Dane de la Rosa</a>",31.0,0.0,0.0
10149,"<a href=""statss.aspx?playerid=10149&position=P"">Aaron Crow</a>",27.0,0.0,0.0
10171,"<a href=""statss.aspx?playerid=10171&position=P"">Jose Ramirez</a>",24.0,0.0,0.0
10181,"<a href=""statss.aspx?playerid=10181&position=P"">Melvin Mercedes</a>",23.0,0.0,0.0
10233,"<a href=""statss.aspx?playerid=10233&position=P"">Aroldis Chapman</a>",26.0,0.0,0.0
10261,"<a href=""statss.aspx?playerid=10261&position=P"">Alexi Ogando</a>",30.0,0.0,0.0
10265,"<a href=""statss.aspx?playerid=10265&position=P"">Justin Marks</a>",26.0,0.0,0.0
10267,"<a href=""statss.aspx?playerid=10267&position=P"">Tanner Scheppers</a>",27.0,0.0,0.0
10307,"<a href=""statss.aspx?playerid=10307&position=P"">Roman Mendez</a>",23.0,0.0,0.0
10315,"<a href=""statss.aspx?playerid=10315&position=P"">Michael Tonkin</a>",24.0,0.0,0.0
10326,"<a href=""statss.aspx?playerid=10326&position=P"">Chad Jenkins</a>",26.0,0.0,0.0
10337,"<a href=""statss.aspx?playerid=10337&position=P"">Edwin Escobar</a>",22.0,0.0,0.0
10343,"<a href=""statss.aspx?playerid=10343&position=P"">Aaron Loup</a>",26.0,0.0,0.0
10481,"<a href=""statss.aspx?playerid=10481&position=P"">Shawn Tolleson</a>",26.0,0.0,0.0
10498,"<a href=""statss.aspx?playerid=10498&position=P"">Yoervis Medina</a>",25.0,0.0,0.0
10504,"<a href=""statss.aspx?playerid=10504&position=P"">Mario Hollands</a>",25.0,0.0,0.0
10534,"<a href=""statss.aspx?playerid=10534&position=P"">Jake Petricka</a>",26.0,0.0,0.0
10558,"<a href=""statss.aspx?playerid=10558&position=P"">Daniel Webb</a>",24.0,0.0,0.0
10586,"<a href=""statss.aspx?playerid=10586&position=P"">Addison Reed</a>",25.0,0.0,0.0
10606,"<a href=""statss.aspx?playerid=10606&position=P"">Seth Rosin</a>",25.0,0.0,0.0
10663,"<a href=""statss.aspx?playerid=10663&position=P"">Stephen Pryor</a>",24.0,0.0,0.0
10710,"<a href=""statss.aspx?playerid=10710&position=P"">Red Patterson</a>",27.0,0.0,0.0
10756,"<a href=""statss.aspx?playerid=10756&position=P"">Shane Greene</a>",25.0,0.0,0.0
10803,"<a href=""statss.aspx?playerid=10803&position=P"">Jake Dunning</a>",25.0,0.0,0.0
10811,"<a href=""statss.aspx?playerid=10811&position=P"">Mike Foltynewicz</a>",22.0,0.0,0.0
10835,"<a href=""statss.aspx?playerid=10835&position=P"">Michael Mariot</a>",25.0,0.0,0.0
10855,"<a href=""statss.aspx?playerid=10855&position=P"">Chasen Shreve</a>",23.0,0.0,0.0
10983,"<a href=""statss.aspx?playerid=10983&position=P"">Ben Rowen</a>",25.0,0.0,0.0
11193,"<a href=""statss.aspx?playerid=11193&position=P"">C.J. Riefenhauser</a>",24.0,0.0,0.0
11209,"<a href=""statss.aspx?playerid=11209&position=P"">Casey Sadler</a>",23.0,0.0,0.0
11240,"<a href=""statss.aspx?playerid=11240&position=P"">Kevin Chapman</a>",26.0,0.0,0.0
11243,"<a href=""statss.aspx?playerid=11243&position=P"">Aaron Barrett</a>",26.0,0.0,0.0
11250,"<a href=""statss.aspx?playerid=11250&position=P"">Rob Rasmussen</a>",25.0,0.0,0.0
11261,"<a href=""statss.aspx?playerid=11261&position=P"">Logan Darnell</a>",25.0,0.0,0.0
11266,"<a href=""statss.aspx?playerid=11266&position=P"">Lisalverto Bonilla</a>",24.0,0.0,0.0
11341,"<a href=""statss.aspx?playerid=11341&position=P"">Sean Nolin</a>",24.0,0.0,0.0
11387,"<a href=""statss.aspx?playerid=11387&position=P"">A.J. Achter</a>",25.0,0.0,0.0
11426,"<a href=""statss.aspx?playerid=11426&position=P"">Drew Pomeranz</a>",25.0,0.0,0.0
11479,"<a href=""statss.aspx?playerid=11479&position=P"">Bryan Mitchell</a>",23.0,0.0,0.0
11490,"<a href=""statss.aspx?playerid=11490&position=P"">Aaron Sanchez</a>",21.0,0.0,0.0
11618,"<a href=""statss.aspx?playerid=11618&position=P"">Mike Kickham</a>",25.0,0.0,0.0
11632,"<a href=""statss.aspx?playerid=11632&position=P"">Heath Hembree</a>",25.0,0.0,0.0
11712,"<a href=""statss.aspx?playerid=11712&position=P"">Erik Goeddel</a>",25.0,0.0,0.0
11753,"<a href=""statss.aspx?playerid=11753&position=P"">Kyle Ryan</a>",22.0,0.0,0.0
11804,"<a href=""statss.aspx?playerid=11804&position=P"">Hector Neris</a>",25.0,0.0,0.0
11827,"<a href=""statss.aspx?playerid=11827&position=P"">Steve Delabar</a>",30.0,0.0,0.0
11836,"<a href=""statss.aspx?playerid=11836&position=P"">Taijuan Walker</a>",21.0,0.0,0.0
11847,"<a href=""statss.aspx?playerid=11847&position=P"">Chris Martin</a>",28.0,0.0,0.0
11867,"<a href=""statss.aspx?playerid=11867&position=P"">Brett Bochy</a>",26.0,0.0,0.0
12020,"<a href=""statss.aspx?playerid=12020&position=P"">Scott Snodgress</a>",24.0,0.0,0.0
12165,"<a href=""statss.aspx?playerid=12165&position=P"">Matt Stites</a>",24.0,0.0,0.0
12183,"<a href=""statss.aspx?playerid=12183&position=P"">Cody Allen</a>",25.0,0.0,0.0
12272,"<a href=""statss.aspx?playerid=12272&position=P"">Aaron Brooks</a>",24.0,0.0,0.0
12277,"<a href=""statss.aspx?playerid=12277&position=P"">Leonel Campos</a>",26.0,0.0,0.0
12297,"<a href=""statss.aspx?playerid=12297&position=P"">Evan Marshall</a>",24.0,0.0,0.0
12304,"<a href=""statss.aspx?playerid=12304&position=P"">Chris Bassitt</a>",25.0,0.0,0.0
12360,"<a href=""statss.aspx?playerid=12360&position=P"">Kevin Quackenbush</a>",25.0,0.0,0.0
12361,"<a href=""statss.aspx?playerid=12361&position=P"">Spencer Patton</a>",26.0,0.0,0.0
12499,"<a href=""statss.aspx?playerid=12499&position=P"">Drew Rucinski</a>",25.0,0.0,0.0
12530,"<a href=""statss.aspx?playerid=12530&position=P"">Nick Maronde</a>",24.0,0.0,0.0
12638,"<a href=""statss.aspx?playerid=12638&position=P"">Nathan Karns</a>",26.0,0.0,0.0
12675,"<a href=""statss.aspx?playerid=12675&position=P"">Phil Klein</a>",25.0,0.0,0.0
12774,"<a href=""statss.aspx?playerid=12774&position=P"">Jairo Diaz</a>",23.0,0.0,0.0
12803,"<a href=""statss.aspx?playerid=12803&position=P"">Carter Capps</a>",23.0,0.0,0.0
12863,"<a href=""statss.aspx?playerid=12863&position=P"">Matt Barnes</a>",24.0,0.0,0.0
12890,"<a href=""statss.aspx?playerid=12890&position=P"">Alex Claudio</a>",22.0,0.0,0.0
12910,"<a href=""statss.aspx?playerid=12910&position=P"">Ken Giles</a>",23.0,0.0,0.0
13144,"<a href=""statss.aspx?playerid=13144&position=P"">Frank Garces</a>",24.0,0.0,0.0
13172,"<a href=""statss.aspx?playerid=13172&position=P"">Carson Smith</a>",24.0,0.0,0.0
13293,"<a href=""statss.aspx?playerid=13293&position=P"">Danny Coulombe</a>",24.0,0.0,0.0
13360,"<a href=""statss.aspx?playerid=13360&position=P"">Cam Bedrosian</a>",22.0,0.0,0.0
13398,"<a href=""statss.aspx?playerid=13398&position=P"">Paco Rodriguez</a>",23.0,0.0,0.0
13401,"<a href=""statss.aspx?playerid=13401&position=P"">R.J. Alvarez</a>",23.0,0.0,0.0
13424,"<a href=""statss.aspx?playerid=13424&position=P"">Drew VerHagen</a>",23.0,0.0,0.0
13431,"<a href=""statss.aspx?playerid=13431&position=P"">Marcus Stroman</a>",23.0,0.0,0.0
13442,"<a href=""statss.aspx?playerid=13442&position=P"">Mike Morin</a>",23.0,0.0,0.0
13475,"<a href=""statss.aspx?playerid=13475&position=P"">Daniel Norris</a>",21.0,0.0,0.0
13485,"<a href=""statss.aspx?playerid=13485&position=P"">Sam Tuivailala</a>",21.0,0.0,0.0
13604,"<a href=""statss.aspx?playerid=13604&position=P"">Chad Smith</a>",24.0,0.0,0.0
13736,"<a href=""statss.aspx?playerid=13736&position=P"">Michael Roth</a>",24.0,0.0,0.0
13763,"<a href=""statss.aspx?playerid=13763&position=P"">Dominic Leone</a>",22.0,0.0,0.0
13881,"<a href=""statss.aspx?playerid=13881&position=P"">Ian Thomas</a>",27.0,0.0,0.0
14200,"<a href=""statss.aspx?playerid=14200&position=P"">Shae Simmons</a>",23.0,0.0,0.0
14239,"<a href=""statss.aspx?playerid=14239&position=P"">Dario Alvarez</a>",25.0,0.0,0.0
14382,"<a href=""statss.aspx?playerid=14382&position=P"">Wei-Chung Wang</a>",22.0,0.0,0.0
14443,"<a href=""statss.aspx?playerid=14443&position=P"">Kyuji Fujikawa</a>",33.0,0.0,0.0
14814,"<a href=""statss.aspx?playerid=14814&position=P"">Buck Farmer</a>",23.0,0.0,0.0
15010,"<a href=""statss.aspx?playerid=15010&position=P"">Corey Knebel</a>",22.0,0.0,0.0
15033,"<a href=""statss.aspx?playerid=15033&position=P"">Kyle Crockett</a>",22.0,0.0,0.0
15514,"<a href=""statss.aspx?playerid=15514&position=P"">Kendall Graveman</a>",23.0,0.0,0.0
15675,"<a href=""statss.aspx?playerid=15675&position=P"">Miguel Gonzalez</a>",27.0,0.0,0.0
16208,"<a href=""statss.aspx?playerid=16208&position=P"">Brandon Finnegan</a>",21.0,0.0,0.0
6046,"<a href=""statss.aspx?playerid=6046&position=C"">Matt Pagnozzi</a>",31.0,0.0,0.0
8280,"<a href=""statss.aspx?playerid=8280&position=P"">Tony Sipp</a>",30.0,0.0,0.0
11854,"<a href=""statss.aspx?playerid=11854&position=OF"">Steven Moya</a>",22.0,8.0,0.33431609719991684
11366,"<a href=""statss.aspx?playerid=11366&position=P"">Brandon Cumpton</a>",25.0,20.0,0.13735748993025887
6564,"<a href=""statss.aspx?playerid=6564&position=C"">Bobby Wilson</a>",31.0,4.0,0.2228773981332779
10547,"<a href=""statss.aspx?playerid=10547&position=P"">Jimmy Nelson</a>",25.0,22.0,0.14598468939463297
8219,"<a href=""statss.aspx?playerid=8219&position=SS"">Jason Bartlett</a>",34.0,4.0,0.18050284683704376
6432,"<a href=""statss.aspx?playerid=6432&position=P"">Tim Stauffer</a>",32.0,8.0,0.12735851321901595
976,"<a href=""statss.aspx?playerid=976&position=P"">Randy Wolf</a>",37.0,7.0,0.12735851321901595
3376,"<a href=""statss.aspx?playerid=3376&position=C"">Nick Hundley</a>",30.0,233.0,0.2785502558662778
10354,"<a href=""statss.aspx?playerid=10354&position=P"">Robbie Erlin</a>",23.0,19.0,0.13012814835498207
1581,"<a href=""statss.aspx?playerid=1581&position=P"">Sean Doolittle</a>",27.0,1.0,0.0
3656,"<a href=""statss.aspx?playerid=3656&position=P"">Jim Johnson</a>",31.0,1.0,0.0
3196,"<a href=""statss.aspx?playerid=3196&position=P"">Chris Young</a>",35.0,1.0,0.0
3357,"<a href=""statss.aspx?playerid=3357&position=P"">Cesar Ramos</a>",30.0,1.0,0.0
10133,"<a href=""statss.aspx?playerid=10133&position=P"">Brad Boxberger</a>",26.0,1.0,0.0
6527,"<a href=""statss.aspx?playerid=6527&position=P"">Josh Zeid</a>",27.0,1.0,0.0
10962,"<a href=""statss.aspx?playerid=10962&position=P"">Jake Buchanan</a>",24.0,1.0,0.0
2873,"<a href=""statss.aspx?playerid=2873&position=P"">Santiago Casilla</a>",33.0,1.0,0.0
3265,"<a href=""statss.aspx?playerid=3265&position=P"">Juan Gutierrez</a>",30.0,1.0,0.0
10302,"<a href=""statss.aspx?playerid=10302&position=P"">Chris Heston</a>",26.0,1.0,0.0
3096,"<a href=""statss.aspx?playerid=3096&position=P"">Kenley Jansen</a>",26.0,1.0,0.0
5213,"<a href=""statss.aspx?playerid=5213&position=P"">Chris Perez</a>",28.0,1.0,0.0
11571,"<a href=""statss.aspx?playerid=11571&position=P"">Jose Dominguez</a>",23.0,1.0,0.0
12095,"<a href=""statss.aspx?playerid=12095&position=P"">Yimi Garcia</a>",23.0,1.0,0.0
5032,"<a href=""statss.aspx?playerid=5032&position=P"">Dale Thayer</a>",33.0,1.0,0.0
7038,"<a href=""statss.aspx?playerid=7038&position=P"">Alex Torres</a>",26.0,1.0,0.0
7555,"<a href=""statss.aspx?playerid=7555&position=P"">Nick Vincent</a>",27.0,1.0,0.0
8253,"<a href=""statss.aspx?playerid=8253&position=P"">Billy Buckner</a>",30.0,1.0,0.0
5876,"<a href=""statss.aspx?playerid=5876&position=P"">Gonzalez Germen</a>",26.0,1.0,0.0
10796,"<a href=""statss.aspx?playerid=10796&position=P"">Josh Edgin</a>",27.0,1.0,0.0
4301,"<a href=""statss.aspx?playerid=4301&position=P"">Justin Wilson</a>",26.0,1.0,0.0
5231,"<a href=""statss.aspx?playerid=5231&position=P"">Vin Mazzaro</a>",27.0,1.0,0.0
10234,"<a href=""statss.aspx?playerid=10234&position=P"">Bryan Morris</a>",27.0,1.0,0.0
10500,"<a href=""statss.aspx?playerid=10500&position=P"">Preston Claiborne</a>",26.0,1.0,0.0
2692,"<a href=""statss.aspx?playerid=2692&position=P"">Joba Chamberlain</a>",28.0,1.0,0.0
10066,"<a href=""statss.aspx?playerid=10066&position=P"">Ian Krol</a>",23.0,1.0,0.0
11760,"<a href=""statss.aspx?playerid=11760&position=P"">Drew Smyly</a>",25.0,1.0,0.0
3777,"<a href=""statss.aspx?playerid=3777&position=P"">Felipe Paulino</a>",30.0,1.0,0.0
10745,"<a href=""statss.aspx?playerid=10745&position=P"">Trevor Rosenthal</a>",24.0,1.0,0.0
3299,"<a href=""statss.aspx?playerid=3299&position=P"">Chris Hatcher</a>",29.0,1.0,0.0
11710,"<a href=""statss.aspx?playerid=11710&position=P"">Sam Dyson</a>",26.0,1.0,0.0
6317,"<a href=""statss.aspx?playerid=6317&position=P"">Esmil Rogers</a>",28.0,1.0,0.0
9388,"<a href=""statss.aspx?playerid=9388&position=P"">Josh Tomlin</a>",29.0,0.0,0.0
886,"<a href=""statss.aspx?playerid=886&position=P"">Kris Johnson</a>",29.0,1.0,0.0
3762,"<a href=""statss.aspx?playerid=3762&position=P"">Cesar Jimenez</a>",29.0,1.0,0.0
4955,"<a href=""statss.aspx?playerid=4955&position=P"">Justin De Fratus</a>",26.0,1.0,0.0
5362,"<a href=""statss.aspx?playerid=5362&position=P"">Phillippe Aumont</a>",25.0,1.0,0.0
3237,"<a href=""statss.aspx?playerid=3237&position=P"">T.J. McFarland</a>",25.0,1.0,0.0
3374,"<a href=""statss.aspx?playerid=3374&position=P"">Ubaldo Jimenez</a>",30.0,1.0,0.0
13071,"<a href=""statss.aspx?playerid=13071&position=P"">Wei-Yin Chen</a>",28.0,1.0,0.0
2882,"<a href=""statss.aspx?playerid=2882&position=P"">Luis Avilan</a>",24.0,1.0,0.0
6176,"<a href=""statss.aspx?playerid=6176&position=P"">Scott Baker</a>",32.0,1.0,0.0
10332,"<a href=""statss.aspx?playerid=10332&position=P"">Nick Christiani</a>",26.0,1.0,0.0
10386,"<a href=""statss.aspx?playerid=10386&position=P"">Carlos Contreras</a>",23.0,1.0,0.0
6244,"<a href=""statss.aspx?playerid=6244&position=P"">Tom Gorzelanny</a>",31.0,1.0,0.0
8404,"<a href=""statss.aspx?playerid=8404&position=P"">Alfredo Figaro</a>",29.0,1.0,0.0
3245,"<a href=""statss.aspx?playerid=3245&position=P"">Ryan Rowland-Smith</a>",31.0,1.0,0.0
5028,"<a href=""statss.aspx?playerid=5028&position=P"">Bo Schultz</a>",28.0,1.0,0.0
7293,"<a href=""statss.aspx?playerid=7293&position=P"">Brad Ziegler</a>",34.0,1.0,0.0
8524,"<a href=""statss.aspx?playerid=8524&position=C"">Jackson Williams</a>",28.0,16.0,0.33107350766658783
2072,"<a href=""statss.aspx?playerid=2072&position=P"">Jeremy Guthrie</a>",35.0,7.0,0.12033523122469585
729,"<a href=""statss.aspx?playerid=729&position=P"">LaTroy Hawkins</a>",41.0,1.0,0.0
1837,"<a href=""statss.aspx?playerid=1837&position=P"">Matt Belisle</a>",34.0,1.0,0.0
5679,"<a href=""statss.aspx?playerid=5679&position=P"">Brooks Brown</a>",29.0,1.0,0.0
8678,"<a href=""statss.aspx?playerid=8678&position=P"">Paul Maholm</a>",32.0,16.0,0.12534829703244296
10466,"<a href=""statss.aspx?playerid=10466&position=P"">Taylor Jordan</a>",25.0,8.0,0.11143869906663895
4235,"<a href=""statss.aspx?playerid=4235&position=P"">Jered Weaver</a>",31.0,2.0,0.0
4776,"<a href=""statss.aspx?playerid=4776&position=P"">Matt Shoemaker</a>",27.0,2.0,0.0
4878,"<a href=""statss.aspx?playerid=4878&position=P"">Brandon Maurer</a>",23.0,2.0,0.0
11828,"<a href=""statss.aspx?playerid=11828&position=P"">James Paxton</a>",25.0,2.0,0.0
15423,"<a href=""statss.aspx?playerid=15423&position=P"">Andrew Heaney</a>",23.0,9.0,0.11143869906663895
6283,"<a href=""statss.aspx?playerid=6283&position=P"">Scott Feldman</a>",31.0,2.0,0.0
3220,"<a href=""statss.aspx?playerid=3220&position=P"">Jean Machi</a>",32.0,2.0,0.0
9486,"<a href=""statss.aspx?playerid=9486&position=P"">George Kontos</a>",29.0,2.0,0.0
3731,"<a href=""statss.aspx?playerid=3731&position=P"">Brandon League</a>",31.0,2.0,0.0
9325,"<a href=""statss.aspx?playerid=9325&position=P"">Jared Hughes</a>",28.0,2.0,0.0
4684,"<a href=""statss.aspx?playerid=4684&position=P"">Jeff Francis</a>",33.0,2.0,0.0
404,"<a href=""statss.aspx?playerid=404&position=P"">CC Sabathia</a>",33.0,2.0,0.0
6632,"<a href=""statss.aspx?playerid=6632&position=P"">Carlos Carrasco</a>",27.0,2.0,0.0
9121,"<a href=""statss.aspx?playerid=9121&position=P"">T.J. House</a>",24.0,2.0,0.0
12703,"<a href=""statss.aspx?playerid=12703&position=P"">Trevor Bauer</a>",23.0,2.0,0.0
12027,"<a href=""statss.aspx?playerid=12027&position=P"">Brian Flynn</a>",24.0,2.0,0.0
9346,"<a href=""statss.aspx?playerid=9346&position=P"">Brandon Morrow</a>",29.0,2.0,0.0
9943,"<a href=""statss.aspx?playerid=9943&position=P"">Todd Redmond</a>",29.0,2.0,0.0
3830,"<a href=""statss.aspx?playerid=3830&position=P"">Ricky Nolasco</a>",31.0,2.0,0.0
6865,"<a href=""statss.aspx?playerid=6865&position=P"">Jeff Manship</a>",29.0,2.0,0.0
7106,"<a href=""statss.aspx?playerid=7106&position=P"">Jonathan Pettibone</a>",23.0,2.0,0.0
6627,"<a href=""statss.aspx?playerid=6627&position=P"">Brad Brach</a>",28.0,2.0,0.0
11720,"<a href=""statss.aspx?playerid=11720&position=P"">Justin Grimm</a>",25.0,2.0,0.0
4089,"<a href=""statss.aspx?playerid=4089&position=P"">James Russell</a>",28.0,2.0,0.0
6902,"<a href=""statss.aspx?playerid=6902&position=P"">Martin Perez</a>",23.0,2.0,0.0
9803,"<a href=""statss.aspx?playerid=9803&position=P"">Miles Mikolas</a>",25.0,2.0,0.0
3862,"<a href=""statss.aspx?playerid=3862&position=P"">Rubby de la Rosa</a>",25.0,2.0,0.0
3840,"<a href=""statss.aspx?playerid=3840&position=P"">Zach Duke</a>",31.0,2.0,0.0
10200,"<a href=""statss.aspx?playerid=10200&position=C"">Tucker Barnhart</a>",23.0,60.0,0.21451155972062497
4578,"<a href=""statss.aspx?playerid=4578&position=P"">Pedro Hernandez</a>",25.0,2.0,0.0
12572,"<a href=""statss.aspx?playerid=12572&position=P"">Blake Treinen</a>",26.0,15.0,0.12160963278550369
7095,"<a href=""statss.aspx?playerid=7095&position=OF"">Chris Dickerson</a>",32.0,112.0,0.29034935994581745
15764,"<a href=""statss.aspx?playerid=15764&position=P"">Masahiro Tanaka</a>",25.0,9.0,0.09905662139256795
7312,"<a href=""statss.aspx?playerid=7312&position=P"">Josh Collmenter</a>",28.0,58.0,0.1438526992212262
9414,"<a href=""statss.aspx?playerid=9414&position=OF"">Quintin Berry</a>",29.0,2.0,0.0
10190,"<a href=""statss.aspx?playerid=10190&position=P"">Tyler Skaggs</a>",22.0,3.0,0.0
4420,"<a href=""statss.aspx?playerid=4420&position=P"">Brad Mills</a>",29.0,3.0,0.0
5448,"<a href=""statss.aspx?playerid=5448&position=P"">Jesse Chavez</a>",30.0,3.0,0.0
4772,"<a href=""statss.aspx?playerid=4772&position=P"">Felix Hernandez</a>",28.0,3.0,0.0
10314,"<a href=""statss.aspx?playerid=10314&position=P"">Erasmo Ramirez</a>",24.0,3.0,0.0
12555,"<a href=""statss.aspx?playerid=12555&position=P"">Tony Cingrani</a>",24.0,22.0,0.12735851321901595
7531,"<a href=""statss.aspx?playerid=7531&position=P"">Collin McHugh</a>",27.0,3.0,0.0
8077,"<a href=""statss.aspx?playerid=8077&position=P"">Stephen Fife</a>",27.0,3.0,0.0
6109,"<a href=""statss.aspx?playerid=6109&position=P"">Joe Wieland</a>",24.0,3.0,0.0
3283,"<a href=""statss.aspx?playerid=3283&position=P"">Hiroki Kuroda</a>",39.0,3.0,0.0
10603,"<a href=""statss.aspx?playerid=10603&position=P"">Chris Sale</a>",25.0,3.0,0.0
12520,"<a href=""statss.aspx?playerid=12520&position=P"">Erik Johnson</a>",24.0,3.0,0.0
5867,"<a href=""statss.aspx?playerid=5867&position=P"">Danny Salazar</a>",24.0,3.0,0.0
9137,"<a href=""statss.aspx?playerid=9137&position=P"">Sean O'Sullivan</a>",26.0,3.0,0.0
1507,"<a href=""statss.aspx?playerid=1507&position=P"">John Lackey</a>",35.0,19.0,0.11886794567108154
14107,"<a href=""statss.aspx?playerid=14107&position=P"">Kevin Gausman</a>",23.0,3.0,0.0
9895,"<a href=""statss.aspx?playerid=9895&position=P"">Chris Rusin</a>",27.0,3.0,0.0
12730,"<a href=""statss.aspx?playerid=12730&position=P"">Nick Martinez</a>",23.0,3.0,0.0
3677,"<a href=""statss.aspx?playerid=3677&position=P"">Logan Ondrusek</a>",29.0,3.0,0.0
6230,"<a href=""statss.aspx?playerid=6230&position=P"">Kyle Kendrick</a>",29.0,71.0,0.13588286068902086
10166,"<a href=""statss.aspx?playerid=10166&position=2B"">Nick Franklin</a>",23.0,90.0,0.2135269973013136
4055,"<a href=""statss.aspx?playerid=4055&position=P"">Eury De la Rosa</a>",24.0,3.0,0.0
1118,"<a href=""statss.aspx?playerid=1118&position=P"">Marco Estrada</a>",30.0,40.0,0.1355078765324184
10587,"<a href=""statss.aspx?playerid=10587&position=P"">Chad Bettis</a>",25.0,3.0,0.0
5514,"<a href=""statss.aspx?playerid=5514&position=C/DH"">Jesus Montero</a>",24.0,17.0,0.28293261457892027
11255,"<a href=""statss.aspx?playerid=11255&position=OF"">Matt Szczur</a>",24.0,66.0,0.280435278560176
5422,"<a href=""statss.aspx?playerid=5422&position=2B/OF"">Steve Lombardozzi</a>",25.0,74.0,0.2780817151069641
3972,"<a href=""statss.aspx?playerid=3972&position=SS"">Andy Parrino</a>",28.0,51.0,0.22447236495859482
9308,"<a href=""statss.aspx?playerid=9308&position=C"">Josh Phegley</a>",26.0,38.0,0.30646906244127375
8418,"<a href=""statss.aspx?playerid=8418&position=3B/SS"">Ehire Adrianza</a>",24.0,106.0,0.25564361891700227
9871,"<a href=""statss.aspx?playerid=9871&position=C"">Bryan Anderson</a>",27.0,1.0,0.0
4611,"<a href=""statss.aspx?playerid=4611&position=OF"">Jason Pridie</a>",30.0,4.0,0.0
4897,"<a href=""statss.aspx?playerid=4897&position=P"">Scott Kazmir</a>",30.0,4.0,0.0
7608,"<a href=""statss.aspx?playerid=7608&position=P"">Tommy Milone</a>",27.0,4.0,0.0
12768,"<a href=""statss.aspx?playerid=12768&position=P"">Sonny Gray</a>",24.0,4.0,0.0
12673,"<a href=""statss.aspx?playerid=12673&position=P"">Roenis Elias</a>",25.0,4.0,0.0
1824,"<a href=""statss.aspx?playerid=1824&position=C"">Humberto Quintero</a>",34.0,2.0,0.0
4538,"<a href=""statss.aspx?playerid=4538&position=P"">Jason Hammel</a>",31.0,43.0,0.1354464104301051
3184,"<a href=""statss.aspx?playerid=3184&position=P"">David Price</a>",28.0,4.0,0.0
6345,"<a href=""statss.aspx?playerid=6345&position=P"">Chris Archer</a>",25.0,4.0,0.0
11530,"<a href=""statss.aspx?playerid=11530&position=P"">Jose Fernandez</a>",21.0,18.0,0.11143869906663895
3137,"<a href=""statss.aspx?playerid=3137&position=P"">Max Scherzer</a>",29.0,4.0,0.0
3292,"<a href=""statss.aspx?playerid=3292&position=P"">Hector Noesi</a>",27.0,4.0,0.0
7410,"<a href=""statss.aspx?playerid=7410&position=P"">J.A. Happ</a>",31.0,4.0,0.0
8600,"<a href=""statss.aspx?playerid=8600&position=P"">Dustin McGowan</a>",32.0,4.0,0.0
5985,"<a href=""statss.aspx?playerid=5985&position=P"">Randall Delgado</a>",24.0,11.0,0.09905662139256795
2967,"<a href=""statss.aspx?playerid=2967&position=OF"">Tommy Pham</a>",26.0,2.0,0.0
9303,"<a href=""statss.aspx?playerid=9303&position=P"">Dylan Axelrod</a>",28.0,4.0,0.0
10416,"<a href=""statss.aspx?playerid=10416&position=SS"">Wilfredo Tovar</a>",22.0,3.0,0.0
11428,"<a href=""statss.aspx?playerid=11428&position=P"">Brandon Workman</a>",25.0,4.0,0.0
11384,"<a href=""statss.aspx?playerid=11384&position=P"">Tommy Kahnle</a>",24.0,4.0,0.0
3707,"<a href=""statss.aspx?playerid=3707&position=C"">Geovany Soto</a>",31.0,87.0,0.2971790689368581
5401,"<a href=""statss.aspx?playerid=5401&position=P"">Brad Peacock</a>",26.0,5.0,0.0
2155,"<a href=""statss.aspx?playerid=2155&position=P"">Alfredo Simon</a>",33.0,67.0,0.1350571980079015
6415,"<a href=""statss.aspx?playerid=6415&position=P"">Stolmy Pimentel</a>",24.0,5.0,0.0
6316,"<a href=""statss.aspx?playerid=6316&position=P"">David Phelps</a>",27.0,5.0,0.0
2717,"<a href=""statss.aspx?playerid=2717&position=P"">Rick Porcello</a>",25.0,5.0,0.0
4930,"<a href=""statss.aspx?playerid=4930&position=P"">Jon Lester</a>",30.0,5.0,0.0
9918,"<a href=""statss.aspx?playerid=9918&position=P"">Kevin Slowey</a>",30.0,5.0,0.0
5279,"<a href=""statss.aspx?playerid=5279&position=P"">Chris Tillman</a>",26.0,5.0,0.0
7024,"<a href=""statss.aspx?playerid=7024&position=P"">Miguel Gonzalez</a>",30.0,5.0,0.0
11157,"<a href=""statss.aspx?playerid=11157&position=P"">Eric Jokisch</a>",24.0,5.0,0.0
8848,"<a href=""statss.aspx?playerid=8848&position=C"">Ali Solis</a>",26.0,7.0,0.0
2929,"<a href=""statss.aspx?playerid=2929&position=P"">Jeff Locke</a>",26.0,50.0,0.12417828148983895
11424,"<a href=""statss.aspx?playerid=11424&position=P"">Anthony Ranaudo</a>",24.0,5.0,0.0
3201,"<a href=""statss.aspx?playerid=3201&position=P"">Francisco Liriano</a>",30.0,52.0,0.12417828148983895
11489,"<a href=""statss.aspx?playerid=11489&position=OF"">Michael A. Taylor</a>",23.0,43.0,0.28696744663770807
3231,"<a href=""statss.aspx?playerid=3231&position=C"">Brayan Pena</a>",32.0,372.0,0.2841877640101322
1165,"<a href=""statss.aspx?playerid=1165&position=2B"">Chris Valaika</a>",28.0,131.0,0.275683324612104
9362,"<a href=""statss.aspx?playerid=9362&position=C"">Adam Moore</a>",30.0,12.0,0.2603258653120561
3886,"<a href=""statss.aspx?playerid=3886&position=P"">Gavin Floyd</a>",31.0,18.0,0.09905662139256795
4338,"<a href=""statss.aspx?playerid=4338&position=P"">Tyler Chatwood</a>",24.0,10.0,0.08915095925331115
5057,"<a href=""statss.aspx?playerid=5057&position=P"">Yohan Flande</a>",28.0,17.0,0.12160963278550369
9959,"<a href=""statss.aspx?playerid=9959&position=OF"">Alex Hassan</a>",26.0,9.0,0.17565835846794975
715,"<a href=""statss.aspx?playerid=715&position=P"">Jamey Wright</a>",39.0,6.0,0.0
8353,"<a href=""statss.aspx?playerid=8353&position=SS"">Dean Anna</a>",27.0,25.0,0.2275330328941345
5556,"<a href=""statss.aspx?playerid=5556&position=P"">Jair Jurrjens</a>",28.0,2.0,0.0
7989,"<a href=""statss.aspx?playerid=7989&position=C"">Guillermo Quiroz</a>",32.0,3.0,0.0
8182,"<a href=""statss.aspx?playerid=8182&position=P"">Nick Greenwood</a>",26.0,6.0,0.0
7450,"<a href=""statss.aspx?playerid=7450&position=P"">Phil Hughes</a>",28.0,6.0,0.0
9542,"<a href=""statss.aspx?playerid=9542&position=C"">Steve Clevenger</a>",28.0,97.0,0.2763383674124877
12606,"<a href=""statss.aspx?playerid=12606&position=C"">Raffy Lopez</a>",26.0,14.0,0.225846460887364
4662,"<a href=""statss.aspx?playerid=4662&position=P"">Brandon McCarthy</a>",30.0,32.0,0.1229668403493947
5760,"<a href=""statss.aspx?playerid=5760&position=OF"">Avisail Garcia</a>",23.0,190.0,0.3157975610601839
5491,"<a href=""statss.aspx?playerid=5491&position=C"">Austin Romine</a>",25.0,13.0,0.23582142132979172
5278,"<a href=""statss.aspx?playerid=5278&position=3B/SS"">Pedro Ciriaco</a>",28.0,49.0,0.2170709731678168
2225,"<a href=""statss.aspx?playerid=2225&position=OF"">Jason Bourgeois</a>",32.0,34.0,0.2519022576949176
6893,"<a href=""statss.aspx?playerid=6893&position=P"">Johnny Cueto</a>",28.0,82.0,0.13432025143078397
11270,"<a href=""statss.aspx?playerid=11270&position=OF"">Aaron Altherr</a>",23.0,5.0,0.0
5432,"<a href=""statss.aspx?playerid=5432&position=2B/3B/OF"">Elian Herrera</a>",29.0,140.0,0.2742457860621853
198,"<a href=""statss.aspx?playerid=198&position=2B/SS"">Danny Worth</a>",28.0,46.0,0.189838250046191
3547,"<a href=""statss.aspx?playerid=3547&position=P"">Carlos Frias</a>",24.0,7.0,0.0
7624,"<a href=""statss.aspx?playerid=7624&position=P"">Carlos Torres</a>",31.0,7.0,0.0
5088,"<a href=""statss.aspx?playerid=5088&position=P"">Franklin Morales</a>",28.0,39.0,0.14372047511014072
7799,"<a href=""statss.aspx?playerid=7799&position=DH/OF"">Joey Butler</a>",28.0,6.0,0.11490260561307271
6652,"<a href=""statss.aspx?playerid=6652&position=3B/SS"">Chase d'Arnaud</a>",27.0,0.0,0.0
3542,"<a href=""statss.aspx?playerid=3542&position=P"">Danny Duffy</a>",25.0,7.0,0.0
13453,"<a href=""statss.aspx?playerid=13453&position=P"">Eddie Butler</a>",23.0,6.0,0.0
13419,"<a href=""statss.aspx?playerid=13419&position=1B"">Christian Walker</a>",23.0,19.0,0.2631005362460488
11739,"<a href=""statss.aspx?playerid=11739&position=C"">J.T. Realmuto</a>",23.0,30.0,0.26881056229273476
7725,"<a href=""statss.aspx?playerid=7725&position=P"">David Holmberg</a>",22.0,7.0,0.0
6249,"<a href=""statss.aspx?playerid=6249&position=P"">Trevor Cahill</a>",26.0,29.0,0.11454338073730469
12510,"<a href=""statss.aspx?playerid=12510&position=C"">Curt Casali</a>",25.0,84.0,0.22964526894615916
7772,"<a href=""statss.aspx?playerid=7772&position=1B"">Matt Hague</a>",28.0,2.0,0.0
8631,"<a href=""statss.aspx?playerid=8631&position=2B/DH"">Cord Phelps</a>",27.0,3.0,0.0
2073,"<a href=""statss.aspx?playerid=2073&position=1B/2B"">Jeff Baker</a>",33.0,225.0,0.30644513107836246
3203,"<a href=""statss.aspx?playerid=3203&position=1B/3B"">Andy Marte</a>",30.0,16.0,0.2448965534567833
6052,"<a href=""statss.aspx?playerid=6052&position=1B/OF"">Brad Snyder</a>",32.0,34.0,0.29688212801428404
6448,"<a href=""statss.aspx?playerid=6448&position=1B/OF"">Jim Adduci</a>",29.0,114.0,0.21652287244796753
5277,"<a href=""statss.aspx?playerid=5277&position=C"">Tuffy Gosewisch</a>",30.0,132.0,0.24465938454324548
11137,"<a href=""statss.aspx?playerid=11137&position=P"">Mike Bolsinger</a>",26.0,20.0,0.09384311500348543
9632,"<a href=""statss.aspx?playerid=9632&position=OF"">Brett Jackson</a>",25.0,5.0,0.13788312673568726
10767,"<a href=""statss.aspx?playerid=10767&position=OF"">Lane Adams</a>",24.0,3.0,0.0
7185,"<a href=""statss.aspx?playerid=7185&position=2B"">Logan Forsythe</a>",27.0,336.0,0.27770795311756474
3815,"<a href=""statss.aspx?playerid=3815&position=P"">Mat Latos</a>",26.0,32.0,0.10851433584767003
5705,"<a href=""statss.aspx?playerid=5705&position=P"">Tim Lincecum</a>",30.0,53.0,0.11317065233985583
6609,"<a href=""statss.aspx?playerid=6609&position=SS"">Freddy Galvis</a>",24.0,128.0,0.24319472117349505
7290,"<a href=""statss.aspx?playerid=7290&position=SS/OF"">Jake Elmore</a>",27.0,12.0,0.20603623489538828
6050,"<a href=""statss.aspx?playerid=6050&position=OF"">Moises Sierra</a>",25.0,170.0,0.26826105012613183
1245,"<a href=""statss.aspx?playerid=1245&position=P"">R.A. Dickey</a>",39.0,9.0,0.0
12859,"<a href=""statss.aspx?playerid=12859&position=C"">James McCann</a>",24.0,12.0,0.2554732064406077
13287,"<a href=""statss.aspx?playerid=13287&position=P"">Jesse Hahn</a>",24.0,24.0,0.08104632659391924
10622,"<a href=""statss.aspx?playerid=10622&position=DH/OF"">Zach Walters</a>",24.0,137.0,0.2995845444881133
9431,"<a href=""statss.aspx?playerid=9431&position=1B"">Jake Goebbert</a>",26.0,115.0,0.2779151201248169
7945,"<a href=""statss.aspx?playerid=7945&position=OF"">Jaff Decker</a>",24.0,5.0,0.0
8392,"<a href=""statss.aspx?playerid=8392&position=2B/3B"">Daniel Descalso</a>",27.0,184.0,0.2967423838995845
11423,"<a href=""statss.aspx?playerid=11423&position=P"">Jose Quintana</a>",25.0,10.0,0.0
5667,"<a href=""statss.aspx?playerid=5667&position=OF"">Steven Souza Jr.</a>",25.0,26.0,0.27809260900203997
5950,"<a href=""statss.aspx?playerid=5950&position=3B"">Ian Stewart</a>",29.0,72.0,0.2637202516198158
3200,"<a href=""statss.aspx?playerid=3200&position=P"">Ervin Santana</a>",31.0,73.0,0.12323920176579402
3190,"<a href=""statss.aspx?playerid=3190&position=OF"">Nate McLouth</a>",32.0,162.0,0.2433639746159315
739,"<a href=""statss.aspx?playerid=739&position=P"">Kyle Lohse</a>",35.0,74.0,0.1283293815759512
9784,"<a href=""statss.aspx?playerid=9784&position=P"">Garrett Richards</a>",26.0,11.0,0.0
9968,"<a href=""statss.aspx?playerid=9968&position=C"">Dan Butler</a>",27.0,20.0,0.2714451551437378
8126,"<a href=""statss.aspx?playerid=8126&position=DH"">Vince Belnome</a>",26.0,14.0,0.20473004304445708
6035,"<a href=""statss.aspx?playerid=6035&position=OF"">David Murphy</a>",32.0,462.0,0.31052539304450705
5053,"<a href=""statss.aspx?playerid=5053&position=2B/3B"">Tony Abreu</a>",29.0,4.0,0.0
8380,"<a href=""statss.aspx?playerid=8380&position=SS"">Reid Brignac</a>",28.0,91.0,0.2865758056051276
6003,"<a href=""statss.aspx?playerid=6003&position=OF"">Jose Constanza</a>",30.0,4.0,0.0
3817,"<a href=""statss.aspx?playerid=3817&position=3B"">Joaquin Arias</a>",29.0,204.0,0.25542692106161546
11602,"<a href=""statss.aspx?playerid=11602&position=2B/3B"">Yolmer Sanchez</a>",22.0,104.0,0.25299745396925855
7409,"<a href=""statss.aspx?playerid=7409&position=1B"">Xavier Scruggs</a>",26.0,18.0,0.2870289517773522
10816,"<a href=""statss.aspx?playerid=10816&position=2B/3B"">Jedd Gyorko</a>",25.0,443.0,0.2754192048877612
7448,"<a href=""statss.aspx?playerid=7448&position=P"">Gio Gonzalez</a>",28.0,52.0,0.11306530755499135
13046,"<a href=""statss.aspx?playerid=13046&position=P"">Tsuyoshi Wada</a>",33.0,24.0,0.07528215362912133
9674,"<a href=""statss.aspx?playerid=9674&position=P"">Vidal Nuno</a>",26.0,25.0,0.08492215683585719
2264,"<a href=""statss.aspx?playerid=2264&position=2B/3B/SS"">Hector Gomez</a>",26.0,21.0,0.1788140052840823
1658,"<a href=""statss.aspx?playerid=1658&position=OF"">Xavier Nady</a>",35.0,42.0,0.2863624777112688
4464,"<a href=""statss.aspx?playerid=4464&position=OF"">Mike Baxter</a>",29.0,8.0,0.08617695420980453
10047,"<a href=""statss.aspx?playerid=10047&position=1B/OF"">Wil Myers</a>",23.0,361.0,0.27513845689469874
2047,"<a href=""statss.aspx?playerid=2047&position=P"">Jorge De La Rosa</a>",33.0,67.0,0.1428360978110892
9629,"<a href=""statss.aspx?playerid=9629&position=SS/OF"">Shawn O'Malley</a>",26.0,16.0,0.16715804859995842
4006,"<a href=""statss.aspx?playerid=4006&position=SS"">Justin Sellers</a>",28.0,21.0,0.2496197725597181
6341,"<a href=""statss.aspx?playerid=6341&position=3B"">Luis Jimenez</a>",26.0,41.0,0.19424050587874192
9756,"<a href=""statss.aspx?playerid=9756&position=P"">David Hale</a>",26.0,19.0,0.049528310696283974
193,"<a href=""statss.aspx?playerid=193&position=SS"">Carlos Triunfel</a>",24.0,16.0,0.2322656810283661
12760,"<a href=""statss.aspx?playerid=12760&position=P"">Rafael Montero</a>",23.0,13.0,0.0
9922,"<a href=""statss.aspx?playerid=9922&position=OF"">Yorman Rodriguez</a>",21.0,29.0,0.23312015780087175
9054,"<a href=""statss.aspx?playerid=9054&position=1B"">Justin Smoak</a>",27.0,276.0,0.276656290759211
8173,"<a href=""statss.aspx?playerid=8173&position=P"">Yovani Gallardo</a>",28.0,60.0,0.11690223433754661
10299,"<a href=""statss.aspx?playerid=10299&position=OF"">Eury Perez</a>",24.0,10.0,0.1783019185066223
3388,"<a href=""statss.aspx?playerid=3388&position=2B"">Chris Getz</a>",30.0,28.0,0.19883759595729686
4138,"<a href=""statss.aspx?playerid=4138&position=P"">Carlos Villanueva</a>",30.0,13.0,0.0
2520,"<a href=""statss.aspx?playerid=2520&position=P"">Lance Lynn</a>",27.0,69.0,0.11441326141357422
6797,"<a href=""statss.aspx?playerid=6797&position=P"">Julio Teheran</a>",23.0,76.0,0.1182815274771522
8753,"<a href=""statss.aspx?playerid=8753&position=P"">Tanner Roark</a>",27.0,70.0,0.11745733527813927
8385,"<a href=""statss.aspx?playerid=8385&position=SS"">Pedro Florimon</a>",27.0,86.0,0.15345507505394163
12546,"<a href=""statss.aspx?playerid=12546&position=1B"">C.J. Cron</a>",24.0,253.0,0.3241451387348854
6435,"<a href=""statss.aspx?playerid=6435&position=P"">Vance Worley</a>",26.0,38.0,0.08677528843735204
88,"<a href=""statss.aspx?playerid=88&position=SS"">Rafael Furcal</a>",36.0,37.0,0.2019208975740381
1617,"<a href=""statss.aspx?playerid=1617&position=1B"">Lyle Overbay</a>",37.0,296.0,0.2996737367036391
4020,"<a href=""statss.aspx?playerid=4020&position=P"">Yusmeiro Petit</a>",29.0,27.0,0.06080481639275184
8822,"<a href=""statss.aspx?playerid=8822&position=3B/OF"">Zelous Wheeler</a>",27.0,62.0,0.23598492340963395
4016,"<a href=""statss.aspx?playerid=4016&position=OF"">Jerry Sands</a>",26.0,22.0,0.2514484470540827
11773,"<a href=""statss.aspx?playerid=11773&position=1B"">Jason Rogers</a>",26.0,10.0,0.19720749258995057
2216,"<a href=""statss.aspx?playerid=2216&position=OF"">Don Kelly</a>",34.0,185.0,0.2851378416103092
3516,"<a href=""statss.aspx?playerid=3516&position=1B"">Eric Hosmer</a>",24.0,547.0,0.3138323977287742
5199,"<a href=""statss.aspx?playerid=5199&position=C"">Taylor Teagarden</a>",30.0,30.0,0.20628952383995056
3412,"<a href=""statss.aspx?playerid=3412&position=2B/3B/DH"">Guilder Rodriguez</a>",30.0,14.0,0.19018729374958918
8793,"<a href=""statss.aspx?playerid=8793&position=1B"">Matthew Clark</a>",27.0,31.0,0.2823791791652811
395,"<a href=""statss.aspx?playerid=395&position=SS"">John McDonald</a>",39.0,91.0,0.21676577107850895
1555,"<a href=""statss.aspx?playerid=1555&position=2B/SS"">Marco Scutaro</a>",38.0,13.0,0.1317437688509623
6421,"<a href=""statss.aspx?playerid=6421&position=OF"">Roger Bernadina</a>",30.0,80.0,0.26941849611982516
6777,"<a href=""statss.aspx?playerid=6777&position=2B/SS"">Tyler Pastornicky</a>",24.0,47.0,0.2611251071743343
8011,"<a href=""statss.aspx?playerid=8011&position=P"">Eric Stults</a>",34.0,53.0,0.09482864701018041
2179,"<a href=""statss.aspx?playerid=2179&position=SS"">Ronny Cedeno</a>",31.0,9.0,0.0
6335,"<a href=""statss.aspx?playerid=6335&position=2B/SS"">Omar Quintanilla</a>",32.0,31.0,0.2296464039433387
5305,"<a href=""statss.aspx?playerid=5305&position=OF"">Alex Presley</a>",28.0,271.0,0.27967032746032433
6013,"<a href=""statss.aspx?playerid=6013&position=SS"">Cristhian Adames</a>",22.0,15.0,0.05943397283554077
8259,"<a href=""statss.aspx?playerid=8259&position=C"">Kurt Suzuki</a>",30.0,503.0,0.3244323089303248
13781,"<a href=""statss.aspx?playerid=13781&position=P"">Alex Wood</a>",23.0,48.0,0.09426418709200482
10950,"<a href=""statss.aspx?playerid=10950&position=OF"">Adam Duvall</a>",25.0,77.0,0.25694987293961763
10925,"<a href=""statss.aspx?playerid=10925&position=P"">Christian Bergman</a>",26.0,20.0,0.04692155750174271
5273,"<a href=""statss.aspx?playerid=5273&position=C"">Sandy Leon</a>",25.0,70.0,0.20980793578284126
8476,"<a href=""statss.aspx?playerid=8476&position=P"">Jenrry Mejia</a>",24.0,18.0,0.0
4704,"<a href=""statss.aspx?playerid=4704&position=2B/3B/SS"">Donnie Murphy</a>",31.0,128.0,0.2682480929404732
12701,"<a href=""statss.aspx?playerid=12701&position=OF"">Billy Burns</a>",24.0,6.0,0.14858493208885193
5653,"<a href=""statss.aspx?playerid=5653&position=2B/3B"">Ryan Roberts</a>",33.0,22.0,0.17505754936825146
8879,"<a href=""statss.aspx?playerid=8879&position=C"">Ryan Lavarnway</a>",26.0,10.0,0.0
945,"<a href=""statss.aspx?playerid=945&position=OF"">Bobby Abreu</a>",40.0,155.0,0.30949866194878856
1829,"<a href=""statss.aspx?playerid=1829&position=C"">Koyie Hill</a>",35.0,22.0,0.2517324225469069
6732,"<a href=""statss.aspx?playerid=6732&position=OF"">Zoilo Almonte</a>",25.0,36.0,0.1583712233437432
6402,"<a href=""statss.aspx?playerid=6402&position=3B"">Brent Morel</a>",27.0,41.0,0.19280705451965333
7316,"<a href=""statss.aspx?playerid=7316&position=OF"">Darin Mastroianni</a>",28.0,44.0,0.145244992592118
7731,"<a href=""statss.aspx?playerid=7731&position=P"">Juan Nicasio</a>",27.0,27.0,0.07132076740264892
7754,"<a href=""statss.aspx?playerid=7754&position=P"">Mike Fiers</a>",29.0,26.0,0.04692155750174271
7937,"<a href=""statss.aspx?playerid=7937&position=OF"">Logan Schafer</a>",27.0,136.0,0.2460017855350788
2154,"<a href=""statss.aspx?playerid=2154&position=1B"">Ryan Howard</a>",34.0,648.0,0.3058227531251595
6165,"<a href=""statss.aspx?playerid=6165&position=2B"">Irving Falu</a>",31.0,35.0,0.13949340231278362
3664,"<a href=""statss.aspx?playerid=3664&position=2B/3B"">Brooks Conrad</a>",34.0,34.0,0.1875806310597588
10053,"<a href=""statss.aspx?playerid=10053&position=2B"">Grant Green</a>",26.0,103.0,0.27814713438737737
15670,"<a href=""statss.aspx?playerid=15670&position=3B/OF"">Alex Guerrero</a>",27.0,13.0,0.0685776609640855
5248,"<a href=""statss.aspx?playerid=5248&position=2B"">Alexi Casilla</a>",29.0,4.0,0.0
10310,"<a href=""statss.aspx?playerid=10310&position=P"">Zack Wheeler</a>",24.0,63.0,0.09110987653919295
9015,"<a href=""statss.aspx?playerid=9015&position=2B"">Gordon Beckham</a>",27.0,483.0,0.2733059577862089
5888,"<a href=""statss.aspx?playerid=5888&position=OF"">Cole Gillespie</a>",30.0,81.0,0.27762227430939673
3692,"<a href=""statss.aspx?playerid=3692&position=3B"">Jack Hannahan</a>",34.0,50.0,0.211517333984375
8782,"<a href=""statss.aspx?playerid=8782&position=P"">Andrew Cashner</a>",27.0,42.0,0.19924464656247032
9312,"<a href=""statss.aspx?playerid=9312&position=1B/3B"">Ryan Wheeler</a>",25.0,64.0,0.28604116290807724
16017,"<a href=""statss.aspx?playerid=16017&position=P"">Odrisamer Despaigne</a>",27.0,28.0,0.02757662534713745
5002,"<a href=""statss.aspx?playerid=5002&position=OF"">Caleb Gindl</a>",25.0,23.0,0.2361822309701339
12179,"<a href=""statss.aspx?playerid=12179&position=3B"">Maikel Franco</a>",21.0,58.0,0.17908294755837012
8175,"<a href=""statss.aspx?playerid=8175&position=3B"">Chris Nelson</a>",28.0,81.0,0.25582007467746737
1638,"<a href=""statss.aspx?playerid=1638&position=C"">Miguel Olivo</a>",35.0,25.0,0.2356059193611145
9767,"<a href=""statss.aspx?playerid=9767&position=OF"">James Jones</a>",25.0,328.0,0.26249075634979907
2167,"<a href=""statss.aspx?playerid=2167&position=1B"">Dan Johnson</a>",34.0,48.0,0.3063773550093174
1051,"<a href=""statss.aspx?playerid=1051&position=P"">Jake Peavy</a>",33.0,24.0,0.0
9132,"<a href=""statss.aspx?playerid=9132&position=P"">Nathan Eovaldi</a>",24.0,64.0,0.0902976069534034
9111,"<a href=""statss.aspx?playerid=9111&position=P"">Brad Hand</a>",24.0,31.0,0.03301887379752265
7396,"<a href=""statss.aspx?playerid=7396&position=P"">Dillon Gee</a>",28.0,43.0,0.0567585214972496
9425,"<a href=""statss.aspx?playerid=9425&position=P"">Doug Fister</a>",30.0,62.0,0.08767176799054416
3837,"<a href=""statss.aspx?playerid=3837&position=OF"">Andrew Brown</a>",29.0,49.0,0.26124728334193326
14078,"<a href=""statss.aspx?playerid=14078&position=P"">Michael Wacha</a>",22.0,32.0,0.030741710087348675
5552,"<a href=""statss.aspx?playerid=5552&position=1B/OF"">Jamie Romak</a>",28.0,23.0,0.11571698085121486
10556,"<a href=""statss.aspx?playerid=10556&position=2B"">Cesar Hernandez</a>",24.0,125.0,0.25700975239761475
11763,"<a href=""statss.aspx?playerid=11763&position=OF"">Kyle Parker</a>",24.0,26.0,0.18648837162898138
7168,"<a href=""statss.aspx?playerid=7168&position=C"">Juan Centeno</a>",24.0,33.0,0.22476680170405994
7392,"<a href=""statss.aspx?playerid=7392&position=OF"">Brad Glenn</a>",27.0,16.0,0.09880782663822174
4792,"<a href=""statss.aspx?playerid=4792&position=OF"">Jeff Francoeur</a>",30.0,28.0,0.137545217360769
10154,"<a href=""statss.aspx?playerid=10154&position=OF"">Donald Lutz</a>",25.0,54.0,0.2069248377152209
4676,"<a href=""statss.aspx?playerid=4676&position=P"">Charlie Morton</a>",30.0,49.0,0.060303288262064866
15809,"<a href=""statss.aspx?playerid=15809&position=SS"">Erisbel Arruebarrena</a>",24.0,45.0,0.2131438520219591
5963,"<a href=""statss.aspx?playerid=5963&position=OF"">Xavier Paul</a>",29.0,21.0,0.08915095925331115
7287,"<a href=""statss.aspx?playerid=7287&position=OF"">Carlos Gonzalez</a>",28.0,281.0,0.3154411420599961
3273,"<a href=""statss.aspx?playerid=3273&position=P"">Roberto Hernandez</a>",33.0,58.0,0.0727762932680091
4751,"<a href=""statss.aspx?playerid=4751&position=2B/SS"">Elliot Johnson</a>",30.0,20.0,0.1350167676022178
921,"<a href=""statss.aspx?playerid=921&position=P"">Tim Hudson</a>",38.0,62.0,0.06935467571020126
3340,"<a href=""statss.aspx?playerid=3340&position=P"">Matt Garza</a>",30.0,57.0,0.07510188221931458
5986,"<a href=""statss.aspx?playerid=5986&position=SS"">Mike Aviles</a>",33.0,374.0,0.27185506876506754
1451,"<a href=""statss.aspx?playerid=1451&position=P"">Aaron Harang</a>",36.0,71.0,0.08301554187651604
520,"<a href=""statss.aspx?playerid=520&position=SS"">Alex Gonzalez</a>",37.0,32.0,0.20561136305332184
6895,"<a href=""statss.aspx?playerid=6895&position=P"">Chase Anderson</a>",26.0,41.0,0.04610059942517962
4875,"<a href=""statss.aspx?playerid=4875&position=2B"">Logan Watkins</a>",24.0,68.0,0.26368833400986413
6788,"<a href=""statss.aspx?playerid=6788&position=1B/3B"">Josh Satin</a>",29.0,43.0,0.2101708082265632
8145,"<a href=""statss.aspx?playerid=8145&position=C"">Eric Fryer</a>",28.0,81.0,0.26224269028063174
5225,"<a href=""statss.aspx?playerid=5225&position=OF"">Roger Kieschnick</a>",27.0,41.0,0.21383030530883046
11167,"<a href=""statss.aspx?playerid=11167&position=2B/SS"">Josh Rutledge</a>",25.0,342.0,0.3221116539986268
1260,"<a href=""statss.aspx?playerid=1260&position=OF"">Ryan Ludwick</a>",35.0,400.0,0.3041751589956163
6570,"<a href=""statss.aspx?playerid=6570&position=P"">Tom Koehler</a>",28.0,59.0,0.06595969433877982
3990,"<a href=""statss.aspx?playerid=3990&position=P"">Edinson Volquez</a>",30.0,64.0,0.0687726086803845
2197,"<a href=""statss.aspx?playerid=2197&position=OF"">Grady Sizemore</a>",31.0,381.0,0.2928783599473047
7738,"<a href=""statss.aspx?playerid=7738&position=P"">Wily Peralta</a>",25.0,68.0,0.08059432407220204
9689,"<a href=""statss.aspx?playerid=9689&position=C"">Josh Thole</a>",27.0,150.0,0.2764369675091335
9892,"<a href=""statss.aspx?playerid=9892&position=OF"">Jay Bruce</a>",27.0,545.0,0.28769717322652105
6962,"<a href=""statss.aspx?playerid=6962&position=OF"">Ryan Kalish</a>",26.0,130.0,0.2820979184471071
4672,"<a href=""statss.aspx?playerid=4672&position=OF"">Junior Lake</a>",24.0,326.0,0.26356107271634616
9718,"<a href=""statss.aspx?playerid=9718&position=OF"">Chris Dominguez</a>",27.0,18.0,0.12560739236719468
8609,"<a href=""statss.aspx?playerid=8609&position=C"">Tim Federowicz</a>",26.0,78.0,0.16236316059765063
4613,"<a href=""statss.aspx?playerid=4613&position=1B"">Prince Fielder</a>",30.0,178.0,0.3050439664703643
2041,"<a href=""statss.aspx?playerid=2041&position=C"">John Buck</a>",33.0,97.0,0.26156322058943127
7358,"<a href=""statss.aspx?playerid=7358&position=2B/OF"">Michael Martinez</a>",31.0,44.0,0.16468915627116248
4249,"<a href=""statss.aspx?playerid=4249&position=OF"">Shane Robinson</a>",29.0,66.0,0.20143051851879468
1443,"<a href=""statss.aspx?playerid=1443&position=2B"">Mark Ellis</a>",37.0,202.0,0.21203498809765547
2411,"<a href=""statss.aspx?playerid=2411&position=OF"">Jose Tabata</a>",25.0,186.0,0.2886271325317589
10698,"<a href=""statss.aspx?playerid=10698&position=3B"">Mike Olt</a>",25.0,258.0,0.2695765925008197
6104,"<a href=""statss.aspx?playerid=6104&position=2B"">Aaron Hill</a>",32.0,541.0,0.28930770998300775
5371,"<a href=""statss.aspx?playerid=5371&position=OF"">Juan Perez</a>",27.0,109.0,0.2245666167446386
7528,"<a href=""statss.aspx?playerid=7528&position=2B/3B"">Kevin Frandsen</a>",32.0,236.0,0.27512664086798316
4063,"<a href=""statss.aspx?playerid=4063&position=C"">Anthony Recker</a>",30.0,189.0,0.2729736005558687
8155,"<a href=""statss.aspx?playerid=8155&position=SS"">Everth Cabrera</a>",27.0,391.0,0.25671518051811537
6876,"<a href=""statss.aspx?playerid=6876&position=1B/DH/OF"">Mark Trumbo</a>",28.0,362.0,0.3081545844715618
11146,"<a href=""statss.aspx?playerid=11146&position=C"">Cameron Rupp</a>",25.0,64.0,0.22076354455202818
3536,"<a href=""statss.aspx?playerid=3536&position=C"">Eli Whiteside</a>",34.0,26.0,0.11791071066489586
11251,"<a href=""statss.aspx?playerid=11251&position=1B"">Andy Wilkins</a>",25.0,45.0,0.16689307159847683
818,"<a href=""statss.aspx?playerid=818&position=1B/DH"">Jason Giambi</a>",43.0,70.0,0.23455778114935932
12147,"<a href=""statss.aspx?playerid=12147&position=SS"">Nick Ahmed</a>",24.0,75.0,0.22706159826827377
6806,"<a href=""statss.aspx?playerid=6806&position=C/DH"">Josmil Pinto</a>",25.0,197.0,0.3151764043696641
3086,"<a href=""statss.aspx?playerid=3086&position=1B"">Mitch Moreland</a>",28.0,184.0,0.2873519567342905
5928,"<a href=""statss.aspx?playerid=5928&position=1B"">Daric Barton</a>",28.0,64.0,0.19662227481603622
5663,"<a href=""statss.aspx?playerid=5663&position=1B"">Neftali Soto</a>",25.0,31.0,0.09889285410604169
914,"<a href=""statss.aspx?playerid=914&position=OF"">Brennan Boesch</a>",29.0,79.0,0.2107754036402091
7399,"<a href=""statss.aspx?playerid=7399&position=1B/DH"">Billy Butler</a>",28.0,603.0,0.31058985898892083
589,"<a href=""statss.aspx?playerid=589&position=OF"">Carlos Beltran</a>",37.0,449.0,0.3097833975049473
6677,"<a href=""statss.aspx?playerid=6677&position=OF"">JB Shuck</a>",27.0,114.0,0.16537291609815188
3118,"<a href=""statss.aspx?playerid=3118&position=1B/OF"">Jesus Guzman</a>",30.0,184.0,0.2434126378401466
10294,"<a href=""statss.aspx?playerid=10294&position=C"">Adrian Nieto</a>",24.0,118.0,0.28668223412140553
2158,"<a href=""statss.aspx?playerid=2158&position=3B"">Greg Dobbs</a>",35.0,43.0,0.17025889490925988
10348,"<a href=""statss.aspx?playerid=10348&position=OF"">Domingo Santana</a>",21.0,18.0,0.03830086853769091
1702,"<a href=""statss.aspx?playerid=1702&position=OF"">Reed Johnson</a>",37.0,201.0,0.27159199223446484
9807,"<a href=""statss.aspx?playerid=9807&position=2B/SS"">Ryan Goins</a>",26.0,193.0,0.21165065108773543
13051,"<a href=""statss.aspx?playerid=13051&position=1B/OF"">Chris Colabello</a>",30.0,220.0,0.29284569879645084
4779,"<a href=""statss.aspx?playerid=4779&position=OF"">Rymer Liriano</a>",23.0,121.0,0.25318077951669693
6274,"<a href=""statss.aspx?playerid=6274&position=OF"">Carlos Quentin</a>",31.0,155.0,0.2737741578009821
4964,"<a href=""statss.aspx?playerid=4964&position=OF"">Tony Campana</a>",28.0,76.0,0.18865104960767845
375,"<a href=""statss.aspx?playerid=375&position=P"">Bartolo Colon</a>",41.0,69.0,0.035067240076680335
1760,"<a href=""statss.aspx?playerid=1760&position=OF"">Cody Ross</a>",33.0,219.0,0.28377655189331263
1926,"<a href=""statss.aspx?playerid=1926&position=OF"">Scott Hairston</a>",34.0,87.0,0.2445316513379415
11342,"<a href=""statss.aspx?playerid=11342&position=1B"">Jesus Aguilar</a>",24.0,38.0,0.16641318170647873
697,"<a href=""statss.aspx?playerid=697&position=C"">J.P. Arencibia</a>",28.0,222.0,0.2702751777193568
934,"<a href=""statss.aspx?playerid=934&position=1B"">Carlos Pena</a>",36.0,63.0,0.1953492770119319
7577,"<a href=""statss.aspx?playerid=7577&position=1B/OF"">Marc Krauss</a>",26.0,208.0,0.27453788312581867
7480,"<a href=""statss.aspx?playerid=7480&position=1B/OF"">Mike Carp</a>",28.0,149.0,0.24800571139226824
2113,"<a href=""statss.aspx?playerid=2113&position=C"">Ryan Doumit</a>",33.0,166.0,0.24411504088026104
6073,"<a href=""statss.aspx?playerid=6073&position=SS"">Brendan Ryan</a>",32.0,124.0,0.19046323376942456
10028,"<a href=""statss.aspx?playerid=10028&position=C"">Christian Bethancourt</a>",22.0,117.0,0.2472305639177306
6656,"<a href=""statss.aspx?playerid=6656&position=OF"">L.J. Hoes</a>",24.0,136.0,0.23187447786331178
9958,"<a href=""statss.aspx?playerid=9958&position=3B/SS"">Jeff Bianchi</a>",27.0,74.0,0.17780421231244062
2161,"<a href=""statss.aspx?playerid=2161&position=DH/OF"">Jason Kubel</a>",32.0,176.0,0.2781041554042271
3179,"<a href=""statss.aspx?playerid=3179&position=C"">Dioner Navarro</a>",30.0,520.0,0.31465173135143715
12979,"<a href=""statss.aspx?playerid=12979&position=SS"">Javier Baez</a>",21.0,229.0,0.2475931621014291
9284,"<a href=""statss.aspx?playerid=9284&position=C/OF"">Chris Herrmann</a>",26.0,79.0,0.23031981157351145
6827,"<a href=""statss.aspx?playerid=6827&position=OF"">Justin Maxwell</a>",30.0,45.0,0.19029025104310776
4251,"<a href=""statss.aspx?playerid=4251&position=SS"">Stephen Drew</a>",31.0,300.0,0.2380417171953503
12325,"<a href=""statss.aspx?playerid=12325&position=2B/3B"">Jace Peterson</a>",24.0,58.0,0.1229179013859142
3704,"<a href=""statss.aspx?playerid=3704&position=2B/OF"">Skip Schumaker</a>",34.0,271.0,0.26873312579162084
7002,"<a href=""statss.aspx?playerid=7002&position=3B"">Will Middlebrooks</a>",25.0,234.0,0.23815831273410454
3917,"<a href=""statss.aspx?playerid=3917&position=OF"">Dayan Viciedo</a>",25.0,563.0,0.30076920571071764
3442,"<a href=""statss.aspx?playerid=3442&position=2B"">Dan Uggla</a>",34.0,157.0,0.20926369565307715
11173,"<a href=""statss.aspx?playerid=11173&position=OF"">Oscar Taveras</a>",22.0,248.0,0.2652426693708666
3790,"<a href=""statss.aspx?playerid=3790&position=2B/3B"">Jayson Nix</a>",31.0,91.0,0.15360878290755026
1945,"<a href=""statss.aspx?playerid=1945&position=OF"">Corey Hart</a>",32.0,255.0,0.2659743993770419
5212,"<a href=""statss.aspx?playerid=5212&position=OF"">Alfredo Marte</a>",25.0,114.0,0.23090480439430844
10441,"<a href=""statss.aspx?playerid=10441&position=1B"">Jon Singleton</a>",22.0,362.0,0.28287100098469914
847,"<a href=""statss.aspx?playerid=847&position=2B/OF"">Alfonso Soriano</a>",38.0,238.0,0.2649650739718087
6141,"<a href=""statss.aspx?playerid=6141&position=OF"">Tony Gwynn</a>",31.0,127.0,0.2180288960536321
10067,"<a href=""statss.aspx?playerid=10067&position=C/1B"">Tomas Telis</a>",23.0,71.0,0.24784842133522034
6201,"<a href=""statss.aspx?playerid=6201&position=OF"">Nate Schierholtz</a>",30.0,383.0,0.24588150626374286
242,"<a href=""statss.aspx?playerid=242&position=1B"">Paul Konerko</a>",38.0,224.0,0.2565419301390648
3298,"<a href=""statss.aspx?playerid=3298&position=3B/OF"">Charlie Culberson</a>",25.0,233.0,0.24234348666825484
3154,"<a href=""statss.aspx?playerid=3154&position=OF"">Domonic Brown</a>",26.0,512.0,0.27982024355666846
4293,"<a href=""statss.aspx?playerid=4293&position=C"">Brett Hayes</a>",30.0,53.0,0.16160280299636554
2677,"<a href=""statss.aspx?playerid=2677&position=1B/3B"">Jordan Pacheco</a>",28.0,165.0,0.2826238267305421
4756,"<a href=""statss.aspx?playerid=4756&position=C"">John Baker</a>",33.0,208.0,0.2297799829209205
11746,"<a href=""statss.aspx?playerid=11746&position=OF"">Stefen Romero</a>",25.0,190.0,0.23917963942314716
607,"<a href=""statss.aspx?playerid=607&position=OF"">Raul Ibanez</a>",42.0,280.0,0.2531444298369544
5913,"<a href=""statss.aspx?playerid=5913&position=OF"">Leury Garcia</a>",23.0,155.0,0.17714105288187662
3336,"<a href=""statss.aspx?playerid=3336&position=2B/3B"">Alberto Callaspo</a>",31.0,451.0,0.2637502094109853
2802,"<a href=""statss.aspx?playerid=2802&position=C"">Tony Cruz</a>",27.0,150.0,0.241791232508056
746,"<a href=""statss.aspx?playerid=746&position=C"">A.J. Pierzynski</a>",37.0,362.0,0.2766501979907575
2218,"<a href=""statss.aspx?playerid=2218&position=OF"">Ryan Raburn</a>",33.0,212.0,0.2439677028859396
11287,"<a href=""statss.aspx?playerid=11287&position=C"">Bryan Holaday</a>",26.0,171.0,0.24278470221355822
4903,"<a href=""statss.aspx?playerid=4903&position=3B"">Matt Dominguez</a>",24.0,607.0,0.25978033479371077
8610,"<a href=""statss.aspx?playerid=8610&position=1B/DH"">Kendrys Morales</a>",31.0,401.0,0.2708700989658509
1698,"<a href=""statss.aspx?playerid=1698&position=C"">Gerald Laird</a>",34.0,167.0,0.24097572095466382
3433,"<a href=""statss.aspx?playerid=3433&position=1B/OF"">Allen Craig</a>",29.0,505.0,0.2692272941664894
4599,"<a href=""statss.aspx?playerid=4599&position=1B/OF"">Nick Swisher</a>",33.0,401.0,0.27363926216959955
5677,"<a href=""statss.aspx?playerid=5677&position=C"">A.J. Ellis</a>",33.0,347.0,0.26953778611523566
5557,"<a href=""statss.aspx?playerid=5557&position=C"">Jarrod Saltalamacchia</a>",29.0,435.0,0.3044384629433227
11376,"<a href=""statss.aspx?playerid=11376&position=OF"">Michael Choice</a>",24.0,280.0,0.2569201107536043
