playerid,Name,Age,PA,wOBA
11477,"<a href=""statss.aspx?playerid=11477&position=OF"">Christian Yelich</a>",26.0,354.0,0.4743480550668733
13611,"<a href=""statss.aspx?playerid=13611&position=OF"">Mookie Betts</a>",25.0,324.0,0.4400598119045126
17678,"<a href=""statss.aspx?playerid=17678&position=3B"">Alex Bregman</a>",24.0,334.0,0.40872471752655076
16505,"<a href=""statss.aspx?playerid=16505&position=3B"">Matt Chapman</a>",25.0,336.0,0.38932313911971594
11493,"<a href=""statss.aspx?playerid=11493&position=3B"">Manny Machado</a>",25.0,355.0,0.36703759019587845
18401,"<a href=""statss.aspx?playerid=18401&position=OF"">Ronald Acuna Jr.</a>",20.0,348.0,0.4043421512738818
10155,"<a href=""statss.aspx?playerid=10155&position=OF"">Mike Trout</a>",26.0,236.0,0.4339153339733949
5235,"<a href=""statss.aspx?playerid=5235&position=3B"">Justin Turner</a>",33.0,280.0,0.424366614158205
13853,"<a href=""statss.aspx?playerid=13853&position=2B/3B/SS"">Joey Wendle</a>",28.0,297.0,0.3849283419933516
12861,"<a href=""statss.aspx?playerid=12861&position=3B"">Anthony Rendon</a>",28.0,333.0,0.39175382841749856
11368,"<a href=""statss.aspx?playerid=11368&position=C"">Yasmani Grandal</a>",29.0,256.0,0.38519996008835733
12916,"<a href=""statss.aspx?playerid=12916&position=SS"">Francisco Lindor</a>",24.0,370.0,0.3509286363701244
11281,"<a href=""statss.aspx?playerid=11281&position=2B/OF"">Whit Merrifield</a>",29.0,363.0,0.3623780888863878
13510,"<a href=""statss.aspx?playerid=13510&position=3B"">Jose Ramirez</a>",25.0,341.0,0.3657713439371493
12564,"<a href=""statss.aspx?playerid=12564&position=SS"">Trevor Story</a>",25.0,302.0,0.4088057831923167
12979,"<a href=""statss.aspx?playerid=12979&position=SS"">Javier Baez</a>",25.0,337.0,0.36898327589751007
2967,"<a href=""statss.aspx?playerid=2967&position=OF"">Tommy Pham</a>",30.0,264.0,0.4036270207778583
12161,"<a href=""statss.aspx?playerid=12161&position=SS"">Xander Bogaerts</a>",25.0,290.0,0.3900030886547433
9077,"<a href=""statss.aspx?playerid=9077&position=OF"">Lorenzo Cain</a>",32.0,308.0,0.35138069418431883
13769,"<a href=""statss.aspx?playerid=13769&position=SS"">Adalberto Mondesi</a>",22.0,255.0,0.3533474001146498
6184,"<a href=""statss.aspx?playerid=6184&position=DH/OF"">J.D. Martinez</a>",30.0,305.0,0.42397912491012263
15362,"<a href=""statss.aspx?playerid=15362&position=2B/OF"">Jeff McNeil</a>",26.0,248.0,0.36766006205798174
13608,"<a href=""statss.aspx?playerid=13608&position=OF"">Mallex Smith</a>",25.0,272.0,0.3769117402414554
5297,"<a href=""statss.aspx?playerid=5297&position=OF"">Aaron Hicks</a>",28.0,319.0,0.37499775401425284
9218,"<a href=""statss.aspx?playerid=9218&position=1B"">Paul Goldschmidt</a>",30.0,334.0,0.40252270973645726
13367,"<a href=""statss.aspx?playerid=13367&position=OF"">Stephen Piscotty</a>",27.0,314.0,0.38315477948279897
12976,"<a href=""statss.aspx?playerid=12976&position=C"">Austin Hedges</a>",25.0,228.0,0.3319560085402595
14274,"<a href=""statss.aspx?playerid=14274&position=OF"">Mitch Haniger</a>",27.0,328.0,0.3691267491480626
3473,"<a href=""statss.aspx?playerid=3473&position=1B"">Anthony Rizzo</a>",28.0,344.0,0.3861982308461994
9777,"<a href=""statss.aspx?playerid=9777&position=3B"">Nolan Arenado</a>",27.0,334.0,0.37381381944778863
16252,"<a href=""statss.aspx?playerid=16252&position=SS"">Trea Turner</a>",25.0,376.0,0.3279398729270649
15878,"<a href=""statss.aspx?playerid=15878&position=3B/DH/OF"">Miguel Andujar</a>",23.0,325.0,0.37391688672381657
16376,"<a href=""statss.aspx?playerid=16376&position=OF"">Michael Conforto</a>",25.0,345.0,0.36088637563220244
12927,"<a href=""statss.aspx?playerid=12927&position=OF"">Brandon Nimmo</a>",25.0,283.0,0.3746014451641205
8090,"<a href=""statss.aspx?playerid=8090&position=3B"">Matt Carpenter</a>",32.0,355.0,0.38088327243047604
18030,"<a href=""statss.aspx?playerid=18030&position=OF"">Harrison Bader</a>",24.0,248.0,0.3301195884237484
10243,"<a href=""statss.aspx?playerid=10243&position=OF"">Randal Grichuk</a>",26.0,294.0,0.35395942354688836
12984,"<a href=""statss.aspx?playerid=12984&position=OF"">Jackie Bradley Jr.</a>",28.0,262.0,0.34585522868918633
11579,"<a href=""statss.aspx?playerid=11579&position=OF"">Bryce Harper</a>",25.0,343.0,0.39535229848254294
9241,"<a href=""statss.aspx?playerid=9241&position=OF"">Starling Marte</a>",29.0,308.0,0.3468433675218801
12282,"<a href=""statss.aspx?playerid=12282&position=2B"">Rougned Odor</a>",24.0,323.0,0.3497748913602059
12147,"<a href=""statss.aspx?playerid=12147&position=SS"">Nick Ahmed</a>",28.0,277.0,0.30494734126588574
13301,"<a href=""statss.aspx?playerid=13301&position=1B/3B"">Max Muncy</a>",27.0,264.0,0.3963888974938813
13593,"<a href=""statss.aspx?playerid=13593&position=2B/SS"">Jose Peraza</a>",24.0,340.0,0.3426973659121348
13613,"<a href=""statss.aspx?playerid=13613&position=2B"">Ketel Marte</a>",24.0,271.0,0.36094037684366165
20123,"<a href=""statss.aspx?playerid=20123&position=OF"">Juan Soto</a>",19.0,351.0,0.3740342954794566
4949,"<a href=""statss.aspx?playerid=4949&position=DH/OF"">Giancarlo Stanton</a>",28.0,356.0,0.36388641629515395
9112,"<a href=""statss.aspx?playerid=9112&position=DH/OF"">Khris Davis</a>",30.0,333.0,0.3848504683167014
12533,"<a href=""statss.aspx?playerid=12533&position=2B/SS"">Marcus Semien</a>",27.0,332.0,0.3264596435074386
14950,"<a href=""statss.aspx?playerid=14950&position=3B/SS"">Johan Camargo</a>",24.0,303.0,0.3487513877228645
2136,"<a href=""statss.aspx?playerid=2136&position=OF"">David Peralta</a>",30.0,287.0,0.37426509598752
7859,"<a href=""statss.aspx?playerid=7859&position=OF"">Charlie Blackmon</a>",31.0,345.0,0.38743265064395205
4418,"<a href=""statss.aspx?playerid=4418&position=2B/SS"">Jed Lowrie</a>",34.0,321.0,0.32900175359100103
11982,"<a href=""statss.aspx?playerid=11982&position=3B"">Travis Shaw</a>",28.0,278.0,0.35238342846397064
4922,"<a href=""statss.aspx?playerid=4922&position=OF"">Ender Inciarte</a>",27.0,305.0,0.32821704713714045
17128,"<a href=""statss.aspx?playerid=17128&position=OF"">Ramon Laureano</a>",23.0,176.0,0.35749908231876115
19755,"<a href=""statss.aspx?playerid=19755&position=DH"">Shohei Ohtani</a>",23.0,238.0,0.3923409608966213
6012,"<a href=""statss.aspx?playerid=6012&position=SS"">Didi Gregorius</a>",28.0,242.0,0.3703441397283087
15998,"<a href=""statss.aspx?playerid=15998&position=1B/OF"">Cody Bellinger</a>",22.0,301.0,0.3477197594610091
4106,"<a href=""statss.aspx?playerid=4106&position=OF"">Michael Brantley</a>",31.0,321.0,0.3551158421091899
11200,"<a href=""statss.aspx?playerid=11200&position=OF"">Kole Calhoun</a>",30.0,325.0,0.3427165034024612
11739,"<a href=""statss.aspx?playerid=11739&position=C"">J.T. Realmuto</a>",27.0,276.0,0.32293971358002094
12180,"<a href=""statss.aspx?playerid=12180&position=C"">Jorge Alfaro</a>",25.0,165.0,0.345070291219688
12552,"<a href=""statss.aspx?playerid=12552&position=3B"">Eugenio Suarez</a>",26.0,317.0,0.3539697554460756
10762,"<a href=""statss.aspx?playerid=10762&position=OF"">Corey Dickerson</a>",29.0,239.0,0.3548770792344037
10472,"<a href=""statss.aspx?playerid=10472&position=OF"">Enrique Hernandez</a>",26.0,233.0,0.3456178115853129
12532,"<a href=""statss.aspx?playerid=12532&position=2B"">Kolten Wong</a>",27.0,185.0,0.36332951955373777
12546,"<a href=""statss.aspx?playerid=12546&position=1B"">C.J. Cron</a>",28.0,231.0,0.3819402378198882
13757,"<a href=""statss.aspx?playerid=13757&position=OF"">Chris Taylor</a>",27.0,273.0,0.33069749913372837
5361,"<a href=""statss.aspx?playerid=5361&position=1B"">Freddie Freeman</a>",28.0,342.0,0.356406685876987
15223,"<a href=""statss.aspx?playerid=15223&position=2B"">Adam Frazier</a>",26.0,196.0,0.3751684912701243
10816,"<a href=""statss.aspx?playerid=10816&position=2B/3B"">Jedd Gyorko</a>",29.0,222.0,0.36834284448408866
3269,"<a href=""statss.aspx?playerid=3269&position=2B"">Robinson Cano</a>",35.0,179.0,0.3700605883944634
6609,"<a href=""statss.aspx?playerid=6609&position=SS"">Freddy Galvis</a>",28.0,322.0,0.31014286988992185
12907,"<a href=""statss.aspx?playerid=12907&position=OF"">Gregory Polanco</a>",26.0,241.0,0.3614148462519926
14811,"<a href=""statss.aspx?playerid=14811&position=1B/DH"">Luke Voit</a>",27.0,148.0,0.4575632440077292
14225,"<a href=""statss.aspx?playerid=14225&position=OF"">Yasiel Puig</a>",27.0,190.0,0.37985345627132217
14128,"<a href=""statss.aspx?playerid=14128&position=OF"">Joey Gallo</a>",24.0,257.0,0.3712886688756008
5254,"<a href=""statss.aspx?playerid=5254&position=OF"">Robbie Grossman</a>",28.0,236.0,0.3759380652863755
5417,"<a href=""statss.aspx?playerid=5417&position=2B"">Jose Altuve</a>",28.0,226.0,0.328019811433527
14344,"<a href=""statss.aspx?playerid=14344&position=1B"">Matt Olson</a>",24.0,317.0,0.3444717738363478
15564,"<a href=""statss.aspx?playerid=15564&position=1B"">Tyler White</a>",27.0,218.0,0.3792775284259691
4220,"<a href=""statss.aspx?playerid=4220&position=1B/3B"">Ryan Zimmerman</a>",33.0,198.0,0.38536439359490643
17901,"<a href=""statss.aspx?playerid=17901&position=OF"">Andrew Benintendi</a>",23.0,303.0,0.33974982080269495
13152,"<a href=""statss.aspx?playerid=13152&position=2B/SS"">Jorge Polanco</a>",24.0,333.0,0.335821471972899
10071,"<a href=""statss.aspx?playerid=10071&position=2B/SS"">Jonathan Villar</a>",27.0,270.0,0.32507714041989977
5497,"<a href=""statss.aspx?playerid=5497&position=SS"">Marwin Gonzalez</a>",29.0,258.0,0.34493031698887744
12144,"<a href=""statss.aspx?playerid=12144&position=OF"">Max Kepler</a>",25.0,305.0,0.3287571823518527
11265,"<a href=""statss.aspx?playerid=11265&position=2B"">Jonathan Schoop</a>",26.0,235.0,0.33128539848531413
10847,"<a href=""statss.aspx?playerid=10847&position=SS"">Andrelton Simmons</a>",28.0,299.0,0.2934714163027479
12856,"<a href=""statss.aspx?playerid=12856&position=OF"">George Springer</a>",28.0,248.0,0.3457201610251171
11038,"<a href=""statss.aspx?playerid=11038&position=OF"">Kevin Kiermaier</a>",28.0,274.0,0.2947439493956389
7007,"<a href=""statss.aspx?playerid=7007&position=C"">Yadier Molina</a>",35.0,295.0,0.3137713765693923
9776,"<a href=""statss.aspx?playerid=9776&position=2B"">Jason Kipnis</a>",31.0,276.0,0.33797701532190494
7435,"<a href=""statss.aspx?playerid=7435&position=2B/OF"">Ben Zobrist</a>",37.0,271.0,0.3463531383761653
10815,"<a href=""statss.aspx?playerid=10815&position=OF"">Jurickson Profar</a>",25.0,283.0,0.35473352228373606
9549,"<a href=""statss.aspx?playerid=9549&position=3B"">David Freese</a>",35.0,173.0,0.39330545016106844
11205,"<a href=""statss.aspx?playerid=11205&position=OF"">Adam Eaton</a>",29.0,276.0,0.3608924220078183
12005,"<a href=""statss.aspx?playerid=12005&position=DH/OF"">Nick Martini</a>",28.0,169.0,0.3729044947595823
1433,"<a href=""statss.aspx?playerid=1433&position=C"">Wilson Ramos</a>",30.0,144.0,0.3930352892674191
13145,"<a href=""statss.aspx?playerid=13145&position=1B/DH"">Josh Bell</a>",25.0,259.0,0.3640844907742066
15640,"<a href=""statss.aspx?playerid=15640&position=OF"">Aaron Judge</a>",26.0,147.0,0.37600551738220006
4579,"<a href=""statss.aspx?playerid=4579&position=2B/SS"">Starlin Castro</a>",28.0,291.0,0.31911535184688633
15937,"<a href=""statss.aspx?playerid=15937&position=SS"">Aledmys Diaz</a>",27.0,245.0,0.34430500522988744
9627,"<a href=""statss.aspx?playerid=9627&position=C"">Yan Gomes</a>",30.0,209.0,0.32561761910835524
9054,"<a href=""statss.aspx?playerid=9054&position=1B"">Justin Smoak</a>",31.0,279.0,0.35255185399858757
12092,"<a href=""statss.aspx?playerid=12092&position=2B/SS"">Niko Goodrum</a>",26.0,275.0,0.33249007333408703
9957,"<a href=""statss.aspx?playerid=9957&position=1B/OF"">Steve Pearce</a>",35.0,161.0,0.3836375093608169
6153,"<a href=""statss.aspx?playerid=6153&position=3B"">Eduardo Escobar</a>",29.0,312.0,0.3333560396711548
15986,"<a href=""statss.aspx?playerid=15986&position=SS"">Willy Adames</a>",22.0,252.0,0.3391468794115128
5222,"<a href=""statss.aspx?playerid=5222&position=OF"">Justin Upton</a>",30.0,262.0,0.352095958840756
10047,"<a href=""statss.aspx?playerid=10047&position=1B/OF"">Wil Myers</a>",27.0,268.0,0.3318092858613427
14566,"<a href=""statss.aspx?playerid=14566&position=DH/OF"">Franmil Reyes</a>",22.0,189.0,0.38754302736312624
15464,"<a href=""statss.aspx?playerid=15464&position=OF"">Hunter Renfroe</a>",26.0,285.0,0.3411628216399742
17992,"<a href=""statss.aspx?playerid=17992&position=2B"">David Fletcher</a>",24.0,270.0,0.290016687094942
4962,"<a href=""statss.aspx?playerid=4962&position=SS"">Asdrubal Cabrera</a>",32.0,262.0,0.32255208811997454
7287,"<a href=""statss.aspx?playerid=7287&position=OF"">Carlos Gonzalez</a>",32.0,272.0,0.35331975445976116
10339,"<a href=""statss.aspx?playerid=10339&position=2B"">Scooter Gennett</a>",28.0,307.0,0.3408158986397039
19198,"<a href=""statss.aspx?playerid=19198&position=1B"">Yuli Gurriel</a>",34.0,294.0,0.3282225748308662
14477,"<a href=""statss.aspx?playerid=14477&position=OF"">Jake Cave</a>",25.0,273.0,0.339033062130102
5452,"<a href=""statss.aspx?playerid=5452&position=1B"">Ji-Man Choi</a>",27.0,189.0,0.3748734495627186
3892,"<a href=""statss.aspx?playerid=3892&position=OF"">Josh Reddick</a>",31.0,262.0,0.3022770559277516
15191,"<a href=""statss.aspx?playerid=15191&position=OF"">Chad Pinder</a>",26.0,147.0,0.3515605355131215
4316,"<a href=""statss.aspx?playerid=4316&position=1B/2B"">Daniel Murphy</a>",33.0,299.0,0.3603616987013255
16556,"<a href=""statss.aspx?playerid=16556&position=2B"">Ozzie Albies</a>",21.0,310.0,0.29198157748868386
9847,"<a href=""statss.aspx?playerid=9847&position=OF"">Andrew McCutchen</a>",31.0,332.0,0.35120782679301377
7476,"<a href=""statss.aspx?playerid=7476&position=C"">Alex Avila</a>",31.0,113.0,0.3363014502184732
18289,"<a href=""statss.aspx?playerid=18289&position=3B/OF"">Brian Anderson</a>",25.0,308.0,0.3209219044893495
16442,"<a href=""statss.aspx?playerid=16442&position=1B"">Ryan O'Hearn</a>",24.0,170.0,0.39825239637318777
13265,"<a href=""statss.aspx?playerid=13265&position=C"">Mike Zunino</a>",27.0,194.0,0.2903667507097893
12179,"<a href=""statss.aspx?playerid=12179&position=3B"">Maikel Franco</a>",25.0,213.0,0.3462251470419779
2151,"<a href=""statss.aspx?playerid=2151&position=1B/3B/DH"">Edwin Encarnacion</a>",35.0,272.0,0.36168493965969367
5760,"<a href=""statss.aspx?playerid=5760&position=OF"">Avisail Garcia</a>",27.0,272.0,0.3144269159546605
10324,"<a href=""statss.aspx?playerid=10324&position=DH/OF"">Marcell Ozuna</a>",27.0,306.0,0.32790709835918325
2829,"<a href=""statss.aspx?playerid=2829&position=C"">Manny Pina</a>",31.0,137.0,0.3179538098733817
10199,"<a href=""statss.aspx?playerid=10199&position=OF"">Billy Hamilton</a>",27.0,275.0,0.2832561983679333
8610,"<a href=""statss.aspx?playerid=8610&position=1B/DH"">Kendrys Morales</a>",35.0,242.0,0.36102972899874053
6195,"<a href=""statss.aspx?playerid=6195&position=2B"">Ian Kinsler</a>",36.0,227.0,0.3079962670015344
16997,"<a href=""statss.aspx?playerid=16997&position=2B"">Gleyber Torres</a>",21.0,255.0,0.3290888085140018
11680,"<a href=""statss.aspx?playerid=11680&position=C"">Elias Diaz</a>",27.0,143.0,0.34125464986747417
8347,"<a href=""statss.aspx?playerid=8347&position=OF"">Denard Span</a>",34.0,231.0,0.3259413528752017
18882,"<a href=""statss.aspx?playerid=18882&position=2B"">Brandon Lowe</a>",23.0,148.0,0.3335839477745262
11342,"<a href=""statss.aspx?playerid=11342&position=1B"">Jesus Aguilar</a>",28.0,316.0,0.34312277594313456
13338,"<a href=""statss.aspx?playerid=13338&position=C"">Omar Narvaez</a>",26.0,182.0,0.38223190696199955
19238,"<a href=""statss.aspx?playerid=19238&position=OF"">Lourdes Gurriel Jr.</a>",24.0,189.0,0.3468276883829086
2396,"<a href=""statss.aspx?playerid=2396&position=1B"">Carlos Santana</a>",32.0,332.0,0.3235144084150141
5491,"<a href=""statss.aspx?playerid=5491&position=C"">Austin Romine</a>",29.0,159.0,0.2787220142310179
4314,"<a href=""statss.aspx?playerid=4314&position=1B"">Joey Votto</a>",34.0,264.0,0.34862955936526885
9874,"<a href=""statss.aspx?playerid=9874&position=2B"">DJ LeMahieu</a>",29.0,310.0,0.31710582122833597
15711,"<a href=""statss.aspx?playerid=15711&position=OF"">Tyler O'Neill</a>",23.0,101.0,0.34717849457618033
11602,"<a href=""statss.aspx?playerid=11602&position=2B/3B"">Yolmer Sanchez</a>",26.0,338.0,0.2858623931450503
15608,"<a href=""statss.aspx?playerid=15608&position=C/3B"">Willians Astudillo</a>",26.0,95.0,0.37755580073908757
14593,"<a href=""statss.aspx?playerid=14593&position=2B/3B"">David Bote</a>",25.0,177.0,0.3218505893918601
9345,"<a href=""statss.aspx?playerid=9345&position=2B/3B/OF"">Brock Holt</a>",30.0,205.0,0.3326119917864893
11339,"<a href=""statss.aspx?playerid=11339&position=OF"">Jake Marisnick</a>",27.0,79.0,0.3438301156093548
16472,"<a href=""statss.aspx?playerid=16472&position=1B"">Rhys Hoskins</a>",25.0,354.0,0.354705082796113
13590,"<a href=""statss.aspx?playerid=13590&position=OF"">Jesse Winker</a>",24.0,60.0,0.4780025338304454
3298,"<a href=""statss.aspx?playerid=3298&position=3B/OF"">Charlie Culberson</a>",29.0,173.0,0.34356580366044354
16623,"<a href=""statss.aspx?playerid=16623&position=OF"">Greg Allen</a>",25.0,181.0,0.3161988430104013
3410,"<a href=""statss.aspx?playerid=3410&position=OF"">Ryan Braun</a>",34.0,214.0,0.3494116569820203
4892,"<a href=""statss.aspx?playerid=4892&position=3B"">Mike Moustakas</a>",29.0,294.0,0.32150835921503096
11445,"<a href=""statss.aspx?playerid=11445&position=OF"">Mark Canha</a>",29.0,186.0,0.3294370683931535
13277,"<a href=""statss.aspx?playerid=13277&position=OF"">Joey Rickard</a>",27.0,144.0,0.31980105489492416
14145,"<a href=""statss.aspx?playerid=14145&position=2B/3B/SS"">Daniel Robertson</a>",24.0,103.0,0.3481218189869112
5223,"<a href=""statss.aspx?playerid=5223&position=OF"">Cameron Maybin</a>",31.0,179.0,0.3242915968655208
14503,"<a href=""statss.aspx?playerid=14503&position=3B/DH"">Renato Nunez</a>",24.0,220.0,0.3382133930921555
15676,"<a href=""statss.aspx?playerid=15676&position=1B"">Jose Abreu</a>",31.0,204.0,0.3435319151618693
3448,"<a href=""statss.aspx?playerid=3448&position=C"">Jeff Mathis</a>",35.0,118.0,0.2535124054321876
17232,"<a href=""statss.aspx?playerid=17232&position=3B"">Yoan Moncada</a>",23.0,324.0,0.3223863595761127
9134,"<a href=""statss.aspx?playerid=9134&position=C"">Tyler Flowers</a>",32.0,165.0,0.2872841881983208
4616,"<a href=""statss.aspx?playerid=4616&position=C"">Russell Martin</a>",35.0,136.0,0.3250408352297895
7304,"<a href=""statss.aspx?playerid=7304&position=C"">Salvador Perez</a>",28.0,287.0,0.33036328711991525
11899,"<a href=""statss.aspx?playerid=11899&position=DH/OF"">Joc Pederson</a>",26.0,226.0,0.3415148069283792
2434,"<a href=""statss.aspx?playerid=2434&position=DH/OF"">Nelson Cruz</a>",37.0,299.0,0.33256121295871155
16357,"<a href=""statss.aspx?playerid=16357&position=OF"">Pablo Reyes</a>",24.0,63.0,0.3585563794014946
11737,"<a href=""statss.aspx?playerid=11737&position=3B/OF"">Nick Castellanos</a>",26.0,327.0,0.35493789526132435
5209,"<a href=""statss.aspx?playerid=5209&position=OF"">Alex Gordon</a>",34.0,310.0,0.30623223932532523
13744,"<a href=""statss.aspx?playerid=13744&position=OF"">David Dahl</a>",24.0,174.0,0.36976992277538073
11470,"<a href=""statss.aspx?playerid=11470&position=C"">Tony Wolters</a>",26.0,95.0,0.30265647942020046
9256,"<a href=""statss.aspx?playerid=9256&position=OF"">A.J. Pollock</a>",30.0,294.0,0.3021201305601695
16535,"<a href=""statss.aspx?playerid=16535&position=C"">Danny Jansen</a>",23.0,95.0,0.34039409160614015
13185,"<a href=""statss.aspx?playerid=13185&position=SS"">Orlando Arcia</a>",23.0,154.0,0.30715115319669634
13355,"<a href=""statss.aspx?playerid=13355&position=C"">Luke Maile</a>",27.0,91.0,0.295747492994581
15429,"<a href=""statss.aspx?playerid=15429&position=3B/OF"">Kris Bryant</a>",26.0,146.0,0.3377728392337931
10700,"<a href=""statss.aspx?playerid=10700&position=OF"">Ryan LaMarre</a>",29.0,71.0,0.34082970484881336
5933,"<a href=""statss.aspx?playerid=5933&position=2B/SS"">Jean Segura</a>",28.0,286.0,0.28583554686590135
6547,"<a href=""statss.aspx?playerid=6547&position=SS"">Jordy Mercer</a>",31.0,155.0,0.2913504582367196
9927,"<a href=""statss.aspx?playerid=9927&position=OF"">Brett Gardner</a>",34.0,310.0,0.2904868355460923
13836,"<a href=""statss.aspx?playerid=13836&position=3B"">Matt Duffy</a>",27.0,279.0,0.29899385893087593
17642,"<a href=""statss.aspx?playerid=17642&position=SS"">JT Riddle</a>",26.0,221.0,0.2686426869847558
785,"<a href=""statss.aspx?playerid=785&position=3B"">Todd Frazier</a>",32.0,235.0,0.302725882611723
18363,"<a href=""statss.aspx?playerid=18363&position=OF"">Victor Robles</a>",21.0,66.0,0.36979288043397845
4881,"<a href=""statss.aspx?playerid=4881&position=OF"">Carlos Gomez</a>",32.0,144.0,0.3127221981962244
12434,"<a href=""statss.aspx?playerid=12434&position=OF"">Kevin Pillar</a>",29.0,215.0,0.3074463259342105
15161,"<a href=""statss.aspx?playerid=15161&position=C/DH"">Mitch Garver</a>",27.0,176.0,0.35320261921201435
13546,"<a href=""statss.aspx?playerid=13546&position=OF"">Roman Quinn</a>",25.0,143.0,0.31565796741297547
10059,"<a href=""statss.aspx?playerid=10059&position=C"">Max Stassi</a>",27.0,95.0,0.24680040070885106
10231,"<a href=""statss.aspx?playerid=10231&position=SS"">Jose Iglesias</a>",28.0,166.0,0.30857463497104065
13176,"<a href=""statss.aspx?playerid=13176&position=C/OF"">Blake Swihart</a>",26.0,124.0,0.32860158143504975
9253,"<a href=""statss.aspx?playerid=9253&position=OF"">Keon Broxton</a>",28.0,74.0,0.26265655578793706
2036,"<a href=""statss.aspx?playerid=2036&position=P"">Clayton Kershaw</a>",30.0,37.0,0.3402546201433454
4022,"<a href=""statss.aspx?playerid=4022&position=OF"">Melky Cabrera</a>",33.0,212.0,0.3561125068732028
5631,"<a href=""statss.aspx?playerid=5631&position=OF"">Matt Kemp</a>",33.0,234.0,0.32890096089359006
10348,"<a href=""statss.aspx?playerid=10348&position=OF"">Domingo Santana</a>",25.0,24.0,0.5583073968688647
7539,"<a href=""statss.aspx?playerid=7539&position=2B"">Neil Walker</a>",32.0,218.0,0.3386790829676169
15082,"<a href=""statss.aspx?playerid=15082&position=OF"">Adam Engel</a>",26.0,224.0,0.27876013165170493
2636,"<a href=""statss.aspx?playerid=2636&position=OF"">Brandon Guyer</a>",32.0,113.0,0.34524871089628767
15518,"<a href=""statss.aspx?playerid=15518&position=SS"">Amed Rosario</a>",22.0,327.0,0.2982818078330427
16478,"<a href=""statss.aspx?playerid=16478&position=DH/OF"">Kyle Schwarber</a>",25.0,224.0,0.3191869309250738
5275,"<a href=""statss.aspx?playerid=5275&position=C"">Francisco Cervelli</a>",32.0,186.0,0.3291752591081288
5038,"<a href=""statss.aspx?playerid=5038&position=3B"">Josh Donaldson</a>",32.0,60.0,0.39609753092130023
4403,"<a href=""statss.aspx?playerid=4403&position=C"">Erik Kratz</a>",38.0,170.0,0.256118744435395
13288,"<a href=""statss.aspx?playerid=13288&position=1B/OF"">Peter O'Brien</a>",27.0,74.0,0.3662455677986145
3312,"<a href=""statss.aspx?playerid=3312&position=3B"">Martin Prado</a>",34.0,110.0,0.3082864306189797
14735,"<a href=""statss.aspx?playerid=14735&position=OF"">Brett Phillips</a>",24.0,133.0,0.25867609646087303
17719,"<a href=""statss.aspx?playerid=17719&position=OF"">Steven Duggar</a>",24.0,152.0,0.2974527651900487
14712,"<a href=""statss.aspx?playerid=14712&position=OF"">Manuel Margot</a>",23.0,263.0,0.28569934727581403
18314,"<a href=""statss.aspx?playerid=18314&position=SS"">Dansby Swanson</a>",24.0,255.0,0.2789997302644975
12858,"<a href=""statss.aspx?playerid=12858&position=OF"">Brian Goodwin</a>",27.0,116.0,0.3291958149137168
9166,"<a href=""statss.aspx?playerid=9166&position=C"">Buster Posey</a>",31.0,159.0,0.29652599518812156
9810,"<a href=""statss.aspx?playerid=9810&position=2B"">Brian Dozier</a>",31.0,283.0,0.30581343681254286
12158,"<a href=""statss.aspx?playerid=12158&position=C"">Austin Barnes</a>",28.0,88.0,0.2794180996277753
5751,"<a href=""statss.aspx?playerid=5751&position=2B/3B/OF"">Hernan Perez</a>",27.0,162.0,0.3071685914667497
12294,"<a href=""statss.aspx?playerid=12294&position=2B/3B"">Cory Spangenberg</a>",27.0,155.0,0.302764845829384
7802,"<a href=""statss.aspx?playerid=7802&position=SS"">Miguel Rojas</a>",29.0,226.0,0.2751915359071323
6887,"<a href=""statss.aspx?playerid=6887&position=C"">Martin Maldonado</a>",31.0,165.0,0.2462438719301689
6310,"<a href=""statss.aspx?playerid=6310&position=SS"">Alcides Escobar</a>",31.0,218.0,0.3042980764272078
15172,"<a href=""statss.aspx?playerid=15172&position=SS"">Tim Anderson</a>",25.0,293.0,0.26725699893387733
7996,"<a href=""statss.aspx?playerid=7996&position=1B/OF"">Jose Martinez</a>",29.0,275.0,0.33688591491608394
13768,"<a href=""statss.aspx?playerid=13768&position=OF"">Travis Jankowski</a>",27.0,194.0,0.2850847963842086
3142,"<a href=""statss.aspx?playerid=3142&position=C"">Robinson Chirinos</a>",34.0,195.0,0.33472575560594214
9460,"<a href=""statss.aspx?playerid=9460&position=P"">Dan Straily</a>",29.0,25.0,0.3407247581265189
14738,"<a href=""statss.aspx?playerid=14738&position=OF"">Phillip Ervin</a>",25.0,202.0,0.3280574806887119
15038,"<a href=""statss.aspx?playerid=15038&position=P"">German Marquez</a>",23.0,34.0,0.30223580996195476
9571,"<a href=""statss.aspx?playerid=9571&position=OF"">Craig Gentry</a>",34.0,34.0,0.3861965992871453
11738,"<a href=""statss.aspx?playerid=11738&position=3B"">Christian Villanueva</a>",27.0,133.0,0.30479128109781367
9284,"<a href=""statss.aspx?playerid=9284&position=C/OF"">Chris Herrmann</a>",30.0,69.0,0.32610345318697503
2900,"<a href=""statss.aspx?playerid=2900&position=C"">Roberto Perez</a>",29.0,105.0,0.26156172306850706
4940,"<a href=""statss.aspx?playerid=4940&position=OF"">Jason Heyward</a>",28.0,228.0,0.2961345087540777
16925,"<a href=""statss.aspx?playerid=16925&position=C"">Aramis Garcia</a>",25.0,65.0,0.341285345187554
14678,"<a href=""statss.aspx?playerid=14678&position=2B/SS"">Tzu-Wei Lin</a>",24.0,32.0,0.46482543274760246
5930,"<a href=""statss.aspx?playerid=5930&position=OF"">Nick Markakis</a>",34.0,344.0,0.31505184142121123
7872,"<a href=""statss.aspx?playerid=7872&position=P"">Tyson Ross</a>",31.0,16.0,0.369930092493693
10954,"<a href=""statss.aspx?playerid=10954&position=P"">Jacob deGrom</a>",30.0,35.0,0.25094426189150126
17766,"<a href=""statss.aspx?playerid=17766&position=OF"">D.J. Stewart</a>",24.0,47.0,0.3734234292456444
9803,"<a href=""statss.aspx?playerid=9803&position=P"">Miles Mikolas</a>",29.0,35.0,0.2592511429931178
14330,"<a href=""statss.aspx?playerid=14330&position=OF"">Nick Williams</a>",24.0,238.0,0.335382675924221
15674,"<a href=""statss.aspx?playerid=15674&position=C"">Reese McGuire</a>",23.0,33.0,0.3848685965393529
18015,"<a href=""statss.aspx?playerid=18015&position=SS"">Paul DeJong</a>",24.0,319.0,0.30222698529059955
8753,"<a href=""statss.aspx?playerid=8753&position=P"">Tanner Roark</a>",31.0,34.0,0.267111187981021
5667,"<a href=""statss.aspx?playerid=5667&position=OF"">Steven Souza Jr.</a>",29.0,225.0,0.3207497639126248
15149,"<a href=""statss.aspx?playerid=15149&position=1B/DH/OF"">Trey Mancini</a>",26.0,310.0,0.31805559172985237
1857,"<a href=""statss.aspx?playerid=1857&position=C/1B"">Joe Mauer</a>",35.0,323.0,0.31385115134678665
17161,"<a href=""statss.aspx?playerid=17161&position=C"">Chad Wallach</a>",26.0,18.0,0.4160460929075877
12284,"<a href=""statss.aspx?playerid=12284&position=C"">Kevan Smith</a>",30.0,127.0,0.31808864319418356
18721,"<a href=""statss.aspx?playerid=18721&position=OF"">Guillermo Heredia</a>",27.0,131.0,0.29054542367274944
13130,"<a href=""statss.aspx?playerid=13130&position=OF"">Mikie Mahtook</a>",28.0,175.0,0.3054608508518764
11287,"<a href=""statss.aspx?playerid=11287&position=C"">Bryan Holaday</a>",30.0,76.0,0.25705083157565145
16578,"<a href=""statss.aspx?playerid=16578&position=1B/3B/DH"">Yandy Diaz</a>",26.0,120.0,0.3461074528573942
15679,"<a href=""statss.aspx?playerid=15679&position=1B"">Rowdy Tellez</a>",23.0,73.0,0.39237840453239337
14894,"<a href=""statss.aspx?playerid=14894&position=2B/OF"">Tony Kemp</a>",26.0,184.0,0.31540598634813655
3137,"<a href=""statss.aspx?playerid=3137&position=P"">Max Scherzer</a>",33.0,40.0,0.23211899655205862
9892,"<a href=""statss.aspx?playerid=9892&position=OF"">Jay Bruce</a>",31.0,125.0,0.3468913214821969
8709,"<a href=""statss.aspx?playerid=8709&position=SS"">Elvis Andrus</a>",29.0,317.0,0.28367748753129496
16313,"<a href=""statss.aspx?playerid=16313&position=SS/OF"">Yairo Munoz</a>",23.0,193.0,0.3433032191180168
16285,"<a href=""statss.aspx?playerid=16285&position=OF"">Michael Hermosillo</a>",23.0,21.0,0.448693349247887
15654,"<a href=""statss.aspx?playerid=15654&position=OF"">Billy McKinney</a>",23.0,128.0,0.3382295868359506
5913,"<a href=""statss.aspx?playerid=5913&position=OF"">Leury Garcia</a>",27.0,117.0,0.2900681150586982
7324,"<a href=""statss.aspx?playerid=7324&position=C"">Chris Gimenez</a>",35.0,34.0,0.36751026966992545
7619,"<a href=""statss.aspx?playerid=7619&position=1B/3B"">Mark Reynolds</a>",34.0,134.0,0.35309534996075737
16424,"<a href=""statss.aspx?playerid=16424&position=OF"">Jordan Luplow</a>",24.0,103.0,0.2765560404768268
13361,"<a href=""statss.aspx?playerid=13361&position=P"">Steven Matz</a>",27.0,24.0,0.2747933424037436
5827,"<a href=""statss.aspx?playerid=5827&position=1B"">Wilmer Flores</a>",26.0,246.0,0.3075248647709282
4298,"<a href=""statss.aspx?playerid=4298&position=C"">Matt Wieters</a>",32.0,195.0,0.3033507301782568
7185,"<a href=""statss.aspx?playerid=7185&position=2B"">Logan Forsythe</a>",31.0,247.0,0.29371472408897
10556,"<a href=""statss.aspx?playerid=10556&position=2B"">Cesar Hernandez</a>",28.0,343.0,0.29711681919939376
6797,"<a href=""statss.aspx?playerid=6797&position=P"">Julio Teheran</a>",27.0,27.0,0.2679475128650665
7949,"<a href=""statss.aspx?playerid=7949&position=SS"">Tim Beckham</a>",28.0,290.0,0.30667390542871814
13602,"<a href=""statss.aspx?playerid=13602&position=3B"">Patrick Wisdom</a>",26.0,58.0,0.379040724244611
5524,"<a href=""statss.aspx?playerid=5524&position=P"">Madison Bumgarner</a>",28.0,33.0,0.22974948449568314
4810,"<a href=""statss.aspx?playerid=4810&position=C"">Brian McCann</a>",34.0,43.0,0.3468922958817593
11850,"<a href=""statss.aspx?playerid=11850&position=1B"">Tyler Austin</a>",26.0,136.0,0.3303225956418935
14818,"<a href=""statss.aspx?playerid=14818&position=OF"">JaCoby Jones</a>",26.0,193.0,0.2745896191794638
14897,"<a href=""statss.aspx?playerid=14897&position=DH/OF"">Daniel Palka</a>",26.0,264.0,0.3433790088609885
14444,"<a href=""statss.aspx?playerid=14444&position=P"">Hyun-Jin Ryu</a>",31.0,17.0,0.31794895231723785
14388,"<a href=""statss.aspx?playerid=14388&position=1B"">Ronald Guzman</a>",23.0,219.0,0.31498041680958716
2539,"<a href=""statss.aspx?playerid=2539&position=SS"">Pete Kozma</a>",30.0,32.0,0.2954831469443537
6564,"<a href=""statss.aspx?playerid=6564&position=C"">Bobby Wilson</a>",35.0,71.0,0.26159653025613705
15271,"<a href=""statss.aspx?playerid=15271&position=C"">Austin Wynns</a>",27.0,91.0,0.31310377830869696
639,"<a href=""statss.aspx?playerid=639&position=3B"">Adrian Beltre</a>",39.0,262.0,0.30833380549918604
15982,"<a href=""statss.aspx?playerid=15982&position=1B/3B"">Ryder Jones</a>",24.0,8.0,0.6176484599709511
15491,"<a href=""statss.aspx?playerid=15491&position=SS"">J.P. Crawford</a>",23.0,26.0,0.40318804520827073
12371,"<a href=""statss.aspx?playerid=12371&position=2B/3B"">Tommy La Stella</a>",29.0,82.0,0.3175775770899616
17620,"<a href=""statss.aspx?playerid=17620&position=OF"">Myles Straw</a>",23.0,10.0,0.4479419529438019
5238,"<a href=""statss.aspx?playerid=5238&position=OF"">Isaac Galloway</a>",28.0,74.0,0.3040656373925405
11338,"<a href=""statss.aspx?playerid=11338&position=2B/3B"">Adrian Sanchez</a>",27.0,36.0,0.3419543421930737
5517,"<a href=""statss.aspx?playerid=5517&position=C"">Kyle Higashioka</a>",28.0,75.0,0.2521543089548747
16512,"<a href=""statss.aspx?playerid=16512&position=SS"">Isiah Kiner-Falefa</a>",23.0,155.0,0.30094758772080943
2717,"<a href=""statss.aspx?playerid=2717&position=P"">Rick Porcello</a>",29.0,7.0,0.48201149702072144
6876,"<a href=""statss.aspx?playerid=6876&position=1B/DH/OF"">Mark Trumbo</a>",32.0,163.0,0.33044921913029957
15519,"<a href=""statss.aspx?playerid=15519&position=2B/SS"">Franklin Barreto</a>",22.0,22.0,0.3612510914152319
16162,"<a href=""statss.aspx?playerid=16162&position=P"">Brandon Woodruff</a>",25.0,3.0,0.9067860245704651
11761,"<a href=""statss.aspx?playerid=11761&position=OF"">Drew Robinson</a>",26.0,36.0,0.3548397554291619
13300,"<a href=""statss.aspx?playerid=13300&position=C"">Spencer Kieboom</a>",27.0,96.0,0.30522336438298225
15112,"<a href=""statss.aspx?playerid=15112&position=3B"">Ryan McMahon</a>",23.0,96.0,0.3253615473446093
11859,"<a href=""statss.aspx?playerid=11859&position=OF"">Mason Williams</a>",26.0,132.0,0.3150411927422812
5702,"<a href=""statss.aspx?playerid=5702&position=P"">Junior Guerra</a>",33.0,17.0,0.27184443263446584
8267,"<a href=""statss.aspx?playerid=8267&position=C"">Chris Iannetta</a>",35.0,164.0,0.3067482364030532
17350,"<a href=""statss.aspx?playerid=17350&position=3B"">Rafael Devers</a>",21.0,157.0,0.30526580887456095
16411,"<a href=""statss.aspx?playerid=16411&position=2B/SS"">Richard Urena</a>",22.0,89.0,0.3114366050470959
16622,"<a href=""statss.aspx?playerid=16622&position=2B/3B"">Luis Urias</a>",21.0,53.0,0.2689511438585677
8418,"<a href=""statss.aspx?playerid=8418&position=3B/SS"">Ehire Adrianza</a>",28.0,160.0,0.27227147345273
17027,"<a href=""statss.aspx?playerid=17027&position=OF"">Alex Verdugo</a>",22.0,49.0,0.3203837068713441
7571,"<a href=""statss.aspx?playerid=7571&position=3B/OF"">Lonnie Chisenhall</a>",29.0,6.0,0.67481609582901
13110,"<a href=""statss.aspx?playerid=13110&position=OF"">Yoenis Cespedes</a>",32.0,5.0,0.7199777603149414
12981,"<a href=""statss.aspx?playerid=12981&position=C"">Cam Gallagher</a>",25.0,44.0,0.2477795772774275
11270,"<a href=""statss.aspx?playerid=11270&position=OF"">Aaron Altherr</a>",27.0,64.0,0.30302627570927143
19262,"<a href=""statss.aspx?playerid=19262&position=2B/OF"">Garrett Hampson</a>",23.0,48.0,0.3546597162882487
16271,"<a href=""statss.aspx?playerid=16271&position=2B/3B"">Alex Blandino</a>",25.0,15.0,0.41167348623275757
14162,"<a href=""statss.aspx?playerid=14162&position=SS"">Carlos Correa</a>",23.0,153.0,0.23174508896313215
14196,"<a href=""statss.aspx?playerid=14196&position=SS"">Andrew Velazquez</a>",23.0,12.0,0.36800340314706165
8879,"<a href=""statss.aspx?playerid=8879&position=C"">Ryan Lavarnway</a>",30.0,6.0,0.6476445098718008
12977,"<a href=""statss.aspx?playerid=12977&position=C"">Michael Perez</a>",25.0,80.0,0.29783231095422674
18694,"<a href=""statss.aspx?playerid=18694&position=P"">Kolby Allard</a>",20.0,3.0,0.8795307278633118
6848,"<a href=""statss.aspx?playerid=6848&position=3B/SS"">Eduardo Nunez</a>",31.0,218.0,0.31077781374301383
10354,"<a href=""statss.aspx?playerid=10354&position=P"">Robbie Erlin</a>",27.0,21.0,0.23375847273402744
15730,"<a href=""statss.aspx?playerid=15730&position=2B/OF"">Tyler Wade</a>",23.0,32.0,0.3003925457596779
14320,"<a href=""statss.aspx?playerid=14320&position=2B/SS"">Wilmer Difo</a>",26.0,189.0,0.28077594492886515
16909,"<a href=""statss.aspx?playerid=16909&position=1B/3B"">Colin Moran</a>",25.0,211.0,0.31488745099022275
16977,"<a href=""statss.aspx?playerid=16977&position=P"">Trevor Williams</a>",26.0,23.0,0.22320285439491272
7087,"<a href=""statss.aspx?playerid=7087&position=C"">Caleb Joseph</a>",32.0,168.0,0.27461362807523637
11682,"<a href=""statss.aspx?playerid=11682&position=P"">Carlos Martinez</a>",26.0,10.0,0.337408047914505
4747,"<a href=""statss.aspx?playerid=4747&position=OF"">Curtis Granderson</a>",37.0,184.0,0.3203941056361565
19254,"<a href=""statss.aspx?playerid=19254&position=1B"">Jose Fernandez</a>",30.0,90.0,0.31906765434477063
16561,"<a href=""statss.aspx?playerid=16561&position=P"">Austin Gomber</a>",24.0,20.0,0.21588150329060024
4866,"<a href=""statss.aspx?playerid=4866&position=OF"">Jarrod Dyson</a>",33.0,8.0,0.39226508140563965
15279,"<a href=""statss.aspx?playerid=15279&position=1B/DH"">Garrett Cooper</a>",27.0,29.0,0.26598335545638513
11442,"<a href=""statss.aspx?playerid=11442&position=C"">Gary Sanchez</a>",25.0,109.0,0.2829727885919973
16451,"<a href=""statss.aspx?playerid=16451&position=2B/3B"">Luis Guillorme</a>",23.0,10.0,0.4207652509212494
6589,"<a href=""statss.aspx?playerid=6589&position=2B"">Sean Rodriguez</a>",33.0,36.0,0.3270881738927629
19374,"<a href=""statss.aspx?playerid=19374&position=P"">Walker Buehler</a>",23.0,26.0,0.19588728427886962
17085,"<a href=""statss.aspx?playerid=17085&position=P"">Pablo Lopez</a>",22.0,17.0,0.20800761133432388
629,"<a href=""statss.aspx?playerid=629&position=OF"">Brandon Barnes</a>",32.0,21.0,0.32990526585351854
6652,"<a href=""statss.aspx?playerid=6652&position=3B/SS"">Chase d'Arnaud</a>",31.0,100.0,0.2662779983848032
11189,"<a href=""statss.aspx?playerid=11189&position=P"">Vince Velasquez</a>",26.0,16.0,0.21473830938339233
17018,"<a href=""statss.aspx?playerid=17018&position=P"">Jefry Rodriguez</a>",24.0,13.0,0.2505280276139577
10123,"<a href=""statss.aspx?playerid=10123&position=P"">Kyle Gibson</a>",30.0,2.0,0.8795307278633118
13807,"<a href=""statss.aspx?playerid=13807&position=C"">Kevin Plawecki</a>",27.0,182.0,0.28627308786914335
4972,"<a href=""statss.aspx?playerid=4972&position=P"">Cole Hamels</a>",34.0,25.0,0.1866424803932508
13684,"<a href=""statss.aspx?playerid=13684&position=P"">John Gant</a>",25.0,24.0,0.1846207705411044
17479,"<a href=""statss.aspx?playerid=17479&position=P"">Jack Flaherty</a>",22.0,30.0,0.16886834851626692
17714,"<a href=""statss.aspx?playerid=17714&position=OF"">Christin Stewart</a>",24.0,72.0,0.34801411132017773
10767,"<a href=""statss.aspx?playerid=10767&position=OF"">Lane Adams</a>",28.0,8.0,0.4097629189491272
1873,"<a href=""statss.aspx?playerid=1873&position=OF"">Matt Holliday</a>",38.0,65.0,0.3770061520429758
9682,"<a href=""statss.aspx?playerid=9682&position=2B/3B/SS"">Adam Rosales</a>",35.0,21.0,0.2863347202539444
1943,"<a href=""statss.aspx?playerid=1943&position=P"">Zack Greinke</a>",34.0,35.0,0.16602730926345377
12164,"<a href=""statss.aspx?playerid=12164&position=1B/3B"">Miguel Sano</a>",25.0,136.0,0.29924792007488366
13910,"<a href=""statss.aspx?playerid=13910&position=OF"">Patrick Kivlehan</a>",28.0,14.0,0.33972819788115366
10310,"<a href=""statss.aspx?playerid=10310&position=P"">Zack Wheeler</a>",28.0,31.0,0.1711047311623891
13543,"<a href=""statss.aspx?playerid=13543&position=P"">Blake Snell</a>",25.0,3.0,0.46990150213241577
12758,"<a href=""statss.aspx?playerid=12758&position=2B/3B"">Breyvic Valera</a>",26.0,41.0,0.2890652477741241
17062,"<a href=""statss.aspx?playerid=17062&position=C"">Grayson Greiner</a>",25.0,62.0,0.2931112079851089
13761,"<a href=""statss.aspx?playerid=13761&position=P"">Chris Stratton</a>",27.0,15.0,0.20042242209116617
11875,"<a href=""statss.aspx?playerid=11875&position=2B/SS"">Ronny Rodriguez</a>",26.0,180.0,0.28089092242515695
13658,"<a href=""statss.aspx?playerid=13658&position=DH/OF"">Terrance Gore</a>",27.0,5.0,0.17590614557266235
7059,"<a href=""statss.aspx?playerid=7059&position=P"">James Shields</a>",36.0,3.0,0.4397653639316559
10021,"<a href=""statss.aspx?playerid=10021&position=P"">Mike Minor</a>",30.0,3.0,0.41575829188028973
17466,"<a href=""statss.aspx?playerid=17466&position=P"">Heath Fillmyer</a>",24.0,5.0,0.3118187189102173
9433,"<a href=""statss.aspx?playerid=9433&position=C"">Dustin Garneau</a>",30.0,3.0,0.5230201085408529
16448,"<a href=""statss.aspx?playerid=16448&position=C"">Jacob Nottingham</a>",23.0,17.0,0.3097015443970175
9895,"<a href=""statss.aspx?playerid=9895&position=P"">Chris Rusin</a>",31.0,3.0,0.4397653639316559
13151,"<a href=""statss.aspx?playerid=13151&position=C"">Jose Briceno</a>",25.0,100.0,0.2707048305357345
17277,"<a href=""statss.aspx?playerid=17277&position=P"">Ranger Suarez</a>",22.0,6.0,0.26304076115290326
1736,"<a href=""statss.aspx?playerid=1736&position=SS"">Jose Reyes</a>",35.0,136.0,0.2754485258349666
17919,"<a href=""statss.aspx?playerid=17919&position=OF"">Ian Happ</a>",23.0,221.0,0.31152358229301835
4338,"<a href=""statss.aspx?playerid=4338&position=P"">Tyler Chatwood</a>",28.0,9.0,0.22415147508893693
9362,"<a href=""statss.aspx?playerid=9362&position=C"">Adam Moore</a>",34.0,20.0,0.30140496868836253
14813,"<a href=""statss.aspx?playerid=14813&position=2B/SS"">Kyle Farmer</a>",27.0,6.0,0.38306991259257
7841,"<a href=""statss.aspx?playerid=7841&position=P"">Jerry Blevins</a>",34.0,1.0,0.8795307278633118
15124,"<a href=""statss.aspx?playerid=15124&position=OF"">Tim Locastro</a>",25.0,0.0,0.0
13071,"<a href=""statss.aspx?playerid=13071&position=P"">Wei-Yin Chen</a>",32.0,25.0,0.16895074170568716
5221,"<a href=""statss.aspx?playerid=5221&position=P"">Wade LeBlanc</a>",33.0,4.0,0.29317690928777057
16631,"<a href=""statss.aspx?playerid=16631&position=P"">Jeff Brigham</a>",26.0,4.0,0.29317690928777057
11762,"<a href=""statss.aspx?playerid=11762&position=P"">Noah Syndergaard</a>",25.0,28.0,0.16183278881586516
14508,"<a href=""statss.aspx?playerid=14508&position=P"">Randy Rosario</a>",24.0,1.0,0.8795307278633118
5306,"<a href=""statss.aspx?playerid=5306&position=OF"">Kristopher Negron</a>",32.0,30.0,0.2372670571009318
17929,"<a href=""statss.aspx?playerid=17929&position=OF"">Cedric Mullins</a>",23.0,191.0,0.2976638646352859
12155,"<a href=""statss.aspx?playerid=12155&position=OF"">Eddie Rosario</a>",26.0,261.0,0.27593027762924843
12673,"<a href=""statss.aspx?playerid=12673&position=P"">Roenis Elias</a>",29.0,2.0,0.4397653639316559
14691,"<a href=""statss.aspx?playerid=14691&position=2B"">Harold Castro</a>",24.0,10.0,0.2638592183589935
10925,"<a href=""statss.aspx?playerid=10925&position=P"">Christian Bergman</a>",30.0,2.0,0.4397653639316559
6562,"<a href=""statss.aspx?playerid=6562&position=P"">Alex Cobb</a>",30.0,2.0,0.4397653639316559
13788,"<a href=""statss.aspx?playerid=13788&position=3B/SS"">Matt Reynolds</a>",27.0,1.0,0.8795307278633118
12384,"<a href=""statss.aspx?playerid=12384&position=C"">Beau Taylor</a>",28.0,6.0,0.322800745566686
13621,"<a href=""statss.aspx?playerid=13621&position=3B"">Jeimer Candelario</a>",24.0,311.0,0.2728529211013548
16110,"<a href=""statss.aspx?playerid=16110&position=P"">Daniel Ponce de Leon</a>",26.0,10.0,0.17536050743526882
3353,"<a href=""statss.aspx?playerid=3353&position=OF"">Matt Joyce</a>",33.0,27.0,0.3090501060852638
15734,"<a href=""statss.aspx?playerid=15734&position=P"">Brad Keller</a>",22.0,3.0,0.29317690928777057
11846,"<a href=""statss.aspx?playerid=11846&position=OF"">Leonys Martin</a>",30.0,50.0,0.28727893075164485
17470,"<a href=""statss.aspx?playerid=17470&position=P"">Chad Sobotka</a>",24.0,1.0,0.8795307278633118
14272,"<a href=""statss.aspx?playerid=14272&position=P"">Brian Johnson</a>",27.0,2.0,0.4397653639316559
3551,"<a href=""statss.aspx?playerid=3551&position=P"">Clayton Richard</a>",34.0,15.0,0.16351680244718278
7593,"<a href=""statss.aspx?playerid=7593&position=P"">Jordan Lyles</a>",27.0,3.0,0.22984319925308228
11752,"<a href=""statss.aspx?playerid=11752&position=P"">Luke Jackson</a>",26.0,1.0,0.6895295977592468
8044,"<a href=""statss.aspx?playerid=8044&position=P"">Jason Vargas</a>",35.0,19.0,0.155211304917055
13431,"<a href=""statss.aspx?playerid=13431&position=P"">Marcus Stroman</a>",27.0,3.0,0.29317690928777057
1177,"<a href=""statss.aspx?playerid=1177&position=1B"">Albert Pujols</a>",38.0,171.0,0.3120587706565857
19427,"<a href=""statss.aspx?playerid=19427&position=P"">Shane Bieber</a>",23.0,2.0,0.3447647988796234
2502,"<a href=""statss.aspx?playerid=2502&position=1B/OF"">Lucas Duda</a>",32.0,199.0,0.323694880541206
5409,"<a href=""statss.aspx?playerid=5409&position=3B"">Pablo Sandoval</a>",31.0,67.0,0.30696151861503945
14899,"<a href=""statss.aspx?playerid=14899&position=P"">Taylor Williams</a>",26.0,3.0,0.29317690928777057
9132,"<a href=""statss.aspx?playerid=9132&position=P"">Nathan Eovaldi</a>",28.0,9.0,0.1743400361802843
14107,"<a href=""statss.aspx?playerid=14107&position=P"">Kevin Gausman</a>",27.0,23.0,0.15815865734349127
11423,"<a href=""statss.aspx?playerid=11423&position=P"">Jose Quintana</a>",29.0,25.0,0.15296186571535858
9674,"<a href=""statss.aspx?playerid=9674&position=P"">Vidal Nuno</a>",30.0,2.0,0.8795307278633118
13183,"<a href=""statss.aspx?playerid=13183&position=P"">Zach Davies</a>",25.0,5.0,0.21988268196582794
10459,"<a href=""statss.aspx?playerid=10459&position=SS"">Adeiny Hechavarria</a>",29.0,145.0,0.26472404185268616
10197,"<a href=""statss.aspx?playerid=10197&position=P"">Shelby Miller</a>",27.0,2.0,0.3447647988796234
7462,"<a href=""statss.aspx?playerid=7462&position=3B"">Trevor Plouffe</a>",32.0,12.0,0.315824160973231
14140,"<a href=""statss.aspx?playerid=14140&position=SS"">Jose Rondon</a>",24.0,55.0,0.30891058336604726
8223,"<a href=""statss.aspx?playerid=8223&position=P"">Brett Anderson</a>",30.0,4.0,0.21988268196582794
1159,"<a href=""statss.aspx?playerid=1159&position=3B/SS"">Andrew Romine</a>",32.0,48.0,0.24854904289046922
15873,"<a href=""statss.aspx?playerid=15873&position=P"">Sean Manaea</a>",26.0,4.0,0.21988268196582794
9848,"<a href=""statss.aspx?playerid=9848&position=OF"">Austin Jackson</a>",31.0,215.0,0.283537073745284
11694,"<a href=""statss.aspx?playerid=11694&position=P"">Nick Kingham</a>",26.0,13.0,0.16360043103878313
8392,"<a href=""statss.aspx?playerid=8392&position=2B/3B"">Daniel Descalso</a>",31.0,176.0,0.3210702805683531
9368,"<a href=""statss.aspx?playerid=9368&position=3B"">Evan Longoria</a>",32.0,242.0,0.2869337722659111
13942,"<a href=""statss.aspx?playerid=13942&position=P"">Brent Suter</a>",28.0,4.0,0.21988268196582794
7158,"<a href=""statss.aspx?playerid=7158&position=OF"">Eric Young Jr.</a>",33.0,117.0,0.24125410705550104
11902,"<a href=""statss.aspx?playerid=11902&position=2B/3B"">Hanser Alberto</a>",25.0,18.0,0.2907729885157417
8259,"<a href=""statss.aspx?playerid=8259&position=C"">Kurt Suzuki</a>",34.0,175.0,0.3066793826648167
12325,"<a href=""statss.aspx?playerid=12325&position=2B/3B"">Jace Peterson</a>",28.0,104.0,0.27684286902251753
13594,"<a href=""statss.aspx?playerid=13594&position=P"">Robert Stephenson</a>",25.0,3.0,0.22984319925308228
2233,"<a href=""statss.aspx?playerid=2233&position=P"">Adam Wainwright</a>",36.0,6.0,0.17590614557266235
3174,"<a href=""statss.aspx?playerid=3174&position=OF"">Shin-Soo Choo</a>",35.0,296.0,0.32245575189590453
18300,"<a href=""statss.aspx?playerid=18300&position=P"">Andrew Suarez</a>",25.0,25.0,0.13867174088954926
16263,"<a href=""statss.aspx?playerid=16263&position=1B/OF"">Sam Travis</a>",24.0,25.0,0.328849766254425
4930,"<a href=""statss.aspx?playerid=4930&position=P"">Jon Lester</a>",34.0,27.0,0.14576499737226045
13834,"<a href=""statss.aspx?playerid=13834&position=P"">Alec Mills</a>",26.0,5.0,0.17590614557266235
11449,"<a href=""statss.aspx?playerid=11449&position=P"">Matt Grace</a>",29.0,3.0,0.29317690928777057
13804,"<a href=""statss.aspx?playerid=13804&position=P"">Walker Lockett</a>",24.0,4.0,0.1723823994398117
13324,"<a href=""statss.aspx?playerid=13324&position=2B/3B"">Ildemaro Vargas</a>",26.0,20.0,0.2679475128650665
13006,"<a href=""statss.aspx?playerid=13006&position=3B"">Mitch Walding</a>",25.0,10.0,0.2720358073711395
17182,"<a href=""statss.aspx?playerid=17182&position=3B/SS"">Jung Ho Kang</a>",31.0,6.0,0.29317690928777057
14350,"<a href=""statss.aspx?playerid=14350&position=OF"">Raimel Tapia</a>",24.0,27.0,0.309711582130856
12782,"<a href=""statss.aspx?playerid=12782&position=C"">Taylor Davis</a>",28.0,6.0,0.29317690928777057
14682,"<a href=""statss.aspx?playerid=14682&position=P"">Luis Perdomo</a>",25.0,6.0,0.14658845464388529
14130,"<a href=""statss.aspx?playerid=14130&position=1B/DH"">Daniel Vogelbach</a>",25.0,27.0,0.2992336418893602
15423,"<a href=""statss.aspx?playerid=15423&position=P"">Andrew Heaney</a>",27.0,6.0,0.14658845464388529
9323,"<a href=""statss.aspx?playerid=9323&position=P"">Patrick Corbin</a>",28.0,32.0,0.1418597948166632
5503,"<a href=""statss.aspx?playerid=5503&position=2B"">Corban Joseph</a>",29.0,9.0,0.3340373701519436
13066,"<a href=""statss.aspx?playerid=13066&position=OF"">Teoscar Hernandez</a>",25.0,241.0,0.30577156677285666
36,"<a href=""statss.aspx?playerid=36&position=P"">Xavier Cedeno</a>",31.0,0.0,0.0
404,"<a href=""statss.aspx?playerid=404&position=P"">CC Sabathia</a>",37.0,0.0,0.0
494,"<a href=""statss.aspx?playerid=494&position=P"">Fernando Rodney</a>",41.0,0.0,0.0
711,"<a href=""statss.aspx?playerid=711&position=P"">Rhiner Cruz</a>",31.0,0.0,0.0
1247,"<a href=""statss.aspx?playerid=1247&position=P"">Adam Ottavino</a>",32.0,0.0,0.0
1483,"<a href=""statss.aspx?playerid=1483&position=P"">Jon Edwards</a>",30.0,0.0,0.0
1514,"<a href=""statss.aspx?playerid=1514&position=P"">Oliver Perez</a>",36.0,0.0,0.0
1581,"<a href=""statss.aspx?playerid=1581&position=P"">Sean Doolittle</a>",31.0,0.0,0.0
1837,"<a href=""statss.aspx?playerid=1837&position=P"">Matt Belisle</a>",38.0,0.0,0.0
1852,"<a href=""statss.aspx?playerid=1852&position=P"">Ryan Madson</a>",37.0,0.0,0.0
1890,"<a href=""statss.aspx?playerid=1890&position=P"">Matt Moore</a>",29.0,0.0,0.0
2047,"<a href=""statss.aspx?playerid=2047&position=P"">Jorge De La Rosa</a>",37.0,0.0,0.0
2237,"<a href=""statss.aspx?playerid=2237&position=P"">Blaine Boyer</a>",36.0,0.0,0.0
2391,"<a href=""statss.aspx?playerid=2391&position=P"">Hector Rondon</a>",30.0,0.0,0.0
2660,"<a href=""statss.aspx?playerid=2660&position=P"">Brett Cecil</a>",31.0,0.0,0.0
2859,"<a href=""statss.aspx?playerid=2859&position=P"">Ross Detwiler</a>",32.0,0.0,0.0
2873,"<a href=""statss.aspx?playerid=2873&position=P"">Santiago Casilla</a>",37.0,0.0,0.0
2895,"<a href=""statss.aspx?playerid=2895&position=P"">Zach McAllister</a>",30.0,0.0,0.0
3096,"<a href=""statss.aspx?playerid=3096&position=P"">Kenley Jansen</a>",30.0,0.0,0.0
3132,"<a href=""statss.aspx?playerid=3132&position=P"">Tony Watson</a>",33.0,0.0,0.0
3164,"<a href=""statss.aspx?playerid=3164&position=P"">Tim Collins</a>",28.0,0.0,0.0
3184,"<a href=""statss.aspx?playerid=3184&position=P"">David Price</a>",32.0,0.0,0.0
3192,"<a href=""statss.aspx?playerid=3192&position=P"">Will Harris</a>",33.0,0.0,0.0
3200,"<a href=""statss.aspx?playerid=3200&position=P"">Ervin Santana</a>",35.0,0.0,0.0
3240,"<a href=""statss.aspx?playerid=3240&position=P"">Zack Britton</a>",30.0,0.0,0.0
3281,"<a href=""statss.aspx?playerid=3281&position=P"">Joe Smith</a>",34.0,0.0,0.0
3299,"<a href=""statss.aspx?playerid=3299&position=P"">Chris Hatcher</a>",33.0,0.0,0.0
3542,"<a href=""statss.aspx?playerid=3542&position=P"">Danny Duffy</a>",29.0,0.0,0.0
3548,"<a href=""statss.aspx?playerid=3548&position=P"">Liam Hendriks</a>",29.0,0.0,0.0
3555,"<a href=""statss.aspx?playerid=3555&position=P"">Tony Barnette</a>",34.0,0.0,0.0
3656,"<a href=""statss.aspx?playerid=3656&position=P"">Jim Johnson</a>",35.0,0.0,0.0
3840,"<a href=""statss.aspx?playerid=3840&position=P"">Zach Duke</a>",35.0,0.0,0.0
3993,"<a href=""statss.aspx?playerid=3993&position=P"">Allen Webster</a>",28.0,0.0,0.0
4001,"<a href=""statss.aspx?playerid=4001&position=P"">Enny Romero</a>",27.0,0.0,0.0
4020,"<a href=""statss.aspx?playerid=4020&position=P"">Yusmeiro Petit</a>",33.0,0.0,0.0
4064,"<a href=""statss.aspx?playerid=4064&position=P"">Brian Duensing</a>",35.0,0.0,0.0
4079,"<a href=""statss.aspx?playerid=4079&position=P"">Junichi Tazawa</a>",32.0,0.0,0.0
4090,"<a href=""statss.aspx?playerid=4090&position=P"">Luke Gregerson</a>",34.0,0.0,0.0
4168,"<a href=""statss.aspx?playerid=4168&position=P"">Edward Paredes</a>",31.0,0.0,0.0
4259,"<a href=""statss.aspx?playerid=4259&position=P"">David Hernandez</a>",33.0,0.0,0.0
4264,"<a href=""statss.aspx?playerid=4264&position=P"">Mark Melancon</a>",33.0,0.0,0.0
4300,"<a href=""statss.aspx?playerid=4300&position=P"">Matt Albers</a>",35.0,0.0,0.0
4301,"<a href=""statss.aspx?playerid=4301&position=P"">Justin Wilson</a>",30.0,0.0,0.0
4538,"<a href=""statss.aspx?playerid=4538&position=P"">Jason Hammel</a>",35.0,0.0,0.0
4682,"<a href=""statss.aspx?playerid=4682&position=P"">Pat Neshek</a>",37.0,0.0,0.0
4696,"<a href=""statss.aspx?playerid=4696&position=P"">Nate Jones</a>",32.0,0.0,0.0
4776,"<a href=""statss.aspx?playerid=4776&position=P"">Matt Shoemaker</a>",31.0,0.0,0.0
4878,"<a href=""statss.aspx?playerid=4878&position=P"">Brandon Maurer</a>",27.0,0.0,0.0
4891,"<a href=""statss.aspx?playerid=4891&position=P"">Peter Moylan</a>",39.0,0.0,0.0
4971,"<a href=""statss.aspx?playerid=4971&position=P"">Fernando Salas</a>",33.0,0.0,0.0
5003,"<a href=""statss.aspx?playerid=5003&position=P"">Jake Diekman</a>",31.0,0.0,0.0
5070,"<a href=""statss.aspx?playerid=5070&position=P"">Josh Fields</a>",32.0,0.0,0.0
5114,"<a href=""statss.aspx?playerid=5114&position=P"">Jeurys Familia</a>",28.0,0.0,0.0
5172,"<a href=""statss.aspx?playerid=5172&position=P"">Brandon Mann</a>",34.0,0.0,0.0
5224,"<a href=""statss.aspx?playerid=5224&position=P"">Blake Parker</a>",33.0,0.0,0.0
5358,"<a href=""statss.aspx?playerid=5358&position=P"">Jose Alvarez</a>",29.0,0.0,0.0
5448,"<a href=""statss.aspx?playerid=5448&position=P"">Jesse Chavez</a>",34.0,0.0,0.0
5498,"<a href=""statss.aspx?playerid=5498&position=P"">Arodys Vizcaino</a>",27.0,0.0,0.0
5615,"<a href=""statss.aspx?playerid=5615&position=P"">Ryan Brasier</a>",30.0,0.0,0.0
5640,"<a href=""statss.aspx?playerid=5640&position=P"">Tyler Clippard</a>",33.0,0.0,0.0
5766,"<a href=""statss.aspx?playerid=5766&position=P"">Bruce Rondon</a>",27.0,0.0,0.0
5830,"<a href=""statss.aspx?playerid=5830&position=P"">Jhan Marinez</a>",29.0,0.0,0.0
5985,"<a href=""statss.aspx?playerid=5985&position=P"">Randall Delgado</a>",28.0,0.0,0.0
6033,"<a href=""statss.aspx?playerid=6033&position=P"">Kelvin Herrera</a>",28.0,0.0,0.0
6216,"<a href=""statss.aspx?playerid=6216&position=P"">Dellin Betances</a>",30.0,0.0,0.0
6249,"<a href=""statss.aspx?playerid=6249&position=P"">Trevor Cahill</a>",30.0,0.0,0.0
6398,"<a href=""statss.aspx?playerid=6398&position=P"">Trevor May</a>",28.0,0.0,0.0
6499,"<a href=""statss.aspx?playerid=6499&position=P"">Blaine Hardy</a>",31.0,0.0,0.0
6576,"<a href=""statss.aspx?playerid=6576&position=P"">Robert Stock</a>",28.0,0.0,0.0
6612,"<a href=""statss.aspx?playerid=6612&position=P"">Marc Rzepczynski</a>",32.0,0.0,0.0
6627,"<a href=""statss.aspx?playerid=6627&position=P"">Brad Brach</a>",32.0,0.0,0.0
6632,"<a href=""statss.aspx?playerid=6632&position=P"">Carlos Carrasco</a>",31.0,0.0,0.0
6655,"<a href=""statss.aspx?playerid=6655&position=P"">Craig Kimbrel</a>",30.0,0.0,0.0
6661,"<a href=""statss.aspx?playerid=6661&position=P"">Alex Colome</a>",29.0,0.0,0.0
6785,"<a href=""statss.aspx?playerid=6785&position=P"">Andrew Miller</a>",33.0,0.0,0.0
6832,"<a href=""statss.aspx?playerid=6832&position=P"">Sam Freeman</a>",31.0,0.0,0.0
6941,"<a href=""statss.aspx?playerid=6941&position=P"">Joakim Soria</a>",34.0,0.0,0.0
6984,"<a href=""statss.aspx?playerid=6984&position=P"">Luis Garcia</a>",31.0,0.0,0.0
6986,"<a href=""statss.aspx?playerid=6986&position=P"">Ian Kennedy</a>",33.0,0.0,0.0
7005,"<a href=""statss.aspx?playerid=7005&position=P"">Ryan Pressly</a>",29.0,0.0,0.0
7108,"<a href=""statss.aspx?playerid=7108&position=P"">Pat Venditte</a>",33.0,0.0,0.0
7146,"<a href=""statss.aspx?playerid=7146&position=P"">Daniel Hudson</a>",31.0,0.0,0.0
7175,"<a href=""statss.aspx?playerid=7175&position=P"">Jonny Venters</a>",33.0,0.0,0.0
7196,"<a href=""statss.aspx?playerid=7196&position=P"">Greg Holland</a>",32.0,0.0,0.0
7274,"<a href=""statss.aspx?playerid=7274&position=P"">Craig Stammen</a>",34.0,0.0,0.0
7293,"<a href=""statss.aspx?playerid=7293&position=P"">Brad Ziegler</a>",38.0,0.0,0.0
7303,"<a href=""statss.aspx?playerid=7303&position=P"">Preston Guilmet</a>",30.0,0.0,0.0
7385,"<a href=""statss.aspx?playerid=7385&position=P"">Dan Otero</a>",33.0,0.0,0.0
7407,"<a href=""statss.aspx?playerid=7407&position=P"">Javy Guerra</a>",32.0,0.0,0.0
7410,"<a href=""statss.aspx?playerid=7410&position=P"">J.A. Happ</a>",35.0,0.0,0.0
7441,"<a href=""statss.aspx?playerid=7441&position=P"">Wade Davis</a>",32.0,0.0,0.0
7466,"<a href=""statss.aspx?playerid=7466&position=P"">Anthony Swarzak</a>",32.0,0.0,0.0
7531,"<a href=""statss.aspx?playerid=7531&position=P"">Collin McHugh</a>",31.0,0.0,0.0
7550,"<a href=""statss.aspx?playerid=7550&position=P"">Jake McGee</a>",31.0,0.0,0.0
7555,"<a href=""statss.aspx?playerid=7555&position=P"">Nick Vincent</a>",31.0,0.0,0.0
7677,"<a href=""statss.aspx?playerid=7677&position=P"">Neil Ramirez</a>",29.0,0.0,0.0
7731,"<a href=""statss.aspx?playerid=7731&position=P"">Juan Nicasio</a>",31.0,0.0,0.0
7738,"<a href=""statss.aspx?playerid=7738&position=P"">Wily Peralta</a>",29.0,0.0,0.0
7754,"<a href=""statss.aspx?playerid=7754&position=P"">Mike Fiers</a>",33.0,0.0,0.0
7773,"<a href=""statss.aspx?playerid=7773&position=P"">Shawn Kelley</a>",34.0,0.0,0.0
7836,"<a href=""statss.aspx?playerid=7836&position=P"">Hunter Strickland</a>",29.0,0.0,0.0
7947,"<a href=""statss.aspx?playerid=7947&position=P"">Cory Gearrin</a>",32.0,0.0,0.0
7982,"<a href=""statss.aspx?playerid=7982&position=P"">Anthony Bass</a>",30.0,0.0,0.0
8048,"<a href=""statss.aspx?playerid=8048&position=P"">Will Smith</a>",28.0,0.0,0.0
8073,"<a href=""statss.aspx?playerid=8073&position=P"">Dan Jennings</a>",31.0,0.0,0.0
8110,"<a href=""statss.aspx?playerid=8110&position=P"">Bryan Shaw</a>",30.0,0.0,0.0
8137,"<a href=""statss.aspx?playerid=8137&position=P"">Jaime Garcia</a>",31.0,0.0,0.0
8185,"<a href=""statss.aspx?playerid=8185&position=P"">Steven Wright</a>",33.0,0.0,0.0
8241,"<a href=""statss.aspx?playerid=8241&position=P"">David Robertson</a>",33.0,0.0,0.0
8280,"<a href=""statss.aspx?playerid=8280&position=P"">Tony Sipp</a>",34.0,0.0,0.0
8782,"<a href=""statss.aspx?playerid=8782&position=P"">Andrew Cashner</a>",31.0,0.0,0.0
8823,"<a href=""statss.aspx?playerid=8823&position=P"">Oliver Drake</a>",31.0,0.0,0.0
8855,"<a href=""statss.aspx?playerid=8855&position=P"">Ryan Cook</a>",31.0,0.0,0.0
9029,"<a href=""statss.aspx?playerid=9029&position=P"">Adam Warren</a>",30.0,0.0,0.0
9033,"<a href=""statss.aspx?playerid=9033&position=P"">Jeanmar Gomez</a>",30.0,0.0,0.0
9059,"<a href=""statss.aspx?playerid=9059&position=P"">John Axford</a>",35.0,0.0,0.0
9069,"<a href=""statss.aspx?playerid=9069&position=P"">Jeremy Bleich</a>",31.0,0.0,0.0
9111,"<a href=""statss.aspx?playerid=9111&position=P"">Brad Hand</a>",28.0,0.0,0.0
9239,"<a href=""statss.aspx?playerid=9239&position=P"">Alex Wilson</a>",31.0,0.0,0.0
9286,"<a href=""statss.aspx?playerid=9286&position=P"">Rob Scahill</a>",31.0,0.0,0.0
9325,"<a href=""statss.aspx?playerid=9325&position=P"">Jared Hughes</a>",32.0,0.0,0.0
9388,"<a href=""statss.aspx?playerid=9388&position=P"">Josh Tomlin</a>",33.0,0.0,0.0
9419,"<a href=""statss.aspx?playerid=9419&position=P"">Zac Rosscup</a>",30.0,0.0,0.0
9456,"<a href=""statss.aspx?playerid=9456&position=P"">Ryan Buchter</a>",31.0,0.0,0.0
9486,"<a href=""statss.aspx?playerid=9486&position=P"">George Kontos</a>",33.0,0.0,0.0
9490,"<a href=""statss.aspx?playerid=9490&position=P"">Jeremy Jeffress</a>",30.0,0.0,0.0
9492,"<a href=""statss.aspx?playerid=9492&position=P"">Bud Norris</a>",33.0,0.0,0.0
9559,"<a href=""statss.aspx?playerid=9559&position=P"">Austin Bibens-Dirkx</a>",33.0,0.0,0.0
9683,"<a href=""statss.aspx?playerid=9683&position=P"">Mike Zagurski</a>",35.0,0.0,0.0
9720,"<a href=""statss.aspx?playerid=9720&position=P"">Louis Coleman</a>",32.0,0.0,0.0
9756,"<a href=""statss.aspx?playerid=9756&position=P"">David Hale</a>",30.0,0.0,0.0
9761,"<a href=""statss.aspx?playerid=9761&position=P"">Joe Kelly</a>",30.0,0.0,0.0
9784,"<a href=""statss.aspx?playerid=9784&position=P"">Garrett Richards</a>",30.0,0.0,0.0
9812,"<a href=""statss.aspx?playerid=9812&position=P"">Murphy Smith</a>",30.0,0.0,0.0
9866,"<a href=""statss.aspx?playerid=9866&position=P"">Chaz Roe</a>",31.0,0.0,0.0
9893,"<a href=""statss.aspx?playerid=9893&position=OF"">Colby Rasmus</a>",31.0,0.0,0.0
9901,"<a href=""statss.aspx?playerid=9901&position=P"">Chris Volstad</a>",31.0,0.0,0.0
9948,"<a href=""statss.aspx?playerid=9948&position=P"">Mike Dunn</a>",33.0,0.0,0.0
10133,"<a href=""statss.aspx?playerid=10133&position=P"">Brad Boxberger</a>",30.0,0.0,0.0
10185,"<a href=""statss.aspx?playerid=10185&position=P"">Jacob Turner</a>",27.0,0.0,0.0
10190,"<a href=""statss.aspx?playerid=10190&position=P"">Tyler Skaggs</a>",26.0,0.0,0.0
10233,"<a href=""statss.aspx?playerid=10233&position=P"">Aroldis Chapman</a>",30.0,0.0,0.0
10285,"<a href=""statss.aspx?playerid=10285&position=P"">Josh Smoker</a>",29.0,0.0,0.0
10291,"<a href=""statss.aspx?playerid=10291&position=P"">Ryan Tepera</a>",30.0,0.0,0.0
10341,"<a href=""statss.aspx?playerid=10341&position=P"">Juan Minaya</a>",27.0,0.0,0.0
10343,"<a href=""statss.aspx?playerid=10343&position=P"">Aaron Loup</a>",30.0,0.0,0.0
10430,"<a href=""statss.aspx?playerid=10430&position=P"">Mychal Givens</a>",28.0,0.0,0.0
10529,"<a href=""statss.aspx?playerid=10529&position=P"">Dean Kiekhefer</a>",29.0,0.0,0.0
10586,"<a href=""statss.aspx?playerid=10586&position=P"">Addison Reed</a>",29.0,0.0,0.0
10603,"<a href=""statss.aspx?playerid=10603&position=P"">Chris Sale</a>",29.0,0.0,0.0
10688,"<a href=""statss.aspx?playerid=10688&position=P"">Tyler Thornburg</a>",29.0,0.0,0.0
10756,"<a href=""statss.aspx?playerid=10756&position=P"">Shane Greene</a>",29.0,0.0,0.0
10843,"<a href=""statss.aspx?playerid=10843&position=P"">Adam Kolarek</a>",29.0,0.0,0.0
11121,"<a href=""statss.aspx?playerid=11121&position=P"">Casey Lawrence</a>",30.0,0.0,0.0
11334,"<a href=""statss.aspx?playerid=11334&position=P"">Tyler Lyons</a>",30.0,0.0,0.0
11366,"<a href=""statss.aspx?playerid=11366&position=P"">Brandon Cumpton</a>",29.0,0.0,0.0
11384,"<a href=""statss.aspx?playerid=11384&position=P"">Tommy Kahnle</a>",28.0,0.0,0.0
11388,"<a href=""statss.aspx?playerid=11388&position=P"">Danny Barnes</a>",28.0,0.0,0.0
11426,"<a href=""statss.aspx?playerid=11426&position=P"">Drew Pomeranz</a>",29.0,0.0,0.0
11428,"<a href=""statss.aspx?playerid=11428&position=P"">Brandon Workman</a>",29.0,0.0,0.0
11457,"<a href=""statss.aspx?playerid=11457&position=P"">Sammy Solis</a>",29.0,0.0,0.0
11467,"<a href=""statss.aspx?playerid=11467&position=P"">A.J. Cole</a>",26.0,0.0,0.0
11502,"<a href=""statss.aspx?playerid=11502&position=P"">Parker Bridwell</a>",26.0,0.0,0.0
11604,"<a href=""statss.aspx?playerid=11604&position=P"">Dovydas Neverauskas</a>",25.0,0.0,0.0
11686,"<a href=""statss.aspx?playerid=11686&position=P"">Josh Lucas</a>",27.0,0.0,0.0
11691,"<a href=""statss.aspx?playerid=11691&position=P"">Tayron Guerrero</a>",27.0,0.0,0.0
11710,"<a href=""statss.aspx?playerid=11710&position=P"">Sam Dyson</a>",30.0,0.0,0.0
11712,"<a href=""statss.aspx?playerid=11712&position=P"">Erik Goeddel</a>",29.0,0.0,0.0
11720,"<a href=""statss.aspx?playerid=11720&position=P"">Justin Grimm</a>",29.0,0.0,0.0
11801,"<a href=""statss.aspx?playerid=11801&position=P"">Hansel Robles</a>",27.0,0.0,0.0
11804,"<a href=""statss.aspx?playerid=11804&position=P"">Hector Neris</a>",29.0,0.0,0.0
11828,"<a href=""statss.aspx?playerid=11828&position=P"">James Paxton</a>",29.0,0.0,0.0
11847,"<a href=""statss.aspx?playerid=11847&position=P"">Chris Martin</a>",32.0,0.0,0.0
11861,"<a href=""statss.aspx?playerid=11861&position=P"">Jason Adam</a>",26.0,0.0,0.0
11964,"<a href=""statss.aspx?playerid=11964&position=P"">Taylor Cole</a>",28.0,0.0,0.0
12076,"<a href=""statss.aspx?playerid=12076&position=P"">Felipe Vazquez</a>",26.0,0.0,0.0
12095,"<a href=""statss.aspx?playerid=12095&position=P"">Yimi Garcia</a>",27.0,0.0,0.0
12183,"<a href=""statss.aspx?playerid=12183&position=P"">Cody Allen</a>",29.0,0.0,0.0
12237,"<a href=""statss.aspx?playerid=12237&position=P"">Dan Winkler</a>",28.0,0.0,0.0
12272,"<a href=""statss.aspx?playerid=12272&position=P"">Aaron Brooks</a>",28.0,0.0,0.0
12304,"<a href=""statss.aspx?playerid=12304&position=P"">Chris Bassitt</a>",29.0,0.0,0.0
12323,"<a href=""statss.aspx?playerid=12323&position=P"">Jacob Barnes</a>",28.0,0.0,0.0
12385,"<a href=""statss.aspx?playerid=12385&position=P"">Nick Tropeano</a>",27.0,0.0,0.0
12452,"<a href=""statss.aspx?playerid=12452&position=P"">Chasen Bradford</a>",28.0,0.0,0.0
12499,"<a href=""statss.aspx?playerid=12499&position=P"">Drew Rucinski</a>",29.0,0.0,0.0
12537,"<a href=""statss.aspx?playerid=12537&position=P"">Cory Mazzoni</a>",28.0,0.0,0.0
12555,"<a href=""statss.aspx?playerid=12555&position=P"">Tony Cingrani</a>",28.0,0.0,0.0
12572,"<a href=""statss.aspx?playerid=12572&position=P"">Blake Treinen</a>",30.0,0.0,0.0
12578,"<a href=""statss.aspx?playerid=12578&position=P"">DJ Johnson</a>",28.0,0.0,0.0
12580,"<a href=""statss.aspx?playerid=12580&position=P"">Adam Morgan</a>",28.0,0.0,0.0
12586,"<a href=""statss.aspx?playerid=12586&position=P"">Mike Wright Jr.</a>",28.0,0.0,0.0
12699,"<a href=""statss.aspx?playerid=12699&position=P"">Ryan Carpenter</a>",27.0,0.0,0.0
12703,"<a href=""statss.aspx?playerid=12703&position=P"">Trevor Bauer</a>",27.0,0.0,0.0
12718,"<a href=""statss.aspx?playerid=12718&position=P"">Adrian Houser</a>",25.0,0.0,0.0
12763,"<a href=""statss.aspx?playerid=12763&position=P"">Chris Devenski</a>",27.0,0.0,0.0
12768,"<a href=""statss.aspx?playerid=12768&position=P"">Sonny Gray</a>",28.0,0.0,0.0
12777,"<a href=""statss.aspx?playerid=12777&position=P"">John Brebbia</a>",28.0,0.0,0.0
12778,"<a href=""statss.aspx?playerid=12778&position=P"">Sam Gaviglio</a>",28.0,0.0,0.0
12781,"<a href=""statss.aspx?playerid=12781&position=P"">Sean Gilmartin</a>",28.0,0.0,0.0
12784,"<a href=""statss.aspx?playerid=12784&position=P"">Burch Smith</a>",28.0,0.0,0.0
12800,"<a href=""statss.aspx?playerid=12800&position=P"">Noe Ramirez</a>",28.0,0.0,0.0
12804,"<a href=""statss.aspx?playerid=12804&position=P"">Matt Wisler</a>",25.0,0.0,0.0
12857,"<a href=""statss.aspx?playerid=12857&position=P"">Shawn Armstrong</a>",27.0,0.0,0.0
12863,"<a href=""statss.aspx?playerid=12863&position=P"">Matt Barnes</a>",28.0,0.0,0.0
12890,"<a href=""statss.aspx?playerid=12890&position=P"">Alex Claudio</a>",26.0,0.0,0.0
12910,"<a href=""statss.aspx?playerid=12910&position=P"">Ken Giles</a>",27.0,0.0,0.0
12917,"<a href=""statss.aspx?playerid=12917&position=P"">Dylan Bundy</a>",25.0,0.0,0.0
12918,"<a href=""statss.aspx?playerid=12918&position=P"">Archie Bradley</a>",25.0,0.0,0.0
12988,"<a href=""statss.aspx?playerid=12988&position=P"">Andrew Chafin</a>",28.0,0.0,0.0
12997,"<a href=""statss.aspx?playerid=12997&position=P"">Colten Brewer</a>",25.0,0.0,0.0
13042,"<a href=""statss.aspx?playerid=13042&position=P"">Robby Scott</a>",28.0,0.0,0.0
13058,"<a href=""statss.aspx?playerid=13058&position=P"">Reymin Guduan</a>",26.0,0.0,0.0
13133,"<a href=""statss.aspx?playerid=13133&position=P"">Derek Law</a>",27.0,0.0,0.0
13182,"<a href=""statss.aspx?playerid=13182&position=P"">Kyle Crick</a>",25.0,0.0,0.0
13188,"<a href=""statss.aspx?playerid=13188&position=P"">Adalberto Mejia</a>",25.0,0.0,0.0
13194,"<a href=""statss.aspx?playerid=13194&position=P"">Joe Biagini</a>",28.0,0.0,0.0
13211,"<a href=""statss.aspx?playerid=13211&position=P"">Warwick Saupold</a>",28.0,0.0,0.0
13293,"<a href=""statss.aspx?playerid=13293&position=P"">Danny Coulombe</a>",28.0,0.0,0.0
13322,"<a href=""statss.aspx?playerid=13322&position=P"">Jake Barrett</a>",26.0,0.0,0.0
13323,"<a href=""statss.aspx?playerid=13323&position=P"">James Pazos</a>",27.0,0.0,0.0
13331,"<a href=""statss.aspx?playerid=13331&position=P"">William Cuevas</a>",27.0,0.0,0.0
13339,"<a href=""statss.aspx?playerid=13339&position=P"">Adrian Sampson</a>",26.0,0.0,0.0
13345,"<a href=""statss.aspx?playerid=13345&position=P"">Luis Cessa</a>",26.0,0.0,0.0
13346,"<a href=""statss.aspx?playerid=13346&position=P"">Hoby Milner</a>",27.0,0.0,0.0
13360,"<a href=""statss.aspx?playerid=13360&position=P"">Cam Bedrosian</a>",26.0,0.0,0.0
13394,"<a href=""statss.aspx?playerid=13394&position=P"">Dylan Floro</a>",27.0,0.0,0.0
13418,"<a href=""statss.aspx?playerid=13418&position=P"">Chris Beck</a>",27.0,0.0,0.0
13424,"<a href=""statss.aspx?playerid=13424&position=P"">Drew VerHagen</a>",27.0,0.0,0.0
13442,"<a href=""statss.aspx?playerid=13442&position=P"">Mike Morin</a>",27.0,0.0,0.0
13443,"<a href=""statss.aspx?playerid=13443&position=2B/OF"">Tony Renda</a>",27.0,0.0,0.0
13449,"<a href=""statss.aspx?playerid=13449&position=P"">Taylor Rogers</a>",27.0,0.0,0.0
13453,"<a href=""statss.aspx?playerid=13453&position=P"">Eddie Butler</a>",27.0,0.0,0.0
13483,"<a href=""statss.aspx?playerid=13483&position=P"">Connor Sadzeck</a>",26.0,0.0,0.0
13485,"<a href=""statss.aspx?playerid=13485&position=P"">Sam Tuivailala</a>",25.0,0.0,0.0
13549,"<a href=""statss.aspx?playerid=13549&position=P"">Richard Rodriguez</a>",28.0,0.0,0.0
13560,"<a href=""statss.aspx?playerid=13560&position=P"">Alec Asher</a>",26.0,0.0,0.0
13572,"<a href=""statss.aspx?playerid=13572&position=P"">Justin Haley</a>",27.0,0.0,0.0
13580,"<a href=""statss.aspx?playerid=13580&position=P"">Steven Okert</a>",26.0,0.0,0.0
13607,"<a href=""statss.aspx?playerid=13607&position=P"">Carl Edwards Jr.</a>",26.0,0.0,0.0
13616,"<a href=""statss.aspx?playerid=13616&position=P"">Taylor Guerrieri</a>",25.0,0.0,0.0
13619,"<a href=""statss.aspx?playerid=13619&position=P"">Jakob Junis</a>",25.0,0.0,0.0
13696,"<a href=""statss.aspx?playerid=13696&position=P"">Robert Gsellman</a>",24.0,0.0,0.0
13699,"<a href=""statss.aspx?playerid=13699&position=P"">Jake Faria</a>",24.0,0.0,0.0
13707,"<a href=""statss.aspx?playerid=13707&position=P"">Joey Krehbiel</a>",25.0,0.0,0.0
13713,"<a href=""statss.aspx?playerid=13713&position=P"">Kyle Barraclough</a>",28.0,0.0,0.0
13758,"<a href=""statss.aspx?playerid=13758&position=P"">Tyler Duffey</a>",27.0,0.0,0.0
13763,"<a href=""statss.aspx?playerid=13763&position=P"">Dominic Leone</a>",26.0,0.0,0.0
13764,"<a href=""statss.aspx?playerid=13764&position=P"">Roberto Osuna</a>",23.0,0.0,0.0
13767,"<a href=""statss.aspx?playerid=13767&position=P"">JT Chargois</a>",27.0,0.0,0.0
13780,"<a href=""statss.aspx?playerid=13780&position=P"">Daniel Stumpf</a>",27.0,0.0,0.0
13892,"<a href=""statss.aspx?playerid=13892&position=P"">Paul Sewald</a>",28.0,0.0,0.0
13896,"<a href=""statss.aspx?playerid=13896&position=P"">Chris Flexen</a>",23.0,0.0,0.0
13911,"<a href=""statss.aspx?playerid=13911&position=P"">Scott Oberg</a>",28.0,0.0,0.0
13974,"<a href=""statss.aspx?playerid=13974&position=P"">Ryan Dull</a>",28.0,0.0,0.0
14033,"<a href=""statss.aspx?playerid=14033&position=P"">Mike Hauschild</a>",28.0,0.0,0.0
14139,"<a href=""statss.aspx?playerid=14139&position=P"">Miguel Almonte</a>",25.0,0.0,0.0
14244,"<a href=""statss.aspx?playerid=14244&position=P"">Ray Black</a>",28.0,0.0,0.0
14295,"<a href=""statss.aspx?playerid=14295&position=P"">Wandy Peralta</a>",26.0,0.0,0.0
14338,"<a href=""statss.aspx?playerid=14338&position=P"">Williams Jerez</a>",26.0,0.0,0.0
14353,"<a href=""statss.aspx?playerid=14353&position=P"">Caleb Frare</a>",24.0,0.0,0.0
14371,"<a href=""statss.aspx?playerid=14371&position=P"">Jake Thompson</a>",24.0,0.0,0.0
14375,"<a href=""statss.aspx?playerid=14375&position=P"">Amir Garrett</a>",26.0,0.0,0.0
14457,"<a href=""statss.aspx?playerid=14457&position=P"">Adam Conley</a>",28.0,0.0,0.0
14506,"<a href=""statss.aspx?playerid=14506&position=P"">J.B. Wendelken</a>",25.0,0.0,0.0
14510,"<a href=""statss.aspx?playerid=14510&position=P"">Thyago Vieira</a>",25.0,0.0,0.0
14524,"<a href=""statss.aspx?playerid=14524&position=P"">Jose Leclerc</a>",24.0,0.0,0.0
14552,"<a href=""statss.aspx?playerid=14552&position=P"">Jose Ruiz</a>",23.0,0.0,0.0
14646,"<a href=""statss.aspx?playerid=14646&position=P"">Rowan Wick</a>",25.0,0.0,0.0
14672,"<a href=""statss.aspx?playerid=14672&position=P"">Dillon Maples</a>",26.0,0.0,0.0
14696,"<a href=""statss.aspx?playerid=14696&position=P"">Keone Kela</a>",25.0,0.0,0.0
14710,"<a href=""statss.aspx?playerid=14710&position=P"">Edwin Diaz</a>",24.0,0.0,0.0
14719,"<a href=""statss.aspx?playerid=14719&position=P"">Ty Buttrey</a>",25.0,0.0,0.0
14733,"<a href=""statss.aspx?playerid=14733&position=P"">Jose Fernandez</a>",25.0,0.0,0.0
14739,"<a href=""statss.aspx?playerid=14739&position=P"">Paul Blackburn</a>",24.0,0.0,0.0
14741,"<a href=""statss.aspx?playerid=14741&position=P"">Tyler Olson</a>",28.0,0.0,0.0
14771,"<a href=""statss.aspx?playerid=14771&position=P"">Emilio Pagan</a>",27.0,0.0,0.0
14814,"<a href=""statss.aspx?playerid=14814&position=P"">Buck Farmer</a>",27.0,0.0,0.0
14832,"<a href=""statss.aspx?playerid=14832&position=P"">Bobby Wahl</a>",26.0,0.0,0.0
14867,"<a href=""statss.aspx?playerid=14867&position=P"">Nick Rumbelow</a>",26.0,0.0,0.0
14932,"<a href=""statss.aspx?playerid=14932&position=P"">Ben Lively</a>",26.0,0.0,0.0
14966,"<a href=""statss.aspx?playerid=14966&position=P"">Reyes Moronta</a>",25.0,0.0,0.0
14974,"<a href=""statss.aspx?playerid=14974&position=P"">Tyler Webb</a>",27.0,0.0,0.0
14986,"<a href=""statss.aspx?playerid=14986&position=P"">Giovanny Gallegos</a>",26.0,0.0,0.0
15006,"<a href=""statss.aspx?playerid=15006&position=P"">Luis Santos</a>",27.0,0.0,0.0
15007,"<a href=""statss.aspx?playerid=15007&position=P"">Yacksel Rios</a>",25.0,0.0,0.0
15010,"<a href=""statss.aspx?playerid=15010&position=P"">Corey Knebel</a>",26.0,0.0,0.0
15028,"<a href=""statss.aspx?playerid=15028&position=P"">Victor Alcantara</a>",25.0,0.0,0.0
15033,"<a href=""statss.aspx?playerid=15033&position=P"">Kyle Crockett</a>",26.0,0.0,0.0
15036,"<a href=""statss.aspx?playerid=15036&position=P"">Chase De Jong</a>",24.0,0.0,0.0
15042,"<a href=""statss.aspx?playerid=15042&position=P"">Tim Mayza</a>",26.0,0.0,0.0
15043,"<a href=""statss.aspx?playerid=15043&position=P"">Lou Trivino</a>",26.0,0.0,0.0
15046,"<a href=""statss.aspx?playerid=15046&position=P"">Trevor Gott</a>",25.0,0.0,0.0
15051,"<a href=""statss.aspx?playerid=15051&position=P"">Silvino Bracho</a>",25.0,0.0,0.0
15066,"<a href=""statss.aspx?playerid=15066&position=P"">Jaime Schultz</a>",27.0,0.0,0.0
15091,"<a href=""statss.aspx?playerid=15091&position=P"">Hunter Wood</a>",24.0,0.0,0.0
15094,"<a href=""statss.aspx?playerid=15094&position=P"">Rob Zastryzny</a>",26.0,0.0,0.0
15118,"<a href=""statss.aspx?playerid=15118&position=P"">Jimmie Sherfy</a>",26.0,0.0,0.0
15126,"<a href=""statss.aspx?playerid=15126&position=P"">Tyler Danish</a>",23.0,0.0,0.0
15136,"<a href=""statss.aspx?playerid=15136&position=P"">Jake Newberry</a>",23.0,0.0,0.0
15157,"<a href=""statss.aspx?playerid=15157&position=P"">Jimmy Yacabonis</a>",26.0,0.0,0.0
15166,"<a href=""statss.aspx?playerid=15166&position=P"">Luiz Gohara</a>",21.0,0.0,0.0
15200,"<a href=""statss.aspx?playerid=15200&position=P"">Glenn Sparkman</a>",26.0,0.0,0.0
15231,"<a href=""statss.aspx?playerid=15231&position=P"">Aaron Slegers</a>",25.0,0.0,0.0
15239,"<a href=""statss.aspx?playerid=15239&position=P"">Alan Busenitz</a>",27.0,0.0,0.0
15240,"<a href=""statss.aspx?playerid=15240&position=P"">Kevin McCarthy</a>",26.0,0.0,0.0
15285,"<a href=""statss.aspx?playerid=15285&position=P"">Zac Reininger</a>",25.0,0.0,0.0
15288,"<a href=""statss.aspx?playerid=15288&position=P"">Adam Cimber</a>",27.0,0.0,0.0
15290,"<a href=""statss.aspx?playerid=15290&position=P"">Austin Pruitt</a>",28.0,0.0,0.0
15306,"<a href=""statss.aspx?playerid=15306&position=P"">Donnie Hart</a>",27.0,0.0,0.0
15440,"<a href=""statss.aspx?playerid=15440&position=P"">Matthew Boyd</a>",27.0,0.0,0.0
15451,"<a href=""statss.aspx?playerid=15451&position=P"">Mike Mayers</a>",26.0,0.0,0.0
15458,"<a href=""statss.aspx?playerid=15458&position=P"">Ricardo Rodriguez</a>",25.0,0.0,0.0
15467,"<a href=""statss.aspx?playerid=15467&position=P"">Marco Gonzales</a>",26.0,0.0,0.0
15492,"<a href=""statss.aspx?playerid=15492&position=P"">Stephen Gonsalves</a>",23.0,0.0,0.0
15502,"<a href=""statss.aspx?playerid=15502&position=P"">Kohl Stewart</a>",23.0,0.0,0.0
15552,"<a href=""statss.aspx?playerid=15552&position=P"">Chad Green</a>",27.0,0.0,0.0
15594,"<a href=""statss.aspx?playerid=15594&position=P"">Nick Wittgren</a>",27.0,0.0,0.0
15684,"<a href=""statss.aspx?playerid=15684&position=P"">Miguel Castro</a>",23.0,0.0,0.0
15690,"<a href=""statss.aspx?playerid=15690&position=P"">Jimmy Cordero</a>",26.0,0.0,0.0
15761,"<a href=""statss.aspx?playerid=15761&position=P"">Joe Jimenez</a>",23.0,0.0,0.0
15823,"<a href=""statss.aspx?playerid=15823&position=P"">Zack Littell</a>",22.0,0.0,0.0
15832,"<a href=""statss.aspx?playerid=15832&position=P"">Paul Fry</a>",25.0,0.0,0.0
15846,"<a href=""statss.aspx?playerid=15846&position=P"">Adam Plutko</a>",26.0,0.0,0.0
15859,"<a href=""statss.aspx?playerid=15859&position=P"">Stephen Tarpley</a>",25.0,0.0,0.0
15885,"<a href=""statss.aspx?playerid=15885&position=P"">Fernando Romero</a>",23.0,0.0,0.0
15890,"<a href=""statss.aspx?playerid=15890&position=P"">Luis Severino</a>",24.0,0.0,0.0
15915,"<a href=""statss.aspx?playerid=15915&position=P"">Victor Arano</a>",23.0,0.0,0.0
15947,"<a href=""statss.aspx?playerid=15947&position=P"">Ryne Stanek</a>",26.0,0.0,0.0
16074,"<a href=""statss.aspx?playerid=16074&position=P"">Nick Burdi</a>",25.0,0.0,0.0
16086,"<a href=""statss.aspx?playerid=16086&position=P"">Edubray Ramos</a>",25.0,0.0,0.0
16128,"<a href=""statss.aspx?playerid=16128&position=P"">John Curtiss</a>",25.0,0.0,0.0
16130,"<a href=""statss.aspx?playerid=16130&position=P"">David Hess</a>",24.0,0.0,0.0
16132,"<a href=""statss.aspx?playerid=16132&position=P"">Justin Shafer</a>",25.0,0.0,0.0
16137,"<a href=""statss.aspx?playerid=16137&position=P"">Carlos Rodon</a>",25.0,0.0,0.0
16159,"<a href=""statss.aspx?playerid=16159&position=P"">Jace Fry</a>",24.0,0.0,0.0
16201,"<a href=""statss.aspx?playerid=16201&position=P"">Justin Anderson</a>",25.0,0.0,0.0
16258,"<a href=""statss.aspx?playerid=16258&position=P"">Aaron Bummer</a>",24.0,0.0,0.0
16265,"<a href=""statss.aspx?playerid=16265&position=P"">Sam Howard</a>",25.0,0.0,0.0
16269,"<a href=""statss.aspx?playerid=16269&position=P"">John Means</a>",25.0,0.0,0.0
16309,"<a href=""statss.aspx?playerid=16309&position=P"">Austen Williams</a>",25.0,0.0,0.0
16344,"<a href=""statss.aspx?playerid=16344&position=P"">Eduardo Paredes</a>",23.0,0.0,0.0
16348,"<a href=""statss.aspx?playerid=16348&position=P"">Gabriel Moya</a>",23.0,0.0,0.0
16350,"<a href=""statss.aspx?playerid=16350&position=P"">Ryan Borucki</a>",24.0,0.0,0.0
16390,"<a href=""statss.aspx?playerid=16390&position=P"">Brad Wieck</a>",26.0,0.0,0.0
16400,"<a href=""statss.aspx?playerid=16400&position=P"">Reynaldo Lopez</a>",24.0,0.0,0.0
16419,"<a href=""statss.aspx?playerid=16419&position=P"">Chih-Wei Hu</a>",24.0,0.0,0.0
16468,"<a href=""statss.aspx?playerid=16468&position=P"">Trevor Oaks</a>",25.0,0.0,0.0
16588,"<a href=""statss.aspx?playerid=16588&position=P"">Jonathan Holder</a>",25.0,0.0,0.0
16684,"<a href=""statss.aspx?playerid=16684&position=P"">Zac Curtis</a>",25.0,0.0,0.0
16687,"<a href=""statss.aspx?playerid=16687&position=P"">Dean Deetz</a>",24.0,0.0,0.0
16731,"<a href=""statss.aspx?playerid=16731&position=P"">Artie Lewicki</a>",26.0,0.0,0.0
16794,"<a href=""statss.aspx?playerid=16794&position=P"">Josh James</a>",25.0,0.0,0.0
16942,"<a href=""statss.aspx?playerid=16942&position=P"">Luis F. Ortiz</a>",22.0,0.0,0.0
16980,"<a href=""statss.aspx?playerid=16980&position=P"">Daniel Mengden</a>",25.0,0.0,0.0
17002,"<a href=""statss.aspx?playerid=17002&position=P"">Trevor Hildenberger</a>",27.0,0.0,0.0
17126,"<a href=""statss.aspx?playerid=17126&position=P"">Jerry Vasto</a>",26.0,0.0,0.0
17133,"<a href=""statss.aspx?playerid=17133&position=P"">Osmer Morales</a>",25.0,0.0,0.0
17149,"<a href=""statss.aspx?playerid=17149&position=P"">Domingo German</a>",25.0,0.0,0.0
17169,"<a href=""statss.aspx?playerid=17169&position=P"">Jose Castillo</a>",22.0,0.0,0.0
17181,"<a href=""statss.aspx?playerid=17181&position=P"">Yoan Lopez</a>",25.0,0.0,0.0
17237,"<a href=""statss.aspx?playerid=17237&position=P"">Austin Brice</a>",26.0,0.0,0.0
17281,"<a href=""statss.aspx?playerid=17281&position=P"">Thomas Pannone</a>",24.0,0.0,0.0
17282,"<a href=""statss.aspx?playerid=17282&position=P"">Michael Kopech</a>",22.0,0.0,0.0
17285,"<a href=""statss.aspx?playerid=17285&position=P"">Justus Sheffield</a>",22.0,0.0,0.0
17295,"<a href=""statss.aspx?playerid=17295&position=P"">Framber Valdez</a>",24.0,0.0,0.0
17355,"<a href=""statss.aspx?playerid=17355&position=P"">Edgar Santana</a>",26.0,0.0,0.0
17418,"<a href=""statss.aspx?playerid=17418&position=P"">David Paulino</a>",24.0,0.0,0.0
17536,"<a href=""statss.aspx?playerid=17536&position=P"">Ryan Burr</a>",24.0,0.0,0.0
17586,"<a href=""statss.aspx?playerid=17586&position=P"">Tanner Scott</a>",23.0,0.0,0.0
17610,"<a href=""statss.aspx?playerid=17610&position=P"">Tanner Rainey</a>",25.0,0.0,0.0
17664,"<a href=""statss.aspx?playerid=17664&position=P"">Cody Carroll</a>",25.0,0.0,0.0
17677,"<a href=""statss.aspx?playerid=17677&position=P"">Jeffrey Springs</a>",25.0,0.0,0.0
17695,"<a href=""statss.aspx?playerid=17695&position=P"">Koda Glover</a>",25.0,0.0,0.0
17734,"<a href=""statss.aspx?playerid=17734&position=P"">Evan Phillips</a>",23.0,0.0,0.0
17754,"<a href=""statss.aspx?playerid=17754&position=P"">Sandy Baez</a>",24.0,0.0,0.0
17755,"<a href=""statss.aspx?playerid=17755&position=P"">Drew Smith</a>",24.0,0.0,0.0
17780,"<a href=""statss.aspx?playerid=17780&position=P"">Jose Alvarado</a>",23.0,0.0,0.0
17793,"<a href=""statss.aspx?playerid=17793&position=P"">Trey Wingenter</a>",24.0,0.0,0.0
17811,"<a href=""statss.aspx?playerid=17811&position=P"">Daniel Zamora</a>",25.0,0.0,0.0
17987,"<a href=""statss.aspx?playerid=17987&position=P"">Bobby Poyner</a>",25.0,0.0,0.0
18064,"<a href=""statss.aspx?playerid=18064&position=P"">Phil Maton</a>",25.0,0.0,0.0
18076,"<a href=""statss.aspx?playerid=18076&position=P"">Matt Hall</a>",24.0,0.0,0.0
18105,"<a href=""statss.aspx?playerid=18105&position=P"">Ryan Meisinger</a>",24.0,0.0,0.0
18135,"<a href=""statss.aspx?playerid=18135&position=P"">Chance Adams</a>",23.0,0.0,0.0
18213,"<a href=""statss.aspx?playerid=18213&position=P"">P.J. Conlon</a>",24.0,0.0,0.0
18282,"<a href=""statss.aspx?playerid=18282&position=P"">Jarlin Garcia</a>",25.0,0.0,0.0
18297,"<a href=""statss.aspx?playerid=18297&position=P"">Tyler Kinley</a>",27.0,0.0,0.0
18332,"<a href=""statss.aspx?playerid=18332&position=P"">Eric Hanhold</a>",24.0,0.0,0.0
18510,"<a href=""statss.aspx?playerid=18510&position=P"">Josh Rogers</a>",23.0,0.0,0.0
18655,"<a href=""statss.aspx?playerid=18655&position=P"">A.J. Minter</a>",24.0,0.0,0.0
18719,"<a href=""statss.aspx?playerid=18719&position=P"">Seunghwan Oh</a>",35.0,0.0,0.0
18790,"<a href=""statss.aspx?playerid=18790&position=P"">Dillon Peters</a>",25.0,0.0,0.0
18806,"<a href=""statss.aspx?playerid=18806&position=P"">Drew Steckenrider</a>",27.0,0.0,0.0
18815,"<a href=""statss.aspx?playerid=18815&position=P"">Miguel Diaz</a>",23.0,0.0,0.0
18820,"<a href=""statss.aspx?playerid=18820&position=P"">Chris Rowley</a>",27.0,0.0,0.0
18854,"<a href=""statss.aspx?playerid=18854&position=P"">Ben Meyer</a>",25.0,0.0,0.0
19261,"<a href=""statss.aspx?playerid=19261&position=P"">Ian Hamilton</a>",23.0,0.0,0.0
19277,"<a href=""statss.aspx?playerid=19277&position=P"">Jesus Reyes</a>",25.0,0.0,0.0
19330,"<a href=""statss.aspx?playerid=19330&position=P"">Matt Festa</a>",25.0,0.0,0.0
19482,"<a href=""statss.aspx?playerid=19482&position=P"">Andrew Vasquez</a>",24.0,0.0,0.0
19550,"<a href=""statss.aspx?playerid=19550&position=P"">Adam McCreery</a>",25.0,0.0,0.0
19614,"<a href=""statss.aspx?playerid=19614&position=P"">Cionel Perez</a>",22.0,0.0,0.0
19665,"<a href=""statss.aspx?playerid=19665&position=P"">Kyle Wright</a>",22.0,0.0,0.0
19753,"<a href=""statss.aspx?playerid=19753&position=P"">Jonathan Loaisiga</a>",23.0,0.0,0.0
19820,"<a href=""statss.aspx?playerid=19820&position=P"">C.D. Pelham</a>",23.0,0.0,0.0
4249,"<a href=""statss.aspx?playerid=4249&position=OF"">Shane Robinson</a>",33.0,49.0,0.17031844705343246
15407,"<a href=""statss.aspx?playerid=15407&position=2B/SS"">Nate Orf</a>",28.0,25.0,0.22796491622924805
16358,"<a href=""statss.aspx?playerid=16358&position=P"">Tyler Mahle</a>",23.0,5.0,0.13790591955184936
17022,"<a href=""statss.aspx?playerid=17022&position=3B/SS"">Edmundo Sosa</a>",22.0,3.0,0.22984319925308228
3411,"<a href=""statss.aspx?playerid=3411&position=C"">Drew Butera</a>",34.0,78.0,0.3070601423581441
7448,"<a href=""statss.aspx?playerid=7448&position=P"">Gio Gonzalez</a>",32.0,28.0,0.13688392330099036
12606,"<a href=""statss.aspx?playerid=12606&position=C"">Raffy Lopez</a>",30.0,3.0,0.22984319925308228
3787,"<a href=""statss.aspx?playerid=3787&position=3B"">David Wright</a>",35.0,3.0,0.22984319925308228
10619,"<a href=""statss.aspx?playerid=10619&position=C"">David Freitas</a>",29.0,36.0,0.2568538451895994
5401,"<a href=""statss.aspx?playerid=5401&position=P"">Brad Peacock</a>",30.0,1.0,0.0
10160,"<a href=""statss.aspx?playerid=10160&position=P"">Ryan Weber</a>",27.0,1.0,0.0
12828,"<a href=""statss.aspx?playerid=12828&position=P"">Andrew Kittredge</a>",28.0,1.0,0.0
16401,"<a href=""statss.aspx?playerid=16401&position=P"">Yonny Chirinos</a>",24.0,1.0,0.0
16502,"<a href=""statss.aspx?playerid=16502&position=P"">Ryan Yarbrough</a>",26.0,1.0,0.0
17496,"<a href=""statss.aspx?playerid=17496&position=P"">Diego Castillo</a>",24.0,1.0,0.0
2882,"<a href=""statss.aspx?playerid=2882&position=P"">Luis Avilan</a>",28.0,1.0,0.0
4026,"<a href=""statss.aspx?playerid=4026&position=P"">Hector Santiago</a>",30.0,1.0,0.0
14825,"<a href=""statss.aspx?playerid=14825&position=P"">Dylan Covey</a>",26.0,1.0,0.0
16017,"<a href=""statss.aspx?playerid=16017&position=P"">Odrisamer Despaigne</a>",31.0,1.0,0.0
13946,"<a href=""statss.aspx?playerid=13946&position=P"">Tim Peterson</a>",27.0,1.0,0.0
15203,"<a href=""statss.aspx?playerid=15203&position=P"">Tyler Bashlor</a>",25.0,1.0,0.0
15267,"<a href=""statss.aspx?playerid=15267&position=P"">Jacob Rhame</a>",25.0,1.0,0.0
5420,"<a href=""statss.aspx?playerid=5420&position=P"">Pedro Baez</a>",30.0,1.0,0.0
10591,"<a href=""statss.aspx?playerid=10591&position=P"">Scott Alexander</a>",28.0,1.0,0.0
14765,"<a href=""statss.aspx?playerid=14765&position=P"">Julio Urias</a>",21.0,1.0,0.0
1118,"<a href=""statss.aspx?playerid=1118&position=P"">Marco Estrada</a>",34.0,1.0,0.0
10534,"<a href=""statss.aspx?playerid=10534&position=P"">Jake Petricka</a>",30.0,1.0,0.0
11490,"<a href=""statss.aspx?playerid=11490&position=P"">Aaron Sanchez</a>",25.0,1.0,0.0
3950,"<a href=""statss.aspx?playerid=3950&position=P"">Matt Magill</a>",28.0,1.0,0.0
10855,"<a href=""statss.aspx?playerid=10855&position=P"">Chasen Shreve</a>",27.0,1.0,0.0
13528,"<a href=""statss.aspx?playerid=13528&position=P"">Matt Bowman</a>",27.0,1.0,0.0
19206,"<a href=""statss.aspx?playerid=19206&position=P"">Dakota Hudson</a>",23.0,1.0,0.0
19618,"<a href=""statss.aspx?playerid=19618&position=P"">Jordan Hicks</a>",21.0,1.0,0.0
4505,"<a href=""statss.aspx?playerid=4505&position=P"">Jordan Zimmermann</a>",32.0,1.0,0.0
13435,"<a href=""statss.aspx?playerid=13435&position=P"">Pierce Johnson</a>",27.0,1.0,0.0
7450,"<a href=""statss.aspx?playerid=7450&position=P"">Phil Hughes</a>",32.0,1.0,0.0
12027,"<a href=""statss.aspx?playerid=12027&position=P"">Brian Flynn</a>",28.0,1.0,0.0
16814,"<a href=""statss.aspx?playerid=16814&position=P"">Tim Hill</a>",28.0,1.0,0.0
12447,"<a href=""statss.aspx?playerid=12447&position=P"">Seth Lugo</a>",28.0,1.0,0.0
14374,"<a href=""statss.aspx?playerid=14374&position=P"">Tyler Glasnow</a>",24.0,1.0,0.0
18029,"<a href=""statss.aspx?playerid=18029&position=P"">Tanner Anderson</a>",25.0,1.0,0.0
4070,"<a href=""statss.aspx?playerid=4070&position=P"">Pedro Strop</a>",33.0,1.0,0.0
9346,"<a href=""statss.aspx?playerid=9346&position=P"">Brandon Morrow</a>",33.0,1.0,0.0
9939,"<a href=""statss.aspx?playerid=9939&position=P"">Brandon Kintzler</a>",33.0,1.0,0.0
15101,"<a href=""statss.aspx?playerid=15101&position=P"">Luke Farrell</a>",27.0,1.0,0.0
11632,"<a href=""statss.aspx?playerid=11632&position=P"">Heath Hembree</a>",29.0,1.0,0.0
19341,"<a href=""statss.aspx?playerid=19341&position=P"">Hector Velazquez</a>",29.0,1.0,0.0
1157,"<a href=""statss.aspx?playerid=1157&position=P"">Tommy Hunter</a>",31.0,1.0,0.0
12664,"<a href=""statss.aspx?playerid=12664&position=P"">Jerad Eickhoff</a>",27.0,1.0,0.0
15551,"<a href=""statss.aspx?playerid=15551&position=P"">Mark Leiter Jr.</a>",27.0,1.0,0.0
17117,"<a href=""statss.aspx?playerid=17117&position=P"">Austin Davis</a>",25.0,1.0,0.0
19249,"<a href=""statss.aspx?playerid=19249&position=P"">Seranthony Dominguez</a>",23.0,1.0,0.0
14527,"<a href=""statss.aspx?playerid=14527&position=P"">Jorge Lopez</a>",25.0,1.0,0.0
19361,"<a href=""statss.aspx?playerid=19361&position=P"">Corbin Burnes</a>",23.0,1.0,0.0
12022,"<a href=""statss.aspx?playerid=12022&position=P"">Matt Andriese</a>",28.0,1.0,0.0
19756,"<a href=""statss.aspx?playerid=19756&position=P"">Yoshihisa Hirano</a>",34.0,1.0,0.0
3237,"<a href=""statss.aspx?playerid=3237&position=P"">T.J. McFarland</a>",29.0,1.0,0.0
8580,"<a href=""statss.aspx?playerid=8580&position=P"">Justin Miller</a>",31.0,1.0,0.0
11437,"<a href=""statss.aspx?playerid=11437&position=P"">Jesse Biddle</a>",26.0,1.0,0.0
14764,"<a href=""statss.aspx?playerid=14764&position=P"">Wes Parsons</a>",25.0,1.0,0.0
15258,"<a href=""statss.aspx?playerid=15258&position=P"">Shane Carle</a>",26.0,1.0,0.0
13470,"<a href=""statss.aspx?playerid=13470&position=P"">Lucas Sims</a>",24.0,1.0,0.0
14420,"<a href=""statss.aspx?playerid=14420&position=P"">Jackson Stephens</a>",24.0,1.0,0.0
17130,"<a href=""statss.aspx?playerid=17130&position=P"">Raisel Iglesias</a>",28.0,1.0,0.0
10732,"<a href=""statss.aspx?playerid=10732&position=P"">Drew Hutchison</a>",27.0,1.0,0.0
17030,"<a href=""statss.aspx?playerid=17030&position=P"">Ariel Jurado</a>",22.0,1.0,0.0
15068,"<a href=""statss.aspx?playerid=15068&position=P"">Yency Almonte</a>",24.0,1.0,0.0
17432,"<a href=""statss.aspx?playerid=17432&position=P"">Jeff Hoffman</a>",25.0,1.0,0.0
6368,"<a href=""statss.aspx?playerid=6368&position=OF"">Adam Jones</a>",32.0,275.0,0.3076690154789138
14106,"<a href=""statss.aspx?playerid=14106&position=SS"">Addison Russell</a>",24.0,188.0,0.23073905864928632
13157,"<a href=""statss.aspx?playerid=13157&position=OF"">Nicky Delmonico</a>",25.0,183.0,0.2926788176154042
6345,"<a href=""statss.aspx?playerid=6345&position=P"">Chris Archer</a>",29.0,17.0,0.12510621197083416
13284,"<a href=""statss.aspx?playerid=13284&position=2B/OF"">Darnell Sweeney</a>",27.0,4.0,0.3447647988796234
8609,"<a href=""statss.aspx?playerid=8609&position=C"">Tim Federowicz</a>",30.0,35.0,0.30485243456704275
15764,"<a href=""statss.aspx?playerid=15764&position=P"">Masahiro Tanaka</a>",29.0,2.0,0.0
1841,"<a href=""statss.aspx?playerid=1841&position=P"">Edwin Jackson</a>",34.0,2.0,0.0
14309,"<a href=""statss.aspx?playerid=14309&position=P"">Frankie Montas</a>",25.0,2.0,0.0
9434,"<a href=""statss.aspx?playerid=9434&position=P"">Dallas Keuchel</a>",30.0,2.0,0.0
14120,"<a href=""statss.aspx?playerid=14120&position=P"">Lance McCullers Jr.</a>",24.0,2.0,0.0
17192,"<a href=""statss.aspx?playerid=17192&position=P"">Jalen Beeks</a>",24.0,2.0,0.0
4772,"<a href=""statss.aspx?playerid=4772&position=P"">Felix Hernandez</a>",32.0,2.0,0.0
10322,"<a href=""statss.aspx?playerid=10322&position=OF"">Danny Santana</a>",27.0,10.0,0.1936804473400116
15474,"<a href=""statss.aspx?playerid=15474&position=P"">Lucas Giolito</a>",23.0,2.0,0.0
11596,"<a href=""statss.aspx?playerid=11596&position=P"">Deck McGuire</a>",29.0,2.0,0.0
16933,"<a href=""statss.aspx?playerid=16933&position=P"">Elieser Hernandez</a>",23.0,2.0,0.0
16218,"<a href=""statss.aspx?playerid=16218&position=P"">Brett Graves</a>",25.0,2.0,0.0
17313,"<a href=""statss.aspx?playerid=17313&position=P"">Merandy Gonzalez</a>",22.0,2.0,0.0
12545,"<a href=""statss.aspx?playerid=12545&position=P"">Drew Gagnon</a>",28.0,2.0,0.0
15655,"<a href=""statss.aspx?playerid=15655&position=P"">Yefry Ramirez</a>",24.0,2.0,0.0
19349,"<a href=""statss.aspx?playerid=19349&position=P"">Caleb Ferguson</a>",21.0,2.0,0.0
17932,"<a href=""statss.aspx?playerid=17932&position=OF"">Andrew Stevenson</a>",24.0,31.0,0.2802281302790488
6397,"<a href=""statss.aspx?playerid=6397&position=P"">Jake Odorizzi</a>",28.0,2.0,0.0
14168,"<a href=""statss.aspx?playerid=14168&position=P"">Jose Berrios</a>",24.0,2.0,0.0
3201,"<a href=""statss.aspx?playerid=3201&position=P"">Francisco Liriano</a>",34.0,2.0,0.0
13218,"<a href=""statss.aspx?playerid=13218&position=P"">Michael Fulmer</a>",25.0,2.0,0.0
13475,"<a href=""statss.aspx?playerid=13475&position=P"">Daniel Norris</a>",25.0,2.0,0.0
16207,"<a href=""statss.aspx?playerid=16207&position=P"">Spencer Turnbull</a>",25.0,2.0,0.0
3254,"<a href=""statss.aspx?playerid=3254&position=P"">Jeff Samardzija</a>",33.0,2.0,0.0
9073,"<a href=""statss.aspx?playerid=9073&position=P"">Kirby Yates</a>",31.0,2.0,0.0
13228,"<a href=""statss.aspx?playerid=13228&position=OF"">Michael Reed</a>",25.0,7.0,0.25129449367523193
12808,"<a href=""statss.aspx?playerid=12808&position=P"">Mike Clevinger</a>",27.0,2.0,0.0
14212,"<a href=""statss.aspx?playerid=14212&position=P"">Josh Hader</a>",24.0,1.0,0.0
11209,"<a href=""statss.aspx?playerid=11209&position=P"">Casey Sadler</a>",27.0,2.0,0.0
11903,"<a href=""statss.aspx?playerid=11903&position=P"">Michael Feliz</a>",25.0,2.0,0.0
16317,"<a href=""statss.aspx?playerid=16317&position=P"">Alex McRae</a>",25.0,2.0,0.0
13164,"<a href=""statss.aspx?playerid=13164&position=P"">Eduardo Rodriguez</a>",25.0,2.0,0.0
9817,"<a href=""statss.aspx?playerid=9817&position=P"">Sergio Romo</a>",35.0,1.0,0.0
16904,"<a href=""statss.aspx?playerid=16904&position=P"">Aaron Wilkerson</a>",29.0,2.0,0.0
15490,"<a href=""statss.aspx?playerid=15490&position=OF"">Justin Williams</a>",22.0,1.0,0.0
15047,"<a href=""statss.aspx?playerid=15047&position=P"">Austin Voth</a>",26.0,2.0,0.0
15071,"<a href=""statss.aspx?playerid=15071&position=P"">Kyle McGowin</a>",26.0,2.0,0.0
11241,"<a href=""statss.aspx?playerid=11241&position=2B"">Mike Freeman</a>",30.0,1.0,0.0
19990,"<a href=""statss.aspx?playerid=19990&position=P"">Bryse Wilson</a>",20.0,2.0,0.0
10030,"<a href=""statss.aspx?playerid=10030&position=2B/SS"">Chris Owings</a>",26.0,83.0,0.267091163774816
15964,"<a href=""statss.aspx?playerid=15964&position=P"">Keury Mella</a>",24.0,2.0,0.0
3882,"<a href=""statss.aspx?playerid=3882&position=OF"">Chris Young</a>",34.0,1.0,0.0
12160,"<a href=""statss.aspx?playerid=12160&position=OF"">Ben Gamel</a>",26.0,118.0,0.29253635416596624
375,"<a href=""statss.aspx?playerid=375&position=P"">Bartolo Colon</a>",45.0,2.0,0.0
8173,"<a href=""statss.aspx?playerid=8173&position=P"">Yovani Gallardo</a>",32.0,2.0,0.0
14391,"<a href=""statss.aspx?playerid=14391&position=P"">Yohander Mendez</a>",23.0,2.0,0.0
14938,"<a href=""statss.aspx?playerid=14938&position=3B/SS/OF"">Jack Reinheimer</a>",25.0,35.0,0.22415147508893693
15291,"<a href=""statss.aspx?playerid=15291&position=P"">Steven Brault</a>",26.0,7.0,0.09850422825132098
16532,"<a href=""statss.aspx?playerid=16532&position=P"">Harrison Musgrave</a>",26.0,2.0,0.0
17425,"<a href=""statss.aspx?playerid=17425&position=P"">Erick Fedde</a>",25.0,8.0,0.10994134098291397
13743,"<a href=""statss.aspx?playerid=13743&position=P"">Max Fried</a>",24.0,2.0,0.0
3878,"<a href=""statss.aspx?playerid=3878&position=C"">Chris Stewart</a>",36.0,1.0,0.0
12225,"<a href=""statss.aspx?playerid=12225&position=OF"">Scott Schebler</a>",27.0,175.0,0.30835478333221084
12399,"<a href=""statss.aspx?playerid=12399&position=SS"">Taylor Motter</a>",28.0,5.0,0.17590614557266235
8700,"<a href=""statss.aspx?playerid=8700&position=P"">Justin Verlander</a>",35.0,3.0,0.0
10314,"<a href=""statss.aspx?playerid=10314&position=P"">Erasmo Ramirez</a>",28.0,3.0,0.0
18356,"<a href=""statss.aspx?playerid=18356&position=P"">Jaime Barria</a>",21.0,3.0,0.0
2520,"<a href=""statss.aspx?playerid=2520&position=P"">Lance Lynn</a>",31.0,3.0,0.0
17034,"<a href=""statss.aspx?playerid=17034&position=P"">Sean Reid-Foley</a>",22.0,3.0,0.0
19757,"<a href=""statss.aspx?playerid=19757&position=P"">Kazuhisa Makita</a>",33.0,3.0,0.0
16155,"<a href=""statss.aspx?playerid=16155&position=P"">Eric Skoglund</a>",25.0,3.0,0.0
2429,"<a href=""statss.aspx?playerid=2429&position=P"">Corey Kluber</a>",32.0,3.0,0.0
16440,"<a href=""statss.aspx?playerid=16440&position=P"">James Norwood</a>",24.0,3.0,0.0
15855,"<a href=""statss.aspx?playerid=15855&position=P"">Wander Suero</a>",26.0,3.0,0.0
14412,"<a href=""statss.aspx?playerid=14412&position=C"">Joe Hudson</a>",27.0,12.0,0.17723380029201508
6902,"<a href=""statss.aspx?playerid=6902&position=P"">Martin Perez</a>",27.0,3.0,0.0
8779,"<a href=""statss.aspx?playerid=8779&position=P"">Wade Miley</a>",31.0,26.0,0.16183278881586516
12937,"<a href=""statss.aspx?playerid=12937&position=1B/OF"">Jose Osuna</a>",25.0,65.0,0.29258002776366016
12950,"<a href=""statss.aspx?playerid=12950&position=3B/OF"">Phillip Evans</a>",25.0,14.0,0.22415147508893693
13420,"<a href=""statss.aspx?playerid=13420&position=P"">Matt Koch</a>",27.0,3.0,0.0
7608,"<a href=""statss.aspx?playerid=7608&position=P"">Tommy Milone</a>",31.0,9.0,0.08619119971990585
13125,"<a href=""statss.aspx?playerid=13125&position=P"">Gerrit Cole</a>",27.0,4.0,0.0
4676,"<a href=""statss.aspx?playerid=4676&position=P"">Charlie Morton</a>",34.0,4.0,0.0
10130,"<a href=""statss.aspx?playerid=10130&position=P"">Mike Leake</a>",30.0,4.0,0.0
15482,"<a href=""statss.aspx?playerid=15482&position=OF"">Aristides Aquino</a>",24.0,1.0,0.0
1679,"<a href=""statss.aspx?playerid=1679&position=2B"">Chase Utley</a>",39.0,52.0,0.2649672363813107
16929,"<a href=""statss.aspx?playerid=16929&position=P"">Touki Toussaint</a>",22.0,10.0,0.08795307278633117
6893,"<a href=""statss.aspx?playerid=6893&position=P"">Johnny Cueto</a>",32.0,4.0,0.0
14361,"<a href=""statss.aspx?playerid=14361&position=P"">Ty Blach</a>",27.0,4.0,0.0
13799,"<a href=""statss.aspx?playerid=13799&position=P"">Matt Strahm</a>",26.0,4.0,0.0
14556,"<a href=""statss.aspx?playerid=14556&position=2B/SS"">Max Moroff</a>",25.0,28.0,0.2680569600175928
10533,"<a href=""statss.aspx?playerid=10533&position=C"">Rocky Gale</a>",30.0,2.0,0.0
15130,"<a href=""statss.aspx?playerid=15130&position=P"">Drew Anderson</a>",24.0,4.0,0.0
13649,"<a href=""statss.aspx?playerid=13649&position=P"">Clay Holmes</a>",25.0,5.0,0.0
13473,"<a href=""statss.aspx?playerid=13473&position=OF"">Dwight Smith Jr.</a>",25.0,41.0,0.3204100844336719
19320,"<a href=""statss.aspx?playerid=19320&position=P"">Joey Lucchesi</a>",25.0,22.0,0.11129959334026683
6483,"<a href=""statss.aspx?playerid=6483&position=P"">Steve Cishek</a>",32.0,2.0,0.0
13620,"<a href=""statss.aspx?playerid=13620&position=C"">Carson Kelly</a>",23.0,13.0,0.26151005427042645
13690,"<a href=""statss.aspx?playerid=13690&position=P"">Sal Romano</a>",24.0,11.0,0.08795307278633117
2608,"<a href=""statss.aspx?playerid=2608&position=P"">Jhoulys Chacin</a>",30.0,35.0,0.12744365272850827
8202,"<a href=""statss.aspx?playerid=8202&position=2B/3B"">Josh Harrison</a>",30.0,162.0,0.27763301652410755
5398,"<a href=""statss.aspx?playerid=5398&position=C"">Juan Graterol</a>",29.0,8.0,0.19613254070281982
3812,"<a href=""statss.aspx?playerid=3812&position=2B/SS"">Gregorio Petit</a>",33.0,37.0,0.22354763746261597
15496,"<a href=""statss.aspx?playerid=15496&position=SS"">Abiatal Avelino</a>",23.0,11.0,0.2398720166899941
4153,"<a href=""statss.aspx?playerid=4153&position=P"">Jake Arrieta</a>",32.0,22.0,0.11659957397551764
12970,"<a href=""statss.aspx?playerid=12970&position=P"">Joe Musgrove</a>",25.0,22.0,0.10634028017520905
18498,"<a href=""statss.aspx?playerid=18498&position=P"">Kenta Maeda</a>",30.0,13.0,0.0799573388966647
18403,"<a href=""statss.aspx?playerid=18403&position=P"">Enyel De Los Santos</a>",22.0,5.0,0.0
13718,"<a href=""statss.aspx?playerid=13718&position=2B/OF"">Christopher Bostick</a>",25.0,18.0,0.24363308482699925
14843,"<a href=""statss.aspx?playerid=14843&position=P"">Michael Lorenzen</a>",26.0,27.0,0.25408558203623843
9015,"<a href=""statss.aspx?playerid=9015&position=2B"">Gordon Beckham</a>",31.0,11.0,0.14264184778386896
12972,"<a href=""statss.aspx?playerid=12972&position=P"">Joe Ross</a>",25.0,5.0,0.0
4869,"<a href=""statss.aspx?playerid=4869&position=P"">Mike Montgomery</a>",28.0,18.0,0.09772563642925686
15232,"<a href=""statss.aspx?playerid=15232&position=P"">Cody Reed</a>",25.0,10.0,0.06895295977592468
18684,"<a href=""statss.aspx?playerid=18684&position=P"">Sandy Alcantara</a>",22.0,11.0,0.06268450888720425
14335,"<a href=""statss.aspx?playerid=14335&position=2B"">Dilson Herrera</a>",24.0,97.0,0.29509574973706115
9774,"<a href=""statss.aspx?playerid=9774&position=C"">Christian Vazquez</a>",27.0,63.0,0.20082812251583224
9968,"<a href=""statss.aspx?playerid=9968&position=C"">Dan Butler</a>",31.0,7.0,0.12564724683761597
13403,"<a href=""statss.aspx?playerid=13403&position=P"">Felix Pena</a>",28.0,6.0,0.0
12409,"<a href=""statss.aspx?playerid=12409&position=1B/OF"">Ryan Rua</a>",28.0,46.0,0.2825093732939826
9174,"<a href=""statss.aspx?playerid=9174&position=P"">Casey Kelly</a>",28.0,6.0,0.0
13273,"<a href=""statss.aspx?playerid=13273&position=P"">Ross Stripling</a>",28.0,13.0,0.06765620983563937
4141,"<a href=""statss.aspx?playerid=4141&position=P"">Derek Holland</a>",31.0,28.0,0.10430871115790473
3648,"<a href=""statss.aspx?playerid=3648&position=C"">Rene Rivera</a>",34.0,32.0,0.21238207072019577
8362,"<a href=""statss.aspx?playerid=8362&position=P"">Homer Bailey</a>",32.0,12.0,0.06895295977592468
14103,"<a href=""statss.aspx?playerid=14103&position=3B"">Rio Ruiz</a>",24.0,15.0,0.19858432213465374
12037,"<a href=""statss.aspx?playerid=12037&position=3B"">Jon Berti</a>",28.0,15.0,0.3056387265523275
13050,"<a href=""statss.aspx?playerid=13050&position=P"">Anthony DeSclafani</a>",28.0,33.0,0.12131458315356024
13269,"<a href=""statss.aspx?playerid=13269&position=SS"">Zach Vincej</a>",27.0,4.0,0.4397653639316559
10131,"<a href=""statss.aspx?playerid=10131&position=P"">Stephen Strasburg</a>",29.0,21.0,0.10994134098291397
16918,"<a href=""statss.aspx?playerid=16918&position=P"">Luke Weaver</a>",24.0,14.0,0.07329422732194264
14523,"<a href=""statss.aspx?playerid=14523&position=C"">Pedro Severino</a>",24.0,32.0,0.2249930500984192
13755,"<a href=""statss.aspx?playerid=13755&position=C"">Tomas Nido</a>",24.0,42.0,0.20792930324872336
18146,"<a href=""statss.aspx?playerid=18146&position=OF"">Kevin Kaczmarski</a>",26.0,3.0,0.0
11479,"<a href=""statss.aspx?playerid=11479&position=P"">Bryan Mitchell</a>",27.0,7.0,0.0
16403,"<a href=""statss.aspx?playerid=16403&position=C"">Francisco Mejia</a>",22.0,62.0,0.27665341477240285
13414,"<a href=""statss.aspx?playerid=13414&position=OF"">Andrew Toles</a>",26.0,32.0,0.24457203188250143
3543,"<a href=""statss.aspx?playerid=3543&position=P"">Clay Buchholz</a>",33.0,23.0,0.0968402236700058
14528,"<a href=""statss.aspx?playerid=14528&position=OF"">Gabriel Guerrero</a>",24.0,18.0,0.21054944064882067
17109,"<a href=""statss.aspx?playerid=17109&position=C"">Meibrys Viloria</a>",21.0,29.0,0.27077617815562655
10587,"<a href=""statss.aspx?playerid=10587&position=P"">Chad Bettis</a>",29.0,6.0,0.0
1887,"<a href=""statss.aspx?playerid=1887&position=OF"">Jose Bautista</a>",37.0,254.0,0.3022394464241238
17588,"<a href=""statss.aspx?playerid=17588&position=2B/SS"">Blake Trahan</a>",24.0,14.0,0.18847087025642395
4243,"<a href=""statss.aspx?playerid=4243&position=C"">Jose Lobaton</a>",33.0,4.0,0.0
7927,"<a href=""statss.aspx?playerid=7927&position=2B"">Eric Sogard</a>",32.0,4.0,0.0
14509,"<a href=""statss.aspx?playerid=14509&position=P"">Dereck Rodriguez</a>",26.0,26.0,0.08795307278633117
15104,"<a href=""statss.aspx?playerid=15104&position=OF"">Jonathan Davis</a>",26.0,27.0,0.22870749235153198
17877,"<a href=""statss.aspx?playerid=17877&position=P"">Brett Kennedy</a>",23.0,9.0,0.0
15048,"<a href=""statss.aspx?playerid=15048&position=OF"">Johnny Field</a>",26.0,71.0,0.2802152029225524
4806,"<a href=""statss.aspx?playerid=4806&position=P"">Rich Hill</a>",38.0,32.0,0.11727076371510824
11486,"<a href=""statss.aspx?playerid=11486&position=P"">Robbie Ray</a>",26.0,31.0,0.10736915469169617
12944,"<a href=""statss.aspx?playerid=12944&position=OF"">Socrates Brito</a>",25.0,27.0,0.2821311178030791
14329,"<a href=""statss.aspx?playerid=14329&position=OF"">Anthony Alford</a>",23.0,5.0,0.0
11609,"<a href=""statss.aspx?playerid=11609&position=C"">Willson Contreras</a>",26.0,244.0,0.2936148400659914
6677,"<a href=""statss.aspx?playerid=6677&position=OF"">JB Shuck</a>",31.0,8.0,0.19613254070281982
5486,"<a href=""statss.aspx?playerid=5486&position=OF"">Abraham Almonte</a>",29.0,7.0,0.09850422825132098
16192,"<a href=""statss.aspx?playerid=16192&position=OF"">Derek Fisher</a>",24.0,5.0,0.0
15115,"<a href=""statss.aspx?playerid=15115&position=OF"">Dylan Cozens</a>",24.0,28.0,0.2257928571530751
4371,"<a href=""statss.aspx?playerid=4371&position=P"">Jeremy Hellickson</a>",31.0,18.0,0.054970670491456985
2530,"<a href=""statss.aspx?playerid=2530&position=1B"">Yonder Alonso</a>",31.0,291.0,0.3122634398526159
6448,"<a href=""statss.aspx?playerid=6448&position=1B/OF"">Jim Adduci</a>",33.0,185.0,0.29108413060506183
11589,"<a href=""statss.aspx?playerid=11589&position=P"">Jose Urena</a>",26.0,26.0,0.06537751356760661
6895,"<a href=""statss.aspx?playerid=6895&position=P"">Chase Anderson</a>",30.0,24.0,0.07329422732194264
15197,"<a href=""statss.aspx?playerid=15197&position=2B"">Carlos Asuaje</a>",26.0,97.0,0.2729078079524793
19309,"<a href=""statss.aspx?playerid=19309&position=P"">Trevor Richards</a>",25.0,21.0,0.05173710163901834
13781,"<a href=""statss.aspx?playerid=13781&position=P"">Alex Wood</a>",27.0,20.0,0.04886281821462843
5557,"<a href=""statss.aspx?playerid=5557&position=C"">Jarrod Saltalamacchia</a>",33.0,8.0,0.08619119971990585
13419,"<a href=""statss.aspx?playerid=13419&position=1B"">Christian Walker</a>",27.0,31.0,0.25123123199709
16291,"<a href=""statss.aspx?playerid=16291&position=C"">Nick Ciuffo</a>",23.0,44.0,0.24915525459107898
13012,"<a href=""statss.aspx?playerid=13012&position=OF"">John Andreoli</a>",28.0,63.0,0.236944542044685
18679,"<a href=""statss.aspx?playerid=18679&position=P"">Freddy Peralta</a>",22.0,19.0,0.04886281821462843
13633,"<a href=""statss.aspx?playerid=13633&position=OF"">Preston Tucker</a>",27.0,63.0,0.3060697004908607
5485,"<a href=""statss.aspx?playerid=5485&position=2B/OF"">Jose Pirela</a>",28.0,137.0,0.26445503620540395
7740,"<a href=""statss.aspx?playerid=7740&position=2B/3B/OF"">Ty Kelly</a>",29.0,12.0,0.13075502713521323
12983,"<a href=""statss.aspx?playerid=12983&position=OF"">Charlie Tilson</a>",25.0,16.0,0.20920804341634114
15454,"<a href=""statss.aspx?playerid=15454&position=P"">Nick Pivetta</a>",25.0,19.0,0.040560564574073345
14558,"<a href=""statss.aspx?playerid=14558&position=OF"">Carlos Tocci</a>",22.0,100.0,0.2795528116979097
11713,"<a href=""statss.aspx?playerid=11713&position=P"">Matt Harvey</a>",29.0,30.0,0.08443417425813346
13723,"<a href=""statss.aspx?playerid=13723&position=C"">Jacob Stallings</a>",28.0,38.0,0.21645536548212954
14109,"<a href=""statss.aspx?playerid=14109&position=OF"">Albert Almora Jr.</a>",24.0,218.0,0.2429012312867125
14862,"<a href=""statss.aspx?playerid=14862&position=P"">Zack Godley</a>",28.0,32.0,0.07661439975102742
19316,"<a href=""statss.aspx?playerid=19316&position=P"">Eric Lauer</a>",23.0,16.0,0.0
17775,"<a href=""statss.aspx?playerid=17775&position=P"">Jacob Nix</a>",22.0,16.0,0.0
10642,"<a href=""statss.aspx?playerid=10642&position=C"">Carlos Perez</a>",27.0,7.0,0.0
15983,"<a href=""statss.aspx?playerid=15983&position=OF"">Jackson Frazier</a>",23.0,17.0,0.24859057103886323
11611,"<a href=""statss.aspx?playerid=11611&position=OF"">Rosell Herrera</a>",25.0,240.0,0.2691797787944476
11936,"<a href=""statss.aspx?playerid=11936&position=2B"">Joe Panik</a>",27.0,188.0,0.25593224438754
6885,"<a href=""statss.aspx?playerid=6885&position=SS/OF"">Ian Desmond</a>",32.0,303.0,0.3132696763569156
8203,"<a href=""statss.aspx?playerid=8203&position=2B"">Dee Strange-Gordon</a>",30.0,258.0,0.2690092016668881
13677,"<a href=""statss.aspx?playerid=13677&position=P"">Corey Oswalt</a>",24.0,17.0,0.0
8628,"<a href=""statss.aspx?playerid=8628&position=OF"">Paulo Orlando</a>",32.0,11.0,0.0799573388966647
16256,"<a href=""statss.aspx?playerid=16256&position=P"">Kyle Freeland</a>",25.0,35.0,0.09110110095053008
9785,"<a href=""statss.aspx?playerid=9785&position=3B"">Kyle Seager</a>",30.0,281.0,0.26798760912324365
18288,"<a href=""statss.aspx?playerid=18288&position=OF"">Austin Dean</a>",24.0,122.0,0.2814056785380254
13005,"<a href=""statss.aspx?playerid=13005&position=2B"">Kelby Tomlinson</a>",28.0,31.0,0.1928632358709971
14968,"<a href=""statss.aspx?playerid=14968&position=C"">Victor Caratini</a>",24.0,131.0,0.26455915805905367
13906,"<a href=""statss.aspx?playerid=13906&position=2B"">Sherman Johnson</a>",27.0,11.0,0.06547044623981822
12880,"<a href=""statss.aspx?playerid=12880&position=P"">Tyler Anderson</a>",28.0,25.0,0.06537751356760661
12510,"<a href=""statss.aspx?playerid=12510&position=C"">Curt Casali</a>",29.0,124.0,0.3198371170982113
12174,"<a href=""statss.aspx?playerid=12174&position=OF"">Jorge Bonifacio</a>",25.0,263.0,0.296895673220185
15672,"<a href=""statss.aspx?playerid=15672&position=DH/OF"">Austin Meadows</a>",23.0,60.0,0.25648790498574575
791,"<a href=""statss.aspx?playerid=791&position=2B"">Brandon Phillips</a>",37.0,27.0,0.24251882676725034
11674,"<a href=""statss.aspx?playerid=11674&position=P"">Jameson Taillon</a>",26.0,33.0,0.05863538185755412
17292,"<a href=""statss.aspx?playerid=17292&position=P"">Javy Guerra</a>",22.0,17.0,0.2251558970002567
4062,"<a href=""statss.aspx?playerid=4062&position=OF"">Dexter Fowler</a>",32.0,84.0,0.28081081949529196
5666,"<a href=""statss.aspx?playerid=5666&position=C"">Devin Mesoraco</a>",30.0,107.0,0.28243288512413317
7870,"<a href=""statss.aspx?playerid=7870&position=C"">Jonathan Lucroy</a>",32.0,212.0,0.2509914990865959
14916,"<a href=""statss.aspx?playerid=14916&position=P"">Jon Gray</a>",26.0,29.0,0.07173349901481911
1994,"<a href=""statss.aspx?playerid=1994&position=P"">Ivan Nova</a>",31.0,26.0,0.03664711366097132
19287,"<a href=""statss.aspx?playerid=19287&position=OF"">Adolis Garcia</a>",25.0,17.0,0.12510621197083416
12049,"<a href=""statss.aspx?playerid=12049&position=P"">Kyle Hendricks</a>",28.0,33.0,0.0541055284697434
9205,"<a href=""statss.aspx?playerid=9205&position=1B/OF"">Logan Morrison</a>",30.0,87.0,0.27341872453689575
15488,"<a href=""statss.aspx?playerid=15488&position=P"">Antonio Senzatela</a>",23.0,25.0,0.04188241561253866
8252,"<a href=""statss.aspx?playerid=8252&position=OF"">Hunter Pence</a>",35.0,142.0,0.2818907776349027
3711,"<a href=""statss.aspx?playerid=3711&position=1B/OF"">Eric Thames</a>",31.0,142.0,0.29214230496832666
10286,"<a href=""statss.aspx?playerid=10286&position=C"">Francisco Arcia</a>",28.0,106.0,0.2768540747885434
16149,"<a href=""statss.aspx?playerid=16149&position=P"">Aaron Nola</a>",25.0,32.0,0.04157582918802897
3256,"<a href=""statss.aspx?playerid=3256&position=C"">Welington Castillo</a>",31.0,58.0,0.25789916309817085
14111,"<a href=""statss.aspx?playerid=14111&position=C"">Eric Haase</a>",25.0,17.0,0.14583743319791906
11400,"<a href=""statss.aspx?playerid=11400&position=2B/3B/SS"">Ronald Torreyes</a>",25.0,35.0,0.20637637376785278
17738,"<a href=""statss.aspx?playerid=17738&position=OF"">Chris Shaw</a>",24.0,62.0,0.2501419436547064
11489,"<a href=""statss.aspx?playerid=11489&position=OF"">Michael A. Taylor</a>",27.0,107.0,0.23480589153631679
8385,"<a href=""statss.aspx?playerid=8385&position=SS"">Pedro Florimon</a>",31.0,14.0,0.08909106254577637
16943,"<a href=""statss.aspx?playerid=16943&position=P"">Sean Newcomb</a>",25.0,21.0,0.0
11863,"<a href=""statss.aspx?playerid=11863&position=3B/SS"">Yadiel Rivera</a>",26.0,59.0,0.16837876125917597
3284,"<a href=""statss.aspx?playerid=3284&position=P"">Anibal Sanchez</a>",34.0,31.0,0.02931769092877706
10200,"<a href=""statss.aspx?playerid=10200&position=C"">Tucker Barnhart</a>",27.0,239.0,0.290881508538703
15653,"<a href=""statss.aspx?playerid=15653&position=1B"">Dominic Smith</a>",23.0,102.0,0.29103513617141574
13499,"<a href=""statss.aspx?playerid=13499&position=C"">Tom Murphy</a>",27.0,53.0,0.22043409714331993
15689,"<a href=""statss.aspx?playerid=15689&position=P"">Luis Castillo</a>",25.0,31.0,0.03141181170940399
11247,"<a href=""statss.aspx?playerid=11247&position=OF"">Jabari Blash</a>",28.0,24.0,0.1460776999592781
7226,"<a href=""statss.aspx?playerid=7226&position=3B/DH"">Matt Davidson</a>",27.0,236.0,0.28797945329698466
13359,"<a href=""statss.aspx?playerid=13359&position=OF"">Tyler Naquin</a>",27.0,65.0,0.26429201639615574
11379,"<a href=""statss.aspx?playerid=11379&position=OF"">Delino DeShields</a>",25.0,123.0,0.23120747343832707
14352,"<a href=""statss.aspx?playerid=14352&position=OF"">Lewis Brinson</a>",24.0,110.0,0.24942976181660223
10807,"<a href=""statss.aspx?playerid=10807&position=3B/SS"">Tyler Saladino</a>",28.0,91.0,0.2574360456731584
13774,"<a href=""statss.aspx?playerid=13774&position=P"">Zach Eflin</a>",24.0,27.0,0.0
14942,"<a href=""statss.aspx?playerid=14942&position=C"">Andrew Knapp</a>",26.0,98.0,0.2713678153519778
14885,"<a href=""statss.aspx?playerid=14885&position=2B/SS"">Pat Valaika</a>",25.0,48.0,0.24475334553008385
9744,"<a href=""statss.aspx?playerid=9744&position=1B"">Justin Bour</a>",30.0,175.0,0.29216894884219113
10951,"<a href=""statss.aspx?playerid=10951&position=2B/3B"">Greg Garcia</a>",28.0,90.0,0.234273587719778
13329,"<a href=""statss.aspx?playerid=13329&position=3B"">Jake Lamb</a>",27.0,70.0,0.21578927380698068
12926,"<a href=""statss.aspx?playerid=12926&position=2B/OF"">Alen Hanson</a>",25.0,187.0,0.2560750531113666
17548,"<a href=""statss.aspx?playerid=17548&position=OF"">Taylor Ward</a>",24.0,147.0,0.2550071258934177
5343,"<a href=""statss.aspx?playerid=5343&position=SS"">Brandon Crawford</a>",31.0,279.0,0.23508176109293005
9308,"<a href=""statss.aspx?playerid=9308&position=C"">Josh Phegley</a>",30.0,73.0,0.22182422223156445
10811,"<a href=""statss.aspx?playerid=10811&position=P"">Mike Foltynewicz</a>",26.0,38.0,0.027485335245728493
16041,"<a href=""statss.aspx?playerid=16041&position=2B/OF"">Stevie Wilkerson</a>",26.0,34.0,0.2282198825303246
12775,"<a href=""statss.aspx?playerid=12775&position=SS"">Brad Miller</a>",28.0,56.0,0.24130278067155317
4969,"<a href=""statss.aspx?playerid=4969&position=3B"">Luis Valbuena</a>",32.0,45.0,0.1802255922839755
13369,"<a href=""statss.aspx?playerid=13369&position=3B/SS"">Erik Gonzalez</a>",26.0,63.0,0.23533916094946483
16153,"<a href=""statss.aspx?playerid=16153&position=OF"">Austin Slater</a>",25.0,199.0,0.27108547211897494
10950,"<a href=""statss.aspx?playerid=10950&position=OF"">Adam Duvall</a>",29.0,144.0,0.24544288218021393
14548,"<a href=""statss.aspx?playerid=14548&position=2B/3B"">Jesmuel Valentin</a>",24.0,40.0,0.19329761266708373
11615,"<a href=""statss.aspx?playerid=11615&position=2B/3B"">Brandon Drury</a>",25.0,56.0,0.20800744422844478
15214,"<a href=""statss.aspx?playerid=15214&position=1B/OF"">Brandon Dixon</a>",26.0,93.0,0.23134903561684392
13862,"<a href=""statss.aspx?playerid=13862&position=2B"">Devon Travis</a>",27.0,209.0,0.29081238656523123
3123,"<a href=""statss.aspx?playerid=3123&position=OF"">Gregor Blanco</a>",34.0,74.0,0.2103650988759221
14131,"<a href=""statss.aspx?playerid=14131&position=1B"">Greg Bird</a>",25.0,203.0,0.2699562199044936
15117,"<a href=""statss.aspx?playerid=15117&position=3B/OF"">Hunter Dozier</a>",26.0,240.0,0.2953188667694728
12547,"<a href=""statss.aspx?playerid=12547&position=C/1B"">John Hicks</a>",28.0,92.0,0.25550372769003327
15181,"<a href=""statss.aspx?playerid=15181&position=OF"">Ryan Cordell</a>",26.0,40.0,0.14393349289894103
18345,"<a href=""statss.aspx?playerid=18345&position=OF"">Kyle Tucker</a>",21.0,72.0,0.2073264734612571
12859,"<a href=""statss.aspx?playerid=12859&position=C"">James McCann</a>",28.0,217.0,0.245641575156269
11476,"<a href=""statss.aspx?playerid=11476&position=OF"">Odubel Herrera</a>",26.0,261.0,0.2659217980942985
8298,"<a href=""statss.aspx?playerid=8298&position=C"">Francisco Pena</a>",28.0,50.0,0.19719550804216035
7888,"<a href=""statss.aspx?playerid=7888&position=2B/3B"">Ryan Flaherty</a>",31.0,32.0,0.10122969842726184
10323,"<a href=""statss.aspx?playerid=10323&position=OF"">Rafael Ortega</a>",27.0,143.0,0.25148737638980356
8553,"<a href=""statss.aspx?playerid=8553&position=OF"">Gerardo Parra</a>",31.0,186.0,0.2920496874168271
11894,"<a href=""statss.aspx?playerid=11894&position=OF"">Noel Cuevas</a>",26.0,39.0,0.18731609771126195
6364,"<a href=""statss.aspx?playerid=6364&position=3B"">Danny Valencia</a>",33.0,78.0,0.23768785977974916
393,"<a href=""statss.aspx?playerid=393&position=C/DH"">Victor Martinez</a>",39.0,222.0,0.29371857265541457
5677,"<a href=""statss.aspx?playerid=5677&position=C"">A.J. Ellis</a>",37.0,72.0,0.26130841063781524
5227,"<a href=""statss.aspx?playerid=5227&position=OF"">Jon Jay</a>",33.0,221.0,0.2712653376839378
14713,"<a href=""statss.aspx?playerid=14713&position=2B/3B"">Dawel Lugo</a>",23.0,101.0,0.2548347516815261
5273,"<a href=""statss.aspx?playerid=5273&position=C"">Sandy Leon</a>",29.0,170.0,0.17228884075930018
3708,"<a href=""statss.aspx?playerid=3708&position=OF"">Rajai Davis</a>",37.0,76.0,0.2169629021270855
11003,"<a href=""statss.aspx?playerid=11003&position=C/DH"">Evan Gattis</a>",31.0,183.0,0.27523528645326806
17975,"<a href=""statss.aspx?playerid=17975&position=SS/OF"">Scott Kingery</a>",24.0,202.0,0.24897264218449
15694,"<a href=""statss.aspx?playerid=15694&position=C"">Chance Sisco</a>",23.0,35.0,0.10104314599718367
10542,"<a href=""statss.aspx?playerid=10542&position=2B/OF"">Derek Dietrich</a>",28.0,240.0,0.29035683506203497
10346,"<a href=""statss.aspx?playerid=10346&position=C"">John Ryan Murphy</a>",27.0,80.0,0.14034933908076225
16219,"<a href=""statss.aspx?playerid=16219&position=3B"">J.D. Davis</a>",25.0,60.0,0.1671720673640569
17098,"<a href=""statss.aspx?playerid=17098&position=OF"">Dustin Fowler</a>",23.0,63.0,0.1908631438300723
17689,"<a href=""statss.aspx?playerid=17689&position=2B/3B/OF"">Kevin Kramer</a>",24.0,40.0,0.14441782087087632
3376,"<a href=""statss.aspx?playerid=3376&position=C"">Nick Hundley</a>",34.0,171.0,0.28007184617659625
11385,"<a href=""statss.aspx?playerid=11385&position=OF"">Matt den Dekker</a>",30.0,21.0,0.06566948550088066
17838,"<a href=""statss.aspx?playerid=17838&position=DH/OF"">Willie Calhoun</a>",23.0,108.0,0.26248467354862776
14553,"<a href=""statss.aspx?playerid=14553&position=OF"">Nomar Mazara</a>",23.0,197.0,0.27466608062008313
15194,"<a href=""statss.aspx?playerid=15194&position=1B/OF"">Jake Bauers</a>",22.0,295.0,0.2813662626230676
16115,"<a href=""statss.aspx?playerid=16115&position=OF"">Mike Gerber</a>",25.0,45.0,0.14764412111706204
9393,"<a href=""statss.aspx?playerid=9393&position=1B"">Matt Adams</a>",29.0,166.0,0.2732248686573988
5942,"<a href=""statss.aspx?playerid=5942&position=C"">Jesus Sucre</a>",30.0,114.0,0.20749008709734137
3086,"<a href=""statss.aspx?playerid=3086&position=1B"">Mitch Moreland</a>",32.0,213.0,0.26426047736434577
10264,"<a href=""statss.aspx?playerid=10264&position=1B"">Brandon Belt</a>",30.0,172.0,0.23811111029456644
11494,"<a href=""statss.aspx?playerid=11494&position=2B/3B"">Kaleb Cowart</a>",26.0,119.0,0.20155779453886657
3516,"<a href=""statss.aspx?playerid=3516&position=1B"">Eric Hosmer</a>",28.0,331.0,0.28280617196135727
9272,"<a href=""statss.aspx?playerid=9272&position=1B"">Chris Davis</a>",32.0,254.0,0.2592832335806268
5107,"<a href=""statss.aspx?playerid=5107&position=1B"">Jefry Marte</a>",27.0,119.0,0.24845457978609228
15447,"<a href=""statss.aspx?playerid=15447&position=1B/3B"">Ryon Healy</a>",26.0,256.0,0.27059702086262405
15487,"<a href=""statss.aspx?playerid=15487&position=OF"">Victor Reyes</a>",23.0,151.0,0.2386210012435913
17696,"<a href=""statss.aspx?playerid=17696&position=2B/SS"">Kevin Newman</a>",24.0,97.0,0.21078474819660187
4146,"<a href=""statss.aspx?playerid=4146&position=OF"">Gorkys Hernandez</a>",30.0,220.0,0.23333051015030254
17023,"<a href=""statss.aspx?playerid=17023&position=OF"">Magneuris Sierra</a>",22.0,156.0,0.19195882113356338
5352,"<a href=""statss.aspx?playerid=5352&position=2B/3B"">Yangervis Solarte</a>",30.0,164.0,0.1909876034303677
