playerid,Name,Age,PA,wOBA
15640,"<a href=""statss.aspx?playerid=15640&position=OF"">Aaron Judge</a>",25.0,334.0,0.46573410449606
5417,"<a href=""statss.aspx?playerid=5417&position=2B"">Jose Altuve</a>",27.0,345.0,0.3930572023865772
9218,"<a href=""statss.aspx?playerid=9218&position=1B"">Paul Goldschmidt</a>",29.0,349.0,0.4224444611937599
10155,"<a href=""statss.aspx?playerid=10155&position=OF"">Mike Trout</a>",25.0,206.0,0.47502278430121286
5235,"<a href=""statss.aspx?playerid=5235&position=3B"">Justin Turner</a>",32.0,241.0,0.4429118538896243
9166,"<a href=""statss.aspx?playerid=9166&position=C"">Buster Posey</a>",30.0,287.0,0.40099495523854306
13510,"<a href=""statss.aspx?playerid=13510&position=3B"">Jose Ramirez</a>",24.0,322.0,0.39028730236481285
14162,"<a href=""statss.aspx?playerid=14162&position=SS"">Carlos Correa</a>",22.0,331.0,0.38624990895027067
15429,"<a href=""statss.aspx?playerid=15429&position=3B/OF"">Kris Bryant</a>",25.0,329.0,0.38640543552545403
12861,"<a href=""statss.aspx?playerid=12861&position=3B"">Anthony Rendon</a>",27.0,309.0,0.3987781624840603
13624,"<a href=""statss.aspx?playerid=13624&position=SS"">Corey Seager</a>",23.0,317.0,0.3805364928306482
4314,"<a href=""statss.aspx?playerid=4314&position=1B"">Joey Votto</a>",33.0,344.0,0.4293973394600503
11982,"<a href=""statss.aspx?playerid=11982&position=3B"">Travis Shaw</a>",27.0,304.0,0.37987119077846704
12856,"<a href=""statss.aspx?playerid=12856&position=OF"">George Springer</a>",27.0,340.0,0.397113271895245
9134,"<a href=""statss.aspx?playerid=9134&position=C"">Tyler Flowers</a>",31.0,204.0,0.38985414861464035
10816,"<a href=""statss.aspx?playerid=10816&position=2B/3B"">Jedd Gyorko</a>",28.0,278.0,0.37443907338359295
13611,"<a href=""statss.aspx?playerid=13611&position=OF"">Mookie Betts</a>",24.0,354.0,0.3563091652733939
10324,"<a href=""statss.aspx?playerid=10324&position=DH/OF"">Marcell Ozuna</a>",26.0,328.0,0.3905442089300889
16376,"<a href=""statss.aspx?playerid=16376&position=OF"">Michael Conforto</a>",24.0,269.0,0.3976415452180487
10847,"<a href=""statss.aspx?playerid=10847&position=SS"">Andrelton Simmons</a>",27.0,339.0,0.32717057649364867
10762,"<a href=""statss.aspx?playerid=10762&position=OF"">Corey Dickerson</a>",28.0,340.0,0.3912014047659579
10950,"<a href=""statss.aspx?playerid=10950&position=OF"">Adam Duvall</a>",28.0,319.0,0.3732862233368207
11579,"<a href=""statss.aspx?playerid=11579&position=OF"">Bryce Harper</a>",24.0,328.0,0.4115088059323067
4220,"<a href=""statss.aspx?playerid=4220&position=1B/3B"">Ryan Zimmerman</a>",32.0,297.0,0.4181879233029555
12161,"<a href=""statss.aspx?playerid=12161&position=SS"">Xander Bogaerts</a>",24.0,326.0,0.35220581071664675
5361,"<a href=""statss.aspx?playerid=5361&position=1B"">Freddie Freeman</a>",27.0,165.0,0.48477028900722285
11265,"<a href=""statss.aspx?playerid=11265&position=2B"">Jonathan Schoop</a>",25.0,314.0,0.36870293442610724
6887,"<a href=""statss.aspx?playerid=6887&position=C"">Martin Maldonado</a>",30.0,247.0,0.31698922340761976
9077,"<a href=""statss.aspx?playerid=9077&position=OF"">Lorenzo Cain</a>",31.0,320.0,0.346725054669156
8202,"<a href=""statss.aspx?playerid=8202&position=2B/3B"">Josh Harrison</a>",29.0,332.0,0.3597316513670252
2616,"<a href=""statss.aspx?playerid=2616&position=SS"">Zack Cozart</a>",31.0,259.0,0.4054547177778708
5667,"<a href=""statss.aspx?playerid=5667&position=OF"">Steven Souza Jr.</a>",28.0,326.0,0.36560480796373807
5497,"<a href=""statss.aspx?playerid=5497&position=SS"">Marwin Gonzalez</a>",28.0,222.0,0.40858598550160724
15998,"<a href=""statss.aspx?playerid=15998&position=1B/OF"">Cody Bellinger</a>",21.0,261.0,0.3973788288421929
4316,"<a href=""statss.aspx?playerid=4316&position=1B/2B"">Daniel Murphy</a>",32.0,324.0,0.39571833761911546
9777,"<a href=""statss.aspx?playerid=9777&position=3B"">Nolan Arenado</a>",26.0,353.0,0.3706148376095944
4579,"<a href=""statss.aspx?playerid=4579&position=2B/SS"">Starlin Castro</a>",27.0,313.0,0.35472595329863577
4418,"<a href=""statss.aspx?playerid=4418&position=2B/SS"">Jed Lowrie</a>",33.0,319.0,0.35833881917239735
13329,"<a href=""statss.aspx?playerid=13329&position=3B"">Jake Lamb</a>",26.0,338.0,0.3829141127340721
8709,"<a href=""statss.aspx?playerid=8709&position=SS"">Elvis Andrus</a>",28.0,339.0,0.34818313378500027
12984,"<a href=""statss.aspx?playerid=12984&position=OF"">Jackie Bradley Jr.</a>",27.0,255.0,0.3632687630634459
11739,"<a href=""statss.aspx?playerid=11739&position=C"">J.T. Realmuto</a>",26.0,269.0,0.3403495299188714
9054,"<a href=""statss.aspx?playerid=9054&position=1B"">Justin Smoak</a>",30.0,295.0,0.39677664434828724
11368,"<a href=""statss.aspx?playerid=11368&position=C"">Yasmani Grandal</a>",28.0,260.0,0.32863776817284956
5297,"<a href=""statss.aspx?playerid=5297&position=OF"">Aaron Hicks</a>",27.0,242.0,0.38827738771794745
5760,"<a href=""statss.aspx?playerid=5760&position=OF"">Avisail Garcia</a>",26.0,309.0,0.36983720409753656
9927,"<a href=""statss.aspx?playerid=9927&position=OF"">Brett Gardner</a>",33.0,326.0,0.34533929696449867
7859,"<a href=""statss.aspx?playerid=7859&position=OF"">Charlie Blackmon</a>",30.0,366.0,0.39404032600223193
3892,"<a href=""statss.aspx?playerid=3892&position=OF"">Josh Reddick</a>",30.0,273.0,0.3619960239574091
3473,"<a href=""statss.aspx?playerid=3473&position=1B"">Anthony Rizzo</a>",27.0,354.0,0.37297639104749697
9847,"<a href=""statss.aspx?playerid=9847&position=OF"">Andrew McCutchen</a>",30.0,325.0,0.36726064538514175
4949,"<a href=""statss.aspx?playerid=4949&position=DH/OF"">Giancarlo Stanton</a>",27.0,327.0,0.3711192426474198
12916,"<a href=""statss.aspx?playerid=12916&position=SS"">Francisco Lindor</a>",23.0,343.0,0.32847949614127475
12164,"<a href=""statss.aspx?playerid=12164&position=1B/3B"">Miguel Sano</a>",24.0,301.0,0.3788070660587904
4922,"<a href=""statss.aspx?playerid=4922&position=OF"">Ender Inciarte</a>",26.0,365.0,0.3248623971133351
9810,"<a href=""statss.aspx?playerid=9810&position=2B"">Brian Dozier</a>",30.0,341.0,0.3278312677799417
11442,"<a href=""statss.aspx?playerid=11442&position=C"">Gary Sanchez</a>",24.0,209.0,0.3838639396229429
13757,"<a href=""statss.aspx?playerid=13757&position=OF"">Chris Taylor</a>",26.0,244.0,0.35973247983416573
3269,"<a href=""statss.aspx?playerid=3269&position=2B"">Robinson Cano</a>",34.0,309.0,0.3535606909970768
9205,"<a href=""statss.aspx?playerid=9205&position=1B/OF"">Logan Morrison</a>",29.0,316.0,0.3745826523280838
12160,"<a href=""statss.aspx?playerid=12160&position=OF"">Ben Gamel</a>",25.0,248.0,0.3828673871905215
9892,"<a href=""statss.aspx?playerid=9892&position=OF"">Jay Bruce</a>",30.0,327.0,0.3650960949582791
5933,"<a href=""statss.aspx?playerid=5933&position=2B/SS"">Jean Segura</a>",27.0,234.0,0.36097843280602326
7476,"<a href=""statss.aspx?playerid=7476&position=C"">Alex Avila</a>",30.0,195.0,0.42763620184868884
11489,"<a href=""statss.aspx?playerid=11489&position=OF"">Michael A. Taylor</a>",26.0,240.0,0.347555552671353
12552,"<a href=""statss.aspx?playerid=12552&position=3B"">Eugenio Suarez</a>",25.0,313.0,0.35040777997848704
5223,"<a href=""statss.aspx?playerid=5223&position=OF"">Cameron Maybin</a>",30.0,275.0,0.33241405408747876
9785,"<a href=""statss.aspx?playerid=9785&position=3B"">Kyle Seager</a>",29.0,333.0,0.3242324549014083
11038,"<a href=""statss.aspx?playerid=11038&position=OF"">Kevin Kiermaier</a>",27.0,262.0,0.31729161157272756
16252,"<a href=""statss.aspx?playerid=16252&position=SS"">Trea Turner</a>",24.0,315.0,0.320164384160723
12158,"<a href=""statss.aspx?playerid=12158&position=C"">Austin Barnes</a>",27.0,113.0,0.39603285240916025
7927,"<a href=""statss.aspx?playerid=7927&position=2B"">Eric Sogard</a>",31.0,156.0,0.4120860084509238
5222,"<a href=""statss.aspx?playerid=5222&position=OF"">Justin Upton</a>",29.0,305.0,0.3608172528053585
4810,"<a href=""statss.aspx?playerid=4810&position=C"">Brian McCann</a>",33.0,225.0,0.338523228874121
2967,"<a href=""statss.aspx?playerid=2967&position=OF"">Tommy Pham</a>",29.0,201.0,0.3683170833397861
13265,"<a href=""statss.aspx?playerid=13265&position=C"">Mike Zunino</a>",26.0,199.0,0.3368242448897817
2530,"<a href=""statss.aspx?playerid=2530&position=1B"">Yonder Alonso</a>",30.0,258.0,0.3914400015290328
12225,"<a href=""statss.aspx?playerid=12225&position=OF"">Scott Schebler</a>",26.0,293.0,0.36458405842076463
15676,"<a href=""statss.aspx?playerid=15676&position=1B"">Jose Abreu</a>",30.0,341.0,0.35952392352365814
7571,"<a href=""statss.aspx?playerid=7571&position=3B/OF"">Lonnie Chisenhall</a>",28.0,181.0,0.3939098187085599
7304,"<a href=""statss.aspx?playerid=7304&position=C"">Salvador Perez</a>",27.0,284.0,0.3519424195830704
3711,"<a href=""statss.aspx?playerid=3711&position=1B/OF"">Eric Thames</a>",30.0,304.0,0.3796093183755875
4866,"<a href=""statss.aspx?playerid=4866&position=OF"">Jarrod Dyson</a>",32.0,270.0,0.30892891718653703
9744,"<a href=""statss.aspx?playerid=9744&position=1B"">Justin Bour</a>",29.0,261.0,0.37926734548348645
10264,"<a href=""statss.aspx?playerid=10264&position=1B"">Brandon Belt</a>",29.0,340.0,0.342993321847775
9253,"<a href=""statss.aspx?playerid=9253&position=OF"">Keon Broxton</a>",27.0,275.0,0.3366049534648004
15149,"<a href=""statss.aspx?playerid=15149&position=1B/DH/OF"">Trey Mancini</a>",25.0,243.0,0.3851582040021449
4892,"<a href=""statss.aspx?playerid=4892&position=3B"">Mike Moustakas</a>",28.0,298.0,0.35305039383269643
11270,"<a href=""statss.aspx?playerid=11270&position=OF"">Aaron Altherr</a>",26.0,270.0,0.3648289909113699
6195,"<a href=""statss.aspx?playerid=6195&position=2B"">Ian Kinsler</a>",35.0,279.0,0.32736378224519846
14274,"<a href=""statss.aspx?playerid=14274&position=OF"">Mitch Haniger</a>",26.0,174.0,0.3906873564499651
11615,"<a href=""statss.aspx?playerid=11615&position=2B/3B"">Brandon Drury</a>",24.0,273.0,0.34139336771144096
9112,"<a href=""statss.aspx?playerid=9112&position=DH/OF"">Khris Davis</a>",29.0,332.0,0.35601630941978757
4106,"<a href=""statss.aspx?playerid=4106&position=OF"">Michael Brantley</a>",30.0,240.0,0.35139837723895595
9368,"<a href=""statss.aspx?playerid=9368&position=3B"">Evan Longoria</a>",31.0,351.0,0.317925786663746
14106,"<a href=""statss.aspx?playerid=14106&position=SS"">Addison Russell</a>",23.0,260.0,0.29593885337659553
17678,"<a href=""statss.aspx?playerid=17678&position=3B"">Alex Bregman</a>",23.0,296.0,0.31781680907233284
5352,"<a href=""statss.aspx?playerid=5352&position=2B/3B"">Yangervis Solarte</a>",29.0,289.0,0.33265240667583224
10030,"<a href=""statss.aspx?playerid=10030&position=2B/SS"">Chris Owings</a>",25.0,301.0,0.3482533091286752
4747,"<a href=""statss.aspx?playerid=4747&position=OF"">Curtis Granderson</a>",36.0,289.0,0.3379038785480791
6547,"<a href=""statss.aspx?playerid=6547&position=SS"">Jordy Mercer</a>",30.0,303.0,0.3202613487436965
5038,"<a href=""statss.aspx?playerid=5038&position=3B"">Josh Donaldson</a>",31.0,162.0,0.3698993488128141
7949,"<a href=""statss.aspx?playerid=7949&position=SS"">Tim Beckham</a>",27.0,289.0,0.3250994293226136
5913,"<a href=""statss.aspx?playerid=5913&position=OF"">Leury Garcia</a>",26.0,200.0,0.3435756476397442
6184,"<a href=""statss.aspx?playerid=6184&position=DH/OF"">J.D. Martinez</a>",29.0,178.0,0.4109723872836979
2434,"<a href=""statss.aspx?playerid=2434&position=DH/OF"">Nelson Cruz</a>",36.0,318.0,0.3658175587276869
3516,"<a href=""statss.aspx?playerid=3516&position=1B"">Eric Hosmer</a>",27.0,326.0,0.35599734666157357
11477,"<a href=""statss.aspx?playerid=11477&position=OF"">Christian Yelich</a>",25.0,329.0,0.3235110106643724
9874,"<a href=""statss.aspx?playerid=9874&position=2B"">DJ LeMahieu</a>",28.0,349.0,0.32653602554062944
11339,"<a href=""statss.aspx?playerid=11339&position=OF"">Jake Marisnick</a>",26.0,137.0,0.3636382109057294
7619,"<a href=""statss.aspx?playerid=7619&position=1B/3B"">Mark Reynolds</a>",33.0,316.0,0.3912378926820393
8090,"<a href=""statss.aspx?playerid=8090&position=3B"">Matt Carpenter</a>",31.0,324.0,0.35522583182901146
2136,"<a href=""statss.aspx?playerid=2136&position=OF"">David Peralta</a>",29.0,284.0,0.3580359789267392
7539,"<a href=""statss.aspx?playerid=7539&position=2B"">Neil Walker</a>",31.0,254.0,0.3491832533526042
4616,"<a href=""statss.aspx?playerid=4616&position=C"">Russell Martin</a>",34.0,210.0,0.33725484070323763
6012,"<a href=""statss.aspx?playerid=6012&position=SS"">Didi Gregorius</a>",27.0,233.0,0.3430294446098856
10339,"<a href=""statss.aspx?playerid=10339&position=2B"">Scooter Gennett</a>",27.0,195.0,0.38138122161229454
1873,"<a href=""statss.aspx?playerid=1873&position=OF"">Matt Holliday</a>",37.0,276.0,0.37121441917143005
2829,"<a href=""statss.aspx?playerid=2829&position=C"">Manny Pina</a>",30.0,179.0,0.34677359897099186
785,"<a href=""statss.aspx?playerid=785&position=3B"">Todd Frazier</a>",31.0,289.0,0.3280830054233472
10348,"<a href=""statss.aspx?playerid=10348&position=OF"">Domingo Santana</a>",24.0,306.0,0.35404423075286967
2151,"<a href=""statss.aspx?playerid=2151&position=1B/3B/DH"">Edwin Encarnacion</a>",34.0,328.0,0.36661398025659414
12976,"<a href=""statss.aspx?playerid=12976&position=C"">Austin Hedges</a>",24.0,238.0,0.2815827568203716
12532,"<a href=""statss.aspx?playerid=12532&position=2B"">Kolten Wong</a>",26.0,179.0,0.3491141326287214
9774,"<a href=""statss.aspx?playerid=9774&position=C"">Christian Vazquez</a>",26.0,154.0,0.3032247389291788
10047,"<a href=""statss.aspx?playerid=10047&position=1B/OF"">Wil Myers</a>",26.0,335.0,0.34669730531241366
4881,"<a href=""statss.aspx?playerid=4881&position=OF"">Carlos Gomez</a>",31.0,214.0,0.343823512115389
11602,"<a href=""statss.aspx?playerid=11602&position=2B/3B"">Yolmer Sanchez</a>",25.0,247.0,0.3189363977546064
4062,"<a href=""statss.aspx?playerid=4062&position=OF"">Dexter Fowler</a>",31.0,277.0,0.3437363789298318
18721,"<a href=""statss.aspx?playerid=18721&position=OF"">Guillermo Heredia</a>",26.0,218.0,0.31576709982452045
5751,"<a href=""statss.aspx?playerid=5751&position=2B/3B/OF"">Hernan Perez</a>",26.0,272.0,0.31590190584809136
14225,"<a href=""statss.aspx?playerid=14225&position=OF"">Yasiel Puig</a>",26.0,300.0,0.3312845127405347
12979,"<a href=""statss.aspx?playerid=12979&position=SS"">Javier Baez</a>",24.0,241.0,0.30412020709203635
11281,"<a href=""statss.aspx?playerid=11281&position=2B/OF"">Whit Merrifield</a>",28.0,247.0,0.3180505626085328
8203,"<a href=""statss.aspx?playerid=8203&position=2B"">Dee Strange-Gordon</a>",29.0,334.0,0.3001940968158367
11342,"<a href=""statss.aspx?playerid=11342&position=1B"">Jesus Aguilar</a>",27.0,165.0,0.3750027501221859
13110,"<a href=""statss.aspx?playerid=13110&position=OF"">Yoenis Cespedes</a>",31.0,142.0,0.388203587750314
13185,"<a href=""statss.aspx?playerid=13185&position=SS"">Orlando Arcia</a>",22.0,282.0,0.30796791952009234
7007,"<a href=""statss.aspx?playerid=7007&position=C"">Yadier Molina</a>",34.0,271.0,0.3025453543841616
16221,"<a href=""statss.aspx?playerid=16221&position=OF"">Bradley Zimmer</a>",24.0,127.0,0.3561061540926535
9893,"<a href=""statss.aspx?playerid=9893&position=OF"">Colby Rasmus</a>",30.0,129.0,0.3650756412603724
1857,"<a href=""statss.aspx?playerid=1857&position=C/1B"">Joe Mauer</a>",34.0,283.0,0.3304739233027113
17901,"<a href=""statss.aspx?playerid=17901&position=OF"">Andrew Benintendi</a>",22.0,320.0,0.33177658943902877
3086,"<a href=""statss.aspx?playerid=3086&position=1B"">Mitch Moreland</a>",31.0,303.0,0.34431451219040277
10472,"<a href=""statss.aspx?playerid=10472&position=OF"">Enrique Hernandez</a>",25.0,195.0,0.33678416124324206
2502,"<a href=""statss.aspx?playerid=2502&position=1B/OF"">Lucas Duda</a>",31.0,215.0,0.3797766647811206
12434,"<a href=""statss.aspx?playerid=12434&position=OF"">Kevin Pillar</a>",28.0,337.0,0.3096166667653554
12147,"<a href=""statss.aspx?playerid=12147&position=SS"">Nick Ahmed</a>",27.0,178.0,0.3001852185385568
11936,"<a href=""statss.aspx?playerid=11936&position=2B"">Joe Panik</a>",26.0,308.0,0.3214007767976499
3142,"<a href=""statss.aspx?playerid=3142&position=C"">Robinson Chirinos</a>",33.0,118.0,0.38993738667439604
13367,"<a href=""statss.aspx?playerid=13367&position=OF"">Stephen Piscotty</a>",26.0,236.0,0.33945197296344626
4191,"<a href=""statss.aspx?playerid=4191&position=3B/SS"">Yunel Escobar</a>",34.0,273.0,0.33191453559058054
10199,"<a href=""statss.aspx?playerid=10199&position=OF"">Billy Hamilton</a>",26.0,336.0,0.2708748470166486
14128,"<a href=""statss.aspx?playerid=14128&position=OF"">Joey Gallo</a>",23.0,279.0,0.3417994050996705
7739,"<a href=""statss.aspx?playerid=7739&position=C"">Travis d'Arnaud</a>",28.0,167.0,0.31589005210182886
8722,"<a href=""statss.aspx?playerid=8722&position=C"">Jason Castro</a>",30.0,215.0,0.30009621797606
14712,"<a href=""statss.aspx?playerid=14712&position=OF"">Manuel Margot</a>",22.0,218.0,0.3057923746218375
6609,"<a href=""statss.aspx?playerid=6609&position=SS"">Freddy Galvis</a>",27.0,308.0,0.2983725649353705
791,"<a href=""statss.aspx?playerid=791&position=2B"">Brandon Phillips</a>",36.0,292.0,0.33228036546215567
3410,"<a href=""statss.aspx?playerid=3410&position=OF"">Ryan Braun</a>",33.0,131.0,0.3738700256897853
12144,"<a href=""statss.aspx?playerid=12144&position=OF"">Max Kepler</a>",24.0,290.0,0.3094387468994695
7087,"<a href=""statss.aspx?playerid=7087&position=C"">Caleb Joseph</a>",31.0,138.0,0.31745601650597394
9549,"<a href=""statss.aspx?playerid=9549&position=3B"">David Freese</a>",34.0,231.0,0.3224712921339169
11205,"<a href=""statss.aspx?playerid=11205&position=OF"">Adam Eaton</a>",28.0,107.0,0.36883152255388063
5254,"<a href=""statss.aspx?playerid=5254&position=OF"">Robbie Grossman</a>",27.0,244.0,0.3451264633072747
4229,"<a href=""statss.aspx?playerid=4229&position=2B"">Howie Kendrick</a>",33.0,139.0,0.37874000021022003
11003,"<a href=""statss.aspx?playerid=11003&position=C/DH"">Evan Gattis</a>",30.0,192.0,0.32561349620421726
14161,"<a href=""statss.aspx?playerid=14161&position=OF"">Byron Buxton</a>",23.0,251.0,0.24804509715382833
17919,"<a href=""statss.aspx?playerid=17919&position=OF"">Ian Happ</a>",22.0,169.0,0.34910884894520405
9848,"<a href=""statss.aspx?playerid=9848&position=OF"">Austin Jackson</a>",30.0,120.0,0.3729686583081881
5384,"<a href=""statss.aspx?playerid=5384&position=OF"">Juan Lagares</a>",28.0,102.0,0.311452314995303
9256,"<a href=""statss.aspx?playerid=9256&position=OF"">A.J. Pollock</a>",29.0,163.0,0.3378066676525982
8267,"<a href=""statss.aspx?playerid=8267&position=C"">Chris Iannetta</a>",34.0,129.0,0.3418611713158068
15082,"<a href=""statss.aspx?playerid=15082&position=OF"">Adam Engel</a>",25.0,60.0,0.34708377821692105
9393,"<a href=""statss.aspx?playerid=9393&position=1B"">Matt Adams</a>",28.0,209.0,0.3723507925723363
8027,"<a href=""statss.aspx?playerid=8027&position=1B/DH"">Adam Lind</a>",33.0,120.0,0.3943853504576926
10556,"<a href=""statss.aspx?playerid=10556&position=2B"">Cesar Hernandez</a>",27.0,259.0,0.31994061327348805
9627,"<a href=""statss.aspx?playerid=9627&position=C"">Yan Gomes</a>",29.0,188.0,0.29081812325645895
5930,"<a href=""statss.aspx?playerid=5930&position=OF"">Nick Markakis</a>",33.0,341.0,0.32963447701683385
4727,"<a href=""statss.aspx?playerid=4727&position=OF"">Jacoby Ellsbury</a>",33.0,173.0,0.3263180869675818
3353,"<a href=""statss.aspx?playerid=3353&position=OF"">Matt Joyce</a>",32.0,264.0,0.3232620516509721
16153,"<a href=""statss.aspx?playerid=16153&position=OF"">Austin Slater</a>",24.0,87.0,0.37389249842742395
6364,"<a href=""statss.aspx?playerid=6364&position=3B"">Danny Valencia</a>",32.0,289.0,0.32406734945864824
5485,"<a href=""statss.aspx?playerid=5485&position=2B/OF"">Jose Pirela</a>",27.0,92.0,0.36202662470548047
6153,"<a href=""statss.aspx?playerid=6153&position=3B"">Eduardo Escobar</a>",28.0,196.0,0.32554500158300104
3364,"<a href=""statss.aspx?playerid=3364&position=C"">Miguel Montero</a>",33.0,112.0,0.3459573951927391
12155,"<a href=""statss.aspx?playerid=12155&position=OF"">Eddie Rosario</a>",25.0,257.0,0.3287406272775545
1887,"<a href=""statss.aspx?playerid=1887&position=OF"">Jose Bautista</a>",36.0,343.0,0.32851234792965894
8370,"<a href=""statss.aspx?playerid=8370&position=2B"">Dustin Pedroia</a>",33.0,276.0,0.3272631586257822
11400,"<a href=""statss.aspx?playerid=11400&position=2B/3B/SS"">Ronald Torreyes</a>",24.0,157.0,0.30507834561360186
10459,"<a href=""statss.aspx?playerid=10459&position=SS"">Adeiny Hechavarria</a>",28.0,83.0,0.3295675806882905
13608,"<a href=""statss.aspx?playerid=13608&position=OF"">Mallex Smith</a>",24.0,109.0,0.34187021465213213
1744,"<a href=""statss.aspx?playerid=1744&position=1B/3B"">Miguel Cabrera</a>",34.0,279.0,0.34631459360575156
11470,"<a href=""statss.aspx?playerid=11470&position=C"">Tony Wolters</a>",25.0,179.0,0.31529249573311613
1327,"<a href=""statss.aspx?playerid=1327&position=OF"">Jayson Werth</a>",38.0,196.0,0.35175678454912623
3256,"<a href=""statss.aspx?playerid=3256&position=C"">Welington Castillo</a>",30.0,185.0,0.31666371113545183
7158,"<a href=""statss.aspx?playerid=7158&position=OF"">Eric Young Jr.</a>",32.0,104.0,0.33773581245366263
10954,"<a href=""statss.aspx?playerid=10954&position=P"">Jacob deGrom</a>",29.0,40.0,0.3032888455523385
7324,"<a href=""statss.aspx?playerid=7324&position=C"">Chris Gimenez</a>",34.0,109.0,0.3248193870990648
7802,"<a href=""statss.aspx?playerid=7802&position=SS"">Miguel Rojas</a>",28.0,73.0,0.340474396524295
8347,"<a href=""statss.aspx?playerid=8347&position=OF"">Denard Span</a>",33.0,245.0,0.34405306918280465
4720,"<a href=""statss.aspx?playerid=4720&position=3B"">Chase Headley</a>",33.0,287.0,0.31323505870082924
639,"<a href=""statss.aspx?playerid=639&position=3B"">Adrian Beltre</a>",38.0,115.0,0.3587161758671636
11476,"<a href=""statss.aspx?playerid=11476&position=OF"">Odubel Herrera</a>",25.0,317.0,0.2912018853388015
12564,"<a href=""statss.aspx?playerid=12564&position=SS"">Trevor Story</a>",24.0,255.0,0.3043902267621258
15447,"<a href=""statss.aspx?playerid=15447&position=1B/3B"">Ryon Healy</a>",25.0,323.0,0.3380550886086266
8553,"<a href=""statss.aspx?playerid=8553&position=OF"">Gerardo Parra</a>",30.0,158.0,0.3516388233703903
11609,"<a href=""statss.aspx?playerid=11609&position=C"">Willson Contreras</a>",25.0,247.0,0.32023458237550695
5227,"<a href=""statss.aspx?playerid=5227&position=OF"">Jon Jay</a>",32.0,172.0,0.33104768589403505
7331,"<a href=""statss.aspx?playerid=7331&position=OF"">Seth Smith</a>",34.0,213.0,0.3283708858264001
5273,"<a href=""statss.aspx?playerid=5273&position=C"">Sandy Leon</a>",28.0,157.0,0.2954942199491685
3174,"<a href=""statss.aspx?playerid=3174&position=OF"">Shin-Soo Choo</a>",34.0,311.0,0.35047021488989555
7226,"<a href=""statss.aspx?playerid=7226&position=3B/DH"">Matt Davidson</a>",26.0,234.0,0.33986949793293947
14567,"<a href=""statss.aspx?playerid=14567&position=1B/OF"">Franchy Cordero</a>",22.0,94.0,0.2948213725961665
15937,"<a href=""statss.aspx?playerid=15937&position=SS"">Aledmys Diaz</a>",26.0,288.0,0.2936011319393878
5450,"<a href=""statss.aspx?playerid=5450&position=OF"">Daniel Nava</a>",34.0,136.0,0.34602706484934864
11379,"<a href=""statss.aspx?playerid=11379&position=OF"">Delino DeShields</a>",24.0,204.0,0.30353786156635093
15464,"<a href=""statss.aspx?playerid=15464&position=OF"">Hunter Renfroe</a>",25.0,313.0,0.3136960392196973
14145,"<a href=""statss.aspx?playerid=14145&position=2B/3B/SS"">Daniel Robertson</a>",23.0,195.0,0.29874230752286224
5887,"<a href=""statss.aspx?playerid=5887&position=C"">John Jaso</a>",33.0,178.0,0.3364502178073603
4962,"<a href=""statss.aspx?playerid=4962&position=SS"">Asdrubal Cabrera</a>",31.0,229.0,0.32739195776613134
6848,"<a href=""statss.aspx?playerid=6848&position=3B/SS"">Eduardo Nunez</a>",30.0,267.0,0.31583883036348154
12858,"<a href=""statss.aspx?playerid=12858&position=OF"">Brian Goodwin</a>",26.0,122.0,0.35987563282251356
11899,"<a href=""statss.aspx?playerid=11899&position=DH/OF"">Joc Pederson</a>",25.0,192.0,0.3472472295087045
7244,"<a href=""statss.aspx?playerid=7244&position=1B/OF"">Tyler Moore</a>",30.0,84.0,0.3438788730473745
13414,"<a href=""statss.aspx?playerid=13414&position=OF"">Andrew Toles</a>",25.0,102.0,0.32905451690449433
5942,"<a href=""statss.aspx?playerid=5942&position=C"">Jesus Sucre</a>",29.0,105.0,0.28288793105345506
9399,"<a href=""statss.aspx?playerid=9399&position=OF"">Jeremy Hazelbaker</a>",29.0,51.0,0.3784198522567749
5666,"<a href=""statss.aspx?playerid=5666&position=C"">Devin Mesoraco</a>",29.0,124.0,0.35294383139379565
13277,"<a href=""statss.aspx?playerid=13277&position=OF"">Joey Rickard</a>",26.0,137.0,0.30051907502553044
14553,"<a href=""statss.aspx?playerid=14553&position=OF"">Nomar Mazara</a>",22.0,307.0,0.3274460430979335
6448,"<a href=""statss.aspx?playerid=6448&position=1B/OF"">Jim Adduci</a>",32.0,49.0,0.37778020270016727
12495,"<a href=""statss.aspx?playerid=12495&position=2B/3B"">T.J. Rivera</a>",28.0,165.0,0.3120858349451205
11200,"<a href=""statss.aspx?playerid=11200&position=OF"">Kole Calhoun</a>",29.0,349.0,0.30410452212901473
12547,"<a href=""statss.aspx?playerid=12547&position=C/1B"">John Hicks</a>",27.0,69.0,0.3530726329140041
4940,"<a href=""statss.aspx?playerid=4940&position=OF"">Jason Heyward</a>",27.0,217.0,0.3085808061339237
1679,"<a href=""statss.aspx?playerid=1679&position=2B"">Chase Utley</a>",38.0,211.0,0.3169675282069615
14950,"<a href=""statss.aspx?playerid=14950&position=3B/SS"">Johan Camargo</a>",23.0,83.0,0.3090526675000603
13862,"<a href=""statss.aspx?playerid=13862&position=2B"">Devon Travis</a>",26.0,197.0,0.30760905237830416
14374,"<a href=""statss.aspx?playerid=14374&position=P"">Tyler Glasnow</a>",23.0,21.0,0.3577660143375397
3648,"<a href=""statss.aspx?playerid=3648&position=C"">Rene Rivera</a>",33.0,135.0,0.29317711158232257
3123,"<a href=""statss.aspx?playerid=3123&position=OF"">Gregor Blanco</a>",33.0,143.0,0.31350794205298793
2396,"<a href=""statss.aspx?playerid=2396&position=1B"">Carlos Santana</a>",31.0,346.0,0.30876665453464663
12174,"<a href=""statss.aspx?playerid=12174&position=OF"">Jorge Bonifacio</a>",24.0,230.0,0.33129196685293444
5827,"<a href=""statss.aspx?playerid=5827&position=1B"">Wilmer Flores</a>",25.0,213.0,0.3208678558749973
15223,"<a href=""statss.aspx?playerid=15223&position=2B"">Adam Frazier</a>",25.0,239.0,0.3222242042797954
2608,"<a href=""statss.aspx?playerid=2608&position=P"">Jhoulys Chacin</a>",29.0,30.0,0.2729203701019287
10200,"<a href=""statss.aspx?playerid=10200&position=C"">Tucker Barnhart</a>",26.0,184.0,0.30513917756351555
2233,"<a href=""statss.aspx?playerid=2233&position=P"">Adam Wainwright</a>",35.0,31.0,0.2793552109173366
8298,"<a href=""statss.aspx?playerid=8298&position=C"">Francisco Pena</a>",27.0,10.0,0.6589777588844299
2900,"<a href=""statss.aspx?playerid=2900&position=C"">Roberto Perez</a>",28.0,115.0,0.24060587520184723
15191,"<a href=""statss.aspx?playerid=15191&position=OF"">Chad Pinder</a>",25.0,160.0,0.32512886194313095
5275,"<a href=""statss.aspx?playerid=5275&position=C"">Francisco Cervelli</a>",31.0,194.0,0.3202546924045405
4251,"<a href=""statss.aspx?playerid=4251&position=SS"">Stephen Drew</a>",34.0,64.0,0.3457144247367978
5524,"<a href=""statss.aspx?playerid=5524&position=P"">Madison Bumgarner</a>",27.0,8.0,0.5815956518054008
13369,"<a href=""statss.aspx?playerid=13369&position=3B/SS"">Erik Gonzalez</a>",25.0,41.0,0.3224571004509926
19198,"<a href=""statss.aspx?playerid=19198&position=1B"">Yuli Gurriel</a>",33.0,277.0,0.31533612735865346
14109,"<a href=""statss.aspx?playerid=14109&position=OF"">Albert Almora Jr.</a>",23.0,177.0,0.3129865162713187
10243,"<a href=""statss.aspx?playerid=10243&position=OF"">Randal Grichuk</a>",25.0,210.0,0.291668198716182
8392,"<a href=""statss.aspx?playerid=8392&position=2B/3B"">Daniel Descalso</a>",30.0,182.0,0.3321739788893815
16256,"<a href=""statss.aspx?playerid=16256&position=P"">Kyle Freeland</a>",24.0,33.0,0.26736748410809424
7168,"<a href=""statss.aspx?playerid=7168&position=C"">Juan Centeno</a>",27.0,8.0,0.6909199953079224
10231,"<a href=""statss.aspx?playerid=10231&position=SS"">Jose Iglesias</a>",27.0,244.0,0.2698269124366035
11486,"<a href=""statss.aspx?playerid=11486&position=P"">Robbie Ray</a>",25.0,40.0,0.2404955301965986
14361,"<a href=""statss.aspx?playerid=14361&position=P"">Ty Blach</a>",26.0,32.0,0.2350974391246664
7435,"<a href=""statss.aspx?playerid=7435&position=2B/OF"">Ben Zobrist</a>",36.0,215.0,0.3104180966582254
14444,"<a href=""statss.aspx?playerid=14444&position=P"">Hyun-Jin Ryu</a>",30.0,23.0,0.2630503231828863
5343,"<a href=""statss.aspx?playerid=5343&position=SS"">Brandon Crawford</a>",30.0,266.0,0.2705842141400684
13473,"<a href=""statss.aspx?playerid=13473&position=OF"">Dwight Smith Jr.</a>",24.0,29.0,0.3756310405402348
12590,"<a href=""statss.aspx?playerid=12590&position=2B/3B"">Taylor Featherston</a>",27.0,32.0,0.3367999028414488
12937,"<a href=""statss.aspx?playerid=12937&position=1B/OF"">Jose Osuna</a>",24.0,126.0,0.33027178427529713
14113,"<a href=""statss.aspx?playerid=14113&position=2B/3B"">Ramon Torres</a>",24.0,27.0,0.3385171316288136
7423,"<a href=""statss.aspx?playerid=7423&position=OF"">Shane Peterson</a>",29.0,57.0,0.31867055830202606
9272,"<a href=""statss.aspx?playerid=9272&position=1B"">Chris Davis</a>",31.0,250.0,0.3308642523355752
13145,"<a href=""statss.aspx?playerid=13145&position=1B/DH"">Josh Bell</a>",24.0,302.0,0.32795516788959506
11762,"<a href=""statss.aspx?playerid=11762&position=P"">Noah Syndergaard</a>",24.0,12.0,0.34839270873503253
8418,"<a href=""statss.aspx?playerid=8418&position=3B/SS"">Ehire Adrianza</a>",27.0,63.0,0.28795686652583463
12284,"<a href=""statss.aspx?playerid=12284&position=C"">Kevan Smith</a>",29.0,122.0,0.28409849278262406
14344,"<a href=""statss.aspx?playerid=14344&position=1B"">Matt Olson</a>",23.0,48.0,0.34330470114946365
5631,"<a href=""statss.aspx?playerid=5631&position=OF"">Matt Kemp</a>",32.0,279.0,0.364840006570093
10130,"<a href=""statss.aspx?playerid=10130&position=P"">Mike Leake</a>",29.0,40.0,0.2024866985647302
15878,"<a href=""statss.aspx?playerid=15878&position=3B/DH/OF"">Miguel Andujar</a>",22.0,5.0,0.735699999332428
13866,"<a href=""statss.aspx?playerid=13866&position=C"">Bruce Maxwell</a>",26.0,49.0,0.32155793053763254
11189,"<a href=""statss.aspx?playerid=11189&position=P"">Vince Velasquez</a>",25.0,18.0,0.29222293694814044
11737,"<a href=""statss.aspx?playerid=11737&position=3B/OF"">Nick Castellanos</a>",25.0,322.0,0.31025119172119947
7996,"<a href=""statss.aspx?playerid=7996&position=1B/OF"">Jose Martinez</a>",28.0,120.0,0.3360951482239416
13431,"<a href=""statss.aspx?playerid=13431&position=P"">Marcus Stroman</a>",26.0,7.0,0.4588648421423776
2036,"<a href=""statss.aspx?playerid=2036&position=P"">Clayton Kershaw</a>",29.0,41.0,0.19835121728278496
16192,"<a href=""statss.aspx?playerid=16192&position=OF"">Derek Fisher</a>",23.0,21.0,0.39878828525543214
18015,"<a href=""statss.aspx?playerid=18015&position=SS"">Paul DeJong</a>",23.0,103.0,0.3265681446177288
9957,"<a href=""statss.aspx?playerid=9957&position=1B/OF"">Steve Pearce</a>",34.0,119.0,0.3352087570839569
10951,"<a href=""statss.aspx?playerid=10951&position=2B/3B"">Greg Garcia</a>",27.0,142.0,0.28616315941158815
7185,"<a href=""statss.aspx?playerid=7185&position=2B"">Logan Forsythe</a>",30.0,185.0,0.30024884327037915
6249,"<a href=""statss.aspx?playerid=6249&position=P"">Trevor Cahill</a>",29.0,12.0,0.31131457620196873
2578,"<a href=""statss.aspx?playerid=2578&position=OF"">Peter Bourjos</a>",30.0,89.0,0.3044768317361896
14811,"<a href=""statss.aspx?playerid=14811&position=1B/DH"">Luke Voit</a>",26.0,7.0,0.5805177773748126
10071,"<a href=""statss.aspx?playerid=10071&position=2B/SS"">Jonathan Villar</a>",26.0,259.0,0.2800142544716713
5398,"<a href=""statss.aspx?playerid=5398&position=C"">Juan Graterol</a>",28.0,50.0,0.23504388093948364
6368,"<a href=""statss.aspx?playerid=6368&position=OF"">Adam Jones</a>",31.0,314.0,0.3139464984686611
12371,"<a href=""statss.aspx?playerid=12371&position=2B/3B"">Tommy La Stella</a>",28.0,57.0,0.34150634732162743
13075,"<a href=""statss.aspx?playerid=13075&position=OF"">Nori Aoki</a>",35.0,177.0,0.2827440343584333
9308,"<a href=""statss.aspx?playerid=9308&position=C"">Josh Phegley</a>",29.0,113.0,0.25931039742663897
4153,"<a href=""statss.aspx?playerid=4153&position=P"">Jake Arrieta</a>",31.0,38.0,0.1902345612242415
11682,"<a href=""statss.aspx?playerid=11682&position=P"">Carlos Martinez</a>",25.0,34.0,0.18764393752621067
12972,"<a href=""statss.aspx?playerid=12972&position=P"">Joe Ross</a>",24.0,32.0,0.19956334911543747
12447,"<a href=""statss.aspx?playerid=12447&position=P"">Seth Lugo</a>",27.0,10.0,0.30804207921028137
14682,"<a href=""statss.aspx?playerid=14682&position=P"">Luis Perdomo</a>",24.0,25.0,0.19710928201675415
9954,"<a href=""statss.aspx?playerid=9954&position=OF"">Darrell Ceciliani</a>",27.0,5.0,0.6424107789993286
9895,"<a href=""statss.aspx?playerid=9895&position=P"">Chris Rusin</a>",30.0,6.0,0.4383344054222107
12533,"<a href=""statss.aspx?playerid=12533&position=2B/SS"">Marcus Semien</a>",26.0,46.0,0.29616459685823193
11493,"<a href=""statss.aspx?playerid=11493&position=3B"">Manny Machado</a>",24.0,325.0,0.3010443709214036
9048,"<a href=""statss.aspx?playerid=9048&position=OF"">Ezequiel Carrera</a>",30.0,196.0,0.3293723464012146
14350,"<a href=""statss.aspx?playerid=14350&position=OF"">Raimel Tapia</a>",23.0,73.0,0.3365223277105044
3096,"<a href=""statss.aspx?playerid=3096&position=P"">Kenley Jansen</a>",29.0,4.0,0.5272092819213867
9776,"<a href=""statss.aspx?playerid=9776&position=2B"">Jason Kipnis</a>",30.0,254.0,0.29499744068062494
3990,"<a href=""statss.aspx?playerid=3990&position=P"">Edinson Volquez</a>",33.0,28.0,0.19524377355208763
16164,"<a href=""statss.aspx?playerid=16164&position=P"">Daniel Gossett</a>",24.0,2.0,0.8766688108444214
7738,"<a href=""statss.aspx?playerid=7738&position=P"">Wily Peralta</a>",28.0,14.0,0.2556154223588797
6435,"<a href=""statss.aspx?playerid=6435&position=P"">Vance Worley</a>",29.0,7.0,0.35066752433776854
16263,"<a href=""statss.aspx?playerid=16263&position=1B/OF"">Sam Travis</a>",23.0,33.0,0.3563066359722253
14932,"<a href=""statss.aspx?playerid=14932&position=P"">Ben Lively</a>",25.0,10.0,0.2856554388999939
11761,"<a href=""statss.aspx?playerid=11761&position=OF"">Drew Robinson</a>",25.0,6.0,0.5353423158327738
12927,"<a href=""statss.aspx?playerid=12927&position=OF"">Brandon Nimmo</a>",24.0,11.0,0.4113921685652299
13338,"<a href=""statss.aspx?playerid=13338&position=C"">Omar Narvaez</a>",25.0,144.0,0.2818600749465781
17023,"<a href=""statss.aspx?playerid=17023&position=OF"">Magneuris Sierra</a>",21.0,35.0,0.3599716544151306
6986,"<a href=""statss.aspx?playerid=6986&position=P"">Ian Kennedy</a>",32.0,2.0,0.7848314344882965
11266,"<a href=""statss.aspx?playerid=11266&position=P"">Lisalverto Bonilla</a>",27.0,7.0,0.32746883801051546
10349,"<a href=""statss.aspx?playerid=10349&position=1B"">Tommy Joseph</a>",25.0,286.0,0.3196004308187045
11836,"<a href=""statss.aspx?playerid=11836&position=P"">Taijuan Walker</a>",24.0,25.0,0.20305352449417113
11494,"<a href=""statss.aspx?playerid=11494&position=2B/3B"">Kaleb Cowart</a>",25.0,4.0,0.7004577964544296
3137,"<a href=""statss.aspx?playerid=3137&position=P"">Max Scherzer</a>",32.0,40.0,0.17972830879060844
12781,"<a href=""statss.aspx?playerid=12781&position=P"">Sean Gilmartin</a>",27.0,1.0,1.2321683168411255
12580,"<a href=""statss.aspx?playerid=12580&position=P"">Adam Morgan</a>",27.0,3.0,0.523220956325531
10962,"<a href=""statss.aspx?playerid=10962&position=P"">Jake Buchanan</a>",27.0,3.0,0.523220956325531
3312,"<a href=""statss.aspx?playerid=3312&position=3B"">Martin Prado</a>",33.0,96.0,0.3041020507613818
17130,"<a href=""statss.aspx?playerid=17130&position=P"">Raisel Iglesias</a>",27.0,1.0,1.2321683168411255
14843,"<a href=""statss.aspx?playerid=14843&position=P"">Michael Lorenzen</a>",25.0,7.0,0.28284079687935965
4371,"<a href=""statss.aspx?playerid=4371&position=P"">Jeremy Hellickson</a>",30.0,32.0,0.18515926599502563
14962,"<a href=""statss.aspx?playerid=14962&position=P"">Rookie Davis</a>",24.0,7.0,0.3257978856563568
8001,"<a href=""statss.aspx?playerid=8001&position=SS"">Hanley Ramirez</a>",33.0,268.0,0.33067523308520047
3531,"<a href=""statss.aspx?playerid=3531&position=SS"">Troy Tulowitzki</a>",32.0,179.0,0.2848991145578663
7274,"<a href=""statss.aspx?playerid=7274&position=P"">Craig Stammen</a>",33.0,5.0,0.3850324749946594
14942,"<a href=""statss.aspx?playerid=14942&position=C"">Andrew Knapp</a>",25.0,123.0,0.3234262121610405
4732,"<a href=""statss.aspx?playerid=4732&position=P"">Matt Cain</a>",32.0,26.0,0.1757364273071289
13152,"<a href=""statss.aspx?playerid=13152&position=2B/SS"">Jorge Polanco</a>",23.0,253.0,0.2740555830685741
10131,"<a href=""statss.aspx?playerid=10131&position=P"">Stephen Strasburg</a>",28.0,37.0,0.17655871084758212
6867,"<a href=""statss.aspx?playerid=6867&position=C"">Derek Norris</a>",28.0,198.0,0.2714662187629276
5491,"<a href=""statss.aspx?playerid=5491&position=C"">Austin Romine</a>",28.0,149.0,0.2692158270526577
11472,"<a href=""statss.aspx?playerid=11472&position=2B/SS"">Dixon Machado</a>",25.0,67.0,0.29949451847509906
10603,"<a href=""statss.aspx?playerid=10603&position=P"">Chris Sale</a>",28.0,3.0,0.4107227722803752
12508,"<a href=""statss.aspx?playerid=12508&position=C"">Jett Bandy</a>",27.0,157.0,0.29003915703220734
10340,"<a href=""statss.aspx?playerid=10340&position=2B/SS"">Gift Ngoepe</a>",27.0,63.0,0.2814584893565024
15467,"<a href=""statss.aspx?playerid=15467&position=P"">Marco Gonzales</a>",25.0,1.0,0.8766688108444214
16511,"<a href=""statss.aspx?playerid=16511&position=P"">Jordan Montgomery</a>",24.0,5.0,0.2771976232528687
11255,"<a href=""statss.aspx?playerid=11255&position=OF"">Matt Szczur</a>",27.0,109.0,0.2994057291021971
17005,"<a href=""statss.aspx?playerid=17005&position=2B"">Gavin Cecchini</a>",23.0,14.0,0.3292780007634844
13361,"<a href=""statss.aspx?playerid=13361&position=P"">Steven Matz</a>",26.0,11.0,0.1948152912987603
19369,"<a href=""statss.aspx?playerid=19369&position=3B"">Jae-Gyun Hwang</a>",29.0,8.0,0.33410995453596115
4971,"<a href=""statss.aspx?playerid=4971&position=P"">Fernando Salas</a>",32.0,2.0,0.4383344054222107
12833,"<a href=""statss.aspx?playerid=12833&position=P"">Alex Meyer</a>",27.0,2.0,0.4383344054222107
15197,"<a href=""statss.aspx?playerid=15197&position=2B"">Carlos Asuaje</a>",25.0,30.0,0.3018909692764282
4338,"<a href=""statss.aspx?playerid=4338&position=P"">Tyler Chatwood</a>",27.0,32.0,0.18226321385456964
15440,"<a href=""statss.aspx?playerid=15440&position=P"">Matthew Boyd</a>",26.0,2.0,0.4383344054222107
2429,"<a href=""statss.aspx?playerid=2429&position=P"">Corey Kluber</a>",31.0,2.0,0.4383344054222107
8173,"<a href=""statss.aspx?playerid=8173&position=P"">Yovani Gallardo</a>",31.0,2.0,0.4383344054222107
3200,"<a href=""statss.aspx?playerid=3200&position=P"">Ervin Santana</a>",34.0,4.0,0.30804207921028137
13942,"<a href=""statss.aspx?playerid=13942&position=P"">Brent Suter</a>",27.0,2.0,0.4383344054222107
8844,"<a href=""statss.aspx?playerid=8844&position=P"">Antonio Bastardo</a>",31.0,1.0,0.6929940581321716
13403,"<a href=""statss.aspx?playerid=13403&position=P"">Felix Pena</a>",27.0,1.0,0.6929940581321716
8782,"<a href=""statss.aspx?playerid=8782&position=P"">Andrew Cashner</a>",30.0,4.0,0.29222293694814044
4849,"<a href=""statss.aspx?playerid=4849&position=P"">Joe Blanton</a>",36.0,1.0,0.6929940581321716
14957,"<a href=""statss.aspx?playerid=14957&position=P"">Jose Torres</a>",23.0,1.0,0.8766688108444214
14168,"<a href=""statss.aspx?playerid=14168&position=P"">Jose Berrios</a>",23.0,2.0,0.4383344054222107
5372,"<a href=""statss.aspx?playerid=5372&position=P"">Michael Pineda</a>",28.0,4.0,0.29222293694814044
13183,"<a href=""statss.aspx?playerid=13183&position=P"">Zach Davies</a>",24.0,30.0,0.16642024971189953
16505,"<a href=""statss.aspx?playerid=16505&position=3B"">Matt Chapman</a>",24.0,16.0,0.27321837842464447
5311,"<a href=""statss.aspx?playerid=5311&position=OF"">Chad Huffman</a>",32.0,15.0,0.32500789562861127
10322,"<a href=""statss.aspx?playerid=10322&position=OF"">Danny Santana</a>",26.0,108.0,0.27341032752366823
13543,"<a href=""statss.aspx?playerid=13543&position=P"">Blake Snell</a>",24.0,2.0,0.3464970290660858
5420,"<a href=""statss.aspx?playerid=5420&position=P"">Pedro Baez</a>",29.0,2.0,0.3464970290660858
11334,"<a href=""statss.aspx?playerid=11334&position=P"">Tyler Lyons</a>",29.0,2.0,0.3464970290660858
13594,"<a href=""statss.aspx?playerid=13594&position=P"">Robert Stephenson</a>",24.0,3.0,0.29222293694814044
13005,"<a href=""statss.aspx?playerid=13005&position=2B"">Kelby Tomlinson</a>",27.0,76.0,0.26134011189142864
7448,"<a href=""statss.aspx?playerid=7448&position=P"">Gio Gonzalez</a>",31.0,39.0,0.16483806201389858
12730,"<a href=""statss.aspx?playerid=12730&position=P"">Nick Martinez</a>",26.0,2.0,0.3464970290660858
13723,"<a href=""statss.aspx?playerid=13723&position=C"">Jacob Stallings</a>",27.0,7.0,0.301262446812221
10197,"<a href=""statss.aspx?playerid=10197&position=P"">Shelby Miller</a>",26.0,9.0,0.23428967926237318
8246,"<a href=""statss.aspx?playerid=8246&position=P"">Paolo Espino</a>",30.0,5.0,0.21916720271110535
13130,"<a href=""statss.aspx?playerid=13130&position=OF"">Mikie Mahtook</a>",27.0,114.0,0.30012404918670654
3374,"<a href=""statss.aspx?playerid=3374&position=P"">Ubaldo Jimenez</a>",33.0,4.0,0.21916720271110535
8044,"<a href=""statss.aspx?playerid=8044&position=P"">Jason Vargas</a>",34.0,4.0,0.21916720271110535
8779,"<a href=""statss.aspx?playerid=8779&position=P"">Wade Miley</a>",30.0,4.0,0.21916720271110535
7608,"<a href=""statss.aspx?playerid=7608&position=P"">Tommy Milone</a>",30.0,9.0,0.17440698544184366
10542,"<a href=""statss.aspx?playerid=10542&position=2B/OF"">Derek Dietrich</a>",27.0,214.0,0.2986972214470447
13696,"<a href=""statss.aspx?playerid=13696&position=P"">Robert Gsellman</a>",23.0,29.0,0.17440698544184366
9388,"<a href=""statss.aspx?playerid=9388&position=P"">Josh Tomlin</a>",32.0,4.0,0.21916720271110535
15274,"<a href=""statss.aspx?playerid=15274&position=OF"">Mike Tauchman</a>",26.0,6.0,0.37710948785146076
7593,"<a href=""statss.aspx?playerid=7593&position=P"">Jordan Lyles</a>",26.0,4.0,0.21916720271110535
1849,"<a href=""statss.aspx?playerid=1849&position=2B"">Rickie Weeks Jr.</a>",34.0,112.0,0.2967255472072533
12778,"<a href=""statss.aspx?playerid=12778&position=P"">Sam Gaviglio</a>",27.0,5.0,0.17533376216888427
12490,"<a href=""statss.aspx?playerid=12490&position=2B/SS"">Tyler Smith</a>",25.0,19.0,0.23163784177679764
5221,"<a href=""statss.aspx?playerid=5221&position=P"">Wade LeBlanc</a>",32.0,5.0,0.17533376216888427
15551,"<a href=""statss.aspx?playerid=15551&position=P"">Mark Leiter Jr.</a>",26.0,5.0,0.17533376216888427
404,"<a href=""statss.aspx?playerid=404&position=P"">CC Sabathia</a>",36.0,4.0,0.1732485145330429
1507,"<a href=""statss.aspx?playerid=1507&position=P"">John Lackey</a>",38.0,33.0,0.152865921297381
5000,"<a href=""statss.aspx?playerid=5000&position=C"">Stephen Vogt</a>",32.0,182.0,0.2926541583314126
8223,"<a href=""statss.aspx?playerid=8223&position=P"">Brett Anderson</a>",29.0,8.0,0.19620785862207413
11132,"<a href=""statss.aspx?playerid=11132&position=P"">A.J. Griffin</a>",29.0,4.0,0.1732485145330429
14885,"<a href=""statss.aspx?playerid=14885&position=2B/SS"">Pat Valaika</a>",24.0,98.0,0.2985982534786065
11680,"<a href=""statss.aspx?playerid=11680&position=C"">Elias Diaz</a>",26.0,76.0,0.3141981684847882
10767,"<a href=""statss.aspx?playerid=10767&position=OF"">Lane Adams</a>",27.0,23.0,0.26867629911588586
3551,"<a href=""statss.aspx?playerid=3551&position=P"">Clayton Richard</a>",33.0,35.0,0.1587834935034475
13590,"<a href=""statss.aspx?playerid=13590&position=OF"">Jesse Winker</a>",23.0,11.0,0.3037277676842429
3395,"<a href=""statss.aspx?playerid=3395&position=2B/SS"">Cliff Pennington</a>",33.0,115.0,0.2893828962160193
18,"<a href=""statss.aspx?playerid=18&position=P"">Neftali Feliz</a>",29.0,0.0,0.0
36,"<a href=""statss.aspx?playerid=36&position=P"">Xavier Cedeno</a>",30.0,0.0,0.0
494,"<a href=""statss.aspx?playerid=494&position=P"">Fernando Rodney</a>",40.0,0.0,0.0
521,"<a href=""statss.aspx?playerid=521&position=P"">Jason Grilli</a>",40.0,0.0,0.0
1157,"<a href=""statss.aspx?playerid=1157&position=P"">Tommy Hunter</a>",30.0,0.0,0.0
1246,"<a href=""statss.aspx?playerid=1246&position=P"">Matt Bush</a>",31.0,0.0,0.0
1247,"<a href=""statss.aspx?playerid=1247&position=P"">Adam Ottavino</a>",31.0,0.0,0.0
1368,"<a href=""statss.aspx?playerid=1368&position=P"">Andrew Bailey</a>",33.0,0.0,0.0
1437,"<a href=""statss.aspx?playerid=1437&position=P"">Joaquin Benoit</a>",39.0,0.0,0.0
1514,"<a href=""statss.aspx?playerid=1514&position=P"">Oliver Perez</a>",35.0,0.0,0.0
1581,"<a href=""statss.aspx?playerid=1581&position=P"">Sean Doolittle</a>",30.0,0.0,0.0
1642,"<a href=""statss.aspx?playerid=1642&position=P"">Francisco Rodriguez</a>",35.0,0.0,0.0
1837,"<a href=""statss.aspx?playerid=1837&position=P"">Matt Belisle</a>",37.0,0.0,0.0
1841,"<a href=""statss.aspx?playerid=1841&position=P"">Edwin Jackson</a>",33.0,0.0,0.0
1852,"<a href=""statss.aspx?playerid=1852&position=P"">Ryan Madson</a>",36.0,0.0,0.0
2072,"<a href=""statss.aspx?playerid=2072&position=P"">Jeremy Guthrie</a>",38.0,0.0,0.0
2170,"<a href=""statss.aspx?playerid=2170&position=P"">Chad Qualls</a>",38.0,0.0,0.0
2237,"<a href=""statss.aspx?playerid=2237&position=P"">Blaine Boyer</a>",35.0,0.0,0.0
2391,"<a href=""statss.aspx?playerid=2391&position=P"">Hector Rondon</a>",29.0,0.0,0.0
2660,"<a href=""statss.aspx?playerid=2660&position=P"">Brett Cecil</a>",30.0,0.0,0.0
2873,"<a href=""statss.aspx?playerid=2873&position=P"">Santiago Casilla</a>",36.0,0.0,0.0
2895,"<a href=""statss.aspx?playerid=2895&position=P"">Zach McAllister</a>",29.0,0.0,0.0
3184,"<a href=""statss.aspx?playerid=3184&position=P"">David Price</a>",31.0,0.0,0.0
3192,"<a href=""statss.aspx?playerid=3192&position=P"">Will Harris</a>",32.0,0.0,0.0
3196,"<a href=""statss.aspx?playerid=3196&position=P"">Chris Young</a>",38.0,0.0,0.0
3201,"<a href=""statss.aspx?playerid=3201&position=P"">Francisco Liriano</a>",33.0,0.0,0.0
3240,"<a href=""statss.aspx?playerid=3240&position=P"">Zack Britton</a>",29.0,0.0,0.0
3281,"<a href=""statss.aspx?playerid=3281&position=P"">Joe Smith</a>",33.0,0.0,0.0
3299,"<a href=""statss.aspx?playerid=3299&position=P"">Chris Hatcher</a>",32.0,0.0,0.0
3321,"<a href=""statss.aspx?playerid=3321&position=P"">Darren O'Day</a>",34.0,0.0,0.0
3397,"<a href=""statss.aspx?playerid=3397&position=P"">Jumbo Diaz</a>",33.0,0.0,0.0
3542,"<a href=""statss.aspx?playerid=3542&position=P"">Danny Duffy</a>",28.0,0.0,0.0
3548,"<a href=""statss.aspx?playerid=3548&position=P"">Liam Hendriks</a>",28.0,0.0,0.0
3555,"<a href=""statss.aspx?playerid=3555&position=P"">Tony Barnette</a>",33.0,0.0,0.0
3656,"<a href=""statss.aspx?playerid=3656&position=P"">Jim Johnson</a>",34.0,0.0,0.0
3862,"<a href=""statss.aspx?playerid=3862&position=P"">Rubby de la Rosa</a>",28.0,0.0,0.0
3926,"<a href=""statss.aspx?playerid=3926&position=P"">Casey Fien</a>",33.0,0.0,0.0
4020,"<a href=""statss.aspx?playerid=4020&position=P"">Yusmeiro Petit</a>",32.0,0.0,0.0
4026,"<a href=""statss.aspx?playerid=4026&position=P"">Hector Santiago</a>",29.0,0.0,0.0
4070,"<a href=""statss.aspx?playerid=4070&position=P"">Pedro Strop</a>",32.0,0.0,0.0
4079,"<a href=""statss.aspx?playerid=4079&position=P"">Junichi Tazawa</a>",31.0,0.0,0.0
4090,"<a href=""statss.aspx?playerid=4090&position=P"">Luke Gregerson</a>",33.0,0.0,0.0
4141,"<a href=""statss.aspx?playerid=4141&position=P"">Derek Holland</a>",30.0,0.0,0.0
4259,"<a href=""statss.aspx?playerid=4259&position=P"">David Hernandez</a>",32.0,0.0,0.0
4264,"<a href=""statss.aspx?playerid=4264&position=P"">Mark Melancon</a>",32.0,0.0,0.0
4300,"<a href=""statss.aspx?playerid=4300&position=P"">Matt Albers</a>",34.0,0.0,0.0
4301,"<a href=""statss.aspx?playerid=4301&position=P"">Justin Wilson</a>",29.0,0.0,0.0
4363,"<a href=""statss.aspx?playerid=4363&position=P"">Craig Breslow</a>",36.0,0.0,0.0
4676,"<a href=""statss.aspx?playerid=4676&position=P"">Charlie Morton</a>",33.0,0.0,0.0
4682,"<a href=""statss.aspx?playerid=4682&position=P"">Pat Neshek</a>",36.0,0.0,0.0
4696,"<a href=""statss.aspx?playerid=4696&position=P"">Nate Jones</a>",31.0,0.0,0.0
4759,"<a href=""statss.aspx?playerid=4759&position=P"">Jonathan Broxton</a>",33.0,0.0,0.0
4772,"<a href=""statss.aspx?playerid=4772&position=P"">Felix Hernandez</a>",31.0,0.0,0.0
4878,"<a href=""statss.aspx?playerid=4878&position=P"">Brandon Maurer</a>",26.0,0.0,0.0
4891,"<a href=""statss.aspx?playerid=4891&position=P"">Peter Moylan</a>",38.0,0.0,0.0
4972,"<a href=""statss.aspx?playerid=4972&position=P"">Cole Hamels</a>",33.0,0.0,0.0
4994,"<a href=""statss.aspx?playerid=4994&position=P"">Fernando Abad</a>",31.0,0.0,0.0
5070,"<a href=""statss.aspx?playerid=5070&position=P"">Josh Fields</a>",31.0,0.0,0.0
5114,"<a href=""statss.aspx?playerid=5114&position=P"">Jeurys Familia</a>",27.0,0.0,0.0
5178,"<a href=""statss.aspx?playerid=5178&position=P"">Ernesto Frieri</a>",31.0,0.0,0.0
5203,"<a href=""statss.aspx?playerid=5203&position=P"">Mike Pelfrey</a>",33.0,0.0,0.0
5224,"<a href=""statss.aspx?playerid=5224&position=P"">Blake Parker</a>",32.0,0.0,0.0
5279,"<a href=""statss.aspx?playerid=5279&position=P"">Chris Tillman</a>",29.0,0.0,0.0
5358,"<a href=""statss.aspx?playerid=5358&position=P"">Jose Alvarez</a>",28.0,0.0,0.0
5401,"<a href=""statss.aspx?playerid=5401&position=P"">Brad Peacock</a>",29.0,0.0,0.0
5498,"<a href=""statss.aspx?playerid=5498&position=P"">Arodys Vizcaino</a>",26.0,0.0,0.0
5525,"<a href=""statss.aspx?playerid=5525&position=P"">Boone Logan</a>",32.0,0.0,0.0
5640,"<a href=""statss.aspx?playerid=5640&position=P"">Tyler Clippard</a>",32.0,0.0,0.0
5746,"<a href=""statss.aspx?playerid=5746&position=P"">Eric O'Flaherty</a>",32.0,0.0,0.0
5766,"<a href=""statss.aspx?playerid=5766&position=P"">Bruce Rondon</a>",26.0,0.0,0.0
5861,"<a href=""statss.aspx?playerid=5861&position=P"">Jason Motte</a>",35.0,0.0,0.0
5867,"<a href=""statss.aspx?playerid=5867&position=P"">Danny Salazar</a>",27.0,0.0,0.0
6033,"<a href=""statss.aspx?playerid=6033&position=P"">Kelvin Herrera</a>",27.0,0.0,0.0
6216,"<a href=""statss.aspx?playerid=6216&position=P"">Dellin Betances</a>",29.0,0.0,0.0
6238,"<a href=""statss.aspx?playerid=6238&position=P"">Diego Moreno</a>",29.0,0.0,0.0
6324,"<a href=""statss.aspx?playerid=6324&position=P"">Al Alburquerque</a>",31.0,0.0,0.0
6483,"<a href=""statss.aspx?playerid=6483&position=P"">Steve Cishek</a>",31.0,0.0,0.0
6499,"<a href=""statss.aspx?playerid=6499&position=P"">Blaine Hardy</a>",30.0,0.0,0.0
6612,"<a href=""statss.aspx?playerid=6612&position=P"">Marc Rzepczynski</a>",31.0,0.0,0.0
6627,"<a href=""statss.aspx?playerid=6627&position=P"">Brad Brach</a>",31.0,0.0,0.0
6655,"<a href=""statss.aspx?playerid=6655&position=P"">Craig Kimbrel</a>",29.0,0.0,0.0
6661,"<a href=""statss.aspx?playerid=6661&position=P"">Alex Colome</a>",28.0,0.0,0.0
6819,"<a href=""statss.aspx?playerid=6819&position=P"">Robbie Ross Jr.</a>",28.0,0.0,0.0
6941,"<a href=""statss.aspx?playerid=6941&position=P"">Joakim Soria</a>",33.0,0.0,0.0
6984,"<a href=""statss.aspx?playerid=6984&position=P"">Luis Garcia</a>",30.0,0.0,0.0
7005,"<a href=""statss.aspx?playerid=7005&position=P"">Ryan Pressly</a>",28.0,0.0,0.0
7059,"<a href=""statss.aspx?playerid=7059&position=P"">James Shields</a>",35.0,0.0,0.0
7146,"<a href=""statss.aspx?playerid=7146&position=P"">Daniel Hudson</a>",30.0,0.0,0.0
7196,"<a href=""statss.aspx?playerid=7196&position=P"">Greg Holland</a>",31.0,0.0,0.0
7293,"<a href=""statss.aspx?playerid=7293&position=P"">Brad Ziegler</a>",37.0,0.0,0.0
7312,"<a href=""statss.aspx?playerid=7312&position=P"">Josh Collmenter</a>",31.0,0.0,0.0
7385,"<a href=""statss.aspx?playerid=7385&position=P"">Dan Otero</a>",32.0,0.0,0.0
7396,"<a href=""statss.aspx?playerid=7396&position=P"">Dillon Gee</a>",31.0,0.0,0.0
7410,"<a href=""statss.aspx?playerid=7410&position=P"">J.A. Happ</a>",34.0,0.0,0.0
7441,"<a href=""statss.aspx?playerid=7441&position=P"">Wade Davis</a>",31.0,0.0,0.0
7450,"<a href=""statss.aspx?playerid=7450&position=P"">Phil Hughes</a>",31.0,0.0,0.0
7466,"<a href=""statss.aspx?playerid=7466&position=P"">Anthony Swarzak</a>",31.0,0.0,0.0
7501,"<a href=""statss.aspx?playerid=7501&position=P"">Tommy Layne</a>",32.0,0.0,0.0
7525,"<a href=""statss.aspx?playerid=7525&position=P"">Evan Scribner</a>",31.0,0.0,0.0
7550,"<a href=""statss.aspx?playerid=7550&position=P"">Jake McGee</a>",30.0,0.0,0.0
7555,"<a href=""statss.aspx?playerid=7555&position=P"">Nick Vincent</a>",30.0,0.0,0.0
7624,"<a href=""statss.aspx?playerid=7624&position=P"">Carlos Torres</a>",34.0,0.0,0.0
7725,"<a href=""statss.aspx?playerid=7725&position=P"">David Holmberg</a>",25.0,0.0,0.0
7731,"<a href=""statss.aspx?playerid=7731&position=P"">Juan Nicasio</a>",30.0,0.0,0.0
7754,"<a href=""statss.aspx?playerid=7754&position=P"">Mike Fiers</a>",32.0,0.0,0.0
7773,"<a href=""statss.aspx?playerid=7773&position=P"">Shawn Kelley</a>",33.0,0.0,0.0
7803,"<a href=""statss.aspx?playerid=7803&position=P"">Richard Bleier</a>",30.0,0.0,0.0
7836,"<a href=""statss.aspx?playerid=7836&position=P"">Hunter Strickland</a>",28.0,0.0,0.0
7841,"<a href=""statss.aspx?playerid=7841&position=P"">Jerry Blevins</a>",33.0,0.0,0.0
7872,"<a href=""statss.aspx?playerid=7872&position=P"">Tyson Ross</a>",30.0,0.0,0.0
7982,"<a href=""statss.aspx?playerid=7982&position=P"">Anthony Bass</a>",29.0,0.0,0.0
8073,"<a href=""statss.aspx?playerid=8073&position=P"">Dan Jennings</a>",30.0,0.0,0.0
8110,"<a href=""statss.aspx?playerid=8110&position=P"">Bryan Shaw</a>",29.0,0.0,0.0
8180,"<a href=""statss.aspx?playerid=8180&position=P"">Kevin Siegrist</a>",27.0,0.0,0.0
8185,"<a href=""statss.aspx?playerid=8185&position=P"">Steven Wright</a>",32.0,0.0,0.0
8241,"<a href=""statss.aspx?playerid=8241&position=P"">David Robertson</a>",32.0,0.0,0.0
8245,"<a href=""statss.aspx?playerid=8245&position=P"">J.P. Howell</a>",34.0,0.0,0.0
8258,"<a href=""statss.aspx?playerid=8258&position=P"">Huston Street</a>",33.0,0.0,0.0
8350,"<a href=""statss.aspx?playerid=8350&position=P"">AJ Ramos</a>",30.0,0.0,0.0
8410,"<a href=""statss.aspx?playerid=8410&position=P"">Deolis Guerra</a>",28.0,0.0,0.0
8461,"<a href=""statss.aspx?playerid=8461&position=P"">Michael Brady</a>",30.0,0.0,0.0
8490,"<a href=""statss.aspx?playerid=8490&position=P"">Buddy Boshers</a>",29.0,0.0,0.0
8501,"<a href=""statss.aspx?playerid=8501&position=P"">Danny Farquhar</a>",30.0,0.0,0.0
8504,"<a href=""statss.aspx?playerid=8504&position=P"">Jeff Beliveau</a>",30.0,0.0,0.0
8536,"<a href=""statss.aspx?playerid=8536&position=P"">Tyler Cloyd</a>",30.0,0.0,0.0
8823,"<a href=""statss.aspx?playerid=8823&position=P"">Oliver Drake</a>",30.0,0.0,0.0
8846,"<a href=""statss.aspx?playerid=8846&position=P"">Arcenio Leon</a>",30.0,0.0,0.0
9013,"<a href=""statss.aspx?playerid=9013&position=P"">Cesar Valdez</a>",32.0,0.0,0.0
9029,"<a href=""statss.aspx?playerid=9029&position=P"">Adam Warren</a>",29.0,0.0,0.0
9033,"<a href=""statss.aspx?playerid=9033&position=P"">Jeanmar Gomez</a>",29.0,0.0,0.0
9037,"<a href=""statss.aspx?playerid=9037&position=P"">J.J. Hoover</a>",29.0,0.0,0.0
9059,"<a href=""statss.aspx?playerid=9059&position=P"">John Axford</a>",34.0,0.0,0.0
9073,"<a href=""statss.aspx?playerid=9073&position=P"">Kirby Yates</a>",30.0,0.0,0.0
9080,"<a href=""statss.aspx?playerid=9080&position=P"">Zach Putnam</a>",29.0,0.0,0.0
9119,"<a href=""statss.aspx?playerid=9119&position=P"">Gregory Infante</a>",29.0,0.0,0.0
9227,"<a href=""statss.aspx?playerid=9227&position=P"">Koji Uehara</a>",42.0,0.0,0.0
9239,"<a href=""statss.aspx?playerid=9239&position=P"">Alex Wilson</a>",30.0,0.0,0.0
9325,"<a href=""statss.aspx?playerid=9325&position=P"">Jared Hughes</a>",31.0,0.0,0.0
9346,"<a href=""statss.aspx?playerid=9346&position=P"">Brandon Morrow</a>",32.0,0.0,0.0
9419,"<a href=""statss.aspx?playerid=9419&position=P"">Zac Rosscup</a>",29.0,0.0,0.0
9425,"<a href=""statss.aspx?playerid=9425&position=P"">Doug Fister</a>",33.0,0.0,0.0
9456,"<a href=""statss.aspx?playerid=9456&position=P"">Ryan Buchter</a>",30.0,0.0,0.0
9490,"<a href=""statss.aspx?playerid=9490&position=P"">Jeremy Jeffress</a>",29.0,0.0,0.0
9492,"<a href=""statss.aspx?playerid=9492&position=P"">Bud Norris</a>",32.0,0.0,0.0
9761,"<a href=""statss.aspx?playerid=9761&position=P"">Joe Kelly</a>",29.0,0.0,0.0
9784,"<a href=""statss.aspx?playerid=9784&position=P"">Garrett Richards</a>",29.0,0.0,0.0
9794,"<a href=""statss.aspx?playerid=9794&position=P"">Rex Brothers</a>",29.0,0.0,0.0
9817,"<a href=""statss.aspx?playerid=9817&position=P"">Sergio Romo</a>",34.0,0.0,0.0
9866,"<a href=""statss.aspx?playerid=9866&position=P"">Chaz Roe</a>",30.0,0.0,0.0
9939,"<a href=""statss.aspx?playerid=9939&position=P"">Brandon Kintzler</a>",32.0,0.0,0.0
9948,"<a href=""statss.aspx?playerid=9948&position=P"">Mike Dunn</a>",32.0,0.0,0.0
10021,"<a href=""statss.aspx?playerid=10021&position=P"">Mike Minor</a>",29.0,0.0,0.0
10044,"<a href=""statss.aspx?playerid=10044&position=P"">Ashur Tolliver</a>",29.0,0.0,0.0
10123,"<a href=""statss.aspx?playerid=10123&position=P"">Kyle Gibson</a>",29.0,0.0,0.0
10133,"<a href=""statss.aspx?playerid=10133&position=P"">Brad Boxberger</a>",29.0,0.0,0.0
10160,"<a href=""statss.aspx?playerid=10160&position=P"">Ryan Weber</a>",26.0,0.0,0.0
10171,"<a href=""statss.aspx?playerid=10171&position=P"">Jose Ramirez</a>",27.0,0.0,0.0
10190,"<a href=""statss.aspx?playerid=10190&position=P"">Tyler Skaggs</a>",25.0,0.0,0.0
10233,"<a href=""statss.aspx?playerid=10233&position=P"">Aroldis Chapman</a>",29.0,0.0,0.0
10234,"<a href=""statss.aspx?playerid=10234&position=P"">Bryan Morris</a>",30.0,0.0,0.0
10265,"<a href=""statss.aspx?playerid=10265&position=P"">Justin Marks</a>",29.0,0.0,0.0
10267,"<a href=""statss.aspx?playerid=10267&position=P"">Tanner Scheppers</a>",30.0,0.0,0.0
10297,"<a href=""statss.aspx?playerid=10297&position=P"">Chad Bell</a>",28.0,0.0,0.0
10302,"<a href=""statss.aspx?playerid=10302&position=P"">Chris Heston</a>",29.0,0.0,0.0
10314,"<a href=""statss.aspx?playerid=10314&position=P"">Erasmo Ramirez</a>",27.0,0.0,0.0
10315,"<a href=""statss.aspx?playerid=10315&position=P"">Michael Tonkin</a>",27.0,0.0,0.0
10341,"<a href=""statss.aspx?playerid=10341&position=P"">Juan Minaya</a>",26.0,0.0,0.0
10343,"<a href=""statss.aspx?playerid=10343&position=P"">Aaron Loup</a>",29.0,0.0,0.0
10387,"<a href=""statss.aspx?playerid=10387&position=P"">Brooks Pounders</a>",26.0,0.0,0.0
10430,"<a href=""statss.aspx?playerid=10430&position=P"">Mychal Givens</a>",27.0,0.0,0.0
10500,"<a href=""statss.aspx?playerid=10500&position=P"">Preston Claiborne</a>",29.0,0.0,0.0
10534,"<a href=""statss.aspx?playerid=10534&position=P"">Jake Petricka</a>",29.0,0.0,0.0
10586,"<a href=""statss.aspx?playerid=10586&position=P"">Addison Reed</a>",28.0,0.0,0.0
10637,"<a href=""statss.aspx?playerid=10637&position=P"">Adam Liberatore</a>",30.0,0.0,0.0
10745,"<a href=""statss.aspx?playerid=10745&position=P"">Trevor Rosenthal</a>",27.0,0.0,0.0
10756,"<a href=""statss.aspx?playerid=10756&position=P"">Shane Greene</a>",28.0,0.0,0.0
10796,"<a href=""statss.aspx?playerid=10796&position=P"">Josh Edgin</a>",30.0,0.0,0.0
10843,"<a href=""statss.aspx?playerid=10843&position=P"">Adam Kolarek</a>",28.0,0.0,0.0
10946,"<a href=""statss.aspx?playerid=10946&position=P"">Josh A. Smith</a>",29.0,0.0,0.0
10982,"<a href=""statss.aspx?playerid=10982&position=P"">Chase Whitley</a>",28.0,0.0,0.0
11012,"<a href=""statss.aspx?playerid=11012&position=P"">Kevin Shackelford</a>",28.0,0.0,0.0
11137,"<a href=""statss.aspx?playerid=11137&position=P"">Mike Bolsinger</a>",29.0,0.0,0.0
11203,"<a href=""statss.aspx?playerid=11203&position=P"">Grant Dayton</a>",29.0,0.0,0.0
11294,"<a href=""statss.aspx?playerid=11294&position=P"">Zach Neal</a>",28.0,0.0,0.0
11338,"<a href=""statss.aspx?playerid=11338&position=2B/3B"">Adrian Sanchez</a>",26.0,0.0,0.0
11346,"<a href=""statss.aspx?playerid=11346&position=P"">Seth Frankoff</a>",28.0,0.0,0.0
11384,"<a href=""statss.aspx?playerid=11384&position=P"">Tommy Kahnle</a>",27.0,0.0,0.0
11388,"<a href=""statss.aspx?playerid=11388&position=P"">Danny Barnes</a>",27.0,0.0,0.0
11394,"<a href=""statss.aspx?playerid=11394&position=P"">Alex Wimmers</a>",28.0,0.0,0.0
11428,"<a href=""statss.aspx?playerid=11428&position=P"">Brandon Workman</a>",28.0,0.0,0.0
11449,"<a href=""statss.aspx?playerid=11449&position=P"">Matt Grace</a>",28.0,0.0,0.0
11457,"<a href=""statss.aspx?playerid=11457&position=P"">Sammy Solis</a>",28.0,0.0,0.0
11479,"<a href=""statss.aspx?playerid=11479&position=P"">Bryan Mitchell</a>",26.0,0.0,0.0
11487,"<a href=""statss.aspx?playerid=11487&position=P"">Joely Rodriguez</a>",25.0,0.0,0.0
11490,"<a href=""statss.aspx?playerid=11490&position=P"">Aaron Sanchez</a>",24.0,0.0,0.0
11502,"<a href=""statss.aspx?playerid=11502&position=P"">Parker Bridwell</a>",25.0,0.0,0.0
11528,"<a href=""statss.aspx?playerid=11528&position=P"">Josh Osich</a>",28.0,0.0,0.0
11543,"<a href=""statss.aspx?playerid=11543&position=P"">Dayan Diaz</a>",28.0,0.0,0.0
11604,"<a href=""statss.aspx?playerid=11604&position=P"">Dovydas Neverauskas</a>",24.0,0.0,0.0
11632,"<a href=""statss.aspx?playerid=11632&position=P"">Heath Hembree</a>",28.0,0.0,0.0
11710,"<a href=""statss.aspx?playerid=11710&position=P"">Sam Dyson</a>",29.0,0.0,0.0
11712,"<a href=""statss.aspx?playerid=11712&position=P"">Erik Goeddel</a>",28.0,0.0,0.0
11716,"<a href=""statss.aspx?playerid=11716&position=P"">Nick Tepesch</a>",28.0,0.0,0.0
11753,"<a href=""statss.aspx?playerid=11753&position=P"">Kyle Ryan</a>",25.0,0.0,0.0
11804,"<a href=""statss.aspx?playerid=11804&position=P"">Hector Neris</a>",28.0,0.0,0.0
11828,"<a href=""statss.aspx?playerid=11828&position=P"">James Paxton</a>",28.0,0.0,0.0
12022,"<a href=""statss.aspx?playerid=12022&position=P"">Matt Andriese</a>",27.0,0.0,0.0
12076,"<a href=""statss.aspx?playerid=12076&position=P"">Felipe Vazquez</a>",25.0,0.0,0.0
12166,"<a href=""statss.aspx?playerid=12166&position=P"">David Goforth</a>",28.0,0.0,0.0
12183,"<a href=""statss.aspx?playerid=12183&position=P"">Cody Allen</a>",28.0,0.0,0.0
12235,"<a href=""statss.aspx?playerid=12235&position=P"">Seth Maness</a>",28.0,0.0,0.0
12277,"<a href=""statss.aspx?playerid=12277&position=P"">Leonel Campos</a>",29.0,0.0,0.0
12297,"<a href=""statss.aspx?playerid=12297&position=P"">Evan Marshall</a>",27.0,0.0,0.0
12323,"<a href=""statss.aspx?playerid=12323&position=P"">Jacob Barnes</a>",27.0,0.0,0.0
12360,"<a href=""statss.aspx?playerid=12360&position=P"">Kevin Quackenbush</a>",28.0,0.0,0.0
12452,"<a href=""statss.aspx?playerid=12452&position=P"">Chasen Bradford</a>",27.0,0.0,0.0
12499,"<a href=""statss.aspx?playerid=12499&position=P"">Drew Rucinski</a>",28.0,0.0,0.0
12555,"<a href=""statss.aspx?playerid=12555&position=P"">Tony Cingrani</a>",27.0,0.0,0.0
12572,"<a href=""statss.aspx?playerid=12572&position=P"">Blake Treinen</a>",29.0,0.0,0.0
12586,"<a href=""statss.aspx?playerid=12586&position=P"">Mike Wright Jr.</a>",27.0,0.0,0.0
12638,"<a href=""statss.aspx?playerid=12638&position=P"">Nathan Karns</a>",29.0,0.0,0.0
12691,"<a href=""statss.aspx?playerid=12691&position=P"">Tyler Wilson</a>",27.0,0.0,0.0
12756,"<a href=""statss.aspx?playerid=12756&position=P"">Jake Esch</a>",27.0,0.0,0.0
12763,"<a href=""statss.aspx?playerid=12763&position=P"">Chris Devenski</a>",26.0,0.0,0.0
12768,"<a href=""statss.aspx?playerid=12768&position=P"">Sonny Gray</a>",27.0,0.0,0.0
12774,"<a href=""statss.aspx?playerid=12774&position=P"">Jairo Diaz</a>",26.0,0.0,0.0
12777,"<a href=""statss.aspx?playerid=12777&position=P"">John Brebbia</a>",27.0,0.0,0.0
12790,"<a href=""statss.aspx?playerid=12790&position=P"">Raul Alcantara</a>",24.0,0.0,0.0
12800,"<a href=""statss.aspx?playerid=12800&position=P"">Noe Ramirez</a>",27.0,0.0,0.0
12857,"<a href=""statss.aspx?playerid=12857&position=P"">Shawn Armstrong</a>",26.0,0.0,0.0
12863,"<a href=""statss.aspx?playerid=12863&position=P"">Matt Barnes</a>",27.0,0.0,0.0
12876,"<a href=""statss.aspx?playerid=12876&position=P"">Tony Zych</a>",26.0,0.0,0.0
12890,"<a href=""statss.aspx?playerid=12890&position=P"">Alex Claudio</a>",25.0,0.0,0.0
12905,"<a href=""statss.aspx?playerid=12905&position=P"">Logan Verrett</a>",27.0,0.0,0.0
12910,"<a href=""statss.aspx?playerid=12910&position=P"">Ken Giles</a>",26.0,0.0,0.0
12917,"<a href=""statss.aspx?playerid=12917&position=P"">Dylan Bundy</a>",24.0,0.0,0.0
12938,"<a href=""statss.aspx?playerid=12938&position=P"">Gabriel Ynoa</a>",24.0,0.0,0.0
12988,"<a href=""statss.aspx?playerid=12988&position=P"">Andrew Chafin</a>",27.0,0.0,0.0
13042,"<a href=""statss.aspx?playerid=13042&position=P"">Robby Scott</a>",27.0,0.0,0.0
13048,"<a href=""statss.aspx?playerid=13048&position=P"">Hisashi Iwakuma</a>",36.0,0.0,0.0
13058,"<a href=""statss.aspx?playerid=13058&position=P"">Reymin Guduan</a>",25.0,0.0,0.0
13066,"<a href=""statss.aspx?playerid=13066&position=OF"">Teoscar Hernandez</a>",24.0,0.0,0.0
13074,"<a href=""statss.aspx?playerid=13074&position=P"">Yu Darvish</a>",30.0,0.0,0.0
13119,"<a href=""statss.aspx?playerid=13119&position=P"">Taylor Jungmann</a>",27.0,0.0,0.0
13128,"<a href=""statss.aspx?playerid=13128&position=P"">Jason Wheeler</a>",26.0,0.0,0.0
13133,"<a href=""statss.aspx?playerid=13133&position=P"">Derek Law</a>",26.0,0.0,0.0
13150,"<a href=""statss.aspx?playerid=13150&position=P"">Jayson Aquino</a>",24.0,0.0,0.0
13182,"<a href=""statss.aspx?playerid=13182&position=P"">Kyle Crick</a>",24.0,0.0,0.0
13188,"<a href=""statss.aspx?playerid=13188&position=P"">Adalberto Mejia</a>",24.0,0.0,0.0
13211,"<a href=""statss.aspx?playerid=13211&position=P"">Warwick Saupold</a>",27.0,0.0,0.0
13287,"<a href=""statss.aspx?playerid=13287&position=P"">Jesse Hahn</a>",27.0,0.0,0.0
13293,"<a href=""statss.aspx?playerid=13293&position=P"">Danny Coulombe</a>",27.0,0.0,0.0
13313,"<a href=""statss.aspx?playerid=13313&position=P"">Jordan Jankowski</a>",28.0,0.0,0.0
13323,"<a href=""statss.aspx?playerid=13323&position=P"">James Pazos</a>",26.0,0.0,0.0
13331,"<a href=""statss.aspx?playerid=13331&position=P"">William Cuevas</a>",26.0,0.0,0.0
13345,"<a href=""statss.aspx?playerid=13345&position=P"">Luis Cessa</a>",25.0,0.0,0.0
13346,"<a href=""statss.aspx?playerid=13346&position=P"">Hoby Milner</a>",26.0,0.0,0.0
13360,"<a href=""statss.aspx?playerid=13360&position=P"">Cam Bedrosian</a>",25.0,0.0,0.0
13395,"<a href=""statss.aspx?playerid=13395&position=P"">Damien Magnifico</a>",26.0,0.0,0.0
13418,"<a href=""statss.aspx?playerid=13418&position=P"">Chris Beck</a>",26.0,0.0,0.0
13435,"<a href=""statss.aspx?playerid=13435&position=P"">Pierce Johnson</a>",26.0,0.0,0.0
13442,"<a href=""statss.aspx?playerid=13442&position=P"">Mike Morin</a>",26.0,0.0,0.0
13449,"<a href=""statss.aspx?playerid=13449&position=P"">Taylor Rogers</a>",26.0,0.0,0.0
13475,"<a href=""statss.aspx?playerid=13475&position=P"">Daniel Norris</a>",24.0,0.0,0.0
13485,"<a href=""statss.aspx?playerid=13485&position=P"">Sam Tuivailala</a>",24.0,0.0,0.0
13533,"<a href=""statss.aspx?playerid=13533&position=P"">Andrew Triggs</a>",28.0,0.0,0.0
13572,"<a href=""statss.aspx?playerid=13572&position=P"">Justin Haley</a>",26.0,0.0,0.0
13658,"<a href=""statss.aspx?playerid=13658&position=DH/OF"">Terrance Gore</a>",26.0,0.0,0.0
13685,"<a href=""statss.aspx?playerid=13685&position=P"">Nick Goody</a>",25.0,0.0,0.0
13688,"<a href=""statss.aspx?playerid=13688&position=P"">Ryan Merritt</a>",25.0,0.0,0.0
13690,"<a href=""statss.aspx?playerid=13690&position=P"">Sal Romano</a>",23.0,0.0,0.0
13699,"<a href=""statss.aspx?playerid=13699&position=P"">Jake Faria</a>",23.0,0.0,0.0
13758,"<a href=""statss.aspx?playerid=13758&position=P"">Tyler Duffey</a>",26.0,0.0,0.0
13761,"<a href=""statss.aspx?playerid=13761&position=P"">Chris Stratton</a>",26.0,0.0,0.0
13763,"<a href=""statss.aspx?playerid=13763&position=P"">Dominic Leone</a>",25.0,0.0,0.0
13764,"<a href=""statss.aspx?playerid=13764&position=P"">Roberto Osuna</a>",22.0,0.0,0.0
13780,"<a href=""statss.aspx?playerid=13780&position=P"">Daniel Stumpf</a>",26.0,0.0,0.0
13799,"<a href=""statss.aspx?playerid=13799&position=P"">Matt Strahm</a>",25.0,0.0,0.0
13911,"<a href=""statss.aspx?playerid=13911&position=P"">Scott Oberg</a>",27.0,0.0,0.0
13974,"<a href=""statss.aspx?playerid=13974&position=P"">Ryan Dull</a>",27.0,0.0,0.0
14016,"<a href=""statss.aspx?playerid=14016&position=P"">Ryan Garton</a>",27.0,0.0,0.0
14033,"<a href=""statss.aspx?playerid=14033&position=P"">Mike Hauschild</a>",27.0,0.0,0.0
14093,"<a href=""statss.aspx?playerid=14093&position=P"">Michael Ynoa</a>",25.0,0.0,0.0
14139,"<a href=""statss.aspx?playerid=14139&position=P"">Miguel Almonte</a>",24.0,0.0,0.0
14165,"<a href=""statss.aspx?playerid=14165&position=P"">Rob Whalen</a>",23.0,0.0,0.0
14212,"<a href=""statss.aspx?playerid=14212&position=P"">Josh Hader</a>",23.0,0.0,0.0
14239,"<a href=""statss.aspx?playerid=14239&position=P"">Dario Alvarez</a>",28.0,0.0,0.0
14241,"<a href=""statss.aspx?playerid=14241&position=P"">Austin Maddox</a>",26.0,0.0,0.0
14295,"<a href=""statss.aspx?playerid=14295&position=P"">Wandy Peralta</a>",25.0,0.0,0.0
14309,"<a href=""statss.aspx?playerid=14309&position=P"">Frankie Montas</a>",24.0,0.0,0.0
14371,"<a href=""statss.aspx?playerid=14371&position=P"">Jake Thompson</a>",23.0,0.0,0.0
14449,"<a href=""statss.aspx?playerid=14449&position=P"">Chris Smith</a>",28.0,0.0,0.0
14470,"<a href=""statss.aspx?playerid=14470&position=P"">Jose Valdez</a>",27.0,0.0,0.0
14508,"<a href=""statss.aspx?playerid=14508&position=P"">Randy Rosario</a>",23.0,0.0,0.0
14524,"<a href=""statss.aspx?playerid=14524&position=P"">Jose Leclerc</a>",23.0,0.0,0.0
14527,"<a href=""statss.aspx?playerid=14527&position=P"">Jorge Lopez</a>",24.0,0.0,0.0
14542,"<a href=""statss.aspx?playerid=14542&position=P"">Carlos Estevez</a>",24.0,0.0,0.0
14605,"<a href=""statss.aspx?playerid=14605&position=P"">James Hoyt</a>",30.0,0.0,0.0
14665,"<a href=""statss.aspx?playerid=14665&position=P"">Jandel Gustave</a>",24.0,0.0,0.0
14696,"<a href=""statss.aspx?playerid=14696&position=P"">Keone Kela</a>",24.0,0.0,0.0
14710,"<a href=""statss.aspx?playerid=14710&position=P"">Edwin Diaz</a>",23.0,0.0,0.0
14776,"<a href=""statss.aspx?playerid=14776&position=P"">Brad Goldberg</a>",27.0,0.0,0.0
14814,"<a href=""statss.aspx?playerid=14814&position=P"">Buck Farmer</a>",26.0,0.0,0.0
14832,"<a href=""statss.aspx?playerid=14832&position=P"">Bobby Wahl</a>",25.0,0.0,0.0
14844,"<a href=""statss.aspx?playerid=14844&position=P"">Matt Dermody</a>",26.0,0.0,0.0
14914,"<a href=""statss.aspx?playerid=14914&position=P"">Jason Hursh</a>",25.0,0.0,0.0
14974,"<a href=""statss.aspx?playerid=14974&position=P"">Tyler Webb</a>",26.0,0.0,0.0
14986,"<a href=""statss.aspx?playerid=14986&position=P"">Giovanny Gallegos</a>",25.0,0.0,0.0
15010,"<a href=""statss.aspx?playerid=15010&position=P"">Corey Knebel</a>",25.0,0.0,0.0
15033,"<a href=""statss.aspx?playerid=15033&position=P"">Kyle Crockett</a>",25.0,0.0,0.0
15036,"<a href=""statss.aspx?playerid=15036&position=P"">Chase De Jong</a>",23.0,0.0,0.0
15046,"<a href=""statss.aspx?playerid=15046&position=P"">Trevor Gott</a>",24.0,0.0,0.0
15051,"<a href=""statss.aspx?playerid=15051&position=P"">Silvino Bracho</a>",24.0,0.0,0.0
15091,"<a href=""statss.aspx?playerid=15091&position=P"">Hunter Wood</a>",23.0,0.0,0.0
15100,"<a href=""statss.aspx?playerid=15100&position=P"">Ben Heller</a>",25.0,0.0,0.0
15126,"<a href=""statss.aspx?playerid=15126&position=P"">Tyler Danish</a>",22.0,0.0,0.0
15157,"<a href=""statss.aspx?playerid=15157&position=P"">Jimmy Yacabonis</a>",25.0,0.0,0.0
15179,"<a href=""statss.aspx?playerid=15179&position=P"">Daniel Wright</a>",26.0,0.0,0.0
15200,"<a href=""statss.aspx?playerid=15200&position=P"">Glenn Sparkman</a>",25.0,0.0,0.0
15239,"<a href=""statss.aspx?playerid=15239&position=P"">Alan Busenitz</a>",26.0,0.0,0.0
15240,"<a href=""statss.aspx?playerid=15240&position=P"">Kevin McCarthy</a>",25.0,0.0,0.0
15258,"<a href=""statss.aspx?playerid=15258&position=P"">Shane Carle</a>",25.0,0.0,0.0
15264,"<a href=""statss.aspx?playerid=15264&position=P"">Keynan Middleton</a>",23.0,0.0,0.0
15290,"<a href=""statss.aspx?playerid=15290&position=P"">Austin Pruitt</a>",27.0,0.0,0.0
15306,"<a href=""statss.aspx?playerid=15306&position=P"">Donnie Hart</a>",26.0,0.0,0.0
15451,"<a href=""statss.aspx?playerid=15451&position=P"">Mike Mayers</a>",25.0,0.0,0.0
15463,"<a href=""statss.aspx?playerid=15463&position=P"">Jose De Leon</a>",24.0,0.0,0.0
15514,"<a href=""statss.aspx?playerid=15514&position=P"">Kendall Graveman</a>",26.0,0.0,0.0
15552,"<a href=""statss.aspx?playerid=15552&position=P"">Chad Green</a>",26.0,0.0,0.0
15627,"<a href=""statss.aspx?playerid=15627&position=P"">Dillon Overton</a>",25.0,0.0,0.0
15639,"<a href=""statss.aspx?playerid=15639&position=P"">Dan Slania</a>",25.0,0.0,0.0
15684,"<a href=""statss.aspx?playerid=15684&position=P"">Miguel Castro</a>",22.0,0.0,0.0
15688,"<a href=""statss.aspx?playerid=15688&position=P"">Ronald Herrera</a>",22.0,0.0,0.0
15761,"<a href=""statss.aspx?playerid=15761&position=P"">Joe Jimenez</a>",22.0,0.0,0.0
15873,"<a href=""statss.aspx?playerid=15873&position=P"">Sean Manaea</a>",25.0,0.0,0.0
15947,"<a href=""statss.aspx?playerid=15947&position=P"">Ryne Stanek</a>",25.0,0.0,0.0
16058,"<a href=""statss.aspx?playerid=16058&position=P"">Stefan Crichton</a>",25.0,0.0,0.0
16086,"<a href=""statss.aspx?playerid=16086&position=P"">Edubray Ramos</a>",24.0,0.0,0.0
16137,"<a href=""statss.aspx?playerid=16137&position=P"">Carlos Rodon</a>",24.0,0.0,0.0
16155,"<a href=""statss.aspx?playerid=16155&position=P"">Eric Skoglund</a>",24.0,0.0,0.0
16165,"<a href=""statss.aspx?playerid=16165&position=P"">Max Povse</a>",23.0,0.0,0.0
16344,"<a href=""statss.aspx?playerid=16344&position=P"">Eduardo Paredes</a>",22.0,0.0,0.0
16419,"<a href=""statss.aspx?playerid=16419&position=P"">Chih-Wei Hu</a>",23.0,0.0,0.0
16507,"<a href=""statss.aspx?playerid=16507&position=P"">Dan Altavilla</a>",24.0,0.0,0.0
16588,"<a href=""statss.aspx?playerid=16588&position=P"">Jonathan Holder</a>",24.0,0.0,0.0
16684,"<a href=""statss.aspx?playerid=16684&position=P"">Zac Curtis</a>",24.0,0.0,0.0
16980,"<a href=""statss.aspx?playerid=16980&position=P"">Daniel Mengden</a>",24.0,0.0,0.0
17002,"<a href=""statss.aspx?playerid=17002&position=P"">Trevor Hildenberger</a>",26.0,0.0,0.0
17098,"<a href=""statss.aspx?playerid=17098&position=OF"">Dustin Fowler</a>",22.0,0.0,0.0
17149,"<a href=""statss.aspx?playerid=17149&position=P"">Domingo German</a>",24.0,0.0,0.0
17303,"<a href=""statss.aspx?playerid=17303&position=P"">Francis Martes</a>",21.0,0.0,0.0
17355,"<a href=""statss.aspx?playerid=17355&position=P"">Edgar Santana</a>",25.0,0.0,0.0
17418,"<a href=""statss.aspx?playerid=17418&position=P"">David Paulino</a>",23.0,0.0,0.0
17553,"<a href=""statss.aspx?playerid=17553&position=P"">Andrew Moore</a>",23.0,0.0,0.0
17695,"<a href=""statss.aspx?playerid=17695&position=P"">Koda Glover</a>",24.0,0.0,0.0
17780,"<a href=""statss.aspx?playerid=17780&position=P"">Jose Alvarado</a>",22.0,0.0,0.0
18064,"<a href=""statss.aspx?playerid=18064&position=P"">Phil Maton</a>",24.0,0.0,0.0
18114,"<a href=""statss.aspx?playerid=18114&position=P"">Ben Taylor</a>",24.0,0.0,0.0
18282,"<a href=""statss.aspx?playerid=18282&position=P"">Jarlin Garcia</a>",24.0,0.0,0.0
18719,"<a href=""statss.aspx?playerid=18719&position=P"">Seunghwan Oh</a>",34.0,0.0,0.0
18806,"<a href=""statss.aspx?playerid=18806&position=P"">Drew Steckenrider</a>",26.0,0.0,0.0
3830,"<a href=""statss.aspx?playerid=3830&position=P"">Ricky Nolasco</a>",34.0,5.0,0.13859881162643434
4662,"<a href=""statss.aspx?playerid=4662&position=P"">Brandon McCarthy</a>",33.0,23.0,0.14074528501147315
12775,"<a href=""statss.aspx?playerid=12775&position=SS"">Brad Miller</a>",27.0,172.0,0.29033233745563664
8610,"<a href=""statss.aspx?playerid=8610&position=1B/DH"">Kendrys Morales</a>",34.0,307.0,0.325571482282838
16318,"<a href=""statss.aspx?playerid=16318&position=P"">Ricardo Pinto</a>",23.0,1.0,0.0
14765,"<a href=""statss.aspx?playerid=14765&position=P"">Julio Urias</a>",20.0,7.0,0.14611146847407022
10067,"<a href=""statss.aspx?playerid=10067&position=C/1B"">Tomas Telis</a>",26.0,7.0,0.301262446812221
6895,"<a href=""statss.aspx?playerid=6895&position=P"">Chase Anderson</a>",29.0,33.0,0.14808886125683784
14330,"<a href=""statss.aspx?playerid=14330&position=OF"">Nick Williams</a>",23.0,3.0,0.29222293694814044
14457,"<a href=""statss.aspx?playerid=14457&position=P"">Adam Conley</a>",27.0,7.0,0.12523840154920304
5486,"<a href=""statss.aspx?playerid=5486&position=OF"">Abraham Almonte</a>",28.0,100.0,0.29510978436229207
8609,"<a href=""statss.aspx?playerid=8609&position=C"">Tim Federowicz</a>",29.0,3.0,0.23099801937739053
13613,"<a href=""statss.aspx?playerid=13613&position=2B"">Ketel Marte</a>",23.0,5.0,0.2464336633682251
3220,"<a href=""statss.aspx?playerid=3220&position=P"">Jean Machi</a>",35.0,1.0,0.0
10925,"<a href=""statss.aspx?playerid=10925&position=P"">Christian Bergman</a>",29.0,1.0,0.0
8280,"<a href=""statss.aspx?playerid=8280&position=P"">Tony Sipp</a>",33.0,1.0,0.0
11903,"<a href=""statss.aspx?playerid=11903&position=P"">Michael Feliz</a>",24.0,1.0,0.0
7677,"<a href=""statss.aspx?playerid=7677&position=P"">Neil Ramirez</a>",28.0,1.0,0.0
8421,"<a href=""statss.aspx?playerid=8421&position=P"">Adam Wilk</a>",29.0,1.0,0.0
11801,"<a href=""statss.aspx?playerid=11801&position=P"">Hansel Robles</a>",26.0,1.0,0.0
14825,"<a href=""statss.aspx?playerid=14825&position=P"">Dylan Covey</a>",25.0,1.0,0.0
6316,"<a href=""statss.aspx?playerid=6316&position=P"">David Phelps</a>",30.0,1.0,0.0
13713,"<a href=""statss.aspx?playerid=13713&position=P"">Kyle Barraclough</a>",27.0,1.0,0.0
17233,"<a href=""statss.aspx?playerid=17233&position=P"">Brian Ellington</a>",26.0,1.0,0.0
2951,"<a href=""statss.aspx?playerid=2951&position=P"">Josh Ravin</a>",29.0,1.0,0.0
16727,"<a href=""statss.aspx?playerid=16727&position=P"">Brock Stewart</a>",25.0,1.0,0.0
7947,"<a href=""statss.aspx?playerid=7947&position=P"">Cory Gearrin</a>",31.0,1.0,0.0
13580,"<a href=""statss.aspx?playerid=13580&position=P"">Steven Okert</a>",25.0,1.0,0.0
6697,"<a href=""statss.aspx?playerid=6697&position=P"">Miguel Socolovich</a>",30.0,1.0,0.0
13528,"<a href=""statss.aspx?playerid=13528&position=P"">Matt Bowman</a>",26.0,1.0,0.0
13684,"<a href=""statss.aspx?playerid=13684&position=P"">John Gant</a>",24.0,1.0,0.0
10855,"<a href=""statss.aspx?playerid=10855&position=P"">Chasen Shreve</a>",26.0,1.0,0.0
10291,"<a href=""statss.aspx?playerid=10291&position=P"">Ryan Tepera</a>",29.0,1.0,0.0
9111,"<a href=""statss.aspx?playerid=9111&position=P"">Brad Hand</a>",27.0,1.0,0.0
3132,"<a href=""statss.aspx?playerid=3132&position=P"">Tony Watson</a>",32.0,1.0,0.0
11440,"<a href=""statss.aspx?playerid=11440&position=P"">Johnny Barbato</a>",24.0,1.0,0.0
9674,"<a href=""statss.aspx?playerid=9674&position=P"">Vidal Nuno</a>",29.0,1.0,0.0
13560,"<a href=""statss.aspx?playerid=13560&position=P"">Alec Asher</a>",25.0,1.0,0.0
14107,"<a href=""statss.aspx?playerid=14107&position=P"">Kevin Gausman</a>",26.0,1.0,0.0
9884,"<a href=""statss.aspx?playerid=9884&position=P"">Travis Wood</a>",30.0,1.0,0.0
9286,"<a href=""statss.aspx?playerid=9286&position=P"">Rob Scahill</a>",30.0,1.0,0.0
6785,"<a href=""statss.aspx?playerid=6785&position=P"">Andrew Miller</a>",32.0,1.0,0.0
11426,"<a href=""statss.aspx?playerid=11426&position=P"">Drew Pomeranz</a>",28.0,1.0,0.0
19341,"<a href=""statss.aspx?playerid=19341&position=P"">Hector Velazquez</a>",28.0,1.0,0.0
10066,"<a href=""statss.aspx?playerid=10066&position=P"">Ian Krol</a>",26.0,1.0,0.0
11752,"<a href=""statss.aspx?playerid=11752&position=P"">Luke Jackson</a>",25.0,1.0,0.0
4001,"<a href=""statss.aspx?playerid=4001&position=P"">Enny Romero</a>",26.0,1.0,0.0
1345,"<a href=""statss.aspx?playerid=1345&position=P"">Blake Wood</a>",31.0,1.0,0.0
6983,"<a href=""statss.aspx?playerid=6983&position=P"">Drew Storen</a>",29.0,1.0,0.0
14812,"<a href=""statss.aspx?playerid=14812&position=P"">Barrett Astin</a>",25.0,1.0,0.0
9975,"<a href=""statss.aspx?playerid=9975&position=P"">Tom Wilhelmsen</a>",33.0,1.0,0.0
11385,"<a href=""statss.aspx?playerid=11385&position=OF"">Matt den Dekker</a>",29.0,1.0,0.0
13607,"<a href=""statss.aspx?playerid=13607&position=P"">Carl Edwards Jr.</a>",25.0,1.0,0.0
10289,"<a href=""statss.aspx?playerid=10289&position=C"">Hector Sanchez</a>",27.0,29.0,0.29949958622455597
12808,"<a href=""statss.aspx?playerid=12808&position=P"">Mike Clevinger</a>",26.0,1.0,0.0
2218,"<a href=""statss.aspx?playerid=2218&position=OF"">Ryan Raburn</a>",36.0,38.0,0.31881623362240036
14678,"<a href=""statss.aspx?playerid=14678&position=2B/SS"">Tzu-Wei Lin</a>",23.0,14.0,0.2856035445417677
13788,"<a href=""statss.aspx?playerid=13788&position=3B/SS"">Matt Reynolds</a>",26.0,35.0,0.26050459827695577
18498,"<a href=""statss.aspx?playerid=18498&position=P"">Kenta Maeda</a>",29.0,24.0,0.12980460602304209
9807,"<a href=""statss.aspx?playerid=9807&position=2B/SS"">Ryan Goins</a>",29.0,196.0,0.2698565764973561
10310,"<a href=""statss.aspx?playerid=10310&position=P"">Zack Wheeler</a>",27.0,23.0,0.12735596299171448
4505,"<a href=""statss.aspx?playerid=4505&position=P"">Jordan Zimmermann</a>",31.0,2.0,0.0
13071,"<a href=""statss.aspx?playerid=13071&position=P"">Wei-Yin Chen</a>",31.0,8.0,0.10958360135555267
14771,"<a href=""statss.aspx?playerid=14771&position=P"">Emilio Pagan</a>",26.0,2.0,0.0
6345,"<a href=""statss.aspx?playerid=6345&position=P"">Chris Archer</a>",28.0,2.0,0.0
6397,"<a href=""statss.aspx?playerid=6397&position=P"">Jake Odorizzi</a>",27.0,2.0,0.0
13654,"<a href=""statss.aspx?playerid=13654&position=P"">Jharel Cotton</a>",25.0,2.0,0.0
12970,"<a href=""statss.aspx?playerid=12970&position=P"">Joe Musgrove</a>",24.0,2.0,0.0
13892,"<a href=""statss.aspx?playerid=13892&position=P"">Paul Sewald</a>",27.0,2.0,0.0
4776,"<a href=""statss.aspx?playerid=4776&position=P"">Matt Shoemaker</a>",30.0,2.0,0.0
7024,"<a href=""statss.aspx?playerid=7024&position=P"">Miguel Gonzalez</a>",33.0,2.0,0.0
11423,"<a href=""statss.aspx?playerid=11423&position=P"">Jose Quintana</a>",28.0,2.0,0.0
10185,"<a href=""statss.aspx?playerid=10185&position=P"">Jacob Turner</a>",26.0,8.0,0.11549900968869527
16017,"<a href=""statss.aspx?playerid=16017&position=P"">Odrisamer Despaigne</a>",30.0,2.0,0.0
2882,"<a href=""statss.aspx?playerid=2882&position=P"">Luis Avilan</a>",27.0,2.0,0.0
9486,"<a href=""statss.aspx?playerid=9486&position=P"">George Kontos</a>",32.0,2.0,0.0
1118,"<a href=""statss.aspx?playerid=1118&position=P"">Marco Estrada</a>",33.0,2.0,0.0
18006,"<a href=""statss.aspx?playerid=18006&position=PH/PR"">John Bormann</a>",24.0,1.0,0.0
5530,"<a href=""statss.aspx?playerid=5530&position=P"">Nik Turley</a>",27.0,2.0,0.0
3284,"<a href=""statss.aspx?playerid=3284&position=P"">Anibal Sanchez</a>",33.0,2.0,0.0
13218,"<a href=""statss.aspx?playerid=13218&position=P"">Michael Fulmer</a>",24.0,2.0,0.0
7882,"<a href=""statss.aspx?playerid=7882&position=P"">Josh Lindblom</a>",30.0,2.0,0.0
10591,"<a href=""statss.aspx?playerid=10591&position=P"">Scott Alexander</a>",27.0,2.0,0.0
4064,"<a href=""statss.aspx?playerid=4064&position=P"">Brian Duensing</a>",34.0,2.0,0.0
13394,"<a href=""statss.aspx?playerid=13394&position=P"">Dylan Floro</a>",26.0,2.0,0.0
11720,"<a href=""statss.aspx?playerid=11720&position=P"">Justin Grimm</a>",28.0,2.0,0.0
9241,"<a href=""statss.aspx?playerid=9241&position=OF"">Starling Marte</a>",28.0,59.0,0.2840716737811848
15094,"<a href=""statss.aspx?playerid=15094&position=P"">Rob Zastryzny</a>",25.0,2.0,0.0
3543,"<a href=""statss.aspx?playerid=3543&position=P"">Clay Buchholz</a>",32.0,2.0,0.0
6230,"<a href=""statss.aspx?playerid=6230&position=P"">Kyle Kendrick</a>",32.0,2.0,0.0
14272,"<a href=""statss.aspx?playerid=14272&position=P"">Brian Johnson</a>",26.0,2.0,0.0
14862,"<a href=""statss.aspx?playerid=14862&position=P"">Zack Godley</a>",27.0,24.0,0.14269662445241754
6832,"<a href=""statss.aspx?playerid=6832&position=P"">Sam Freeman</a>",30.0,2.0,0.0
12804,"<a href=""statss.aspx?playerid=12804&position=P"">Matt Wisler</a>",24.0,2.0,0.0
11467,"<a href=""statss.aspx?playerid=11467&position=P"">A.J. Cole</a>",25.0,2.0,0.0
2717,"<a href=""statss.aspx?playerid=2717&position=P"">Rick Porcello</a>",28.0,2.0,0.0
15232,"<a href=""statss.aspx?playerid=15232&position=P"">Cody Reed</a>",24.0,2.0,0.0
15603,"<a href=""statss.aspx?playerid=15603&position=P"">Ariel Hernandez</a>",25.0,2.0,0.0
2047,"<a href=""statss.aspx?playerid=2047&position=P"">Jorge De La Rosa</a>",36.0,2.0,0.0
3237,"<a href=""statss.aspx?playerid=3237&position=P"">T.J. McFarland</a>",28.0,2.0,0.0
8362,"<a href=""statss.aspx?playerid=8362&position=P"">Homer Bailey</a>",31.0,2.0,0.0
15890,"<a href=""statss.aspx?playerid=15890&position=P"">Luis Severino</a>",23.0,2.0,0.0
6902,"<a href=""statss.aspx?playerid=6902&position=P"">Martin Perez</a>",26.0,2.0,0.0
9559,"<a href=""statss.aspx?playerid=9559&position=P"">Austin Bibens-Dirkx</a>",32.0,2.0,0.0
11446,"<a href=""statss.aspx?playerid=11446&position=1B/3B/OF"">Rob Segedin</a>",28.0,4.0,0.21916720271110535
14738,"<a href=""statss.aspx?playerid=14738&position=OF"">Phillip Ervin</a>",24.0,3.0,0.23099801937739053
4146,"<a href=""statss.aspx?playerid=4146&position=OF"">Gorkys Hernandez</a>",29.0,163.0,0.2691093530505896
13774,"<a href=""statss.aspx?playerid=13774&position=P"">Zach Eflin</a>",23.0,15.0,0.12523840154920304
3376,"<a href=""statss.aspx?playerid=3376&position=C"">Nick Hundley</a>",33.0,136.0,0.28657479517495454
3882,"<a href=""statss.aspx?playerid=3882&position=OF"">Chris Young</a>",33.0,162.0,0.32088782353165707
12926,"<a href=""statss.aspx?playerid=12926&position=2B/OF"">Alen Hanson</a>",24.0,99.0,0.26519487602542147
9434,"<a href=""statss.aspx?playerid=9434&position=P"">Dallas Keuchel</a>",29.0,3.0,0.0
14120,"<a href=""statss.aspx?playerid=14120&position=P"">Lance McCullers Jr.</a>",23.0,3.0,0.0
10285,"<a href=""statss.aspx?playerid=10285&position=P"">Josh Smoker</a>",28.0,3.0,0.0
8302,"<a href=""statss.aspx?playerid=8302&position=P"">JC Ramirez</a>",28.0,3.0,0.0
15594,"<a href=""statss.aspx?playerid=15594&position=P"">Nick Wittgren</a>",26.0,3.0,0.0
11121,"<a href=""statss.aspx?playerid=11121&position=P"">Casey Lawrence</a>",29.0,3.0,0.0
15764,"<a href=""statss.aspx?playerid=15764&position=P"">Masahiro Tanaka</a>",28.0,3.0,0.0
3815,"<a href=""statss.aspx?playerid=3815&position=P"">Mat Latos</a>",29.0,3.0,0.0
13194,"<a href=""statss.aspx?playerid=13194&position=P"">Joe Biagini</a>",27.0,3.0,0.0
18815,"<a href=""statss.aspx?playerid=18815&position=P"">Miguel Diaz</a>",22.0,3.0,0.0
11468,"<a href=""statss.aspx?playerid=11468&position=P"">Zach Lee</a>",25.0,3.0,0.0
6632,"<a href=""statss.aspx?playerid=6632&position=P"">Carlos Carrasco</a>",30.0,3.0,0.0
8700,"<a href=""statss.aspx?playerid=8700&position=P"">Justin Verlander</a>",34.0,3.0,0.0
13619,"<a href=""statss.aspx?playerid=13619&position=P"">Jakob Junis</a>",24.0,3.0,0.0
5830,"<a href=""statss.aspx?playerid=5830&position=P"">Jhan Marinez</a>",28.0,3.0,0.0
12703,"<a href=""statss.aspx?playerid=12703&position=P"">Trevor Bauer</a>",26.0,3.0,0.0
13910,"<a href=""statss.aspx?playerid=13910&position=OF"">Patrick Kivlehan</a>",27.0,96.0,0.3090784481416146
12701,"<a href=""statss.aspx?playerid=12701&position=OF"">Billy Burns</a>",27.0,2.0,0.0
12918,"<a href=""statss.aspx?playerid=12918&position=P"">Archie Bradley</a>",24.0,3.0,0.0
9953,"<a href=""statss.aspx?playerid=9953&position=2B/3B"">Ryan Schimpf</a>",29.0,197.0,0.3036960375490527
15454,"<a href=""statss.aspx?playerid=15454&position=P"">Nick Pivetta</a>",24.0,16.0,0.11688917477925619
8137,"<a href=""statss.aspx?playerid=8137&position=P"">Jaime Garcia</a>",30.0,26.0,0.12980460602304209
5986,"<a href=""statss.aspx?playerid=5986&position=SS"">Mike Aviles</a>",36.0,7.0,0.20223043646131242
2520,"<a href=""statss.aspx?playerid=2520&position=P"">Lance Lynn</a>",30.0,30.0,0.12587322081838334
13324,"<a href=""statss.aspx?playerid=13324&position=2B/3B"">Ildemaro Vargas</a>",25.0,2.0,0.0
4249,"<a href=""statss.aspx?playerid=4249&position=OF"">Shane Robinson</a>",32.0,12.0,0.20386097331841788
13453,"<a href=""statss.aspx?playerid=13453&position=P"">Eddie Butler</a>",26.0,16.0,0.11211877635547093
8600,"<a href=""statss.aspx?playerid=8600&position=P"">Dustin McGowan</a>",35.0,4.0,0.0
14329,"<a href=""statss.aspx?playerid=14329&position=OF"">Anthony Alford</a>",22.0,8.0,0.15402103960514069
4538,"<a href=""statss.aspx?playerid=4538&position=P"">Jason Hammel</a>",34.0,4.0,0.0
13359,"<a href=""statss.aspx?playerid=13359&position=OF"">Tyler Naquin</a>",26.0,18.0,0.25306493375036454
13164,"<a href=""statss.aspx?playerid=13164&position=P"">Eduardo Rodriguez</a>",24.0,4.0,0.0
17237,"<a href=""statss.aspx?playerid=17237&position=P"">Austin Brice</a>",25.0,4.0,0.0
9911,"<a href=""statss.aspx?playerid=9911&position=1B/DH"">Chris Carter</a>",30.0,194.0,0.2925664383111541
8753,"<a href=""statss.aspx?playerid=8753&position=P"">Tanner Roark</a>",30.0,33.0,0.1313749998807907
978,"<a href=""statss.aspx?playerid=978&position=P"">Bronson Arroyo</a>",40.0,29.0,0.13487212474529559
16149,"<a href=""statss.aspx?playerid=16149&position=P"">Aaron Nola</a>",24.0,21.0,0.14074528501147315
11859,"<a href=""statss.aspx?playerid=11859&position=OF"">Mason Williams</a>",25.0,17.0,0.24703937067705042
13273,"<a href=""statss.aspx?playerid=13273&position=P"">Ross Stripling</a>",27.0,5.0,0.0
12751,"<a href=""statss.aspx?playerid=12751&position=P"">Tyler Pill</a>",27.0,5.0,0.0
2929,"<a href=""statss.aspx?playerid=2929&position=P"">Jeff Locke</a>",29.0,10.0,0.06929940581321717
13877,"<a href=""statss.aspx?playerid=13877&position=2B/3B/SS"">Alex Mejia</a>",26.0,3.0,0.0
12956,"<a href=""statss.aspx?playerid=12956&position=OF"">Willy Garcia</a>",24.0,82.0,0.2896125493226228
15689,"<a href=""statss.aspx?playerid=15689&position=P"">Luis Castillo</a>",24.0,5.0,0.0
15158,"<a href=""statss.aspx?playerid=15158&position=P"">Braden Shipley</a>",25.0,5.0,0.0
3340,"<a href=""statss.aspx?playerid=3340&position=P"">Matt Garza</a>",33.0,23.0,0.11254348267208446
15488,"<a href=""statss.aspx?playerid=15488&position=P"">Antonio Senzatela</a>",22.0,32.0,0.14854518266824576
9571,"<a href=""statss.aspx?playerid=9571&position=OF"">Craig Gentry</a>",33.0,58.0,0.26044318612132755
17526,"<a href=""statss.aspx?playerid=17526&position=P"">Ariel Miranda</a>",28.0,6.0,0.0
5448,"<a href=""statss.aspx?playerid=5448&position=P"">Jesse Chavez</a>",33.0,6.0,0.0
11754,"<a href=""statss.aspx?playerid=11754&position=P"">Justin Nicolino</a>",25.0,6.0,0.0
12760,"<a href=""statss.aspx?playerid=12760&position=P"">Rafael Montero</a>",26.0,6.0,0.0
10053,"<a href=""statss.aspx?playerid=10053&position=2B"">Grant Green</a>",29.0,3.0,0.0
10807,"<a href=""statss.aspx?playerid=10807&position=3B/SS"">Tyler Saladino</a>",27.0,128.0,0.2637808720270793
14735,"<a href=""statss.aspx?playerid=14735&position=OF"">Brett Phillips</a>",23.0,11.0,0.17533376216888427
3448,"<a href=""statss.aspx?playerid=3448&position=C"">Jeff Mathis</a>",34.0,127.0,0.2223695101737976
10304,"<a href=""statss.aspx?playerid=10304&position=P"">Jarred Cosart</a>",27.0,6.0,0.0
7945,"<a href=""statss.aspx?playerid=7945&position=OF"">Jaff Decker</a>",27.0,62.0,0.272274715415502
16208,"<a href=""statss.aspx?playerid=16208&position=P"">Brandon Finnegan</a>",24.0,6.0,0.0
8252,"<a href=""statss.aspx?playerid=8252&position=OF"">Hunter Pence</a>",34.0,243.0,0.2994436523551313
1433,"<a href=""statss.aspx?playerid=1433&position=C"">Wilson Ramos</a>",29.0,17.0,0.2218467779457569
14894,"<a href=""statss.aspx?playerid=14894&position=2B/OF"">Tony Kemp</a>",25.0,3.0,0.0
9952,"<a href=""statss.aspx?playerid=9952&position=OF"">Trayce Thompson</a>",26.0,23.0,0.26816108174945996
1159,"<a href=""statss.aspx?playerid=1159&position=3B/SS"">Andrew Romine</a>",31.0,185.0,0.29253976560029826
10836,"<a href=""statss.aspx?playerid=10836&position=P"">Asher Wojciechowski</a>",28.0,6.0,0.0
3878,"<a href=""statss.aspx?playerid=3878&position=C"">Chris Stewart</a>",35.0,65.0,0.23854007418193515
11850,"<a href=""statss.aspx?playerid=11850&position=1B"">Tyler Austin</a>",25.0,15.0,0.2366365631421407
3254,"<a href=""statss.aspx?playerid=3254&position=P"">Jeff Samardzija</a>",32.0,36.0,0.12025655017179601
12049,"<a href=""statss.aspx?playerid=12049&position=P"">Kyle Hendricks</a>",27.0,20.0,0.09228092745730751
13125,"<a href=""statss.aspx?playerid=13125&position=P"">Gerrit Cole</a>",26.0,34.0,0.11867858895233699
1890,"<a href=""statss.aspx?playerid=1890&position=P"">Matt Moore</a>",28.0,28.0,0.10193048665920894
6570,"<a href=""statss.aspx?playerid=6570&position=P"">Tom Koehler</a>",31.0,14.0,0.06261920077460152
6562,"<a href=""statss.aspx?playerid=6562&position=P"">Alex Cobb</a>",29.0,6.0,0.0
10028,"<a href=""statss.aspx?playerid=10028&position=C"">Christian Bethancourt</a>",25.0,7.0,0.12523840154920304
15769,"<a href=""statss.aspx?playerid=15769&position=OF"">Rafael Bautista</a>",24.0,9.0,0.17440698544184366
9345,"<a href=""statss.aspx?playerid=9345&position=2B/3B/OF"">Brock Holt</a>",29.0,19.0,0.23817441337986997
4930,"<a href=""statss.aspx?playerid=4930&position=P"">Jon Lester</a>",33.0,39.0,0.1214303904109531
13718,"<a href=""statss.aspx?playerid=13718&position=2B/OF"">Christopher Bostick</a>",24.0,5.0,0.13859881162643434
3255,"<a href=""statss.aspx?playerid=3255&position=OF"">Franklin Gutierrez</a>",34.0,63.0,0.29233917830482364
13821,"<a href=""statss.aspx?playerid=13821&position=OF"">Ian Parmley</a>",27.0,4.0,0.0
10681,"<a href=""statss.aspx?playerid=10681&position=3B"">Gio Urshela</a>",25.0,4.0,0.0
4063,"<a href=""statss.aspx?playerid=4063&position=C"">Anthony Recker</a>",33.0,7.0,0.12523840154920304
16943,"<a href=""statss.aspx?playerid=16943&position=P"">Sean Newcomb</a>",24.0,8.0,0.0
13621,"<a href=""statss.aspx?playerid=13621&position=3B"">Jeimer Candelario</a>",23.0,35.0,0.23816548245293753
10347,"<a href=""statss.aspx?playerid=10347&position=C"">Mike Ohlman</a>",26.0,9.0,0.1948152912987603
3707,"<a href=""statss.aspx?playerid=3707&position=C"">Geovany Soto</a>",34.0,48.0,0.28786658371488255
10968,"<a href=""statss.aspx?playerid=10968&position=P"">Tim Adleman</a>",29.0,23.0,0.09585623307661577
1943,"<a href=""statss.aspx?playerid=1943&position=P"">Zack Greinke</a>",33.0,36.0,0.1181174867293414
12957,"<a href=""statss.aspx?playerid=12957&position=OF"">Steve Selsky</a>",27.0,9.0,0.13690759076012504
14916,"<a href=""statss.aspx?playerid=14916&position=P"">Jon Gray</a>",25.0,8.0,0.0
12244,"<a href=""statss.aspx?playerid=12244&position=1B"">Brock Stassi</a>",27.0,78.0,0.260895563241763
5985,"<a href=""statss.aspx?playerid=5985&position=P"">Randall Delgado</a>",27.0,9.0,0.0
17642,"<a href=""statss.aspx?playerid=17642&position=SS"">JT Riddle</a>",25.0,187.0,0.26318904676952876
4235,"<a href=""statss.aspx?playerid=4235&position=P"">Jered Weaver</a>",34.0,10.0,0.0
1245,"<a href=""statss.aspx?playerid=1245&position=P"">R.A. Dickey</a>",42.0,35.0,0.10958360135555267
14968,"<a href=""statss.aspx?playerid=14968&position=C"">Victor Caratini</a>",23.0,5.0,0.0
5305,"<a href=""statss.aspx?playerid=5305&position=OF"">Alex Presley</a>",31.0,54.0,0.2850229762635141
4022,"<a href=""statss.aspx?playerid=4022&position=OF"">Melky Cabrera</a>",32.0,334.0,0.3135488997381854
12907,"<a href=""statss.aspx?playerid=12907&position=OF"">Gregory Polanco</a>",25.0,251.0,0.28635193703145634
4806,"<a href=""statss.aspx?playerid=4806&position=P"">Rich Hill</a>",37.0,16.0,0.04817459980646769
10700,"<a href=""statss.aspx?playerid=10700&position=OF"">Ryan LaMarre</a>",28.0,8.0,0.08662425726652145
13154,"<a href=""statss.aspx?playerid=13154&position=2B"">Marco Hernandez</a>",24.0,60.0,0.275146875778834
15103,"<a href=""statss.aspx?playerid=15103&position=OF"">Boog Powell</a>",24.0,35.0,0.25121495302985697
15172,"<a href=""statss.aspx?playerid=15172&position=SS"">Tim Anderson</a>",24.0,293.0,0.2731444333514122
15038,"<a href=""statss.aspx?playerid=15038&position=P"">German Marquez</a>",22.0,21.0,0.10313750715816722
9323,"<a href=""statss.aspx?playerid=9323&position=P"">Patrick Corbin</a>",27.0,35.0,0.1161309029116775
10329,"<a href=""statss.aspx?playerid=10329&position=OF"">Rey Fuentes</a>",26.0,92.0,0.2829117958362286
10166,"<a href=""statss.aspx?playerid=10166&position=2B"">Nick Franklin</a>",26.0,89.0,0.2531437184033769
7740,"<a href=""statss.aspx?playerid=7740&position=2B/3B/OF"">Ty Kelly</a>",28.0,55.0,0.26077563122466757
9433,"<a href=""statss.aspx?playerid=9433&position=C"">Dustin Garneau</a>",29.0,74.0,0.26520098480459764
11369,"<a href=""statss.aspx?playerid=11369&position=OF"">Brett Eibner</a>",28.0,36.0,0.26597370869583553
13593,"<a href=""statss.aspx?playerid=13593&position=2B/SS"">Jose Peraza</a>",23.0,304.0,0.26585072416223976
12294,"<a href=""statss.aspx?playerid=12294&position=2B/3B"">Cory Spangenberg</a>",26.0,202.0,0.28755347460508346
15730,"<a href=""statss.aspx?playerid=15730&position=2B/OF"">Tyler Wade</a>",22.0,16.0,0.21842657774686813
13781,"<a href=""statss.aspx?playerid=13781&position=P"">Alex Wood</a>",26.0,31.0,0.08736898856503623
17186,"<a href=""statss.aspx?playerid=17186&position=P"">Dinelson Lamet</a>",24.0,12.0,0.0
15519,"<a href=""statss.aspx?playerid=15519&position=2B/SS"">Franklin Barreto</a>",21.0,25.0,0.2675549674034119
12399,"<a href=""statss.aspx?playerid=12399&position=SS"">Taylor Motter</a>",27.0,223.0,0.27632282106331113
12859,"<a href=""statss.aspx?playerid=12859&position=C"">James McCann</a>",27.0,158.0,0.2848882185425728
7888,"<a href=""statss.aspx?playerid=7888&position=2B/3B"">Ryan Flaherty</a>",30.0,34.0,0.27334653980591717
10547,"<a href=""statss.aspx?playerid=10547&position=P"">Jimmy Nelson</a>",28.0,36.0,0.10313750715816722
14375,"<a href=""statss.aspx?playerid=14375&position=P"">Amir Garrett</a>",25.0,20.0,0.07248048922594856
11674,"<a href=""statss.aspx?playerid=11674&position=P"">Jameson Taillon</a>",25.0,18.0,0.05479180067777634
12664,"<a href=""statss.aspx?playerid=12664&position=P"">Jerad Eickhoff</a>",26.0,19.0,0.05479180067777634
12110,"<a href=""statss.aspx?playerid=12110&position=DH/OF"">David Washington</a>",26.0,6.0,0.0
5422,"<a href=""statss.aspx?playerid=5422&position=2B/OF"">Steve Lombardozzi</a>",28.0,8.0,0.0
16565,"<a href=""statss.aspx?playerid=16565&position=OF"">Mark Zagunis</a>",24.0,18.0,0.15399867958492702
10642,"<a href=""statss.aspx?playerid=10642&position=C"">Carlos Perez</a>",26.0,13.0,0.06743606237264779
17432,"<a href=""statss.aspx?playerid=17432&position=P"">Jeff Hoffman</a>",24.0,18.0,0.05156875357908361
9284,"<a href=""statss.aspx?playerid=9284&position=C/OF"">Chris Herrmann</a>",29.0,142.0,0.30291520709722813
14975,"<a href=""statss.aspx?playerid=14975&position=P"">Chad Kuhl</a>",24.0,19.0,0.038499669896231756
11624,"<a href=""statss.aspx?playerid=11624&position=OF"">Jarrett Parker</a>",28.0,23.0,0.18174771016294305
12101,"<a href=""statss.aspx?playerid=12101&position=1B/DH"">Kennys Vargas</a>",26.0,151.0,0.29039631300414637
5702,"<a href=""statss.aspx?playerid=5702&position=P"">Junior Guerra</a>",32.0,15.0,0.0
11713,"<a href=""statss.aspx?playerid=11713&position=P"">Matt Harvey</a>",28.0,27.0,0.06493843043292011
8259,"<a href=""statss.aspx?playerid=8259&position=C"">Kurt Suzuki</a>",33.0,135.0,0.3106185771299131
4298,"<a href=""statss.aspx?playerid=4298&position=C"">Matt Wieters</a>",31.0,251.0,0.2926082428424589
12880,"<a href=""statss.aspx?playerid=12880&position=P"">Tyler Anderson</a>",27.0,25.0,0.07474585090364728
2579,"<a href=""statss.aspx?playerid=2579&position=C"">Carlos Ruiz</a>",38.0,80.0,0.2943166019041327
4869,"<a href=""statss.aspx?playerid=4869&position=P"">Mike Montgomery</a>",27.0,15.0,0.0
18718,"<a href=""statss.aspx?playerid=18718&position=OF"">Hyun Soo Kim</a>",29.0,121.0,0.27026657660802206
14130,"<a href=""statss.aspx?playerid=14130&position=1B/DH"">Daniel Vogelbach</a>",24.0,20.0,0.23544943034648896
375,"<a href=""statss.aspx?playerid=375&position=P"">Bartolo Colon</a>",44.0,15.0,0.0
6893,"<a href=""statss.aspx?playerid=6893&position=P"">Johnny Cueto</a>",31.0,36.0,0.07413126302487923
7870,"<a href=""statss.aspx?playerid=7870&position=C"">Jonathan Lucroy</a>",31.0,236.0,0.29371374491917884
11589,"<a href=""statss.aspx?playerid=11589&position=P"">Jose Urena</a>",25.0,25.0,0.04174613384973435
7462,"<a href=""statss.aspx?playerid=7462&position=3B"">Trevor Plouffe</a>",31.0,220.0,0.2759652467078814
6797,"<a href=""statss.aspx?playerid=6797&position=P"">Julio Teheran</a>",26.0,37.0,0.08154438932736714
14078,"<a href=""statss.aspx?playerid=14078&position=P"">Michael Wacha</a>",25.0,25.0,0.04174613384973435
14352,"<a href=""statss.aspx?playerid=14352&position=OF"">Lewis Brinson</a>",23.0,35.0,0.1744873353413173
10317,"<a href=""statss.aspx?playerid=10317&position=OF"">Danny Ortiz</a>",27.0,13.0,0.12074329761358407
10711,"<a href=""statss.aspx?playerid=10711&position=2B/OF"">Arismendy Alcantara</a>",25.0,81.0,0.22767318840380069
17171,"<a href=""statss.aspx?playerid=17171&position=OF"">Yasmany Tomas</a>",26.0,180.0,0.31937418348259394
16478,"<a href=""statss.aspx?playerid=16478&position=DH/OF"">Kyle Schwarber</a>",24.0,261.0,0.2943448465604048
9063,"<a href=""statss.aspx?playerid=9063&position=2B/SS/OF"">Alexi Amarista</a>",28.0,97.0,0.3079927222182353
3411,"<a href=""statss.aspx?playerid=3411&position=C"">Drew Butera</a>",33.0,68.0,0.2733220404653407
4952,"<a href=""statss.aspx?playerid=4952&position=C"">Ryan Hanigan</a>",36.0,50.0,0.30215186610513806
11247,"<a href=""statss.aspx?playerid=11247&position=OF"">Jabari Blash</a>",27.0,38.0,0.26237288744826065
16977,"<a href=""statss.aspx?playerid=16977&position=P"">Trevor Williams</a>",25.0,20.0,0.0
5519,"<a href=""statss.aspx?playerid=5519&position=SS"">Ruben Tejada</a>",27.0,43.0,0.20828576282013295
9328,"<a href=""statss.aspx?playerid=9328&position=OF"">Drew Stubbs</a>",32.0,24.0,0.13080523908138275
13768,"<a href=""statss.aspx?playerid=13768&position=OF"">Travis Jankowski</a>",26.0,59.0,0.21438260350311011
5517,"<a href=""statss.aspx?playerid=5517&position=C"">Kyle Higashioka</a>",27.0,20.0,0.06929940581321717
11905,"<a href=""statss.aspx?playerid=11905&position=OF"">Orlando Calixte</a>",25.0,29.0,0.2048674801300312
6400,"<a href=""statss.aspx?playerid=6400&position=OF"">Kirk Nieuwenhuis</a>",29.0,30.0,0.22355497082074482
13267,"<a href=""statss.aspx?playerid=13267&position=2B"">Nolan Fontana</a>",26.0,19.0,0.1406778755940889
14556,"<a href=""statss.aspx?playerid=14556&position=2B/SS"">Max Moroff</a>",24.0,37.0,0.17593854343568957
4082,"<a href=""statss.aspx?playerid=4082&position=SS"">Erick Aybar</a>",33.0,229.0,0.2800719952583313
6652,"<a href=""statss.aspx?playerid=6652&position=3B/SS"">Chase d'Arnaud</a>",30.0,58.0,0.22532562833083303
2636,"<a href=""statss.aspx?playerid=2636&position=OF"">Brandon Guyer</a>",31.0,67.0,0.24656380396900754
3708,"<a href=""statss.aspx?playerid=3708&position=OF"">Rajai Davis</a>",36.0,220.0,0.2584839710906216
9460,"<a href=""statss.aspx?playerid=9460&position=P"">Dan Straily</a>",28.0,33.0,0.032469215216460054
11204,"<a href=""statss.aspx?playerid=11204&position=1B/OF"">Stephen Cardullo</a>",29.0,32.0,0.1971336379647255
3035,"<a href=""statss.aspx?playerid=3035&position=1B/OF"">Michael Morse</a>",35.0,40.0,0.24185950309038162
13807,"<a href=""statss.aspx?playerid=13807&position=C"">Kevin Plawecki</a>",26.0,28.0,0.18193260899611882
1736,"<a href=""statss.aspx?playerid=1736&position=SS"">Jose Reyes</a>",34.0,296.0,0.26729581760217064
1738,"<a href=""statss.aspx?playerid=1738&position=SS"">Jhonny Peralta</a>",35.0,58.0,0.2140574681347814
4365,"<a href=""statss.aspx?playerid=4365&position=OF"">Scott Van Slyke</a>",30.0,47.0,0.2263097257717796
7412,"<a href=""statss.aspx?playerid=7412&position=SS"">Paul Janish</a>",34.0,22.0,0.11649198475338164
11145,"<a href=""statss.aspx?playerid=11145&position=2B/3B"">Christian Colon</a>",28.0,57.0,0.18779307824594002
9682,"<a href=""statss.aspx?playerid=9682&position=2B/3B/SS"">Adam Rosales</a>",34.0,201.0,0.26592834068067145
6266,"<a href=""statss.aspx?playerid=6266&position=OF"">Daniel Robertson</a>",31.0,88.0,0.2690542659094167
1908,"<a href=""statss.aspx?playerid=1908&position=1B"">Adrian Gonzalez</a>",35.0,182.0,0.27860961159070335
10811,"<a href=""statss.aspx?playerid=10811&position=P"">Mike Foltynewicz</a>",25.0,26.0,0.0
14936,"<a href=""statss.aspx?playerid=14936&position=OF"">Jaycob Brugman</a>",25.0,79.0,0.27046663625330863
8145,"<a href=""statss.aspx?playerid=8145&position=C"">Eric Fryer</a>",31.0,75.0,0.2239033619562785
5677,"<a href=""statss.aspx?playerid=5677&position=C"">A.J. Ellis</a>",36.0,67.0,0.23379142446951431
15207,"<a href=""statss.aspx?playerid=15207&position=C"">Stuart Turner</a>",25.0,33.0,0.18614656455589063
13499,"<a href=""statss.aspx?playerid=13499&position=C"">Tom Murphy</a>",26.0,22.0,0.09167439880825225
2430,"<a href=""statss.aspx?playerid=2430&position=2B"">Darwin Barney</a>",31.0,148.0,0.25323663925638007
14320,"<a href=""statss.aspx?playerid=14320&position=2B/SS"">Wilmer Difo</a>",25.0,102.0,0.21984140138433436
14158,"<a href=""statss.aspx?playerid=14158&position=OF"">Mac Williamson</a>",26.0,34.0,0.20825905872113776
18314,"<a href=""statss.aspx?playerid=18314&position=SS"">Dansby Swanson</a>",23.0,309.0,0.26912225758118485
1907,"<a href=""statss.aspx?playerid=1907&position=2B/SS"">Andres Blanco</a>",33.0,84.0,0.23152210527942294
10815,"<a href=""statss.aspx?playerid=10815&position=OF"">Jurickson Profar</a>",24.0,62.0,0.21469257698684444
6013,"<a href=""statss.aspx?playerid=6013&position=SS"">Cristhian Adames</a>",25.0,14.0,0.049499575580869405
1994,"<a href=""statss.aspx?playerid=1994&position=P"">Ivan Nova</a>",30.0,38.0,0.02739590033888817
13769,"<a href=""statss.aspx?playerid=13769&position=SS"">Adalberto Mondesi</a>",21.0,49.0,0.14864164855745104
14818,"<a href=""statss.aspx?playerid=14818&position=OF"">JaCoby Jones</a>",25.0,57.0,0.21908879489229435
10882,"<a href=""statss.aspx?playerid=10882&position=OF"">Jared Hoying</a>",28.0,67.0,0.23855054556433833
11167,"<a href=""statss.aspx?playerid=11167&position=2B/SS"">Josh Rutledge</a>",28.0,118.0,0.25515834002171534
15982,"<a href=""statss.aspx?playerid=15982&position=1B/3B"">Ryder Jones</a>",23.0,19.0,0.046140463728653755
13444,"<a href=""statss.aspx?playerid=13444&position=OF"">Cam Perkins</a>",26.0,31.0,0.17025121950334118
12546,"<a href=""statss.aspx?playerid=12546&position=1B"">C.J. Cron</a>",27.0,129.0,0.24876053305342793
11146,"<a href=""statss.aspx?playerid=11146&position=C"">Cameron Rupp</a>",28.0,183.0,0.2865892309510247
7358,"<a href=""statss.aspx?playerid=7358&position=2B/OF"">Michael Martinez</a>",34.0,43.0,0.21620196813628786
6283,"<a href=""statss.aspx?playerid=6283&position=P"">Scott Feldman</a>",34.0,32.0,0.0
14103,"<a href=""statss.aspx?playerid=14103&position=3B"">Rio Ruiz</a>",23.0,91.0,0.2473171530189095
13153,"<a href=""statss.aspx?playerid=13153&position=2B/SS"">Luis Sardinas</a>",24.0,53.0,0.18462880602422752
12179,"<a href=""statss.aspx?playerid=12179&position=3B"">Maikel Franco</a>",24.0,310.0,0.2768916290301781
14221,"<a href=""statss.aspx?playerid=14221&position=DH/OF"">Jorge Soler</a>",25.0,77.0,0.2537129874292173
2852,"<a href=""statss.aspx?playerid=2852&position=1B/OF"">Chris Marrero</a>",28.0,41.0,0.1676231448243304
13770,"<a href=""statss.aspx?playerid=13770&position=OF"">Rob Refsnyder</a>",26.0,39.0,0.17436617460006323
15722,"<a href=""statss.aspx?playerid=15722&position=SS/OF"">Allen Cordoba</a>",21.0,165.0,0.2787866509321964
589,"<a href=""statss.aspx?playerid=589&position=OF"">Carlos Beltran</a>",40.0,288.0,0.294326089815811
3797,"<a href=""statss.aspx?playerid=3797&position=SS"">J.J. Hardy</a>",34.0,239.0,0.24213553151162734
13325,"<a href=""statss.aspx?playerid=13325&position=3B"">Deven Marrero</a>",26.0,119.0,0.23783745266433454
11846,"<a href=""statss.aspx?playerid=11846&position=OF"">Leonys Martin</a>",29.0,58.0,0.14512264728546143
9009,"<a href=""statss.aspx?playerid=9009&position=3B"">Conor Gillaspie</a>",29.0,58.0,0.19026327544245228
5107,"<a href=""statss.aspx?playerid=5107&position=1B"">Jefry Marte</a>",26.0,124.0,0.25727230935327466
7620,"<a href=""statss.aspx?playerid=7620&position=OF"">Justin Ruggiano</a>",35.0,63.0,0.2440355656638978
5277,"<a href=""statss.aspx?playerid=5277&position=C"">Tuffy Gosewisch</a>",33.0,31.0,0.08435626482141428
16578,"<a href=""statss.aspx?playerid=16578&position=1B/3B/DH"">Yandy Diaz</a>",25.0,71.0,0.22408673796855227
3978,"<a href=""statss.aspx?playerid=3978&position=OF"">Chris Heisey</a>",32.0,50.0,0.17595422625541687
393,"<a href=""statss.aspx?playerid=393&position=C/DH"">Victor Martinez</a>",38.0,254.0,0.3041214370538318
11445,"<a href=""statss.aspx?playerid=11445&position=OF"">Mark Canha</a>",28.0,94.0,0.26459107437032336
15905,"<a href=""statss.aspx?playerid=15905&position=C"">Luis Torrens</a>",21.0,73.0,0.22809290885925293
8628,"<a href=""statss.aspx?playerid=8628&position=OF"">Paulo Orlando</a>",31.0,50.0,0.1541284639008191
5557,"<a href=""statss.aspx?playerid=5557&position=C"">Jarrod Saltalamacchia</a>",32.0,26.0,0.060371648806792036
6876,"<a href=""statss.aspx?playerid=6876&position=1B/DH/OF"">Mark Trumbo</a>",31.0,341.0,0.3107235248137779
2539,"<a href=""statss.aspx?playerid=2539&position=SS"">Pete Kozma</a>",29.0,41.0,0.20335280448198317
4712,"<a href=""statss.aspx?playerid=4712&position=OF"">Ben Revere</a>",29.0,152.0,0.23418529606179186
4969,"<a href=""statss.aspx?playerid=4969&position=3B"">Luis Valbuena</a>",31.0,169.0,0.26102083674549353
13777,"<a href=""statss.aspx?playerid=13777&position=3B"">Adonis Garcia</a>",32.0,163.0,0.27454897084850477
11241,"<a href=""statss.aspx?playerid=11241&position=2B"">Mike Freeman</a>",29.0,39.0,0.12988254114201195
12409,"<a href=""statss.aspx?playerid=12409&position=1B/OF"">Ryan Rua</a>",27.0,109.0,0.27110518009290785
14876,"<a href=""statss.aspx?playerid=14876&position=OF"">Jacob May</a>",25.0,42.0,0.11387346982955933
4054,"<a href=""statss.aspx?playerid=4054&position=2B/OF"">Emilio Bonifacio</a>",32.0,44.0,0.15268216878175736
12282,"<a href=""statss.aspx?playerid=12282&position=2B"">Rougned Odor</a>",23.0,336.0,0.26261720283707574
10953,"<a href=""statss.aspx?playerid=10953&position=2B/3B"">Phil Gosselin</a>",28.0,38.0,0.1429430952197627
6885,"<a href=""statss.aspx?playerid=6885&position=SS/OF"">Ian Desmond</a>",31.0,233.0,0.30290081190026324
4243,"<a href=""statss.aspx?playerid=4243&position=C"">Jose Lobaton</a>",32.0,80.0,0.18936363682150842
6104,"<a href=""statss.aspx?playerid=6104&position=2B"">Aaron Hill</a>",35.0,80.0,0.2250327356159687
14131,"<a href=""statss.aspx?playerid=14131&position=1B"">Greg Bird</a>",24.0,72.0,0.2195125934150484
16434,"<a href=""statss.aspx?playerid=16434&position=2B"">Christian Arroyo</a>",22.0,135.0,0.23657296041944134
5409,"<a href=""statss.aspx?playerid=5409&position=3B"">Pablo Sandoval</a>",30.0,108.0,0.26923947753729643
5209,"<a href=""statss.aspx?playerid=5209&position=OF"">Alex Gordon</a>",33.0,274.0,0.25677739892058704
12723,"<a href=""statss.aspx?playerid=12723&position=OF"">Tyler Collins</a>",27.0,146.0,0.2766548509467138
1101,"<a href=""statss.aspx?playerid=1101&position=OF"">Ichiro Suzuki</a>",43.0,105.0,0.22951860768454416
9981,"<a href=""statss.aspx?playerid=9981&position=OF"">Michael Saunders</a>",30.0,214.0,0.2615974967209798
6310,"<a href=""statss.aspx?playerid=6310&position=SS"">Alcides Escobar</a>",30.0,315.0,0.23191839322399863
3057,"<a href=""statss.aspx?playerid=3057&position=C/1B"">Mike Napoli</a>",35.0,254.0,0.28532861495018
6878,"<a href=""statss.aspx?playerid=6878&position=OF"">Chris Coghlan</a>",32.0,88.0,0.2603038213718897
4467,"<a href=""statss.aspx?playerid=4467&position=1B/OF"">Brandon Moss</a>",33.0,182.0,0.266787051827043
13355,"<a href=""statss.aspx?playerid=13355&position=C"">Luke Maile</a>",26.0,100.0,0.15006891131401062
10473,"<a href=""statss.aspx?playerid=10473&position=3B"">Cheslor Cuthbert</a>",24.0,95.0,0.2145709006409896
9219,"<a href=""statss.aspx?playerid=9219&position=2B/SS"">Danny Espinosa</a>",30.0,243.0,0.233974036834052
11997,"<a href=""statss.aspx?playerid=11997&position=3B/OF"">Cody Asche</a>",27.0,62.0,0.15655664342348694
12325,"<a href=""statss.aspx?playerid=12325&position=2B/3B"">Jace Peterson</a>",27.0,135.0,0.23485971831563693
7287,"<a href=""statss.aspx?playerid=7287&position=OF"">Carlos Gonzalez</a>",31.0,277.0,0.2795575017476604
1177,"<a href=""statss.aspx?playerid=1177&position=1B"">Albert Pujols</a>",37.0,323.0,0.276508111692965
