playerid,Name,Age,PA,wOBA
11579,"<a href=""statss.aspx?playerid=11579&position=OF"">Bryce Harper</a>",22.0,654.0,0.46116795739470884
10155,"<a href=""statss.aspx?playerid=10155&position=OF"">Mike Trout</a>",23.0,682.0,0.41484196903462894
5038,"<a href=""statss.aspx?playerid=5038&position=3B"">Josh Donaldson</a>",29.0,711.0,0.3976067846013057
4314,"<a href=""statss.aspx?playerid=4314&position=1B"">Joey Votto</a>",31.0,695.0,0.42690223323948245
9218,"<a href=""statss.aspx?playerid=9218&position=1B"">Paul Goldschmidt</a>",27.0,695.0,0.41752846115513853
9166,"<a href=""statss.aspx?playerid=9166&position=C"">Buster Posey</a>",28.0,623.0,0.3632503050769912
9256,"<a href=""statss.aspx?playerid=9256&position=OF"">A.J. Pollock</a>",27.0,673.0,0.3708306717482931
11493,"<a href=""statss.aspx?playerid=11493&position=3B"">Manny Machado</a>",22.0,713.0,0.3701553995417607
9077,"<a href=""statss.aspx?playerid=9077&position=OF"">Lorenzo Cain</a>",29.0,604.0,0.3602323677142461
15429,"<a href=""statss.aspx?playerid=15429&position=3B/OF"">Kris Bryant</a>",23.0,650.0,0.3707673554237072
9847,"<a href=""statss.aspx?playerid=9847&position=OF"">Andrew McCutchen</a>",28.0,685.0,0.38026886514179065
5275,"<a href=""statss.aspx?playerid=5275&position=C"">Francisco Cervelli</a>",29.0,510.0,0.34067956693101636
13110,"<a href=""statss.aspx?playerid=13110&position=OF"">Yoenis Cespedes</a>",29.0,676.0,0.36721186657420923
4940,"<a href=""statss.aspx?playerid=4940&position=OF"">Jason Heyward</a>",25.0,610.0,0.34557146583961335
9272,"<a href=""statss.aspx?playerid=9272&position=1B"">Chris Davis</a>",29.0,670.0,0.38968574300587894
4747,"<a href=""statss.aspx?playerid=4747&position=OF"">Curtis Granderson</a>",34.0,682.0,0.3567089036392358
8090,"<a href=""statss.aspx?playerid=8090&position=3B"">Matt Carpenter</a>",29.0,665.0,0.3723367347861781
3473,"<a href=""statss.aspx?playerid=3473&position=1B"">Anthony Rizzo</a>",25.0,701.0,0.38386700694271597
1887,"<a href=""statss.aspx?playerid=1887&position=OF"">Jose Bautista</a>",34.0,666.0,0.38850686699151993
6184,"<a href=""statss.aspx?playerid=6184&position=DH/OF"">J.D. Martinez</a>",27.0,657.0,0.37229254108208876
11368,"<a href=""statss.aspx?playerid=11368&position=C"">Yasmani Grandal</a>",26.0,426.0,0.33481009754369845
2434,"<a href=""statss.aspx?playerid=2434&position=DH/OF"">Nelson Cruz</a>",34.0,655.0,0.3959896635529427
8203,"<a href=""statss.aspx?playerid=8203&position=2B"">Dee Strange-Gordon</a>",27.0,653.0,0.3368340026500613
13611,"<a href=""statss.aspx?playerid=13611&position=OF"">Mookie Betts</a>",22.0,654.0,0.35139010025904727
12161,"<a href=""statss.aspx?playerid=12161&position=SS"">Xander Bogaerts</a>",22.0,654.0,0.3379384193970607
1744,"<a href=""statss.aspx?playerid=1744&position=1B/3B"">Miguel Cabrera</a>",32.0,511.0,0.41331540468719696
2151,"<a href=""statss.aspx?playerid=2151&position=1B/3B/DH"">Edwin Encarnacion</a>",32.0,624.0,0.3915175229359135
9776,"<a href=""statss.aspx?playerid=9776&position=2B"">Jason Kipnis</a>",28.0,641.0,0.3548509161181382
9777,"<a href=""statss.aspx?playerid=9777&position=3B"">Nolan Arenado</a>",24.0,665.0,0.37108497860972867
4616,"<a href=""statss.aspx?playerid=4616&position=C"">Russell Martin</a>",32.0,507.0,0.34018379261371173
5417,"<a href=""statss.aspx?playerid=5417&position=2B"">Jose Altuve</a>",25.0,689.0,0.3472527094119418
13836,"<a href=""statss.aspx?playerid=13836&position=3B"">Matt Duffy</a>",24.0,612.0,0.33124822583354885
785,"<a href=""statss.aspx?playerid=785&position=3B"">Todd Frazier</a>",29.0,678.0,0.3422428269591459
639,"<a href=""statss.aspx?playerid=639&position=3B"">Adrian Beltre</a>",36.0,619.0,0.3371219951932023
11038,"<a href=""statss.aspx?playerid=11038&position=OF"">Kevin Kiermaier</a>",25.0,535.0,0.3093079205525525
5343,"<a href=""statss.aspx?playerid=5343&position=SS"">Brandon Crawford</a>",28.0,561.0,0.3317551430368769
7185,"<a href=""statss.aspx?playerid=7185&position=2B"">Logan Forsythe</a>",28.0,615.0,0.3495826513109938
12916,"<a href=""statss.aspx?playerid=12916&position=SS"">Francisco Lindor</a>",21.0,438.0,0.35776533870136035
5235,"<a href=""statss.aspx?playerid=5235&position=3B"">Justin Turner</a>",30.0,439.0,0.3714754787407969
10264,"<a href=""statss.aspx?playerid=10264&position=1B"">Brandon Belt</a>",27.0,556.0,0.3588315670240657
2136,"<a href=""statss.aspx?playerid=2136&position=OF"">David Peralta</a>",27.0,517.0,0.3797857502131786
6195,"<a href=""statss.aspx?playerid=6195&position=2B"">Ian Kinsler</a>",33.0,675.0,0.3345248938489843
12856,"<a href=""statss.aspx?playerid=12856&position=OF"">George Springer</a>",25.0,451.0,0.3604611519450334
11205,"<a href=""statss.aspx?playerid=11205&position=OF"">Adam Eaton</a>",26.0,689.0,0.3462997646975028
4892,"<a href=""statss.aspx?playerid=4892&position=3B"">Mike Moustakas</a>",26.0,614.0,0.35324877989898956
6867,"<a href=""statss.aspx?playerid=6867&position=C"">Derek Norris</a>",26.0,557.0,0.30878911044100205
9368,"<a href=""statss.aspx?playerid=9368&position=3B"">Evan Longoria</a>",29.0,670.0,0.3265032948323967
11936,"<a href=""statss.aspx?playerid=11936&position=2B"">Joe Panik</a>",24.0,432.0,0.36258332448683694
9785,"<a href=""statss.aspx?playerid=9785&position=3B"">Kyle Seager</a>",27.0,686.0,0.3345053445766954
11476,"<a href=""statss.aspx?playerid=11476&position=OF"">Odubel Herrera</a>",23.0,537.0,0.3333401565713094
12434,"<a href=""statss.aspx?playerid=12434&position=OF"">Kevin Pillar</a>",26.0,628.0,0.3097735001417071
17182,"<a href=""statss.aspx?playerid=17182&position=3B/SS"">Jung Ho Kang</a>",28.0,467.0,0.35593999976519597
4106,"<a href=""statss.aspx?playerid=4106&position=OF"">Michael Brantley</a>",28.0,596.0,0.367805045478198
4949,"<a href=""statss.aspx?playerid=4949&position=DH/OF"">Giancarlo Stanton</a>",25.0,318.0,0.39438538673596507
3516,"<a href=""statss.aspx?playerid=3516&position=1B"">Eric Hosmer</a>",25.0,667.0,0.3545369013692393
14162,"<a href=""statss.aspx?playerid=14162&position=SS"">Carlos Correa</a>",20.0,432.0,0.3650666659654573
3174,"<a href=""statss.aspx?playerid=3174&position=OF"">Shin-Soo Choo</a>",32.0,653.0,0.3650214159488678
5222,"<a href=""statss.aspx?playerid=5222&position=OF"">Justin Upton</a>",27.0,620.0,0.3397940828279874
3312,"<a href=""statss.aspx?playerid=3312&position=3B"">Martin Prado</a>",31.0,551.0,0.3176590921459617
6368,"<a href=""statss.aspx?playerid=6368&position=OF"">Adam Jones</a>",29.0,581.0,0.33418125697898204
7739,"<a href=""statss.aspx?playerid=7739&position=C"">Travis d'Arnaud</a>",26.0,268.0,0.35532046520887917
15676,"<a href=""statss.aspx?playerid=15676&position=1B"">Jose Abreu</a>",28.0,668.0,0.36107998560189836
5361,"<a href=""statss.aspx?playerid=5361&position=1B"">Freddie Freeman</a>",25.0,481.0,0.36372121712446714
9241,"<a href=""statss.aspx?playerid=9241&position=OF"">Starling Marte</a>",26.0,633.0,0.33738517276408
11200,"<a href=""statss.aspx?playerid=11200&position=OF"">Kole Calhoun</a>",27.0,686.0,0.3169583995904266
2502,"<a href=""statss.aspx?playerid=2502&position=1B/OF"">Lucas Duda</a>",29.0,554.0,0.35876187872843074
3410,"<a href=""statss.aspx?playerid=3410&position=OF"">Ryan Braun</a>",31.0,568.0,0.36579427075428395
6878,"<a href=""statss.aspx?playerid=6878&position=OF"">Chris Coghlan</a>",30.0,503.0,0.33745693235147384
11899,"<a href=""statss.aspx?playerid=11899&position=DH/OF"">Joc Pederson</a>",23.0,585.0,0.33472781485040226
6012,"<a href=""statss.aspx?playerid=6012&position=SS"">Didi Gregorius</a>",25.0,578.0,0.30277812201043836
3364,"<a href=""statss.aspx?playerid=3364&position=C"">Miguel Montero</a>",31.0,403.0,0.32849606946485127
10847,"<a href=""statss.aspx?playerid=10847&position=SS"">Andrelton Simmons</a>",25.0,583.0,0.28967264149751926
9810,"<a href=""statss.aspx?playerid=9810&position=2B"">Brian Dozier</a>",28.0,704.0,0.3227543706058437
7435,"<a href=""statss.aspx?playerid=7435&position=2B/OF"">Ben Zobrist</a>",34.0,535.0,0.34947817341277476
10243,"<a href=""statss.aspx?playerid=10243&position=OF"">Randal Grichuk</a>",23.0,350.0,0.37002131171610164
4062,"<a href=""statss.aspx?playerid=4062&position=OF"">Dexter Fowler</a>",29.0,690.0,0.3327105065273579
1908,"<a href=""statss.aspx?playerid=1908&position=1B"">Adrian Gonzalez</a>",33.0,643.0,0.354222905409487
1281,"<a href=""statss.aspx?playerid=1281&position=1B"">Mark Teixeira</a>",35.0,462.0,0.38107951220713165
745,"<a href=""statss.aspx?playerid=745&position=DH"">David Ortiz</a>",39.0,614.0,0.37868393344623985
9893,"<a href=""statss.aspx?playerid=9893&position=OF"">Colby Rasmus</a>",28.0,485.0,0.33908361861528447
3892,"<a href=""statss.aspx?playerid=3892&position=OF"">Josh Reddick</a>",28.0,582.0,0.338290358790093
7287,"<a href=""statss.aspx?playerid=7287&position=OF"">Carlos Gonzalez</a>",29.0,608.0,0.3635725630896659
6265,"<a href=""statss.aspx?playerid=6265&position=OF"">Andre Ethier</a>",33.0,445.0,0.3663512707832974
4810,"<a href=""statss.aspx?playerid=4810&position=C"">Brian McCann</a>",31.0,535.0,0.32673871730055126
6364,"<a href=""statss.aspx?playerid=6364&position=3B"">Danny Valencia</a>",30.0,378.0,0.3671858933838931
3269,"<a href=""statss.aspx?playerid=3269&position=2B"">Robinson Cano</a>",32.0,674.0,0.33523813161792954
5209,"<a href=""statss.aspx?playerid=5209&position=OF"">Alex Gordon</a>",31.0,422.0,0.35088307685162645
1274,"<a href=""statss.aspx?playerid=1274&position=3B/SS"">Alex Rodriguez</a>",39.0,620.0,0.3610048869761025
7462,"<a href=""statss.aspx?playerid=7462&position=3B"">Trevor Plouffe</a>",29.0,632.0,0.3210497463561842
4962,"<a href=""statss.aspx?playerid=4962&position=SS"">Asdrubal Cabrera</a>",29.0,551.0,0.3186997636988923
7539,"<a href=""statss.aspx?playerid=7539&position=2B"">Neil Walker</a>",29.0,603.0,0.32481282530819694
10459,"<a href=""statss.aspx?playerid=10459&position=SS"">Adeiny Hechavarria</a>",26.0,499.0,0.2976566962521486
14106,"<a href=""statss.aspx?playerid=14106&position=SS"">Addison Russell</a>",21.0,523.0,0.30369667880810225
12532,"<a href=""statss.aspx?playerid=12532&position=2B"">Kolten Wong</a>",24.0,613.0,0.3095253295281905
791,"<a href=""statss.aspx?playerid=791&position=2B"">Brandon Phillips</a>",34.0,623.0,0.31543767413847307
8722,"<a href=""statss.aspx?playerid=8722&position=C"">Jason Castro</a>",28.0,375.0,0.2837336700867842
9927,"<a href=""statss.aspx?playerid=9927&position=OF"">Brett Gardner</a>",31.0,656.0,0.32695885880100306
12282,"<a href=""statss.aspx?playerid=12282&position=2B"">Rougned Odor</a>",21.0,470.0,0.3337017614954019
7859,"<a href=""statss.aspx?playerid=7859&position=OF"">Charlie Blackmon</a>",28.0,682.0,0.3448544709770768
12155,"<a href=""statss.aspx?playerid=12155&position=OF"">Eddie Rosario</a>",23.0,474.0,0.3155516862359821
3531,"<a href=""statss.aspx?playerid=3531&position=SS"">Troy Tulowitzki</a>",30.0,534.0,0.33466862573064793
4922,"<a href=""statss.aspx?playerid=4922&position=OF"">Ender Inciarte</a>",24.0,561.0,0.32485162593384337
9134,"<a href=""statss.aspx?playerid=9134&position=C"">Tyler Flowers</a>",29.0,361.0,0.2882539375910852
4229,"<a href=""statss.aspx?playerid=4229&position=2B"">Howie Kendrick</a>",31.0,495.0,0.3251801322971831
7007,"<a href=""statss.aspx?playerid=7007&position=C"">Yadier Molina</a>",32.0,530.0,0.28704762186840915
11477,"<a href=""statss.aspx?playerid=11477&position=OF"">Christian Yelich</a>",23.0,525.0,0.342798085331233
4712,"<a href=""statss.aspx?playerid=4712&position=OF"">Ben Revere</a>",27.0,634.0,0.31552712830147794
4191,"<a href=""statss.aspx?playerid=4191&position=3B/SS"">Yunel Escobar</a>",32.0,591.0,0.3481205683643535
8370,"<a href=""statss.aspx?playerid=8370&position=2B"">Dustin Pedroia</a>",31.0,425.0,0.3467644940594973
3255,"<a href=""statss.aspx?playerid=3255&position=OF"">Franklin Gutierrez</a>",32.0,189.0,0.4096888966382818
12907,"<a href=""statss.aspx?playerid=12907&position=OF"">Gregory Polanco</a>",23.0,652.0,0.3044025183648102
4881,"<a href=""statss.aspx?playerid=4881&position=OF"">Carlos Gomez</a>",29.0,477.0,0.31547272293562617
3086,"<a href=""statss.aspx?playerid=3086&position=1B"">Mitch Moreland</a>",29.0,515.0,0.3477582990774634
13862,"<a href=""statss.aspx?playerid=13862&position=2B"">Devon Travis</a>",24.0,238.0,0.370452155085171
9549,"<a href=""statss.aspx?playerid=9549&position=3B"">David Freese</a>",32.0,470.0,0.32476413503606266
4316,"<a href=""statss.aspx?playerid=4316&position=1B/2B"">Daniel Murphy</a>",30.0,538.0,0.32471886457818927
2396,"<a href=""statss.aspx?playerid=2396&position=1B"">Carlos Santana</a>",29.0,666.0,0.33058193416580967
2900,"<a href=""statss.aspx?playerid=2900&position=C"">Roberto Perez</a>",26.0,226.0,0.3308795511722565
8610,"<a href=""statss.aspx?playerid=8610&position=1B/DH"">Kendrys Morales</a>",32.0,639.0,0.3638564757474764
7087,"<a href=""statss.aspx?playerid=7087&position=C"">Caleb Joseph</a>",29.0,355.0,0.30125193626627883
1738,"<a href=""statss.aspx?playerid=1738&position=SS"">Jhonny Peralta</a>",33.0,640.0,0.32251371730013223
12164,"<a href=""statss.aspx?playerid=12164&position=1B/3B"">Miguel Sano</a>",22.0,335.0,0.39195259513255365
9345,"<a href=""statss.aspx?playerid=9345&position=2B/3B/OF"">Brock Holt</a>",27.0,509.0,0.3215839469786918
3123,"<a href=""statss.aspx?playerid=3123&position=OF"">Gregor Blanco</a>",31.0,372.0,0.3369211830504953
4613,"<a href=""statss.aspx?playerid=4613&position=1B"">Prince Fielder</a>",31.0,693.0,0.3603990746000905
5297,"<a href=""statss.aspx?playerid=5297&position=OF"">Aaron Hicks</a>",25.0,390.0,0.31440339844251414
454,"<a href=""statss.aspx?playerid=454&position=3B/SS"">Juan Uribe</a>",36.0,397.0,0.31941254943760516
8027,"<a href=""statss.aspx?playerid=8027&position=1B/DH"">Adam Lind</a>",31.0,572.0,0.350503947539338
12294,"<a href=""statss.aspx?playerid=12294&position=2B/3B"">Cory Spangenberg</a>",24.0,345.0,0.3190919320974777
8553,"<a href=""statss.aspx?playerid=8553&position=OF"">Gerardo Parra</a>",28.0,589.0,0.3341548617967625
6153,"<a href=""statss.aspx?playerid=6153&position=3B"">Eduardo Escobar</a>",26.0,446.0,0.3226525091963482
2636,"<a href=""statss.aspx?playerid=2636&position=OF"">Brandon Guyer</a>",29.0,385.0,0.3421611068136405
9874,"<a href=""statss.aspx?playerid=9874&position=2B"">DJ LeMahieu</a>",26.0,620.0,0.3272608663479617
12179,"<a href=""statss.aspx?playerid=12179&position=3B"">Maikel Franco</a>",22.0,335.0,0.3597073358100456
12701,"<a href=""statss.aspx?playerid=12701&position=OF"">Billy Burns</a>",25.0,555.0,0.3170821660250479
12984,"<a href=""statss.aspx?playerid=12984&position=OF"">Jackie Bradley Jr.</a>",25.0,255.0,0.35521715480511584
16376,"<a href=""statss.aspx?playerid=16376&position=OF"">Michael Conforto</a>",22.0,194.0,0.35932819652803166
7331,"<a href=""statss.aspx?playerid=7331&position=OF"">Seth Smith</a>",32.0,452.0,0.331424485116997
8709,"<a href=""statss.aspx?playerid=8709&position=SS"">Elvis Andrus</a>",26.0,661.0,0.29213841670861274
9848,"<a href=""statss.aspx?playerid=9848&position=OF"">Austin Jackson</a>",28.0,527.0,0.30467024866406245
5000,"<a href=""statss.aspx?playerid=5000&position=C"">Stephen Vogt</a>",30.0,511.0,0.3352452932017865
16478,"<a href=""statss.aspx?playerid=16478&position=DH/OF"">Kyle Schwarber</a>",22.0,273.0,0.36410493535154004
9219,"<a href=""statss.aspx?playerid=9219&position=2B/SS"">Danny Espinosa</a>",28.0,412.0,0.3095265594449374
13613,"<a href=""statss.aspx?playerid=13613&position=2B"">Ketel Marte</a>",21.0,247.0,0.3300430701703441
5352,"<a href=""statss.aspx?playerid=5352&position=2B/3B"">Yangervis Solarte</a>",27.0,571.0,0.3243658224182933
11339,"<a href=""statss.aspx?playerid=11339&position=OF"">Jake Marisnick</a>",24.0,372.0,0.2884291340418852
589,"<a href=""statss.aspx?playerid=589&position=OF"">Carlos Beltran</a>",38.0,531.0,0.34635677342153454
5827,"<a href=""statss.aspx?playerid=5827&position=1B"">Wilmer Flores</a>",23.0,510.0,0.30360639401575323
1177,"<a href=""statss.aspx?playerid=1177&position=1B"">Albert Pujols</a>",35.0,661.0,0.33318318401430425
7870,"<a href=""statss.aspx?playerid=7870&position=C"">Jonathan Lucroy</a>",29.0,415.0,0.31329828428761397
11379,"<a href=""statss.aspx?playerid=11379&position=OF"">Delino DeShields</a>",22.0,492.0,0.31695027156802247
4720,"<a href=""statss.aspx?playerid=4720&position=3B"">Chase Headley</a>",31.0,642.0,0.3065575724264543
8347,"<a href=""statss.aspx?playerid=8347&position=OF"">Denard Span</a>",31.0,275.0,0.34808436775729606
2967,"<a href=""statss.aspx?playerid=2967&position=OF"">Tommy Pham</a>",27.0,173.0,0.3522917156995729
6609,"<a href=""statss.aspx?playerid=6609&position=SS"">Freddy Galvis</a>",25.0,603.0,0.28347602541707145
1907,"<a href=""statss.aspx?playerid=1907&position=2B/SS"">Andres Blanco</a>",31.0,261.0,0.37164113503093865
3707,"<a href=""statss.aspx?playerid=3707&position=C"">Geovany Soto</a>",32.0,210.0,0.3106192301905326
4969,"<a href=""statss.aspx?playerid=4969&position=3B"">Luis Valbuena</a>",29.0,493.0,0.32474350541587765
10472,"<a href=""statss.aspx?playerid=10472&position=OF"">Enrique Hernandez</a>",23.0,218.0,0.3586449919757755
10231,"<a href=""statss.aspx?playerid=10231&position=SS"">Jose Iglesias</a>",25.0,454.0,0.31495699446116177
13624,"<a href=""statss.aspx?playerid=13624&position=SS"">Corey Seager</a>",21.0,113.0,0.4211525060236454
7571,"<a href=""statss.aspx?playerid=7571&position=3B/OF"">Lonnie Chisenhall</a>",26.0,362.0,0.28801309611617015
14225,"<a href=""statss.aspx?playerid=14225&position=OF"">Yasiel Puig</a>",24.0,311.0,0.32806849902676
6310,"<a href=""statss.aspx?playerid=6310&position=SS"">Alcides Escobar</a>",28.0,662.0,0.27051469436058634
5015,"<a href=""statss.aspx?playerid=5015&position=OF"">Melvin Upton Jr.</a>",30.0,228.0,0.32595887939844814
13130,"<a href=""statss.aspx?playerid=13130&position=OF"">Mikie Mahtook</a>",25.0,115.0,0.41080530118523984
950,"<a href=""statss.aspx?playerid=950&position=OF"">Marlon Byrd</a>",37.0,544.0,0.3168191784422336
11270,"<a href=""statss.aspx?playerid=11270&position=OF"">Aaron Altherr</a>",24.0,161.0,0.35345617271959784
11982,"<a href=""statss.aspx?playerid=11982&position=3B"">Travis Shaw</a>",25.0,248.0,0.3481596327021054
5667,"<a href=""statss.aspx?playerid=5667&position=OF"">Steven Souza Jr.</a>",26.0,426.0,0.31640284748638375
5497,"<a href=""statss.aspx?playerid=5497&position=SS"">Marwin Gonzalez</a>",26.0,370.0,0.3288925703892038
10324,"<a href=""statss.aspx?playerid=10324&position=DH/OF"">Marcell Ozuna</a>",24.0,494.0,0.30197290390064946
6740,"<a href=""statss.aspx?playerid=6740&position=2B"">Johnny Giavotella</a>",27.0,502.0,0.3031386688321406
12533,"<a href=""statss.aspx?playerid=12533&position=2B/SS"">Marcus Semien</a>",24.0,601.0,0.310905303003792
13329,"<a href=""statss.aspx?playerid=13329&position=3B"">Jake Lamb</a>",24.0,390.0,0.3119509332555825
8267,"<a href=""statss.aspx?playerid=8267&position=C"">Chris Iannetta</a>",32.0,317.0,0.2807374655068675
9308,"<a href=""statss.aspx?playerid=9308&position=C"">Josh Phegley</a>",27.0,243.0,0.3229508574116868
9952,"<a href=""statss.aspx?playerid=9952&position=OF"">Trayce Thompson</a>",24.0,135.0,0.38299696180555554
6885,"<a href=""statss.aspx?playerid=6885&position=SS/OF"">Ian Desmond</a>",29.0,641.0,0.29436703451036467
13051,"<a href=""statss.aspx?playerid=13051&position=1B/OF"">Chris Colabello</a>",31.0,360.0,0.38090828210115435
5930,"<a href=""statss.aspx?playerid=5930&position=OF"">Nick Markakis</a>",31.0,686.0,0.3268755270816662
4866,"<a href=""statss.aspx?playerid=4866&position=OF"">Jarrod Dyson</a>",30.0,225.0,0.30220147463829006
13367,"<a href=""statss.aspx?playerid=13367&position=OF"">Stephen Piscotty</a>",24.0,256.0,0.36376451343063293
2218,"<a href=""statss.aspx?playerid=2218&position=OF"">Ryan Raburn</a>",34.0,201.0,0.3970125305532205
10556,"<a href=""statss.aspx?playerid=10556&position=2B"">Cesar Hernandez</a>",25.0,452.0,0.30572832564112856
8202,"<a href=""statss.aspx?playerid=8202&position=2B/3B"">Josh Harrison</a>",27.0,449.0,0.31332164681359626
12775,"<a href=""statss.aspx?playerid=12775&position=SS"">Brad Miller</a>",25.0,497.0,0.3192563385799013
5223,"<a href=""statss.aspx?playerid=5223&position=OF"">Cameron Maybin</a>",28.0,555.0,0.3071968998443369
11445,"<a href=""statss.aspx?playerid=11445&position=OF"">Mark Canha</a>",26.0,485.0,0.3225041930208501
11265,"<a href=""statss.aspx?playerid=11265&position=2B"">Jonathan Schoop</a>",23.0,321.0,0.33773057982325555
9807,"<a href=""statss.aspx?playerid=9807&position=2B/SS"">Ryan Goins</a>",27.0,428.0,0.2971148328090224
2616,"<a href=""statss.aspx?playerid=2616&position=SS"">Zack Cozart</a>",29.0,214.0,0.327992744603247
8252,"<a href=""statss.aspx?playerid=8252&position=OF"">Hunter Pence</a>",32.0,223.0,0.3473131720795225
3376,"<a href=""statss.aspx?playerid=3376&position=C"">Nick Hundley</a>",31.0,389.0,0.3478876240455706
13075,"<a href=""statss.aspx?playerid=13075&position=OF"">Nori Aoki</a>",33.0,392.0,0.3256415961038731
10199,"<a href=""statss.aspx?playerid=10199&position=OF"">Billy Hamilton</a>",24.0,454.0,0.25111877476231437
9112,"<a href=""statss.aspx?playerid=9112&position=DH/OF"">Khris Davis</a>",27.0,440.0,0.35331854203838964
5524,"<a href=""statss.aspx?playerid=5524&position=P"">Madison Bumgarner</a>",25.0,81.0,0.3183678463101387
12510,"<a href=""statss.aspx?playerid=12510&position=C"">Curt Casali</a>",26.0,113.0,0.37650144206626074
13807,"<a href=""statss.aspx?playerid=13807&position=C"">Kevin Plawecki</a>",24.0,258.0,0.2516044599736632
5519,"<a href=""statss.aspx?playerid=5519&position=SS"">Ruben Tejada</a>",25.0,407.0,0.3031064961850643
13005,"<a href=""statss.aspx?playerid=13005&position=2B"">Kelby Tomlinson</a>",25.0,193.0,0.33502636209053077
6848,"<a href=""statss.aspx?playerid=6848&position=3B/SS"">Eduardo Nunez</a>",28.0,204.0,0.32847225105408395
3878,"<a href=""statss.aspx?playerid=3878&position=C"">Chris Stewart</a>",33.0,172.0,0.2904070375939093
14131,"<a href=""statss.aspx?playerid=14131&position=1B"">Greg Bird</a>",22.0,178.0,0.3724164075396034
4418,"<a href=""statss.aspx?playerid=4418&position=2B/SS"">Jed Lowrie</a>",31.0,263.0,0.3053886989752452
4727,"<a href=""statss.aspx?playerid=4727&position=OF"">Jacoby Ellsbury</a>",31.0,501.0,0.29416296883456167
6876,"<a href=""statss.aspx?playerid=6876&position=1B/DH/OF"">Mark Trumbo</a>",29.0,545.0,0.3272476974217331
211,"<a href=""statss.aspx?playerid=211&position=OF"">Will Venable</a>",32.0,390.0,0.2955496797313938
1002,"<a href=""statss.aspx?playerid=1002&position=3B"">Aramis Ramirez</a>",37.0,516.0,0.3087072901093704
12861,"<a href=""statss.aspx?playerid=12861&position=3B"">Anthony Rendon</a>",25.0,355.0,0.31480542303810655
6887,"<a href=""statss.aspx?playerid=6887&position=C"">Martin Maldonado</a>",28.0,256.0,0.2543672391819575
12325,"<a href=""statss.aspx?playerid=12325&position=2B/3B"">Jace Peterson</a>",25.0,597.0,0.28696736144124446
3708,"<a href=""statss.aspx?playerid=3708&position=OF"">Rajai Davis</a>",34.0,370.0,0.32007366644980784
2530,"<a href=""statss.aspx?playerid=2530&position=1B"">Yonder Alonso</a>",28.0,402.0,0.3268606401326364
3787,"<a href=""statss.aspx?playerid=3787&position=3B"">David Wright</a>",32.0,174.0,0.358719971673242
5631,"<a href=""statss.aspx?playerid=5631&position=OF"">Matt Kemp</a>",30.0,648.0,0.3249527949057979
10953,"<a href=""statss.aspx?playerid=10953&position=2B/3B"">Phil Gosselin</a>",26.0,118.0,0.3756848735324407
10047,"<a href=""statss.aspx?playerid=10047&position=1B/OF"">Wil Myers</a>",24.0,253.0,0.3341492911572513
12147,"<a href=""statss.aspx?playerid=12147&position=SS"">Nick Ahmed</a>",25.0,459.0,0.2758298474168672
10816,"<a href=""statss.aspx?playerid=10816&position=2B/3B"">Jedd Gyorko</a>",26.0,458.0,0.30117609999112016
4365,"<a href=""statss.aspx?playerid=4365&position=OF"">Scott Van Slyke</a>",28.0,253.0,0.30537186002731326
746,"<a href=""statss.aspx?playerid=746&position=C"">A.J. Pierzynski</a>",38.0,436.0,0.33306003729319245
13176,"<a href=""statss.aspx?playerid=13176&position=C/OF"">Blake Swihart</a>",23.0,309.0,0.311676493490946
4082,"<a href=""statss.aspx?playerid=4082&position=SS"">Erick Aybar</a>",31.0,638.0,0.2804754830542065
5247,"<a href=""statss.aspx?playerid=5247&position=2B/3B"">Brett Lawrie</a>",25.0,602.0,0.3055438497991466
2505,"<a href=""statss.aspx?playerid=2505&position=C"">Hank Conger</a>",27.0,229.0,0.32855541925681264
5486,"<a href=""statss.aspx?playerid=5486&position=OF"">Abraham Almonte</a>",26.0,258.0,0.31178801199969125
1873,"<a href=""statss.aspx?playerid=1873&position=OF"">Matt Holliday</a>",35.0,277.0,0.35107554670642405
9741,"<a href=""statss.aspx?playerid=9741&position=1B"">Ben Paulsen</a>",27.0,354.0,0.33859448561249644
12552,"<a href=""statss.aspx?playerid=12552&position=3B"">Eugenio Suarez</a>",23.0,398.0,0.32841295109787566
3371,"<a href=""statss.aspx?playerid=3371&position=OF"">Alejandro De Aza</a>",31.0,365.0,0.32599892069896064
11624,"<a href=""statss.aspx?playerid=11624&position=OF"">Jarrett Parker</a>",26.0,54.0,0.4864062313680296
4220,"<a href=""statss.aspx?playerid=4220&position=1B/3B"">Ryan Zimmerman</a>",30.0,390.0,0.3286816512927031
3882,"<a href=""statss.aspx?playerid=3882&position=OF"">Chris Young</a>",31.0,356.0,0.3323554760030871
10346,"<a href=""statss.aspx?playerid=10346&position=C"">John Ryan Murphy</a>",24.0,172.0,0.31860498482720895
7872,"<a href=""statss.aspx?playerid=7872&position=P"">Tyson Ross</a>",28.0,68.0,0.2782769352197647
3142,"<a href=""statss.aspx?playerid=3142&position=C"">Robinson Chirinos</a>",31.0,273.0,0.3319102394491879
7304,"<a href=""statss.aspx?playerid=7304&position=C"">Salvador Perez</a>",25.0,553.0,0.30030572957245594
4952,"<a href=""statss.aspx?playerid=4952&position=C"">Ryan Hanigan</a>",34.0,201.0,0.3007905615035014
13265,"<a href=""statss.aspx?playerid=13265&position=C"">Mike Zunino</a>",24.0,386.0,0.23519496864111966
8628,"<a href=""statss.aspx?playerid=8628&position=OF"">Paulo Orlando</a>",29.0,251.0,0.3034037978773615
10200,"<a href=""statss.aspx?playerid=10200&position=C"">Tucker Barnhart</a>",24.0,274.0,0.284029241804773
731,"<a href=""statss.aspx?playerid=731&position=OF"">Torii Hunter</a>",39.0,567.0,0.30403286639877425
7802,"<a href=""statss.aspx?playerid=7802&position=SS"">Miguel Rojas</a>",26.0,157.0,0.3027748720986502
1943,"<a href=""statss.aspx?playerid=1943&position=P"">Zack Greinke</a>",31.0,77.0,0.2466526808946029
11846,"<a href=""statss.aspx?playerid=11846&position=OF"">Leonys Martin</a>",27.0,310.0,0.25378601613387564
5887,"<a href=""statss.aspx?playerid=5887&position=C"">John Jaso</a>",31.0,216.0,0.3639604743136916
13777,"<a href=""statss.aspx?playerid=13777&position=3B"">Adonis Garcia</a>",30.0,198.0,0.33569668459169794
9054,"<a href=""statss.aspx?playerid=9054&position=1B"">Justin Smoak</a>",28.0,328.0,0.3305209442609694
11773,"<a href=""statss.aspx?playerid=11773&position=1B"">Jason Rogers</a>",27.0,169.0,0.35380614579781977
1736,"<a href=""statss.aspx?playerid=1736&position=SS"">Jose Reyes</a>",32.0,519.0,0.30045259723476336
7324,"<a href=""statss.aspx?playerid=7324&position=C"">Chris Gimenez</a>",32.0,113.0,0.3531700717199833
10762,"<a href=""statss.aspx?playerid=10762&position=OF"">Corey Dickerson</a>",26.0,234.0,0.3709140771474594
49,"<a href=""statss.aspx?playerid=49&position=1B/OF"">Kyle Blanks</a>",28.0,71.0,0.3757086992263794
8760,"<a href=""statss.aspx?playerid=8760&position=OF"">Carlos Peguero</a>",28.0,90.0,0.31353657841682436
5097,"<a href=""statss.aspx?playerid=5097&position=OF"">Anthony Gose</a>",24.0,535.0,0.30402162005708994
10542,"<a href=""statss.aspx?playerid=10542&position=2B/OF"">Derek Dietrich</a>",25.0,289.0,0.3462478323265235
8434,"<a href=""statss.aspx?playerid=8434&position=1B"">Brett Wallace</a>",28.0,107.0,0.38319473052924535
4579,"<a href=""statss.aspx?playerid=4579&position=2B/SS"">Starlin Castro</a>",25.0,578.0,0.28844816285966784
3256,"<a href=""statss.aspx?playerid=3256&position=C"">Welington Castillo</a>",28.0,378.0,0.3209276746375491
6908,"<a href=""statss.aspx?playerid=6908&position=1B/OF"">Clint Robinson</a>",30.0,352.0,0.3403316902360697
9627,"<a href=""statss.aspx?playerid=9627&position=C"">Yan Gomes</a>",27.0,389.0,0.2828136696336196
5384,"<a href=""statss.aspx?playerid=5384&position=OF"">Juan Lagares</a>",26.0,465.0,0.2804825881342867
697,"<a href=""statss.aspx?playerid=697&position=C"">J.P. Arencibia</a>",29.0,73.0,0.38764562018930093
10642,"<a href=""statss.aspx?playerid=10642&position=C"">Carlos Perez</a>",24.0,283.0,0.28442084152927605
10336,"<a href=""statss.aspx?playerid=10336&position=OF"">Slade Heathcott</a>",24.0,30.0,0.47506281307765413
13633,"<a href=""statss.aspx?playerid=13633&position=OF"">Preston Tucker</a>",24.0,323.0,0.31802784824518965
10348,"<a href=""statss.aspx?playerid=10348&position=OF"">Domingo Santana</a>",22.0,187.0,0.33637812080230306
14128,"<a href=""statss.aspx?playerid=14128&position=OF"">Joey Gallo</a>",21.0,123.0,0.30472293694814045
12976,"<a href=""statss.aspx?playerid=12976&position=C"">Austin Hedges</a>",22.0,152.0,0.20330597782457197
5677,"<a href=""statss.aspx?playerid=5677&position=C"">A.J. Ellis</a>",34.0,217.0,0.33594367621650156
1159,"<a href=""statss.aspx?playerid=1159&position=3B/SS"">Andrew Romine</a>",29.0,203.0,0.27609957799767004
1737,"<a href=""statss.aspx?playerid=1737&position=1B"">Justin Morneau</a>",34.0,182.0,0.3529120455185572
9744,"<a href=""statss.aspx?playerid=9744&position=1B"">Justin Bour</a>",27.0,446.0,0.3425018055444377
13510,"<a href=""statss.aspx?playerid=13510&position=3B"">Jose Ramirez</a>",22.0,355.0,0.27993450113705226
11737,"<a href=""statss.aspx?playerid=11737&position=3B/OF"">Nick Castellanos</a>",23.0,595.0,0.3107245687884514
11146,"<a href=""statss.aspx?playerid=11146&position=C"">Cameron Rupp</a>",26.0,299.0,0.2906425637858255
12944,"<a href=""statss.aspx?playerid=12944&position=OF"">Socrates Brito</a>",22.0,34.0,0.33337559770135317
2495,"<a href=""statss.aspx?playerid=2495&position=3B"">Pedro Alvarez</a>",28.0,491.0,0.33263321288888387
14335,"<a href=""statss.aspx?playerid=14335&position=2B"">Dilson Herrera</a>",21.0,103.0,0.2983670994347217
12546,"<a href=""statss.aspx?playerid=12546&position=1B"">C.J. Cron</a>",25.0,404.0,0.31798301036678145
11385,"<a href=""statss.aspx?playerid=11385&position=OF"">Matt den Dekker</a>",27.0,110.0,0.3434311526793021
4400,"<a href=""statss.aspx?playerid=4400&position=OF"">Chris Denorfia</a>",34.0,231.0,0.30235774449089114
7620,"<a href=""statss.aspx?playerid=7620&position=OF"">Justin Ruggiano</a>",33.0,141.0,0.3488038803668732
971,"<a href=""statss.aspx?playerid=971&position=SS"">Jimmy Rollins</a>",36.0,563.0,0.28282124949519744
3441,"<a href=""statss.aspx?playerid=3441&position=OF"">Nolan Reimold</a>",31.0,195.0,0.3241034752346691
13119,"<a href=""statss.aspx?playerid=13119&position=P"">Taylor Jungmann</a>",25.0,44.0,0.26963091837732417
12979,"<a href=""statss.aspx?playerid=12979&position=SS"">Javier Baez</a>",22.0,80.0,0.31488359879843797
6547,"<a href=""statss.aspx?playerid=6547&position=SS"">Jordy Mercer</a>",28.0,430.0,0.26532220157632397
5408,"<a href=""statss.aspx?playerid=5408&position=OF"">Jake Smolinski</a>",26.0,192.0,0.284127179843684
9629,"<a href=""statss.aspx?playerid=9629&position=SS/OF"">Shawn O'Malley</a>",27.0,57.0,0.3543835618279197
4467,"<a href=""statss.aspx?playerid=4467&position=1B/OF"">Brandon Moss</a>",31.0,526.0,0.3080618236485112
1875,"<a href=""statss.aspx?playerid=1875&position=OF"">Josh Hamilton</a>",34.0,182.0,0.31441314665825815
7927,"<a href=""statss.aspx?playerid=7927&position=2B"">Eric Sogard</a>",29.0,401.0,0.26552261573541674
10950,"<a href=""statss.aspx?playerid=10950&position=OF"">Adam Duvall</a>",26.0,72.0,0.33627119870253014
11762,"<a href=""statss.aspx?playerid=11762&position=P"">Noah Syndergaard</a>",22.0,50.0,0.23123124512759122
12723,"<a href=""statss.aspx?playerid=12723&position=OF"">Tyler Collins</a>",25.0,207.0,0.3183346966516624
12225,"<a href=""statss.aspx?playerid=12225&position=OF"">Scott Schebler</a>",24.0,40.0,0.34801646837821376
4251,"<a href=""statss.aspx?playerid=4251&position=SS"">Stephen Drew</a>",32.0,428.0,0.2839820538570413
1201,"<a href=""statss.aspx?playerid=1201&position=OF"">Carl Crawford</a>",33.0,193.0,0.3052880600879067
14843,"<a href=""statss.aspx?playerid=14843&position=P"">Michael Lorenzen</a>",23.0,41.0,0.2529430727700929
3137,"<a href=""statss.aspx?playerid=3137&position=P"">Max Scherzer</a>",30.0,77.0,0.20543723710825745
9015,"<a href=""statss.aspx?playerid=9015&position=2B"">Gordon Beckham</a>",28.0,237.0,0.26666417274069276
4298,"<a href=""statss.aspx?playerid=4298&position=C"">Matt Wieters</a>",29.0,282.0,0.32143941500508194
1051,"<a href=""statss.aspx?playerid=1051&position=P"">Jake Peavy</a>",34.0,41.0,0.23751280436644684
1857,"<a href=""statss.aspx?playerid=1857&position=C/1B"">Joe Mauer</a>",32.0,666.0,0.3105979028741214
7799,"<a href=""statss.aspx?playerid=7799&position=DH/OF"">Joey Butler</a>",29.0,276.0,0.32486774027347565
4424,"<a href=""statss.aspx?playerid=4424&position=P"">Jon Niese</a>",28.0,60.0,0.20591362317403158
4371,"<a href=""statss.aspx?playerid=4371&position=P"">Jeremy Hellickson</a>",28.0,49.0,0.23342089808505515
3815,"<a href=""statss.aspx?playerid=3815&position=P"">Mat Latos</a>",27.0,34.0,0.2569069564342499
3057,"<a href=""statss.aspx?playerid=3057&position=C/1B"">Mike Napoli</a>",33.0,469.0,0.3211582947698274
9911,"<a href=""statss.aspx?playerid=9911&position=1B/DH"">Chris Carter</a>",28.0,460.0,0.3194020429552903
9425,"<a href=""statss.aspx?playerid=9425&position=P"">Doug Fister</a>",31.0,39.0,0.2398454456618338
10954,"<a href=""statss.aspx?playerid=10954&position=P"">Jacob deGrom</a>",27.0,66.0,0.19556513140278478
921,"<a href=""statss.aspx?playerid=921&position=P"">Tim Hudson</a>",39.0,42.0,0.2253326605527829
2234,"<a href=""statss.aspx?playerid=2234&position=2B"">Kelly Johnson</a>",33.0,335.0,0.3233848156699215
6230,"<a href=""statss.aspx?playerid=6230&position=P"">Kyle Kendrick</a>",30.0,49.0,0.2400539932043656
10807,"<a href=""statss.aspx?playerid=10807&position=3B/SS"">Tyler Saladino</a>",25.0,254.0,0.26376891563613103
1965,"<a href=""statss.aspx?playerid=1965&position=OF"">Desmond Jennings</a>",28.0,108.0,0.2941019187370936
9954,"<a href=""statss.aspx?playerid=9954&position=OF"">Darrell Ceciliani</a>",25.0,75.0,0.24933149202449903
4719,"<a href=""statss.aspx?playerid=4719&position=OF"">Brian Bogusevic</a>",31.0,61.0,0.3076748808876413
11003,"<a href=""statss.aspx?playerid=11003&position=C/DH"">Evan Gattis</a>",28.0,604.0,0.31692202842969464
5278,"<a href=""statss.aspx?playerid=5278&position=3B/SS"">Pedro Ciriaco</a>",29.0,151.0,0.2704820248904644
13781,"<a href=""statss.aspx?playerid=13781&position=P"">Alex Wood</a>",24.0,67.0,0.19365559594105866
6564,"<a href=""statss.aspx?playerid=6564&position=C"">Bobby Wilson</a>",32.0,147.0,0.23003933635251275
10951,"<a href=""statss.aspx?playerid=10951&position=2B/3B"">Greg Garcia</a>",25.0,87.0,0.31765554301878984
1551,"<a href=""statss.aspx?playerid=1551&position=C"">David Ross</a>",38.0,182.0,0.22055212610718833
14221,"<a href=""statss.aspx?playerid=14221&position=DH/OF"">Jorge Soler</a>",23.0,404.0,0.3122163800368632
9886,"<a href=""statss.aspx?playerid=9886&position=2B"">Ivan De Jesus</a>",28.0,222.0,0.30111514689686064
10327,"<a href=""statss.aspx?playerid=10327&position=C"">Ramon Cabrera</a>",25.0,30.0,0.3749659816424052
4153,"<a href=""statss.aspx?playerid=4153&position=P"">Jake Arrieta</a>",29.0,83.0,0.1839308187365532
6035,"<a href=""statss.aspx?playerid=6035&position=OF"">David Murphy</a>",33.0,391.0,0.3184670307166836
9892,"<a href=""statss.aspx?playerid=9892&position=OF"">Jay Bruce</a>",28.0,649.0,0.3088246433299715
13271,"<a href=""statss.aspx?playerid=13271&position=1B/DH"">Richie Shaffer</a>",24.0,88.0,0.3093020096421242
11859,"<a href=""statss.aspx?playerid=11859&position=OF"">Mason Williams</a>",23.0,22.0,0.3764816630970348
3179,"<a href=""statss.aspx?playerid=3179&position=C"">Dioner Navarro</a>",31.0,192.0,0.2959925086086333
11145,"<a href=""statss.aspx?playerid=11145&position=2B/3B"">Christian Colon</a>",26.0,119.0,0.3113393743159407
10302,"<a href=""statss.aspx?playerid=10302&position=P"">Chris Heston</a>",27.0,58.0,0.18743395805358887
10473,"<a href=""statss.aspx?playerid=10473&position=3B"">Cheslor Cuthbert</a>",22.0,50.0,0.2840864634513855
7888,"<a href=""statss.aspx?playerid=7888&position=2B/3B"">Ryan Flaherty</a>",28.0,301.0,0.2785356747180926
739,"<a href=""statss.aspx?playerid=739&position=P"">Kyle Lohse</a>",36.0,42.0,0.21289388033059928
6266,"<a href=""statss.aspx?playerid=6266&position=OF"">Daniel Robertson</a>",29.0,80.0,0.26230312178009435
7250,"<a href=""statss.aspx?playerid=7250&position=OF"">Collin Cowgill</a>",29.0,74.0,0.23077800992417008
14078,"<a href=""statss.aspx?playerid=14078&position=P"">Michael Wacha</a>",23.0,62.0,0.18159660058362143
10059,"<a href=""statss.aspx?playerid=10059&position=C"">Max Stassi</a>",24.0,17.0,0.44726603478193283
10071,"<a href=""statss.aspx?playerid=10071&position=2B/SS"">Jonathan Villar</a>",24.0,128.0,0.3279215256998858
5432,"<a href=""statss.aspx?playerid=5432&position=2B/3B/OF"">Elian Herrera</a>",30.0,277.0,0.2957699762691151
13475,"<a href=""statss.aspx?playerid=13475&position=P"">Daniel Norris</a>",22.0,3.0,0.917379101117452
12371,"<a href=""statss.aspx?playerid=12371&position=2B/3B"">Tommy La Stella</a>",26.0,75.0,0.31681520632795385
9895,"<a href=""statss.aspx?playerid=9895&position=P"">Chris Rusin</a>",28.0,50.0,0.21723280263983685
5888,"<a href=""statss.aspx?playerid=5888&position=OF"">Cole Gillespie</a>",31.0,157.0,0.32957139229163146
6632,"<a href=""statss.aspx?playerid=6632&position=P"">Carlos Carrasco</a>",28.0,3.0,0.8808238506317139
2102,"<a href=""statss.aspx?playerid=2102&position=SS"">Josh Wilson</a>",34.0,41.0,0.3283121705055237
5481,"<a href=""statss.aspx?playerid=5481&position=3B/DH/OF"">Jimmy Paredes</a>",26.0,384.0,0.31454791128635406
11739,"<a href=""statss.aspx?playerid=11739&position=C"">J.T. Realmuto</a>",24.0,467.0,0.2979505103209923
4450,"<a href=""statss.aspx?playerid=4450&position=2B/3B"">Steve Tolleson</a>",31.0,45.0,0.3339337031046549
3201,"<a href=""statss.aspx?playerid=3201&position=P"">Francisco Liriano</a>",31.0,67.0,0.1788373250227708
11176,"<a href=""statss.aspx?playerid=11176&position=P"">David Buchanan</a>",26.0,23.0,0.2396558252247897
1534,"<a href=""statss.aspx?playerid=1534&position=OF"">Michael Cuddyer</a>",36.0,408.0,0.30635682478839277
7423,"<a href=""statss.aspx?playerid=7423&position=OF"">Shane Peterson</a>",27.0,226.0,0.2985971572711996
8418,"<a href=""statss.aspx?playerid=8418&position=3B/SS"">Ehire Adrianza</a>",25.0,134.0,0.2652571445161646
13770,"<a href=""statss.aspx?playerid=13770&position=OF"">Rob Refsnyder</a>",24.0,47.0,0.36265948878394233
10339,"<a href=""statss.aspx?playerid=10339&position=2B"">Scooter Gennett</a>",25.0,391.0,0.28911979612291167
11530,"<a href=""statss.aspx?playerid=11530&position=P"">Jose Fernandez</a>",22.0,22.0,0.2334660357899136
1830,"<a href=""statss.aspx?playerid=1830&position=2B/SS"">Clint Barmes</a>",36.0,224.0,0.2747480537249073
11167,"<a href=""statss.aspx?playerid=11167&position=2B/SS"">Josh Rutledge</a>",26.0,85.0,0.29205844201237324
13361,"<a href=""statss.aspx?playerid=13361&position=P"">Steven Matz</a>",24.0,14.0,0.27848157712391447
12638,"<a href=""statss.aspx?playerid=12638&position=P"">Nathan Karns</a>",27.0,5.0,0.5163235664367676
7312,"<a href=""statss.aspx?playerid=7312&position=P"">Josh Collmenter</a>",29.0,32.0,0.2154882788658142
10058,"<a href=""statss.aspx?playerid=10058&position=P"">Tyler Matzek</a>",24.0,9.0,0.37723977863788605
15450,"<a href=""statss.aspx?playerid=15450&position=2B/SS"">Daniel Castro</a>",22.0,100.0,0.26416828897264266
4249,"<a href=""statss.aspx?playerid=4249&position=OF"">Shane Robinson</a>",30.0,197.0,0.2750798608224416
13762,"<a href=""statss.aspx?playerid=13762&position=P"">Tim Cooney</a>",24.0,11.0,0.3017918229103088
13288,"<a href=""statss.aspx?playerid=13288&position=1B/OF"">Peter O'Brien</a>",24.0,12.0,0.5380748808383942
5212,"<a href=""statss.aspx?playerid=5212&position=OF"">Alfredo Marte</a>",26.0,8.0,0.39582762867212296
13132,"<a href=""statss.aspx?playerid=13132&position=C"">Andrew Susac</a>",25.0,148.0,0.2938247294844808
12317,"<a href=""statss.aspx?playerid=12317&position=P"">Colin Rea</a>",24.0,12.0,0.282393741607666
7412,"<a href=""statss.aspx?playerid=7412&position=SS"">Paul Janish</a>",32.0,36.0,0.275960514942805
3855,"<a href=""statss.aspx?playerid=3855&position=P"">Brett Oberholtzer</a>",25.0,3.0,0.6868430376052856
10299,"<a href=""statss.aspx?playerid=10299&position=OF"">Eury Perez</a>",25.0,133.0,0.28435449082722036
1011,"<a href=""statss.aspx?playerid=1011&position=P"">Ryan Vogelsong</a>",37.0,45.0,0.17975349684019346
2917,"<a href=""statss.aspx?playerid=2917&position=2B"">Emmanuel Burriss</a>",30.0,5.0,0.6270667552947998
5133,"<a href=""statss.aspx?playerid=5133&position=SS"">Alexei Ramirez</a>",33.0,622.0,0.278821455931625
5942,"<a href=""statss.aspx?playerid=5942&position=C"">Jesus Sucre</a>",27.0,142.0,0.18928335125284984
11334,"<a href=""statss.aspx?playerid=11334&position=P"">Tyler Lyons</a>",27.0,20.0,0.2231198681725396
8173,"<a href=""statss.aspx?playerid=8173&position=P"">Yovani Gallardo</a>",29.0,4.0,0.5342735946178436
12508,"<a href=""statss.aspx?playerid=12508&position=C"">Jett Bandy</a>",25.0,2.0,1.0326471328735352
6178,"<a href=""statss.aspx?playerid=6178&position=C"">Tony Sanchez</a>",27.0,9.0,0.36992384327782524
9328,"<a href=""statss.aspx?playerid=9328&position=OF"">Drew Stubbs</a>",30.0,140.0,0.2893262662156655
9957,"<a href=""statss.aspx?playerid=9957&position=1B/OF"">Steve Pearce</a>",32.0,325.0,0.30824505270999153
8145,"<a href=""statss.aspx?playerid=8145&position=C"">Eric Fryer</a>",29.0,27.0,0.3181195479852182
9048,"<a href=""statss.aspx?playerid=9048&position=OF"">Ezequiel Carrera</a>",28.0,192.0,0.304530693247994
1679,"<a href=""statss.aspx?playerid=1679&position=2B"">Chase Utley</a>",36.0,423.0,0.27394948256044227
7725,"<a href=""statss.aspx?playerid=7725&position=P"">David Holmberg</a>",23.0,12.0,0.2702400196682323
12181,"<a href=""statss.aspx?playerid=12181&position=1B/3B"">Matt Duffy</a>",26.0,9.0,0.4116401407453749
8524,"<a href=""statss.aspx?playerid=8524&position=C"">Jackson Williams</a>",29.0,14.0,0.3488904663494655
6027,"<a href=""statss.aspx?playerid=6027&position=P"">Sugar Marimon</a>",26.0,7.0,0.34978439126695904
12138,"<a href=""statss.aspx?playerid=12138&position=2B"">Ryan Brett</a>",23.0,4.0,0.705984354019165
6387,"<a href=""statss.aspx?playerid=6387&position=OF"">Michael Bourn</a>",32.0,482.0,0.26923288247756316
5203,"<a href=""statss.aspx?playerid=5203&position=P"">Mike Pelfrey</a>",31.0,3.0,0.5872159004211426
2038,"<a href=""statss.aspx?playerid=2038&position=P"">Justin Masterson</a>",30.0,3.0,0.5872159004211426
5669,"<a href=""statss.aspx?playerid=5669&position=P"">Henderson Alvarez</a>",25.0,6.0,0.35618239641189575
10946,"<a href=""statss.aspx?playerid=10946&position=P"">Josh A. Smith</a>",27.0,10.0,0.27499960528479683
15580,"<a href=""statss.aspx?playerid=15580&position=OF"">Dariel Alvarez</a>",26.0,31.0,0.2935280684501894
13560,"<a href=""statss.aspx?playerid=13560&position=P"">Alec Asher</a>",23.0,6.0,0.35618239641189575
1757,"<a href=""statss.aspx?playerid=1757&position=P"">Dan Haren</a>",34.0,65.0,0.1653564539822665
5705,"<a href=""statss.aspx?playerid=5705&position=P"">Tim Lincecum</a>",31.0,25.0,0.19093931757885477
3196,"<a href=""statss.aspx?playerid=3196&position=P"">Chris Young</a>",36.0,4.0,0.44041192531585693
8753,"<a href=""statss.aspx?playerid=8753&position=P"">Tanner Roark</a>",28.0,29.0,0.19092639287312826
11400,"<a href=""statss.aspx?playerid=11400&position=2B/3B/SS"">Ronald Torreyes</a>",22.0,8.0,0.4034196308680943
8254,"<a href=""statss.aspx?playerid=8254&position=OF"">Sam Fuld</a>",33.0,325.0,0.2549000064038342
2830,"<a href=""statss.aspx?playerid=2830&position=OF"">Travis Snider</a>",27.0,265.0,0.2929115762275435
5552,"<a href=""statss.aspx?playerid=5552&position=1B/OF"">Jamie Romak</a>",29.0,16.0,0.3651159778237343
1776,"<a href=""statss.aspx?playerid=1776&position=P"">Chin-hui Tsao</a>",34.0,1.0,1.2562705278396606
9718,"<a href=""statss.aspx?playerid=9718&position=OF"">Chris Dominguez</a>",28.0,23.0,0.32861778010492737
12093,"<a href=""statss.aspx?playerid=12093&position=P"">Branden Pinder</a>",26.0,1.0,1.2562705278396606
14457,"<a href=""statss.aspx?playerid=14457&position=P"">Adam Conley</a>",25.0,22.0,0.1957386334737142
13050,"<a href=""statss.aspx?playerid=13050&position=P"">Anthony DeSclafani</a>",25.0,64.0,0.16715145880176174
9628,"<a href=""statss.aspx?playerid=9628&position=C"">Michael McKenry</a>",30.0,152.0,0.3220676458195636
10838,"<a href=""statss.aspx?playerid=10838&position=C"">Cody Stanley</a>",26.0,10.0,0.3898742079734802
3442,"<a href=""statss.aspx?playerid=3442&position=2B"">Dan Uggla</a>",35.0,141.0,0.2726503386565134
4016,"<a href=""statss.aspx?playerid=4016&position=OF"">Jerry Sands</a>",27.0,133.0,0.2936386676659261
13152,"<a href=""statss.aspx?playerid=13152&position=2B/SS"">Jorge Polanco</a>",21.0,12.0,0.3346798022588094
13047,"<a href=""statss.aspx?playerid=13047&position=2B/SS"">Munenori Kawasaki</a>",34.0,34.0,0.27447526901960373
3551,"<a href=""statss.aspx?playerid=3551&position=P"">Clayton Richard</a>",31.0,15.0,0.21329227288564045
17016,"<a href=""statss.aspx?playerid=17016&position=OF"">Rusney Castillo</a>",27.0,289.0,0.2830814299070173
11472,"<a href=""statss.aspx?playerid=11472&position=2B/SS"">Dixon Machado</a>",23.0,78.0,0.26703230539957684
1451,"<a href=""statss.aspx?playerid=1451&position=P"">Aaron Harang</a>",37.0,58.0,0.16548735754830496
3580,"<a href=""statss.aspx?playerid=3580&position=P"">C.J. Wilson</a>",34.0,6.0,0.2936079502105713
12781,"<a href=""statss.aspx?playerid=12781&position=P"">Sean Gilmartin</a>",25.0,6.0,0.2936079502105713
2498,"<a href=""statss.aspx?playerid=2498&position=2B"">Jemile Weeks</a>",28.0,9.0,0.2936079502105713
12586,"<a href=""statss.aspx?playerid=12586&position=P"">Mike Wright Jr.</a>",25.0,3.0,0.44041192531585693
1118,"<a href=""statss.aspx?playerid=1118&position=P"">Marco Estrada</a>",31.0,6.0,0.2936079502105713
10466,"<a href=""statss.aspx?playerid=10466&position=P"">Taylor Jordan</a>",26.0,6.0,0.2936079502105713
10593,"<a href=""statss.aspx?playerid=10593&position=1B/OF"">Joey Terdoslavich</a>",26.0,59.0,0.2645375543627246
9854,"<a href=""statss.aspx?playerid=9854&position=1B/OF"">Efren Navarro</a>",29.0,88.0,0.2614535600289531
11287,"<a href=""statss.aspx?playerid=11287&position=C"">Bryan Holaday</a>",27.0,65.0,0.31981302408071666
11471,"<a href=""statss.aspx?playerid=11471&position=P"">Dallas Beeler</a>",26.0,3.0,0.4187568426132202
4022,"<a href=""statss.aspx?playerid=4022&position=OF"">Melky Cabrera</a>",30.0,683.0,0.30661917698400887
11682,"<a href=""statss.aspx?playerid=11682&position=P"">Carlos Martinez</a>",23.0,63.0,0.15866306013074413
5448,"<a href=""statss.aspx?playerid=5448&position=P"">Jesse Chavez</a>",31.0,5.0,0.2936079502105713
12158,"<a href=""statss.aspx?playerid=12158&position=C"">Austin Barnes</a>",25.0,37.0,0.3020840270651711
7624,"<a href=""statss.aspx?playerid=7624&position=P"">Carlos Torres</a>",32.0,1.0,0.8808238506317139
9948,"<a href=""statss.aspx?playerid=9948&position=P"">Mike Dunn</a>",30.0,1.0,0.8808238506317139
10620,"<a href=""statss.aspx?playerid=10620&position=P"">Donn Roach</a>",25.0,1.0,0.8808238506317139
12220,"<a href=""statss.aspx?playerid=12220&position=P"">Keith Hessler</a>",26.0,1.0,0.8808238506317139
10585,"<a href=""statss.aspx?playerid=10585&position=DH/OF"">Rico Noel</a>",26.0,2.0,0.44041192531585693
5933,"<a href=""statss.aspx?playerid=5933&position=2B/SS"">Jean Segura</a>",25.0,584.0,0.26836511693470216
12797,"<a href=""statss.aspx?playerid=12797&position=OF"">Dalton Pompey</a>",22.0,103.0,0.2923687083049885
4538,"<a href=""statss.aspx?playerid=4538&position=P"">Jason Hammel</a>",32.0,70.0,0.16046794136958337
14161,"<a href=""statss.aspx?playerid=14161&position=OF"">Byron Buxton</a>",21.0,138.0,0.25244006470722313
5557,"<a href=""statss.aspx?playerid=5557&position=C"">Jarrod Saltalamacchia</a>",30.0,227.0,0.32372857353328605
6402,"<a href=""statss.aspx?playerid=6402&position=3B"">Brent Morel</a>",28.0,7.0,0.3052991969244821
6652,"<a href=""statss.aspx?playerid=6652&position=3B/SS"">Chase d'Arnaud</a>",28.0,18.0,0.22459240754445395
9654,"<a href=""statss.aspx?playerid=9654&position=P"">Michael Blazek</a>",26.0,4.0,0.31406763195991516
6008,"<a href=""statss.aspx?playerid=6008&position=2B"">Reynaldo Navarro</a>",25.0,30.0,0.30972257153741245
105,"<a href=""statss.aspx?playerid=105&position=P"">Jason Marquis</a>",36.0,17.0,0.18861988931894302
6283,"<a href=""statss.aspx?playerid=6283&position=P"">Scott Feldman</a>",32.0,2.0,0.44041192531585693
3254,"<a href=""statss.aspx?playerid=3254&position=P"">Jeff Samardzija</a>",30.0,2.0,0.44041192531585693
12803,"<a href=""statss.aspx?playerid=12803&position=P"">Carter Capps</a>",24.0,2.0,0.44041192531585693
11457,"<a href=""statss.aspx?playerid=11457&position=P"">Sammy Solis</a>",26.0,2.0,0.44041192531585693
2586,"<a href=""statss.aspx?playerid=2586&position=P"">Wandy Rodriguez</a>",36.0,2.0,0.44041192531585693
3374,"<a href=""statss.aspx?playerid=3374&position=P"">Ubaldo Jimenez</a>",31.0,8.0,0.22020596265792847
6656,"<a href=""statss.aspx?playerid=6656&position=OF"">L.J. Hoes</a>",25.0,16.0,0.2631336525082588
6435,"<a href=""statss.aspx?playerid=6435&position=P"">Vance Worley</a>",27.0,18.0,0.17752460171194637
813,"<a href=""statss.aspx?playerid=813&position=P"">Randy Choate</a>",39.0,1.0,0.6868430376052856
3548,"<a href=""statss.aspx?playerid=3548&position=P"">Liam Hendriks</a>",26.0,1.0,0.6868430376052856
12143,"<a href=""statss.aspx?playerid=12143&position=P"">Jason Garcia</a>",22.0,1.0,0.6868430376052856
5362,"<a href=""statss.aspx?playerid=5362&position=P"">Phillippe Aumont</a>",26.0,1.0,0.6868430376052856
6248,"<a href=""statss.aspx?playerid=6248&position=P"">Aaron Laffey</a>",30.0,2.0,0.44041192531585693
2520,"<a href=""statss.aspx?playerid=2520&position=P"">Lance Lynn</a>",28.0,55.0,0.1559496831893921
12703,"<a href=""statss.aspx?playerid=12703&position=P"">Trevor Bauer</a>",24.0,7.0,0.22395241260528564
9414,"<a href=""statss.aspx?playerid=9414&position=OF"">Quintin Berry</a>",30.0,1.0,0.0
4518,"<a href=""statss.aspx?playerid=4518&position=SS"">Doug Bernier</a>",35.0,6.0,0.32385226090749103
2134,"<a href=""statss.aspx?playerid=2134&position=P"">Adam Loewen</a>",31.0,3.0,0.2936079502105713
4955,"<a href=""statss.aspx?playerid=4955&position=P"">Justin De Fratus</a>",27.0,3.0,0.2936079502105713
7949,"<a href=""statss.aspx?playerid=7949&position=SS"">Tim Beckham</a>",25.0,223.0,0.29983039955387203
225,"<a href=""statss.aspx?playerid=225&position=P"">Mark Buehrle</a>",36.0,9.0,0.19595836102962494
9393,"<a href=""statss.aspx?playerid=9393&position=1B"">Matt Adams</a>",26.0,186.0,0.2836624931644749
4776,"<a href=""statss.aspx?playerid=4776&position=P"">Matt Shoemaker</a>",28.0,2.0,0.3434215188026428
6748,"<a href=""statss.aspx?playerid=6748&position=C"">Travis Tartamella</a>",27.0,2.0,0.44041192531585693
11602,"<a href=""statss.aspx?playerid=11602&position=2B/3B"">Yolmer Sanchez</a>",23.0,420.0,0.2621819289122227
9871,"<a href=""statss.aspx?playerid=9871&position=C"">Bryan Anderson</a>",28.0,8.0,0.34978439126695904
14523,"<a href=""statss.aspx?playerid=14523&position=C"">Pedro Severino</a>",21.0,4.0,0.31406763195991516
6249,"<a href=""statss.aspx?playerid=6249&position=P"">Trevor Cahill</a>",27.0,8.0,0.19595836102962494
2072,"<a href=""statss.aspx?playerid=2072&position=P"">Jeremy Guthrie</a>",36.0,5.0,0.22020596265792847
9904,"<a href=""statss.aspx?playerid=9904&position=P"">Pedro Villarreal</a>",27.0,6.0,0.2093784213066101
4897,"<a href=""statss.aspx?playerid=4897&position=P"">Scott Kazmir</a>",31.0,4.0,0.22020596265792847
12804,"<a href=""statss.aspx?playerid=12804&position=P"">Matt Wisler</a>",22.0,36.0,0.1579671444431428
10130,"<a href=""statss.aspx?playerid=10130&position=P"">Mike Leake</a>",27.0,73.0,0.15278074879577194
9323,"<a href=""statss.aspx?playerid=9323&position=P"">Patrick Corbin</a>",25.0,29.0,0.16796430945396423
5587,"<a href=""statss.aspx?playerid=5587&position=C"">Carlos Corporan</a>",31.0,121.0,0.24188597062054804
10441,"<a href=""statss.aspx?playerid=10441&position=1B"">Jon Singleton</a>",23.0,58.0,0.2884691172632678
3797,"<a href=""statss.aspx?playerid=3797&position=SS"">J.J. Hardy</a>",32.0,437.0,0.24768511289837716
14814,"<a href=""statss.aspx?playerid=14814&position=P"">Buck Farmer</a>",24.0,4.0,0.22020596265792847
13849,"<a href=""statss.aspx?playerid=13849&position=P"">Jon Moscot</a>",23.0,4.0,0.22020596265792847
13228,"<a href=""statss.aspx?playerid=13228&position=OF"">Michael Reed</a>",22.0,6.0,0.35618239641189575
6893,"<a href=""statss.aspx?playerid=6893&position=P"">Johnny Cueto</a>",29.0,43.0,0.15715226687883077
3273,"<a href=""statss.aspx?playerid=3273&position=P"">Roberto Hernandez</a>",34.0,3.0,0.22894767920176187
13499,"<a href=""statss.aspx?playerid=13499&position=C"">Tom Murphy</a>",24.0,39.0,0.36623162344882365
10925,"<a href=""statss.aspx?playerid=10925&position=P"">Christian Bergman</a>",27.0,15.0,0.1883454414514395
4972,"<a href=""statss.aspx?playerid=4972&position=P"">Cole Hamels</a>",31.0,46.0,0.15574318170547485
2430,"<a href=""statss.aspx?playerid=2430&position=2B"">Darwin Barney</a>",29.0,30.0,0.3427499106952122
11165,"<a href=""statss.aspx?playerid=11165&position=OF"">Ramon Flores</a>",23.0,33.0,0.20441292598843575
9434,"<a href=""statss.aspx?playerid=9434&position=P"">Dallas Keuchel</a>",27.0,6.0,0.17616477012634277
3211,"<a href=""statss.aspx?playerid=3211&position=2B"">Tyler Ladendorf</a>",27.0,18.0,0.2735270659128825
13125,"<a href=""statss.aspx?playerid=13125&position=P"">Gerrit Cole</a>",24.0,71.0,0.15001775372412898
4026,"<a href=""statss.aspx?playerid=4026&position=P"">Hector Santiago</a>",27.0,5.0,0.17616477012634277
2036,"<a href=""statss.aspx?playerid=2036&position=P"">Clayton Kershaw</a>",27.0,79.0,0.14554222129486702
5842,"<a href=""statss.aspx?playerid=5842&position=P"">Chad Billingsley</a>",30.0,14.0,0.15886878967285156
10123,"<a href=""statss.aspx?playerid=10123&position=P"">Kyle Gibson</a>",27.0,5.0,0.17616477012634277
9761,"<a href=""statss.aspx?playerid=9761&position=P"">Joe Kelly</a>",27.0,5.0,0.17616477012634277
13881,"<a href=""statss.aspx?playerid=13881&position=P"">Ian Thomas</a>",28.0,4.0,0.1717107594013214
9981,"<a href=""statss.aspx?playerid=9981&position=OF"">Michael Saunders</a>",28.0,36.0,0.2421988414393531
10822,"<a href=""statss.aspx?playerid=10822&position=OF"">Todd Cunningham</a>",26.0,93.0,0.24370731089426123
16252,"<a href=""statss.aspx?playerid=16252&position=SS"">Trea Turner</a>",22.0,44.0,0.27806145223704254
9205,"<a href=""statss.aspx?playerid=9205&position=1B/OF"">Logan Morrison</a>",27.0,511.0,0.29772777982277443
8790,"<a href=""statss.aspx?playerid=8790&position=2B"">Cole Figueroa</a>",28.0,8.0,0.31406763195991516
1677,"<a href=""statss.aspx?playerid=1677&position=OF"">Shane Victorino</a>",34.0,204.0,0.2706001475453377
12768,"<a href=""statss.aspx?playerid=12768&position=P"">Sonny Gray</a>",25.0,6.0,0.14680397510528564
18,"<a href=""statss.aspx?playerid=18&position=P"">Neftali Feliz</a>",27.0,0.0,0.0
36,"<a href=""statss.aspx?playerid=36&position=P"">Xavier Cedeno</a>",28.0,0.0,0.0
177,"<a href=""statss.aspx?playerid=177&position=P"">Rafael Betancourt</a>",40.0,0.0,0.0
494,"<a href=""statss.aspx?playerid=494&position=P"">Fernando Rodney</a>",38.0,0.0,0.0
521,"<a href=""statss.aspx?playerid=521&position=P"">Jason Grilli</a>",38.0,0.0,0.0
718,"<a href=""statss.aspx?playerid=718&position=P"">Grant Balfour</a>",37.0,0.0,0.0
769,"<a href=""statss.aspx?playerid=769&position=P"">Bruce Chen</a>",38.0,0.0,0.0
888,"<a href=""statss.aspx?playerid=888&position=P"">Scott Carroll</a>",30.0,0.0,0.0
944,"<a href=""statss.aspx?playerid=944&position=P"">Barry Zito</a>",37.0,0.0,0.0
976,"<a href=""statss.aspx?playerid=976&position=P"">Randy Wolf</a>",38.0,0.0,0.0
979,"<a href=""statss.aspx?playerid=979&position=P"">Joe Beimel</a>",38.0,0.0,0.0
999,"<a href=""statss.aspx?playerid=999&position=P"">Aaron Thompson</a>",28.0,0.0,0.0
1100,"<a href=""statss.aspx?playerid=1100&position=P"">Rafael Soriano</a>",35.0,0.0,0.0
1122,"<a href=""statss.aspx?playerid=1122&position=P"">Joe Nathan</a>",40.0,0.0,0.0
1157,"<a href=""statss.aspx?playerid=1157&position=P"">Tommy Hunter</a>",28.0,0.0,0.0
1247,"<a href=""statss.aspx?playerid=1247&position=P"">Adam Ottavino</a>",29.0,0.0,0.0
1351,"<a href=""statss.aspx?playerid=1351&position=P"">Nick Hagadone</a>",29.0,0.0,0.0
1368,"<a href=""statss.aspx?playerid=1368&position=P"">Andrew Bailey</a>",31.0,0.0,0.0
1370,"<a href=""statss.aspx?playerid=1370&position=P"">Charlie Furbush</a>",29.0,0.0,0.0
1437,"<a href=""statss.aspx?playerid=1437&position=P"">Joaquin Benoit</a>",37.0,0.0,0.0
1478,"<a href=""statss.aspx?playerid=1478&position=P"">Felix Doubront</a>",27.0,0.0,0.0
1483,"<a href=""statss.aspx?playerid=1483&position=P"">Jon Edwards</a>",27.0,0.0,0.0
1514,"<a href=""statss.aspx?playerid=1514&position=P"">Oliver Perez</a>",33.0,0.0,0.0
1581,"<a href=""statss.aspx?playerid=1581&position=P"">Sean Doolittle</a>",28.0,0.0,0.0
1642,"<a href=""statss.aspx?playerid=1642&position=P"">Francisco Rodriguez</a>",33.0,0.0,0.0
1793,"<a href=""statss.aspx?playerid=1793&position=P"">Kevin Gregg</a>",37.0,0.0,0.0
1797,"<a href=""statss.aspx?playerid=1797&position=P"">Neal Cotts</a>",35.0,0.0,0.0
1837,"<a href=""statss.aspx?playerid=1837&position=P"">Matt Belisle</a>",35.0,0.0,0.0
1852,"<a href=""statss.aspx?playerid=1852&position=P"">Ryan Madson</a>",34.0,0.0,0.0
1906,"<a href=""statss.aspx?playerid=1906&position=P"">Jason Frasor</a>",37.0,0.0,0.0
1918,"<a href=""statss.aspx?playerid=1918&position=P"">Matt Thornton</a>",38.0,0.0,0.0
1994,"<a href=""statss.aspx?playerid=1994&position=P"">Ivan Nova</a>",28.0,0.0,0.0
2010,"<a href=""statss.aspx?playerid=2010&position=P"">Buddy Carlyle</a>",37.0,0.0,0.0
2170,"<a href=""statss.aspx?playerid=2170&position=P"">Chad Qualls</a>",36.0,0.0,0.0
2237,"<a href=""statss.aspx?playerid=2237&position=P"">Blaine Boyer</a>",33.0,0.0,0.0
2267,"<a href=""statss.aspx?playerid=2267&position=P"">Brandon Gomes</a>",30.0,0.0,0.0
2385,"<a href=""statss.aspx?playerid=2385&position=P"">Anthony Varvaro</a>",30.0,0.0,0.0
2391,"<a href=""statss.aspx?playerid=2391&position=P"">Hector Rondon</a>",27.0,0.0,0.0
2642,"<a href=""statss.aspx?playerid=2642&position=P"">Scott Atchison</a>",39.0,0.0,0.0
2646,"<a href=""statss.aspx?playerid=2646&position=P"">Brian Matusz</a>",28.0,0.0,0.0
2660,"<a href=""statss.aspx?playerid=2660&position=P"">Brett Cecil</a>",28.0,0.0,0.0
2692,"<a href=""statss.aspx?playerid=2692&position=P"">Joba Chamberlain</a>",29.0,0.0,0.0
2873,"<a href=""statss.aspx?playerid=2873&position=P"">Santiago Casilla</a>",34.0,0.0,0.0
2895,"<a href=""statss.aspx?playerid=2895&position=P"">Zach McAllister</a>",27.0,0.0,0.0
2951,"<a href=""statss.aspx?playerid=2951&position=P"">Josh Ravin</a>",27.0,0.0,0.0
3096,"<a href=""statss.aspx?playerid=3096&position=P"">Kenley Jansen</a>",27.0,0.0,0.0
3132,"<a href=""statss.aspx?playerid=3132&position=P"">Tony Watson</a>",30.0,0.0,0.0
3200,"<a href=""statss.aspx?playerid=3200&position=P"">Ervin Santana</a>",32.0,0.0,0.0
3237,"<a href=""statss.aspx?playerid=3237&position=P"">T.J. McFarland</a>",26.0,0.0,0.0
3240,"<a href=""statss.aspx?playerid=3240&position=P"">Zack Britton</a>",27.0,0.0,0.0
3243,"<a href=""statss.aspx?playerid=3243&position=P"">Angel Castro</a>",32.0,0.0,0.0
3271,"<a href=""statss.aspx?playerid=3271&position=P"">Jordan Walden</a>",27.0,0.0,0.0
3281,"<a href=""statss.aspx?playerid=3281&position=P"">Joe Smith</a>",31.0,0.0,0.0
3282,"<a href=""statss.aspx?playerid=3282&position=P"">Nate Adcock</a>",27.0,0.0,0.0
3292,"<a href=""statss.aspx?playerid=3292&position=P"">Hector Noesi</a>",28.0,0.0,0.0
3321,"<a href=""statss.aspx?playerid=3321&position=P"">Darren O'Day</a>",32.0,0.0,0.0
3357,"<a href=""statss.aspx?playerid=3357&position=P"">Cesar Ramos</a>",31.0,0.0,0.0
3397,"<a href=""statss.aspx?playerid=3397&position=P"">Jumbo Diaz</a>",31.0,0.0,0.0
3542,"<a href=""statss.aspx?playerid=3542&position=P"">Danny Duffy</a>",26.0,0.0,0.0
3599,"<a href=""statss.aspx?playerid=3599&position=P"">Brian Schlitter</a>",29.0,0.0,0.0
3642,"<a href=""statss.aspx?playerid=3642&position=P"">Kyle Davies</a>",31.0,0.0,0.0
3656,"<a href=""statss.aspx?playerid=3656&position=P"">Jim Johnson</a>",32.0,0.0,0.0
3732,"<a href=""statss.aspx?playerid=3732&position=P"">Everett Teaford</a>",31.0,0.0,0.0
3762,"<a href=""statss.aspx?playerid=3762&position=P"">Cesar Jimenez</a>",30.0,0.0,0.0
3840,"<a href=""statss.aspx?playerid=3840&position=P"">Zach Duke</a>",32.0,0.0,0.0
3886,"<a href=""statss.aspx?playerid=3886&position=P"">Gavin Floyd</a>",32.0,0.0,0.0
3895,"<a href=""statss.aspx?playerid=3895&position=P"">Enrique Burgos</a>",24.0,0.0,0.0
3926,"<a href=""statss.aspx?playerid=3926&position=P"">Casey Fien</a>",31.0,0.0,0.0
3959,"<a href=""statss.aspx?playerid=3959&position=P"">David Carpenter</a>",29.0,0.0,0.0
3970,"<a href=""statss.aspx?playerid=3970&position=P"">Edward Mujica</a>",31.0,0.0,0.0
4001,"<a href=""statss.aspx?playerid=4001&position=P"">Enny Romero</a>",24.0,0.0,0.0
4002,"<a href=""statss.aspx?playerid=4002&position=P"">Marcus Hatley</a>",27.0,0.0,0.0
4053,"<a href=""statss.aspx?playerid=4053&position=P"">Steve Johnson</a>",27.0,0.0,0.0
4070,"<a href=""statss.aspx?playerid=4070&position=P"">Pedro Strop</a>",30.0,0.0,0.0
4079,"<a href=""statss.aspx?playerid=4079&position=P"">Junichi Tazawa</a>",29.0,0.0,0.0
4090,"<a href=""statss.aspx?playerid=4090&position=P"">Luke Gregerson</a>",31.0,0.0,0.0
4141,"<a href=""statss.aspx?playerid=4141&position=P"">Derek Holland</a>",28.0,0.0,0.0
4259,"<a href=""statss.aspx?playerid=4259&position=P"">David Hernandez</a>",30.0,0.0,0.0
4264,"<a href=""statss.aspx?playerid=4264&position=P"">Mark Melancon</a>",30.0,0.0,0.0
4279,"<a href=""statss.aspx?playerid=4279&position=P"">Manny Parra</a>",32.0,0.0,0.0
4300,"<a href=""statss.aspx?playerid=4300&position=P"">Matt Albers</a>",32.0,0.0,0.0
4301,"<a href=""statss.aspx?playerid=4301&position=P"">Justin Wilson</a>",27.0,0.0,0.0
4359,"<a href=""statss.aspx?playerid=4359&position=P"">Kyle Drabek</a>",27.0,0.0,0.0
4363,"<a href=""statss.aspx?playerid=4363&position=P"">Craig Breslow</a>",34.0,0.0,0.0
4420,"<a href=""statss.aspx?playerid=4420&position=P"">Brad Mills</a>",30.0,0.0,0.0
4620,"<a href=""statss.aspx?playerid=4620&position=P"">Joe Thatcher</a>",33.0,0.0,0.0
4682,"<a href=""statss.aspx?playerid=4682&position=P"">Pat Neshek</a>",34.0,0.0,0.0
4684,"<a href=""statss.aspx?playerid=4684&position=P"">Jeff Francis</a>",34.0,0.0,0.0
4696,"<a href=""statss.aspx?playerid=4696&position=P"">Nate Jones</a>",29.0,0.0,0.0
4734,"<a href=""statss.aspx?playerid=4734&position=P"">Sergio Santos</a>",31.0,0.0,0.0
4741,"<a href=""statss.aspx?playerid=4741&position=P"">Donnie Veal</a>",30.0,0.0,0.0
4759,"<a href=""statss.aspx?playerid=4759&position=P"">Jonathan Broxton</a>",31.0,0.0,0.0
4782,"<a href=""statss.aspx?playerid=4782&position=P"">Vinnie Pestano</a>",30.0,0.0,0.0
4806,"<a href=""statss.aspx?playerid=4806&position=P"">Rich Hill</a>",35.0,0.0,0.0
4858,"<a href=""statss.aspx?playerid=4858&position=P"">Ryan Kelly</a>",27.0,0.0,0.0
4878,"<a href=""statss.aspx?playerid=4878&position=P"">Brandon Maurer</a>",24.0,0.0,0.0
4891,"<a href=""statss.aspx?playerid=4891&position=P"">Peter Moylan</a>",36.0,0.0,0.0
4971,"<a href=""statss.aspx?playerid=4971&position=P"">Fernando Salas</a>",30.0,0.0,0.0
4994,"<a href=""statss.aspx?playerid=4994&position=P"">Fernando Abad</a>",29.0,0.0,0.0
5003,"<a href=""statss.aspx?playerid=5003&position=P"">Jake Diekman</a>",28.0,0.0,0.0
5028,"<a href=""statss.aspx?playerid=5028&position=P"">Bo Schultz</a>",29.0,0.0,0.0
5032,"<a href=""statss.aspx?playerid=5032&position=P"">Dale Thayer</a>",34.0,0.0,0.0
5070,"<a href=""statss.aspx?playerid=5070&position=P"">Josh Fields</a>",29.0,0.0,0.0
5088,"<a href=""statss.aspx?playerid=5088&position=P"">Franklin Morales</a>",29.0,0.0,0.0
5114,"<a href=""statss.aspx?playerid=5114&position=P"">Jeurys Familia</a>",25.0,0.0,0.0
5177,"<a href=""statss.aspx?playerid=5177&position=P"">C.C. Lee</a>",28.0,0.0,0.0
5178,"<a href=""statss.aspx?playerid=5178&position=P"">Ernesto Frieri</a>",29.0,0.0,0.0
5195,"<a href=""statss.aspx?playerid=5195&position=P"">Edgar Ibarra</a>",26.0,0.0,0.0
5231,"<a href=""statss.aspx?playerid=5231&position=P"">Vin Mazzaro</a>",28.0,0.0,0.0
5285,"<a href=""statss.aspx?playerid=5285&position=P"">Samuel Deduno</a>",31.0,0.0,0.0
5358,"<a href=""statss.aspx?playerid=5358&position=P"">Jose Alvarez</a>",26.0,0.0,0.0
5401,"<a href=""statss.aspx?playerid=5401&position=P"">Brad Peacock</a>",27.0,0.0,0.0
5420,"<a href=""statss.aspx?playerid=5420&position=P"">Pedro Baez</a>",27.0,0.0,0.0
5498,"<a href=""statss.aspx?playerid=5498&position=P"">Arodys Vizcaino</a>",24.0,0.0,0.0
5508,"<a href=""statss.aspx?playerid=5508&position=P"">Dana Eveland</a>",31.0,0.0,0.0
5525,"<a href=""statss.aspx?playerid=5525&position=P"">Boone Logan</a>",30.0,0.0,0.0
5535,"<a href=""statss.aspx?playerid=5535&position=P"">Phil Coke</a>",32.0,0.0,0.0
5559,"<a href=""statss.aspx?playerid=5559&position=P"">Jo-Jo Reyes</a>",30.0,0.0,0.0
5595,"<a href=""statss.aspx?playerid=5595&position=P"">Arnold Leon</a>",26.0,0.0,0.0
5679,"<a href=""statss.aspx?playerid=5679&position=P"">Brooks Brown</a>",30.0,0.0,0.0
5702,"<a href=""statss.aspx?playerid=5702&position=P"">Junior Guerra</a>",30.0,0.0,0.0
5744,"<a href=""statss.aspx?playerid=5744&position=P"">Jose De Paula</a>",25.0,0.0,0.0
5746,"<a href=""statss.aspx?playerid=5746&position=P"">Eric O'Flaherty</a>",30.0,0.0,0.0
5766,"<a href=""statss.aspx?playerid=5766&position=P"">Bruce Rondon</a>",24.0,0.0,0.0
5791,"<a href=""statss.aspx?playerid=5791&position=P"">Jorge Rondon</a>",27.0,0.0,0.0
5861,"<a href=""statss.aspx?playerid=5861&position=P"">Jason Motte</a>",33.0,0.0,0.0
5960,"<a href=""statss.aspx?playerid=5960&position=P"">Wesley Wright</a>",30.0,0.0,0.0
5975,"<a href=""statss.aspx?playerid=5975&position=P"">Jonathan Papelbon</a>",34.0,0.0,0.0
6033,"<a href=""statss.aspx?playerid=6033&position=P"">Kelvin Herrera</a>",25.0,0.0,0.0
6127,"<a href=""statss.aspx?playerid=6127&position=P"">Juan Jaime</a>",27.0,0.0,0.0
6166,"<a href=""statss.aspx?playerid=6166&position=P"">Logan Kensing</a>",32.0,0.0,0.0
6204,"<a href=""statss.aspx?playerid=6204&position=P"">Shaun Marcum</a>",33.0,0.0,0.0
6216,"<a href=""statss.aspx?playerid=6216&position=P"">Dellin Betances</a>",27.0,0.0,0.0
6238,"<a href=""statss.aspx?playerid=6238&position=P"">Diego Moreno</a>",27.0,0.0,0.0
6244,"<a href=""statss.aspx?playerid=6244&position=P"">Tom Gorzelanny</a>",32.0,0.0,0.0
6317,"<a href=""statss.aspx?playerid=6317&position=P"">Esmil Rogers</a>",29.0,0.0,0.0
6324,"<a href=""statss.aspx?playerid=6324&position=P"">Al Alburquerque</a>",29.0,0.0,0.0
6329,"<a href=""statss.aspx?playerid=6329&position=P"">John Danks</a>",30.0,0.0,0.0
6415,"<a href=""statss.aspx?playerid=6415&position=P"">Stolmy Pimentel</a>",25.0,0.0,0.0
6432,"<a href=""statss.aspx?playerid=6432&position=P"">Tim Stauffer</a>",33.0,0.0,0.0
6483,"<a href=""statss.aspx?playerid=6483&position=P"">Steve Cishek</a>",29.0,0.0,0.0
6612,"<a href=""statss.aspx?playerid=6612&position=P"">Marc Rzepczynski</a>",29.0,0.0,0.0
6627,"<a href=""statss.aspx?playerid=6627&position=P"">Brad Brach</a>",29.0,0.0,0.0
6661,"<a href=""statss.aspx?playerid=6661&position=P"">Alex Colome</a>",26.0,0.0,0.0
6741,"<a href=""statss.aspx?playerid=6741&position=P"">Cesar Cabral</a>",26.0,0.0,0.0
6785,"<a href=""statss.aspx?playerid=6785&position=P"">Andrew Miller</a>",30.0,0.0,0.0
6819,"<a href=""statss.aspx?playerid=6819&position=P"">Robbie Ross Jr.</a>",26.0,0.0,0.0
6832,"<a href=""statss.aspx?playerid=6832&position=P"">Sam Freeman</a>",28.0,0.0,0.0
6865,"<a href=""statss.aspx?playerid=6865&position=P"">Jeff Manship</a>",30.0,0.0,0.0
6869,"<a href=""statss.aspx?playerid=6869&position=P"">Marcos Mateo</a>",31.0,0.0,0.0
6941,"<a href=""statss.aspx?playerid=6941&position=P"">Joakim Soria</a>",31.0,0.0,0.0
6943,"<a href=""statss.aspx?playerid=6943&position=P"">Luke Hochevar</a>",31.0,0.0,0.0
6955,"<a href=""statss.aspx?playerid=6955&position=P"">Yohan Pino</a>",31.0,0.0,0.0
6983,"<a href=""statss.aspx?playerid=6983&position=P"">Drew Storen</a>",27.0,0.0,0.0
6984,"<a href=""statss.aspx?playerid=6984&position=P"">Luis Garcia</a>",28.0,0.0,0.0
7005,"<a href=""statss.aspx?playerid=7005&position=P"">Ryan Pressly</a>",26.0,0.0,0.0
7169,"<a href=""statss.aspx?playerid=7169&position=P"">Ryan Mattheus</a>",31.0,0.0,0.0
7196,"<a href=""statss.aspx?playerid=7196&position=P"">Greg Holland</a>",29.0,0.0,0.0
7267,"<a href=""statss.aspx?playerid=7267&position=P"">Nick Masset</a>",33.0,0.0,0.0
7274,"<a href=""statss.aspx?playerid=7274&position=P"">Craig Stammen</a>",31.0,0.0,0.0
7293,"<a href=""statss.aspx?playerid=7293&position=P"">Brad Ziegler</a>",35.0,0.0,0.0
7303,"<a href=""statss.aspx?playerid=7303&position=P"">Preston Guilmet</a>",27.0,0.0,0.0
7355,"<a href=""statss.aspx?playerid=7355&position=P"">Casey Janssen</a>",33.0,0.0,0.0
7385,"<a href=""statss.aspx?playerid=7385&position=P"">Dan Otero</a>",30.0,0.0,0.0
7407,"<a href=""statss.aspx?playerid=7407&position=P"">Javy Guerra</a>",29.0,0.0,0.0
7416,"<a href=""statss.aspx?playerid=7416&position=P"">Mark Lowe</a>",32.0,0.0,0.0
7432,"<a href=""statss.aspx?playerid=7432&position=P"">Jay Jackson</a>",27.0,0.0,0.0
7441,"<a href=""statss.aspx?playerid=7441&position=P"">Wade Davis</a>",29.0,0.0,0.0
7466,"<a href=""statss.aspx?playerid=7466&position=P"">Anthony Swarzak</a>",29.0,0.0,0.0
7474,"<a href=""statss.aspx?playerid=7474&position=P"">Ryan Webb</a>",29.0,0.0,0.0
7501,"<a href=""statss.aspx?playerid=7501&position=P"">Tommy Layne</a>",30.0,0.0,0.0
7525,"<a href=""statss.aspx?playerid=7525&position=P"">Evan Scribner</a>",29.0,0.0,0.0
7550,"<a href=""statss.aspx?playerid=7550&position=P"">Jake McGee</a>",28.0,0.0,0.0
7555,"<a href=""statss.aspx?playerid=7555&position=P"">Nick Vincent</a>",28.0,0.0,0.0
7558,"<a href=""statss.aspx?playerid=7558&position=P"">Fernando Rodriguez</a>",31.0,0.0,0.0
7560,"<a href=""statss.aspx?playerid=7560&position=P"">Colt Hynes</a>",30.0,0.0,0.0
7677,"<a href=""statss.aspx?playerid=7677&position=P"">Neil Ramirez</a>",26.0,0.0,0.0
7758,"<a href=""statss.aspx?playerid=7758&position=P"">Bobby LaFromboise</a>",29.0,0.0,0.0
7773,"<a href=""statss.aspx?playerid=7773&position=P"">Shawn Kelley</a>",31.0,0.0,0.0
7841,"<a href=""statss.aspx?playerid=7841&position=P"">Jerry Blevins</a>",31.0,0.0,0.0
7853,"<a href=""statss.aspx?playerid=7853&position=P"">Andrew Albers</a>",29.0,0.0,0.0
7947,"<a href=""statss.aspx?playerid=7947&position=P"">Cory Gearrin</a>",29.0,0.0,0.0
7980,"<a href=""statss.aspx?playerid=7980&position=P"">Matt West</a>",26.0,0.0,0.0
7982,"<a href=""statss.aspx?playerid=7982&position=P"">Anthony Bass</a>",27.0,0.0,0.0
8041,"<a href=""statss.aspx?playerid=8041&position=P"">Glen Perkins</a>",32.0,0.0,0.0
8044,"<a href=""statss.aspx?playerid=8044&position=P"">Jason Vargas</a>",32.0,0.0,0.0
8048,"<a href=""statss.aspx?playerid=8048&position=P"">Will Smith</a>",25.0,0.0,0.0
8110,"<a href=""statss.aspx?playerid=8110&position=P"">Bryan Shaw</a>",27.0,0.0,0.0
8180,"<a href=""statss.aspx?playerid=8180&position=P"">Kevin Siegrist</a>",25.0,0.0,0.0
8182,"<a href=""statss.aspx?playerid=8182&position=P"">Nick Greenwood</a>",27.0,0.0,0.0
8241,"<a href=""statss.aspx?playerid=8241&position=P"">David Robertson</a>",30.0,0.0,0.0
8245,"<a href=""statss.aspx?playerid=8245&position=P"">J.P. Howell</a>",32.0,0.0,0.0
8258,"<a href=""statss.aspx?playerid=8258&position=P"">Huston Street</a>",31.0,0.0,0.0
8268,"<a href=""statss.aspx?playerid=8268&position=P"">Ross Ohlendorf</a>",32.0,0.0,0.0
8280,"<a href=""statss.aspx?playerid=8280&position=P"">Tony Sipp</a>",31.0,0.0,0.0
8302,"<a href=""statss.aspx?playerid=8302&position=P"">JC Ramirez</a>",26.0,0.0,0.0
8337,"<a href=""statss.aspx?playerid=8337&position=P"">Lucas Luetge</a>",28.0,0.0,0.0
8350,"<a href=""statss.aspx?playerid=8350&position=P"">AJ Ramos</a>",28.0,0.0,0.0
8402,"<a href=""statss.aspx?playerid=8402&position=P"">Steve Geltz</a>",27.0,0.0,0.0
8421,"<a href=""statss.aspx?playerid=8421&position=P"">Adam Wilk</a>",27.0,0.0,0.0
8476,"<a href=""statss.aspx?playerid=8476&position=P"">Jenrry Mejia</a>",25.0,0.0,0.0
8501,"<a href=""statss.aspx?playerid=8501&position=P"">Danny Farquhar</a>",28.0,0.0,0.0
8504,"<a href=""statss.aspx?playerid=8504&position=P"">Jeff Beliveau</a>",28.0,0.0,0.0
8505,"<a href=""statss.aspx?playerid=8505&position=P"">Michael Kohn</a>",29.0,0.0,0.0
8700,"<a href=""statss.aspx?playerid=8700&position=P"">Justin Verlander</a>",32.0,0.0,0.0
8823,"<a href=""statss.aspx?playerid=8823&position=P"">Oliver Drake</a>",28.0,0.0,0.0
8855,"<a href=""statss.aspx?playerid=8855&position=P"">Ryan Cook</a>",28.0,0.0,0.0
8887,"<a href=""statss.aspx?playerid=8887&position=P"">Matt Reynolds</a>",30.0,0.0,0.0
8992,"<a href=""statss.aspx?playerid=8992&position=P"">Arquimedes Caminero</a>",28.0,0.0,0.0
9037,"<a href=""statss.aspx?playerid=9037&position=P"">J.J. Hoover</a>",27.0,0.0,0.0
9059,"<a href=""statss.aspx?playerid=9059&position=P"">John Axford</a>",32.0,0.0,0.0
9073,"<a href=""statss.aspx?playerid=9073&position=P"">Kirby Yates</a>",28.0,0.0,0.0
9080,"<a href=""statss.aspx?playerid=9080&position=P"">Zach Putnam</a>",27.0,0.0,0.0
9121,"<a href=""statss.aspx?playerid=9121&position=P"">T.J. House</a>",25.0,0.0,0.0
9178,"<a href=""statss.aspx?playerid=9178&position=P"">Kyle Lobstein</a>",25.0,0.0,0.0
9227,"<a href=""statss.aspx?playerid=9227&position=P"">Koji Uehara</a>",40.0,0.0,0.0
9239,"<a href=""statss.aspx?playerid=9239&position=P"">Alex Wilson</a>",28.0,0.0,0.0
9243,"<a href=""statss.aspx?playerid=9243&position=P"">Simon Castro</a>",27.0,0.0,0.0
9244,"<a href=""statss.aspx?playerid=9244&position=P"">David Carpenter</a>",27.0,0.0,0.0
9286,"<a href=""statss.aspx?playerid=9286&position=P"">Rob Scahill</a>",28.0,0.0,0.0
9388,"<a href=""statss.aspx?playerid=9388&position=P"">Josh Tomlin</a>",30.0,0.0,0.0
9419,"<a href=""statss.aspx?playerid=9419&position=P"">Zac Rosscup</a>",27.0,0.0,0.0
9460,"<a href=""statss.aspx?playerid=9460&position=P"">Dan Straily</a>",26.0,0.0,0.0
9490,"<a href=""statss.aspx?playerid=9490&position=P"">Jeremy Jeffress</a>",27.0,0.0,0.0
9720,"<a href=""statss.aspx?playerid=9720&position=P"">Louis Coleman</a>",29.0,0.0,0.0
9784,"<a href=""statss.aspx?playerid=9784&position=P"">Garrett Richards</a>",27.0,0.0,0.0
9794,"<a href=""statss.aspx?playerid=9794&position=P"">Rex Brothers</a>",27.0,0.0,0.0
9866,"<a href=""statss.aspx?playerid=9866&position=P"">Chaz Roe</a>",28.0,0.0,0.0
9894,"<a href=""statss.aspx?playerid=9894&position=P"">Mike Broadway</a>",28.0,0.0,0.0
9901,"<a href=""statss.aspx?playerid=9901&position=P"">Chris Volstad</a>",28.0,0.0,0.0
9926,"<a href=""statss.aspx?playerid=9926&position=P"">Bobby Parnell</a>",30.0,0.0,0.0
9943,"<a href=""statss.aspx?playerid=9943&position=P"">Todd Redmond</a>",30.0,0.0,0.0
9975,"<a href=""statss.aspx?playerid=9975&position=P"">Tom Wilhelmsen</a>",31.0,0.0,0.0
10066,"<a href=""statss.aspx?playerid=10066&position=P"">Ian Krol</a>",24.0,0.0,0.0
10075,"<a href=""statss.aspx?playerid=10075&position=P"">Caleb Cotham</a>",27.0,0.0,0.0
10078,"<a href=""statss.aspx?playerid=10078&position=P"">Caleb Thielbar</a>",28.0,0.0,0.0
10133,"<a href=""statss.aspx?playerid=10133&position=P"">Brad Boxberger</a>",27.0,0.0,0.0
10171,"<a href=""statss.aspx?playerid=10171&position=P"">Jose Ramirez</a>",25.0,0.0,0.0
10174,"<a href=""statss.aspx?playerid=10174&position=P"">Edgar Olmos</a>",25.0,0.0,0.0
10234,"<a href=""statss.aspx?playerid=10234&position=P"">Bryan Morris</a>",28.0,0.0,0.0
10258,"<a href=""statss.aspx?playerid=10258&position=P"">Rafael Martin</a>",31.0,0.0,0.0
10261,"<a href=""statss.aspx?playerid=10261&position=P"">Alexi Ogando</a>",31.0,0.0,0.0
10267,"<a href=""statss.aspx?playerid=10267&position=P"">Tanner Scheppers</a>",28.0,0.0,0.0
10291,"<a href=""statss.aspx?playerid=10291&position=P"">Ryan Tepera</a>",27.0,0.0,0.0
10307,"<a href=""statss.aspx?playerid=10307&position=P"">Roman Mendez</a>",24.0,0.0,0.0
10315,"<a href=""statss.aspx?playerid=10315&position=P"">Michael Tonkin</a>",25.0,0.0,0.0
10326,"<a href=""statss.aspx?playerid=10326&position=P"">Chad Jenkins</a>",27.0,0.0,0.0
10330,"<a href=""statss.aspx?playerid=10330&position=P"">Giovanni Soto</a>",24.0,0.0,0.0
10343,"<a href=""statss.aspx?playerid=10343&position=P"">Aaron Loup</a>",27.0,0.0,0.0
10386,"<a href=""statss.aspx?playerid=10386&position=P"">Carlos Contreras</a>",24.0,0.0,0.0
10430,"<a href=""statss.aspx?playerid=10430&position=P"">Mychal Givens</a>",25.0,0.0,0.0
10481,"<a href=""statss.aspx?playerid=10481&position=P"">Shawn Tolleson</a>",27.0,0.0,0.0
10498,"<a href=""statss.aspx?playerid=10498&position=P"">Yoervis Medina</a>",26.0,0.0,0.0
10534,"<a href=""statss.aspx?playerid=10534&position=P"">Jake Petricka</a>",27.0,0.0,0.0
10558,"<a href=""statss.aspx?playerid=10558&position=P"">Daniel Webb</a>",25.0,0.0,0.0
10591,"<a href=""statss.aspx?playerid=10591&position=P"">Scott Alexander</a>",25.0,0.0,0.0
10606,"<a href=""statss.aspx?playerid=10606&position=P"">Seth Rosin</a>",26.0,0.0,0.0
10657,"<a href=""statss.aspx?playerid=10657&position=P"">Andrew Bellatti</a>",23.0,0.0,0.0
10732,"<a href=""statss.aspx?playerid=10732&position=P"">Drew Hutchison</a>",24.0,0.0,0.0
10835,"<a href=""statss.aspx?playerid=10835&position=P"">Michael Mariot</a>",26.0,0.0,0.0
10836,"<a href=""statss.aspx?playerid=10836&position=P"">Asher Wojciechowski</a>",26.0,0.0,0.0
10855,"<a href=""statss.aspx?playerid=10855&position=P"">Chasen Shreve</a>",24.0,0.0,0.0
10938,"<a href=""statss.aspx?playerid=10938&position=P"">Kenneth Roberts</a>",27.0,0.0,0.0
10962,"<a href=""statss.aspx?playerid=10962&position=P"">Jake Buchanan</a>",25.0,0.0,0.0
10976,"<a href=""statss.aspx?playerid=10976&position=P"">Ryan O'Rourke</a>",27.0,0.0,0.0
10982,"<a href=""statss.aspx?playerid=10982&position=P"">Chase Whitley</a>",26.0,0.0,0.0
11050,"<a href=""statss.aspx?playerid=11050&position=P"">Christopher Rearick</a>",27.0,0.0,0.0
11166,"<a href=""statss.aspx?playerid=11166&position=P"">Yhonathan Barrios</a>",23.0,0.0,0.0
11189,"<a href=""statss.aspx?playerid=11189&position=P"">Vince Velasquez</a>",23.0,0.0,0.0
11193,"<a href=""statss.aspx?playerid=11193&position=P"">C.J. Riefenhauser</a>",25.0,0.0,0.0
11240,"<a href=""statss.aspx?playerid=11240&position=P"">Kevin Chapman</a>",27.0,0.0,0.0
11243,"<a href=""statss.aspx?playerid=11243&position=P"">Aaron Barrett</a>",27.0,0.0,0.0
11250,"<a href=""statss.aspx?playerid=11250&position=P"">Rob Rasmussen</a>",26.0,0.0,0.0
11341,"<a href=""statss.aspx?playerid=11341&position=P"">Sean Nolin</a>",25.0,0.0,0.0
11384,"<a href=""statss.aspx?playerid=11384&position=P"">Tommy Kahnle</a>",25.0,0.0,0.0
11387,"<a href=""statss.aspx?playerid=11387&position=P"">A.J. Achter</a>",26.0,0.0,0.0
11397,"<a href=""statss.aspx?playerid=11397&position=P"">Daniel Burawa</a>",26.0,0.0,0.0
11426,"<a href=""statss.aspx?playerid=11426&position=P"">Drew Pomeranz</a>",26.0,0.0,0.0
11432,"<a href=""statss.aspx?playerid=11432&position=P"">A.J. Schugel</a>",26.0,0.0,0.0
11449,"<a href=""statss.aspx?playerid=11449&position=P"">Matt Grace</a>",26.0,0.0,0.0
11490,"<a href=""statss.aspx?playerid=11490&position=P"">Aaron Sanchez</a>",22.0,0.0,0.0
11506,"<a href=""statss.aspx?playerid=11506&position=P"">Jeff Ferrell</a>",24.0,0.0,0.0
11509,"<a href=""statss.aspx?playerid=11509&position=P"">Brandon Cunniff</a>",26.0,0.0,0.0
11571,"<a href=""statss.aspx?playerid=11571&position=P"">Jose Dominguez</a>",24.0,0.0,0.0
11632,"<a href=""statss.aspx?playerid=11632&position=P"">Heath Hembree</a>",26.0,0.0,0.0
11652,"<a href=""statss.aspx?playerid=11652&position=P"">Toru Murata</a>",30.0,0.0,0.0
11663,"<a href=""statss.aspx?playerid=11663&position=P"">Mayckol Guaipe</a>",24.0,0.0,0.0
11710,"<a href=""statss.aspx?playerid=11710&position=P"">Sam Dyson</a>",27.0,0.0,0.0
11752,"<a href=""statss.aspx?playerid=11752&position=P"">Luke Jackson</a>",23.0,0.0,0.0
11753,"<a href=""statss.aspx?playerid=11753&position=P"">Kyle Ryan</a>",23.0,0.0,0.0
11760,"<a href=""statss.aspx?playerid=11760&position=P"">Drew Smyly</a>",26.0,0.0,0.0
11801,"<a href=""statss.aspx?playerid=11801&position=P"">Hansel Robles</a>",24.0,0.0,0.0
11827,"<a href=""statss.aspx?playerid=11827&position=P"">Steve Delabar</a>",31.0,0.0,0.0
11847,"<a href=""statss.aspx?playerid=11847&position=P"">Chris Martin</a>",29.0,0.0,0.0
11867,"<a href=""statss.aspx?playerid=11867&position=P"">Brett Bochy</a>",27.0,0.0,0.0
11903,"<a href=""statss.aspx?playerid=11903&position=P"">Michael Feliz</a>",22.0,0.0,0.0
11928,"<a href=""statss.aspx?playerid=11928&position=P"">David Rollins</a>",25.0,0.0,0.0
12042,"<a href=""statss.aspx?playerid=12042&position=P"">J.R. Graham</a>",25.0,0.0,0.0
12056,"<a href=""statss.aspx?playerid=12056&position=P"">Scott McGough</a>",25.0,0.0,0.0
12076,"<a href=""statss.aspx?playerid=12076&position=P"">Felipe Vazquez</a>",23.0,0.0,0.0
12095,"<a href=""statss.aspx?playerid=12095&position=P"">Yimi Garcia</a>",24.0,0.0,0.0
12165,"<a href=""statss.aspx?playerid=12165&position=P"">Matt Stites</a>",25.0,0.0,0.0
12183,"<a href=""statss.aspx?playerid=12183&position=P"">Cody Allen</a>",26.0,0.0,0.0
12185,"<a href=""statss.aspx?playerid=12185&position=P"">Akeel Morris</a>",22.0,0.0,0.0
12232,"<a href=""statss.aspx?playerid=12232&position=P"">Cody Hall</a>",27.0,0.0,0.0
12237,"<a href=""statss.aspx?playerid=12237&position=P"">Dan Winkler</a>",25.0,0.0,0.0
12240,"<a href=""statss.aspx?playerid=12240&position=P"">Matthew Tracy</a>",26.0,0.0,0.0
12253,"<a href=""statss.aspx?playerid=12253&position=P"">Nefi Ogando</a>",26.0,0.0,0.0
12264,"<a href=""statss.aspx?playerid=12264&position=P"">Colton Murray</a>",25.0,0.0,0.0
12277,"<a href=""statss.aspx?playerid=12277&position=P"">Leonel Campos</a>",27.0,0.0,0.0
12297,"<a href=""statss.aspx?playerid=12297&position=P"">Evan Marshall</a>",25.0,0.0,0.0
12360,"<a href=""statss.aspx?playerid=12360&position=P"">Kevin Quackenbush</a>",26.0,0.0,0.0
12361,"<a href=""statss.aspx?playerid=12361&position=P"">Spencer Patton</a>",27.0,0.0,0.0
12364,"<a href=""statss.aspx?playerid=12364&position=P"">John Cornely</a>",26.0,0.0,0.0
12385,"<a href=""statss.aspx?playerid=12385&position=P"">Nick Tropeano</a>",24.0,0.0,0.0
12499,"<a href=""statss.aspx?playerid=12499&position=P"">Drew Rucinski</a>",26.0,0.0,0.0
12515,"<a href=""statss.aspx?playerid=12515&position=P"">Taylor Hill</a>",26.0,0.0,0.0
12520,"<a href=""statss.aspx?playerid=12520&position=P"">Erik Johnson</a>",25.0,0.0,0.0
12537,"<a href=""statss.aspx?playerid=12537&position=P"">Cory Mazzoni</a>",25.0,0.0,0.0
12562,"<a href=""statss.aspx?playerid=12562&position=P"">Jack Leathersich</a>",24.0,0.0,0.0
12669,"<a href=""statss.aspx?playerid=12669&position=P"">Guido Knudson</a>",25.0,0.0,0.0
12673,"<a href=""statss.aspx?playerid=12673&position=P"">Roenis Elias</a>",26.0,0.0,0.0
12675,"<a href=""statss.aspx?playerid=12675&position=P"">Phil Klein</a>",26.0,0.0,0.0
12718,"<a href=""statss.aspx?playerid=12718&position=P"">Adrian Houser</a>",22.0,0.0,0.0
12774,"<a href=""statss.aspx?playerid=12774&position=P"">Jairo Diaz</a>",24.0,0.0,0.0
12800,"<a href=""statss.aspx?playerid=12800&position=P"">Noe Ramirez</a>",25.0,0.0,0.0
12801,"<a href=""statss.aspx?playerid=12801&position=P"">Chris Reed</a>",25.0,0.0,0.0
12833,"<a href=""statss.aspx?playerid=12833&position=P"">Alex Meyer</a>",25.0,0.0,0.0
12857,"<a href=""statss.aspx?playerid=12857&position=P"">Shawn Armstrong</a>",24.0,0.0,0.0
12863,"<a href=""statss.aspx?playerid=12863&position=P"">Matt Barnes</a>",25.0,0.0,0.0
12876,"<a href=""statss.aspx?playerid=12876&position=P"">Tony Zych</a>",24.0,0.0,0.0
12890,"<a href=""statss.aspx?playerid=12890&position=P"">Alex Claudio</a>",23.0,0.0,0.0
12910,"<a href=""statss.aspx?playerid=12910&position=P"">Ken Giles</a>",24.0,0.0,0.0
12962,"<a href=""statss.aspx?playerid=12962&position=P"">Abel De Los Santos</a>",22.0,0.0,0.0
12982,"<a href=""statss.aspx?playerid=12982&position=P"">Andrew Faulkner</a>",22.0,0.0,0.0
13071,"<a href=""statss.aspx?playerid=13071&position=P"">Wei-Yin Chen</a>",29.0,0.0,0.0
13144,"<a href=""statss.aspx?playerid=13144&position=P"">Frank Garces</a>",25.0,0.0,0.0
13172,"<a href=""statss.aspx?playerid=13172&position=P"">Carson Smith</a>",25.0,0.0,0.0
13323,"<a href=""statss.aspx?playerid=13323&position=P"">James Pazos</a>",24.0,0.0,0.0
13360,"<a href=""statss.aspx?playerid=13360&position=P"">Cam Bedrosian</a>",23.0,0.0,0.0
13398,"<a href=""statss.aspx?playerid=13398&position=P"">Paco Rodriguez</a>",24.0,0.0,0.0
13401,"<a href=""statss.aspx?playerid=13401&position=P"">R.J. Alvarez</a>",24.0,0.0,0.0
13415,"<a href=""statss.aspx?playerid=13415&position=P"">Angel Nesbitt</a>",24.0,0.0,0.0
13418,"<a href=""statss.aspx?playerid=13418&position=P"">Chris Beck</a>",24.0,0.0,0.0
13424,"<a href=""statss.aspx?playerid=13424&position=P"">Drew VerHagen</a>",24.0,0.0,0.0
13431,"<a href=""statss.aspx?playerid=13431&position=P"">Marcus Stroman</a>",24.0,0.0,0.0
13442,"<a href=""statss.aspx?playerid=13442&position=P"">Mike Morin</a>",24.0,0.0,0.0
13485,"<a href=""statss.aspx?playerid=13485&position=P"">Sam Tuivailala</a>",22.0,0.0,0.0
13604,"<a href=""statss.aspx?playerid=13604&position=P"">Chad Smith</a>",25.0,0.0,0.0
13685,"<a href=""statss.aspx?playerid=13685&position=P"">Nick Goody</a>",23.0,0.0,0.0
13713,"<a href=""statss.aspx?playerid=13713&position=P"">Kyle Barraclough</a>",25.0,0.0,0.0
13758,"<a href=""statss.aspx?playerid=13758&position=P"">Tyler Duffey</a>",24.0,0.0,0.0
13763,"<a href=""statss.aspx?playerid=13763&position=P"">Dominic Leone</a>",23.0,0.0,0.0
13764,"<a href=""statss.aspx?playerid=13764&position=P"">Roberto Osuna</a>",20.0,0.0,0.0
13911,"<a href=""statss.aspx?playerid=13911&position=P"">Scott Oberg</a>",25.0,0.0,0.0
13974,"<a href=""statss.aspx?playerid=13974&position=P"">Ryan Dull</a>",25.0,0.0,0.0
14077,"<a href=""statss.aspx?playerid=14077&position=P"">Raudel Lazo</a>",26.0,0.0,0.0
14107,"<a href=""statss.aspx?playerid=14107&position=P"">Kevin Gausman</a>",24.0,0.0,0.0
14139,"<a href=""statss.aspx?playerid=14139&position=P"">Miguel Almonte</a>",22.0,0.0,0.0
14239,"<a href=""statss.aspx?playerid=14239&position=P"">Dario Alvarez</a>",26.0,0.0,0.0
14272,"<a href=""statss.aspx?playerid=14272&position=P"">Brian Johnson</a>",24.0,0.0,0.0
14309,"<a href=""statss.aspx?playerid=14309&position=P"">Frankie Montas</a>",22.0,0.0,0.0
14443,"<a href=""statss.aspx?playerid=14443&position=P"">Kyuji Fujikawa</a>",34.0,0.0,0.0
14470,"<a href=""statss.aspx?playerid=14470&position=P"">Jose Valdez</a>",25.0,0.0,0.0
14663,"<a href=""statss.aspx?playerid=14663&position=P"">Chi Chi Gonzalez</a>",23.0,0.0,0.0
14696,"<a href=""statss.aspx?playerid=14696&position=P"">Keone Kela</a>",22.0,0.0,0.0
14699,"<a href=""statss.aspx?playerid=14699&position=P"">Jonathan Aro</a>",24.0,0.0,0.0
14741,"<a href=""statss.aspx?playerid=14741&position=P"">Tyler Olson</a>",25.0,0.0,0.0
14867,"<a href=""statss.aspx?playerid=14867&position=P"">Nick Rumbelow</a>",23.0,0.0,0.0
15010,"<a href=""statss.aspx?playerid=15010&position=P"">Corey Knebel</a>",23.0,0.0,0.0
15033,"<a href=""statss.aspx?playerid=15033&position=P"">Kyle Crockett</a>",23.0,0.0,0.0
15046,"<a href=""statss.aspx?playerid=15046&position=P"">Trevor Gott</a>",22.0,0.0,0.0
15051,"<a href=""statss.aspx?playerid=15051&position=P"">Silvino Bracho</a>",22.0,0.0,0.0
15089,"<a href=""statss.aspx?playerid=15089&position=P"">Matt Marksberry</a>",24.0,0.0,0.0
15440,"<a href=""statss.aspx?playerid=15440&position=P"">Matthew Boyd</a>",24.0,0.0,0.0
15467,"<a href=""statss.aspx?playerid=15467&position=P"">Marco Gonzales</a>",23.0,0.0,0.0
15514,"<a href=""statss.aspx?playerid=15514&position=P"">Kendall Graveman</a>",24.0,0.0,0.0
15671,"<a href=""statss.aspx?playerid=15671&position=P"">Dalier Hinojosa</a>",29.0,0.0,0.0
15684,"<a href=""statss.aspx?playerid=15684&position=P"">Miguel Castro</a>",20.0,0.0,0.0
16215,"<a href=""statss.aspx?playerid=16215&position=P"">Jacob Lindgren</a>",22.0,0.0,0.0
17233,"<a href=""statss.aspx?playerid=17233&position=P"">Brian Ellington</a>",24.0,0.0,0.0
8007,"<a href=""statss.aspx?playerid=8007&position=P"">Jason Gurka</a>",27.0,0.0,0.0
1507,"<a href=""statss.aspx?playerid=1507&position=P"">John Lackey</a>",36.0,70.0,0.14642473423119748
11836,"<a href=""statss.aspx?playerid=11836&position=P"">Taijuan Walker</a>",22.0,10.0,0.13958561420440674
1767,"<a href=""statss.aspx?playerid=1767&position=P"">Kevin Correia</a>",34.0,7.0,0.14680397510528564
11342,"<a href=""statss.aspx?playerid=11342&position=1B"">Jesus Aguilar</a>",25.0,20.0,0.318926003575325
14697,"<a href=""statss.aspx?playerid=14697&position=P"">Severino Gonzalez</a>",22.0,12.0,0.14251517165790906
2216,"<a href=""statss.aspx?playerid=2216&position=OF"">Don Kelly</a>",35.0,1.0,0.0
9958,"<a href=""statss.aspx?playerid=9958&position=3B/SS"">Jeff Bianchi</a>",28.0,2.0,0.0
6475,"<a href=""statss.aspx?playerid=6475&position=P"">Kevin Jepsen</a>",30.0,0.0,0.0
8073,"<a href=""statss.aspx?playerid=8073&position=P"">Dan Jennings</a>",28.0,0.0,0.0
3192,"<a href=""statss.aspx?playerid=3192&position=P"">Will Harris</a>",30.0,1.0,0.0
2413,"<a href=""statss.aspx?playerid=2413&position=P"">Cory Rasmus</a>",27.0,1.0,0.0
2203,"<a href=""statss.aspx?playerid=2203&position=P"">Ronald Belisario</a>",32.0,1.0,0.0
12022,"<a href=""statss.aspx?playerid=12022&position=P"">Matt Andriese</a>",25.0,1.0,0.0
5640,"<a href=""statss.aspx?playerid=5640&position=P"">Tyler Clippard</a>",30.0,1.0,0.0
7038,"<a href=""statss.aspx?playerid=7038&position=P"">Alex Torres</a>",27.0,1.0,0.0
11712,"<a href=""statss.aspx?playerid=11712&position=P"">Erik Goeddel</a>",26.0,1.0,0.0
6655,"<a href=""statss.aspx?playerid=6655&position=P"">Craig Kimbrel</a>",27.0,1.0,0.0
2332,"<a href=""statss.aspx?playerid=2332&position=P"">Joel Peralta</a>",39.0,1.0,0.0
2540,"<a href=""statss.aspx?playerid=2540&position=P"">Eric Surkamp</a>",27.0,1.0,0.0
2882,"<a href=""statss.aspx?playerid=2882&position=P"">Luis Avilan</a>",25.0,1.0,0.0
3299,"<a href=""statss.aspx?playerid=3299&position=P"">Chris Hatcher</a>",30.0,1.0,0.0
4257,"<a href=""statss.aspx?playerid=4257&position=P"">David Huff</a>",30.0,1.0,0.0
7731,"<a href=""statss.aspx?playerid=7731&position=P"">Juan Nicasio</a>",28.0,1.0,0.0
13293,"<a href=""statss.aspx?playerid=13293&position=P"">Danny Coulombe</a>",25.0,1.0,0.0
1663,"<a href=""statss.aspx?playerid=1663&position=P"">Javier Lopez</a>",37.0,1.0,0.0
7836,"<a href=""statss.aspx?playerid=7836&position=P"">Hunter Strickland</a>",26.0,1.0,0.0
7108,"<a href=""statss.aspx?playerid=7108&position=P"">Pat Venditte</a>",30.0,1.0,0.0
4086,"<a href=""statss.aspx?playerid=4086&position=P"">Erik Cordier</a>",29.0,1.0,0.0
12118,"<a href=""statss.aspx?playerid=12118&position=P"">Kendry Flores</a>",23.0,1.0,0.0
4530,"<a href=""statss.aspx?playerid=4530&position=P"">Mitchell Harris</a>",29.0,1.0,0.0
6697,"<a href=""statss.aspx?playerid=6697&position=P"">Miguel Socolovich</a>",28.0,1.0,0.0
10745,"<a href=""statss.aspx?playerid=10745&position=P"">Trevor Rosenthal</a>",25.0,1.0,0.0
5843,"<a href=""statss.aspx?playerid=5843&position=P"">Radhames Liz</a>",31.0,1.0,0.0
8410,"<a href=""statss.aspx?playerid=8410&position=P"">Deolis Guerra</a>",26.0,1.0,0.0
9325,"<a href=""statss.aspx?playerid=9325&position=P"">Jared Hughes</a>",29.0,1.0,0.0
11479,"<a href=""statss.aspx?playerid=11479&position=P"">Bryan Mitchell</a>",24.0,1.0,0.0
10706,"<a href=""statss.aspx?playerid=10706&position=P"">Scott Copeland</a>",27.0,1.0,0.0
7024,"<a href=""statss.aspx?playerid=7024&position=P"">Miguel Gonzalez</a>",31.0,1.0,0.0
9417,"<a href=""statss.aspx?playerid=9417&position=P"">Kris Medlen</a>",29.0,1.0,0.0
1841,"<a href=""statss.aspx?playerid=1841&position=P"">Edwin Jackson</a>",31.0,1.0,0.0
1902,"<a href=""statss.aspx?playerid=1902&position=P"">David Aardsma</a>",33.0,1.0,0.0
2859,"<a href=""statss.aspx?playerid=2859&position=P"">Ross Detwiler</a>",29.0,1.0,0.0
12182,"<a href=""statss.aspx?playerid=12182&position=P"">Cody Martin</a>",25.0,1.0,0.0
12870,"<a href=""statss.aspx?playerid=12870&position=P"">Andrew McKirahan</a>",25.0,1.0,0.0
6499,"<a href=""statss.aspx?playerid=6499&position=P"">Blaine Hardy</a>",28.0,1.0,0.0
9033,"<a href=""statss.aspx?playerid=9033&position=P"">Jeanmar Gomez</a>",27.0,1.0,0.0
11804,"<a href=""statss.aspx?playerid=11804&position=P"">Hector Neris</a>",26.0,1.0,0.0
12854,"<a href=""statss.aspx?playerid=12854&position=P"">Elvis Araujo</a>",23.0,1.0,0.0
4064,"<a href=""statss.aspx?playerid=4064&position=P"">Brian Duensing</a>",32.0,1.0,0.0
7411,"<a href=""statss.aspx?playerid=7411&position=P"">Austin Adams</a>",28.0,1.0,0.0
4089,"<a href=""statss.aspx?playerid=4089&position=P"">James Russell</a>",29.0,1.0,0.0
11720,"<a href=""statss.aspx?playerid=11720&position=P"">Justin Grimm</a>",26.0,1.0,0.0
13607,"<a href=""statss.aspx?playerid=13607&position=P"">Carl Edwards Jr.</a>",23.0,1.0,0.0
4664,"<a href=""statss.aspx?playerid=4664&position=P"">Sam LeCure</a>",31.0,1.0,0.0
6883,"<a href=""statss.aspx?playerid=6883&position=P"">Collin Balester</a>",29.0,1.0,0.0
8728,"<a href=""statss.aspx?playerid=8728&position=P"">Donovan Hand</a>",29.0,1.0,0.0
9736,"<a href=""statss.aspx?playerid=9736&position=P"">Burke Badenhop</a>",32.0,1.0,0.0
10233,"<a href=""statss.aspx?playerid=10233&position=P"">Aroldis Chapman</a>",27.0,1.0,0.0
8532,"<a href=""statss.aspx?playerid=8532&position=P"">Rob Wooten</a>",29.0,1.0,0.0
9939,"<a href=""statss.aspx?playerid=9939&position=P"">Brandon Kintzler</a>",30.0,1.0,0.0
2554,"<a href=""statss.aspx?playerid=2554&position=1B/OF"">Chris Parmelee</a>",27.0,102.0,0.2945309848177667
10681,"<a href=""statss.aspx?playerid=10681&position=3B"">Gio Urshela</a>",23.0,288.0,0.2699394109772473
7146,"<a href=""statss.aspx?playerid=7146&position=P"">Daniel Hudson</a>",28.0,1.0,0.0
14441,"<a href=""statss.aspx?playerid=14441&position=DH/OF"">Henry Urrutia</a>",28.0,36.0,0.30169493953386944
8223,"<a href=""statss.aspx?playerid=8223&position=P"">Brett Anderson</a>",27.0,61.0,0.14101840899540827
729,"<a href=""statss.aspx?playerid=729&position=P"">LaTroy Hawkins</a>",42.0,1.0,0.0
5876,"<a href=""statss.aspx?playerid=5876&position=P"">Gonzalez Germen</a>",27.0,1.0,0.0
9674,"<a href=""statss.aspx?playerid=9674&position=P"">Vidal Nuno</a>",27.0,7.0,0.12583197866167342
4243,"<a href=""statss.aspx?playerid=4243&position=C"">Jose Lobaton</a>",30.0,155.0,0.2560220571125255
9542,"<a href=""statss.aspx?playerid=9542&position=C"">Steve Clevenger</a>",29.0,105.0,0.31636390204613024
7531,"<a href=""statss.aspx?playerid=7531&position=P"">Collin McHugh</a>",28.0,8.0,0.11010298132896423
8353,"<a href=""statss.aspx?playerid=8353&position=SS"">Dean Anna</a>",28.0,1.0,0.0
11402,"<a href=""statss.aspx?playerid=11402&position=OF"">Kyle Waldrop</a>",23.0,1.0,0.0
9362,"<a href=""statss.aspx?playerid=9362&position=C"">Adam Moore</a>",31.0,4.0,0.22020596265792847
11828,"<a href=""statss.aspx?playerid=11828&position=P"">James Paxton</a>",26.0,2.0,0.0
14120,"<a href=""statss.aspx?playerid=14120&position=P"">Lance McCullers Jr.</a>",21.0,2.0,0.0
4235,"<a href=""statss.aspx?playerid=4235&position=P"">Jered Weaver</a>",32.0,2.0,0.0
1890,"<a href=""statss.aspx?playerid=1890&position=P"">Matt Moore</a>",26.0,2.0,0.0
10314,"<a href=""statss.aspx?playerid=10314&position=P"">Erasmo Ramirez</a>",25.0,2.0,0.0
12760,"<a href=""statss.aspx?playerid=12760&position=P"">Rafael Montero</a>",24.0,2.0,0.0
6109,"<a href=""statss.aspx?playerid=6109&position=P"">Joe Wieland</a>",25.0,2.0,0.0
8851,"<a href=""statss.aspx?playerid=8851&position=P"">Brandon Beachy</a>",28.0,2.0,0.0
10637,"<a href=""statss.aspx?playerid=10637&position=P"">Adam Liberatore</a>",28.0,2.0,0.0
11468,"<a href=""statss.aspx?playerid=11468&position=P"">Zach Lee</a>",23.0,2.0,0.0
583,"<a href=""statss.aspx?playerid=583&position=P"">Jeremy Affeldt</a>",36.0,2.0,0.0
9817,"<a href=""statss.aspx?playerid=9817&position=P"">Sergio Romo</a>",32.0,2.0,0.0
12272,"<a href=""statss.aspx?playerid=12272&position=P"">Aaron Brooks</a>",25.0,2.0,0.0
12304,"<a href=""statss.aspx?playerid=12304&position=P"">Chris Bassitt</a>",26.0,2.0,0.0
3507,"<a href=""statss.aspx?playerid=3507&position=P"">Andre Rienzo</a>",26.0,2.0,0.0
8844,"<a href=""statss.aspx?playerid=8844&position=P"">Antonio Bastardo</a>",29.0,2.0,0.0
11209,"<a href=""statss.aspx?playerid=11209&position=P"">Casey Sadler</a>",24.0,2.0,0.0
5372,"<a href=""statss.aspx?playerid=5372&position=P"">Michael Pineda</a>",26.0,2.0,0.0
15890,"<a href=""statss.aspx?playerid=15890&position=P"">Luis Severino</a>",21.0,2.0,0.0
5279,"<a href=""statss.aspx?playerid=5279&position=P"">Chris Tillman</a>",27.0,2.0,0.0
2851,"<a href=""statss.aspx?playerid=2851&position=P"">Jacob Brigham</a>",27.0,2.0,0.0
7608,"<a href=""statss.aspx?playerid=7608&position=P"">Tommy Milone</a>",28.0,2.0,0.0
12555,"<a href=""statss.aspx?playerid=12555&position=P"">Tony Cingrani</a>",25.0,2.0,0.0
11467,"<a href=""statss.aspx?playerid=11467&position=P"">A.J. Cole</a>",23.0,2.0,0.0
2717,"<a href=""statss.aspx?playerid=2717&position=P"">Rick Porcello</a>",26.0,2.0,0.0
8185,"<a href=""statss.aspx?playerid=8185&position=P"">Steven Wright</a>",30.0,2.0,0.0
8779,"<a href=""statss.aspx?playerid=8779&position=P"">Wade Miley</a>",28.0,2.0,0.0
13143,"<a href=""statss.aspx?playerid=13143&position=P"">Henry Owens</a>",22.0,2.0,0.0
1259,"<a href=""statss.aspx?playerid=1259&position=P"">Colby Lewis</a>",35.0,2.0,0.0
6902,"<a href=""statss.aspx?playerid=6902&position=P"">Martin Perez</a>",24.0,2.0,0.0
11424,"<a href=""statss.aspx?playerid=11424&position=P"">Anthony Ranaudo</a>",25.0,2.0,0.0
10131,"<a href=""statss.aspx?playerid=10131&position=P"">Stephen Strasburg</a>",26.0,46.0,0.14444513320922853
5985,"<a href=""statss.aspx?playerid=5985&position=P"">Randall Delgado</a>",25.0,2.0,0.0
10586,"<a href=""statss.aspx?playerid=10586&position=P"">Addison Reed</a>",26.0,2.0,0.0
9137,"<a href=""statss.aspx?playerid=9137&position=P"">Sean O'Sullivan</a>",27.0,23.0,0.13447321028936476
4505,"<a href=""statss.aspx?playerid=4505&position=P"">Jordan Zimmermann</a>",29.0,69.0,0.14577278069087438
12664,"<a href=""statss.aspx?playerid=12664&position=P"">Jerad Eickhoff</a>",24.0,16.0,0.12583197866167342
4662,"<a href=""statss.aspx?playerid=4662&position=P"">Brandon McCarthy</a>",31.0,9.0,0.09812043394361224
1701,"<a href=""statss.aspx?playerid=1701&position=P"">Chris Capuano</a>",36.0,1.0,0.0
4772,"<a href=""statss.aspx?playerid=4772&position=P"">Felix Hernandez</a>",29.0,3.0,0.0
4869,"<a href=""statss.aspx?playerid=4869&position=P"">Mike Montgomery</a>",25.0,3.0,0.0
13048,"<a href=""statss.aspx?playerid=13048&position=P"">Hisashi Iwakuma</a>",34.0,3.0,0.0
2608,"<a href=""statss.aspx?playerid=2608&position=P"">Jhoulys Chacin</a>",27.0,9.0,0.11010298132896423
10603,"<a href=""statss.aspx?playerid=10603&position=P"">Chris Sale</a>",26.0,9.0,0.0978693167368571
9174,"<a href=""statss.aspx?playerid=9174&position=P"">Casey Kelly</a>",25.0,3.0,0.0
3220,"<a href=""statss.aspx?playerid=3220&position=P"">Jean Machi</a>",33.0,3.0,0.0
9486,"<a href=""statss.aspx?playerid=9486&position=P"">George Kontos</a>",30.0,3.0,0.0
11528,"<a href=""statss.aspx?playerid=11528&position=P"">Josh Osich</a>",26.0,3.0,0.0
13287,"<a href=""statss.aspx?playerid=13287&position=P"">Jesse Hahn</a>",25.0,3.0,0.0
16137,"<a href=""statss.aspx?playerid=16137&position=P"">Carlos Rodon</a>",22.0,3.0,0.0
12235,"<a href=""statss.aspx?playerid=12235&position=P"">Seth Maness</a>",26.0,3.0,0.0
404,"<a href=""statss.aspx?playerid=404&position=P"">CC Sabathia</a>",34.0,3.0,0.0
9029,"<a href=""statss.aspx?playerid=9029&position=P"">Adam Warren</a>",27.0,3.0,0.0
12691,"<a href=""statss.aspx?playerid=12691&position=P"">Tyler Wilson</a>",25.0,3.0,0.0
12649,"<a href=""statss.aspx?playerid=12649&position=OF"">Alex Dickerson</a>",25.0,8.0,0.22020596265792847
8600,"<a href=""statss.aspx?playerid=8600&position=P"">Dustin McGowan</a>",33.0,3.0,0.0
3830,"<a href=""statss.aspx?playerid=3830&position=P"">Ricky Nolasco</a>",32.0,3.0,0.0
6398,"<a href=""statss.aspx?playerid=6398&position=P"">Trevor May</a>",25.0,3.0,0.0
7450,"<a href=""statss.aspx?playerid=7450&position=P"">Phil Hughes</a>",29.0,3.0,0.0
12799,"<a href=""statss.aspx?playerid=12799&position=P"">Cody Anderson</a>",24.0,3.0,0.0
9303,"<a href=""statss.aspx?playerid=9303&position=P"">Dylan Axelrod</a>",29.0,3.0,0.0
13164,"<a href=""statss.aspx?playerid=13164&position=P"">Eduardo Rodriguez</a>",22.0,3.0,0.0
10688,"<a href=""statss.aspx?playerid=10688&position=P"">Tyler Thornburg</a>",26.0,3.0,0.0
13796,"<a href=""statss.aspx?playerid=13796&position=P"">Tyler Wagner</a>",24.0,3.0,0.0
14527,"<a href=""statss.aspx?playerid=14527&position=P"">Jorge Lopez</a>",22.0,3.0,0.0
6400,"<a href=""statss.aspx?playerid=6400&position=OF"">Kirk Nieuwenhuis</a>",27.0,141.0,0.28305824555403797
5551,"<a href=""statss.aspx?playerid=5551&position=P"">Matt Harrison</a>",29.0,3.0,0.0
13419,"<a href=""statss.aspx?playerid=13419&position=1B"">Christian Walker</a>",24.0,12.0,0.24511274695396423
12988,"<a href=""statss.aspx?playerid=12988&position=P"">Andrew Chafin</a>",25.0,3.0,0.0
375,"<a href=""statss.aspx?playerid=375&position=P"">Bartolo Colon</a>",42.0,64.0,0.1356694628794988
15764,"<a href=""statss.aspx?playerid=15764&position=P"">Masahiro Tanaka</a>",26.0,8.0,0.0858553797006607
7942,"<a href=""statss.aspx?playerid=7942&position=P"">Christian Friedrich</a>",27.0,3.0,0.0
8580,"<a href=""statss.aspx?playerid=8580&position=P"">Justin Miller</a>",28.0,3.0,0.0
11746,"<a href=""statss.aspx?playerid=11746&position=OF"">Stefen Romero</a>",26.0,24.0,0.2976559003194173
11680,"<a href=""statss.aspx?playerid=11680&position=C"">Elias Diaz</a>",24.0,2.0,0.0
11442,"<a href=""statss.aspx?playerid=11442&position=C"">Gary Sanchez</a>",22.0,2.0,0.0
7059,"<a href=""statss.aspx?playerid=7059&position=P"">James Shields</a>",33.0,74.0,0.13572682677835657
6397,"<a href=""statss.aspx?playerid=6397&position=P"">Jake Odorizzi</a>",25.0,4.0,0.0
6176,"<a href=""statss.aspx?playerid=6176&position=P"">Scott Baker</a>",33.0,4.0,0.0
13658,"<a href=""statss.aspx?playerid=13658&position=DH/OF"">Terrance Gore</a>",24.0,4.0,0.17953257262706757
7772,"<a href=""statss.aspx?playerid=7772&position=1B"">Matt Hague</a>",29.0,15.0,0.31592082551547457
1698,"<a href=""statss.aspx?playerid=1698&position=C"">Gerald Laird</a>",35.0,2.0,0.0
4849,"<a href=""statss.aspx?playerid=4849&position=P"">Joe Blanton</a>",34.0,4.0,0.0
1245,"<a href=""statss.aspx?playerid=1245&position=P"">R.A. Dickey</a>",40.0,4.0,0.0
9492,"<a href=""statss.aspx?playerid=9492&position=P"">Bud Norris</a>",30.0,4.0,0.0
14862,"<a href=""statss.aspx?playerid=14862&position=P"">Zack Godley</a>",25.0,10.0,0.0978693167368571
3284,"<a href=""statss.aspx?playerid=3284&position=P"">Anibal Sanchez</a>",31.0,4.0,0.0
3972,"<a href=""statss.aspx?playerid=3972&position=SS"">Andy Parrino</a>",29.0,8.0,0.1717107594013214
5867,"<a href=""statss.aspx?playerid=5867&position=P"">Danny Salazar</a>",25.0,4.0,0.0
5371,"<a href=""statss.aspx?playerid=5371&position=OF"">Juan Perez</a>",28.0,40.0,0.2875561356544495
8362,"<a href=""statss.aspx?playerid=8362&position=P"">Homer Bailey</a>",29.0,4.0,0.0
12572,"<a href=""statss.aspx?playerid=12572&position=P"">Blake Treinen</a>",27.0,4.0,0.0
12166,"<a href=""statss.aspx?playerid=12166&position=P"">David Goforth</a>",26.0,4.0,0.0
12730,"<a href=""statss.aspx?playerid=12730&position=P"">Nick Martinez</a>",24.0,4.0,0.0
7396,"<a href=""statss.aspx?playerid=7396&position=P"">Dillon Gee</a>",29.0,12.0,0.08808238506317138
7619,"<a href=""statss.aspx?playerid=7619&position=1B/3B"">Mark Reynolds</a>",31.0,432.0,0.31149214118026025
13046,"<a href=""statss.aspx?playerid=13046&position=P"">Tsuyoshi Wada</a>",34.0,9.0,0.07631589306725396
6570,"<a href=""statss.aspx?playerid=6570&position=P"">Tom Koehler</a>",29.0,64.0,0.13527068954247695
7528,"<a href=""statss.aspx?playerid=7528&position=2B/3B"">Kevin Frandsen</a>",33.0,13.0,0.2040408949057261
6345,"<a href=""statss.aspx?playerid=6345&position=P"">Chris Archer</a>",26.0,5.0,0.0
9132,"<a href=""statss.aspx?playerid=9132&position=P"">Nathan Eovaldi</a>",25.0,5.0,0.0
4464,"<a href=""statss.aspx?playerid=4464&position=OF"">Mike Baxter</a>",30.0,66.0,0.28098922142615684
2155,"<a href=""statss.aspx?playerid=2155&position=P"">Alfredo Simon</a>",34.0,5.0,0.0
10756,"<a href=""statss.aspx?playerid=10756&position=P"">Shane Greene</a>",26.0,5.0,0.0
9346,"<a href=""statss.aspx?playerid=9346&position=P"">Brandon Morrow</a>",30.0,10.0,0.06868430376052856
4142,"<a href=""statss.aspx?playerid=4142&position=SS"">Jonathan Diaz</a>",30.0,16.0,0.21110806862513223
11905,"<a href=""statss.aspx?playerid=11905&position=OF"">Orlando Calixte</a>",23.0,3.0,0.0
3978,"<a href=""statss.aspx?playerid=3978&position=OF"">Chris Heisey</a>",30.0,72.0,0.29795760256903514
9253,"<a href=""statss.aspx?playerid=9253&position=OF"">Keon Broxton</a>",25.0,2.0,0.0
9884,"<a href=""statss.aspx?playerid=9884&position=P"">Travis Wood</a>",28.0,32.0,0.12550492584705353
14320,"<a href=""statss.aspx?playerid=14320&position=2B/SS"">Wilmer Difo</a>",23.0,11.0,0.16014979102394797
15423,"<a href=""statss.aspx?playerid=15423&position=P"">Andrew Heaney</a>",24.0,6.0,0.0
11255,"<a href=""statss.aspx?playerid=11255&position=OF"">Matt Szczur</a>",25.0,80.0,0.26931574223916743
10354,"<a href=""statss.aspx?playerid=10354&position=P"">Robbie Erlin</a>",24.0,6.0,0.0
14916,"<a href=""statss.aspx?playerid=14916&position=P"">Jon Gray</a>",23.0,13.0,0.10566815963158241
3990,"<a href=""statss.aspx?playerid=3990&position=P"">Edinson Volquez</a>",31.0,6.0,0.0
11855,"<a href=""statss.aspx?playerid=11855&position=P"">Yordano Ventura</a>",24.0,6.0,0.0
2429,"<a href=""statss.aspx?playerid=2429&position=P"">Corey Kluber</a>",29.0,6.0,0.0
16208,"<a href=""statss.aspx?playerid=16208&position=P"">Brandon Finnegan</a>",22.0,6.0,0.0
512,"<a href=""statss.aspx?playerid=512&position=P"">A.J. Burnett</a>",38.0,52.0,0.12996720158776573
3543,"<a href=""statss.aspx?playerid=3543&position=P"">Clay Buchholz</a>",30.0,6.0,0.0
17528,"<a href=""statss.aspx?playerid=17528&position=3B"">Hector Olivera</a>",30.0,87.0,0.31116125364413205
12918,"<a href=""statss.aspx?playerid=12918&position=P"">Archie Bradley</a>",22.0,14.0,0.12583197866167342
11902,"<a href=""statss.aspx?playerid=11902&position=2B/3B"">Hanser Alberto</a>",22.0,104.0,0.21996091970122686
12144,"<a href=""statss.aspx?playerid=12144&position=OF"">Max Kepler</a>",22.0,7.0,0.12583197866167342
6262,"<a href=""statss.aspx?playerid=6262&position=2B/SS"">Tommy Field</a>",28.0,45.0,0.2700635154138912
9111,"<a href=""statss.aspx?playerid=9111&position=P"">Brad Hand</a>",25.0,23.0,0.10362633536843692
11489,"<a href=""statss.aspx?playerid=11489&position=OF"">Michael A. Taylor</a>",24.0,511.0,0.27414372973813267
6316,"<a href=""statss.aspx?playerid=6316&position=P"">David Phelps</a>",28.0,40.0,0.12118359122957502
5913,"<a href=""statss.aspx?playerid=5913&position=OF"">Leury Garcia</a>",24.0,15.0,0.22195430596669516
11589,"<a href=""statss.aspx?playerid=11589&position=P"">Jose Urena</a>",23.0,13.0,0.06775568081782414
11608,"<a href=""statss.aspx?playerid=11608&position=3B"">Garin Cecchini</a>",24.0,4.0,0.0
5057,"<a href=""statss.aspx?playerid=5057&position=P"">Yohan Flande</a>",29.0,22.0,0.12583197866167342
2141,"<a href=""statss.aspx?playerid=2141&position=P"">Chris Narveson</a>",33.0,7.0,0.0
5098,"<a href=""statss.aspx?playerid=5098&position=2B/OF"">Jordany Valdespin</a>",27.0,4.0,0.0
5365,"<a href=""statss.aspx?playerid=5365&position=P"">Manny Banuelos</a>",24.0,7.0,0.0
3547,"<a href=""statss.aspx?playerid=3547&position=P"">Carlos Frias</a>",25.0,24.0,0.09938248603240303
13593,"<a href=""statss.aspx?playerid=13593&position=2B/SS"">Jose Peraza</a>",21.0,25.0,0.23038842885390573
10240,"<a href=""statss.aspx?playerid=10240&position=P"">Ariel Pena</a>",26.0,7.0,0.0
11376,"<a href=""statss.aspx?playerid=11376&position=OF"">Michael Choice</a>",25.0,1.0,0.0
9187,"<a href=""statss.aspx?playerid=9187&position=OF"">Jordan Danks</a>",28.0,4.0,0.0
7448,"<a href=""statss.aspx?playerid=7448&position=P"">Gio Gonzalez</a>",29.0,56.0,0.13090968909470932
12905,"<a href=""statss.aspx?playerid=12905&position=P"">Logan Verrett</a>",25.0,8.0,0.0
8298,"<a href=""statss.aspx?playerid=8298&position=C"">Francisco Pena</a>",25.0,7.0,0.12583197866167342
8493,"<a href=""statss.aspx?playerid=8493&position=P"">John Lamb</a>",24.0,16.0,0.07851690798997879
10587,"<a href=""statss.aspx?playerid=10587&position=P"">Chad Bettis</a>",26.0,33.0,0.13663696520256274
15670,"<a href=""statss.aspx?playerid=15670&position=3B/OF"">Alex Guerrero</a>",28.0,230.0,0.29690313753874403
11854,"<a href=""statss.aspx?playerid=11854&position=OF"">Steven Moya</a>",23.0,25.0,0.25188693046569827
13183,"<a href=""statss.aspx?playerid=13183&position=P"">Zach Davies</a>",22.0,14.0,0.06775568081782414
11713,"<a href=""statss.aspx?playerid=11713&position=P"">Matt Harvey</a>",26.0,66.0,0.1246327803685115
3448,"<a href=""statss.aspx?playerid=3448&position=C"">Jeff Mathis</a>",32.0,103.0,0.214877375200683
16149,"<a href=""statss.aspx?playerid=16149&position=P"">Aaron Nola</a>",22.0,26.0,0.10202044745286305
7410,"<a href=""statss.aspx?playerid=7410&position=P"">J.A. Happ</a>",32.0,27.0,0.10202044745286305
5491,"<a href=""statss.aspx?playerid=5491&position=C"">Austin Romine</a>",26.0,2.0,0.0
8011,"<a href=""statss.aspx?playerid=8011&position=P"">Eric Stults</a>",35.0,16.0,0.06775568081782414
11423,"<a href=""statss.aspx?playerid=11423&position=P"">Jose Quintana</a>",26.0,9.0,0.0
3184,"<a href=""statss.aspx?playerid=3184&position=P"">David Price</a>",29.0,9.0,0.0
7409,"<a href=""statss.aspx?playerid=7409&position=1B"">Xavier Scruggs</a>",27.0,43.0,0.25949037213658177
6623,"<a href=""statss.aspx?playerid=6623&position=OF"">Ryan Lollis</a>",28.0,13.0,0.1883454414514395
5199,"<a href=""statss.aspx?playerid=5199&position=C"">Taylor Teagarden</a>",31.0,15.0,0.17616477012634277
4020,"<a href=""statss.aspx?playerid=4020&position=P"">Yusmeiro Petit</a>",30.0,10.0,0.0
8137,"<a href=""statss.aspx?playerid=8137&position=P"">Jaime Garcia</a>",28.0,44.0,0.11388329017994016
6104,"<a href=""statss.aspx?playerid=6104&position=2B"">Aaron Hill</a>",33.0,353.0,0.28128737785323144
2233,"<a href=""statss.aspx?playerid=2233&position=P"">Adam Wainwright</a>",33.0,10.0,0.0
4146,"<a href=""statss.aspx?playerid=4146&position=OF"">Gorkys Hernandez</a>",27.0,5.0,0.0
7945,"<a href=""statss.aspx?playerid=7945&position=OF"">Jaff Decker</a>",25.0,36.0,0.3194754225867135
10160,"<a href=""statss.aspx?playerid=10160&position=P"">Ryan Weber</a>",24.0,10.0,0.0
1327,"<a href=""statss.aspx?playerid=1327&position=OF"">Jayson Werth</a>",36.0,378.0,0.30023467714193636
11592,"<a href=""statss.aspx?playerid=11592&position=P"">Williams Perez</a>",24.0,34.0,0.10451112588246664
10770,"<a href=""statss.aspx?playerid=10770&position=P"">Tyler Cravy</a>",25.0,10.0,0.0
8380,"<a href=""statss.aspx?playerid=8380&position=SS"">Reid Brignac</a>",29.0,17.0,0.18383456021547318
6986,"<a href=""statss.aspx?playerid=6986&position=P"">Ian Kennedy</a>",30.0,48.0,0.11070560557501656
10390,"<a href=""statss.aspx?playerid=10390&position=OF"">Daniel Fields</a>",24.0,3.0,0.4187568426132202
4138,"<a href=""statss.aspx?playerid=4138&position=P"">Carlos Villanueva</a>",31.0,11.0,0.0
10304,"<a href=""statss.aspx?playerid=10304&position=P"">Jarred Cosart</a>",25.0,18.0,0.05181316768421846
7358,"<a href=""statss.aspx?playerid=7358&position=2B/OF"">Michael Martinez</a>",32.0,32.0,0.27368797409919
10533,"<a href=""statss.aspx?playerid=10533&position=C"">Rocky Gale</a>",27.0,10.0,0.08808238506317138
3993,"<a href=""statss.aspx?playerid=3993&position=P"">Allen Webster</a>",25.0,11.0,0.0
13768,"<a href=""statss.aspx?playerid=13768&position=OF"">Travis Jankowski</a>",24.0,96.0,0.25563358499648725
16017,"<a href=""statss.aspx?playerid=16017&position=P"">Odrisamer Despaigne</a>",28.0,34.0,0.09109475535731162
6827,"<a href=""statss.aspx?playerid=6827&position=OF"">Justin Maxwell</a>",31.0,274.0,0.27106181115788575
12580,"<a href=""statss.aspx?playerid=12580&position=P"">Adam Morgan</a>",25.0,27.0,0.0821959376335144
2918,"<a href=""statss.aspx?playerid=2918&position=OF"">Angel Pagan</a>",33.0,551.0,0.28004599125978086
4793,"<a href=""statss.aspx?playerid=4793&position=1B"">Travis Ishikawa</a>",31.0,72.0,0.27698760893609786
5305,"<a href=""statss.aspx?playerid=5305&position=OF"">Alex Presley</a>",29.0,13.0,0.2561011222692636
11863,"<a href=""statss.aspx?playerid=11863&position=3B/SS"">Yadiel Rivera</a>",23.0,15.0,0.06291598933083671
2073,"<a href=""statss.aspx?playerid=2073&position=1B/2B"">Jeff Baker</a>",34.0,80.0,0.2923356667160988
11494,"<a href=""statss.aspx?playerid=11494&position=2B/3B"">Kaleb Cowart</a>",23.0,52.0,0.24345430907081156
6013,"<a href=""statss.aspx?playerid=6013&position=SS"">Cristhian Adames</a>",23.0,58.0,0.26127360441855024
17130,"<a href=""statss.aspx?playerid=17130&position=P"">Raisel Iglesias</a>",25.0,31.0,0.08249988158543904
2090,"<a href=""statss.aspx?playerid=2090&position=OF"">Alex Rios</a>",34.0,411.0,0.278925645815485
2487,"<a href=""statss.aspx?playerid=2487&position=C"">Edward Easley</a>",29.0,7.0,0.0
5277,"<a href=""statss.aspx?playerid=5277&position=C"">Tuffy Gosewisch</a>",31.0,138.0,0.24226281910702802
8979,"<a href=""statss.aspx?playerid=8979&position=SS"">Dusty Coleman</a>",28.0,5.0,0.0
1702,"<a href=""statss.aspx?playerid=1702&position=OF"">Reed Johnson</a>",38.0,24.0,0.22907067586978277
11486,"<a href=""statss.aspx?playerid=11486&position=P"">Robbie Ray</a>",23.0,36.0,0.09735220093880931
2154,"<a href=""statss.aspx?playerid=2154&position=1B"">Ryan Howard</a>",35.0,503.0,0.30770800268650056
7754,"<a href=""statss.aspx?playerid=7754&position=P"">Mike Fiers</a>",30.0,34.0,0.08808238506317138
1137,"<a href=""statss.aspx?playerid=1137&position=P"">Jerome Williams</a>",33.0,36.0,0.08824804425239563
1556,"<a href=""statss.aspx?playerid=1556&position=C"">Wil Nieves</a>",37.0,14.0,0.19658123595373972
2167,"<a href=""statss.aspx?playerid=2167&position=1B"">Dan Johnson</a>",35.0,21.0,0.19124560129074825
10811,"<a href=""statss.aspx?playerid=10811&position=P"">Mike Foltynewicz</a>",23.0,30.0,0.07369290960246119
4611,"<a href=""statss.aspx?playerid=4611&position=OF"">Jason Pridie</a>",31.0,10.0,0.06868430376052856
9689,"<a href=""statss.aspx?playerid=9689&position=C"">Josh Thole</a>",28.0,52.0,0.22345501872209403
6880,"<a href=""statss.aspx?playerid=6880&position=2B/3B"">Nick Noonan</a>",26.0,24.0,0.19563545286655426
10547,"<a href=""statss.aspx?playerid=10547&position=P"">Jimmy Nelson</a>",26.0,59.0,0.1133434431893485
5107,"<a href=""statss.aspx?playerid=5107&position=1B"">Jefry Marte</a>",24.0,90.0,0.30350475148721173
7738,"<a href=""statss.aspx?playerid=7738&position=P"">Wily Peralta</a>",26.0,37.0,0.08913190798325972
6677,"<a href=""statss.aspx?playerid=6677&position=OF"">JB Shuck</a>",28.0,165.0,0.30622960571889524
4403,"<a href=""statss.aspx?playerid=4403&position=C"">Erik Kratz</a>",35.0,28.0,0.20863770161356246
12214,"<a href=""statss.aspx?playerid=12214&position=3B"">Daniel Muno</a>",26.0,32.0,0.2143907816179337
13809,"<a href=""statss.aspx?playerid=13809&position=2B"">Micah Johnson</a>",24.0,114.0,0.2646719206560839
13355,"<a href=""statss.aspx?playerid=13355&position=C"">Luke Maile</a>",24.0,35.0,0.18317951815468925
10039,"<a href=""statss.aspx?playerid=10039&position=P"">Keyvius Sampson</a>",24.0,17.0,0.0
9787,"<a href=""statss.aspx?playerid=9787&position=C"">Steven Baron</a>",24.0,11.0,0.0
12590,"<a href=""statss.aspx?playerid=12590&position=2B/3B"">Taylor Featherston</a>",25.0,169.0,0.20571158401893846
9756,"<a href=""statss.aspx?playerid=9756&position=P"">David Hale</a>",27.0,27.0,0.07659337831580121
12409,"<a href=""statss.aspx?playerid=12409&position=1B/OF"">Ryan Rua</a>",25.0,86.0,0.26475378801656324
3274,"<a href=""statss.aspx?playerid=3274&position=C"">Nevin Ashley</a>",30.0,21.0,0.13596307947522118
6341,"<a href=""statss.aspx?playerid=6341&position=3B"">Luis Jimenez</a>",27.0,17.0,0.0922156993080588
6073,"<a href=""statss.aspx?playerid=6073&position=SS"">Brendan Ryan</a>",33.0,103.0,0.26676321321842716
5666,"<a href=""statss.aspx?playerid=5666&position=C"">Devin Mesoraco</a>",27.0,51.0,0.2409359158254137
13490,"<a href=""statss.aspx?playerid=13490&position=C"">Oscar Hernandez</a>",21.0,36.0,0.21594929524830409
10099,"<a href=""statss.aspx?playerid=10099&position=2B/OF"">Dustin Ackley</a>",27.0,264.0,0.3051390060976547
4182,"<a href=""statss.aspx?playerid=4182&position=2B/SS"">Jonathan Herrera</a>",30.0,132.0,0.24559258006689116
2578,"<a href=""statss.aspx?playerid=2578&position=OF"">Peter Bourjos</a>",28.0,225.0,0.27117538616953907
2197,"<a href=""statss.aspx?playerid=2197&position=OF"">Grady Sizemore</a>",32.0,296.0,0.30216007780384374
4732,"<a href=""statss.aspx?playerid=4732&position=P"">Matt Cain</a>",30.0,20.0,0.0
6797,"<a href=""statss.aspx?playerid=6797&position=P"">Julio Teheran</a>",24.0,68.0,0.1069963949697989
11615,"<a href=""statss.aspx?playerid=11615&position=2B/3B"">Brandon Drury</a>",22.0,59.0,0.2738471768670163
6938,"<a href=""statss.aspx?playerid=6938&position=1B/3B"">Eric Campbell</a>",28.0,206.0,0.2771989837581036
2929,"<a href=""statss.aspx?playerid=2929&position=P"">Jeff Locke</a>",27.0,54.0,0.09343838945348212
9929,"<a href=""statss.aspx?playerid=9929&position=1B/OF"">Darin Ruf</a>",28.0,297.0,0.31052277084151503
11754,"<a href=""statss.aspx?playerid=11754&position=P"">Justin Nicolino</a>",23.0,27.0,0.035232954025268555
5422,"<a href=""statss.aspx?playerid=5422&position=2B/OF"">Steve Lombardozzi</a>",26.0,11.0,0.06244027614593506
9665,"<a href=""statss.aspx?playerid=9665&position=1B"">Cody Decker</a>",28.0,12.0,0.0
7215,"<a href=""statss.aspx?playerid=7215&position=OF"">David Lough</a>",29.0,144.0,0.24453472922034297
6895,"<a href=""statss.aspx?playerid=6895&position=P"">Chase Anderson</a>",27.0,57.0,0.10389718960742561
5227,"<a href=""statss.aspx?playerid=5227&position=OF"">Jon Jay</a>",30.0,245.0,0.25336091855407267
13453,"<a href=""statss.aspx?playerid=13453&position=P"">Eddie Butler</a>",24.0,24.0,0.038296689157900604
9682,"<a href=""statss.aspx?playerid=9682&position=2B/3B/SS"">Adam Rosales</a>",32.0,125.0,0.2843454298973084
7593,"<a href=""statss.aspx?playerid=7593&position=P"">Jordan Lyles</a>",24.0,19.0,0.0
7937,"<a href=""statss.aspx?playerid=7937&position=OF"">Logan Schafer</a>",28.0,143.0,0.2745337242627666
10197,"<a href=""statss.aspx?playerid=10197&position=P"">Shelby Miller</a>",24.0,71.0,0.10234561761220297
2677,"<a href=""statss.aspx?playerid=2677&position=1B/3B"">Jordan Pacheco</a>",29.0,78.0,0.29951077011915356
11391,"<a href=""statss.aspx?playerid=11391&position=OF"">Tyler Holt</a>",26.0,34.0,0.1383235489620882
1050,"<a href=""statss.aspx?playerid=1050&position=1B/OF"">Daniel Dorn</a>",30.0,32.0,0.19228912517428398
9113,"<a href=""statss.aspx?playerid=9113&position=1B"">Allan Dykstra</a>",28.0,38.0,0.25123564036268936
10711,"<a href=""statss.aspx?playerid=10711&position=2B/OF"">Arismendy Alcantara</a>",23.0,32.0,0.16760848029967276
5760,"<a href=""statss.aspx?playerid=5760&position=OF"">Avisail Garcia</a>",24.0,601.0,0.29547701631501366
8782,"<a href=""statss.aspx?playerid=8782&position=P"">Andrew Cashner</a>",28.0,61.0,0.08345839820924353
4293,"<a href=""statss.aspx?playerid=4293&position=C"">Brett Hayes</a>",31.0,36.0,0.286230274609157
10937,"<a href=""statss.aspx?playerid=10937&position=OF"">Ryan Strausborger</a>",27.0,51.0,0.22344828367233277
14158,"<a href=""statss.aspx?playerid=14158&position=OF"">Mac Williamson</a>",24.0,34.0,0.22344841150676503
3340,"<a href=""statss.aspx?playerid=3340&position=P"">Matt Garza</a>",31.0,47.0,0.08323286473751068
10700,"<a href=""statss.aspx?playerid=10700&position=OF"">Ryan LaMarre</a>",26.0,26.0,0.07046590805053711
5751,"<a href=""statss.aspx?playerid=5751&position=2B/3B/OF"">Hernan Perez</a>",24.0,272.0,0.25135435319658533
5254,"<a href=""statss.aspx?playerid=5254&position=OF"">Robbie Grossman</a>",25.0,54.0,0.2136175168885125
5450,"<a href=""statss.aspx?playerid=5450&position=OF"">Daniel Nava</a>",32.0,166.0,0.26543038361000293
1825,"<a href=""statss.aspx?playerid=1825&position=OF"">David DeJesus</a>",35.0,317.0,0.2778130068054682
8385,"<a href=""statss.aspx?playerid=8385&position=SS"">Pedro Florimon</a>",28.0,25.0,0.1539473009109497
10289,"<a href=""statss.aspx?playerid=10289&position=C"">Hector Sanchez</a>",25.0,59.0,0.22186520181853195
3390,"<a href=""statss.aspx?playerid=3390&position=OF"">John Mayberry</a>",31.0,119.0,0.23996518239253709
6596,"<a href=""statss.aspx?playerid=6596&position=2B"">Ryan Jackson</a>",27.0,14.0,0.06868430376052856
2411,"<a href=""statss.aspx?playerid=2411&position=OF"">Jose Tabata</a>",26.0,41.0,0.2873385054309194
13284,"<a href=""statss.aspx?playerid=13284&position=2B/OF"">Darnell Sweeney</a>",24.0,98.0,0.28479453009002065
1191,"<a href=""statss.aspx?playerid=1191&position=3B"">Chris Johnson</a>",30.0,255.0,0.2740429964720034
13895,"<a href=""statss.aspx?playerid=13895&position=C"">Trevor Brown</a>",23.0,43.0,0.25847171628197957
7515,"<a href=""statss.aspx?playerid=7515&position=C"">Jhonatan Solano</a>",29.0,21.0,0.0925292174021403
11137,"<a href=""statss.aspx?playerid=11137&position=P"">Mike Bolsinger</a>",27.0,40.0,0.03305975073262265
10306,"<a href=""statss.aspx?playerid=10306&position=OF"">Oswaldo Arcia</a>",24.0,65.0,0.293416115104175
4676,"<a href=""statss.aspx?playerid=4676&position=P"">Charlie Morton</a>",31.0,43.0,0.04236937535775674
2225,"<a href=""statss.aspx?playerid=2225&position=OF"">Jason Bourgeois</a>",33.0,212.0,0.27767770578510953
4930,"<a href=""statss.aspx?playerid=4930&position=P"">Jon Lester</a>",31.0,71.0,0.08590499254373404
13325,"<a href=""statss.aspx?playerid=13325&position=3B"">Deven Marrero</a>",24.0,56.0,0.24669438813413894
1760,"<a href=""statss.aspx?playerid=1760&position=OF"">Cody Ross</a>",34.0,25.0,0.15288707256317138
8433,"<a href=""statss.aspx?playerid=8433&position=1B"">Ike Davis</a>",28.0,239.0,0.2882584238650909
3231,"<a href=""statss.aspx?playerid=3231&position=C"">Brayan Pena</a>",33.0,367.0,0.2945204108625978
8879,"<a href=""statss.aspx?playerid=8879&position=C"">Ryan Lavarnway</a>",27.0,106.0,0.266968796366737
5386,"<a href=""statss.aspx?playerid=5386&position=OF"">Andrew Lambo</a>",26.0,27.0,0.09740580011297155
12972,"<a href=""statss.aspx?playerid=12972&position=P"">Joe Ross</a>",22.0,30.0,0.12002149437155042
7002,"<a href=""statss.aspx?playerid=7002&position=3B"">Will Middlebrooks</a>",26.0,270.0,0.2586474789513482
1845,"<a href=""statss.aspx?playerid=1845&position=DH/OF"">Jonny Gomes</a>",34.0,262.0,0.2939062828761864
3862,"<a href=""statss.aspx?playerid=3862&position=P"">Rubby de la Rosa</a>",26.0,68.0,0.08257723599672318
3154,"<a href=""statss.aspx?playerid=3154&position=OF"">Domonic Brown</a>",27.0,204.0,0.27989087881995184
12148,"<a href=""statss.aspx?playerid=12148&position=3B"">Kyle Kubitza</a>",24.0,39.0,0.2109306683907142
5514,"<a href=""statss.aspx?playerid=5514&position=C/DH"">Jesus Montero</a>",25.0,116.0,0.28399138409515906
3817,"<a href=""statss.aspx?playerid=3817&position=3B"">Joaquin Arias</a>",30.0,59.0,0.209134539653515
3035,"<a href=""statss.aspx?playerid=3035&position=1B/OF"">Michael Morse</a>",33.0,256.0,0.2914742291904986
8155,"<a href=""statss.aspx?playerid=8155&position=SS"">Everth Cabrera</a>",28.0,105.0,0.2165357292844699
3648,"<a href=""statss.aspx?playerid=3648&position=C"">Rene Rivera</a>",31.0,319.0,0.2151972417998466
3411,"<a href=""statss.aspx?playerid=3411&position=C"">Drew Butera</a>",31.0,120.0,0.22926460971002993
10622,"<a href=""statss.aspx?playerid=10622&position=DH/OF"">Zach Walters</a>",25.0,30.0,0.11744318008422852
13757,"<a href=""statss.aspx?playerid=13757&position=OF"">Chris Taylor</a>",24.0,102.0,0.2005392861366272
2783,"<a href=""statss.aspx?playerid=2783&position=C"">Johnny Monell</a>",29.0,52.0,0.20278569826712975
10655,"<a href=""statss.aspx?playerid=10655&position=C"">Rob Brantly</a>",25.0,36.0,0.17935829361279806
10053,"<a href=""statss.aspx?playerid=10053&position=2B"">Grant Green</a>",27.0,44.0,0.20739312227382217
3812,"<a href=""statss.aspx?playerid=3812&position=2B/SS"">Gregorio Petit</a>",30.0,47.0,0.1925731791390313
9373,"<a href=""statss.aspx?playerid=9373&position=C/1B/OF"">Matt McBride</a>",30.0,43.0,0.16009063360302947
6589,"<a href=""statss.aspx?playerid=6589&position=2B"">Sean Rodriguez</a>",30.0,240.0,0.2814676563790504
12049,"<a href=""statss.aspx?playerid=12049&position=P"">Kyle Hendricks</a>",25.0,64.0,0.06073379125751433
1433,"<a href=""statss.aspx?playerid=1433&position=C"">Wilson Ramos</a>",27.0,504.0,0.2646096025805074
2047,"<a href=""statss.aspx?playerid=2047&position=P"">Jorge De La Rosa</a>",34.0,50.0,0.05505149066448212
13301,"<a href=""statss.aspx?playerid=13301&position=1B/3B"">Max Muncy</a>",24.0,112.0,0.28526090724127634
7476,"<a href=""statss.aspx?playerid=7476&position=C"">Alex Avila</a>",28.0,219.0,0.29374700675316906
7168,"<a href=""statss.aspx?playerid=7168&position=C"">Juan Centeno</a>",25.0,23.0,0.11434593926305356
2539,"<a href=""statss.aspx?playerid=2539&position=SS"">Pete Kozma</a>",27.0,111.0,0.17986326250765058
2140,"<a href=""statss.aspx?playerid=2140&position=OF"">Delmon Young</a>",29.0,180.0,0.27492135730054645
3336,"<a href=""statss.aspx?playerid=3336&position=2B/3B"">Alberto Callaspo</a>",32.0,261.0,0.26996852164102797
1945,"<a href=""statss.aspx?playerid=1945&position=OF"">Corey Hart</a>",33.0,57.0,0.25057864295584814
7158,"<a href=""statss.aspx?playerid=7158&position=OF"">Eric Young Jr.</a>",30.0,94.0,0.20364329382613466
2264,"<a href=""statss.aspx?playerid=2264&position=2B/3B/SS"">Hector Gomez</a>",27.0,134.0,0.23103651223760663
9883,"<a href=""statss.aspx?playerid=9883&position=OF"">Jordan Schafer</a>",28.0,74.0,0.22776704033215842
2714,"<a href=""statss.aspx?playerid=2714&position=1B/OF"">Garrett Jones</a>",34.0,152.0,0.2693274421127219
11997,"<a href=""statss.aspx?playerid=11997&position=3B/OF"">Cody Asche</a>",25.0,456.0,0.2977684538885458
9284,"<a href=""statss.aspx?playerid=9284&position=C/OF"">Chris Herrmann</a>",27.0,113.0,0.21800038005624497
5485,"<a href=""statss.aspx?playerid=5485&position=2B/OF"">Jose Pirela</a>",25.0,78.0,0.24231820756738837
2832,"<a href=""statss.aspx?playerid=2832&position=3B/OF"">Rafael Ynoa</a>",27.0,131.0,0.26803567959712105
12859,"<a href=""statss.aspx?playerid=12859&position=C"">James McCann</a>",25.0,425.0,0.29721445241620026
9767,"<a href=""statss.aspx?playerid=9767&position=OF"">James Jones</a>",26.0,31.0,0.14166465497786
10698,"<a href=""statss.aspx?playerid=10698&position=3B"">Mike Olt</a>",26.0,102.0,0.25606610319193673
1849,"<a href=""statss.aspx?playerid=1849&position=2B"">Rickie Weeks Jr.</a>",32.0,95.0,0.2388817824815449
4672,"<a href=""statss.aspx?playerid=4672&position=OF"">Junior Lake</a>",25.0,84.0,0.24587084423928035
5306,"<a href=""statss.aspx?playerid=5306&position=OF"">Kristopher Negron</a>",29.0,107.0,0.19559601545333863
629,"<a href=""statss.aspx?playerid=629&position=OF"">Brandon Barnes</a>",29.0,281.0,0.2872445383226828
3395,"<a href=""statss.aspx?playerid=3395&position=2B/SS"">Cliff Pennington</a>",31.0,249.0,0.26021477902928986
12547,"<a href=""statss.aspx?playerid=12547&position=C/1B"">John Hicks</a>",25.0,34.0,0.08557386109323213
5429,"<a href=""statss.aspx?playerid=5429&position=C"">Carson Blair</a>",25.0,35.0,0.21300394194466726
2802,"<a href=""statss.aspx?playerid=2802&position=C"">Tony Cruz</a>",28.0,151.0,0.23741856517407717
12101,"<a href=""statss.aspx?playerid=12101&position=1B/DH"">Kennys Vargas</a>",24.0,184.0,0.27500178179015283
9571,"<a href=""statss.aspx?playerid=9571&position=OF"">Craig Gentry</a>",31.0,56.0,0.1817346970949854
1066,"<a href=""statss.aspx?playerid=1066&position=SS/OF"">Willie Bloomquist</a>",37.0,72.0,0.16883785277605057
4792,"<a href=""statss.aspx?playerid=4792&position=OF"">Jeff Francoeur</a>",31.0,343.0,0.30832333589086725
1572,"<a href=""statss.aspx?playerid=1572&position=OF"">Coco Crisp</a>",35.0,139.0,0.21985441917995754
13153,"<a href=""statss.aspx?playerid=13153&position=2B/SS"">Luis Sardinas</a>",22.0,105.0,0.20274968054688092
10067,"<a href=""statss.aspx?playerid=10067&position=C/1B"">Tomas Telis</a>",24.0,41.0,0.1680300921201706
4599,"<a href=""statss.aspx?playerid=4599&position=1B/OF"">Nick Swisher</a>",34.0,260.0,0.28520587765572153
1101,"<a href=""statss.aspx?playerid=1101&position=OF"">Ichiro Suzuki</a>",41.0,438.0,0.2502362449411993
4054,"<a href=""statss.aspx?playerid=4054&position=2B/OF"">Emilio Bonifacio</a>",30.0,82.0,0.17646197257218538
10166,"<a href=""statss.aspx?playerid=10166&position=2B"">Nick Franklin</a>",24.0,109.0,0.2284224960539076
11763,"<a href=""statss.aspx?playerid=11763&position=OF"">Kyle Parker</a>",25.0,112.0,0.2343733161687851
3704,"<a href=""statss.aspx?playerid=3704&position=2B/OF"">Skip Schumaker</a>",35.0,268.0,0.2822771238205128
5273,"<a href=""statss.aspx?playerid=5273&position=C"">Sandy Leon</a>",26.0,128.0,0.19906927879191627
8623,"<a href=""statss.aspx?playerid=8623&position=2B"">Donovan Solano</a>",27.0,94.0,0.20362148233639296
7399,"<a href=""statss.aspx?playerid=7399&position=1B/DH"">Billy Butler</a>",29.0,601.0,0.31138946333123213
9009,"<a href=""statss.aspx?playerid=9009&position=3B"">Conor Gillaspie</a>",27.0,253.0,0.2694588484042194
8002,"<a href=""statss.aspx?playerid=8002&position=C"">Wilin Rosario</a>",26.0,242.0,0.3034589622310016
7244,"<a href=""statss.aspx?playerid=7244&position=1B/OF"">Tyler Moore</a>",28.0,200.0,0.26254144732398216
3433,"<a href=""statss.aspx?playerid=3433&position=1B/OF"">Allen Craig</a>",30.0,88.0,0.2087950584563342
4063,"<a href=""statss.aspx?playerid=4063&position=C"">Anthony Recker</a>",31.0,92.0,0.20502604047457376
7290,"<a href=""statss.aspx?playerid=7290&position=SS/OF"">Jake Elmore</a>",28.0,158.0,0.24093767289192447
5986,"<a href=""statss.aspx?playerid=5986&position=SS"">Mike Aviles</a>",34.0,317.0,0.26649682013652265
9063,"<a href=""statss.aspx?playerid=9063&position=2B/SS/OF"">Alexi Amarista</a>",26.0,357.0,0.2364303948198046
8392,"<a href=""statss.aspx?playerid=8392&position=2B/3B"">Daniel Descalso</a>",28.0,209.0,0.2591080324134635
10028,"<a href=""statss.aspx?playerid=10028&position=C"">Christian Bethancourt</a>",23.0,160.0,0.2228014199238903
9433,"<a href=""statss.aspx?playerid=9433&position=C"">Dustin Garneau</a>",27.0,76.0,0.21529345093546687
7577,"<a href=""statss.aspx?playerid=7577&position=1B/OF"">Marc Krauss</a>",27.0,81.0,0.18820830039036127
8259,"<a href=""statss.aspx?playerid=8259&position=C"">Kurt Suzuki</a>",31.0,479.0,0.26888830283049076
914,"<a href=""statss.aspx?playerid=914&position=OF"">Brennan Boesch</a>",30.0,94.0,0.17927208796460578
17171,"<a href=""statss.aspx?playerid=17171&position=OF"">Yasmany Tomas</a>",24.0,426.0,0.3070840527753875
10030,"<a href=""statss.aspx?playerid=10030&position=2B/SS"">Chris Owings</a>",23.0,552.0,0.2546376316529798
4556,"<a href=""statss.aspx?playerid=4556&position=1B"">James Loney</a>",31.0,388.0,0.294489666780666
5409,"<a href=""statss.aspx?playerid=5409&position=3B"">Pablo Sandoval</a>",28.0,505.0,0.2877735737303853
3353,"<a href=""statss.aspx?playerid=3353&position=OF"">Matt Joyce</a>",30.0,284.0,0.25463636800752465
1904,"<a href=""statss.aspx?playerid=1904&position=1B"">Adam LaRoche</a>",35.0,484.0,0.28309747502823507
8001,"<a href=""statss.aspx?playerid=8001&position=SS"">Hanley Ramirez</a>",31.0,430.0,0.30777703434507425
10322,"<a href=""statss.aspx?playerid=10322&position=OF"">Danny Santana</a>",24.0,277.0,0.2313604170948156
1609,"<a href=""statss.aspx?playerid=1609&position=2B"">Omar Infante</a>",33.0,455.0,0.2375698818539415
6086,"<a href=""statss.aspx?playerid=6086&position=3B"">Casey McGehee</a>",32.0,258.0,0.24301056482995204
2579,"<a href=""statss.aspx?playerid=2579&position=C"">Carlos Ruiz</a>",36.0,320.0,0.25886656367589556
393,"<a href=""statss.aspx?playerid=393&position=C/DH"">Victor Martinez</a>",36.0,485.0,0.28614546305478494
