playerid,Name,Age,PA,wOBA
17678,"<a href=""statss.aspx?playerid=17678&position=3B"">Alex Bregman</a>",25.0,319.0,0.4572998785446119
12533,"<a href=""statss.aspx?playerid=12533&position=2B/SS"">Marcus Semien</a>",28.0,352.0,0.41382465539155183
5417,"<a href=""statss.aspx?playerid=5417&position=2B"">Jose Altuve</a>",29.0,333.0,0.40228968804859255
12861,"<a href=""statss.aspx?playerid=12861&position=3B"">Anthony Rendon</a>",29.0,347.0,0.4093375247699526
19198,"<a href=""statss.aspx?playerid=19198&position=1B"">Yuli Gurriel</a>",35.0,282.0,0.43442104096923556
12552,"<a href=""statss.aspx?playerid=12552&position=3B"">Eugenio Suarez</a>",27.0,322.0,0.4298055280338634
11739,"<a href=""statss.aspx?playerid=11739&position=C"">J.T. Realmuto</a>",28.0,283.0,0.3654494741633269
13611,"<a href=""statss.aspx?playerid=13611&position=OF"">Mookie Betts</a>",26.0,318.0,0.4120286582772288
13613,"<a href=""statss.aspx?playerid=13613&position=2B"">Ketel Marte</a>",25.0,267.0,0.43647991584034895
17350,"<a href=""statss.aspx?playerid=17350&position=3B"">Rafael Devers</a>",22.0,354.0,0.38070822290011813
12916,"<a href=""statss.aspx?playerid=12916&position=SS"">Francisco Lindor</a>",25.0,365.0,0.3499034603436788
12856,"<a href=""statss.aspx?playerid=12856&position=OF"">George Springer</a>",29.0,313.0,0.3945477625813347
19470,"<a href=""statss.aspx?playerid=19470&position=2B"">Tommy Edman</a>",24.0,315.0,0.3579789875045655
10155,"<a href=""statss.aspx?playerid=10155&position=OF"">Mike Trout</a>",27.0,239.0,0.44578927224975523
5038,"<a href=""statss.aspx?playerid=5038&position=3B"">Josh Donaldson</a>",33.0,321.0,0.4018085307462088
14221,"<a href=""statss.aspx?playerid=14221&position=DH/OF"">Jorge Soler</a>",27.0,333.0,0.4285871198782498
12564,"<a href=""statss.aspx?playerid=12564&position=SS"">Trevor Story</a>",26.0,328.0,0.38361881273548776
16252,"<a href=""statss.aspx?playerid=16252&position=SS"">Trea Turner</a>",26.0,367.0,0.3663981371238583
4579,"<a href=""statss.aspx?playerid=4579&position=2B/SS"">Starlin Castro</a>",29.0,331.0,0.37254118612318327
2434,"<a href=""statss.aspx?playerid=2434&position=DH/OF"">Nelson Cruz</a>",38.0,274.0,0.44387980034288843
15640,"<a href=""statss.aspx?playerid=15640&position=OF"">Aaron Judge</a>",27.0,327.0,0.3775549967961809
19556,"<a href=""statss.aspx?playerid=19556&position=DH/OF"">Yordan Alvarez</a>",22.0,300.0,0.4268788390288048
12161,"<a href=""statss.aspx?playerid=12161&position=SS"">Xander Bogaerts</a>",26.0,333.0,0.39211497256705713
13510,"<a href=""statss.aspx?playerid=13510&position=3B"">Jose Ramirez</a>",26.0,202.0,0.4305553406772047
20123,"<a href=""statss.aspx?playerid=20123&position=OF"">Juan Soto</a>",20.0,343.0,0.39620288760780936
11445,"<a href=""statss.aspx?playerid=11445&position=OF"">Mark Canha</a>",30.0,316.0,0.3931486301951938
9777,"<a href=""statss.aspx?playerid=9777&position=3B"">Nolan Arenado</a>",28.0,300.0,0.3895224850056535
17232,"<a href=""statss.aspx?playerid=17232&position=3B"">Yoan Moncada</a>",24.0,247.0,0.3936199715467003
15998,"<a href=""statss.aspx?playerid=15998&position=1B/OF"">Cody Bellinger</a>",23.0,309.0,0.37217544933160146
11477,"<a href=""statss.aspx?playerid=11477&position=OF"">Christian Yelich</a>",27.0,239.0,0.4352644472304037
16556,"<a href=""statss.aspx?playerid=16556&position=2B"">Ozzie Albies</a>",22.0,337.0,0.3707328974129911
15672,"<a href=""statss.aspx?playerid=15672&position=DH/OF"">Austin Meadows</a>",24.0,307.0,0.39237221987521065
15274,"<a href=""statss.aspx?playerid=15274&position=OF"">Mike Tauchman</a>",28.0,176.0,0.4097264957698909
11368,"<a href=""statss.aspx?playerid=11368&position=C"">Yasmani Grandal</a>",30.0,318.0,0.34599535077904303
14344,"<a href=""statss.aspx?playerid=14344&position=1B"">Matt Olson</a>",25.0,331.0,0.3730568482970608
17128,"<a href=""statss.aspx?playerid=17128&position=OF"">Ramon Laureano</a>",24.0,150.0,0.4503102842593353
10071,"<a href=""statss.aspx?playerid=10071&position=2B/SS"">Jonathan Villar</a>",28.0,361.0,0.3539297319120831
11579,"<a href=""statss.aspx?playerid=11579&position=OF"">Bryce Harper</a>",26.0,315.0,0.3815790418655642
15172,"<a href=""statss.aspx?playerid=15172&position=SS"">Tim Anderson</a>",26.0,237.0,0.3784686553327343
12532,"<a href=""statss.aspx?playerid=12532&position=2B"">Kolten Wong</a>",28.0,246.0,0.37937270825107894
9874,"<a href=""statss.aspx?playerid=9874&position=2B"">DJ LeMahieu</a>",30.0,312.0,0.3603183544981174
9218,"<a href=""statss.aspx?playerid=9218&position=1B"">Paul Goldschmidt</a>",31.0,330.0,0.37361243985048154
9241,"<a href=""statss.aspx?playerid=9241&position=OF"">Starling Marte</a>",30.0,261.0,0.3825257221093545
15161,"<a href=""statss.aspx?playerid=15161&position=C/DH"">Mitch Garver</a>",28.0,199.0,0.40844362614741875
14854,"<a href=""statss.aspx?playerid=14854&position=OF"">Mike Yastrzemski</a>",28.0,290.0,0.3705659881234169
18401,"<a href=""statss.aspx?playerid=18401&position=OF"">Ronald Acuna Jr.</a>",21.0,329.0,0.363297726218489
12164,"<a href=""statss.aspx?playerid=12164&position=1B/3B"">Miguel Sano</a>",26.0,296.0,0.39312416919179866
15362,"<a href=""statss.aspx?playerid=15362&position=2B/OF"">Jeff McNeil</a>",27.0,271.0,0.3775819608206239
9927,"<a href=""statss.aspx?playerid=9927&position=OF"">Brett Gardner</a>",35.0,252.0,0.3714354560961799
15223,"<a href=""statss.aspx?playerid=15223&position=2B"">Adam Frazier</a>",27.0,301.0,0.35437898472400015
10681,"<a href=""statss.aspx?playerid=10681&position=3B"">Gio Urshela</a>",27.0,246.0,0.39470360960279194
6184,"<a href=""statss.aspx?playerid=6184&position=DH/OF"">J.D. Martinez</a>",31.0,322.0,0.3921377581752813
16376,"<a href=""statss.aspx?playerid=16376&position=OF"">Michael Conforto</a>",26.0,321.0,0.36296363310380414
20003,"<a href=""statss.aspx?playerid=20003&position=1B/2B"">Keston Hiura</a>",22.0,268.0,0.401669968826494
16219,"<a href=""statss.aspx?playerid=16219&position=3B"">J.D. Davis</a>",26.0,240.0,0.4058725998491423
9785,"<a href=""statss.aspx?playerid=9785&position=3B"">Kyle Seager</a>",31.0,300.0,0.34612070143222806
13499,"<a href=""statss.aspx?playerid=13499&position=C"">Tom Murphy</a>",28.0,163.0,0.36684914417793413
12979,"<a href=""statss.aspx?playerid=12979&position=SS"">Javier Baez</a>",26.0,213.0,0.33375544986634886
4106,"<a href=""statss.aspx?playerid=4106&position=OF"">Michael Brantley</a>",32.0,290.0,0.37143572907134326
3473,"<a href=""statss.aspx?playerid=3473&position=1B"">Anthony Rizzo</a>",29.0,265.0,0.4049764415531447
5235,"<a href=""statss.aspx?playerid=5235&position=3B"">Justin Turner</a>",34.0,233.0,0.38340833988682976
2396,"<a href=""statss.aspx?playerid=2396&position=1B"">Carlos Santana</a>",33.0,333.0,0.3650050469494741
18363,"<a href=""statss.aspx?playerid=18363&position=OF"">Victor Robles</a>",22.0,309.0,0.3174646278611975
12147,"<a href=""statss.aspx?playerid=12147&position=SS"">Nick Ahmed</a>",29.0,293.0,0.3279131973442966
9774,"<a href=""statss.aspx?playerid=9774&position=C"">Christian Vazquez</a>",28.0,277.0,0.32889925650436513
19252,"<a href=""statss.aspx?playerid=19252&position=2B"">Cavan Biggio</a>",24.0,307.0,0.3409102209616173
2900,"<a href=""statss.aspx?playerid=2900&position=C"">Roberto Perez</a>",30.0,230.0,0.31285469606518745
16478,"<a href=""statss.aspx?playerid=16478&position=DH/OF"">Kyle Schwarber</a>",26.0,285.0,0.3907666485494291
16505,"<a href=""statss.aspx?playerid=16505&position=3B"">Matt Chapman</a>",26.0,304.0,0.32732315145825086
13066,"<a href=""statss.aspx?playerid=13066&position=OF"">Teoscar Hernandez</a>",26.0,247.0,0.3780859366119632
15149,"<a href=""statss.aspx?playerid=15149&position=1B/DH/OF"">Trey Mancini</a>",27.0,343.0,0.37393683055688065
11737,"<a href=""statss.aspx?playerid=11737&position=3B/OF"">Nick Castellanos</a>",27.0,328.0,0.3789027669444317
15487,"<a href=""statss.aspx?playerid=15487&position=OF"">Victor Reyes</a>",24.0,282.0,0.3274516408325087
14225,"<a href=""statss.aspx?playerid=14225&position=OF"">Yasiel Puig</a>",28.0,304.0,0.3504915253112191
13419,"<a href=""statss.aspx?playerid=13419&position=1B"">Christian Walker</a>",28.0,283.0,0.357026758800698
13301,"<a href=""statss.aspx?playerid=13301&position=1B/3B"">Max Muncy</a>",28.0,255.0,0.36149514188953474
9368,"<a href=""statss.aspx?playerid=9368&position=3B"">Evan Longoria</a>",33.0,231.0,0.3615465265253316
7739,"<a href=""statss.aspx?playerid=7739&position=C"">Travis d'Arnaud</a>",30.0,253.0,0.34031021147377405
4962,"<a href=""statss.aspx?playerid=4962&position=SS"">Asdrubal Cabrera</a>",33.0,227.0,0.364845305944966
13624,"<a href=""statss.aspx?playerid=13624&position=SS"">Corey Seager</a>",25.0,271.0,0.33240094471860815
15429,"<a href=""statss.aspx?playerid=15429&position=3B/OF"">Kris Bryant</a>",27.0,282.0,0.363778552265032
19251,"<a href=""statss.aspx?playerid=19251&position=1B"">Pete Alonso</a>",24.0,338.0,0.3594558738082288
19326,"<a href=""statss.aspx?playerid=19326&position=OF"">Bryan Reynolds</a>",24.0,323.0,0.3465394608376565
15986,"<a href=""statss.aspx?playerid=15986&position=SS"">Willy Adames</a>",23.0,278.0,0.31253843052663666
19197,"<a href=""statss.aspx?playerid=19197&position=C"">Will Smith</a>",24.0,167.0,0.3645027558246772
10322,"<a href=""statss.aspx?playerid=10322&position=OF"">Danny Santana</a>",28.0,300.0,0.3514173012912074
3410,"<a href=""statss.aspx?playerid=3410&position=OF"">Ryan Braun</a>",35.0,217.0,0.3871294126332363
15482,"<a href=""statss.aspx?playerid=15482&position=OF"">Aristides Aquino</a>",25.0,225.0,0.36007553044990576
17992,"<a href=""statss.aspx?playerid=17992&position=2B"">David Fletcher</a>",25.0,347.0,0.31347013763759446
11205,"<a href=""statss.aspx?playerid=11205&position=OF"">Adam Eaton</a>",30.0,304.0,0.358155248349145
8623,"<a href=""statss.aspx?playerid=8623&position=2B"">Donovan Solano</a>",31.0,161.0,0.37085042162711573
15518,"<a href=""statss.aspx?playerid=15518&position=SS"">Amed Rosario</a>",23.0,318.0,0.34194554665863325
19612,"<a href=""statss.aspx?playerid=19612&position=SS"">Bo Bichette</a>",21.0,212.0,0.38417747251267703
12092,"<a href=""statss.aspx?playerid=12092&position=2B/SS"">Niko Goodrum</a>",27.0,170.0,0.3437093573914477
12144,"<a href=""statss.aspx?playerid=12144&position=OF"">Max Kepler</a>",26.0,262.0,0.3392514845797124
2967,"<a href=""statss.aspx?playerid=2967&position=OF"">Tommy Pham</a>",31.0,305.0,0.3331296548198159
14162,"<a href=""statss.aspx?playerid=14162&position=SS"">Carlos Correa</a>",24.0,107.0,0.3920135743150087
16424,"<a href=""statss.aspx?playerid=16424&position=OF"">Jordan Luplow</a>",25.0,103.0,0.4327416610949248
12037,"<a href=""statss.aspx?playerid=12037&position=3B"">Jon Berti</a>",29.0,219.0,0.3339401821023253
18289,"<a href=""statss.aspx?playerid=18289&position=3B/OF"">Brian Anderson</a>",26.0,172.0,0.37184621081795804
14477,"<a href=""statss.aspx?playerid=14477&position=OF"">Jake Cave</a>",26.0,141.0,0.3979317943255107
5361,"<a href=""statss.aspx?playerid=5361&position=1B"">Freddie Freeman</a>",29.0,311.0,0.3613067263443219
5827,"<a href=""statss.aspx?playerid=5827&position=1B"">Wilmer Flores</a>",27.0,147.0,0.40330632324932386
5491,"<a href=""statss.aspx?playerid=5491&position=C"">Austin Romine</a>",30.0,135.0,0.3821403454851221
4229,"<a href=""statss.aspx?playerid=4229&position=2B"">Howie Kendrick</a>",35.0,148.0,0.41570418829820593
11200,"<a href=""statss.aspx?playerid=11200&position=OF"">Kole Calhoun</a>",31.0,301.0,0.34139217700447927
11899,"<a href=""statss.aspx?playerid=11899&position=DH/OF"">Joc Pederson</a>",27.0,236.0,0.3621451220451257
11281,"<a href=""statss.aspx?playerid=11281&position=2B/OF"">Whit Merrifield</a>",30.0,353.0,0.3279451834545894
16535,"<a href=""statss.aspx?playerid=16535&position=C"">Danny Jansen</a>",24.0,175.0,0.3060926092767167
14712,"<a href=""statss.aspx?playerid=14712&position=OF"">Manuel Margot</a>",24.0,246.0,0.3149592393219716
12282,"<a href=""statss.aspx?playerid=12282&position=2B"">Rougned Odor</a>",25.0,310.0,0.33061844671701457
15674,"<a href=""statss.aspx?playerid=15674&position=C"">Reese McGuire</a>",24.0,105.0,0.3637472591721095
15676,"<a href=""statss.aspx?playerid=15676&position=1B"">Jose Abreu</a>",32.0,347.0,0.353233017610467
7007,"<a href=""statss.aspx?playerid=7007&position=C"">Yadier Molina</a>",36.0,185.0,0.3298363978798325
15117,"<a href=""statss.aspx?playerid=15117&position=3B/OF"">Hunter Dozier</a>",27.0,330.0,0.3377148985500394
10200,"<a href=""statss.aspx?playerid=10200&position=C"">Tucker Barnhart</a>",28.0,177.0,0.34442714678830116
5452,"<a href=""statss.aspx?playerid=5452&position=1B"">Ji-Man Choi</a>",28.0,216.0,0.37101124992994505
16997,"<a href=""statss.aspx?playerid=16997&position=2B"">Gleyber Torres</a>",22.0,285.0,0.33904606271797505
11902,"<a href=""statss.aspx?playerid=11902&position=2B/3B"">Hanser Alberto</a>",26.0,287.0,0.3211489792887148
6547,"<a href=""statss.aspx?playerid=6547&position=SS"">Jordy Mercer</a>",32.0,201.0,0.3366352874248182
9256,"<a href=""statss.aspx?playerid=9256&position=OF"">A.J. Pollock</a>",31.0,227.0,0.36722469329833984
18568,"<a href=""statss.aspx?playerid=18568&position=1B/2B"">Luis Arraez</a>",22.0,299.0,0.3440670003026924
13359,"<a href=""statss.aspx?playerid=13359&position=OF"">Tyler Naquin</a>",28.0,135.0,0.3683036202774908
6609,"<a href=""statss.aspx?playerid=6609&position=SS"">Freddy Galvis</a>",29.0,269.0,0.31162876046415583
3269,"<a href=""statss.aspx?playerid=3269&position=2B"">Robinson Cano</a>",36.0,185.0,0.34444409674340554
12858,"<a href=""statss.aspx?playerid=12858&position=OF"">Brian Goodwin</a>",28.0,215.0,0.341133215815522
9166,"<a href=""statss.aspx?playerid=9166&position=C"">Buster Posey</a>",32.0,226.0,0.2954463022095816
9810,"<a href=""statss.aspx?playerid=9810&position=2B"">Brian Dozier</a>",32.0,194.0,0.35712433942241373
2829,"<a href=""statss.aspx?playerid=2829&position=C"">Manny Pina</a>",32.0,96.0,0.35085872374475
17919,"<a href=""statss.aspx?playerid=17919&position=OF"">Ian Happ</a>",24.0,156.0,0.3678712195310837
9077,"<a href=""statss.aspx?playerid=9077&position=OF"">Lorenzo Cain</a>",33.0,275.0,0.31900938257683803
12927,"<a href=""statss.aspx?playerid=12927&position=OF"">Brandon Nimmo</a>",26.0,93.0,0.4087417203447093
10815,"<a href=""statss.aspx?playerid=10815&position=OF"">Jurickson Profar</a>",26.0,208.0,0.3376434763463644
4922,"<a href=""statss.aspx?playerid=4922&position=OF"">Ender Inciarte</a>",28.0,90.0,0.39406927890247767
18015,"<a href=""statss.aspx?playerid=18015&position=SS"">Paul DeJong</a>",25.0,313.0,0.3015235988095926
13152,"<a href=""statss.aspx?playerid=13152&position=2B/SS"">Jorge Polanco</a>",25.0,338.0,0.3290301556049539
16375,"<a href=""statss.aspx?playerid=16375&position=OF"">Oscar Mercado</a>",24.0,315.0,0.30236250717923574
10950,"<a href=""statss.aspx?playerid=10950&position=OF"">Adam Duvall</a>",30.0,130.0,0.3603450009456048
17484,"<a href=""statss.aspx?playerid=17484&position=DH/OF"">Eloy Jimenez</a>",22.0,275.0,0.3586484874378551
17696,"<a href=""statss.aspx?playerid=17696&position=2B/SS"">Kevin Newman</a>",25.0,315.0,0.3265568181207985
15585,"<a href=""statss.aspx?playerid=15585&position=1B/DH"">Mike Ford</a>",26.0,126.0,0.39150852106866385
11265,"<a href=""statss.aspx?playerid=11265&position=2B"">Jonathan Schoop</a>",27.0,178.0,0.33339888497261005
19709,"<a href=""statss.aspx?playerid=19709&position=SS/OF"">Fernando Tatis Jr.</a>",20.0,167.0,0.3731925609600113
13723,"<a href=""statss.aspx?playerid=13723&position=C"">Jacob Stallings</a>",29.0,162.0,0.2819195513455373
10231,"<a href=""statss.aspx?playerid=10231&position=SS"">Jose Iglesias</a>",29.0,258.0,0.3056893381163304
10762,"<a href=""statss.aspx?playerid=10762&position=OF"">Corey Dickerson</a>",30.0,207.0,0.36472558653822135
15112,"<a href=""statss.aspx?playerid=15112&position=3B"">Ryan McMahon</a>",24.0,291.0,0.3469598204925142
2151,"<a href=""statss.aspx?playerid=2151&position=1B/3B/DH"">Edwin Encarnacion</a>",36.0,147.0,0.3781455734821215
9627,"<a href=""statss.aspx?playerid=9627&position=C"">Yan Gomes</a>",31.0,174.0,0.328557028407939
15937,"<a href=""statss.aspx?playerid=15937&position=SS"">Aledmys Diaz</a>",28.0,138.0,0.3499934695062846
15941,"<a href=""statss.aspx?playerid=15941&position=C"">Austin Nola</a>",29.0,252.0,0.32965644788742066
5760,"<a href=""statss.aspx?playerid=5760&position=OF"">Avisail Garcia</a>",28.0,219.0,0.3404689863936542
3353,"<a href=""statss.aspx?playerid=3353&position=OF"">Matt Joyce</a>",34.0,151.0,0.3742645098673587
7927,"<a href=""statss.aspx?playerid=7927&position=2B"">Eric Sogard</a>",33.0,204.0,0.3067567490115024
10847,"<a href=""statss.aspx?playerid=10847&position=SS"">Andrelton Simmons</a>",29.0,218.0,0.27505908309039984
12981,"<a href=""statss.aspx?playerid=12981&position=C"">Cam Gallagher</a>",26.0,55.0,0.4187177430499684
15082,"<a href=""statss.aspx?playerid=15082&position=OF"">Adam Engel</a>",27.0,190.0,0.3028802749357725
13620,"<a href=""statss.aspx?playerid=13620&position=C"">Carson Kelly</a>",24.0,176.0,0.31694769123021294
19878,"<a href=""statss.aspx?playerid=19878&position=OF"">Adam Haseley</a>",23.0,234.0,0.31111301507415445
14738,"<a href=""statss.aspx?playerid=14738&position=OF"">Phillip Ervin</a>",26.0,214.0,0.33382902691297445
13853,"<a href=""statss.aspx?playerid=13853&position=2B/3B/SS"">Joey Wendle</a>",29.0,180.0,0.3015198038683997
18564,"<a href=""statss.aspx?playerid=18564&position=OF"">Trent Grisham</a>",22.0,183.0,0.31589806731281384
8090,"<a href=""statss.aspx?playerid=8090&position=3B"">Matt Carpenter</a>",33.0,166.0,0.32972376924572566
18030,"<a href=""statss.aspx?playerid=18030&position=OF"">Harrison Bader</a>",25.0,192.0,0.2882962540412943
12984,"<a href=""statss.aspx?playerid=12984&position=OF"">Jackie Bradley Jr.</a>",29.0,270.0,0.30808452124948854
1433,"<a href=""statss.aspx?playerid=1433&position=C"">Wilson Ramos</a>",31.0,259.0,0.33340583337369817
17954,"<a href=""statss.aspx?playerid=17954&position=OF"">Sam Hilliard</a>",25.0,87.0,0.4067835047327239
10243,"<a href=""statss.aspx?playerid=10243&position=OF"">Randal Grichuk</a>",27.0,287.0,0.316705470301133
16403,"<a href=""statss.aspx?playerid=16403&position=C"">Francisco Mejia</a>",23.0,159.0,0.34404381078744084
9345,"<a href=""statss.aspx?playerid=9345&position=2B/3B/OF"">Brock Holt</a>",31.0,192.0,0.3275655049304063
13757,"<a href=""statss.aspx?playerid=13757&position=OF"">Chris Taylor</a>",28.0,152.0,0.32728587712673163
19262,"<a href=""statss.aspx?playerid=19262&position=2B/OF"">Garrett Hampson</a>",24.0,193.0,0.3370315246284008
14968,"<a href=""statss.aspx?playerid=14968&position=C"">Victor Caratini</a>",25.0,193.0,0.3298187651164791
5497,"<a href=""statss.aspx?playerid=5497&position=SS"">Marwin Gonzalez</a>",30.0,200.0,0.31710052881578005
12434,"<a href=""statss.aspx?playerid=12434&position=OF"">Kevin Pillar</a>",30.0,324.0,0.3169358359770878
785,"<a href=""statss.aspx?playerid=785&position=3B"">Todd Frazier</a>",33.0,271.0,0.31602730530279655
13590,"<a href=""statss.aspx?playerid=13590&position=OF"">Jesse Winker</a>",25.0,122.0,0.3953325430877873
3711,"<a href=""statss.aspx?playerid=3711&position=1B/OF"">Eric Thames</a>",32.0,243.0,0.326918738335371
3142,"<a href=""statss.aspx?playerid=3142&position=C"">Robinson Chirinos</a>",35.0,187.0,0.30761558837431635
18042,"<a href=""statss.aspx?playerid=18042&position=2B/OF"">Dylan Moore</a>",26.0,147.0,0.3177859896705264
19363,"<a href=""statss.aspx?playerid=19363&position=OF"">Austin Hays</a>",23.0,75.0,0.39274494727452597
10459,"<a href=""statss.aspx?playerid=10459&position=SS"">Adeiny Hechavarria</a>",30.0,124.0,0.3402830972786873
12180,"<a href=""statss.aspx?playerid=12180&position=C"">Jorge Alfaro</a>",26.0,238.0,0.3118609665315362
19508,"<a href=""statss.aspx?playerid=19508&position=OF"">Kyle Lewis</a>",23.0,75.0,0.35664372285207113
14593,"<a href=""statss.aspx?playerid=14593&position=2B/3B"">David Bote</a>",26.0,122.0,0.34117103624744577
13546,"<a href=""statss.aspx?playerid=13546&position=OF"">Roman Quinn</a>",26.0,72.0,0.3779921917848184
5223,"<a href=""statss.aspx?playerid=5223&position=OF"">Cameron Maybin</a>",32.0,136.0,0.34707636123194413
11241,"<a href=""statss.aspx?playerid=11241&position=2B"">Mike Freeman</a>",31.0,128.0,0.32467083978652955
13145,"<a href=""statss.aspx?playerid=13145&position=1B/DH"">Josh Bell</a>",26.0,257.0,0.3462607518610251
18345,"<a href=""statss.aspx?playerid=18345&position=OF"">Kyle Tucker</a>",22.0,72.0,0.34936742463582
16153,"<a href=""statss.aspx?playerid=16153&position=OF"">Austin Slater</a>",26.0,192.0,0.32026328872011595
14161,"<a href=""statss.aspx?playerid=14161&position=OF"">Byron Buxton</a>",25.0,61.0,0.3216522121038593
10472,"<a href=""statss.aspx?playerid=10472&position=OF"">Enrique Hernandez</a>",27.0,164.0,0.3215149238797053
18171,"<a href=""statss.aspx?playerid=18171&position=1B/OF"">Seth Brown</a>",26.0,83.0,0.3467217963862132
15291,"<a href=""statss.aspx?playerid=15291&position=P"">Steven Brault</a>",27.0,28.0,0.38346755027770996
12976,"<a href=""statss.aspx?playerid=12976&position=C"">Austin Hedges</a>",26.0,142.0,0.24237016923185709
11038,"<a href=""statss.aspx?playerid=11038&position=OF"">Kevin Kiermaier</a>",29.0,197.0,0.258497043309478
5343,"<a href=""statss.aspx?playerid=5343&position=SS"">Brandon Crawford</a>",32.0,266.0,0.29173645524470976
10556,"<a href=""statss.aspx?playerid=10556&position=2B"">Cesar Hernandez</a>",29.0,325.0,0.3054948290435153
19755,"<a href=""statss.aspx?playerid=19755&position=DH"">Shohei Ohtani</a>",24.0,231.0,0.33384715857213004
5933,"<a href=""statss.aspx?playerid=5933&position=2B/SS"">Jean Segura</a>",29.0,291.0,0.30605265929781156
12775,"<a href=""statss.aspx?playerid=12775&position=SS"">Brad Miller</a>",29.0,110.0,0.3548356202515689
4940,"<a href=""statss.aspx?playerid=4940&position=OF"">Jason Heyward</a>",29.0,274.0,0.30290900962256684
16939,"<a href=""statss.aspx?playerid=16939&position=OF"">Lane Thomas</a>",23.0,31.0,0.46243123085268084
8722,"<a href=""statss.aspx?playerid=8722&position=C"">Jason Castro</a>",32.0,130.0,0.3253163422724997
10047,"<a href=""statss.aspx?playerid=10047&position=1B/OF"">Wil Myers</a>",28.0,213.0,0.3259723119332757
6153,"<a href=""statss.aspx?playerid=6153&position=3B"">Eduardo Escobar</a>",30.0,332.0,0.3119675856648069
9433,"<a href=""statss.aspx?playerid=9433&position=C"">Dustin Garneau</a>",31.0,62.0,0.3347022083939099
14875,"<a href=""statss.aspx?playerid=14875&position=P"">Caleb Smith</a>",27.0,28.0,0.3553767387683575
5297,"<a href=""statss.aspx?playerid=5297&position=OF"">Aaron Hicks</a>",29.0,104.0,0.35874005865592223
6589,"<a href=""statss.aspx?playerid=6589&position=2B"">Sean Rodriguez</a>",34.0,73.0,0.34834933446513283
14137,"<a href=""statss.aspx?playerid=14137&position=OF"">Tim Lopes</a>",25.0,128.0,0.31766546005383134
17620,"<a href=""statss.aspx?playerid=17620&position=OF"">Myles Straw</a>",24.0,73.0,0.30542875826358795
16623,"<a href=""statss.aspx?playerid=16623&position=OF"">Greg Allen</a>",26.0,183.0,0.2907867474688424
4616,"<a href=""statss.aspx?playerid=4616&position=C"">Russell Martin</a>",36.0,112.0,0.2958823692585741
7476,"<a href=""statss.aspx?playerid=7476&position=C"">Alex Avila</a>",32.0,119.0,0.2800144444341245
17710,"<a href=""statss.aspx?playerid=17710&position=1B/OF"">Matt Beaty</a>",26.0,173.0,0.3363166329456352
13769,"<a href=""statss.aspx?playerid=13769&position=SS"">Adalberto Mondesi</a>",23.0,131.0,0.27089565391688386
13621,"<a href=""statss.aspx?playerid=13621&position=3B"">Jeimer Candelario</a>",25.0,189.0,0.3042475095501653
5384,"<a href=""statss.aspx?playerid=5384&position=OF"">Juan Lagares</a>",30.0,130.0,0.3039327695613771
19844,"<a href=""statss.aspx?playerid=19844&position=2B/3B"">Abraham Toro</a>",22.0,89.0,0.2945509526167023
16542,"<a href=""statss.aspx?playerid=16542&position=2B/OF"">Shed Long Jr.</a>",23.0,89.0,0.3560308941294638
19352,"<a href=""statss.aspx?playerid=19352&position=C"">Sean Murphy</a>",24.0,59.0,0.3759470743648076
19611,"<a href=""statss.aspx?playerid=19611&position=1B"">Vladimir Guerrero Jr.</a>",20.0,288.0,0.3387442800319857
10324,"<a href=""statss.aspx?playerid=10324&position=DH/OF"">Marcell Ozuna</a>",28.0,223.0,0.31443161734551056
9549,"<a href=""statss.aspx?playerid=9549&position=3B"">David Freese</a>",36.0,46.0,0.41772953194120654
21479,"<a href=""statss.aspx?playerid=21479&position=2B/SS"">Nico Hoerner</a>",22.0,82.0,0.30528642586719845
15730,"<a href=""statss.aspx?playerid=15730&position=2B/OF"">Tyler Wade</a>",24.0,49.0,0.3654389612528743
7802,"<a href=""statss.aspx?playerid=7802&position=SS"">Miguel Rojas</a>",30.0,215.0,0.3002404506518462
13338,"<a href=""statss.aspx?playerid=13338&position=C"">Omar Narvaez</a>",27.0,215.0,0.33835747615199224
11493,"<a href=""statss.aspx?playerid=11493&position=3B"">Manny Machado</a>",26.0,312.0,0.30581578411090027
14553,"<a href=""statss.aspx?playerid=14553&position=OF"">Nomar Mazara</a>",24.0,151.0,0.3396296070900974
11342,"<a href=""statss.aspx?playerid=11342&position=1B"">Jesus Aguilar</a>",29.0,159.0,0.3398591823547891
16530,"<a href=""statss.aspx?playerid=16530&position=OF"">Mauricio Dubon</a>",24.0,111.0,0.31247822765831473
3174,"<a href=""statss.aspx?playerid=3174&position=OF"">Shin-Soo Choo</a>",36.0,316.0,0.34157356269775874
5486,"<a href=""statss.aspx?playerid=5486&position=OF"">Abraham Almonte</a>",30.0,38.0,0.4060272292086953
19683,"<a href=""statss.aspx?playerid=19683&position=3B"">Mike Brosseau</a>",25.0,134.0,0.32422850275398196
9776,"<a href=""statss.aspx?playerid=9776&position=2B"">Jason Kipnis</a>",32.0,245.0,0.3134429937081713
13608,"<a href=""statss.aspx?playerid=13608&position=OF"">Mallex Smith</a>",26.0,272.0,0.26843525298847043
19294,"<a href=""statss.aspx?playerid=19294&position=2B"">Nick Solak</a>",24.0,135.0,0.37461961027401597
12649,"<a href=""statss.aspx?playerid=12649&position=OF"">Alex Dickerson</a>",29.0,135.0,0.3338530831866794
10951,"<a href=""statss.aspx?playerid=10951&position=2B/3B"">Greg Garcia</a>",29.0,190.0,0.3087130141385058
9134,"<a href=""statss.aspx?playerid=9134&position=C"">Tyler Flowers</a>",33.0,141.0,0.28763643886361806
17901,"<a href=""statss.aspx?playerid=17901&position=OF"">Andrew Benintendi</a>",24.0,276.0,0.320689096884294
14106,"<a href=""statss.aspx?playerid=14106&position=SS"">Addison Russell</a>",25.0,111.0,0.2863530892509598
5913,"<a href=""statss.aspx?playerid=5913&position=OF"">Leury Garcia</a>",28.0,307.0,0.2793433566221455
3086,"<a href=""statss.aspx?playerid=3086&position=1B"">Mitch Moreland</a>",33.0,161.0,0.34287191955199153
5000,"<a href=""statss.aspx?playerid=5000&position=C"">Stephen Vogt</a>",34.0,173.0,0.3194053443365319
11609,"<a href=""statss.aspx?playerid=11609&position=C"">Willson Contreras</a>",27.0,130.0,0.32739262718420764
11936,"<a href=""statss.aspx?playerid=11936&position=2B"">Joe Panik</a>",28.0,187.0,0.2878330431349291
11489,"<a href=""statss.aspx?playerid=11489&position=OF"">Michael A. Taylor</a>",28.0,12.0,0.5818071911732355
15124,"<a href=""statss.aspx?playerid=15124&position=OF"">Tim Locastro</a>",26.0,129.0,0.30460477294400334
16451,"<a href=""statss.aspx?playerid=16451&position=2B/3B"">Luis Guillorme</a>",24.0,51.0,0.3476573630255096
4314,"<a href=""statss.aspx?playerid=4314&position=1B"">Joey Votto</a>",35.0,289.0,0.3291527148349062
17023,"<a href=""statss.aspx?playerid=17023&position=OF"">Magneuris Sierra</a>",23.0,42.0,0.3467037110101609
13367,"<a href=""statss.aspx?playerid=13367&position=OF"">Stephen Piscotty</a>",28.0,65.0,0.3473257477466877
17932,"<a href=""statss.aspx?playerid=17932&position=OF"">Andrew Stevenson</a>",25.0,22.0,0.48747732964428986
4892,"<a href=""statss.aspx?playerid=4892&position=3B"">Mike Moustakas</a>",30.0,256.0,0.30839809241047894
14103,"<a href=""statss.aspx?playerid=14103&position=3B"">Rio Ruiz</a>",25.0,166.0,0.3238882119005377
19858,"<a href=""statss.aspx?playerid=19858&position=2B/3B"">Luis Rengifo</a>",22.0,226.0,0.2977801012781869
5517,"<a href=""statss.aspx?playerid=5517&position=C"">Kyle Higashioka</a>",29.0,41.0,0.29457128484074663
13807,"<a href=""statss.aspx?playerid=13807&position=C"">Kevin Plawecki</a>",28.0,75.0,0.28788641770680745
14942,"<a href=""statss.aspx?playerid=14942&position=C"">Andrew Knapp</a>",27.0,81.0,0.3157049523124212
4062,"<a href=""statss.aspx?playerid=4062&position=OF"">Dexter Fowler</a>",33.0,318.0,0.32662723229886603
5275,"<a href=""statss.aspx?playerid=5275&position=C"">Francisco Cervelli</a>",33.0,37.0,0.42814621087667104
14735,"<a href=""statss.aspx?playerid=14735&position=OF"">Brett Phillips</a>",25.0,79.0,0.2280958697393343
10131,"<a href=""statss.aspx?playerid=10131&position=P"">Stephen Strasburg</a>",30.0,41.0,0.2404430879128946
12294,"<a href=""statss.aspx?playerid=12294&position=2B/3B"">Cory Spangenberg</a>",28.0,102.0,0.26735620260238646
15104,"<a href=""statss.aspx?playerid=15104&position=OF"">Jonathan Davis</a>",27.0,44.0,0.326530396938324
19955,"<a href=""statss.aspx?playerid=19955&position=2B"">Gavin Lux</a>",21.0,82.0,0.3008839742439549
11379,"<a href=""statss.aspx?playerid=11379&position=OF"">Delino DeShields</a>",26.0,213.0,0.28699174778802056
18316,"<a href=""statss.aspx?playerid=18316&position=1B/3B/DH"">Edwin Rios</a>",25.0,45.0,0.4111547417110867
8259,"<a href=""statss.aspx?playerid=8259&position=C"">Kurt Suzuki</a>",35.0,143.0,0.33955121669970767
5254,"<a href=""statss.aspx?playerid=5254&position=OF"">Robbie Grossman</a>",29.0,230.0,0.2900761652201024
15279,"<a href=""statss.aspx?playerid=15279&position=1B/DH"">Garrett Cooper</a>",28.0,238.0,0.3112150821365228
8203,"<a href=""statss.aspx?playerid=8203&position=2B"">Dee Strange-Gordon</a>",31.0,184.0,0.28470184056313486
15711,"<a href=""statss.aspx?playerid=15711&position=OF"">Tyler O'Neill</a>",24.0,103.0,0.32815619464059476
13324,"<a href=""statss.aspx?playerid=13324&position=2B/3B"">Ildemaro Vargas</a>",27.0,49.0,0.34458256376032925
17975,"<a href=""statss.aspx?playerid=17975&position=SS/OF"">Scott Kingery</a>",25.0,310.0,0.28972680537731615
7949,"<a href=""statss.aspx?playerid=7949&position=SS"">Tim Beckham</a>",29.0,76.0,0.35015818398249776
19566,"<a href=""statss.aspx?playerid=19566&position=1B"">Nathaniel Lowe</a>",23.0,127.0,0.34646801826522106
13743,"<a href=""statss.aspx?playerid=13743&position=P"">Max Fried</a>",25.0,30.0,0.2514602233623636
14551,"<a href=""statss.aspx?playerid=14551&position=OF"">Anthony Santander</a>",24.0,310.0,0.31458711469829276
16285,"<a href=""statss.aspx?playerid=16285&position=OF"">Michael Hermosillo</a>",24.0,46.0,0.25397473184958747
16271,"<a href=""statss.aspx?playerid=16271&position=2B/3B"">Alex Blandino</a>",26.0,50.0,0.3516965615749359
4220,"<a href=""statss.aspx?playerid=4220&position=1B/3B"">Ryan Zimmerman</a>",34.0,96.0,0.3428467847406864
8252,"<a href=""statss.aspx?playerid=8252&position=OF"">Hunter Pence</a>",36.0,101.0,0.34467932021263803
13265,"<a href=""statss.aspx?playerid=13265&position=C"">Mike Zunino</a>",28.0,125.0,0.23445694255828858
6887,"<a href=""statss.aspx?playerid=6887&position=C"">Martin Maldonado</a>",32.0,140.0,0.2895373153513756
4949,"<a href=""statss.aspx?playerid=4949&position=DH/OF"">Giancarlo Stanton</a>",29.0,34.0,0.38947947586283965
18721,"<a href=""statss.aspx?playerid=18721&position=OF"">Guillermo Heredia</a>",28.0,110.0,0.28820373957807366
11442,"<a href=""statss.aspx?playerid=11442&position=C"">Gary Sanchez</a>",26.0,182.0,0.307420010724779
15170,"<a href=""statss.aspx?playerid=15170&position=2B"">Josh VanMeter</a>",24.0,211.0,0.32249083253444655
11615,"<a href=""statss.aspx?playerid=11615&position=2B/3B"">Brandon Drury</a>",26.0,203.0,0.2887134540257196
19290,"<a href=""statss.aspx?playerid=19290&position=OF"">Randy Arozarena</a>",24.0,23.0,0.3797580133313718
5306,"<a href=""statss.aspx?playerid=5306&position=OF"">Kristopher Negron</a>",33.0,82.0,0.2687732187318213
18882,"<a href=""statss.aspx?playerid=18882&position=2B"">Brandon Lowe</a>",24.0,27.0,0.3747658994462755
13675,"<a href=""statss.aspx?playerid=13675&position=OF"">Tyrone Taylor</a>",25.0,12.0,0.46517111361026764
10954,"<a href=""statss.aspx?playerid=10954&position=P"">Jacob deGrom</a>",31.0,31.0,0.219308199421052
17326,"<a href=""statss.aspx?playerid=17326&position=SS/OF"">Cole Tucker</a>",22.0,39.0,0.34074110709703886
18839,"<a href=""statss.aspx?playerid=18839&position=1B"">Josh Naylor</a>",22.0,188.0,0.33054193759218176
15181,"<a href=""statss.aspx?playerid=15181&position=OF"">Ryan Cordell</a>",27.0,98.0,0.2937440357710186
5524,"<a href=""statss.aspx?playerid=5524&position=P"">Madison Bumgarner</a>",29.0,37.0,0.21606736833398993
7435,"<a href=""statss.aspx?playerid=7435&position=2B/OF"">Ben Zobrist</a>",38.0,77.0,0.3365267677740617
11602,"<a href=""statss.aspx?playerid=11602&position=2B/3B"">Yolmer Sanchez</a>",27.0,302.0,0.2801992493187821
16404,"<a href=""statss.aspx?playerid=16404&position=2B/3B"">Domingo Leyba</a>",23.0,26.0,0.3589362937670488
14444,"<a href=""statss.aspx?playerid=14444&position=P"">Hyun-Jin Ryu</a>",32.0,26.0,0.2355637032052745
8879,"<a href=""statss.aspx?playerid=8879&position=C"">Ryan Lavarnway</a>",31.0,19.0,0.41433170280958476
8553,"<a href=""statss.aspx?playerid=8553&position=OF"">Gerardo Parra</a>",32.0,124.0,0.31260991975909375
16622,"<a href=""statss.aspx?playerid=16622&position=2B/3B"">Luis Urias</a>",22.0,220.0,0.30736531073396856
14566,"<a href=""statss.aspx?playerid=14566&position=DH/OF"">Franmil Reyes</a>",23.0,269.0,0.32787305249600607
5930,"<a href=""statss.aspx?playerid=5930&position=OF"">Nick Markakis</a>",35.0,127.0,0.3313709638250156
2136,"<a href=""statss.aspx?playerid=2136&position=OF"">David Peralta</a>",31.0,106.0,0.3137408382487747
17432,"<a href=""statss.aspx?playerid=17432&position=P"">Jeff Hoffman</a>",26.0,12.0,0.3478429079055786
4930,"<a href=""statss.aspx?playerid=4930&position=P"">Jon Lester</a>",35.0,28.0,0.23054702154227666
12859,"<a href=""statss.aspx?playerid=12859&position=C"">James McCann</a>",29.0,247.0,0.29428182215225407
17736,"<a href=""statss.aspx?playerid=17736&position=SS"">Richie Martin</a>",24.0,121.0,0.28552834627007234
3137,"<a href=""statss.aspx?playerid=3137&position=P"">Max Scherzer</a>",34.0,18.0,0.23189527193705242
17982,"<a href=""statss.aspx?playerid=17982&position=1B"">Ty France</a>",24.0,94.0,0.31637380351411537
16149,"<a href=""statss.aspx?playerid=16149&position=P"">Aaron Nola</a>",26.0,32.0,0.21296941849493212
13744,"<a href=""statss.aspx?playerid=13744&position=OF"">David Dahl</a>",25.0,103.0,0.32415375113487244
13658,"<a href=""statss.aspx?playerid=13658&position=DH/OF"">Terrance Gore</a>",28.0,5.0,0.5252349257469178
18067,"<a href=""statss.aspx?playerid=18067&position=C"">Garrett Stubbs</a>",26.0,13.0,0.4133707055678734
5485,"<a href=""statss.aspx?playerid=5485&position=2B/OF"">Jose Pirela</a>",29.0,19.0,0.33031599145186574
16885,"<a href=""statss.aspx?playerid=16885&position=1B/3B"">Joshua Fuentes</a>",26.0,38.0,0.3406108053107011
13897,"<a href=""statss.aspx?playerid=13897&position=C"">Tyler Heineman</a>",28.0,12.0,0.3659825054082004
13905,"<a href=""statss.aspx?playerid=13905&position=1B/SS"">Seth Mejias-Brean</a>",28.0,33.0,0.3330941182194334
14320,"<a href=""statss.aspx?playerid=14320&position=2B/SS"">Wilmer Difo</a>",27.0,10.0,0.43480363488197327
6013,"<a href=""statss.aspx?playerid=6013&position=SS"">Cristhian Adames</a>",27.0,24.0,0.3256207009156545
19238,"<a href=""statss.aspx?playerid=19238&position=OF"">Lourdes Gurriel Jr.</a>",25.0,157.0,0.30413669920884645
15038,"<a href=""statss.aspx?playerid=15038&position=P"">German Marquez</a>",24.0,18.0,0.254071973837339
12510,"<a href=""statss.aspx?playerid=12510&position=C"">Curt Casali</a>",30.0,90.0,0.292538097831938
12970,"<a href=""statss.aspx?playerid=12970&position=P"">Joe Musgrove</a>",26.0,29.0,0.19327804327011108
11145,"<a href=""statss.aspx?playerid=11145&position=2B/3B"">Christian Colon</a>",30.0,8.0,0.5059067085385323
17062,"<a href=""statss.aspx?playerid=17062&position=C"">Grayson Greiner</a>",26.0,54.0,0.3044687846921525
13167,"<a href=""statss.aspx?playerid=13167&position=2B"">Robel Garcia</a>",26.0,80.0,0.3154843106865883
4972,"<a href=""statss.aspx?playerid=4972&position=P"">Cole Hamels</a>",35.0,15.0,0.2430782159169515
2233,"<a href=""statss.aspx?playerid=2233&position=P"">Adam Wainwright</a>",37.0,30.0,0.1870322089928847
8048,"<a href=""statss.aspx?playerid=8048&position=P"">Will Smith</a>",29.0,2.0,0.8696072697639465
17969,"<a href=""statss.aspx?playerid=17969&position=P"">Peter Lambert</a>",22.0,24.0,0.22284311056137085
18889,"<a href=""statss.aspx?playerid=18889&position=2B/SS"">Danny Mendick</a>",25.0,40.0,0.3316359847784042
15654,"<a href=""statss.aspx?playerid=15654&position=OF"">Billy McKinney</a>",24.0,112.0,0.31789303570985794
6345,"<a href=""statss.aspx?playerid=6345&position=P"">Chris Archer</a>",30.0,14.0,0.2356511652469635
12703,"<a href=""statss.aspx?playerid=12703&position=P"">Trevor Bauer</a>",28.0,19.0,0.2099689904012178
17479,"<a href=""statss.aspx?playerid=17479&position=P"">Jack Flaherty</a>",23.0,38.0,0.20549590118003613
14885,"<a href=""statss.aspx?playerid=14885&position=2B/SS"">Pat Valaika</a>",26.0,34.0,0.31071752309799194
11859,"<a href=""statss.aspx?playerid=11859&position=OF"">Mason Williams</a>",27.0,34.0,0.27572937046780305
7087,"<a href=""statss.aspx?playerid=7087&position=C"">Caleb Joseph</a>",33.0,10.0,0.3478429079055786
8362,"<a href=""statss.aspx?playerid=8362&position=P"">Homer Bailey</a>",33.0,4.0,0.43480363488197327
13799,"<a href=""statss.aspx?playerid=13799&position=P"">Matt Strahm</a>",27.0,4.0,0.43480363488197327
19388,"<a href=""statss.aspx?playerid=19388&position=P"">Tony Gonsolin</a>",25.0,12.0,0.23716561902653088
17027,"<a href=""statss.aspx?playerid=17027&position=OF"">Alex Verdugo</a>",23.0,99.0,0.29031058995410647
6895,"<a href=""statss.aspx?playerid=6895&position=P"">Chase Anderson</a>",31.0,24.0,0.196338282979053
10123,"<a href=""statss.aspx?playerid=10123&position=P"">Kyle Gibson</a>",31.0,2.0,0.6902945041656494
4810,"<a href=""statss.aspx?playerid=4810&position=C"">Brian McCann</a>",35.0,145.0,0.2858565901887828
1943,"<a href=""statss.aspx?playerid=1943&position=P"">Zack Greinke</a>",35.0,11.0,0.3002668781714006
14713,"<a href=""statss.aspx?playerid=14713&position=2B/3B"">Dawel Lugo</a>",24.0,201.0,0.28490141063928603
8223,"<a href=""statss.aspx?playerid=8223&position=P"">Brett Anderson</a>",31.0,5.0,0.3478429079055786
13183,"<a href=""statss.aspx?playerid=13183&position=P"">Zach Davies</a>",26.0,21.0,0.20134136865013524
16729,"<a href=""statss.aspx?playerid=16729&position=OF"">Brian O'Grady</a>",27.0,48.0,0.3052051601310571
17611,"<a href=""statss.aspx?playerid=17611&position=P"">Taylor Clarke</a>",26.0,12.0,0.23716561902653088
14145,"<a href=""statss.aspx?playerid=14145&position=2B/3B/SS"">Daniel Robertson</a>",25.0,31.0,0.3023494731995367
19990,"<a href=""statss.aspx?playerid=19990&position=P"">Bryse Wilson</a>",21.0,5.0,0.3478429079055786
13273,"<a href=""statss.aspx?playerid=13273&position=P"">Ross Stripling</a>",29.0,10.0,0.24295090436935424
19349,"<a href=""statss.aspx?playerid=19349&position=P"">Caleb Ferguson</a>",22.0,2.0,0.608332097530365
13329,"<a href=""statss.aspx?playerid=13329&position=3B"">Jake Lamb</a>",28.0,197.0,0.29864606427662266
11875,"<a href=""statss.aspx?playerid=11875&position=2B/SS"">Ronny Rodriguez</a>",27.0,117.0,0.28819237152735394
10700,"<a href=""statss.aspx?playerid=10700&position=OF"">Ryan LaMarre</a>",30.0,26.0,0.3291837504276863
15467,"<a href=""statss.aspx?playerid=15467&position=P"">Marco Gonzales</a>",27.0,3.0,0.40555473168691
7996,"<a href=""statss.aspx?playerid=7996&position=1B/OF"">Jose Martinez</a>",30.0,133.0,0.32826043564574164
15679,"<a href=""statss.aspx?playerid=15679&position=1B"">Rowdy Tellez</a>",24.0,149.0,0.3235226009516108
15608,"<a href=""statss.aspx?playerid=15608&position=C/3B"">Willians Astudillo</a>",27.0,62.0,0.3094689413424461
8418,"<a href=""statss.aspx?playerid=8418&position=3B/SS"">Ehire Adrianza</a>",29.0,102.0,0.30507721322955506
4806,"<a href=""statss.aspx?playerid=4806&position=P"">Rich Hill</a>",39.0,3.0,0.40555473168691
14773,"<a href=""statss.aspx?playerid=14773&position=SS"">Yu Chang</a>",23.0,80.0,0.26651981100440025
18063,"<a href=""statss.aspx?playerid=18063&position=OF"">Kyle Garlick</a>",27.0,20.0,0.3311530381441116
9807,"<a href=""statss.aspx?playerid=9807&position=2B/SS"">Ryan Goins</a>",31.0,163.0,0.29783476435619854
7859,"<a href=""statss.aspx?playerid=7859&position=OF"">Charlie Blackmon</a>",32.0,313.0,0.3498565470561003
8823,"<a href=""statss.aspx?playerid=8823&position=P"">Oliver Drake</a>",32.0,1.0,0.8696072697639465
12447,"<a href=""statss.aspx?playerid=12447&position=P"">Seth Lugo</a>",29.0,1.0,0.8696072697639465
16269,"<a href=""statss.aspx?playerid=16269&position=P"">John Means</a>",26.0,1.0,0.8696072697639465
5702,"<a href=""statss.aspx?playerid=5702&position=P"">Junior Guerra</a>",34.0,1.0,0.8696072697639465
10819,"<a href=""statss.aspx?playerid=10819&position=P"">R.J. Alaniz</a>",28.0,1.0,0.8696072697639465
15734,"<a href=""statss.aspx?playerid=15734&position=P"">Brad Keller</a>",23.0,6.0,0.259983628988266
13836,"<a href=""statss.aspx?playerid=13836&position=3B"">Matt Duffy</a>",28.0,169.0,0.299265565956838
5409,"<a href=""statss.aspx?playerid=5409&position=3B"">Pablo Sandoval</a>",32.0,114.0,0.30331831744738985
17425,"<a href=""statss.aspx?playerid=17425&position=P"">Erick Fedde</a>",26.0,10.0,0.21740181744098663
17278,"<a href=""statss.aspx?playerid=17278&position=1B"">Bobby Bradley</a>",23.0,23.0,0.3408576068670853
17022,"<a href=""statss.aspx?playerid=17022&position=3B/SS"">Edmundo Sosa</a>",23.0,10.0,0.3148724973201752
14453,"<a href=""statss.aspx?playerid=14453&position=OF"">Scott Heineman</a>",26.0,85.0,0.29491508217418894
19635,"<a href=""statss.aspx?playerid=19635&position=2B/3B"">Sheldon Neuse</a>",24.0,60.0,0.26628084282080333
7539,"<a href=""statss.aspx?playerid=7539&position=2B"">Neil Walker</a>",33.0,196.0,0.3010394429549193
17838,"<a href=""statss.aspx?playerid=17838&position=DH/OF"">Willie Calhoun</a>",24.0,267.0,0.341425485378794
15474,"<a href=""statss.aspx?playerid=15474&position=P"">Lucas Giolito</a>",24.0,2.0,0.43480363488197327
12768,"<a href=""statss.aspx?playerid=12768&position=P"">Sonny Gray</a>",29.0,32.0,0.17369681596755981
15830,"<a href=""statss.aspx?playerid=15830&position=OF"">Johnny Davis</a>",29.0,4.0,0.38225385546684265
6627,"<a href=""statss.aspx?playerid=6627&position=P"">Brad Brach</a>",33.0,2.0,0.43480363488197327
19546,"<a href=""statss.aspx?playerid=19546&position=P"">Jon Duplantier</a>",24.0,2.0,0.43480363488197327
12155,"<a href=""statss.aspx?playerid=12155&position=OF"">Eddie Rosario</a>",27.0,266.0,0.30671592508301593
10855,"<a href=""statss.aspx?playerid=10855&position=P"">Chasen Shreve</a>",28.0,1.0,0.6902945041656494
15905,"<a href=""statss.aspx?playerid=15905&position=C"">Luis Torrens</a>",23.0,16.0,0.2710292339324951
10587,"<a href=""statss.aspx?playerid=10587&position=P"">Chad Bettis</a>",30.0,1.0,0.6902945041656494
9149,"<a href=""statss.aspx?playerid=9149&position=P"">Tim Melville</a>",29.0,10.0,0.21740181744098663
3284,"<a href=""statss.aspx?playerid=3284&position=P"">Anibal Sanchez</a>",35.0,29.0,0.16723216726229742
13781,"<a href=""statss.aspx?playerid=13781&position=P"">Alex Wood</a>",28.0,12.0,0.19324605994754368
16768,"<a href=""statss.aspx?playerid=16768&position=P"">Montana DuRapau</a>",27.0,3.0,0.2898690899213155
14818,"<a href=""statss.aspx?playerid=14818&position=OF"">JaCoby Jones</a>",27.0,86.0,0.2850061156028925
16317,"<a href=""statss.aspx?playerid=16317&position=P"">Alex McRae</a>",26.0,3.0,0.2898690899213155
16909,"<a href=""statss.aspx?playerid=16909&position=1B/3B"">Colin Moran</a>",26.0,257.0,0.3077412990962758
18555,"<a href=""statss.aspx?playerid=18555&position=P"">Logan Allen</a>",22.0,2.0,0.3596079647541046
11753,"<a href=""statss.aspx?playerid=11753&position=P"">Kyle Ryan</a>",27.0,2.0,0.3451472520828247
3292,"<a href=""statss.aspx?playerid=3292&position=P"">Hector Noesi</a>",32.0,5.0,0.21740181744098663
13774,"<a href=""statss.aspx?playerid=13774&position=P"">Zach Eflin</a>",25.0,23.0,0.17388572747057135
16429,"<a href=""statss.aspx?playerid=16429&position=OF"">Jason Martin</a>",23.0,1.0,0.6902945041656494
20099,"<a href=""statss.aspx?playerid=20099&position=P"">Chris Paddack</a>",23.0,24.0,0.1581104126843539
10953,"<a href=""statss.aspx?playerid=10953&position=2B/3B"">Phil Gosselin</a>",30.0,18.0,0.3182569642861684
14764,"<a href=""statss.aspx?playerid=14764&position=P"">Wes Parsons</a>",26.0,2.0,0.3451472520828247
8779,"<a href=""statss.aspx?playerid=8779&position=P"">Wade Miley</a>",32.0,4.0,0.23009816805521646
14329,"<a href=""statss.aspx?playerid=14329&position=OF"">Anthony Alford</a>",24.0,27.0,0.25286946694056195
14503,"<a href=""statss.aspx?playerid=14503&position=3B/DH"">Renato Nunez</a>",25.0,292.0,0.32167274494693704
3542,"<a href=""statss.aspx?playerid=3542&position=P"">Danny Duffy</a>",30.0,4.0,0.21740181744098663
4153,"<a href=""statss.aspx?playerid=4153&position=P"">Jake Arrieta</a>",33.0,12.0,0.17385595540205637
16977,"<a href=""statss.aspx?playerid=16977&position=P"">Trevor Williams</a>",27.0,26.0,0.157100776831309
18318,"<a href=""statss.aspx?playerid=18318&position=P"">Jacob Waguespack</a>",25.0,3.0,0.23009816805521646
12160,"<a href=""statss.aspx?playerid=12160&position=OF"">Ben Gamel</a>",27.0,149.0,0.2914753840273659
14168,"<a href=""statss.aspx?playerid=14168&position=P"">Jose Berrios</a>",25.0,3.0,0.23009816805521646
16472,"<a href=""statss.aspx?playerid=16472&position=1B"">Rhys Hoskins</a>",26.0,341.0,0.30841007090326567
14691,"<a href=""statss.aspx?playerid=14691&position=2B"">Harold Castro</a>",25.0,282.0,0.29755996809311186
16357,"<a href=""statss.aspx?playerid=16357&position=OF"">Pablo Reyes</a>",25.0,115.0,0.2989635467529297
14862,"<a href=""statss.aspx?playerid=14862&position=P"">Zack Godley</a>",29.0,3.0,0.23009816805521646
15214,"<a href=""statss.aspx?playerid=15214&position=1B/OF"">Brandon Dixon</a>",27.0,241.0,0.2979189815362954
20186,"<a href=""statss.aspx?playerid=20186&position=P"">Brendan McKay</a>",23.0,11.0,0.3181307153268294
12758,"<a href=""statss.aspx?playerid=12758&position=2B/3B"">Breyvic Valera</a>",27.0,52.0,0.29749086040716904
14765,"<a href=""statss.aspx?playerid=14765&position=P"">Julio Urias</a>",22.0,5.0,0.1739214539527893
17995,"<a href=""statss.aspx?playerid=17995&position=P"">Logan Webb</a>",22.0,11.0,0.1559901773929596
10839,"<a href=""statss.aspx?playerid=10839&position=1B/DH"">Rangel Ravelo</a>",27.0,36.0,0.2861614276965459
16448,"<a href=""statss.aspx?playerid=16448&position=C"">Jacob Nottingham</a>",24.0,2.0,0.3596079647541046
11423,"<a href=""statss.aspx?playerid=11423&position=P"">Jose Quintana</a>",30.0,30.0,0.1530194401741028
15454,"<a href=""statss.aspx?playerid=15454&position=P"">Nick Pivetta</a>",26.0,5.0,0.17257362604141235
4141,"<a href=""statss.aspx?playerid=4141&position=P"">Derek Holland</a>",32.0,4.0,0.17257362604141235
13470,"<a href=""statss.aspx?playerid=13470&position=P"">Lucas Sims</a>",25.0,5.0,0.1739214539527893
19316,"<a href=""statss.aspx?playerid=19316&position=P"">Eric Lauer</a>",24.0,22.0,0.14613505099949084
15817,"<a href=""statss.aspx?playerid=15817&position=3B/OF"">Erick Mejia</a>",24.0,27.0,0.27615819595478197
11400,"<a href=""statss.aspx?playerid=11400&position=2B/3B/SS"">Ronald Torreyes</a>",26.0,17.0,0.19576692581176758
3648,"<a href=""statss.aspx?playerid=3648&position=C"">Rene Rivera</a>",35.0,20.0,0.3309620708227158
16578,"<a href=""statss.aspx?playerid=16578&position=1B/3B/DH"">Yandy Diaz</a>",27.0,79.0,0.2932212564009654
12158,"<a href=""statss.aspx?playerid=12158&position=C"">Austin Barnes</a>",29.0,56.0,0.24167514273098537
18498,"<a href=""statss.aspx?playerid=18498&position=P"">Kenta Maeda</a>",31.0,23.0,0.14493454496065775
13277,"<a href=""statss.aspx?playerid=13277&position=OF"">Joey Rickard</a>",28.0,54.0,0.30925411979357403
16358,"<a href=""statss.aspx?playerid=16358&position=P"">Tyler Mahle</a>",24.0,15.0,0.14493454496065775
13593,"<a href=""statss.aspx?playerid=13593&position=2B/SS"">Jose Peraza</a>",25.0,168.0,0.2815691097861245
494,"<a href=""statss.aspx?playerid=494&position=P"">Fernando Rodney</a>",42.0,0.0,0.0
1157,"<a href=""statss.aspx?playerid=1157&position=P"">Tommy Hunter</a>",32.0,0.0,0.0
1247,"<a href=""statss.aspx?playerid=1247&position=P"">Adam Ottavino</a>",33.0,0.0,0.0
1514,"<a href=""statss.aspx?playerid=1514&position=P"">Oliver Perez</a>",37.0,0.0,0.0
1841,"<a href=""statss.aspx?playerid=1841&position=P"">Edwin Jackson</a>",35.0,0.0,0.0
2391,"<a href=""statss.aspx?playerid=2391&position=P"">Hector Rondon</a>",31.0,0.0,0.0
2520,"<a href=""statss.aspx?playerid=2520&position=P"">Lance Lynn</a>",32.0,0.0,0.0
2882,"<a href=""statss.aspx?playerid=2882&position=P"">Luis Avilan</a>",29.0,0.0,0.0
3096,"<a href=""statss.aspx?playerid=3096&position=P"">Kenley Jansen</a>",31.0,0.0,0.0
3132,"<a href=""statss.aspx?playerid=3132&position=P"">Tony Watson</a>",34.0,0.0,0.0
3164,"<a href=""statss.aspx?playerid=3164&position=P"">Tim Collins</a>",29.0,0.0,0.0
3184,"<a href=""statss.aspx?playerid=3184&position=P"">David Price</a>",33.0,0.0,0.0
3192,"<a href=""statss.aspx?playerid=3192&position=P"">Will Harris</a>",34.0,0.0,0.0
3201,"<a href=""statss.aspx?playerid=3201&position=P"">Francisco Liriano</a>",35.0,0.0,0.0
3237,"<a href=""statss.aspx?playerid=3237&position=P"">T.J. McFarland</a>",30.0,0.0,0.0
3240,"<a href=""statss.aspx?playerid=3240&position=P"">Zack Britton</a>",31.0,0.0,0.0
3281,"<a href=""statss.aspx?playerid=3281&position=P"">Joe Smith</a>",35.0,0.0,0.0
3321,"<a href=""statss.aspx?playerid=3321&position=P"">Darren O'Day</a>",36.0,0.0,0.0
3543,"<a href=""statss.aspx?playerid=3543&position=P"">Clay Buchholz</a>",34.0,0.0,0.0
3548,"<a href=""statss.aspx?playerid=3548&position=P"">Liam Hendriks</a>",30.0,0.0,0.0
3551,"<a href=""statss.aspx?playerid=3551&position=P"">Clayton Richard</a>",35.0,0.0,0.0
3599,"<a href=""statss.aspx?playerid=3599&position=P"">Brian Schlitter</a>",33.0,0.0,0.0
3950,"<a href=""statss.aspx?playerid=3950&position=P"">Matt Magill</a>",29.0,0.0,0.0
3959,"<a href=""statss.aspx?playerid=3959&position=P"">David Carpenter</a>",33.0,0.0,0.0
3990,"<a href=""statss.aspx?playerid=3990&position=P"">Edinson Volquez</a>",35.0,0.0,0.0
4020,"<a href=""statss.aspx?playerid=4020&position=P"">Yusmeiro Petit</a>",34.0,0.0,0.0
4026,"<a href=""statss.aspx?playerid=4026&position=P"">Hector Santiago</a>",31.0,0.0,0.0
4070,"<a href=""statss.aspx?playerid=4070&position=P"">Pedro Strop</a>",34.0,0.0,0.0
4259,"<a href=""statss.aspx?playerid=4259&position=P"">David Hernandez</a>",34.0,0.0,0.0
4264,"<a href=""statss.aspx?playerid=4264&position=P"">Mark Melancon</a>",34.0,0.0,0.0
4300,"<a href=""statss.aspx?playerid=4300&position=P"">Matt Albers</a>",36.0,0.0,0.0
4301,"<a href=""statss.aspx?playerid=4301&position=P"">Justin Wilson</a>",31.0,0.0,0.0
4505,"<a href=""statss.aspx?playerid=4505&position=P"">Jordan Zimmermann</a>",33.0,0.0,0.0
4676,"<a href=""statss.aspx?playerid=4676&position=P"">Charlie Morton</a>",35.0,0.0,0.0
4971,"<a href=""statss.aspx?playerid=4971&position=P"">Fernando Salas</a>",34.0,0.0,0.0
4994,"<a href=""statss.aspx?playerid=4994&position=P"">Fernando Abad</a>",33.0,0.0,0.0
5003,"<a href=""statss.aspx?playerid=5003&position=P"">Jake Diekman</a>",32.0,0.0,0.0
5114,"<a href=""statss.aspx?playerid=5114&position=P"">Jeurys Familia</a>",29.0,0.0,0.0
5221,"<a href=""statss.aspx?playerid=5221&position=P"">Wade LeBlanc</a>",34.0,0.0,0.0
5257,"<a href=""statss.aspx?playerid=5257&position=P"">Wilmer Font</a>",29.0,0.0,0.0
5358,"<a href=""statss.aspx?playerid=5358&position=P"">Jose Alvarez</a>",30.0,0.0,0.0
5365,"<a href=""statss.aspx?playerid=5365&position=P"">Manny Banuelos</a>",28.0,0.0,0.0
5401,"<a href=""statss.aspx?playerid=5401&position=P"">Brad Peacock</a>",31.0,0.0,0.0
5420,"<a href=""statss.aspx?playerid=5420&position=P"">Pedro Baez</a>",31.0,0.0,0.0
5448,"<a href=""statss.aspx?playerid=5448&position=P"">Jesse Chavez</a>",35.0,0.0,0.0
5615,"<a href=""statss.aspx?playerid=5615&position=P"">Ryan Brasier</a>",31.0,0.0,0.0
5640,"<a href=""statss.aspx?playerid=5640&position=P"">Tyler Clippard</a>",34.0,0.0,0.0
5867,"<a href=""statss.aspx?playerid=5867&position=P"">Danny Salazar</a>",29.0,0.0,0.0
6033,"<a href=""statss.aspx?playerid=6033&position=P"">Kelvin Herrera</a>",29.0,0.0,0.0
6216,"<a href=""statss.aspx?playerid=6216&position=P"">Dellin Betances</a>",31.0,0.0,0.0
6249,"<a href=""statss.aspx?playerid=6249&position=P"">Trevor Cahill</a>",31.0,0.0,0.0
6316,"<a href=""statss.aspx?playerid=6316&position=P"">David Phelps</a>",32.0,0.0,0.0
6398,"<a href=""statss.aspx?playerid=6398&position=P"">Trevor May</a>",29.0,0.0,0.0
6399,"<a href=""statss.aspx?playerid=6399&position=P"">Jose Cisnero</a>",30.0,0.0,0.0
6483,"<a href=""statss.aspx?playerid=6483&position=P"">Steve Cishek</a>",33.0,0.0,0.0
6499,"<a href=""statss.aspx?playerid=6499&position=P"">Blaine Hardy</a>",32.0,0.0,0.0
6576,"<a href=""statss.aspx?playerid=6576&position=P"">Robert Stock</a>",29.0,0.0,0.0
6632,"<a href=""statss.aspx?playerid=6632&position=P"">Carlos Carrasco</a>",32.0,0.0,0.0
6655,"<a href=""statss.aspx?playerid=6655&position=P"">Craig Kimbrel</a>",31.0,0.0,0.0
6661,"<a href=""statss.aspx?playerid=6661&position=P"">Alex Colome</a>",30.0,0.0,0.0
6785,"<a href=""statss.aspx?playerid=6785&position=P"">Andrew Miller</a>",34.0,0.0,0.0
6941,"<a href=""statss.aspx?playerid=6941&position=P"">Joakim Soria</a>",35.0,0.0,0.0
6984,"<a href=""statss.aspx?playerid=6984&position=P"">Luis Garcia</a>",32.0,0.0,0.0
6986,"<a href=""statss.aspx?playerid=6986&position=P"">Ian Kennedy</a>",34.0,0.0,0.0
7005,"<a href=""statss.aspx?playerid=7005&position=P"">Ryan Pressly</a>",30.0,0.0,0.0
7146,"<a href=""statss.aspx?playerid=7146&position=P"">Daniel Hudson</a>",32.0,0.0,0.0
7175,"<a href=""statss.aspx?playerid=7175&position=P"">Jonny Venters</a>",34.0,0.0,0.0
7196,"<a href=""statss.aspx?playerid=7196&position=P"">Greg Holland</a>",33.0,0.0,0.0
7385,"<a href=""statss.aspx?playerid=7385&position=P"">Dan Otero</a>",34.0,0.0,0.0
7410,"<a href=""statss.aspx?playerid=7410&position=P"">J.A. Happ</a>",36.0,0.0,0.0
7411,"<a href=""statss.aspx?playerid=7411&position=P"">Austin Adams</a>",32.0,0.0,0.0
7441,"<a href=""statss.aspx?playerid=7441&position=P"">Wade Davis</a>",33.0,0.0,0.0
7466,"<a href=""statss.aspx?playerid=7466&position=P"">Anthony Swarzak</a>",33.0,0.0,0.0
7531,"<a href=""statss.aspx?playerid=7531&position=P"">Collin McHugh</a>",32.0,0.0,0.0
7550,"<a href=""statss.aspx?playerid=7550&position=P"">Jake McGee</a>",32.0,0.0,0.0
7555,"<a href=""statss.aspx?playerid=7555&position=P"">Nick Vincent</a>",32.0,0.0,0.0
7677,"<a href=""statss.aspx?playerid=7677&position=P"">Neil Ramirez</a>",30.0,0.0,0.0
7731,"<a href=""statss.aspx?playerid=7731&position=P"">Juan Nicasio</a>",32.0,0.0,0.0
7738,"<a href=""statss.aspx?playerid=7738&position=P"">Wily Peralta</a>",30.0,0.0,0.0
7754,"<a href=""statss.aspx?playerid=7754&position=P"">Mike Fiers</a>",34.0,0.0,0.0
7773,"<a href=""statss.aspx?playerid=7773&position=P"">Shawn Kelley</a>",35.0,0.0,0.0
7803,"<a href=""statss.aspx?playerid=7803&position=P"">Richard Bleier</a>",32.0,0.0,0.0
7836,"<a href=""statss.aspx?playerid=7836&position=P"">Hunter Strickland</a>",30.0,0.0,0.0
7841,"<a href=""statss.aspx?playerid=7841&position=P"">Jerry Blevins</a>",35.0,0.0,0.0
7947,"<a href=""statss.aspx?playerid=7947&position=P"">Cory Gearrin</a>",33.0,0.0,0.0
7982,"<a href=""statss.aspx?playerid=7982&position=P"">Anthony Bass</a>",31.0,0.0,0.0
8004,"<a href=""statss.aspx?playerid=8004&position=P"">Marcus Walden</a>",30.0,0.0,0.0
8110,"<a href=""statss.aspx?playerid=8110&position=P"">Bryan Shaw</a>",31.0,0.0,0.0
8185,"<a href=""statss.aspx?playerid=8185&position=P"">Steven Wright</a>",34.0,0.0,0.0
8280,"<a href=""statss.aspx?playerid=8280&position=P"">Tony Sipp</a>",35.0,0.0,0.0
8302,"<a href=""statss.aspx?playerid=8302&position=P"">JC Ramirez</a>",30.0,0.0,0.0
8410,"<a href=""statss.aspx?playerid=8410&position=P"">Deolis Guerra</a>",30.0,0.0,0.0
8490,"<a href=""statss.aspx?playerid=8490&position=P"">Buddy Boshers</a>",31.0,0.0,0.0
8700,"<a href=""statss.aspx?playerid=8700&position=P"">Justin Verlander</a>",36.0,0.0,0.0
8782,"<a href=""statss.aspx?playerid=8782&position=P"">Andrew Cashner</a>",32.0,0.0,0.0
9073,"<a href=""statss.aspx?playerid=9073&position=P"">Kirby Yates</a>",32.0,0.0,0.0
9111,"<a href=""statss.aspx?playerid=9111&position=P"">Brad Hand</a>",29.0,0.0,0.0
9419,"<a href=""statss.aspx?playerid=9419&position=P"">Zac Rosscup</a>",31.0,0.0,0.0
9456,"<a href=""statss.aspx?playerid=9456&position=P"">Ryan Buchter</a>",32.0,0.0,0.0
9646,"<a href=""statss.aspx?playerid=9646&position=P"">Brian Moran</a>",30.0,0.0,0.0
9654,"<a href=""statss.aspx?playerid=9654&position=P"">Michael Blazek</a>",30.0,0.0,0.0
9756,"<a href=""statss.aspx?playerid=9756&position=P"">David Hale</a>",31.0,0.0,0.0
9761,"<a href=""statss.aspx?playerid=9761&position=P"">Joe Kelly</a>",31.0,0.0,0.0
9817,"<a href=""statss.aspx?playerid=9817&position=P"">Sergio Romo</a>",36.0,0.0,0.0
9866,"<a href=""statss.aspx?playerid=9866&position=P"">Chaz Roe</a>",32.0,0.0,0.0
9939,"<a href=""statss.aspx?playerid=9939&position=P"">Brandon Kintzler</a>",34.0,0.0,0.0
10160,"<a href=""statss.aspx?playerid=10160&position=P"">Ryan Weber</a>",28.0,0.0,0.0
10233,"<a href=""statss.aspx?playerid=10233&position=P"">Aroldis Chapman</a>",31.0,0.0,0.0
10291,"<a href=""statss.aspx?playerid=10291&position=P"">Ryan Tepera</a>",31.0,0.0,0.0
10341,"<a href=""statss.aspx?playerid=10341&position=P"">Juan Minaya</a>",28.0,0.0,0.0
10430,"<a href=""statss.aspx?playerid=10430&position=P"">Mychal Givens</a>",29.0,0.0,0.0
10547,"<a href=""statss.aspx?playerid=10547&position=P"">Jimmy Nelson</a>",30.0,0.0,0.0
10603,"<a href=""statss.aspx?playerid=10603&position=P"">Chris Sale</a>",30.0,0.0,0.0
10745,"<a href=""statss.aspx?playerid=10745&position=P"">Trevor Rosenthal</a>",29.0,0.0,0.0
10756,"<a href=""statss.aspx?playerid=10756&position=P"">Shane Greene</a>",30.0,0.0,0.0
10843,"<a href=""statss.aspx?playerid=10843&position=P"">Adam Kolarek</a>",30.0,0.0,0.0
10946,"<a href=""statss.aspx?playerid=10946&position=P"">Josh A. Smith</a>",31.0,0.0,0.0
11203,"<a href=""statss.aspx?playerid=11203&position=P"">Grant Dayton</a>",31.0,0.0,0.0
11243,"<a href=""statss.aspx?playerid=11243&position=P"">Aaron Barrett</a>",31.0,0.0,0.0
11334,"<a href=""statss.aspx?playerid=11334&position=P"">Tyler Lyons</a>",31.0,0.0,0.0
11384,"<a href=""statss.aspx?playerid=11384&position=P"">Tommy Kahnle</a>",29.0,0.0,0.0
11428,"<a href=""statss.aspx?playerid=11428&position=P"">Brandon Workman</a>",30.0,0.0,0.0
11437,"<a href=""statss.aspx?playerid=11437&position=P"">Jesse Biddle</a>",27.0,0.0,0.0
11467,"<a href=""statss.aspx?playerid=11467&position=P"">A.J. Cole</a>",27.0,0.0,0.0
11490,"<a href=""statss.aspx?playerid=11490&position=P"">Aaron Sanchez</a>",26.0,0.0,0.0
11589,"<a href=""statss.aspx?playerid=11589&position=P"">Jose Urena</a>",27.0,0.0,0.0
11604,"<a href=""statss.aspx?playerid=11604&position=P"">Dovydas Neverauskas</a>",26.0,0.0,0.0
11632,"<a href=""statss.aspx?playerid=11632&position=P"">Heath Hembree</a>",30.0,0.0,0.0
11691,"<a href=""statss.aspx?playerid=11691&position=P"">Tayron Guerrero</a>",28.0,0.0,0.0
11694,"<a href=""statss.aspx?playerid=11694&position=P"">Nick Kingham</a>",27.0,0.0,0.0
11710,"<a href=""statss.aspx?playerid=11710&position=P"">Sam Dyson</a>",31.0,0.0,0.0
11713,"<a href=""statss.aspx?playerid=11713&position=P"">Matt Harvey</a>",30.0,0.0,0.0
11752,"<a href=""statss.aspx?playerid=11752&position=P"">Luke Jackson</a>",27.0,0.0,0.0
11801,"<a href=""statss.aspx?playerid=11801&position=P"">Hansel Robles</a>",28.0,0.0,0.0
11836,"<a href=""statss.aspx?playerid=11836&position=P"">Taijuan Walker</a>",26.0,0.0,0.0
11847,"<a href=""statss.aspx?playerid=11847&position=P"">Chris Martin</a>",33.0,0.0,0.0
11861,"<a href=""statss.aspx?playerid=11861&position=P"">Jason Adam</a>",27.0,0.0,0.0
11896,"<a href=""statss.aspx?playerid=11896&position=P"">Enderson Franco</a>",26.0,0.0,0.0
11903,"<a href=""statss.aspx?playerid=11903&position=P"">Michael Feliz</a>",26.0,0.0,0.0
11964,"<a href=""statss.aspx?playerid=11964&position=P"">Taylor Cole</a>",29.0,0.0,0.0
12027,"<a href=""statss.aspx?playerid=12027&position=P"">Brian Flynn</a>",29.0,0.0,0.0
12297,"<a href=""statss.aspx?playerid=12297&position=P"">Evan Marshall</a>",29.0,0.0,0.0
12323,"<a href=""statss.aspx?playerid=12323&position=P"">Jacob Barnes</a>",29.0,0.0,0.0
12385,"<a href=""statss.aspx?playerid=12385&position=P"">Nick Tropeano</a>",28.0,0.0,0.0
12545,"<a href=""statss.aspx?playerid=12545&position=P"">Drew Gagnon</a>",29.0,0.0,0.0
12572,"<a href=""statss.aspx?playerid=12572&position=P"">Blake Treinen</a>",31.0,0.0,0.0
12575,"<a href=""statss.aspx?playerid=12575&position=P"">Nick Ramirez</a>",29.0,0.0,0.0
12578,"<a href=""statss.aspx?playerid=12578&position=P"">DJ Johnson</a>",29.0,0.0,0.0
12580,"<a href=""statss.aspx?playerid=12580&position=P"">Adam Morgan</a>",29.0,0.0,0.0
12680,"<a href=""statss.aspx?playerid=12680&position=P"">Ryne Harper</a>",30.0,0.0,0.0
12699,"<a href=""statss.aspx?playerid=12699&position=P"">Ryan Carpenter</a>",28.0,0.0,0.0
12760,"<a href=""statss.aspx?playerid=12760&position=P"">Rafael Montero</a>",28.0,0.0,0.0
12763,"<a href=""statss.aspx?playerid=12763&position=P"">Chris Devenski</a>",28.0,0.0,0.0
12774,"<a href=""statss.aspx?playerid=12774&position=P"">Jairo Diaz</a>",28.0,0.0,0.0
12777,"<a href=""statss.aspx?playerid=12777&position=P"">John Brebbia</a>",29.0,0.0,0.0
12778,"<a href=""statss.aspx?playerid=12778&position=P"">Sam Gaviglio</a>",29.0,0.0,0.0
12784,"<a href=""statss.aspx?playerid=12784&position=P"">Burch Smith</a>",29.0,0.0,0.0
12800,"<a href=""statss.aspx?playerid=12800&position=P"">Noe Ramirez</a>",29.0,0.0,0.0
12804,"<a href=""statss.aspx?playerid=12804&position=P"">Matt Wisler</a>",26.0,0.0,0.0
12828,"<a href=""statss.aspx?playerid=12828&position=P"">Andrew Kittredge</a>",29.0,0.0,0.0
12857,"<a href=""statss.aspx?playerid=12857&position=P"">Shawn Armstrong</a>",28.0,0.0,0.0
12863,"<a href=""statss.aspx?playerid=12863&position=P"">Matt Barnes</a>",29.0,0.0,0.0
12874,"<a href=""statss.aspx?playerid=12874&position=P"">Danny Hultzen</a>",29.0,0.0,0.0
12890,"<a href=""statss.aspx?playerid=12890&position=P"">Alex Claudio</a>",27.0,0.0,0.0
12910,"<a href=""statss.aspx?playerid=12910&position=P"">Ken Giles</a>",28.0,0.0,0.0
12918,"<a href=""statss.aspx?playerid=12918&position=P"">Archie Bradley</a>",26.0,0.0,0.0
12938,"<a href=""statss.aspx?playerid=12938&position=P"">Gabriel Ynoa</a>",26.0,0.0,0.0
12988,"<a href=""statss.aspx?playerid=12988&position=P"">Andrew Chafin</a>",29.0,0.0,0.0
12997,"<a href=""statss.aspx?playerid=12997&position=P"">Colten Brewer</a>",26.0,0.0,0.0
13042,"<a href=""statss.aspx?playerid=13042&position=P"">Robby Scott</a>",29.0,0.0,0.0
13133,"<a href=""statss.aspx?playerid=13133&position=P"">Derek Law</a>",28.0,0.0,0.0
13182,"<a href=""statss.aspx?playerid=13182&position=P"">Kyle Crick</a>",26.0,0.0,0.0
13188,"<a href=""statss.aspx?playerid=13188&position=P"">Adalberto Mejia</a>",26.0,0.0,0.0
13194,"<a href=""statss.aspx?playerid=13194&position=P"">Joe Biagini</a>",29.0,0.0,0.0
13276,"<a href=""statss.aspx?playerid=13276&position=P"">Matt Carasiti</a>",27.0,0.0,0.0
13287,"<a href=""statss.aspx?playerid=13287&position=P"">Jesse Hahn</a>",29.0,0.0,0.0
13323,"<a href=""statss.aspx?playerid=13323&position=P"">James Pazos</a>",28.0,0.0,0.0
13339,"<a href=""statss.aspx?playerid=13339&position=P"">Adrian Sampson</a>",27.0,0.0,0.0
13345,"<a href=""statss.aspx?playerid=13345&position=P"">Luis Cessa</a>",27.0,0.0,0.0
13346,"<a href=""statss.aspx?playerid=13346&position=P"">Hoby Milner</a>",28.0,0.0,0.0
13360,"<a href=""statss.aspx?playerid=13360&position=P"">Cam Bedrosian</a>",27.0,0.0,0.0
13397,"<a href=""statss.aspx?playerid=13397&position=P"">Sam Selman</a>",28.0,0.0,0.0
13424,"<a href=""statss.aspx?playerid=13424&position=P"">Drew VerHagen</a>",28.0,0.0,0.0
13442,"<a href=""statss.aspx?playerid=13442&position=P"">Mike Morin</a>",28.0,0.0,0.0
13449,"<a href=""statss.aspx?playerid=13449&position=P"">Taylor Rogers</a>",28.0,0.0,0.0
13475,"<a href=""statss.aspx?playerid=13475&position=P"">Daniel Norris</a>",26.0,0.0,0.0
13485,"<a href=""statss.aspx?playerid=13485&position=P"">Sam Tuivailala</a>",26.0,0.0,0.0
13527,"<a href=""statss.aspx?playerid=13527&position=P"">Brandon Brennan</a>",27.0,0.0,0.0
13543,"<a href=""statss.aspx?playerid=13543&position=P"">Blake Snell</a>",26.0,0.0,0.0
13549,"<a href=""statss.aspx?playerid=13549&position=P"">Richard Rodriguez</a>",29.0,0.0,0.0
13594,"<a href=""statss.aspx?playerid=13594&position=P"">Robert Stephenson</a>",26.0,0.0,0.0
13607,"<a href=""statss.aspx?playerid=13607&position=P"">Carl Edwards Jr.</a>",27.0,0.0,0.0
13616,"<a href=""statss.aspx?playerid=13616&position=P"">Taylor Guerrieri</a>",26.0,0.0,0.0
13629,"<a href=""statss.aspx?playerid=13629&position=P"">Josh D. Smith</a>",29.0,0.0,0.0
13652,"<a href=""statss.aspx?playerid=13652&position=P"">Tayler Scott</a>",27.0,0.0,0.0
13685,"<a href=""statss.aspx?playerid=13685&position=P"">Nick Goody</a>",27.0,0.0,0.0
13696,"<a href=""statss.aspx?playerid=13696&position=P"">Robert Gsellman</a>",25.0,0.0,0.0
13699,"<a href=""statss.aspx?playerid=13699&position=P"">Jake Faria</a>",25.0,0.0,0.0
13713,"<a href=""statss.aspx?playerid=13713&position=P"">Kyle Barraclough</a>",29.0,0.0,0.0
13758,"<a href=""statss.aspx?playerid=13758&position=P"">Tyler Duffey</a>",28.0,0.0,0.0
13763,"<a href=""statss.aspx?playerid=13763&position=P"">Dominic Leone</a>",27.0,0.0,0.0
13764,"<a href=""statss.aspx?playerid=13764&position=P"">Roberto Osuna</a>",24.0,0.0,0.0
13767,"<a href=""statss.aspx?playerid=13767&position=P"">JT Chargois</a>",28.0,0.0,0.0
13780,"<a href=""statss.aspx?playerid=13780&position=P"">Daniel Stumpf</a>",28.0,0.0,0.0
13801,"<a href=""statss.aspx?playerid=13801&position=P"">Austin Adams</a>",28.0,0.0,0.0
13892,"<a href=""statss.aspx?playerid=13892&position=P"">Paul Sewald</a>",29.0,0.0,0.0
13896,"<a href=""statss.aspx?playerid=13896&position=P"">Chris Flexen</a>",24.0,0.0,0.0
13911,"<a href=""statss.aspx?playerid=13911&position=P"">Scott Oberg</a>",29.0,0.0,0.0
13974,"<a href=""statss.aspx?playerid=13974&position=P"">Ryan Dull</a>",29.0,0.0,0.0
14101,"<a href=""statss.aspx?playerid=14101&position=P"">Branden Kline</a>",27.0,0.0,0.0
14169,"<a href=""statss.aspx?playerid=14169&position=P"">Kyle Zimmer</a>",27.0,0.0,0.0
14244,"<a href=""statss.aspx?playerid=14244&position=P"">Ray Black</a>",29.0,0.0,0.0
14288,"<a href=""statss.aspx?playerid=14288&position=P"">Luke Bard</a>",28.0,0.0,0.0
14295,"<a href=""statss.aspx?playerid=14295&position=P"">Wandy Peralta</a>",27.0,0.0,0.0
14309,"<a href=""statss.aspx?playerid=14309&position=P"">Frankie Montas</a>",26.0,0.0,0.0
14332,"<a href=""statss.aspx?playerid=14332&position=P"">Joel Payamps</a>",25.0,0.0,0.0
14338,"<a href=""statss.aspx?playerid=14338&position=P"">Williams Jerez</a>",27.0,0.0,0.0
14361,"<a href=""statss.aspx?playerid=14361&position=P"">Ty Blach</a>",28.0,0.0,0.0
14374,"<a href=""statss.aspx?playerid=14374&position=P"">Tyler Glasnow</a>",25.0,0.0,0.0
14375,"<a href=""statss.aspx?playerid=14375&position=P"">Amir Garrett</a>",27.0,0.0,0.0
14382,"<a href=""statss.aspx?playerid=14382&position=P"">Wei-Chung Wang</a>",27.0,0.0,0.0
14391,"<a href=""statss.aspx?playerid=14391&position=P"">Yohander Mendez</a>",24.0,0.0,0.0
14506,"<a href=""statss.aspx?playerid=14506&position=P"">J.B. Wendelken</a>",26.0,0.0,0.0
14508,"<a href=""statss.aspx?playerid=14508&position=P"">Randy Rosario</a>",25.0,0.0,0.0
14524,"<a href=""statss.aspx?playerid=14524&position=P"">Jose Leclerc</a>",25.0,0.0,0.0
14542,"<a href=""statss.aspx?playerid=14542&position=P"">Carlos Estevez</a>",26.0,0.0,0.0
14552,"<a href=""statss.aspx?playerid=14552&position=P"">Jose Ruiz</a>",24.0,0.0,0.0
14605,"<a href=""statss.aspx?playerid=14605&position=P"">James Hoyt</a>",32.0,0.0,0.0
14646,"<a href=""statss.aspx?playerid=14646&position=P"">Rowan Wick</a>",26.0,0.0,0.0
14672,"<a href=""statss.aspx?playerid=14672&position=P"">Dillon Maples</a>",27.0,0.0,0.0
14696,"<a href=""statss.aspx?playerid=14696&position=P"">Keone Kela</a>",26.0,0.0,0.0
14706,"<a href=""statss.aspx?playerid=14706&position=P"">Anthony Banda</a>",25.0,0.0,0.0
14707,"<a href=""statss.aspx?playerid=14707&position=P"">Brady Lail</a>",25.0,0.0,0.0
14710,"<a href=""statss.aspx?playerid=14710&position=P"">Edwin Diaz</a>",25.0,0.0,0.0
14719,"<a href=""statss.aspx?playerid=14719&position=P"">Ty Buttrey</a>",26.0,0.0,0.0
14739,"<a href=""statss.aspx?playerid=14739&position=P"">Paul Blackburn</a>",25.0,0.0,0.0
14741,"<a href=""statss.aspx?playerid=14741&position=P"">Tyler Olson</a>",29.0,0.0,0.0
14771,"<a href=""statss.aspx?playerid=14771&position=P"">Emilio Pagan</a>",28.0,0.0,0.0
14808,"<a href=""statss.aspx?playerid=14808&position=P"">Ryan Eades</a>",27.0,0.0,0.0
14814,"<a href=""statss.aspx?playerid=14814&position=P"">Buck Farmer</a>",28.0,0.0,0.0
14825,"<a href=""statss.aspx?playerid=14825&position=P"">Dylan Covey</a>",27.0,0.0,0.0
14857,"<a href=""statss.aspx?playerid=14857&position=P"">Joe Mantiply</a>",28.0,0.0,0.0
14899,"<a href=""statss.aspx?playerid=14899&position=P"">Taylor Williams</a>",27.0,0.0,0.0
14966,"<a href=""statss.aspx?playerid=14966&position=P"">Reyes Moronta</a>",26.0,0.0,0.0
14974,"<a href=""statss.aspx?playerid=14974&position=P"">Tyler Webb</a>",28.0,0.0,0.0
14986,"<a href=""statss.aspx?playerid=14986&position=P"">Giovanny Gallegos</a>",27.0,0.0,0.0
14993,"<a href=""statss.aspx?playerid=14993&position=P"">Scott Barlow</a>",26.0,0.0,0.0
15007,"<a href=""statss.aspx?playerid=15007&position=P"">Yacksel Rios</a>",26.0,0.0,0.0
15028,"<a href=""statss.aspx?playerid=15028&position=P"">Victor Alcantara</a>",26.0,0.0,0.0
15042,"<a href=""statss.aspx?playerid=15042&position=P"">Tim Mayza</a>",27.0,0.0,0.0
15043,"<a href=""statss.aspx?playerid=15043&position=P"">Lou Trivino</a>",27.0,0.0,0.0
15066,"<a href=""statss.aspx?playerid=15066&position=P"">Jaime Schultz</a>",28.0,0.0,0.0
15071,"<a href=""statss.aspx?playerid=15071&position=P"">Kyle McGowin</a>",27.0,0.0,0.0
15091,"<a href=""statss.aspx?playerid=15091&position=P"">Hunter Wood</a>",25.0,0.0,0.0
15100,"<a href=""statss.aspx?playerid=15100&position=P"">Ben Heller</a>",27.0,0.0,0.0
15101,"<a href=""statss.aspx?playerid=15101&position=P"">Luke Farrell</a>",28.0,0.0,0.0
15118,"<a href=""statss.aspx?playerid=15118&position=P"">Jimmie Sherfy</a>",27.0,0.0,0.0
15136,"<a href=""statss.aspx?playerid=15136&position=P"">Jake Newberry</a>",24.0,0.0,0.0
15157,"<a href=""statss.aspx?playerid=15157&position=P"">Jimmy Yacabonis</a>",27.0,0.0,0.0
15203,"<a href=""statss.aspx?playerid=15203&position=P"">Tyler Bashlor</a>",26.0,0.0,0.0
15231,"<a href=""statss.aspx?playerid=15231&position=P"">Aaron Slegers</a>",26.0,0.0,0.0
15240,"<a href=""statss.aspx?playerid=15240&position=P"">Kevin McCarthy</a>",27.0,0.0,0.0
15256,"<a href=""statss.aspx?playerid=15256&position=P"">Cole Sulser</a>",29.0,0.0,0.0
15264,"<a href=""statss.aspx?playerid=15264&position=P"">Keynan Middleton</a>",25.0,0.0,0.0
15267,"<a href=""statss.aspx?playerid=15267&position=P"">Jacob Rhame</a>",26.0,0.0,0.0
15285,"<a href=""statss.aspx?playerid=15285&position=P"">Zac Reininger</a>",26.0,0.0,0.0
15288,"<a href=""statss.aspx?playerid=15288&position=P"">Adam Cimber</a>",28.0,0.0,0.0
15423,"<a href=""statss.aspx?playerid=15423&position=P"">Andrew Heaney</a>",28.0,0.0,0.0
15440,"<a href=""statss.aspx?playerid=15440&position=P"">Matthew Boyd</a>",28.0,0.0,0.0
15463,"<a href=""statss.aspx?playerid=15463&position=P"">Jose De Leon</a>",26.0,0.0,0.0
15502,"<a href=""statss.aspx?playerid=15502&position=P"">Kohl Stewart</a>",24.0,0.0,0.0
15507,"<a href=""statss.aspx?playerid=15507&position=P"">Hunter Harvey</a>",24.0,0.0,0.0
15538,"<a href=""statss.aspx?playerid=15538&position=P"">Eric Yardley</a>",28.0,0.0,0.0
15541,"<a href=""statss.aspx?playerid=15541&position=P"">Tyler Rogers</a>",28.0,0.0,0.0
15594,"<a href=""statss.aspx?playerid=15594&position=P"">Nick Wittgren</a>",28.0,0.0,0.0
15605,"<a href=""statss.aspx?playerid=15605&position=P"">Phillips Valdez</a>",27.0,0.0,0.0
15684,"<a href=""statss.aspx?playerid=15684&position=P"">Miguel Castro</a>",24.0,0.0,0.0
15761,"<a href=""statss.aspx?playerid=15761&position=P"">Joe Jimenez</a>",24.0,0.0,0.0
15764,"<a href=""statss.aspx?playerid=15764&position=P"">Masahiro Tanaka</a>",30.0,0.0,0.0
15823,"<a href=""statss.aspx?playerid=15823&position=P"">Zack Littell</a>",23.0,0.0,0.0
15832,"<a href=""statss.aspx?playerid=15832&position=P"">Paul Fry</a>",26.0,0.0,0.0
15855,"<a href=""statss.aspx?playerid=15855&position=P"">Wander Suero</a>",27.0,0.0,0.0
15859,"<a href=""statss.aspx?playerid=15859&position=P"">Stephen Tarpley</a>",26.0,0.0,0.0
15873,"<a href=""statss.aspx?playerid=15873&position=P"">Sean Manaea</a>",27.0,0.0,0.0
15885,"<a href=""statss.aspx?playerid=15885&position=P"">Fernando Romero</a>",24.0,0.0,0.0
15890,"<a href=""statss.aspx?playerid=15890&position=P"">Luis Severino</a>",25.0,0.0,0.0
15906,"<a href=""statss.aspx?playerid=15906&position=P"">Lewis Thorpe</a>",23.0,0.0,0.0
15947,"<a href=""statss.aspx?playerid=15947&position=P"">Ryne Stanek</a>",27.0,0.0,0.0
16058,"<a href=""statss.aspx?playerid=16058&position=P"">Stefan Crichton</a>",27.0,0.0,0.0
16086,"<a href=""statss.aspx?playerid=16086&position=P"">Edubray Ramos</a>",26.0,0.0,0.0
16106,"<a href=""statss.aspx?playerid=16106&position=P"">Cy Sneed</a>",26.0,0.0,0.0
16122,"<a href=""statss.aspx?playerid=16122&position=P"">Jordan Romano</a>",26.0,0.0,0.0
16132,"<a href=""statss.aspx?playerid=16132&position=P"">Justin Shafer</a>",26.0,0.0,0.0
16155,"<a href=""statss.aspx?playerid=16155&position=P"">Eric Skoglund</a>",26.0,0.0,0.0
16159,"<a href=""statss.aspx?playerid=16159&position=P"">Jace Fry</a>",25.0,0.0,0.0
16166,"<a href=""statss.aspx?playerid=16166&position=P"">Chandler Shepherd</a>",26.0,0.0,0.0
16201,"<a href=""statss.aspx?playerid=16201&position=P"">Justin Anderson</a>",26.0,0.0,0.0
16207,"<a href=""statss.aspx?playerid=16207&position=P"">Spencer Turnbull</a>",26.0,0.0,0.0
16258,"<a href=""statss.aspx?playerid=16258&position=P"">Aaron Bummer</a>",25.0,0.0,0.0
16306,"<a href=""statss.aspx?playerid=16306&position=P"">Gerardo Reyes</a>",26.0,0.0,0.0
16318,"<a href=""statss.aspx?playerid=16318&position=P"">Ricardo Pinto</a>",25.0,0.0,0.0
16350,"<a href=""statss.aspx?playerid=16350&position=P"">Ryan Borucki</a>",25.0,0.0,0.0
16390,"<a href=""statss.aspx?playerid=16390&position=P"">Brad Wieck</a>",27.0,0.0,0.0
16401,"<a href=""statss.aspx?playerid=16401&position=P"">Yonny Chirinos</a>",25.0,0.0,0.0
16459,"<a href=""statss.aspx?playerid=16459&position=P"">Joe Harvey</a>",27.0,0.0,0.0
16502,"<a href=""statss.aspx?playerid=16502&position=P"">Ryan Yarbrough</a>",27.0,0.0,0.0
16507,"<a href=""statss.aspx?playerid=16507&position=P"">Dan Altavilla</a>",26.0,0.0,0.0
16511,"<a href=""statss.aspx?playerid=16511&position=P"">Jordan Montgomery</a>",26.0,0.0,0.0
16587,"<a href=""statss.aspx?playerid=16587&position=P"">Erik Swanson</a>",25.0,0.0,0.0
16588,"<a href=""statss.aspx?playerid=16588&position=P"">Jonathan Holder</a>",26.0,0.0,0.0
16609,"<a href=""statss.aspx?playerid=16609&position=P"">Bryan Abreu</a>",22.0,0.0,0.0
16618,"<a href=""statss.aspx?playerid=16618&position=P"">Kyle Bird</a>",26.0,0.0,0.0
16631,"<a href=""statss.aspx?playerid=16631&position=P"">Jeff Brigham</a>",27.0,0.0,0.0
16727,"<a href=""statss.aspx?playerid=16727&position=P"">Brock Stewart</a>",27.0,0.0,0.0
16794,"<a href=""statss.aspx?playerid=16794&position=P"">Josh James</a>",26.0,0.0,0.0
16814,"<a href=""statss.aspx?playerid=16814&position=P"">Tim Hill</a>",29.0,0.0,0.0
16850,"<a href=""statss.aspx?playerid=16850&position=P"">Locke St. John</a>",26.0,0.0,0.0
16918,"<a href=""statss.aspx?playerid=16918&position=P"">Luke Weaver</a>",25.0,0.0,0.0
16929,"<a href=""statss.aspx?playerid=16929&position=P"">Touki Toussaint</a>",23.0,0.0,0.0
16958,"<a href=""statss.aspx?playerid=16958&position=P"">Jake Jewell</a>",26.0,0.0,0.0
16980,"<a href=""statss.aspx?playerid=16980&position=P"">Daniel Mengden</a>",26.0,0.0,0.0
17002,"<a href=""statss.aspx?playerid=17002&position=P"">Trevor Hildenberger</a>",28.0,0.0,0.0
17018,"<a href=""statss.aspx?playerid=17018&position=P"">Jefry Rodriguez</a>",25.0,0.0,0.0
17030,"<a href=""statss.aspx?playerid=17030&position=P"">Ariel Jurado</a>",23.0,0.0,0.0
17035,"<a href=""statss.aspx?playerid=17035&position=P"">Joseph Palumbo</a>",24.0,0.0,0.0
17117,"<a href=""statss.aspx?playerid=17117&position=P"">Austin Davis</a>",26.0,0.0,0.0
17169,"<a href=""statss.aspx?playerid=17169&position=P"">Jose Castillo</a>",23.0,0.0,0.0
17170,"<a href=""statss.aspx?playerid=17170&position=P"">Gabe Speier</a>",24.0,0.0,0.0
17181,"<a href=""statss.aspx?playerid=17181&position=P"">Yoan Lopez</a>",26.0,0.0,0.0
17237,"<a href=""statss.aspx?playerid=17237&position=P"">Austin Brice</a>",27.0,0.0,0.0
17264,"<a href=""statss.aspx?playerid=17264&position=P"">Sam Coonrod</a>",26.0,0.0,0.0
17281,"<a href=""statss.aspx?playerid=17281&position=P"">Thomas Pannone</a>",25.0,0.0,0.0
17292,"<a href=""statss.aspx?playerid=17292&position=P"">Javy Guerra</a>",23.0,0.0,0.0
17295,"<a href=""statss.aspx?playerid=17295&position=P"">Framber Valdez</a>",25.0,0.0,0.0
17359,"<a href=""statss.aspx?playerid=17359&position=P"">Josh Taylor</a>",26.0,0.0,0.0
17369,"<a href=""statss.aspx?playerid=17369&position=P"">Brett Martin</a>",24.0,0.0,0.0
17464,"<a href=""statss.aspx?playerid=17464&position=P"">Jonathan Hernandez</a>",22.0,0.0,0.0
17466,"<a href=""statss.aspx?playerid=17466&position=P"">Heath Fillmyer</a>",25.0,0.0,0.0
17496,"<a href=""statss.aspx?playerid=17496&position=P"">Diego Castillo</a>",25.0,0.0,0.0
17556,"<a href=""statss.aspx?playerid=17556&position=P"">Jimmy Herget</a>",25.0,0.0,0.0
17586,"<a href=""statss.aspx?playerid=17586&position=P"">Tanner Scott</a>",24.0,0.0,0.0
17677,"<a href=""statss.aspx?playerid=17677&position=P"">Jeffrey Springs</a>",26.0,0.0,0.0
17679,"<a href=""statss.aspx?playerid=17679&position=P"">Rogelio Armenteros</a>",25.0,0.0,0.0
17734,"<a href=""statss.aspx?playerid=17734&position=P"">Evan Phillips</a>",24.0,0.0,0.0
17735,"<a href=""statss.aspx?playerid=17735&position=P"">Tyler Alexander</a>",24.0,0.0,0.0
17780,"<a href=""statss.aspx?playerid=17780&position=P"">Jose Alvarado</a>",24.0,0.0,0.0
17793,"<a href=""statss.aspx?playerid=17793&position=P"">Trey Wingenter</a>",25.0,0.0,0.0
17796,"<a href=""statss.aspx?playerid=17796&position=P"">Dillon Tate</a>",25.0,0.0,0.0
17811,"<a href=""statss.aspx?playerid=17811&position=P"">Daniel Zamora</a>",26.0,0.0,0.0
17860,"<a href=""statss.aspx?playerid=17860&position=P"">Jose Rodriguez</a>",23.0,0.0,0.0
17871,"<a href=""statss.aspx?playerid=17871&position=P"">Ian Gibaut</a>",25.0,0.0,0.0
17874,"<a href=""statss.aspx?playerid=17874&position=P"">Nestor Cortes</a>",24.0,0.0,0.0
17942,"<a href=""statss.aspx?playerid=17942&position=P"">Adonis Rosa</a>",24.0,0.0,0.0
17948,"<a href=""statss.aspx?playerid=17948&position=P"">Trent Thornton</a>",25.0,0.0,0.0
17968,"<a href=""statss.aspx?playerid=17968&position=P"">Brock Burke</a>",22.0,0.0,0.0
17987,"<a href=""statss.aspx?playerid=17987&position=P"">Bobby Poyner</a>",26.0,0.0,0.0
17998,"<a href=""statss.aspx?playerid=17998&position=P"">Pete Fairbanks</a>",25.0,0.0,0.0
18029,"<a href=""statss.aspx?playerid=18029&position=P"">Tanner Anderson</a>",26.0,0.0,0.0
18076,"<a href=""statss.aspx?playerid=18076&position=P"">Matt Hall</a>",25.0,0.0,0.0
18088,"<a href=""statss.aspx?playerid=18088&position=P"">Cody Stashak</a>",25.0,0.0,0.0
18135,"<a href=""statss.aspx?playerid=18135&position=P"">Chance Adams</a>",24.0,0.0,0.0
18251,"<a href=""statss.aspx?playerid=18251&position=P"">Art Warren</a>",26.0,0.0,0.0
18256,"<a href=""statss.aspx?playerid=18256&position=P"">Zac Grotz</a>",26.0,0.0,0.0
18282,"<a href=""statss.aspx?playerid=18282&position=P"">Jarlin Garcia</a>",26.0,0.0,0.0
18300,"<a href=""statss.aspx?playerid=18300&position=P"">Andrew Suarez</a>",26.0,0.0,0.0
18306,"<a href=""statss.aspx?playerid=18306&position=P"">Taylor Guilbeau</a>",26.0,0.0,0.0
18323,"<a href=""statss.aspx?playerid=18323&position=P"">Josh Sborz</a>",25.0,0.0,0.0
18335,"<a href=""statss.aspx?playerid=18335&position=P"">Josh Staumont</a>",25.0,0.0,0.0
18337,"<a href=""statss.aspx?playerid=18337&position=P"">Nick Anderson</a>",28.0,0.0,0.0
18454,"<a href=""statss.aspx?playerid=18454&position=P"">Trevor Kelley</a>",26.0,0.0,0.0
18496,"<a href=""statss.aspx?playerid=18496&position=P"">Junior Fernandez</a>",22.0,0.0,0.0
18525,"<a href=""statss.aspx?playerid=18525&position=P"">Dylan Cease</a>",23.0,0.0,0.0
18581,"<a href=""statss.aspx?playerid=18581&position=P"">Travis Bergen</a>",25.0,0.0,0.0
18600,"<a href=""statss.aspx?playerid=18600&position=P"">Travis Lakins Sr.</a>",25.0,0.0,0.0
18655,"<a href=""statss.aspx?playerid=18655&position=P"">A.J. Minter</a>",25.0,0.0,0.0
18790,"<a href=""statss.aspx?playerid=18790&position=P"">Dillon Peters</a>",26.0,0.0,0.0
18792,"<a href=""statss.aspx?playerid=18792&position=P"">Miguel Del Pozo</a>",26.0,0.0,0.0
18890,"<a href=""statss.aspx?playerid=18890&position=P"">Kyle Keller</a>",26.0,0.0,0.0
19256,"<a href=""statss.aspx?playerid=19256&position=P"">Gerson Bautista</a>",24.0,0.0,0.0
19274,"<a href=""statss.aspx?playerid=19274&position=P"">Jacob Webb</a>",25.0,0.0,0.0
19276,"<a href=""statss.aspx?playerid=19276&position=P"">Edgar Garcia</a>",22.0,0.0,0.0
19311,"<a href=""statss.aspx?playerid=19311&position=P"">Reggie McClain</a>",26.0,0.0,0.0
19330,"<a href=""statss.aspx?playerid=19330&position=P"">Matt Festa</a>",26.0,0.0,0.0
19337,"<a href=""statss.aspx?playerid=19337&position=P"">Richard Lovelady</a>",23.0,0.0,0.0
19341,"<a href=""statss.aspx?playerid=19341&position=P"">Hector Velazquez</a>",30.0,0.0,0.0
19343,"<a href=""statss.aspx?playerid=19343&position=P"">A.J. Puk</a>",24.0,0.0,0.0
19361,"<a href=""statss.aspx?playerid=19361&position=P"">Corbin Burnes</a>",24.0,0.0,0.0
19403,"<a href=""statss.aspx?playerid=19403&position=P"">Colin Poche</a>",25.0,0.0,0.0
19457,"<a href=""statss.aspx?playerid=19457&position=P"">Bryan Garcia</a>",24.0,0.0,0.0
19459,"<a href=""statss.aspx?playerid=19459&position=P"">Jorge Alcala</a>",23.0,0.0,0.0
19487,"<a href=""statss.aspx?playerid=19487&position=P"">Devin Smeltzer</a>",23.0,0.0,0.0
19495,"<a href=""statss.aspx?playerid=19495&position=P"">Michael Shawaryn</a>",24.0,0.0,0.0
19545,"<a href=""statss.aspx?playerid=19545&position=P"">Stephen Nogosek</a>",24.0,0.0,0.0
19558,"<a href=""statss.aspx?playerid=19558&position=P"">Geoff Hartlieb</a>",25.0,0.0,0.0
19569,"<a href=""statss.aspx?playerid=19569&position=P"">David Bednar</a>",24.0,0.0,0.0
19583,"<a href=""statss.aspx?playerid=19583&position=P"">Sean Poppen</a>",25.0,0.0,0.0
19614,"<a href=""statss.aspx?playerid=19614&position=P"">Cionel Perez</a>",23.0,0.0,0.0
19642,"<a href=""statss.aspx?playerid=19642&position=P"">Eduardo Jimenez</a>",24.0,0.0,0.0
19677,"<a href=""statss.aspx?playerid=19677&position=P"">Gregory Soto</a>",24.0,0.0,0.0
19753,"<a href=""statss.aspx?playerid=19753&position=P"">Jonathan Loaisiga</a>",24.0,0.0,0.0
19756,"<a href=""statss.aspx?playerid=19756&position=P"">Yoshihisa Hirano</a>",35.0,0.0,0.0
19814,"<a href=""statss.aspx?playerid=19814&position=P"">David McKay</a>",24.0,0.0,0.0
19848,"<a href=""statss.aspx?playerid=19848&position=P"">Darwinzon Hernandez</a>",22.0,0.0,0.0
19853,"<a href=""statss.aspx?playerid=19853&position=P"">Michael King</a>",24.0,0.0,0.0
19867,"<a href=""statss.aspx?playerid=19867&position=P"">Griffin Canning</a>",23.0,0.0,0.0
19876,"<a href=""statss.aspx?playerid=19876&position=P"">Kevin Ginkel</a>",25.0,0.0,0.0
19959,"<a href=""statss.aspx?playerid=19959&position=P"">Jesus Luzardo</a>",21.0,0.0,0.0
20020,"<a href=""statss.aspx?playerid=20020&position=P"">John Schreiber</a>",25.0,0.0,0.0
20030,"<a href=""statss.aspx?playerid=20030&position=P"">Phillip Diehl</a>",24.0,0.0,0.0
20100,"<a href=""statss.aspx?playerid=20100&position=P"">Michel Baez</a>",23.0,0.0,0.0
20151,"<a href=""statss.aspx?playerid=20151&position=P"">James Karinchak</a>",23.0,0.0,0.0
20218,"<a href=""statss.aspx?playerid=20218&position=P"">Yennsy Diaz</a>",22.0,0.0,0.0
20367,"<a href=""statss.aspx?playerid=20367&position=P"">Brusdar Graterol</a>",20.0,0.0,0.0
20373,"<a href=""statss.aspx?playerid=20373&position=P"">Andres Munoz</a>",20.0,0.0,0.0
20387,"<a href=""statss.aspx?playerid=20387&position=P"">Anthony Kay</a>",24.0,0.0,0.0
20395,"<a href=""statss.aspx?playerid=20395&position=P"">Nick Margevicius</a>",23.0,0.0,0.0
20468,"<a href=""statss.aspx?playerid=20468&position=P"">Huascar Ynoa</a>",21.0,0.0,0.0
20632,"<a href=""statss.aspx?playerid=20632&position=P"">Elvis Luciano</a>",19.0,0.0,0.0
21032,"<a href=""statss.aspx?playerid=21032&position=P"">Emmanuel Clase</a>",21.0,0.0,0.0
23798,"<a href=""statss.aspx?playerid=23798&position=P"">Randy Dobnak</a>",24.0,0.0,0.0
13361,"<a href=""statss.aspx?playerid=13361&position=P"">Steven Matz</a>",28.0,31.0,0.1552870124578476
12268,"<a href=""statss.aspx?playerid=12268&position=1B/OF"">Ryan Court</a>",31.0,25.0,0.25821266412734983
16300,"<a href=""statss.aspx?playerid=16300&position=P"">Jesus Tinoco</a>",24.0,5.0,0.21740181744098663
7290,"<a href=""statss.aspx?playerid=7290&position=SS/OF"">Jake Elmore</a>",32.0,29.0,0.32945211591391727
19514,"<a href=""statss.aspx?playerid=19514&position=C"">Andrew Knizner</a>",24.0,51.0,0.3284245624261744
11850,"<a href=""statss.aspx?playerid=11850&position=1B"">Tyler Austin</a>",27.0,56.0,0.2972824931144714
14509,"<a href=""statss.aspx?playerid=14509&position=P"">Dereck Rodriguez</a>",27.0,12.0,0.14493454496065775
15290,"<a href=""statss.aspx?playerid=15290&position=P"">Austin Pruitt</a>",29.0,1.0,0.0
4772,"<a href=""statss.aspx?playerid=4772&position=P"">Felix Hernandez</a>",33.0,1.0,0.0
19268,"<a href=""statss.aspx?playerid=19268&position=P"">Justin Dunn</a>",23.0,1.0,0.0
17034,"<a href=""statss.aspx?playerid=17034&position=P"">Sean Reid-Foley</a>",23.0,1.0,0.0
19269,"<a href=""statss.aspx?playerid=19269&position=P"">T.J. Zeuch</a>",23.0,1.0,0.0
11528,"<a href=""statss.aspx?playerid=11528&position=P"">Josh Osich</a>",30.0,1.0,0.0
15690,"<a href=""statss.aspx?playerid=15690&position=P"">Jimmy Cordero</a>",27.0,1.0,0.0
18311,"<a href=""statss.aspx?playerid=18311&position=P"">Carson Fulmer</a>",25.0,1.0,0.0
404,"<a href=""statss.aspx?playerid=404&position=P"">CC Sabathia</a>",38.0,1.0,0.0
15552,"<a href=""statss.aspx?playerid=15552&position=P"">Chad Green</a>",28.0,1.0,0.0
15306,"<a href=""statss.aspx?playerid=15306&position=P"">Donnie Hart</a>",28.0,1.0,0.0
19979,"<a href=""statss.aspx?playerid=19979&position=P"">Zach Plesac</a>",24.0,1.0,0.0
13403,"<a href=""statss.aspx?playerid=13403&position=P"">Felix Pena</a>",29.0,1.0,0.0
10836,"<a href=""statss.aspx?playerid=10836&position=P"">Asher Wojciechowski</a>",30.0,1.0,0.0
14457,"<a href=""statss.aspx?playerid=14457&position=P"">Adam Conley</a>",29.0,1.0,0.0
18297,"<a href=""statss.aspx?playerid=18297&position=P"">Tyler Kinley</a>",28.0,1.0,0.0
19200,"<a href=""statss.aspx?playerid=19200&position=P"">Jose Quijada</a>",23.0,1.0,0.0
11682,"<a href=""statss.aspx?playerid=11682&position=P"">Carlos Martinez</a>",27.0,1.0,0.0
13684,"<a href=""statss.aspx?playerid=13684&position=P"">John Gant</a>",26.0,1.0,0.0
15451,"<a href=""statss.aspx?playerid=15451&position=P"">Mike Mayers</a>",27.0,1.0,0.0
17490,"<a href=""statss.aspx?playerid=17490&position=P"">Genesis Cabrera</a>",22.0,1.0,0.0
7274,"<a href=""statss.aspx?playerid=7274&position=P"">Craig Stammen</a>",35.0,1.0,0.0
18064,"<a href=""statss.aspx?playerid=18064&position=P"">Phil Maton</a>",26.0,1.0,0.0
20039,"<a href=""statss.aspx?playerid=20039&position=P"">Adrian Morejon</a>",20.0,1.0,0.0
14665,"<a href=""statss.aspx?playerid=14665&position=P"">Jandel Gustave</a>",26.0,1.0,0.0
15046,"<a href=""statss.aspx?playerid=15046&position=P"">Trevor Gott</a>",26.0,1.0,0.0
13394,"<a href=""statss.aspx?playerid=13394&position=P"">Dylan Floro</a>",28.0,1.0,0.0
14272,"<a href=""statss.aspx?playerid=14272&position=P"">Brian Johnson</a>",28.0,1.0,0.0
12076,"<a href=""statss.aspx?playerid=12076&position=P"">Felipe Vazquez</a>",27.0,1.0,0.0
13761,"<a href=""statss.aspx?playerid=13761&position=P"">Chris Stratton</a>",28.0,1.0,0.0
14677,"<a href=""statss.aspx?playerid=14677&position=P"">Duane Underwood Jr.</a>",24.0,1.0,0.0
16440,"<a href=""statss.aspx?playerid=16440&position=P"">James Norwood</a>",25.0,1.0,0.0
17859,"<a href=""statss.aspx?playerid=17859&position=P"">Adbert Alzolay</a>",24.0,1.0,0.0
9490,"<a href=""statss.aspx?playerid=9490&position=P"">Jeremy Jeffress</a>",31.0,1.0,0.0
14212,"<a href=""statss.aspx?playerid=14212&position=P"">Josh Hader</a>",25.0,1.0,0.0
15816,"<a href=""statss.aspx?playerid=15816&position=P"">Devin Williams</a>",24.0,1.0,0.0
5224,"<a href=""statss.aspx?playerid=5224&position=P"">Blake Parker</a>",34.0,1.0,0.0
11804,"<a href=""statss.aspx?playerid=11804&position=P"">Hector Neris</a>",30.0,1.0,0.0
19548,"<a href=""statss.aspx?playerid=19548&position=P"">J.D. Hammer</a>",24.0,1.0,0.0
1581,"<a href=""statss.aspx?playerid=1581&position=P"">Sean Doolittle</a>",32.0,1.0,0.0
12673,"<a href=""statss.aspx?playerid=12673&position=P"">Roenis Elias</a>",30.0,1.0,0.0
17610,"<a href=""statss.aspx?playerid=17610&position=P"">Tanner Rainey</a>",26.0,1.0,0.0
16943,"<a href=""statss.aspx?playerid=16943&position=P"">Sean Newcomb</a>",26.0,1.0,0.0
17470,"<a href=""statss.aspx?playerid=17470&position=P"">Chad Sobotka</a>",25.0,1.0,0.0
19665,"<a href=""statss.aspx?playerid=19665&position=P"">Kyle Wright</a>",23.0,1.0,0.0
19981,"<a href=""statss.aspx?playerid=19981&position=P"">Jeremy Walker</a>",24.0,1.0,0.0
17182,"<a href=""statss.aspx?playerid=17182&position=3B/SS"">Jung Ho Kang</a>",32.0,48.0,0.3032679570217927
18313,"<a href=""statss.aspx?playerid=18313&position=P"">Pedro Payano</a>",24.0,1.0,0.0
13528,"<a href=""statss.aspx?playerid=13528&position=P"">Matt Bowman</a>",28.0,1.0,0.0
15964,"<a href=""statss.aspx?playerid=15964&position=P"">Keury Mella</a>",25.0,1.0,0.0
17130,"<a href=""statss.aspx?playerid=17130&position=P"">Raisel Iglesias</a>",29.0,1.0,0.0
19995,"<a href=""statss.aspx?playerid=19995&position=P"">Joel Kuhnel</a>",24.0,1.0,0.0
16110,"<a href=""statss.aspx?playerid=16110&position=P"">Daniel Ponce de Leon</a>",27.0,6.0,0.11504908402760823
18679,"<a href=""statss.aspx?playerid=18679&position=P"">Freddy Peralta</a>",23.0,1.0,0.0
18314,"<a href=""statss.aspx?playerid=18314&position=SS"">Dansby Swanson</a>",25.0,183.0,0.2730679161601014
16265,"<a href=""statss.aspx?playerid=16265&position=P"">Sam Howard</a>",26.0,1.0,0.0
20023,"<a href=""statss.aspx?playerid=20023&position=P"">Rico Garcia</a>",25.0,1.0,0.0
18126,"<a href=""statss.aspx?playerid=18126&position=1B/OF"">LaMonte Wade Jr.</a>",25.0,67.0,0.3189778372422973
3254,"<a href=""statss.aspx?playerid=3254&position=P"">Jeff Samardzija</a>",34.0,34.0,0.1390847643216451
2530,"<a href=""statss.aspx?playerid=2530&position=1B"">Yonder Alonso</a>",32.0,84.0,0.3505251752324851
8753,"<a href=""statss.aspx?playerid=8753&position=P"">Tanner Roark</a>",32.0,9.0,0.13518491056230333
16211,"<a href=""statss.aspx?playerid=16211&position=1B/DH"">Kevin Cron</a>",26.0,26.0,0.30485868683228123
19293,"<a href=""statss.aspx?playerid=19293&position=OF"">Nick Senzel</a>",24.0,196.0,0.2894415778199626
17085,"<a href=""statss.aspx?playerid=17085&position=P"">Pablo Lopez</a>",23.0,10.0,0.121666419506073
10346,"<a href=""statss.aspx?playerid=10346&position=C"">John Ryan Murphy</a>",28.0,1.0,0.0
14843,"<a href=""statss.aspx?playerid=14843&position=P"">Michael Lorenzen</a>",27.0,43.0,0.25895399825517523
7608,"<a href=""statss.aspx?playerid=7608&position=P"">Tommy Milone</a>",32.0,2.0,0.0
17285,"<a href=""statss.aspx?playerid=17285&position=P"">Justus Sheffield</a>",23.0,2.0,0.0
20633,"<a href=""statss.aspx?playerid=20633&position=P"">Yusei Kikuchi</a>",28.0,2.0,0.0
15402,"<a href=""statss.aspx?playerid=15402&position=3B"">Jack Mayfield</a>",28.0,22.0,0.22251885587518866
12304,"<a href=""statss.aspx?playerid=12304&position=P"">Chris Bassitt</a>",30.0,2.0,0.0
16725,"<a href=""statss.aspx?playerid=16725&position=C"">Jose Trevino</a>",26.0,126.0,0.274336630821228
2859,"<a href=""statss.aspx?playerid=2859&position=P"">Ross Detwiler</a>",33.0,2.0,0.0
16400,"<a href=""statss.aspx?playerid=16400&position=P"">Reynaldo Lopez</a>",25.0,2.0,0.0
14151,"<a href=""statss.aspx?playerid=14151&position=P"">Chris Mazza</a>",29.0,2.0,0.0
5372,"<a href=""statss.aspx?playerid=5372&position=P"">Michael Pineda</a>",30.0,2.0,0.0
6397,"<a href=""statss.aspx?playerid=6397&position=P"">Jake Odorizzi</a>",29.0,2.0,0.0
6902,"<a href=""statss.aspx?playerid=6902&position=P"">Martin Perez</a>",28.0,2.0,0.0
12808,"<a href=""statss.aspx?playerid=12808&position=P"">Mike Clevinger</a>",28.0,2.0,0.0
15846,"<a href=""statss.aspx?playerid=15846&position=P"">Adam Plutko</a>",27.0,2.0,0.0
19479,"<a href=""statss.aspx?playerid=19479&position=P"">Aaron Civale</a>",24.0,2.0,0.0
18356,"<a href=""statss.aspx?playerid=18356&position=P"">Jaime Barria</a>",22.0,2.0,0.0
19447,"<a href=""statss.aspx?playerid=19447&position=P"">Patrick Sandoval</a>",22.0,2.0,0.0
19911,"<a href=""statss.aspx?playerid=19911&position=P"">Jose Suarez</a>",21.0,2.0,0.0
12917,"<a href=""statss.aspx?playerid=12917&position=P"">Dylan Bundy</a>",26.0,2.0,0.0
16130,"<a href=""statss.aspx?playerid=16130&position=P"">David Hess</a>",25.0,2.0,0.0
18361,"<a href=""statss.aspx?playerid=18361&position=P"">Thomas Eshelman</a>",25.0,2.0,0.0
18138,"<a href=""statss.aspx?playerid=18138&position=P"">Ryan Helsley</a>",24.0,2.0,0.0
13619,"<a href=""statss.aspx?playerid=13619&position=P"">Jakob Junis</a>",26.0,2.0,0.0
14527,"<a href=""statss.aspx?playerid=14527&position=P"">Jorge Lopez</a>",26.0,2.0,0.0
15200,"<a href=""statss.aspx?playerid=15200&position=P"">Glenn Sparkman</a>",27.0,2.0,0.0
14412,"<a href=""statss.aspx?playerid=14412&position=C"">Joe Hudson</a>",28.0,1.0,0.0
10354,"<a href=""statss.aspx?playerid=10354&position=P"">Robbie Erlin</a>",28.0,2.0,0.0
17276,"<a href=""statss.aspx?playerid=17276&position=C"">Alex Jackson</a>",23.0,4.0,0.1798039823770523
12095,"<a href=""statss.aspx?playerid=12095&position=P"">Yimi Garcia</a>",28.0,2.0,0.0
9132,"<a href=""statss.aspx?playerid=9132&position=P"">Nathan Eovaldi</a>",29.0,2.0,0.0
4869,"<a href=""statss.aspx?playerid=4869&position=P"">Mike Montgomery</a>",29.0,2.0,0.0
10655,"<a href=""statss.aspx?playerid=10655&position=C"">Rob Brantly</a>",29.0,1.0,0.0
13649,"<a href=""statss.aspx?playerid=13649&position=P"">Clay Holmes</a>",26.0,2.0,0.0
15655,"<a href=""statss.aspx?playerid=15655&position=P"">Yefry Ramirez</a>",25.0,2.0,0.0
17345,"<a href=""statss.aspx?playerid=17345&position=P"">Luis Escobar</a>",23.0,2.0,0.0
7432,"<a href=""statss.aspx?playerid=7432&position=P"">Jay Jackson</a>",31.0,2.0,0.0
13942,"<a href=""statss.aspx?playerid=13942&position=P"">Brent Suter</a>",29.0,2.0,0.0
16904,"<a href=""statss.aspx?playerid=16904&position=P"">Aaron Wilkerson</a>",30.0,2.0,0.0
17719,"<a href=""statss.aspx?playerid=17719&position=OF"">Steven Duggar</a>",25.0,14.0,0.2604409456253052
18694,"<a href=""statss.aspx?playerid=18694&position=P"">Kolby Allard</a>",21.0,2.0,0.0
16565,"<a href=""statss.aspx?playerid=16565&position=OF"">Mark Zagunis</a>",26.0,1.0,0.0
9325,"<a href=""statss.aspx?playerid=9325&position=P"">Jared Hughes</a>",33.0,2.0,0.0
13690,"<a href=""statss.aspx?playerid=13690&position=P"">Sal Romano</a>",25.0,2.0,0.0
16263,"<a href=""statss.aspx?playerid=16263&position=1B/OF"">Sam Travis</a>",25.0,126.0,0.2995101372080465
2036,"<a href=""statss.aspx?playerid=2036&position=P"">Clayton Kershaw</a>",31.0,33.0,0.1519238849480947
19244,"<a href=""statss.aspx?playerid=19244&position=P"">Cole Irvin</a>",25.0,2.0,0.0
14916,"<a href=""statss.aspx?playerid=14916&position=P"">Jon Gray</a>",27.0,18.0,0.15001308520634968
17192,"<a href=""statss.aspx?playerid=17192&position=P"">Jalen Beeks</a>",25.0,3.0,0.0
1994,"<a href=""statss.aspx?playerid=1994&position=P"">Ivan Nova</a>",32.0,3.0,0.0
13071,"<a href=""statss.aspx?playerid=13071&position=P"">Wei-Yin Chen</a>",33.0,3.0,0.0
9784,"<a href=""statss.aspx?playerid=9784&position=P"">Garrett Richards</a>",31.0,3.0,0.0
19199,"<a href=""statss.aspx?playerid=19199&position=P"">Conner Menez</a>",24.0,3.0,0.0
11209,"<a href=""statss.aspx?playerid=11209&position=P"">Casey Sadler</a>",28.0,3.0,0.0
17186,"<a href=""statss.aspx?playerid=17186&position=P"">Dinelson Lamet</a>",26.0,24.0,0.12422960996627808
12106,"<a href=""statss.aspx?playerid=12106&position=P"">Parker Markel</a>",28.0,3.0,0.0
13804,"<a href=""statss.aspx?playerid=13804&position=P"">Walker Lockett</a>",25.0,3.0,0.0
11189,"<a href=""statss.aspx?playerid=11189&position=P"">Vince Velasquez</a>",27.0,22.0,0.21940650438007556
17277,"<a href=""statss.aspx?playerid=17277&position=P"">Ranger Suarez</a>",23.0,3.0,0.0
12022,"<a href=""statss.aspx?playerid=12022&position=P"">Matt Andriese</a>",29.0,3.0,0.0
7407,"<a href=""statss.aspx?playerid=7407&position=P"">Javy Guerra</a>",33.0,3.0,0.0
11449,"<a href=""statss.aspx?playerid=11449&position=P"">Matt Grace</a>",30.0,3.0,0.0
7216,"<a href=""statss.aspx?playerid=7216&position=OF"">Cesar Puello</a>",28.0,73.0,0.24774127287997139
9388,"<a href=""statss.aspx?playerid=9388&position=P"">Josh Tomlin</a>",34.0,3.0,0.0
10021,"<a href=""statss.aspx?playerid=10021&position=P"">Mike Minor</a>",31.0,3.0,0.0
15055,"<a href=""statss.aspx?playerid=15055&position=C"">Dom Nunez</a>",24.0,43.0,0.26370146108228104
15047,"<a href=""statss.aspx?playerid=15047&position=P"">Austin Voth</a>",27.0,9.0,0.09662302997377184
18413,"<a href=""statss.aspx?playerid=18413&position=P"">Jose Urquidy</a>",24.0,4.0,0.0
4338,"<a href=""statss.aspx?playerid=4338&position=P"">Tyler Chatwood</a>",29.0,9.0,0.09662302997377184
16256,"<a href=""statss.aspx?playerid=16256&position=P"">Kyle Freeland</a>",26.0,14.0,0.129991814494133
14196,"<a href=""statss.aspx?playerid=14196&position=SS"">Andrew Velazquez</a>",24.0,12.0,0.15891322493553162
19977,"<a href=""statss.aspx?playerid=19977&position=C"">Tres Barrera</a>",24.0,2.0,0.0
12272,"<a href=""statss.aspx?playerid=12272&position=P"">Aaron Brooks</a>",29.0,4.0,0.0
6893,"<a href=""statss.aspx?playerid=6893&position=P"">Johnny Cueto</a>",33.0,4.0,0.0
2717,"<a href=""statss.aspx?playerid=2717&position=P"">Rick Porcello</a>",30.0,4.0,0.0
13176,"<a href=""statss.aspx?playerid=13176&position=C/OF"">Blake Swihart</a>",27.0,2.0,0.0
19675,"<a href=""statss.aspx?playerid=19675&position=P"">James Marvel</a>",25.0,4.0,0.0
12972,"<a href=""statss.aspx?playerid=12972&position=P"">Joe Ross</a>",26.0,20.0,0.12147545218467712
18054,"<a href=""statss.aspx?playerid=18054&position=OF"">Sam Haggerty</a>",25.0,4.0,0.0
19309,"<a href=""statss.aspx?playerid=19309&position=P"">Trevor Richards</a>",26.0,4.0,0.0
9803,"<a href=""statss.aspx?playerid=9803&position=P"">Miles Mikolas</a>",30.0,32.0,0.12340277433395386
10310,"<a href=""statss.aspx?playerid=10310&position=P"">Zack Wheeler</a>",29.0,26.0,0.11993334531784057
18887,"<a href=""statss.aspx?playerid=18887&position=C"">Seby Zavala</a>",25.0,3.0,0.0
17585,"<a href=""statss.aspx?playerid=17585&position=P"">Jordan Yamamoto</a>",23.0,17.0,0.1039934515953064
15068,"<a href=""statss.aspx?playerid=15068&position=P"">Yency Almonte</a>",25.0,4.0,0.0
12718,"<a href=""statss.aspx?playerid=12718&position=P"">Adrian Houser</a>",26.0,23.0,0.12986266016960143
13125,"<a href=""statss.aspx?playerid=13125&position=P"">Gerrit Cole</a>",28.0,5.0,0.0
19312,"<a href=""statss.aspx?playerid=19312&position=P"">Cal Quantrill</a>",24.0,21.0,0.13497272464964125
17321,"<a href=""statss.aspx?playerid=17321&position=1B/2B"">Michael Chavis</a>",23.0,110.0,0.28806881128101175
20041,"<a href=""statss.aspx?playerid=20041&position=P"">Ronald Bolanos</a>",22.0,5.0,0.0
11828,"<a href=""statss.aspx?playerid=11828&position=P"">James Paxton</a>",30.0,5.0,0.0
17149,"<a href=""statss.aspx?playerid=17149&position=P"">Domingo German</a>",26.0,5.0,0.0
19427,"<a href=""statss.aspx?playerid=19427&position=P"">Shane Bieber</a>",24.0,5.0,0.0
19716,"<a href=""statss.aspx?playerid=19716&position=P"">Dustin May</a>",21.0,11.0,0.07905520634217696
14682,"<a href=""statss.aspx?playerid=14682&position=P"">Luis Perdomo</a>",26.0,5.0,0.0
11426,"<a href=""statss.aspx?playerid=11426&position=P"">Drew Pomeranz</a>",30.0,5.0,0.0
2608,"<a href=""statss.aspx?playerid=2608&position=P"">Jhoulys Chacin</a>",31.0,5.0,0.0
12977,"<a href=""statss.aspx?playerid=12977&position=C"">Michael Perez</a>",26.0,9.0,0.15339877870347765
15156,"<a href=""statss.aspx?playerid=15156&position=OF"">Ian Miller</a>",27.0,17.0,0.1738752196816837
9787,"<a href=""statss.aspx?playerid=9787&position=C"">Steven Baron</a>",28.0,10.0,0.20862714648246766
19374,"<a href=""statss.aspx?playerid=19374&position=P"">Walker Buehler</a>",24.0,29.0,0.11554827955034044
13369,"<a href=""statss.aspx?playerid=13369&position=3B/SS"">Erik Gonzalez</a>",27.0,97.0,0.2738992068916559
16524,"<a href=""statss.aspx?playerid=16524&position=1B/OF"">Ryan McBroom</a>",27.0,83.0,0.3182882171079337
15191,"<a href=""statss.aspx?playerid=15191&position=OF"">Chad Pinder</a>",27.0,172.0,0.28018807528311745
12546,"<a href=""statss.aspx?playerid=12546&position=1B"">C.J. Cron</a>",29.0,183.0,0.2901599089522938
14973,"<a href=""statss.aspx?playerid=14973&position=3B"">Zach Green</a>",25.0,16.0,0.21667877957224846
14107,"<a href=""statss.aspx?playerid=14107&position=P"">Kevin Gausman</a>",28.0,6.0,0.0
17723,"<a href=""statss.aspx?playerid=17723&position=OF"">Skye Bolt</a>",25.0,3.0,0.0
11863,"<a href=""statss.aspx?playerid=11863&position=3B/SS"">Yadiel Rivera</a>",27.0,40.0,0.22988714575767516
13834,"<a href=""statss.aspx?playerid=13834&position=P"">Alec Mills</a>",27.0,12.0,0.07246727248032887
16426,"<a href=""statss.aspx?playerid=16426&position=2B"">Thairo Estrada</a>",23.0,15.0,0.1638953646024068
14140,"<a href=""statss.aspx?playerid=14140&position=SS"">Jose Rondon</a>",25.0,27.0,0.2584395165796633
11338,"<a href=""statss.aspx?playerid=11338&position=2B/3B"">Adrian Sanchez</a>",28.0,15.0,0.2199410875638326
15496,"<a href=""statss.aspx?playerid=15496&position=SS"">Abiatal Avelino</a>",24.0,8.0,0.3036886304616928
9272,"<a href=""statss.aspx?playerid=9272&position=1B"">Chris Davis</a>",33.0,154.0,0.29743110591715033
14078,"<a href=""statss.aspx?playerid=14078&position=P"">Michael Wacha</a>",27.0,13.0,0.06689286690491897
12782,"<a href=""statss.aspx?playerid=12782&position=C"">Taylor Davis</a>",29.0,3.0,0.0
12005,"<a href=""statss.aspx?playerid=12005&position=DH/OF"">Nick Martini</a>",29.0,109.0,0.29140051679873685
16162,"<a href=""statss.aspx?playerid=16162&position=P"">Brandon Woodruff</a>",26.0,7.0,0.0
19314,"<a href=""statss.aspx?playerid=19314&position=2B"">Donovan Walton</a>",25.0,19.0,0.24630028009414673
7619,"<a href=""statss.aspx?playerid=7619&position=1B/3B"">Mark Reynolds</a>",35.0,14.0,0.2356511652469635
17766,"<a href=""statss.aspx?playerid=17766&position=OF"">D.J. Stewart</a>",25.0,117.0,0.327367205558152
12325,"<a href=""statss.aspx?playerid=12325&position=2B/3B"">Jace Peterson</a>",29.0,108.0,0.257710920991721
17594,"<a href=""statss.aspx?playerid=17594&position=P"">Mitch Keller</a>",23.0,8.0,0.0
14111,"<a href=""statss.aspx?playerid=14111&position=C"">Eric Haase</a>",26.0,10.0,0.19395360946655274
11486,"<a href=""statss.aspx?playerid=11486&position=P"">Robbie Ray</a>",27.0,27.0,0.10435287237167358
4298,"<a href=""statss.aspx?playerid=4298&position=C"">Matt Wieters</a>",33.0,110.0,0.2968910802494396
13325,"<a href=""statss.aspx?playerid=13325&position=3B"">Deven Marrero</a>",28.0,5.0,0.0
19734,"<a href=""statss.aspx?playerid=19734&position=2B/3B"">Josh Rojas</a>",25.0,157.0,0.27899357467699964
16933,"<a href=""statss.aspx?playerid=16933&position=P"">Elieser Hernandez</a>",24.0,17.0,0.06689286690491897
14894,"<a href=""statss.aspx?playerid=14894&position=2B/OF"">Tony Kemp</a>",27.0,117.0,0.2606113797579056
13074,"<a href=""statss.aspx?playerid=13074&position=P"">Yu Darvish</a>",32.0,31.0,0.10757943268479972
13164,"<a href=""statss.aspx?playerid=13164&position=P"">Eduardo Rodriguez</a>",26.0,9.0,0.0
7870,"<a href=""statss.aspx?playerid=7870&position=C"">Jonathan Lucroy</a>",33.0,81.0,0.28023292049765586
19206,"<a href=""statss.aspx?playerid=19206&position=P"">Dakota Hudson</a>",24.0,30.0,0.09662302997377184
1177,"<a href=""statss.aspx?playerid=1177&position=1B"">Albert Pujols</a>",39.0,265.0,0.30914769465068603
13768,"<a href=""statss.aspx?playerid=13768&position=OF"">Travis Jankowski</a>",28.0,24.0,0.20245908697446188
11339,"<a href=""statss.aspx?playerid=11339&position=OF"">Jake Marisnick</a>",28.0,129.0,0.2477445588555447
18607,"<a href=""statss.aspx?playerid=18607&position=1B"">Jared Walsh</a>",25.0,53.0,0.2627731280506782
12049,"<a href=""statss.aspx?playerid=12049&position=P"">Kyle Hendricks</a>",29.0,33.0,0.11093459129333497
7593,"<a href=""statss.aspx?playerid=7593&position=P"">Jordan Lyles</a>",28.0,26.0,0.0971803617477417
16981,"<a href=""statss.aspx?playerid=16981&position=P"">Tyler Beede</a>",26.0,28.0,0.09317220747470856
15821,"<a href=""statss.aspx?playerid=15821&position=P"">Dario Agrazal</a>",24.0,22.0,0.08281973997751872
10807,"<a href=""statss.aspx?playerid=10807&position=3B/SS"">Tyler Saladino</a>",29.0,62.0,0.21399039126211597
10811,"<a href=""statss.aspx?playerid=10811&position=P"">Mike Foltynewicz</a>",27.0,16.0,0.057973817984263105
8709,"<a href=""statss.aspx?playerid=8709&position=SS"">Elvis Andrus</a>",30.0,323.0,0.2608393675051861
19191,"<a href=""statss.aspx?playerid=19191&position=P"">Robert Dugger</a>",23.0,11.0,0.0
15488,"<a href=""statss.aspx?playerid=15488&position=P"">Antonio Senzatela</a>",24.0,15.0,0.06689286690491897
18383,"<a href=""statss.aspx?playerid=18383&position=P"">Michael Soroka</a>",21.0,28.0,0.09496323764324188
19320,"<a href=""statss.aspx?playerid=19320&position=P"">Joey Lucchesi</a>",26.0,25.0,0.07905520634217696
11762,"<a href=""statss.aspx?playerid=11762&position=P"">Noah Syndergaard</a>",26.0,29.0,0.08377617392046698
9253,"<a href=""statss.aspx?playerid=9253&position=OF"">Keon Broxton</a>",29.0,83.0,0.2372983650988843
19291,"<a href=""statss.aspx?playerid=19291&position=P"">Zac Gallen</a>",23.0,20.0,0.057973817984263105
9434,"<a href=""statss.aspx?playerid=9434&position=P"">Dallas Keuchel</a>",31.0,37.0,0.10929960012435913
14813,"<a href=""statss.aspx?playerid=14813&position=2B/SS"">Kyle Farmer</a>",28.0,90.0,0.26749529507425096
18288,"<a href=""statss.aspx?playerid=18288&position=OF"">Austin Dean</a>",25.0,101.0,0.3168348393054924
4418,"<a href=""statss.aspx?playerid=4418&position=2B/SS"">Jed Lowrie</a>",35.0,8.0,0.08628681302070618
9205,"<a href=""statss.aspx?playerid=9205&position=1B/OF"">Logan Morrison</a>",31.0,38.0,0.28013286778801366
15988,"<a href=""statss.aspx?playerid=15988&position=C"">Deivy Grullon</a>",23.0,9.0,0.13518491056230333
3708,"<a href=""statss.aspx?playerid=3708&position=OF"">Rajai Davis</a>",38.0,19.0,0.2101700086342661
10619,"<a href=""statss.aspx?playerid=10619&position=C"">David Freitas</a>",30.0,16.0,0.18378067389130592
19453,"<a href=""statss.aspx?playerid=19453&position=P"">Shaun Anderson</a>",24.0,12.0,0.0
16411,"<a href=""statss.aspx?playerid=16411&position=2B/SS"">Richard Urena</a>",23.0,37.0,0.2613205379909939
5398,"<a href=""statss.aspx?playerid=5398&position=C"">Juan Graterol</a>",30.0,18.0,0.19324605994754368
8609,"<a href=""statss.aspx?playerid=8609&position=C"">Tim Federowicz</a>",31.0,46.0,0.19750320004380267
11287,"<a href=""statss.aspx?playerid=11287&position=C"">Bryan Holaday</a>",31.0,79.0,0.30167971054712933
17171,"<a href=""statss.aspx?playerid=17171&position=OF"">Yasmany Tomas</a>",28.0,6.0,0.0
7448,"<a href=""statss.aspx?playerid=7448&position=P"">Gio Gonzalez</a>",33.0,19.0,0.04831151498688592
12179,"<a href=""statss.aspx?playerid=12179&position=3B"">Maikel Franco</a>",26.0,151.0,0.28456254678518594
14811,"<a href=""statss.aspx?playerid=14811&position=1B/DH"">Luke Voit</a>",28.0,161.0,0.31450482197105883
15491,"<a href=""statss.aspx?playerid=15491&position=SS"">J.P. Crawford</a>",24.0,254.0,0.25398590578975905
12384,"<a href=""statss.aspx?playerid=12384&position=C"">Beau Taylor</a>",29.0,6.0,0.0
6195,"<a href=""statss.aspx?playerid=6195&position=2B"">Ian Kinsler</a>",37.0,42.0,0.23257062832514444
18206,"<a href=""statss.aspx?playerid=18206&position=C"">Nick Dini</a>",25.0,64.0,0.2689891788694594
17338,"<a href=""statss.aspx?playerid=17338&position=2B/OF"">Willi Castro</a>",22.0,110.0,0.2696591249299706
15689,"<a href=""statss.aspx?playerid=15689&position=P"">Luis Castillo</a>",26.0,32.0,0.09535092692221364
6797,"<a href=""statss.aspx?playerid=6797&position=P"">Julio Teheran</a>",28.0,27.0,0.07246727248032887
11494,"<a href=""statss.aspx?playerid=11494&position=2B/3B"">Kaleb Cowart</a>",27.0,26.0,0.20038055227353022
10130,"<a href=""statss.aspx?playerid=10130&position=P"">Mike Leake</a>",31.0,22.0,0.043480363488197324
14387,"<a href=""statss.aspx?playerid=14387&position=DH/OF"">Harold Ramirez</a>",24.0,274.0,0.3011353092596811
11760,"<a href=""statss.aspx?playerid=11760&position=P"">Drew Smyly</a>",30.0,19.0,0.03633128969292892
12371,"<a href=""statss.aspx?playerid=12371&position=2B/3B"">Tommy La Stella</a>",30.0,12.0,0.1013886829217275
8044,"<a href=""statss.aspx?playerid=8044&position=P"">Jason Vargas</a>",36.0,22.0,0.04576880367178666
10264,"<a href=""statss.aspx?playerid=10264&position=1B"">Brandon Belt</a>",31.0,309.0,0.30241722179158115
16041,"<a href=""statss.aspx?playerid=16041&position=2B/OF"">Stevie Wilkerson</a>",27.0,183.0,0.2987457916631803
14350,"<a href=""statss.aspx?playerid=14350&position=OF"">Raimel Tapia</a>",25.0,191.0,0.2951891047792285
7168,"<a href=""statss.aspx?playerid=7168&position=C"">Juan Centeno</a>",29.0,18.0,0.2132788598537445
13431,"<a href=""statss.aspx?playerid=13431&position=P"">Marcus Stroman</a>",28.0,23.0,0.04140986998875936
3892,"<a href=""statss.aspx?playerid=3892&position=OF"">Josh Reddick</a>",32.0,237.0,0.28317547148846567
13050,"<a href=""statss.aspx?playerid=13050&position=P"">Anthony DeSclafani</a>",29.0,31.0,0.08415554223522063
10030,"<a href=""statss.aspx?playerid=10030&position=2B/SS"">Chris Owings</a>",27.0,51.0,0.23515805076150334
6848,"<a href=""statss.aspx?playerid=6848&position=3B/SS"">Eduardo Nunez</a>",32.0,14.0,0.12422960996627808
9284,"<a href=""statss.aspx?playerid=9284&position=C/OF"">Chris Herrmann</a>",31.0,94.0,0.24846315832548244
14950,"<a href=""statss.aspx?playerid=14950&position=3B/SS"">Johan Camargo</a>",25.0,96.0,0.2837817630869277
15271,"<a href=""statss.aspx?playerid=15271&position=C"">Austin Wynns</a>",28.0,27.0,0.2006653768044931
11270,"<a href=""statss.aspx?playerid=11270&position=OF"">Aaron Altherr</a>",28.0,24.0,0.18189121534427008
5209,"<a href=""statss.aspx?playerid=5209&position=OF"">Alex Gordon</a>",35.0,296.0,0.30221845497519284
13854,"<a href=""statss.aspx?playerid=13854&position=C"">Anthony Bemboom</a>",29.0,51.0,0.12216519355773926
19181,"<a href=""statss.aspx?playerid=19181&position=C"">Zack Collins</a>",24.0,84.0,0.30728050121446937
9323,"<a href=""statss.aspx?playerid=9323&position=P"">Patrick Corbin</a>",29.0,35.0,0.08693760984084185
17548,"<a href=""statss.aspx?playerid=17548&position=OF"">Taylor Ward</a>",25.0,38.0,0.315606857600965
18333,"<a href=""statss.aspx?playerid=18333&position=P"">Alex Young</a>",25.0,23.0,0.03780901172886724
15194,"<a href=""statss.aspx?playerid=15194&position=1B/OF"">Jake Bauers</a>",23.0,136.0,0.2990205862066325
11156,"<a href=""statss.aspx?playerid=11156&position=P"">Merrill Kelly</a>",30.0,28.0,0.059996222074215226
3411,"<a href=""statss.aspx?playerid=3411&position=C"">Drew Butera</a>",35.0,30.0,0.1965456505616506
14663,"<a href=""statss.aspx?playerid=14663&position=P"">Chi Chi Gonzalez</a>",27.0,21.0,0.04140986998875936
16115,"<a href=""statss.aspx?playerid=16115&position=OF"">Mike Gerber</a>",26.0,10.0,0.06902945041656494
14388,"<a href=""statss.aspx?playerid=14388&position=1B"">Ronald Guzman</a>",24.0,103.0,0.3078847133997575
13355,"<a href=""statss.aspx?playerid=13355&position=C"">Luke Maile</a>",28.0,22.0,0.11043222925879738
15766,"<a href=""statss.aspx?playerid=15766&position=C"">Raudy Read</a>",25.0,11.0,0.07905520634217696
7888,"<a href=""statss.aspx?playerid=7888&position=2B/3B"">Ryan Flaherty</a>",32.0,22.0,0.15728265047073364
14158,"<a href=""statss.aspx?playerid=14158&position=OF"">Mac Williamson</a>",28.0,10.0,0.0
10199,"<a href=""statss.aspx?playerid=10199&position=OF"">Billy Hamilton</a>",28.0,99.0,0.24619628276143754
12983,"<a href=""statss.aspx?playerid=12983&position=OF"">Charlie Tilson</a>",26.0,19.0,0.11995356333883185
15794,"<a href=""statss.aspx?playerid=15794&position=OF"">Yonathan Daza</a>",25.0,86.0,0.2519857003245243
15983,"<a href=""statss.aspx?playerid=15983&position=OF"">Jackson Frazier</a>",24.0,37.0,0.25404396572628535
17642,"<a href=""statss.aspx?playerid=17642&position=SS"">JT Riddle</a>",27.0,23.0,0.17345264424448428
16313,"<a href=""statss.aspx?playerid=16313&position=SS/OF"">Yairo Munoz</a>",24.0,107.0,0.26179525451125385
19318,"<a href=""statss.aspx?playerid=19318&position=C"">Matt Thaiss</a>",24.0,164.0,0.30293695737675924
5519,"<a href=""statss.aspx?playerid=5519&position=SS"">Ruben Tejada</a>",29.0,9.0,0.0
6876,"<a href=""statss.aspx?playerid=6876&position=1B/DH/OF"">Mark Trumbo</a>",33.0,31.0,0.21838052042068973
12547,"<a href=""statss.aspx?playerid=12547&position=C/1B"">John Hicks</a>",29.0,175.0,0.2885201338359288
1744,"<a href=""statss.aspx?playerid=1744&position=1B/3B"">Miguel Cabrera</a>",36.0,250.0,0.31189900420365796
18083,"<a href=""statss.aspx?playerid=18083&position=C"">Austin Allen</a>",25.0,24.0,0.1519238849480947
19339,"<a href=""statss.aspx?playerid=19339&position=2B/SS"">Nicky Lopez</a>",24.0,226.0,0.2535879388451576
9054,"<a href=""statss.aspx?playerid=9054&position=1B"">Justin Smoak</a>",32.0,226.0,0.2976982356714351
16925,"<a href=""statss.aspx?playerid=16925&position=C"">Aramis Garcia</a>",26.0,29.0,0.15487384796142578
10323,"<a href=""statss.aspx?playerid=10323&position=OF"">Rafael Ortega</a>",28.0,96.0,0.2537116178621848
8392,"<a href=""statss.aspx?playerid=8392&position=2B/3B"">Daniel Descalso</a>",32.0,16.0,0.1039934515953064
2502,"<a href=""statss.aspx?playerid=2502&position=1B/OF"">Lucas Duda</a>",33.0,25.0,0.22458523035049438
15994,"<a href=""statss.aspx?playerid=15994&position=2B/OF"">Kean Wong</a>",24.0,18.0,0.14493454496065775
14128,"<a href=""statss.aspx?playerid=14128&position=OF"">Joey Gallo</a>",25.0,59.0,0.23359670073299085
16442,"<a href=""statss.aspx?playerid=16442&position=1B"">Ryan O'Hearn</a>",25.0,157.0,0.2899650065762222
15464,"<a href=""statss.aspx?playerid=15464&position=OF"">Hunter Renfroe</a>",27.0,233.0,0.263391071123115
11624,"<a href=""statss.aspx?playerid=11624&position=OF"">Jarrett Parker</a>",30.0,15.0,0.13805890083312988
6564,"<a href=""statss.aspx?playerid=6564&position=C"">Bobby Wilson</a>",36.0,25.0,0.09375817825396855
5751,"<a href=""statss.aspx?playerid=5751&position=2B/3B/OF"">Hernan Perez</a>",28.0,86.0,0.2544886357644025
10416,"<a href=""statss.aspx?playerid=10416&position=SS"">Wilfredo Tovar</a>",27.0,42.0,0.17390274008115134
10816,"<a href=""statss.aspx?playerid=10816&position=2B/3B"">Jedd Gyorko</a>",30.0,39.0,0.17348658427214012
16221,"<a href=""statss.aspx?playerid=16221&position=OF"">Bradley Zimmer</a>",26.0,14.0,0.04930675029754639
11982,"<a href=""statss.aspx?playerid=11982&position=3B"">Travis Shaw</a>",29.0,58.0,0.2403216351722849
5273,"<a href=""statss.aspx?playerid=5273&position=C"">Sandy Leon</a>",30.0,95.0,0.21561747276654808
17714,"<a href=""statss.aspx?playerid=17714&position=OF"">Christin Stewart</a>",25.0,168.0,0.292523011832894
16192,"<a href=""statss.aspx?playerid=16192&position=OF"">Derek Fisher</a>",25.0,107.0,0.27870952247459196
17806,"<a href=""statss.aspx?playerid=17806&position=OF"">Braden Bishop</a>",25.0,36.0,0.15855178833007813
10059,"<a href=""statss.aspx?playerid=10059&position=C"">Max Stassi</a>",28.0,75.0,0.143199995358785
4747,"<a href=""statss.aspx?playerid=4747&position=OF"">Curtis Granderson</a>",38.0,133.0,0.2789114395478614
9393,"<a href=""statss.aspx?playerid=9393&position=1B"">Matt Adams</a>",30.0,168.0,0.2885698843858913
14330,"<a href=""statss.aspx?playerid=14330&position=OF"">Nick Williams</a>",25.0,26.0,0.13459376417673552
18684,"<a href=""statss.aspx?playerid=18684&position=P"">Sandy Alcantara</a>",23.0,33.0,0.0
9892,"<a href=""statss.aspx?playerid=9892&position=OF"">Jay Bruce</a>",32.0,68.0,0.22444677966482499
19260,"<a href=""statss.aspx?playerid=19260&position=OF"">Jake Fraley</a>",24.0,41.0,0.1617310585045233
4146,"<a href=""statss.aspx?playerid=4146&position=OF"">Gorkys Hernandez</a>",31.0,57.0,0.20371993888508189
15653,"<a href=""statss.aspx?playerid=15653&position=1B"">Dominic Smith</a>",24.0,56.0,0.23732620584113256
4316,"<a href=""statss.aspx?playerid=4316&position=1B/2B"">Daniel Murphy</a>",34.0,256.0,0.3271457447311071
13755,"<a href=""statss.aspx?playerid=13755&position=C"">Tomas Nido</a>",25.0,64.0,0.18236428114675707
5222,"<a href=""statss.aspx?playerid=5222&position=OF"">Justin Upton</a>",31.0,207.0,0.295328328286968
17738,"<a href=""statss.aspx?playerid=17738&position=OF"">Chris Shaw</a>",25.0,20.0,0.11250981390476227
8267,"<a href=""statss.aspx?playerid=8267&position=C"">Chris Iannetta</a>",36.0,49.0,0.2165810526633749
14897,"<a href=""statss.aspx?playerid=14897&position=DH/OF"">Daniel Palka</a>",27.0,46.0,0.22776749600534854
9744,"<a href=""statss.aspx?playerid=9744&position=1B"">Justin Bour</a>",31.0,30.0,0.12700326840082804
3298,"<a href=""statss.aspx?playerid=3298&position=3B/OF"">Charlie Culberson</a>",30.0,78.0,0.2245141685783089
16512,"<a href=""statss.aspx?playerid=16512&position=SS"">Isiah Kiner-Falefa</a>",24.0,101.0,0.25679070996766046
3256,"<a href=""statss.aspx?playerid=3256&position=C"">Welington Castillo</a>",32.0,130.0,0.288799099280284
3312,"<a href=""statss.aspx?playerid=3312&position=3B"">Martin Prado</a>",35.0,97.0,0.2401851040800822
17689,"<a href=""statss.aspx?playerid=17689&position=2B/3B/OF"">Kevin Kramer</a>",25.0,50.0,0.2115214967727661
4866,"<a href=""statss.aspx?playerid=4866&position=OF"">Jarrod Dyson</a>",34.0,214.0,0.2399159012266168
6368,"<a href=""statss.aspx?playerid=6368&position=OF"">Adam Jones</a>",33.0,203.0,0.28864074491038183
15564,"<a href=""statss.aspx?playerid=15564&position=1B"">Tyler White</a>",28.0,66.0,0.22092232740286624
16246,"<a href=""statss.aspx?playerid=16246&position=1B/DH"">A.J. Reed</a>",26.0,49.0,0.1846683767377114
14523,"<a href=""statss.aspx?playerid=14523&position=C"">Pedro Severino</a>",25.0,161.0,0.2770295024658582
6012,"<a href=""statss.aspx?playerid=6012&position=SS"">Didi Gregorius</a>",29.0,272.0,0.29023333207267676
9015,"<a href=""statss.aspx?playerid=9015&position=2B"">Gordon Beckham</a>",32.0,100.0,0.2389329892396927
9308,"<a href=""statss.aspx?playerid=9308&position=C"">Josh Phegley</a>",31.0,127.0,0.239287768564527
15519,"<a href=""statss.aspx?playerid=15519&position=2B/SS"">Franklin Barreto</a>",23.0,54.0,0.17799105357240746
19552,"<a href=""statss.aspx?playerid=19552&position=OF"">Jaylin Davis</a>",24.0,47.0,0.22694670393111857
12937,"<a href=""statss.aspx?playerid=12937&position=1B/OF"">Jose Osuna</a>",26.0,235.0,0.2985331963985524
14109,"<a href=""statss.aspx?playerid=14109&position=OF"">Albert Almora Jr.</a>",25.0,115.0,0.23400580350841796
6885,"<a href=""statss.aspx?playerid=6885&position=SS/OF"">Ian Desmond</a>",33.0,212.0,0.2977376222610474
13473,"<a href=""statss.aspx?playerid=13473&position=OF"">Dwight Smith Jr.</a>",26.0,114.0,0.25386724588090337
4022,"<a href=""statss.aspx?playerid=4022&position=OF"">Melky Cabrera</a>",34.0,169.0,0.26940093224956874
10542,"<a href=""statss.aspx?playerid=10542&position=2B/OF"">Derek Dietrich</a>",29.0,87.0,0.2227920675000479
12119,"<a href=""statss.aspx?playerid=12119&position=1B/DH"">Matt Skole</a>",29.0,80.0,0.2321285553276539
10339,"<a href=""statss.aspx?playerid=10339&position=2B"">Scooter Gennett</a>",29.0,131.0,0.2489075405907085
11470,"<a href=""statss.aspx?playerid=11470&position=C"">Tony Wolters</a>",27.0,196.0,0.2573123755528755
13154,"<a href=""statss.aspx?playerid=13154&position=2B"">Marco Hernandez</a>",26.0,114.0,0.242129174481451
14130,"<a href=""statss.aspx?playerid=14130&position=1B/DH"">Daniel Vogelbach</a>",26.0,241.0,0.2764924719929695
19452,"<a href=""statss.aspx?playerid=19452&position=C"">Jake Rogers</a>",24.0,128.0,0.21578120901471093
13356,"<a href=""statss.aspx?playerid=13356&position=OF"">Bubba Starling</a>",26.0,197.0,0.24706770935837102
13595,"<a href=""statss.aspx?playerid=13595&position=SS"">Humberto Arteaga</a>",25.0,96.0,0.2088925418100859
15958,"<a href=""statss.aspx?playerid=15958&position=OF"">Travis Demeritte</a>",24.0,186.0,0.2723590080802505
12284,"<a href=""statss.aspx?playerid=12284&position=C"">Kevan Smith</a>",31.0,118.0,0.25703026783668387
15694,"<a href=""statss.aspx?playerid=15694&position=C"">Chance Sisco</a>",24.0,144.0,0.28010280554493266
3448,"<a href=""statss.aspx?playerid=3448&position=C"">Jeff Mathis</a>",36.0,95.0,0.19029392143513293
5503,"<a href=""statss.aspx?playerid=5503&position=2B"">Corban Joseph</a>",30.0,68.0,0.18938317369012272
10348,"<a href=""statss.aspx?playerid=10348&position=OF"">Domingo Santana</a>",26.0,132.0,0.2448444311435406
7185,"<a href=""statss.aspx?playerid=7185&position=2B"">Logan Forsythe</a>",32.0,144.0,0.24792620084351963
17109,"<a href=""statss.aspx?playerid=17109&position=C"">Meibrys Viloria</a>",22.0,148.0,0.23640323739473512
18360,"<a href=""statss.aspx?playerid=18360&position=3B"">Austin Riley</a>",22.0,119.0,0.21019686847670466
5227,"<a href=""statss.aspx?playerid=5227&position=OF"">Jon Jay</a>",34.0,158.0,0.2631708046832642
10473,"<a href=""statss.aspx?playerid=10473&position=3B"">Cheslor Cuthbert</a>",26.0,222.0,0.2625237285281738
13185,"<a href=""statss.aspx?playerid=13185&position=SS"">Orlando Arcia</a>",24.0,242.0,0.2369273307443667
11680,"<a href=""statss.aspx?playerid=11680&position=C"">Elias Diaz</a>",28.0,156.0,0.2267647547106589
14352,"<a href=""statss.aspx?playerid=14352&position=OF"">Lewis Brinson</a>",25.0,166.0,0.19499270218174633
9112,"<a href=""statss.aspx?playerid=9112&position=DH/OF"">Khris Davis</a>",31.0,256.0,0.25490566645748913
17922,"<a href=""statss.aspx?playerid=17922&position=2B/3B"">Isan Diaz</a>",23.0,201.0,0.24833630774151627
3516,"<a href=""statss.aspx?playerid=3516&position=1B"">Eric Hosmer</a>",29.0,317.0,0.26492493020163643
