playerid,Name,Age,PA,wOBA
15640,"<a href=""statss.aspx?playerid=15640&position=OF"">Aaron Judge</a>",33.0,679.0,0.46277131105470437
21534,"<a href=""statss.aspx?playerid=21534&position=C"">Cal Raleigh</a>",28.0,705.0,0.39200781996166983
25764,"<a href=""statss.aspx?playerid=25764&position=SS"">Bobby Witt Jr.</a>",25.0,687.0,0.36028863131912187
19755,"<a href=""statss.aspx?playerid=19755&position=DH"">Shohei Ohtani</a>",30.0,727.0,0.4178216946885941
22799,"<a href=""statss.aspx?playerid=22799&position=SS"">Geraldo Perdomo</a>",25.0,720.0,0.3698901362224638
16252,"<a href=""statss.aspx?playerid=16252&position=SS"">Trea Turner</a>",32.0,639.0,0.35156535943473766
25878,"<a href=""statss.aspx?playerid=25878&position=OF"">Corbin Carroll</a>",24.0,642.0,0.37149713461675615
13510,"<a href=""statss.aspx?playerid=13510&position=3B"">Jose Ramirez</a>",32.0,673.0,0.35964188603254466
12916,"<a href=""statss.aspx?playerid=12916&position=SS"">Francisco Lindor</a>",31.0,732.0,0.3501807249572179
19709,"<a href=""statss.aspx?playerid=19709&position=SS/OF"">Fernando Tatis Jr.</a>",26.0,691.0,0.3532081374473739
20123,"<a href=""statss.aspx?playerid=20123&position=OF"">Juan Soto</a>",26.0,715.0,0.38982828523431506
23697,"<a href=""statss.aspx?playerid=23697&position=OF"">Julio Rodriguez</a>",24.0,710.0,0.3409884508619917
21636,"<a href=""statss.aspx?playerid=21636&position=SS"">Jeremy Pena</a>",27.0,543.0,0.3629105426647045
22715,"<a href=""statss.aspx?playerid=22715&position=3B"">Maikel Garcia</a>",25.0,666.0,0.3469151187446502
27769,"<a href=""statss.aspx?playerid=27769&position=OF"">Pete Crow-Armstrong</a>",23.0,647.0,0.3234034123830497
12856,"<a href=""statss.aspx?playerid=12856&position=OF"">George Springer</a>",35.0,586.0,0.4078920781612396
14161,"<a href=""statss.aspx?playerid=14161&position=OF"">Byron Buxton</a>",31.0,542.0,0.3666271403071157
16478,"<a href=""statss.aspx?playerid=16478&position=DH/OF"">Kyle Schwarber</a>",32.0,724.0,0.39137705031543724
15998,"<a href=""statss.aspx?playerid=15998&position=1B/OF"">Cody Bellinger</a>",29.0,656.0,0.34747452362803105
21479,"<a href=""statss.aspx?playerid=21479&position=2B/SS"">Nico Hoerner</a>",28.0,649.0,0.324089211722215
26289,"<a href=""statss.aspx?playerid=26289&position=SS"">Gunnar Henderson</a>",24.0,651.0,0.33939238232235575
14344,"<a href=""statss.aspx?playerid=14344&position=1B"">Matt Olson</a>",31.0,724.0,0.3663292339799147
22581,"<a href=""statss.aspx?playerid=22581&position=C"">Alejandro Kirk</a>",26.0,506.0,0.3344693310440533
13613,"<a href=""statss.aspx?playerid=13613&position=2B"">Ketel Marte</a>",31.0,556.0,0.38054607012055136
35110,"<a href=""statss.aspx?playerid=35110&position=1B"">Nick Kurtz</a>",22.0,489.0,0.41892504495443755
28163,"<a href=""statss.aspx?playerid=28163&position=3B"">Junior Caminero</a>",21.0,653.0,0.356518121127702
18345,"<a href=""statss.aspx?playerid=18345&position=OF"">Kyle Tucker</a>",28.0,597.0,0.3629035417631497
22186,"<a href=""statss.aspx?playerid=22186&position=2B"">Brice Turang</a>",25.0,659.0,0.34630487177793573
20454,"<a href=""statss.aspx?playerid=20454&position=2B/OF"">Jazz Chisholm Jr.</a>",27.0,531.0,0.3490127379141593
26668,"<a href=""statss.aspx?playerid=26668&position=SS"">Elly De La Cruz</a>",23.0,699.0,0.3325369146115894
19197,"<a href=""statss.aspx?playerid=19197&position=C"">Will Smith</a>",30.0,436.0,0.3892415171382071
27464,"<a href=""statss.aspx?playerid=27464&position=C"">Dillon Dingler</a>",26.0,469.0,0.3261193729009751
33333,"<a href=""statss.aspx?playerid=33333&position=OF"">Wyatt Langford</a>",23.0,573.0,0.3371595635748746
24816,"<a href=""statss.aspx?playerid=24816&position=OF"">Andy Pages</a>",24.0,624.0,0.33191527751011723
15986,"<a href=""statss.aspx?playerid=15986&position=SS"">Willy Adames</a>",29.0,686.0,0.3207774200690787
13624,"<a href=""statss.aspx?playerid=13624&position=SS"">Corey Seager</a>",31.0,445.0,0.36543997128804523
26151,"<a href=""statss.aspx?playerid=26151&position=OF"">Kyle Stowers</a>",27.0,457.0,0.38619400544408666
25816,"<a href=""statss.aspx?playerid=25816&position=C"">Shea Langeliers</a>",27.0,523.0,0.36381869686060936
24617,"<a href=""statss.aspx?playerid=24617&position=OF"">Jarren Duran</a>",28.0,696.0,0.3350495208237288
5361,"<a href=""statss.aspx?playerid=5361&position=1B"">Freddie Freeman</a>",35.0,627.0,0.3697290580118856
19611,"<a href=""statss.aspx?playerid=19611&position=1B"">Vladimir Guerrero Jr.</a>",26.0,680.0,0.3656467213517144
19612,"<a href=""statss.aspx?playerid=19612&position=SS"">Bo Bichette</a>",27.0,628.0,0.36087718320349915
24262,"<a href=""statss.aspx?playerid=24262&position=OF"">Ceddanne Rafaela</a>",24.0,587.0,0.3065042726389349
12552,"<a href=""statss.aspx?playerid=12552&position=3B"">Eugenio Suarez</a>",33.0,657.0,0.3468173504785727
11493,"<a href=""statss.aspx?playerid=11493&position=3B"">Manny Machado</a>",32.0,678.0,0.3411543614255922
16505,"<a href=""statss.aspx?playerid=16505&position=3B"">Matt Chapman</a>",32.0,535.0,0.33623319853111155
20503,"<a href=""statss.aspx?playerid=20503&position=C"">William Contreras</a>",27.0,659.0,0.3315742284287023
19251,"<a href=""statss.aspx?playerid=19251&position=1B"">Pete Alonso</a>",30.0,709.0,0.36833570584316144
29622,"<a href=""statss.aspx?playerid=29622&position=OF"">Sal Frelick</a>",25.0,594.0,0.33226253764998975
17678,"<a href=""statss.aspx?playerid=17678&position=3B"">Alex Bregman</a>",31.0,495.0,0.3555938498518331
18401,"<a href=""statss.aspx?playerid=18401&position=OF"">Ronald Acuna Jr.</a>",27.0,412.0,0.4028523605243832
27479,"<a href=""statss.aspx?playerid=27479&position=SS"">Masyn Winn</a>",23.0,537.0,0.29734385303247757
26319,"<a href=""statss.aspx?playerid=26319&position=1B"">Michael Busch</a>",27.0,592.0,0.36859447440858617
11579,"<a href=""statss.aspx?playerid=11579&position=OF"">Bryce Harper</a>",32.0,580.0,0.3609641829849536
13611,"<a href=""statss.aspx?playerid=13611&position=OF"">Mookie Betts</a>",32.0,663.0,0.31784157628551374
29715,"<a href=""statss.aspx?playerid=29715&position=C"">Hunter Goodman</a>",25.0,579.0,0.3587744185549813
33266,"<a href=""statss.aspx?playerid=33266&position=SS"">Jacob Wilson</a>",23.0,523.0,0.34788482865461934
27467,"<a href=""statss.aspx?playerid=27467&position=1B/OF"">Tyler Soderstrom</a>",23.0,624.0,0.3535302139555143
18314,"<a href=""statss.aspx?playerid=18314&position=SS"">Dansby Swanson</a>",31.0,645.0,0.3095082416319365
17350,"<a href=""statss.aspx?playerid=17350&position=3B"">Rafael Devers</a>",28.0,729.0,0.3650801973482166
29518,"<a href=""statss.aspx?playerid=29518&position=OF"">James Wood</a>",22.0,689.0,0.35281340211148476
27478,"<a href=""statss.aspx?playerid=27478&position=C"">Patrick Bailey</a>",26.0,452.0,0.26539691338049515
12161,"<a href=""statss.aspx?playerid=12161&position=SS"">Xander Bogaerts</a>",32.0,552.0,0.3131875612222365
20352,"<a href=""statss.aspx?playerid=20352&position=2B/3B"">Ernie Clement</a>",29.0,588.0,0.30834983885288236
18030,"<a href=""statss.aspx?playerid=18030&position=OF"">Harrison Bader</a>",31.0,501.0,0.346380784126099
19392,"<a href=""statss.aspx?playerid=19392&position=3B/OF"">Zach McKinstry</a>",30.0,511.0,0.33299771683155205
24610,"<a href=""statss.aspx?playerid=24610&position=OF"">Steven Kwan</a>",27.0,693.0,0.30951694633032
18564,"<a href=""statss.aspx?playerid=18564&position=OF"">Trent Grisham</a>",28.0,581.0,0.3532670625515936
25768,"<a href=""statss.aspx?playerid=25768&position=SS"">CJ Abrams</a>",24.0,635.0,0.32365244561085393
18839,"<a href=""statss.aspx?playerid=18839&position=1B"">Josh Naylor</a>",28.0,604.0,0.3507002030042994
31539,"<a href=""statss.aspx?playerid=31539&position=C"">Drake Baldwin</a>",24.0,446.0,0.3506518264255182
31347,"<a href=""statss.aspx?playerid=31347&position=SS"">Zach Neto</a>",24.0,554.0,0.337106439220163
26294,"<a href=""statss.aspx?playerid=26294&position=2B"">Bryson Stott</a>",27.0,560.0,0.3152057655837848
27562,"<a href=""statss.aspx?playerid=27562&position=C"">Austin Wells</a>",25.0,448.0,0.3022235233245013
29576,"<a href=""statss.aspx?playerid=29576&position=1B/DH"">Ben Rice</a>",26.0,530.0,0.3584577606031389
16442,"<a href=""statss.aspx?playerid=16442&position=1B"">Ryan O'Hearn</a>",31.0,544.0,0.34921390215555825
12564,"<a href=""statss.aspx?playerid=12564&position=SS"">Trevor Story</a>",32.0,654.0,0.3203090862628141
29490,"<a href=""statss.aspx?playerid=29490&position=OF"">Jackson Merrill</a>",22.0,483.0,0.33119709861005914
12927,"<a href=""statss.aspx?playerid=12927&position=OF"">Brandon Nimmo</a>",32.0,652.0,0.3287401940272405
17128,"<a href=""statss.aspx?playerid=17128&position=OF"">Ramon Laureano</a>",30.0,488.0,0.36434990351205
13301,"<a href=""statss.aspx?playerid=13301&position=1B/3B"">Max Muncy</a>",34.0,388.0,0.3660966017394486
28806,"<a href=""statss.aspx?playerid=28806&position=OF"">Jackson Chourio</a>",21.0,589.0,0.32846995980004434
17548,"<a href=""statss.aspx?playerid=17548&position=OF"">Taylor Ward</a>",31.0,663.0,0.33875144356327114
25976,"<a href=""statss.aspx?playerid=25976&position=OF"">Riley Greene</a>",24.0,655.0,0.3432960526658854
18036,"<a href=""statss.aspx?playerid=18036&position=1B/2B"">Jake Cronenworth</a>",31.0,515.0,0.3330861906171548
19290,"<a href=""statss.aspx?playerid=19290&position=OF"">Randy Arozarena</a>",30.0,709.0,0.33227248500395024
19522,"<a href=""statss.aspx?playerid=19522&position=OF"">TJ Friedl</a>",29.0,685.0,0.33261985330679694
16578,"<a href=""statss.aspx?playerid=16578&position=1B/3B/DH"">Yandy Diaz</a>",33.0,651.0,0.3642911937726889
24679,"<a href=""statss.aspx?playerid=24679&position=2B/OF"">Brendan Donovan</a>",28.0,515.0,0.33701156775156654
15491,"<a href=""statss.aspx?playerid=15491&position=SS"">J.P. Crawford</a>",30.0,654.0,0.3224378884115027
17919,"<a href=""statss.aspx?playerid=17919&position=OF"">Ian Happ</a>",30.0,663.0,0.3334078720225509
11609,"<a href=""statss.aspx?playerid=11609&position=C"">Willson Contreras</a>",33.0,563.0,0.34426162796361104
31812,"<a href=""statss.aspx?playerid=31812&position=DH/OF"">Roman Anthony</a>",21.0,303.0,0.3763852876798548
22664,"<a href=""statss.aspx?playerid=22664&position=C"">Gabriel Moreno</a>",25.0,309.0,0.3396805127461751
19722,"<a href=""statss.aspx?playerid=19722&position=C"">Carlos Narvaez</a>",26.0,446.0,0.31507636646966675
29712,"<a href=""statss.aspx?playerid=29712&position=SS"">Colson Montgomery</a>",23.0,284.0,0.35514040111649964
20599,"<a href=""statss.aspx?playerid=20599&position=C/DH"">Ivan Herrera</a>",25.0,452.0,0.36456602705613544
13620,"<a href=""statss.aspx?playerid=13620&position=C"">Carson Kelly</a>",30.0,421.0,0.33160556651067846
29646,"<a href=""statss.aspx?playerid=29646&position=3B"">Caleb Durbin</a>",25.0,506.0,0.31931711404508434
13152,"<a href=""statss.aspx?playerid=13152&position=2B/SS"">Jorge Polanco</a>",31.0,524.0,0.3498725429177284
14162,"<a href=""statss.aspx?playerid=14162&position=SS"">Carlos Correa</a>",30.0,584.0,0.3222022352561559
25477,"<a href=""statss.aspx?playerid=25477&position=OF"">Isaac Collins</a>",27.0,441.0,0.3444176029124761
30116,"<a href=""statss.aspx?playerid=30116&position=DH/OF"">Seiya Suzuki</a>",30.0,651.0,0.34336035976043117
16997,"<a href=""statss.aspx?playerid=16997&position=2B"">Gleyber Torres</a>",28.0,628.0,0.331659921130557
21837,"<a href=""statss.aspx?playerid=21837&position=1B"">Jonathan Aranda</a>",27.0,422.0,0.38089629275133047
22266,"<a href=""statss.aspx?playerid=22266&position=2B/SS"">Xavier Edwards</a>",25.0,619.0,0.3083631902059437
11477,"<a href=""statss.aspx?playerid=11477&position=OF"">Christian Yelich</a>",33.0,644.0,0.3431630712878368
20036,"<a href=""statss.aspx?playerid=20036&position=3B"">Isaac Paredes</a>",26.0,438.0,0.35253073935095036
20202,"<a href=""statss.aspx?playerid=20202&position=OF"">Brandon Marsh</a>",27.0,425.0,0.33920695114703403
19627,"<a href=""statss.aspx?playerid=19627&position=DH/OF"">Brent Rooker</a>",30.0,699.0,0.34876540475001594
23772,"<a href=""statss.aspx?playerid=23772&position=OF"">Wilyer Abreu</a>",26.0,417.0,0.33351583666464996
33824,"<a href=""statss.aspx?playerid=33824&position=OF"">Jung Hoo Lee</a>",26.0,617.0,0.3199864445281376
14854,"<a href=""statss.aspx?playerid=14854&position=OF"">Mike Yastrzemski</a>",34.0,558.0,0.3208266536610714
27465,"<a href=""statss.aspx?playerid=27465&position=1B"">Spencer Torkelson</a>",25.0,649.0,0.3386429640034309
26123,"<a href=""statss.aspx?playerid=26123&position=3B"">Brett Baty</a>",25.0,432.0,0.3236704915416213
19608,"<a href=""statss.aspx?playerid=19608&position=2B/SS"">Otto Lopez</a>",26.0,594.0,0.2948251313253029
20308,"<a href=""statss.aspx?playerid=20308&position=OF"">Jake Meyers</a>",29.0,381.0,0.3225737253405488
19918,"<a href=""statss.aspx?playerid=19918&position=OF"">Daulton Varsho</a>",28.0,271.0,0.34502069530663665
16530,"<a href=""statss.aspx?playerid=16530&position=OF"">Mauricio Dubon</a>",30.0,398.0,0.2827766662911524
24598,"<a href=""statss.aspx?playerid=24598&position=3B/OF"">Addison Barger</a>",25.0,502.0,0.3217406139767146
31370,"<a href=""statss.aspx?playerid=31370&position=OF"">Jakob Marsee</a>",24.0,234.0,0.3633179086395818
5417,"<a href=""statss.aspx?playerid=5417&position=2B"">Jose Altuve</a>",35.0,654.0,0.33135664582620433
12533,"<a href=""statss.aspx?playerid=12533&position=2B/SS"">Marcus Semien</a>",34.0,534.0,0.29480341478679956
15362,"<a href=""statss.aspx?playerid=15362&position=2B/OF"">Jeff McNeil</a>",33.0,462.0,0.3237252002745344
23401,"<a href=""statss.aspx?playerid=23401&position=SS"">Jose Caballero</a>",28.0,370.0,0.3089980033577466
27615,"<a href=""statss.aspx?playerid=27615&position=1B/OF"">Alec Burleson</a>",26.0,546.0,0.3455924883319883
11739,"<a href=""statss.aspx?playerid=11739&position=C"">J.T. Realmuto</a>",34.0,550.0,0.3065890470777985
24618,"<a href=""statss.aspx?playerid=24618&position=C"">Ryan Jeffers</a>",28.0,464.0,0.3331341904388906
13897,"<a href=""statss.aspx?playerid=13897&position=C"">Tyler Heineman</a>",34.0,174.0,0.34140931607703484
22542,"<a href=""statss.aspx?playerid=22542&position=OF"">Lawrence Butler</a>",24.0,630.0,0.31035382931779143
19352,"<a href=""statss.aspx?playerid=19352&position=C"">Sean Murphy</a>",30.0,337.0,0.3087859581268969
15112,"<a href=""statss.aspx?playerid=15112&position=3B"">Ryan McMahon</a>",30.0,586.0,0.3061282659188295
4949,"<a href=""statss.aspx?playerid=4949&position=DH/OF"">Giancarlo Stanton</a>",35.0,281.0,0.3948756402580316
33549,"<a href=""statss.aspx?playerid=33549&position=C"">Kyle Teel</a>",23.0,297.0,0.34928126472073634
27815,"<a href=""statss.aspx?playerid=27815&position=2B/3B"">Jordan Westburg</a>",26.0,352.0,0.3320749026130546
26202,"<a href=""statss.aspx?playerid=26202&position=OF"">Jake Mangum</a>",29.0,428.0,0.3074701635005603
26121,"<a href=""statss.aspx?playerid=26121&position=C"">Francisco Alvarez</a>",23.0,277.0,0.3429317134382062
18123,"<a href=""statss.aspx?playerid=18123&position=OF"">Nathan Lukes</a>",30.0,438.0,0.3169723537974146
10155,"<a href=""statss.aspx?playerid=10155&position=OF"">Mike Trout</a>",33.0,556.0,0.3431537466311674
17620,"<a href=""statss.aspx?playerid=17620&position=OF"">Myles Straw</a>",30.0,299.0,0.29904223585294354
26396,"<a href=""statss.aspx?playerid=26396&position=3B/SS"">Josh Smith</a>",27.0,563.0,0.31112834688148977
31349,"<a href=""statss.aspx?playerid=31349&position=OF"">Victor Scott II</a>",24.0,463.0,0.27411075209413405
21618,"<a href=""statss.aspx?playerid=21618&position=3B"">Alec Bohm</a>",28.0,504.0,0.32239461855755913
7802,"<a href=""statss.aspx?playerid=7802&position=SS"">Miguel Rojas</a>",36.0,317.0,0.3121508561765043
26477,"<a href=""statss.aspx?playerid=26477&position=1B"">Spencer Horwitz</a>",27.0,411.0,0.3435342260977117
22857,"<a href=""statss.aspx?playerid=22857&position=OF"">Wenceel Perez</a>",25.0,383.0,0.31809386105201265
18882,"<a href=""statss.aspx?playerid=18882&position=2B"">Brandon Lowe</a>",30.0,553.0,0.3343621486986893
18360,"<a href=""statss.aspx?playerid=18360&position=3B"">Austin Riley</a>",28.0,447.0,0.318424928883266
26299,"<a href=""statss.aspx?playerid=26299&position=3B"">Josh Jung</a>",27.0,511.0,0.2979579804694816
27899,"<a href=""statss.aspx?playerid=27899&position=2B/DH"">Colt Keith</a>",23.0,468.0,0.3255416244204601
17022,"<a href=""statss.aspx?playerid=17022&position=3B/SS"">Edmundo Sosa</a>",29.0,261.0,0.33199099367230783
23003,"<a href=""statss.aspx?playerid=23003&position=C"">Yainer Diaz</a>",26.0,567.0,0.30015097265749907
15905,"<a href=""statss.aspx?playerid=15905&position=C"">Luis Torrens</a>",29.0,283.0,0.2776417647693174
25782,"<a href=""statss.aspx?playerid=25782&position=C"">Pedro Pages</a>",26.0,389.0,0.2755867348088847
21711,"<a href=""statss.aspx?playerid=21711&position=SS/OF"">Oneil Cruz</a>",26.0,544.0,0.29478162118682155
33321,"<a href=""statss.aspx?playerid=33321&position=2B"">Luke Keaschall</a>",22.0,207.0,0.3626820203186809
25961,"<a href=""statss.aspx?playerid=25961&position=DH/OF"">Kerry Carpenter</a>",27.0,464.0,0.33451348607954773
25807,"<a href=""statss.aspx?playerid=25807&position=3B/SS"">Jared Triolo</a>",27.0,376.0,0.2958116839008947
21865,"<a href=""statss.aspx?playerid=21865&position=C"">Bo Naylor</a>",25.0,414.0,0.28858633473551765
27676,"<a href=""statss.aspx?playerid=27676&position=1B"">Vinnie Pasquantino</a>",27.0,682.0,0.3398104663965797
26438,"<a href=""statss.aspx?playerid=26438&position=DH/OF"">Dominic Canzone</a>",27.0,268.0,0.36261874125964605
33322,"<a href=""statss.aspx?playerid=33322&position=3B"">Matt Shaw</a>",23.0,437.0,0.3000826541018977
21562,"<a href=""statss.aspx?playerid=21562&position=1B/2B"">Romy Gonzalez</a>",28.0,341.0,0.35186136066913604
27790,"<a href=""statss.aspx?playerid=27790&position=OF"">Evan Carter</a>",22.0,220.0,0.32129226128260296
12979,"<a href=""statss.aspx?playerid=12979&position=SS"">Javier Baez</a>",32.0,437.0,0.2933799858213565
33189,"<a href=""statss.aspx?playerid=33189&position=1B"">Nolan Schanuel</a>",23.0,564.0,0.32701259369910085
20572,"<a href=""statss.aspx?playerid=20572&position=1B"">Kody Clemens</a>",29.0,386.0,0.3066799095965552
29695,"<a href=""statss.aspx?playerid=29695&position=2B/SS"">Matt McLain</a>",25.0,577.0,0.28649665659313
29995,"<a href=""statss.aspx?playerid=29995&position=OF"">Daylen Lile</a>",22.0,351.0,0.360405582411583
15274,"<a href=""statss.aspx?playerid=15274&position=OF"">Mike Tauchman</a>",34.0,385.0,0.3351602622440883
18577,"<a href=""statss.aspx?playerid=18577&position=3B"">Ke'Bryan Hayes</a>",28.0,570.0,0.26588957431450694
25493,"<a href=""statss.aspx?playerid=25493&position=3B/SS"">Joey Ortiz</a>",26.0,506.0,0.2631502192020416
25931,"<a href=""statss.aspx?playerid=25931&position=OF"">Michael Harris II</a>",24.0,641.0,0.28865430508769535
26466,"<a href=""statss.aspx?playerid=26466&position=OF"">Matt Wallner</a>",27.0,392.0,0.33423137467126457
31580,"<a href=""statss.aspx?playerid=31580&position=2B/SS"">Chase Meidroth</a>",23.0,505.0,0.2935514285032493
20178,"<a href=""statss.aspx?playerid=20178&position=3B"">Miguel Vargas</a>",25.0,569.0,0.31439264566491903
19901,"<a href=""statss.aspx?playerid=19901&position=DH/OF"">Gavin Sheets</a>",29.0,545.0,0.3230827439795522
22896,"<a href=""statss.aspx?playerid=22896&position=2B"">Lenyn Sosa</a>",25.0,544.0,0.3125737317139712
16556,"<a href=""statss.aspx?playerid=16556&position=2B"">Ozzie Albies</a>",28.0,667.0,0.2945410410264381
25180,"<a href=""statss.aspx?playerid=25180&position=2B/OF"">Daniel Schneemann</a>",28.0,422.0,0.28045916401204607
21524,"<a href=""statss.aspx?playerid=21524&position=C"">Joey Bart</a>",28.0,332.0,0.3166347312999059
16535,"<a href=""statss.aspx?playerid=16535&position=C"">Danny Jansen</a>",30.0,337.0,0.31808197657976833
23565,"<a href=""statss.aspx?playerid=23565&position=2B/OF"">Davis Schneider</a>",26.0,227.0,0.3511749143642476
29858,"<a href=""statss.aspx?playerid=29858&position=OF"">Denzel Clarke</a>",25.0,159.0,0.2811638747051263
17929,"<a href=""statss.aspx?playerid=17929&position=OF"">Cedric Mullins</a>",30.0,498.0,0.3015061449522924
20043,"<a href=""statss.aspx?playerid=20043&position=OF"">Luis Robert Jr.</a>",27.0,431.0,0.289241316745866
10815,"<a href=""statss.aspx?playerid=10815&position=OF"">Jurickson Profar</a>",32.0,371.0,0.34613171484913785
24878,"<a href=""statss.aspx?playerid=24878&position=OF"">Heriberto Hernandez</a>",25.0,294.0,0.34113205148249254
19363,"<a href=""statss.aspx?playerid=19363&position=OF"">Austin Hays</a>",29.0,416.0,0.32672177060790686
31781,"<a href=""statss.aspx?playerid=31781&position=2B"">Jackson Holliday</a>",21.0,649.0,0.3042718896895279
20220,"<a href=""statss.aspx?playerid=20220&position=OF"">Jo Adell</a>",26.0,573.0,0.3325408399105072
10324,"<a href=""statss.aspx?playerid=10324&position=DH/OF"">Marcell Ozuna</a>",34.0,592.0,0.3340776355238236
19470,"<a href=""statss.aspx?playerid=19470&position=2B"">Tommy Edman</a>",30.0,377.0,0.28409642139647867
12976,"<a href=""statss.aspx?playerid=12976&position=C"">Austin Hedges</a>",32.0,180.0,0.2392774224281311
29794,"<a href=""statss.aspx?playerid=29794&position=1B/DH"">Kyle Manzardo</a>",24.0,531.0,0.3294161449984026
26288,"<a href=""statss.aspx?playerid=26288&position=C/DH"">Adley Rutschman</a>",27.0,365.0,0.29792877729624917
17988,"<a href=""statss.aspx?playerid=17988&position=C"">Tyler Stephenson</a>",28.0,342.0,0.3193265329008578
21614,"<a href=""statss.aspx?playerid=21614&position=OF"">Kyle Isbel</a>",28.0,409.0,0.2869579293812164
13419,"<a href=""statss.aspx?playerid=13419&position=1B"">Christian Walker</a>",34.0,640.0,0.31036424403645807
15878,"<a href=""statss.aspx?playerid=15878&position=3B/DH/OF"">Miguel Andujar</a>",30.0,341.0,0.3538973501499961
22515,"<a href=""statss.aspx?playerid=22515&position=OF"">Heliot Ramos</a>",25.0,695.0,0.318876088267625
18795,"<a href=""statss.aspx?playerid=18795&position=3B"">Ramon Urias</a>",31.0,391.0,0.2918309205023529
22563,"<a href=""statss.aspx?playerid=22563&position=SS"">Gabriel Arias</a>",25.0,471.0,0.2776332849632702
19326,"<a href=""statss.aspx?playerid=19326&position=OF"">Bryan Reynolds</a>",30.0,654.0,0.3146605150257829
17276,"<a href=""statss.aspx?playerid=17276&position=C"">Alex Jackson</a>",29.0,100.0,0.32725711703300475
18872,"<a href=""statss.aspx?playerid=18872&position=DH/OF"">Jahmai Jones</a>",27.0,150.0,0.3988108642949354
23789,"<a href=""statss.aspx?playerid=23789&position=3B"">Blaze Alexander</a>",26.0,266.0,0.31340044510228554
21538,"<a href=""statss.aspx?playerid=21538&position=C"">Nick Fortes</a>",28.0,242.0,0.2860824043552081
19950,"<a href=""statss.aspx?playerid=19950&position=2B/SS"">Andres Gimenez</a>",26.0,369.0,0.26894045556369034
19913,"<a href=""statss.aspx?playerid=19913&position=OF"">Jesus Sanchez</a>",27.0,497.0,0.30433660637467136
35108,"<a href=""statss.aspx?playerid=35108&position=OF"">Cam Smith</a>",22.0,493.0,0.2978117181853397
27647,"<a href=""statss.aspx?playerid=27647&position=SS"">Anthony Volpe</a>",24.0,596.0,0.28633192176561534
29931,"<a href=""statss.aspx?playerid=29931&position=OF"">Jacob Young</a>",25.0,364.0,0.264013409614563
29844,"<a href=""statss.aspx?playerid=29844&position=C/1B/DH"">Liam Hicks</a>",26.0,390.0,0.31273318353549456
13770,"<a href=""statss.aspx?playerid=13770&position=OF"">Rob Refsnyder</a>",34.0,209.0,0.3591034584320508
5517,"<a href=""statss.aspx?playerid=5517&position=C"">Kyle Higashioka</a>",35.0,327.0,0.3005201559547984
20437,"<a href=""statss.aspx?playerid=20437&position=3B"">Royce Lewis</a>",26.0,403.0,0.2915320652294396
26517,"<a href=""statss.aspx?playerid=26517&position=3B/OF"">Noelvi Marte</a>",23.0,360.0,0.3211678052941958
31363,"<a href=""statss.aspx?playerid=31363&position=3B"">Graham Pauley</a>",24.0,184.0,0.3001943393483188
21840,"<a href=""statss.aspx?playerid=21840&position=C"">Freddy Fermin</a>",30.0,347.0,0.2804202034761772
27462,"<a href=""statss.aspx?playerid=27462&position=OF"">Austin Martin</a>",26.0,181.0,0.33281635205838933
15271,"<a href=""statss.aspx?playerid=15271&position=C"">Austin Wynns</a>",34.0,110.0,0.36528077858303665
26323,"<a href=""statss.aspx?playerid=26323&position=1B/OF"">Spencer Steer</a>",27.0,568.0,0.315815327554363
19296,"<a href=""statss.aspx?playerid=19296&position=OF"">Alex Call</a>",30.0,322.0,0.3314664688291429
27490,"<a href=""statss.aspx?playerid=27490&position=2B"">Nick Gonzales</a>",26.0,408.0,0.28886351690572853
17982,"<a href=""statss.aspx?playerid=17982&position=1B"">Ty France</a>",30.0,490.0,0.3018532001655282
18568,"<a href=""statss.aspx?playerid=18568&position=1B/2B"">Luis Arraez</a>",28.0,675.0,0.3134299959891882
16472,"<a href=""statss.aspx?playerid=16472&position=1B"">Rhys Hoskins</a>",32.0,328.0,0.32435598439234165
31431,"<a href=""statss.aspx?playerid=31431&position=OF"">Jordan Beck</a>",24.0,588.0,0.3189856100326096
9777,"<a href=""statss.aspx?playerid=9777&position=3B"">Nolan Arenado</a>",34.0,436.0,0.2865840035180251
21693,"<a href=""statss.aspx?playerid=21693&position=C"">Miguel Amaya</a>",26.0,103.0,0.3456735511620839
14968,"<a href=""statss.aspx?playerid=14968&position=C"">Victor Caratini</a>",31.0,386.0,0.3182932254255127
21454,"<a href=""statss.aspx?playerid=21454&position=OF"">Lars Nootbaar</a>",27.0,583.0,0.3041559130416633
24064,"<a href=""statss.aspx?playerid=24064&position=SS"">Ezequiel Tovar</a>",23.0,390.0,0.3005124718571703
35322,"<a href=""statss.aspx?playerid=35322&position=2B/SS"">Hyeseong Kim</a>",26.0,170.0,0.3056512221076785
15194,"<a href=""statss.aspx?playerid=15194&position=1B/OF"">Jake Bauers</a>",29.0,218.0,0.3328795608836934
22239,"<a href=""statss.aspx?playerid=22239&position=2B/OF"">Jeremiah Jackson</a>",25.0,183.0,0.33550918330260315
13675,"<a href=""statss.aspx?playerid=13675&position=OF"">Tyrone Taylor</a>",31.0,341.0,0.26436372598012287
9218,"<a href=""statss.aspx?playerid=9218&position=1B"">Paul Goldschmidt</a>",37.0,534.0,0.3161110693284314
21009,"<a href=""statss.aspx?playerid=21009&position=2B/SS"">Leo Rivas</a>",27.0,111.0,0.3334606622790431
25979,"<a href=""statss.aspx?playerid=25979&position=2B/SS"">Nasim Nunez</a>",24.0,92.0,0.30391916927400525
21842,"<a href=""statss.aspx?playerid=21842&position=OF"">Carlos Cortes</a>",28.0,99.0,0.3630533308693857
19346,"<a href=""statss.aspx?playerid=19346&position=OF"">Eli White</a>",31.0,271.0,0.28965039080403554
15674,"<a href=""statss.aspx?playerid=15674&position=C"">Reese McGuire</a>",30.0,140.0,0.2904465262838405
15223,"<a href=""statss.aspx?playerid=15223&position=2B"">Adam Frazier</a>",33.0,459.0,0.29973384960178745
19238,"<a href=""statss.aspx?playerid=19238&position=OF"">Lourdes Gurriel Jr.</a>",31.0,546.0,0.3066032725376087
19287,"<a href=""statss.aspx?playerid=19287&position=OF"">Adolis Garcia</a>",32.0,547.0,0.2858046869655232
12859,"<a href=""statss.aspx?playerid=12859&position=C"">James McCann</a>",35.0,137.0,0.3283093313083929
20391,"<a href=""statss.aspx?playerid=20391&position=2B"">Luis Garcia Jr.</a>",25.0,526.0,0.299975863411313
22277,"<a href=""statss.aspx?playerid=22277&position=SS"">Nick Allen</a>",26.0,416.0,0.24515945756552265
29630,"<a href=""statss.aspx?playerid=29630&position=OF"">Joey Loperfido</a>",26.0,104.0,0.3812407897514047
28253,"<a href=""statss.aspx?playerid=28253&position=3B/OF"">Javier Sanoja</a>",22.0,342.0,0.2944172633117473
27577,"<a href=""statss.aspx?playerid=27577&position=2B/3B"">Casey Schmitt</a>",26.0,348.0,0.30719878942291173
31912,"<a href=""statss.aspx?playerid=31912&position=OF"">Chandler Simpson</a>",24.0,441.0,0.29617459784953964
23698,"<a href=""statss.aspx?playerid=23698&position=2B/3B"">Ronny Mauricio</a>",24.0,184.0,0.29006343298271053
19455,"<a href=""statss.aspx?playerid=19455&position=2B/3B"">Andruw Monasterio</a>",28.0,135.0,0.3276468285807857
16512,"<a href=""statss.aspx?playerid=16512&position=SS"">Isiah Kiner-Falefa</a>",30.0,459.0,0.2787496891315813
19892,"<a href=""statss.aspx?playerid=19892&position=1B/OF"">Pavin Smith</a>",29.0,288.0,0.3478144342665906
17232,"<a href=""statss.aspx?playerid=17232&position=3B"">Yoan Moncada</a>",30.0,289.0,0.33937309578888947
29478,"<a href=""statss.aspx?playerid=29478&position=C/DH"">Carter Jensen</a>",21.0,69.0,0.40273553392161493
9241,"<a href=""statss.aspx?playerid=9241&position=OF"">Starling Marte</a>",36.0,329.0,0.3261936228813195
28080,"<a href=""statss.aspx?playerid=28080&position=OF"">Jasson Dominguez</a>",22.0,429.0,0.31590064775163884
31695,"<a href=""statss.aspx?playerid=31695&position=OF"">Dylan Beavers</a>",23.0,137.0,0.3471219000570914
16947,"<a href=""statss.aspx?playerid=16947&position=OF"">Derek Hill</a>",29.0,149.0,0.2716580923289469
29591,"<a href=""statss.aspx?playerid=29591&position=OF"">Colton Cowser</a>",25.0,360.0,0.28534670427317077
20002,"<a href=""statss.aspx?playerid=20002&position=OF"">Bryce Johnson</a>",29.0,84.0,0.35919275990238897
19318,"<a href=""statss.aspx?playerid=19318&position=C"">Matt Thaiss</a>",30.0,190.0,0.297863072188443
13066,"<a href=""statss.aspx?playerid=13066&position=OF"">Teoscar Hernandez</a>",32.0,546.0,0.3149013547722353
19956,"<a href=""statss.aspx?playerid=19956&position=OF"">Mickey Moniak</a>",27.0,461.0,0.3476819134276846
29524,"<a href=""statss.aspx?playerid=29524&position=OF"">Bryce Teodosio</a>",26.0,150.0,0.24295037184785676
21746,"<a href=""statss.aspx?playerid=21746&position=2B/3B/OF"">Jose Fermin</a>",26.0,70.0,0.35156026093856146
12144,"<a href=""statss.aspx?playerid=12144&position=OF"">Max Kepler</a>",32.0,474.0,0.30049652216282297
26365,"<a href=""statss.aspx?playerid=26365&position=OF"">Jonny DeLuca</a>",26.0,59.0,0.34956548274573634
26197,"<a href=""statss.aspx?playerid=26197&position=1B/OF"">Andrew Vaughn</a>",27.0,447.0,0.31118821736943025
25643,"<a href=""statss.aspx?playerid=25643&position=C"">Drew Millas</a>",27.0,55.0,0.35003083269551116
24605,"<a href=""statss.aspx?playerid=24605&position=OF"">Michael Helman</a>",29.0,110.0,0.31946360285037034
24488,"<a href=""statss.aspx?playerid=24488&position=SS"">Max Schuemann</a>",28.0,213.0,0.2621942014921279
29592,"<a href=""statss.aspx?playerid=29592&position=3B"">Connor Norby</a>",25.0,337.0,0.30002827548839217
17338,"<a href=""statss.aspx?playerid=17338&position=2B/OF"">Willi Castro</a>",28.0,454.0,0.3015598256503586
19556,"<a href=""statss.aspx?playerid=19556&position=DH/OF"">Yordan Alvarez</a>",28.0,199.0,0.3376218264864892
7304,"<a href=""statss.aspx?playerid=7304&position=C"">Salvador Perez</a>",35.0,641.0,0.3105423916572643
27653,"<a href=""statss.aspx?playerid=27653&position=2B"">Christian Koss</a>",27.0,191.0,0.2966568330500988
27883,"<a href=""statss.aspx?playerid=27883&position=2B/SS"">Thomas Saggese</a>",23.0,295.0,0.282410042829254
31583,"<a href=""statss.aspx?playerid=31583&position=OF"">Zach Cole</a>",24.0,52.0,0.37317910217321837
20084,"<a href=""statss.aspx?playerid=20084&position=C"">J.C. Escarra</a>",30.0,98.0,0.28048099547016375
23792,"<a href=""statss.aspx?playerid=23792&position=OF"">Alek Thomas</a>",25.0,469.0,0.2871582959949584
29668,"<a href=""statss.aspx?playerid=29668&position=2B/3B"">Marcelo Mayer</a>",22.0,136.0,0.289704144877546
15518,"<a href=""statss.aspx?playerid=15518&position=SS"">Amed Rosario</a>",29.0,191.0,0.32146490119514665
25479,"<a href=""statss.aspx?playerid=25479&position=OF"">Brenton Doyle</a>",27.0,538.0,0.28211541017934455
24336,"<a href=""statss.aspx?playerid=24336&position=OF"">Johan Rojas</a>",24.0,172.0,0.2539217546582222
19921,"<a href=""statss.aspx?playerid=19921&position=OF"">Blake Perkins</a>",28.0,171.0,0.2869299726876599
31505,"<a href=""statss.aspx?playerid=31505&position=1B/3B"">Sal Stewart</a>",21.0,58.0,0.3547003300025545
22184,"<a href=""statss.aspx?playerid=22184&position=3B/DH"">Mark Vientos</a>",25.0,463.0,0.3034837439044763
23690,"<a href=""statss.aspx?playerid=23690&position=SS"">Brayan Rocchio</a>",24.0,383.0,0.2781366221508439
15653,"<a href=""statss.aspx?playerid=15653&position=1B"">Dominic Smith</a>",30.0,225.0,0.3253579076131185
29788,"<a href=""statss.aspx?playerid=29788&position=3B"">Brett Harris</a>",27.0,84.0,0.31061057872082815
18819,"<a href=""statss.aspx?playerid=18819&position=2B/3B"">Andy Ibanez</a>",32.0,193.0,0.2892441866929049
33197,"<a href=""statss.aspx?playerid=33197&position=2B/3B"">Ben Williamson</a>",24.0,295.0,0.2690158878983898
26548,"<a href=""statss.aspx?playerid=26548&position=2B/SS"">Luisangel Acuna</a>",23.0,193.0,0.2575873495396519
11680,"<a href=""statss.aspx?playerid=11680&position=C"">Elias Diaz</a>",34.0,283.0,0.2691817435858061
27690,"<a href=""statss.aspx?playerid=27690&position=OF"">Joey Wiemer</a>",26.0,61.0,0.29685533146063486
26420,"<a href=""statss.aspx?playerid=26420&position=2B/OF"">Kyren Paris</a>",23.0,140.0,0.2832342917970616
27555,"<a href=""statss.aspx?playerid=27555&position=OF"">Garrett Mitchell</a>",26.0,78.0,0.2609935820876778
25779,"<a href=""statss.aspx?playerid=25779&position=OF"">Tyler Tolbert</a>",27.0,57.0,0.30546492657491137
26149,"<a href=""statss.aspx?playerid=26149&position=OF"">Dominic Fletcher</a>",27.0,34.0,0.31065678070573244
19452,"<a href=""statss.aspx?playerid=19452&position=C"">Jake Rogers</a>",30.0,142.0,0.27025995820972093
26374,"<a href=""statss.aspx?playerid=26374&position=OF"">Kameron Misner</a>",27.0,217.0,0.2715268184741338
14111,"<a href=""statss.aspx?playerid=14111&position=C"">Eric Haase</a>",32.0,77.0,0.28615184128284454
25055,"<a href=""statss.aspx?playerid=25055&position=OF"">Nate Eaton</a>",28.0,90.0,0.3222697049044491
24622,"<a href=""statss.aspx?playerid=24622&position=2B/SS"">Ryan Fitzgerald</a>",31.0,53.0,0.3283412568974045
31595,"<a href=""statss.aspx?playerid=31595&position=3B/SS"">Brooks Lee</a>",24.0,527.0,0.28562926838927294
13355,"<a href=""statss.aspx?playerid=13355&position=C"">Luke Maile</a>",34.0,54.0,0.3161717985685055
16725,"<a href=""statss.aspx?playerid=16725&position=C"">Jose Trevino</a>",32.0,302.0,0.27077616805650073
21496,"<a href=""statss.aspx?playerid=21496&position=OF"">Brandon Lockridge</a>",28.0,148.0,0.25446486719723405
27506,"<a href=""statss.aspx?playerid=27506&position=SS"">Ha-seong Kim</a>",29.0,191.0,0.28826026173786345
2396,"<a href=""statss.aspx?playerid=2396&position=1B"">Carlos Santana</a>",39.0,474.0,0.2843584098221132
19260,"<a href=""statss.aspx?playerid=19260&position=OF"">Jake Fraley</a>",30.0,217.0,0.3155755875287233
28820,"<a href=""statss.aspx?playerid=28820&position=DH"">Moises Ballesteros</a>",21.0,66.0,0.3735985700900738
19955,"<a href=""statss.aspx?playerid=19955&position=2B"">Gavin Lux</a>",27.0,503.0,0.3223411711025428
31665,"<a href=""statss.aspx?playerid=31665&position=2B"">Alex Freeland</a>",23.0,97.0,0.272898751621445
20017,"<a href=""statss.aspx?playerid=20017&position=3B"">Miles Mastrobuoni</a>",29.0,175.0,0.2818815371569465
21646,"<a href=""statss.aspx?playerid=21646&position=C"">Rafael Marchan</a>",26.0,118.0,0.263574089249994
9774,"<a href=""statss.aspx?playerid=9774&position=C"">Christian Vazquez</a>",34.0,214.0,0.24838403396517317
22458,"<a href=""statss.aspx?playerid=22458&position=SS"">Taylor Walls</a>",28.0,317.0,0.264914351473948
9874,"<a href=""statss.aspx?playerid=9874&position=2B"">DJ LeMahieu</a>",36.0,142.0,0.3035298271078459
28312,"<a href=""statss.aspx?playerid=28312&position=1B/3B"">Coby Mayo</a>",23.0,294.0,0.302706112464269
18848,"<a href=""statss.aspx?playerid=18848&position=C/DH"">Yohel Pozo</a>",28.0,168.0,0.2751217260956764
19514,"<a href=""statss.aspx?playerid=19514&position=C"">Andrew Knizner</a>",30.0,88.0,0.2702585835566466
21501,"<a href=""statss.aspx?playerid=21501&position=DH/OF"">Trevor Larnach</a>",28.0,567.0,0.3165665356614066
23800,"<a href=""statss.aspx?playerid=23800&position=OF"">Parker Meadows</a>",25.0,213.0,0.2767189746731324
2967,"<a href=""statss.aspx?playerid=2967&position=OF"">Tommy Pham</a>",37.0,449.0,0.30759944656504645
18054,"<a href=""statss.aspx?playerid=18054&position=OF"">Sam Haggerty</a>",31.0,182.0,0.3072531489686593
34979,"<a href=""statss.aspx?playerid=34979&position=2B"">Christian Moore</a>",22.0,184.0,0.28815408580290164
33541,"<a href=""statss.aspx?playerid=33541&position=OF"">Dylan Crews</a>",23.0,322.0,0.2793295931371843
25543,"<a href=""statss.aspx?playerid=25543&position=C"">Korey Lee</a>",26.0,40.0,0.33259315215624297
17901,"<a href=""statss.aspx?playerid=17901&position=OF"">Andrew Benintendi</a>",30.0,470.0,0.31687932070623887
31765,"<a href=""statss.aspx?playerid=31765&position=3B"">Nacho Alvarez Jr.</a>",22.0,208.0,0.27902551212357085
26143,"<a href=""statss.aspx?playerid=26143&position=OF"">Troy Johnston</a>",28.0,121.0,0.3278500447588519
19354,"<a href=""statss.aspx?playerid=19354&position=OF"">Luke Raley</a>",30.0,219.0,0.2905239509763541
20450,"<a href=""statss.aspx?playerid=20450&position=OF"">Brewer Hicklen</a>",29.0,4.0,0.6140771061182022
31357,"<a href=""statss.aspx?playerid=31357&position=OF"">Nathan Church</a>",24.0,65.0,0.2315857902405754
18015,"<a href=""statss.aspx?playerid=18015&position=SS"">Paul DeJong</a>",31.0,208.0,0.27778633855856383
13324,"<a href=""statss.aspx?playerid=13324&position=2B/3B"">Ildemaro Vargas</a>",33.0,121.0,0.2924014503757159
33704,"<a href=""statss.aspx?playerid=33704&position=1B/OF"">C.J. Kayfus</a>",23.0,138.0,0.30578848436801104
13755,"<a href=""statss.aspx?playerid=13755&position=C"">Tomas Nido</a>",31.0,37.0,0.3141988433069653
27531,"<a href=""statss.aspx?playerid=27531&position=2B/SS"">David Hamilton</a>",27.0,194.0,0.260240543575187
15172,"<a href=""statss.aspx?playerid=15172&position=SS"">Tim Anderson</a>",32.0,90.0,0.22866021515278334
26284,"<a href=""statss.aspx?playerid=26284&position=OF"">John Rave</a>",27.0,175.0,0.2665252547732667
16622,"<a href=""statss.aspx?playerid=16622&position=2B/3B"">Luis Urias</a>",28.0,330.0,0.2930744314047904
33280,"<a href=""statss.aspx?playerid=33280&position=2B/OF"">Brice Matthews</a>",23.0,47.0,0.28671287960476344
26208,"<a href=""statss.aspx?playerid=26208&position=2B/SS"">Tyler Fitzgerald</a>",27.0,243.0,0.2687346812038985
31500,"<a href=""statss.aspx?playerid=31500&position=2B/SS"">Ryan Ritter</a>",24.0,207.0,0.27990804076782
19877,"<a href=""statss.aspx?playerid=19877&position=3B/SS"">Tristan Gray</a>",29.0,86.0,0.2981736477683572
19802,"<a href=""statss.aspx?playerid=19802&position=C"">Jhonny Pereda</a>",29.0,78.0,0.2954530088932483
21707,"<a href=""statss.aspx?playerid=21707&position=3B/OF"">Oswaldo Cabrera</a>",26.0,122.0,0.2861701476672464
16398,"<a href=""statss.aspx?playerid=16398&position=C"">Brian Navarreto</a>",30.0,15.0,0.36157435178756714
31545,"<a href=""statss.aspx?playerid=31545&position=OF"">Drew Gilbert</a>",24.0,109.0,0.2600275584317129
24273,"<a href=""statss.aspx?playerid=24273&position=2B/SS"">Liover Peguero</a>",24.0,88.0,0.2806989665735852
21871,"<a href=""statss.aspx?playerid=21871&position=OF"">Jerar Encarnacion</a>",27.0,56.0,0.24672220328024455
21716,"<a href=""statss.aspx?playerid=21716&position=2B"">Enmanuel Valdez</a>",26.0,102.0,0.2898457307441562
23986,"<a href=""statss.aspx?playerid=23986&position=1B/3B"">Curtis Mead</a>",24.0,264.0,0.27813454672242655
24589,"<a href=""statss.aspx?playerid=24589&position=2B/OF"">Richie Palacios</a>",28.0,48.0,0.368857445816199
25971,"<a href=""statss.aspx?playerid=25971&position=DH/OF"">Kevin Alcantara</a>",22.0,12.0,0.35176000495751697
27931,"<a href=""statss.aspx?playerid=27931&position=OF"">Petey Halpin</a>",23.0,8.0,0.39347565174102783
18217,"<a href=""statss.aspx?playerid=18217&position=C"">Brett Sullivan</a>",31.0,9.0,0.25513235065672135
19966,"<a href=""statss.aspx?playerid=19966&position=1B"">Bobby Dalbec</a>",30.0,21.0,0.28445785953885033
31562,"<a href=""statss.aspx?playerid=31562&position=OF"">Zach Dezenzo</a>",25.0,109.0,0.30560725817986584
22541,"<a href=""statss.aspx?playerid=22541&position=DH/OF"">George Valera</a>",24.0,48.0,0.3298148140311241
31567,"<a href=""statss.aspx?playerid=31567&position=3B"">Trey Lipscomb</a>",25.0,4.0,0.44120290875434875
27630,"<a href=""statss.aspx?playerid=27630&position=2B/3B"">Nick Loftin</a>",26.0,188.0,0.2785112249022499
13145,"<a href=""statss.aspx?playerid=13145&position=1B/DH"">Josh Bell</a>",32.0,533.0,0.3238837330188966
26253,"<a href=""statss.aspx?playerid=26253&position=P"">Ryne Nelson</a>",27.0,1.0,0.8824058175086975
15679,"<a href=""statss.aspx?playerid=15679&position=1B"">Rowdy Tellez</a>",30.0,312.0,0.3072449572575398
29487,"<a href=""statss.aspx?playerid=29487&position=OF"">Blake Dunn</a>",26.0,75.0,0.27231518030166624
22766,"<a href=""statss.aspx?playerid=22766&position=OF"">Steward Berroa</a>",26.0,6.0,0.11524946490923564
20536,"<a href=""statss.aspx?playerid=20536&position=2B/OF"">Vidal Brujan</a>",27.0,95.0,0.2750705718994141
27496,"<a href=""statss.aspx?playerid=27496&position=OF"">Owen Caissie</a>",22.0,27.0,0.24548209155047382
19562,"<a href=""statss.aspx?playerid=19562&position=SS"">Zack Short</a>",30.0,56.0,0.2953403798016635
25999,"<a href=""statss.aspx?playerid=25999&position=OF"">Victor Mesa Jr.</a>",23.0,38.0,0.28772732051643163
17684,"<a href=""statss.aspx?playerid=17684&position=3B"">Vimael Machin</a>",31.0,12.0,0.22740764915943146
24655,"<a href=""statss.aspx?playerid=24655&position=1B/2B"">Owen Miller</a>",28.0,17.0,0.22765257428674138
21780,"<a href=""statss.aspx?playerid=21780&position=OF"">Esteury Ruiz</a>",26.0,23.0,0.26380895790846454
20626,"<a href=""statss.aspx?playerid=20626&position=C"">Logan Porter</a>",29.0,9.0,0.25513235065672135
21489,"<a href=""statss.aspx?playerid=21489&position=C"">Hayden Senger</a>",28.0,78.0,0.1900981293096171
23691,"<a href=""statss.aspx?playerid=23691&position=3B/DH"">Jose Tena</a>",24.0,169.0,0.2955702917110285
29547,"<a href=""statss.aspx?playerid=29547&position=2B"">Ryan Bliss</a>",25.0,39.0,0.26839278141657513
19858,"<a href=""statss.aspx?playerid=19858&position=2B/3B"">Luis Rengifo</a>",28.0,541.0,0.2748252503297947
21497,"<a href=""statss.aspx?playerid=21497&position=1B/DH"">Luken Baker</a>",28.0,41.0,0.3172738610244379
21587,"<a href=""statss.aspx?playerid=21587&position=C"">Cesar Salazar</a>",29.0,16.0,0.2970312237739563
26244,"<a href=""statss.aspx?playerid=26244&position=OF"">Kenedy Corona</a>",25.0,4.0,0.3457483947277069
16153,"<a href=""statss.aspx?playerid=16153&position=OF"">Austin Slater</a>",32.0,160.0,0.2801097980085409
22707,"<a href=""statss.aspx?playerid=22707&position=OF"">Gustavo Campero</a>",27.0,66.0,0.2770132837873517
29571,"<a href=""statss.aspx?playerid=29571&position=OF"">Tim Tawa</a>",26.0,225.0,0.2730466036518593
22168,"<a href=""statss.aspx?playerid=22168&position=OF"">Akil Baddoo</a>",26.0,18.0,0.15698943535486856
13338,"<a href=""statss.aspx?playerid=13338&position=C"">Omar Narvaez</a>",33.0,10.0,0.31478052139282225
21626,"<a href=""statss.aspx?playerid=21626&position=OF"">Griffin Conine</a>",27.0,86.0,0.3184311875077181
33252,"<a href=""statss.aspx?playerid=33252&position=3B"">Kyle Karros</a>",22.0,156.0,0.2679782314942433
29949,"<a href=""statss.aspx?playerid=29949&position=1B/DH"">Tyler Black</a>",24.0,13.0,0.4301382303237915
21853,"<a href=""statss.aspx?playerid=21853&position=OF"">Will Benson</a>",27.0,253.0,0.2984120226095593
20321,"<a href=""statss.aspx?playerid=20321&position=OF"">Stuart Fairchild</a>",29.0,55.0,0.2664092627438632
23250,"<a href=""statss.aspx?playerid=23250&position=DH"">David Banuelos</a>",28.0,2.0,0.3611442744731903
17161,"<a href=""statss.aspx?playerid=17161&position=C"">Chad Wallach</a>",33.0,0.0,0.0
29606,"<a href=""statss.aspx?playerid=29606&position=DH/OF"">Justyn-Henry Malloy</a>",25.0,127.0,0.30094138421411587
31855,"<a href=""statss.aspx?playerid=31855&position=OF"">Colby Thomas</a>",24.0,132.0,0.2913371397338751
18551,"<a href=""statss.aspx?playerid=18551&position=C"">Ali Sanchez</a>",28.0,23.0,0.22395790919013644
1247,"<a href=""statss.aspx?playerid=1247&position=P"">Adam Ottavino</a>",39.0,0.0,0.0
2036,"<a href=""statss.aspx?playerid=2036&position=P"">Clayton Kershaw</a>",37.0,0.0,0.0
3096,"<a href=""statss.aspx?playerid=3096&position=P"">Kenley Jansen</a>",37.0,0.0,0.0
3137,"<a href=""statss.aspx?playerid=3137&position=P"">Max Scherzer</a>",40.0,0.0,0.0
3237,"<a href=""statss.aspx?playerid=3237&position=P"">T.J. McFarland</a>",36.0,0.0,0.0
3548,"<a href=""statss.aspx?playerid=3548&position=P"">Liam Hendriks</a>",36.0,0.0,0.0
4301,"<a href=""statss.aspx?playerid=4301&position=P"">Justin Wilson</a>",37.0,0.0,0.0
4676,"<a href=""statss.aspx?playerid=4676&position=P"">Charlie Morton</a>",41.0,0.0,0.0
4806,"<a href=""statss.aspx?playerid=4806&position=P"">Rich Hill</a>",45.0,0.0,0.0
5448,"<a href=""statss.aspx?playerid=5448&position=P"">Jesse Chavez</a>",41.0,0.0,0.0
5615,"<a href=""statss.aspx?playerid=5615&position=P"">Ryan Brasier</a>",37.0,0.0,0.0
6107,"<a href=""statss.aspx?playerid=6107&position=P"">Huascar Brazoban</a>",35.0,0.0,0.0
6175,"<a href=""statss.aspx?playerid=6175&position=P"">Albert Suarez</a>",35.0,0.0,0.0
6576,"<a href=""statss.aspx?playerid=6576&position=P"">Robert Stock</a>",35.0,0.0,0.0
6632,"<a href=""statss.aspx?playerid=6632&position=P"">Carlos Carrasco</a>",38.0,0.0,0.0
6655,"<a href=""statss.aspx?playerid=6655&position=P"">Craig Kimbrel</a>",37.0,0.0,0.0
6902,"<a href=""statss.aspx?playerid=6902&position=P"">Martin Perez</a>",34.0,0.0,0.0
6984,"<a href=""statss.aspx?playerid=6984&position=P"">Luis Garcia</a>",38.0,0.0,0.0
7005,"<a href=""statss.aspx?playerid=7005&position=P"">Ryan Pressly</a>",36.0,0.0,0.0
7048,"<a href=""statss.aspx?playerid=7048&position=P"">Fernando Cruz</a>",35.0,0.0,0.0
7836,"<a href=""statss.aspx?playerid=7836&position=P"">Hunter Strickland</a>",36.0,0.0,0.0
8241,"<a href=""statss.aspx?playerid=8241&position=P"">David Robertson</a>",40.0,0.0,0.0
8700,"<a href=""statss.aspx?playerid=8700&position=P"">Justin Verlander</a>",42.0,0.0,0.0
8779,"<a href=""statss.aspx?playerid=8779&position=P"">Wade Miley</a>",38.0,0.0,0.0
9073,"<a href=""statss.aspx?playerid=9073&position=P"">Kirby Yates</a>",38.0,0.0,0.0
9132,"<a href=""statss.aspx?playerid=9132&position=P"">Nathan Eovaldi</a>",35.0,0.0,0.0
9174,"<a href=""statss.aspx?playerid=9174&position=P"">Casey Kelly</a>",35.0,0.0,0.0
9323,"<a href=""statss.aspx?playerid=9323&position=P"">Patrick Corbin</a>",35.0,0.0,0.0
9803,"<a href=""statss.aspx?playerid=9803&position=P"">Miles Mikolas</a>",36.0,0.0,0.0
10058,"<a href=""statss.aspx?playerid=10058&position=P"">Tyler Matzek</a>",34.0,0.0,0.0
10061,"<a href=""statss.aspx?playerid=10061&position=P"">Brooks Raley</a>",37.0,0.0,0.0
10078,"<a href=""statss.aspx?playerid=10078&position=P"">Caleb Thielbar</a>",38.0,0.0,0.0
10123,"<a href=""statss.aspx?playerid=10123&position=P"">Kyle Gibson</a>",37.0,0.0,0.0
10197,"<a href=""statss.aspx?playerid=10197&position=P"">Shelby Miller</a>",34.0,0.0,0.0
10233,"<a href=""statss.aspx?playerid=10233&position=P"">Aroldis Chapman</a>",37.0,0.0,0.0
10310,"<a href=""statss.aspx?playerid=10310&position=P"">Zack Wheeler</a>",35.0,0.0,0.0
10314,"<a href=""statss.aspx?playerid=10314&position=P"">Erasmo Ramirez</a>",35.0,0.0,0.0
10315,"<a href=""statss.aspx?playerid=10315&position=P"">Michael Tonkin</a>",35.0,0.0,0.0
10591,"<a href=""statss.aspx?playerid=10591&position=P"">Scott Alexander</a>",35.0,0.0,0.0
10603,"<a href=""statss.aspx?playerid=10603&position=P"">Chris Sale</a>",36.0,0.0,0.0
10954,"<a href=""statss.aspx?playerid=10954&position=P"">Jacob deGrom</a>",37.0,0.0,0.0
11121,"<a href=""statss.aspx?playerid=11121&position=P"">Casey Lawrence</a>",37.0,0.0,0.0
11156,"<a href=""statss.aspx?playerid=11156&position=P"">Merrill Kelly</a>",36.0,0.0,0.0
11384,"<a href=""statss.aspx?playerid=11384&position=P"">Tommy Kahnle</a>",35.0,0.0,0.0
11423,"<a href=""statss.aspx?playerid=11423&position=P"">Jose Quintana</a>",36.0,0.0,0.0
11426,"<a href=""statss.aspx?playerid=11426&position=P"">Drew Pomeranz</a>",36.0,0.0,0.0
11486,"<a href=""statss.aspx?playerid=11486&position=P"">Robbie Ray</a>",33.0,0.0,0.0
11589,"<a href=""statss.aspx?playerid=11589&position=P"">Jose Urena</a>",33.0,0.0,0.0
11674,"<a href=""statss.aspx?playerid=11674&position=P"">Jameson Taillon</a>",33.0,0.0,0.0
11752,"<a href=""statss.aspx?playerid=11752&position=P"">Luke Jackson</a>",33.0,0.0,0.0
11804,"<a href=""statss.aspx?playerid=11804&position=P"">Hector Neris</a>",36.0,0.0,0.0
11836,"<a href=""statss.aspx?playerid=11836&position=P"">Taijuan Walker</a>",32.0,0.0,0.0
11847,"<a href=""statss.aspx?playerid=11847&position=P"">Chris Martin</a>",39.0,0.0,0.0
11861,"<a href=""statss.aspx?playerid=11861&position=P"">Jason Adam</a>",33.0,0.0,0.0
12049,"<a href=""statss.aspx?playerid=12049&position=P"">Kyle Hendricks</a>",35.0,0.0,0.0
12056,"<a href=""statss.aspx?playerid=12056&position=P"">Scott McGough</a>",35.0,0.0,0.0
12095,"<a href=""statss.aspx?playerid=12095&position=P"">Yimi Garcia</a>",34.0,0.0,0.0
12304,"<a href=""statss.aspx?playerid=12304&position=P"">Chris Bassitt</a>",36.0,0.0,0.0
12323,"<a href=""statss.aspx?playerid=12323&position=P"">Jacob Barnes</a>",35.0,0.0,0.0
12447,"<a href=""statss.aspx?playerid=12447&position=P"">Seth Lugo</a>",35.0,0.0,0.0
12572,"<a href=""statss.aspx?playerid=12572&position=P"">Blake Treinen</a>",37.0,0.0,0.0
12718,"<a href=""statss.aspx?playerid=12718&position=P"">Adrian Houser</a>",32.0,0.0,0.0
12730,"<a href=""statss.aspx?playerid=12730&position=P"">Nick Martinez</a>",34.0,0.0,0.0
12760,"<a href=""statss.aspx?playerid=12760&position=P"">Rafael Montero</a>",34.0,0.0,0.0
12763,"<a href=""statss.aspx?playerid=12763&position=P"">Chris Devenski</a>",34.0,0.0,0.0
12768,"<a href=""statss.aspx?playerid=12768&position=P"">Sonny Gray</a>",35.0,0.0,0.0
12777,"<a href=""statss.aspx?playerid=12777&position=P"">John Brebbia</a>",35.0,0.0,0.0
12791,"<a href=""statss.aspx?playerid=12791&position=P"">Michael Kelly</a>",32.0,0.0,0.0
12808,"<a href=""statss.aspx?playerid=12808&position=P"">Mike Clevinger</a>",34.0,0.0,0.0
12828,"<a href=""statss.aspx?playerid=12828&position=P"">Andrew Kittredge</a>",35.0,0.0,0.0
12857,"<a href=""statss.aspx?playerid=12857&position=P"">Shawn Armstrong</a>",34.0,0.0,0.0
12880,"<a href=""statss.aspx?playerid=12880&position=P"">Tyler Anderson</a>",35.0,0.0,0.0
12972,"<a href=""statss.aspx?playerid=12972&position=P"">Joe Ross</a>",32.0,0.0,0.0
12988,"<a href=""statss.aspx?playerid=12988&position=P"">Andrew Chafin</a>",35.0,0.0,0.0
13050,"<a href=""statss.aspx?playerid=13050&position=P"">Anthony DeSclafani</a>",35.0,0.0,0.0
13074,"<a href=""statss.aspx?playerid=13074&position=P"">Yu Darvish</a>",38.0,0.0,0.0
13164,"<a href=""statss.aspx?playerid=13164&position=P"">Eduardo Rodriguez</a>",32.0,0.0,0.0
13190,"<a href=""statss.aspx?playerid=13190&position=P"">Jordan Weems</a>",32.0,0.0,0.0
13218,"<a href=""statss.aspx?playerid=13218&position=P"">Michael Fulmer</a>",32.0,0.0,0.0
13287,"<a href=""statss.aspx?playerid=13287&position=P"">Jesse Hahn</a>",35.0,0.0,0.0
13293,"<a href=""statss.aspx?playerid=13293&position=P"">Danny Coulombe</a>",35.0,0.0,0.0
13346,"<a href=""statss.aspx?playerid=13346&position=P"">Hoby Milner</a>",34.0,0.0,0.0
13361,"<a href=""statss.aspx?playerid=13361&position=P"">Steven Matz</a>",34.0,0.0,0.0
13431,"<a href=""statss.aspx?playerid=13431&position=P"">Marcus Stroman</a>",34.0,0.0,0.0
13435,"<a href=""statss.aspx?playerid=13435&position=P"">Pierce Johnson</a>",34.0,0.0,0.0
13449,"<a href=""statss.aspx?playerid=13449&position=P"">Taylor Rogers</a>",34.0,0.0,0.0
13470,"<a href=""statss.aspx?playerid=13470&position=P"">Lucas Sims</a>",31.0,0.0,0.0
13528,"<a href=""statss.aspx?playerid=13528&position=P"">Matt Bowman</a>",34.0,0.0,0.0
13543,"<a href=""statss.aspx?playerid=13543&position=P"">Blake Snell</a>",32.0,0.0,0.0
13580,"<a href=""statss.aspx?playerid=13580&position=P"">Steven Okert</a>",33.0,0.0,0.0
13594,"<a href=""statss.aspx?playerid=13594&position=P"">Robert Stephenson</a>",32.0,0.0,0.0
13607,"<a href=""statss.aspx?playerid=13607&position=P"">Carl Edwards Jr.</a>",33.0,0.0,0.0
13619,"<a href=""statss.aspx?playerid=13619&position=P"">Jakob Junis</a>",32.0,0.0,0.0
13649,"<a href=""statss.aspx?playerid=13649&position=P"">Clay Holmes</a>",32.0,0.0,0.0
13652,"<a href=""statss.aspx?playerid=13652&position=P"">Tayler Scott</a>",33.0,0.0,0.0
13743,"<a href=""statss.aspx?playerid=13743&position=P"">Max Fried</a>",31.0,0.0,0.0
13761,"<a href=""statss.aspx?playerid=13761&position=P"">Chris Stratton</a>",34.0,0.0,0.0
13774,"<a href=""statss.aspx?playerid=13774&position=P"">Zach Eflin</a>",31.0,0.0,0.0
13799,"<a href=""statss.aspx?playerid=13799&position=P"">Matt Strahm</a>",33.0,0.0,0.0
13892,"<a href=""statss.aspx?playerid=13892&position=P"">Paul Sewald</a>",35.0,0.0,0.0
13896,"<a href=""statss.aspx?playerid=13896&position=P"">Chris Flexen</a>",30.0,0.0,0.0
13932,"<a href=""statss.aspx?playerid=13932&position=P"">Dietrich Enns</a>",34.0,0.0,0.0
13942,"<a href=""statss.aspx?playerid=13942&position=P"">Brent Suter</a>",35.0,0.0,0.0
14078,"<a href=""statss.aspx?playerid=14078&position=P"">Michael Wacha</a>",33.0,0.0,0.0
14107,"<a href=""statss.aspx?playerid=14107&position=P"">Kevin Gausman</a>",34.0,0.0,0.0
14120,"<a href=""statss.aspx?playerid=14120&position=P"">Lance McCullers Jr.</a>",31.0,0.0,0.0
14168,"<a href=""statss.aspx?playerid=14168&position=P"">Jose Berrios</a>",31.0,0.0,0.0
14212,"<a href=""statss.aspx?playerid=14212&position=P"">Josh Hader</a>",31.0,0.0,0.0
14295,"<a href=""statss.aspx?playerid=14295&position=P"">Wandy Peralta</a>",33.0,0.0,0.0
14309,"<a href=""statss.aspx?playerid=14309&position=P"">Frankie Montas</a>",32.0,0.0,0.0
14332,"<a href=""statss.aspx?playerid=14332&position=P"">Joel Payamps</a>",31.0,0.0,0.0
14374,"<a href=""statss.aspx?playerid=14374&position=P"">Tyler Glasnow</a>",31.0,0.0,0.0
14524,"<a href=""statss.aspx?playerid=14524&position=P"">Jose Leclerc</a>",31.0,0.0,0.0
14527,"<a href=""statss.aspx?playerid=14527&position=P"">Jorge Lopez</a>",32.0,0.0,0.0
14542,"<a href=""statss.aspx?playerid=14542&position=P"">Carlos Estevez</a>",32.0,0.0,0.0
14552,"<a href=""statss.aspx?playerid=14552&position=P"">Jose Ruiz</a>",30.0,0.0,0.0
14706,"<a href=""statss.aspx?playerid=14706&position=P"">Anthony Banda</a>",31.0,0.0,0.0
14710,"<a href=""statss.aspx?playerid=14710&position=P"">Edwin Diaz</a>",31.0,0.0,0.0
14739,"<a href=""statss.aspx?playerid=14739&position=P"">Paul Blackburn</a>",31.0,0.0,0.0
14771,"<a href=""statss.aspx?playerid=14771&position=P"">Emilio Pagan</a>",34.0,0.0,0.0
14843,"<a href=""statss.aspx?playerid=14843&position=P"">Michael Lorenzen</a>",33.0,0.0,0.0
14857,"<a href=""statss.aspx?playerid=14857&position=P"">Joe Mantiply</a>",34.0,0.0,0.0
14874,"<a href=""statss.aspx?playerid=14874&position=P"">Sam Moll</a>",33.0,0.0,0.0
14916,"<a href=""statss.aspx?playerid=14916&position=P"">Jon Gray</a>",33.0,0.0,0.0
14932,"<a href=""statss.aspx?playerid=14932&position=P"">Ben Lively</a>",33.0,0.0,0.0
14993,"<a href=""statss.aspx?playerid=14993&position=P"">Scott Barlow</a>",32.0,0.0,0.0
15009,"<a href=""statss.aspx?playerid=15009&position=P"">Kyle Finnegan</a>",33.0,0.0,0.0
15038,"<a href=""statss.aspx?playerid=15038&position=P"">German Marquez</a>",30.0,0.0,0.0
15042,"<a href=""statss.aspx?playerid=15042&position=P"">Tim Mayza</a>",33.0,0.0,0.0
15043,"<a href=""statss.aspx?playerid=15043&position=P"">Lou Trivino</a>",33.0,0.0,0.0
15094,"<a href=""statss.aspx?playerid=15094&position=P"">Rob Zastryzny</a>",33.0,0.0,0.0
15145,"<a href=""statss.aspx?playerid=15145&position=P"">Justin Topa</a>",34.0,0.0,0.0
15256,"<a href=""statss.aspx?playerid=15256&position=P"">Cole Sulser</a>",35.0,0.0,0.0
15369,"<a href=""statss.aspx?playerid=15369&position=P"">Kevin Herget</a>",34.0,0.0,0.0
15423,"<a href=""statss.aspx?playerid=15423&position=P"">Andrew Heaney</a>",34.0,0.0,0.0
15440,"<a href=""statss.aspx?playerid=15440&position=P"">Matthew Boyd</a>",34.0,0.0,0.0
15454,"<a href=""statss.aspx?playerid=15454&position=P"">Nick Pivetta</a>",32.0,0.0,0.0
15463,"<a href=""statss.aspx?playerid=15463&position=P"">Jose De Leon</a>",32.0,0.0,0.0
15474,"<a href=""statss.aspx?playerid=15474&position=P"">Lucas Giolito</a>",30.0,0.0,0.0
15488,"<a href=""statss.aspx?playerid=15488&position=P"">Antonio Senzatela</a>",30.0,0.0,0.0
15507,"<a href=""statss.aspx?playerid=15507&position=P"">Hunter Harvey</a>",30.0,0.0,0.0
15514,"<a href=""statss.aspx?playerid=15514&position=P"">Kendall Graveman</a>",34.0,0.0,0.0
15541,"<a href=""statss.aspx?playerid=15541&position=P"">Tyler Rogers</a>",34.0,0.0,0.0
15551,"<a href=""statss.aspx?playerid=15551&position=P"">Mark Leiter Jr.</a>",34.0,0.0,0.0
15552,"<a href=""statss.aspx?playerid=15552&position=P"">Chad Green</a>",34.0,0.0,0.0
15684,"<a href=""statss.aspx?playerid=15684&position=P"">Miguel Castro</a>",30.0,0.0,0.0
15689,"<a href=""statss.aspx?playerid=15689&position=P"">Luis Castillo</a>",32.0,0.0,0.0
15734,"<a href=""statss.aspx?playerid=15734&position=P"">Brad Keller</a>",29.0,0.0,0.0
15816,"<a href=""statss.aspx?playerid=15816&position=P"">Devin Williams</a>",30.0,0.0,0.0
15823,"<a href=""statss.aspx?playerid=15823&position=P"">Zack Littell</a>",29.0,0.0,0.0
15855,"<a href=""statss.aspx?playerid=15855&position=P"">Wander Suero</a>",33.0,0.0,0.0
15873,"<a href=""statss.aspx?playerid=15873&position=P"">Sean Manaea</a>",33.0,0.0,0.0
15890,"<a href=""statss.aspx?playerid=15890&position=P"">Luis Severino</a>",31.0,0.0,0.0
15947,"<a href=""statss.aspx?playerid=15947&position=P"">Ryne Stanek</a>",33.0,0.0,0.0
16061,"<a href=""statss.aspx?playerid=16061&position=P"">Cam Booser</a>",33.0,0.0,0.0
16074,"<a href=""statss.aspx?playerid=16074&position=P"">Nick Burdi</a>",32.0,0.0,0.0
16094,"<a href=""statss.aspx?playerid=16094&position=P"">Zach Thompson</a>",31.0,0.0,0.0
16122,"<a href=""statss.aspx?playerid=16122&position=P"">Jordan Romano</a>",32.0,0.0,0.0
16128,"<a href=""statss.aspx?playerid=16128&position=P"">John Curtiss</a>",32.0,0.0,0.0
16137,"<a href=""statss.aspx?playerid=16137&position=P"">Carlos Rodon</a>",32.0,0.0,0.0
16149,"<a href=""statss.aspx?playerid=16149&position=P"">Aaron Nola</a>",32.0,0.0,0.0
16162,"<a href=""statss.aspx?playerid=16162&position=P"">Brandon Woodruff</a>",32.0,0.0,0.0
16207,"<a href=""statss.aspx?playerid=16207&position=P"">Spencer Turnbull</a>",32.0,0.0,0.0
16256,"<a href=""statss.aspx?playerid=16256&position=P"">Kyle Freeland</a>",32.0,0.0,0.0
16258,"<a href=""statss.aspx?playerid=16258&position=P"">Aaron Bummer</a>",31.0,0.0,0.0
16300,"<a href=""statss.aspx?playerid=16300&position=P"">Jesus Tinoco</a>",30.0,0.0,0.0
16350,"<a href=""statss.aspx?playerid=16350&position=P"">Ryan Borucki</a>",31.0,0.0,0.0
16358,"<a href=""statss.aspx?playerid=16358&position=P"">Tyler Mahle</a>",30.0,0.0,0.0
16400,"<a href=""statss.aspx?playerid=16400&position=P"">Reynaldo Lopez</a>",31.0,0.0,0.0
16427,"<a href=""statss.aspx?playerid=16427&position=P"">Scott Blewett</a>",29.0,0.0,0.0
16502,"<a href=""statss.aspx?playerid=16502&position=P"">Ryan Yarbrough</a>",33.0,0.0,0.0
16507,"<a href=""statss.aspx?playerid=16507&position=P"">Dan Altavilla</a>",32.0,0.0,0.0
16561,"<a href=""statss.aspx?playerid=16561&position=P"">Austin Gomber</a>",31.0,0.0,0.0
16587,"<a href=""statss.aspx?playerid=16587&position=P"">Erik Swanson</a>",31.0,0.0,0.0
16609,"<a href=""statss.aspx?playerid=16609&position=P"">Bryan Abreu</a>",28.0,0.0,0.0
16610,"<a href=""statss.aspx?playerid=16610&position=P"">J.P. Feyereisen</a>",32.0,0.0,0.0
16631,"<a href=""statss.aspx?playerid=16631&position=P"">Jeff Brigham</a>",33.0,0.0,0.0
16647,"<a href=""statss.aspx?playerid=16647&position=P"">Ryan Thompson</a>",33.0,0.0,0.0
16703,"<a href=""statss.aspx?playerid=16703&position=P"">Julian Merryweather</a>",33.0,0.0,0.0
16727,"<a href=""statss.aspx?playerid=16727&position=P"">Brock Stewart</a>",33.0,0.0,0.0
16814,"<a href=""statss.aspx?playerid=16814&position=P"">Tim Hill</a>",35.0,0.0,0.0
16835,"<a href=""statss.aspx?playerid=16835&position=P"">Brennan Bernardino</a>",33.0,0.0,0.0
16866,"<a href=""statss.aspx?playerid=16866&position=P"">Reed Garrett</a>",32.0,0.0,0.0
16918,"<a href=""statss.aspx?playerid=16918&position=P"">Luke Weaver</a>",31.0,0.0,0.0
16929,"<a href=""statss.aspx?playerid=16929&position=P"">Touki Toussaint</a>",29.0,0.0,0.0
16943,"<a href=""statss.aspx?playerid=16943&position=P"">Sean Newcomb</a>",32.0,0.0,0.0
16944,"<a href=""statss.aspx?playerid=16944&position=P"">Grant Holmes</a>",29.0,0.0,0.0
16977,"<a href=""statss.aspx?playerid=16977&position=P"">Trevor Williams</a>",33.0,0.0,0.0
16990,"<a href=""statss.aspx?playerid=16990&position=P"">Tanner Banks</a>",33.0,0.0,0.0
17085,"<a href=""statss.aspx?playerid=17085&position=P"">Pablo Lopez</a>",29.0,0.0,0.0
17130,"<a href=""statss.aspx?playerid=17130&position=P"">Raisel Iglesias</a>",35.0,0.0,0.0
17169,"<a href=""statss.aspx?playerid=17169&position=P"">Jose Castillo</a>",29.0,0.0,0.0
17170,"<a href=""statss.aspx?playerid=17170&position=P"">Gabe Speier</a>",30.0,0.0,0.0
17192,"<a href=""statss.aspx?playerid=17192&position=P"">Jalen Beeks</a>",31.0,0.0,0.0
17277,"<a href=""statss.aspx?playerid=17277&position=P"">Ranger Suarez</a>",29.0,0.0,0.0
17282,"<a href=""statss.aspx?playerid=17282&position=P"">Michael Kopech</a>",29.0,0.0,0.0
17295,"<a href=""statss.aspx?playerid=17295&position=P"">Framber Valdez</a>",31.0,0.0,0.0
17312,"<a href=""statss.aspx?playerid=17312&position=P"">Justin Steele</a>",29.0,0.0,0.0
17381,"<a href=""statss.aspx?playerid=17381&position=P"">Matt Gage</a>",32.0,0.0,0.0
17425,"<a href=""statss.aspx?playerid=17425&position=P"">Erick Fedde</a>",32.0,0.0,0.0
17432,"<a href=""statss.aspx?playerid=17432&position=P"">Jeff Hoffman</a>",32.0,0.0,0.0
17479,"<a href=""statss.aspx?playerid=17479&position=P"">Jack Flaherty</a>",29.0,0.0,0.0
17490,"<a href=""statss.aspx?playerid=17490&position=P"">Genesis Cabrera</a>",28.0,0.0,0.0
17536,"<a href=""statss.aspx?playerid=17536&position=P"">Ryan Burr</a>",31.0,0.0,0.0
17556,"<a href=""statss.aspx?playerid=17556&position=P"">Jimmy Herget</a>",31.0,0.0,0.0
17578,"<a href=""statss.aspx?playerid=17578&position=P"">JT Brubaker</a>",31.0,0.0,0.0
17586,"<a href=""statss.aspx?playerid=17586&position=P"">Tanner Scott</a>",30.0,0.0,0.0
17594,"<a href=""statss.aspx?playerid=17594&position=P"">Mitch Keller</a>",29.0,0.0,0.0
17606,"<a href=""statss.aspx?playerid=17606&position=P"">Cristian Javier</a>",28.0,0.0,0.0
17610,"<a href=""statss.aspx?playerid=17610&position=P"">Tanner Rainey</a>",32.0,0.0,0.0
17611,"<a href=""statss.aspx?playerid=17611&position=P"">Taylor Clarke</a>",32.0,0.0,0.0
17639,"<a href=""statss.aspx?playerid=17639&position=P"">Justin Lawrence</a>",30.0,0.0,0.0
17677,"<a href=""statss.aspx?playerid=17677&position=P"">Jeffrey Springs</a>",32.0,0.0,0.0
17722,"<a href=""statss.aspx?playerid=17722&position=P"">Trevor Megill</a>",31.0,0.0,0.0
17732,"<a href=""statss.aspx?playerid=17732&position=P"">Nabil Crismatt</a>",30.0,0.0,0.0
17734,"<a href=""statss.aspx?playerid=17734&position=P"">Evan Phillips</a>",30.0,0.0,0.0
17759,"<a href=""statss.aspx?playerid=17759&position=P"">Angel Perdomo</a>",31.0,0.0,0.0
17780,"<a href=""statss.aspx?playerid=17780&position=P"">Jose Alvarado</a>",30.0,0.0,0.0
17796,"<a href=""statss.aspx?playerid=17796&position=P"">Dillon Tate</a>",31.0,0.0,0.0
17871,"<a href=""statss.aspx?playerid=17871&position=P"">Ian Gibaut</a>",31.0,0.0,0.0
17874,"<a href=""statss.aspx?playerid=17874&position=P"">Nestor Cortes</a>",30.0,0.0,0.0
17878,"<a href=""statss.aspx?playerid=17878&position=P"">Dennis Santana</a>",29.0,0.0,0.0
17888,"<a href=""statss.aspx?playerid=17888&position=P"">Tayler Saucedo</a>",32.0,0.0,0.0
17897,"<a href=""statss.aspx?playerid=17897&position=P"">Garrett Cleavinger</a>",31.0,0.0,0.0
17948,"<a href=""statss.aspx?playerid=17948&position=P"">Trent Thornton</a>",31.0,0.0,0.0
17964,"<a href=""statss.aspx?playerid=17964&position=P"">Tyler Gilbert</a>",31.0,0.0,0.0
17968,"<a href=""statss.aspx?playerid=17968&position=P"">Brock Burke</a>",28.0,0.0,0.0
17995,"<a href=""statss.aspx?playerid=17995&position=P"">Logan Webb</a>",28.0,0.0,0.0
17998,"<a href=""statss.aspx?playerid=17998&position=P"">Pete Fairbanks</a>",31.0,0.0,0.0
18000,"<a href=""statss.aspx?playerid=18000&position=P"">Triston McKenzie</a>",27.0,0.0,0.0
18064,"<a href=""statss.aspx?playerid=18064&position=P"">Phil Maton</a>",32.0,0.0,0.0
18138,"<a href=""statss.aspx?playerid=18138&position=P"">Ryan Helsley</a>",30.0,0.0,0.0
18152,"<a href=""statss.aspx?playerid=18152&position=P"">Anthony Misiewicz</a>",30.0,0.0,0.0
18297,"<a href=""statss.aspx?playerid=18297&position=P"">Tyler Kinley</a>",34.0,0.0,0.0
18311,"<a href=""statss.aspx?playerid=18311&position=P"">Carson Fulmer</a>",31.0,0.0,0.0
18337,"<a href=""statss.aspx?playerid=18337&position=P"">Nick Anderson</a>",34.0,0.0,0.0
18341,"<a href=""statss.aspx?playerid=18341&position=P"">Julian Fernandez</a>",29.0,0.0,0.0
18347,"<a href=""statss.aspx?playerid=18347&position=P"">Brandon Waddell</a>",31.0,0.0,0.0
18383,"<a href=""statss.aspx?playerid=18383&position=P"">Michael Soroka</a>",27.0,0.0,0.0
18384,"<a href=""statss.aspx?playerid=18384&position=P"">Scott Effross</a>",31.0,0.0,0.0
18403,"<a href=""statss.aspx?playerid=18403&position=P"">Enyel De Los Santos</a>",29.0,0.0,0.0
18413,"<a href=""statss.aspx?playerid=18413&position=P"">Jose Urquidy</a>",30.0,0.0,0.0
18439,"<a href=""statss.aspx?playerid=18439&position=P"">Danny Young</a>",31.0,0.0,0.0
18498,"<a href=""statss.aspx?playerid=18498&position=P"">Kenta Maeda</a>",37.0,0.0,0.0
18525,"<a href=""statss.aspx?playerid=18525&position=P"">Dylan Cease</a>",29.0,0.0,0.0
18655,"<a href=""statss.aspx?playerid=18655&position=P"">A.J. Minter</a>",31.0,0.0,0.0
18674,"<a href=""statss.aspx?playerid=18674&position=P"">Jake Woodford</a>",28.0,0.0,0.0
18679,"<a href=""statss.aspx?playerid=18679&position=P"">Freddy Peralta</a>",29.0,0.0,0.0
18684,"<a href=""statss.aspx?playerid=18684&position=P"">Sandy Alcantara</a>",29.0,0.0,0.0
18694,"<a href=""statss.aspx?playerid=18694&position=P"">Kolby Allard</a>",27.0,0.0,0.0
18769,"<a href=""statss.aspx?playerid=18769&position=P"">Cody Poteet</a>",30.0,0.0,0.0
19178,"<a href=""statss.aspx?playerid=19178&position=P"">Tommy Nance</a>",34.0,0.0,0.0
19200,"<a href=""statss.aspx?playerid=19200&position=P"">Jose Quijada</a>",29.0,0.0,0.0
19205,"<a href=""statss.aspx?playerid=19205&position=P"">Jesse Scholtens</a>",31.0,0.0,0.0
19222,"<a href=""statss.aspx?playerid=19222&position=P"">Lake Bachar</a>",30.0,0.0,0.0
19249,"<a href=""statss.aspx?playerid=19249&position=P"">Seranthony Dominguez</a>",30.0,0.0,0.0
19261,"<a href=""statss.aspx?playerid=19261&position=P"">Ian Hamilton</a>",30.0,0.0,0.0
19264,"<a href=""statss.aspx?playerid=19264&position=P"">Thomas Hatch</a>",30.0,0.0,0.0
19274,"<a href=""statss.aspx?playerid=19274&position=P"">Jacob Webb</a>",31.0,0.0,0.0
19281,"<a href=""statss.aspx?playerid=19281&position=P"">Nick Hernandez</a>",30.0,0.0,0.0
19291,"<a href=""statss.aspx?playerid=19291&position=P"">Zac Gallen</a>",29.0,0.0,0.0
19309,"<a href=""statss.aspx?playerid=19309&position=P"">Trevor Richards</a>",32.0,0.0,0.0
19312,"<a href=""statss.aspx?playerid=19312&position=P"">Cal Quantrill</a>",30.0,0.0,0.0
19315,"<a href=""statss.aspx?playerid=19315&position=P"">Matt Krook</a>",30.0,0.0,0.0
19316,"<a href=""statss.aspx?playerid=19316&position=P"">Eric Lauer</a>",30.0,0.0,0.0
19320,"<a href=""statss.aspx?playerid=19320&position=P"">Joey Lucchesi</a>",32.0,0.0,0.0
19330,"<a href=""statss.aspx?playerid=19330&position=P"">Matt Festa</a>",32.0,0.0,0.0
19337,"<a href=""statss.aspx?playerid=19337&position=P"">Richard Lovelady</a>",29.0,0.0,0.0
19343,"<a href=""statss.aspx?playerid=19343&position=P"">A.J. Puk</a>",30.0,0.0,0.0
19349,"<a href=""statss.aspx?playerid=19349&position=P"">Caleb Ferguson</a>",28.0,0.0,0.0
19350,"<a href=""statss.aspx?playerid=19350&position=P"">Dean Kremer</a>",29.0,0.0,0.0
19360,"<a href=""statss.aspx?playerid=19360&position=P"">Lucas Erceg</a>",30.0,0.0,0.0
19361,"<a href=""statss.aspx?playerid=19361&position=P"">Corbin Burnes</a>",30.0,0.0,0.0
19362,"<a href=""statss.aspx?playerid=19362&position=P"">Keegan Akin</a>",30.0,0.0,0.0
19374,"<a href=""statss.aspx?playerid=19374&position=P"">Walker Buehler</a>",30.0,0.0,0.0
19388,"<a href=""statss.aspx?playerid=19388&position=P"">Tony Gonsolin</a>",31.0,0.0,0.0
19403,"<a href=""statss.aspx?playerid=19403&position=P"">Colin Poche</a>",31.0,0.0,0.0
19407,"<a href=""statss.aspx?playerid=19407&position=P"">Ronel Blanco</a>",31.0,0.0,0.0
19409,"<a href=""statss.aspx?playerid=19409&position=P"">Dane Dunning</a>",30.0,0.0,0.0
19427,"<a href=""statss.aspx?playerid=19427&position=P"">Shane Bieber</a>",30.0,0.0,0.0
19444,"<a href=""statss.aspx?playerid=19444&position=P"">Yohan Ramirez</a>",30.0,0.0,0.0
19453,"<a href=""statss.aspx?playerid=19453&position=P"">Shaun Anderson</a>",30.0,0.0,0.0
19459,"<a href=""statss.aspx?playerid=19459&position=P"">Jorge Alcala</a>",29.0,0.0,0.0
19479,"<a href=""statss.aspx?playerid=19479&position=P"">Aaron Civale</a>",30.0,0.0,0.0
19481,"<a href=""statss.aspx?playerid=19481&position=P"">Tyler Ferguson</a>",31.0,0.0,0.0
19524,"<a href=""statss.aspx?playerid=19524&position=P"">Alan Rangel</a>",27.0,0.0,0.0
19558,"<a href=""statss.aspx?playerid=19558&position=P"">Geoff Hartlieb</a>",31.0,0.0,0.0
19569,"<a href=""statss.aspx?playerid=19569&position=P"">David Bednar</a>",30.0,0.0,0.0
19574,"<a href=""statss.aspx?playerid=19574&position=P"">JoJo Romero</a>",28.0,0.0,0.0
19586,"<a href=""statss.aspx?playerid=19586&position=P"">Forrest Whitley</a>",27.0,0.0,0.0
19614,"<a href=""statss.aspx?playerid=19614&position=P"">Cionel Perez</a>",29.0,0.0,0.0
19618,"<a href=""statss.aspx?playerid=19618&position=P"">Jordan Hicks</a>",28.0,0.0,0.0
19646,"<a href=""statss.aspx?playerid=19646&position=P"">Kyle Hart</a>",32.0,0.0,0.0
19666,"<a href=""statss.aspx?playerid=19666&position=P"">Jason Alexander</a>",32.0,0.0,0.0
19677,"<a href=""statss.aspx?playerid=19677&position=P"">Gregory Soto</a>",30.0,0.0,0.0
19695,"<a href=""statss.aspx?playerid=19695&position=P"">Connor Seabold</a>",29.0,0.0,0.0
19716,"<a href=""statss.aspx?playerid=19716&position=P"">Dustin May</a>",27.0,0.0,0.0
19736,"<a href=""statss.aspx?playerid=19736&position=P"">Caleb Boushley</a>",31.0,0.0,0.0
19742,"<a href=""statss.aspx?playerid=19742&position=P"">Anthony Bender</a>",30.0,0.0,0.0
19753,"<a href=""statss.aspx?playerid=19753&position=P"">Jonathan Loaisiga</a>",30.0,0.0,0.0
19754,"<a href=""statss.aspx?playerid=19754&position=P"">Reiver Sanmartin</a>",29.0,0.0,0.0
19769,"<a href=""statss.aspx?playerid=19769&position=P"">Will Vest</a>",30.0,0.0,0.0
19784,"<a href=""statss.aspx?playerid=19784&position=P"">Justin Garza</a>",31.0,0.0,0.0
19804,"<a href=""statss.aspx?playerid=19804&position=P"">Bryan Baker</a>",30.0,0.0,0.0
19835,"<a href=""statss.aspx?playerid=19835&position=P"">Gerson Garabito</a>",29.0,0.0,0.0
19853,"<a href=""statss.aspx?playerid=19853&position=P"">Michael King</a>",30.0,0.0,0.0
19867,"<a href=""statss.aspx?playerid=19867&position=P"">Griffin Canning</a>",29.0,0.0,0.0
19876,"<a href=""statss.aspx?playerid=19876&position=P"">Kevin Ginkel</a>",31.0,0.0,0.0
19879,"<a href=""statss.aspx?playerid=19879&position=P"">Tanner Houck</a>",29.0,0.0,0.0
19883,"<a href=""statss.aspx?playerid=19883&position=P"">Alex Lange</a>",29.0,0.0,0.0
19884,"<a href=""statss.aspx?playerid=19884&position=P"">Corbin Martin</a>",29.0,0.0,0.0
19899,"<a href=""statss.aspx?playerid=19899&position=P"">Clarke Schmidt</a>",29.0,0.0,0.0
19911,"<a href=""statss.aspx?playerid=19911&position=P"">Jose Suarez</a>",27.0,0.0,0.0
19924,"<a href=""statss.aspx?playerid=19924&position=P"">Bryan Hudson</a>",28.0,0.0,0.0
19926,"<a href=""statss.aspx?playerid=19926&position=P"">Tony Santillan</a>",28.0,0.0,0.0
19951,"<a href=""statss.aspx?playerid=19951&position=P"">Ian Anderson</a>",27.0,0.0,0.0
19959,"<a href=""statss.aspx?playerid=19959&position=P"">Jesus Luzardo</a>",27.0,0.0,0.0
19962,"<a href=""statss.aspx?playerid=19962&position=P"">Joey Wentz</a>",27.0,0.0,0.0
19990,"<a href=""statss.aspx?playerid=19990&position=P"">Bryse Wilson</a>",27.0,0.0,0.0
19996,"<a href=""statss.aspx?playerid=19996&position=P"">Dylan Lee</a>",30.0,0.0,0.0
20000,"<a href=""statss.aspx?playerid=20000&position=P"">Tyler Wells</a>",30.0,0.0,0.0
20020,"<a href=""statss.aspx?playerid=20020&position=P"">John Schreiber</a>",31.0,0.0,0.0
20023,"<a href=""statss.aspx?playerid=20023&position=P"">Rico Garcia</a>",31.0,0.0,0.0
20038,"<a href=""statss.aspx?playerid=20038&position=P"">Darren McCaughan</a>",29.0,0.0,0.0
20039,"<a href=""statss.aspx?playerid=20039&position=P"">Adrian Morejon</a>",26.0,0.0,0.0
20045,"<a href=""statss.aspx?playerid=20045&position=P"">Sean Guenther</a>",29.0,0.0,0.0
20061,"<a href=""statss.aspx?playerid=20061&position=P"">Kaleb Ort</a>",33.0,0.0,0.0
20070,"<a href=""statss.aspx?playerid=20070&position=P"">Bailey Falter</a>",28.0,0.0,0.0
20099,"<a href=""statss.aspx?playerid=20099&position=P"">Chris Paddack</a>",29.0,0.0,0.0
20116,"<a href=""statss.aspx?playerid=20116&position=P"">Calvin Faucher</a>",29.0,0.0,0.0
20160,"<a href=""statss.aspx?playerid=20160&position=P"">Nate Pearson</a>",28.0,0.0,0.0
20185,"<a href=""statss.aspx?playerid=20185&position=P"">Zach Pop</a>",28.0,0.0,0.0
20191,"<a href=""statss.aspx?playerid=20191&position=P"">Garrett Whitlock</a>",29.0,0.0,0.0
20198,"<a href=""statss.aspx?playerid=20198&position=P"">Ben Bowden</a>",30.0,0.0,0.0
20203,"<a href=""statss.aspx?playerid=20203&position=P"">Eli Morgan</a>",29.0,0.0,0.0
20253,"<a href=""statss.aspx?playerid=20253&position=P"">Griffin Jax</a>",30.0,0.0,0.0
20271,"<a href=""statss.aspx?playerid=20271&position=P"">Daysbel Hernandez</a>",28.0,0.0,0.0
20298,"<a href=""statss.aspx?playerid=20298&position=P"">Jhonathan Diaz</a>",28.0,0.0,0.0
20302,"<a href=""statss.aspx?playerid=20302&position=P"">David Peterson</a>",29.0,0.0,0.0
20333,"<a href=""statss.aspx?playerid=20333&position=P"">Nick Raquet</a>",29.0,0.0,0.0
20348,"<a href=""statss.aspx?playerid=20348&position=P"">Riley O'Brien</a>",30.0,0.0,0.0
20349,"<a href=""statss.aspx?playerid=20349&position=P"">Zack Kelly</a>",30.0,0.0,0.0
20353,"<a href=""statss.aspx?playerid=20353&position=P"">Steven Wilson</a>",30.0,0.0,0.0
20370,"<a href=""statss.aspx?playerid=20370&position=P"">Bruce Zimmermann</a>",30.0,0.0,0.0
20373,"<a href=""statss.aspx?playerid=20373&position=P"">Andres Munoz</a>",26.0,0.0,0.0
20375,"<a href=""statss.aspx?playerid=20375&position=P"">Greg Weissert</a>",30.0,0.0,0.0
20379,"<a href=""statss.aspx?playerid=20379&position=P"">Tyler Zuber</a>",30.0,0.0,0.0
20385,"<a href=""statss.aspx?playerid=20385&position=P"">Isaac Mattson</a>",29.0,0.0,0.0
20422,"<a href=""statss.aspx?playerid=20422&position=P"">Jovani Moran</a>",28.0,0.0,0.0
20423,"<a href=""statss.aspx?playerid=20423&position=P"">Ryan Walker</a>",29.0,0.0,0.0
20492,"<a href=""statss.aspx?playerid=20492&position=P"">Casey Mize</a>",28.0,0.0,0.0
20515,"<a href=""statss.aspx?playerid=20515&position=P"">Kyle Nelson</a>",28.0,0.0,0.0
20517,"<a href=""statss.aspx?playerid=20517&position=P"">Nick Sandlin</a>",28.0,0.0,0.0
20539,"<a href=""statss.aspx?playerid=20539&position=P"">Edwin Uceta</a>",27.0,0.0,0.0
20546,"<a href=""statss.aspx?playerid=20546&position=P"">Grant Anderson</a>",28.0,0.0,0.0
20548,"<a href=""statss.aspx?playerid=20548&position=P"">Bowden Francis</a>",29.0,0.0,0.0
20629,"<a href=""statss.aspx?playerid=20629&position=P"">Tyler Phillips</a>",27.0,0.0,0.0
20633,"<a href=""statss.aspx?playerid=20633&position=P"">Yusei Kikuchi</a>",34.0,0.0,0.0
20638,"<a href=""statss.aspx?playerid=20638&position=P"">Luis F. Castillo</a>",30.0,0.0,0.0
20666,"<a href=""statss.aspx?playerid=20666&position=P"">Felix Bautista</a>",30.0,0.0,0.0
20778,"<a href=""statss.aspx?playerid=20778&position=P"">Cristopher Sanchez</a>",28.0,0.0,0.0
20794,"<a href=""statss.aspx?playerid=20794&position=P"">Manuel Rodriguez</a>",28.0,0.0,0.0
20827,"<a href=""statss.aspx?playerid=20827&position=P"">Michael Petersen</a>",31.0,0.0,0.0
20962,"<a href=""statss.aspx?playerid=20962&position=P"">Elvin Rodriguez</a>",27.0,0.0,0.0
20997,"<a href=""statss.aspx?playerid=20997&position=P"">Eduard Bazardo</a>",29.0,0.0,0.0
21029,"<a href=""statss.aspx?playerid=21029&position=P"">Jhoan Duran</a>",27.0,0.0,0.0
21032,"<a href=""statss.aspx?playerid=21032&position=P"">Emmanuel Clase</a>",27.0,0.0,0.0
21045,"<a href=""statss.aspx?playerid=21045&position=P"">Seth Martinez</a>",30.0,0.0,0.0
21052,"<a href=""statss.aspx?playerid=21052&position=P"">Luis Gil</a>",27.0,0.0,0.0
21101,"<a href=""statss.aspx?playerid=21101&position=P"">Dauri Moreta</a>",29.0,0.0,0.0
21131,"<a href=""statss.aspx?playerid=21131&position=P"">Jose Espada</a>",28.0,0.0,0.0
21132,"<a href=""statss.aspx?playerid=21132&position=P"">Alexis Diaz</a>",28.0,0.0,0.0
21189,"<a href=""statss.aspx?playerid=21189&position=P"">Brooks Kriske</a>",31.0,0.0,0.0
21205,"<a href=""statss.aspx?playerid=21205&position=P"">Connor Brogdon</a>",30.0,0.0,0.0
21212,"<a href=""statss.aspx?playerid=21212&position=P"">J.P. France</a>",30.0,0.0,0.0
21224,"<a href=""statss.aspx?playerid=21224&position=P"">Bailey Ober</a>",29.0,0.0,0.0
21229,"<a href=""statss.aspx?playerid=21229&position=P"">Daniel Robert</a>",30.0,0.0,0.0
21238,"<a href=""statss.aspx?playerid=21238&position=P"">Allan Winans</a>",29.0,0.0,0.0
21267,"<a href=""statss.aspx?playerid=21267&position=P"">Jake Bird</a>",29.0,0.0,0.0
21290,"<a href=""statss.aspx?playerid=21290&position=P"">Lucas Gilbreath</a>",29.0,0.0,0.0
21306,"<a href=""statss.aspx?playerid=21306&position=P"">Jacob Latz</a>",29.0,0.0,0.0
21318,"<a href=""statss.aspx?playerid=21318&position=P"">Tylor Megill</a>",29.0,0.0,0.0
21345,"<a href=""statss.aspx?playerid=21345&position=P"">Bennett Sousa</a>",30.0,0.0,0.0
21390,"<a href=""statss.aspx?playerid=21390&position=P"">Joe Ryan</a>",29.0,0.0,0.0
21420,"<a href=""statss.aspx?playerid=21420&position=P"">Yerry De Los Santos</a>",27.0,0.0,0.0
21446,"<a href=""statss.aspx?playerid=21446&position=P"">Ryan Feltner</a>",28.0,0.0,0.0
21448,"<a href=""statss.aspx?playerid=21448&position=P"">Davis Martin</a>",28.0,0.0,0.0
21453,"<a href=""statss.aspx?playerid=21453&position=P"">Konnor Pilkington</a>",27.0,0.0,0.0
21455,"<a href=""statss.aspx?playerid=21455&position=P"">Kris Bubic</a>",27.0,0.0,0.0
21461,"<a href=""statss.aspx?playerid=21461&position=P"">Cole Sands</a>",27.0,0.0,0.0
21481,"<a href=""statss.aspx?playerid=21481&position=P"">Sean Hjelle</a>",28.0,0.0,0.0
21487,"<a href=""statss.aspx?playerid=21487&position=P"">Stephen Kolek</a>",28.0,0.0,0.0
21504,"<a href=""statss.aspx?playerid=21504&position=P"">Jake Irvin</a>",28.0,0.0,0.0
21520,"<a href=""statss.aspx?playerid=21520&position=P"">Hogan Harris</a>",28.0,0.0,0.0
21537,"<a href=""statss.aspx?playerid=21537&position=P"">Daniel Lynch IV</a>",28.0,0.0,0.0
21544,"<a href=""statss.aspx?playerid=21544&position=P"">Chase Shugart</a>",28.0,0.0,0.0
21546,"<a href=""statss.aspx?playerid=21546&position=P"">Justin Hagenman</a>",28.0,0.0,0.0
21549,"<a href=""statss.aspx?playerid=21549&position=P"">Jackson Kowar</a>",28.0,0.0,0.0
21574,"<a href=""statss.aspx?playerid=21574&position=P"">Brendon Little</a>",28.0,0.0,0.0
21584,"<a href=""statss.aspx?playerid=21584&position=P"">Tristan Beck</a>",29.0,0.0,0.0
21623,"<a href=""statss.aspx?playerid=21623&position=P"">Grant Wolfram</a>",28.0,0.0,0.0
21652,"<a href=""statss.aspx?playerid=21652&position=P"">Elvis Peguero</a>",28.0,0.0,0.0
21662,"<a href=""statss.aspx?playerid=21662&position=P"">Elvis Alvarado</a>",26.0,0.0,0.0
21690,"<a href=""statss.aspx?playerid=21690&position=P"">Edward Cabrera</a>",27.0,0.0,0.0
21741,"<a href=""statss.aspx?playerid=21741&position=P"">Javier Assad</a>",27.0,0.0,0.0
21846,"<a href=""statss.aspx?playerid=21846&position=P"">Cole Ragans</a>",27.0,0.0,0.0
21850,"<a href=""statss.aspx?playerid=21850&position=P"">Mason Thompson</a>",27.0,0.0,0.0
21863,"<a href=""statss.aspx?playerid=21863&position=P"">George Soriano</a>",26.0,0.0,0.0
21894,"<a href=""statss.aspx?playerid=21894&position=P"">Gregory Santos</a>",25.0,0.0,0.0
21922,"<a href=""statss.aspx?playerid=21922&position=P"">Sauryn Lao</a>",25.0,0.0,0.0
21924,"<a href=""statss.aspx?playerid=21924&position=P"">Juan Morillo</a>",26.0,0.0,0.0
21951,"<a href=""statss.aspx?playerid=21951&position=P"">Joel Peguero</a>",28.0,0.0,0.0
21992,"<a href=""statss.aspx?playerid=21992&position=P"">Camilo Doval</a>",27.0,0.0,0.0
22051,"<a href=""statss.aspx?playerid=22051&position=P"">John King</a>",30.0,0.0,0.0
22100,"<a href=""statss.aspx?playerid=22100&position=P"">Jose Soriano</a>",26.0,0.0,0.0
22113,"<a href=""statss.aspx?playerid=22113&position=P"">Cole Winn</a>",25.0,0.0,0.0
22175,"<a href=""statss.aspx?playerid=22175&position=P"">Max Kranick</a>",27.0,0.0,0.0
22176,"<a href=""statss.aspx?playerid=22176&position=P"">Easton McGee</a>",27.0,0.0,0.0
22182,"<a href=""statss.aspx?playerid=22182&position=P"">Hunter Greene</a>",25.0,0.0,0.0
22191,"<a href=""statss.aspx?playerid=22191&position=P"">Tobias Myers</a>",26.0,0.0,0.0
22200,"<a href=""statss.aspx?playerid=22200&position=P"">Ryan Rolison</a>",27.0,0.0,0.0
22201,"<a href=""statss.aspx?playerid=22201&position=P"">MacKenzie Gore</a>",26.0,0.0,0.0
22207,"<a href=""statss.aspx?playerid=22207&position=P"">DL Hall</a>",26.0,0.0,0.0
22210,"<a href=""statss.aspx?playerid=22210&position=P"">Jeremiah Estrada</a>",26.0,0.0,0.0
22250,"<a href=""statss.aspx?playerid=22250&position=P"">Logan Gilbert</a>",28.0,0.0,0.0
22253,"<a href=""statss.aspx?playerid=22253&position=P"">Sean Reynolds</a>",27.0,0.0,0.0
22264,"<a href=""statss.aspx?playerid=22264&position=P"">Shane Baz</a>",26.0,0.0,0.0
22267,"<a href=""statss.aspx?playerid=22267&position=P"">Tarik Skubal</a>",28.0,0.0,0.0
22273,"<a href=""statss.aspx?playerid=22273&position=P"">Owen White</a>",25.0,0.0,0.0
22284,"<a href=""statss.aspx?playerid=22284&position=P"">Matt Sauer</a>",26.0,0.0,0.0
22288,"<a href=""statss.aspx?playerid=22288&position=P"">Mason Englert</a>",25.0,0.0,0.0
22294,"<a href=""statss.aspx?playerid=22294&position=P"">Matthew Liberatore</a>",25.0,0.0,0.0
22304,"<a href=""statss.aspx?playerid=22304&position=P"">Brenan Hanifee</a>",27.0,0.0,0.0
22361,"<a href=""statss.aspx?playerid=22361&position=P"">Colin Holderman</a>",29.0,0.0,0.0
22387,"<a href=""statss.aspx?playerid=22387&position=P"">Josh Winckowski</a>",27.0,0.0,0.0
22461,"<a href=""statss.aspx?playerid=22461&position=P"">Logan Gillaspie</a>",28.0,0.0,0.0
22487,"<a href=""statss.aspx?playerid=22487&position=P"">Johan Oviedo</a>",27.0,0.0,0.0
22533,"<a href=""statss.aspx?playerid=22533&position=P"">Michel Otanez</a>",27.0,0.0,0.0
22543,"<a href=""statss.aspx?playerid=22543&position=P"">Taj Bradley</a>",24.0,0.0,0.0
22630,"<a href=""statss.aspx?playerid=22630&position=P"">Keider Montero</a>",24.0,0.0,0.0
22713,"<a href=""statss.aspx?playerid=22713&position=P"">Carlos Hernandez</a>",28.0,0.0,0.0
22717,"<a href=""statss.aspx?playerid=22717&position=P"">Angel Zerpa</a>",25.0,0.0,0.0
22810,"<a href=""statss.aspx?playerid=22810&position=P"">Roansy Contreras</a>",25.0,0.0,0.0
22872,"<a href=""statss.aspx?playerid=22872&position=P"">Yoendrys Gomez</a>",25.0,0.0,0.0
22915,"<a href=""statss.aspx?playerid=22915&position=P"">Carlos Vargas</a>",25.0,0.0,0.0
23055,"<a href=""statss.aspx?playerid=23055&position=P"">Dedniel Nunez</a>",29.0,0.0,0.0
23091,"<a href=""statss.aspx?playerid=23091&position=P"">Robinson Pina</a>",26.0,0.0,0.0
23135,"<a href=""statss.aspx?playerid=23135&position=P"">Eduardo Salazar</a>",27.0,0.0,0.0
23150,"<a href=""statss.aspx?playerid=23150&position=P"">Osvaldo Bido</a>",29.0,0.0,0.0
23162,"<a href=""statss.aspx?playerid=23162&position=P"">Eduarniel Nunez</a>",26.0,0.0,0.0
23165,"<a href=""statss.aspx?playerid=23165&position=P"">Steven Cruz</a>",26.0,0.0,0.0
23223,"<a href=""statss.aspx?playerid=23223&position=P"">Michael Mercado</a>",26.0,0.0,0.0
23237,"<a href=""statss.aspx?playerid=23237&position=P"">Juan Mejia</a>",24.0,0.0,0.0
23265,"<a href=""statss.aspx?playerid=23265&position=P"">Cody Bolton</a>",27.0,0.0,0.0
23293,"<a href=""statss.aspx?playerid=23293&position=P"">Codi Heuer</a>",28.0,0.0,0.0
23301,"<a href=""statss.aspx?playerid=23301&position=P"">Janson Junk</a>",29.0,0.0,0.0
23307,"<a href=""statss.aspx?playerid=23307&position=P"">Collin Snider</a>",29.0,0.0,0.0
23313,"<a href=""statss.aspx?playerid=23313&position=P"">Jose Butto</a>",27.0,0.0,0.0
23324,"<a href=""statss.aspx?playerid=23324&position=P"">Freddy Tarnok</a>",26.0,0.0,0.0
23335,"<a href=""statss.aspx?playerid=23335&position=P"">Joey Cantillo</a>",25.0,0.0,0.0
23363,"<a href=""statss.aspx?playerid=23363&position=P"">Robert Garcia</a>",29.0,0.0,0.0
23381,"<a href=""statss.aspx?playerid=23381&position=P"">Nolan Hoffman</a>",27.0,0.0,0.0
23394,"<a href=""statss.aspx?playerid=23394&position=P"">PJ Poulin</a>",28.0,0.0,0.0
23426,"<a href=""statss.aspx?playerid=23426&position=P"">Max Lazar</a>",26.0,0.0,0.0
23429,"<a href=""statss.aspx?playerid=23429&position=P"">JP Sears</a>",29.0,0.0,0.0
23443,"<a href=""statss.aspx?playerid=23443&position=P"">Tom Cosgrove</a>",29.0,0.0,0.0
23455,"<a href=""statss.aspx?playerid=23455&position=P"">Hunter Stratton</a>",28.0,0.0,0.0
23479,"<a href=""statss.aspx?playerid=23479&position=P"">Cam Sanders</a>",28.0,0.0,0.0
23488,"<a href=""statss.aspx?playerid=23488&position=P"">Ron Marinaccio</a>",29.0,0.0,0.0
23499,"<a href=""statss.aspx?playerid=23499&position=P"">Keaton Winn</a>",27.0,0.0,0.0
23550,"<a href=""statss.aspx?playerid=23550&position=P"">Aaron Ashby</a>",27.0,0.0,0.0
23590,"<a href=""statss.aspx?playerid=23590&position=P"">Ben Brown</a>",25.0,0.0,0.0
23592,"<a href=""statss.aspx?playerid=23592&position=P"">Brett de Geus</a>",27.0,0.0,0.0
23617,"<a href=""statss.aspx?playerid=23617&position=P"">Josh Walker</a>",30.0,0.0,0.0
23735,"<a href=""statss.aspx?playerid=23735&position=P"">Luis Garcia</a>",28.0,0.0,0.0
23779,"<a href=""statss.aspx?playerid=23779&position=P"">Justin Bruihl</a>",28.0,0.0,0.0
23793,"<a href=""statss.aspx?playerid=23793&position=P"">Braxton Ashcraft</a>",25.0,0.0,0.0
23796,"<a href=""statss.aspx?playerid=23796&position=P"">Ryan Weathers</a>",25.0,0.0,0.0
23798,"<a href=""statss.aspx?playerid=23798&position=P"">Randy Dobnak</a>",30.0,0.0,0.0
23811,"<a href=""statss.aspx?playerid=23811&position=P"">Luarbert Arias</a>",24.0,0.0,0.0
23875,"<a href=""statss.aspx?playerid=23875&position=P"">Omar Cruz</a>",26.0,0.0,0.0
23899,"<a href=""statss.aspx?playerid=23899&position=P"">Valente Bellozo</a>",25.0,0.0,0.0
23920,"<a href=""statss.aspx?playerid=23920&position=P"">Brayan Bello</a>",26.0,0.0,0.0
23974,"<a href=""statss.aspx?playerid=23974&position=P"">Randy Rodriguez</a>",25.0,0.0,0.0
24017,"<a href=""statss.aspx?playerid=24017&position=P"">Jose A. Ferrer</a>",25.0,0.0,0.0
24094,"<a href=""statss.aspx?playerid=24094&position=P"">Ronny Henriquez</a>",25.0,0.0,0.0
24203,"<a href=""statss.aspx?playerid=24203&position=P"">Luis Peralta</a>",24.0,0.0,0.0
24282,"<a href=""statss.aspx?playerid=24282&position=P"">Kai-Wei Teng</a>",26.0,0.0,0.0
24452,"<a href=""statss.aspx?playerid=24452&position=P"">Luinder Avila</a>",23.0,0.0,0.0
24453,"<a href=""statss.aspx?playerid=24453&position=P"">Justin Martinez</a>",23.0,0.0,0.0
24458,"<a href=""statss.aspx?playerid=24458&position=P"">Carlos Duran</a>",23.0,0.0,0.0
24494,"<a href=""statss.aspx?playerid=24494&position=P"">Simeon Woods Richardson</a>",24.0,0.0,0.0
24581,"<a href=""statss.aspx?playerid=24581&position=P"">Lyon Richardson</a>",25.0,0.0,0.0
24586,"<a href=""statss.aspx?playerid=24586&position=P"">Kyle Bradish</a>",28.0,0.0,0.0
24590,"<a href=""statss.aspx?playerid=24590&position=P"">John Rooney</a>",28.0,0.0,0.0
24591,"<a href=""statss.aspx?playerid=24591&position=P"">Joey Gerber</a>",28.0,0.0,0.0
24604,"<a href=""statss.aspx?playerid=24604&position=P"">Austin Cox</a>",28.0,0.0,0.0
24607,"<a href=""statss.aspx?playerid=24607&position=P"">Jonathan Bowlan</a>",28.0,0.0,0.0
24609,"<a href=""statss.aspx?playerid=24609&position=P"">Braydon Fisher</a>",24.0,0.0,0.0
24614,"<a href=""statss.aspx?playerid=24614&position=P"">Victor Vodnik</a>",25.0,0.0,0.0
24710,"<a href=""statss.aspx?playerid=24710&position=P"">Luis Curvelo</a>",24.0,0.0,0.0
24719,"<a href=""statss.aspx?playerid=24719&position=P"">Randy Vasquez</a>",26.0,0.0,0.0
24728,"<a href=""statss.aspx?playerid=24728&position=P"">Mike Burrows</a>",25.0,0.0,0.0
24763,"<a href=""statss.aspx?playerid=24763&position=P"">Kyle Leahy</a>",28.0,0.0,0.0
24862,"<a href=""statss.aspx?playerid=24862&position=P"">Ryan Fernandez</a>",27.0,0.0,0.0
24914,"<a href=""statss.aspx?playerid=24914&position=P"">Lazaro Estrada</a>",26.0,0.0,0.0
24930,"<a href=""statss.aspx?playerid=24930&position=P"">Ethan Roberts</a>",27.0,0.0,0.0
24937,"<a href=""statss.aspx?playerid=24937&position=P"">Austin Warren</a>",29.0,0.0,0.0
24968,"<a href=""statss.aspx?playerid=24968&position=P"">Reese Olson</a>",25.0,0.0,0.0
24975,"<a href=""statss.aspx?playerid=24975&position=P"">Cooper Criswell</a>",28.0,0.0,0.0
24977,"<a href=""statss.aspx?playerid=24977&position=P"">Shawn Dubin</a>",29.0,0.0,0.0
24978,"<a href=""statss.aspx?playerid=24978&position=P"">Erik Sabrowski</a>",27.0,0.0,0.0
24986,"<a href=""statss.aspx?playerid=24986&position=P"">Colin Selby</a>",27.0,0.0,0.0
24993,"<a href=""statss.aspx?playerid=24993&position=P"">Kody Funderburk</a>",28.0,0.0,0.0
24995,"<a href=""statss.aspx?playerid=24995&position=P"">Evan Sisk</a>",28.0,0.0,0.0
25007,"<a href=""statss.aspx?playerid=25007&position=P"">Alex Vesia</a>",29.0,0.0,0.0
25098,"<a href=""statss.aspx?playerid=25098&position=P"">Jacob Lopez</a>",27.0,0.0,0.0
25139,"<a href=""statss.aspx?playerid=25139&position=P"">Tim Herrin</a>",28.0,0.0,0.0
25158,"<a href=""statss.aspx?playerid=25158&position=P"">Jayvien Sandridge</a>",26.0,0.0,0.0
25174,"<a href=""statss.aspx?playerid=25174&position=P"">Penn Murfee</a>",31.0,0.0,0.0
25215,"<a href=""statss.aspx?playerid=25215&position=P"">Yaramil Hiraldo</a>",29.0,0.0,0.0
25311,"<a href=""statss.aspx?playerid=25311&position=P"">Roddery Munoz</a>",25.0,0.0,0.0
25327,"<a href=""statss.aspx?playerid=25327&position=P"">Abner Uribe</a>",25.0,0.0,0.0
25376,"<a href=""statss.aspx?playerid=25376&position=P"">Nick Mears</a>",28.0,0.0,0.0
25377,"<a href=""statss.aspx?playerid=25377&position=P"">Brady Singer</a>",28.0,0.0,0.0
25379,"<a href=""statss.aspx?playerid=25379&position=P"">Sam Long</a>",29.0,0.0,0.0
25385,"<a href=""statss.aspx?playerid=25385&position=P"">Drew Rasmussen</a>",29.0,0.0,0.0
25420,"<a href=""statss.aspx?playerid=25420&position=P"">Ryan Zeferjahn</a>",27.0,0.0,0.0
25427,"<a href=""statss.aspx?playerid=25427&position=P"">Gavin Hollowell</a>",27.0,0.0,0.0
25436,"<a href=""statss.aspx?playerid=25436&position=P"">George Kirby</a>",27.0,0.0,0.0
25474,"<a href=""statss.aspx?playerid=25474&position=P"">Nathan Wiles</a>",26.0,0.0,0.0
25481,"<a href=""statss.aspx?playerid=25481&position=P"">Joe La Sorsa</a>",27.0,0.0,0.0
25501,"<a href=""statss.aspx?playerid=25501&position=P"">Paxton Schultz</a>",27.0,0.0,0.0
25550,"<a href=""statss.aspx?playerid=25550&position=P"">Matt Waldron</a>",28.0,0.0,0.0
25551,"<a href=""statss.aspx?playerid=25551&position=P"">Isaiah Campbell</a>",27.0,0.0,0.0
25553,"<a href=""statss.aspx?playerid=25553&position=P"">Nic Enright</a>",28.0,0.0,0.0
25582,"<a href=""statss.aspx?playerid=25582&position=P"">Brady Basso</a>",27.0,0.0,0.0
25589,"<a href=""statss.aspx?playerid=25589&position=P"">Sammy Peralta</a>",27.0,0.0,0.0
25595,"<a href=""statss.aspx?playerid=25595&position=P"">Xzavion Curry</a>",26.0,0.0,0.0
25620,"<a href=""statss.aspx?playerid=25620&position=P"">Luis Mey</a>",24.0,0.0,0.0
25636,"<a href=""statss.aspx?playerid=25636&position=P"">Hunter Gaddis</a>",27.0,0.0,0.0
25648,"<a href=""statss.aspx?playerid=25648&position=P"">Justin Slaten</a>",27.0,0.0,0.0
25651,"<a href=""statss.aspx?playerid=25651&position=P"">Ty Adcock</a>",28.0,0.0,0.0
25679,"<a href=""statss.aspx?playerid=25679&position=P"">Kevin Kelly</a>",27.0,0.0,0.0
25703,"<a href=""statss.aspx?playerid=25703&position=P"">Zak Kent</a>",27.0,0.0,0.0
25756,"<a href=""statss.aspx?playerid=25756&position=P"">Matt Brash</a>",27.0,0.0,0.0
25804,"<a href=""statss.aspx?playerid=25804&position=P"">Randy Wynne</a>",32.0,0.0,0.0
25839,"<a href=""statss.aspx?playerid=25839&position=P"">Luis Contreras</a>",29.0,0.0,0.0
25862,"<a href=""statss.aspx?playerid=25862&position=P"">Noah Davis</a>",28.0,0.0,0.0
25873,"<a href=""statss.aspx?playerid=25873&position=P"">Connor Thomas</a>",27.0,0.0,0.0
25880,"<a href=""statss.aspx?playerid=25880&position=P"">Hunter Brown</a>",26.0,0.0,0.0
25890,"<a href=""statss.aspx?playerid=25890&position=P"">Bryan King</a>",28.0,0.0,0.0
25911,"<a href=""statss.aspx?playerid=25911&position=P"">Yennier Cano</a>",31.0,0.0,0.0
25921,"<a href=""statss.aspx?playerid=25921&position=P"">Casey Legumina</a>",28.0,0.0,0.0
25957,"<a href=""statss.aspx?playerid=25957&position=P"">Josh Simpson</a>",27.0,0.0,0.0
25977,"<a href=""statss.aspx?playerid=25977&position=P"">Quinn Priester</a>",24.0,0.0,0.0
26020,"<a href=""statss.aspx?playerid=26020&position=P"">Seth Johnson</a>",26.0,0.0,0.0
26030,"<a href=""statss.aspx?playerid=26030&position=P"">Tyler Owens</a>",24.0,0.0,0.0
26034,"<a href=""statss.aspx?playerid=26034&position=P"">Anthony Maldonado</a>",27.0,0.0,0.0
26048,"<a href=""statss.aspx?playerid=26048&position=P"">Sawyer Gipson-Long</a>",27.0,0.0,0.0
26056,"<a href=""statss.aspx?playerid=26056&position=P"">Brandon Walter</a>",28.0,0.0,0.0
26058,"<a href=""statss.aspx?playerid=26058&position=P"">Easton Lucas</a>",28.0,0.0,0.0
26079,"<a href=""statss.aspx?playerid=26079&position=P"">Beau Brieske</a>",27.0,0.0,0.0
26108,"<a href=""statss.aspx?playerid=26108&position=P"">Andre Pallante</a>",26.0,0.0,0.0
26117,"<a href=""statss.aspx?playerid=26117&position=P"">Blas Castano</a>",26.0,0.0,0.0
26136,"<a href=""statss.aspx?playerid=26136&position=P"">Austin Pope</a>",26.0,0.0,0.0
26152,"<a href=""statss.aspx?playerid=26152&position=P"">Jack Little</a>",27.0,0.0,0.0
26171,"<a href=""statss.aspx?playerid=26171&position=P"">Connor Gillispie</a>",27.0,0.0,0.0
26191,"<a href=""statss.aspx?playerid=26191&position=P"">Kade Strowd</a>",27.0,0.0,0.0
26203,"<a href=""statss.aspx?playerid=26203&position=P"">Andrew Saalfrank</a>",27.0,0.0,0.0
26214,"<a href=""statss.aspx?playerid=26214&position=P"">Chris Murphy</a>",27.0,0.0,0.0
26215,"<a href=""statss.aspx?playerid=26215&position=P"">Jackson Rutledge</a>",26.0,0.0,0.0
26221,"<a href=""statss.aspx?playerid=26221&position=P"">Ryan Pepiot</a>",27.0,0.0,0.0
26231,"<a href=""statss.aspx?playerid=26231&position=P"">Tyler Holton</a>",29.0,0.0,0.0
26247,"<a href=""statss.aspx?playerid=26247&position=P"">Orlando Ribalta</a>",27.0,0.0,0.0
26252,"<a href=""statss.aspx?playerid=26252&position=P"">Erik Miller</a>",27.0,0.0,0.0
26255,"<a href=""statss.aspx?playerid=26255&position=P"">Caleb Freeman</a>",27.0,0.0,0.0
26257,"<a href=""statss.aspx?playerid=26257&position=P"">Joey Estes</a>",23.0,0.0,0.0
26259,"<a href=""statss.aspx?playerid=26259&position=P"">Hunter Bigge</a>",27.0,0.0,0.0
26260,"<a href=""statss.aspx?playerid=26260&position=P"">Drey Jameson</a>",27.0,0.0,0.0
26285,"<a href=""statss.aspx?playerid=26285&position=P"">Tommy Henry</a>",27.0,0.0,0.0
26304,"<a href=""statss.aspx?playerid=26304&position=P"">Bryan Hoeing</a>",28.0,0.0,0.0
26344,"<a href=""statss.aspx?playerid=26344&position=P"">Taylor Rashi</a>",29.0,0.0,0.0
26353,"<a href=""statss.aspx?playerid=26353&position=P"">Marc Church</a>",24.0,0.0,0.0
26378,"<a href=""statss.aspx?playerid=26378&position=P"">Nick Lodolo</a>",27.0,0.0,0.0
26413,"<a href=""statss.aspx?playerid=26413&position=P"">Porter Hodge</a>",24.0,0.0,0.0
26419,"<a href=""statss.aspx?playerid=26419&position=P"">Bradley Blalock</a>",24.0,0.0,0.0
26429,"<a href=""statss.aspx?playerid=26429&position=P"">Cody Laweryson</a>",27.0,0.0,0.0
26440,"<a href=""statss.aspx?playerid=26440&position=P"">Ryan Gusto</a>",26.0,0.0,0.0
26443,"<a href=""statss.aspx?playerid=26443&position=P"">Sam Aldegheri</a>",23.0,0.0,0.0
26448,"<a href=""statss.aspx?playerid=26448&position=P"">Trevor McDonald</a>",24.0,0.0,0.0
26463,"<a href=""statss.aspx?playerid=26463&position=P"">Alex Carrillo</a>",28.0,0.0,0.0
26482,"<a href=""statss.aspx?playerid=26482&position=P"">Jayden Murray</a>",28.0,0.0,0.0
26641,"<a href=""statss.aspx?playerid=26641&position=P"">Wikelman Gonzalez</a>",23.0,0.0,0.0
26790,"<a href=""statss.aspx?playerid=26790&position=P"">Angel Chivilli</a>",22.0,0.0,0.0
26944,"<a href=""statss.aspx?playerid=26944&position=P"">Edgardo Henriquez</a>",23.0,0.0,0.0
26952,"<a href=""statss.aspx?playerid=26952&position=P"">Anthony Molina</a>",23.0,0.0,0.0
27271,"<a href=""statss.aspx?playerid=27271&position=P"">Juan Burgos</a>",25.0,0.0,0.0
27407,"<a href=""statss.aspx?playerid=27407&position=P"">Rolddy Munoz</a>",25.0,0.0,0.0
27453,"<a href=""statss.aspx?playerid=27453&position=P"">Anthony Veneziano</a>",27.0,0.0,0.0
27463,"<a href=""statss.aspx?playerid=27463&position=P"">Garrett Crochet</a>",26.0,0.0,0.0
27468,"<a href=""statss.aspx?playerid=27468&position=P"">Reid Detmers</a>",25.0,0.0,0.0
27470,"<a href=""statss.aspx?playerid=27470&position=P"">Emerson Hancock</a>",26.0,0.0,0.0
27472,"<a href=""statss.aspx?playerid=27472&position=P"">Jared Shuster</a>",26.0,0.0,0.0
27473,"<a href=""statss.aspx?playerid=27473&position=P"">Cade Cavalli</a>",26.0,0.0,0.0
27474,"<a href=""statss.aspx?playerid=27474&position=P"">Max Meyer</a>",26.0,0.0,0.0
27477,"<a href=""statss.aspx?playerid=27477&position=P"">Bryce Jarvis</a>",27.0,0.0,0.0
27481,"<a href=""statss.aspx?playerid=27481&position=P"">Cole Wilcox</a>",25.0,0.0,0.0
27483,"<a href=""statss.aspx?playerid=27483&position=P"">Bobby Miller</a>",26.0,0.0,0.0
27487,"<a href=""statss.aspx?playerid=27487&position=P"">Landon Knack</a>",27.0,0.0,0.0
27494,"<a href=""statss.aspx?playerid=27494&position=P"">Clayton Beeter</a>",26.0,0.0,0.0
27498,"<a href=""statss.aspx?playerid=27498&position=P"">Spencer Strider</a>",26.0,0.0,0.0
27500,"<a href=""statss.aspx?playerid=27500&position=P"">Slade Cecconi</a>",26.0,0.0,0.0
27508,"<a href=""statss.aspx?playerid=27508&position=P"">Carson Ragsdale</a>",27.0,0.0,0.0
27517,"<a href=""statss.aspx?playerid=27517&position=P"">Jared Koenig</a>",31.0,0.0,0.0
27552,"<a href=""statss.aspx?playerid=27552&position=P"">Graham Ashcraft</a>",27.0,0.0,0.0
27570,"<a href=""statss.aspx?playerid=27570&position=P"">Cole Henry</a>",25.0,0.0,0.0
27572,"<a href=""statss.aspx?playerid=27572&position=P"">Carmen Mlodzinski</a>",26.0,0.0,0.0
27581,"<a href=""statss.aspx?playerid=27581&position=P"">Hayden Wesneski</a>",27.0,0.0,0.0
27582,"<a href=""statss.aspx?playerid=27582&position=P"">Davis Daniel</a>",28.0,0.0,0.0
27583,"<a href=""statss.aspx?playerid=27583&position=P"">Garrett Acton</a>",27.0,0.0,0.0
27589,"<a href=""statss.aspx?playerid=27589&position=P"">Logan Allen</a>",26.0,0.0,0.0
27590,"<a href=""statss.aspx?playerid=27590&position=P"">Jake Eder</a>",26.0,0.0,0.0
27626,"<a href=""statss.aspx?playerid=27626&position=P"">Eric Orze</a>",27.0,0.0,0.0
27636,"<a href=""statss.aspx?playerid=27636&position=P"">Mitchell Parker</a>",25.0,0.0,0.0
27646,"<a href=""statss.aspx?playerid=27646&position=P"">Luis L. Ortiz</a>",26.0,0.0,0.0
27649,"<a href=""statss.aspx?playerid=27649&position=P"">Connor Phillips</a>",24.0,0.0,0.0
27662,"<a href=""statss.aspx?playerid=27662&position=P"">Christian Roa</a>",26.0,0.0,0.0
27668,"<a href=""statss.aspx?playerid=27668&position=P"">Brandon Eisert</a>",27.0,0.0,0.0
27669,"<a href=""statss.aspx?playerid=27669&position=P"">Tanner Gordon</a>",27.0,0.0,0.0
27685,"<a href=""statss.aspx?playerid=27685&position=P"">Carson Spiers</a>",27.0,0.0,0.0
27688,"<a href=""statss.aspx?playerid=27688&position=P"">Jack Kochanowicz</a>",24.0,0.0,0.0
27691,"<a href=""statss.aspx?playerid=27691&position=P"">Louie Varland</a>",27.0,0.0,0.0
27694,"<a href=""statss.aspx?playerid=27694&position=P"">Justin Sterner</a>",28.0,0.0,0.0
27695,"<a href=""statss.aspx?playerid=27695&position=P"">Brian Van Belle</a>",28.0,0.0,0.0
27702,"<a href=""statss.aspx?playerid=27702&position=P"">Brent Headrick</a>",27.0,0.0,0.0
27707,"<a href=""statss.aspx?playerid=27707&position=P"">Mitch Spence</a>",27.0,0.0,0.0
27753,"<a href=""statss.aspx?playerid=27753&position=P"">Bailey Horn</a>",27.0,0.0,0.0
27756,"<a href=""statss.aspx?playerid=27756&position=P"">Mick Abel</a>",23.0,0.0,0.0
27758,"<a href=""statss.aspx?playerid=27758&position=P"">Kyle Harrison</a>",23.0,0.0,0.0
27765,"<a href=""statss.aspx?playerid=27765&position=P"">Yosver Zulueta</a>",27.0,0.0,0.0
27768,"<a href=""statss.aspx?playerid=27768&position=P"">Eury Perez</a>",22.0,0.0,0.0
27775,"<a href=""statss.aspx?playerid=27775&position=P"">Kyle Nicolas</a>",26.0,0.0,0.0
27779,"<a href=""statss.aspx?playerid=27779&position=P"">Bryce Elder</a>",26.0,0.0,0.0
27782,"<a href=""statss.aspx?playerid=27782&position=P"">Brandon Pfaadt</a>",26.0,0.0,0.0
27783,"<a href=""statss.aspx?playerid=27783&position=P"">Zach Brzykcy</a>",25.0,0.0,0.0
27787,"<a href=""statss.aspx?playerid=27787&position=P"">Will Klein</a>",25.0,0.0,0.0
27812,"<a href=""statss.aspx?playerid=27812&position=P"">Dugan Darnell</a>",28.0,0.0,0.0
27819,"<a href=""statss.aspx?playerid=27819&position=P"">Brandon Young</a>",26.0,0.0,0.0
27867,"<a href=""statss.aspx?playerid=27867&position=P"">Cade Smith</a>",26.0,0.0,0.0
27889,"<a href=""statss.aspx?playerid=27889&position=P"">J.T. Ginn</a>",26.0,0.0,0.0
27908,"<a href=""statss.aspx?playerid=27908&position=P"">Noah Murdock</a>",26.0,0.0,0.0
27914,"<a href=""statss.aspx?playerid=27914&position=P"">Daniel Palencia</a>",25.0,0.0,0.0
27932,"<a href=""statss.aspx?playerid=27932&position=P"">Ian Seymour</a>",26.0,0.0,0.0
27967,"<a href=""statss.aspx?playerid=27967&position=P"">Andry Lara</a>",22.0,0.0,0.0
27974,"<a href=""statss.aspx?playerid=27974&position=P"">Cristian Mena</a>",22.0,0.0,0.0
27984,"<a href=""statss.aspx?playerid=27984&position=P"">Jose Corniell</a>",22.0,0.0,0.0
28036,"<a href=""statss.aspx?playerid=28036&position=P"">Luke Little</a>",24.0,0.0,0.0
29107,"<a href=""statss.aspx?playerid=29107&position=P"">Bradgley Rodriguez</a>",21.0,0.0,0.0
29271,"<a href=""statss.aspx?playerid=29271&position=P"">Yilber Diaz</a>",24.0,0.0,0.0
29519,"<a href=""statss.aspx?playerid=29519&position=P"">Gordon Graceffo</a>",25.0,0.0,0.0
29521,"<a href=""statss.aspx?playerid=29521&position=P"">Ryan Loutos</a>",26.0,0.0,0.0
29530,"<a href=""statss.aspx?playerid=29530&position=P"">Fraser Ellard</a>",27.0,0.0,0.0
29542,"<a href=""statss.aspx?playerid=29542&position=P"">Andre Granillo</a>",25.0,0.0,0.0
29564,"<a href=""statss.aspx?playerid=29564&position=P"">Patrick Monteverde</a>",27.0,0.0,0.0
29574,"<a href=""statss.aspx?playerid=29574&position=P"">Chase Lee</a>",26.0,0.0,0.0
29608,"<a href=""statss.aspx?playerid=29608&position=P"">Joe Boyle</a>",25.0,0.0,0.0
29615,"<a href=""statss.aspx?playerid=29615&position=P"">Kyle Backhus</a>",27.0,0.0,0.0
29628,"<a href=""statss.aspx?playerid=29628&position=P"">Alek Jacob</a>",27.0,0.0,0.0
29629,"<a href=""statss.aspx?playerid=29629&position=P"">Matt Svanson</a>",26.0,0.0,0.0
29633,"<a href=""statss.aspx?playerid=29633&position=P"">Andrew Hoffmann</a>",25.0,0.0,0.0
29754,"<a href=""statss.aspx?playerid=29754&position=P"">Sam Bachman</a>",25.0,0.0,0.0
29770,"<a href=""statss.aspx?playerid=29770&position=P"">Mason Montgomery</a>",25.0,0.0,0.0
29812,"<a href=""statss.aspx?playerid=29812&position=P"">Robert Gasser</a>",26.0,0.0,0.0
29837,"<a href=""statss.aspx?playerid=29837&position=P"">Bryce Miller</a>",26.0,0.0,0.0
29839,"<a href=""statss.aspx?playerid=29839&position=P"">Emmet Sheehan</a>",25.0,0.0,0.0
29863,"<a href=""statss.aspx?playerid=29863&position=P"">Ryan Bergert</a>",25.0,0.0,0.0
29866,"<a href=""statss.aspx?playerid=29866&position=P"">Chayce McDermott</a>",26.0,0.0,0.0
29868,"<a href=""statss.aspx?playerid=29868&position=P"">Bubba Chandler</a>",22.0,0.0,0.0
29869,"<a href=""statss.aspx?playerid=29869&position=P"">Michael McGreevy</a>",24.0,0.0,0.0
29878,"<a href=""statss.aspx?playerid=29878&position=P"">Sean Burke</a>",25.0,0.0,0.0
29911,"<a href=""statss.aspx?playerid=29911&position=P"">Andrew Abbott</a>",26.0,0.0,0.0
29914,"<a href=""statss.aspx?playerid=29914&position=P"">Andrew Alvarez</a>",26.0,0.0,0.0
29921,"<a href=""statss.aspx?playerid=29921&position=P"">Spencer Arrighetti</a>",25.0,0.0,0.0
29928,"<a href=""statss.aspx?playerid=29928&position=P"">Dylan Dodd</a>",27.0,0.0,0.0
29950,"<a href=""statss.aspx?playerid=29950&position=P"">Jordan Leasure</a>",26.0,0.0,0.0
29960,"<a href=""statss.aspx?playerid=29960&position=P"">AJ Smith-Shawver</a>",22.0,0.0,0.0
30002,"<a href=""statss.aspx?playerid=30002&position=P"">Grant Holman</a>",25.0,0.0,0.0
30004,"<a href=""statss.aspx?playerid=30004&position=P"">McCade Brown</a>",24.0,0.0,0.0
30016,"<a href=""statss.aspx?playerid=30016&position=P"">Joe Rock</a>",24.0,0.0,0.0
30055,"<a href=""statss.aspx?playerid=30055&position=P"">Cade Povich</a>",25.0,0.0,0.0
30056,"<a href=""statss.aspx?playerid=30056&position=P"">David Festa</a>",25.0,0.0,0.0
30074,"<a href=""statss.aspx?playerid=30074&position=P"">Chase Silseth</a>",25.0,0.0,0.0
30076,"<a href=""statss.aspx?playerid=30076&position=P"">Landen Roupp</a>",26.0,0.0,0.0
30084,"<a href=""statss.aspx?playerid=30084&position=P"">Carson Seymour</a>",26.0,0.0,0.0
30085,"<a href=""statss.aspx?playerid=30085&position=P"">Ben Casparius</a>",26.0,0.0,0.0
30094,"<a href=""statss.aspx?playerid=30094&position=P"">Jordan Wicks</a>",25.0,0.0,0.0
30105,"<a href=""statss.aspx?playerid=30105&position=P"">Mike Vasil</a>",25.0,0.0,0.0
30113,"<a href=""statss.aspx?playerid=30113&position=P"">Chad Patrick</a>",26.0,0.0,0.0
30115,"<a href=""statss.aspx?playerid=30115&position=P"">Robert Suarez</a>",34.0,0.0,0.0
30122,"<a href=""statss.aspx?playerid=30122&position=P"">Gavin Williams</a>",25.0,0.0,0.0
30133,"<a href=""statss.aspx?playerid=30133&position=P"">Brant Hurter</a>",26.0,0.0,0.0
30134,"<a href=""statss.aspx?playerid=30134&position=P"">Tanner Bibee</a>",26.0,0.0,0.0
30142,"<a href=""statss.aspx?playerid=30142&position=P"">Doug Nikhazy</a>",25.0,0.0,0.0
30145,"<a href=""statss.aspx?playerid=30145&position=P"">Dylan Smith</a>",25.0,0.0,0.0
30153,"<a href=""statss.aspx?playerid=30153&position=P"">Dominic Hamel</a>",26.0,0.0,0.0
30160,"<a href=""statss.aspx?playerid=30160&position=P"">Richard Fitts</a>",25.0,0.0,0.0
30161,"<a href=""statss.aspx?playerid=30161&position=P"">Carlos Rodriguez</a>",23.0,0.0,0.0
30170,"<a href=""statss.aspx?playerid=30170&position=P"">Chase Petty</a>",22.0,0.0,0.0
30171,"<a href=""statss.aspx?playerid=30171&position=P"">Mason Black</a>",25.0,0.0,0.0
30179,"<a href=""statss.aspx?playerid=30179&position=P"">Pierson Ohl</a>",25.0,0.0,0.0
30180,"<a href=""statss.aspx?playerid=30180&position=P"">Travis Adams</a>",25.0,0.0,0.0
30182,"<a href=""statss.aspx?playerid=30182&position=P"">Will Warren</a>",26.0,0.0,0.0
30184,"<a href=""statss.aspx?playerid=30184&position=P"">Noah Cameron</a>",25.0,0.0,0.0
30203,"<a href=""statss.aspx?playerid=30203&position=P"">Jackson Jobe</a>",22.0,0.0,0.0
30206,"<a href=""statss.aspx?playerid=30206&position=P"">Christian Montes De Oca</a>",25.0,0.0,0.0
30226,"<a href=""statss.aspx?playerid=30226&position=P"">Spencer Bivens</a>",31.0,0.0,0.0
30240,"<a href=""statss.aspx?playerid=30240&position=P"">Hunter Dobbins</a>",25.0,0.0,0.0
30249,"<a href=""statss.aspx?playerid=30249&position=P"">Jack Dreyer</a>",26.0,0.0,0.0
30250,"<a href=""statss.aspx?playerid=30250&position=P"">Jaden Hill</a>",25.0,0.0,0.0
30279,"<a href=""statss.aspx?playerid=30279&position=P"">Bryan Woo</a>",25.0,0.0,0.0
30661,"<a href=""statss.aspx?playerid=30661&position=P"">Didier Fuentes</a>",20.0,0.0,0.0
31184,"<a href=""statss.aspx?playerid=31184&position=P"">Luis Guerrero</a>",24.0,0.0,0.0
31204,"<a href=""statss.aspx?playerid=31204&position=P"">Justin Wrobleski</a>",24.0,0.0,0.0
31261,"<a href=""statss.aspx?playerid=31261&position=P"">Chris Roycroft</a>",28.0,0.0,0.0
31312,"<a href=""statss.aspx?playerid=31312&position=P"">Colton Gordon</a>",26.0,0.0,0.0
31318,"<a href=""statss.aspx?playerid=31318&position=P"">Gunnar Hoglund</a>",25.0,0.0,0.0
31461,"<a href=""statss.aspx?playerid=31461&position=P"">Ben Joyce</a>",24.0,0.0,0.0
31468,"<a href=""statss.aspx?playerid=31468&position=P"">Jackson Perkins</a>",25.0,0.0,0.0
31475,"<a href=""statss.aspx?playerid=31475&position=P"">Logan Henderson</a>",23.0,0.0,0.0
31501,"<a href=""statss.aspx?playerid=31501&position=P"">Michael Darrell-Hicks</a>",27.0,0.0,0.0
31508,"<a href=""statss.aspx?playerid=31508&position=P"">Caden Dana</a>",21.0,0.0,0.0
31533,"<a href=""statss.aspx?playerid=31533&position=P"">Victor Mederos</a>",24.0,0.0,0.0
31552,"<a href=""statss.aspx?playerid=31552&position=P"">Zach Agnos</a>",24.0,0.0,0.0
31553,"<a href=""statss.aspx?playerid=31553&position=P"">Mason Fluharty</a>",23.0,0.0,0.0
31571,"<a href=""statss.aspx?playerid=31571&position=P"">Paul Gervase</a>",25.0,0.0,0.0
31598,"<a href=""statss.aspx?playerid=31598&position=P"">Jake Palisch</a>",26.0,0.0,0.0
31610,"<a href=""statss.aspx?playerid=31610&position=P"">Zach Maxwell</a>",24.0,0.0,0.0
31612,"<a href=""statss.aspx?playerid=31612&position=P"">Carson Palmquist</a>",24.0,0.0,0.0
31616,"<a href=""statss.aspx?playerid=31616&position=P"">David Morgan</a>",25.0,0.0,0.0
31623,"<a href=""statss.aspx?playerid=31623&position=P"">Jacob Misiorowski</a>",23.0,0.0,0.0
31635,"<a href=""statss.aspx?playerid=31635&position=P"">Hayden Birdsong</a>",23.0,0.0,0.0
31676,"<a href=""statss.aspx?playerid=31676&position=P"">Carson Whisenhunt</a>",24.0,0.0,0.0
31687,"<a href=""statss.aspx?playerid=31687&position=P"">Shane Smith</a>",25.0,0.0,0.0
31701,"<a href=""statss.aspx?playerid=31701&position=P"">Blade Tidwell</a>",24.0,0.0,0.0
31730,"<a href=""statss.aspx?playerid=31730&position=P"">Jonathan Cannon</a>",24.0,0.0,0.0
31741,"<a href=""statss.aspx?playerid=31741&position=P"">Mason Barnett</a>",24.0,0.0,0.0
31751,"<a href=""statss.aspx?playerid=31751&position=P"">Garrett McDaniels</a>",25.0,0.0,0.0
31757,"<a href=""statss.aspx?playerid=31757&position=P"">Mason Miller</a>",26.0,0.0,0.0
31764,"<a href=""statss.aspx?playerid=31764&position=P"">A.J. Blubaugh</a>",24.0,0.0,0.0
31776,"<a href=""statss.aspx?playerid=31776&position=P"">Orion Kerkering</a>",24.0,0.0,0.0
31807,"<a href=""statss.aspx?playerid=31807&position=P"">Troy Melton</a>",24.0,0.0,0.0
31815,"<a href=""statss.aspx?playerid=31815&position=P"">Cade Gibson</a>",27.0,0.0,0.0
31827,"<a href=""statss.aspx?playerid=31827&position=P"">Zebby Matthews</a>",25.0,0.0,0.0
31838,"<a href=""statss.aspx?playerid=31838&position=P"">Kodai Senga</a>",32.0,0.0,0.0
31843,"<a href=""statss.aspx?playerid=31843&position=P"">Kumar Rocker</a>",25.0,0.0,0.0
31846,"<a href=""statss.aspx?playerid=31846&position=P"">Spencer Schwellenbach</a>",25.0,0.0,0.0
31872,"<a href=""statss.aspx?playerid=31872&position=P"">Cade Horton</a>",23.0,0.0,0.0
31883,"<a href=""statss.aspx?playerid=31883&position=P"">Troy Taylor</a>",23.0,0.0,0.0
31884,"<a href=""statss.aspx?playerid=31884&position=P"">Logan VanWey</a>",26.0,0.0,0.0
31900,"<a href=""statss.aspx?playerid=31900&position=P"">Adam Mazur</a>",24.0,0.0,0.0
31913,"<a href=""statss.aspx?playerid=31913&position=P"">Hayden Harris</a>",26.0,0.0,0.0
31972,"<a href=""statss.aspx?playerid=31972&position=P"">Brad Lord</a>",25.0,0.0,0.0
31986,"<a href=""statss.aspx?playerid=31986&position=P"">Parker Messick</a>",24.0,0.0,0.0
31989,"<a href=""statss.aspx?playerid=31989&position=P"">Tom Harrington</a>",23.0,0.0,0.0
32026,"<a href=""statss.aspx?playerid=32026&position=P"">Drew Sommers</a>",24.0,0.0,0.0
32095,"<a href=""statss.aspx?playerid=32095&position=P"">Cameron Schlittler</a>",24.0,0.0,0.0
32157,"<a href=""statss.aspx?playerid=32157&position=P"">Jonah Tong</a>",22.0,0.0,0.0
32227,"<a href=""statss.aspx?playerid=32227&position=P"">Luis Morales</a>",22.0,0.0,0.0
33174,"<a href=""statss.aspx?playerid=33174&position=P"">Hunter Barco</a>",24.0,0.0,0.0
33248,"<a href=""statss.aspx?playerid=33248&position=P"">Craig Yoho</a>",25.0,0.0,0.0
33294,"<a href=""statss.aspx?playerid=33294&position=P"">Seth Halvorsen</a>",25.0,0.0,0.0
33482,"<a href=""statss.aspx?playerid=33482&position=P"">Chase Dollander</a>",23.0,0.0,0.0
33527,"<a href=""statss.aspx?playerid=33527&position=P"">Hurston Waldrep</a>",23.0,0.0,0.0
33568,"<a href=""statss.aspx?playerid=33568&position=P"">Brandyn Garcia</a>",25.0,0.0,0.0
33628,"<a href=""statss.aspx?playerid=33628&position=P"">Mitch Farris</a>",24.0,0.0,0.0
33666,"<a href=""statss.aspx?playerid=33666&position=P"">Connelly Early</a>",23.0,0.0,0.0
33677,"<a href=""statss.aspx?playerid=33677&position=P"">Paul Skenes</a>",23.0,0.0,0.0
33699,"<a href=""statss.aspx?playerid=33699&position=P"">Logan Evans</a>",24.0,0.0,0.0
33703,"<a href=""statss.aspx?playerid=33703&position=P"">Nolan McLean</a>",23.0,0.0,0.0
33821,"<a href=""statss.aspx?playerid=33821&position=P"">Philip Abner</a>",23.0,0.0,0.0
33825,"<a href=""statss.aspx?playerid=33825&position=P"">Yoshinobu Yamamoto</a>",26.0,0.0,0.0
33826,"<a href=""statss.aspx?playerid=33826&position=P"">Yuki Matsui</a>",29.0,0.0,0.0
33829,"<a href=""statss.aspx?playerid=33829&position=P"">Shota Imanaga</a>",31.0,0.0,0.0
33834,"<a href=""statss.aspx?playerid=33834&position=P"">Andrew Walters</a>",24.0,0.0,0.0
33838,"<a href=""statss.aspx?playerid=33838&position=P"">Yariel Rodriguez</a>",28.0,0.0,0.0
33850,"<a href=""statss.aspx?playerid=33850&position=P"">Brandon Sproat</a>",24.0,0.0,0.0
33908,"<a href=""statss.aspx?playerid=33908&position=P"">Jose Fermin</a>",23.0,0.0,0.0
33927,"<a href=""statss.aspx?playerid=33927&position=P"">Grant Taylor</a>",23.0,0.0,0.0
33980,"<a href=""statss.aspx?playerid=33980&position=P"">Jonathan Pintaro</a>",27.0,0.0,0.0
35321,"<a href=""statss.aspx?playerid=35321&position=P"">Tomoyuki Sugano</a>",35.0,0.0,0.0
35323,"<a href=""statss.aspx?playerid=35323&position=P"">Roki Sasaki</a>",23.0,0.0,0.0
35325,"<a href=""statss.aspx?playerid=35325&position=P"">Ryan Johnson</a>",22.0,0.0,0.0
35333,"<a href=""statss.aspx?playerid=35333&position=P"">Chase Burns</a>",22.0,0.0,0.0
35456,"<a href=""statss.aspx?playerid=35456&position=P"">Trey Yesavage</a>",21.0,0.0,0.0
35466,"<a href=""statss.aspx?playerid=35466&position=P"">Payton Tolle</a>",22.0,0.0,0.0
28142,"<a href=""statss.aspx?playerid=28142&position=OF"">Jhostynxon Garcia</a>",22.0,9.0,0.2927667564815945
31991,"<a href=""statss.aspx?playerid=31991&position=C/1B"">Rafael Flores</a>",24.0,17.0,0.2805419914862689
29573,"<a href=""statss.aspx?playerid=29573&position=OF"">Billy Cook</a>",26.0,6.0,0.29413527250289917
10655,"<a href=""statss.aspx?playerid=10655&position=C"">Rob Brantly</a>",35.0,7.0,0.3781739217894418
17954,"<a href=""statss.aspx?playerid=17954&position=OF"">Sam Hilliard</a>",31.0,61.0,0.32556657908392733
30146,"<a href=""statss.aspx?playerid=30146&position=P"">Jack Leiter</a>",25.0,1.0,0.0
12317,"<a href=""statss.aspx?playerid=12317&position=P"">Colin Rea</a>",34.0,1.0,0.0
17735,"<a href=""statss.aspx?playerid=17735&position=P"">Tyler Alexander</a>",30.0,1.0,0.0
35324,"<a href=""statss.aspx?playerid=35324&position=P"">Shinnosuke Ogasawara</a>",27.0,1.0,0.0
25621,"<a href=""statss.aspx?playerid=25621&position=3B"">Bryan Ramos</a>",23.0,12.0,0.2086512049039205
25005,"<a href=""statss.aspx?playerid=25005&position=OF"">Justin Dean</a>",28.0,2.0,0.0
23733,"<a href=""statss.aspx?playerid=23733&position=3B"">Ezequiel Duran</a>",26.0,219.0,0.24855420130108474
26546,"<a href=""statss.aspx?playerid=26546&position=C/DH"">Agustin Ramirez</a>",23.0,585.0,0.3016430406382317
22286,"<a href=""statss.aspx?playerid=22286&position=P"">Trevor Rogers</a>",27.0,2.0,0.0
15055,"<a href=""statss.aspx?playerid=15055&position=C"">Dom Nunez</a>",30.0,7.0,0.2521159478596279
24400,"<a href=""statss.aspx?playerid=24400&position=2B/OF"">Terrin Vavra</a>",28.0,1.0,0.0
20404,"<a href=""statss.aspx?playerid=20404&position=1B/DH"">Jared Young</a>",29.0,47.0,0.30114865556676335
10200,"<a href=""statss.aspx?playerid=10200&position=C"">Tucker Barnhart</a>",34.0,15.0,0.27073351939519247
25448,"<a href=""statss.aspx?playerid=25448&position=OF"">Greg Jones</a>",27.0,2.0,0.0
21558,"<a href=""statss.aspx?playerid=21558&position=OF"">Matt Vierling</a>",28.0,100.0,0.2780135875940323
20003,"<a href=""statss.aspx?playerid=20003&position=1B/2B"">Keston Hiura</a>",28.0,21.0,0.28885668232327416
20311,"<a href=""statss.aspx?playerid=20311&position=OF"">Corey Julks</a>",29.0,13.0,0.26047848279659563
15161,"<a href=""statss.aspx?playerid=15161&position=C/DH"">Mitch Garver</a>",34.0,290.0,0.2835025717230404
18067,"<a href=""statss.aspx?playerid=18067&position=C"">Garrett Stubbs</a>",32.0,1.0,0.0
29554,"<a href=""statss.aspx?playerid=29554&position=C/DH"">Adrian Del Castillo</a>",25.0,131.0,0.29527478454677203
13768,"<a href=""statss.aspx?playerid=13768&position=OF"">Travis Jankowski</a>",34.0,50.0,0.2555093303018687
27915,"<a href=""statss.aspx?playerid=27915&position=OF"">Alejandro Osuna</a>",22.0,176.0,0.2702827603476388
8623,"<a href=""statss.aspx?playerid=8623&position=2B"">Donovan Solano</a>",37.0,179.0,0.2766620353613486
19824,"<a href=""statss.aspx?playerid=19824&position=C"">Chuckie Robinson</a>",30.0,2.0,0.0
22232,"<a href=""statss.aspx?playerid=22232&position=SS"">Mason McCoy</a>",30.0,26.0,0.2235960685289823
21547,"<a href=""statss.aspx?playerid=21547&position=2B"">Coco Montes</a>",28.0,10.0,0.1764811635017395
25353,"<a href=""statss.aspx?playerid=25353&position=2B"">Michael Stefanic</a>",29.0,25.0,0.22416454553604126
22054,"<a href=""statss.aspx?playerid=22054&position=OF"">Dane Myers</a>",29.0,333.0,0.2747963103088173
16451,"<a href=""statss.aspx?playerid=16451&position=2B/3B"">Luis Guillorme</a>",30.0,21.0,0.15898639247530982
29958,"<a href=""statss.aspx?playerid=29958&position=C"">Harry Ford</a>",22.0,8.0,0.20058679580688477
27504,"<a href=""statss.aspx?playerid=27504&position=2B/3B"">Nick Yorke</a>",23.0,72.0,0.2563399564888742
31793,"<a href=""statss.aspx?playerid=31793&position=OF"">Rhylan Thomas</a>",25.0,10.0,0.19434040188789367
16953,"<a href=""statss.aspx?playerid=16953&position=C"">Chadwick Tromp</a>",30.0,22.0,0.22105476531115445
25705,"<a href=""statss.aspx?playerid=25705&position=OF"">Dustin Harris</a>",25.0,43.0,0.2650518680727759
31564,"<a href=""statss.aspx?playerid=31564&position=OF"">Alan Roden</a>",25.0,153.0,0.24860978009654025
24641,"<a href=""statss.aspx?playerid=24641&position=C"">Willie MacIver</a>",28.0,111.0,0.2555246825690742
19779,"<a href=""statss.aspx?playerid=19779&position=OF"">Dairon Blanco</a>",32.0,8.0,0.2086512049039205
22275,"<a href=""statss.aspx?playerid=22275&position=1B/3B"">Jake Burger</a>",29.0,376.0,0.2945635469352945
25814,"<a href=""statss.aspx?playerid=25814&position=C"">C.J. Stubbs</a>",28.0,3.0,0.0
24597,"<a href=""statss.aspx?playerid=24597&position=3B/SS"">Jonathan Ornelas</a>",25.0,10.0,0.2456308424472809
27763,"<a href=""statss.aspx?playerid=27763&position=C"">Drew Romo</a>",23.0,3.0,0.0
16925,"<a href=""statss.aspx?playerid=16925&position=C"">Aramis Garcia</a>",32.0,4.0,0.0
12147,"<a href=""statss.aspx?playerid=12147&position=SS"">Nick Ahmed</a>",35.0,10.0,0.06914967894554139
11489,"<a href=""statss.aspx?playerid=11489&position=OF"">Michael A. Taylor</a>",34.0,325.0,0.2702629521489143
27501,"<a href=""statss.aspx?playerid=27501&position=2B/DH"">Justin Foscue</a>",26.0,9.0,0.13910080326928032
31837,"<a href=""statss.aspx?playerid=31837&position=DH/OF"">Masataka Yoshida</a>",31.0,205.0,0.30188583746189024
22411,"<a href=""statss.aspx?playerid=22411&position=OF"">Cal Stevenson</a>",28.0,8.0,0.22060145437717438
24782,"<a href=""statss.aspx?playerid=24782&position=1B/3B"">David Villar</a>",28.0,25.0,0.2954960155487061
12155,"<a href=""statss.aspx?playerid=12155&position=OF"">Eddie Rosario</a>",33.0,8.0,0.11030072718858719
22557,"<a href=""statss.aspx?playerid=22557&position=OF"">Michael Siani</a>",25.0,19.0,0.2585587815234536
13590,"<a href=""statss.aspx?playerid=13590&position=OF"">Jesse Winker</a>",31.0,81.0,0.30071336179971697
29617,"<a href=""statss.aspx?playerid=29617&position=C"">Henry Davis</a>",25.0,283.0,0.22946353760554636
27599,"<a href=""statss.aspx?playerid=27599&position=OF"">Jacob Hurtubise</a>",27.0,15.0,0.2012319803237915
5273,"<a href=""statss.aspx?playerid=5273&position=C"">Sandy Leon</a>",36.0,12.0,0.16978291670481363
31382,"<a href=""statss.aspx?playerid=31382&position=C"">Dalton Rushing</a>",24.0,155.0,0.25609347704918156
18821,"<a href=""statss.aspx?playerid=18821&position=OF"">Jose Azocar</a>",29.0,21.0,0.27595346030734835
25714,"<a href=""statss.aspx?playerid=25714&position=1B"">Blaine Crim</a>",28.0,74.0,0.3088715358360394
23788,"<a href=""statss.aspx?playerid=23788&position=OF"">Jordyn Adams</a>",25.0,5.0,0.0
27735,"<a href=""statss.aspx?playerid=27735&position=2B"">Brett Wisely</a>",26.0,63.0,0.26717263167021704
18042,"<a href=""statss.aspx?playerid=18042&position=2B/OF"">Dylan Moore</a>",32.0,243.0,0.2795492525944494
21897,"<a href=""statss.aspx?playerid=21897&position=DH/OF"">Christopher Morel</a>",26.0,305.0,0.29893657477175606
22274,"<a href=""statss.aspx?playerid=22274&position=OF"">Samad Taylor</a>",26.0,9.0,0.11030072718858719
25660,"<a href=""statss.aspx?playerid=25660&position=OF"">Will Brennan</a>",27.0,13.0,0.1766300889161917
19599,"<a href=""statss.aspx?playerid=19599&position=OF"">Chas McCormick</a>",30.0,116.0,0.2565655681464049
19643,"<a href=""statss.aspx?playerid=19643&position=OF"">Daniel Johnson</a>",29.0,57.0,0.2430445395017925
19953,"<a href=""statss.aspx?playerid=19953&position=OF"">Josh Lowe</a>",27.0,435.0,0.28390897228866474
26224,"<a href=""statss.aspx?playerid=26224&position=3B/SS"">Darell Hernaiz</a>",23.0,197.0,0.26621136512511817
9847,"<a href=""statss.aspx?playerid=9847&position=OF"">Andrew McCutchen</a>",38.0,551.0,0.3089256097069558
27497,"<a href=""statss.aspx?playerid=27497&position=OF"">Tyler Callihan</a>",25.0,6.0,0.14706763625144958
11442,"<a href=""statss.aspx?playerid=11442&position=C"">Gary Sanchez</a>",32.0,101.0,0.3111079288001108
27963,"<a href=""statss.aspx?playerid=27963&position=2B/3B/SS"">Maximo Acosta</a>",22.0,61.0,0.3018393809678125
25483,"<a href=""statss.aspx?playerid=25483&position=2B/3B"">Nick Sogard</a>",27.0,104.0,0.29462025314569473
16417,"<a href=""statss.aspx?playerid=16417&position=2B/3B/SS"">Sergio Alcantara</a>",28.0,4.0,0.0
21622,"<a href=""statss.aspx?playerid=21622&position=OF"">Jake McCarthy</a>",27.0,222.0,0.25633479090041766
21635,"<a href=""statss.aspx?playerid=21635&position=2B/3B"">Nick Maton</a>",28.0,63.0,0.2732397563873775
26368,"<a href=""statss.aspx?playerid=26368&position=OF"">JJ Bleday</a>",27.0,344.0,0.3021012910625391
28344,"<a href=""statss.aspx?playerid=28344&position=SS"">Tsung-Che Cheng</a>",23.0,7.0,0.0
30163,"<a href=""statss.aspx?playerid=30163&position=2B/3B/SS"">Cesar Prieto</a>",26.0,6.0,0.14706763625144958
26540,"<a href=""statss.aspx?playerid=26540&position=OF"">Angel Martinez</a>",23.0,484.0,0.27366650938241116
18353,"<a href=""statss.aspx?playerid=18353&position=OF"">Daz Cameron</a>",28.0,42.0,0.22083890296164013
14712,"<a href=""statss.aspx?playerid=14712&position=OF"">Manuel Margot</a>",30.0,20.0,0.2647217452526093
29830,"<a href=""statss.aspx?playerid=29830&position=2B"">Jack Winkler</a>",26.0,16.0,0.26678913086652756
19958,"<a href=""statss.aspx?playerid=19958&position=3B"">Carter Kieboom</a>",27.0,8.0,0.22060145437717438
10441,"<a href=""statss.aspx?playerid=10441&position=1B"">Jon Singleton</a>",33.0,9.0,0.09804509083429973
10472,"<a href=""statss.aspx?playerid=10472&position=OF"">Enrique Hernandez</a>",33.0,256.0,0.26833693630555094
28022,"<a href=""statss.aspx?playerid=28022&position=C"">Edgar Quero</a>",22.0,403.0,0.3065739242965471
21535,"<a href=""statss.aspx?playerid=21535&position=2B"">Connor Kaiser</a>",28.0,19.0,0.14872683349408602
19960,"<a href=""statss.aspx?playerid=19960&position=OF"">Taylor Trammell</a>",27.0,135.0,0.2822389381903189
31394,"<a href=""statss.aspx?playerid=31394&position=OF"">Brooks Baldwin</a>",24.0,328.0,0.30162467540782173
19314,"<a href=""statss.aspx?playerid=19314&position=2B"">Donovan Walton</a>",31.0,9.0,0.11030072718858719
33390,"<a href=""statss.aspx?playerid=33390&position=1B/DH"">Bryce Eldridge</a>",20.0,37.0,0.2418644959862168
19458,"<a href=""statss.aspx?playerid=19458&position=DH/OF"">Cooper Hummel</a>",30.0,105.0,0.2675633361706367
22209,"<a href=""statss.aspx?playerid=22209&position=C"">Sam Huff</a>",27.0,58.0,0.26124018841776353
22165,"<a href=""statss.aspx?playerid=22165&position=OF"">Ryan Vilade</a>",26.0,15.0,0.15102662642796835
23790,"<a href=""statss.aspx?playerid=23790&position=C"">Will Banfield</a>",25.0,10.0,0.08824058175086975
22263,"<a href=""statss.aspx?playerid=22263&position=2B/3B"">Nolan Gorman</a>",25.0,402.0,0.29173873841762543
15654,"<a href=""statss.aspx?playerid=15654&position=OF"">Billy McKinney</a>",30.0,21.0,0.21860102244785853
33644,"<a href=""statss.aspx?playerid=33644&position=2B"">Kristian Campbell</a>",23.0,263.0,0.29874603421969104
22566,"<a href=""statss.aspx?playerid=22566&position=OF"">Tirso Ornelas</a>",25.0,16.0,0.14158746227622032
16219,"<a href=""statss.aspx?playerid=16219&position=3B"">J.D. Davis</a>",32.0,9.0,0.09804509083429973
23802,"<a href=""statss.aspx?playerid=23802&position=2B/3B"">Anthony Seigler</a>",26.0,73.0,0.23906436231401232
31792,"<a href=""statss.aspx?playerid=31792&position=3B/OF"">Otto Kemp</a>",25.0,218.0,0.3084820087896575
21735,"<a href=""statss.aspx?playerid=21735&position=C"">Sebastian Rivero</a>",26.0,34.0,0.19779219171580145
18363,"<a href=""statss.aspx?playerid=18363&position=OF"">Victor Robles</a>",28.0,114.0,0.2677101294199626
27573,"<a href=""statss.aspx?playerid=27573&position=3B"">Gage Workman</a>",25.0,17.0,0.21813033258213715
23442,"<a href=""statss.aspx?playerid=23442&position=3B/SS"">Luis Vazquez</a>",25.0,53.0,0.20109863213773044
19252,"<a href=""statss.aspx?playerid=19252&position=2B"">Cavan Biggio</a>",30.0,83.0,0.25693351913381507
26467,"<a href=""statss.aspx?playerid=26467&position=OF"">Luis Matos</a>",23.0,184.0,0.2956813292010971
10231,"<a href=""statss.aspx?playerid=10231&position=SS"">Jose Iglesias</a>",35.0,343.0,0.2682885932008074
5827,"<a href=""statss.aspx?playerid=5827&position=1B"">Wilmer Flores</a>",33.0,463.0,0.3020836701918369
23378,"<a href=""statss.aspx?playerid=23378&position=SS"">Jose Barrero</a>",27.0,31.0,0.20864190978388633
25805,"<a href=""statss.aspx?playerid=25805&position=C/OF"">Blake Sabol</a>",27.0,18.0,0.15698943535486856
23818,"<a href=""statss.aspx?playerid=23818&position=2B/OF"">Ji Hwan Bae</a>",25.0,25.0,0.17359559059143068
19262,"<a href=""statss.aspx?playerid=19262&position=2B/OF"">Garrett Hampson</a>",30.0,91.0,0.2051355852322145
23917,"<a href=""statss.aspx?playerid=23917&position=2B/3B"">Jorbit Vivas</a>",24.0,66.0,0.24156240560114384
29634,"<a href=""statss.aspx?playerid=29634&position=2B/3B"">Will Wagner</a>",26.0,149.0,0.2795696020931811
28824,"<a href=""statss.aspx?playerid=28824&position=C/DH"">Samuel Basallo</a>",20.0,118.0,0.24606878222045253
21523,"<a href=""statss.aspx?playerid=21523&position=2B"">Jonathan India</a>",28.0,567.0,0.30070688372787235
19339,"<a href=""statss.aspx?playerid=19339&position=2B/SS"">Nicky Lopez</a>",30.0,28.0,0.13029974911894118
16426,"<a href=""statss.aspx?playerid=16426&position=2B"">Thairo Estrada</a>",29.0,165.0,0.28362342408209135
20557,"<a href=""statss.aspx?playerid=20557&position=3B"">C.J. Alexander</a>",28.0,17.0,0.15571867367800543
25980,"<a href=""statss.aspx?playerid=25980&position=OF"">Matthew Lugo</a>",24.0,70.0,0.2985970548221043
12180,"<a href=""statss.aspx?playerid=12180&position=C"">Jorge Alfaro</a>",32.0,39.0,0.24520669227991349
29993,"<a href=""statss.aspx?playerid=29993&position=3B"">Brady House</a>",22.0,274.0,0.24833285199464672
26599,"<a href=""statss.aspx?playerid=26599&position=OF"">Jonatan Clase</a>",23.0,112.0,0.26654289380924123
23782,"<a href=""statss.aspx?playerid=23782&position=2B/SS"">Leo Jimenez</a>",24.0,32.0,0.1387998192541061
12158,"<a href=""statss.aspx?playerid=12158&position=C"">Austin Barnes</a>",35.0,44.0,0.22655007866925972
29766,"<a href=""statss.aspx?playerid=29766&position=2B"">Zack Gelof</a>",25.0,101.0,0.22377453207969666
17040,"<a href=""statss.aspx?playerid=17040&position=C"">Jose Herrera</a>",28.0,204.0,0.2513382481169824
31680,"<a href=""statss.aspx?playerid=31680&position=2B"">Cole Young</a>",21.0,257.0,0.2736085948981638
25629,"<a href=""statss.aspx?playerid=25629&position=2B/OF"">Cody Freeman</a>",24.0,121.0,0.2611917366584142
25855,"<a href=""statss.aspx?playerid=25855&position=1B/OF"">Matt Gorski</a>",27.0,42.0,0.2562565321014041
25183,"<a href=""statss.aspx?playerid=25183&position=OF"">Drew Avans</a>",29.0,18.0,0.09804509083429973
5235,"<a href=""statss.aspx?playerid=5235&position=3B"">Justin Turner</a>",40.0,191.0,0.267948830627022
19890,"<a href=""statss.aspx?playerid=19890&position=3B"">Emmanuel Rivera</a>",29.0,127.0,0.25843660991022904
31661,"<a href=""statss.aspx?playerid=31661&position=OF"">Jacob Melton</a>",24.0,78.0,0.19843877832610884
31437,"<a href=""statss.aspx?playerid=31437&position=3B"">Jace Jung</a>",24.0,55.0,0.18135991204868662
30038,"<a href=""statss.aspx?playerid=30038&position=SS"">Carson Williams</a>",22.0,106.0,0.24793647414162046
12434,"<a href=""statss.aspx?playerid=12434&position=OF"">Kevin Pillar</a>",36.0,43.0,0.20187570189320764
7739,"<a href=""statss.aspx?playerid=7739&position=C"">Travis d'Arnaud</a>",36.0,231.0,0.26265415691194083
26295,"<a href=""statss.aspx?playerid=26295&position=3B"">Oliver Dunn</a>",27.0,41.0,0.19016490532801703
27770,"<a href=""statss.aspx?playerid=27770&position=OF"">Zac Veen</a>",23.0,37.0,0.19349718899340243
26148,"<a href=""statss.aspx?playerid=26148&position=1B"">Tristin English</a>",28.0,23.0,0.12286129723424496
17907,"<a href=""statss.aspx?playerid=17907&position=2B"">Brendan Rodgers</a>",28.0,128.0,0.24632550962269306
15730,"<a href=""statss.aspx?playerid=15730&position=2B/OF"">Tyler Wade</a>",30.0,127.0,0.26244939100451586
25524,"<a href=""statss.aspx?playerid=25524&position=2B/3B/SS"">Aaron Schunk</a>",27.0,33.0,0.17699800990521908
13757,"<a href=""statss.aspx?playerid=13757&position=OF"">Chris Taylor</a>",34.0,125.0,0.24974580526351928
17975,"<a href=""statss.aspx?playerid=17975&position=SS/OF"">Scott Kingery</a>",31.0,29.0,0.1821420089951877
19997,"<a href=""statss.aspx?playerid=19997&position=2B/3B"">Santiago Espinal</a>",30.0,328.0,0.2587488084573012
27789,"<a href=""statss.aspx?playerid=27789&position=3B"">Shay Whitcomb</a>",26.0,32.0,0.1463941391557455
14221,"<a href=""statss.aspx?playerid=14221&position=DH/OF"">Jorge Soler</a>",33.0,315.0,0.2977366257625021
16623,"<a href=""statss.aspx?playerid=16623&position=OF"">Greg Allen</a>",32.0,14.0,0.0
30028,"<a href=""statss.aspx?playerid=30028&position=1B"">Bob Seymour</a>",26.0,83.0,0.23895556668201126
20970,"<a href=""statss.aspx?playerid=20970&position=OF"">Oscar Gonzalez</a>",27.0,61.0,0.21678312489243803
19566,"<a href=""statss.aspx?playerid=19566&position=1B"">Nathaniel Lowe</a>",29.0,609.0,0.30125996004022915
15711,"<a href=""statss.aspx?playerid=15711&position=OF"">Tyler O'Neill</a>",30.0,209.0,0.29696572801241505
19294,"<a href=""statss.aspx?playerid=19294&position=2B"">Nick Solak</a>",30.0,11.0,0.08021871068260887
22217,"<a href=""statss.aspx?playerid=22217&position=C"">Luis Campusano</a>",26.0,27.0,0.1536659532123142
18171,"<a href=""statss.aspx?playerid=18171&position=1B/OF"">Seth Brown</a>",32.0,76.0,0.2651435528930865
20056,"<a href=""statss.aspx?playerid=20056&position=2B/SS"">Alan Trejo</a>",29.0,43.0,0.18112715085347494
10681,"<a href=""statss.aspx?playerid=10681&position=3B"">Gio Urshela</a>",33.0,197.0,0.2708101581304501
25690,"<a href=""statss.aspx?playerid=25690&position=OF"">Grant McCray</a>",24.0,26.0,0.15399431467056274
20126,"<a href=""statss.aspx?playerid=20126&position=OF"">Dylan Carlson</a>",26.0,241.0,0.27281894649212785
16357,"<a href=""statss.aspx?playerid=16357&position=OF"">Pablo Reyes</a>",31.0,34.0,0.2135433301781163
29614,"<a href=""statss.aspx?playerid=29614&position=2B/3B"">Chad Stevens</a>",26.0,14.0,0.13575474115518424
15941,"<a href=""statss.aspx?playerid=15941&position=C"">Austin Nola</a>",35.0,41.0,0.1982333928346634
18373,"<a href=""statss.aspx?playerid=18373&position=1B"">Ryan Mountcastle</a>",28.0,357.0,0.28357769912030517
29779,"<a href=""statss.aspx?playerid=29779&position=3B"">Max Muncy</a>",22.0,220.0,0.2767686456441879
30063,"<a href=""statss.aspx?playerid=30063&position=OF"">Tristan Peters</a>",25.0,12.0,0.0
17452,"<a href=""statss.aspx?playerid=17452&position=OF"">Jose Siri</a>",29.0,36.0,0.14638337824079725
23395,"<a href=""statss.aspx?playerid=23395&position=1B"">Eric Wagaman</a>",27.0,514.0,0.29319762302279934
23968,"<a href=""statss.aspx?playerid=23968&position=OF"">Jorge Barrosa</a>",24.0,77.0,0.171335502878412
26536,"<a href=""statss.aspx?playerid=26536&position=1B"">Warming Bernabel</a>",23.0,146.0,0.3013883686228974
29782,"<a href=""statss.aspx?playerid=29782&position=1B/DH"">Niko Kavadas</a>",26.0,23.0,0.1669261740601581
19358,"<a href=""statss.aspx?playerid=19358&position=OF"">Weston Wilson</a>",30.0,125.0,0.28779136750005907
20538,"<a href=""statss.aspx?playerid=20538&position=1B/3B"">Jose Miranda</a>",27.0,36.0,0.17915066911114585
23312,"<a href=""statss.aspx?playerid=23312&position=1B"">Ryan Noda</a>",29.0,59.0,0.21054445313555853
23372,"<a href=""statss.aspx?playerid=23372&position=C"">Hunter Feduccia</a>",28.0,105.0,0.2256308050382705
33098,"<a href=""statss.aspx?playerid=33098&position=OF"">Carson McCusker</a>",27.0,30.0,0.1701175292332967
25867,"<a href=""statss.aspx?playerid=25867&position=SS/OF"">Ryan Kreidler</a>",27.0,44.0,0.14989548637753441
19600,"<a href=""statss.aspx?playerid=19600&position=OF"">Bryan De La Cruz</a>",28.0,50.0,0.20771288275718688
25688,"<a href=""statss.aspx?playerid=25688&position=3B"">Cam Devanney</a>",28.0,38.0,0.16222431785181948
19198,"<a href=""statss.aspx?playerid=19198&position=1B"">Yuli Gurriel</a>",41.0,40.0,0.16662779599428176
31354,"<a href=""statss.aspx?playerid=31354&position=C"">Jimmy Crooks</a>",23.0,46.0,0.17116881064746692
10243,"<a href=""statss.aspx?playerid=10243&position=OF"">Randal Grichuk</a>",33.0,293.0,0.28850472116307035
27684,"<a href=""statss.aspx?playerid=27684&position=2B"">Michael Massey</a>",27.0,277.0,0.2543848269227622
12037,"<a href=""statss.aspx?playerid=12037&position=3B"">Jon Berti</a>",35.0,107.0,0.2259026732400199
22530,"<a href=""statss.aspx?playerid=22530&position=OF"">Johnathan Rodriguez</a>",25.0,77.0,0.27263245257464325
27845,"<a href=""statss.aspx?playerid=27845&position=1B/DH"">Matt Mervis</a>",27.0,134.0,0.2740826848754309
25434,"<a href=""statss.aspx?playerid=25434&position=2B/3B"">Will Wilson</a>",26.0,91.0,0.23577743006307025
21797,"<a href=""statss.aspx?playerid=21797&position=1B/DH"">Andres Chaparro</a>",26.0,73.0,0.22825526456310324
20529,"<a href=""statss.aspx?playerid=20529&position=OF"">Nolan Jones</a>",27.0,403.0,0.2703761297865699
19931,"<a href=""statss.aspx?playerid=19931&position=3B/OF"">Luke Williams</a>",28.0,34.0,0.16712974800783045
28816,"<a href=""statss.aspx?playerid=28816&position=3B/SS"">Denzer Guzman</a>",21.0,43.0,0.2425633280776268
20287,"<a href=""statss.aspx?playerid=20287&position=C"">Ben Rortvedt</a>",27.0,128.0,0.2105234727859497
22505,"<a href=""statss.aspx?playerid=22505&position=2B/3B"">Buddy Kennedy</a>",26.0,32.0,0.13248734921216965
22842,"<a href=""statss.aspx?playerid=22842&position=OF"">Alexander Canario</a>",25.0,234.0,0.269562030195171
12005,"<a href=""statss.aspx?playerid=12005&position=DH/OF"">Nick Martini</a>",35.0,111.0,0.25873002680865204
27482,"<a href=""statss.aspx?playerid=27482&position=OF"">Robert Hassell III</a>",23.0,206.0,0.2517990247138496
29976,"<a href=""statss.aspx?playerid=29976&position=SS/OF"">Jordan Lawlar</a>",22.0,74.0,0.24387363485387853
29704,"<a href=""statss.aspx?playerid=29704&position=C/DH"">Braxton Fulford</a>",26.0,120.0,0.2582249164581299
16930,"<a href=""statss.aspx?playerid=16930&position=C"">Jonah Heim</a>",30.0,433.0,0.2658568871793924
22558,"<a href=""statss.aspx?playerid=22558&position=OF"">Jarred Kelenic</a>",25.0,65.0,0.23585420480141273
24770,"<a href=""statss.aspx?playerid=24770&position=OF"">James Outman</a>",28.0,148.0,0.23719823038255847
15429,"<a href=""statss.aspx?playerid=15429&position=3B/OF"">Kris Bryant</a>",33.0,41.0,0.1808885684827479
23695,"<a href=""statss.aspx?playerid=23695&position=OF"">Everson Pereira</a>",24.0,73.0,0.21180287207642648
27493,"<a href=""statss.aspx?playerid=27493&position=OF"">Rece Hinds</a>",24.0,44.0,0.17688649215481497
17273,"<a href=""statss.aspx?playerid=17273&position=SS"">Jorge Mateo</a>",30.0,83.0,0.2138875112476119
16939,"<a href=""statss.aspx?playerid=16939&position=OF"">Lane Thomas</a>",29.0,142.0,0.23528394019100027
4940,"<a href=""statss.aspx?playerid=4940&position=OF"">Jason Heyward</a>",35.0,95.0,0.2173835020116035
19384,"<a href=""statss.aspx?playerid=19384&position=1B/DH"">Trenton Brooks</a>",29.0,43.0,0.19933536024980766
31522,"<a href=""statss.aspx?playerid=31522&position=1B"">Tim Elko</a>",26.0,72.0,0.2276193673412005
22244,"<a href=""statss.aspx?playerid=22244&position=OF"">Jack Suwinski</a>",26.0,178.0,0.2500451173486009
11737,"<a href=""statss.aspx?playerid=11737&position=3B/OF"">Nick Castellanos</a>",33.0,589.0,0.30037709336936574
24934,"<a href=""statss.aspx?playerid=24934&position=DH"">David Fry</a>",29.0,157.0,0.25761855256025956
19864,"<a href=""statss.aspx?playerid=19864&position=C"">Riley Adams</a>",29.0,286.0,0.24997270899219112
26106,"<a href=""statss.aspx?playerid=26106&position=C"">Maverick Handley</a>",27.0,47.0,0.10561110178629557
25844,"<a href=""statss.aspx?playerid=25844&position=1B"">Logan Davidson</a>",27.0,47.0,0.22545162439346314
22197,"<a href=""statss.aspx?playerid=22197&position=OF"">MJ Melendez</a>",26.0,65.0,0.15115520862432627
16376,"<a href=""statss.aspx?playerid=16376&position=OF"">Michael Conforto</a>",32.0,486.0,0.28747736303894605
20505,"<a href=""statss.aspx?playerid=20505&position=OF"">Drew Waters</a>",26.0,219.0,0.2678058825127066
22514,"<a href=""statss.aspx?playerid=22514&position=1B"">Triston Casas</a>",25.0,112.0,0.25568022457036105
30011,"<a href=""statss.aspx?playerid=30011&position=1B"">Christian Encarnacion-Strand</a>",25.0,137.0,0.26096325025071193
25346,"<a href=""statss.aspx?playerid=25346&position=2B/OF"">Ronny Simon</a>",25.0,88.0,0.2588940605349924
25332,"<a href=""statss.aspx?playerid=25332&position=C"">Endy Rodriguez</a>",25.0,57.0,0.2259147710967482
11445,"<a href=""statss.aspx?playerid=11445&position=OF"">Mark Canha</a>",36.0,125.0,0.24358860969543458
17696,"<a href=""statss.aspx?playerid=17696&position=2B/SS"">Kevin Newman</a>",31.0,116.0,0.20900705897289773
19844,"<a href=""statss.aspx?playerid=19844&position=2B/3B"">Abraham Toro</a>",28.0,284.0,0.28593919744761165
31396,"<a href=""statss.aspx?playerid=31396&position=1B"">Tyler Locklear</a>",24.0,116.0,0.2450871190120434
19896,"<a href=""statss.aspx?playerid=19896&position=C"">Connor Wong</a>",29.0,188.0,0.2298354793359889
13621,"<a href=""statss.aspx?playerid=13621&position=3B"">Jeimer Candelario</a>",31.0,91.0,0.18916598519126138
24703,"<a href=""statss.aspx?playerid=24703&position=1B/3B"">Jonah Bride</a>",29.0,125.0,0.20275782096770503
19818,"<a href=""statss.aspx?playerid=19818&position=OF"">Joshua Palacios</a>",29.0,145.0,0.27133777861793834
24759,"<a href=""statss.aspx?playerid=24759&position=C/DH"">Mickey Gasper</a>",29.0,110.0,0.2293339502920798
21270,"<a href=""statss.aspx?playerid=21270&position=OF"">Sean Bouchard</a>",29.0,73.0,0.22471210074751344
28552,"<a href=""statss.aspx?playerid=28552&position=DH/OF"">Yanquiel Fernandez</a>",22.0,147.0,0.2677144112230158
22532,"<a href=""statss.aspx?playerid=22532&position=OF"">Tyler Freeman</a>",26.0,428.0,0.3194722850837618
6887,"<a href=""statss.aspx?playerid=6887&position=C"">Martin Maldonado</a>",38.0,161.0,0.25058783254315775
16572,"<a href=""statss.aspx?playerid=16572&position=1B/OF"">Connor Joe</a>",32.0,80.0,0.23140059188008308
18900,"<a href=""statss.aspx?playerid=18900&position=OF"">Leody Taveras</a>",26.0,180.0,0.23008879227826826
11899,"<a href=""statss.aspx?playerid=11899&position=DH/OF"">Joc Pederson</a>",33.0,306.0,0.27629436801691526
24729,"<a href=""statss.aspx?playerid=24729&position=C"">Logan O'Hoppe</a>",25.0,451.0,0.27346640454398263
23296,"<a href=""statss.aspx?playerid=23296&position=SS"">Jacob Amaya</a>",26.0,73.0,0.11973378476169375
27534,"<a href=""statss.aspx?playerid=27534&position=2B"">Edouard Julien</a>",26.0,208.0,0.28557353060026675
22823,"<a href=""statss.aspx?playerid=22823&position=2B/3B"">Oswald Peraza</a>",25.0,265.0,0.2139704909288522
25467,"<a href=""statss.aspx?playerid=25467&position=OF"">Will Robertson</a>",27.0,75.0,0.14851632595062256
13185,"<a href=""statss.aspx?playerid=13185&position=SS"">Orlando Arcia</a>",30.0,214.0,0.23293054438082972
24496,"<a href=""statss.aspx?playerid=24496&position=OF"">DaShawn Keirsey Jr.</a>",28.0,88.0,0.1420334810498117
27962,"<a href=""statss.aspx?playerid=27962&position=2B"">Adael Amador</a>",22.0,128.0,0.2377469491958618
29575,"<a href=""statss.aspx?playerid=29575&position=SS"">Trey Sweeney</a>",25.0,326.0,0.24450767735030754
17027,"<a href=""statss.aspx?playerid=17027&position=OF"">Alex Verdugo</a>",29.0,213.0,0.2642892943301671
25040,"<a href=""statss.aspx?playerid=25040&position=3B"">Vinny Capra</a>",28.0,105.0,0.1498003993548599
14551,"<a href=""statss.aspx?playerid=14551&position=OF"">Anthony Santander</a>",30.0,221.0,0.2549884156747298
15464,"<a href=""statss.aspx?playerid=15464&position=OF"">Hunter Renfroe</a>",33.0,108.0,0.21881747687304462
19610,"<a href=""statss.aspx?playerid=19610&position=C"">Keibert Ruiz</a>",26.0,267.0,0.2623011302412226
14813,"<a href=""statss.aspx?playerid=14813&position=2B/SS"">Kyle Farmer</a>",34.0,300.0,0.28216366449991864
24257,"<a href=""statss.aspx?playerid=24257&position=OF"">Jhonkensy Noel</a>",23.0,153.0,0.20661872352649963
31166,"<a href=""statss.aspx?playerid=31166&position=OF"">Heston Kjerstad</a>",26.0,167.0,0.2477956799689881
27475,"<a href=""statss.aspx?playerid=27475&position=OF"">Jordan Walker</a>",23.0,396.0,0.26023274841187877
19734,"<a href=""statss.aspx?playerid=19734&position=2B/3B"">Josh Rojas</a>",31.0,211.0,0.23226537080038162
13723,"<a href=""statss.aspx?playerid=13723&position=C"">Jacob Stallings</a>",35.0,129.0,0.1711901961825788
18126,"<a href=""statss.aspx?playerid=18126&position=1B/OF"">LaMonte Wade Jr.</a>",31.0,242.0,0.24142293201829598
35041,"<a href=""statss.aspx?playerid=35041&position=OF"">Jac Caglianone</a>",22.0,232.0,0.23904945598594074
25845,"<a href=""statss.aspx?playerid=25845&position=1B"">Michael Toglia</a>",26.0,337.0,0.26516476816205836
