playerid,Name,Age,PA,wOBA
18401,"<a href=""statss.aspx?playerid=18401&position=OF"">Ronald Acuna Jr.</a>",25.0,373.0,0.4249768531868721
19755,"<a href=""statss.aspx?playerid=19755&position=DH"">Shohei Ohtani</a>",28.0,369.0,0.43956502974033357
19352,"<a href=""statss.aspx?playerid=19352&position=C"">Sean Murphy</a>",28.0,249.0,0.40253092725592926
5361,"<a href=""statss.aspx?playerid=5361&position=1B"">Freddie Freeman</a>",33.0,372.0,0.39740591394445285
23667,"<a href=""statss.aspx?playerid=23667&position=SS"">Wander Franco</a>",22.0,345.0,0.3455286248432304
20043,"<a href=""statss.aspx?playerid=20043&position=OF"">Luis Robert Jr.</a>",25.0,339.0,0.375725244827501
25878,"<a href=""statss.aspx?playerid=25878&position=OF"">Corbin Carroll</a>",22.0,323.0,0.3907845755603826
20123,"<a href=""statss.aspx?playerid=20123&position=OF"">Juan Soto</a>",24.0,359.0,0.39553812036433234
13611,"<a href=""statss.aspx?playerid=13611&position=OF"">Mookie Betts</a>",30.0,359.0,0.3895324367334584
12533,"<a href=""statss.aspx?playerid=12533&position=2B/SS"">Marcus Semien</a>",32.0,388.0,0.3434160592642473
18314,"<a href=""statss.aspx?playerid=18314&position=SS"">Dansby Swanson</a>",29.0,344.0,0.3363924059410428
16930,"<a href=""statss.aspx?playerid=16930&position=C"">Jonah Heim</a>",28.0,288.0,0.34444392225883563
10155,"<a href=""statss.aspx?playerid=10155&position=OF"">Mike Trout</a>",31.0,345.0,0.3684529389306338
13624,"<a href=""statss.aspx?playerid=13624&position=SS"">Corey Seager</a>",29.0,228.0,0.42519222925194594
13613,"<a href=""statss.aspx?playerid=13613&position=2B"">Ketel Marte</a>",29.0,339.0,0.37802182959947617
19197,"<a href=""statss.aspx?playerid=19197&position=C"">Will Smith</a>",28.0,260.0,0.3908760217519907
19287,"<a href=""statss.aspx?playerid=19287&position=OF"">Adolis Garcia</a>",30.0,352.0,0.35621284507215023
19612,"<a href=""statss.aspx?playerid=19612&position=SS"">Bo Bichette</a>",25.0,364.0,0.3622423842713073
13510,"<a href=""statss.aspx?playerid=13510&position=3B"">Jose Ramirez</a>",30.0,345.0,0.3639237941382174
26288,"<a href=""statss.aspx?playerid=26288&position=C/DH"">Adley Rutschman</a>",25.0,345.0,0.34663503047297983
19290,"<a href=""statss.aspx?playerid=19290&position=OF"">Randy Arozarena</a>",28.0,344.0,0.3849721547476081
19709,"<a href=""statss.aspx?playerid=19709&position=SS/OF"">Fernando Tatis Jr.</a>",24.0,288.0,0.3615958030215539
14344,"<a href=""statss.aspx?playerid=14344&position=1B"">Matt Olson</a>",29.0,366.0,0.386384999359047
15640,"<a href=""statss.aspx?playerid=15640&position=OF"">Aaron Judge</a>",31.0,213.0,0.43781931177851113
16426,"<a href=""statss.aspx?playerid=16426&position=2B"">Thairo Estrada</a>",27.0,306.0,0.3304538085812428
18568,"<a href=""statss.aspx?playerid=18568&position=1B/2B"">Luis Arraez</a>",26.0,326.0,0.3964046185496468
16578,"<a href=""statss.aspx?playerid=16578&position=1B/3B/DH"">Yandy Diaz</a>",31.0,310.0,0.3942272351634118
16939,"<a href=""statss.aspx?playerid=16939&position=OF"">Lane Thomas</a>",27.0,342.0,0.3685651273406737
9218,"<a href=""statss.aspx?playerid=9218&position=1B"">Paul Goldschmidt</a>",35.0,350.0,0.3706756919279866
13419,"<a href=""statss.aspx?playerid=13419&position=1B"">Christian Walker</a>",32.0,336.0,0.3638540867928628
12927,"<a href=""statss.aspx?playerid=12927&position=OF"">Brandon Nimmo</a>",30.0,363.0,0.3601929846718825
26299,"<a href=""statss.aspx?playerid=26299&position=3B"">Josh Jung</a>",25.0,336.0,0.3502223202515216
19363,"<a href=""statss.aspx?playerid=19363&position=OF"">Austin Hays</a>",27.0,297.0,0.3647307239798986
19522,"<a href=""statss.aspx?playerid=19522&position=OF"">TJ Friedl</a>",27.0,237.0,0.37167959553854807
21479,"<a href=""statss.aspx?playerid=21479&position=2B/SS"">Nico Hoerner</a>",26.0,328.0,0.32464395954114633
20036,"<a href=""statss.aspx?playerid=20036&position=3B"">Isaac Paredes</a>",24.0,288.0,0.36694030919008785
13621,"<a href=""statss.aspx?playerid=13621&position=3B"">Jeimer Candelario</a>",29.0,329.0,0.3448504240411084
19354,"<a href=""statss.aspx?playerid=19354&position=OF"">Luke Raley</a>",28.0,216.0,0.3959157746891643
26294,"<a href=""statss.aspx?playerid=26294&position=2B"">Bryson Stott</a>",25.0,331.0,0.3210541253003469
22799,"<a href=""statss.aspx?playerid=22799&position=SS"">Geraldo Perdomo</a>",23.0,250.0,0.36011410614506145
12916,"<a href=""statss.aspx?playerid=12916&position=SS"">Francisco Lindor</a>",29.0,350.0,0.3209376512254987
16505,"<a href=""statss.aspx?playerid=16505&position=3B"">Matt Chapman</a>",30.0,336.0,0.3399767571420812
19556,"<a href=""statss.aspx?playerid=19556&position=DH/OF"">Yordan Alvarez</a>",26.0,242.0,0.4085682397087415
18126,"<a href=""statss.aspx?playerid=18126&position=1B/OF"">LaMonte Wade Jr.</a>",29.0,298.0,0.38289183015758926
27506,"<a href=""statss.aspx?playerid=27506&position=SS"">Ha-seong Kim</a>",27.0,289.0,0.33194598013704474
11477,"<a href=""statss.aspx?playerid=11477&position=OF"">Christian Yelich</a>",31.0,338.0,0.34934022337643067
27478,"<a href=""statss.aspx?playerid=27478&position=C"">Patrick Bailey</a>",24.0,123.0,0.38074254841843913
16219,"<a href=""statss.aspx?playerid=16219&position=3B"">J.D. Davis</a>",30.0,291.0,0.35406145926179555
17027,"<a href=""statss.aspx?playerid=17027&position=OF"">Alex Verdugo</a>",27.0,334.0,0.3612269275897258
18900,"<a href=""statss.aspx?playerid=18900&position=OF"">Leody Taveras</a>",24.0,264.0,0.3500949404992078
18360,"<a href=""statss.aspx?playerid=18360&position=3B"">Austin Riley</a>",26.0,359.0,0.3395661404486798
26289,"<a href=""statss.aspx?playerid=26289&position=SS"">Gunnar Henderson</a>",22.0,263.0,0.34314513684229087
19953,"<a href=""statss.aspx?playerid=19953&position=OF"">Josh Lowe</a>",25.0,254.0,0.3594265108502756
18345,"<a href=""statss.aspx?playerid=18345&position=OF"">Kyle Tucker</a>",26.0,336.0,0.3491425550455018
20503,"<a href=""statss.aspx?playerid=20503&position=C"">William Contreras</a>",25.0,262.0,0.32749944106313106
17452,"<a href=""statss.aspx?playerid=17452&position=OF"">Jose Siri</a>",27.0,190.0,0.3483742532275972
23733,"<a href=""statss.aspx?playerid=23733&position=3B"">Ezequiel Duran</a>",24.0,233.0,0.38856421539495734
20202,"<a href=""statss.aspx?playerid=20202&position=OF"">Brandon Marsh</a>",25.0,269.0,0.350487015077046
17929,"<a href=""statss.aspx?playerid=17929&position=OF"">Cedric Mullins</a>",28.0,249.0,0.34888488947138613
25764,"<a href=""statss.aspx?playerid=25764&position=SS"">Bobby Witt Jr.</a>",23.0,351.0,0.30146956121140395
15112,"<a href=""statss.aspx?playerid=15112&position=3B"">Ryan McMahon</a>",28.0,334.0,0.3550783870098469
11615,"<a href=""statss.aspx?playerid=11615&position=2B/3B"">Brandon Drury</a>",30.0,307.0,0.34794019779087276
23697,"<a href=""statss.aspx?playerid=23697&position=OF"">Julio Rodriguez</a>",22.0,354.0,0.3086908496705826
9777,"<a href=""statss.aspx?playerid=9777&position=3B"">Nolan Arenado</a>",32.0,326.0,0.3404417911797394
21534,"<a href=""statss.aspx?playerid=21534&position=C"">Cal Raleigh</a>",26.0,267.0,0.31178211157483265
29695,"<a href=""statss.aspx?playerid=29695&position=2B/SS"">Matt McLain</a>",23.0,191.0,0.3875884657130816
12161,"<a href=""statss.aspx?playerid=12161&position=SS"">Xander Bogaerts</a>",30.0,325.0,0.3225071252309359
17678,"<a href=""statss.aspx?playerid=17678&position=3B"">Alex Bregman</a>",29.0,362.0,0.3325460034724418
11038,"<a href=""statss.aspx?playerid=11038&position=OF"">Kevin Kiermaier</a>",33.0,215.0,0.33382657170295715
22244,"<a href=""statss.aspx?playerid=22244&position=OF"">Jack Suwinski</a>",24.0,261.0,0.35701354321848844
17919,"<a href=""statss.aspx?playerid=17919&position=OF"">Ian Happ</a>",28.0,341.0,0.3464501217051593
16556,"<a href=""statss.aspx?playerid=16556&position=2B"">Ozzie Albies</a>",26.0,344.0,0.3379957207486776
26323,"<a href=""statss.aspx?playerid=26323&position=1B/OF"">Spencer Steer</a>",25.0,337.0,0.37384138510559717
19566,"<a href=""statss.aspx?playerid=19566&position=1B"">Nathaniel Lowe</a>",27.0,370.0,0.34549798164264295
9847,"<a href=""statss.aspx?playerid=9847&position=OF"">Andrew McCutchen</a>",36.0,296.0,0.37187851667404176
3473,"<a href=""statss.aspx?playerid=3473&position=1B"">Anthony Rizzo</a>",33.0,319.0,0.34477209145168086
19238,"<a href=""statss.aspx?playerid=19238&position=OF"">Lourdes Gurriel Jr.</a>",29.0,296.0,0.3491536956783888
13185,"<a href=""statss.aspx?playerid=13185&position=SS"">Orlando Arcia</a>",28.0,233.0,0.3406879656304617
19950,"<a href=""statss.aspx?playerid=19950&position=2B/SS"">Andres Gimenez</a>",24.0,304.0,0.2957764099602683
19956,"<a href=""statss.aspx?playerid=19956&position=OF"">Mickey Moniak</a>",25.0,112.0,0.42123434745839666
22558,"<a href=""statss.aspx?playerid=22558&position=OF"">Jarred Kelenic</a>",23.0,304.0,0.3295411190321279
19326,"<a href=""statss.aspx?playerid=19326&position=OF"">Bryan Reynolds</a>",28.0,294.0,0.35191121373046824
19251,"<a href=""statss.aspx?playerid=19251&position=1B"">Pete Alonso</a>",28.0,312.0,0.3461106282014113
25976,"<a href=""statss.aspx?playerid=25976&position=OF"">Riley Greene</a>",22.0,224.0,0.3503748213074037
15491,"<a href=""statss.aspx?playerid=15491&position=SS"">J.P. Crawford</a>",28.0,307.0,0.3208180511584047
4940,"<a href=""statss.aspx?playerid=4940&position=OF"">Jason Heyward</a>",33.0,188.0,0.3630577879983026
18015,"<a href=""statss.aspx?playerid=18015&position=SS"">Paul DeJong</a>",29.0,207.0,0.32577514302903327
23401,"<a href=""statss.aspx?playerid=23401&position=SS"">Jose Caballero</a>",26.0,162.0,0.33109731401926207
26121,"<a href=""statss.aspx?playerid=26121&position=C"">Francisco Alvarez</a>",21.0,195.0,0.30876440757360213
24655,"<a href=""statss.aspx?playerid=24655&position=1B/2B"">Owen Miller</a>",26.0,230.0,0.3274228749067887
14551,"<a href=""statss.aspx?playerid=14551&position=OF"">Anthony Santander</a>",28.0,326.0,0.3435460223010713
24617,"<a href=""statss.aspx?playerid=24617&position=OF"">Jarren Duran</a>",26.0,227.0,0.34033060838690904
11737,"<a href=""statss.aspx?playerid=11737&position=3B/OF"">Nick Castellanos</a>",31.0,337.0,0.35994244276239185
23312,"<a href=""statss.aspx?playerid=23312&position=1B"">Ryan Noda</a>",27.0,292.0,0.3456404332033138
31347,"<a href=""statss.aspx?playerid=31347&position=SS"">Zach Neto</a>",22.0,199.0,0.3354504620186006
19452,"<a href=""statss.aspx?playerid=19452&position=C"">Jake Rogers</a>",28.0,168.0,0.3232442822285041
24610,"<a href=""statss.aspx?playerid=24610&position=OF"">Steven Kwan</a>",25.0,365.0,0.30403178847955736
2967,"<a href=""statss.aspx?playerid=2967&position=OF"">Tommy Pham</a>",35.0,199.0,0.3641556739205062
19470,"<a href=""statss.aspx?playerid=19470&position=2B"">Tommy Edman</a>",28.0,285.0,0.30079925802678825
18839,"<a href=""statss.aspx?playerid=18839&position=1B"">Josh Naylor</a>",26.0,291.0,0.33989781974912525
24770,"<a href=""statss.aspx?playerid=24770&position=OF"">James Outman</a>",26.0,275.0,0.3147628416110129
14221,"<a href=""statss.aspx?playerid=14221&position=DH/OF"">Jorge Soler</a>",31.0,331.0,0.3662496152982161
24064,"<a href=""statss.aspx?playerid=24064&position=SS"">Ezequiel Tovar</a>",21.0,294.0,0.3182405614528526
25931,"<a href=""statss.aspx?playerid=25931&position=OF"">Michael Harris II</a>",22.0,221.0,0.32140823888562925
19918,"<a href=""statss.aspx?playerid=19918&position=OF"">Daulton Varsho</a>",26.0,324.0,0.2961343710805163
6184,"<a href=""statss.aspx?playerid=6184&position=DH/OF"">J.D. Martinez</a>",35.0,279.0,0.3617484691760523
21636,"<a href=""statss.aspx?playerid=21636&position=SS"">Jeremy Pena</a>",25.0,322.0,0.30375504698604344
12155,"<a href=""statss.aspx?playerid=12155&position=OF"">Eddie Rosario</a>",31.0,265.0,0.34790976774511917
21523,"<a href=""statss.aspx?playerid=21523&position=2B"">Jonathan India</a>",26.0,363.0,0.32965923324432583
16252,"<a href=""statss.aspx?playerid=16252&position=SS"">Trea Turner</a>",30.0,359.0,0.29831475069542895
27647,"<a href=""statss.aspx?playerid=27647&position=SS"">Anthony Volpe</a>",22.0,300.0,0.2913742482662201
20529,"<a href=""statss.aspx?playerid=20529&position=OF"">Nolan Jones</a>",25.0,123.0,0.3957097032031075
18577,"<a href=""statss.aspx?playerid=18577&position=3B"">Ke'Bryan Hayes</a>",26.0,303.0,0.2959826930914775
12552,"<a href=""statss.aspx?playerid=12552&position=3B"">Eugenio Suarez</a>",31.0,340.0,0.2933703147313174
19392,"<a href=""statss.aspx?playerid=19392&position=3B/OF"">Zach McKinstry</a>",28.0,255.0,0.3102792077384919
21897,"<a href=""statss.aspx?playerid=21897&position=DH/OF"">Christopher Morel</a>",24.0,160.0,0.3889722171819435
14854,"<a href=""statss.aspx?playerid=14854&position=OF"">Mike Yastrzemski</a>",32.0,217.0,0.34326671999554303
31837,"<a href=""statss.aspx?playerid=31837&position=DH/OF"">Masataka Yoshida</a>",29.0,309.0,0.36659370618344894
13768,"<a href=""statss.aspx?playerid=13768&position=OF"">Travis Jankowski</a>",32.0,133.0,0.36535177853974427
17350,"<a href=""statss.aspx?playerid=17350&position=3B"">Rafael Devers</a>",26.0,340.0,0.3354888908587153
22263,"<a href=""statss.aspx?playerid=22263&position=2B/3B"">Nolan Gorman</a>",23.0,276.0,0.3332633243907582
12856,"<a href=""statss.aspx?playerid=12856&position=OF"">George Springer</a>",33.0,349.0,0.32310376997321927
22715,"<a href=""statss.aspx?playerid=22715&position=3B"">Maikel Garcia</a>",23.0,195.0,0.30261985185818796
5417,"<a href=""statss.aspx?playerid=5417&position=2B"">Jose Altuve</a>",33.0,129.0,0.37384459722873775
15986,"<a href=""statss.aspx?playerid=15986&position=SS"">Willy Adames</a>",27.0,307.0,0.2882986309098416
19260,"<a href=""statss.aspx?playerid=19260&position=OF"">Jake Fraley</a>",28.0,233.0,0.35700433156191014
16997,"<a href=""statss.aspx?playerid=16997&position=2B"">Gleyber Torres</a>",26.0,331.0,0.32095009898851284
26668,"<a href=""statss.aspx?playerid=26668&position=SS"">Elly De La Cruz</a>",21.0,95.0,0.3747841552684182
18564,"<a href=""statss.aspx?playerid=18564&position=OF"">Trent Grisham</a>",26.0,293.0,0.30862753845981716
15998,"<a href=""statss.aspx?playerid=15998&position=1B/OF"">Cody Bellinger</a>",27.0,207.0,0.329978371538767
22458,"<a href=""statss.aspx?playerid=22458&position=SS"">Taylor Walls</a>",26.0,242.0,0.31006445840370556
24679,"<a href=""statss.aspx?playerid=24679&position=2B/OF"">Brendan Donovan</a>",26.0,288.0,0.33594700777447306
27690,"<a href=""statss.aspx?playerid=27690&position=OF"">Joey Wiemer</a>",24.0,274.0,0.2966545892022822
16530,"<a href=""statss.aspx?playerid=16530&position=OF"">Mauricio Dubon</a>",28.0,263.0,0.3085522925899056
19627,"<a href=""statss.aspx?playerid=19627&position=DH/OF"">Brent Rooker</a>",28.0,275.0,0.34446312846058474
7739,"<a href=""statss.aspx?playerid=7739&position=C"">Travis d'Arnaud</a>",34.0,133.0,0.35663104505467236
17982,"<a href=""statss.aspx?playerid=17982&position=1B"">Ty France</a>",28.0,345.0,0.3253041578375775
13066,"<a href=""statss.aspx?playerid=13066&position=OF"">Teoscar Hernandez</a>",30.0,332.0,0.3188976085438109
19599,"<a href=""statss.aspx?playerid=19599&position=OF"">Chas McCormick</a>",28.0,171.0,0.3389392309329089
20308,"<a href=""statss.aspx?playerid=20308&position=OF"">Jake Meyers</a>",27.0,224.0,0.30945174768567085
22581,"<a href=""statss.aspx?playerid=22581&position=C"">Alejandro Kirk</a>",24.0,208.0,0.29900315907842295
11739,"<a href=""statss.aspx?playerid=11739&position=C"">J.T. Realmuto</a>",32.0,285.0,0.31773608648185186
11281,"<a href=""statss.aspx?playerid=11281&position=2B/OF"">Whit Merrifield</a>",34.0,300.0,0.31449482023715974
18030,"<a href=""statss.aspx?playerid=18030&position=OF"">Harrison Bader</a>",29.0,129.0,0.32697857304136885
20454,"<a href=""statss.aspx?playerid=20454&position=2B/OF"">Jazz Chisholm Jr.</a>",25.0,176.0,0.3225544657026018
21558,"<a href=""statss.aspx?playerid=21558&position=OF"">Matt Vierling</a>",26.0,229.0,0.3276137878801104
11899,"<a href=""statss.aspx?playerid=11899&position=DH/OF"">Joc Pederson</a>",31.0,182.0,0.36933581464820436
21840,"<a href=""statss.aspx?playerid=21840&position=C"">Freddy Fermin</a>",28.0,89.0,0.3571125180883841
20521,"<a href=""statss.aspx?playerid=20521&position=2B/3B"">Nick Madrigal</a>",26.0,162.0,0.3128793085895994
21454,"<a href=""statss.aspx?playerid=21454&position=OF"">Lars Nootbaar</a>",25.0,213.0,0.31970615070578046
19318,"<a href=""statss.aspx?playerid=19318&position=C"">Matt Thaiss</a>",28.0,177.0,0.3377438956363635
13301,"<a href=""statss.aspx?playerid=13301&position=1B/3B"">Max Muncy</a>",32.0,267.0,0.3333870400533532
15362,"<a href=""statss.aspx?playerid=15362&position=2B/OF"">Jeff McNeil</a>",31.0,328.0,0.3011547144205292
9368,"<a href=""statss.aspx?playerid=9368&position=3B"">Evan Longoria</a>",37.0,144.0,0.36347411076227826
20321,"<a href=""statss.aspx?playerid=20321&position=OF"">Stuart Fairchild</a>",27.0,184.0,0.32202927677670895
18882,"<a href=""statss.aspx?playerid=18882&position=2B"">Brandon Lowe</a>",28.0,201.0,0.30377847401063834
2396,"<a href=""statss.aspx?playerid=2396&position=1B"">Carlos Santana</a>",37.0,307.0,0.3238217786003013
14387,"<a href=""statss.aspx?playerid=14387&position=DH/OF"">Harold Ramirez</a>",28.0,234.0,0.3476222053042844
17338,"<a href=""statss.aspx?playerid=17338&position=2B/OF"">Willi Castro</a>",26.0,198.0,0.3021664946212381
26197,"<a href=""statss.aspx?playerid=26197&position=1B/OF"">Andrew Vaughn</a>",25.0,344.0,0.33939816872047823
16376,"<a href=""statss.aspx?playerid=16376&position=OF"">Michael Conforto</a>",30.0,276.0,0.32806350989775224
11489,"<a href=""statss.aspx?playerid=11489&position=OF"">Michael A. Taylor</a>",32.0,223.0,0.2841470540918376
10950,"<a href=""statss.aspx?playerid=10950&position=OF"">Adam Duvall</a>",34.0,105.0,0.37840200330202395
14128,"<a href=""statss.aspx?playerid=14128&position=OF"">Joey Gallo</a>",29.0,214.0,0.33382176289536025
14162,"<a href=""statss.aspx?playerid=14162&position=SS"">Carlos Correa</a>",28.0,308.0,0.3018009664569693
19611,"<a href=""statss.aspx?playerid=19611&position=1B"">Vladimir Guerrero Jr.</a>",24.0,348.0,0.3450441511632386
21780,"<a href=""statss.aspx?playerid=21780&position=OF"">Esteury Ruiz</a>",24.0,352.0,0.28753167860014445
19339,"<a href=""statss.aspx?playerid=19339&position=2B/SS"">Nicky Lopez</a>",28.0,138.0,0.29985047932024356
15464,"<a href=""statss.aspx?playerid=15464&position=OF"">Hunter Renfroe</a>",31.0,314.0,0.3203096017716037
19806,"<a href=""statss.aspx?playerid=19806&position=C"">Jason Delay</a>",28.0,106.0,0.30769958805579406
20437,"<a href=""statss.aspx?playerid=20437&position=3B"">Royce Lewis</a>",24.0,97.0,0.36475288499261915
16442,"<a href=""statss.aspx?playerid=16442&position=1B"">Ryan O'Hearn</a>",29.0,119.0,0.36372320141111103
12976,"<a href=""statss.aspx?playerid=12976&position=C"">Austin Hedges</a>",30.0,155.0,0.20415645837783813
10324,"<a href=""statss.aspx?playerid=10324&position=DH/OF"">Marcell Ozuna</a>",32.0,261.0,0.34728265358851507
22275,"<a href=""statss.aspx?playerid=22275&position=1B/3B"">Jake Burger</a>",27.0,232.0,0.32657107530996715
11493,"<a href=""statss.aspx?playerid=11493&position=3B"">Manny Machado</a>",30.0,283.0,0.29247888511987963
20311,"<a href=""statss.aspx?playerid=20311&position=OF"">Corey Julks</a>",27.0,225.0,0.3058239515622457
24618,"<a href=""statss.aspx?playerid=24618&position=C"">Ryan Jeffers</a>",26.0,146.0,0.34331479564413325
14968,"<a href=""statss.aspx?playerid=14968&position=C"">Victor Caratini</a>",29.0,110.0,0.3178244103084911
5235,"<a href=""statss.aspx?playerid=5235&position=3B"">Justin Turner</a>",38.0,341.0,0.3436086530909161
14161,"<a href=""statss.aspx?playerid=14161&position=OF"">Byron Buxton</a>",29.0,264.0,0.32223542448232384
10264,"<a href=""statss.aspx?playerid=10264&position=1B"">Brandon Belt</a>",35.0,206.0,0.3423964642896885
5343,"<a href=""statss.aspx?playerid=5343&position=SS"">Brandon Crawford</a>",36.0,186.0,0.28579480686913367
11680,"<a href=""statss.aspx?playerid=11680&position=C"">Elias Diaz</a>",32.0,282.0,0.3427651636566676
16535,"<a href=""statss.aspx?playerid=16535&position=C"">Danny Jansen</a>",28.0,177.0,0.30119507996873424
23003,"<a href=""statss.aspx?playerid=23003&position=C"">Yainer Diaz</a>",24.0,154.0,0.3242829248502657
21853,"<a href=""statss.aspx?playerid=21853&position=OF"">Will Benson</a>",25.0,108.0,0.36602413599137906
27475,"<a href=""statss.aspx?playerid=27475&position=OF"">Jordan Walker</a>",21.0,160.0,0.36845665201544764
19913,"<a href=""statss.aspx?playerid=19913&position=OF"">Jesus Sanchez</a>",25.0,175.0,0.33010911328451975
12434,"<a href=""statss.aspx?playerid=12434&position=OF"">Kevin Pillar</a>",34.0,105.0,0.3297740005311512
16153,"<a href=""statss.aspx?playerid=16153&position=OF"">Austin Slater</a>",30.0,73.0,0.3905273063542092
21693,"<a href=""statss.aspx?playerid=21693&position=C"">Miguel Amaya</a>",24.0,59.0,0.3725566761247043
16725,"<a href=""statss.aspx?playerid=16725&position=C"">Jose Trevino</a>",30.0,146.0,0.2441043502663913
8623,"<a href=""statss.aspx?playerid=8623&position=2B"">Donovan Solano</a>",35.0,223.0,0.3377482101723954
12325,"<a href=""statss.aspx?playerid=12325&position=2B/3B"">Jace Peterson</a>",33.0,263.0,0.28003457552604094
16572,"<a href=""statss.aspx?playerid=16572&position=1B/OF"">Connor Joe</a>",30.0,258.0,0.3239676166874494
12037,"<a href=""statss.aspx?playerid=12037&position=3B"">Jon Berti</a>",33.0,244.0,0.29173962753343385
13770,"<a href=""statss.aspx?playerid=13770&position=OF"">Rob Refsnyder</a>",32.0,143.0,0.3354802194615485
27534,"<a href=""statss.aspx?playerid=27534&position=2B"">Edouard Julien</a>",24.0,135.0,0.33594540784608073
11579,"<a href=""statss.aspx?playerid=11579&position=OF"">Bryce Harper</a>",30.0,217.0,0.3364234980842877
13853,"<a href=""statss.aspx?playerid=13853&position=2B/3B/SS"">Joey Wendle</a>",33.0,147.0,0.3118181693142858
26149,"<a href=""statss.aspx?playerid=26149&position=OF"">Dominic Fletcher</a>",25.0,89.0,0.3439837001090826
22664,"<a href=""statss.aspx?playerid=22664&position=C"">Gabriel Moreno</a>",23.0,216.0,0.27823195413306906
10681,"<a href=""statss.aspx?playerid=10681&position=3B"">Gio Urshela</a>",31.0,228.0,0.306958834068817
15274,"<a href=""statss.aspx?playerid=15274&position=OF"">Mike Tauchman</a>",32.0,135.0,0.3278032759232308
11442,"<a href=""statss.aspx?playerid=11442&position=C"">Gary Sanchez</a>",30.0,107.0,0.31662642900074756
11445,"<a href=""statss.aspx?playerid=11445&position=OF"">Mark Canha</a>",34.0,239.0,0.3150695325440443
19273,"<a href=""statss.aspx?playerid=19273&position=OF"">Stone Garrett</a>",27.0,155.0,0.32237728346477856
25961,"<a href=""statss.aspx?playerid=25961&position=DH/OF"">Kerry Carpenter</a>",25.0,142.0,0.3423847044017953
17273,"<a href=""statss.aspx?playerid=17273&position=SS"">Jorge Mateo</a>",28.0,236.0,0.2684890964421733
9774,"<a href=""statss.aspx?playerid=9774&position=C"">Christian Vazquez</a>",32.0,183.0,0.26846340200403235
21538,"<a href=""statss.aspx?playerid=21538&position=C"">Nick Fortes</a>",26.0,181.0,0.25874774787161087
11368,"<a href=""statss.aspx?playerid=11368&position=C"">Yasmani Grandal</a>",34.0,242.0,0.3098581650040366
30116,"<a href=""statss.aspx?playerid=30116&position=DH/OF"">Seiya Suzuki</a>",28.0,263.0,0.3215115370641228
25479,"<a href=""statss.aspx?playerid=25479&position=OF"">Brenton Doyle</a>",25.0,175.0,0.2755383092096482
10028,"<a href=""statss.aspx?playerid=10028&position=C"">Christian Bethancourt</a>",31.0,188.0,0.2857089450652587
14712,"<a href=""statss.aspx?playerid=14712&position=OF"">Manuel Margot</a>",28.0,217.0,0.304201064021906
9627,"<a href=""statss.aspx?playerid=9627&position=C"">Yan Gomes</a>",35.0,176.0,0.31022041460329836
19948,"<a href=""statss.aspx?playerid=19948&position=OF"">Cristian Pache</a>",24.0,41.0,0.3727482855319977
19788,"<a href=""statss.aspx?playerid=19788&position=2B"">Zach Remillard</a>",29.0,37.0,0.3967536836862564
13757,"<a href=""statss.aspx?playerid=13757&position=OF"">Chris Taylor</a>",32.0,182.0,0.3077117379199075
19890,"<a href=""statss.aspx?playerid=19890&position=3B"">Emmanuel Rivera</a>",27.0,152.0,0.3140844389011985
14813,"<a href=""statss.aspx?playerid=14813&position=2B/SS"">Kyle Farmer</a>",32.0,174.0,0.2927331020092142
18819,"<a href=""statss.aspx?playerid=18819&position=2B/3B"">Andy Ibanez</a>",30.0,171.0,0.2985040311924895
12282,"<a href=""statss.aspx?playerid=12282&position=2B"">Rougned Odor</a>",29.0,137.0,0.30037855971468624
22168,"<a href=""statss.aspx?playerid=22168&position=OF"">Akil Baddoo</a>",24.0,168.0,0.30501104773897114
17901,"<a href=""statss.aspx?playerid=17901&position=OF"">Andrew Benintendi</a>",28.0,321.0,0.31902620243647745
5827,"<a href=""statss.aspx?playerid=5827&position=1B"">Wilmer Flores</a>",31.0,179.0,0.33263657412715464
26396,"<a href=""statss.aspx?playerid=26396&position=3B/SS"">Josh Smith</a>",25.0,128.0,0.3201464470915907
25660,"<a href=""statss.aspx?playerid=25660&position=OF"">Will Brennan</a>",25.0,219.0,0.30882093966554064
18795,"<a href=""statss.aspx?playerid=18795&position=3B"">Ramon Urias</a>",29.0,201.0,0.3122186975099554
20126,"<a href=""statss.aspx?playerid=20126&position=OF"">Dylan Carlson</a>",24.0,163.0,0.31811303558525134
18289,"<a href=""statss.aspx?playerid=18289&position=3B/OF"">Brian Anderson</a>",30.0,305.0,0.3032973019803157
19864,"<a href=""statss.aspx?playerid=19864&position=C"">Riley Adams</a>",27.0,67.0,0.3787810712149649
26123,"<a href=""statss.aspx?playerid=26123&position=3B"">Brett Baty</a>",23.0,212.0,0.30153289099909225
17484,"<a href=""statss.aspx?playerid=17484&position=DH/OF"">Eloy Jimenez</a>",26.0,219.0,0.32978340163143405
12147,"<a href=""statss.aspx?playerid=12147&position=SS"">Nick Ahmed</a>",33.0,124.0,0.2699314687521227
17548,"<a href=""statss.aspx?playerid=17548&position=OF"">Taylor Ward</a>",29.0,324.0,0.3005615174770355
19921,"<a href=""statss.aspx?playerid=19921&position=OF"">Blake Perkins</a>",26.0,71.0,0.2928179804829584
26466,"<a href=""statss.aspx?playerid=26466&position=OF"">Matt Wallner</a>",25.0,25.0,0.4770505428314209
13324,"<a href=""statss.aspx?playerid=13324&position=2B/3B"">Ildemaro Vargas</a>",31.0,73.0,0.3226423818204138
17620,"<a href=""statss.aspx?playerid=17620&position=OF"">Myles Straw</a>",28.0,295.0,0.2769544185631918
26368,"<a href=""statss.aspx?playerid=26368&position=OF"">JJ Bleday</a>",25.0,148.0,0.3097589785182798
22117,"<a href=""statss.aspx?playerid=22117&position=1B"">Nick Pratto</a>",24.0,224.0,0.3332335062857185
20391,"<a href=""statss.aspx?playerid=20391&position=2B"">Luis Garcia Jr.</a>",23.0,314.0,0.3005543975784375
18887,"<a href=""statss.aspx?playerid=18887&position=C"">Seby Zavala</a>",29.0,124.0,0.23193706764328864
12979,"<a href=""statss.aspx?playerid=12979&position=SS"">Javier Baez</a>",30.0,324.0,0.25829382909709825
25768,"<a href=""statss.aspx?playerid=25768&position=SS"">CJ Abrams</a>",22.0,269.0,0.2866157026433233
13499,"<a href=""statss.aspx?playerid=13499&position=C"">Tom Murphy</a>",32.0,94.0,0.34267048632844965
15654,"<a href=""statss.aspx?playerid=15654&position=OF"">Billy McKinney</a>",28.0,60.0,0.36281055212020874
25805,"<a href=""statss.aspx?playerid=25805&position=C/OF"">Blake Sabol</a>",25.0,213.0,0.30741116826264364
27555,"<a href=""statss.aspx?playerid=27555&position=OF"">Garrett Mitchell</a>",24.0,62.0,0.32957888226355275
5517,"<a href=""statss.aspx?playerid=5517&position=C"">Kyle Higashioka</a>",33.0,131.0,0.25733225627709894
19600,"<a href=""statss.aspx?playerid=19600&position=OF"">Bryan De La Cruz</a>",26.0,326.0,0.3262996807054508
18363,"<a href=""statss.aspx?playerid=18363&position=OF"">Victor Robles</a>",26.0,126.0,0.3384637133996995
21711,"<a href=""statss.aspx?playerid=21711&position=SS/OF"">Oneil Cruz</a>",24.0,40.0,0.3353599086403847
13355,"<a href=""statss.aspx?playerid=13355&position=C"">Luke Maile</a>",32.0,91.0,0.3125869225669693
24729,"<a href=""statss.aspx?playerid=24729&position=C"">Logan O'Hoppe</a>",23.0,59.0,0.3721415602554709
5297,"<a href=""statss.aspx?playerid=5297&position=OF"">Aaron Hicks</a>",33.0,165.0,0.31838678591179126
16512,"<a href=""statss.aspx?playerid=16512&position=SS"">Isiah Kiner-Falefa</a>",28.0,178.0,0.2896800990832054
15674,"<a href=""statss.aspx?playerid=15674&position=C"">Reese McGuire</a>",28.0,116.0,0.2931550991322313
15104,"<a href=""statss.aspx?playerid=15104&position=OF"">Jonathan Davis</a>",31.0,95.0,0.3177276700735092
20325,"<a href=""statss.aspx?playerid=20325&position=1B/OF"">Alex Kirilloff</a>",25.0,176.0,0.3410640597343445
15194,"<a href=""statss.aspx?playerid=15194&position=1B/OF"">Jake Bauers</a>",27.0,138.0,0.32829380640085193
13152,"<a href=""statss.aspx?playerid=13152&position=2B/SS"">Jorge Polanco</a>",29.0,127.0,0.31658458568918424
20404,"<a href=""statss.aspx?playerid=20404&position=1B/DH"">Jared Young</a>",27.0,9.0,0.6693737639321221
11609,"<a href=""statss.aspx?playerid=11609&position=C"">Willson Contreras</a>",31.0,294.0,0.29700522297093657
13602,"<a href=""statss.aspx?playerid=13602&position=3B"">Patrick Wisdom</a>",31.0,208.0,0.3205927405956287
13897,"<a href=""statss.aspx?playerid=13897&position=C"">Tyler Heineman</a>",32.0,30.0,0.3045319418112437
15223,"<a href=""statss.aspx?playerid=15223&position=2B"">Adam Frazier</a>",31.0,274.0,0.30268222663332434
19928,"<a href=""statss.aspx?playerid=19928&position=OF"">Ryan McKenna</a>",26.0,89.0,0.307387698902173
22563,"<a href=""statss.aspx?playerid=22563&position=SS"">Gabriel Arias</a>",23.0,152.0,0.27811733123503235
12144,"<a href=""statss.aspx?playerid=12144&position=OF"">Max Kepler</a>",30.0,197.0,0.29711244856645613
19296,"<a href=""statss.aspx?playerid=19296&position=OF"">Alex Call</a>",28.0,251.0,0.26886005349368214
17161,"<a href=""statss.aspx?playerid=17161&position=C"">Chad Wallach</a>",31.0,104.0,0.3100788335387523
12977,"<a href=""statss.aspx?playerid=12977&position=C"">Michael Perez</a>",30.0,7.0,0.5559101785932269
21622,"<a href=""statss.aspx?playerid=21622&position=OF"">Jake McCarthy</a>",25.0,186.0,0.298561556919201
6153,"<a href=""statss.aspx?playerid=6153&position=3B"">Eduardo Escobar</a>",34.0,141.0,0.30095137826034
4892,"<a href=""statss.aspx?playerid=4892&position=3B"">Mike Moustakas</a>",34.0,155.0,0.33946369104571156
17128,"<a href=""statss.aspx?playerid=17128&position=OF"">Ramon Laureano</a>",28.0,219.0,0.2777061187513343
18036,"<a href=""statss.aspx?playerid=18036&position=1B/2B"">Jake Cronenworth</a>",29.0,336.0,0.289997622773454
15730,"<a href=""statss.aspx?playerid=15730&position=2B/OF"">Tyler Wade</a>",28.0,37.0,0.2755555284989847
12861,"<a href=""statss.aspx?playerid=12861&position=3B"">Anthony Rendon</a>",33.0,168.0,0.3099911156154814
21618,"<a href=""statss.aspx?playerid=21618&position=3B"">Alec Bohm</a>",26.0,280.0,0.31039590665272304
15161,"<a href=""statss.aspx?playerid=15161&position=C/DH"">Mitch Garver</a>",32.0,87.0,0.32001033391075573
29617,"<a href=""statss.aspx?playerid=29617&position=C"">Henry Davis</a>",23.0,46.0,0.3664500518985417
19896,"<a href=""statss.aspx?playerid=19896&position=C"">Connor Wong</a>",27.0,201.0,0.29778245091438293
23359,"<a href=""statss.aspx?playerid=23359&position=DH/OF"">Nelson Velazquez</a>",24.0,32.0,0.38601856492459774
17954,"<a href=""statss.aspx?playerid=17954&position=OF"">Sam Hilliard</a>",29.0,75.0,0.32465791861216226
19455,"<a href=""statss.aspx?playerid=19455&position=2B/3B"">Andruw Monasterio</a>",26.0,50.0,0.3108139002323151
27815,"<a href=""statss.aspx?playerid=27815&position=2B/3B"">Jordan Westburg</a>",24.0,15.0,0.41104755401611326
17696,"<a href=""statss.aspx?playerid=17696&position=2B/SS"">Kevin Newman</a>",29.0,214.0,0.3041027655623888
15279,"<a href=""statss.aspx?playerid=15279&position=1B/DH"">Garrett Cooper</a>",32.0,243.0,0.3103576385925827
19844,"<a href=""statss.aspx?playerid=19844&position=2B/3B"">Abraham Toro</a>",26.0,9.0,0.5975233250194125
7304,"<a href=""statss.aspx?playerid=7304&position=C"">Salvador Perez</a>",33.0,308.0,0.31322315032364895
16357,"<a href=""statss.aspx?playerid=16357&position=OF"">Pablo Reyes</a>",29.0,72.0,0.3081583338724056
13836,"<a href=""statss.aspx?playerid=13836&position=3B"">Matt Duffy</a>",32.0,104.0,0.3110913003866489
19198,"<a href=""statss.aspx?playerid=19198&position=1B"">Yuli Gurriel</a>",39.0,201.0,0.30651166001755986
21524,"<a href=""statss.aspx?playerid=21524&position=C"">Joey Bart</a>",26.0,84.0,0.26175725601968314
20220,"<a href=""statss.aspx?playerid=20220&position=OF"">Jo Adell</a>",24.0,4.0,0.6749997287988663
16623,"<a href=""statss.aspx?playerid=16623&position=OF"">Greg Allen</a>",30.0,17.0,0.3673378750681877
19873,"<a href=""statss.aspx?playerid=19873&position=3B"">Drew Ellis</a>",27.0,22.0,0.388948917388916
14196,"<a href=""statss.aspx?playerid=14196&position=SS"">Andrew Velazquez</a>",28.0,32.0,0.3072456605732441
22266,"<a href=""statss.aspx?playerid=22266&position=2B/SS"">Xavier Edwards</a>",23.0,22.0,0.3534055437360491
2136,"<a href=""statss.aspx?playerid=2136&position=OF"">David Peralta</a>",35.0,205.0,0.309398334782298
22532,"<a href=""statss.aspx?playerid=22532&position=OF"">Tyler Freeman</a>",24.0,64.0,0.30320080689021517
20287,"<a href=""statss.aspx?playerid=20287&position=C"">Ben Rortvedt</a>",25.0,9.0,0.39090049266815186
27676,"<a href=""statss.aspx?playerid=27676&position=1B"">Vinnie Pasquantino</a>",25.0,260.0,0.32683745548418985
7859,"<a href=""statss.aspx?playerid=7859&position=OF"">Charlie Blackmon</a>",36.0,242.0,0.33535392914921786
19698,"<a href=""statss.aspx?playerid=19698&position=OF"">Edward Olivares</a>",27.0,232.0,0.3149407183453118
20505,"<a href=""statss.aspx?playerid=20505&position=OF"">Drew Waters</a>",24.0,97.0,0.28776437167039853
17321,"<a href=""statss.aspx?playerid=17321&position=1B/2B"">Michael Chavis</a>",27.0,45.0,0.28704816897710167
19779,"<a href=""statss.aspx?playerid=19779&position=OF"">Dairon Blanco</a>",30.0,40.0,0.2771644711494446
17232,"<a href=""statss.aspx?playerid=17232&position=3B"">Yoan Moncada</a>",28.0,147.0,0.28234904031364283
23792,"<a href=""statss.aspx?playerid=23792&position=OF"">Alek Thomas</a>",23.0,164.0,0.27429108430699606
9952,"<a href=""statss.aspx?playerid=9952&position=OF"">Trayce Thompson</a>",32.0,87.0,0.30437064581903917
21293,"<a href=""statss.aspx?playerid=21293&position=OF"">Dalton Guthrie</a>",27.0,28.0,0.23946731856891088
15214,"<a href=""statss.aspx?playerid=15214&position=1B/OF"">Brandon Dixon</a>",31.0,72.0,0.28508321030272377
16375,"<a href=""statss.aspx?playerid=16375&position=OF"">Oscar Mercado</a>",28.0,31.0,0.3136260567172881
23818,"<a href=""statss.aspx?playerid=23818&position=2B/OF"">Ji Hwan Bae</a>",23.0,236.0,0.2737590737097253
19734,"<a href=""statss.aspx?playerid=19734&position=2B/3B"">Josh Rojas</a>",29.0,210.0,0.2713459055979275
17022,"<a href=""statss.aspx?playerid=17022&position=3B/SS"">Edmundo Sosa</a>",27.0,176.0,0.2740829333491709
20352,"<a href=""statss.aspx?playerid=20352&position=2B/3B"">Ernie Clement</a>",27.0,8.0,0.33095110952854156
25353,"<a href=""statss.aspx?playerid=25353&position=2B"">Michael Stefanic</a>",27.0,8.0,0.3527751937508583
22871,"<a href=""statss.aspx?playerid=22871&position=2B/SS/OF"">Tucupita Marcano</a>",23.0,174.0,0.29452188182295413
27577,"<a href=""statss.aspx?playerid=27577&position=2B/3B"">Casey Schmitt</a>",24.0,149.0,0.28215069738810494
15585,"<a href=""statss.aspx?playerid=15585&position=1B/DH"">Mike Ford</a>",30.0,57.0,0.313318693846987
20572,"<a href=""statss.aspx?playerid=20572&position=1B"">Kody Clemens</a>",27.0,147.0,0.2826476936437646
11339,"<a href=""statss.aspx?playerid=11339&position=OF"">Jake Marisnick</a>",32.0,63.0,0.24998806945739255
4314,"<a href=""statss.aspx?playerid=4314&position=1B"">Joey Votto</a>",39.0,36.0,0.3336939513683319
11381,"<a href=""statss.aspx?playerid=11381&position=3B/DH"">Drew Maggi</a>",34.0,6.0,0.35438311100006104
16451,"<a href=""statss.aspx?playerid=16451&position=2B/3B"">Luis Guillorme</a>",28.0,89.0,0.3087118789553642
14350,"<a href=""statss.aspx?playerid=14350&position=OF"">Raimel Tapia</a>",29.0,122.0,0.2875090512362393
21501,"<a href=""statss.aspx?playerid=21501&position=DH/OF"">Trevor Larnach</a>",26.0,177.0,0.3037452989003875
15124,"<a href=""statss.aspx?playerid=15124&position=OF"">Tim Locastro</a>",30.0,10.0,0.21780150532722473
27490,"<a href=""statss.aspx?playerid=27490&position=2B"">Nick Gonzales</a>",24.0,25.0,0.28484673500061036
26477,"<a href=""statss.aspx?playerid=26477&position=1B"">Spencer Horwitz</a>",25.0,10.0,0.3156878352165222
19262,"<a href=""statss.aspx?playerid=19262&position=2B/OF"">Garrett Hampson</a>",28.0,143.0,0.2955538064241409
21560,"<a href=""statss.aspx?playerid=21560&position=1B"">Alfonso Rivas</a>",26.0,8.0,0.3527751937508583
10200,"<a href=""statss.aspx?playerid=10200&position=C"">Tucker Barnhart</a>",32.0,93.0,0.2314336319123545
11481,"<a href=""statss.aspx?playerid=11481&position=DH/OF"">Henry Ramos</a>",31.0,73.0,0.3059158888581681
20178,"<a href=""statss.aspx?playerid=20178&position=3B"">Miguel Vargas</a>",23.0,283.0,0.29688518345355985
19252,"<a href=""statss.aspx?playerid=19252&position=2B"">Cavan Biggio</a>",28.0,137.0,0.29029393196105957
10642,"<a href=""statss.aspx?playerid=10642&position=C"">Carlos Perez</a>",32.0,136.0,0.2965535981690182
15271,"<a href=""statss.aspx?playerid=15271&position=C"">Austin Wynns</a>",32.0,58.0,0.21634081790321752
12399,"<a href=""statss.aspx?playerid=12399&position=SS"">Taylor Motter</a>",33.0,22.0,0.2565637772733515
27465,"<a href=""statss.aspx?playerid=27465&position=1B"">Spencer Torkelson</a>",23.0,339.0,0.30193739476993947
17710,"<a href=""statss.aspx?playerid=17710&position=1B/OF"">Matt Beaty</a>",30.0,11.0,0.3367943492802707
5038,"<a href=""statss.aspx?playerid=5038&position=3B"">Josh Donaldson</a>",37.0,85.0,0.27314141778384937
25813,"<a href=""statss.aspx?playerid=25813&position=2B/3B"">Grae Kessinger</a>",25.0,14.0,0.2618677020072937
18373,"<a href=""statss.aspx?playerid=18373&position=1B"">Ryan Mountcastle</a>",26.0,261.0,0.29004038430721824
18323,"<a href=""statss.aspx?playerid=18323&position=P"">Josh Sborz</a>",29.0,1.0,0.0
10197,"<a href=""statss.aspx?playerid=10197&position=P"">Shelby Miller</a>",32.0,1.0,0.0
1157,"<a href=""statss.aspx?playerid=1157&position=P"">Tommy Hunter</a>",36.0,0.0,0.0
1246,"<a href=""statss.aspx?playerid=1246&position=P"">Matt Bush</a>",37.0,0.0,0.0
1247,"<a href=""statss.aspx?playerid=1247&position=P"">Adam Ottavino</a>",37.0,0.0,0.0
1890,"<a href=""statss.aspx?playerid=1890&position=P"">Matt Moore</a>",34.0,0.0,0.0
1943,"<a href=""statss.aspx?playerid=1943&position=P"">Zack Greinke</a>",39.0,0.0,0.0
2036,"<a href=""statss.aspx?playerid=2036&position=P"">Clayton Kershaw</a>",35.0,0.0,0.0
2233,"<a href=""statss.aspx?playerid=2233&position=P"">Adam Wainwright</a>",41.0,0.0,0.0
2429,"<a href=""statss.aspx?playerid=2429&position=P"">Corey Kluber</a>",37.0,0.0,0.0
2520,"<a href=""statss.aspx?playerid=2520&position=P"">Lance Lynn</a>",36.0,0.0,0.0
3096,"<a href=""statss.aspx?playerid=3096&position=P"">Kenley Jansen</a>",35.0,0.0,0.0
3137,"<a href=""statss.aspx?playerid=3137&position=P"">Max Scherzer</a>",38.0,0.0,0.0
3237,"<a href=""statss.aspx?playerid=3237&position=P"">T.J. McFarland</a>",34.0,0.0,0.0
3548,"<a href=""statss.aspx?playerid=3548&position=P"">Liam Hendriks</a>",34.0,0.0,0.0
4676,"<a href=""statss.aspx?playerid=4676&position=P"">Charlie Morton</a>",39.0,0.0,0.0
4806,"<a href=""statss.aspx?playerid=4806&position=P"">Rich Hill</a>",43.0,0.0,0.0
4994,"<a href=""statss.aspx?playerid=4994&position=P"">Fernando Abad</a>",37.0,0.0,0.0
5003,"<a href=""statss.aspx?playerid=5003&position=P"">Jake Diekman</a>",36.0,0.0,0.0
5114,"<a href=""statss.aspx?playerid=5114&position=P"">Jeurys Familia</a>",33.0,0.0,0.0
5448,"<a href=""statss.aspx?playerid=5448&position=P"">Jesse Chavez</a>",39.0,0.0,0.0
5524,"<a href=""statss.aspx?playerid=5524&position=P"">Madison Bumgarner</a>",33.0,0.0,0.0
5615,"<a href=""statss.aspx?playerid=5615&position=P"">Ryan Brasier</a>",35.0,0.0,0.0
6107,"<a href=""statss.aspx?playerid=6107&position=P"">Huascar Brazoban</a>",33.0,0.0,0.0
6398,"<a href=""statss.aspx?playerid=6398&position=P"">Trevor May</a>",33.0,0.0,0.0
6399,"<a href=""statss.aspx?playerid=6399&position=P"">Jose Cisnero</a>",34.0,0.0,0.0
6562,"<a href=""statss.aspx?playerid=6562&position=P"">Alex Cobb</a>",35.0,0.0,0.0
6632,"<a href=""statss.aspx?playerid=6632&position=P"">Carlos Carrasco</a>",36.0,0.0,0.0
6655,"<a href=""statss.aspx?playerid=6655&position=P"">Craig Kimbrel</a>",35.0,0.0,0.0
6661,"<a href=""statss.aspx?playerid=6661&position=P"">Alex Colome</a>",34.0,0.0,0.0
6797,"<a href=""statss.aspx?playerid=6797&position=P"">Julio Teheran</a>",32.0,0.0,0.0
6893,"<a href=""statss.aspx?playerid=6893&position=P"">Johnny Cueto</a>",37.0,0.0,0.0
6895,"<a href=""statss.aspx?playerid=6895&position=P"">Chase Anderson</a>",35.0,0.0,0.0
6902,"<a href=""statss.aspx?playerid=6902&position=P"">Martin Perez</a>",32.0,0.0,0.0
6984,"<a href=""statss.aspx?playerid=6984&position=P"">Luis Garcia</a>",36.0,0.0,0.0
6986,"<a href=""statss.aspx?playerid=6986&position=P"">Ian Kennedy</a>",38.0,0.0,0.0
7005,"<a href=""statss.aspx?playerid=7005&position=P"">Ryan Pressly</a>",34.0,0.0,0.0
7048,"<a href=""statss.aspx?playerid=7048&position=P"">Fernando Cruz</a>",33.0,0.0,0.0
7115,"<a href=""statss.aspx?playerid=7115&position=P"">Daniel Bard</a>",38.0,0.0,0.0
7146,"<a href=""statss.aspx?playerid=7146&position=P"">Daniel Hudson</a>",36.0,0.0,0.0
7432,"<a href=""statss.aspx?playerid=7432&position=P"">Jay Jackson</a>",35.0,0.0,0.0
7531,"<a href=""statss.aspx?playerid=7531&position=P"">Collin McHugh</a>",36.0,0.0,0.0
7593,"<a href=""statss.aspx?playerid=7593&position=P"">Jordan Lyles</a>",32.0,0.0,0.0
7608,"<a href=""statss.aspx?playerid=7608&position=P"">Tommy Milone</a>",36.0,0.0,0.0
7803,"<a href=""statss.aspx?playerid=7803&position=P"">Richard Bleier</a>",36.0,0.0,0.0
7982,"<a href=""statss.aspx?playerid=7982&position=P"">Anthony Bass</a>",35.0,0.0,0.0
8048,"<a href=""statss.aspx?playerid=8048&position=P"">Will Smith</a>",33.0,0.0,0.0
8241,"<a href=""statss.aspx?playerid=8241&position=P"">David Robertson</a>",38.0,0.0,0.0
8246,"<a href=""statss.aspx?playerid=8246&position=P"">Paolo Espino</a>",36.0,0.0,0.0
8337,"<a href=""statss.aspx?playerid=8337&position=P"">Lucas Luetge</a>",36.0,0.0,0.0
8700,"<a href=""statss.aspx?playerid=8700&position=P"">Justin Verlander</a>",40.0,0.0,0.0
8779,"<a href=""statss.aspx?playerid=8779&position=P"">Wade Miley</a>",36.0,0.0,0.0
9073,"<a href=""statss.aspx?playerid=9073&position=P"">Kirby Yates</a>",36.0,0.0,0.0
9111,"<a href=""statss.aspx?playerid=9111&position=P"">Brad Hand</a>",33.0,0.0,0.0
9132,"<a href=""statss.aspx?playerid=9132&position=P"">Nathan Eovaldi</a>",33.0,0.0,0.0
9323,"<a href=""statss.aspx?playerid=9323&position=P"">Patrick Corbin</a>",33.0,0.0,0.0
9761,"<a href=""statss.aspx?playerid=9761&position=P"">Joe Kelly</a>",35.0,0.0,0.0
9803,"<a href=""statss.aspx?playerid=9803&position=P"">Miles Mikolas</a>",34.0,0.0,0.0
10061,"<a href=""statss.aspx?playerid=10061&position=P"">Brooks Raley</a>",35.0,0.0,0.0
10078,"<a href=""statss.aspx?playerid=10078&position=P"">Caleb Thielbar</a>",36.0,0.0,0.0
10123,"<a href=""statss.aspx?playerid=10123&position=P"">Kyle Gibson</a>",35.0,0.0,0.0
10133,"<a href=""statss.aspx?playerid=10133&position=P"">Brad Boxberger</a>",35.0,0.0,0.0
10160,"<a href=""statss.aspx?playerid=10160&position=P"">Ryan Weber</a>",32.0,0.0,0.0
10233,"<a href=""statss.aspx?playerid=10233&position=P"">Aroldis Chapman</a>",35.0,0.0,0.0
10291,"<a href=""statss.aspx?playerid=10291&position=P"">Ryan Tepera</a>",35.0,0.0,0.0
10310,"<a href=""statss.aspx?playerid=10310&position=P"">Zack Wheeler</a>",33.0,0.0,0.0
10314,"<a href=""statss.aspx?playerid=10314&position=P"">Erasmo Ramirez</a>",33.0,0.0,0.0
10315,"<a href=""statss.aspx?playerid=10315&position=P"">Michael Tonkin</a>",33.0,0.0,0.0
10343,"<a href=""statss.aspx?playerid=10343&position=P"">Aaron Loup</a>",35.0,0.0,0.0
10430,"<a href=""statss.aspx?playerid=10430&position=P"">Mychal Givens</a>",33.0,0.0,0.0
10591,"<a href=""statss.aspx?playerid=10591&position=P"">Scott Alexander</a>",33.0,0.0,0.0
10603,"<a href=""statss.aspx?playerid=10603&position=P"">Chris Sale</a>",34.0,0.0,0.0
10657,"<a href=""statss.aspx?playerid=10657&position=P"">Andrew Bellatti</a>",31.0,0.0,0.0
10843,"<a href=""statss.aspx?playerid=10843&position=P"">Adam Kolarek</a>",34.0,0.0,0.0
10855,"<a href=""statss.aspx?playerid=10855&position=P"">Chasen Shreve</a>",32.0,0.0,0.0
10954,"<a href=""statss.aspx?playerid=10954&position=P"">Jacob deGrom</a>",35.0,0.0,0.0
11156,"<a href=""statss.aspx?playerid=11156&position=P"">Merrill Kelly</a>",34.0,0.0,0.0
11189,"<a href=""statss.aspx?playerid=11189&position=P"">Vince Velasquez</a>",31.0,0.0,0.0
11294,"<a href=""statss.aspx?playerid=11294&position=P"">Zach Neal</a>",34.0,0.0,0.0
11341,"<a href=""statss.aspx?playerid=11341&position=P"">Sean Nolin</a>",33.0,0.0,0.0
11384,"<a href=""statss.aspx?playerid=11384&position=P"">Tommy Kahnle</a>",33.0,0.0,0.0
11486,"<a href=""statss.aspx?playerid=11486&position=P"">Robbie Ray</a>",31.0,0.0,0.0
11487,"<a href=""statss.aspx?playerid=11487&position=P"">Joely Rodriguez</a>",31.0,0.0,0.0
11589,"<a href=""statss.aspx?playerid=11589&position=P"">Jose Urena</a>",31.0,0.0,0.0
11632,"<a href=""statss.aspx?playerid=11632&position=P"">Heath Hembree</a>",34.0,0.0,0.0
11674,"<a href=""statss.aspx?playerid=11674&position=P"">Jameson Taillon</a>",31.0,0.0,0.0
11752,"<a href=""statss.aspx?playerid=11752&position=P"">Luke Jackson</a>",31.0,0.0,0.0
11760,"<a href=""statss.aspx?playerid=11760&position=P"">Drew Smyly</a>",34.0,0.0,0.0
11762,"<a href=""statss.aspx?playerid=11762&position=P"">Noah Syndergaard</a>",30.0,0.0,0.0
11804,"<a href=""statss.aspx?playerid=11804&position=P"">Hector Neris</a>",34.0,0.0,0.0
11828,"<a href=""statss.aspx?playerid=11828&position=P"">James Paxton</a>",34.0,0.0,0.0
11836,"<a href=""statss.aspx?playerid=11836&position=P"">Taijuan Walker</a>",30.0,0.0,0.0
11847,"<a href=""statss.aspx?playerid=11847&position=P"">Chris Martin</a>",37.0,0.0,0.0
11861,"<a href=""statss.aspx?playerid=11861&position=P"">Jason Adam</a>",31.0,0.0,0.0
12049,"<a href=""statss.aspx?playerid=12049&position=P"">Kyle Hendricks</a>",33.0,0.0,0.0
12056,"<a href=""statss.aspx?playerid=12056&position=P"">Scott McGough</a>",33.0,0.0,0.0
12095,"<a href=""statss.aspx?playerid=12095&position=P"">Yimi Garcia</a>",32.0,0.0,0.0
12178,"<a href=""statss.aspx?playerid=12178&position=P"">Domingo Tapia</a>",31.0,0.0,0.0
12249,"<a href=""statss.aspx?playerid=12249&position=P"">Ryan Sherriff</a>",33.0,0.0,0.0
12304,"<a href=""statss.aspx?playerid=12304&position=P"">Chris Bassitt</a>",34.0,0.0,0.0
12317,"<a href=""statss.aspx?playerid=12317&position=P"">Colin Rea</a>",32.0,0.0,0.0
12361,"<a href=""statss.aspx?playerid=12361&position=P"">Spencer Patton</a>",35.0,0.0,0.0
12447,"<a href=""statss.aspx?playerid=12447&position=P"">Seth Lugo</a>",33.0,0.0,0.0
12499,"<a href=""statss.aspx?playerid=12499&position=P"">Drew Rucinski</a>",34.0,0.0,0.0
12575,"<a href=""statss.aspx?playerid=12575&position=P"">Nick Ramirez</a>",33.0,0.0,0.0
12718,"<a href=""statss.aspx?playerid=12718&position=P"">Adrian Houser</a>",30.0,0.0,0.0
12730,"<a href=""statss.aspx?playerid=12730&position=P"">Nick Martinez</a>",32.0,0.0,0.0
12760,"<a href=""statss.aspx?playerid=12760&position=P"">Rafael Montero</a>",32.0,0.0,0.0
12763,"<a href=""statss.aspx?playerid=12763&position=P"">Chris Devenski</a>",32.0,0.0,0.0
12768,"<a href=""statss.aspx?playerid=12768&position=P"">Sonny Gray</a>",33.0,0.0,0.0
12777,"<a href=""statss.aspx?playerid=12777&position=P"">John Brebbia</a>",33.0,0.0,0.0
12808,"<a href=""statss.aspx?playerid=12808&position=P"">Mike Clevinger</a>",32.0,0.0,0.0
12857,"<a href=""statss.aspx?playerid=12857&position=P"">Shawn Armstrong</a>",32.0,0.0,0.0
12863,"<a href=""statss.aspx?playerid=12863&position=P"">Matt Barnes</a>",33.0,0.0,0.0
12880,"<a href=""statss.aspx?playerid=12880&position=P"">Tyler Anderson</a>",33.0,0.0,0.0
12890,"<a href=""statss.aspx?playerid=12890&position=P"">Alex Claudio</a>",31.0,0.0,0.0
12918,"<a href=""statss.aspx?playerid=12918&position=P"">Archie Bradley</a>",30.0,0.0,0.0
12970,"<a href=""statss.aspx?playerid=12970&position=P"">Joe Musgrove</a>",30.0,0.0,0.0
12988,"<a href=""statss.aspx?playerid=12988&position=P"">Andrew Chafin</a>",33.0,0.0,0.0
12997,"<a href=""statss.aspx?playerid=12997&position=P"">Colten Brewer</a>",30.0,0.0,0.0
13050,"<a href=""statss.aspx?playerid=13050&position=P"">Anthony DeSclafani</a>",33.0,0.0,0.0
13074,"<a href=""statss.aspx?playerid=13074&position=P"">Yu Darvish</a>",36.0,0.0,0.0
13125,"<a href=""statss.aspx?playerid=13125&position=P"">Gerrit Cole</a>",32.0,0.0,0.0
13133,"<a href=""statss.aspx?playerid=13133&position=P"">Derek Law</a>",32.0,0.0,0.0
13164,"<a href=""statss.aspx?playerid=13164&position=P"">Eduardo Rodriguez</a>",30.0,0.0,0.0
13183,"<a href=""statss.aspx?playerid=13183&position=P"">Zach Davies</a>",30.0,0.0,0.0
13190,"<a href=""statss.aspx?playerid=13190&position=P"">Jordan Weems</a>",30.0,0.0,0.0
13218,"<a href=""statss.aspx?playerid=13218&position=P"">Michael Fulmer</a>",30.0,0.0,0.0
13273,"<a href=""statss.aspx?playerid=13273&position=P"">Ross Stripling</a>",33.0,0.0,0.0
13276,"<a href=""statss.aspx?playerid=13276&position=P"">Matt Carasiti</a>",31.0,0.0,0.0
13293,"<a href=""statss.aspx?playerid=13293&position=P"">Danny Coulombe</a>",33.0,0.0,0.0
13345,"<a href=""statss.aspx?playerid=13345&position=P"">Luis Cessa</a>",31.0,0.0,0.0
13346,"<a href=""statss.aspx?playerid=13346&position=P"">Hoby Milner</a>",32.0,0.0,0.0
13361,"<a href=""statss.aspx?playerid=13361&position=P"">Steven Matz</a>",32.0,0.0,0.0
13394,"<a href=""statss.aspx?playerid=13394&position=P"">Dylan Floro</a>",32.0,0.0,0.0
13420,"<a href=""statss.aspx?playerid=13420&position=P"">Matt Koch</a>",32.0,0.0,0.0
13424,"<a href=""statss.aspx?playerid=13424&position=P"">Drew VerHagen</a>",32.0,0.0,0.0
13431,"<a href=""statss.aspx?playerid=13431&position=P"">Marcus Stroman</a>",32.0,0.0,0.0
13435,"<a href=""statss.aspx?playerid=13435&position=P"">Pierce Johnson</a>",32.0,0.0,0.0
13449,"<a href=""statss.aspx?playerid=13449&position=P"">Taylor Rogers</a>",32.0,0.0,0.0
13470,"<a href=""statss.aspx?playerid=13470&position=P"">Lucas Sims</a>",29.0,0.0,0.0
13475,"<a href=""statss.aspx?playerid=13475&position=P"">Daniel Norris</a>",30.0,0.0,0.0
13543,"<a href=""statss.aspx?playerid=13543&position=P"">Blake Snell</a>",30.0,0.0,0.0
13580,"<a href=""statss.aspx?playerid=13580&position=P"">Steven Okert</a>",31.0,0.0,0.0
13594,"<a href=""statss.aspx?playerid=13594&position=P"">Robert Stephenson</a>",30.0,0.0,0.0
13607,"<a href=""statss.aspx?playerid=13607&position=P"">Carl Edwards Jr.</a>",31.0,0.0,0.0
13619,"<a href=""statss.aspx?playerid=13619&position=P"">Jakob Junis</a>",30.0,0.0,0.0
13649,"<a href=""statss.aspx?playerid=13649&position=P"">Clay Holmes</a>",30.0,0.0,0.0
13652,"<a href=""statss.aspx?playerid=13652&position=P"">Tayler Scott</a>",31.0,0.0,0.0
13743,"<a href=""statss.aspx?playerid=13743&position=P"">Max Fried</a>",29.0,0.0,0.0
13761,"<a href=""statss.aspx?playerid=13761&position=P"">Chris Stratton</a>",32.0,0.0,0.0
13763,"<a href=""statss.aspx?playerid=13763&position=P"">Dominic Leone</a>",31.0,0.0,0.0
13767,"<a href=""statss.aspx?playerid=13767&position=P"">JT Chargois</a>",32.0,0.0,0.0
13774,"<a href=""statss.aspx?playerid=13774&position=P"">Zach Eflin</a>",29.0,0.0,0.0
13781,"<a href=""statss.aspx?playerid=13781&position=P"">Alex Wood</a>",32.0,0.0,0.0
13799,"<a href=""statss.aspx?playerid=13799&position=P"">Matt Strahm</a>",31.0,0.0,0.0
13801,"<a href=""statss.aspx?playerid=13801&position=P"">Austin Adams</a>",32.0,0.0,0.0
13892,"<a href=""statss.aspx?playerid=13892&position=P"">Paul Sewald</a>",33.0,0.0,0.0
13896,"<a href=""statss.aspx?playerid=13896&position=P"">Chris Flexen</a>",28.0,0.0,0.0
13942,"<a href=""statss.aspx?playerid=13942&position=P"">Brent Suter</a>",33.0,0.0,0.0
14078,"<a href=""statss.aspx?playerid=14078&position=P"">Michael Wacha</a>",31.0,0.0,0.0
14107,"<a href=""statss.aspx?playerid=14107&position=P"">Kevin Gausman</a>",32.0,0.0,0.0
14168,"<a href=""statss.aspx?playerid=14168&position=P"">Jose Berrios</a>",29.0,0.0,0.0
14212,"<a href=""statss.aspx?playerid=14212&position=P"">Josh Hader</a>",29.0,0.0,0.0
14295,"<a href=""statss.aspx?playerid=14295&position=P"">Wandy Peralta</a>",31.0,0.0,0.0
14332,"<a href=""statss.aspx?playerid=14332&position=P"">Joel Payamps</a>",29.0,0.0,0.0
14361,"<a href=""statss.aspx?playerid=14361&position=P"">Ty Blach</a>",32.0,0.0,0.0
14374,"<a href=""statss.aspx?playerid=14374&position=P"">Tyler Glasnow</a>",29.0,0.0,0.0
14375,"<a href=""statss.aspx?playerid=14375&position=P"">Amir Garrett</a>",31.0,0.0,0.0
14416,"<a href=""statss.aspx?playerid=14416&position=P"">Yunior Marte</a>",28.0,0.0,0.0
14509,"<a href=""statss.aspx?playerid=14509&position=P"">Dereck Rodriguez</a>",31.0,0.0,0.0
14524,"<a href=""statss.aspx?playerid=14524&position=P"">Jose Leclerc</a>",29.0,0.0,0.0
14527,"<a href=""statss.aspx?playerid=14527&position=P"">Jorge Lopez</a>",30.0,0.0,0.0
14542,"<a href=""statss.aspx?playerid=14542&position=P"">Carlos Estevez</a>",30.0,0.0,0.0
14552,"<a href=""statss.aspx?playerid=14552&position=P"">Jose Ruiz</a>",28.0,0.0,0.0
14663,"<a href=""statss.aspx?playerid=14663&position=P"">Chi Chi Gonzalez</a>",31.0,0.0,0.0
14677,"<a href=""statss.aspx?playerid=14677&position=P"">Duane Underwood Jr.</a>",28.0,0.0,0.0
14681,"<a href=""statss.aspx?playerid=14681&position=P"">Andres Machado</a>",30.0,0.0,0.0
14706,"<a href=""statss.aspx?playerid=14706&position=P"">Anthony Banda</a>",29.0,0.0,0.0
14739,"<a href=""statss.aspx?playerid=14739&position=P"">Paul Blackburn</a>",29.0,0.0,0.0
14765,"<a href=""statss.aspx?playerid=14765&position=P"">Julio Urias</a>",26.0,0.0,0.0
14771,"<a href=""statss.aspx?playerid=14771&position=P"">Emilio Pagan</a>",32.0,0.0,0.0
14814,"<a href=""statss.aspx?playerid=14814&position=P"">Buck Farmer</a>",32.0,0.0,0.0
14825,"<a href=""statss.aspx?playerid=14825&position=P"">Dylan Covey</a>",31.0,0.0,0.0
14843,"<a href=""statss.aspx?playerid=14843&position=P"">Michael Lorenzen</a>",31.0,0.0,0.0
14844,"<a href=""statss.aspx?playerid=14844&position=P"">Matt Dermody</a>",32.0,0.0,0.0
14857,"<a href=""statss.aspx?playerid=14857&position=P"">Joe Mantiply</a>",32.0,0.0,0.0
14874,"<a href=""statss.aspx?playerid=14874&position=P"">Sam Moll</a>",31.0,0.0,0.0
14916,"<a href=""statss.aspx?playerid=14916&position=P"">Jon Gray</a>",31.0,0.0,0.0
14932,"<a href=""statss.aspx?playerid=14932&position=P"">Ben Lively</a>",31.0,0.0,0.0
14966,"<a href=""statss.aspx?playerid=14966&position=P"">Reyes Moronta</a>",30.0,0.0,0.0
14975,"<a href=""statss.aspx?playerid=14975&position=P"">Chad Kuhl</a>",30.0,0.0,0.0
14986,"<a href=""statss.aspx?playerid=14986&position=P"">Giovanny Gallegos</a>",31.0,0.0,0.0
14993,"<a href=""statss.aspx?playerid=14993&position=P"">Scott Barlow</a>",30.0,0.0,0.0
15007,"<a href=""statss.aspx?playerid=15007&position=P"">Yacksel Rios</a>",30.0,0.0,0.0
15009,"<a href=""statss.aspx?playerid=15009&position=P"">Kyle Finnegan</a>",31.0,0.0,0.0
15036,"<a href=""statss.aspx?playerid=15036&position=P"">Chase De Jong</a>",29.0,0.0,0.0
15038,"<a href=""statss.aspx?playerid=15038&position=P"">German Marquez</a>",28.0,0.0,0.0
15042,"<a href=""statss.aspx?playerid=15042&position=P"">Tim Mayza</a>",31.0,0.0,0.0
15046,"<a href=""statss.aspx?playerid=15046&position=P"">Trevor Gott</a>",30.0,0.0,0.0
15047,"<a href=""statss.aspx?playerid=15047&position=P"">Austin Voth</a>",31.0,0.0,0.0
15051,"<a href=""statss.aspx?playerid=15051&position=P"">Silvino Bracho</a>",30.0,0.0,0.0
15068,"<a href=""statss.aspx?playerid=15068&position=P"">Yency Almonte</a>",29.0,0.0,0.0
15094,"<a href=""statss.aspx?playerid=15094&position=P"">Rob Zastryzny</a>",31.0,0.0,0.0
15100,"<a href=""statss.aspx?playerid=15100&position=P"">Ben Heller</a>",31.0,0.0,0.0
15145,"<a href=""statss.aspx?playerid=15145&position=P"">Justin Topa</a>",32.0,0.0,0.0
15157,"<a href=""statss.aspx?playerid=15157&position=P"">Jimmy Yacabonis</a>",31.0,0.0,0.0
15239,"<a href=""statss.aspx?playerid=15239&position=P"">Alan Busenitz</a>",32.0,0.0,0.0
15256,"<a href=""statss.aspx?playerid=15256&position=P"">Cole Sulser</a>",33.0,0.0,0.0
15264,"<a href=""statss.aspx?playerid=15264&position=P"">Keynan Middleton</a>",29.0,0.0,0.0
15288,"<a href=""statss.aspx?playerid=15288&position=P"">Adam Cimber</a>",32.0,0.0,0.0
15290,"<a href=""statss.aspx?playerid=15290&position=P"">Austin Pruitt</a>",33.0,0.0,0.0
15369,"<a href=""statss.aspx?playerid=15369&position=P"">Kevin Herget</a>",32.0,0.0,0.0
15423,"<a href=""statss.aspx?playerid=15423&position=P"">Andrew Heaney</a>",32.0,0.0,0.0
15440,"<a href=""statss.aspx?playerid=15440&position=P"">Matthew Boyd</a>",32.0,0.0,0.0
15444,"<a href=""statss.aspx?playerid=15444&position=P"">Zack Weiss</a>",31.0,0.0,0.0
15451,"<a href=""statss.aspx?playerid=15451&position=P"">Mike Mayers</a>",31.0,0.0,0.0
15454,"<a href=""statss.aspx?playerid=15454&position=P"">Nick Pivetta</a>",30.0,0.0,0.0
15463,"<a href=""statss.aspx?playerid=15463&position=P"">Jose De Leon</a>",30.0,0.0,0.0
15467,"<a href=""statss.aspx?playerid=15467&position=P"">Marco Gonzales</a>",31.0,0.0,0.0
15474,"<a href=""statss.aspx?playerid=15474&position=P"">Lucas Giolito</a>",28.0,0.0,0.0
15488,"<a href=""statss.aspx?playerid=15488&position=P"">Antonio Senzatela</a>",28.0,0.0,0.0
15507,"<a href=""statss.aspx?playerid=15507&position=P"">Hunter Harvey</a>",28.0,0.0,0.0
15514,"<a href=""statss.aspx?playerid=15514&position=P"">Kendall Graveman</a>",32.0,0.0,0.0
15541,"<a href=""statss.aspx?playerid=15541&position=P"">Tyler Rogers</a>",32.0,0.0,0.0
15551,"<a href=""statss.aspx?playerid=15551&position=P"">Mark Leiter Jr.</a>",32.0,0.0,0.0
15594,"<a href=""statss.aspx?playerid=15594&position=P"">Nick Wittgren</a>",32.0,0.0,0.0
15684,"<a href=""statss.aspx?playerid=15684&position=P"">Miguel Castro</a>",28.0,0.0,0.0
15689,"<a href=""statss.aspx?playerid=15689&position=P"">Luis Castillo</a>",30.0,0.0,0.0
15690,"<a href=""statss.aspx?playerid=15690&position=P"">Jimmy Cordero</a>",31.0,0.0,0.0
15734,"<a href=""statss.aspx?playerid=15734&position=P"">Brad Keller</a>",27.0,0.0,0.0
15761,"<a href=""statss.aspx?playerid=15761&position=P"">Joe Jimenez</a>",28.0,0.0,0.0
15816,"<a href=""statss.aspx?playerid=15816&position=P"">Devin Williams</a>",28.0,0.0,0.0
15823,"<a href=""statss.aspx?playerid=15823&position=P"">Zack Littell</a>",27.0,0.0,0.0
15855,"<a href=""statss.aspx?playerid=15855&position=P"">Wander Suero</a>",31.0,0.0,0.0
15873,"<a href=""statss.aspx?playerid=15873&position=P"">Sean Manaea</a>",31.0,0.0,0.0
15890,"<a href=""statss.aspx?playerid=15890&position=P"">Luis Severino</a>",29.0,0.0,0.0
15947,"<a href=""statss.aspx?playerid=15947&position=P"">Ryne Stanek</a>",31.0,0.0,0.0
16074,"<a href=""statss.aspx?playerid=16074&position=P"">Nick Burdi</a>",30.0,0.0,0.0
16122,"<a href=""statss.aspx?playerid=16122&position=P"">Jordan Romano</a>",30.0,0.0,0.0
16128,"<a href=""statss.aspx?playerid=16128&position=P"">John Curtiss</a>",30.0,0.0,0.0
16149,"<a href=""statss.aspx?playerid=16149&position=P"">Aaron Nola</a>",30.0,0.0,0.0
16162,"<a href=""statss.aspx?playerid=16162&position=P"">Brandon Woodruff</a>",30.0,0.0,0.0
16207,"<a href=""statss.aspx?playerid=16207&position=P"">Spencer Turnbull</a>",30.0,0.0,0.0
16209,"<a href=""statss.aspx?playerid=16209&position=P"">Jake Reed</a>",30.0,0.0,0.0
16256,"<a href=""statss.aspx?playerid=16256&position=P"">Kyle Freeland</a>",30.0,0.0,0.0
16258,"<a href=""statss.aspx?playerid=16258&position=P"">Aaron Bummer</a>",29.0,0.0,0.0
16306,"<a href=""statss.aspx?playerid=16306&position=P"">Gerardo Reyes</a>",30.0,0.0,0.0
16350,"<a href=""statss.aspx?playerid=16350&position=P"">Ryan Borucki</a>",29.0,0.0,0.0
16358,"<a href=""statss.aspx?playerid=16358&position=P"">Tyler Mahle</a>",28.0,0.0,0.0
16400,"<a href=""statss.aspx?playerid=16400&position=P"">Reynaldo Lopez</a>",29.0,0.0,0.0
16401,"<a href=""statss.aspx?playerid=16401&position=P"">Yonny Chirinos</a>",29.0,0.0,0.0
16408,"<a href=""statss.aspx?playerid=16408&position=P"">Victor Gonzalez</a>",27.0,0.0,0.0
16466,"<a href=""statss.aspx?playerid=16466&position=P"">Brent Honeywell</a>",28.0,0.0,0.0
16502,"<a href=""statss.aspx?playerid=16502&position=P"">Ryan Yarbrough</a>",31.0,0.0,0.0
16511,"<a href=""statss.aspx?playerid=16511&position=P"">Jordan Montgomery</a>",30.0,0.0,0.0
16561,"<a href=""statss.aspx?playerid=16561&position=P"">Austin Gomber</a>",29.0,0.0,0.0
16587,"<a href=""statss.aspx?playerid=16587&position=P"">Erik Swanson</a>",29.0,0.0,0.0
16609,"<a href=""statss.aspx?playerid=16609&position=P"">Bryan Abreu</a>",26.0,0.0,0.0
16631,"<a href=""statss.aspx?playerid=16631&position=P"">Jeff Brigham</a>",31.0,0.0,0.0
16647,"<a href=""statss.aspx?playerid=16647&position=P"">Ryan Thompson</a>",31.0,0.0,0.0
16703,"<a href=""statss.aspx?playerid=16703&position=P"">Julian Merryweather</a>",31.0,0.0,0.0
16727,"<a href=""statss.aspx?playerid=16727&position=P"">Brock Stewart</a>",31.0,0.0,0.0
16754,"<a href=""statss.aspx?playerid=16754&position=P"">Vinny Nittoli</a>",32.0,0.0,0.0
16814,"<a href=""statss.aspx?playerid=16814&position=P"">Tim Hill</a>",33.0,0.0,0.0
16835,"<a href=""statss.aspx?playerid=16835&position=P"">Brennan Bernardino</a>",31.0,0.0,0.0
16866,"<a href=""statss.aspx?playerid=16866&position=P"">Reed Garrett</a>",30.0,0.0,0.0
16918,"<a href=""statss.aspx?playerid=16918&position=P"">Luke Weaver</a>",29.0,0.0,0.0
16929,"<a href=""statss.aspx?playerid=16929&position=P"">Touki Toussaint</a>",27.0,0.0,0.0
16942,"<a href=""statss.aspx?playerid=16942&position=P"">Luis F. Ortiz</a>",27.0,0.0,0.0
16977,"<a href=""statss.aspx?playerid=16977&position=P"">Trevor Williams</a>",31.0,0.0,0.0
16990,"<a href=""statss.aspx?playerid=16990&position=P"">Tanner Banks</a>",31.0,0.0,0.0
17085,"<a href=""statss.aspx?playerid=17085&position=P"">Pablo Lopez</a>",27.0,0.0,0.0
17092,"<a href=""statss.aspx?playerid=17092&position=P"">Domingo Acevedo</a>",29.0,0.0,0.0
17130,"<a href=""statss.aspx?playerid=17130&position=P"">Raisel Iglesias</a>",33.0,0.0,0.0
17149,"<a href=""statss.aspx?playerid=17149&position=P"">Domingo German</a>",30.0,0.0,0.0
17170,"<a href=""statss.aspx?playerid=17170&position=P"">Gabe Speier</a>",28.0,0.0,0.0
17186,"<a href=""statss.aspx?playerid=17186&position=P"">Dinelson Lamet</a>",30.0,0.0,0.0
17192,"<a href=""statss.aspx?playerid=17192&position=P"">Jalen Beeks</a>",29.0,0.0,0.0
17277,"<a href=""statss.aspx?playerid=17277&position=P"">Ranger Suarez</a>",27.0,0.0,0.0
17281,"<a href=""statss.aspx?playerid=17281&position=P"">Thomas Pannone</a>",29.0,0.0,0.0
17282,"<a href=""statss.aspx?playerid=17282&position=P"">Michael Kopech</a>",27.0,0.0,0.0
17292,"<a href=""statss.aspx?playerid=17292&position=P"">Javy Guerra</a>",27.0,0.0,0.0
17295,"<a href=""statss.aspx?playerid=17295&position=P"">Framber Valdez</a>",29.0,0.0,0.0
17312,"<a href=""statss.aspx?playerid=17312&position=P"">Justin Steele</a>",27.0,0.0,0.0
17359,"<a href=""statss.aspx?playerid=17359&position=P"">Josh Taylor</a>",30.0,0.0,0.0
17381,"<a href=""statss.aspx?playerid=17381&position=P"">Matt Gage</a>",30.0,0.0,0.0
17432,"<a href=""statss.aspx?playerid=17432&position=P"">Jeff Hoffman</a>",30.0,0.0,0.0
17464,"<a href=""statss.aspx?playerid=17464&position=P"">Jonathan Hernandez</a>",26.0,0.0,0.0
17479,"<a href=""statss.aspx?playerid=17479&position=P"">Jack Flaherty</a>",27.0,0.0,0.0
17480,"<a href=""statss.aspx?playerid=17480&position=P"">Daniel Duarte</a>",26.0,0.0,0.0
17485,"<a href=""statss.aspx?playerid=17485&position=P"">Albert Abreu</a>",27.0,0.0,0.0
17490,"<a href=""statss.aspx?playerid=17490&position=P"">Genesis Cabrera</a>",26.0,0.0,0.0
17496,"<a href=""statss.aspx?playerid=17496&position=P"">Diego Castillo</a>",29.0,0.0,0.0
17556,"<a href=""statss.aspx?playerid=17556&position=P"">Jimmy Herget</a>",29.0,0.0,0.0
17586,"<a href=""statss.aspx?playerid=17586&position=P"">Tanner Scott</a>",28.0,0.0,0.0
17594,"<a href=""statss.aspx?playerid=17594&position=P"">Mitch Keller</a>",27.0,0.0,0.0
17606,"<a href=""statss.aspx?playerid=17606&position=P"">Cristian Javier</a>",26.0,0.0,0.0
17611,"<a href=""statss.aspx?playerid=17611&position=P"">Taylor Clarke</a>",30.0,0.0,0.0
17639,"<a href=""statss.aspx?playerid=17639&position=P"">Justin Lawrence</a>",28.0,0.0,0.0
17677,"<a href=""statss.aspx?playerid=17677&position=P"">Jeffrey Springs</a>",30.0,0.0,0.0
17701,"<a href=""statss.aspx?playerid=17701&position=P"">Jose Cuas</a>",29.0,0.0,0.0
17722,"<a href=""statss.aspx?playerid=17722&position=P"">Trevor Megill</a>",29.0,0.0,0.0
17732,"<a href=""statss.aspx?playerid=17732&position=P"">Nabil Crismatt</a>",28.0,0.0,0.0
17734,"<a href=""statss.aspx?playerid=17734&position=P"">Evan Phillips</a>",28.0,0.0,0.0
17735,"<a href=""statss.aspx?playerid=17735&position=P"">Tyler Alexander</a>",28.0,0.0,0.0
17755,"<a href=""statss.aspx?playerid=17755&position=P"">Drew Smith</a>",29.0,0.0,0.0
17759,"<a href=""statss.aspx?playerid=17759&position=P"">Angel Perdomo</a>",29.0,0.0,0.0
17780,"<a href=""statss.aspx?playerid=17780&position=P"">Jose Alvarado</a>",28.0,0.0,0.0
17793,"<a href=""statss.aspx?playerid=17793&position=P"">Trey Wingenter</a>",29.0,0.0,0.0
17859,"<a href=""statss.aspx?playerid=17859&position=P"">Adbert Alzolay</a>",28.0,0.0,0.0
17860,"<a href=""statss.aspx?playerid=17860&position=P"">Jose Rodriguez</a>",27.0,0.0,0.0
17871,"<a href=""statss.aspx?playerid=17871&position=P"">Ian Gibaut</a>",29.0,0.0,0.0
17874,"<a href=""statss.aspx?playerid=17874&position=P"">Nestor Cortes</a>",28.0,0.0,0.0
17878,"<a href=""statss.aspx?playerid=17878&position=P"">Dennis Santana</a>",27.0,0.0,0.0
17888,"<a href=""statss.aspx?playerid=17888&position=P"">Tayler Saucedo</a>",30.0,0.0,0.0
17897,"<a href=""statss.aspx?playerid=17897&position=P"">Garrett Cleavinger</a>",29.0,0.0,0.0
17948,"<a href=""statss.aspx?playerid=17948&position=P"">Trent Thornton</a>",29.0,0.0,0.0
17968,"<a href=""statss.aspx?playerid=17968&position=P"">Brock Burke</a>",26.0,0.0,0.0
17969,"<a href=""statss.aspx?playerid=17969&position=P"">Peter Lambert</a>",26.0,0.0,0.0
17995,"<a href=""statss.aspx?playerid=17995&position=P"">Logan Webb</a>",26.0,0.0,0.0
17998,"<a href=""statss.aspx?playerid=17998&position=P"">Pete Fairbanks</a>",29.0,0.0,0.0
18000,"<a href=""statss.aspx?playerid=18000&position=P"">Triston McKenzie</a>",25.0,0.0,0.0
18064,"<a href=""statss.aspx?playerid=18064&position=P"">Phil Maton</a>",30.0,0.0,0.0
18138,"<a href=""statss.aspx?playerid=18138&position=P"">Ryan Helsley</a>",28.0,0.0,0.0
18152,"<a href=""statss.aspx?playerid=18152&position=P"">Anthony Misiewicz</a>",28.0,0.0,0.0
18186,"<a href=""statss.aspx?playerid=18186&position=P"">James Naile</a>",30.0,0.0,0.0
18325,"<a href=""statss.aspx?playerid=18325&position=P"">Taylor Hearn</a>",28.0,0.0,0.0
18331,"<a href=""statss.aspx?playerid=18331&position=P"">James Kaprielian</a>",29.0,0.0,0.0
18333,"<a href=""statss.aspx?playerid=18333&position=P"">Alex Young</a>",29.0,0.0,0.0
18335,"<a href=""statss.aspx?playerid=18335&position=P"">Josh Staumont</a>",29.0,0.0,0.0
18337,"<a href=""statss.aspx?playerid=18337&position=P"">Nick Anderson</a>",32.0,0.0,0.0
18356,"<a href=""statss.aspx?playerid=18356&position=P"">Jaime Barria</a>",26.0,0.0,0.0
18376,"<a href=""statss.aspx?playerid=18376&position=P"">Connor Overton</a>",29.0,0.0,0.0
18383,"<a href=""statss.aspx?playerid=18383&position=P"">Michael Soroka</a>",25.0,0.0,0.0
18403,"<a href=""statss.aspx?playerid=18403&position=P"">Enyel De Los Santos</a>",27.0,0.0,0.0
18413,"<a href=""statss.aspx?playerid=18413&position=P"">Jose Urquidy</a>",28.0,0.0,0.0
18421,"<a href=""statss.aspx?playerid=18421&position=P"">Tyler Cyr</a>",30.0,0.0,0.0
18439,"<a href=""statss.aspx?playerid=18439&position=P"">Danny Young</a>",29.0,0.0,0.0
18454,"<a href=""statss.aspx?playerid=18454&position=P"">Trevor Kelley</a>",30.0,0.0,0.0
18498,"<a href=""statss.aspx?playerid=18498&position=P"">Kenta Maeda</a>",35.0,0.0,0.0
18519,"<a href=""statss.aspx?playerid=18519&position=P"">Phil Bickford</a>",27.0,0.0,0.0
18525,"<a href=""statss.aspx?playerid=18525&position=P"">Dylan Cease</a>",27.0,0.0,0.0
18548,"<a href=""statss.aspx?playerid=18548&position=P"">Sam Hentges</a>",26.0,0.0,0.0
18615,"<a href=""statss.aspx?playerid=18615&position=P"">Hobie Harris</a>",30.0,0.0,0.0
18655,"<a href=""statss.aspx?playerid=18655&position=P"">A.J. Minter</a>",29.0,0.0,0.0
18674,"<a href=""statss.aspx?playerid=18674&position=P"">Jake Woodford</a>",26.0,0.0,0.0
18679,"<a href=""statss.aspx?playerid=18679&position=P"">Freddy Peralta</a>",27.0,0.0,0.0
18684,"<a href=""statss.aspx?playerid=18684&position=P"">Sandy Alcantara</a>",27.0,0.0,0.0
18694,"<a href=""statss.aspx?playerid=18694&position=P"">Kolby Allard</a>",25.0,0.0,0.0
19151,"<a href=""statss.aspx?playerid=19151&position=OF"">Estevan Florial</a>",25.0,0.0,0.0
19159,"<a href=""statss.aspx?playerid=19159&position=P"">Zack Burdi</a>",28.0,0.0,0.0
19200,"<a href=""statss.aspx?playerid=19200&position=P"">Jose Quijada</a>",27.0,0.0,0.0
19205,"<a href=""statss.aspx?playerid=19205&position=P"">Jesse Scholtens</a>",29.0,0.0,0.0
19225,"<a href=""statss.aspx?playerid=19225&position=P"">Mitch White</a>",28.0,0.0,0.0
19244,"<a href=""statss.aspx?playerid=19244&position=P"">Cole Irvin</a>",29.0,0.0,0.0
19249,"<a href=""statss.aspx?playerid=19249&position=P"">Seranthony Dominguez</a>",28.0,0.0,0.0
19261,"<a href=""statss.aspx?playerid=19261&position=P"">Ian Hamilton</a>",28.0,0.0,0.0
19264,"<a href=""statss.aspx?playerid=19264&position=P"">Thomas Hatch</a>",28.0,0.0,0.0
19274,"<a href=""statss.aspx?playerid=19274&position=P"">Jacob Webb</a>",29.0,0.0,0.0
19291,"<a href=""statss.aspx?playerid=19291&position=P"">Zac Gallen</a>",27.0,0.0,0.0
19294,"<a href=""statss.aspx?playerid=19294&position=2B"">Nick Solak</a>",28.0,0.0,0.0
19309,"<a href=""statss.aspx?playerid=19309&position=P"">Trevor Richards</a>",30.0,0.0,0.0
19312,"<a href=""statss.aspx?playerid=19312&position=P"">Cal Quantrill</a>",28.0,0.0,0.0
19315,"<a href=""statss.aspx?playerid=19315&position=P"">Matt Krook</a>",28.0,0.0,0.0
19316,"<a href=""statss.aspx?playerid=19316&position=P"">Eric Lauer</a>",28.0,0.0,0.0
19320,"<a href=""statss.aspx?playerid=19320&position=P"">Joey Lucchesi</a>",30.0,0.0,0.0
19330,"<a href=""statss.aspx?playerid=19330&position=P"">Matt Festa</a>",30.0,0.0,0.0
19337,"<a href=""statss.aspx?playerid=19337&position=P"">Richard Lovelady</a>",27.0,0.0,0.0
19343,"<a href=""statss.aspx?playerid=19343&position=P"">A.J. Puk</a>",28.0,0.0,0.0
19349,"<a href=""statss.aspx?playerid=19349&position=P"">Caleb Ferguson</a>",26.0,0.0,0.0
19350,"<a href=""statss.aspx?playerid=19350&position=P"">Dean Kremer</a>",27.0,0.0,0.0
19360,"<a href=""statss.aspx?playerid=19360&position=P"">Lucas Erceg</a>",28.0,0.0,0.0
19361,"<a href=""statss.aspx?playerid=19361&position=P"">Corbin Burnes</a>",28.0,0.0,0.0
19362,"<a href=""statss.aspx?playerid=19362&position=P"">Keegan Akin</a>",28.0,0.0,0.0
19388,"<a href=""statss.aspx?playerid=19388&position=P"">Tony Gonsolin</a>",29.0,0.0,0.0
19403,"<a href=""statss.aspx?playerid=19403&position=P"">Colin Poche</a>",29.0,0.0,0.0
19407,"<a href=""statss.aspx?playerid=19407&position=P"">Ronel Blanco</a>",29.0,0.0,0.0
19409,"<a href=""statss.aspx?playerid=19409&position=P"">Dane Dunning</a>",28.0,0.0,0.0
19427,"<a href=""statss.aspx?playerid=19427&position=P"">Shane Bieber</a>",28.0,0.0,0.0
19444,"<a href=""statss.aspx?playerid=19444&position=P"">Yohan Ramirez</a>",28.0,0.0,0.0
19447,"<a href=""statss.aspx?playerid=19447&position=P"">Patrick Sandoval</a>",26.0,0.0,0.0
19454,"<a href=""statss.aspx?playerid=19454&position=P"">Michael Rucker</a>",29.0,0.0,0.0
19459,"<a href=""statss.aspx?playerid=19459&position=P"">Jorge Alcala</a>",27.0,0.0,0.0
19479,"<a href=""statss.aspx?playerid=19479&position=P"">Aaron Civale</a>",28.0,0.0,0.0
19482,"<a href=""statss.aspx?playerid=19482&position=P"">Andrew Vasquez</a>",29.0,0.0,0.0
19487,"<a href=""statss.aspx?playerid=19487&position=P"">Devin Smeltzer</a>",27.0,0.0,0.0
19493,"<a href=""statss.aspx?playerid=19493&position=P"">Zach Jackson</a>",28.0,0.0,0.0
19531,"<a href=""statss.aspx?playerid=19531&position=P"">Jason Foley</a>",27.0,0.0,0.0
19541,"<a href=""statss.aspx?playerid=19541&position=P"">Jimmy Lambert</a>",28.0,0.0,0.0
19545,"<a href=""statss.aspx?playerid=19545&position=P"">Stephen Nogosek</a>",28.0,0.0,0.0
19569,"<a href=""statss.aspx?playerid=19569&position=P"">David Bednar</a>",28.0,0.0,0.0
19574,"<a href=""statss.aspx?playerid=19574&position=P"">JoJo Romero</a>",26.0,0.0,0.0
19588,"<a href=""statss.aspx?playerid=19588&position=P"">Guillo Zuniga</a>",24.0,0.0,0.0
19614,"<a href=""statss.aspx?playerid=19614&position=P"">Cionel Perez</a>",27.0,0.0,0.0
19618,"<a href=""statss.aspx?playerid=19618&position=P"">Jordan Hicks</a>",26.0,0.0,0.0
19665,"<a href=""statss.aspx?playerid=19665&position=P"">Kyle Wright</a>",27.0,0.0,0.0
19677,"<a href=""statss.aspx?playerid=19677&position=P"">Gregory Soto</a>",28.0,0.0,0.0
19695,"<a href=""statss.aspx?playerid=19695&position=P"">Connor Seabold</a>",27.0,0.0,0.0
19716,"<a href=""statss.aspx?playerid=19716&position=P"">Dustin May</a>",25.0,0.0,0.0
19753,"<a href=""statss.aspx?playerid=19753&position=P"">Jonathan Loaisiga</a>",28.0,0.0,0.0
19754,"<a href=""statss.aspx?playerid=19754&position=P"">Reiver Sanmartin</a>",27.0,0.0,0.0
19769,"<a href=""statss.aspx?playerid=19769&position=P"">Will Vest</a>",28.0,0.0,0.0
19784,"<a href=""statss.aspx?playerid=19784&position=P"">Justin Garza</a>",29.0,0.0,0.0
19795,"<a href=""statss.aspx?playerid=19795&position=P"">Keegan Thompson</a>",28.0,0.0,0.0
19800,"<a href=""statss.aspx?playerid=19800&position=P"">Wil Crowe</a>",28.0,0.0,0.0
19804,"<a href=""statss.aspx?playerid=19804&position=P"">Bryan Baker</a>",28.0,0.0,0.0
19805,"<a href=""statss.aspx?playerid=19805&position=P"">Daniel Castano</a>",28.0,0.0,0.0
19853,"<a href=""statss.aspx?playerid=19853&position=P"">Michael King</a>",28.0,0.0,0.0
19866,"<a href=""statss.aspx?playerid=19866&position=P"">Brandon Bielak</a>",27.0,0.0,0.0
19867,"<a href=""statss.aspx?playerid=19867&position=P"">Griffin Canning</a>",27.0,0.0,0.0
19868,"<a href=""statss.aspx?playerid=19868&position=P"">Drew Carlton</a>",27.0,0.0,0.0
19871,"<a href=""statss.aspx?playerid=19871&position=P"">Tucker Davidson</a>",27.0,0.0,0.0
19874,"<a href=""statss.aspx?playerid=19874&position=P"">Alex Faedo</a>",27.0,0.0,0.0
19876,"<a href=""statss.aspx?playerid=19876&position=P"">Kevin Ginkel</a>",29.0,0.0,0.0
19879,"<a href=""statss.aspx?playerid=19879&position=P"">Tanner Houck</a>",27.0,0.0,0.0
19883,"<a href=""statss.aspx?playerid=19883&position=P"">Alex Lange</a>",27.0,0.0,0.0
19899,"<a href=""statss.aspx?playerid=19899&position=P"">Clarke Schmidt</a>",27.0,0.0,0.0
19911,"<a href=""statss.aspx?playerid=19911&position=P"">Jose Suarez</a>",25.0,0.0,0.0
19924,"<a href=""statss.aspx?playerid=19924&position=P"">Bryan Hudson</a>",26.0,0.0,0.0
19932,"<a href=""statss.aspx?playerid=19932&position=P"">Trevor Stephan</a>",27.0,0.0,0.0
19959,"<a href=""statss.aspx?playerid=19959&position=P"">Jesus Luzardo</a>",25.0,0.0,0.0
19962,"<a href=""statss.aspx?playerid=19962&position=P"">Joey Wentz</a>",25.0,0.0,0.0
19976,"<a href=""statss.aspx?playerid=19976&position=P"">Tyson Miller</a>",27.0,0.0,0.0
19979,"<a href=""statss.aspx?playerid=19979&position=P"">Zach Plesac</a>",28.0,0.0,0.0
19990,"<a href=""statss.aspx?playerid=19990&position=P"">Bryse Wilson</a>",25.0,0.0,0.0
19995,"<a href=""statss.aspx?playerid=19995&position=P"">Joel Kuhnel</a>",28.0,0.0,0.0
19996,"<a href=""statss.aspx?playerid=19996&position=P"">Dylan Lee</a>",28.0,0.0,0.0
20000,"<a href=""statss.aspx?playerid=20000&position=P"">Tyler Wells</a>",28.0,0.0,0.0
20020,"<a href=""statss.aspx?playerid=20020&position=P"">John Schreiber</a>",29.0,0.0,0.0
20023,"<a href=""statss.aspx?playerid=20023&position=P"">Rico Garcia</a>",29.0,0.0,0.0
20038,"<a href=""statss.aspx?playerid=20038&position=P"">Darren McCaughan</a>",27.0,0.0,0.0
20039,"<a href=""statss.aspx?playerid=20039&position=P"">Adrian Morejon</a>",24.0,0.0,0.0
20061,"<a href=""statss.aspx?playerid=20061&position=P"">Kaleb Ort</a>",31.0,0.0,0.0
20070,"<a href=""statss.aspx?playerid=20070&position=P"">Bailey Falter</a>",26.0,0.0,0.0
20116,"<a href=""statss.aspx?playerid=20116&position=P"">Calvin Faucher</a>",27.0,0.0,0.0
20132,"<a href=""statss.aspx?playerid=20132&position=P"">Adam Oller</a>",28.0,0.0,0.0
20151,"<a href=""statss.aspx?playerid=20151&position=P"">James Karinchak</a>",27.0,0.0,0.0
20160,"<a href=""statss.aspx?playerid=20160&position=P"">Nate Pearson</a>",26.0,0.0,0.0
20167,"<a href=""statss.aspx?playerid=20167&position=P"">Kyle Muller</a>",25.0,0.0,0.0
20185,"<a href=""statss.aspx?playerid=20185&position=P"">Zach Pop</a>",26.0,0.0,0.0
20190,"<a href=""statss.aspx?playerid=20190&position=P"">Chad Smith</a>",28.0,0.0,0.0
20191,"<a href=""statss.aspx?playerid=20191&position=P"">Garrett Whitlock</a>",27.0,0.0,0.0
20203,"<a href=""statss.aspx?playerid=20203&position=P"">Eli Morgan</a>",27.0,0.0,0.0
20206,"<a href=""statss.aspx?playerid=20206&position=P"">Mike Baumann</a>",27.0,0.0,0.0
20209,"<a href=""statss.aspx?playerid=20209&position=P"">Zach Muckenhirn</a>",28.0,0.0,0.0
20253,"<a href=""statss.aspx?playerid=20253&position=P"">Griffin Jax</a>",28.0,0.0,0.0
20276,"<a href=""statss.aspx?playerid=20276&position=P"">Deivi Garcia</a>",24.0,0.0,0.0
20277,"<a href=""statss.aspx?playerid=20277&position=P"">Cory Abbott</a>",27.0,0.0,0.0
20302,"<a href=""statss.aspx?playerid=20302&position=P"">David Peterson</a>",27.0,0.0,0.0
20323,"<a href=""statss.aspx?playerid=20323&position=P"">Erich Uelmen</a>",27.0,0.0,0.0
20349,"<a href=""statss.aspx?playerid=20349&position=P"">Zack Kelly</a>",28.0,0.0,0.0
20353,"<a href=""statss.aspx?playerid=20353&position=P"">Steven Wilson</a>",28.0,0.0,0.0
20367,"<a href=""statss.aspx?playerid=20367&position=P"">Brusdar Graterol</a>",24.0,0.0,0.0
20369,"<a href=""statss.aspx?playerid=20369&position=P"">Matt Manning</a>",25.0,0.0,0.0
20370,"<a href=""statss.aspx?playerid=20370&position=P"">Bruce Zimmermann</a>",28.0,0.0,0.0
20373,"<a href=""statss.aspx?playerid=20373&position=P"">Andres Munoz</a>",24.0,0.0,0.0
20375,"<a href=""statss.aspx?playerid=20375&position=P"">Greg Weissert</a>",28.0,0.0,0.0
20387,"<a href=""statss.aspx?playerid=20387&position=P"">Anthony Kay</a>",28.0,0.0,0.0
20418,"<a href=""statss.aspx?playerid=20418&position=P"">Josh Fleming</a>",27.0,0.0,0.0
20422,"<a href=""statss.aspx?playerid=20422&position=P"">Jovani Moran</a>",26.0,0.0,0.0
20423,"<a href=""statss.aspx?playerid=20423&position=P"">Ryan Walker</a>",27.0,0.0,0.0
20476,"<a href=""statss.aspx?playerid=20476&position=P"">Peter Solomon</a>",26.0,0.0,0.0
20491,"<a href=""statss.aspx?playerid=20491&position=P"">J.B. Bukauskas</a>",26.0,0.0,0.0
20494,"<a href=""statss.aspx?playerid=20494&position=P"">Braden Bristo</a>",28.0,0.0,0.0
20515,"<a href=""statss.aspx?playerid=20515&position=P"">Kyle Nelson</a>",26.0,0.0,0.0
20517,"<a href=""statss.aspx?playerid=20517&position=P"">Nick Sandlin</a>",26.0,0.0,0.0
20526,"<a href=""statss.aspx?playerid=20526&position=P"">Denyi Reyes</a>",26.0,0.0,0.0
20531,"<a href=""statss.aspx?playerid=20531&position=P"">Kutter Crawford</a>",27.0,0.0,0.0
20539,"<a href=""statss.aspx?playerid=20539&position=P"">Edwin Uceta</a>",25.0,0.0,0.0
20546,"<a href=""statss.aspx?playerid=20546&position=P"">Grant Anderson</a>",26.0,0.0,0.0
20548,"<a href=""statss.aspx?playerid=20548&position=P"">Bowden Francis</a>",27.0,0.0,0.0
20633,"<a href=""statss.aspx?playerid=20633&position=P"">Yusei Kikuchi</a>",32.0,0.0,0.0
20643,"<a href=""statss.aspx?playerid=20643&position=P"">Johan Quezada</a>",28.0,0.0,0.0
20666,"<a href=""statss.aspx?playerid=20666&position=P"">Felix Bautista</a>",28.0,0.0,0.0
20778,"<a href=""statss.aspx?playerid=20778&position=P"">Cristopher Sanchez</a>",26.0,0.0,0.0
21023,"<a href=""statss.aspx?playerid=21023&position=P"">Adrian Martinez</a>",26.0,0.0,0.0
21025,"<a href=""statss.aspx?playerid=21025&position=P"">Oliver Ortega</a>",26.0,0.0,0.0
21029,"<a href=""statss.aspx?playerid=21029&position=P"">Jhoan Duran</a>",25.0,0.0,0.0
21032,"<a href=""statss.aspx?playerid=21032&position=P"">Emmanuel Clase</a>",25.0,0.0,0.0
21045,"<a href=""statss.aspx?playerid=21045&position=P"">Seth Martinez</a>",28.0,0.0,0.0
21093,"<a href=""statss.aspx?playerid=21093&position=P"">Nick Vespi</a>",27.0,0.0,0.0
21101,"<a href=""statss.aspx?playerid=21101&position=P"">Dauri Moreta</a>",27.0,0.0,0.0
21132,"<a href=""statss.aspx?playerid=21132&position=P"">Alexis Diaz</a>",26.0,0.0,0.0
21170,"<a href=""statss.aspx?playerid=21170&position=P"">Dany Jimenez</a>",29.0,0.0,0.0
21189,"<a href=""statss.aspx?playerid=21189&position=P"">Brooks Kriske</a>",29.0,0.0,0.0
21205,"<a href=""statss.aspx?playerid=21205&position=P"">Connor Brogdon</a>",28.0,0.0,0.0
21212,"<a href=""statss.aspx?playerid=21212&position=P"">J.P. France</a>",28.0,0.0,0.0
21224,"<a href=""statss.aspx?playerid=21224&position=P"">Bailey Ober</a>",27.0,0.0,0.0
21267,"<a href=""statss.aspx?playerid=21267&position=P"">Jake Bird</a>",27.0,0.0,0.0
21298,"<a href=""statss.aspx?playerid=21298&position=P"">Andre Jackson</a>",27.0,0.0,0.0
21304,"<a href=""statss.aspx?playerid=21304&position=C"">Mark Kolozsvary</a>",27.0,0.0,0.0
21318,"<a href=""statss.aspx?playerid=21318&position=P"">Tylor Megill</a>",27.0,0.0,0.0
21324,"<a href=""statss.aspx?playerid=21324&position=P"">Parker Mushinski</a>",27.0,0.0,0.0
21327,"<a href=""statss.aspx?playerid=21327&position=P"">Nicholas Padilla</a>",26.0,0.0,0.0
21345,"<a href=""statss.aspx?playerid=21345&position=P"">Bennett Sousa</a>",28.0,0.0,0.0
21366,"<a href=""statss.aspx?playerid=21366&position=P"">Glenn Otto</a>",27.0,0.0,0.0
21367,"<a href=""statss.aspx?playerid=21367&position=P"">Peter Strzelecki</a>",28.0,0.0,0.0
21390,"<a href=""statss.aspx?playerid=21390&position=P"">Joe Ryan</a>",27.0,0.0,0.0
21420,"<a href=""statss.aspx?playerid=21420&position=P"">Yerry De Los Santos</a>",25.0,0.0,0.0
21446,"<a href=""statss.aspx?playerid=21446&position=P"">Ryan Feltner</a>",26.0,0.0,0.0
21453,"<a href=""statss.aspx?playerid=21453&position=P"">Konnor Pilkington</a>",25.0,0.0,0.0
21455,"<a href=""statss.aspx?playerid=21455&position=P"">Kris Bubic</a>",25.0,0.0,0.0
21461,"<a href=""statss.aspx?playerid=21461&position=P"">Cole Sands</a>",25.0,0.0,0.0
21481,"<a href=""statss.aspx?playerid=21481&position=P"">Sean Hjelle</a>",26.0,0.0,0.0
21483,"<a href=""statss.aspx?playerid=21483&position=P"">Shane McClanahan</a>",26.0,0.0,0.0
21504,"<a href=""statss.aspx?playerid=21504&position=P"">Jake Irvin</a>",26.0,0.0,0.0
21513,"<a href=""statss.aspx?playerid=21513&position=P"">Thad Ward</a>",26.0,0.0,0.0
21520,"<a href=""statss.aspx?playerid=21520&position=P"">Hogan Harris</a>",26.0,0.0,0.0
21527,"<a href=""statss.aspx?playerid=21527&position=P"">James McArthur</a>",26.0,0.0,0.0
21537,"<a href=""statss.aspx?playerid=21537&position=P"">Daniel Lynch IV</a>",26.0,0.0,0.0
21541,"<a href=""statss.aspx?playerid=21541&position=P"">Reiss Knehr</a>",26.0,0.0,0.0
21549,"<a href=""statss.aspx?playerid=21549&position=P"">Jackson Kowar</a>",26.0,0.0,0.0
21584,"<a href=""statss.aspx?playerid=21584&position=P"">Tristan Beck</a>",27.0,0.0,0.0
21620,"<a href=""statss.aspx?playerid=21620&position=P"">Jake Cousins</a>",28.0,0.0,0.0
21649,"<a href=""statss.aspx?playerid=21649&position=P"">Luis Medina</a>",24.0,0.0,0.0
21652,"<a href=""statss.aspx?playerid=21652&position=P"">Elvis Peguero</a>",26.0,0.0,0.0
21690,"<a href=""statss.aspx?playerid=21690&position=P"">Edward Cabrera</a>",25.0,0.0,0.0
21741,"<a href=""statss.aspx?playerid=21741&position=P"">Javier Assad</a>",25.0,0.0,0.0
21844,"<a href=""statss.aspx?playerid=21844&position=P"">Braxton Garrett</a>",25.0,0.0,0.0
21846,"<a href=""statss.aspx?playerid=21846&position=P"">Cole Ragans</a>",25.0,0.0,0.0
21850,"<a href=""statss.aspx?playerid=21850&position=P"">Mason Thompson</a>",25.0,0.0,0.0
21858,"<a href=""statss.aspx?playerid=21858&position=P"">Riley Pint</a>",25.0,0.0,0.0
21863,"<a href=""statss.aspx?playerid=21863&position=P"">George Soriano</a>",24.0,0.0,0.0
21866,"<a href=""statss.aspx?playerid=21866&position=P"">Jordan Balazovic</a>",24.0,0.0,0.0
21894,"<a href=""statss.aspx?playerid=21894&position=P"">Gregory Santos</a>",23.0,0.0,0.0
21955,"<a href=""statss.aspx?playerid=21955&position=P"">Yerry Rodriguez</a>",25.0,0.0,0.0
21956,"<a href=""statss.aspx?playerid=21956&position=P"">Max Castillo</a>",24.0,0.0,0.0
21992,"<a href=""statss.aspx?playerid=21992&position=P"">Camilo Doval</a>",25.0,0.0,0.0
21997,"<a href=""statss.aspx?playerid=21997&position=P"">Luis Frias</a>",25.0,0.0,0.0
22051,"<a href=""statss.aspx?playerid=22051&position=P"">John King</a>",28.0,0.0,0.0
22100,"<a href=""statss.aspx?playerid=22100&position=P"">Jose Soriano</a>",24.0,0.0,0.0
22176,"<a href=""statss.aspx?playerid=22176&position=P"">Easton McGee</a>",25.0,0.0,0.0
22182,"<a href=""statss.aspx?playerid=22182&position=P"">Hunter Greene</a>",23.0,0.0,0.0
22201,"<a href=""statss.aspx?playerid=22201&position=P"">MacKenzie Gore</a>",24.0,0.0,0.0
22207,"<a href=""statss.aspx?playerid=22207&position=P"">DL Hall</a>",24.0,0.0,0.0
22210,"<a href=""statss.aspx?playerid=22210&position=P"">Jeremiah Estrada</a>",24.0,0.0,0.0
22224,"<a href=""statss.aspx?playerid=22224&position=P"">Jonathan Heasley</a>",26.0,0.0,0.0
22250,"<a href=""statss.aspx?playerid=22250&position=P"">Logan Gilbert</a>",26.0,0.0,0.0
22273,"<a href=""statss.aspx?playerid=22273&position=P"">Owen White</a>",23.0,0.0,0.0
22276,"<a href=""statss.aspx?playerid=22276&position=P"">Dylan Coleman</a>",26.0,0.0,0.0
22286,"<a href=""statss.aspx?playerid=22286&position=P"">Trevor Rogers</a>",25.0,0.0,0.0
22288,"<a href=""statss.aspx?playerid=22288&position=P"">Mason Englert</a>",23.0,0.0,0.0
22294,"<a href=""statss.aspx?playerid=22294&position=P"">Matthew Liberatore</a>",23.0,0.0,0.0
22296,"<a href=""statss.aspx?playerid=22296&position=P"">Joe Barlow</a>",27.0,0.0,0.0
22318,"<a href=""statss.aspx?playerid=22318&position=P"">Jose Hernandez</a>",25.0,0.0,0.0
22361,"<a href=""statss.aspx?playerid=22361&position=P"">Colin Holderman</a>",27.0,0.0,0.0
22387,"<a href=""statss.aspx?playerid=22387&position=P"">Josh Winckowski</a>",25.0,0.0,0.0
22461,"<a href=""statss.aspx?playerid=22461&position=P"">Logan Gillaspie</a>",26.0,0.0,0.0
22487,"<a href=""statss.aspx?playerid=22487&position=P"">Johan Oviedo</a>",25.0,0.0,0.0
22543,"<a href=""statss.aspx?playerid=22543&position=P"">Taj Bradley</a>",22.0,0.0,0.0
22713,"<a href=""statss.aspx?playerid=22713&position=P"">Carlos Hernandez</a>",26.0,0.0,0.0
22810,"<a href=""statss.aspx?playerid=22810&position=P"">Roansy Contreras</a>",23.0,0.0,0.0
22815,"<a href=""statss.aspx?playerid=22815&position=P"">Luis Patino</a>",23.0,0.0,0.0
22828,"<a href=""statss.aspx?playerid=22828&position=P"">Juan Then</a>",23.0,0.0,0.0
22915,"<a href=""statss.aspx?playerid=22915&position=P"">Carlos Vargas</a>",23.0,0.0,0.0
22982,"<a href=""statss.aspx?playerid=22982&position=P"">Jose Lopez</a>",24.0,0.0,0.0
23095,"<a href=""statss.aspx?playerid=23095&position=P"">Jake Wong</a>",26.0,0.0,0.0
23135,"<a href=""statss.aspx?playerid=23135&position=P"">Eduardo Salazar</a>",25.0,0.0,0.0
23150,"<a href=""statss.aspx?playerid=23150&position=P"">Osvaldo Bido</a>",27.0,0.0,0.0
23221,"<a href=""statss.aspx?playerid=23221&position=P"">Michael Grove</a>",26.0,0.0,0.0
23252,"<a href=""statss.aspx?playerid=23252&position=P"">Spencer Howard</a>",26.0,0.0,0.0
23265,"<a href=""statss.aspx?playerid=23265&position=P"">Cody Bolton</a>",25.0,0.0,0.0
23292,"<a href=""statss.aspx?playerid=23292&position=P"">Packy Naughton</a>",27.0,0.0,0.0
23301,"<a href=""statss.aspx?playerid=23301&position=P"">Janson Junk</a>",27.0,0.0,0.0
23313,"<a href=""statss.aspx?playerid=23313&position=P"">Jose Butto</a>",25.0,0.0,0.0
23429,"<a href=""statss.aspx?playerid=23429&position=P"">JP Sears</a>",27.0,0.0,0.0
23443,"<a href=""statss.aspx?playerid=23443&position=P"">Tom Cosgrove</a>",27.0,0.0,0.0
23449,"<a href=""statss.aspx?playerid=23449&position=P"">Ricky Karcher</a>",25.0,0.0,0.0
23460,"<a href=""statss.aspx?playerid=23460&position=P"">Brandon Hughes</a>",27.0,0.0,0.0
23488,"<a href=""statss.aspx?playerid=23488&position=P"">Ron Marinaccio</a>",27.0,0.0,0.0
23499,"<a href=""statss.aspx?playerid=23499&position=P"">Keaton Winn</a>",25.0,0.0,0.0
23617,"<a href=""statss.aspx?playerid=23617&position=P"">Josh Walker</a>",28.0,0.0,0.0
23735,"<a href=""statss.aspx?playerid=23735&position=P"">Luis Garcia</a>",26.0,0.0,0.0
23779,"<a href=""statss.aspx?playerid=23779&position=P"">Justin Bruihl</a>",26.0,0.0,0.0
23796,"<a href=""statss.aspx?playerid=23796&position=P"">Ryan Weathers</a>",23.0,0.0,0.0
23809,"<a href=""statss.aspx?playerid=23809&position=P"">Ray Kerr</a>",28.0,0.0,0.0
23920,"<a href=""statss.aspx?playerid=23920&position=P"">Brayan Bello</a>",24.0,0.0,0.0
24388,"<a href=""statss.aspx?playerid=24388&position=2B"">Jose Rodriguez</a>",22.0,0.0,0.0
24492,"<a href=""statss.aspx?playerid=24492&position=P"">Grayson Rodriguez</a>",23.0,0.0,0.0
24494,"<a href=""statss.aspx?playerid=24494&position=P"">Simeon Woods Richardson</a>",22.0,0.0,0.0
24580,"<a href=""statss.aspx?playerid=24580&position=P"">Josiah Gray</a>",25.0,0.0,0.0
24586,"<a href=""statss.aspx?playerid=24586&position=P"">Kyle Bradish</a>",26.0,0.0,0.0
24604,"<a href=""statss.aspx?playerid=24604&position=P"">Austin Cox</a>",26.0,0.0,0.0
24606,"<a href=""statss.aspx?playerid=24606&position=P"">Josh Winder</a>",26.0,0.0,0.0
24719,"<a href=""statss.aspx?playerid=24719&position=P"">Randy Vasquez</a>",24.0,0.0,0.0
24737,"<a href=""statss.aspx?playerid=24737&position=P"">Gus Varland</a>",26.0,0.0,0.0
24933,"<a href=""statss.aspx?playerid=24933&position=P"">Andrew Wantz</a>",27.0,0.0,0.0
24937,"<a href=""statss.aspx?playerid=24937&position=P"">Austin Warren</a>",27.0,0.0,0.0
24968,"<a href=""statss.aspx?playerid=24968&position=P"">Reese Olson</a>",23.0,0.0,0.0
24975,"<a href=""statss.aspx?playerid=24975&position=P"">Cooper Criswell</a>",26.0,0.0,0.0
24977,"<a href=""statss.aspx?playerid=24977&position=P"">Shawn Dubin</a>",27.0,0.0,0.0
25007,"<a href=""statss.aspx?playerid=25007&position=P"">Alex Vesia</a>",27.0,0.0,0.0
25097,"<a href=""statss.aspx?playerid=25097&position=P"">Garrett Hill</a>",27.0,0.0,0.0
25139,"<a href=""statss.aspx?playerid=25139&position=P"">Tim Herrin</a>",26.0,0.0,0.0
25174,"<a href=""statss.aspx?playerid=25174&position=P"">Penn Murfee</a>",29.0,0.0,0.0
25178,"<a href=""statss.aspx?playerid=25178&position=P"">Joe Jacques</a>",28.0,0.0,0.0
25376,"<a href=""statss.aspx?playerid=25376&position=P"">Nick Mears</a>",26.0,0.0,0.0
25377,"<a href=""statss.aspx?playerid=25377&position=P"">Brady Singer</a>",26.0,0.0,0.0
25379,"<a href=""statss.aspx?playerid=25379&position=P"">Sam Long</a>",27.0,0.0,0.0
25385,"<a href=""statss.aspx?playerid=25385&position=P"">Drew Rasmussen</a>",27.0,0.0,0.0
25386,"<a href=""statss.aspx?playerid=25386&position=P"">Jhony Brito</a>",25.0,0.0,0.0
25388,"<a href=""statss.aspx?playerid=25388&position=P"">Cody Morris</a>",26.0,0.0,0.0
25416,"<a href=""statss.aspx?playerid=25416&position=P"">Blair Calvo</a>",27.0,0.0,0.0
25427,"<a href=""statss.aspx?playerid=25427&position=P"">Gavin Hollowell</a>",25.0,0.0,0.0
25436,"<a href=""statss.aspx?playerid=25436&position=P"">George Kirby</a>",25.0,0.0,0.0
25463,"<a href=""statss.aspx?playerid=25463&position=P"">Brandon Williamson</a>",25.0,0.0,0.0
25481,"<a href=""statss.aspx?playerid=25481&position=P"">Joe La Sorsa</a>",25.0,0.0,0.0
25550,"<a href=""statss.aspx?playerid=25550&position=P"">Matt Waldron</a>",26.0,0.0,0.0
25589,"<a href=""statss.aspx?playerid=25589&position=P"">Sammy Peralta</a>",25.0,0.0,0.0
25595,"<a href=""statss.aspx?playerid=25595&position=P"">Xzavion Curry</a>",24.0,0.0,0.0
25636,"<a href=""statss.aspx?playerid=25636&position=P"">Hunter Gaddis</a>",25.0,0.0,0.0
25650,"<a href=""statss.aspx?playerid=25650&position=P"">Levi Stoudt</a>",25.0,0.0,0.0
25651,"<a href=""statss.aspx?playerid=25651&position=P"">Ty Adcock</a>",26.0,0.0,0.0
25663,"<a href=""statss.aspx?playerid=25663&position=P"">McKinley Moore</a>",24.0,0.0,0.0
25665,"<a href=""statss.aspx?playerid=25665&position=P"">Cole Waites</a>",25.0,0.0,0.0
25679,"<a href=""statss.aspx?playerid=25679&position=P"">Kevin Kelly</a>",25.0,0.0,0.0
25756,"<a href=""statss.aspx?playerid=25756&position=P"">Matt Brash</a>",25.0,0.0,0.0
25777,"<a href=""statss.aspx?playerid=25777&position=P"">Peyton Battenfield</a>",25.0,0.0,0.0
25804,"<a href=""statss.aspx?playerid=25804&position=P"">Randy Wynne</a>",30.0,0.0,0.0
25830,"<a href=""statss.aspx?playerid=25830&position=P"">Jeff Lindgren</a>",26.0,0.0,0.0
25862,"<a href=""statss.aspx?playerid=25862&position=P"">Noah Davis</a>",26.0,0.0,0.0
25880,"<a href=""statss.aspx?playerid=25880&position=P"">Hunter Brown</a>",24.0,0.0,0.0
25911,"<a href=""statss.aspx?playerid=25911&position=P"">Yennier Cano</a>",29.0,0.0,0.0
25918,"<a href=""statss.aspx?playerid=25918&position=P"">Zack Thompson</a>",25.0,0.0,0.0
25921,"<a href=""statss.aspx?playerid=25921&position=P"">Casey Legumina</a>",26.0,0.0,0.0
25942,"<a href=""statss.aspx?playerid=25942&position=P"">Andrew Nardi</a>",24.0,0.0,0.0
26024,"<a href=""statss.aspx?playerid=26024&position=P"">Brendan White</a>",24.0,0.0,0.0
26056,"<a href=""statss.aspx?playerid=26056&position=P"">Brandon Walter</a>",26.0,0.0,0.0
26068,"<a href=""statss.aspx?playerid=26068&position=P"">Kolton Ingram</a>",26.0,0.0,0.0
26108,"<a href=""statss.aspx?playerid=26108&position=P"">Andre Pallante</a>",24.0,0.0,0.0
26128,"<a href=""statss.aspx?playerid=26128&position=P"">Amos Willingham</a>",24.0,0.0,0.0
26213,"<a href=""statss.aspx?playerid=26213&position=P"">Caleb Kilian</a>",26.0,0.0,0.0
26214,"<a href=""statss.aspx?playerid=26214&position=P"">Chris Murphy</a>",25.0,0.0,0.0
26226,"<a href=""statss.aspx?playerid=26226&position=P"">Nick Robertson</a>",24.0,0.0,0.0
26231,"<a href=""statss.aspx?playerid=26231&position=P"">Tyler Holton</a>",27.0,0.0,0.0
26253,"<a href=""statss.aspx?playerid=26253&position=P"">Ryne Nelson</a>",25.0,0.0,0.0
26260,"<a href=""statss.aspx?playerid=26260&position=P"">Drey Jameson</a>",25.0,0.0,0.0
26285,"<a href=""statss.aspx?playerid=26285&position=P"">Tommy Henry</a>",25.0,0.0,0.0
26304,"<a href=""statss.aspx?playerid=26304&position=P"">Bryan Hoeing</a>",26.0,0.0,0.0
26364,"<a href=""statss.aspx?playerid=26364&position=P"">Ethan Small</a>",26.0,0.0,0.0
26378,"<a href=""statss.aspx?playerid=26378&position=P"">Nick Lodolo</a>",25.0,0.0,0.0
26410,"<a href=""statss.aspx?playerid=26410&position=P"">Alek Manoah</a>",25.0,0.0,0.0
27451,"<a href=""statss.aspx?playerid=27451&position=P"">Alec Marsh</a>",25.0,0.0,0.0
27463,"<a href=""statss.aspx?playerid=27463&position=P"">Garrett Crochet</a>",24.0,0.0,0.0
27468,"<a href=""statss.aspx?playerid=27468&position=P"">Reid Detmers</a>",23.0,0.0,0.0
27472,"<a href=""statss.aspx?playerid=27472&position=P"">Jared Shuster</a>",24.0,0.0,0.0
27483,"<a href=""statss.aspx?playerid=27483&position=P"">Bobby Miller</a>",24.0,0.0,0.0
27488,"<a href=""statss.aspx?playerid=27488&position=P"">Karl Kauffmann</a>",25.0,0.0,0.0
27498,"<a href=""statss.aspx?playerid=27498&position=P"">Spencer Strider</a>",24.0,0.0,0.0
27552,"<a href=""statss.aspx?playerid=27552&position=P"">Graham Ashcraft</a>",25.0,0.0,0.0
27572,"<a href=""statss.aspx?playerid=27572&position=P"">Carmen Mlodzinski</a>",24.0,0.0,0.0
27581,"<a href=""statss.aspx?playerid=27581&position=P"">Hayden Wesneski</a>",25.0,0.0,0.0
27583,"<a href=""statss.aspx?playerid=27583&position=P"">Garrett Acton</a>",25.0,0.0,0.0
27589,"<a href=""statss.aspx?playerid=27589&position=P"">Logan Allen</a>",24.0,0.0,0.0
27597,"<a href=""statss.aspx?playerid=27597&position=P"">Cody Bradford</a>",25.0,0.0,0.0
27646,"<a href=""statss.aspx?playerid=27646&position=P"">Luis L. Ortiz</a>",24.0,0.0,0.0
27681,"<a href=""statss.aspx?playerid=27681&position=P"">Ken Waldichuk</a>",25.0,0.0,0.0
27691,"<a href=""statss.aspx?playerid=27691&position=P"">Louie Varland</a>",25.0,0.0,0.0
27702,"<a href=""statss.aspx?playerid=27702&position=P"">Brent Headrick</a>",25.0,0.0,0.0
27768,"<a href=""statss.aspx?playerid=27768&position=P"">Eury Perez</a>",20.0,0.0,0.0
27779,"<a href=""statss.aspx?playerid=27779&position=P"">Bryce Elder</a>",24.0,0.0,0.0
27782,"<a href=""statss.aspx?playerid=27782&position=P"">Brandon Pfaadt</a>",24.0,0.0,0.0
27792,"<a href=""statss.aspx?playerid=27792&position=P"">Gavin Stone</a>",24.0,0.0,0.0
29754,"<a href=""statss.aspx?playerid=29754&position=P"">Sam Bachman</a>",23.0,0.0,0.0
29837,"<a href=""statss.aspx?playerid=29837&position=P"">Bryce Miller</a>",24.0,0.0,0.0
29839,"<a href=""statss.aspx?playerid=29839&position=P"">Emmet Sheehan</a>",23.0,0.0,0.0
29911,"<a href=""statss.aspx?playerid=29911&position=P"">Andrew Abbott</a>",24.0,0.0,0.0
29928,"<a href=""statss.aspx?playerid=29928&position=P"">Dylan Dodd</a>",25.0,0.0,0.0
29946,"<a href=""statss.aspx?playerid=29946&position=P"">Grant Hartwig</a>",25.0,0.0,0.0
29960,"<a href=""statss.aspx?playerid=29960&position=P"">AJ Smith-Shawver</a>",20.0,0.0,0.0
30074,"<a href=""statss.aspx?playerid=30074&position=P"">Chase Silseth</a>",23.0,0.0,0.0
30122,"<a href=""statss.aspx?playerid=30122&position=P"">Gavin Williams</a>",23.0,0.0,0.0
30134,"<a href=""statss.aspx?playerid=30134&position=P"">Tanner Bibee</a>",24.0,0.0,0.0
30279,"<a href=""statss.aspx?playerid=30279&position=P"">Bryan Woo</a>",23.0,0.0,0.0
31461,"<a href=""statss.aspx?playerid=31461&position=P"">Ben Joyce</a>",22.0,0.0,0.0
31533,"<a href=""statss.aspx?playerid=31533&position=P"">Victor Mederos</a>",22.0,0.0,0.0
31757,"<a href=""statss.aspx?playerid=31757&position=P"">Mason Miller</a>",24.0,0.0,0.0
31838,"<a href=""statss.aspx?playerid=31838&position=P"">Kodai Senga</a>",30.0,0.0,0.0
31839,"<a href=""statss.aspx?playerid=31839&position=P"">Shintaro Fujinami</a>",29.0,0.0,0.0
10199,"<a href=""statss.aspx?playerid=10199&position=OF"">Billy Hamilton</a>",32.0,2.0,0.0
14477,"<a href=""statss.aspx?playerid=14477&position=OF"">Jake Cave</a>",30.0,70.0,0.2728198494229998
25807,"<a href=""statss.aspx?playerid=25807&position=3B/SS"">Jared Triolo</a>",25.0,11.0,0.3066921721805226
13329,"<a href=""statss.aspx?playerid=13329&position=3B"">Jake Lamb</a>",32.0,54.0,0.266665804165381
24934,"<a href=""statss.aspx?playerid=24934&position=DH"">David Fry</a>",27.0,35.0,0.3342844145638602
23296,"<a href=""statss.aspx?playerid=23296&position=SS"">Jacob Amaya</a>",24.0,9.0,0.19611917601691353
17040,"<a href=""statss.aspx?playerid=17040&position=C"">Jose Herrera</a>",26.0,68.0,0.3026193045079708
22202,"<a href=""statss.aspx?playerid=22202&position=2B/3B/SS"">Jeter Downs</a>",24.0,2.0,0.3479514420032501
9874,"<a href=""statss.aspx?playerid=9874&position=2B"">DJ LeMahieu</a>",34.0,270.0,0.28867839149382923
19562,"<a href=""statss.aspx?playerid=19562&position=SS"">Zack Short</a>",28.0,117.0,0.288118094460577
13854,"<a href=""statss.aspx?playerid=13854&position=C"">Anthony Bemboom</a>",33.0,10.0,0.22743420600891112
21865,"<a href=""statss.aspx?playerid=21865&position=C"">Bo Naylor</a>",23.0,36.0,0.2362357262108061
22823,"<a href=""statss.aspx?playerid=22823&position=2B/3B"">Oswald Peraza</a>",23.0,38.0,0.26110967209464625
26365,"<a href=""statss.aspx?playerid=26365&position=OF"">Jonny DeLuca</a>",24.0,26.0,0.23714281962468073
19245,"<a href=""statss.aspx?playerid=19245&position=C"">Chris Okey</a>",28.0,2.0,0.0
19432,"<a href=""statss.aspx?playerid=19432&position=2B/3B"">Yonny Hernandez</a>",25.0,7.0,0.2297916156905038
20805,"<a href=""statss.aspx?playerid=20805&position=C"">Carlos Perez</a>",26.0,4.0,0.2206340730190277
19983,"<a href=""statss.aspx?playerid=19983&position=OF"">Conner Capel</a>",26.0,83.0,0.31637775682541264
24703,"<a href=""statss.aspx?playerid=24703&position=1B/3B"">Jonah Bride</a>",27.0,63.0,0.26186974586979034
25569,"<a href=""statss.aspx?playerid=25569&position=2B/OF"">Jake Alu</a>",26.0,14.0,0.23882226858820235
21716,"<a href=""statss.aspx?playerid=21716&position=2B"">Enmanuel Valdez</a>",24.0,101.0,0.2955246114730835
7802,"<a href=""statss.aspx?playerid=7802&position=SS"">Miguel Rojas</a>",34.0,189.0,0.24915319807314998
22217,"<a href=""statss.aspx?playerid=22217&position=C"">Luis Campusano</a>",24.0,22.0,0.26797578551552514
19842,"<a href=""statss.aspx?playerid=19842&position=C/1B"">Caleb Hamilton</a>",28.0,2.0,0.0
22514,"<a href=""statss.aspx?playerid=22514&position=1B"">Triston Casas</a>",23.0,268.0,0.3223662236288412
10243,"<a href=""statss.aspx?playerid=10243&position=OF"">Randal Grichuk</a>",31.0,199.0,0.33862051927498754
21535,"<a href=""statss.aspx?playerid=21535&position=2B"">Connor Kaiser</a>",26.0,4.0,0.0
19818,"<a href=""statss.aspx?playerid=19818&position=OF"">Joshua Palacios</a>",27.0,89.0,0.27742199938405643
18063,"<a href=""statss.aspx?playerid=18063&position=OF"">Kyle Garlick</a>",31.0,30.0,0.28029442628224693
21614,"<a href=""statss.aspx?playerid=21614&position=OF"">Kyle Isbel</a>",26.0,105.0,0.2378619426772708
14773,"<a href=""statss.aspx?playerid=14773&position=SS"">Yu Chang</a>",27.0,47.0,0.21916967112085092
18123,"<a href=""statss.aspx?playerid=18123&position=OF"">Nathan Lukes</a>",28.0,23.0,0.23572378314059714
21987,"<a href=""statss.aspx?playerid=21987&position=2B/SS"">Rodolfo Castro</a>",24.0,212.0,0.3044825348808867
22411,"<a href=""statss.aspx?playerid=22411&position=OF"">Cal Stevenson</a>",26.0,12.0,0.17397572100162506
19966,"<a href=""statss.aspx?playerid=19966&position=1B"">Bobby Dalbec</a>",28.0,14.0,0.22549131086894444
15672,"<a href=""statss.aspx?playerid=15672&position=DH/OF"">Austin Meadows</a>",28.0,21.0,0.22732893058231898
27531,"<a href=""statss.aspx?playerid=27531&position=2B/SS"">David Hamilton</a>",25.0,21.0,0.24269255286171323
15905,"<a href=""statss.aspx?playerid=15905&position=C"">Luis Torrens</a>",27.0,22.0,0.281627974726937
13788,"<a href=""statss.aspx?playerid=13788&position=3B/SS"">Matt Reynolds</a>",32.0,5.0,0.17650725841522216
2900,"<a href=""statss.aspx?playerid=2900&position=C"">Roberto Perez</a>",34.0,17.0,0.18569872659795425
14735,"<a href=""statss.aspx?playerid=14735&position=OF"">Brett Phillips</a>",29.0,16.0,0.18564030900597572
22169,"<a href=""statss.aspx?playerid=22169&position=OF"">Calvin Mitchell</a>",24.0,5.0,0.13918057680130005
18067,"<a href=""statss.aspx?playerid=18067&position=C"">Garrett Stubbs</a>",30.0,49.0,0.2643048365910848
15711,"<a href=""statss.aspx?playerid=15711&position=OF"">Tyler O'Neill</a>",28.0,99.0,0.2736626881541628
27735,"<a href=""statss.aspx?playerid=27735&position=2B"">Brett Wisely</a>",24.0,88.0,0.23669213810186276
22209,"<a href=""statss.aspx?playerid=22209&position=C"">Sam Huff</a>",25.0,14.0,0.22549131086894444
21497,"<a href=""statss.aspx?playerid=21497&position=1B/DH"">Luken Baker</a>",26.0,14.0,0.25215322630746023
24782,"<a href=""statss.aspx?playerid=24782&position=1B/3B"">David Villar</a>",26.0,127.0,0.25825080580598725
19997,"<a href=""statss.aspx?playerid=19997&position=2B/3B"">Santiago Espinal</a>",28.0,127.0,0.2790092712356931
17992,"<a href=""statss.aspx?playerid=17992&position=2B"">David Fletcher</a>",29.0,38.0,0.25193831167723
25493,"<a href=""statss.aspx?playerid=25493&position=3B/SS"">Joey Ortiz</a>",24.0,34.0,0.19232294489355647
22471,"<a href=""statss.aspx?playerid=22471&position=SS"">Livan Soto</a>",23.0,12.0,0.3210651030143102
25816,"<a href=""statss.aspx?playerid=25816&position=C"">Shea Langeliers</a>",25.0,271.0,0.2693906070581123
19346,"<a href=""statss.aspx?playerid=19346&position=OF"">Eli White</a>",29.0,17.0,0.17649100457920747
27684,"<a href=""statss.aspx?playerid=27684&position=2B"">Michael Massey</a>",25.0,204.0,0.26409658117621554
17838,"<a href=""statss.aspx?playerid=17838&position=DH/OF"">Willie Calhoun</a>",28.0,149.0,0.3069208115339279
22515,"<a href=""statss.aspx?playerid=22515&position=OF"">Heliot Ramos</a>",23.0,27.0,0.21596431511419792
19977,"<a href=""statss.aspx?playerid=19977&position=C"">Tres Barrera</a>",28.0,2.0,0.0
19508,"<a href=""statss.aspx?playerid=19508&position=OF"">Kyle Lewis</a>",27.0,18.0,0.22946637206607395
20054,"<a href=""statss.aspx?playerid=20054&position=1B/OF"">Bligh Madris</a>",27.0,15.0,0.23454029560089112
15878,"<a href=""statss.aspx?playerid=15878&position=3B/DH/OF"">Miguel Andujar</a>",28.0,33.0,0.25481311480204266
12371,"<a href=""statss.aspx?playerid=12371&position=2B/3B"">Tommy La Stella</a>",34.0,24.0,0.24912832925717035
13145,"<a href=""statss.aspx?playerid=13145&position=1B/DH"">Josh Bell</a>",30.0,298.0,0.3123123790278579
16424,"<a href=""statss.aspx?playerid=16424&position=OF"">Jordan Luplow</a>",29.0,7.0,0.09941469771521431
17109,"<a href=""statss.aspx?playerid=17109&position=C"">Meibrys Viloria</a>",26.0,4.0,0.17397572100162506
12859,"<a href=""statss.aspx?playerid=12859&position=C"">James McCann</a>",33.0,100.0,0.24844627849983447
19878,"<a href=""statss.aspx?playerid=19878&position=OF"">Adam Haseley</a>",27.0,39.0,0.2530884910852481
12775,"<a href=""statss.aspx?playerid=12775&position=SS"">Brad Miller</a>",33.0,56.0,0.28396287666899817
13620,"<a href=""statss.aspx?playerid=13620&position=C"">Carson Kelly</a>",28.0,33.0,0.21358332128235788
9929,"<a href=""statss.aspx?playerid=9929&position=1B/OF"">Darin Ruf</a>",36.0,57.0,0.2869965005339238
16953,"<a href=""statss.aspx?playerid=16953&position=C"">Chadwick Tromp</a>",28.0,16.0,0.1328936666250229
16593,"<a href=""statss.aspx?playerid=16593&position=1B/3B"">Kevin Padlo</a>",26.0,8.0,0.15547029674053192
13338,"<a href=""statss.aspx?playerid=13338&position=C"">Omar Narvaez</a>",31.0,44.0,0.21948337419466538
15518,"<a href=""statss.aspx?playerid=15518&position=SS"">Amed Rosario</a>",27.0,324.0,0.28683868676056096
22274,"<a href=""statss.aspx?playerid=22274&position=OF"">Samad Taylor</a>",24.0,34.0,0.2335018931013165
16434,"<a href=""statss.aspx?playerid=16434&position=2B"">Christian Arroyo</a>",28.0,151.0,0.2757552405198415
9241,"<a href=""statss.aspx?playerid=9241&position=OF"">Starling Marte</a>",34.0,300.0,0.2828972045607215
19768,"<a href=""statss.aspx?playerid=19768&position=2B/3B/DH"">Rylan Bannon</a>",27.0,6.0,0.0
23690,"<a href=""statss.aspx?playerid=23690&position=SS"">Brayan Rocchio</a>",22.0,14.0,0.1891149197305952
21587,"<a href=""statss.aspx?playerid=21587&position=C"">Cesar Salazar</a>",27.0,19.0,0.12952502463993273
20002,"<a href=""statss.aspx?playerid=20002&position=OF"">Bryce Johnson</a>",27.0,47.0,0.20740954292581437
19717,"<a href=""statss.aspx?playerid=19717&position=1B/DH"">Darick Hall</a>",27.0,19.0,0.24143548074521518
25817,"<a href=""statss.aspx?playerid=25817&position=3B/SS"">Braden Shewmake</a>",25.0,4.0,0.0
8709,"<a href=""statss.aspx?playerid=8709&position=SS"">Elvis Andrus</a>",34.0,222.0,0.24748316705226897
19960,"<a href=""statss.aspx?playerid=19960&position=OF"">Taylor Trammell</a>",25.0,54.0,0.27690972332601194
2434,"<a href=""statss.aspx?playerid=2434&position=DH/OF"">Nelson Cruz</a>",42.0,142.0,0.2989750403038999
19931,"<a href=""statss.aspx?playerid=19931&position=3B/OF"">Luke Williams</a>",26.0,10.0,0.08825362920761108
25459,"<a href=""statss.aspx?playerid=25459&position=OF"">Peyton Burdick</a>",26.0,37.0,0.26899846824439794
17922,"<a href=""statss.aspx?playerid=17922&position=2B/3B"">Isan Diaz</a>",27.0,8.0,0.0
25867,"<a href=""statss.aspx?playerid=25867&position=SS/OF"">Ryan Kreidler</a>",25.0,18.0,0.09805958800845677
16478,"<a href=""statss.aspx?playerid=16478&position=DH/OF"">Kyle Schwarber</a>",30.0,354.0,0.32942978439168036
16947,"<a href=""statss.aspx?playerid=16947&position=OF"">Derek Hill</a>",27.0,36.0,0.17126981417338052
16403,"<a href=""statss.aspx?playerid=16403&position=C"">Francisco Mejia</a>",27.0,135.0,0.2730550636996084
17737,"<a href=""statss.aspx?playerid=17737&position=1B/DH"">Josh Lester</a>",28.0,23.0,0.1837412196656932
16622,"<a href=""statss.aspx?playerid=16622&position=2B/3B"">Luis Urias</a>",26.0,68.0,0.25978578382463596
5760,"<a href=""statss.aspx?playerid=5760&position=OF"">Avisail Garcia</a>",32.0,76.0,0.2532242673474389
13744,"<a href=""statss.aspx?playerid=13744&position=OF"">David Dahl</a>",29.0,9.0,0.22267733679877388
18400,"<a href=""statss.aspx?playerid=18400&position=1B/DH/OF"">Juan Yepez</a>",25.0,46.0,0.2904540404029515
15117,"<a href=""statss.aspx?playerid=15117&position=3B/OF"">Hunter Dozier</a>",31.0,91.0,0.24678207229781937
25845,"<a href=""statss.aspx?playerid=25845&position=1B"">Michael Toglia</a>",24.0,25.0,0.21132708072662354
18889,"<a href=""statss.aspx?playerid=18889&position=2B/SS"">Danny Mendick</a>",29.0,7.0,0.0
14567,"<a href=""statss.aspx?playerid=14567&position=1B/OF"">Franchy Cordero</a>",28.0,56.0,0.23749216326645442
19514,"<a href=""statss.aspx?playerid=19514&position=C"">Andrew Knizner</a>",28.0,105.0,0.2762577189848973
15653,"<a href=""statss.aspx?playerid=15653&position=1B"">Dominic Smith</a>",28.0,318.0,0.2987769516009205
8418,"<a href=""statss.aspx?playerid=8418&position=3B/SS"">Ehire Adrianza</a>",33.0,11.0,0.06326389854604547
26467,"<a href=""statss.aspx?playerid=26467&position=OF"">Luis Matos</a>",21.0,59.0,0.2604424125057156
18042,"<a href=""statss.aspx?playerid=18042&position=2B/OF"">Dylan Moore</a>",30.0,24.0,0.17049186180035272
22650,"<a href=""statss.aspx?playerid=22650&position=2B/3B"">Jordan Diaz</a>",22.0,74.0,0.2730178406109681
20056,"<a href=""statss.aspx?playerid=20056&position=2B/SS"">Alan Trejo</a>",27.0,119.0,0.255913584414175
17988,"<a href=""statss.aspx?playerid=17988&position=C"">Tyler Stephenson</a>",26.0,312.0,0.3095189930925032
15082,"<a href=""statss.aspx?playerid=15082&position=OF"">Adam Engel</a>",31.0,6.0,0.0
18054,"<a href=""statss.aspx?playerid=18054&position=OF"">Sam Haggerty</a>",29.0,48.0,0.24912832925717035
12180,"<a href=""statss.aspx?playerid=12180&position=C"">Jorge Alfaro</a>",30.0,32.0,0.24078595452010632
19901,"<a href=""statss.aspx?playerid=19901&position=DH/OF"">Gavin Sheets</a>",27.0,192.0,0.2982455087335486
12510,"<a href=""statss.aspx?playerid=12510&position=C"">Curt Casali</a>",34.0,90.0,0.23471068308271212
18821,"<a href=""statss.aspx?playerid=18821&position=OF"">Jose Azocar</a>",27.0,55.0,0.2309382798580023
18316,"<a href=""statss.aspx?playerid=18316&position=1B/3B/DH"">Edwin Rios</a>",29.0,34.0,0.21921699537950404
11902,"<a href=""statss.aspx?playerid=11902&position=2B/3B"">Hanser Alberto</a>",30.0,90.0,0.27915999361059884
26319,"<a href=""statss.aspx?playerid=26319&position=1B"">Michael Busch</a>",25.0,51.0,0.258861219181734
19458,"<a href=""statss.aspx?playerid=19458&position=DH/OF"">Cooper Hummel</a>",28.0,26.0,0.16323497891426086
10030,"<a href=""statss.aspx?playerid=10030&position=2B/SS"">Chris Owings</a>",31.0,25.0,0.14120580673217772
19422,"<a href=""statss.aspx?playerid=19422&position=C"">Brian Serven</a>",28.0,23.0,0.1308189112207164
14130,"<a href=""statss.aspx?playerid=14130&position=1B/DH"">Daniel Vogelbach</a>",30.0,181.0,0.30164680514070724
19293,"<a href=""statss.aspx?playerid=19293&position=OF"">Nick Senzel</a>",28.0,214.0,0.3010945905034787
3516,"<a href=""statss.aspx?playerid=3516&position=1B"">Eric Hosmer</a>",33.0,100.0,0.2691801345348358
4949,"<a href=""statss.aspx?playerid=4949&position=DH/OF"">Giancarlo Stanton</a>",33.0,131.0,0.2858557678185977
16686,"<a href=""statss.aspx?playerid=16686&position=1B/3B"">Jason Vosler</a>",29.0,65.0,0.24133126827386708
12981,"<a href=""statss.aspx?playerid=12981&position=C"">Cam Gallagher</a>",30.0,92.0,0.161402755457422
13265,"<a href=""statss.aspx?playerid=13265&position=C"">Mike Zunino</a>",32.0,140.0,0.2605257749557495
21547,"<a href=""statss.aspx?playerid=21547&position=2B"">Coco Montes</a>",26.0,38.0,0.26683096666085093
11342,"<a href=""statss.aspx?playerid=11342&position=1B"">Jesus Aguilar</a>",33.0,115.0,0.28151792766792433
18032,"<a href=""statss.aspx?playerid=18032&position=2B/OF"">Mark Mathias</a>",28.0,62.0,0.2947083307850745
14274,"<a href=""statss.aspx?playerid=14274&position=OF"">Mitch Haniger</a>",32.0,160.0,0.28411652259528636
5452,"<a href=""statss.aspx?playerid=5452&position=1B"">Ji-Man Choi</a>",32.0,32.0,0.19170283526182175
20017,"<a href=""statss.aspx?playerid=20017&position=3B"">Miles Mastrobuoni</a>",27.0,72.0,0.2102592218090111
20536,"<a href=""statss.aspx?playerid=20536&position=2B/OF"">Vidal Brujan</a>",25.0,55.0,0.23237337337599862
21562,"<a href=""statss.aspx?playerid=21562&position=1B/2B"">Romy Gonzalez</a>",26.0,97.0,0.24437189102172852
20242,"<a href=""statss.aspx?playerid=20242&position=3B/SS"">Kevin Smith</a>",26.0,102.0,0.2352662571926707
22186,"<a href=""statss.aspx?playerid=22186&position=2B"">Brice Turang</a>",23.0,186.0,0.24909103717855227
24400,"<a href=""statss.aspx?playerid=24400&position=2B/OF"">Terrin Vavra</a>",26.0,56.0,0.26055462823973763
15679,"<a href=""statss.aspx?playerid=15679&position=1B"">Rowdy Tellez</a>",28.0,277.0,0.297193311994726
25482,"<a href=""statss.aspx?playerid=25482&position=DH/OF"">T.J. Hopkins</a>",26.0,25.0,0.16904192209243774
15983,"<a href=""statss.aspx?playerid=15983&position=OF"">Jackson Frazier</a>",28.0,75.0,0.24796026547749836
10762,"<a href=""statss.aspx?playerid=10762&position=OF"">Corey Dickerson</a>",34.0,96.0,0.2844353001564741
30162,"<a href=""statss.aspx?playerid=30162&position=OF"">Oscar Colas</a>",24.0,84.0,0.2430133977568293
18217,"<a href=""statss.aspx?playerid=18217&position=C"">Brett Sullivan</a>",29.0,49.0,0.20329451439331991
14894,"<a href=""statss.aspx?playerid=14894&position=2B/OF"">Tony Kemp</a>",31.0,225.0,0.2573274026089664
22261,"<a href=""statss.aspx?playerid=22261&position=OF"">Bubba Thompson</a>",25.0,60.0,0.2302318134550321
15794,"<a href=""statss.aspx?playerid=15794&position=OF"">Yonathan Daza</a>",29.0,80.0,0.28647843040997467
10441,"<a href=""statss.aspx?playerid=10441&position=1B"">Jon Singleton</a>",31.0,32.0,0.1592669878154993
26151,"<a href=""statss.aspx?playerid=26151&position=OF"">Kyle Stowers</a>",25.0,33.0,0.11675094655065825
22277,"<a href=""statss.aspx?playerid=22277&position=SS"">Nick Allen</a>",24.0,111.0,0.2158234163566872
5273,"<a href=""statss.aspx?playerid=5273&position=C"">Sandy Leon</a>",34.0,44.0,0.17301343762597374
13723,"<a href=""statss.aspx?playerid=13723&position=C"">Jacob Stallings</a>",33.0,133.0,0.23816310039913383
8090,"<a href=""statss.aspx?playerid=8090&position=3B"">Matt Carpenter</a>",37.0,185.0,0.28714221910290094
22184,"<a href=""statss.aspx?playerid=22184&position=3B/DH"">Mark Vientos</a>",23.0,49.0,0.2095828311783927
19683,"<a href=""statss.aspx?playerid=19683&position=3B"">Mike Brosseau</a>",29.0,78.0,0.28149169301375365
23264,"<a href=""statss.aspx?playerid=23264&position=OF"">Canaan Smith-Njigba</a>",24.0,37.0,0.19895438568012133
14366,"<a href=""statss.aspx?playerid=14366&position=1B/DH"">Joey Meneses</a>",31.0,326.0,0.3039866682210583
14111,"<a href=""statss.aspx?playerid=14111&position=C"">Eric Haase</a>",30.0,212.0,0.2539117977517476
12546,"<a href=""statss.aspx?playerid=12546&position=1B"">C.J. Cron</a>",33.0,162.0,0.29953145134596176
13675,"<a href=""statss.aspx?playerid=13675&position=OF"">Tyrone Taylor</a>",29.0,78.0,0.18189075971261048
11265,"<a href=""statss.aspx?playerid=11265&position=2B"">Jonathan Schoop</a>",31.0,138.0,0.2360985391381858
14811,"<a href=""statss.aspx?playerid=14811&position=1B/DH"">Luke Voit</a>",32.0,74.0,0.2507749215976612
15149,"<a href=""statss.aspx?playerid=15149&position=1B/DH/OF"">Trey Mancini</a>",31.0,213.0,0.290928533247539
18171,"<a href=""statss.aspx?playerid=18171&position=1B/OF"">Seth Brown</a>",30.0,151.0,0.27547907039819175
5254,"<a href=""statss.aspx?playerid=5254&position=OF"">Robbie Grossman</a>",33.0,246.0,0.28753999142142816
8202,"<a href=""statss.aspx?playerid=8202&position=2B/3B"">Josh Harrison</a>",35.0,96.0,0.2595012846092383
23378,"<a href=""statss.aspx?playerid=23378&position=SS"">Jose Barrero</a>",25.0,149.0,0.27627532794171533
26031,"<a href=""statss.aspx?playerid=26031&position=2B"">Vaughn Grissom</a>",22.0,70.0,0.27788458892277307
16337,"<a href=""statss.aspx?playerid=16337&position=OF"">Nick Gordon</a>",27.0,93.0,0.21252242313778918
1744,"<a href=""statss.aspx?playerid=1744&position=1B/3B"">Miguel Cabrera</a>",40.0,169.0,0.28688473073688486
19858,"<a href=""statss.aspx?playerid=19858&position=2B/3B"">Luis Rengifo</a>",26.0,226.0,0.2675395217617001
14566,"<a href=""statss.aspx?playerid=14566&position=DH/OF"">Franmil Reyes</a>",27.0,65.0,0.2266866188782912
15172,"<a href=""statss.aspx?playerid=15172&position=SS"">Tim Anderson</a>",30.0,253.0,0.23697522529971457
20538,"<a href=""statss.aspx?playerid=20538&position=1B/3B"">Jose Miranda</a>",25.0,142.0,0.26332582386446673
15429,"<a href=""statss.aspx?playerid=15429&position=3B/OF"">Kris Bryant</a>",31.0,218.0,0.3151098413204928
12984,"<a href=""statss.aspx?playerid=12984&position=OF"">Jackie Bradley Jr.</a>",33.0,113.0,0.18048859547291482
22197,"<a href=""statss.aspx?playerid=22197&position=OF"">MJ Melendez</a>",24.0,314.0,0.2793183558306117
17893,"<a href=""statss.aspx?playerid=17893&position=1B/3B"">Tyler Nevin</a>",26.0,49.0,0.18837737063972318
9256,"<a href=""statss.aspx?playerid=9256&position=OF"">A.J. Pollock</a>",35.0,121.0,0.22178644730039865
13755,"<a href=""statss.aspx?playerid=13755&position=C"">Tomas Nido</a>",29.0,61.0,0.12829762394145383
18607,"<a href=""statss.aspx?playerid=18607&position=1B"">Jared Walsh</a>",29.0,78.0,0.22156007855366439
27615,"<a href=""statss.aspx?playerid=27615&position=1B/OF"">Alec Burleson</a>",24.0,172.0,0.2816639623698398
15937,"<a href=""statss.aspx?playerid=15937&position=SS"">Aledmys Diaz</a>",32.0,206.0,0.24515593948873501
13590,"<a href=""statss.aspx?playerid=13590&position=OF"">Jesse Winker</a>",29.0,159.0,0.268412893673159
27845,"<a href=""statss.aspx?playerid=27845&position=1B/DH"">Matt Mervis</a>",25.0,99.0,0.23856973587864577
25111,"<a href=""statss.aspx?playerid=25111&position=DH/OF"">David Hensley</a>",27.0,86.0,0.19268924067186755
10047,"<a href=""statss.aspx?playerid=10047&position=1B/OF"">Wil Myers</a>",32.0,141.0,0.2427147362913404
6887,"<a href=""statss.aspx?playerid=6887&position=C"">Martin Maldonado</a>",36.0,211.0,0.25295646956153944
19610,"<a href=""statss.aspx?playerid=19610&position=C"">Keibert Ruiz</a>",24.0,280.0,0.2907962400998388
19892,"<a href=""statss.aspx?playerid=19892&position=1B/OF"">Pavin Smith</a>",27.0,217.0,0.2908088476569564
12532,"<a href=""statss.aspx?playerid=12532&position=2B"">Kolten Wong</a>",32.0,160.0,0.21305969581007958
22896,"<a href=""statss.aspx?playerid=22896&position=2B"">Lenyn Sosa</a>",23.0,70.0,0.1571589492369389
21707,"<a href=""statss.aspx?playerid=21707&position=3B/OF"">Oswaldo Cabrera</a>",24.0,186.0,0.23637189716100693
20970,"<a href=""statss.aspx?playerid=20970&position=OF"">Oscar Gonzalez</a>",25.0,75.0,0.21703540325164794
14691,"<a href=""statss.aspx?playerid=14691&position=2B"">Harold Castro</a>",29.0,174.0,0.2728613639153497
25055,"<a href=""statss.aspx?playerid=25055&position=OF"">Nate Eaton</a>",26.0,56.0,0.10085635632276535
10472,"<a href=""statss.aspx?playerid=10472&position=OF"">Enrique Hernandez</a>",31.0,282.0,0.2771012563231989
15676,"<a href=""statss.aspx?playerid=15676&position=1B"">Jose Abreu</a>",36.0,328.0,0.27365609812080316
12158,"<a href=""statss.aspx?playerid=12158&position=C"">Austin Barnes</a>",33.0,101.0,0.1618842836653832
15941,"<a href=""statss.aspx?playerid=15941&position=C"">Austin Nola</a>",33.0,146.0,0.2145113512663774
20543,"<a href=""statss.aspx?playerid=20543&position=1B"">Elehuris Montero</a>",24.0,107.0,0.23213825047573197
10815,"<a href=""statss.aspx?playerid=10815&position=OF"">Jurickson Profar</a>",30.0,327.0,0.30760943304541655
21635,"<a href=""statss.aspx?playerid=21635&position=2B/3B"">Nick Maton</a>",26.0,239.0,0.2639854873428826
5933,"<a href=""statss.aspx?playerid=5933&position=2B/SS"">Jean Segura</a>",33.0,238.0,0.23266894079871098
