playerid,Name,Age,PA,wOBA
18401,"<a href=""statss.aspx?playerid=18401&position=OF"">Ronald Acuna Jr.</a>",25.0,362.0,0.4302900559023807
13611,"<a href=""statss.aspx?playerid=13611&position=OF"">Mookie Betts</a>",30.0,334.0,0.4457252641458886
5361,"<a href=""statss.aspx?playerid=5361&position=1B"">Freddie Freeman</a>",33.0,358.0,0.42427578602324834
25764,"<a href=""statss.aspx?playerid=25764&position=SS"">Bobby Witt Jr.</a>",23.0,343.0,0.3863580265352803
23697,"<a href=""statss.aspx?playerid=23697&position=OF"">Julio Rodriguez</a>",22.0,360.0,0.3862315844007805
14344,"<a href=""statss.aspx?playerid=14344&position=1B"">Matt Olson</a>",29.0,354.0,0.44034229304598665
20503,"<a href=""statss.aspx?playerid=20503&position=C"">William Contreras</a>",25.0,349.0,0.379856488952747
13624,"<a href=""statss.aspx?playerid=13624&position=SS"">Corey Seager</a>",29.0,308.0,0.4136389369188353
12916,"<a href=""statss.aspx?playerid=12916&position=SS"">Francisco Lindor</a>",29.0,337.0,0.37115206551693736
15491,"<a href=""statss.aspx?playerid=15491&position=SS"">J.P. Crawford</a>",28.0,331.0,0.3944443437103805
12533,"<a href=""statss.aspx?playerid=12533&position=2B/SS"">Marcus Semien</a>",32.0,365.0,0.3656694209738953
15998,"<a href=""statss.aspx?playerid=15998&position=1B/OF"">Cody Bellinger</a>",27.0,349.0,0.39391769366017704
18360,"<a href=""statss.aspx?playerid=18360&position=3B"">Austin Riley</a>",26.0,356.0,0.3860833936155179
18345,"<a href=""statss.aspx?playerid=18345&position=OF"">Kyle Tucker</a>",26.0,338.0,0.39481726352204666
20123,"<a href=""statss.aspx?playerid=20123&position=OF"">Juan Soto</a>",24.0,349.0,0.3941898514508506
5417,"<a href=""statss.aspx?playerid=5417&position=2B"">Jose Altuve</a>",33.0,281.0,0.40175368650103804
16252,"<a href=""statss.aspx?playerid=16252&position=SS"">Trea Turner</a>",30.0,332.0,0.3706258170935045
11579,"<a href=""statss.aspx?playerid=11579&position=OF"">Bryce Harper</a>",30.0,329.0,0.4155425574229314
12161,"<a href=""statss.aspx?playerid=12161&position=SS"">Xander Bogaerts</a>",30.0,340.0,0.3622036856763503
26288,"<a href=""statss.aspx?playerid=26288&position=C/DH"">Adley Rutschman</a>",25.0,342.0,0.3566354724668687
26289,"<a href=""statss.aspx?playerid=26289&position=SS"">Gunnar Henderson</a>",22.0,359.0,0.34765329251382343
11493,"<a href=""statss.aspx?playerid=11493&position=3B"">Manny Machado</a>",30.0,318.0,0.37087491370902076
29766,"<a href=""statss.aspx?playerid=29766&position=2B"">Zack Gelof</a>",23.0,300.0,0.35695949047305514
17678,"<a href=""statss.aspx?playerid=17678&position=3B"">Alex Bregman</a>",29.0,362.0,0.3697186537210454
25931,"<a href=""statss.aspx?playerid=25931&position=OF"">Michael Harris II</a>",22.0,318.0,0.3610233202388015
20529,"<a href=""statss.aspx?playerid=20529&position=OF"">Nolan Jones</a>",25.0,301.0,0.394704072969813
24770,"<a href=""statss.aspx?playerid=24770&position=OF"">James Outman</a>",26.0,292.0,0.37202523852864355
21534,"<a href=""statss.aspx?playerid=21534&position=C"">Cal Raleigh</a>",26.0,302.0,0.33886740558984263
16997,"<a href=""statss.aspx?playerid=16997&position=2B"">Gleyber Torres</a>",26.0,341.0,0.36935021660544654
30116,"<a href=""statss.aspx?playerid=30116&position=DH/OF"">Seiya Suzuki</a>",28.0,320.0,0.388888565999157
16578,"<a href=""statss.aspx?playerid=16578&position=1B/3B/DH"">Yandy Diaz</a>",31.0,290.0,0.4097492770902042
11609,"<a href=""statss.aspx?playerid=11609&position=C"">Willson Contreras</a>",31.0,201.0,0.44760238379240036
16556,"<a href=""statss.aspx?playerid=16556&position=2B"">Ozzie Albies</a>",26.0,316.0,0.3804275819233486
10324,"<a href=""statss.aspx?playerid=10324&position=DH/OF"">Marcell Ozuna</a>",32.0,331.0,0.4073931250687452
12144,"<a href=""statss.aspx?playerid=12144&position=OF"">Max Kepler</a>",30.0,294.0,0.38277109281546406
17350,"<a href=""statss.aspx?playerid=17350&position=3B"">Rafael Devers</a>",26.0,316.0,0.3849987215980357
19950,"<a href=""statss.aspx?playerid=19950&position=2B/SS"">Andres Gimenez</a>",24.0,312.0,0.32219419870283694
19755,"<a href=""statss.aspx?playerid=19755&position=DH"">Shohei Ohtani</a>",28.0,230.0,0.4232015439042463
12552,"<a href=""statss.aspx?playerid=12552&position=3B"">Eugenio Suarez</a>",31.0,354.0,0.33242877223397377
15986,"<a href=""statss.aspx?playerid=15986&position=SS"">Willy Adames</a>",27.0,331.0,0.33275198087547764
19556,"<a href=""statss.aspx?playerid=19556&position=DH/OF"">Yordan Alvarez</a>",26.0,254.0,0.4221033254467634
19599,"<a href=""statss.aspx?playerid=19599&position=OF"">Chas McCormick</a>",28.0,286.0,0.3757668183400081
27506,"<a href=""statss.aspx?playerid=27506&position=SS"">Ha-seong Kim</a>",27.0,337.0,0.3283475284091013
21454,"<a href=""statss.aspx?playerid=21454&position=OF"">Lars Nootbaar</a>",25.0,290.0,0.3620730215702915
21479,"<a href=""statss.aspx?playerid=21479&position=2B/SS"">Nico Hoerner</a>",26.0,360.0,0.31982285166185215
15640,"<a href=""statss.aspx?playerid=15640&position=OF"">Aaron Judge</a>",31.0,245.0,0.40515823314587274
19858,"<a href=""statss.aspx?playerid=19858&position=2B/3B"">Luis Rengifo</a>",26.0,219.0,0.4124043643746746
25878,"<a href=""statss.aspx?playerid=25878&position=OF"">Corbin Carroll</a>",22.0,322.0,0.3495084914123222
21865,"<a href=""statss.aspx?playerid=21865&position=C"">Bo Naylor</a>",23.0,194.0,0.3674352561253958
18577,"<a href=""statss.aspx?playerid=18577&position=3B"">Ke'Bryan Hayes</a>",26.0,222.0,0.3628606154368474
27534,"<a href=""statss.aspx?playerid=27534&position=2B"">Edouard Julien</a>",24.0,273.0,0.3806950277461237
26294,"<a href=""statss.aspx?playerid=26294&position=2B"">Bryson Stott</a>",25.0,309.0,0.32491423718704077
15161,"<a href=""statss.aspx?playerid=15161&position=C/DH"">Mitch Garver</a>",32.0,257.0,0.3927331973524655
18882,"<a href=""statss.aspx?playerid=18882&position=2B"">Brandon Lowe</a>",28.0,235.0,0.3597014198911951
20036,"<a href=""statss.aspx?playerid=20036&position=3B"">Isaac Paredes</a>",24.0,283.0,0.35757385294344735
19287,"<a href=""statss.aspx?playerid=19287&position=OF"">Adolis Garcia</a>",30.0,280.0,0.35158613579613823
25768,"<a href=""statss.aspx?playerid=25768&position=SS"">CJ Abrams</a>",22.0,345.0,0.32173763709333986
18314,"<a href=""statss.aspx?playerid=18314&position=SS"">Dansby Swanson</a>",29.0,294.0,0.3108659552879074
13510,"<a href=""statss.aspx?playerid=13510&position=3B"">Jose Ramirez</a>",30.0,346.0,0.32780885731995996
5827,"<a href=""statss.aspx?playerid=5827&position=1B"">Wilmer Flores</a>",31.0,275.0,0.3910902009828247
23565,"<a href=""statss.aspx?playerid=23565&position=2B/OF"">Davis Schneider</a>",24.0,141.0,0.4237777472387814
19522,"<a href=""statss.aspx?playerid=19522&position=OF"">TJ Friedl</a>",27.0,319.0,0.33881081320062467
12927,"<a href=""statss.aspx?playerid=12927&position=OF"">Brandon Nimmo</a>",30.0,319.0,0.3571663967868004
22514,"<a href=""statss.aspx?playerid=22514&position=1B"">Triston Casas</a>",23.0,234.0,0.4192055802920769
11477,"<a href=""statss.aspx?playerid=11477&position=OF"">Christian Yelich</a>",31.0,294.0,0.35815120339393614
23003,"<a href=""statss.aspx?playerid=23003&position=C"">Yainer Diaz</a>",24.0,223.0,0.3737303291201057
22664,"<a href=""statss.aspx?playerid=22664&position=C"">Gabriel Moreno</a>",23.0,164.0,0.38577841549384884
24610,"<a href=""statss.aspx?playerid=24610&position=OF"">Steven Kwan</a>",25.0,353.0,0.32229420314767204
20202,"<a href=""statss.aspx?playerid=20202&position=OF"">Brandon Marsh</a>",25.0,203.0,0.36843521665469764
20043,"<a href=""statss.aspx?playerid=20043&position=OF"">Luis Robert Jr.</a>",25.0,256.0,0.33519504272092987
17338,"<a href=""statss.aspx?playerid=17338&position=2B/OF"">Willi Castro</a>",26.0,211.0,0.3510581309145147
17919,"<a href=""statss.aspx?playerid=17919&position=OF"">Ian Happ</a>",28.0,350.0,0.34410922850881304
12037,"<a href=""statss.aspx?playerid=12037&position=3B"">Jon Berti</a>",33.0,180.0,0.37000446312920343
26121,"<a href=""statss.aspx?playerid=26121&position=C"">Francisco Alvarez</a>",21.0,228.0,0.3104573618947414
24618,"<a href=""statss.aspx?playerid=24618&position=C"">Ryan Jeffers</a>",26.0,189.0,0.38849294281260854
13301,"<a href=""statss.aspx?playerid=13301&position=1B/3B"">Max Muncy</a>",32.0,312.0,0.3534791331582514
18373,"<a href=""statss.aspx?playerid=18373&position=1B"">Ryan Mountcastle</a>",26.0,209.0,0.3874964825809002
22275,"<a href=""statss.aspx?playerid=22275&position=1B/3B"">Jake Burger</a>",27.0,308.0,0.365915967078952
13419,"<a href=""statss.aspx?playerid=13419&position=1B"">Christian Walker</a>",32.0,325.0,0.33787534726254737
20437,"<a href=""statss.aspx?playerid=20437&position=3B"">Royce Lewis</a>",24.0,142.0,0.4117672401414791
15362,"<a href=""statss.aspx?playerid=15362&position=2B/OF"">Jeff McNeil</a>",31.0,320.0,0.32747387904732206
13613,"<a href=""statss.aspx?playerid=13613&position=2B"">Ketel Marte</a>",29.0,311.0,0.34195455879841036
25807,"<a href=""statss.aspx?playerid=25807&position=3B/SS"">Jared Triolo</a>",25.0,198.0,0.35241789950264824
19953,"<a href=""statss.aspx?playerid=19953&position=OF"">Josh Lowe</a>",25.0,247.0,0.3484167553940598
21636,"<a href=""statss.aspx?playerid=21636&position=SS"">Jeremy Pena</a>",25.0,312.0,0.3156624210690989
10264,"<a href=""statss.aspx?playerid=10264&position=1B"">Brandon Belt</a>",35.0,198.0,0.39662052495311007
29695,"<a href=""statss.aspx?playerid=29695&position=2B/SS"">Matt McLain</a>",23.0,212.0,0.354589378215232
19709,"<a href=""statss.aspx?playerid=19709&position=SS/OF"">Fernando Tatis Jr.</a>",24.0,347.0,0.3070433064221649
23667,"<a href=""statss.aspx?playerid=23667&position=SS"">Wander Franco</a>",22.0,146.0,0.35675242604880497
13675,"<a href=""statss.aspx?playerid=13675&position=OF"">Tyrone Taylor</a>",29.0,165.0,0.3591362964023243
19251,"<a href=""statss.aspx?playerid=19251&position=1B"">Pete Alonso</a>",28.0,346.0,0.34535287688760197
18839,"<a href=""statss.aspx?playerid=18839&position=1B"">Josh Naylor</a>",26.0,204.0,0.3730298826098442
19352,"<a href=""statss.aspx?playerid=19352&position=C"">Sean Murphy</a>",28.0,189.0,0.31826194789674545
21853,"<a href=""statss.aspx?playerid=21853&position=OF"">Will Benson</a>",25.0,221.0,0.3710319683023168
24336,"<a href=""statss.aspx?playerid=24336&position=OF"">Johan Rojas</a>",22.0,164.0,0.3352182330209998
8709,"<a href=""statss.aspx?playerid=8709&position=SS"">Elvis Andrus</a>",34.0,184.0,0.34107616057862405
25961,"<a href=""statss.aspx?playerid=25961&position=DH/OF"">Kerry Carpenter</a>",25.0,317.0,0.3493296266741054
27465,"<a href=""statss.aspx?playerid=27465&position=1B"">Spencer Torkelson</a>",23.0,345.0,0.34899932284286056
22581,"<a href=""statss.aspx?playerid=22581&position=C"">Alejandro Kirk</a>",24.0,214.0,0.31692693835106966
16535,"<a href=""statss.aspx?playerid=16535&position=C"">Danny Jansen</a>",28.0,124.0,0.38612258193954346
9874,"<a href=""statss.aspx?playerid=9874&position=2B"">DJ LeMahieu</a>",34.0,292.0,0.3384953425921935
19452,"<a href=""statss.aspx?playerid=19452&position=C"">Jake Rogers</a>",28.0,197.0,0.3027050325713182
27790,"<a href=""statss.aspx?playerid=27790&position=OF"">Evan Carter</a>",20.0,75.0,0.4346236997359508
26466,"<a href=""statss.aspx?playerid=26466&position=OF"">Matt Wallner</a>",25.0,229.0,0.36595287605335836
22263,"<a href=""statss.aspx?playerid=22263&position=2B/3B"">Nolan Gorman</a>",23.0,188.0,0.36097867660065913
21614,"<a href=""statss.aspx?playerid=21614&position=OF"">Kyle Isbel</a>",26.0,208.0,0.310559526445785
11445,"<a href=""statss.aspx?playerid=11445&position=OF"">Mark Canha</a>",34.0,268.0,0.34871566072385407
19470,"<a href=""statss.aspx?playerid=19470&position=2B"">Tommy Edman</a>",28.0,243.0,0.3110955021508927
16930,"<a href=""statss.aspx?playerid=16930&position=C"">Jonah Heim</a>",28.0,213.0,0.29602168387961836
19566,"<a href=""statss.aspx?playerid=19566&position=1B"">Nathaniel Lowe</a>",27.0,354.0,0.33477037689165756
21618,"<a href=""statss.aspx?playerid=21618&position=3B"">Alec Bohm</a>",26.0,331.0,0.3451771075075323
18819,"<a href=""statss.aspx?playerid=18819&position=2B/3B"">Andy Ibanez</a>",30.0,212.0,0.33819863666290356
19612,"<a href=""statss.aspx?playerid=19612&position=SS"">Bo Bichette</a>",25.0,237.0,0.3297720541430928
14551,"<a href=""statss.aspx?playerid=14551&position=OF"">Anthony Santander</a>",28.0,330.0,0.33733912007062267
24617,"<a href=""statss.aspx?playerid=24617&position=OF"">Jarren Duran</a>",26.0,135.0,0.37600331475485615
19779,"<a href=""statss.aspx?playerid=19779&position=OF"">Dairon Blanco</a>",30.0,98.0,0.3562937614818414
15274,"<a href=""statss.aspx?playerid=15274&position=OF"">Mike Tauchman</a>",32.0,266.0,0.3311063091709929
6184,"<a href=""statss.aspx?playerid=6184&position=DH/OF"">J.D. Martinez</a>",35.0,200.0,0.38002379554690735
11489,"<a href=""statss.aspx?playerid=11489&position=OF"">Michael A. Taylor</a>",32.0,165.0,0.33907970131897347
29622,"<a href=""statss.aspx?playerid=29622&position=OF"">Sal Frelick</a>",23.0,223.0,0.30938356473306905
11442,"<a href=""statss.aspx?playerid=11442&position=C"">Gary Sanchez</a>",30.0,160.0,0.3380719356238842
19627,"<a href=""statss.aspx?playerid=19627&position=DH/OF"">Brent Rooker</a>",28.0,251.0,0.3523795697318605
13152,"<a href=""statss.aspx?playerid=13152&position=2B/SS"">Jorge Polanco</a>",29.0,216.0,0.3539697767959701
11739,"<a href=""statss.aspx?playerid=11739&position=C"">J.T. Realmuto</a>",32.0,255.0,0.3309505829226829
22217,"<a href=""statss.aspx?playerid=22217&position=C"">Luis Campusano</a>",24.0,152.0,0.3777977361490852
17548,"<a href=""statss.aspx?playerid=17548&position=OF"">Taylor Ward</a>",29.0,85.0,0.43762933015823363
5517,"<a href=""statss.aspx?playerid=5517&position=C"">Kyle Higashioka</a>",33.0,129.0,0.33006421802565455
22715,"<a href=""statss.aspx?playerid=22715&position=3B"">Maikel Garcia</a>",23.0,320.0,0.29636708415787794
13621,"<a href=""statss.aspx?playerid=13621&position=3B"">Jeimer Candelario</a>",29.0,247.0,0.3472248175279881
17232,"<a href=""statss.aspx?playerid=17232&position=3B"">Yoan Moncada</a>",28.0,210.0,0.3375877354826246
16478,"<a href=""statss.aspx?playerid=16478&position=DH/OF"">Kyle Schwarber</a>",30.0,366.0,0.3700138217472768
19197,"<a href=""statss.aspx?playerid=19197&position=C"">Will Smith</a>",28.0,294.0,0.303997666460194
20454,"<a href=""statss.aspx?playerid=20454&position=2B/OF"">Jazz Chisholm Jr.</a>",25.0,207.0,0.3274331121628987
9218,"<a href=""statss.aspx?playerid=9218&position=1B"">Paul Goldschmidt</a>",35.0,337.0,0.32864843470504485
21840,"<a href=""statss.aspx?playerid=21840&position=C"">Freddy Fermin</a>",28.0,146.0,0.3190012512958213
14813,"<a href=""statss.aspx?playerid=14813&position=2B/SS"">Kyle Farmer</a>",32.0,195.0,0.33611973890891444
11038,"<a href=""statss.aspx?playerid=11038&position=OF"">Kevin Kiermaier</a>",33.0,193.0,0.30472060374027704
9777,"<a href=""statss.aspx?playerid=9777&position=3B"">Nolan Arenado</a>",32.0,286.0,0.31219214264158646
13185,"<a href=""statss.aspx?playerid=13185&position=SS"">Orlando Arcia</a>",28.0,300.0,0.30627426942189534
17022,"<a href=""statss.aspx?playerid=17022&position=3B/SS"">Edmundo Sosa</a>",27.0,124.0,0.35930915334360386
16426,"<a href=""statss.aspx?playerid=16426&position=2B"">Thairo Estrada</a>",27.0,224.0,0.297043931803533
14162,"<a href=""statss.aspx?playerid=14162&position=SS"">Carlos Correa</a>",28.0,272.0,0.31628614068031313
22197,"<a href=""statss.aspx?playerid=22197&position=OF"">MJ Melendez</a>",24.0,288.0,0.34403993178914477
16505,"<a href=""statss.aspx?playerid=16505&position=3B"">Matt Chapman</a>",30.0,245.0,0.3124992725800495
22244,"<a href=""statss.aspx?playerid=22244&position=OF"">Jack Suwinski</a>",24.0,273.0,0.3260110515510024
11615,"<a href=""statss.aspx?playerid=11615&position=2B/3B"">Brandon Drury</a>",30.0,216.0,0.3265111330482695
13066,"<a href=""statss.aspx?playerid=13066&position=OF"">Teoscar Hernandez</a>",30.0,346.0,0.31421028151028396
19734,"<a href=""statss.aspx?playerid=19734&position=2B/3B"">Josh Rojas</a>",29.0,140.0,0.3014321655035019
18568,"<a href=""statss.aspx?playerid=18568&position=1B/2B"">Luis Arraez</a>",26.0,291.0,0.338580413411061
23800,"<a href=""statss.aspx?playerid=23800&position=OF"">Parker Meadows</a>",23.0,145.0,0.30807118862867355
5254,"<a href=""statss.aspx?playerid=5254&position=OF"">Robbie Grossman</a>",33.0,174.0,0.37199317141510974
16572,"<a href=""statss.aspx?playerid=16572&position=1B/OF"">Connor Joe</a>",30.0,214.0,0.34261086276758496
29931,"<a href=""statss.aspx?playerid=29931&position=OF"">Jacob Young</a>",23.0,121.0,0.2943086932271214
25976,"<a href=""statss.aspx?playerid=25976&position=OF"">Riley Greene</a>",22.0,192.0,0.33719204397251207
27815,"<a href=""statss.aspx?playerid=27815&position=2B/3B"">Jordan Westburg</a>",24.0,213.0,0.30154872864065035
19252,"<a href=""statss.aspx?playerid=19252&position=2B"">Cavan Biggio</a>",28.0,201.0,0.33626418060331204
17128,"<a href=""statss.aspx?playerid=17128&position=OF"">Ramon Laureano</a>",28.0,185.0,0.32166521645881035
16442,"<a href=""statss.aspx?playerid=16442&position=1B"">Ryan O'Hearn</a>",29.0,249.0,0.3273595951921572
25505,"<a href=""statss.aspx?playerid=25505&position=OF"">Cade Marlowe</a>",26.0,100.0,0.3270511317253113
4940,"<a href=""statss.aspx?playerid=4940&position=OF"">Jason Heyward</a>",33.0,189.0,0.3326435196906962
26668,"<a href=""statss.aspx?playerid=26668&position=SS"">Elly De La Cruz</a>",21.0,332.0,0.284238367000731
13757,"<a href=""statss.aspx?playerid=13757&position=OF"">Chris Taylor</a>",32.0,202.0,0.3377085977525853
20505,"<a href=""statss.aspx?playerid=20505&position=OF"">Drew Waters</a>",24.0,240.0,0.29907864704728127
10950,"<a href=""statss.aspx?playerid=10950&position=OF"">Adam Duvall</a>",34.0,248.0,0.33440076151201803
27647,"<a href=""statss.aspx?playerid=27647&position=SS"">Anthony Volpe</a>",22.0,301.0,0.2891252464056015
16530,"<a href=""statss.aspx?playerid=16530&position=OF"">Mauricio Dubon</a>",28.0,229.0,0.31286942724577727
19913,"<a href=""statss.aspx?playerid=19913&position=OF"">Jesus Sanchez</a>",25.0,227.0,0.33693844079971313
17766,"<a href=""statss.aspx?playerid=17766&position=OF"">D.J. Stewart</a>",29.0,185.0,0.3580747849302865
25816,"<a href=""statss.aspx?playerid=25816&position=C"">Shea Langeliers</a>",25.0,219.0,0.31588356761627545
17452,"<a href=""statss.aspx?playerid=17452&position=OF"">Jose Siri</a>",27.0,174.0,0.2863514210985995
21558,"<a href=""statss.aspx?playerid=21558&position=OF"">Matt Vierling</a>",26.0,301.0,0.30461645724382685
23312,"<a href=""statss.aspx?playerid=23312&position=1B"">Ryan Noda</a>",27.0,203.0,0.3360661949430193
19273,"<a href=""statss.aspx?playerid=19273&position=OF"">Stone Garrett</a>",27.0,116.0,0.3724566300710042
27478,"<a href=""statss.aspx?playerid=27478&position=C"">Patrick Bailey</a>",24.0,230.0,0.2297139242939327
18042,"<a href=""statss.aspx?playerid=18042&position=2B/OF"">Dylan Moore</a>",30.0,141.0,0.341922217649771
15711,"<a href=""statss.aspx?playerid=15711&position=OF"">Tyler O'Neill</a>",28.0,167.0,0.3358285837544652
2396,"<a href=""statss.aspx?playerid=2396&position=1B"">Carlos Santana</a>",37.0,312.0,0.3228136415664966
19326,"<a href=""statss.aspx?playerid=19326&position=OF"">Bryan Reynolds</a>",28.0,346.0,0.3253524859630784
19921,"<a href=""statss.aspx?playerid=19921&position=OF"">Blake Perkins</a>",26.0,97.0,0.31108012641828087
15585,"<a href=""statss.aspx?playerid=15585&position=1B/DH"">Mike Ford</a>",30.0,194.0,0.35135910160762746
12856,"<a href=""statss.aspx?playerid=12856&position=OF"">George Springer</a>",33.0,334.0,0.3161194855713052
19918,"<a href=""statss.aspx?playerid=19918&position=OF"">Daulton Varsho</a>",26.0,257.0,0.288018457328572
23359,"<a href=""statss.aspx?playerid=23359&position=DH/OF"">Nelson Velazquez</a>",24.0,147.0,0.3647095747545463
7859,"<a href=""statss.aspx?playerid=7859&position=OF"">Charlie Blackmon</a>",36.0,171.0,0.3701625574401945
30011,"<a href=""statss.aspx?playerid=30011&position=1B"">Christian Encarnacion-Strand</a>",23.0,241.0,0.34619793431887486
2967,"<a href=""statss.aspx?playerid=2967&position=OF"">Tommy Pham</a>",35.0,282.0,0.3096249063386985
10243,"<a href=""statss.aspx?playerid=10243&position=OF"">Randal Grichuk</a>",31.0,272.0,0.32840808415237593
14221,"<a href=""statss.aspx?playerid=14221&position=DH/OF"">Jorge Soler</a>",31.0,249.0,0.35324305609652873
14387,"<a href=""statss.aspx?playerid=14387&position=DH/OF"">Harold Ramirez</a>",28.0,200.0,0.351670027077198
7802,"<a href=""statss.aspx?playerid=7802&position=SS"">Miguel Rojas</a>",34.0,234.0,0.28887109355679874
5297,"<a href=""statss.aspx?playerid=5297&position=OF"">Aaron Hicks</a>",33.0,147.0,0.3350719764624556
25332,"<a href=""statss.aspx?playerid=25332&position=C"">Endy Rodriguez</a>",23.0,204.0,0.2709816556935217
23772,"<a href=""statss.aspx?playerid=23772&position=OF"">Wilyer Abreu</a>",24.0,85.0,0.3747585051199969
14854,"<a href=""statss.aspx?playerid=14854&position=OF"">Mike Yastrzemski</a>",32.0,164.0,0.31911062935124274
18564,"<a href=""statss.aspx?playerid=18564&position=OF"">Trent Grisham</a>",26.0,262.0,0.2878479439779598
9627,"<a href=""statss.aspx?playerid=9627&position=C"">Yan Gomes</a>",35.0,243.0,0.3127470647007966
18900,"<a href=""statss.aspx?playerid=18900&position=OF"">Leody Taveras</a>",24.0,290.0,0.2846923807842864
27684,"<a href=""statss.aspx?playerid=27684&position=2B"">Michael Massey</a>",25.0,257.0,0.29777475935406983
26517,"<a href=""statss.aspx?playerid=26517&position=3B/OF"">Noelvi Marte</a>",21.0,123.0,0.35738045849451205
18036,"<a href=""statss.aspx?playerid=18036&position=1B/2B"">Jake Cronenworth</a>",29.0,186.0,0.3210389952401857
19262,"<a href=""statss.aspx?playerid=19262&position=2B/OF"">Garrett Hampson</a>",28.0,109.0,0.3580429723503393
8623,"<a href=""statss.aspx?playerid=8623&position=2B"">Donovan Solano</a>",35.0,227.0,0.3378754176757409
13145,"<a href=""statss.aspx?playerid=13145&position=1B/DH"">Josh Bell</a>",30.0,319.0,0.332520105604884
19238,"<a href=""statss.aspx?playerid=19238&position=OF"">Lourdes Gurriel Jr.</a>",29.0,296.0,0.3094700342517788
13499,"<a href=""statss.aspx?playerid=13499&position=C"">Tom Murphy</a>",32.0,65.0,0.40387067664414644
5235,"<a href=""statss.aspx?playerid=5235&position=3B"">Justin Turner</a>",38.0,285.0,0.34810885295533295
26299,"<a href=""statss.aspx?playerid=26299&position=3B"">Josh Jung</a>",25.0,179.0,0.30406355658057016
15518,"<a href=""statss.aspx?playerid=15518&position=SS"">Amed Rosario</a>",27.0,221.0,0.31191843289595383
16939,"<a href=""statss.aspx?playerid=16939&position=OF"">Lane Thomas</a>",27.0,340.0,0.29918289009262533
23401,"<a href=""statss.aspx?playerid=23401&position=SS"">Jose Caballero</a>",26.0,118.0,0.26798775640584654
20352,"<a href=""statss.aspx?playerid=20352&position=2B/3B"">Ernie Clement</a>",27.0,44.0,0.38603633777661756
19290,"<a href=""statss.aspx?playerid=19290&position=OF"">Randy Arozarena</a>",28.0,310.0,0.3038421871206907
14968,"<a href=""statss.aspx?playerid=14968&position=C"">Victor Caratini</a>",29.0,116.0,0.3071309862465694
24679,"<a href=""statss.aspx?playerid=24679&position=2B/OF"">Brendan Donovan</a>",26.0,83.0,0.3748513772720244
21780,"<a href=""statss.aspx?playerid=21780&position=OF"">Esteury Ruiz</a>",24.0,145.0,0.29427859690827385
21897,"<a href=""statss.aspx?playerid=21897&position=DH/OF"">Christopher Morel</a>",24.0,269.0,0.3224602246373116
19363,"<a href=""statss.aspx?playerid=19363&position=OF"">Austin Hays</a>",27.0,269.0,0.291514329278647
26323,"<a href=""statss.aspx?playerid=26323&position=1B/OF"">Spencer Steer</a>",25.0,328.0,0.3353166651071572
21270,"<a href=""statss.aspx?playerid=21270&position=OF"">Sean Bouchard</a>",27.0,43.0,0.43215670142062873
14130,"<a href=""statss.aspx?playerid=14130&position=1B/DH"">Daniel Vogelbach</a>",30.0,138.0,0.359710226888242
16357,"<a href=""statss.aspx?playerid=16357&position=OF"">Pablo Reyes</a>",29.0,113.0,0.3189222759434155
24064,"<a href=""statss.aspx?playerid=24064&position=SS"">Ezequiel Tovar</a>",21.0,321.0,0.28026890623905815
19339,"<a href=""statss.aspx?playerid=19339&position=2B/SS"">Nicky Lopez</a>",28.0,124.0,0.275869385498326
19611,"<a href=""statss.aspx?playerid=19611&position=1B"">Vladimir Guerrero Jr.</a>",24.0,334.0,0.33415245341532157
19956,"<a href=""statss.aspx?playerid=19956&position=OF"">Mickey Moniak</a>",25.0,211.0,0.2952756745474679
20017,"<a href=""statss.aspx?playerid=20017&position=3B"">Miles Mastrobuoni</a>",27.0,77.0,0.3371624565124512
27475,"<a href=""statss.aspx?playerid=27475&position=OF"">Jordan Walker</a>",21.0,305.0,0.32690653351486704
13602,"<a href=""statss.aspx?playerid=13602&position=3B"">Patrick Wisdom</a>",31.0,94.0,0.3604032707975266
19455,"<a href=""statss.aspx?playerid=19455&position=2B/3B"">Andruw Monasterio</a>",26.0,265.0,0.300588392311672
20157,"<a href=""statss.aspx?playerid=20157&position=2B/3B"">Matthew Batten</a>",28.0,139.0,0.32119894977928937
21523,"<a href=""statss.aspx?playerid=21523&position=2B"">Jonathan India</a>",26.0,166.0,0.32212634007614777
24589,"<a href=""statss.aspx?playerid=24589&position=2B/OF"">Richie Palacios</a>",26.0,102.0,0.34632681442959473
19698,"<a href=""statss.aspx?playerid=19698&position=OF"">Edward Olivares</a>",27.0,153.0,0.34988757909512985
18054,"<a href=""statss.aspx?playerid=18054&position=OF"">Sam Haggerty</a>",29.0,60.0,0.37959814677804204
15878,"<a href=""statss.aspx?playerid=15878&position=3B/DH/OF"">Miguel Andujar</a>",28.0,57.0,0.37394154699225174
19859,"<a href=""statss.aspx?playerid=19859&position=C"">Rene Pinto</a>",26.0,105.0,0.3061979623067947
12005,"<a href=""statss.aspx?playerid=12005&position=DH/OF"">Nick Martini</a>",33.0,79.0,0.3822668375848215
12859,"<a href=""statss.aspx?playerid=12859&position=C"">James McCann</a>",33.0,126.0,0.3038722781404372
21716,"<a href=""statss.aspx?playerid=21716&position=2B"">Enmanuel Valdez</a>",24.0,48.0,0.3961203508079052
15676,"<a href=""statss.aspx?playerid=15676&position=1B"">Jose Abreu</a>",36.0,266.0,0.3216156177502826
12976,"<a href=""statss.aspx?playerid=12976&position=C"">Austin Hedges</a>",30.0,57.0,0.22312660374731388
19806,"<a href=""statss.aspx?playerid=19806&position=C"">Jason Delay</a>",28.0,81.0,0.28108393410105764
16496,"<a href=""statss.aspx?playerid=16496&position=OF"">Forrest Wall</a>",27.0,15.0,0.5687356948852539
15124,"<a href=""statss.aspx?playerid=15124&position=OF"">Tim Locastro</a>",30.0,57.0,0.34664533138275144
9774,"<a href=""statss.aspx?playerid=9774&position=C"">Christian Vazquez</a>",32.0,172.0,0.2597531104645534
12979,"<a href=""statss.aspx?playerid=12979&position=SS"">Javier Baez</a>",30.0,223.0,0.2640127069212396
19354,"<a href=""statss.aspx?playerid=19354&position=OF"">Luke Raley</a>",28.0,190.0,0.3034422783475173
19296,"<a href=""statss.aspx?playerid=19296&position=OF"">Alex Call</a>",28.0,188.0,0.29546596746186954
27630,"<a href=""statss.aspx?playerid=27630&position=2B/3B"">Nick Loftin</a>",24.0,68.0,0.3478353277725332
15172,"<a href=""statss.aspx?playerid=15172&position=SS"">Tim Anderson</a>",30.0,271.0,0.28081157770543963
12564,"<a href=""statss.aspx?playerid=12564&position=SS"">Trevor Story</a>",30.0,168.0,0.24908337067990077
27562,"<a href=""statss.aspx?playerid=27562&position=C"">Austin Wells</a>",23.0,75.0,0.30894438882131836
23986,"<a href=""statss.aspx?playerid=23986&position=1B/3B"">Curtis Mead</a>",22.0,92.0,0.3016104328891505
19818,"<a href=""statss.aspx?playerid=19818&position=OF"">Joshua Palacios</a>",27.0,175.0,0.30631402888517273
23792,"<a href=""statss.aspx?playerid=23792&position=OF"">Alek Thomas</a>",23.0,238.0,0.28089865420727017
11281,"<a href=""statss.aspx?playerid=11281&position=2B/OF"">Whit Merrifield</a>",34.0,292.0,0.2933739168890591
17982,"<a href=""statss.aspx?playerid=17982&position=1B"">Ty France</a>",28.0,320.0,0.3035276455804706
20599,"<a href=""statss.aspx?playerid=20599&position=C/DH"">Ivan Herrera</a>",23.0,44.0,0.34913354163820093
22563,"<a href=""statss.aspx?playerid=22563&position=SS"">Gabriel Arias</a>",23.0,193.0,0.273672721855381
28080,"<a href=""statss.aspx?playerid=28080&position=OF"">Jasson Dominguez</a>",20.0,33.0,0.40301700433095294
18795,"<a href=""statss.aspx?playerid=18795&position=3B"">Ramon Urias</a>",29.0,195.0,0.308587737266834
11339,"<a href=""statss.aspx?playerid=11339&position=OF"">Jake Marisnick</a>",32.0,20.0,0.4312784165143967
14894,"<a href=""statss.aspx?playerid=14894&position=2B/OF"">Tony Kemp</a>",31.0,194.0,0.2966458070340581
25643,"<a href=""statss.aspx?playerid=25643&position=C"">Drew Millas</a>",25.0,33.0,0.36524730548262596
20325,"<a href=""statss.aspx?playerid=20325&position=1B/OF"">Alex Kirilloff</a>",25.0,143.0,0.34502526221575436
20521,"<a href=""statss.aspx?playerid=20521&position=2B/3B"">Nick Madrigal</a>",26.0,132.0,0.2701108226409325
26365,"<a href=""statss.aspx?playerid=26365&position=OF"">Jonny DeLuca</a>",24.0,19.0,0.43338105866783544
15674,"<a href=""statss.aspx?playerid=15674&position=C"">Reese McGuire</a>",28.0,90.0,0.29337480054660275
22799,"<a href=""statss.aspx?playerid=22799&position=SS"">Geraldo Perdomo</a>",23.0,245.0,0.27662244540149883
22168,"<a href=""statss.aspx?playerid=22168&position=OF"">Akil Baddoo</a>",24.0,189.0,0.2938360958657366
10323,"<a href=""statss.aspx?playerid=10323&position=OF"">Rafael Ortega</a>",32.0,136.0,0.2882422813662776
23698,"<a href=""statss.aspx?playerid=23698&position=2B/3B"">Ronny Mauricio</a>",22.0,108.0,0.2835439934774681
19151,"<a href=""statss.aspx?playerid=19151&position=OF"">Estevan Florial</a>",25.0,71.0,0.28801191608670734
19514,"<a href=""statss.aspx?playerid=19514&position=C"">Andrew Knizner</a>",28.0,136.0,0.32826537463594885
16512,"<a href=""statss.aspx?playerid=16512&position=SS"">Isiah Kiner-Falefa</a>",28.0,183.0,0.2833917281015323
15279,"<a href=""statss.aspx?playerid=15279&position=1B/DH"">Garrett Cooper</a>",32.0,214.0,0.31500866702783886
19964,"<a href=""statss.aspx?playerid=19964&position=3B"">Eguy Rosario</a>",23.0,37.0,0.3224163393716554
15937,"<a href=""statss.aspx?playerid=15937&position=SS"">Aledmys Diaz</a>",32.0,138.0,0.3033937626414829
13324,"<a href=""statss.aspx?playerid=13324&position=2B/3B"">Ildemaro Vargas</a>",31.0,213.0,0.2820859743520547
18887,"<a href=""statss.aspx?playerid=18887&position=C"">Seby Zavala</a>",29.0,69.0,0.25096357491478993
17484,"<a href=""statss.aspx?playerid=17484&position=DH/OF"">Eloy Jimenez</a>",26.0,270.0,0.3206292922612016
14567,"<a href=""statss.aspx?playerid=14567&position=1B/OF"">Franchy Cordero</a>",28.0,15.0,0.4678018013636271
22209,"<a href=""statss.aspx?playerid=22209&position=C"">Sam Huff</a>",25.0,31.0,0.38806316160386606
12158,"<a href=""statss.aspx?playerid=12158&position=C"">Austin Barnes</a>",33.0,99.0,0.2981883433400368
16424,"<a href=""statss.aspx?playerid=16424&position=OF"">Jordan Luplow</a>",29.0,83.0,0.30649283237573577
16219,"<a href=""statss.aspx?playerid=16219&position=3B"">J.D. Davis</a>",30.0,255.0,0.28373850518324245
13620,"<a href=""statss.aspx?playerid=13620&position=C"">Carson Kelly</a>",28.0,118.0,0.2665648884692435
22186,"<a href=""statss.aspx?playerid=22186&position=2B"">Brice Turang</a>",23.0,262.0,0.2707211400649344
16622,"<a href=""statss.aspx?playerid=16622&position=2B/3B"">Luis Urias</a>",26.0,109.0,0.32140199177794987
13897,"<a href=""statss.aspx?playerid=13897&position=C"">Tyler Heineman</a>",32.0,17.0,0.3616265899994794
16725,"<a href=""statss.aspx?playerid=16725&position=C"">Jose Trevino</a>",30.0,22.0,0.3064208995728266
17907,"<a href=""statss.aspx?playerid=17907&position=2B"">Brendan Rodgers</a>",26.0,192.0,0.3065271843224764
10200,"<a href=""statss.aspx?playerid=10200&position=C"">Tucker Barnhart</a>",32.0,30.0,0.30581827561060587
26208,"<a href=""statss.aspx?playerid=26208&position=2B/SS"">Tyler Fitzgerald</a>",25.0,34.0,0.3098568074843463
25353,"<a href=""statss.aspx?playerid=25353&position=2B"">Michael Stefanic</a>",27.0,63.0,0.3296104991246784
13355,"<a href=""statss.aspx?playerid=13355&position=C"">Luke Maile</a>",32.0,108.0,0.30219999094989813
21501,"<a href=""statss.aspx?playerid=21501&position=DH/OF"">Trevor Larnach</a>",26.0,35.0,0.3603790487561907
20391,"<a href=""statss.aspx?playerid=20391&position=2B"">Luis Garcia Jr.</a>",23.0,168.0,0.28971971473294106
19610,"<a href=""statss.aspx?playerid=19610&position=C"">Keibert Ruiz</a>",24.0,282.0,0.3298669266531052
15223,"<a href=""statss.aspx?playerid=15223&position=2B"">Adam Frazier</a>",31.0,181.0,0.3019838366615638
13338,"<a href=""statss.aspx?playerid=13338&position=C"">Omar Narvaez</a>",31.0,102.0,0.2768623929212589
19877,"<a href=""statss.aspx?playerid=19877&position=3B/SS"">Tristan Gray</a>",27.0,5.0,0.5773264646530152
15653,"<a href=""statss.aspx?playerid=15653&position=1B"">Dominic Smith</a>",28.0,268.0,0.315547451097867
25813,"<a href=""statss.aspx?playerid=25813&position=2B/3B"">Grae Kessinger</a>",25.0,31.0,0.2812151235918845
14366,"<a href=""statss.aspx?playerid=14366&position=1B/DH"">Joey Meneses</a>",31.0,331.0,0.32480822643124446
4106,"<a href=""statss.aspx?playerid=4106&position=OF"">Michael Brantley</a>",36.0,57.0,0.30869161036976595
17273,"<a href=""statss.aspx?playerid=17273&position=SS"">Jorge Mateo</a>",28.0,114.0,0.2582334333232471
15271,"<a href=""statss.aspx?playerid=15271&position=C"">Austin Wynns</a>",32.0,87.0,0.2647188880864312
22558,"<a href=""statss.aspx?playerid=22558&position=OF"">Jarred Kelenic</a>",23.0,112.0,0.2971298603324203
21538,"<a href=""statss.aspx?playerid=21538&position=C"">Nick Fortes</a>",26.0,142.0,0.2402256165231977
24273,"<a href=""statss.aspx?playerid=24273&position=2B/SS"">Liover Peguero</a>",22.0,213.0,0.28361276992689377
19358,"<a href=""statss.aspx?playerid=19358&position=OF"">Weston Wilson</a>",28.0,22.0,0.44134811379692773
12155,"<a href=""statss.aspx?playerid=12155&position=OF"">Eddie Rosario</a>",31.0,251.0,0.2951728723049164
18821,"<a href=""statss.aspx?playerid=18821&position=OF"">Jose Azocar</a>",27.0,47.0,0.3371237582630581
25616,"<a href=""statss.aspx?playerid=25616&position=SS"">Marco Luciano</a>",21.0,45.0,0.29337604840596515
21693,"<a href=""statss.aspx?playerid=21693&position=C"">Miguel Amaya</a>",24.0,97.0,0.2731167194769554
10155,"<a href=""statss.aspx?playerid=10155&position=OF"">Mike Trout</a>",31.0,17.0,0.3555006279664881
26477,"<a href=""statss.aspx?playerid=26477&position=1B"">Spencer Horwitz</a>",25.0,34.0,0.3241797948584837
11265,"<a href=""statss.aspx?playerid=11265&position=2B"">Jonathan Schoop</a>",31.0,13.0,0.38065386276978713
13768,"<a href=""statss.aspx?playerid=13768&position=OF"">Travis Jankowski</a>",32.0,154.0,0.2668158272644142
21837,"<a href=""statss.aspx?playerid=21837&position=1B"">Jonathan Aranda</a>",25.0,103.0,0.31203846837960036
20308,"<a href=""statss.aspx?playerid=20308&position=OF"">Jake Meyers</a>",27.0,117.0,0.27235378821690875
24262,"<a href=""statss.aspx?playerid=24262&position=OF"">Ceddanne Rafaela</a>",22.0,89.0,0.2873125658946091
19260,"<a href=""statss.aspx?playerid=19260&position=OF"">Jake Fraley</a>",28.0,147.0,0.3093075995542565
19896,"<a href=""statss.aspx?playerid=19896&position=C"">Connor Wong</a>",27.0,202.0,0.2869370472431183
19844,"<a href=""statss.aspx?playerid=19844&position=2B/3B"">Abraham Toro</a>",26.0,12.0,0.5036258896191915
14773,"<a href=""statss.aspx?playerid=14773&position=SS"">Yu Chang</a>",27.0,65.0,0.24863814655691385
16153,"<a href=""statss.aspx?playerid=16153&position=OF"">Austin Slater</a>",30.0,134.0,0.29736733125216924
22896,"<a href=""statss.aspx?playerid=22896&position=2B"">Lenyn Sosa</a>",23.0,103.0,0.29960056602954865
5038,"<a href=""statss.aspx?playerid=5038&position=3B"">Josh Donaldson</a>",37.0,104.0,0.2936793966935231
12546,"<a href=""statss.aspx?playerid=12546&position=1B"">C.J. Cron</a>",33.0,116.0,0.3302414782088378
19181,"<a href=""statss.aspx?playerid=19181&position=C"">Zack Collins</a>",28.0,6.0,0.526146392027537
22202,"<a href=""statss.aspx?playerid=22202&position=2B/3B/SS"">Jeter Downs</a>",24.0,7.0,0.5503973194531032
20056,"<a href=""statss.aspx?playerid=20056&position=2B/SS"">Alan Trejo</a>",27.0,108.0,0.3007788525687324
31166,"<a href=""statss.aspx?playerid=31166&position=OF"">Heston Kjerstad</a>",24.0,33.0,0.3179345428943634
19928,"<a href=""statss.aspx?playerid=19928&position=OF"">Ryan McKenna</a>",26.0,50.0,0.28114814707573427
20543,"<a href=""statss.aspx?playerid=20543&position=1B"">Elehuris Montero</a>",24.0,200.0,0.3462649351358414
17326,"<a href=""statss.aspx?playerid=17326&position=SS/OF"">Cole Tucker</a>",26.0,10.0,0.49520530700683596
17929,"<a href=""statss.aspx?playerid=17929&position=OF"">Cedric Mullins</a>",28.0,206.0,0.2643546780534819
20321,"<a href=""statss.aspx?playerid=20321&position=OF"">Stuart Fairchild</a>",27.0,71.0,0.2866646857328818
17893,"<a href=""statss.aspx?playerid=17893&position=1B/3B"">Tyler Nevin</a>",26.0,62.0,0.3561237944710639
21127,"<a href=""statss.aspx?playerid=21127&position=2B"">Alejo Lopez</a>",27.0,2.0,0.6218811869621277
25805,"<a href=""statss.aspx?playerid=25805&position=C/OF"">Blake Sabol</a>",25.0,131.0,0.29618629538095914
19828,"<a href=""statss.aspx?playerid=19828&position=OF"">Cody Thomas</a>",28.0,46.0,0.30030896611835645
22532,"<a href=""statss.aspx?playerid=22532&position=OF"">Tyler Freeman</a>",24.0,104.0,0.2813403143466098
28163,"<a href=""statss.aspx?playerid=28163&position=3B"">Junior Caminero</a>",19.0,36.0,0.2759689423773024
16403,"<a href=""statss.aspx?playerid=16403&position=C"">Francisco Mejia</a>",27.0,25.0,0.3159825325012207
14712,"<a href=""statss.aspx?playerid=14712&position=OF"">Manuel Margot</a>",28.0,119.0,0.2902935563015337
22277,"<a href=""statss.aspx?playerid=22277&position=SS"">Nick Allen</a>",24.0,218.0,0.25898213441981827
12775,"<a href=""statss.aspx?playerid=12775&position=SS"">Brad Miller</a>",33.0,11.0,0.38309157436544244
20220,"<a href=""statss.aspx?playerid=20220&position=OF"">Jo Adell</a>",24.0,58.0,0.2725643978036683
15730,"<a href=""statss.aspx?playerid=15730&position=2B/OF"">Tyler Wade</a>",28.0,18.0,0.28381024135483635
22274,"<a href=""statss.aspx?playerid=22274&position=OF"">Samad Taylor</a>",24.0,35.0,0.2618564248085022
18171,"<a href=""statss.aspx?playerid=18171&position=1B/OF"">Seth Brown</a>",30.0,227.0,0.31271143833796183
20002,"<a href=""statss.aspx?playerid=20002&position=OF"">Bryce Johnson</a>",27.0,1.0,0.6959028840065002
18123,"<a href=""statss.aspx?playerid=18123&position=OF"">Nathan Lukes</a>",28.0,8.0,0.3527751937508583
26368,"<a href=""statss.aspx?playerid=26368&position=OF"">JJ Bleday</a>",25.0,155.0,0.2848483950861039
26149,"<a href=""statss.aspx?playerid=26149&position=OF"">Dominic Fletcher</a>",25.0,13.0,0.31072420340317947
19864,"<a href=""statss.aspx?playerid=19864&position=C"">Riley Adams</a>",27.0,91.0,0.3195730048221546
3298,"<a href=""statss.aspx?playerid=3298&position=3B/OF"">Charlie Culberson</a>",34.0,1.0,0.8825362920761108
20626,"<a href=""statss.aspx?playerid=20626&position=C"">Logan Porter</a>",27.0,38.0,0.29685197327588053
17992,"<a href=""statss.aspx?playerid=17992&position=2B"">David Fletcher</a>",29.0,59.0,0.29161237624653596
19997,"<a href=""statss.aspx?playerid=19997&position=2B/3B"">Santiago Espinal</a>",28.0,127.0,0.2916643934249878
19948,"<a href=""statss.aspx?playerid=19948&position=OF"">Cristian Pache</a>",24.0,54.0,0.28070101473066544
12861,"<a href=""statss.aspx?playerid=12861&position=3B"">Anthony Rendon</a>",33.0,15.0,0.33162273168563844
19983,"<a href=""statss.aspx?playerid=19983&position=OF"">Conner Capel</a>",26.0,3.0,0.4639352560043335
21746,"<a href=""statss.aspx?playerid=21746&position=2B/3B/OF"">Jose Fermin</a>",24.0,61.0,0.2810015072256832
24729,"<a href=""statss.aspx?playerid=24729&position=C"">Logan O'Hoppe</a>",23.0,140.0,0.3218325125319617
16623,"<a href=""statss.aspx?playerid=16623&position=OF"">Greg Allen</a>",30.0,11.0,0.3225642334331166
4314,"<a href=""statss.aspx?playerid=4314&position=1B"">Joey Votto</a>",39.0,206.0,0.3242434361605968
33189,"<a href=""statss.aspx?playerid=33189&position=1B"">Nolan Schanuel</a>",21.0,132.0,0.3364999740178348
17321,"<a href=""statss.aspx?playerid=17321&position=1B/2B"">Michael Chavis</a>",27.0,51.0,0.2608812346177943
19873,"<a href=""statss.aspx?playerid=19873&position=3B"">Drew Ellis</a>",27.0,7.0,0.32490600858415875
16376,"<a href=""statss.aspx?playerid=16376&position=OF"">Michael Conforto</a>",30.0,194.0,0.2955517946737599
22842,"<a href=""statss.aspx?playerid=22842&position=OF"">Alexander Canario</a>",23.0,17.0,0.38716451560749726
15905,"<a href=""statss.aspx?playerid=15905&position=C"">Luis Torrens</a>",27.0,8.0,0.31094059348106384
26031,"<a href=""statss.aspx?playerid=26031&position=2B"">Vaughn Grissom</a>",22.0,10.0,0.3695164442062378
15941,"<a href=""statss.aspx?playerid=15941&position=C"">Austin Nola</a>",33.0,8.0,0.3113847002387047
12510,"<a href=""statss.aspx?playerid=12510&position=C"">Curt Casali</a>",34.0,6.0,0.2941787640253703
13854,"<a href=""statss.aspx?playerid=13854&position=C"">Anthony Bemboom</a>",33.0,3.0,0.2941787640253703
19960,"<a href=""statss.aspx?playerid=19960&position=OF"">Taylor Trammell</a>",25.0,2.0,0.3479514420032501
5933,"<a href=""statss.aspx?playerid=5933&position=2B/SS"">Jean Segura</a>",33.0,88.0,0.2948518686673858
14350,"<a href=""statss.aspx?playerid=14350&position=OF"">Raimel Tapia</a>",29.0,47.0,0.3076617847318235
15983,"<a href=""statss.aspx?playerid=15983&position=OF"">Jackson Frazier</a>",28.0,1.0,0.8825362920761108
19892,"<a href=""statss.aspx?playerid=19892&position=1B/OF"">Pavin Smith</a>",27.0,11.0,0.3360227238048207
19392,"<a href=""statss.aspx?playerid=19392&position=3B/OF"">Zach McKinstry</a>",28.0,263.0,0.26846235355950127
13218,"<a href=""statss.aspx?playerid=13218&position=P"">Michael Fulmer</a>",30.0,1.0,0.0
16947,"<a href=""statss.aspx?playerid=16947&position=OF"">Derek Hill</a>",27.0,14.0,0.23882226858820235
1247,"<a href=""statss.aspx?playerid=1247&position=P"">Adam Ottavino</a>",37.0,0.0,0.0
1890,"<a href=""statss.aspx?playerid=1890&position=P"">Matt Moore</a>",34.0,0.0,0.0
1943,"<a href=""statss.aspx?playerid=1943&position=P"">Zack Greinke</a>",39.0,0.0,0.0
2036,"<a href=""statss.aspx?playerid=2036&position=P"">Clayton Kershaw</a>",35.0,0.0,0.0
2520,"<a href=""statss.aspx?playerid=2520&position=P"">Lance Lynn</a>",36.0,0.0,0.0
2895,"<a href=""statss.aspx?playerid=2895&position=P"">Zach McAllister</a>",35.0,0.0,0.0
3096,"<a href=""statss.aspx?playerid=3096&position=P"">Kenley Jansen</a>",35.0,0.0,0.0
3137,"<a href=""statss.aspx?playerid=3137&position=P"">Max Scherzer</a>",38.0,0.0,0.0
3237,"<a href=""statss.aspx?playerid=3237&position=P"">T.J. McFarland</a>",34.0,0.0,0.0
4676,"<a href=""statss.aspx?playerid=4676&position=P"">Charlie Morton</a>",39.0,0.0,0.0
4806,"<a href=""statss.aspx?playerid=4806&position=P"">Rich Hill</a>",43.0,0.0,0.0
4994,"<a href=""statss.aspx?playerid=4994&position=P"">Fernando Abad</a>",37.0,0.0,0.0
5003,"<a href=""statss.aspx?playerid=5003&position=P"">Jake Diekman</a>",36.0,0.0,0.0
5448,"<a href=""statss.aspx?playerid=5448&position=P"">Jesse Chavez</a>",39.0,0.0,0.0
5615,"<a href=""statss.aspx?playerid=5615&position=P"">Ryan Brasier</a>",35.0,0.0,0.0
6107,"<a href=""statss.aspx?playerid=6107&position=P"">Huascar Brazoban</a>",33.0,0.0,0.0
6398,"<a href=""statss.aspx?playerid=6398&position=P"">Trevor May</a>",33.0,0.0,0.0
6399,"<a href=""statss.aspx?playerid=6399&position=P"">Jose Cisnero</a>",34.0,0.0,0.0
6562,"<a href=""statss.aspx?playerid=6562&position=P"">Alex Cobb</a>",35.0,0.0,0.0
6632,"<a href=""statss.aspx?playerid=6632&position=P"">Carlos Carrasco</a>",36.0,0.0,0.0
6655,"<a href=""statss.aspx?playerid=6655&position=P"">Craig Kimbrel</a>",35.0,0.0,0.0
6797,"<a href=""statss.aspx?playerid=6797&position=P"">Julio Teheran</a>",32.0,0.0,0.0
6893,"<a href=""statss.aspx?playerid=6893&position=P"">Johnny Cueto</a>",37.0,0.0,0.0
6895,"<a href=""statss.aspx?playerid=6895&position=P"">Chase Anderson</a>",35.0,0.0,0.0
6902,"<a href=""statss.aspx?playerid=6902&position=P"">Martin Perez</a>",32.0,0.0,0.0
6984,"<a href=""statss.aspx?playerid=6984&position=P"">Luis Garcia</a>",36.0,0.0,0.0
6986,"<a href=""statss.aspx?playerid=6986&position=P"">Ian Kennedy</a>",38.0,0.0,0.0
7005,"<a href=""statss.aspx?playerid=7005&position=P"">Ryan Pressly</a>",34.0,0.0,0.0
7048,"<a href=""statss.aspx?playerid=7048&position=P"">Fernando Cruz</a>",33.0,0.0,0.0
7115,"<a href=""statss.aspx?playerid=7115&position=P"">Daniel Bard</a>",38.0,0.0,0.0
7146,"<a href=""statss.aspx?playerid=7146&position=P"">Daniel Hudson</a>",36.0,0.0,0.0
7432,"<a href=""statss.aspx?playerid=7432&position=P"">Jay Jackson</a>",35.0,0.0,0.0
7531,"<a href=""statss.aspx?playerid=7531&position=P"">Collin McHugh</a>",36.0,0.0,0.0
7593,"<a href=""statss.aspx?playerid=7593&position=P"">Jordan Lyles</a>",32.0,0.0,0.0
7608,"<a href=""statss.aspx?playerid=7608&position=P"">Tommy Milone</a>",36.0,0.0,0.0
7803,"<a href=""statss.aspx?playerid=7803&position=P"">Richard Bleier</a>",36.0,0.0,0.0
8048,"<a href=""statss.aspx?playerid=8048&position=P"">Will Smith</a>",33.0,0.0,0.0
8110,"<a href=""statss.aspx?playerid=8110&position=P"">Bryan Shaw</a>",35.0,0.0,0.0
8241,"<a href=""statss.aspx?playerid=8241&position=P"">David Robertson</a>",38.0,0.0,0.0
8246,"<a href=""statss.aspx?playerid=8246&position=P"">Paolo Espino</a>",36.0,0.0,0.0
8337,"<a href=""statss.aspx?playerid=8337&position=P"">Lucas Luetge</a>",36.0,0.0,0.0
8700,"<a href=""statss.aspx?playerid=8700&position=P"">Justin Verlander</a>",40.0,0.0,0.0
8779,"<a href=""statss.aspx?playerid=8779&position=P"">Wade Miley</a>",36.0,0.0,0.0
9073,"<a href=""statss.aspx?playerid=9073&position=P"">Kirby Yates</a>",36.0,0.0,0.0
9111,"<a href=""statss.aspx?playerid=9111&position=P"">Brad Hand</a>",33.0,0.0,0.0
9132,"<a href=""statss.aspx?playerid=9132&position=P"">Nathan Eovaldi</a>",33.0,0.0,0.0
9323,"<a href=""statss.aspx?playerid=9323&position=P"">Patrick Corbin</a>",33.0,0.0,0.0
9434,"<a href=""statss.aspx?playerid=9434&position=P"">Dallas Keuchel</a>",35.0,0.0,0.0
9761,"<a href=""statss.aspx?playerid=9761&position=P"">Joe Kelly</a>",35.0,0.0,0.0
9803,"<a href=""statss.aspx?playerid=9803&position=P"">Miles Mikolas</a>",34.0,0.0,0.0
10061,"<a href=""statss.aspx?playerid=10061&position=P"">Brooks Raley</a>",35.0,0.0,0.0
10078,"<a href=""statss.aspx?playerid=10078&position=P"">Caleb Thielbar</a>",36.0,0.0,0.0
10123,"<a href=""statss.aspx?playerid=10123&position=P"">Kyle Gibson</a>",35.0,0.0,0.0
10133,"<a href=""statss.aspx?playerid=10133&position=P"">Brad Boxberger</a>",35.0,0.0,0.0
10197,"<a href=""statss.aspx?playerid=10197&position=P"">Shelby Miller</a>",32.0,0.0,0.0
10233,"<a href=""statss.aspx?playerid=10233&position=P"">Aroldis Chapman</a>",35.0,0.0,0.0
10291,"<a href=""statss.aspx?playerid=10291&position=P"">Ryan Tepera</a>",35.0,0.0,0.0
10310,"<a href=""statss.aspx?playerid=10310&position=P"">Zack Wheeler</a>",33.0,0.0,0.0
10314,"<a href=""statss.aspx?playerid=10314&position=P"">Erasmo Ramirez</a>",33.0,0.0,0.0
10315,"<a href=""statss.aspx?playerid=10315&position=P"">Michael Tonkin</a>",33.0,0.0,0.0
10343,"<a href=""statss.aspx?playerid=10343&position=P"">Aaron Loup</a>",35.0,0.0,0.0
10591,"<a href=""statss.aspx?playerid=10591&position=P"">Scott Alexander</a>",33.0,0.0,0.0
10603,"<a href=""statss.aspx?playerid=10603&position=P"">Chris Sale</a>",34.0,0.0,0.0
10657,"<a href=""statss.aspx?playerid=10657&position=P"">Andrew Bellatti</a>",31.0,0.0,0.0
10756,"<a href=""statss.aspx?playerid=10756&position=P"">Shane Greene</a>",34.0,0.0,0.0
10835,"<a href=""statss.aspx?playerid=10835&position=P"">Michael Mariot</a>",34.0,0.0,0.0
10843,"<a href=""statss.aspx?playerid=10843&position=P"">Adam Kolarek</a>",34.0,0.0,0.0
10855,"<a href=""statss.aspx?playerid=10855&position=P"">Chasen Shreve</a>",32.0,0.0,0.0
11121,"<a href=""statss.aspx?playerid=11121&position=P"">Casey Lawrence</a>",35.0,0.0,0.0
11156,"<a href=""statss.aspx?playerid=11156&position=P"">Merrill Kelly</a>",34.0,0.0,0.0
11294,"<a href=""statss.aspx?playerid=11294&position=P"">Zach Neal</a>",34.0,0.0,0.0
11384,"<a href=""statss.aspx?playerid=11384&position=P"">Tommy Kahnle</a>",33.0,0.0,0.0
11423,"<a href=""statss.aspx?playerid=11423&position=P"">Jose Quintana</a>",34.0,0.0,0.0
11487,"<a href=""statss.aspx?playerid=11487&position=P"">Joely Rodriguez</a>",31.0,0.0,0.0
11589,"<a href=""statss.aspx?playerid=11589&position=P"">Jose Urena</a>",31.0,0.0,0.0
11674,"<a href=""statss.aspx?playerid=11674&position=P"">Jameson Taillon</a>",31.0,0.0,0.0
11752,"<a href=""statss.aspx?playerid=11752&position=P"">Luke Jackson</a>",31.0,0.0,0.0
11760,"<a href=""statss.aspx?playerid=11760&position=P"">Drew Smyly</a>",34.0,0.0,0.0
11762,"<a href=""statss.aspx?playerid=11762&position=P"">Noah Syndergaard</a>",30.0,0.0,0.0
11804,"<a href=""statss.aspx?playerid=11804&position=P"">Hector Neris</a>",34.0,0.0,0.0
11828,"<a href=""statss.aspx?playerid=11828&position=P"">James Paxton</a>",34.0,0.0,0.0
11836,"<a href=""statss.aspx?playerid=11836&position=P"">Taijuan Walker</a>",30.0,0.0,0.0
11847,"<a href=""statss.aspx?playerid=11847&position=P"">Chris Martin</a>",37.0,0.0,0.0
11861,"<a href=""statss.aspx?playerid=11861&position=P"">Jason Adam</a>",31.0,0.0,0.0
12049,"<a href=""statss.aspx?playerid=12049&position=P"">Kyle Hendricks</a>",33.0,0.0,0.0
12056,"<a href=""statss.aspx?playerid=12056&position=P"">Scott McGough</a>",33.0,0.0,0.0
12095,"<a href=""statss.aspx?playerid=12095&position=P"">Yimi Garcia</a>",32.0,0.0,0.0
12178,"<a href=""statss.aspx?playerid=12178&position=P"">Domingo Tapia</a>",31.0,0.0,0.0
12304,"<a href=""statss.aspx?playerid=12304&position=P"">Chris Bassitt</a>",34.0,0.0,0.0
12317,"<a href=""statss.aspx?playerid=12317&position=P"">Colin Rea</a>",32.0,0.0,0.0
12323,"<a href=""statss.aspx?playerid=12323&position=P"">Jacob Barnes</a>",33.0,0.0,0.0
12361,"<a href=""statss.aspx?playerid=12361&position=P"">Spencer Patton</a>",35.0,0.0,0.0
12447,"<a href=""statss.aspx?playerid=12447&position=P"">Seth Lugo</a>",33.0,0.0,0.0
12575,"<a href=""statss.aspx?playerid=12575&position=P"">Nick Ramirez</a>",33.0,0.0,0.0
12718,"<a href=""statss.aspx?playerid=12718&position=P"">Adrian Houser</a>",30.0,0.0,0.0
12730,"<a href=""statss.aspx?playerid=12730&position=P"">Nick Martinez</a>",32.0,0.0,0.0
12760,"<a href=""statss.aspx?playerid=12760&position=P"">Rafael Montero</a>",32.0,0.0,0.0
12763,"<a href=""statss.aspx?playerid=12763&position=P"">Chris Devenski</a>",32.0,0.0,0.0
12768,"<a href=""statss.aspx?playerid=12768&position=P"">Sonny Gray</a>",33.0,0.0,0.0
12777,"<a href=""statss.aspx?playerid=12777&position=P"">John Brebbia</a>",33.0,0.0,0.0
12791,"<a href=""statss.aspx?playerid=12791&position=P"">Michael Kelly</a>",30.0,0.0,0.0
12808,"<a href=""statss.aspx?playerid=12808&position=P"">Mike Clevinger</a>",32.0,0.0,0.0
12828,"<a href=""statss.aspx?playerid=12828&position=P"">Andrew Kittredge</a>",33.0,0.0,0.0
12857,"<a href=""statss.aspx?playerid=12857&position=P"">Shawn Armstrong</a>",32.0,0.0,0.0
12880,"<a href=""statss.aspx?playerid=12880&position=P"">Tyler Anderson</a>",33.0,0.0,0.0
12970,"<a href=""statss.aspx?playerid=12970&position=P"">Joe Musgrove</a>",30.0,0.0,0.0
12988,"<a href=""statss.aspx?playerid=12988&position=P"">Andrew Chafin</a>",33.0,0.0,0.0
13050,"<a href=""statss.aspx?playerid=13050&position=P"">Anthony DeSclafani</a>",33.0,0.0,0.0
13074,"<a href=""statss.aspx?playerid=13074&position=P"">Yu Darvish</a>",36.0,0.0,0.0
13125,"<a href=""statss.aspx?playerid=13125&position=P"">Gerrit Cole</a>",32.0,0.0,0.0
13133,"<a href=""statss.aspx?playerid=13133&position=P"">Derek Law</a>",32.0,0.0,0.0
13164,"<a href=""statss.aspx?playerid=13164&position=P"">Eduardo Rodriguez</a>",30.0,0.0,0.0
13183,"<a href=""statss.aspx?playerid=13183&position=P"">Zach Davies</a>",30.0,0.0,0.0
13190,"<a href=""statss.aspx?playerid=13190&position=P"">Jordan Weems</a>",30.0,0.0,0.0
13273,"<a href=""statss.aspx?playerid=13273&position=P"">Ross Stripling</a>",33.0,0.0,0.0
13276,"<a href=""statss.aspx?playerid=13276&position=P"">Matt Carasiti</a>",31.0,0.0,0.0
13293,"<a href=""statss.aspx?playerid=13293&position=P"">Danny Coulombe</a>",33.0,0.0,0.0
13346,"<a href=""statss.aspx?playerid=13346&position=P"">Hoby Milner</a>",32.0,0.0,0.0
13361,"<a href=""statss.aspx?playerid=13361&position=P"">Steven Matz</a>",32.0,0.0,0.0
13394,"<a href=""statss.aspx?playerid=13394&position=P"">Dylan Floro</a>",32.0,0.0,0.0
13420,"<a href=""statss.aspx?playerid=13420&position=P"">Matt Koch</a>",32.0,0.0,0.0
13424,"<a href=""statss.aspx?playerid=13424&position=P"">Drew VerHagen</a>",32.0,0.0,0.0
13431,"<a href=""statss.aspx?playerid=13431&position=P"">Marcus Stroman</a>",32.0,0.0,0.0
13435,"<a href=""statss.aspx?playerid=13435&position=P"">Pierce Johnson</a>",32.0,0.0,0.0
13449,"<a href=""statss.aspx?playerid=13449&position=P"">Taylor Rogers</a>",32.0,0.0,0.0
13470,"<a href=""statss.aspx?playerid=13470&position=P"">Lucas Sims</a>",29.0,0.0,0.0
13475,"<a href=""statss.aspx?playerid=13475&position=P"">Daniel Norris</a>",30.0,0.0,0.0
13528,"<a href=""statss.aspx?playerid=13528&position=P"">Matt Bowman</a>",32.0,0.0,0.0
13543,"<a href=""statss.aspx?playerid=13543&position=P"">Blake Snell</a>",30.0,0.0,0.0
13580,"<a href=""statss.aspx?playerid=13580&position=P"">Steven Okert</a>",31.0,0.0,0.0
13594,"<a href=""statss.aspx?playerid=13594&position=P"">Robert Stephenson</a>",30.0,0.0,0.0
13619,"<a href=""statss.aspx?playerid=13619&position=P"">Jakob Junis</a>",30.0,0.0,0.0
13649,"<a href=""statss.aspx?playerid=13649&position=P"">Clay Holmes</a>",30.0,0.0,0.0
13652,"<a href=""statss.aspx?playerid=13652&position=P"">Tayler Scott</a>",31.0,0.0,0.0
13699,"<a href=""statss.aspx?playerid=13699&position=P"">Jake Faria</a>",29.0,0.0,0.0
13707,"<a href=""statss.aspx?playerid=13707&position=P"">Joey Krehbiel</a>",30.0,0.0,0.0
13713,"<a href=""statss.aspx?playerid=13713&position=P"">Kyle Barraclough</a>",33.0,0.0,0.0
13743,"<a href=""statss.aspx?playerid=13743&position=P"">Max Fried</a>",29.0,0.0,0.0
13758,"<a href=""statss.aspx?playerid=13758&position=P"">Tyler Duffey</a>",32.0,0.0,0.0
13761,"<a href=""statss.aspx?playerid=13761&position=P"">Chris Stratton</a>",32.0,0.0,0.0
13763,"<a href=""statss.aspx?playerid=13763&position=P"">Dominic Leone</a>",31.0,0.0,0.0
13767,"<a href=""statss.aspx?playerid=13767&position=P"">JT Chargois</a>",32.0,0.0,0.0
13774,"<a href=""statss.aspx?playerid=13774&position=P"">Zach Eflin</a>",29.0,0.0,0.0
13781,"<a href=""statss.aspx?playerid=13781&position=P"">Alex Wood</a>",32.0,0.0,0.0
13799,"<a href=""statss.aspx?playerid=13799&position=P"">Matt Strahm</a>",31.0,0.0,0.0
13801,"<a href=""statss.aspx?playerid=13801&position=P"">Austin Adams</a>",32.0,0.0,0.0
13834,"<a href=""statss.aspx?playerid=13834&position=P"">Alec Mills</a>",31.0,0.0,0.0
13892,"<a href=""statss.aspx?playerid=13892&position=P"">Paul Sewald</a>",33.0,0.0,0.0
13896,"<a href=""statss.aspx?playerid=13896&position=P"">Chris Flexen</a>",28.0,0.0,0.0
13942,"<a href=""statss.aspx?playerid=13942&position=P"">Brent Suter</a>",33.0,0.0,0.0
14078,"<a href=""statss.aspx?playerid=14078&position=P"">Michael Wacha</a>",31.0,0.0,0.0
14107,"<a href=""statss.aspx?playerid=14107&position=P"">Kevin Gausman</a>",32.0,0.0,0.0
14168,"<a href=""statss.aspx?playerid=14168&position=P"">Jose Berrios</a>",29.0,0.0,0.0
14212,"<a href=""statss.aspx?playerid=14212&position=P"">Josh Hader</a>",29.0,0.0,0.0
14295,"<a href=""statss.aspx?playerid=14295&position=P"">Wandy Peralta</a>",31.0,0.0,0.0
14309,"<a href=""statss.aspx?playerid=14309&position=P"">Frankie Montas</a>",30.0,0.0,0.0
14332,"<a href=""statss.aspx?playerid=14332&position=P"">Joel Payamps</a>",29.0,0.0,0.0
14361,"<a href=""statss.aspx?playerid=14361&position=P"">Ty Blach</a>",32.0,0.0,0.0
14374,"<a href=""statss.aspx?playerid=14374&position=P"">Tyler Glasnow</a>",29.0,0.0,0.0
14375,"<a href=""statss.aspx?playerid=14375&position=P"">Amir Garrett</a>",31.0,0.0,0.0
14416,"<a href=""statss.aspx?playerid=14416&position=P"">Yunior Marte</a>",28.0,0.0,0.0
14420,"<a href=""statss.aspx?playerid=14420&position=P"">Jackson Stephens</a>",29.0,0.0,0.0
14444,"<a href=""statss.aspx?playerid=14444&position=P"">Hyun-Jin Ryu</a>",36.0,0.0,0.0
14509,"<a href=""statss.aspx?playerid=14509&position=P"">Dereck Rodriguez</a>",31.0,0.0,0.0
14510,"<a href=""statss.aspx?playerid=14510&position=P"">Thyago Vieira</a>",30.0,0.0,0.0
14524,"<a href=""statss.aspx?playerid=14524&position=P"">Jose Leclerc</a>",29.0,0.0,0.0
14527,"<a href=""statss.aspx?playerid=14527&position=P"">Jorge Lopez</a>",30.0,0.0,0.0
14542,"<a href=""statss.aspx?playerid=14542&position=P"">Carlos Estevez</a>",30.0,0.0,0.0
14552,"<a href=""statss.aspx?playerid=14552&position=P"">Jose Ruiz</a>",28.0,0.0,0.0
14663,"<a href=""statss.aspx?playerid=14663&position=P"">Chi Chi Gonzalez</a>",31.0,0.0,0.0
14681,"<a href=""statss.aspx?playerid=14681&position=P"">Andres Machado</a>",30.0,0.0,0.0
14739,"<a href=""statss.aspx?playerid=14739&position=P"">Paul Blackburn</a>",29.0,0.0,0.0
14764,"<a href=""statss.aspx?playerid=14764&position=P"">Wes Parsons</a>",30.0,0.0,0.0
14765,"<a href=""statss.aspx?playerid=14765&position=P"">Julio Urias</a>",26.0,0.0,0.0
14771,"<a href=""statss.aspx?playerid=14771&position=P"">Emilio Pagan</a>",32.0,0.0,0.0
14814,"<a href=""statss.aspx?playerid=14814&position=P"">Buck Farmer</a>",32.0,0.0,0.0
14825,"<a href=""statss.aspx?playerid=14825&position=P"">Dylan Covey</a>",31.0,0.0,0.0
14843,"<a href=""statss.aspx?playerid=14843&position=P"">Michael Lorenzen</a>",31.0,0.0,0.0
14857,"<a href=""statss.aspx?playerid=14857&position=P"">Joe Mantiply</a>",32.0,0.0,0.0
14874,"<a href=""statss.aspx?playerid=14874&position=P"">Sam Moll</a>",31.0,0.0,0.0
14916,"<a href=""statss.aspx?playerid=14916&position=P"">Jon Gray</a>",31.0,0.0,0.0
14932,"<a href=""statss.aspx?playerid=14932&position=P"">Ben Lively</a>",31.0,0.0,0.0
14986,"<a href=""statss.aspx?playerid=14986&position=P"">Giovanny Gallegos</a>",31.0,0.0,0.0
14993,"<a href=""statss.aspx?playerid=14993&position=P"">Scott Barlow</a>",30.0,0.0,0.0
15009,"<a href=""statss.aspx?playerid=15009&position=P"">Kyle Finnegan</a>",31.0,0.0,0.0
15042,"<a href=""statss.aspx?playerid=15042&position=P"">Tim Mayza</a>",31.0,0.0,0.0
15046,"<a href=""statss.aspx?playerid=15046&position=P"">Trevor Gott</a>",30.0,0.0,0.0
15047,"<a href=""statss.aspx?playerid=15047&position=P"">Austin Voth</a>",31.0,0.0,0.0
15068,"<a href=""statss.aspx?playerid=15068&position=P"">Yency Almonte</a>",29.0,0.0,0.0
15094,"<a href=""statss.aspx?playerid=15094&position=P"">Rob Zastryzny</a>",31.0,0.0,0.0
15100,"<a href=""statss.aspx?playerid=15100&position=P"">Ben Heller</a>",31.0,0.0,0.0
15145,"<a href=""statss.aspx?playerid=15145&position=P"">Justin Topa</a>",32.0,0.0,0.0
15157,"<a href=""statss.aspx?playerid=15157&position=P"">Jimmy Yacabonis</a>",31.0,0.0,0.0
15239,"<a href=""statss.aspx?playerid=15239&position=P"">Alan Busenitz</a>",32.0,0.0,0.0
15256,"<a href=""statss.aspx?playerid=15256&position=P"">Cole Sulser</a>",33.0,0.0,0.0
15264,"<a href=""statss.aspx?playerid=15264&position=P"">Keynan Middleton</a>",29.0,0.0,0.0
15290,"<a href=""statss.aspx?playerid=15290&position=P"">Austin Pruitt</a>",33.0,0.0,0.0
15369,"<a href=""statss.aspx?playerid=15369&position=P"">Kevin Herget</a>",32.0,0.0,0.0
15423,"<a href=""statss.aspx?playerid=15423&position=P"">Andrew Heaney</a>",32.0,0.0,0.0
15444,"<a href=""statss.aspx?playerid=15444&position=P"">Zack Weiss</a>",31.0,0.0,0.0
15454,"<a href=""statss.aspx?playerid=15454&position=P"">Nick Pivetta</a>",30.0,0.0,0.0
15474,"<a href=""statss.aspx?playerid=15474&position=P"">Lucas Giolito</a>",28.0,0.0,0.0
15507,"<a href=""statss.aspx?playerid=15507&position=P"">Hunter Harvey</a>",28.0,0.0,0.0
15514,"<a href=""statss.aspx?playerid=15514&position=P"">Kendall Graveman</a>",32.0,0.0,0.0
15541,"<a href=""statss.aspx?playerid=15541&position=P"">Tyler Rogers</a>",32.0,0.0,0.0
15551,"<a href=""statss.aspx?playerid=15551&position=P"">Mark Leiter Jr.</a>",32.0,0.0,0.0
15552,"<a href=""statss.aspx?playerid=15552&position=P"">Chad Green</a>",32.0,0.0,0.0
15594,"<a href=""statss.aspx?playerid=15594&position=P"">Nick Wittgren</a>",32.0,0.0,0.0
15684,"<a href=""statss.aspx?playerid=15684&position=P"">Miguel Castro</a>",28.0,0.0,0.0
15689,"<a href=""statss.aspx?playerid=15689&position=P"">Luis Castillo</a>",30.0,0.0,0.0
15690,"<a href=""statss.aspx?playerid=15690&position=P"">Jimmy Cordero</a>",31.0,0.0,0.0
15734,"<a href=""statss.aspx?playerid=15734&position=P"">Brad Keller</a>",27.0,0.0,0.0
15761,"<a href=""statss.aspx?playerid=15761&position=P"">Joe Jimenez</a>",28.0,0.0,0.0
15816,"<a href=""statss.aspx?playerid=15816&position=P"">Devin Williams</a>",28.0,0.0,0.0
15823,"<a href=""statss.aspx?playerid=15823&position=P"">Zack Littell</a>",27.0,0.0,0.0
15855,"<a href=""statss.aspx?playerid=15855&position=P"">Wander Suero</a>",31.0,0.0,0.0
15873,"<a href=""statss.aspx?playerid=15873&position=P"">Sean Manaea</a>",31.0,0.0,0.0
15890,"<a href=""statss.aspx?playerid=15890&position=P"">Luis Severino</a>",29.0,0.0,0.0
15947,"<a href=""statss.aspx?playerid=15947&position=P"">Ryne Stanek</a>",31.0,0.0,0.0
16122,"<a href=""statss.aspx?playerid=16122&position=P"">Jordan Romano</a>",30.0,0.0,0.0
16128,"<a href=""statss.aspx?playerid=16128&position=P"">John Curtiss</a>",30.0,0.0,0.0
16137,"<a href=""statss.aspx?playerid=16137&position=P"">Carlos Rodon</a>",30.0,0.0,0.0
16149,"<a href=""statss.aspx?playerid=16149&position=P"">Aaron Nola</a>",30.0,0.0,0.0
16162,"<a href=""statss.aspx?playerid=16162&position=P"">Brandon Woodruff</a>",30.0,0.0,0.0
16233,"<a href=""statss.aspx?playerid=16233&position=P"">Tejay Antone</a>",29.0,0.0,0.0
16256,"<a href=""statss.aspx?playerid=16256&position=P"">Kyle Freeland</a>",30.0,0.0,0.0
16258,"<a href=""statss.aspx?playerid=16258&position=P"">Aaron Bummer</a>",29.0,0.0,0.0
16269,"<a href=""statss.aspx?playerid=16269&position=P"">John Means</a>",30.0,0.0,0.0
16306,"<a href=""statss.aspx?playerid=16306&position=P"">Gerardo Reyes</a>",30.0,0.0,0.0
16350,"<a href=""statss.aspx?playerid=16350&position=P"">Ryan Borucki</a>",29.0,0.0,0.0
16400,"<a href=""statss.aspx?playerid=16400&position=P"">Reynaldo Lopez</a>",29.0,0.0,0.0
16401,"<a href=""statss.aspx?playerid=16401&position=P"">Yonny Chirinos</a>",29.0,0.0,0.0
16408,"<a href=""statss.aspx?playerid=16408&position=P"">Victor Gonzalez</a>",27.0,0.0,0.0
16466,"<a href=""statss.aspx?playerid=16466&position=P"">Brent Honeywell</a>",28.0,0.0,0.0
16502,"<a href=""statss.aspx?playerid=16502&position=P"">Ryan Yarbrough</a>",31.0,0.0,0.0
16511,"<a href=""statss.aspx?playerid=16511&position=P"">Jordan Montgomery</a>",30.0,0.0,0.0
16561,"<a href=""statss.aspx?playerid=16561&position=P"">Austin Gomber</a>",29.0,0.0,0.0
16587,"<a href=""statss.aspx?playerid=16587&position=P"">Erik Swanson</a>",29.0,0.0,0.0
16609,"<a href=""statss.aspx?playerid=16609&position=P"">Bryan Abreu</a>",26.0,0.0,0.0
16631,"<a href=""statss.aspx?playerid=16631&position=P"">Jeff Brigham</a>",31.0,0.0,0.0
16647,"<a href=""statss.aspx?playerid=16647&position=P"">Ryan Thompson</a>",31.0,0.0,0.0
16703,"<a href=""statss.aspx?playerid=16703&position=P"">Julian Merryweather</a>",31.0,0.0,0.0
16727,"<a href=""statss.aspx?playerid=16727&position=P"">Brock Stewart</a>",31.0,0.0,0.0
16754,"<a href=""statss.aspx?playerid=16754&position=P"">Vinny Nittoli</a>",32.0,0.0,0.0
16814,"<a href=""statss.aspx?playerid=16814&position=P"">Tim Hill</a>",33.0,0.0,0.0
16835,"<a href=""statss.aspx?playerid=16835&position=P"">Brennan Bernardino</a>",31.0,0.0,0.0
16866,"<a href=""statss.aspx?playerid=16866&position=P"">Reed Garrett</a>",30.0,0.0,0.0
16918,"<a href=""statss.aspx?playerid=16918&position=P"">Luke Weaver</a>",29.0,0.0,0.0
16929,"<a href=""statss.aspx?playerid=16929&position=P"">Touki Toussaint</a>",27.0,0.0,0.0
16942,"<a href=""statss.aspx?playerid=16942&position=P"">Luis F. Ortiz</a>",27.0,0.0,0.0
16943,"<a href=""statss.aspx?playerid=16943&position=P"">Sean Newcomb</a>",30.0,0.0,0.0
16977,"<a href=""statss.aspx?playerid=16977&position=P"">Trevor Williams</a>",31.0,0.0,0.0
16990,"<a href=""statss.aspx?playerid=16990&position=P"">Tanner Banks</a>",31.0,0.0,0.0
17034,"<a href=""statss.aspx?playerid=17034&position=P"">Sean Reid-Foley</a>",27.0,0.0,0.0
17085,"<a href=""statss.aspx?playerid=17085&position=P"">Pablo Lopez</a>",27.0,0.0,0.0
17130,"<a href=""statss.aspx?playerid=17130&position=P"">Raisel Iglesias</a>",33.0,0.0,0.0
17149,"<a href=""statss.aspx?playerid=17149&position=P"">Domingo German</a>",30.0,0.0,0.0
17169,"<a href=""statss.aspx?playerid=17169&position=P"">Jose Castillo</a>",27.0,0.0,0.0
17170,"<a href=""statss.aspx?playerid=17170&position=P"">Gabe Speier</a>",28.0,0.0,0.0
17186,"<a href=""statss.aspx?playerid=17186&position=P"">Dinelson Lamet</a>",30.0,0.0,0.0
17192,"<a href=""statss.aspx?playerid=17192&position=P"">Jalen Beeks</a>",29.0,0.0,0.0
17264,"<a href=""statss.aspx?playerid=17264&position=P"">Sam Coonrod</a>",30.0,0.0,0.0
17277,"<a href=""statss.aspx?playerid=17277&position=P"">Ranger Suarez</a>",27.0,0.0,0.0
17282,"<a href=""statss.aspx?playerid=17282&position=P"">Michael Kopech</a>",27.0,0.0,0.0
17292,"<a href=""statss.aspx?playerid=17292&position=P"">Javy Guerra</a>",27.0,0.0,0.0
17295,"<a href=""statss.aspx?playerid=17295&position=P"">Framber Valdez</a>",29.0,0.0,0.0
17312,"<a href=""statss.aspx?playerid=17312&position=P"">Justin Steele</a>",27.0,0.0,0.0
17432,"<a href=""statss.aspx?playerid=17432&position=P"">Jeff Hoffman</a>",30.0,0.0,0.0
17464,"<a href=""statss.aspx?playerid=17464&position=P"">Jonathan Hernandez</a>",26.0,0.0,0.0
17479,"<a href=""statss.aspx?playerid=17479&position=P"">Jack Flaherty</a>",27.0,0.0,0.0
17480,"<a href=""statss.aspx?playerid=17480&position=P"">Daniel Duarte</a>",26.0,0.0,0.0
17485,"<a href=""statss.aspx?playerid=17485&position=P"">Albert Abreu</a>",27.0,0.0,0.0
17489,"<a href=""statss.aspx?playerid=17489&position=P"">Spenser Watkins</a>",30.0,0.0,0.0
17490,"<a href=""statss.aspx?playerid=17490&position=P"">Genesis Cabrera</a>",26.0,0.0,0.0
17556,"<a href=""statss.aspx?playerid=17556&position=P"">Jimmy Herget</a>",29.0,0.0,0.0
17586,"<a href=""statss.aspx?playerid=17586&position=P"">Tanner Scott</a>",28.0,0.0,0.0
17594,"<a href=""statss.aspx?playerid=17594&position=P"">Mitch Keller</a>",27.0,0.0,0.0
17606,"<a href=""statss.aspx?playerid=17606&position=P"">Cristian Javier</a>",26.0,0.0,0.0
17610,"<a href=""statss.aspx?playerid=17610&position=P"">Tanner Rainey</a>",30.0,0.0,0.0
17611,"<a href=""statss.aspx?playerid=17611&position=P"">Taylor Clarke</a>",30.0,0.0,0.0
17639,"<a href=""statss.aspx?playerid=17639&position=P"">Justin Lawrence</a>",28.0,0.0,0.0
17701,"<a href=""statss.aspx?playerid=17701&position=P"">Jose Cuas</a>",29.0,0.0,0.0
17722,"<a href=""statss.aspx?playerid=17722&position=P"">Trevor Megill</a>",29.0,0.0,0.0
17732,"<a href=""statss.aspx?playerid=17732&position=P"">Nabil Crismatt</a>",28.0,0.0,0.0
17734,"<a href=""statss.aspx?playerid=17734&position=P"">Evan Phillips</a>",28.0,0.0,0.0
17735,"<a href=""statss.aspx?playerid=17735&position=P"">Tyler Alexander</a>",28.0,0.0,0.0
17755,"<a href=""statss.aspx?playerid=17755&position=P"">Drew Smith</a>",29.0,0.0,0.0
17759,"<a href=""statss.aspx?playerid=17759&position=P"">Angel Perdomo</a>",29.0,0.0,0.0
17780,"<a href=""statss.aspx?playerid=17780&position=P"">Jose Alvarado</a>",28.0,0.0,0.0
17793,"<a href=""statss.aspx?playerid=17793&position=P"">Trey Wingenter</a>",29.0,0.0,0.0
17859,"<a href=""statss.aspx?playerid=17859&position=P"">Adbert Alzolay</a>",28.0,0.0,0.0
17871,"<a href=""statss.aspx?playerid=17871&position=P"">Ian Gibaut</a>",29.0,0.0,0.0
17874,"<a href=""statss.aspx?playerid=17874&position=P"">Nestor Cortes</a>",28.0,0.0,0.0
17877,"<a href=""statss.aspx?playerid=17877&position=P"">Brett Kennedy</a>",28.0,0.0,0.0
17878,"<a href=""statss.aspx?playerid=17878&position=P"">Dennis Santana</a>",27.0,0.0,0.0
17888,"<a href=""statss.aspx?playerid=17888&position=P"">Tayler Saucedo</a>",30.0,0.0,0.0
17948,"<a href=""statss.aspx?playerid=17948&position=P"">Trent Thornton</a>",29.0,0.0,0.0
17964,"<a href=""statss.aspx?playerid=17964&position=P"">Tyler Gilbert</a>",29.0,0.0,0.0
17968,"<a href=""statss.aspx?playerid=17968&position=P"">Brock Burke</a>",26.0,0.0,0.0
17969,"<a href=""statss.aspx?playerid=17969&position=P"">Peter Lambert</a>",26.0,0.0,0.0
17995,"<a href=""statss.aspx?playerid=17995&position=P"">Logan Webb</a>",26.0,0.0,0.0
17998,"<a href=""statss.aspx?playerid=17998&position=P"">Pete Fairbanks</a>",29.0,0.0,0.0
18000,"<a href=""statss.aspx?playerid=18000&position=P"">Triston McKenzie</a>",25.0,0.0,0.0
18064,"<a href=""statss.aspx?playerid=18064&position=P"">Phil Maton</a>",30.0,0.0,0.0
18138,"<a href=""statss.aspx?playerid=18138&position=P"">Ryan Helsley</a>",28.0,0.0,0.0
18152,"<a href=""statss.aspx?playerid=18152&position=P"">Anthony Misiewicz</a>",28.0,0.0,0.0
18186,"<a href=""statss.aspx?playerid=18186&position=P"">James Naile</a>",30.0,0.0,0.0
18297,"<a href=""statss.aspx?playerid=18297&position=P"">Tyler Kinley</a>",32.0,0.0,0.0
18300,"<a href=""statss.aspx?playerid=18300&position=P"">Andrew Suarez</a>",30.0,0.0,0.0
18311,"<a href=""statss.aspx?playerid=18311&position=P"">Carson Fulmer</a>",29.0,0.0,0.0
18323,"<a href=""statss.aspx?playerid=18323&position=P"">Josh Sborz</a>",29.0,0.0,0.0
18325,"<a href=""statss.aspx?playerid=18325&position=P"">Taylor Hearn</a>",28.0,0.0,0.0
18333,"<a href=""statss.aspx?playerid=18333&position=P"">Alex Young</a>",29.0,0.0,0.0
18337,"<a href=""statss.aspx?playerid=18337&position=P"">Nick Anderson</a>",32.0,0.0,0.0
18356,"<a href=""statss.aspx?playerid=18356&position=P"">Jaime Barria</a>",26.0,0.0,0.0
18383,"<a href=""statss.aspx?playerid=18383&position=P"">Michael Soroka</a>",25.0,0.0,0.0
18403,"<a href=""statss.aspx?playerid=18403&position=P"">Enyel De Los Santos</a>",27.0,0.0,0.0
18413,"<a href=""statss.aspx?playerid=18413&position=P"">Jose Urquidy</a>",28.0,0.0,0.0
18454,"<a href=""statss.aspx?playerid=18454&position=P"">Trevor Kelley</a>",30.0,0.0,0.0
18498,"<a href=""statss.aspx?playerid=18498&position=P"">Kenta Maeda</a>",35.0,0.0,0.0
18519,"<a href=""statss.aspx?playerid=18519&position=P"">Phil Bickford</a>",27.0,0.0,0.0
18525,"<a href=""statss.aspx?playerid=18525&position=P"">Dylan Cease</a>",27.0,0.0,0.0
18548,"<a href=""statss.aspx?playerid=18548&position=P"">Sam Hentges</a>",26.0,0.0,0.0
18554,"<a href=""statss.aspx?playerid=18554&position=P"">Enmanuel De Jesus</a>",26.0,0.0,0.0
18592,"<a href=""statss.aspx?playerid=18592&position=P"">Hector Perez</a>",27.0,0.0,0.0
18615,"<a href=""statss.aspx?playerid=18615&position=P"">Hobie Harris</a>",30.0,0.0,0.0
18655,"<a href=""statss.aspx?playerid=18655&position=P"">A.J. Minter</a>",29.0,0.0,0.0
18674,"<a href=""statss.aspx?playerid=18674&position=P"">Jake Woodford</a>",26.0,0.0,0.0
18679,"<a href=""statss.aspx?playerid=18679&position=P"">Freddy Peralta</a>",27.0,0.0,0.0
18684,"<a href=""statss.aspx?playerid=18684&position=P"">Sandy Alcantara</a>",27.0,0.0,0.0
18694,"<a href=""statss.aspx?playerid=18694&position=P"">Kolby Allard</a>",25.0,0.0,0.0
18815,"<a href=""statss.aspx?playerid=18815&position=P"">Miguel Diaz</a>",28.0,0.0,0.0
18864,"<a href=""statss.aspx?playerid=18864&position=P"">Pedro Avila</a>",26.0,0.0,0.0
19179,"<a href=""statss.aspx?playerid=19179&position=P"">Kirby Snead</a>",28.0,0.0,0.0
19205,"<a href=""statss.aspx?playerid=19205&position=P"">Jesse Scholtens</a>",29.0,0.0,0.0
19206,"<a href=""statss.aspx?playerid=19206&position=P"">Dakota Hudson</a>",28.0,0.0,0.0
19225,"<a href=""statss.aspx?playerid=19225&position=P"">Mitch White</a>",28.0,0.0,0.0
19244,"<a href=""statss.aspx?playerid=19244&position=P"">Cole Irvin</a>",29.0,0.0,0.0
19249,"<a href=""statss.aspx?playerid=19249&position=P"">Seranthony Dominguez</a>",28.0,0.0,0.0
19261,"<a href=""statss.aspx?playerid=19261&position=P"">Ian Hamilton</a>",28.0,0.0,0.0
19264,"<a href=""statss.aspx?playerid=19264&position=P"">Thomas Hatch</a>",28.0,0.0,0.0
19274,"<a href=""statss.aspx?playerid=19274&position=P"">Jacob Webb</a>",29.0,0.0,0.0
19281,"<a href=""statss.aspx?playerid=19281&position=P"">Nick Hernandez</a>",28.0,0.0,0.0
19291,"<a href=""statss.aspx?playerid=19291&position=P"">Zac Gallen</a>",27.0,0.0,0.0
19309,"<a href=""statss.aspx?playerid=19309&position=P"">Trevor Richards</a>",30.0,0.0,0.0
19312,"<a href=""statss.aspx?playerid=19312&position=P"">Cal Quantrill</a>",28.0,0.0,0.0
19315,"<a href=""statss.aspx?playerid=19315&position=P"">Matt Krook</a>",28.0,0.0,0.0
19316,"<a href=""statss.aspx?playerid=19316&position=P"">Eric Lauer</a>",28.0,0.0,0.0
19320,"<a href=""statss.aspx?playerid=19320&position=P"">Joey Lucchesi</a>",30.0,0.0,0.0
19330,"<a href=""statss.aspx?playerid=19330&position=P"">Matt Festa</a>",30.0,0.0,0.0
19337,"<a href=""statss.aspx?playerid=19337&position=P"">Richard Lovelady</a>",27.0,0.0,0.0
19343,"<a href=""statss.aspx?playerid=19343&position=P"">A.J. Puk</a>",28.0,0.0,0.0
19349,"<a href=""statss.aspx?playerid=19349&position=P"">Caleb Ferguson</a>",26.0,0.0,0.0
19350,"<a href=""statss.aspx?playerid=19350&position=P"">Dean Kremer</a>",27.0,0.0,0.0
19360,"<a href=""statss.aspx?playerid=19360&position=P"">Lucas Erceg</a>",28.0,0.0,0.0
19361,"<a href=""statss.aspx?playerid=19361&position=P"">Corbin Burnes</a>",28.0,0.0,0.0
19388,"<a href=""statss.aspx?playerid=19388&position=P"">Tony Gonsolin</a>",29.0,0.0,0.0
19403,"<a href=""statss.aspx?playerid=19403&position=P"">Colin Poche</a>",29.0,0.0,0.0
19407,"<a href=""statss.aspx?playerid=19407&position=P"">Ronel Blanco</a>",29.0,0.0,0.0
19409,"<a href=""statss.aspx?playerid=19409&position=P"">Dane Dunning</a>",28.0,0.0,0.0
19427,"<a href=""statss.aspx?playerid=19427&position=P"">Shane Bieber</a>",28.0,0.0,0.0
19444,"<a href=""statss.aspx?playerid=19444&position=P"">Yohan Ramirez</a>",28.0,0.0,0.0
19447,"<a href=""statss.aspx?playerid=19447&position=P"">Patrick Sandoval</a>",26.0,0.0,0.0
19454,"<a href=""statss.aspx?playerid=19454&position=P"">Michael Rucker</a>",29.0,0.0,0.0
19459,"<a href=""statss.aspx?playerid=19459&position=P"">Jorge Alcala</a>",27.0,0.0,0.0
19479,"<a href=""statss.aspx?playerid=19479&position=P"">Aaron Civale</a>",28.0,0.0,0.0
19482,"<a href=""statss.aspx?playerid=19482&position=P"">Andrew Vasquez</a>",29.0,0.0,0.0
19487,"<a href=""statss.aspx?playerid=19487&position=P"">Devin Smeltzer</a>",27.0,0.0,0.0
19531,"<a href=""statss.aspx?playerid=19531&position=P"">Jason Foley</a>",27.0,0.0,0.0
19541,"<a href=""statss.aspx?playerid=19541&position=P"">Jimmy Lambert</a>",28.0,0.0,0.0
19558,"<a href=""statss.aspx?playerid=19558&position=P"">Geoff Hartlieb</a>",29.0,0.0,0.0
19569,"<a href=""statss.aspx?playerid=19569&position=P"">David Bednar</a>",28.0,0.0,0.0
19574,"<a href=""statss.aspx?playerid=19574&position=P"">JoJo Romero</a>",26.0,0.0,0.0
19588,"<a href=""statss.aspx?playerid=19588&position=P"">Guillo Zuniga</a>",24.0,0.0,0.0
19614,"<a href=""statss.aspx?playerid=19614&position=P"">Cionel Perez</a>",27.0,0.0,0.0
19618,"<a href=""statss.aspx?playerid=19618&position=P"">Jordan Hicks</a>",26.0,0.0,0.0
19665,"<a href=""statss.aspx?playerid=19665&position=P"">Kyle Wright</a>",27.0,0.0,0.0
19677,"<a href=""statss.aspx?playerid=19677&position=P"">Gregory Soto</a>",28.0,0.0,0.0
19695,"<a href=""statss.aspx?playerid=19695&position=P"">Connor Seabold</a>",27.0,0.0,0.0
19736,"<a href=""statss.aspx?playerid=19736&position=P"">Caleb Boushley</a>",29.0,0.0,0.0
19753,"<a href=""statss.aspx?playerid=19753&position=P"">Jonathan Loaisiga</a>",28.0,0.0,0.0
19769,"<a href=""statss.aspx?playerid=19769&position=P"">Will Vest</a>",28.0,0.0,0.0
19784,"<a href=""statss.aspx?playerid=19784&position=P"">Justin Garza</a>",29.0,0.0,0.0
19795,"<a href=""statss.aspx?playerid=19795&position=P"">Keegan Thompson</a>",28.0,0.0,0.0
19804,"<a href=""statss.aspx?playerid=19804&position=P"">Bryan Baker</a>",28.0,0.0,0.0
19805,"<a href=""statss.aspx?playerid=19805&position=P"">Daniel Castano</a>",28.0,0.0,0.0
19853,"<a href=""statss.aspx?playerid=19853&position=P"">Michael King</a>",28.0,0.0,0.0
19866,"<a href=""statss.aspx?playerid=19866&position=P"">Brandon Bielak</a>",27.0,0.0,0.0
19867,"<a href=""statss.aspx?playerid=19867&position=P"">Griffin Canning</a>",27.0,0.0,0.0
19871,"<a href=""statss.aspx?playerid=19871&position=P"">Tucker Davidson</a>",27.0,0.0,0.0
19874,"<a href=""statss.aspx?playerid=19874&position=P"">Alex Faedo</a>",27.0,0.0,0.0
19876,"<a href=""statss.aspx?playerid=19876&position=P"">Kevin Ginkel</a>",29.0,0.0,0.0
19879,"<a href=""statss.aspx?playerid=19879&position=P"">Tanner Houck</a>",27.0,0.0,0.0
19883,"<a href=""statss.aspx?playerid=19883&position=P"">Alex Lange</a>",27.0,0.0,0.0
19891,"<a href=""statss.aspx?playerid=19891&position=P"">Ryder Ryan</a>",28.0,0.0,0.0
19899,"<a href=""statss.aspx?playerid=19899&position=P"">Clarke Schmidt</a>",27.0,0.0,0.0
19911,"<a href=""statss.aspx?playerid=19911&position=P"">Jose Suarez</a>",25.0,0.0,0.0
19924,"<a href=""statss.aspx?playerid=19924&position=P"">Bryan Hudson</a>",26.0,0.0,0.0
19926,"<a href=""statss.aspx?playerid=19926&position=P"">Tony Santillan</a>",26.0,0.0,0.0
19932,"<a href=""statss.aspx?playerid=19932&position=P"">Trevor Stephan</a>",27.0,0.0,0.0
19959,"<a href=""statss.aspx?playerid=19959&position=P"">Jesus Luzardo</a>",25.0,0.0,0.0
19962,"<a href=""statss.aspx?playerid=19962&position=P"">Joey Wentz</a>",25.0,0.0,0.0
19976,"<a href=""statss.aspx?playerid=19976&position=P"">Tyson Miller</a>",27.0,0.0,0.0
19990,"<a href=""statss.aspx?playerid=19990&position=P"">Bryse Wilson</a>",25.0,0.0,0.0
19995,"<a href=""statss.aspx?playerid=19995&position=P"">Joel Kuhnel</a>",28.0,0.0,0.0
19996,"<a href=""statss.aspx?playerid=19996&position=P"">Dylan Lee</a>",28.0,0.0,0.0
20000,"<a href=""statss.aspx?playerid=20000&position=P"">Tyler Wells</a>",28.0,0.0,0.0
20009,"<a href=""statss.aspx?playerid=20009&position=P"">Kenny Rosenberg</a>",27.0,0.0,0.0
20020,"<a href=""statss.aspx?playerid=20020&position=P"">John Schreiber</a>",29.0,0.0,0.0
20023,"<a href=""statss.aspx?playerid=20023&position=P"">Rico Garcia</a>",29.0,0.0,0.0
20038,"<a href=""statss.aspx?playerid=20038&position=P"">Darren McCaughan</a>",27.0,0.0,0.0
20039,"<a href=""statss.aspx?playerid=20039&position=P"">Adrian Morejon</a>",24.0,0.0,0.0
20061,"<a href=""statss.aspx?playerid=20061&position=P"">Kaleb Ort</a>",31.0,0.0,0.0
20070,"<a href=""statss.aspx?playerid=20070&position=P"">Bailey Falter</a>",26.0,0.0,0.0
20080,"<a href=""statss.aspx?playerid=20080&position=P"">Mauricio Llovera</a>",27.0,0.0,0.0
20099,"<a href=""statss.aspx?playerid=20099&position=P"">Chris Paddack</a>",27.0,0.0,0.0
20116,"<a href=""statss.aspx?playerid=20116&position=P"">Calvin Faucher</a>",27.0,0.0,0.0
20151,"<a href=""statss.aspx?playerid=20151&position=P"">James Karinchak</a>",27.0,0.0,0.0
20153,"<a href=""statss.aspx?playerid=20153&position=P"">Nick Nelson</a>",27.0,0.0,0.0
20160,"<a href=""statss.aspx?playerid=20160&position=P"">Nate Pearson</a>",26.0,0.0,0.0
20167,"<a href=""statss.aspx?playerid=20167&position=P"">Kyle Muller</a>",25.0,0.0,0.0
20190,"<a href=""statss.aspx?playerid=20190&position=P"">Chad Smith</a>",28.0,0.0,0.0
20191,"<a href=""statss.aspx?playerid=20191&position=P"">Garrett Whitlock</a>",27.0,0.0,0.0
20203,"<a href=""statss.aspx?playerid=20203&position=P"">Eli Morgan</a>",27.0,0.0,0.0
20206,"<a href=""statss.aspx?playerid=20206&position=P"">Mike Baumann</a>",27.0,0.0,0.0
20231,"<a href=""statss.aspx?playerid=20231&position=P"">Zach Logue</a>",27.0,0.0,0.0
20253,"<a href=""statss.aspx?playerid=20253&position=P"">Griffin Jax</a>",28.0,0.0,0.0
20271,"<a href=""statss.aspx?playerid=20271&position=P"">Daysbel Hernandez</a>",26.0,0.0,0.0
20276,"<a href=""statss.aspx?playerid=20276&position=P"">Deivi Garcia</a>",24.0,0.0,0.0
20277,"<a href=""statss.aspx?playerid=20277&position=P"">Cory Abbott</a>",27.0,0.0,0.0
20298,"<a href=""statss.aspx?playerid=20298&position=P"">Jhonathan Diaz</a>",26.0,0.0,0.0
20302,"<a href=""statss.aspx?playerid=20302&position=P"">David Peterson</a>",27.0,0.0,0.0
20349,"<a href=""statss.aspx?playerid=20349&position=P"">Zack Kelly</a>",28.0,0.0,0.0
20353,"<a href=""statss.aspx?playerid=20353&position=P"">Steven Wilson</a>",28.0,0.0,0.0
20367,"<a href=""statss.aspx?playerid=20367&position=P"">Brusdar Graterol</a>",24.0,0.0,0.0
20369,"<a href=""statss.aspx?playerid=20369&position=P"">Matt Manning</a>",25.0,0.0,0.0
20370,"<a href=""statss.aspx?playerid=20370&position=P"">Bruce Zimmermann</a>",28.0,0.0,0.0
20373,"<a href=""statss.aspx?playerid=20373&position=P"">Andres Munoz</a>",24.0,0.0,0.0
20375,"<a href=""statss.aspx?playerid=20375&position=P"">Greg Weissert</a>",28.0,0.0,0.0
20387,"<a href=""statss.aspx?playerid=20387&position=P"">Anthony Kay</a>",28.0,0.0,0.0
20418,"<a href=""statss.aspx?playerid=20418&position=P"">Josh Fleming</a>",27.0,0.0,0.0
20422,"<a href=""statss.aspx?playerid=20422&position=P"">Jovani Moran</a>",26.0,0.0,0.0
20423,"<a href=""statss.aspx?playerid=20423&position=P"">Ryan Walker</a>",27.0,0.0,0.0
20491,"<a href=""statss.aspx?playerid=20491&position=P"">J.B. Bukauskas</a>",26.0,0.0,0.0
20515,"<a href=""statss.aspx?playerid=20515&position=P"">Kyle Nelson</a>",26.0,0.0,0.0
20517,"<a href=""statss.aspx?playerid=20517&position=P"">Nick Sandlin</a>",26.0,0.0,0.0
20526,"<a href=""statss.aspx?playerid=20526&position=P"">Denyi Reyes</a>",26.0,0.0,0.0
20531,"<a href=""statss.aspx?playerid=20531&position=P"">Kutter Crawford</a>",27.0,0.0,0.0
20546,"<a href=""statss.aspx?playerid=20546&position=P"">Grant Anderson</a>",26.0,0.0,0.0
20548,"<a href=""statss.aspx?playerid=20548&position=P"">Bowden Francis</a>",27.0,0.0,0.0
20617,"<a href=""statss.aspx?playerid=20617&position=P"">JC Mejia</a>",26.0,0.0,0.0
20633,"<a href=""statss.aspx?playerid=20633&position=P"">Yusei Kikuchi</a>",32.0,0.0,0.0
20666,"<a href=""statss.aspx?playerid=20666&position=P"">Felix Bautista</a>",28.0,0.0,0.0
20778,"<a href=""statss.aspx?playerid=20778&position=P"">Cristopher Sanchez</a>",26.0,0.0,0.0
20962,"<a href=""statss.aspx?playerid=20962&position=P"">Elvin Rodriguez</a>",25.0,0.0,0.0
20997,"<a href=""statss.aspx?playerid=20997&position=P"">Eduard Bazardo</a>",27.0,0.0,0.0
21018,"<a href=""statss.aspx?playerid=21018&position=P"">Francisco Perez</a>",25.0,0.0,0.0
21023,"<a href=""statss.aspx?playerid=21023&position=P"">Adrian Martinez</a>",26.0,0.0,0.0
21025,"<a href=""statss.aspx?playerid=21025&position=P"">Oliver Ortega</a>",26.0,0.0,0.0
21029,"<a href=""statss.aspx?playerid=21029&position=P"">Jhoan Duran</a>",25.0,0.0,0.0
21032,"<a href=""statss.aspx?playerid=21032&position=P"">Emmanuel Clase</a>",25.0,0.0,0.0
21045,"<a href=""statss.aspx?playerid=21045&position=P"">Seth Martinez</a>",28.0,0.0,0.0
21093,"<a href=""statss.aspx?playerid=21093&position=P"">Nick Vespi</a>",27.0,0.0,0.0
21101,"<a href=""statss.aspx?playerid=21101&position=P"">Dauri Moreta</a>",27.0,0.0,0.0
21131,"<a href=""statss.aspx?playerid=21131&position=P"">Jose Espada</a>",26.0,0.0,0.0
21132,"<a href=""statss.aspx?playerid=21132&position=P"">Alexis Diaz</a>",26.0,0.0,0.0
21163,"<a href=""statss.aspx?playerid=21163&position=P"">Angel Felipe</a>",25.0,0.0,0.0
21170,"<a href=""statss.aspx?playerid=21170&position=P"">Dany Jimenez</a>",29.0,0.0,0.0
21212,"<a href=""statss.aspx?playerid=21212&position=P"">J.P. France</a>",28.0,0.0,0.0
21224,"<a href=""statss.aspx?playerid=21224&position=P"">Bailey Ober</a>",27.0,0.0,0.0
21238,"<a href=""statss.aspx?playerid=21238&position=P"">Allan Winans</a>",27.0,0.0,0.0
21267,"<a href=""statss.aspx?playerid=21267&position=P"">Jake Bird</a>",27.0,0.0,0.0
21281,"<a href=""statss.aspx?playerid=21281&position=P"">Tommy Doyle</a>",27.0,0.0,0.0
21298,"<a href=""statss.aspx?playerid=21298&position=P"">Andre Jackson</a>",27.0,0.0,0.0
21306,"<a href=""statss.aspx?playerid=21306&position=P"">Jacob Latz</a>",27.0,0.0,0.0
21318,"<a href=""statss.aspx?playerid=21318&position=P"">Tylor Megill</a>",27.0,0.0,0.0
21324,"<a href=""statss.aspx?playerid=21324&position=P"">Parker Mushinski</a>",27.0,0.0,0.0
21327,"<a href=""statss.aspx?playerid=21327&position=P"">Nicholas Padilla</a>",26.0,0.0,0.0
21345,"<a href=""statss.aspx?playerid=21345&position=P"">Bennett Sousa</a>",28.0,0.0,0.0
21366,"<a href=""statss.aspx?playerid=21366&position=P"">Glenn Otto</a>",27.0,0.0,0.0
21367,"<a href=""statss.aspx?playerid=21367&position=P"">Peter Strzelecki</a>",28.0,0.0,0.0
21390,"<a href=""statss.aspx?playerid=21390&position=P"">Joe Ryan</a>",27.0,0.0,0.0
21420,"<a href=""statss.aspx?playerid=21420&position=P"">Yerry De Los Santos</a>",25.0,0.0,0.0
21446,"<a href=""statss.aspx?playerid=21446&position=P"">Ryan Feltner</a>",26.0,0.0,0.0
21461,"<a href=""statss.aspx?playerid=21461&position=P"">Cole Sands</a>",25.0,0.0,0.0
21481,"<a href=""statss.aspx?playerid=21481&position=P"">Sean Hjelle</a>",26.0,0.0,0.0
21483,"<a href=""statss.aspx?playerid=21483&position=P"">Shane McClanahan</a>",26.0,0.0,0.0
21504,"<a href=""statss.aspx?playerid=21504&position=P"">Jake Irvin</a>",26.0,0.0,0.0
21513,"<a href=""statss.aspx?playerid=21513&position=P"">Thad Ward</a>",26.0,0.0,0.0
21520,"<a href=""statss.aspx?playerid=21520&position=P"">Hogan Harris</a>",26.0,0.0,0.0
21527,"<a href=""statss.aspx?playerid=21527&position=P"">James McArthur</a>",26.0,0.0,0.0
21537,"<a href=""statss.aspx?playerid=21537&position=P"">Daniel Lynch IV</a>",26.0,0.0,0.0
21549,"<a href=""statss.aspx?playerid=21549&position=P"">Jackson Kowar</a>",26.0,0.0,0.0
21584,"<a href=""statss.aspx?playerid=21584&position=P"">Tristan Beck</a>",27.0,0.0,0.0
21649,"<a href=""statss.aspx?playerid=21649&position=P"">Luis Medina</a>",24.0,0.0,0.0
21652,"<a href=""statss.aspx?playerid=21652&position=P"">Elvis Peguero</a>",26.0,0.0,0.0
21690,"<a href=""statss.aspx?playerid=21690&position=P"">Edward Cabrera</a>",25.0,0.0,0.0
21741,"<a href=""statss.aspx?playerid=21741&position=P"">Javier Assad</a>",25.0,0.0,0.0
21761,"<a href=""statss.aspx?playerid=21761&position=P"">Jose Marte</a>",27.0,0.0,0.0
21844,"<a href=""statss.aspx?playerid=21844&position=P"">Braxton Garrett</a>",25.0,0.0,0.0
21846,"<a href=""statss.aspx?playerid=21846&position=P"">Cole Ragans</a>",25.0,0.0,0.0
21850,"<a href=""statss.aspx?playerid=21850&position=P"">Mason Thompson</a>",25.0,0.0,0.0
21859,"<a href=""statss.aspx?playerid=21859&position=P"">Alex Speas</a>",25.0,0.0,0.0
21863,"<a href=""statss.aspx?playerid=21863&position=P"">George Soriano</a>",24.0,0.0,0.0
21866,"<a href=""statss.aspx?playerid=21866&position=P"">Jordan Balazovic</a>",24.0,0.0,0.0
21894,"<a href=""statss.aspx?playerid=21894&position=P"">Gregory Santos</a>",23.0,0.0,0.0
21955,"<a href=""statss.aspx?playerid=21955&position=P"">Yerry Rodriguez</a>",25.0,0.0,0.0
21956,"<a href=""statss.aspx?playerid=21956&position=P"">Max Castillo</a>",24.0,0.0,0.0
21992,"<a href=""statss.aspx?playerid=21992&position=P"">Camilo Doval</a>",25.0,0.0,0.0
21997,"<a href=""statss.aspx?playerid=21997&position=P"">Luis Frias</a>",25.0,0.0,0.0
22051,"<a href=""statss.aspx?playerid=22051&position=P"">John King</a>",28.0,0.0,0.0
22100,"<a href=""statss.aspx?playerid=22100&position=P"">Jose Soriano</a>",24.0,0.0,0.0
22116,"<a href=""statss.aspx?playerid=22116&position=P"">Hagen Danner</a>",24.0,0.0,0.0
22182,"<a href=""statss.aspx?playerid=22182&position=P"">Hunter Greene</a>",23.0,0.0,0.0
22201,"<a href=""statss.aspx?playerid=22201&position=P"">MacKenzie Gore</a>",24.0,0.0,0.0
22207,"<a href=""statss.aspx?playerid=22207&position=P"">DL Hall</a>",24.0,0.0,0.0
22224,"<a href=""statss.aspx?playerid=22224&position=P"">Jonathan Heasley</a>",26.0,0.0,0.0
22250,"<a href=""statss.aspx?playerid=22250&position=P"">Logan Gilbert</a>",26.0,0.0,0.0
22261,"<a href=""statss.aspx?playerid=22261&position=OF"">Bubba Thompson</a>",25.0,0.0,0.0
22267,"<a href=""statss.aspx?playerid=22267&position=P"">Tarik Skubal</a>",26.0,0.0,0.0
22273,"<a href=""statss.aspx?playerid=22273&position=P"">Owen White</a>",23.0,0.0,0.0
22276,"<a href=""statss.aspx?playerid=22276&position=P"">Dylan Coleman</a>",26.0,0.0,0.0
22288,"<a href=""statss.aspx?playerid=22288&position=P"">Mason Englert</a>",23.0,0.0,0.0
22294,"<a href=""statss.aspx?playerid=22294&position=P"">Matthew Liberatore</a>",23.0,0.0,0.0
22296,"<a href=""statss.aspx?playerid=22296&position=P"">Joe Barlow</a>",27.0,0.0,0.0
22304,"<a href=""statss.aspx?playerid=22304&position=P"">Brenan Hanifee</a>",25.0,0.0,0.0
22318,"<a href=""statss.aspx?playerid=22318&position=P"">Jose Hernandez</a>",25.0,0.0,0.0
22361,"<a href=""statss.aspx?playerid=22361&position=P"">Colin Holderman</a>",27.0,0.0,0.0
22387,"<a href=""statss.aspx?playerid=22387&position=P"">Josh Winckowski</a>",25.0,0.0,0.0
22487,"<a href=""statss.aspx?playerid=22487&position=P"">Johan Oviedo</a>",25.0,0.0,0.0
22543,"<a href=""statss.aspx?playerid=22543&position=P"">Taj Bradley</a>",22.0,0.0,0.0
22713,"<a href=""statss.aspx?playerid=22713&position=P"">Carlos Hernandez</a>",26.0,0.0,0.0
22717,"<a href=""statss.aspx?playerid=22717&position=P"">Angel Zerpa</a>",23.0,0.0,0.0
22810,"<a href=""statss.aspx?playerid=22810&position=P"">Roansy Contreras</a>",23.0,0.0,0.0
22815,"<a href=""statss.aspx?playerid=22815&position=P"">Luis Patino</a>",23.0,0.0,0.0
22872,"<a href=""statss.aspx?playerid=22872&position=P"">Yoendrys Gomez</a>",23.0,0.0,0.0
22925,"<a href=""statss.aspx?playerid=22925&position=P"">Joan Adon</a>",24.0,0.0,0.0
22932,"<a href=""statss.aspx?playerid=22932&position=P"">Prelander Berroa</a>",23.0,0.0,0.0
23135,"<a href=""statss.aspx?playerid=23135&position=P"">Eduardo Salazar</a>",25.0,0.0,0.0
23150,"<a href=""statss.aspx?playerid=23150&position=P"">Osvaldo Bido</a>",27.0,0.0,0.0
23165,"<a href=""statss.aspx?playerid=23165&position=P"">Steven Cruz</a>",24.0,0.0,0.0
23191,"<a href=""statss.aspx?playerid=23191&position=P"">Michael Plassmeyer</a>",26.0,0.0,0.0
23221,"<a href=""statss.aspx?playerid=23221&position=P"">Michael Grove</a>",26.0,0.0,0.0
23252,"<a href=""statss.aspx?playerid=23252&position=P"">Spencer Howard</a>",26.0,0.0,0.0
23265,"<a href=""statss.aspx?playerid=23265&position=P"">Cody Bolton</a>",25.0,0.0,0.0
23301,"<a href=""statss.aspx?playerid=23301&position=P"">Janson Junk</a>",27.0,0.0,0.0
23307,"<a href=""statss.aspx?playerid=23307&position=P"">Collin Snider</a>",27.0,0.0,0.0
23313,"<a href=""statss.aspx?playerid=23313&position=P"">Jose Butto</a>",25.0,0.0,0.0
23324,"<a href=""statss.aspx?playerid=23324&position=P"">Freddy Tarnok</a>",24.0,0.0,0.0
23363,"<a href=""statss.aspx?playerid=23363&position=P"">Robert Garcia</a>",27.0,0.0,0.0
23429,"<a href=""statss.aspx?playerid=23429&position=P"">JP Sears</a>",27.0,0.0,0.0
23443,"<a href=""statss.aspx?playerid=23443&position=P"">Tom Cosgrove</a>",27.0,0.0,0.0
23455,"<a href=""statss.aspx?playerid=23455&position=P"">Hunter Stratton</a>",26.0,0.0,0.0
23488,"<a href=""statss.aspx?playerid=23488&position=P"">Ron Marinaccio</a>",27.0,0.0,0.0
23499,"<a href=""statss.aspx?playerid=23499&position=P"">Keaton Winn</a>",25.0,0.0,0.0
23617,"<a href=""statss.aspx?playerid=23617&position=P"">Josh Walker</a>",28.0,0.0,0.0
23631,"<a href=""statss.aspx?playerid=23631&position=P"">Clayton Andrews</a>",26.0,0.0,0.0
23779,"<a href=""statss.aspx?playerid=23779&position=P"">Justin Bruihl</a>",26.0,0.0,0.0
23796,"<a href=""statss.aspx?playerid=23796&position=P"">Ryan Weathers</a>",23.0,0.0,0.0
23809,"<a href=""statss.aspx?playerid=23809&position=P"">Ray Kerr</a>",28.0,0.0,0.0
23920,"<a href=""statss.aspx?playerid=23920&position=P"">Brayan Bello</a>",24.0,0.0,0.0
24017,"<a href=""statss.aspx?playerid=24017&position=P"">Jose A. Ferrer</a>",23.0,0.0,0.0
24363,"<a href=""statss.aspx?playerid=24363&position=P"">Edgar Navarro</a>",25.0,0.0,0.0
24453,"<a href=""statss.aspx?playerid=24453&position=P"">Justin Martinez</a>",21.0,0.0,0.0
24492,"<a href=""statss.aspx?playerid=24492&position=P"">Grayson Rodriguez</a>",23.0,0.0,0.0
24580,"<a href=""statss.aspx?playerid=24580&position=P"">Josiah Gray</a>",25.0,0.0,0.0
24581,"<a href=""statss.aspx?playerid=24581&position=P"">Lyon Richardson</a>",23.0,0.0,0.0
24586,"<a href=""statss.aspx?playerid=24586&position=P"">Kyle Bradish</a>",26.0,0.0,0.0
24602,"<a href=""statss.aspx?playerid=24602&position=P"">Drew Rom</a>",23.0,0.0,0.0
24604,"<a href=""statss.aspx?playerid=24604&position=P"">Austin Cox</a>",26.0,0.0,0.0
24606,"<a href=""statss.aspx?playerid=24606&position=P"">Josh Winder</a>",26.0,0.0,0.0
24607,"<a href=""statss.aspx?playerid=24607&position=P"">Jonathan Bowlan</a>",26.0,0.0,0.0
24614,"<a href=""statss.aspx?playerid=24614&position=P"">Victor Vodnik</a>",23.0,0.0,0.0
24681,"<a href=""statss.aspx?playerid=24681&position=P"">Kelvin Caceres</a>",23.0,0.0,0.0
24719,"<a href=""statss.aspx?playerid=24719&position=P"">Randy Vasquez</a>",24.0,0.0,0.0
24737,"<a href=""statss.aspx?playerid=24737&position=P"">Gus Varland</a>",26.0,0.0,0.0
24763,"<a href=""statss.aspx?playerid=24763&position=P"">Kyle Leahy</a>",26.0,0.0,0.0
24933,"<a href=""statss.aspx?playerid=24933&position=P"">Andrew Wantz</a>",27.0,0.0,0.0
24935,"<a href=""statss.aspx?playerid=24935&position=P"">Chris Vallimont</a>",26.0,0.0,0.0
24968,"<a href=""statss.aspx?playerid=24968&position=P"">Reese Olson</a>",23.0,0.0,0.0
24975,"<a href=""statss.aspx?playerid=24975&position=P"">Cooper Criswell</a>",26.0,0.0,0.0
24977,"<a href=""statss.aspx?playerid=24977&position=P"">Shawn Dubin</a>",27.0,0.0,0.0
24986,"<a href=""statss.aspx?playerid=24986&position=P"">Colin Selby</a>",25.0,0.0,0.0
24993,"<a href=""statss.aspx?playerid=24993&position=P"">Kody Funderburk</a>",26.0,0.0,0.0
25007,"<a href=""statss.aspx?playerid=25007&position=P"">Alex Vesia</a>",27.0,0.0,0.0
25071,"<a href=""statss.aspx?playerid=25071&position=P"">Lane Ramsey</a>",26.0,0.0,0.0
25097,"<a href=""statss.aspx?playerid=25097&position=P"">Garrett Hill</a>",27.0,0.0,0.0
25098,"<a href=""statss.aspx?playerid=25098&position=P"">Jacob Lopez</a>",25.0,0.0,0.0
25139,"<a href=""statss.aspx?playerid=25139&position=P"">Tim Herrin</a>",26.0,0.0,0.0
25178,"<a href=""statss.aspx?playerid=25178&position=P"">Joe Jacques</a>",28.0,0.0,0.0
25327,"<a href=""statss.aspx?playerid=25327&position=P"">Abner Uribe</a>",23.0,0.0,0.0
25348,"<a href=""statss.aspx?playerid=25348&position=P"">Devin Sweet</a>",26.0,0.0,0.0
25376,"<a href=""statss.aspx?playerid=25376&position=P"">Nick Mears</a>",26.0,0.0,0.0
25377,"<a href=""statss.aspx?playerid=25377&position=P"">Brady Singer</a>",26.0,0.0,0.0
25379,"<a href=""statss.aspx?playerid=25379&position=P"">Sam Long</a>",27.0,0.0,0.0
25386,"<a href=""statss.aspx?playerid=25386&position=P"">Jhony Brito</a>",25.0,0.0,0.0
25388,"<a href=""statss.aspx?playerid=25388&position=P"">Cody Morris</a>",26.0,0.0,0.0
25427,"<a href=""statss.aspx?playerid=25427&position=P"">Gavin Hollowell</a>",25.0,0.0,0.0
25436,"<a href=""statss.aspx?playerid=25436&position=P"">George Kirby</a>",25.0,0.0,0.0
25463,"<a href=""statss.aspx?playerid=25463&position=P"">Brandon Williamson</a>",25.0,0.0,0.0
25481,"<a href=""statss.aspx?playerid=25481&position=P"">Joe La Sorsa</a>",25.0,0.0,0.0
25550,"<a href=""statss.aspx?playerid=25550&position=P"">Matt Waldron</a>",26.0,0.0,0.0
25551,"<a href=""statss.aspx?playerid=25551&position=P"">Isaiah Campbell</a>",25.0,0.0,0.0
25589,"<a href=""statss.aspx?playerid=25589&position=P"">Sammy Peralta</a>",25.0,0.0,0.0
25595,"<a href=""statss.aspx?playerid=25595&position=P"">Xzavion Curry</a>",24.0,0.0,0.0
25636,"<a href=""statss.aspx?playerid=25636&position=P"">Hunter Gaddis</a>",25.0,0.0,0.0
25645,"<a href=""statss.aspx?playerid=25645&position=P"">Declan Cronin</a>",25.0,0.0,0.0
25650,"<a href=""statss.aspx?playerid=25650&position=P"">Levi Stoudt</a>",25.0,0.0,0.0
25651,"<a href=""statss.aspx?playerid=25651&position=P"">Ty Adcock</a>",26.0,0.0,0.0
25679,"<a href=""statss.aspx?playerid=25679&position=P"">Kevin Kelly</a>",25.0,0.0,0.0
25756,"<a href=""statss.aspx?playerid=25756&position=P"">Matt Brash</a>",25.0,0.0,0.0
25830,"<a href=""statss.aspx?playerid=25830&position=P"">Jeff Lindgren</a>",26.0,0.0,0.0
25862,"<a href=""statss.aspx?playerid=25862&position=P"">Noah Davis</a>",26.0,0.0,0.0
25880,"<a href=""statss.aspx?playerid=25880&position=P"">Hunter Brown</a>",24.0,0.0,0.0
25911,"<a href=""statss.aspx?playerid=25911&position=P"">Yennier Cano</a>",29.0,0.0,0.0
25918,"<a href=""statss.aspx?playerid=25918&position=P"">Zack Thompson</a>",25.0,0.0,0.0
25921,"<a href=""statss.aspx?playerid=25921&position=P"">Casey Legumina</a>",26.0,0.0,0.0
25928,"<a href=""statss.aspx?playerid=25928&position=P"">Darius Vines</a>",25.0,0.0,0.0
25942,"<a href=""statss.aspx?playerid=25942&position=P"">Andrew Nardi</a>",24.0,0.0,0.0
25977,"<a href=""statss.aspx?playerid=25977&position=P"">Quinn Priester</a>",22.0,0.0,0.0
26024,"<a href=""statss.aspx?playerid=26024&position=P"">Brendan White</a>",24.0,0.0,0.0
26048,"<a href=""statss.aspx?playerid=26048&position=P"">Sawyer Gipson-Long</a>",25.0,0.0,0.0
26056,"<a href=""statss.aspx?playerid=26056&position=P"">Brandon Walter</a>",26.0,0.0,0.0
26058,"<a href=""statss.aspx?playerid=26058&position=P"">Easton Lucas</a>",26.0,0.0,0.0
26068,"<a href=""statss.aspx?playerid=26068&position=P"">Kolton Ingram</a>",26.0,0.0,0.0
26079,"<a href=""statss.aspx?playerid=26079&position=P"">Beau Brieske</a>",25.0,0.0,0.0
26108,"<a href=""statss.aspx?playerid=26108&position=P"">Andre Pallante</a>",24.0,0.0,0.0
26128,"<a href=""statss.aspx?playerid=26128&position=P"">Amos Willingham</a>",24.0,0.0,0.0
26203,"<a href=""statss.aspx?playerid=26203&position=P"">Andrew Saalfrank</a>",25.0,0.0,0.0
26213,"<a href=""statss.aspx?playerid=26213&position=P"">Caleb Kilian</a>",26.0,0.0,0.0
26214,"<a href=""statss.aspx?playerid=26214&position=P"">Chris Murphy</a>",25.0,0.0,0.0
26215,"<a href=""statss.aspx?playerid=26215&position=P"">Jackson Rutledge</a>",24.0,0.0,0.0
26221,"<a href=""statss.aspx?playerid=26221&position=P"">Ryan Pepiot</a>",25.0,0.0,0.0
26226,"<a href=""statss.aspx?playerid=26226&position=P"">Nick Robertson</a>",24.0,0.0,0.0
26231,"<a href=""statss.aspx?playerid=26231&position=P"">Tyler Holton</a>",27.0,0.0,0.0
26253,"<a href=""statss.aspx?playerid=26253&position=P"">Ryne Nelson</a>",25.0,0.0,0.0
26257,"<a href=""statss.aspx?playerid=26257&position=P"">Joey Estes</a>",21.0,0.0,0.0
26260,"<a href=""statss.aspx?playerid=26260&position=P"">Drey Jameson</a>",25.0,0.0,0.0
26285,"<a href=""statss.aspx?playerid=26285&position=P"">Tommy Henry</a>",25.0,0.0,0.0
26304,"<a href=""statss.aspx?playerid=26304&position=P"">Bryan Hoeing</a>",26.0,0.0,0.0
26364,"<a href=""statss.aspx?playerid=26364&position=P"">Ethan Small</a>",26.0,0.0,0.0
26410,"<a href=""statss.aspx?playerid=26410&position=P"">Alek Manoah</a>",25.0,0.0,0.0
27451,"<a href=""statss.aspx?playerid=27451&position=P"">Alec Marsh</a>",25.0,0.0,0.0
27453,"<a href=""statss.aspx?playerid=27453&position=P"">Anthony Veneziano</a>",25.0,0.0,0.0
27463,"<a href=""statss.aspx?playerid=27463&position=P"">Garrett Crochet</a>",24.0,0.0,0.0
27468,"<a href=""statss.aspx?playerid=27468&position=P"">Reid Detmers</a>",23.0,0.0,0.0
27470,"<a href=""statss.aspx?playerid=27470&position=P"">Emerson Hancock</a>",24.0,0.0,0.0
27472,"<a href=""statss.aspx?playerid=27472&position=P"">Jared Shuster</a>",24.0,0.0,0.0
27477,"<a href=""statss.aspx?playerid=27477&position=P"">Bryce Jarvis</a>",25.0,0.0,0.0
27483,"<a href=""statss.aspx?playerid=27483&position=P"">Bobby Miller</a>",24.0,0.0,0.0
27488,"<a href=""statss.aspx?playerid=27488&position=P"">Karl Kauffmann</a>",25.0,0.0,0.0
27498,"<a href=""statss.aspx?playerid=27498&position=P"">Spencer Strider</a>",24.0,0.0,0.0
27500,"<a href=""statss.aspx?playerid=27500&position=P"">Slade Cecconi</a>",24.0,0.0,0.0
27514,"<a href=""statss.aspx?playerid=27514&position=P"">Kyle Hurt</a>",25.0,0.0,0.0
27552,"<a href=""statss.aspx?playerid=27552&position=P"">Graham Ashcraft</a>",25.0,0.0,0.0
27572,"<a href=""statss.aspx?playerid=27572&position=P"">Carmen Mlodzinski</a>",24.0,0.0,0.0
27581,"<a href=""statss.aspx?playerid=27581&position=P"">Hayden Wesneski</a>",25.0,0.0,0.0
27582,"<a href=""statss.aspx?playerid=27582&position=P"">Davis Daniel</a>",26.0,0.0,0.0
27589,"<a href=""statss.aspx?playerid=27589&position=P"">Logan Allen</a>",24.0,0.0,0.0
27597,"<a href=""statss.aspx?playerid=27597&position=P"">Cody Bradford</a>",25.0,0.0,0.0
27646,"<a href=""statss.aspx?playerid=27646&position=P"">Luis L. Ortiz</a>",24.0,0.0,0.0
27649,"<a href=""statss.aspx?playerid=27649&position=P"">Connor Phillips</a>",22.0,0.0,0.0
27681,"<a href=""statss.aspx?playerid=27681&position=P"">Ken Waldichuk</a>",25.0,0.0,0.0
27685,"<a href=""statss.aspx?playerid=27685&position=P"">Carson Spiers</a>",25.0,0.0,0.0
27691,"<a href=""statss.aspx?playerid=27691&position=P"">Louie Varland</a>",25.0,0.0,0.0
27702,"<a href=""statss.aspx?playerid=27702&position=P"">Brent Headrick</a>",25.0,0.0,0.0
27758,"<a href=""statss.aspx?playerid=27758&position=P"">Kyle Harrison</a>",21.0,0.0,0.0
27768,"<a href=""statss.aspx?playerid=27768&position=P"">Eury Perez</a>",20.0,0.0,0.0
27775,"<a href=""statss.aspx?playerid=27775&position=P"">Kyle Nicolas</a>",24.0,0.0,0.0
27779,"<a href=""statss.aspx?playerid=27779&position=P"">Bryce Elder</a>",24.0,0.0,0.0
27782,"<a href=""statss.aspx?playerid=27782&position=P"">Brandon Pfaadt</a>",24.0,0.0,0.0
27792,"<a href=""statss.aspx?playerid=27792&position=P"">Gavin Stone</a>",24.0,0.0,0.0
27914,"<a href=""statss.aspx?playerid=27914&position=P"">Daniel Palencia</a>",23.0,0.0,0.0
27942,"<a href=""statss.aspx?playerid=27942&position=P"">John McMillon</a>",25.0,0.0,0.0
28036,"<a href=""statss.aspx?playerid=28036&position=P"">Luke Little</a>",22.0,0.0,0.0
29608,"<a href=""statss.aspx?playerid=29608&position=P"">Joe Boyle</a>",23.0,0.0,0.0
29628,"<a href=""statss.aspx?playerid=29628&position=P"">Alek Jacob</a>",25.0,0.0,0.0
29754,"<a href=""statss.aspx?playerid=29754&position=P"">Sam Bachman</a>",23.0,0.0,0.0
29832,"<a href=""statss.aspx?playerid=29832&position=P"">Jackson Wolf</a>",24.0,0.0,0.0
29837,"<a href=""statss.aspx?playerid=29837&position=P"">Bryce Miller</a>",24.0,0.0,0.0
29839,"<a href=""statss.aspx?playerid=29839&position=P"">Emmet Sheehan</a>",23.0,0.0,0.0
29911,"<a href=""statss.aspx?playerid=29911&position=P"">Andrew Abbott</a>",24.0,0.0,0.0
29928,"<a href=""statss.aspx?playerid=29928&position=P"">Dylan Dodd</a>",25.0,0.0,0.0
29946,"<a href=""statss.aspx?playerid=29946&position=P"">Grant Hartwig</a>",25.0,0.0,0.0
29960,"<a href=""statss.aspx?playerid=29960&position=P"">AJ Smith-Shawver</a>",20.0,0.0,0.0
30008,"<a href=""statss.aspx?playerid=30008&position=P"">Evan Justice</a>",24.0,0.0,0.0
30074,"<a href=""statss.aspx?playerid=30074&position=P"">Chase Silseth</a>",23.0,0.0,0.0
30094,"<a href=""statss.aspx?playerid=30094&position=P"">Jordan Wicks</a>",23.0,0.0,0.0
30115,"<a href=""statss.aspx?playerid=30115&position=P"">Robert Suarez</a>",32.0,0.0,0.0
30122,"<a href=""statss.aspx?playerid=30122&position=P"">Gavin Williams</a>",23.0,0.0,0.0
30134,"<a href=""statss.aspx?playerid=30134&position=P"">Tanner Bibee</a>",24.0,0.0,0.0
30279,"<a href=""statss.aspx?playerid=30279&position=P"">Bryan Woo</a>",23.0,0.0,0.0
31461,"<a href=""statss.aspx?playerid=31461&position=P"">Ben Joyce</a>",22.0,0.0,0.0
31533,"<a href=""statss.aspx?playerid=31533&position=P"">Victor Mederos</a>",22.0,0.0,0.0
31757,"<a href=""statss.aspx?playerid=31757&position=P"">Mason Miller</a>",24.0,0.0,0.0
31776,"<a href=""statss.aspx?playerid=31776&position=P"">Orion Kerkering</a>",22.0,0.0,0.0
31838,"<a href=""statss.aspx?playerid=31838&position=P"">Kodai Senga</a>",30.0,0.0,0.0
31839,"<a href=""statss.aspx?playerid=31839&position=P"">Shintaro Fujinami</a>",29.0,0.0,0.0
12532,"<a href=""statss.aspx?playerid=12532&position=2B"">Kolten Wong</a>",32.0,90.0,0.27671454548835756
27615,"<a href=""statss.aspx?playerid=27615&position=1B/OF"">Alec Burleson</a>",24.0,175.0,0.31851261648638496
14128,"<a href=""statss.aspx?playerid=14128&position=OF"">Joey Gallo</a>",29.0,118.0,0.29383341892290926
13723,"<a href=""statss.aspx?playerid=13723&position=C"">Jacob Stallings</a>",33.0,143.0,0.273144651886443
22505,"<a href=""statss.aspx?playerid=22505&position=2B/3B"">Buddy Kennedy</a>",24.0,29.0,0.2552064759977933
15112,"<a href=""statss.aspx?playerid=15112&position=3B"">Ryan McMahon</a>",28.0,293.0,0.2905640079550547
18289,"<a href=""statss.aspx?playerid=18289&position=3B/OF"">Brian Anderson</a>",30.0,56.0,0.2764499804803303
27690,"<a href=""statss.aspx?playerid=27690&position=OF"">Joey Wiemer</a>",24.0,136.0,0.25759533485945535
25040,"<a href=""statss.aspx?playerid=25040&position=3B"">Vinny Capra</a>",26.0,21.0,0.22003203630447388
22266,"<a href=""statss.aspx?playerid=22266&position=2B/SS"">Xavier Edwards</a>",23.0,62.0,0.2749870526986044
8090,"<a href=""statss.aspx?playerid=8090&position=3B"">Matt Carpenter</a>",37.0,52.0,0.3118474861750236
27555,"<a href=""statss.aspx?playerid=27555&position=OF"">Garrett Mitchell</a>",24.0,11.0,0.30286100235852326
11737,"<a href=""statss.aspx?playerid=11737&position=3B/OF"">Nick Castellanos</a>",31.0,334.0,0.3090549154195957
12977,"<a href=""statss.aspx?playerid=12977&position=C"">Michael Perez</a>",30.0,1.0,0.0
11481,"<a href=""statss.aspx?playerid=11481&position=DH/OF"">Henry Ramos</a>",31.0,13.0,0.2849798340063829
25479,"<a href=""statss.aspx?playerid=25479&position=OF"">Brenton Doyle</a>",25.0,256.0,0.24481306887987092
20572,"<a href=""statss.aspx?playerid=20572&position=1B"">Kody Clemens</a>",27.0,1.0,0.0
19906,"<a href=""statss.aspx?playerid=19906&position=2B/SS"">Diego Castillo</a>",25.0,1.0,0.0
16375,"<a href=""statss.aspx?playerid=16375&position=OF"">Oscar Mercado</a>",28.0,1.0,0.0
17932,"<a href=""statss.aspx?playerid=17932&position=OF"">Andrew Stevenson</a>",29.0,40.0,0.2164197728037834
10028,"<a href=""statss.aspx?playerid=10028&position=C"">Christian Bethancourt</a>",31.0,144.0,0.25275011070900494
24597,"<a href=""statss.aspx?playerid=24597&position=3B/SS"">Jonathan Ornelas</a>",23.0,8.0,0.20106766372919083
2829,"<a href=""statss.aspx?playerid=2829&position=C"">Manny Pina</a>",36.0,12.0,0.31409738461176556
23552,"<a href=""statss.aspx?playerid=23552&position=DH"">Chandler Seagle</a>",27.0,1.0,0.0
19842,"<a href=""statss.aspx?playerid=19842&position=C/1B"">Caleb Hamilton</a>",28.0,4.0,0.17397572100162506
18030,"<a href=""statss.aspx?playerid=18030&position=OF"">Harrison Bader</a>",29.0,215.0,0.23688833596550415
22515,"<a href=""statss.aspx?playerid=22515&position=OF"">Heliot Ramos</a>",23.0,33.0,0.25286066712755145
18872,"<a href=""statss.aspx?playerid=18872&position=DH/OF"">Jahmai Jones</a>",25.0,11.0,0.2565637772733515
20178,"<a href=""statss.aspx?playerid=20178&position=3B"">Miguel Vargas</a>",23.0,21.0,0.269810350168319
18395,"<a href=""statss.aspx?playerid=18395&position=DH/OF"">Travis Blankenhorn</a>",26.0,37.0,0.2624232027981732
22232,"<a href=""statss.aspx?playerid=22232&position=SS"">Mason McCoy</a>",28.0,1.0,0.0
2233,"<a href=""statss.aspx?playerid=2233&position=P"">Adam Wainwright</a>",41.0,2.0,0.0
21560,"<a href=""statss.aspx?playerid=21560&position=1B"">Alfonso Rivas</a>",26.0,115.0,0.31004926562309265
14735,"<a href=""statss.aspx?playerid=14735&position=OF"">Brett Phillips</a>",29.0,55.0,0.29146877527236936
12282,"<a href=""statss.aspx?playerid=12282&position=2B"">Rougned Odor</a>",29.0,20.0,0.2289393126964569
21707,"<a href=""statss.aspx?playerid=21707&position=3B/OF"">Oswaldo Cabrera</a>",24.0,144.0,0.28057973359672117
19958,"<a href=""statss.aspx?playerid=19958&position=3B"">Carter Kieboom</a>",25.0,94.0,0.2765507095671715
17954,"<a href=""statss.aspx?playerid=17954&position=OF"">Sam Hilliard</a>",29.0,3.0,0.0
21635,"<a href=""statss.aspx?playerid=21635&position=2B/3B"">Nick Maton</a>",26.0,54.0,0.2881216789191624
18217,"<a href=""statss.aspx?playerid=18217&position=C"">Brett Sullivan</a>",29.0,37.0,0.2710955481271486
12140,"<a href=""statss.aspx?playerid=12140&position=2B/3B"">Juniel Querecuto</a>",30.0,21.0,0.13439055000032699
21547,"<a href=""statss.aspx?playerid=21547&position=2B"">Coco Montes</a>",26.0,3.0,0.0
18032,"<a href=""statss.aspx?playerid=18032&position=2B/OF"">Mark Mathias</a>",28.0,10.0,0.17650725841522216
24485,"<a href=""statss.aspx?playerid=24485&position=C"">Tyler Cropley</a>",27.0,7.0,0.12607661315373012
19890,"<a href=""statss.aspx?playerid=19890&position=3B"">Emmanuel Rivera</a>",27.0,131.0,0.2739018192728057
24934,"<a href=""statss.aspx?playerid=24934&position=DH"">David Fry</a>",27.0,78.0,0.315458398598891
27490,"<a href=""statss.aspx?playerid=27490&position=2B"">Nick Gonzales</a>",24.0,103.0,0.26429801594977287
19562,"<a href=""statss.aspx?playerid=19562&position=SS"">Zack Short</a>",28.0,136.0,0.2751244342416749
25476,"<a href=""statss.aspx?playerid=25476&position=DH/OF"">Cam Eden</a>",25.0,6.0,0.14708938201268515
2434,"<a href=""statss.aspx?playerid=2434&position=DH/OF"">Nelson Cruz</a>",42.0,10.0,0.17650725841522216
22054,"<a href=""statss.aspx?playerid=22054&position=OF"">Dane Myers</a>",27.0,70.0,0.27832424300057546
18126,"<a href=""statss.aspx?playerid=18126&position=1B/OF"">LaMonte Wade Jr.</a>",29.0,221.0,0.298130975553283
14161,"<a href=""statss.aspx?playerid=14161&position=OF"">Byron Buxton</a>",29.0,83.0,0.2757850420184252
13770,"<a href=""statss.aspx?playerid=13770&position=OF"">Rob Refsnyder</a>",32.0,100.0,0.28426634001009393
10441,"<a href=""statss.aspx?playerid=10441&position=1B"">Jon Singleton</a>",31.0,73.0,0.28102789023151137
12160,"<a href=""statss.aspx?playerid=12160&position=OF"">Ben Gamel</a>",31.0,15.0,0.20058899720509846
21622,"<a href=""statss.aspx?playerid=21622&position=OF"">Jake McCarthy</a>",25.0,126.0,0.2749828705942728
17696,"<a href=""statss.aspx?playerid=17696&position=2B/SS"">Kevin Newman</a>",29.0,39.0,0.24761434762101425
20287,"<a href=""statss.aspx?playerid=20287&position=C"">Ben Rortvedt</a>",25.0,70.0,0.19716375981058393
15654,"<a href=""statss.aspx?playerid=15654&position=OF"">Billy McKinney</a>",28.0,87.0,0.28121786824492523
25111,"<a href=""statss.aspx?playerid=25111&position=DH/OF"">David Hensley</a>",27.0,8.0,0.08698786050081253
22557,"<a href=""statss.aspx?playerid=22557&position=OF"">Michael Siani</a>",23.0,6.0,0.11598381400108337
9241,"<a href=""statss.aspx?playerid=9241&position=OF"">Starling Marte</a>",34.0,41.0,0.2400939494371414
13590,"<a href=""statss.aspx?playerid=13590&position=OF"">Jesse Winker</a>",29.0,38.0,0.27292717757977936
20242,"<a href=""statss.aspx?playerid=20242&position=3B/SS"">Kevin Smith</a>",26.0,44.0,0.23865460943091998
12180,"<a href=""statss.aspx?playerid=12180&position=C"">Jorge Alfaro</a>",30.0,20.0,0.1941441684961319
14477,"<a href=""statss.aspx?playerid=14477&position=OF"">Jake Cave</a>",30.0,133.0,0.2702273563905196
19293,"<a href=""statss.aspx?playerid=19293&position=OF"">Nick Senzel</a>",28.0,116.0,0.30377458447012406
9847,"<a href=""statss.aspx?playerid=9847&position=OF"">Andrew McCutchen</a>",36.0,177.0,0.30097351808332456
19966,"<a href=""statss.aspx?playerid=19966&position=1B"">Bobby Dalbec</a>",28.0,39.0,0.26400276942130846
20054,"<a href=""statss.aspx?playerid=20054&position=1B/OF"">Bligh Madris</a>",27.0,15.0,0.2104585568110148
23818,"<a href=""statss.aspx?playerid=23818&position=2B/OF"">Ji Hwan Bae</a>",23.0,135.0,0.2685566571023729
27531,"<a href=""statss.aspx?playerid=27531&position=2B/SS"">David Hamilton</a>",25.0,18.0,0.185081723663542
16434,"<a href=""statss.aspx?playerid=16434&position=2B"">Christian Arroyo</a>",28.0,55.0,0.27013711604205043
11899,"<a href=""statss.aspx?playerid=11899&position=DH/OF"">Joc Pederson</a>",31.0,243.0,0.3019465848990564
20805,"<a href=""statss.aspx?playerid=20805&position=C"">Carlos Perez</a>",26.0,49.0,0.27128371900441695
9256,"<a href=""statss.aspx?playerid=9256&position=OF"">A.J. Pollock</a>",35.0,23.0,0.2563246644061545
19432,"<a href=""statss.aspx?playerid=19432&position=2B/3B"">Yonny Hernandez</a>",25.0,20.0,0.18516339126386142
5452,"<a href=""statss.aspx?playerid=5452&position=1B"">Ji-Man Choi</a>",32.0,85.0,0.29516645810183356
31347,"<a href=""statss.aspx?playerid=31347&position=SS"">Zach Neto</a>",22.0,130.0,0.2516514347149776
21524,"<a href=""statss.aspx?playerid=21524&position=C"">Joey Bart</a>",26.0,11.0,0.06326389854604547
22542,"<a href=""statss.aspx?playerid=22542&position=OF"">Lawrence Butler</a>",22.0,129.0,0.25105971652407977
31490,"<a href=""statss.aspx?playerid=31490&position=OF"">Wade Meckler</a>",23.0,64.0,0.2728378940373659
24782,"<a href=""statss.aspx?playerid=24782&position=1B/3B"">David Villar</a>",26.0,13.0,0.10937753090491661
19212,"<a href=""statss.aspx?playerid=19212&position=OF"">Taylor Kohlwey</a>",28.0,13.0,0.1357748141655555
26467,"<a href=""statss.aspx?playerid=26467&position=OF"">Luis Matos</a>",21.0,194.0,0.30552045349031687
17620,"<a href=""statss.aspx?playerid=17620&position=OF"">Myles Straw</a>",28.0,223.0,0.257049754874347
10642,"<a href=""statss.aspx?playerid=10642&position=C"">Carlos Perez</a>",32.0,53.0,0.25634827063633847
14950,"<a href=""statss.aspx?playerid=14950&position=3B/SS"">Johan Camargo</a>",29.0,20.0,0.24760265350341798
15104,"<a href=""statss.aspx?playerid=15104&position=OF"">Jonathan Davis</a>",31.0,9.0,0.09805958800845677
20538,"<a href=""statss.aspx?playerid=20538&position=1B/3B"">Jose Miranda</a>",25.0,10.0,0.08825362920761108
27769,"<a href=""statss.aspx?playerid=27769&position=OF"">Pete Crow-Armstrong</a>",21.0,19.0,0.12280639129526474
23691,"<a href=""statss.aspx?playerid=23691&position=3B/DH"">Jose Tena</a>",22.0,34.0,0.26435043706613426
23985,"<a href=""statss.aspx?playerid=23985&position=SS"">Osleivis Basabe</a>",22.0,94.0,0.26167342574038405
29976,"<a href=""statss.aspx?playerid=29976&position=SS/OF"">Jordan Lawlar</a>",20.0,34.0,0.16611635159043706
8202,"<a href=""statss.aspx?playerid=8202&position=2B/3B"">Josh Harrison</a>",35.0,18.0,0.1884264051914215
6887,"<a href=""statss.aspx?playerid=6887&position=C"">Martin Maldonado</a>",36.0,196.0,0.2801313874609183
12325,"<a href=""statss.aspx?playerid=12325&position=2B/3B"">Jace Peterson</a>",33.0,167.0,0.2662066788208194
16680,"<a href=""statss.aspx?playerid=16680&position=C"">Brian O'Keefe</a>",29.0,21.0,0.18473002456483387
25822,"<a href=""statss.aspx?playerid=25822&position=3B"">Andre Lipcius</a>",25.0,38.0,0.326206773519516
25482,"<a href=""statss.aspx?playerid=25482&position=DH/OF"">T.J. Hopkins</a>",26.0,19.0,0.2141850935785394
11200,"<a href=""statss.aspx?playerid=11200&position=OF"">Kole Calhoun</a>",35.0,174.0,0.2859938072747198
17710,"<a href=""statss.aspx?playerid=17710&position=1B/OF"">Matt Beaty</a>",30.0,61.0,0.29346093388854483
1744,"<a href=""statss.aspx?playerid=1744&position=1B/3B"">Miguel Cabrera</a>",40.0,201.0,0.30920577938876936
5760,"<a href=""statss.aspx?playerid=5760&position=OF"">Avisail Garcia</a>",32.0,42.0,0.21898393805434063
18067,"<a href=""statss.aspx?playerid=18067&position=C"">Garrett Stubbs</a>",30.0,76.0,0.2444688434663572
21078,"<a href=""statss.aspx?playerid=21078&position=OF"">Trey Cabbage</a>",26.0,56.0,0.2375882672412055
13359,"<a href=""statss.aspx?playerid=13359&position=OF"">Tyler Naquin</a>",32.0,8.0,0.0
23690,"<a href=""statss.aspx?playerid=23690&position=SS"">Brayan Rocchio</a>",22.0,72.0,0.2771400693390105
17922,"<a href=""statss.aspx?playerid=17922&position=2B/3B"">Isan Diaz</a>",27.0,18.0,0.1263523366716173
12147,"<a href=""statss.aspx?playerid=12147&position=SS"">Nick Ahmed</a>",33.0,86.0,0.21497170384540115
20311,"<a href=""statss.aspx?playerid=20311&position=OF"">Corey Julks</a>",27.0,98.0,0.23915461496431
15214,"<a href=""statss.aspx?playerid=15214&position=1B/OF"">Brandon Dixon</a>",31.0,14.0,0.06303830657686506
5343,"<a href=""statss.aspx?playerid=5343&position=SS"">Brandon Crawford</a>",36.0,134.0,0.2250551052057921
7739,"<a href=""statss.aspx?playerid=7739&position=C"">Travis d'Arnaud</a>",34.0,159.0,0.2474548449306368
22458,"<a href=""statss.aspx?playerid=22458&position=SS"">Taylor Walls</a>",26.0,107.0,0.2341952515098284
15464,"<a href=""statss.aspx?playerid=15464&position=OF"">Hunter Renfroe</a>",31.0,234.0,0.29155529997287655
27735,"<a href=""statss.aspx?playerid=27735&position=2B"">Brett Wisely</a>",24.0,43.0,0.1919400456339814
10762,"<a href=""statss.aspx?playerid=10762&position=OF"">Corey Dickerson</a>",34.0,56.0,0.26419409683772493
10472,"<a href=""statss.aspx?playerid=10472&position=OF"">Enrique Hernandez</a>",31.0,226.0,0.28766491148206924
4949,"<a href=""statss.aspx?playerid=4949&position=DH/OF"">Giancarlo Stanton</a>",33.0,284.0,0.3014486501825617
21497,"<a href=""statss.aspx?playerid=21497&position=1B/DH"">Luken Baker</a>",26.0,85.0,0.29092992123435524
18607,"<a href=""statss.aspx?playerid=18607&position=1B"">Jared Walsh</a>",29.0,38.0,0.22377278145990873
24703,"<a href=""statss.aspx?playerid=24703&position=1B/3B"">Jonah Bride</a>",27.0,43.0,0.20104070181070371
20463,"<a href=""statss.aspx?playerid=20463&position=2B/3B"">Irving Lopez</a>",28.0,12.0,0.0
5486,"<a href=""statss.aspx?playerid=5486&position=OF"">Abraham Almonte</a>",34.0,16.0,0.12122907862067223
24451,"<a href=""statss.aspx?playerid=24451&position=OF"">J.P. Martinez</a>",27.0,44.0,0.24585041403770447
26319,"<a href=""statss.aspx?playerid=26319&position=1B"">Michael Busch</a>",25.0,30.0,0.2094178040822347
19931,"<a href=""statss.aspx?playerid=19931&position=3B/OF"">Luke Williams</a>",26.0,9.0,0.0
20275,"<a href=""statss.aspx?playerid=20275&position=2B/3B/SS"">Jonathan Arauz</a>",24.0,66.0,0.21725756209343672
20126,"<a href=""statss.aspx?playerid=20126&position=OF"">Dylan Carlson</a>",24.0,92.0,0.24857352350069128
14196,"<a href=""statss.aspx?playerid=14196&position=SS"">Andrew Velazquez</a>",28.0,62.0,0.2171097205857099
26420,"<a href=""statss.aspx?playerid=26420&position=2B/OF"">Kyren Paris</a>",21.0,46.0,0.15643914937973022
29715,"<a href=""statss.aspx?playerid=29715&position=C"">Hunter Goodman</a>",23.0,77.0,0.265720454903392
17988,"<a href=""statss.aspx?playerid=17988&position=C"">Tyler Stephenson</a>",26.0,205.0,0.2983495157723333
18400,"<a href=""statss.aspx?playerid=18400&position=1B/DH/OF"">Juan Yepez</a>",25.0,19.0,0.12952502463993273
26197,"<a href=""statss.aspx?playerid=26197&position=1B/OF"">Andrew Vaughn</a>",25.0,271.0,0.2985169135336506
26396,"<a href=""statss.aspx?playerid=26396&position=3B/SS"">Josh Smith</a>",25.0,104.0,0.2461147725003437
14274,"<a href=""statss.aspx?playerid=14274&position=OF"">Mitch Haniger</a>",32.0,69.0,0.2518135291942652
19788,"<a href=""statss.aspx?playerid=19788&position=2B"">Zach Remillard</a>",29.0,123.0,0.2320855269912912
19957,"<a href=""statss.aspx?playerid=19957&position=OF"">Blake Rutherford</a>",26.0,36.0,0.16642001767953238
27604,"<a href=""statss.aspx?playerid=27604&position=2B/SS"">Alika Williams</a>",24.0,112.0,0.23825213715836807
12399,"<a href=""statss.aspx?playerid=12399&position=SS"">Taylor Motter</a>",33.0,60.0,0.18529610633850097
15149,"<a href=""statss.aspx?playerid=15149&position=1B/DH/OF"">Trey Mancini</a>",31.0,50.0,0.23271047472953796
15679,"<a href=""statss.aspx?playerid=15679&position=1B"">Rowdy Tellez</a>",28.0,74.0,0.2551919834033863
17161,"<a href=""statss.aspx?playerid=17161&position=C"">Chad Wallach</a>",31.0,68.0,0.21970518068833786
19508,"<a href=""statss.aspx?playerid=19508&position=OF"">Kyle Lewis</a>",27.0,36.0,0.19060044984022775
13836,"<a href=""statss.aspx?playerid=13836&position=3B"">Matt Duffy</a>",32.0,105.0,0.2513907580148606
31837,"<a href=""statss.aspx?playerid=31837&position=DH/OF"">Masataka Yoshida</a>",29.0,271.0,0.3064990718866186
22823,"<a href=""statss.aspx?playerid=22823&position=2B/3B"">Oswald Peraza</a>",23.0,153.0,0.2419034040052127
25569,"<a href=""statss.aspx?playerid=25569&position=2B/OF"">Jake Alu</a>",26.0,161.0,0.2576046235859394
22871,"<a href=""statss.aspx?playerid=22871&position=2B/SS/OF"">Tucupita Marcano</a>",23.0,46.0,0.20271867384081302
22184,"<a href=""statss.aspx?playerid=22184&position=3B/DH"">Mark Vientos</a>",23.0,184.0,0.2828839790561925
20536,"<a href=""statss.aspx?playerid=20536&position=2B/OF"">Vidal Brujan</a>",25.0,29.0,0.15788918116997028
26438,"<a href=""statss.aspx?playerid=26438&position=DH/OF"">Dominic Canzone</a>",25.0,182.0,0.2816203554253002
29591,"<a href=""statss.aspx?playerid=29591&position=OF"">Colton Cowser</a>",23.0,77.0,0.22596043812764155
12434,"<a href=""statss.aspx?playerid=12434&position=OF"">Kevin Pillar</a>",34.0,101.0,0.22742157289297274
17027,"<a href=""statss.aspx?playerid=17027&position=OF"">Alex Verdugo</a>",27.0,268.0,0.27294666131040946
12981,"<a href=""statss.aspx?playerid=12981&position=C"">Cam Gallagher</a>",30.0,57.0,0.11778197895016587
24655,"<a href=""statss.aspx?playerid=24655&position=1B/2B"">Owen Miller</a>",26.0,84.0,0.19398307513041668
20404,"<a href=""statss.aspx?playerid=20404&position=1B/DH"">Jared Young</a>",27.0,38.0,0.21451968582052933
16451,"<a href=""statss.aspx?playerid=16451&position=2B/3B"">Luis Guillorme</a>",28.0,31.0,0.14664128731037007
19318,"<a href=""statss.aspx?playerid=19318&position=C"">Matt Thaiss</a>",28.0,130.0,0.23810101472414458
9952,"<a href=""statss.aspx?playerid=9952&position=OF"">Trayce Thompson</a>",32.0,92.0,0.23031142354011536
11368,"<a href=""statss.aspx?playerid=11368&position=C"">Yasmani Grandal</a>",34.0,163.0,0.2550627960834974
7304,"<a href=""statss.aspx?playerid=7304&position=C"">Salvador Perez</a>",33.0,272.0,0.28929151912753504
25660,"<a href=""statss.aspx?playerid=25660&position=OF"">Will Brennan</a>",25.0,236.0,0.2630578675168626
2136,"<a href=""statss.aspx?playerid=2136&position=OF"">David Peralta</a>",35.0,217.0,0.27238012822689833
23733,"<a href=""statss.aspx?playerid=23733&position=3B"">Ezequiel Duran</a>",24.0,206.0,0.2639538264856106
22650,"<a href=""statss.aspx?playerid=22650&position=2B/3B"">Jordan Diaz</a>",22.0,219.0,0.27956097501597993
17040,"<a href=""statss.aspx?playerid=17040&position=C"">Jose Herrera</a>",26.0,52.0,0.19644106953751808
19198,"<a href=""statss.aspx?playerid=19198&position=1B"">Yuli Gurriel</a>",39.0,128.0,0.2557948428814805
19717,"<a href=""statss.aspx?playerid=19717&position=1B/DH"">Darick Hall</a>",27.0,37.0,0.16838227252702456
15194,"<a href=""statss.aspx?playerid=15194&position=1B/OF"">Jake Bauers</a>",27.0,134.0,0.2657180521915208
9368,"<a href=""statss.aspx?playerid=9368&position=3B"">Evan Longoria</a>",37.0,93.0,0.22293432233154134
23695,"<a href=""statss.aspx?playerid=23695&position=OF"">Everson Pereira</a>",22.0,103.0,0.20213248081577634
18889,"<a href=""statss.aspx?playerid=18889&position=2B/SS"">Danny Mendick</a>",29.0,62.0,0.25127879073542936
21987,"<a href=""statss.aspx?playerid=21987&position=2B/SS"">Rodolfo Castro</a>",24.0,44.0,0.14349447055296463
27577,"<a href=""statss.aspx?playerid=27577&position=2B/3B"">Casey Schmitt</a>",24.0,128.0,0.22043508625030517
3473,"<a href=""statss.aspx?playerid=3473&position=1B"">Anthony Rizzo</a>",33.0,102.0,0.21139135080225327
4892,"<a href=""statss.aspx?playerid=4892&position=3B"">Mike Moustakas</a>",34.0,231.0,0.2634988553596265
10815,"<a href=""statss.aspx?playerid=10815&position=OF"">Jurickson Profar</a>",30.0,194.0,0.299236228785564
19600,"<a href=""statss.aspx?playerid=19600&position=OF"">Bryan De La Cruz</a>",26.0,300.0,0.28948227976476865
15429,"<a href=""statss.aspx?playerid=15429&position=3B/OF"">Kris Bryant</a>",31.0,117.0,0.277339034100883
30162,"<a href=""statss.aspx?playerid=30162&position=OF"">Oscar Colas</a>",24.0,179.0,0.25180839919774545
14111,"<a href=""statss.aspx?playerid=14111&position=C"">Eric Haase</a>",30.0,81.0,0.17701162472367288
11680,"<a href=""statss.aspx?playerid=11680&position=C"">Elias Diaz</a>",32.0,244.0,0.2811535565090961
20970,"<a href=""statss.aspx?playerid=20970&position=OF"">Oscar Gonzalez</a>",25.0,105.0,0.2545339811415899
14691,"<a href=""statss.aspx?playerid=14691&position=2B"">Harold Castro</a>",29.0,96.0,0.23167153944571814
17901,"<a href=""statss.aspx?playerid=17901&position=OF"">Andrew Benintendi</a>",28.0,300.0,0.27795725405216215
27479,"<a href=""statss.aspx?playerid=27479&position=SS"">Masyn Winn</a>",21.0,137.0,0.21079898233766908
23788,"<a href=""statss.aspx?playerid=23788&position=OF"">Jordyn Adams</a>",23.0,40.0,0.11031703650951385
18015,"<a href=""statss.aspx?playerid=18015&position=SS"">Paul DeJong</a>",29.0,193.0,0.2029098494682905
26123,"<a href=""statss.aspx?playerid=26123&position=3B"">Brett Baty</a>",23.0,177.0,0.22154447005663305
25543,"<a href=""statss.aspx?playerid=25543&position=C"">Korey Lee</a>",24.0,70.0,0.13392831001962935
25845,"<a href=""statss.aspx?playerid=25845&position=1B"">Michael Toglia</a>",24.0,127.0,0.22828788128424818
22117,"<a href=""statss.aspx?playerid=22117&position=1B"">Nick Pratto</a>",24.0,121.0,0.21639273186360508
27467,"<a href=""statss.aspx?playerid=27467&position=1B/OF"">Tyler Soderstrom</a>",21.0,138.0,0.21563454987346262
29617,"<a href=""statss.aspx?playerid=29617&position=C"">Henry Davis</a>",23.0,209.0,0.269942053274256
6153,"<a href=""statss.aspx?playerid=6153&position=3B"">Eduardo Escobar</a>",34.0,168.0,0.23860881122804822
19901,"<a href=""statss.aspx?playerid=19901&position=DH/OF"">Gavin Sheets</a>",27.0,152.0,0.21434524969050758
13853,"<a href=""statss.aspx?playerid=13853&position=2B/3B/SS"">Joey Wendle</a>",33.0,171.0,0.1821566153975094
