playerid,Name,Age,PA,wOBA
10155,"<a href=""statss.aspx?playerid=10155&position=OF"">Mike Trout</a>",26.0,372.0,0.45435905555884043
13611,"<a href=""statss.aspx?playerid=13611&position=OF"">Mookie Betts</a>",25.0,290.0,0.45871980140433494
13510,"<a href=""statss.aspx?playerid=13510&position=3B"">Jose Ramirez</a>",25.0,357.0,0.4159522109372275
12916,"<a href=""statss.aspx?playerid=12916&position=SS"">Francisco Lindor</a>",24.0,375.0,0.3854713202165465
5417,"<a href=""statss.aspx?playerid=5417&position=2B"">Jose Altuve</a>",28.0,373.0,0.3848461048389838
17678,"<a href=""statss.aspx?playerid=17678&position=3B"">Alex Bregman</a>",24.0,371.0,0.383895941179075
15640,"<a href=""statss.aspx?playerid=15640&position=OF"">Aaron Judge</a>",26.0,351.0,0.39731319933787157
14162,"<a href=""statss.aspx?playerid=14162&position=SS"">Carlos Correa</a>",23.0,315.0,0.3528740864973099
9777,"<a href=""statss.aspx?playerid=9777&position=3B"">Nolan Arenado</a>",27.0,339.0,0.40717214185800127
11493,"<a href=""statss.aspx?playerid=11493&position=3B"">Manny Machado</a>",25.0,354.0,0.3861942596213762
12155,"<a href=""statss.aspx?playerid=12155&position=OF"">Eddie Rosario</a>",26.0,331.0,0.3908421634169529
9077,"<a href=""statss.aspx?playerid=9077&position=OF"">Lorenzo Cain</a>",32.0,312.0,0.3662202169115727
4418,"<a href=""statss.aspx?playerid=4418&position=2B/SS"">Jed Lowrie</a>",34.0,359.0,0.36380006642726803
6184,"<a href=""statss.aspx?playerid=6184&position=DH/OF"">J.D. Martinez</a>",30.0,344.0,0.43051794293331125
5933,"<a href=""statss.aspx?playerid=5933&position=2B/SS"">Jean Segura</a>",28.0,346.0,0.36007375115903406
5361,"<a href=""statss.aspx?playerid=5361&position=1B"">Freddie Freeman</a>",28.0,365.0,0.3983007505368651
5343,"<a href=""statss.aspx?playerid=5343&position=SS"">Brandon Crawford</a>",31.0,315.0,0.36897972129382095
10847,"<a href=""statss.aspx?playerid=10847&position=SS"">Andrelton Simmons</a>",28.0,301.0,0.35842472474847065
16556,"<a href=""statss.aspx?playerid=16556&position=2B"">Ozzie Albies</a>",21.0,374.0,0.3502031197177181
11739,"<a href=""statss.aspx?playerid=11739&position=C"">J.T. Realmuto</a>",27.0,255.0,0.3860722829701872
12979,"<a href=""statss.aspx?playerid=12979&position=SS"">Javier Baez</a>",25.0,308.0,0.3635290007386664
17901,"<a href=""statss.aspx?playerid=17901&position=OF"">Andrew Benintendi</a>",23.0,358.0,0.37225334717779934
12927,"<a href=""statss.aspx?playerid=12927&position=OF"">Brandon Nimmo</a>",25.0,252.0,0.3971796113820303
12552,"<a href=""statss.aspx?playerid=12552&position=3B"">Eugenio Suarez</a>",26.0,289.0,0.4011237152835779
16252,"<a href=""statss.aspx?playerid=16252&position=SS"">Trea Turner</a>",25.0,364.0,0.3345298857649387
14274,"<a href=""statss.aspx?playerid=14274&position=OF"">Mitch Haniger</a>",27.0,355.0,0.36428793672133575
6153,"<a href=""statss.aspx?playerid=6153&position=3B"">Eduardo Escobar</a>",29.0,319.0,0.35854589693130007
10339,"<a href=""statss.aspx?playerid=10339&position=2B"">Scooter Gennett</a>",28.0,331.0,0.3812455977398925
14106,"<a href=""statss.aspx?playerid=14106&position=SS"">Addison Russell</a>",24.0,277.0,0.331357983994658
10059,"<a href=""statss.aspx?playerid=10059&position=C"">Max Stassi</a>",27.0,155.0,0.35291473827054426
16505,"<a href=""statss.aspx?playerid=16505&position=3B"">Matt Chapman</a>",25.0,280.0,0.34506810690675466
14109,"<a href=""statss.aspx?playerid=14109&position=OF"">Albert Almora Jr.</a>",24.0,261.0,0.3563382349419318
4314,"<a href=""statss.aspx?playerid=4314&position=1B"">Joey Votto</a>",34.0,359.0,0.3851236208771052
10264,"<a href=""statss.aspx?playerid=10264&position=1B"">Brandon Belt</a>",30.0,284.0,0.3802125990390778
13301,"<a href=""statss.aspx?playerid=13301&position=1B/3B"">Max Muncy</a>",27.0,217.0,0.4200688224529552
11342,"<a href=""statss.aspx?playerid=11342&position=1B"">Jesus Aguilar</a>",28.0,250.0,0.4122936863899231
5930,"<a href=""statss.aspx?playerid=5930&position=OF"">Nick Markakis</a>",34.0,361.0,0.37310765877281876
12861,"<a href=""statss.aspx?playerid=12861&position=3B"">Anthony Rendon</a>",28.0,264.0,0.3715695862112374
15429,"<a href=""statss.aspx?playerid=15429&position=3B/OF"">Kris Bryant</a>",26.0,311.0,0.3686805895340988
2434,"<a href=""statss.aspx?playerid=2434&position=DH/OF"">Nelson Cruz</a>",37.0,292.0,0.38990297696994664
9166,"<a href=""statss.aspx?playerid=9166&position=C"">Buster Posey</a>",31.0,289.0,0.3421679674956026
14145,"<a href=""statss.aspx?playerid=14145&position=2B/3B/SS"">Daniel Robertson</a>",24.0,237.0,0.3564825279300223
4962,"<a href=""statss.aspx?playerid=4962&position=SS"">Asdrubal Cabrera</a>",32.0,330.0,0.3386238154136773
9218,"<a href=""statss.aspx?playerid=9218&position=1B"">Paul Goldschmidt</a>",30.0,356.0,0.3785006579528787
18289,"<a href=""statss.aspx?playerid=18289&position=3B/OF"">Brian Anderson</a>",25.0,362.0,0.34331974659600084
13621,"<a href=""statss.aspx?playerid=13621&position=3B"">Jeimer Candelario</a>",24.0,308.0,0.348725472177778
11477,"<a href=""statss.aspx?playerid=11477&position=OF"">Christian Yelich</a>",26.0,297.0,0.3595222206534566
11281,"<a href=""statss.aspx?playerid=11281&position=2B/OF"">Whit Merrifield</a>",29.0,344.0,0.3356123340060139
15172,"<a href=""statss.aspx?playerid=15172&position=SS"">Tim Anderson</a>",25.0,313.0,0.3197776633060247
11368,"<a href=""statss.aspx?playerid=11368&position=C"">Yasmani Grandal</a>",29.0,262.0,0.3188616190376866
13757,"<a href=""statss.aspx?playerid=13757&position=OF"">Chris Taylor</a>",27.0,331.0,0.3376866507026004
3174,"<a href=""statss.aspx?playerid=3174&position=OF"">Shin-Soo Choo</a>",35.0,369.0,0.38205396398211694
9241,"<a href=""statss.aspx?playerid=9241&position=OF"">Starling Marte</a>",29.0,298.0,0.3266551966635173
12147,"<a href=""statss.aspx?playerid=12147&position=SS"">Nick Ahmed</a>",28.0,287.0,0.29456181212475424
10556,"<a href=""statss.aspx?playerid=10556&position=2B"">Cesar Hernandez</a>",28.0,365.0,0.34175797746857994
12161,"<a href=""statss.aspx?playerid=12161&position=SS"">Xander Bogaerts</a>",25.0,290.0,0.35576803299287957
2136,"<a href=""statss.aspx?playerid=2136&position=OF"">David Peralta</a>",30.0,327.0,0.3631152135354501
9256,"<a href=""statss.aspx?playerid=9256&position=OF"">A.J. Pollock</a>",30.0,166.0,0.40098415540926385
11476,"<a href=""statss.aspx?playerid=11476&position=OF"">Odubel Herrera</a>",26.0,336.0,0.35257632554467044
11982,"<a href=""statss.aspx?playerid=11982&position=3B"">Travis Shaw</a>",28.0,309.0,0.34907549658631964
13836,"<a href=""statss.aspx?playerid=13836&position=3B"">Matt Duffy</a>",27.0,281.0,0.3471575602889061
12564,"<a href=""statss.aspx?playerid=12564&position=SS"">Trevor Story</a>",25.0,354.0,0.3626421877412553
8090,"<a href=""statss.aspx?playerid=8090&position=3B"">Matt Carpenter</a>",32.0,322.0,0.36945041163961717
12856,"<a href=""statss.aspx?playerid=12856&position=OF"">George Springer</a>",28.0,372.0,0.33574576297321834
1433,"<a href=""statss.aspx?playerid=1433&position=C"">Wilson Ramos</a>",30.0,272.0,0.34499457105994225
15998,"<a href=""statss.aspx?playerid=15998&position=1B/OF"">Cody Bellinger</a>",22.0,331.0,0.3428867979483171
4106,"<a href=""statss.aspx?playerid=4106&position=OF"">Michael Brantley</a>",31.0,310.0,0.36265170458824403
4949,"<a href=""statss.aspx?playerid=4949&position=DH/OF"">Giancarlo Stanton</a>",28.0,349.0,0.3553739896399437
16478,"<a href=""statss.aspx?playerid=16478&position=DH/OF"">Kyle Schwarber</a>",25.0,286.0,0.360929386123367
20123,"<a href=""statss.aspx?playerid=20123&position=OF"">Juan Soto</a>",19.0,143.0,0.43476524293845425
16997,"<a href=""statss.aspx?playerid=16997&position=2B"">Gleyber Torres</a>",21.0,229.0,0.3717824460658352
7435,"<a href=""statss.aspx?playerid=7435&position=2B/OF"">Ben Zobrist</a>",37.0,249.0,0.36358479554614714
3086,"<a href=""statss.aspx?playerid=3086&position=1B"">Mitch Moreland</a>",32.0,246.0,0.3777822723718193
4579,"<a href=""statss.aspx?playerid=4579&position=2B/SS"">Starlin Castro</a>",28.0,356.0,0.31241655970962956
11602,"<a href=""statss.aspx?playerid=11602&position=2B/3B"">Yolmer Sanchez</a>",26.0,324.0,0.3078128469211084
6887,"<a href=""statss.aspx?playerid=6887&position=C"">Martin Maldonado</a>",31.0,239.0,0.2946671089705299
2396,"<a href=""statss.aspx?playerid=2396&position=1B"">Carlos Santana</a>",32.0,347.0,0.3427896245923056
15878,"<a href=""statss.aspx?playerid=15878&position=3B/DH/OF"">Miguel Andujar</a>",23.0,281.0,0.3460903613168574
6012,"<a href=""statss.aspx?playerid=6012&position=SS"">Didi Gregorius</a>",28.0,327.0,0.3351558353062029
5222,"<a href=""statss.aspx?playerid=5222&position=OF"">Justin Upton</a>",30.0,351.0,0.3449877805369241
5631,"<a href=""statss.aspx?playerid=5631&position=OF"">Matt Kemp</a>",33.0,272.0,0.3644215176466206
10472,"<a href=""statss.aspx?playerid=10472&position=OF"">Enrique Hernandez</a>",26.0,229.0,0.3380994393234759
18030,"<a href=""statss.aspx?playerid=18030&position=OF"">Harrison Bader</a>",24.0,179.0,0.32130175121759963
5297,"<a href=""statss.aspx?playerid=5297&position=OF"">Aaron Hicks</a>",28.0,262.0,0.3414525015144056
11846,"<a href=""statss.aspx?playerid=11846&position=OF"">Leonys Martin</a>",30.0,303.0,0.3287088560192498
5275,"<a href=""statss.aspx?playerid=5275&position=C"">Francisco Cervelli</a>",32.0,218.0,0.3768588716533327
7007,"<a href=""statss.aspx?playerid=7007&position=C"">Yadier Molina</a>",35.0,208.0,0.3357687581043977
9627,"<a href=""statss.aspx?playerid=9627&position=C"">Yan Gomes</a>",30.0,226.0,0.32544767377632006
4922,"<a href=""statss.aspx?playerid=4922&position=OF"">Ender Inciarte</a>",27.0,355.0,0.29149328446590866
10346,"<a href=""statss.aspx?playerid=10346&position=C"">John Ryan Murphy</a>",27.0,143.0,0.33432298391423326
4940,"<a href=""statss.aspx?playerid=4940&position=OF"">Jason Heyward</a>",28.0,261.0,0.3397661660895737
14344,"<a href=""statss.aspx?playerid=14344&position=1B"">Matt Olson</a>",24.0,343.0,0.3355185941994539
9927,"<a href=""statss.aspx?playerid=9927&position=OF"">Brett Gardner</a>",34.0,299.0,0.3198062837929339
13355,"<a href=""statss.aspx?playerid=13355&position=C"">Luke Maile</a>",27.0,140.0,0.31910989497389114
7996,"<a href=""statss.aspx?playerid=7996&position=1B/OF"">Jose Martinez</a>",29.0,315.0,0.37214393691411096
4146,"<a href=""statss.aspx?playerid=4146&position=OF"">Gorkys Hernandez</a>",30.0,231.0,0.34798700793793325
3269,"<a href=""statss.aspx?playerid=3269&position=2B"">Robinson Cano</a>",35.0,169.0,0.3569160442866251
6547,"<a href=""statss.aspx?playerid=6547&position=SS"">Jordy Mercer</a>",31.0,281.0,0.29901690006256104
10762,"<a href=""statss.aspx?playerid=10762&position=OF"">Corey Dickerson</a>",29.0,294.0,0.32879728734288427
11738,"<a href=""statss.aspx?playerid=11738&position=3B"">Christian Villanueva</a>",27.0,251.0,0.33205849454697384
9134,"<a href=""statss.aspx?playerid=9134&position=C"">Tyler Flowers</a>",32.0,131.0,0.35012633472908544
11489,"<a href=""statss.aspx?playerid=11489&position=OF"">Michael A. Taylor</a>",27.0,278.0,0.2978356619314714
12907,"<a href=""statss.aspx?playerid=12907&position=OF"">Gregory Polanco</a>",26.0,294.0,0.3463753907325771
3892,"<a href=""statss.aspx?playerid=3892&position=OF"">Josh Reddick</a>",31.0,225.0,0.3220269994011947
11737,"<a href=""statss.aspx?playerid=11737&position=3B/OF"">Nick Castellanos</a>",26.0,351.0,0.37042634668706476
14950,"<a href=""statss.aspx?playerid=14950&position=3B/SS"">Johan Camargo</a>",24.0,221.0,0.3428224091116152
11899,"<a href=""statss.aspx?playerid=11899&position=DH/OF"">Joc Pederson</a>",26.0,217.0,0.3669565885566002
14553,"<a href=""statss.aspx?playerid=14553&position=OF"">Nomar Mazara</a>",23.0,339.0,0.35226335511363227
4892,"<a href=""statss.aspx?playerid=4892&position=3B"">Mike Moustakas</a>",29.0,341.0,0.33497963977988654
9054,"<a href=""statss.aspx?playerid=9054&position=1B"">Justin Smoak</a>",31.0,315.0,0.34581133675651426
5491,"<a href=""statss.aspx?playerid=5491&position=C"">Austin Romine</a>",29.0,106.0,0.3485141031022342
11445,"<a href=""statss.aspx?playerid=11445&position=OF"">Mark Canha</a>",29.0,225.0,0.33784504999985565
5352,"<a href=""statss.aspx?playerid=5352&position=2B/3B"">Yangervis Solarte</a>",30.0,342.0,0.328072243771595
18314,"<a href=""statss.aspx?playerid=18314&position=SS"">Dansby Swanson</a>",24.0,278.0,0.30468968139803276
9393,"<a href=""statss.aspx?playerid=9393&position=1B"">Matt Adams</a>",29.0,171.0,0.39154499246363056
12180,"<a href=""statss.aspx?playerid=12180&position=C"">Jorge Alfaro</a>",25.0,212.0,0.28848962881714824
11609,"<a href=""statss.aspx?playerid=11609&position=C"">Willson Contreras</a>",26.0,300.0,0.34309812025590375
16472,"<a href=""statss.aspx?playerid=16472&position=1B"">Rhys Hoskins</a>",25.0,306.0,0.3733381793687218
12225,"<a href=""statss.aspx?playerid=12225&position=OF"">Scott Schebler</a>",27.0,255.0,0.356484893022799
7226,"<a href=""statss.aspx?playerid=7226&position=3B/DH"">Matt Davidson</a>",27.0,260.0,0.35188932648071874
13768,"<a href=""statss.aspx?playerid=13768&position=OF"">Travis Jankowski</a>",27.0,193.0,0.32022620892773074
12158,"<a href=""statss.aspx?playerid=12158&position=C"">Austin Barnes</a>",28.0,150.0,0.28170595740949783
16376,"<a href=""statss.aspx?playerid=16376&position=OF"">Michael Conforto</a>",25.0,293.0,0.32030918014546234
8418,"<a href=""statss.aspx?playerid=8418&position=3B/SS"">Ehire Adrianza</a>",28.0,206.0,0.31116347585744525
11579,"<a href=""statss.aspx?playerid=11579&position=OF"">Bryce Harper</a>",25.0,352.0,0.35636205680168753
9874,"<a href=""statss.aspx?playerid=9874&position=2B"">DJ LeMahieu</a>",29.0,271.0,0.32849248073719167
10231,"<a href=""statss.aspx?playerid=10231&position=SS"">Jose Iglesias</a>",28.0,298.0,0.30143888556473963
13265,"<a href=""statss.aspx?playerid=13265&position=C"">Mike Zunino</a>",27.0,211.0,0.28506523398991446
5273,"<a href=""statss.aspx?playerid=5273&position=C"">Sandy Leon</a>",29.0,118.0,0.30473533828379745
13593,"<a href=""statss.aspx?playerid=13593&position=2B/SS"">Jose Peraza</a>",24.0,343.0,0.2956871774147102
12533,"<a href=""statss.aspx?playerid=12533&position=2B/SS"">Marcus Semien</a>",27.0,371.0,0.29064451298623717
10542,"<a href=""statss.aspx?playerid=10542&position=2B/OF"">Derek Dietrich</a>",28.0,311.0,0.35426865873798247
9744,"<a href=""statss.aspx?playerid=9744&position=1B"">Justin Bour</a>",30.0,326.0,0.34187454319445887
18015,"<a href=""statss.aspx?playerid=18015&position=SS"">Paul DeJong</a>",24.0,171.0,0.35528148272458243
8347,"<a href=""statss.aspx?playerid=8347&position=OF"">Denard Span</a>",34.0,270.0,0.33372871390095465
7802,"<a href=""statss.aspx?playerid=7802&position=SS"">Miguel Rojas</a>",29.0,302.0,0.2864065216137813
10324,"<a href=""statss.aspx?playerid=10324&position=DH/OF"">Marcell Ozuna</a>",27.0,322.0,0.3253100412285588
15676,"<a href=""statss.aspx?playerid=15676&position=1B"">Jose Abreu</a>",31.0,349.0,0.3330769615117894
8259,"<a href=""statss.aspx?playerid=8259&position=C"">Kurt Suzuki</a>",34.0,213.0,0.3576542438475739
4229,"<a href=""statss.aspx?playerid=4229&position=2B"">Howie Kendrick</a>",34.0,160.0,0.3422043443475879
12926,"<a href=""statss.aspx?playerid=12926&position=2B/OF"">Alen Hanson</a>",25.0,123.0,0.35649599243954916
639,"<a href=""statss.aspx?playerid=639&position=3B"">Adrian Beltre</a>",39.0,219.0,0.34937078749529227
19755,"<a href=""statss.aspx?playerid=19755&position=DH"">Shohei Ohtani</a>",23.0,129.0,0.38458110857754946
9847,"<a href=""statss.aspx?playerid=9847&position=OF"">Andrew McCutchen</a>",31.0,350.0,0.34335511990955897
11442,"<a href=""statss.aspx?playerid=11442&position=C"">Gary Sanchez</a>",25.0,265.0,0.3123837959091618
11379,"<a href=""statss.aspx?playerid=11379&position=OF"">Delino DeShields</a>",25.0,270.0,0.28920819809418596
9112,"<a href=""statss.aspx?playerid=9112&position=DH/OF"">Khris Davis</a>",30.0,321.0,0.34503780733793976
13613,"<a href=""statss.aspx?playerid=13613&position=2B"">Ketel Marte</a>",24.0,309.0,0.3030433338317498
9345,"<a href=""statss.aspx?playerid=9345&position=2B/3B/OF"">Brock Holt</a>",30.0,162.0,0.3458140081500415
13066,"<a href=""statss.aspx?playerid=13066&position=OF"">Teoscar Hernandez</a>",25.0,282.0,0.347130926365548
2829,"<a href=""statss.aspx?playerid=2829&position=C"">Manny Pina</a>",31.0,200.0,0.28980022189605176
12144,"<a href=""statss.aspx?playerid=12144&position=OF"">Max Kepler</a>",25.0,306.0,0.30410991711694685
12434,"<a href=""statss.aspx?playerid=12434&position=OF"">Kevin Pillar</a>",29.0,327.0,0.29806650104143567
17919,"<a href=""statss.aspx?playerid=17919&position=OF"">Ian Happ</a>",23.0,241.0,0.34534172599132246
10815,"<a href=""statss.aspx?playerid=10815&position=OF"">Jurickson Profar</a>",25.0,311.0,0.32859500242817785
15191,"<a href=""statss.aspx?playerid=15191&position=OF"">Chad Pinder</a>",26.0,186.0,0.3193239012280026
11680,"<a href=""statss.aspx?playerid=11680&position=C"">Elias Diaz</a>",27.0,134.0,0.3380949719628291
9785,"<a href=""statss.aspx?playerid=9785&position=3B"">Kyle Seager</a>",30.0,349.0,0.3037108765251335
3473,"<a href=""statss.aspx?playerid=3473&position=1B"">Anthony Rizzo</a>",28.0,321.0,0.3297723773159558
10243,"<a href=""statss.aspx?playerid=10243&position=OF"">Randal Grichuk</a>",26.0,168.0,0.31568329674857004
14221,"<a href=""statss.aspx?playerid=14221&position=DH/OF"">Jorge Soler</a>",26.0,257.0,0.35432262921611624
14225,"<a href=""statss.aspx?playerid=14225&position=OF"">Yasiel Puig</a>",27.0,254.0,0.32493068372446393
785,"<a href=""statss.aspx?playerid=785&position=3B"">Todd Frazier</a>",32.0,237.0,0.30039392946138666
1744,"<a href=""statss.aspx?playerid=1744&position=1B/3B"">Miguel Cabrera</a>",35.0,157.0,0.3600773904837814
5235,"<a href=""statss.aspx?playerid=5235&position=3B"">Justin Turner</a>",33.0,146.0,0.34131680233725187
10199,"<a href=""statss.aspx?playerid=10199&position=OF"">Billy Hamilton</a>",27.0,281.0,0.2714164290988148
4747,"<a href=""statss.aspx?playerid=4747&position=OF"">Curtis Granderson</a>",37.0,219.0,0.35876603268052887
12984,"<a href=""statss.aspx?playerid=12984&position=OF"">Jackie Bradley Jr.</a>",28.0,273.0,0.27663145135173867
19198,"<a href=""statss.aspx?playerid=19198&position=1B"">Yuli Gurriel</a>",34.0,279.0,0.3178879146507564
17350,"<a href=""statss.aspx?playerid=17350&position=3B"">Rafael Devers</a>",21.0,333.0,0.3122832146459075
2967,"<a href=""statss.aspx?playerid=2967&position=OF"">Tommy Pham</a>",30.0,306.0,0.3199727089678655
18401,"<a href=""statss.aspx?playerid=18401&position=OF"">Ronald Acuna Jr.</a>",20.0,139.0,0.3457466539719122
12160,"<a href=""statss.aspx?playerid=12160&position=OF"">Ben Gamel</a>",26.0,175.0,0.34315528677797863
6195,"<a href=""statss.aspx?playerid=6195&position=2B"">Ian Kinsler</a>",36.0,307.0,0.2903301055734243
15672,"<a href=""statss.aspx?playerid=15672&position=DH/OF"">Austin Meadows</a>",23.0,131.0,0.3668071008467859
3711,"<a href=""statss.aspx?playerid=3711&position=1B/OF"">Eric Thames</a>",31.0,136.0,0.3697408348097837
12546,"<a href=""statss.aspx?playerid=12546&position=1B"">C.J. Cron</a>",28.0,329.0,0.3226355008078926
13367,"<a href=""statss.aspx?playerid=13367&position=OF"">Stephen Piscotty</a>",27.0,291.0,0.31568995456105653
8392,"<a href=""statss.aspx?playerid=8392&position=2B/3B"">Daniel Descalso</a>",31.0,247.0,0.3543825357910094
17642,"<a href=""statss.aspx?playerid=17642&position=SS"">JT Riddle</a>",26.0,111.0,0.30815119875801933
5913,"<a href=""statss.aspx?playerid=5913&position=OF"">Leury Garcia</a>",27.0,158.0,0.29834351797772063
10950,"<a href=""statss.aspx?playerid=10950&position=OF"">Adam Duvall</a>",29.0,283.0,0.2938937842845917
15194,"<a href=""statss.aspx?playerid=15194&position=1B/OF"">Jake Bauers</a>",22.0,93.0,0.3900685970501233
3516,"<a href=""statss.aspx?playerid=3516&position=1B"">Eric Hosmer</a>",28.0,346.0,0.33498246474000365
7859,"<a href=""statss.aspx?playerid=7859&position=OF"">Charlie Blackmon</a>",31.0,351.0,0.3483670851162502
1943,"<a href=""statss.aspx?playerid=1943&position=P"">Zack Greinke</a>",34.0,36.0,0.3359878117387945
14128,"<a href=""statss.aspx?playerid=14128&position=OF"">Joey Gallo</a>",24.0,320.0,0.32049413297161367
12092,"<a href=""statss.aspx?playerid=12092&position=2B/SS"">Niko Goodrum</a>",26.0,217.0,0.3091063800233382
13608,"<a href=""statss.aspx?playerid=13608&position=OF"">Mallex Smith</a>",25.0,272.0,0.30127217290096714
8267,"<a href=""statss.aspx?playerid=8267&position=C"">Chris Iannetta</a>",35.0,196.0,0.3304638735329111
13853,"<a href=""statss.aspx?playerid=13853&position=2B/3B/SS"">Joey Wendle</a>",28.0,248.0,0.28233997499750507
6609,"<a href=""statss.aspx?playerid=6609&position=SS"">Freddy Galvis</a>",28.0,334.0,0.27844833807054775
3648,"<a href=""statss.aspx?playerid=3648&position=C"">Rene Rivera</a>",34.0,59.0,0.3448957487688226
11003,"<a href=""statss.aspx?playerid=11003&position=C/DH"">Evan Gattis</a>",31.0,268.0,0.3348091434450185
18721,"<a href=""statss.aspx?playerid=18721&position=OF"">Guillermo Heredia</a>",27.0,206.0,0.2973299127817154
13329,"<a href=""statss.aspx?playerid=13329&position=3B"">Jake Lamb</a>",27.0,168.0,0.3205407645021166
15464,"<a href=""statss.aspx?playerid=15464&position=OF"">Hunter Renfroe</a>",26.0,156.0,0.3330892206002504
9810,"<a href=""statss.aspx?playerid=9810&position=2B"">Brian Dozier</a>",31.0,349.0,0.3022636508190188
5038,"<a href=""statss.aspx?playerid=5038&position=3B"">Josh Donaldson</a>",32.0,159.0,0.3251447134716496
13110,"<a href=""statss.aspx?playerid=13110&position=OF"">Yoenis Cespedes</a>",32.0,152.0,0.3321059548854828
1887,"<a href=""statss.aspx?playerid=1887&position=OF"">Jose Bautista</a>",37.0,145.0,0.36368494642364396
5384,"<a href=""statss.aspx?playerid=5384&position=OF"">Juan Lagares</a>",29.0,64.0,0.3294651848929269
4616,"<a href=""statss.aspx?playerid=4616&position=C"">Russell Martin</a>",35.0,216.0,0.29239805401475344
4403,"<a href=""statss.aspx?playerid=4403&position=C"">Erik Kratz</a>",38.0,49.0,0.35155225408320523
5827,"<a href=""statss.aspx?playerid=5827&position=1B"">Wilmer Flores</a>",26.0,183.0,0.32794347161152326
14712,"<a href=""statss.aspx?playerid=14712&position=OF"">Manuel Margot</a>",23.0,256.0,0.2903193859826951
5209,"<a href=""statss.aspx?playerid=5209&position=OF"">Alex Gordon</a>",34.0,258.0,0.30255906796082854
12547,"<a href=""statss.aspx?playerid=12547&position=C/1B"">John Hicks</a>",28.0,220.0,0.33379651204636107
7870,"<a href=""statss.aspx?playerid=7870&position=C"">Jonathan Lucroy</a>",32.0,242.0,0.2884865015745163
8203,"<a href=""statss.aspx?playerid=8203&position=2B"">Dee Strange-Gordon</a>",30.0,330.0,0.28267476790481144
8709,"<a href=""statss.aspx?playerid=8709&position=SS"">Elvis Andrus</a>",29.0,111.0,0.3309279674882287
14894,"<a href=""statss.aspx?playerid=14894&position=2B/OF"">Tony Kemp</a>",26.0,111.0,0.34737527314747607
15082,"<a href=""statss.aspx?playerid=15082&position=OF"">Adam Engel</a>",26.0,239.0,0.26115508023965156
1857,"<a href=""statss.aspx?playerid=1857&position=C/1B"">Joe Mauer</a>",35.0,220.0,0.32601603701573995
10071,"<a href=""statss.aspx?playerid=10071&position=2B/SS"">Jonathan Villar</a>",27.0,245.0,0.2972014519633079
5227,"<a href=""statss.aspx?playerid=5227&position=OF"">Jon Jay</a>",33.0,365.0,0.31962634998675526
14843,"<a href=""statss.aspx?playerid=14843&position=P"">Michael Lorenzen</a>",26.0,7.0,1.0945065362112862
3298,"<a href=""statss.aspx?playerid=3298&position=3B/OF"">Charlie Culberson</a>",29.0,149.0,0.32463112111027176
11936,"<a href=""statss.aspx?playerid=11936&position=2B"">Joe Panik</a>",27.0,204.0,0.3017412682077778
15048,"<a href=""statss.aspx?playerid=15048&position=OF"">Johnny Field</a>",26.0,162.0,0.281560942993401
9774,"<a href=""statss.aspx?playerid=9774&position=C"">Christian Vazquez</a>",27.0,206.0,0.2515641160127593
3142,"<a href=""statss.aspx?playerid=3142&position=C"">Robinson Chirinos</a>",34.0,231.0,0.33221353493727646
3448,"<a href=""statss.aspx?playerid=3448&position=C"">Jeff Mathis</a>",35.0,100.0,0.23132846692595818
12179,"<a href=""statss.aspx?playerid=12179&position=3B"">Maikel Franco</a>",25.0,252.0,0.3132233148119057
5497,"<a href=""statss.aspx?playerid=5497&position=SS"">Marwin Gonzalez</a>",29.0,294.0,0.29364976327994774
13942,"<a href=""statss.aspx?playerid=13942&position=P"">Brent Suter</a>",28.0,28.0,0.31538733729609736
11339,"<a href=""statss.aspx?playerid=11339&position=OF"">Jake Marisnick</a>",27.0,156.0,0.26317240230498773
13590,"<a href=""statss.aspx?playerid=13590&position=OF"">Jesse Winker</a>",24.0,274.0,0.34158157378545106
6364,"<a href=""statss.aspx?playerid=6364&position=3B"">Danny Valencia</a>",33.0,204.0,0.3375338832340618
9957,"<a href=""statss.aspx?playerid=9957&position=1B/OF"">Steve Pearce</a>",35.0,90.0,0.37771528230773077
3137,"<a href=""statss.aspx?playerid=3137&position=P"">Max Scherzer</a>",33.0,38.0,0.25508487381433187
9253,"<a href=""statss.aspx?playerid=9253&position=OF"">Keon Broxton</a>",28.0,15.0,0.4799851735432943
9368,"<a href=""statss.aspx?playerid=9368&position=3B"">Evan Longoria</a>",32.0,270.0,0.30168085404045075
16909,"<a href=""statss.aspx?playerid=16909&position=1B/3B"">Colin Moran</a>",25.0,254.0,0.3282232367659945
13624,"<a href=""statss.aspx?playerid=13624&position=SS"">Corey Seager</a>",24.0,115.0,0.3238860133447145
10807,"<a href=""statss.aspx?playerid=10807&position=3B/SS"">Tyler Saladino</a>",28.0,48.0,0.3882896824085966
13807,"<a href=""statss.aspx?playerid=13807&position=C"">Kevin Plawecki</a>",27.0,95.0,0.3303177181043123
17992,"<a href=""statss.aspx?playerid=17992&position=2B"">David Fletcher</a>",24.0,37.0,0.34704135398606994
12325,"<a href=""statss.aspx?playerid=12325&position=2B/3B"">Jace Peterson</a>",28.0,142.0,0.2929113532455874
13151,"<a href=""statss.aspx?playerid=13151&position=C"">Jose Briceno</a>",25.0,28.0,0.4027016354458673
7287,"<a href=""statss.aspx?playerid=7287&position=OF"">Carlos Gonzalez</a>",32.0,232.0,0.32003652138480976
14131,"<a href=""statss.aspx?playerid=14131&position=1B"">Greg Bird</a>",25.0,108.0,0.33155214069066224
14158,"<a href=""statss.aspx?playerid=14158&position=OF"">Mac Williamson</a>",27.0,105.0,0.2976343592007955
8385,"<a href=""statss.aspx?playerid=8385&position=SS"">Pedro Florimon</a>",31.0,62.0,0.34646191904621737
9323,"<a href=""statss.aspx?playerid=9323&position=P"">Patrick Corbin</a>",28.0,35.0,0.24698495119810104
11850,"<a href=""statss.aspx?playerid=11850&position=1B"">Tyler Austin</a>",26.0,132.0,0.319096690326026
10200,"<a href=""statss.aspx?playerid=10200&position=C"">Tucker Barnhart</a>",27.0,283.0,0.32137755894746406
17232,"<a href=""statss.aspx?playerid=17232&position=3B"">Yoan Moncada</a>",23.0,326.0,0.30021248322266797
14567,"<a href=""statss.aspx?playerid=14567&position=1B/OF"">Franchy Cordero</a>",23.0,154.0,0.322055210475049
16434,"<a href=""statss.aspx?playerid=16434&position=2B"">Christian Arroyo</a>",23.0,59.0,0.3226458925311848
16153,"<a href=""statss.aspx?playerid=16153&position=OF"">Austin Slater</a>",25.0,26.0,0.41481986761093137
2151,"<a href=""statss.aspx?playerid=2151&position=1B/3B/DH"">Edwin Encarnacion</a>",35.0,307.0,0.332404042152982
12510,"<a href=""statss.aspx?playerid=12510&position=C"">Curt Casali</a>",29.0,32.0,0.4525355581314333
15038,"<a href=""statss.aspx?playerid=15038&position=P"">German Marquez</a>",23.0,31.0,0.2638592183589935
10459,"<a href=""statss.aspx?playerid=10459&position=SS"">Adeiny Hechavarria</a>",29.0,176.0,0.2698951883812171
7571,"<a href=""statss.aspx?playerid=7571&position=3B/OF"">Lonnie Chisenhall</a>",29.0,89.0,0.34882707555185666
13145,"<a href=""statss.aspx?playerid=13145&position=1B/DH"">Josh Bell</a>",25.0,324.0,0.3128828023686821
16512,"<a href=""statss.aspx?playerid=16512&position=SS"">Isiah Kiner-Falefa</a>",23.0,241.0,0.30089295113340336
16221,"<a href=""statss.aspx?playerid=16221&position=OF"">Bradley Zimmer</a>",25.0,114.0,0.2701485596205059
11205,"<a href=""statss.aspx?playerid=11205&position=OF"">Adam Eaton</a>",29.0,94.0,0.3483943850436109
12775,"<a href=""statss.aspx?playerid=12775&position=SS"">Brad Miller</a>",28.0,198.0,0.33120659565684774
6368,"<a href=""statss.aspx?playerid=6368&position=OF"">Adam Jones</a>",32.0,338.0,0.32148747066774314
12294,"<a href=""statss.aspx?playerid=12294&position=2B/3B"">Cory Spangenberg</a>",27.0,174.0,0.27957183850366013
13277,"<a href=""statss.aspx?playerid=13277&position=OF"">Joey Rickard</a>",27.0,86.0,0.29132647708404896
15447,"<a href=""statss.aspx?playerid=15447&position=1B/3B"">Ryon Healy</a>",26.0,268.0,0.32073762768240116
15223,"<a href=""statss.aspx?playerid=15223&position=2B"">Adam Frazier</a>",26.0,156.0,0.30169265270233153
9571,"<a href=""statss.aspx?playerid=9571&position=OF"">Craig Gentry</a>",34.0,135.0,0.27240337942963216
5485,"<a href=""statss.aspx?playerid=5485&position=2B/OF"">Jose Pirela</a>",28.0,336.0,0.2906901169390905
12284,"<a href=""statss.aspx?playerid=12284&position=C"">Kevan Smith</a>",30.0,60.0,0.3289301226536433
12976,"<a href=""statss.aspx?playerid=12976&position=C"">Austin Hedges</a>",25.0,98.0,0.23135480527975122
3410,"<a href=""statss.aspx?playerid=3410&position=OF"">Ryan Braun</a>",34.0,233.0,0.3126939535140991
15711,"<a href=""statss.aspx?playerid=15711&position=OF"">Tyler O'Neill</a>",23.0,41.0,0.32066142559051514
2608,"<a href=""statss.aspx?playerid=2608&position=P"">Jhoulys Chacin</a>",30.0,33.0,0.22187478542327882
5409,"<a href=""statss.aspx?playerid=5409&position=3B"">Pablo Sandoval</a>",31.0,185.0,0.3140274195071778
5677,"<a href=""statss.aspx?playerid=5677&position=C"">A.J. Ellis</a>",37.0,111.0,0.3662919302781423
14140,"<a href=""statss.aspx?playerid=14140&position=SS"">Jose Rondon</a>",24.0,52.0,0.33038621567762816
2530,"<a href=""statss.aspx?playerid=2530&position=1B"">Yonder Alonso</a>",31.0,283.0,0.32610206026912997
13369,"<a href=""statss.aspx?playerid=13369&position=3B/SS"">Erik Gonzalez</a>",26.0,80.0,0.3406523741781712
9549,"<a href=""statss.aspx?playerid=9549&position=3B"">David Freese</a>",35.0,139.0,0.31082532975984656
12282,"<a href=""statss.aspx?playerid=12282&position=2B"">Rougned Odor</a>",24.0,212.0,0.28558714053277195
11400,"<a href=""statss.aspx?playerid=11400&position=2B/3B/SS"">Ronald Torreyes</a>",25.0,67.0,0.32918909503452815
10047,"<a href=""statss.aspx?playerid=10047&position=1B/OF"">Wil Myers</a>",27.0,75.0,0.31231067551148906
8722,"<a href=""statss.aspx?playerid=8722&position=C"">Jason Castro</a>",31.0,74.0,0.23103037879273697
15519,"<a href=""statss.aspx?playerid=15519&position=2B/SS"">Franklin Barreto</a>",22.0,53.0,0.29512581510363883
14818,"<a href=""statss.aspx?playerid=14818&position=OF"">JaCoby Jones</a>",26.0,274.0,0.2736263814426604
3256,"<a href=""statss.aspx?playerid=3256&position=C"">Welington Castillo</a>",31.0,123.0,0.33227083159656057
6876,"<a href=""statss.aspx?playerid=6876&position=1B/DH/OF"">Mark Trumbo</a>",32.0,195.0,0.3269254950376657
13774,"<a href=""statss.aspx?playerid=13774&position=P"">Zach Eflin</a>",24.0,23.0,0.2334710329771042
4153,"<a href=""statss.aspx?playerid=4153&position=P"">Jake Arrieta</a>",32.0,28.0,0.224017772409651
11467,"<a href=""statss.aspx?playerid=11467&position=P"">A.J. Cole</a>",26.0,4.0,0.6769428253173828
11470,"<a href=""statss.aspx?playerid=11470&position=C"">Tony Wolters</a>",26.0,121.0,0.2289907848539431
11038,"<a href=""statss.aspx?playerid=11038&position=OF"">Kevin Kiermaier</a>",28.0,93.0,0.24393564334479712
9308,"<a href=""statss.aspx?playerid=9308&position=C"">Josh Phegley</a>",30.0,29.0,0.35351974594181984
15937,"<a href=""statss.aspx?playerid=15937&position=SS"">Aledmys Diaz</a>",27.0,207.0,0.2938972966184894
4298,"<a href=""statss.aspx?playerid=4298&position=C"">Matt Wieters</a>",32.0,76.0,0.31920719464619957
11189,"<a href=""statss.aspx?playerid=11189&position=P"">Vince Velasquez</a>",26.0,29.0,0.2029686295069181
8202,"<a href=""statss.aspx?playerid=8202&position=2B/3B"">Josh Harrison</a>",30.0,212.0,0.2902541637420654
15694,"<a href=""statss.aspx?playerid=15694&position=C"">Chance Sisco</a>",23.0,149.0,0.29597475464712053
12532,"<a href=""statss.aspx?playerid=12532&position=2B"">Kolten Wong</a>",27.0,222.0,0.27375041724350047
13473,"<a href=""statss.aspx?playerid=13473&position=OF"">Dwight Smith Jr.</a>",25.0,34.0,0.3919651350554298
11682,"<a href=""statss.aspx?playerid=11682&position=P"">Carlos Martinez</a>",26.0,26.0,0.23120630780855814
3812,"<a href=""statss.aspx?playerid=3812&position=2B/SS"">Gregorio Petit</a>",33.0,30.0,0.3264788071314494
5751,"<a href=""statss.aspx?playerid=5751&position=2B/3B/OF"">Hernan Perez</a>",27.0,172.0,0.27758768374143644
3376,"<a href=""statss.aspx?playerid=3376&position=C"">Nick Hundley</a>",34.0,134.0,0.3338174555534707
10951,"<a href=""statss.aspx?playerid=10951&position=2B/3B"">Greg Garcia</a>",28.0,118.0,0.30746153786651087
11863,"<a href=""statss.aspx?playerid=11863&position=3B/SS"">Yadiel Rivera</a>",26.0,101.0,0.2496060643877302
14388,"<a href=""statss.aspx?playerid=14388&position=1B"">Ronald Guzman</a>",23.0,209.0,0.30874788962700517
10310,"<a href=""statss.aspx?playerid=10310&position=P"">Zack Wheeler</a>",28.0,29.0,0.1954512728585137
16918,"<a href=""statss.aspx?playerid=16918&position=P"">Luke Weaver</a>",24.0,32.0,0.18841419396577058
14320,"<a href=""statss.aspx?playerid=14320&position=2B/SS"">Wilmer Difo</a>",26.0,267.0,0.2802859084687759
4249,"<a href=""statss.aspx?playerid=4249&position=OF"">Shane Robinson</a>",33.0,5.0,0.4517179846763611
9953,"<a href=""statss.aspx?playerid=9953&position=2B/3B"">Ryan Schimpf</a>",30.0,7.0,0.48712681021009174
13744,"<a href=""statss.aspx?playerid=13744&position=OF"">David Dahl</a>",24.0,97.0,0.3357980681448868
8073,"<a href=""statss.aspx?playerid=8073&position=P"">Dan Jennings</a>",31.0,3.0,0.7089352011680603
13012,"<a href=""statss.aspx?playerid=13012&position=OF"">John Andreoli</a>",28.0,4.0,0.39226508140563965
15689,"<a href=""statss.aspx?playerid=15689&position=P"">Luis Castillo</a>",25.0,34.0,0.18619566613977606
5398,"<a href=""statss.aspx?playerid=5398&position=C"">Juan Graterol</a>",29.0,1.0,0.8795307278633118
6632,"<a href=""statss.aspx?playerid=6632&position=P"">Carlos Carrasco</a>",31.0,4.0,0.21988268196582794
12970,"<a href=""statss.aspx?playerid=12970&position=P"">Joe Musgrove</a>",25.0,13.0,0.2398720166899941
9015,"<a href=""statss.aspx?playerid=9015&position=2B"">Gordon Beckham</a>",31.0,39.0,0.23224454151617513
10322,"<a href=""statss.aspx?playerid=10322&position=OF"">Danny Santana</a>",27.0,22.0,0.2887656959620389
15454,"<a href=""statss.aspx?playerid=15454&position=P"">Nick Pivetta</a>",25.0,26.0,0.18301586627960206
3353,"<a href=""statss.aspx?playerid=3353&position=OF"">Matt Joyce</a>",33.0,219.0,0.2978246624019289
12119,"<a href=""statss.aspx?playerid=12119&position=1B/DH"">Matt Skole</a>",28.0,13.0,0.39761147132286656
14444,"<a href=""statss.aspx?playerid=14444&position=P"">Hyun-Jin Ryu</a>",31.0,13.0,0.23469460010528564
14130,"<a href=""statss.aspx?playerid=14130&position=1B/DH"">Daniel Vogelbach</a>",25.0,75.0,0.3132954486211141
16565,"<a href=""statss.aspx?playerid=16565&position=OF"">Mark Zagunis</a>",25.0,6.0,0.4693892002105713
10767,"<a href=""statss.aspx?playerid=10767&position=OF"">Lane Adams</a>",28.0,21.0,0.35369233574186054
10348,"<a href=""statss.aspx?playerid=10348&position=OF"">Domingo Santana</a>",25.0,211.0,0.2918057197616214
7410,"<a href=""statss.aspx?playerid=7410&position=P"">J.A. Happ</a>",35.0,7.0,0.3497987219265529
13499,"<a href=""statss.aspx?playerid=13499&position=C"">Tom Murphy</a>",27.0,43.0,0.32470115811325784
10816,"<a href=""statss.aspx?playerid=10816&position=2B/3B"">Jedd Gyorko</a>",29.0,180.0,0.2888592799504598
14527,"<a href=""statss.aspx?playerid=14527&position=P"">Jorge Lopez</a>",25.0,1.0,1.2472748756408691
11437,"<a href=""statss.aspx?playerid=11437&position=P"">Jesse Biddle</a>",26.0,1.0,1.2472748756408691
1679,"<a href=""statss.aspx?playerid=1679&position=2B"">Chase Utley</a>",39.0,135.0,0.27425978013447355
4810,"<a href=""statss.aspx?playerid=4810&position=C"">Brian McCann</a>",34.0,173.0,0.2708051380394511
15291,"<a href=""statss.aspx?playerid=15291&position=P"">Steven Brault</a>",26.0,14.0,0.21473830938339233
15488,"<a href=""statss.aspx?playerid=15488&position=P"">Antonio Senzatela</a>",23.0,4.0,0.41575829188028973
10732,"<a href=""statss.aspx?playerid=10732&position=P"">Drew Hutchison</a>",27.0,4.0,0.39226508140563965
13050,"<a href=""statss.aspx?playerid=13050&position=P"">Anthony DeSclafani</a>",28.0,13.0,0.22387378490888155
15564,"<a href=""statss.aspx?playerid=15564&position=1B"">Tyler White</a>",27.0,19.0,0.34968344475093643
17878,"<a href=""statss.aspx?playerid=17878&position=P"">Dennis Santana</a>",22.0,2.0,0.6236374378204346
3551,"<a href=""statss.aspx?playerid=3551&position=P"">Clayton Richard</a>",34.0,36.0,0.1563601186198573
12880,"<a href=""statss.aspx?playerid=12880&position=P"">Tyler Anderson</a>",28.0,35.0,0.18724523385365804
9460,"<a href=""statss.aspx?playerid=9460&position=P"">Dan Straily</a>",29.0,18.0,0.19477026661237082
19427,"<a href=""statss.aspx?playerid=19427&position=P"">Shane Bieber</a>",23.0,3.0,0.41575829188028973
7888,"<a href=""statss.aspx?playerid=7888&position=2B/3B"">Ryan Flaherty</a>",31.0,150.0,0.29128838687726893
4001,"<a href=""statss.aspx?playerid=4001&position=P"">Enny Romero</a>",27.0,1.0,1.2472748756408691
17027,"<a href=""statss.aspx?playerid=17027&position=OF"">Alex Verdugo</a>",22.0,37.0,0.29905034270551467
12981,"<a href=""statss.aspx?playerid=12981&position=C"">Cam Gallagher</a>",25.0,25.0,0.23290686130523683
14813,"<a href=""statss.aspx?playerid=14813&position=2B/SS"">Kyle Farmer</a>",27.0,71.0,0.26946293881961275
15124,"<a href=""statss.aspx?playerid=15124&position=OF"">Tim Locastro</a>",25.0,14.0,0.30185997911861967
9284,"<a href=""statss.aspx?playerid=9284&position=C/OF"">Chris Herrmann</a>",30.0,18.0,0.2998172541459401
11596,"<a href=""statss.aspx?playerid=11596&position=P"">Deck McGuire</a>",29.0,1.0,0.8795307278633118
13133,"<a href=""statss.aspx?playerid=13133&position=P"">Derek Law</a>",27.0,1.0,0.8795307278633118
12778,"<a href=""statss.aspx?playerid=12778&position=P"">Sam Gaviglio</a>",28.0,3.0,0.41575829188028973
15983,"<a href=""statss.aspx?playerid=15983&position=OF"">Jackson Frazier</a>",23.0,24.0,0.4033736288547516
14811,"<a href=""statss.aspx?playerid=14811&position=1B/DH"">Luke Voit</a>",27.0,13.0,0.3299552614872272
7739,"<a href=""statss.aspx?playerid=7739&position=C"">Travis d'Arnaud</a>",29.0,16.0,0.2799637205898762
8700,"<a href=""statss.aspx?playerid=8700&position=P"">Justin Verlander</a>",35.0,2.0,0.4397653639316559
4676,"<a href=""statss.aspx?playerid=4676&position=P"">Charlie Morton</a>",34.0,2.0,0.4397653639316559
17313,"<a href=""statss.aspx?playerid=17313&position=P"">Merandy Gonzalez</a>",22.0,2.0,0.4397653639316559
14212,"<a href=""statss.aspx?playerid=14212&position=P"">Josh Hader</a>",24.0,1.0,0.8795307278633118
13769,"<a href=""statss.aspx?playerid=13769&position=SS"">Adalberto Mondesi</a>",22.0,36.0,0.25279930233955383
18790,"<a href=""statss.aspx?playerid=18790&position=P"">Dillon Peters</a>",25.0,9.0,0.19613254070281982
9895,"<a href=""statss.aspx?playerid=9895&position=P"">Chris Rusin</a>",31.0,2.0,0.4397653639316559
19249,"<a href=""statss.aspx?playerid=19249&position=P"">Seranthony Dominguez</a>",23.0,1.0,0.6895295977592468
6986,"<a href=""statss.aspx?playerid=6986&position=P"">Ian Kennedy</a>",33.0,2.0,0.4397653639316559
19316,"<a href=""statss.aspx?playerid=19316&position=P"">Eric Lauer</a>",23.0,21.0,0.1564630667368571
8779,"<a href=""statss.aspx?playerid=8779&position=P"">Wade Miley</a>",31.0,2.0,0.4397653639316559
16980,"<a href=""statss.aspx?playerid=16980&position=P"">Daniel Mengden</a>",25.0,3.0,0.29317690928777057
19349,"<a href=""statss.aspx?playerid=19349&position=P"">Caleb Ferguson</a>",21.0,3.0,0.29317690928777057
2036,"<a href=""statss.aspx?playerid=2036&position=P"">Clayton Kershaw</a>",30.0,20.0,0.18489565451939902
14682,"<a href=""statss.aspx?playerid=14682&position=P"">Luis Perdomo</a>",25.0,3.0,0.29317690928777057
5666,"<a href=""statss.aspx?playerid=5666&position=C"">Devin Mesoraco</a>",30.0,167.0,0.31445333379471374
14508,"<a href=""statss.aspx?playerid=14508&position=P"">Randy Rosario</a>",24.0,1.0,0.6895295977592468
17149,"<a href=""statss.aspx?playerid=17149&position=P"">Domingo German</a>",25.0,2.0,0.3447647988796234
15451,"<a href=""statss.aspx?playerid=15451&position=P"">Mike Mayers</a>",26.0,2.0,0.3447647988796234
8001,"<a href=""statss.aspx?playerid=8001&position=SS"">Hanley Ramirez</a>",34.0,195.0,0.30848534596272004
8553,"<a href=""statss.aspx?playerid=8553&position=OF"">Gerardo Parra</a>",31.0,257.0,0.3277571766984229
2047,"<a href=""statss.aspx?playerid=2047&position=P"">Jorge De La Rosa</a>",37.0,2.0,0.3447647988796234
16411,"<a href=""statss.aspx?playerid=16411&position=2B/SS"">Richard Urena</a>",22.0,19.0,0.30827507707807755
14420,"<a href=""statss.aspx?playerid=14420&position=P"">Jackson Stephens</a>",24.0,2.0,0.3447647988796234
15115,"<a href=""statss.aspx?playerid=15115&position=OF"">Dylan Cozens</a>",24.0,16.0,0.31118424981832504
16017,"<a href=""statss.aspx?playerid=16017&position=P"">Odrisamer Despaigne</a>",31.0,4.0,0.21988268196582794
15279,"<a href=""statss.aspx?playerid=15279&position=1B/DH"">Garrett Cooper</a>",27.0,9.0,0.25435947047339547
8362,"<a href=""statss.aspx?playerid=8362&position=P"">Homer Bailey</a>",32.0,22.0,0.155211304917055
15608,"<a href=""statss.aspx?playerid=15608&position=C/3B"">Willians Astudillo</a>",26.0,2.0,0.4397653639316559
10619,"<a href=""statss.aspx?playerid=10619&position=C"">David Freitas</a>",29.0,70.0,0.26465049608429864
16130,"<a href=""statss.aspx?playerid=16130&position=P"">David Hess</a>",24.0,3.0,0.22984319925308228
15214,"<a href=""statss.aspx?playerid=15214&position=1B/OF"">Brandon Dixon</a>",26.0,31.0,0.2920908447234861
13453,"<a href=""statss.aspx?playerid=13453&position=P"">Eddie Butler</a>",27.0,3.0,0.22984319925308228
15986,"<a href=""statss.aspx?playerid=15986&position=SS"">Willy Adames</a>",22.0,71.0,0.28687637036954855
13696,"<a href=""statss.aspx?playerid=13696&position=P"">Robert Gsellman</a>",24.0,4.0,0.18004372715950012
17479,"<a href=""statss.aspx?playerid=17479&position=P"">Jack Flaherty</a>",22.0,22.0,0.13887327282052292
13420,"<a href=""statss.aspx?playerid=13420&position=P"">Matt Koch</a>",27.0,20.0,0.16378441784116957
11479,"<a href=""statss.aspx?playerid=11479&position=P"">Bryan Mitchell</a>",27.0,12.0,0.14658845464388529
8044,"<a href=""statss.aspx?playerid=8044&position=P"">Jason Vargas</a>",35.0,12.0,0.14264184778386896
4220,"<a href=""statss.aspx?playerid=4220&position=1B/3B"">Ryan Zimmerman</a>",33.0,125.0,0.2973708667755127
18213,"<a href=""statss.aspx?playerid=18213&position=P"">P.J. Conlon</a>",24.0,3.0,0.29317690928777057
5452,"<a href=""statss.aspx?playerid=5452&position=1B"">Ji-Man Choi</a>",27.0,32.0,0.31884930595274896
7619,"<a href=""statss.aspx?playerid=7619&position=1B/3B"">Mark Reynolds</a>",34.0,101.0,0.3277499014788335
17098,"<a href=""statss.aspx?playerid=17098&position=OF"">Dustin Fowler</a>",23.0,140.0,0.29600215383938383
8753,"<a href=""statss.aspx?playerid=8753&position=P"">Tanner Roark</a>",31.0,31.0,0.14614820069280163
5306,"<a href=""statss.aspx?playerid=5306&position=OF"">Kristopher Negron</a>",32.0,3.0,0.29317690928777057
13723,"<a href=""statss.aspx?playerid=13723&position=C"">Jacob Stallings</a>",28.0,3.0,0.29317690928777057
11287,"<a href=""statss.aspx?playerid=11287&position=C"">Bryan Holaday</a>",30.0,90.0,0.20438534958978719
16162,"<a href=""statss.aspx?playerid=16162&position=P"">Brandon Woodruff</a>",25.0,7.0,0.14658845464388529
5760,"<a href=""statss.aspx?playerid=5760&position=OF"">Avisail Garcia</a>",27.0,113.0,0.27960014817988976
14593,"<a href=""statss.aspx?playerid=14593&position=2B/3B"">David Bote</a>",25.0,33.0,0.27153915708715265
4064,"<a href=""statss.aspx?playerid=4064&position=P"">Brian Duensing</a>",35.0,2.0,0.3447647988796234
10354,"<a href=""statss.aspx?playerid=10354&position=P"">Robbie Erlin</a>",27.0,6.0,0.14658845464388529
4338,"<a href=""statss.aspx?playerid=4338&position=P"">Tyler Chatwood</a>",28.0,23.0,0.13887327282052292
10700,"<a href=""statss.aspx?playerid=10700&position=OF"">Ryan LaMarre</a>",29.0,109.0,0.2838801041655584
36,"<a href=""statss.aspx?playerid=36&position=P"">Xavier Cedeno</a>",31.0,0.0,0.0
404,"<a href=""statss.aspx?playerid=404&position=P"">CC Sabathia</a>",37.0,0.0,0.0
494,"<a href=""statss.aspx?playerid=494&position=P"">Fernando Rodney</a>",41.0,0.0,0.0
1118,"<a href=""statss.aspx?playerid=1118&position=P"">Marco Estrada</a>",34.0,0.0,0.0
1157,"<a href=""statss.aspx?playerid=1157&position=P"">Tommy Hunter</a>",31.0,0.0,0.0
1246,"<a href=""statss.aspx?playerid=1246&position=P"">Matt Bush</a>",32.0,0.0,0.0
1247,"<a href=""statss.aspx?playerid=1247&position=P"">Adam Ottavino</a>",32.0,0.0,0.0
1345,"<a href=""statss.aspx?playerid=1345&position=P"">Blake Wood</a>",32.0,0.0,0.0
1514,"<a href=""statss.aspx?playerid=1514&position=P"">Oliver Perez</a>",36.0,0.0,0.0
1581,"<a href=""statss.aspx?playerid=1581&position=P"">Sean Doolittle</a>",31.0,0.0,0.0
1837,"<a href=""statss.aspx?playerid=1837&position=P"">Matt Belisle</a>",38.0,0.0,0.0
1841,"<a href=""statss.aspx?playerid=1841&position=P"">Edwin Jackson</a>",34.0,0.0,0.0
1852,"<a href=""statss.aspx?playerid=1852&position=P"">Ryan Madson</a>",37.0,0.0,0.0
1890,"<a href=""statss.aspx?playerid=1890&position=P"">Matt Moore</a>",29.0,0.0,0.0
2237,"<a href=""statss.aspx?playerid=2237&position=P"">Blaine Boyer</a>",36.0,0.0,0.0
2391,"<a href=""statss.aspx?playerid=2391&position=P"">Hector Rondon</a>",30.0,0.0,0.0
2660,"<a href=""statss.aspx?playerid=2660&position=P"">Brett Cecil</a>",31.0,0.0,0.0
2717,"<a href=""statss.aspx?playerid=2717&position=P"">Rick Porcello</a>",29.0,0.0,0.0
2873,"<a href=""statss.aspx?playerid=2873&position=P"">Santiago Casilla</a>",37.0,0.0,0.0
2882,"<a href=""statss.aspx?playerid=2882&position=P"">Luis Avilan</a>",28.0,0.0,0.0
2895,"<a href=""statss.aspx?playerid=2895&position=P"">Zach McAllister</a>",30.0,0.0,0.0
2951,"<a href=""statss.aspx?playerid=2951&position=P"">Josh Ravin</a>",30.0,0.0,0.0
3096,"<a href=""statss.aspx?playerid=3096&position=P"">Kenley Jansen</a>",30.0,0.0,0.0
3132,"<a href=""statss.aspx?playerid=3132&position=P"">Tony Watson</a>",33.0,0.0,0.0
3164,"<a href=""statss.aspx?playerid=3164&position=P"">Tim Collins</a>",28.0,0.0,0.0
3184,"<a href=""statss.aspx?playerid=3184&position=P"">David Price</a>",32.0,0.0,0.0
3192,"<a href=""statss.aspx?playerid=3192&position=P"">Will Harris</a>",33.0,0.0,0.0
3201,"<a href=""statss.aspx?playerid=3201&position=P"">Francisco Liriano</a>",34.0,0.0,0.0
3240,"<a href=""statss.aspx?playerid=3240&position=P"">Zack Britton</a>",30.0,0.0,0.0
3281,"<a href=""statss.aspx?playerid=3281&position=P"">Joe Smith</a>",34.0,0.0,0.0
3299,"<a href=""statss.aspx?playerid=3299&position=P"">Chris Hatcher</a>",33.0,0.0,0.0
3321,"<a href=""statss.aspx?playerid=3321&position=P"">Darren O'Day</a>",35.0,0.0,0.0
3548,"<a href=""statss.aspx?playerid=3548&position=P"">Liam Hendriks</a>",29.0,0.0,0.0
3555,"<a href=""statss.aspx?playerid=3555&position=P"">Tony Barnette</a>",34.0,0.0,0.0
3656,"<a href=""statss.aspx?playerid=3656&position=P"">Jim Johnson</a>",35.0,0.0,0.0
3950,"<a href=""statss.aspx?playerid=3950&position=P"">Matt Magill</a>",28.0,0.0,0.0
4020,"<a href=""statss.aspx?playerid=4020&position=P"">Yusmeiro Petit</a>",33.0,0.0,0.0
4079,"<a href=""statss.aspx?playerid=4079&position=P"">Junichi Tazawa</a>",32.0,0.0,0.0
4090,"<a href=""statss.aspx?playerid=4090&position=P"">Luke Gregerson</a>",34.0,0.0,0.0
4168,"<a href=""statss.aspx?playerid=4168&position=P"">Edward Paredes</a>",31.0,0.0,0.0
4264,"<a href=""statss.aspx?playerid=4264&position=P"">Mark Melancon</a>",33.0,0.0,0.0
4300,"<a href=""statss.aspx?playerid=4300&position=P"">Matt Albers</a>",35.0,0.0,0.0
4696,"<a href=""statss.aspx?playerid=4696&position=P"">Nate Jones</a>",32.0,0.0,0.0
4776,"<a href=""statss.aspx?playerid=4776&position=P"">Matt Shoemaker</a>",31.0,0.0,0.0
4878,"<a href=""statss.aspx?playerid=4878&position=P"">Brandon Maurer</a>",27.0,0.0,0.0
4891,"<a href=""statss.aspx?playerid=4891&position=P"">Peter Moylan</a>",39.0,0.0,0.0
5003,"<a href=""statss.aspx?playerid=5003&position=P"">Jake Diekman</a>",31.0,0.0,0.0
5070,"<a href=""statss.aspx?playerid=5070&position=P"">Josh Fields</a>",32.0,0.0,0.0
5114,"<a href=""statss.aspx?playerid=5114&position=P"">Jeurys Familia</a>",28.0,0.0,0.0
5172,"<a href=""statss.aspx?playerid=5172&position=P"">Brandon Mann</a>",34.0,0.0,0.0
5221,"<a href=""statss.aspx?playerid=5221&position=P"">Wade LeBlanc</a>",33.0,0.0,0.0
5224,"<a href=""statss.aspx?playerid=5224&position=P"">Blake Parker</a>",33.0,0.0,0.0
5279,"<a href=""statss.aspx?playerid=5279&position=P"">Chris Tillman</a>",30.0,0.0,0.0
5358,"<a href=""statss.aspx?playerid=5358&position=P"">Jose Alvarez</a>",29.0,0.0,0.0
5401,"<a href=""statss.aspx?playerid=5401&position=P"">Brad Peacock</a>",30.0,0.0,0.0
5498,"<a href=""statss.aspx?playerid=5498&position=P"">Arodys Vizcaino</a>",27.0,0.0,0.0
5525,"<a href=""statss.aspx?playerid=5525&position=P"">Boone Logan</a>",33.0,0.0,0.0
5640,"<a href=""statss.aspx?playerid=5640&position=P"">Tyler Clippard</a>",33.0,0.0,0.0
5766,"<a href=""statss.aspx?playerid=5766&position=P"">Bruce Rondon</a>",27.0,0.0,0.0
6033,"<a href=""statss.aspx?playerid=6033&position=P"">Kelvin Herrera</a>",28.0,0.0,0.0
6249,"<a href=""statss.aspx?playerid=6249&position=P"">Trevor Cahill</a>",30.0,0.0,0.0
6345,"<a href=""statss.aspx?playerid=6345&position=P"">Chris Archer</a>",29.0,0.0,0.0
6475,"<a href=""statss.aspx?playerid=6475&position=P"">Kevin Jepsen</a>",33.0,0.0,0.0
6499,"<a href=""statss.aspx?playerid=6499&position=P"">Blaine Hardy</a>",31.0,0.0,0.0
6576,"<a href=""statss.aspx?playerid=6576&position=P"">Robert Stock</a>",28.0,0.0,0.0
6612,"<a href=""statss.aspx?playerid=6612&position=P"">Marc Rzepczynski</a>",32.0,0.0,0.0
6627,"<a href=""statss.aspx?playerid=6627&position=P"">Brad Brach</a>",32.0,0.0,0.0
6655,"<a href=""statss.aspx?playerid=6655&position=P"">Craig Kimbrel</a>",30.0,0.0,0.0
6661,"<a href=""statss.aspx?playerid=6661&position=P"">Alex Colome</a>",29.0,0.0,0.0
6697,"<a href=""statss.aspx?playerid=6697&position=P"">Miguel Socolovich</a>",31.0,0.0,0.0
6902,"<a href=""statss.aspx?playerid=6902&position=P"">Martin Perez</a>",27.0,0.0,0.0
6941,"<a href=""statss.aspx?playerid=6941&position=P"">Joakim Soria</a>",34.0,0.0,0.0
6984,"<a href=""statss.aspx?playerid=6984&position=P"">Luis Garcia</a>",31.0,0.0,0.0
7005,"<a href=""statss.aspx?playerid=7005&position=P"">Ryan Pressly</a>",29.0,0.0,0.0
7024,"<a href=""statss.aspx?playerid=7024&position=P"">Miguel Gonzalez</a>",34.0,0.0,0.0
7108,"<a href=""statss.aspx?playerid=7108&position=P"">Pat Venditte</a>",33.0,0.0,0.0
7175,"<a href=""statss.aspx?playerid=7175&position=P"">Jonny Venters</a>",33.0,0.0,0.0
7196,"<a href=""statss.aspx?playerid=7196&position=P"">Greg Holland</a>",32.0,0.0,0.0
7274,"<a href=""statss.aspx?playerid=7274&position=P"">Craig Stammen</a>",34.0,0.0,0.0
7293,"<a href=""statss.aspx?playerid=7293&position=P"">Brad Ziegler</a>",38.0,0.0,0.0
7303,"<a href=""statss.aspx?playerid=7303&position=P"">Preston Guilmet</a>",30.0,0.0,0.0
7385,"<a href=""statss.aspx?playerid=7385&position=P"">Dan Otero</a>",33.0,0.0,0.0
7441,"<a href=""statss.aspx?playerid=7441&position=P"">Wade Davis</a>",32.0,0.0,0.0
7450,"<a href=""statss.aspx?playerid=7450&position=P"">Phil Hughes</a>",32.0,0.0,0.0
7466,"<a href=""statss.aspx?playerid=7466&position=P"">Anthony Swarzak</a>",32.0,0.0,0.0
7531,"<a href=""statss.aspx?playerid=7531&position=P"">Collin McHugh</a>",31.0,0.0,0.0
7550,"<a href=""statss.aspx?playerid=7550&position=P"">Jake McGee</a>",31.0,0.0,0.0
7555,"<a href=""statss.aspx?playerid=7555&position=P"">Nick Vincent</a>",31.0,0.0,0.0
7624,"<a href=""statss.aspx?playerid=7624&position=P"">Carlos Torres</a>",35.0,0.0,0.0
7731,"<a href=""statss.aspx?playerid=7731&position=P"">Juan Nicasio</a>",31.0,0.0,0.0
7738,"<a href=""statss.aspx?playerid=7738&position=P"">Wily Peralta</a>",29.0,0.0,0.0
7754,"<a href=""statss.aspx?playerid=7754&position=P"">Mike Fiers</a>",33.0,0.0,0.0
7803,"<a href=""statss.aspx?playerid=7803&position=P"">Richard Bleier</a>",31.0,0.0,0.0
7836,"<a href=""statss.aspx?playerid=7836&position=P"">Hunter Strickland</a>",29.0,0.0,0.0
7947,"<a href=""statss.aspx?playerid=7947&position=P"">Cory Gearrin</a>",32.0,0.0,0.0
7982,"<a href=""statss.aspx?playerid=7982&position=P"">Anthony Bass</a>",30.0,0.0,0.0
8004,"<a href=""statss.aspx?playerid=8004&position=P"">Marcus Walden</a>",29.0,0.0,0.0
8048,"<a href=""statss.aspx?playerid=8048&position=P"">Will Smith</a>",28.0,0.0,0.0
8110,"<a href=""statss.aspx?playerid=8110&position=P"">Bryan Shaw</a>",30.0,0.0,0.0
8173,"<a href=""statss.aspx?playerid=8173&position=P"">Yovani Gallardo</a>",32.0,0.0,0.0
8185,"<a href=""statss.aspx?playerid=8185&position=P"">Steven Wright</a>",33.0,0.0,0.0
8223,"<a href=""statss.aspx?playerid=8223&position=P"">Brett Anderson</a>",30.0,0.0,0.0
8241,"<a href=""statss.aspx?playerid=8241&position=P"">David Robertson</a>",33.0,0.0,0.0
8280,"<a href=""statss.aspx?playerid=8280&position=P"">Tony Sipp</a>",34.0,0.0,0.0
8302,"<a href=""statss.aspx?playerid=8302&position=P"">JC Ramirez</a>",29.0,0.0,0.0
8350,"<a href=""statss.aspx?playerid=8350&position=P"">AJ Ramos</a>",31.0,0.0,0.0
8493,"<a href=""statss.aspx?playerid=8493&position=P"">John Lamb</a>",27.0,0.0,0.0
8501,"<a href=""statss.aspx?playerid=8501&position=P"">Danny Farquhar</a>",31.0,0.0,0.0
8504,"<a href=""statss.aspx?playerid=8504&position=P"">Jeff Beliveau</a>",31.0,0.0,0.0
8580,"<a href=""statss.aspx?playerid=8580&position=P"">Justin Miller</a>",31.0,0.0,0.0
8823,"<a href=""statss.aspx?playerid=8823&position=P"">Oliver Drake</a>",31.0,0.0,0.0
8855,"<a href=""statss.aspx?playerid=8855&position=P"">Ryan Cook</a>",31.0,0.0,0.0
9029,"<a href=""statss.aspx?playerid=9029&position=P"">Adam Warren</a>",30.0,0.0,0.0
9037,"<a href=""statss.aspx?playerid=9037&position=P"">J.J. Hoover</a>",30.0,0.0,0.0
9059,"<a href=""statss.aspx?playerid=9059&position=P"">John Axford</a>",35.0,0.0,0.0
9073,"<a href=""statss.aspx?playerid=9073&position=P"">Kirby Yates</a>",31.0,0.0,0.0
9119,"<a href=""statss.aspx?playerid=9119&position=P"">Gregory Infante</a>",30.0,0.0,0.0
9239,"<a href=""statss.aspx?playerid=9239&position=P"">Alex Wilson</a>",31.0,0.0,0.0
9325,"<a href=""statss.aspx?playerid=9325&position=P"">Jared Hughes</a>",32.0,0.0,0.0
9346,"<a href=""statss.aspx?playerid=9346&position=P"">Brandon Morrow</a>",33.0,0.0,0.0
9388,"<a href=""statss.aspx?playerid=9388&position=P"">Josh Tomlin</a>",33.0,0.0,0.0
9425,"<a href=""statss.aspx?playerid=9425&position=P"">Doug Fister</a>",34.0,0.0,0.0
9434,"<a href=""statss.aspx?playerid=9434&position=P"">Dallas Keuchel</a>",30.0,0.0,0.0
9456,"<a href=""statss.aspx?playerid=9456&position=P"">Ryan Buchter</a>",31.0,0.0,0.0
9486,"<a href=""statss.aspx?playerid=9486&position=P"">George Kontos</a>",33.0,0.0,0.0
9490,"<a href=""statss.aspx?playerid=9490&position=P"">Jeremy Jeffress</a>",30.0,0.0,0.0
9492,"<a href=""statss.aspx?playerid=9492&position=P"">Bud Norris</a>",33.0,0.0,0.0
9559,"<a href=""statss.aspx?playerid=9559&position=P"">Austin Bibens-Dirkx</a>",33.0,0.0,0.0
9674,"<a href=""statss.aspx?playerid=9674&position=P"">Vidal Nuno</a>",30.0,0.0,0.0
9683,"<a href=""statss.aspx?playerid=9683&position=P"">Mike Zagurski</a>",35.0,0.0,0.0
9720,"<a href=""statss.aspx?playerid=9720&position=P"">Louis Coleman</a>",32.0,0.0,0.0
9756,"<a href=""statss.aspx?playerid=9756&position=P"">David Hale</a>",30.0,0.0,0.0
9761,"<a href=""statss.aspx?playerid=9761&position=P"">Joe Kelly</a>",30.0,0.0,0.0
9784,"<a href=""statss.aspx?playerid=9784&position=P"">Garrett Richards</a>",30.0,0.0,0.0
9794,"<a href=""statss.aspx?playerid=9794&position=P"">Rex Brothers</a>",30.0,0.0,0.0
9817,"<a href=""statss.aspx?playerid=9817&position=P"">Sergio Romo</a>",35.0,0.0,0.0
9866,"<a href=""statss.aspx?playerid=9866&position=P"">Chaz Roe</a>",31.0,0.0,0.0
9901,"<a href=""statss.aspx?playerid=9901&position=P"">Chris Volstad</a>",31.0,0.0,0.0
9939,"<a href=""statss.aspx?playerid=9939&position=P"">Brandon Kintzler</a>",33.0,0.0,0.0
9948,"<a href=""statss.aspx?playerid=9948&position=P"">Mike Dunn</a>",33.0,0.0,0.0
10021,"<a href=""statss.aspx?playerid=10021&position=P"">Mike Minor</a>",30.0,0.0,0.0
10066,"<a href=""statss.aspx?playerid=10066&position=P"">Ian Krol</a>",27.0,0.0,0.0
10123,"<a href=""statss.aspx?playerid=10123&position=P"">Kyle Gibson</a>",30.0,0.0,0.0
10130,"<a href=""statss.aspx?playerid=10130&position=P"">Mike Leake</a>",30.0,0.0,0.0
10133,"<a href=""statss.aspx?playerid=10133&position=P"">Brad Boxberger</a>",30.0,0.0,0.0
10160,"<a href=""statss.aspx?playerid=10160&position=P"">Ryan Weber</a>",27.0,0.0,0.0
10171,"<a href=""statss.aspx?playerid=10171&position=P"">Jose Ramirez</a>",28.0,0.0,0.0
10185,"<a href=""statss.aspx?playerid=10185&position=P"">Jacob Turner</a>",27.0,0.0,0.0
10190,"<a href=""statss.aspx?playerid=10190&position=P"">Tyler Skaggs</a>",26.0,0.0,0.0
10233,"<a href=""statss.aspx?playerid=10233&position=P"">Aroldis Chapman</a>",30.0,0.0,0.0
10261,"<a href=""statss.aspx?playerid=10261&position=P"">Alexi Ogando</a>",34.0,0.0,0.0
10285,"<a href=""statss.aspx?playerid=10285&position=P"">Josh Smoker</a>",29.0,0.0,0.0
10291,"<a href=""statss.aspx?playerid=10291&position=P"">Ryan Tepera</a>",30.0,0.0,0.0
10297,"<a href=""statss.aspx?playerid=10297&position=P"">Chad Bell</a>",29.0,0.0,0.0
10314,"<a href=""statss.aspx?playerid=10314&position=P"">Erasmo Ramirez</a>",28.0,0.0,0.0
10341,"<a href=""statss.aspx?playerid=10341&position=P"">Juan Minaya</a>",27.0,0.0,0.0
10343,"<a href=""statss.aspx?playerid=10343&position=P"">Aaron Loup</a>",30.0,0.0,0.0
10387,"<a href=""statss.aspx?playerid=10387&position=P"">Brooks Pounders</a>",27.0,0.0,0.0
10430,"<a href=""statss.aspx?playerid=10430&position=P"">Mychal Givens</a>",28.0,0.0,0.0
10534,"<a href=""statss.aspx?playerid=10534&position=P"">Jake Petricka</a>",30.0,0.0,0.0
10586,"<a href=""statss.aspx?playerid=10586&position=P"">Addison Reed</a>",29.0,0.0,0.0
10706,"<a href=""statss.aspx?playerid=10706&position=P"">Scott Copeland</a>",30.0,0.0,0.0
10756,"<a href=""statss.aspx?playerid=10756&position=P"">Shane Greene</a>",29.0,0.0,0.0
10855,"<a href=""statss.aspx?playerid=10855&position=P"">Chasen Shreve</a>",27.0,0.0,0.0
10925,"<a href=""statss.aspx?playerid=10925&position=P"">Christian Bergman</a>",30.0,0.0,0.0
10982,"<a href=""statss.aspx?playerid=10982&position=P"">Chase Whitley</a>",29.0,0.0,0.0
11121,"<a href=""statss.aspx?playerid=11121&position=P"">Casey Lawrence</a>",30.0,0.0,0.0
11294,"<a href=""statss.aspx?playerid=11294&position=P"">Zach Neal</a>",29.0,0.0,0.0
11334,"<a href=""statss.aspx?playerid=11334&position=P"">Tyler Lyons</a>",30.0,0.0,0.0
11384,"<a href=""statss.aspx?playerid=11384&position=P"">Tommy Kahnle</a>",28.0,0.0,0.0
11388,"<a href=""statss.aspx?playerid=11388&position=P"">Danny Barnes</a>",28.0,0.0,0.0
11426,"<a href=""statss.aspx?playerid=11426&position=P"">Drew Pomeranz</a>",29.0,0.0,0.0
11428,"<a href=""statss.aspx?playerid=11428&position=P"">Brandon Workman</a>",29.0,0.0,0.0
11440,"<a href=""statss.aspx?playerid=11440&position=P"">Johnny Barbato</a>",25.0,0.0,0.0
11449,"<a href=""statss.aspx?playerid=11449&position=P"">Matt Grace</a>",29.0,0.0,0.0
11457,"<a href=""statss.aspx?playerid=11457&position=P"">Sammy Solis</a>",29.0,0.0,0.0
11490,"<a href=""statss.aspx?playerid=11490&position=P"">Aaron Sanchez</a>",25.0,0.0,0.0
11502,"<a href=""statss.aspx?playerid=11502&position=P"">Parker Bridwell</a>",26.0,0.0,0.0
11528,"<a href=""statss.aspx?playerid=11528&position=P"">Josh Osich</a>",29.0,0.0,0.0
11604,"<a href=""statss.aspx?playerid=11604&position=P"">Dovydas Neverauskas</a>",25.0,0.0,0.0
11632,"<a href=""statss.aspx?playerid=11632&position=P"">Heath Hembree</a>",29.0,0.0,0.0
11686,"<a href=""statss.aspx?playerid=11686&position=P"">Josh Lucas</a>",27.0,0.0,0.0
11691,"<a href=""statss.aspx?playerid=11691&position=P"">Tayron Guerrero</a>",27.0,0.0,0.0
11710,"<a href=""statss.aspx?playerid=11710&position=P"">Sam Dyson</a>",30.0,0.0,0.0
11712,"<a href=""statss.aspx?playerid=11712&position=P"">Erik Goeddel</a>",29.0,0.0,0.0
11720,"<a href=""statss.aspx?playerid=11720&position=P"">Justin Grimm</a>",29.0,0.0,0.0
11743,"<a href=""statss.aspx?playerid=11743&position=P"">Carlos Ramirez</a>",27.0,0.0,0.0
11828,"<a href=""statss.aspx?playerid=11828&position=P"">James Paxton</a>",29.0,0.0,0.0
11847,"<a href=""statss.aspx?playerid=11847&position=P"">Chris Martin</a>",32.0,0.0,0.0
11861,"<a href=""statss.aspx?playerid=11861&position=P"">Jason Adam</a>",26.0,0.0,0.0
11903,"<a href=""statss.aspx?playerid=11903&position=P"">Michael Feliz</a>",25.0,0.0,0.0
12022,"<a href=""statss.aspx?playerid=12022&position=P"">Matt Andriese</a>",28.0,0.0,0.0
12027,"<a href=""statss.aspx?playerid=12027&position=P"">Brian Flynn</a>",28.0,0.0,0.0
12095,"<a href=""statss.aspx?playerid=12095&position=P"">Yimi Garcia</a>",27.0,0.0,0.0
12183,"<a href=""statss.aspx?playerid=12183&position=P"">Cody Allen</a>",29.0,0.0,0.0
12185,"<a href=""statss.aspx?playerid=12185&position=P"">Akeel Morris</a>",25.0,0.0,0.0
12249,"<a href=""statss.aspx?playerid=12249&position=P"">Ryan Sherriff</a>",28.0,0.0,0.0
12297,"<a href=""statss.aspx?playerid=12297&position=P"">Evan Marshall</a>",28.0,0.0,0.0
12304,"<a href=""statss.aspx?playerid=12304&position=P"">Chris Bassitt</a>",29.0,0.0,0.0
12323,"<a href=""statss.aspx?playerid=12323&position=P"">Jacob Barnes</a>",28.0,0.0,0.0
12360,"<a href=""statss.aspx?playerid=12360&position=P"">Kevin Quackenbush</a>",29.0,0.0,0.0
12385,"<a href=""statss.aspx?playerid=12385&position=P"">Nick Tropeano</a>",27.0,0.0,0.0
12452,"<a href=""statss.aspx?playerid=12452&position=P"">Chasen Bradford</a>",28.0,0.0,0.0
12537,"<a href=""statss.aspx?playerid=12537&position=P"">Cory Mazzoni</a>",28.0,0.0,0.0
12555,"<a href=""statss.aspx?playerid=12555&position=P"">Tony Cingrani</a>",28.0,0.0,0.0
12572,"<a href=""statss.aspx?playerid=12572&position=P"">Blake Treinen</a>",30.0,0.0,0.0
12580,"<a href=""statss.aspx?playerid=12580&position=P"">Adam Morgan</a>",28.0,0.0,0.0
12673,"<a href=""statss.aspx?playerid=12673&position=P"">Roenis Elias</a>",29.0,0.0,0.0
12699,"<a href=""statss.aspx?playerid=12699&position=P"">Ryan Carpenter</a>",27.0,0.0,0.0
12718,"<a href=""statss.aspx?playerid=12718&position=P"">Adrian Houser</a>",25.0,0.0,0.0
12763,"<a href=""statss.aspx?playerid=12763&position=P"">Chris Devenski</a>",27.0,0.0,0.0
12784,"<a href=""statss.aspx?playerid=12784&position=P"">Burch Smith</a>",28.0,0.0,0.0
12800,"<a href=""statss.aspx?playerid=12800&position=P"">Noe Ramirez</a>",28.0,0.0,0.0
12828,"<a href=""statss.aspx?playerid=12828&position=P"">Andrew Kittredge</a>",28.0,0.0,0.0
12863,"<a href=""statss.aspx?playerid=12863&position=P"">Matt Barnes</a>",28.0,0.0,0.0
12890,"<a href=""statss.aspx?playerid=12890&position=P"">Alex Claudio</a>",26.0,0.0,0.0
12910,"<a href=""statss.aspx?playerid=12910&position=P"">Ken Giles</a>",27.0,0.0,0.0
12918,"<a href=""statss.aspx?playerid=12918&position=P"">Archie Bradley</a>",25.0,0.0,0.0
12988,"<a href=""statss.aspx?playerid=12988&position=P"">Andrew Chafin</a>",28.0,0.0,0.0
12997,"<a href=""statss.aspx?playerid=12997&position=P"">Colten Brewer</a>",25.0,0.0,0.0
13042,"<a href=""statss.aspx?playerid=13042&position=P"">Robby Scott</a>",28.0,0.0,0.0
13058,"<a href=""statss.aspx?playerid=13058&position=P"">Reymin Guduan</a>",26.0,0.0,0.0
13164,"<a href=""statss.aspx?playerid=13164&position=P"">Eduardo Rodriguez</a>",25.0,0.0,0.0
13172,"<a href=""statss.aspx?playerid=13172&position=P"">Carson Smith</a>",28.0,0.0,0.0
13182,"<a href=""statss.aspx?playerid=13182&position=P"">Kyle Crick</a>",25.0,0.0,0.0
13194,"<a href=""statss.aspx?playerid=13194&position=P"">Joe Biagini</a>",28.0,0.0,0.0
13293,"<a href=""statss.aspx?playerid=13293&position=P"">Danny Coulombe</a>",28.0,0.0,0.0
13322,"<a href=""statss.aspx?playerid=13322&position=P"">Jake Barrett</a>",26.0,0.0,0.0
13323,"<a href=""statss.aspx?playerid=13323&position=P"">James Pazos</a>",27.0,0.0,0.0
13346,"<a href=""statss.aspx?playerid=13346&position=P"">Hoby Milner</a>",27.0,0.0,0.0
13360,"<a href=""statss.aspx?playerid=13360&position=P"">Cam Bedrosian</a>",26.0,0.0,0.0
13403,"<a href=""statss.aspx?playerid=13403&position=P"">Felix Pena</a>",28.0,0.0,0.0
13431,"<a href=""statss.aspx?playerid=13431&position=P"">Marcus Stroman</a>",27.0,0.0,0.0
13435,"<a href=""statss.aspx?playerid=13435&position=P"">Pierce Johnson</a>",27.0,0.0,0.0
13442,"<a href=""statss.aspx?playerid=13442&position=P"">Mike Morin</a>",27.0,0.0,0.0
13449,"<a href=""statss.aspx?playerid=13449&position=P"">Taylor Rogers</a>",27.0,0.0,0.0
13475,"<a href=""statss.aspx?playerid=13475&position=P"">Daniel Norris</a>",25.0,0.0,0.0
13485,"<a href=""statss.aspx?playerid=13485&position=P"">Sam Tuivailala</a>",25.0,0.0,0.0
13528,"<a href=""statss.aspx?playerid=13528&position=P"">Matt Bowman</a>",27.0,0.0,0.0
13533,"<a href=""statss.aspx?playerid=13533&position=P"">Andrew Triggs</a>",29.0,0.0,0.0
13543,"<a href=""statss.aspx?playerid=13543&position=P"">Blake Snell</a>",25.0,0.0,0.0
13560,"<a href=""statss.aspx?playerid=13560&position=P"">Alec Asher</a>",26.0,0.0,0.0
13572,"<a href=""statss.aspx?playerid=13572&position=P"">Justin Haley</a>",27.0,0.0,0.0
13607,"<a href=""statss.aspx?playerid=13607&position=P"">Carl Edwards Jr.</a>",26.0,0.0,0.0
13685,"<a href=""statss.aspx?playerid=13685&position=P"">Nick Goody</a>",26.0,0.0,0.0
13699,"<a href=""statss.aspx?playerid=13699&position=P"">Jake Faria</a>",24.0,0.0,0.0
13713,"<a href=""statss.aspx?playerid=13713&position=P"">Kyle Barraclough</a>",28.0,0.0,0.0
13758,"<a href=""statss.aspx?playerid=13758&position=P"">Tyler Duffey</a>",27.0,0.0,0.0
13763,"<a href=""statss.aspx?playerid=13763&position=P"">Dominic Leone</a>",26.0,0.0,0.0
13764,"<a href=""statss.aspx?playerid=13764&position=P"">Roberto Osuna</a>",23.0,0.0,0.0
13780,"<a href=""statss.aspx?playerid=13780&position=P"">Daniel Stumpf</a>",27.0,0.0,0.0
13801,"<a href=""statss.aspx?playerid=13801&position=P"">Austin Adams</a>",27.0,0.0,0.0
13818,"<a href=""statss.aspx?playerid=13818&position=P"">Chris O'Grady</a>",28.0,0.0,0.0
13896,"<a href=""statss.aspx?playerid=13896&position=P"">Chris Flexen</a>",23.0,0.0,0.0
13911,"<a href=""statss.aspx?playerid=13911&position=P"">Scott Oberg</a>",28.0,0.0,0.0
13974,"<a href=""statss.aspx?playerid=13974&position=P"">Ryan Dull</a>",28.0,0.0,0.0
14120,"<a href=""statss.aspx?playerid=14120&position=P"">Lance McCullers Jr.</a>",24.0,0.0,0.0
14165,"<a href=""statss.aspx?playerid=14165&position=P"">Rob Whalen</a>",24.0,0.0,0.0
14288,"<a href=""statss.aspx?playerid=14288&position=P"">Luke Bard</a>",27.0,0.0,0.0
14391,"<a href=""statss.aspx?playerid=14391&position=P"">Yohander Mendez</a>",23.0,0.0,0.0
14457,"<a href=""statss.aspx?playerid=14457&position=P"">Adam Conley</a>",28.0,0.0,0.0
14470,"<a href=""statss.aspx?playerid=14470&position=P"">Jose Valdez</a>",28.0,0.0,0.0
14524,"<a href=""statss.aspx?playerid=14524&position=P"">Jose Leclerc</a>",24.0,0.0,0.0
14605,"<a href=""statss.aspx?playerid=14605&position=P"">James Hoyt</a>",31.0,0.0,0.0
14672,"<a href=""statss.aspx?playerid=14672&position=P"">Dillon Maples</a>",26.0,0.0,0.0
14696,"<a href=""statss.aspx?playerid=14696&position=P"">Keone Kela</a>",25.0,0.0,0.0
14706,"<a href=""statss.aspx?playerid=14706&position=P"">Anthony Banda</a>",24.0,0.0,0.0
14710,"<a href=""statss.aspx?playerid=14710&position=P"">Edwin Diaz</a>",24.0,0.0,0.0
14741,"<a href=""statss.aspx?playerid=14741&position=P"">Tyler Olson</a>",28.0,0.0,0.0
14771,"<a href=""statss.aspx?playerid=14771&position=P"">Emilio Pagan</a>",27.0,0.0,0.0
14814,"<a href=""statss.aspx?playerid=14814&position=P"">Buck Farmer</a>",27.0,0.0,0.0
14825,"<a href=""statss.aspx?playerid=14825&position=P"">Dylan Covey</a>",26.0,0.0,0.0
14867,"<a href=""statss.aspx?playerid=14867&position=P"">Nick Rumbelow</a>",26.0,0.0,0.0
14993,"<a href=""statss.aspx?playerid=14993&position=P"">Scott Barlow</a>",25.0,0.0,0.0
15006,"<a href=""statss.aspx?playerid=15006&position=P"">Luis Santos</a>",27.0,0.0,0.0
15010,"<a href=""statss.aspx?playerid=15010&position=P"">Corey Knebel</a>",26.0,0.0,0.0
15033,"<a href=""statss.aspx?playerid=15033&position=P"">Kyle Crockett</a>",26.0,0.0,0.0
15042,"<a href=""statss.aspx?playerid=15042&position=P"">Tim Mayza</a>",26.0,0.0,0.0
15043,"<a href=""statss.aspx?playerid=15043&position=P"">Lou Trivino</a>",26.0,0.0,0.0
15046,"<a href=""statss.aspx?playerid=15046&position=P"">Trevor Gott</a>",25.0,0.0,0.0
15051,"<a href=""statss.aspx?playerid=15051&position=P"">Silvino Bracho</a>",25.0,0.0,0.0
15066,"<a href=""statss.aspx?playerid=15066&position=P"">Jaime Schultz</a>",27.0,0.0,0.0
15068,"<a href=""statss.aspx?playerid=15068&position=P"">Yency Almonte</a>",24.0,0.0,0.0
15091,"<a href=""statss.aspx?playerid=15091&position=P"">Hunter Wood</a>",24.0,0.0,0.0
15094,"<a href=""statss.aspx?playerid=15094&position=P"">Rob Zastryzny</a>",26.0,0.0,0.0
15118,"<a href=""statss.aspx?playerid=15118&position=P"">Jimmie Sherfy</a>",26.0,0.0,0.0
15157,"<a href=""statss.aspx?playerid=15157&position=P"">Jimmy Yacabonis</a>",26.0,0.0,0.0
15203,"<a href=""statss.aspx?playerid=15203&position=P"">Tyler Bashlor</a>",25.0,0.0,0.0
15231,"<a href=""statss.aspx?playerid=15231&position=P"">Aaron Slegers</a>",25.0,0.0,0.0
15239,"<a href=""statss.aspx?playerid=15239&position=P"">Alan Busenitz</a>",27.0,0.0,0.0
15240,"<a href=""statss.aspx?playerid=15240&position=P"">Kevin McCarthy</a>",26.0,0.0,0.0
15264,"<a href=""statss.aspx?playerid=15264&position=P"">Keynan Middleton</a>",24.0,0.0,0.0
15267,"<a href=""statss.aspx?playerid=15267&position=P"">Jacob Rhame</a>",25.0,0.0,0.0
15285,"<a href=""statss.aspx?playerid=15285&position=P"">Zac Reininger</a>",25.0,0.0,0.0
15290,"<a href=""statss.aspx?playerid=15290&position=P"">Austin Pruitt</a>",28.0,0.0,0.0
15306,"<a href=""statss.aspx?playerid=15306&position=P"">Donnie Hart</a>",27.0,0.0,0.0
15444,"<a href=""statss.aspx?playerid=15444&position=P"">Zack Weiss</a>",26.0,0.0,0.0
15514,"<a href=""statss.aspx?playerid=15514&position=P"">Kendall Graveman</a>",27.0,0.0,0.0
15524,"<a href=""statss.aspx?playerid=15524&position=P"">Jen-Ho Tseng</a>",23.0,0.0,0.0
15552,"<a href=""statss.aspx?playerid=15552&position=P"">Chad Green</a>",27.0,0.0,0.0
15594,"<a href=""statss.aspx?playerid=15594&position=P"">Nick Wittgren</a>",27.0,0.0,0.0
15655,"<a href=""statss.aspx?playerid=15655&position=P"">Yefry Ramirez</a>",24.0,0.0,0.0
15684,"<a href=""statss.aspx?playerid=15684&position=P"">Miguel Castro</a>",23.0,0.0,0.0
15734,"<a href=""statss.aspx?playerid=15734&position=P"">Brad Keller</a>",22.0,0.0,0.0
15761,"<a href=""statss.aspx?playerid=15761&position=P"">Joe Jimenez</a>",23.0,0.0,0.0
15823,"<a href=""statss.aspx?playerid=15823&position=P"">Zack Littell</a>",22.0,0.0,0.0
15832,"<a href=""statss.aspx?playerid=15832&position=P"">Paul Fry</a>",25.0,0.0,0.0
15855,"<a href=""statss.aspx?playerid=15855&position=P"">Wander Suero</a>",26.0,0.0,0.0
15915,"<a href=""statss.aspx?playerid=15915&position=P"">Victor Arano</a>",23.0,0.0,0.0
15947,"<a href=""statss.aspx?playerid=15947&position=P"">Ryne Stanek</a>",26.0,0.0,0.0
16086,"<a href=""statss.aspx?playerid=16086&position=P"">Edubray Ramos</a>",25.0,0.0,0.0
16128,"<a href=""statss.aspx?playerid=16128&position=P"">John Curtiss</a>",25.0,0.0,0.0
16137,"<a href=""statss.aspx?playerid=16137&position=P"">Carlos Rodon</a>",25.0,0.0,0.0
16155,"<a href=""statss.aspx?playerid=16155&position=P"">Eric Skoglund</a>",25.0,0.0,0.0
16159,"<a href=""statss.aspx?playerid=16159&position=P"">Jace Fry</a>",24.0,0.0,0.0
16164,"<a href=""statss.aspx?playerid=16164&position=P"">Daniel Gossett</a>",25.0,0.0,0.0
16201,"<a href=""statss.aspx?playerid=16201&position=P"">Justin Anderson</a>",25.0,0.0,0.0
16218,"<a href=""statss.aspx?playerid=16218&position=P"">Brett Graves</a>",25.0,0.0,0.0
16258,"<a href=""statss.aspx?playerid=16258&position=P"">Aaron Bummer</a>",24.0,0.0,0.0
16265,"<a href=""statss.aspx?playerid=16265&position=P"">Sam Howard</a>",25.0,0.0,0.0
16344,"<a href=""statss.aspx?playerid=16344&position=P"">Eduardo Paredes</a>",23.0,0.0,0.0
16348,"<a href=""statss.aspx?playerid=16348&position=P"">Gabriel Moya</a>",23.0,0.0,0.0
16350,"<a href=""statss.aspx?playerid=16350&position=P"">Ryan Borucki</a>",24.0,0.0,0.0
16401,"<a href=""statss.aspx?playerid=16401&position=P"">Yonny Chirinos</a>",24.0,0.0,0.0
16419,"<a href=""statss.aspx?playerid=16419&position=P"">Chih-Wei Hu</a>",24.0,0.0,0.0
16468,"<a href=""statss.aspx?playerid=16468&position=P"">Trevor Oaks</a>",25.0,0.0,0.0
16507,"<a href=""statss.aspx?playerid=16507&position=P"">Dan Altavilla</a>",25.0,0.0,0.0
16511,"<a href=""statss.aspx?playerid=16511&position=P"">Jordan Montgomery</a>",25.0,0.0,0.0
16513,"<a href=""statss.aspx?playerid=16513&position=P"">Nick Gardewine</a>",24.0,0.0,0.0
16588,"<a href=""statss.aspx?playerid=16588&position=P"">Jonathan Holder</a>",25.0,0.0,0.0
16684,"<a href=""statss.aspx?playerid=16684&position=P"">Zac Curtis</a>",25.0,0.0,0.0
16731,"<a href=""statss.aspx?playerid=16731&position=P"">Artie Lewicki</a>",26.0,0.0,0.0
16814,"<a href=""statss.aspx?playerid=16814&position=P"">Tim Hill</a>",28.0,0.0,0.0
16873,"<a href=""statss.aspx?playerid=16873&position=P"">Eric Stout</a>",25.0,0.0,0.0
16958,"<a href=""statss.aspx?playerid=16958&position=P"">Jake Jewell</a>",25.0,0.0,0.0
17002,"<a href=""statss.aspx?playerid=17002&position=P"">Trevor Hildenberger</a>",27.0,0.0,0.0
17030,"<a href=""statss.aspx?playerid=17030&position=P"">Ariel Jurado</a>",22.0,0.0,0.0
17126,"<a href=""statss.aspx?playerid=17126&position=P"">Jerry Vasto</a>",26.0,0.0,0.0
17192,"<a href=""statss.aspx?playerid=17192&position=P"">Jalen Beeks</a>",24.0,0.0,0.0
17355,"<a href=""statss.aspx?playerid=17355&position=P"">Edgar Santana</a>",26.0,0.0,0.0
17432,"<a href=""statss.aspx?playerid=17432&position=P"">Jeff Hoffman</a>",25.0,0.0,0.0
17466,"<a href=""statss.aspx?playerid=17466&position=P"">Heath Fillmyer</a>",24.0,0.0,0.0
17496,"<a href=""statss.aspx?playerid=17496&position=P"">Diego Castillo</a>",24.0,0.0,0.0
17526,"<a href=""statss.aspx?playerid=17526&position=P"">Ariel Miranda</a>",29.0,0.0,0.0
17586,"<a href=""statss.aspx?playerid=17586&position=P"">Tanner Scott</a>",23.0,0.0,0.0
17610,"<a href=""statss.aspx?playerid=17610&position=P"">Tanner Rainey</a>",25.0,0.0,0.0
17697,"<a href=""statss.aspx?playerid=17697&position=P"">Pedro Araujo</a>",24.0,0.0,0.0
17754,"<a href=""statss.aspx?playerid=17754&position=P"">Sandy Baez</a>",24.0,0.0,0.0
17755,"<a href=""statss.aspx?playerid=17755&position=P"">Drew Smith</a>",24.0,0.0,0.0
17780,"<a href=""statss.aspx?playerid=17780&position=P"">Jose Alvarado</a>",23.0,0.0,0.0
17874,"<a href=""statss.aspx?playerid=17874&position=P"">Nestor Cortes</a>",23.0,0.0,0.0
17987,"<a href=""statss.aspx?playerid=17987&position=P"">Bobby Poyner</a>",25.0,0.0,0.0
18064,"<a href=""statss.aspx?playerid=18064&position=P"">Phil Maton</a>",25.0,0.0,0.0
18105,"<a href=""statss.aspx?playerid=18105&position=P"">Ryan Meisinger</a>",24.0,0.0,0.0
18114,"<a href=""statss.aspx?playerid=18114&position=P"">Ben Taylor</a>",25.0,0.0,0.0
18297,"<a href=""statss.aspx?playerid=18297&position=P"">Tyler Kinley</a>",27.0,0.0,0.0
18311,"<a href=""statss.aspx?playerid=18311&position=P"">Carson Fulmer</a>",24.0,0.0,0.0
18655,"<a href=""statss.aspx?playerid=18655&position=P"">A.J. Minter</a>",24.0,0.0,0.0
18719,"<a href=""statss.aspx?playerid=18719&position=P"">Seunghwan Oh</a>",35.0,0.0,0.0
18806,"<a href=""statss.aspx?playerid=18806&position=P"">Drew Steckenrider</a>",27.0,0.0,0.0
19256,"<a href=""statss.aspx?playerid=19256&position=P"">Gerson Bautista</a>",23.0,0.0,0.0
19341,"<a href=""statss.aspx?playerid=19341&position=P"">Hector Velazquez</a>",29.0,0.0,0.0
19618,"<a href=""statss.aspx?playerid=19618&position=P"">Jordan Hicks</a>",21.0,0.0,0.0
19756,"<a href=""statss.aspx?playerid=19756&position=P"">Yoshihisa Hirano</a>",34.0,0.0,0.0
19757,"<a href=""statss.aspx?playerid=19757&position=P"">Kazuhisa Makita</a>",33.0,0.0,0.0
12447,"<a href=""statss.aspx?playerid=12447&position=P"">Seth Lugo</a>",28.0,12.0,0.13075502713521323
12164,"<a href=""statss.aspx?playerid=12164&position=1B/3B"">Miguel Sano</a>",25.0,163.0,0.29084734828925574
14477,"<a href=""statss.aspx?playerid=14477&position=OF"">Jake Cave</a>",25.0,36.0,0.28350316484769184
14556,"<a href=""statss.aspx?playerid=14556&position=2B/SS"">Max Moroff</a>",25.0,39.0,0.28503307623740953
10131,"<a href=""statss.aspx?playerid=10131&position=P"">Stephen Strasburg</a>",29.0,30.0,0.1488019029299418
9776,"<a href=""statss.aspx?playerid=9776&position=2B"">Jason Kipnis</a>",31.0,325.0,0.2833378075817485
10637,"<a href=""statss.aspx?playerid=10637&position=P"">Adam Liberatore</a>",31.0,1.0,0.0
13649,"<a href=""statss.aspx?playerid=13649&position=P"">Clay Holmes</a>",25.0,1.0,0.0
11494,"<a href=""statss.aspx?playerid=11494&position=2B/3B"">Kaleb Cowart</a>",26.0,5.0,0.24945497512817383
9132,"<a href=""statss.aspx?playerid=9132&position=P"">Nathan Eovaldi</a>",28.0,1.0,0.0
9856,"<a href=""statss.aspx?playerid=9856&position=1B/3B"">Brandon Snyder</a>",31.0,6.0,0.20787914594014487
17085,"<a href=""statss.aspx?playerid=17085&position=P"">Pablo Lopez</a>",22.0,1.0,0.0
15873,"<a href=""statss.aspx?playerid=15873&position=P"">Sean Manaea</a>",26.0,1.0,0.0
16400,"<a href=""statss.aspx?playerid=16400&position=P"">Reynaldo Lopez</a>",24.0,1.0,0.0
18854,"<a href=""statss.aspx?playerid=18854&position=P"">Ben Meyer</a>",25.0,1.0,0.0
7841,"<a href=""statss.aspx?playerid=7841&position=P"">Jerry Blevins</a>",34.0,1.0,0.0
9309,"<a href=""statss.aspx?playerid=9309&position=P"">Buddy Baumann</a>",30.0,1.0,0.0
11801,"<a href=""statss.aspx?playerid=11801&position=P"">Hansel Robles</a>",27.0,1.0,0.0
13946,"<a href=""statss.aspx?playerid=13946&position=P"">Tim Peterson</a>",27.0,1.0,0.0
13345,"<a href=""statss.aspx?playerid=13345&position=P"">Luis Cessa</a>",26.0,1.0,0.0
14986,"<a href=""statss.aspx?playerid=14986&position=P"">Giovanny Gallegos</a>",26.0,1.0,0.0
12586,"<a href=""statss.aspx?playerid=12586&position=P"">Mike Wright Jr.</a>",28.0,1.0,0.0
9266,"<a href=""statss.aspx?playerid=9266&position=P"">Daniel Corcino</a>",27.0,1.0,0.0
13767,"<a href=""statss.aspx?playerid=13767&position=P"">JT Chargois</a>",27.0,1.0,0.0
2520,"<a href=""statss.aspx?playerid=2520&position=P"">Lance Lynn</a>",31.0,1.0,0.0
3840,"<a href=""statss.aspx?playerid=3840&position=P"">Zach Duke</a>",35.0,1.0,0.0
13188,"<a href=""statss.aspx?playerid=13188&position=P"">Adalberto Mejia</a>",25.0,1.0,0.0
15015,"<a href=""statss.aspx?playerid=15015&position=P"">Alex Reyes</a>",23.0,1.0,0.0
4505,"<a href=""statss.aspx?playerid=4505&position=P"">Jordan Zimmermann</a>",32.0,1.0,0.0
13211,"<a href=""statss.aspx?playerid=13211&position=P"">Warwick Saupold</a>",28.0,1.0,0.0
13424,"<a href=""statss.aspx?playerid=13424&position=P"">Drew VerHagen</a>",27.0,1.0,0.0
14966,"<a href=""statss.aspx?playerid=14966&position=P"">Reyes Moronta</a>",25.0,1.0,0.0
15949,"<a href=""statss.aspx?playerid=15949&position=P"">D.J. Snelten</a>",26.0,1.0,0.0
9111,"<a href=""statss.aspx?playerid=9111&position=P"">Brad Hand</a>",28.0,1.0,0.0
13804,"<a href=""statss.aspx?playerid=13804&position=P"">Walker Lockett</a>",24.0,1.0,0.0
14974,"<a href=""statss.aspx?playerid=14974&position=P"">Tyler Webb</a>",27.0,1.0,0.0
16793,"<a href=""statss.aspx?playerid=16793&position=P"">Kyle McGrath</a>",25.0,1.0,0.0
17169,"<a href=""statss.aspx?playerid=17169&position=P"">Jose Castillo</a>",22.0,1.0,0.0
6785,"<a href=""statss.aspx?playerid=6785&position=P"">Andrew Miller</a>",33.0,1.0,0.0
7677,"<a href=""statss.aspx?playerid=7677&position=P"">Neil Ramirez</a>",29.0,1.0,0.0
16561,"<a href=""statss.aspx?playerid=16561&position=P"">Austin Gomber</a>",24.0,1.0,0.0
12076,"<a href=""statss.aspx?playerid=12076&position=P"">Felipe Vazquez</a>",26.0,1.0,0.0
4070,"<a href=""statss.aspx?playerid=4070&position=P"">Pedro Strop</a>",33.0,1.0,0.0
4301,"<a href=""statss.aspx?playerid=4301&position=P"">Justin Wilson</a>",30.0,1.0,0.0
14677,"<a href=""statss.aspx?playerid=14677&position=P"">Duane Underwood Jr.</a>",23.0,1.0,0.0
16219,"<a href=""statss.aspx?playerid=16219&position=3B"">J.D. Davis</a>",25.0,53.0,0.2751568128477852
11804,"<a href=""statss.aspx?playerid=11804&position=P"">Hector Neris</a>",29.0,1.0,0.0
15007,"<a href=""statss.aspx?playerid=15007&position=P"">Yacksel Rios</a>",25.0,1.0,0.0
13743,"<a href=""statss.aspx?playerid=13743&position=P"">Max Fried</a>",24.0,6.0,0.14658845464388529
14899,"<a href=""statss.aspx?playerid=14899&position=P"">Taylor Williams</a>",26.0,1.0,0.0
4971,"<a href=""statss.aspx?playerid=4971&position=P"">Fernando Salas</a>",33.0,1.0,0.0
9417,"<a href=""statss.aspx?playerid=9417&position=P"">Kris Medlen</a>",32.0,1.0,0.0
15570,"<a href=""statss.aspx?playerid=15570&position=P"">Troy Scribner</a>",26.0,1.0,0.0
7773,"<a href=""statss.aspx?playerid=7773&position=P"">Shawn Kelley</a>",34.0,1.0,0.0
6832,"<a href=""statss.aspx?playerid=6832&position=P"">Sam Freeman</a>",31.0,1.0,0.0
12237,"<a href=""statss.aspx?playerid=12237&position=P"">Dan Winkler</a>",28.0,1.0,0.0
13470,"<a href=""statss.aspx?playerid=13470&position=P"">Lucas Sims</a>",24.0,1.0,0.0
4259,"<a href=""statss.aspx?playerid=4259&position=P"">David Hernandez</a>",33.0,1.0,0.0
11012,"<a href=""statss.aspx?playerid=11012&position=P"">Kevin Shackelford</a>",29.0,1.0,0.0
17237,"<a href=""statss.aspx?playerid=17237&position=P"">Austin Brice</a>",26.0,1.0,0.0
5448,"<a href=""statss.aspx?playerid=5448&position=P"">Jesse Chavez</a>",34.0,1.0,0.0
16532,"<a href=""statss.aspx?playerid=16532&position=P"">Harrison Musgrave</a>",26.0,1.0,0.0
16358,"<a href=""statss.aspx?playerid=16358&position=P"">Tyler Mahle</a>",23.0,29.0,0.14214868958179766
2539,"<a href=""statss.aspx?playerid=2539&position=SS"">Pete Kozma</a>",30.0,41.0,0.21300074966942392
5107,"<a href=""statss.aspx?playerid=5107&position=1B"">Jefry Marte</a>",27.0,90.0,0.3234493030442132
12917,"<a href=""statss.aspx?playerid=12917&position=P"">Dylan Bundy</a>",25.0,5.0,0.17590614557266235
19374,"<a href=""statss.aspx?playerid=19374&position=P"">Walker Buehler</a>",23.0,21.0,0.13192960917949675
5517,"<a href=""statss.aspx?playerid=5517&position=C"">Kyle Higashioka</a>",28.0,4.0,0.1723823994398117
13157,"<a href=""statss.aspx?playerid=13157&position=OF"">Nicky Delmonico</a>",25.0,135.0,0.2917169288352684
14875,"<a href=""statss.aspx?playerid=14875&position=P"">Caleb Smith</a>",26.0,26.0,0.11993600834499706
14916,"<a href=""statss.aspx?playerid=14916&position=P"">Jon Gray</a>",26.0,32.0,0.15662126881735666
11694,"<a href=""statss.aspx?playerid=11694&position=P"">Nick Kingham</a>",26.0,12.0,0.11747537553310394
13419,"<a href=""statss.aspx?playerid=13419&position=1B"">Christian Walker</a>",27.0,22.0,0.28301013057882135
18383,"<a href=""statss.aspx?playerid=18383&position=P"">Michael Soroka</a>",20.0,8.0,0.10994134098291397
14739,"<a href=""statss.aspx?playerid=14739&position=P"">Paul Blackburn</a>",24.0,2.0,0.0
16502,"<a href=""statss.aspx?playerid=16502&position=P"">Ryan Yarbrough</a>",26.0,2.0,0.0
4772,"<a href=""statss.aspx?playerid=4772&position=P"">Felix Hernandez</a>",32.0,2.0,0.0
6483,"<a href=""statss.aspx?playerid=6483&position=P"">Steve Cishek</a>",32.0,4.0,0.21988268196582794
13418,"<a href=""statss.aspx?playerid=13418&position=P"">Chris Beck</a>",27.0,2.0,0.0
18356,"<a href=""statss.aspx?playerid=18356&position=P"">Jaime Barria</a>",21.0,2.0,0.0
18684,"<a href=""statss.aspx?playerid=18684&position=P"">Sandy Alcantara</a>",22.0,2.0,0.0
13677,"<a href=""statss.aspx?playerid=13677&position=P"">Corey Oswalt</a>",24.0,2.0,0.0
12768,"<a href=""statss.aspx?playerid=12768&position=P"">Sonny Gray</a>",28.0,2.0,0.0
19753,"<a href=""statss.aspx?playerid=19753&position=P"">Jonathan Loaisiga</a>",23.0,2.0,0.0
14107,"<a href=""statss.aspx?playerid=14107&position=P"">Kevin Gausman</a>",27.0,2.0,0.0
5257,"<a href=""statss.aspx?playerid=5257&position=P"">Wilmer Font</a>",28.0,2.0,0.0
7146,"<a href=""statss.aspx?playerid=7146&position=P"">Daniel Hudson</a>",31.0,2.0,0.0
16727,"<a href=""statss.aspx?playerid=16727&position=P"">Brock Stewart</a>",26.0,2.0,0.0
14168,"<a href=""statss.aspx?playerid=14168&position=P"">Jose Berrios</a>",24.0,2.0,0.0
12777,"<a href=""statss.aspx?playerid=12777&position=P"">John Brebbia</a>",28.0,2.0,0.0
19320,"<a href=""statss.aspx?playerid=19320&position=P"">Joey Lucchesi</a>",25.0,17.0,0.12168169372222003
15440,"<a href=""statss.aspx?playerid=15440&position=P"">Matthew Boyd</a>",27.0,2.0,0.0
12963,"<a href=""statss.aspx?playerid=12963&position=P"">Roberto Gomez</a>",28.0,2.0,0.0
16981,"<a href=""statss.aspx?playerid=16981&position=P"">Tyler Beede</a>",25.0,2.0,0.0
3542,"<a href=""statss.aspx?playerid=3542&position=P"">Danny Duffy</a>",29.0,2.0,0.0
13619,"<a href=""statss.aspx?playerid=13619&position=P"">Jakob Junis</a>",25.0,2.0,0.0
15491,"<a href=""statss.aspx?playerid=15491&position=SS"">J.P. Crawford</a>",23.0,112.0,0.2919875044341481
12808,"<a href=""statss.aspx?playerid=12808&position=P"">Mike Clevinger</a>",27.0,2.0,0.0
15846,"<a href=""statss.aspx?playerid=15846&position=P"">Adam Plutko</a>",26.0,2.0,0.0
13549,"<a href=""statss.aspx?playerid=13549&position=P"">Richard Rodriguez</a>",28.0,2.0,0.0
14374,"<a href=""statss.aspx?playerid=14374&position=P"">Tyler Glasnow</a>",24.0,2.0,0.0
12316,"<a href=""statss.aspx?playerid=12316&position=P"">Justin Hancock</a>",27.0,2.0,0.0
10603,"<a href=""statss.aspx?playerid=10603&position=P"">Chris Sale</a>",29.0,2.0,0.0
14371,"<a href=""statss.aspx?playerid=14371&position=P"">Jake Thompson</a>",24.0,2.0,0.0
15551,"<a href=""statss.aspx?playerid=15551&position=P"">Mark Leiter Jr.</a>",27.0,2.0,0.0
17117,"<a href=""statss.aspx?playerid=17117&position=P"">Austin Davis</a>",25.0,2.0,0.0
15423,"<a href=""statss.aspx?playerid=15423&position=P"">Andrew Heaney</a>",27.0,2.0,0.0
15158,"<a href=""statss.aspx?playerid=15158&position=P"">Braden Shipley</a>",26.0,2.0,0.0
15166,"<a href=""statss.aspx?playerid=15166&position=P"">Luiz Gohara</a>",21.0,2.0,0.0
14375,"<a href=""statss.aspx?playerid=14375&position=P"">Amir Garrett</a>",26.0,2.0,0.0
15232,"<a href=""statss.aspx?playerid=15232&position=P"">Cody Reed</a>",25.0,2.0,0.0
17130,"<a href=""statss.aspx?playerid=17130&position=P"">Raisel Iglesias</a>",28.0,2.0,0.0
12371,"<a href=""statss.aspx?playerid=12371&position=2B/3B"">Tommy La Stella</a>",29.0,110.0,0.28755859699514175
11615,"<a href=""statss.aspx?playerid=11615&position=2B/3B"">Brandon Drury</a>",25.0,30.0,0.2891604642073313
375,"<a href=""statss.aspx?playerid=375&position=P"">Bartolo Colon</a>",45.0,2.0,0.0
4972,"<a href=""statss.aspx?playerid=4972&position=P"">Cole Hamels</a>",34.0,2.0,0.0
3254,"<a href=""statss.aspx?playerid=3254&position=P"">Jeff Samardzija</a>",33.0,9.0,0.09772563642925686
3708,"<a href=""statss.aspx?playerid=3708&position=OF"">Rajai Davis</a>",37.0,140.0,0.26931955762531445
14509,"<a href=""statss.aspx?playerid=14509&position=P"">Dereck Rodriguez</a>",26.0,13.0,0.10393957297007243
19309,"<a href=""statss.aspx?playerid=19309&position=P"">Trevor Richards</a>",25.0,15.0,0.10460402170817057
14309,"<a href=""statss.aspx?playerid=14309&position=P"">Frankie Montas</a>",25.0,3.0,0.0
15467,"<a href=""statss.aspx?playerid=15467&position=P"">Marco Gonzales</a>",26.0,3.0,0.0
12174,"<a href=""statss.aspx?playerid=12174&position=OF"">Jorge Bonifacio</a>",25.0,7.0,0.25129449367523193
12797,"<a href=""statss.aspx?playerid=12797&position=OF"">Dalton Pompey</a>",25.0,11.0,0.22259918668053366
14272,"<a href=""statss.aspx?playerid=14272&position=P"">Brian Johnson</a>",27.0,2.0,0.0
11752,"<a href=""statss.aspx?playerid=11752&position=P"">Luke Jackson</a>",26.0,2.0,0.0
4026,"<a href=""statss.aspx?playerid=4026&position=P"">Hector Santiago</a>",30.0,3.0,0.0
8536,"<a href=""statss.aspx?playerid=8536&position=P"">Tyler Cloyd</a>",31.0,3.0,0.0
14975,"<a href=""statss.aspx?playerid=14975&position=P"">Chad Kuhl</a>",25.0,27.0,0.12564724683761597
8782,"<a href=""statss.aspx?playerid=8782&position=P"">Andrew Cashner</a>",31.0,3.0,0.0
5420,"<a href=""statss.aspx?playerid=5420&position=P"">Pedro Baez</a>",30.0,3.0,0.0
15885,"<a href=""statss.aspx?playerid=15885&position=P"">Fernando Romero</a>",23.0,3.0,0.0
4538,"<a href=""statss.aspx?playerid=4538&position=P"">Jason Hammel</a>",35.0,3.0,0.0
2429,"<a href=""statss.aspx?playerid=2429&position=P"">Corey Kluber</a>",32.0,3.0,0.0
6216,"<a href=""statss.aspx?playerid=6216&position=P"">Dellin Betances</a>",30.0,1.0,0.0
10197,"<a href=""statss.aspx?playerid=10197&position=P"">Shelby Miller</a>",27.0,3.0,0.0
18146,"<a href=""statss.aspx?playerid=18146&position=OF"">Kevin Kaczmarski</a>",26.0,2.0,0.3447647988796234
14295,"<a href=""statss.aspx?playerid=14295&position=P"">Wandy Peralta</a>",26.0,3.0,0.0
10954,"<a href=""statss.aspx?playerid=10954&position=P"">Jacob deGrom</a>",30.0,39.0,0.11160142719745636
17075,"<a href=""statss.aspx?playerid=17075&position=2B"">Miguel Gomez</a>",25.0,15.0,0.23454152743021647
16448,"<a href=""statss.aspx?playerid=16448&position=C"">Jacob Nottingham</a>",23.0,7.0,0.19700845650264195
15764,"<a href=""statss.aspx?playerid=15764&position=P"">Masahiro Tanaka</a>",29.0,4.0,0.0
7593,"<a href=""statss.aspx?playerid=7593&position=P"">Jordan Lyles</a>",27.0,17.0,0.09193727970123292
13267,"<a href=""statss.aspx?playerid=13267&position=2B"">Nolan Fontana</a>",27.0,12.0,0.22669650614261627
15474,"<a href=""statss.aspx?playerid=15474&position=P"">Lucas Giolito</a>",23.0,4.0,0.0
7059,"<a href=""statss.aspx?playerid=7059&position=P"">James Shields</a>",36.0,4.0,0.0
12499,"<a href=""statss.aspx?playerid=12499&position=P"">Drew Rucinski</a>",29.0,4.0,0.0
8137,"<a href=""statss.aspx?playerid=8137&position=P"">Jaime Garcia</a>",31.0,4.0,0.0
12703,"<a href=""statss.aspx?playerid=12703&position=P"">Trevor Bauer</a>",27.0,3.0,0.0
15654,"<a href=""statss.aspx?playerid=15654&position=OF"">Billy McKinney</a>",23.0,4.0,0.21988268196582794
13799,"<a href=""statss.aspx?playerid=13799&position=P"">Matt Strahm</a>",26.0,4.0,0.0
15288,"<a href=""statss.aspx?playerid=15288&position=P"">Adam Cimber</a>",27.0,4.0,0.0
15101,"<a href=""statss.aspx?playerid=15101&position=P"">Luke Farrell</a>",27.0,4.0,0.0
13361,"<a href=""statss.aspx?playerid=13361&position=P"">Steven Matz</a>",27.0,29.0,0.108320584663978
11836,"<a href=""statss.aspx?playerid=11836&position=P"">Taijuan Walker</a>",25.0,4.0,0.0
15258,"<a href=""statss.aspx?playerid=15258&position=P"">Shane Carle</a>",26.0,4.0,0.0
10166,"<a href=""statss.aspx?playerid=10166&position=2B"">Nick Franklin</a>",27.0,2.0,0.0
6797,"<a href=""statss.aspx?playerid=6797&position=P"">Julio Teheran</a>",27.0,27.0,0.11993600834499706
13005,"<a href=""statss.aspx?playerid=13005&position=2B"">Kelby Tomlinson</a>",28.0,121.0,0.24987615287796525
15189,"<a href=""statss.aspx?playerid=15189&position=OF"">Dustin Peterson</a>",23.0,2.0,0.0
13125,"<a href=""statss.aspx?playerid=13125&position=P"">Gerrit Cole</a>",27.0,5.0,0.0
13074,"<a href=""statss.aspx?playerid=13074&position=P"">Yu Darvish</a>",31.0,14.0,0.10393957297007243
16115,"<a href=""statss.aspx?playerid=16115&position=OF"">Mike Gerber</a>",25.0,2.0,0.0
13071,"<a href=""statss.aspx?playerid=13071&position=P"">Wei-Yin Chen</a>",32.0,17.0,0.10347420327803668
15890,"<a href=""statss.aspx?playerid=15890&position=P"">Luis Severino</a>",24.0,5.0,0.0
6562,"<a href=""statss.aspx?playerid=6562&position=P"">Alex Cobb</a>",30.0,5.0,0.0
14548,"<a href=""statss.aspx?playerid=14548&position=2B/3B"">Jesmuel Valentin</a>",24.0,49.0,0.29605448367644327
10591,"<a href=""statss.aspx?playerid=10591&position=P"">Scott Alexander</a>",28.0,5.0,0.0
14968,"<a href=""statss.aspx?playerid=14968&position=C"">Victor Caratini</a>",24.0,69.0,0.27310171766557556
18282,"<a href=""statss.aspx?playerid=18282&position=P"">Jarlin Garcia</a>",25.0,11.0,0.06895295977592468
13218,"<a href=""statss.aspx?playerid=13218&position=P"">Michael Fulmer</a>",25.0,5.0,0.0
4869,"<a href=""statss.aspx?playerid=4869&position=P"">Mike Montgomery</a>",28.0,17.0,0.09806627035140991
7872,"<a href=""statss.aspx?playerid=7872&position=P"">Tyson Ross</a>",31.0,30.0,0.11886149219104222
17425,"<a href=""statss.aspx?playerid=17425&position=P"">Erick Fedde</a>",25.0,9.0,0.07661439975102742
14329,"<a href=""statss.aspx?playerid=14329&position=OF"">Anthony Alford</a>",23.0,16.0,0.19613254070281982
13394,"<a href=""statss.aspx?playerid=13394&position=P"">Dylan Floro</a>",27.0,5.0,0.0
11762,"<a href=""statss.aspx?playerid=11762&position=P"">Noah Syndergaard</a>",25.0,24.0,0.10845868483833644
16725,"<a href=""statss.aspx?playerid=16725&position=C"">Jose Trevino</a>",25.0,8.0,0.21988268196582794
16246,"<a href=""statss.aspx?playerid=16246&position=1B/DH"">A.J. Reed</a>",25.0,3.0,0.0
17018,"<a href=""statss.aspx?playerid=17018&position=P"">Jefry Rodriguez</a>",24.0,5.0,0.0
17292,"<a href=""statss.aspx?playerid=17292&position=P"">Javy Guerra</a>",22.0,2.0,0.0
13273,"<a href=""statss.aspx?playerid=13273&position=P"">Ross Stripling</a>",28.0,24.0,0.08795307278633117
8609,"<a href=""statss.aspx?playerid=8609&position=C"">Tim Federowicz</a>",30.0,7.0,0.17818212509155273
13892,"<a href=""statss.aspx?playerid=13892&position=P"">Paul Sewald</a>",28.0,6.0,0.0
6397,"<a href=""statss.aspx?playerid=6397&position=P"">Jake Odorizzi</a>",28.0,6.0,0.0
2233,"<a href=""statss.aspx?playerid=2233&position=P"">Adam Wainwright</a>",36.0,6.0,0.0
2900,"<a href=""statss.aspx?playerid=2900&position=C"">Roberto Perez</a>",29.0,105.0,0.21156359979739556
14330,"<a href=""statss.aspx?playerid=14330&position=OF"">Nick Williams</a>",24.0,210.0,0.31201304781895417
3237,"<a href=""statss.aspx?playerid=3237&position=P"">T.J. McFarland</a>",29.0,6.0,0.0
9854,"<a href=""statss.aspx?playerid=9854&position=1B/OF"">Efren Navarro</a>",32.0,6.0,0.14658845464388529
14566,"<a href=""statss.aspx?playerid=14566&position=DH/OF"">Franmil Reyes</a>",22.0,96.0,0.3045758605003357
15481,"<a href=""statss.aspx?playerid=15481&position=2B/SS"">Engelb Vielma</a>",24.0,8.0,0.19613254070281982
12049,"<a href=""statss.aspx?playerid=12049&position=P"">Kyle Hendricks</a>",28.0,33.0,0.11199593724626483
13633,"<a href=""statss.aspx?playerid=13633&position=OF"">Preston Tucker</a>",27.0,121.0,0.3052672152676858
9807,"<a href=""statss.aspx?playerid=9807&position=2B/SS"">Ryan Goins</a>",30.0,120.0,0.24593768350216522
3543,"<a href=""statss.aspx?playerid=3543&position=P"">Clay Buchholz</a>",33.0,14.0,0.07329422732194264
17161,"<a href=""statss.aspx?playerid=17161&position=C"">Chad Wallach</a>",26.0,34.0,0.15954321984088782
3878,"<a href=""statss.aspx?playerid=3878&position=C"">Chris Stewart</a>",36.0,16.0,0.20800761133432388
16256,"<a href=""statss.aspx?playerid=16256&position=P"">Kyle Freeland</a>",25.0,36.0,0.1289822213789996
14932,"<a href=""statss.aspx?playerid=14932&position=P"">Ben Lively</a>",26.0,7.0,0.0
9787,"<a href=""statss.aspx?playerid=9787&position=C"">Steven Baron</a>",27.0,5.0,0.17590614557266235
16208,"<a href=""statss.aspx?playerid=16208&position=P"">Brandon Finnegan</a>",25.0,7.0,0.0
10067,"<a href=""statss.aspx?playerid=10067&position=C/1B"">Tomas Telis</a>",27.0,31.0,0.22658024872502974
3882,"<a href=""statss.aspx?playerid=3882&position=OF"">Chris Young</a>",34.0,127.0,0.2704622844854991
11674,"<a href=""statss.aspx?playerid=11674&position=P"">Jameson Taillon</a>",26.0,30.0,0.10058340004512242
4371,"<a href=""statss.aspx?playerid=4371&position=P"">Jeremy Hellickson</a>",31.0,17.0,0.07795467972755432
14862,"<a href=""statss.aspx?playerid=14862&position=P"">Zack Godley</a>",28.0,33.0,0.11093739271163941
2495,"<a href=""statss.aspx?playerid=2495&position=3B"">Pedro Alvarez</a>",31.0,127.0,0.3036925858399999
3284,"<a href=""statss.aspx?playerid=3284&position=P"">Anibal Sanchez</a>",34.0,13.0,0.05746079981327057
18679,"<a href=""statss.aspx?playerid=18679&position=P"">Freddy Peralta</a>",22.0,8.0,0.0
9803,"<a href=""statss.aspx?playerid=9803&position=P"">Miles Mikolas</a>",29.0,36.0,0.1033299294385043
16271,"<a href=""statss.aspx?playerid=16271&position=2B/3B"">Alex Blandino</a>",25.0,132.0,0.2634740208470544
16933,"<a href=""statss.aspx?playerid=16933&position=P"">Elieser Hernandez</a>",23.0,9.0,0.0
13300,"<a href=""statss.aspx?playerid=13300&position=C"">Spencer Kieboom</a>",27.0,47.0,0.2574236773430033
6893,"<a href=""statss.aspx?playerid=6893&position=P"">Johnny Cueto</a>",32.0,9.0,0.0
4662,"<a href=""statss.aspx?playerid=4662&position=P"">Brandon McCarthy</a>",34.0,31.0,0.11634760272913966
4930,"<a href=""statss.aspx?playerid=4930&position=P"">Jon Lester</a>",34.0,38.0,0.10660978519555295
17062,"<a href=""statss.aspx?playerid=17062&position=C"">Grayson Greiner</a>",25.0,54.0,0.2634392303449136
6564,"<a href=""statss.aspx?playerid=6564&position=C"">Bobby Wilson</a>",35.0,80.0,0.20582420092362624
11270,"<a href=""statss.aspx?playerid=11270&position=OF"">Aaron Altherr</a>",27.0,221.0,0.275853923003598
12804,"<a href=""statss.aspx?playerid=12804&position=P"">Matt Wisler</a>",25.0,9.0,0.0
18498,"<a href=""statss.aspx?playerid=18498&position=P"">Kenta Maeda</a>",30.0,27.0,0.08376483122507732
10953,"<a href=""statss.aspx?playerid=10953&position=2B/3B"">Phil Gosselin</a>",29.0,28.0,0.21698069351690788
3123,"<a href=""statss.aspx?playerid=3123&position=OF"">Gregor Blanco</a>",34.0,129.0,0.27922690426930785
13684,"<a href=""statss.aspx?playerid=13684&position=P"">John Gant</a>",25.0,10.0,0.0
19254,"<a href=""statss.aspx?playerid=19254&position=1B"">Jose Fernandez</a>",30.0,33.0,0.26215954079772485
6895,"<a href=""statss.aspx?playerid=6895&position=P"">Chase Anderson</a>",30.0,25.0,0.08376483122507732
10681,"<a href=""statss.aspx?playerid=10681&position=3B"">Gio Urshela</a>",26.0,46.0,0.26986050605773926
10587,"<a href=""statss.aspx?playerid=10587&position=P"">Chad Bettis</a>",29.0,33.0,0.12960165739059448
14361,"<a href=""statss.aspx?playerid=14361&position=P"">Ty Blach</a>",27.0,30.0,0.08365147864377057
11713,"<a href=""statss.aspx?playerid=11713&position=P"">Matt Harvey</a>",29.0,27.0,0.09417657898022579
14078,"<a href=""statss.aspx?playerid=14078&position=P"">Michael Wacha</a>",26.0,32.0,0.09417657898022579
14735,"<a href=""statss.aspx?playerid=14735&position=OF"">Brett Phillips</a>",24.0,14.0,0.12564724683761597
13761,"<a href=""statss.aspx?playerid=13761&position=P"">Chris Stratton</a>",27.0,35.0,0.09098593736517019
15769,"<a href=""statss.aspx?playerid=15769&position=OF"">Rafael Bautista</a>",25.0,6.0,0.0
12859,"<a href=""statss.aspx?playerid=12859&position=C"">James McCann</a>",28.0,240.0,0.26597530966003735
16192,"<a href=""statss.aspx?playerid=16192&position=OF"">Derek Fisher</a>",24.0,81.0,0.26690931379059213
12950,"<a href=""statss.aspx?playerid=12950&position=3B/OF"">Phillip Evans</a>",25.0,9.0,0.09772563642925686
7324,"<a href=""statss.aspx?playerid=7324&position=C"">Chris Gimenez</a>",35.0,32.0,0.17458474077284336
6885,"<a href=""statss.aspx?playerid=6885&position=SS/OF"">Ian Desmond</a>",32.0,316.0,0.31682939714268793
13006,"<a href=""statss.aspx?playerid=13006&position=3B"">Mitch Walding</a>",25.0,9.0,0.07661439975102742
16943,"<a href=""statss.aspx?playerid=16943&position=P"">Sean Newcomb</a>",25.0,32.0,0.10058340004512242
10811,"<a href=""statss.aspx?playerid=10811&position=P"">Mike Foltynewicz</a>",26.0,28.0,0.08180021551939157
15518,"<a href=""statss.aspx?playerid=15518&position=SS"">Amed Rosario</a>",22.0,265.0,0.28038107780099825
16263,"<a href=""statss.aspx?playerid=16263&position=1B/OF"">Sam Travis</a>",24.0,13.0,0.18835315796045157
12758,"<a href=""statss.aspx?playerid=12758&position=2B/3B"">Breyvic Valera</a>",26.0,34.0,0.2168415766773802
5503,"<a href=""statss.aspx?playerid=5503&position=2B"">Corban Joseph</a>",29.0,10.0,0.15690603256225585
5524,"<a href=""statss.aspx?playerid=5524&position=P"">Madison Bumgarner</a>",28.0,13.0,0.0
17932,"<a href=""statss.aspx?playerid=17932&position=OF"">Andrew Stevenson</a>",24.0,55.0,0.27348426536277487
1159,"<a href=""statss.aspx?playerid=1159&position=3B/SS"">Andrew Romine</a>",32.0,83.0,0.21568352361268636
15271,"<a href=""statss.aspx?playerid=15271&position=C"">Austin Wynns</a>",27.0,27.0,0.21342120720789984
4881,"<a href=""statss.aspx?playerid=4881&position=OF"">Carlos Gomez</a>",32.0,264.0,0.26951601863360675
11611,"<a href=""statss.aspx?playerid=11611&position=OF"">Rosell Herrera</a>",25.0,62.0,0.2541577034309262
12005,"<a href=""statss.aspx?playerid=12005&position=DH/OF"">Nick Martini</a>",28.0,10.0,0.08795307278633117
13183,"<a href=""statss.aspx?playerid=13183&position=P"">Zach Davies</a>",25.0,14.0,0.0
11486,"<a href=""statss.aspx?playerid=11486&position=P"">Robbie Ray</a>",26.0,13.0,0.0
11589,"<a href=""statss.aspx?playerid=11589&position=P"">Jose Urena</a>",26.0,26.0,0.049890995025634766
13788,"<a href=""statss.aspx?playerid=13788&position=3B/SS"">Matt Reynolds</a>",27.0,13.0,0.1206969481248122
2578,"<a href=""statss.aspx?playerid=2578&position=OF"">Peter Bourjos</a>",31.0,47.0,0.25826816584752954
17975,"<a href=""statss.aspx?playerid=17975&position=SS/OF"">Scott Kingery</a>",24.0,282.0,0.2721782400675699
7476,"<a href=""statss.aspx?playerid=7476&position=C"">Alex Avila</a>",31.0,121.0,0.21332067350546519
5254,"<a href=""statss.aspx?playerid=5254&position=OF"">Robbie Grossman</a>",28.0,229.0,0.28915384971418756
5408,"<a href=""statss.aspx?playerid=5408&position=OF"">Jake Smolinski</a>",29.0,41.0,0.1676540520133042
15103,"<a href=""statss.aspx?playerid=15103&position=OF"">Boog Powell</a>",25.0,25.0,0.21096441984176637
8370,"<a href=""statss.aspx?playerid=8370&position=2B"">Dustin Pedroia</a>",34.0,13.0,0.17373768641398504
4806,"<a href=""statss.aspx?playerid=4806&position=P"">Rich Hill</a>",38.0,13.0,0.0
12858,"<a href=""statss.aspx?playerid=12858&position=OF"">Brian Goodwin</a>",27.0,64.0,0.2784555999059526
12606,"<a href=""statss.aspx?playerid=12606&position=C"">Raffy Lopez</a>",30.0,114.0,0.23627658577652666
15653,"<a href=""statss.aspx?playerid=15653&position=1B"">Dominic Smith</a>",23.0,47.0,0.27996288969161665
12937,"<a href=""statss.aspx?playerid=12937&position=1B/OF"">Jose Osuna</a>",25.0,46.0,0.2531171726143878
12508,"<a href=""statss.aspx?playerid=12508&position=C"">Jett Bandy</a>",28.0,71.0,0.2449358198004709
16977,"<a href=""statss.aspx?playerid=16977&position=P"">Trevor Williams</a>",26.0,28.0,0.06515042428617124
14267,"<a href=""statss.aspx?playerid=14267&position=C"">Alfredo Gonzalez</a>",25.0,9.0,0.09772563642925686
11902,"<a href=""statss.aspx?playerid=11902&position=2B/3B"">Hanser Alberto</a>",25.0,12.0,0.13075502713521323
16839,"<a href=""statss.aspx?playerid=16839&position=OF"">Braxton Lee</a>",24.0,18.0,0.18489565451939902
4243,"<a href=""statss.aspx?playerid=4243&position=C"">Jose Lobaton</a>",33.0,53.0,0.2342948002635308
16149,"<a href=""statss.aspx?playerid=16149&position=P"">Aaron Nola</a>",25.0,38.0,0.07419972889351123
11338,"<a href=""statss.aspx?playerid=11338&position=2B/3B"">Adrian Sanchez</a>",27.0,23.0,0.16895074170568716
14113,"<a href=""statss.aspx?playerid=14113&position=2B/3B"">Ramon Torres</a>",25.0,29.0,0.18810094430528837
13770,"<a href=""statss.aspx?playerid=13770&position=OF"">Rob Refsnyder</a>",27.0,103.0,0.27579206754179564
13755,"<a href=""statss.aspx?playerid=13755&position=C"">Tomas Nido</a>",24.0,48.0,0.179021834085385
19238,"<a href=""statss.aspx?playerid=19238&position=OF"">Lourdes Gurriel Jr.</a>",24.0,74.0,0.2604484896402101
3364,"<a href=""statss.aspx?playerid=3364&position=C"">Miguel Montero</a>",34.0,13.0,0.05746079981327057
10473,"<a href=""statss.aspx?playerid=10473&position=3B"">Cheslor Cuthbert</a>",25.0,117.0,0.26329206401466304
2502,"<a href=""statss.aspx?playerid=2502&position=1B/OF"">Lucas Duda</a>",32.0,168.0,0.3057708644441196
13781,"<a href=""statss.aspx?playerid=13781&position=P"">Alex Wood</a>",27.0,30.0,0.033828104917819686
14738,"<a href=""statss.aspx?playerid=14738&position=OF"">Phillip Ervin</a>",25.0,45.0,0.25715139706929524
15149,"<a href=""statss.aspx?playerid=15149&position=1B/DH/OF"">Trey Mancini</a>",26.0,326.0,0.2980696469362528
16041,"<a href=""statss.aspx?playerid=16041&position=2B/OF"">Stevie Wilkerson</a>",26.0,15.0,0.1632394035657247
18300,"<a href=""statss.aspx?playerid=18300&position=P"">Andrew Suarez</a>",25.0,26.0,0.027581183910369872
13690,"<a href=""statss.aspx?playerid=13690&position=P"">Sal Romano</a>",24.0,29.0,0.04797211060157189
2616,"<a href=""statss.aspx?playerid=2616&position=SS"">Zack Cozart</a>",32.0,253.0,0.28922483289665857
7448,"<a href=""statss.aspx?playerid=7448&position=P"">Gio Gonzalez</a>",32.0,27.0,0.03518122911453247
4141,"<a href=""statss.aspx?playerid=4141&position=P"">Derek Holland</a>",31.0,28.0,0.03257521214308562
5702,"<a href=""statss.aspx?playerid=5702&position=P"">Junior Guerra</a>",33.0,20.0,0.0
16623,"<a href=""statss.aspx?playerid=16623&position=OF"">Greg Allen</a>",25.0,110.0,0.2411919821292982
12594,"<a href=""statss.aspx?playerid=12594&position=C"">Mike Marjama</a>",28.0,29.0,0.17658220077383108
13153,"<a href=""statss.aspx?playerid=13153&position=2B/SS"">Luis Sardinas</a>",25.0,20.0,0.2144709199666977
15161,"<a href=""statss.aspx?playerid=15161&position=C/DH"">Mitch Garver</a>",27.0,159.0,0.29256579792423615
12399,"<a href=""statss.aspx?playerid=12399&position=SS"">Taylor Motter</a>",28.0,33.0,0.22507694092663852
5223,"<a href=""statss.aspx?playerid=5223&position=OF"">Cameron Maybin</a>",31.0,205.0,0.268705380897896
11247,"<a href=""statss.aspx?playerid=11247&position=OF"">Jabari Blash</a>",28.0,21.0,0.1822690594763983
3395,"<a href=""statss.aspx?playerid=3395&position=2B/SS"">Cliff Pennington</a>",34.0,34.0,0.20487561471322002
5942,"<a href=""statss.aspx?playerid=5942&position=C"">Jesus Sucre</a>",30.0,84.0,0.2333555933905811
13866,"<a href=""statss.aspx?playerid=13866&position=C"">Bruce Maxwell</a>",27.0,58.0,0.2206317381612186
2636,"<a href=""statss.aspx?playerid=2636&position=OF"">Brandon Guyer</a>",32.0,108.0,0.24891214183083288
12944,"<a href=""statss.aspx?playerid=12944&position=OF"">Socrates Brito</a>",25.0,17.0,0.10347420327803668
4866,"<a href=""statss.aspx?playerid=4866&position=OF"">Jarrod Dyson</a>",33.0,229.0,0.23916436359286308
8610,"<a href=""statss.aspx?playerid=8610&position=1B/DH"">Kendrys Morales</a>",35.0,229.0,0.295696024609878
16451,"<a href=""statss.aspx?playerid=16451&position=2B/3B"">Luis Guillorme</a>",23.0,64.0,0.21356208063662052
12983,"<a href=""statss.aspx?playerid=12983&position=OF"">Charlie Tilson</a>",25.0,105.0,0.29291911264067716
15112,"<a href=""statss.aspx?playerid=15112&position=3B"">Ryan McMahon</a>",23.0,106.0,0.26922539869944256
14678,"<a href=""statss.aspx?playerid=14678&position=2B/SS"">Tzu-Wei Lin</a>",24.0,41.0,0.2139217330188286
14551,"<a href=""statss.aspx?playerid=14551&position=OF"">Anthony Santander</a>",23.0,108.0,0.2420064757267634
10340,"<a href=""statss.aspx?playerid=10340&position=2B/SS"">Gift Ngoepe</a>",28.0,19.0,0.0825821224011873
2802,"<a href=""statss.aspx?playerid=2802&position=C"">Tony Cruz</a>",31.0,26.0,0.19373710797383234
1736,"<a href=""statss.aspx?playerid=1736&position=SS"">Jose Reyes</a>",35.0,115.0,0.23007591356310927
16313,"<a href=""statss.aspx?playerid=16313&position=SS/OF"">Yairo Munoz</a>",23.0,136.0,0.30250113802169687
14942,"<a href=""statss.aspx?playerid=14942&position=C"">Andrew Knapp</a>",26.0,117.0,0.2735221807298989
15730,"<a href=""statss.aspx?playerid=15730&position=2B/OF"">Tyler Wade</a>",23.0,38.0,0.14322813874796816
13132,"<a href=""statss.aspx?playerid=13132&position=C"">Andrew Susac</a>",28.0,26.0,0.11562832043721126
13359,"<a href=""statss.aspx?playerid=13359&position=OF"">Tyler Naquin</a>",27.0,118.0,0.29226950855336636
1908,"<a href=""statss.aspx?playerid=1908&position=1B"">Adrian Gonzalez</a>",36.0,187.0,0.28762101317229477
1994,"<a href=""statss.aspx?playerid=1994&position=P"">Ivan Nova</a>",31.0,30.0,0.0
13325,"<a href=""statss.aspx?playerid=13325&position=3B"">Deven Marrero</a>",27.0,85.0,0.19573570630129647
13338,"<a href=""statss.aspx?playerid=13338&position=C"">Omar Narvaez</a>",26.0,140.0,0.3021858511627584
14897,"<a href=""statss.aspx?playerid=14897&position=DH/OF"">Daniel Palka</a>",26.0,185.0,0.3083845888790877
15450,"<a href=""statss.aspx?playerid=15450&position=2B/SS"">Daniel Castro</a>",25.0,47.0,0.18598451562549756
11423,"<a href=""statss.aspx?playerid=11423&position=P"">Jose Quintana</a>",29.0,33.0,0.0
14558,"<a href=""statss.aspx?playerid=14558&position=OF"">Carlos Tocci</a>",22.0,35.0,0.15403984574710622
16285,"<a href=""statss.aspx?playerid=16285&position=OF"">Michael Hermosillo</a>",23.0,41.0,0.17714686219285175
7185,"<a href=""statss.aspx?playerid=7185&position=2B"">Logan Forsythe</a>",31.0,169.0,0.24416854906649815
3312,"<a href=""statss.aspx?playerid=3312&position=3B"">Martin Prado</a>",34.0,99.0,0.2128481124386643
11875,"<a href=""statss.aspx?playerid=11875&position=2B/SS"">Ronny Rodriguez</a>",26.0,26.0,0.09417657898022579
15274,"<a href=""statss.aspx?playerid=15274&position=OF"">Mike Tauchman</a>",27.0,37.0,0.16012374228901333
11265,"<a href=""statss.aspx?playerid=11265&position=2B"">Jonathan Schoop</a>",26.0,266.0,0.2530175659692649
9893,"<a href=""statss.aspx?playerid=9893&position=OF"">Colby Rasmus</a>",31.0,49.0,0.19561204010126543
11255,"<a href=""statss.aspx?playerid=11255&position=OF"">Matt Szczur</a>",28.0,84.0,0.24197827907929936
6589,"<a href=""statss.aspx?playerid=6589&position=2B"">Sean Rodriguez</a>",33.0,137.0,0.24784789497361465
9205,"<a href=""statss.aspx?playerid=9205&position=1B/OF"">Logan Morrison</a>",30.0,272.0,0.2864708817180465
13130,"<a href=""statss.aspx?playerid=13130&position=OF"">Mikie Mahtook</a>",28.0,75.0,0.20681668294442668
4969,"<a href=""statss.aspx?playerid=4969&position=3B"">Luis Valbuena</a>",32.0,243.0,0.2653073219605434
4720,"<a href=""statss.aspx?playerid=4720&position=3B"">Chase Headley</a>",34.0,60.0,0.18704093197981517
7949,"<a href=""statss.aspx?playerid=7949&position=SS"">Tim Beckham</a>",28.0,112.0,0.2408607192337513
5667,"<a href=""statss.aspx?playerid=5667&position=OF"">Steven Souza Jr.</a>",29.0,47.0,0.19750165178420695
13620,"<a href=""statss.aspx?playerid=13620&position=C"">Carson Kelly</a>",23.0,29.0,0.11736170230088411
7168,"<a href=""statss.aspx?playerid=7168&position=C"">Juan Centeno</a>",28.0,38.0,0.19699357528435557
14503,"<a href=""statss.aspx?playerid=14503&position=3B/DH"">Renato Nunez</a>",24.0,41.0,0.2337802430478538
14523,"<a href=""statss.aspx?playerid=14523&position=C"">Pedro Severino</a>",24.0,181.0,0.2208565678973656
4316,"<a href=""statss.aspx?playerid=4316&position=1B/2B"">Daniel Murphy</a>",33.0,52.0,0.20980489941743705
15487,"<a href=""statss.aspx?playerid=15487&position=OF"">Victor Reyes</a>",23.0,68.0,0.20703826494076671
1177,"<a href=""statss.aspx?playerid=1177&position=1B"">Albert Pujols</a>",38.0,327.0,0.2926912058316744
15117,"<a href=""statss.aspx?playerid=15117&position=3B/OF"">Hunter Dozier</a>",26.0,148.0,0.28270052051222
4022,"<a href=""statss.aspx?playerid=4022&position=OF"">Melky Cabrera</a>",33.0,66.0,0.2300280784115647
7087,"<a href=""statss.aspx?playerid=7087&position=C"">Caleb Joseph</a>",32.0,112.0,0.21561488643422858
11761,"<a href=""statss.aspx?playerid=11761&position=OF"">Drew Robinson</a>",26.0,89.0,0.2292807035231858
6050,"<a href=""statss.aspx?playerid=6050&position=OF"">Moises Sierra</a>",29.0,60.0,0.19117789765199025
14161,"<a href=""statss.aspx?playerid=14161&position=OF"">Byron Buxton</a>",24.0,94.0,0.17046231800510037
12409,"<a href=""statss.aspx?playerid=12409&position=1B/OF"">Ryan Rua</a>",28.0,101.0,0.23191788613796235
15197,"<a href=""statss.aspx?playerid=15197&position=2B"">Carlos Asuaje</a>",26.0,121.0,0.2408182921488423
1101,"<a href=""statss.aspx?playerid=1101&position=OF"">Ichiro Suzuki</a>",44.0,47.0,0.21243330519250098
7304,"<a href=""statss.aspx?playerid=7304&position=C"">Salvador Perez</a>",28.0,257.0,0.2748508972880441
9848,"<a href=""statss.aspx?playerid=9848&position=OF"">Austin Jackson</a>",31.0,160.0,0.2624859738199017
13862,"<a href=""statss.aspx?playerid=13862&position=2B"">Devon Travis</a>",27.0,169.0,0.2742494937209856
10642,"<a href=""statss.aspx?playerid=10642&position=C"">Carlos Perez</a>",27.0,68.0,0.1936564761580843
11894,"<a href=""statss.aspx?playerid=11894&position=OF"">Noel Cuevas</a>",26.0,114.0,0.2756679110359727
7927,"<a href=""statss.aspx?playerid=7927&position=2B"">Eric Sogard</a>",32.0,109.0,0.2015168906372284
8628,"<a href=""statss.aspx?playerid=8628&position=OF"">Paulo Orlando</a>",32.0,82.0,0.18884452959386314
10030,"<a href=""statss.aspx?playerid=10030&position=2B/SS"">Chris Owings</a>",26.0,226.0,0.24423139806285568
6848,"<a href=""statss.aspx?playerid=6848&position=3B/SS"">Eduardo Nunez</a>",31.0,284.0,0.2773529923004312
13176,"<a href=""statss.aspx?playerid=13176&position=C/OF"">Blake Swihart</a>",26.0,83.0,0.18586788694542575
8298,"<a href=""statss.aspx?playerid=8298&position=C"">Francisco Pena</a>",28.0,92.0,0.22532601555188497
5486,"<a href=""statss.aspx?playerid=5486&position=OF"">Abraham Almonte</a>",29.0,144.0,0.2516169014510575
13185,"<a href=""statss.aspx?playerid=13185&position=SS"">Orlando Arcia</a>",23.0,212.0,0.21475618740297714
3411,"<a href=""statss.aspx?playerid=3411&position=C"">Drew Butera</a>",34.0,104.0,0.21020813286304474
8252,"<a href=""statss.aspx?playerid=8252&position=OF"">Hunter Pence</a>",35.0,106.0,0.21743832940147037
11472,"<a href=""statss.aspx?playerid=11472&position=2B/SS"">Dixon Machado</a>",26.0,233.0,0.244391545588836
9892,"<a href=""statss.aspx?playerid=9892&position=OF"">Jay Bruce</a>",31.0,236.0,0.26877485477873186
14352,"<a href=""statss.aspx?playerid=14352&position=OF"">Lewis Brinson</a>",24.0,296.0,0.24733136320600704
6677,"<a href=""statss.aspx?playerid=6677&position=OF"">JB Shuck</a>",31.0,134.0,0.22081132910468362
14885,"<a href=""statss.aspx?playerid=14885&position=2B/SS"">Pat Valaika</a>",25.0,85.0,0.18517570481413886
7539,"<a href=""statss.aspx?playerid=7539&position=2B"">Neil Walker</a>",32.0,180.0,0.23440279940653114
393,"<a href=""statss.aspx?playerid=393&position=C/DH"">Victor Martinez</a>",39.0,286.0,0.27146563955414843
6310,"<a href=""statss.aspx?playerid=6310&position=SS"">Alcides Escobar</a>",31.0,313.0,0.2312763108361152
4062,"<a href=""statss.aspx?playerid=4062&position=OF"">Dexter Fowler</a>",32.0,250.0,0.25359184765815734
9952,"<a href=""statss.aspx?playerid=9952&position=OF"">Trayce Thompson</a>",27.0,137.0,0.16212788290447658
11200,"<a href=""statss.aspx?playerid=11200&position=OF"">Kole Calhoun</a>",30.0,227.0,0.19883296957100016
9272,"<a href=""statss.aspx?playerid=9272&position=1B"">Chris Davis</a>",32.0,268.0,0.21951713754718466
