playerid,Name,Age,PA,wOBA
13611,"<a href=""statss.aspx?playerid=13611&position=OF"">Mookie Betts</a>",25.0,614.0,0.44889713366432943
10155,"<a href=""statss.aspx?playerid=10155&position=OF"">Mike Trout</a>",26.0,608.0,0.44656093495408283
17678,"<a href=""statss.aspx?playerid=17678&position=3B"">Alex Bregman</a>",24.0,705.0,0.3956216221852798
12916,"<a href=""statss.aspx?playerid=12916&position=SS"">Francisco Lindor</a>",24.0,745.0,0.3683644672640327
11477,"<a href=""statss.aspx?playerid=11477&position=OF"">Christian Yelich</a>",26.0,651.0,0.4219775666441131
13510,"<a href=""statss.aspx?playerid=13510&position=3B"">Jose Ramirez</a>",25.0,698.0,0.39148628310263595
11493,"<a href=""statss.aspx?playerid=11493&position=3B"">Manny Machado</a>",25.0,709.0,0.3765743402427254
16505,"<a href=""statss.aspx?playerid=16505&position=3B"">Matt Chapman</a>",25.0,616.0,0.3692072153865517
9077,"<a href=""statss.aspx?playerid=9077&position=OF"">Lorenzo Cain</a>",32.0,620.0,0.35886038899999445
9777,"<a href=""statss.aspx?playerid=9777&position=3B"">Nolan Arenado</a>",27.0,673.0,0.3906945415133796
6184,"<a href=""statss.aspx?playerid=6184&position=DH/OF"">J.D. Martinez</a>",30.0,649.0,0.427484259336346
12979,"<a href=""statss.aspx?playerid=12979&position=SS"">Javier Baez</a>",25.0,645.0,0.3663847768831553
5417,"<a href=""statss.aspx?playerid=5417&position=2B"">Jose Altuve</a>",28.0,599.0,0.3634402544514553
12861,"<a href=""statss.aspx?playerid=12861&position=3B"">Anthony Rendon</a>",28.0,597.0,0.38285503244480573
11368,"<a href=""statss.aspx?playerid=11368&position=C"">Yasmani Grandal</a>",29.0,518.0,0.35171000454827017
16252,"<a href=""statss.aspx?playerid=16252&position=SS"">Trea Turner</a>",25.0,740.0,0.331185566324766
12927,"<a href=""statss.aspx?playerid=12927&position=OF"">Brandon Nimmo</a>",25.0,535.0,0.38527630048665945
4418,"<a href=""statss.aspx?playerid=4418&position=2B/SS"">Jed Lowrie</a>",34.0,680.0,0.34740027245435867
15640,"<a href=""statss.aspx?playerid=15640&position=OF"">Aaron Judge</a>",26.0,498.0,0.39098546348436913
11281,"<a href=""statss.aspx?playerid=11281&position=2B/OF"">Whit Merrifield</a>",29.0,707.0,0.3493569108364762
14274,"<a href=""statss.aspx?playerid=14274&position=OF"">Mitch Haniger</a>",27.0,683.0,0.3666182631772116
12564,"<a href=""statss.aspx?playerid=12564&position=SS"">Trevor Story</a>",25.0,656.0,0.3838505776881441
11739,"<a href=""statss.aspx?playerid=11739&position=C"">J.T. Realmuto</a>",27.0,531.0,0.35313355111444833
12161,"<a href=""statss.aspx?playerid=12161&position=SS"">Xander Bogaerts</a>",25.0,580.0,0.3728855608238114
9218,"<a href=""statss.aspx?playerid=9218&position=1B"">Paul Goldschmidt</a>",30.0,690.0,0.39001565327686544
5361,"<a href=""statss.aspx?playerid=5361&position=1B"">Freddie Freeman</a>",28.0,707.0,0.3778660916596008
12552,"<a href=""statss.aspx?playerid=12552&position=3B"">Eugenio Suarez</a>",26.0,606.0,0.3764052789079924
18401,"<a href=""statss.aspx?playerid=18401&position=OF"">Ronald Acuna Jr.</a>",20.0,487.0,0.38754880256259566
17901,"<a href=""statss.aspx?playerid=17901&position=OF"">Andrew Benintendi</a>",23.0,661.0,0.3573847127721665
10847,"<a href=""statss.aspx?playerid=10847&position=SS"">Andrelton Simmons</a>",28.0,600.0,0.3258936707697921
13301,"<a href=""statss.aspx?playerid=13301&position=1B/3B"">Max Muncy</a>",27.0,481.0,0.40705732684386403
5235,"<a href=""statss.aspx?playerid=5235&position=3B"">Justin Turner</a>",33.0,426.0,0.3958980025410934
8090,"<a href=""statss.aspx?playerid=8090&position=3B"">Matt Carpenter</a>",32.0,677.0,0.3753490044603941
9241,"<a href=""statss.aspx?playerid=9241&position=OF"">Starling Marte</a>",29.0,606.0,0.3368664605305167
5297,"<a href=""statss.aspx?playerid=5297&position=OF"">Aaron Hicks</a>",28.0,581.0,0.3598501572971938
12147,"<a href=""statss.aspx?playerid=12147&position=SS"">Nick Ahmed</a>",28.0,564.0,0.299671270311835
16556,"<a href=""statss.aspx?playerid=16556&position=2B"">Ozzie Albies</a>",21.0,684.0,0.32377752954055766
13853,"<a href=""statss.aspx?playerid=13853&position=2B/3B/SS"">Joey Wendle</a>",28.0,545.0,0.337726273319938
15878,"<a href=""statss.aspx?playerid=15878&position=3B/DH/OF"">Miguel Andujar</a>",23.0,606.0,0.36097110255269815
5933,"<a href=""statss.aspx?playerid=5933&position=2B/SS"">Jean Segura</a>",28.0,632.0,0.3265123904322664
4949,"<a href=""statss.aspx?playerid=4949&position=DH/OF"">Giancarlo Stanton</a>",28.0,705.0,0.3596788454055786
2136,"<a href=""statss.aspx?playerid=2136&position=OF"">David Peralta</a>",30.0,614.0,0.3683428633408468
14162,"<a href=""statss.aspx?playerid=14162&position=SS"">Carlos Correa</a>",23.0,468.0,0.3132792313893636
11982,"<a href=""statss.aspx?playerid=11982&position=3B"">Travis Shaw</a>",28.0,587.0,0.3506382092319686
20123,"<a href=""statss.aspx?playerid=20123&position=OF"">Juan Soto</a>",19.0,494.0,0.39176320560723854
18030,"<a href=""statss.aspx?playerid=18030&position=OF"">Harrison Bader</a>",24.0,427.0,0.32642111168088506
2967,"<a href=""statss.aspx?playerid=2967&position=OF"">Tommy Pham</a>",30.0,570.0,0.3587070117953797
6153,"<a href=""statss.aspx?playerid=6153&position=3B"">Eduardo Escobar</a>",29.0,631.0,0.34609248435325074
10339,"<a href=""statss.aspx?playerid=10339&position=2B"">Scooter Gennett</a>",28.0,638.0,0.36167045861859864
15998,"<a href=""statss.aspx?playerid=15998&position=1B/OF"">Cody Bellinger</a>",22.0,632.0,0.34515976379618024
13757,"<a href=""statss.aspx?playerid=13757&position=OF"">Chris Taylor</a>",27.0,604.0,0.3345276467650142
4106,"<a href=""statss.aspx?playerid=4106&position=OF"">Michael Brantley</a>",31.0,631.0,0.35882986018312757
16376,"<a href=""statss.aspx?playerid=16376&position=OF"">Michael Conforto</a>",25.0,638.0,0.34233680055254984
12155,"<a href=""statss.aspx?playerid=12155&position=OF"">Eddie Rosario</a>",26.0,592.0,0.3400534630432064
3473,"<a href=""statss.aspx?playerid=3473&position=1B"">Anthony Rizzo</a>",28.0,665.0,0.35876658512995796
13367,"<a href=""statss.aspx?playerid=13367&position=OF"">Stephen Piscotty</a>",27.0,605.0,0.3507047562559774
6012,"<a href=""statss.aspx?playerid=6012&position=SS"">Didi Gregorius</a>",28.0,569.0,0.35016535984731356
13608,"<a href=""statss.aspx?playerid=13608&position=OF"">Mallex Smith</a>",25.0,544.0,0.3394440960839696
4922,"<a href=""statss.aspx?playerid=4922&position=OF"">Ender Inciarte</a>",27.0,660.0,0.3084254620639422
11579,"<a href=""statss.aspx?playerid=11579&position=OF"">Bryce Harper</a>",25.0,695.0,0.37565619701489433
4962,"<a href=""statss.aspx?playerid=4962&position=SS"">Asdrubal Cabrera</a>",32.0,592.0,0.33152614904539235
14950,"<a href=""statss.aspx?playerid=14950&position=3B/SS"">Johan Camargo</a>",24.0,524.0,0.346254375576973
12856,"<a href=""statss.aspx?playerid=12856&position=OF"">George Springer</a>",28.0,620.0,0.33972904531212594
13593,"<a href=""statss.aspx?playerid=13593&position=2B/SS"">Jose Peraza</a>",24.0,683.0,0.3190871818232643
10472,"<a href=""statss.aspx?playerid=10472&position=OF"">Enrique Hernandez</a>",26.0,462.0,0.34186692387852446
1433,"<a href=""statss.aspx?playerid=1433&position=C"">Wilson Ramos</a>",30.0,416.0,0.3614723053243425
4314,"<a href=""statss.aspx?playerid=4314&position=1B"">Joey Votto</a>",34.0,623.0,0.36968610052931056
11342,"<a href=""statss.aspx?playerid=11342&position=1B"">Jesus Aguilar</a>",28.0,566.0,0.3738381002978364
10243,"<a href=""statss.aspx?playerid=10243&position=OF"">Randal Grichuk</a>",26.0,462.0,0.34004083198386353
18289,"<a href=""statss.aspx?playerid=18289&position=3B/OF"">Brian Anderson</a>",25.0,670.0,0.3330261275439919
13613,"<a href=""statss.aspx?playerid=13613&position=2B"">Ketel Marte</a>",24.0,580.0,0.33008205704391
12984,"<a href=""statss.aspx?playerid=12984&position=OF"">Jackie Bradley Jr.</a>",28.0,535.0,0.31033250084496977
7435,"<a href=""statss.aspx?playerid=7435&position=2B/OF"">Ben Zobrist</a>",37.0,520.0,0.3546030437393999
10762,"<a href=""statss.aspx?playerid=10762&position=OF"">Corey Dickerson</a>",29.0,533.0,0.34053072868538264
9112,"<a href=""statss.aspx?playerid=9112&position=DH/OF"">Khris Davis</a>",30.0,654.0,0.3652201886353397
12533,"<a href=""statss.aspx?playerid=12533&position=2B/SS"">Marcus Semien</a>",27.0,703.0,0.30747762433120185
10059,"<a href=""statss.aspx?playerid=10059&position=C"">Max Stassi</a>",27.0,250.0,0.31259128999710084
3269,"<a href=""statss.aspx?playerid=3269&position=2B"">Robinson Cano</a>",35.0,348.0,0.36371625641177846
2434,"<a href=""statss.aspx?playerid=2434&position=DH/OF"">Nelson Cruz</a>",37.0,591.0,0.3608406836058906
12180,"<a href=""statss.aspx?playerid=12180&position=C"">Jorge Alfaro</a>",25.0,377.0,0.31350102675250274
14145,"<a href=""statss.aspx?playerid=14145&position=2B/3B/SS"">Daniel Robertson</a>",24.0,340.0,0.35394972492666804
12907,"<a href=""statss.aspx?playerid=12907&position=OF"">Gregory Polanco</a>",26.0,535.0,0.3531674029026357
15429,"<a href=""statss.aspx?playerid=15429&position=3B/OF"">Kris Bryant</a>",26.0,457.0,0.3587435079519606
4579,"<a href=""statss.aspx?playerid=4579&position=2B/SS"">Starlin Castro</a>",28.0,647.0,0.31542269469047923
14344,"<a href=""statss.aspx?playerid=14344&position=1B"">Matt Olson</a>",24.0,660.0,0.33981121457330715
12976,"<a href=""statss.aspx?playerid=12976&position=C"">Austin Hedges</a>",25.0,326.0,0.30143304284512074
13769,"<a href=""statss.aspx?playerid=13769&position=SS"">Adalberto Mondesi</a>",22.0,291.0,0.34077888789276284
7007,"<a href=""statss.aspx?playerid=7007&position=C"">Yadier Molina</a>",35.0,503.0,0.3228677092916212
19755,"<a href=""statss.aspx?playerid=19755&position=DH"">Shohei Ohtani</a>",23.0,367.0,0.38961222161958503
15362,"<a href=""statss.aspx?playerid=15362&position=2B/OF"">Jeff McNeil</a>",26.0,248.0,0.36766006205798174
5222,"<a href=""statss.aspx?playerid=5222&position=OF"">Justin Upton</a>",30.0,613.0,0.34803082418987175
9627,"<a href=""statss.aspx?playerid=9627&position=C"">Yan Gomes</a>",30.0,435.0,0.32552970281649407
5343,"<a href=""statss.aspx?playerid=5343&position=SS"">Brandon Crawford</a>",31.0,594.0,0.3060638122837638
9166,"<a href=""statss.aspx?playerid=9166&position=C"">Buster Posey</a>",31.0,448.0,0.3259625031706992
7859,"<a href=""statss.aspx?playerid=7859&position=OF"">Charlie Blackmon</a>",31.0,696.0,0.3677025670441026
9256,"<a href=""statss.aspx?playerid=9256&position=OF"">A.J. Pollock</a>",30.0,460.0,0.33781501918183376
5930,"<a href=""statss.aspx?playerid=5930&position=OF"">Nick Markakis</a>",34.0,705.0,0.3446227181729653
16997,"<a href=""statss.aspx?playerid=16997&position=2B"">Gleyber Torres</a>",21.0,484.0,0.3491903961946567
13836,"<a href=""statss.aspx?playerid=13836&position=3B"">Matt Duffy</a>",27.0,560.0,0.32316202448687675
9054,"<a href=""statss.aspx?playerid=9054&position=1B"">Justin Smoak</a>",31.0,594.0,0.34898803322701843
15172,"<a href=""statss.aspx?playerid=15172&position=SS"">Tim Anderson</a>",25.0,606.0,0.2943897674052026
12282,"<a href=""statss.aspx?playerid=12282&position=2B"">Rougned Odor</a>",24.0,535.0,0.32451078604394656
2396,"<a href=""statss.aspx?playerid=2396&position=1B"">Carlos Santana</a>",32.0,679.0,0.3333381812958625
11602,"<a href=""statss.aspx?playerid=11602&position=2B/3B"">Yolmer Sanchez</a>",26.0,662.0,0.296638070453297
14225,"<a href=""statss.aspx?playerid=14225&position=OF"">Yasiel Puig</a>",27.0,444.0,0.3485400203396292
3892,"<a href=""statss.aspx?playerid=3892&position=OF"">Josh Reddick</a>",31.0,487.0,0.31147453480103904
12546,"<a href=""statss.aspx?playerid=12546&position=1B"">C.J. Cron</a>",28.0,560.0,0.3469738247787653
14106,"<a href=""statss.aspx?playerid=14106&position=SS"">Addison Russell</a>",24.0,465.0,0.2904134862350695
12144,"<a href=""statss.aspx?playerid=12144&position=OF"">Max Kepler</a>",25.0,611.0,0.3164133138844532
16478,"<a href=""statss.aspx?playerid=16478&position=DH/OF"">Kyle Schwarber</a>",25.0,510.0,0.3427470896873006
10815,"<a href=""statss.aspx?playerid=10815&position=OF"">Jurickson Profar</a>",25.0,594.0,0.341069203303596
10556,"<a href=""statss.aspx?playerid=10556&position=2B"">Cesar Hernandez</a>",28.0,708.0,0.32016765910225947
6609,"<a href=""statss.aspx?playerid=6609&position=SS"">Freddy Galvis</a>",28.0,656.0,0.2940286515682799
14128,"<a href=""statss.aspx?playerid=14128&position=OF"">Joey Gallo</a>",24.0,577.0,0.3430990311487807
14109,"<a href=""statss.aspx?playerid=14109&position=OF"">Albert Almora Jr.</a>",24.0,479.0,0.3046243068049936
13621,"<a href=""statss.aspx?playerid=13621&position=3B"">Jeimer Candelario</a>",24.0,619.0,0.31066642552131973
5491,"<a href=""statss.aspx?playerid=5491&position=C"">Austin Romine</a>",29.0,265.0,0.3067445953687032
5631,"<a href=""statss.aspx?playerid=5631&position=OF"">Matt Kemp</a>",33.0,506.0,0.34800030787785846
13355,"<a href=""statss.aspx?playerid=13355&position=C"">Luke Maile</a>",27.0,231.0,0.3099065244971932
9134,"<a href=""statss.aspx?playerid=9134&position=C"">Tyler Flowers</a>",32.0,296.0,0.31509608412916595
11737,"<a href=""statss.aspx?playerid=11737&position=3B/OF"">Nick Castellanos</a>",26.0,678.0,0.36294678247701184
9927,"<a href=""statss.aspx?playerid=9927&position=OF"">Brett Gardner</a>",34.0,609.0,0.3048315573329768
5275,"<a href=""statss.aspx?playerid=5275&position=C"">Francisco Cervelli</a>",32.0,404.0,0.35497910928845106
13265,"<a href=""statss.aspx?playerid=13265&position=C"">Mike Zunino</a>",27.0,405.0,0.2876047259495582
6887,"<a href=""statss.aspx?playerid=6887&position=C"">Martin Maldonado</a>",31.0,404.0,0.2749123555510791
4892,"<a href=""statss.aspx?playerid=4892&position=3B"">Mike Moustakas</a>",29.0,635.0,0.3287358081530011
9847,"<a href=""statss.aspx?playerid=9847&position=OF"">Andrew McCutchen</a>",31.0,682.0,0.3471719275137051
6547,"<a href=""statss.aspx?playerid=6547&position=SS"">Jordy Mercer</a>",31.0,436.0,0.2962994523731196
11899,"<a href=""statss.aspx?playerid=11899&position=DH/OF"">Joc Pederson</a>",26.0,443.0,0.3539749049923143
11445,"<a href=""statss.aspx?playerid=11445&position=OF"">Mark Canha</a>",29.0,411.0,0.3340119995615062
3174,"<a href=""statss.aspx?playerid=3174&position=OF"">Shin-Soo Choo</a>",35.0,665.0,0.3554958483243637
10324,"<a href=""statss.aspx?playerid=10324&position=DH/OF"">Marcell Ozuna</a>",27.0,628.0,0.3265732498168945
15191,"<a href=""statss.aspx?playerid=15191&position=OF"">Chad Pinder</a>",26.0,333.0,0.33348848295934275
10071,"<a href=""statss.aspx?playerid=10071&position=2B/SS"">Jonathan Villar</a>",27.0,515.0,0.3117900904746371
16472,"<a href=""statss.aspx?playerid=16472&position=1B"">Rhys Hoskins</a>",25.0,660.0,0.36332678958161235
19198,"<a href=""statss.aspx?playerid=19198&position=1B"">Yuli Gurriel</a>",34.0,573.0,0.3231905151620169
15223,"<a href=""statss.aspx?playerid=15223&position=2B"">Adam Frazier</a>",26.0,352.0,0.34253595551652005
12092,"<a href=""statss.aspx?playerid=12092&position=2B/SS"">Niko Goodrum</a>",26.0,492.0,0.32220315326255594
8347,"<a href=""statss.aspx?playerid=8347&position=OF"">Denard Span</a>",34.0,501.0,0.33013813426632604
5497,"<a href=""statss.aspx?playerid=5497&position=SS"">Marwin Gonzalez</a>",29.0,552.0,0.31759325710727887
17128,"<a href=""statss.aspx?playerid=17128&position=OF"">Ramon Laureano</a>",23.0,176.0,0.35749908231876115
9874,"<a href=""statss.aspx?playerid=9874&position=2B"">DJ LeMahieu</a>",29.0,581.0,0.32241566245008213
2829,"<a href=""statss.aspx?playerid=2829&position=C"">Manny Pina</a>",31.0,337.0,0.3011292933343767
12532,"<a href=""statss.aspx?playerid=12532&position=2B"">Kolten Wong</a>",27.0,407.0,0.314488652213734
7996,"<a href=""statss.aspx?playerid=7996&position=1B/OF"">Jose Martinez</a>",29.0,590.0,0.35577414098645554
4940,"<a href=""statss.aspx?playerid=4940&position=OF"">Jason Heyward</a>",28.0,489.0,0.31925478903288695
10199,"<a href=""statss.aspx?playerid=10199&position=OF"">Billy Hamilton</a>",27.0,556.0,0.277261648521767
15464,"<a href=""statss.aspx?playerid=15464&position=OF"">Hunter Renfroe</a>",26.0,441.0,0.3382938426828059
11680,"<a href=""statss.aspx?playerid=11680&position=C"">Elias Diaz</a>",27.0,277.0,0.3397206033485523
15676,"<a href=""statss.aspx?playerid=15676&position=1B"">Jose Abreu</a>",31.0,553.0,0.3369449113969838
10816,"<a href=""statss.aspx?playerid=10816&position=2B/3B"">Jedd Gyorko</a>",29.0,402.0,0.3327531887227623
11738,"<a href=""statss.aspx?playerid=11738&position=3B"">Christian Villanueva</a>",27.0,384.0,0.32261438155546784
9345,"<a href=""statss.aspx?playerid=9345&position=2B/3B/OF"">Brock Holt</a>",30.0,367.0,0.3384353469495904
18314,"<a href=""statss.aspx?playerid=18314&position=SS"">Dansby Swanson</a>",24.0,533.0,0.2925973411183804
6195,"<a href=""statss.aspx?playerid=6195&position=2B"">Ian Kinsler</a>",36.0,534.0,0.29783987831533626
9957,"<a href=""statss.aspx?playerid=9957&position=1B/OF"">Steve Pearce</a>",35.0,251.0,0.381514001652539
11205,"<a href=""statss.aspx?playerid=11205&position=OF"">Adam Eaton</a>",29.0,370.0,0.35769998865283054
14811,"<a href=""statss.aspx?playerid=14811&position=1B/DH"">Luke Voit</a>",27.0,161.0,0.4472594938663222
13145,"<a href=""statss.aspx?playerid=13145&position=1B/DH"">Josh Bell</a>",25.0,583.0,0.33553139775632373
10231,"<a href=""statss.aspx?playerid=10231&position=SS"">Jose Iglesias</a>",28.0,464.0,0.30399289565593196
9549,"<a href=""statss.aspx?playerid=9549&position=3B"">David Freese</a>",35.0,312.0,0.35670655429171594
15564,"<a href=""statss.aspx?playerid=15564&position=1B"">Tyler White</a>",27.0,237.0,0.37690500694991164
11038,"<a href=""statss.aspx?playerid=11038&position=OF"">Kevin Kiermaier</a>",28.0,367.0,0.2817269453660844
12158,"<a href=""statss.aspx?playerid=12158&position=C"">Austin Barnes</a>",28.0,238.0,0.2808713311801141
10264,"<a href=""statss.aspx?playerid=10264&position=1B"">Brandon Belt</a>",30.0,456.0,0.32652981440226236
17992,"<a href=""statss.aspx?playerid=17992&position=2B"">David Fletcher</a>",24.0,307.0,0.2969571893152438
13768,"<a href=""statss.aspx?playerid=13768&position=OF"">Travis Jankowski</a>",27.0,387.0,0.30260986445786114
11846,"<a href=""statss.aspx?playerid=11846&position=OF"">Leonys Martin</a>",30.0,353.0,0.3229416221041571
12434,"<a href=""statss.aspx?playerid=12434&position=OF"">Kevin Pillar</a>",29.0,542.0,0.3017872802885696
7287,"<a href=""statss.aspx?playerid=7287&position=OF"">Carlos Gonzalez</a>",32.0,504.0,0.3380760337114334
4220,"<a href=""statss.aspx?playerid=4220&position=1B/3B"">Ryan Zimmerman</a>",33.0,323.0,0.35120541579234676
15937,"<a href=""statss.aspx?playerid=15937&position=SS"">Aledmys Diaz</a>",27.0,452.0,0.3212294763988919
785,"<a href=""statss.aspx?playerid=785&position=3B"">Todd Frazier</a>",32.0,472.0,0.30155247943416524
7802,"<a href=""statss.aspx?playerid=7802&position=SS"">Miguel Rojas</a>",29.0,528.0,0.2816031625348341
13152,"<a href=""statss.aspx?playerid=13152&position=2B/SS"">Jorge Polanco</a>",24.0,333.0,0.335821471972899
12179,"<a href=""statss.aspx?playerid=12179&position=3B"">Maikel Franco</a>",25.0,465.0,0.3282831028819605
10047,"<a href=""statss.aspx?playerid=10047&position=1B/OF"">Wil Myers</a>",27.0,343.0,0.32759028830026327
11476,"<a href=""statss.aspx?playerid=11476&position=OF"">Odubel Herrera</a>",26.0,597.0,0.3148750302964479
9776,"<a href=""statss.aspx?playerid=9776&position=2B"">Jason Kipnis</a>",31.0,601.0,0.3084225857596167
17642,"<a href=""statss.aspx?playerid=17642&position=SS"">JT Riddle</a>",26.0,332.0,0.2816515872027816
5254,"<a href=""statss.aspx?playerid=5254&position=OF"">Robbie Grossman</a>",28.0,465.0,0.33301455477658926
18015,"<a href=""statss.aspx?playerid=18015&position=SS"">Paul DeJong</a>",24.0,490.0,0.32074703572956687
2151,"<a href=""statss.aspx?playerid=2151&position=1B/3B/DH"">Edwin Encarnacion</a>",35.0,579.0,0.3462311326422625
4616,"<a href=""statss.aspx?playerid=4616&position=C"">Russell Martin</a>",35.0,352.0,0.30501003766601736
3298,"<a href=""statss.aspx?playerid=3298&position=3B/OF"">Charlie Culberson</a>",29.0,322.0,0.33472563641304476
5209,"<a href=""statss.aspx?playerid=5209&position=OF"">Alex Gordon</a>",34.0,568.0,0.3045649842378941
15986,"<a href=""statss.aspx?playerid=15986&position=SS"">Willy Adames</a>",22.0,323.0,0.3275130043582856
11339,"<a href=""statss.aspx?playerid=11339&position=OF"">Jake Marisnick</a>",27.0,235.0,0.2899424192206613
8418,"<a href=""statss.aspx?playerid=8418&position=3B/SS"">Ehire Adrianza</a>",28.0,366.0,0.2939861747953627
13590,"<a href=""statss.aspx?playerid=13590&position=OF"">Jesse Winker</a>",24.0,334.0,0.36563146947727376
3448,"<a href=""statss.aspx?playerid=3448&position=C"">Jeff Mathis</a>",35.0,218.0,0.2433447669501658
12005,"<a href=""statss.aspx?playerid=12005&position=DH/OF"">Nick Martini</a>",28.0,179.0,0.3568959879071525
639,"<a href=""statss.aspx?playerid=639&position=3B"">Adrian Beltre</a>",39.0,481.0,0.32692467208197323
14566,"<a href=""statss.aspx?playerid=14566&position=DH/OF"">Franmil Reyes</a>",22.0,285.0,0.35959619220934413
5038,"<a href=""statss.aspx?playerid=5038&position=3B"">Josh Donaldson</a>",32.0,219.0,0.34476300401072346
5452,"<a href=""statss.aspx?playerid=5452&position=1B"">Ji-Man Choi</a>",27.0,221.0,0.36697913841767743
4403,"<a href=""statss.aspx?playerid=4403&position=C"">Erik Kratz</a>",38.0,219.0,0.2775693956865083
12225,"<a href=""statss.aspx?playerid=12225&position=OF"">Scott Schebler</a>",27.0,430.0,0.33696358979165136
14477,"<a href=""statss.aspx?playerid=14477&position=OF"">Jake Cave</a>",25.0,309.0,0.3324787135984077
15711,"<a href=""statss.aspx?playerid=15711&position=OF"">Tyler O'Neill</a>",23.0,142.0,0.3395221577563756
17232,"<a href=""statss.aspx?playerid=17232&position=3B"">Yoan Moncada</a>",23.0,650.0,0.3112480136489573
9810,"<a href=""statss.aspx?playerid=9810&position=2B"">Brian Dozier</a>",31.0,632.0,0.3038500844959978
15082,"<a href=""statss.aspx?playerid=15082&position=OF"">Adam Engel</a>",26.0,463.0,0.2696487453945896
11442,"<a href=""statss.aspx?playerid=11442&position=C"">Gary Sanchez</a>",25.0,374.0,0.30381213869640533
14712,"<a href=""statss.aspx?playerid=14712&position=OF"">Manuel Margot</a>",23.0,519.0,0.2879644246184872
11489,"<a href=""statss.aspx?playerid=11489&position=OF"">Michael A. Taylor</a>",27.0,385.0,0.2802998202992237
13277,"<a href=""statss.aspx?playerid=13277&position=OF"">Joey Rickard</a>",27.0,230.0,0.30915403884390125
11609,"<a href=""statss.aspx?playerid=11609&position=C"">Willson Contreras</a>",26.0,544.0,0.3208306441704432
3410,"<a href=""statss.aspx?playerid=3410&position=OF"">Ryan Braun</a>",34.0,447.0,0.3301745913837928
11265,"<a href=""statss.aspx?playerid=11265&position=2B"">Jonathan Schoop</a>",26.0,501.0,0.28979401739246874
16442,"<a href=""statss.aspx?playerid=16442&position=1B"">Ryan O'Hearn</a>",24.0,170.0,0.39825239637318777
5913,"<a href=""statss.aspx?playerid=5913&position=OF"">Leury Garcia</a>",27.0,275.0,0.2948623521741466
5760,"<a href=""statss.aspx?playerid=5760&position=OF"">Avisail Garcia</a>",27.0,385.0,0.3041516554884749
8259,"<a href=""statss.aspx?playerid=8259&position=C"">Kurt Suzuki</a>",34.0,388.0,0.334663004912052
9253,"<a href=""statss.aspx?playerid=9253&position=OF"">Keon Broxton</a>",28.0,89.0,0.2992849745107501
4229,"<a href=""statss.aspx?playerid=4229&position=2B"">Howie Kendrick</a>",34.0,160.0,0.3422043443475879
18721,"<a href=""statss.aspx?playerid=18721&position=OF"">Guillermo Heredia</a>",27.0,337.0,0.29465723525394094
17350,"<a href=""statss.aspx?playerid=17350&position=3B"">Rafael Devers</a>",21.0,490.0,0.31003590494640604
4747,"<a href=""statss.aspx?playerid=4747&position=OF"">Curtis Granderson</a>",37.0,403.0,0.341350345094305
17919,"<a href=""statss.aspx?playerid=17919&position=OF"">Ian Happ</a>",23.0,462.0,0.32899255718353304
3086,"<a href=""statss.aspx?playerid=3086&position=1B"">Mitch Moreland</a>",32.0,459.0,0.32536848955655256
13066,"<a href=""statss.aspx?playerid=13066&position=OF"">Teoscar Hernandez</a>",25.0,523.0,0.32807240693564627
18882,"<a href=""statss.aspx?playerid=18882&position=2B"">Brandon Lowe</a>",23.0,148.0,0.3335839477745262
11470,"<a href=""statss.aspx?playerid=11470&position=C"">Tony Wolters</a>",26.0,216.0,0.26100438109068114
3142,"<a href=""statss.aspx?playerid=3142&position=C"">Robinson Chirinos</a>",34.0,426.0,0.3333634951025108
15608,"<a href=""statss.aspx?playerid=15608&position=C/3B"">Willians Astudillo</a>",26.0,97.0,0.3788384721451199
7476,"<a href=""statss.aspx?playerid=7476&position=C"">Alex Avila</a>",31.0,234.0,0.27269070364277936
1857,"<a href=""statss.aspx?playerid=1857&position=C/1B"">Joe Mauer</a>",35.0,543.0,0.31878959655317735
5827,"<a href=""statss.aspx?playerid=5827&position=1B"">Wilmer Flores</a>",26.0,429.0,0.31625525040604247
13744,"<a href=""statss.aspx?playerid=13744&position=OF"">David Dahl</a>",24.0,271.0,0.3574280879470739
10346,"<a href=""statss.aspx?playerid=10346&position=C"">John Ryan Murphy</a>",27.0,223.0,0.26466881145130505
8709,"<a href=""statss.aspx?playerid=8709&position=SS"">Elvis Andrus</a>",29.0,428.0,0.29593170079115394
14894,"<a href=""statss.aspx?playerid=14894&position=2B/OF"">Tony Kemp</a>",26.0,295.0,0.3272015507878928
14593,"<a href=""statss.aspx?playerid=14593&position=2B/3B"">David Bote</a>",25.0,210.0,0.31390667902795893
8267,"<a href=""statss.aspx?playerid=8267&position=C"">Chris Iannetta</a>",35.0,360.0,0.319610954846366
14221,"<a href=""statss.aspx?playerid=14221&position=DH/OF"">Jorge Soler</a>",26.0,257.0,0.35432262921611624
1744,"<a href=""statss.aspx?playerid=1744&position=1B/3B"">Miguel Cabrera</a>",35.0,157.0,0.3600773904837814
7226,"<a href=""statss.aspx?playerid=7226&position=3B/DH"">Matt Davidson</a>",27.0,496.0,0.3214805964981356
12294,"<a href=""statss.aspx?playerid=12294&position=2B/3B"">Cory Spangenberg</a>",27.0,329.0,0.2904903927216163
3137,"<a href=""statss.aspx?playerid=3137&position=P"">Max Scherzer</a>",33.0,78.0,0.2440738367707762
13110,"<a href=""statss.aspx?playerid=13110&position=OF"">Yoenis Cespedes</a>",32.0,157.0,0.34461794860901374
8392,"<a href=""statss.aspx?playerid=8392&position=2B/3B"">Daniel Descalso</a>",31.0,423.0,0.3405817443416232
16357,"<a href=""statss.aspx?playerid=16357&position=OF"">Pablo Reyes</a>",24.0,63.0,0.3585563794014946
1943,"<a href=""statss.aspx?playerid=1943&position=P"">Zack Greinke</a>",34.0,71.0,0.24973919854235294
12160,"<a href=""statss.aspx?playerid=12160&position=OF"">Ben Gamel</a>",26.0,293.0,0.32269969072243937
16535,"<a href=""statss.aspx?playerid=16535&position=C"">Danny Jansen</a>",23.0,95.0,0.34039409160614015
10700,"<a href=""statss.aspx?playerid=10700&position=OF"">Ryan LaMarre</a>",29.0,180.0,0.30634355776839783
15038,"<a href=""statss.aspx?playerid=15038&position=P"">German Marquez</a>",23.0,65.0,0.28304751416047413
10348,"<a href=""statss.aspx?playerid=10348&position=OF"">Domingo Santana</a>",25.0,235.0,0.31913922510595405
9571,"<a href=""statss.aspx?playerid=9571&position=OF"">Craig Gentry</a>",34.0,169.0,0.29543295963889077
19238,"<a href=""statss.aspx?playerid=19238&position=OF"">Lourdes Gurriel Jr.</a>",24.0,263.0,0.32233703433325467
5751,"<a href=""statss.aspx?playerid=5751&position=2B/3B/OF"">Hernan Perez</a>",27.0,334.0,0.29188956405307437
18363,"<a href=""statss.aspx?playerid=18363&position=OF"">Victor Robles</a>",21.0,66.0,0.36979288043397845
9785,"<a href=""statss.aspx?playerid=9785&position=3B"">Kyle Seager</a>",30.0,630.0,0.28781487715491455
9744,"<a href=""statss.aspx?playerid=9744&position=1B"">Justin Bour</a>",30.0,501.0,0.3244022736645708
8610,"<a href=""statss.aspx?playerid=8610&position=1B/DH"">Kendrys Morales</a>",35.0,471.0,0.32934428438096597
2036,"<a href=""statss.aspx?playerid=2036&position=P"">Clayton Kershaw</a>",30.0,57.0,0.2874911978559674
11379,"<a href=""statss.aspx?playerid=11379&position=OF"">Delino DeShields</a>",25.0,393.0,0.2710924861937996
13546,"<a href=""statss.aspx?playerid=13546&position=OF"">Roman Quinn</a>",25.0,143.0,0.31565796741297547
12284,"<a href=""statss.aspx?playerid=12284&position=C"">Kevan Smith</a>",30.0,187.0,0.32156719275336854
14553,"<a href=""statss.aspx?playerid=14553&position=OF"">Nomar Mazara</a>",23.0,536.0,0.3236366452349259
12926,"<a href=""statss.aspx?playerid=12926&position=2B/OF"">Alen Hanson</a>",25.0,310.0,0.2963088496500195
4316,"<a href=""statss.aspx?playerid=4316&position=1B/2B"">Daniel Murphy</a>",33.0,351.0,0.33792916700286646
11850,"<a href=""statss.aspx?playerid=11850&position=1B"">Tyler Austin</a>",26.0,268.0,0.32479341839676473
16909,"<a href=""statss.aspx?playerid=16909&position=1B/3B"">Colin Moran</a>",25.0,465.0,0.3221483668898295
5384,"<a href=""statss.aspx?playerid=5384&position=OF"">Juan Lagares</a>",29.0,64.0,0.3294651848929269
3648,"<a href=""statss.aspx?playerid=3648&position=C"">Rene Rivera</a>",34.0,91.0,0.2982975323121626
16623,"<a href=""statss.aspx?playerid=16623&position=OF"">Greg Allen</a>",25.0,291.0,0.28761231211515575
13288,"<a href=""statss.aspx?playerid=13288&position=1B/OF"">Peter O'Brien</a>",27.0,74.0,0.3662455677986145
15672,"<a href=""statss.aspx?playerid=15672&position=DH/OF"">Austin Meadows</a>",23.0,191.0,0.33178513390677317
17719,"<a href=""statss.aspx?playerid=17719&position=OF"">Steven Duggar</a>",24.0,152.0,0.2974527651900487
13338,"<a href=""statss.aspx?playerid=13338&position=C"">Omar Narvaez</a>",26.0,322.0,0.3476038326664031
5223,"<a href=""statss.aspx?playerid=5223&position=OF"">Cameron Maybin</a>",31.0,384.0,0.29468431734229505
9393,"<a href=""statss.aspx?playerid=9393&position=1B"">Matt Adams</a>",29.0,337.0,0.33380193803124797
9460,"<a href=""statss.aspx?playerid=9460&position=P"">Dan Straily</a>",29.0,43.0,0.27504523694515226
13807,"<a href=""statss.aspx?playerid=13807&position=C"">Kevin Plawecki</a>",27.0,277.0,0.30154403630834425
5273,"<a href=""statss.aspx?playerid=5273&position=C"">Sandy Leon</a>",29.0,288.0,0.22712633797996923
4298,"<a href=""statss.aspx?playerid=4298&position=C"">Matt Wieters</a>",32.0,271.0,0.3078047932310497
16512,"<a href=""statss.aspx?playerid=16512&position=SS"">Isiah Kiner-Falefa</a>",23.0,396.0,0.30091466567455194
4881,"<a href=""statss.aspx?playerid=4881&position=OF"">Carlos Gomez</a>",32.0,408.0,0.28473395872585877
9284,"<a href=""statss.aspx?playerid=9284&position=C/OF"">Chris Herrmann</a>",30.0,87.0,0.32066492924745055
13942,"<a href=""statss.aspx?playerid=13942&position=P"">Brent Suter</a>",28.0,32.0,0.3030641559631594
3711,"<a href=""statss.aspx?playerid=3711&position=1B/OF"">Eric Thames</a>",31.0,278.0,0.3298087446358952
14818,"<a href=""statss.aspx?playerid=14818&position=OF"">JaCoby Jones</a>",26.0,467.0,0.2740253189602635
1887,"<a href=""statss.aspx?playerid=1887&position=OF"">Jose Bautista</a>",37.0,399.0,0.32437220838868647
14843,"<a href=""statss.aspx?playerid=14843&position=P"">Michael Lorenzen</a>",26.0,34.0,0.4323566935279153
10542,"<a href=""statss.aspx?playerid=10542&position=2B/OF"">Derek Dietrich</a>",28.0,551.0,0.32644547866776125
9368,"<a href=""statss.aspx?playerid=9368&position=3B"">Evan Longoria</a>",32.0,512.0,0.294727416661493
7571,"<a href=""statss.aspx?playerid=7571&position=3B/OF"">Lonnie Chisenhall</a>",29.0,95.0,0.36635336696460685
13151,"<a href=""statss.aspx?playerid=13151&position=C"">Jose Briceno</a>",25.0,128.0,0.2998064883111969
15519,"<a href=""statss.aspx?playerid=15519&position=2B/SS"">Franklin Barreto</a>",22.0,75.0,0.31452256282170615
15518,"<a href=""statss.aspx?playerid=15518&position=SS"">Amed Rosario</a>",22.0,592.0,0.29026472874176806
14388,"<a href=""statss.aspx?playerid=14388&position=1B"">Ronald Guzman</a>",23.0,428.0,0.3119519352912903
9774,"<a href=""statss.aspx?playerid=9774&position=C"">Christian Vazquez</a>",27.0,269.0,0.23978272426440922
6876,"<a href=""statss.aspx?playerid=6876&position=1B/DH/OF"">Mark Trumbo</a>",32.0,358.0,0.32852987220833424
16925,"<a href=""statss.aspx?playerid=16925&position=C"">Aramis Garcia</a>",25.0,65.0,0.341285345187554
14735,"<a href=""statss.aspx?playerid=14735&position=OF"">Brett Phillips</a>",24.0,147.0,0.24600668221103902
13624,"<a href=""statss.aspx?playerid=13624&position=SS"">Corey Seager</a>",24.0,115.0,0.3238860133447145
17766,"<a href=""statss.aspx?playerid=17766&position=OF"">D.J. Stewart</a>",24.0,47.0,0.3734234292456444
12325,"<a href=""statss.aspx?playerid=12325&position=2B/3B"">Jace Peterson</a>",28.0,246.0,0.28615603130690903
15674,"<a href=""statss.aspx?playerid=15674&position=C"">Reese McGuire</a>",23.0,33.0,0.3848685965393529
8753,"<a href=""statss.aspx?playerid=8753&position=P"">Tanner Roark</a>",31.0,65.0,0.20864574412504833
10954,"<a href=""statss.aspx?playerid=10954&position=P"">Jacob deGrom</a>",30.0,74.0,0.1802915569762109
15048,"<a href=""statss.aspx?playerid=15048&position=OF"">Johnny Field</a>",26.0,233.0,0.2811491001268913
15161,"<a href=""statss.aspx?playerid=15161&position=C/DH"">Mitch Garver</a>",27.0,335.0,0.32452797781990234
14444,"<a href=""statss.aspx?playerid=14444&position=P"">Hyun-Jin Ryu</a>",31.0,30.0,0.28226851565497263
4810,"<a href=""statss.aspx?playerid=4810&position=C"">Brian McCann</a>",34.0,216.0,0.2859521185358365
11287,"<a href=""statss.aspx?playerid=11287&position=C"">Bryan Holaday</a>",30.0,166.0,0.2282948322091366
16578,"<a href=""statss.aspx?playerid=16578&position=1B/3B/DH"">Yandy Diaz</a>",26.0,120.0,0.3461074528573942
15679,"<a href=""statss.aspx?playerid=15679&position=1B"">Rowdy Tellez</a>",23.0,73.0,0.39237840453239337
7872,"<a href=""statss.aspx?playerid=7872&position=P"">Tyson Ross</a>",31.0,46.0,0.20644356206405995
12858,"<a href=""statss.aspx?playerid=12858&position=OF"">Brian Goodwin</a>",27.0,180.0,0.3113375269500903
11682,"<a href=""statss.aspx?playerid=11682&position=P"">Carlos Martinez</a>",26.0,36.0,0.26244211372207193
14158,"<a href=""statss.aspx?playerid=14158&position=OF"">Mac Williamson</a>",27.0,105.0,0.2976343592007955
8203,"<a href=""statss.aspx?playerid=8203&position=2B"">Dee Strange-Gordon</a>",30.0,588.0,0.2766562542767105
2900,"<a href=""statss.aspx?playerid=2900&position=C"">Roberto Perez</a>",29.0,210.0,0.235946920998578
4146,"<a href=""statss.aspx?playerid=4146&position=OF"">Gorkys Hernandez</a>",30.0,451.0,0.2916824777743646
7619,"<a href=""statss.aspx?playerid=7619&position=1B/3B"">Mark Reynolds</a>",34.0,235.0,0.34215564783821756
9323,"<a href=""statss.aspx?playerid=9323&position=P"">Patrick Corbin</a>",28.0,67.0,0.19525669964533005
14567,"<a href=""statss.aspx?playerid=14567&position=1B/OF"">Franchy Cordero</a>",23.0,154.0,0.322055210475049
14330,"<a href=""statss.aspx?playerid=14330&position=OF"">Nick Williams</a>",24.0,448.0,0.3244838359110024
16424,"<a href=""statss.aspx?playerid=16424&position=OF"">Jordan Luplow</a>",24.0,103.0,0.2765560404768268
10459,"<a href=""statss.aspx?playerid=10459&position=SS"">Adeiny Hechavarria</a>",29.0,321.0,0.26754615021052797
14320,"<a href=""statss.aspx?playerid=14320&position=2B/SS"">Wilmer Difo</a>",26.0,456.0,0.28048826727483955
16434,"<a href=""statss.aspx?playerid=16434&position=2B"">Christian Arroyo</a>",23.0,59.0,0.3226458925311848
7870,"<a href=""statss.aspx?playerid=7870&position=C"">Jonathan Lucroy</a>",32.0,454.0,0.27090034996513773
10950,"<a href=""statss.aspx?playerid=10950&position=OF"">Adam Duvall</a>",29.0,427.0,0.27743876092838793
11189,"<a href=""statss.aspx?playerid=11189&position=P"">Vince Velasquez</a>",26.0,45.0,0.20708801746368408
9803,"<a href=""statss.aspx?playerid=9803&position=P"">Miles Mikolas</a>",29.0,71.0,0.18129053621581107
17161,"<a href=""statss.aspx?playerid=17161&position=C"">Chad Wallach</a>",26.0,52.0,0.2500736456291348
14503,"<a href=""statss.aspx?playerid=14503&position=3B/DH"">Renato Nunez</a>",24.0,261.0,0.3218081856139318
11936,"<a href=""statss.aspx?playerid=11936&position=2B"">Joe Panik</a>",27.0,392.0,0.27966320775833325
13602,"<a href=""statss.aspx?playerid=13602&position=3B"">Patrick Wisdom</a>",26.0,58.0,0.379040724244611
13361,"<a href=""statss.aspx?playerid=13361&position=P"">Steven Matz</a>",27.0,53.0,0.18646085870509244
15654,"<a href=""statss.aspx?playerid=15654&position=OF"">Billy McKinney</a>",23.0,132.0,0.33464331699140143
16221,"<a href=""statss.aspx?playerid=16221&position=OF"">Bradley Zimmer</a>",25.0,114.0,0.2701485596205059
17027,"<a href=""statss.aspx?playerid=17027&position=OF"">Alex Verdugo</a>",22.0,86.0,0.31134839969522815
5409,"<a href=""statss.aspx?playerid=5409&position=3B"">Pablo Sandoval</a>",31.0,252.0,0.31213375806808474
11200,"<a href=""statss.aspx?playerid=11200&position=OF"">Kole Calhoun</a>",30.0,552.0,0.28322367611695726
12981,"<a href=""statss.aspx?playerid=12981&position=C"">Cam Gallagher</a>",25.0,69.0,0.24231166699353388
2636,"<a href=""statss.aspx?playerid=2636&position=OF"">Brandon Guyer</a>",32.0,221.0,0.2979562133550644
14140,"<a href=""statss.aspx?playerid=14140&position=SS"">Jose Rondon</a>",24.0,107.0,0.3193473392557875
6368,"<a href=""statss.aspx?playerid=6368&position=OF"">Adam Jones</a>",32.0,613.0,0.3153007766779731
10310,"<a href=""statss.aspx?playerid=10310&position=P"">Zack Wheeler</a>",28.0,60.0,0.18263730354476393
15982,"<a href=""statss.aspx?playerid=15982&position=1B/3B"">Ryder Jones</a>",24.0,8.0,0.6176484599709511
2539,"<a href=""statss.aspx?playerid=2539&position=SS"">Pete Kozma</a>",30.0,73.0,0.24851400405168533
6797,"<a href=""statss.aspx?playerid=6797&position=P"">Julio Teheran</a>",27.0,54.0,0.19041767716407776
16162,"<a href=""statss.aspx?playerid=16162&position=P"">Brandon Woodruff</a>",25.0,10.0,0.3999876446194119
16411,"<a href=""statss.aspx?playerid=16411&position=2B/SS"">Richard Urena</a>",22.0,108.0,0.3108997418070739
17620,"<a href=""statss.aspx?playerid=17620&position=OF"">Myles Straw</a>",23.0,10.0,0.4479419529438019
5238,"<a href=""statss.aspx?playerid=5238&position=OF"">Isaac Galloway</a>",28.0,74.0,0.3040656373925405
15491,"<a href=""statss.aspx?playerid=15491&position=SS"">J.P. Crawford</a>",23.0,138.0,0.3134039048795347
2717,"<a href=""statss.aspx?playerid=2717&position=P"">Rick Porcello</a>",29.0,7.0,0.48201149702072144
13329,"<a href=""statss.aspx?playerid=13329&position=3B"">Jake Lamb</a>",27.0,238.0,0.289731502532959
8722,"<a href=""statss.aspx?playerid=8722&position=C"">Jason Castro</a>",31.0,74.0,0.23103037879273697
5517,"<a href=""statss.aspx?playerid=5517&position=C"">Kyle Higashioka</a>",28.0,79.0,0.24811522492879554
12371,"<a href=""statss.aspx?playerid=12371&position=2B/3B"">Tommy La Stella</a>",29.0,192.0,0.30024041211541325
10767,"<a href=""statss.aspx?playerid=10767&position=OF"">Lane Adams</a>",28.0,29.0,0.3691600828335203
14738,"<a href=""statss.aspx?playerid=14738&position=OF"">Phillip Ervin</a>",25.0,247.0,0.31508685563637956
11859,"<a href=""statss.aspx?playerid=11859&position=OF"">Mason Williams</a>",26.0,132.0,0.3150411927422812
16622,"<a href=""statss.aspx?playerid=16622&position=2B/3B"">Luis Urias</a>",21.0,53.0,0.2689511438585677
11467,"<a href=""statss.aspx?playerid=11467&position=P"">A.J. Cole</a>",26.0,4.0,0.6769428253173828
2608,"<a href=""statss.aspx?playerid=2608&position=P"">Jhoulys Chacin</a>",30.0,68.0,0.17545948291228988
19262,"<a href=""statss.aspx?playerid=19262&position=2B/OF"">Garrett Hampson</a>",23.0,48.0,0.3546597162882487
14196,"<a href=""statss.aspx?playerid=14196&position=SS"">Andrew Velazquez</a>",23.0,12.0,0.36800340314706165
8879,"<a href=""statss.aspx?playerid=8879&position=C"">Ryan Lavarnway</a>",30.0,6.0,0.6476445098718008
7324,"<a href=""statss.aspx?playerid=7324&position=C"">Chris Gimenez</a>",35.0,66.0,0.27397061929558264
12977,"<a href=""statss.aspx?playerid=12977&position=C"">Michael Perez</a>",25.0,80.0,0.29783231095422674
18694,"<a href=""statss.aspx?playerid=18694&position=P"">Kolby Allard</a>",20.0,3.0,0.8795307278633118
15279,"<a href=""statss.aspx?playerid=15279&position=1B/DH"">Garrett Cooper</a>",27.0,38.0,0.26323033006567703
10354,"<a href=""statss.aspx?playerid=10354&position=P"">Robbie Erlin</a>",27.0,27.0,0.2119659682114919
3353,"<a href=""statss.aspx?playerid=3353&position=OF"">Matt Joyce</a>",33.0,246.0,0.29902573868080423
7304,"<a href=""statss.aspx?playerid=7304&position=C"">Salvador Perez</a>",28.0,544.0,0.30413776471772613
6564,"<a href=""statss.aspx?playerid=6564&position=C"">Bobby Wilson</a>",35.0,151.0,0.2324002773169703
4249,"<a href=""statss.aspx?playerid=4249&position=OF"">Shane Robinson</a>",33.0,54.0,0.19686557324427478
9953,"<a href=""statss.aspx?playerid=9953&position=2B/3B"">Ryan Schimpf</a>",30.0,7.0,0.48712681021009174
4153,"<a href=""statss.aspx?playerid=4153&position=P"">Jake Arrieta</a>",32.0,50.0,0.17702231059471765
14813,"<a href=""statss.aspx?playerid=14813&position=2B/SS"">Kyle Farmer</a>",27.0,77.0,0.2784319104332673
15124,"<a href=""statss.aspx?playerid=15124&position=OF"">Tim Locastro</a>",25.0,14.0,0.30185997911861967
15149,"<a href=""statss.aspx?playerid=15149&position=1B/DH/OF"">Trey Mancini</a>",26.0,636.0,0.30779509093817764
8073,"<a href=""statss.aspx?playerid=8073&position=P"">Dan Jennings</a>",31.0,3.0,0.7089352011680603
17479,"<a href=""statss.aspx?playerid=17479&position=P"">Jack Flaherty</a>",22.0,52.0,0.15699529772003493
16561,"<a href=""statss.aspx?playerid=16561&position=P"">Austin Gomber</a>",24.0,21.0,0.20451931890688443
8202,"<a href=""statss.aspx?playerid=8202&position=2B/3B"">Josh Harrison</a>",30.0,374.0,0.284777062119178
3551,"<a href=""statss.aspx?playerid=3551&position=P"">Clayton Richard</a>",34.0,51.0,0.15858664247724746
19427,"<a href=""statss.aspx?playerid=19427&position=P"">Shane Bieber</a>",23.0,5.0,0.3873608946800232
13473,"<a href=""statss.aspx?playerid=13473&position=OF"">Dwight Smith Jr.</a>",25.0,75.0,0.3528483740488688
9895,"<a href=""statss.aspx?playerid=9895&position=P"">Chris Rusin</a>",31.0,5.0,0.4397653639316559
629,"<a href=""statss.aspx?playerid=629&position=OF"">Brandon Barnes</a>",32.0,21.0,0.32990526585351854
6632,"<a href=""statss.aspx?playerid=6632&position=P"">Carlos Carrasco</a>",31.0,4.0,0.21988268196582794
5524,"<a href=""statss.aspx?playerid=5524&position=P"">Madison Bumgarner</a>",28.0,46.0,0.16482028235559879
6652,"<a href=""statss.aspx?playerid=6652&position=3B/SS"">Chase d'Arnaud</a>",31.0,100.0,0.2662779983848032
3812,"<a href=""statss.aspx?playerid=3812&position=2B/SS"">Gregorio Petit</a>",33.0,67.0,0.269636220896422
10123,"<a href=""statss.aspx?playerid=10123&position=P"">Kyle Gibson</a>",30.0,2.0,0.8795307278633118
3312,"<a href=""statss.aspx?playerid=3312&position=3B"">Martin Prado</a>",34.0,209.0,0.2630788062177777
19374,"<a href=""statss.aspx?playerid=19374&position=P"">Walker Buehler</a>",23.0,47.0,0.16746165090137058
17085,"<a href=""statss.aspx?playerid=17085&position=P"">Pablo Lopez</a>",22.0,18.0,0.19577186949112835
14130,"<a href=""statss.aspx?playerid=14130&position=1B/DH"">Daniel Vogelbach</a>",25.0,102.0,0.3095732056627087
12119,"<a href=""statss.aspx?playerid=12119&position=1B/DH"">Matt Skole</a>",28.0,13.0,0.39761147132286656
17714,"<a href=""statss.aspx?playerid=17714&position=OF"">Christin Stewart</a>",24.0,72.0,0.34801411132017773
16565,"<a href=""statss.aspx?playerid=16565&position=OF"">Mark Zagunis</a>",25.0,6.0,0.4693892002105713
7410,"<a href=""statss.aspx?playerid=7410&position=P"">J.A. Happ</a>",35.0,7.0,0.3497987219265529
5485,"<a href=""statss.aspx?playerid=5485&position=2B/OF"">Jose Pirela</a>",28.0,473.0,0.2831308563887063
1873,"<a href=""statss.aspx?playerid=1873&position=OF"">Matt Holliday</a>",38.0,65.0,0.3770061520429758
9682,"<a href=""statss.aspx?playerid=9682&position=2B/3B/SS"">Adam Rosales</a>",35.0,21.0,0.2863347202539444
14508,"<a href=""statss.aspx?playerid=14508&position=P"">Randy Rosario</a>",24.0,2.0,0.7845301628112793
13910,"<a href=""statss.aspx?playerid=13910&position=OF"">Patrick Kivlehan</a>",28.0,14.0,0.33972819788115366
13300,"<a href=""statss.aspx?playerid=13300&position=C"">Spencer Kieboom</a>",27.0,143.0,0.28951297773347867
12164,"<a href=""statss.aspx?playerid=12164&position=1B/3B"">Miguel Sano</a>",25.0,299.0,0.2946683441516149
16271,"<a href=""statss.aspx?playerid=16271&position=2B/3B"">Alex Blandino</a>",25.0,147.0,0.27891146515806514
13543,"<a href=""statss.aspx?playerid=13543&position=P"">Blake Snell</a>",25.0,3.0,0.46990150213241577
10322,"<a href=""statss.aspx?playerid=10322&position=OF"">Danny Santana</a>",27.0,32.0,0.2590515557676554
17878,"<a href=""statss.aspx?playerid=17878&position=P"">Dennis Santana</a>",22.0,2.0,0.6236374378204346
14527,"<a href=""statss.aspx?playerid=14527&position=P"">Jorge Lopez</a>",25.0,2.0,0.6236374378204346
11437,"<a href=""statss.aspx?playerid=11437&position=P"">Jesse Biddle</a>",26.0,2.0,0.6236374378204346
4972,"<a href=""statss.aspx?playerid=4972&position=P"">Cole Hamels</a>",34.0,27.0,0.17228536651684687
13658,"<a href=""statss.aspx?playerid=13658&position=DH/OF"">Terrance Gore</a>",27.0,5.0,0.17590614557266235
15271,"<a href=""statss.aspx?playerid=15271&position=C"">Austin Wynns</a>",27.0,118.0,0.2905668491902559
12547,"<a href=""statss.aspx?playerid=12547&position=C/1B"">John Hicks</a>",28.0,312.0,0.3106359456129779
2530,"<a href=""statss.aspx?playerid=2530&position=1B"">Yonder Alonso</a>",31.0,574.0,0.3190982209658331
4001,"<a href=""statss.aspx?playerid=4001&position=P"">Enny Romero</a>",27.0,1.0,1.2472748756408691
10021,"<a href=""statss.aspx?playerid=10021&position=P"">Mike Minor</a>",30.0,3.0,0.41575829188028973
17466,"<a href=""statss.aspx?playerid=17466&position=P"">Heath Fillmyer</a>",24.0,5.0,0.3118187189102173
9433,"<a href=""statss.aspx?playerid=9433&position=C"">Dustin Garneau</a>",30.0,3.0,0.5230201085408529
10732,"<a href=""statss.aspx?playerid=10732&position=P"">Drew Hutchison</a>",27.0,5.0,0.3138120651245117
11270,"<a href=""statss.aspx?playerid=11270&position=OF"">Aaron Altherr</a>",27.0,285.0,0.28195578466381943
17277,"<a href=""statss.aspx?playerid=17277&position=P"">Ranger Suarez</a>",22.0,6.0,0.26304076115290326
10807,"<a href=""statss.aspx?playerid=10807&position=3B/SS"">Tyler Saladino</a>",28.0,139.0,0.3023274392977248
14678,"<a href=""statss.aspx?playerid=14678&position=2B/SS"">Tzu-Wei Lin</a>",24.0,73.0,0.32390691646157876
11003,"<a href=""statss.aspx?playerid=11003&position=C/DH"">Evan Gattis</a>",31.0,451.0,0.3106611657779838
16918,"<a href=""statss.aspx?playerid=16918&position=P"">Luke Weaver</a>",24.0,46.0,0.15299266576766968
5398,"<a href=""statss.aspx?playerid=5398&position=C"">Juan Graterol</a>",29.0,9.0,0.2720656726095412
9362,"<a href=""statss.aspx?playerid=9362&position=C"">Adam Moore</a>",34.0,20.0,0.30140496868836253
15291,"<a href=""statss.aspx?playerid=15291&position=P"">Steven Brault</a>",26.0,21.0,0.1759936156727019
4338,"<a href=""statss.aspx?playerid=4338&position=P"">Tyler Chatwood</a>",28.0,32.0,0.16183278881586516
12510,"<a href=""statss.aspx?playerid=12510&position=C"">Curt Casali</a>",29.0,156.0,0.3465491409425612
5306,"<a href=""statss.aspx?playerid=5306&position=OF"">Kristopher Negron</a>",32.0,33.0,0.24234977093609897
13133,"<a href=""statss.aspx?playerid=13133&position=P"">Derek Law</a>",27.0,1.0,0.8795307278633118
17018,"<a href=""statss.aspx?playerid=17018&position=P"">Jefry Rodriguez</a>",24.0,18.0,0.1878960207104683
12778,"<a href=""statss.aspx?playerid=12778&position=P"">Sam Gaviglio</a>",28.0,3.0,0.41575829188028973
5221,"<a href=""statss.aspx?playerid=5221&position=P"">Wade LeBlanc</a>",33.0,4.0,0.29317690928777057
8044,"<a href=""statss.aspx?playerid=8044&position=P"">Jason Vargas</a>",35.0,31.0,0.15027330390044621
16631,"<a href=""statss.aspx?playerid=16631&position=P"">Jeff Brigham</a>",26.0,4.0,0.29317690928777057
7739,"<a href=""statss.aspx?playerid=7739&position=C"">Travis d'Arnaud</a>",29.0,16.0,0.2799637205898762
8385,"<a href=""statss.aspx?playerid=8385&position=SS"">Pedro Florimon</a>",31.0,76.0,0.2990514981119256
17929,"<a href=""statss.aspx?playerid=17929&position=OF"">Cedric Mullins</a>",23.0,191.0,0.2976638646352859
12673,"<a href=""statss.aspx?playerid=12673&position=P"">Roenis Elias</a>",29.0,2.0,0.4397653639316559
14691,"<a href=""statss.aspx?playerid=14691&position=2B"">Harold Castro</a>",24.0,10.0,0.2638592183589935
10925,"<a href=""statss.aspx?playerid=10925&position=P"">Christian Bergman</a>",30.0,2.0,0.4397653639316559
7841,"<a href=""statss.aspx?playerid=7841&position=P"">Jerry Blevins</a>",34.0,2.0,0.4397653639316559
12970,"<a href=""statss.aspx?playerid=12970&position=P"">Joe Musgrove</a>",25.0,35.0,0.1537225092611005
12384,"<a href=""statss.aspx?playerid=12384&position=C"">Beau Taylor</a>",28.0,6.0,0.322800745566686
18790,"<a href=""statss.aspx?playerid=18790&position=P"">Dillon Peters</a>",25.0,9.0,0.19613254070281982
1679,"<a href=""statss.aspx?playerid=1679&position=2B"">Chase Utley</a>",39.0,187.0,0.27164782189034126
14682,"<a href=""statss.aspx?playerid=14682&position=P"">Luis Perdomo</a>",25.0,9.0,0.1954512728585137
16110,"<a href=""statss.aspx?playerid=16110&position=P"">Daniel Ponce de Leon</a>",26.0,10.0,0.17536050743526882
9015,"<a href=""statss.aspx?playerid=9015&position=2B"">Gordon Beckham</a>",31.0,50.0,0.2117105908691883
6986,"<a href=""statss.aspx?playerid=6986&position=P"">Ian Kennedy</a>",33.0,2.0,0.4397653639316559
15734,"<a href=""statss.aspx?playerid=15734&position=P"">Brad Keller</a>",22.0,3.0,0.29317690928777057
16980,"<a href=""statss.aspx?playerid=16980&position=P"">Daniel Mengden</a>",25.0,3.0,0.29317690928777057
17470,"<a href=""statss.aspx?playerid=17470&position=P"">Chad Sobotka</a>",24.0,1.0,0.8795307278633118
11596,"<a href=""statss.aspx?playerid=11596&position=P"">Deck McGuire</a>",29.0,3.0,0.29317690928777057
15194,"<a href=""statss.aspx?playerid=15194&position=1B/OF"">Jake Bauers</a>",22.0,388.0,0.3075562033010888
13431,"<a href=""statss.aspx?playerid=13431&position=P"">Marcus Stroman</a>",27.0,3.0,0.29317690928777057
11752,"<a href=""statss.aspx?playerid=11752&position=P"">Luke Jackson</a>",26.0,3.0,0.3447647988796234
4022,"<a href=""statss.aspx?playerid=4022&position=OF"">Melky Cabrera</a>",33.0,278.0,0.3261787936413031
16448,"<a href=""statss.aspx?playerid=16448&position=C"">Jacob Nottingham</a>",23.0,24.0,0.2768327270944913
17149,"<a href=""statss.aspx?playerid=17149&position=P"">Domingo German</a>",25.0,2.0,0.3447647988796234
15451,"<a href=""statss.aspx?playerid=15451&position=P"">Mike Mayers</a>",26.0,2.0,0.3447647988796234
8001,"<a href=""statss.aspx?playerid=8001&position=SS"">Hanley Ramirez</a>",34.0,195.0,0.30848534596272004
9674,"<a href=""statss.aspx?playerid=9674&position=P"">Vidal Nuno</a>",30.0,2.0,0.8795307278633118
19249,"<a href=""statss.aspx?playerid=19249&position=P"">Seranthony Dominguez</a>",23.0,2.0,0.3447647988796234
2047,"<a href=""statss.aspx?playerid=2047&position=P"">Jorge De La Rosa</a>",37.0,2.0,0.3447647988796234
7462,"<a href=""statss.aspx?playerid=7462&position=3B"">Trevor Plouffe</a>",32.0,12.0,0.315824160973231
8223,"<a href=""statss.aspx?playerid=8223&position=P"">Brett Anderson</a>",30.0,4.0,0.21988268196582794
17313,"<a href=""statss.aspx?playerid=17313&position=P"">Merandy Gonzalez</a>",22.0,4.0,0.21988268196582794
14212,"<a href=""statss.aspx?playerid=14212&position=P"">Josh Hader</a>",24.0,2.0,0.4397653639316559
14899,"<a href=""statss.aspx?playerid=14899&position=P"">Taylor Williams</a>",26.0,4.0,0.21988268196582794
19254,"<a href=""statss.aspx?playerid=19254&position=1B"">Jose Fernandez</a>",30.0,123.0,0.30379962388092907
7158,"<a href=""statss.aspx?playerid=7158&position=OF"">Eric Young Jr.</a>",33.0,117.0,0.24125410705550104
9132,"<a href=""statss.aspx?playerid=9132&position=P"">Nathan Eovaldi</a>",28.0,10.0,0.15690603256225585
16130,"<a href=""statss.aspx?playerid=16130&position=P"">David Hess</a>",24.0,3.0,0.22984319925308228
13453,"<a href=""statss.aspx?playerid=13453&position=P"">Eddie Butler</a>",27.0,3.0,0.22984319925308228
13594,"<a href=""statss.aspx?playerid=13594&position=P"">Robert Stephenson</a>",25.0,3.0,0.22984319925308228
14420,"<a href=""statss.aspx?playerid=14420&position=P"">Jackson Stephens</a>",24.0,3.0,0.22984319925308228
8700,"<a href=""statss.aspx?playerid=8700&position=P"">Justin Verlander</a>",35.0,5.0,0.17590614557266235
13050,"<a href=""statss.aspx?playerid=13050&position=P"">Anthony DeSclafani</a>",28.0,46.0,0.15305909798258827
15873,"<a href=""statss.aspx?playerid=15873&position=P"">Sean Manaea</a>",26.0,5.0,0.17590614557266235
13696,"<a href=""statss.aspx?playerid=13696&position=P"">Robert Gsellman</a>",24.0,4.0,0.18004372715950012
16017,"<a href=""statss.aspx?playerid=16017&position=P"">Odrisamer Despaigne</a>",31.0,5.0,0.17590614557266235
19349,"<a href=""statss.aspx?playerid=19349&position=P"">Caleb Ferguson</a>",21.0,5.0,0.17590614557266235
10200,"<a href=""statss.aspx?playerid=10200&position=C"">Tucker Barnhart</a>",27.0,522.0,0.30733875817902084
13834,"<a href=""statss.aspx?playerid=13834&position=P"">Alec Mills</a>",26.0,5.0,0.17590614557266235
10619,"<a href=""statss.aspx?playerid=10619&position=C"">David Freitas</a>",29.0,106.0,0.26202588093162765
11338,"<a href=""statss.aspx?playerid=11338&position=2B/3B"">Adrian Sanchez</a>",27.0,59.0,0.27451226064714335
11449,"<a href=""statss.aspx?playerid=11449&position=P"">Matt Grace</a>",29.0,3.0,0.29317690928777057
14107,"<a href=""statss.aspx?playerid=14107&position=P"">Kevin Gausman</a>",27.0,25.0,0.14550596475601196
18213,"<a href=""statss.aspx?playerid=18213&position=P"">P.J. Conlon</a>",24.0,3.0,0.29317690928777057
13324,"<a href=""statss.aspx?playerid=13324&position=2B/3B"">Ildemaro Vargas</a>",26.0,20.0,0.2679475128650665
4676,"<a href=""statss.aspx?playerid=4676&position=P"">Charlie Morton</a>",34.0,6.0,0.14658845464388529
7059,"<a href=""statss.aspx?playerid=7059&position=P"">James Shields</a>",36.0,7.0,0.14658845464388529
14272,"<a href=""statss.aspx?playerid=14272&position=P"">Brian Johnson</a>",27.0,4.0,0.21988268196582794
11694,"<a href=""statss.aspx?playerid=11694&position=P"">Nick Kingham</a>",26.0,25.0,0.14146040439605712
6562,"<a href=""statss.aspx?playerid=6562&position=P"">Alex Cobb</a>",30.0,7.0,0.14658845464388529
17182,"<a href=""statss.aspx?playerid=17182&position=3B/SS"">Jung Ho Kang</a>",31.0,6.0,0.29317690928777057
14350,"<a href=""statss.aspx?playerid=14350&position=OF"">Raimel Tapia</a>",24.0,27.0,0.309711582130856
12782,"<a href=""statss.aspx?playerid=12782&position=C"">Taylor Davis</a>",28.0,6.0,0.29317690928777057
8779,"<a href=""statss.aspx?playerid=8779&position=P"">Wade Miley</a>",31.0,28.0,0.1816851156098502
4064,"<a href=""statss.aspx?playerid=4064&position=P"">Brian Duensing</a>",35.0,2.0,0.3447647988796234
13804,"<a href=""statss.aspx?playerid=13804&position=P"">Walker Lockett</a>",24.0,5.0,0.13790591955184936
7593,"<a href=""statss.aspx?playerid=7593&position=P"">Jordan Lyles</a>",27.0,20.0,0.11492159962654114
36,"<a href=""statss.aspx?playerid=36&position=P"">Xavier Cedeno</a>",31.0,0.0,0.0
404,"<a href=""statss.aspx?playerid=404&position=P"">CC Sabathia</a>",37.0,0.0,0.0
494,"<a href=""statss.aspx?playerid=494&position=P"">Fernando Rodney</a>",41.0,0.0,0.0
711,"<a href=""statss.aspx?playerid=711&position=P"">Rhiner Cruz</a>",31.0,0.0,0.0
1246,"<a href=""statss.aspx?playerid=1246&position=P"">Matt Bush</a>",32.0,0.0,0.0
1247,"<a href=""statss.aspx?playerid=1247&position=P"">Adam Ottavino</a>",32.0,0.0,0.0
1345,"<a href=""statss.aspx?playerid=1345&position=P"">Blake Wood</a>",32.0,0.0,0.0
1483,"<a href=""statss.aspx?playerid=1483&position=P"">Jon Edwards</a>",30.0,0.0,0.0
1514,"<a href=""statss.aspx?playerid=1514&position=P"">Oliver Perez</a>",36.0,0.0,0.0
1581,"<a href=""statss.aspx?playerid=1581&position=P"">Sean Doolittle</a>",31.0,0.0,0.0
1837,"<a href=""statss.aspx?playerid=1837&position=P"">Matt Belisle</a>",38.0,0.0,0.0
1852,"<a href=""statss.aspx?playerid=1852&position=P"">Ryan Madson</a>",37.0,0.0,0.0
1890,"<a href=""statss.aspx?playerid=1890&position=P"">Matt Moore</a>",29.0,0.0,0.0
2237,"<a href=""statss.aspx?playerid=2237&position=P"">Blaine Boyer</a>",36.0,0.0,0.0
2391,"<a href=""statss.aspx?playerid=2391&position=P"">Hector Rondon</a>",30.0,0.0,0.0
2660,"<a href=""statss.aspx?playerid=2660&position=P"">Brett Cecil</a>",31.0,0.0,0.0
2859,"<a href=""statss.aspx?playerid=2859&position=P"">Ross Detwiler</a>",32.0,0.0,0.0
2873,"<a href=""statss.aspx?playerid=2873&position=P"">Santiago Casilla</a>",37.0,0.0,0.0
2895,"<a href=""statss.aspx?playerid=2895&position=P"">Zach McAllister</a>",30.0,0.0,0.0
2951,"<a href=""statss.aspx?playerid=2951&position=P"">Josh Ravin</a>",30.0,0.0,0.0
3096,"<a href=""statss.aspx?playerid=3096&position=P"">Kenley Jansen</a>",30.0,0.0,0.0
3132,"<a href=""statss.aspx?playerid=3132&position=P"">Tony Watson</a>",33.0,0.0,0.0
3164,"<a href=""statss.aspx?playerid=3164&position=P"">Tim Collins</a>",28.0,0.0,0.0
3184,"<a href=""statss.aspx?playerid=3184&position=P"">David Price</a>",32.0,0.0,0.0
3192,"<a href=""statss.aspx?playerid=3192&position=P"">Will Harris</a>",33.0,0.0,0.0
3200,"<a href=""statss.aspx?playerid=3200&position=P"">Ervin Santana</a>",35.0,0.0,0.0
3240,"<a href=""statss.aspx?playerid=3240&position=P"">Zack Britton</a>",30.0,0.0,0.0
3281,"<a href=""statss.aspx?playerid=3281&position=P"">Joe Smith</a>",34.0,0.0,0.0
3299,"<a href=""statss.aspx?playerid=3299&position=P"">Chris Hatcher</a>",33.0,0.0,0.0
3321,"<a href=""statss.aspx?playerid=3321&position=P"">Darren O'Day</a>",35.0,0.0,0.0
3548,"<a href=""statss.aspx?playerid=3548&position=P"">Liam Hendriks</a>",29.0,0.0,0.0
3555,"<a href=""statss.aspx?playerid=3555&position=P"">Tony Barnette</a>",34.0,0.0,0.0
3656,"<a href=""statss.aspx?playerid=3656&position=P"">Jim Johnson</a>",35.0,0.0,0.0
3993,"<a href=""statss.aspx?playerid=3993&position=P"">Allen Webster</a>",28.0,0.0,0.0
4020,"<a href=""statss.aspx?playerid=4020&position=P"">Yusmeiro Petit</a>",33.0,0.0,0.0
4079,"<a href=""statss.aspx?playerid=4079&position=P"">Junichi Tazawa</a>",32.0,0.0,0.0
4090,"<a href=""statss.aspx?playerid=4090&position=P"">Luke Gregerson</a>",34.0,0.0,0.0
4168,"<a href=""statss.aspx?playerid=4168&position=P"">Edward Paredes</a>",31.0,0.0,0.0
4264,"<a href=""statss.aspx?playerid=4264&position=P"">Mark Melancon</a>",33.0,0.0,0.0
4300,"<a href=""statss.aspx?playerid=4300&position=P"">Matt Albers</a>",35.0,0.0,0.0
4682,"<a href=""statss.aspx?playerid=4682&position=P"">Pat Neshek</a>",37.0,0.0,0.0
4696,"<a href=""statss.aspx?playerid=4696&position=P"">Nate Jones</a>",32.0,0.0,0.0
4776,"<a href=""statss.aspx?playerid=4776&position=P"">Matt Shoemaker</a>",31.0,0.0,0.0
4878,"<a href=""statss.aspx?playerid=4878&position=P"">Brandon Maurer</a>",27.0,0.0,0.0
4891,"<a href=""statss.aspx?playerid=4891&position=P"">Peter Moylan</a>",39.0,0.0,0.0
5003,"<a href=""statss.aspx?playerid=5003&position=P"">Jake Diekman</a>",31.0,0.0,0.0
5070,"<a href=""statss.aspx?playerid=5070&position=P"">Josh Fields</a>",32.0,0.0,0.0
5114,"<a href=""statss.aspx?playerid=5114&position=P"">Jeurys Familia</a>",28.0,0.0,0.0
5172,"<a href=""statss.aspx?playerid=5172&position=P"">Brandon Mann</a>",34.0,0.0,0.0
5224,"<a href=""statss.aspx?playerid=5224&position=P"">Blake Parker</a>",33.0,0.0,0.0
5279,"<a href=""statss.aspx?playerid=5279&position=P"">Chris Tillman</a>",30.0,0.0,0.0
5358,"<a href=""statss.aspx?playerid=5358&position=P"">Jose Alvarez</a>",29.0,0.0,0.0
5498,"<a href=""statss.aspx?playerid=5498&position=P"">Arodys Vizcaino</a>",27.0,0.0,0.0
5525,"<a href=""statss.aspx?playerid=5525&position=P"">Boone Logan</a>",33.0,0.0,0.0
5615,"<a href=""statss.aspx?playerid=5615&position=P"">Ryan Brasier</a>",30.0,0.0,0.0
5766,"<a href=""statss.aspx?playerid=5766&position=P"">Bruce Rondon</a>",27.0,0.0,0.0
5830,"<a href=""statss.aspx?playerid=5830&position=P"">Jhan Marinez</a>",29.0,0.0,0.0
5985,"<a href=""statss.aspx?playerid=5985&position=P"">Randall Delgado</a>",28.0,0.0,0.0
6033,"<a href=""statss.aspx?playerid=6033&position=P"">Kelvin Herrera</a>",28.0,0.0,0.0
6249,"<a href=""statss.aspx?playerid=6249&position=P"">Trevor Cahill</a>",30.0,0.0,0.0
6398,"<a href=""statss.aspx?playerid=6398&position=P"">Trevor May</a>",28.0,0.0,0.0
6475,"<a href=""statss.aspx?playerid=6475&position=P"">Kevin Jepsen</a>",33.0,0.0,0.0
6499,"<a href=""statss.aspx?playerid=6499&position=P"">Blaine Hardy</a>",31.0,0.0,0.0
6576,"<a href=""statss.aspx?playerid=6576&position=P"">Robert Stock</a>",28.0,0.0,0.0
6612,"<a href=""statss.aspx?playerid=6612&position=P"">Marc Rzepczynski</a>",32.0,0.0,0.0
6627,"<a href=""statss.aspx?playerid=6627&position=P"">Brad Brach</a>",32.0,0.0,0.0
6655,"<a href=""statss.aspx?playerid=6655&position=P"">Craig Kimbrel</a>",30.0,0.0,0.0
6661,"<a href=""statss.aspx?playerid=6661&position=P"">Alex Colome</a>",29.0,0.0,0.0
6697,"<a href=""statss.aspx?playerid=6697&position=P"">Miguel Socolovich</a>",31.0,0.0,0.0
6941,"<a href=""statss.aspx?playerid=6941&position=P"">Joakim Soria</a>",34.0,0.0,0.0
6984,"<a href=""statss.aspx?playerid=6984&position=P"">Luis Garcia</a>",31.0,0.0,0.0
7005,"<a href=""statss.aspx?playerid=7005&position=P"">Ryan Pressly</a>",29.0,0.0,0.0
7024,"<a href=""statss.aspx?playerid=7024&position=P"">Miguel Gonzalez</a>",34.0,0.0,0.0
7108,"<a href=""statss.aspx?playerid=7108&position=P"">Pat Venditte</a>",33.0,0.0,0.0
7175,"<a href=""statss.aspx?playerid=7175&position=P"">Jonny Venters</a>",33.0,0.0,0.0
7196,"<a href=""statss.aspx?playerid=7196&position=P"">Greg Holland</a>",32.0,0.0,0.0
7274,"<a href=""statss.aspx?playerid=7274&position=P"">Craig Stammen</a>",34.0,0.0,0.0
7293,"<a href=""statss.aspx?playerid=7293&position=P"">Brad Ziegler</a>",38.0,0.0,0.0
7303,"<a href=""statss.aspx?playerid=7303&position=P"">Preston Guilmet</a>",30.0,0.0,0.0
7385,"<a href=""statss.aspx?playerid=7385&position=P"">Dan Otero</a>",33.0,0.0,0.0
7407,"<a href=""statss.aspx?playerid=7407&position=P"">Javy Guerra</a>",32.0,0.0,0.0
7441,"<a href=""statss.aspx?playerid=7441&position=P"">Wade Davis</a>",32.0,0.0,0.0
7466,"<a href=""statss.aspx?playerid=7466&position=P"">Anthony Swarzak</a>",32.0,0.0,0.0
7531,"<a href=""statss.aspx?playerid=7531&position=P"">Collin McHugh</a>",31.0,0.0,0.0
7550,"<a href=""statss.aspx?playerid=7550&position=P"">Jake McGee</a>",31.0,0.0,0.0
7555,"<a href=""statss.aspx?playerid=7555&position=P"">Nick Vincent</a>",31.0,0.0,0.0
7624,"<a href=""statss.aspx?playerid=7624&position=P"">Carlos Torres</a>",35.0,0.0,0.0
7731,"<a href=""statss.aspx?playerid=7731&position=P"">Juan Nicasio</a>",31.0,0.0,0.0
7738,"<a href=""statss.aspx?playerid=7738&position=P"">Wily Peralta</a>",29.0,0.0,0.0
7754,"<a href=""statss.aspx?playerid=7754&position=P"">Mike Fiers</a>",33.0,0.0,0.0
7803,"<a href=""statss.aspx?playerid=7803&position=P"">Richard Bleier</a>",31.0,0.0,0.0
7836,"<a href=""statss.aspx?playerid=7836&position=P"">Hunter Strickland</a>",29.0,0.0,0.0
7947,"<a href=""statss.aspx?playerid=7947&position=P"">Cory Gearrin</a>",32.0,0.0,0.0
7982,"<a href=""statss.aspx?playerid=7982&position=P"">Anthony Bass</a>",30.0,0.0,0.0
8004,"<a href=""statss.aspx?playerid=8004&position=P"">Marcus Walden</a>",29.0,0.0,0.0
8048,"<a href=""statss.aspx?playerid=8048&position=P"">Will Smith</a>",28.0,0.0,0.0
8110,"<a href=""statss.aspx?playerid=8110&position=P"">Bryan Shaw</a>",30.0,0.0,0.0
8185,"<a href=""statss.aspx?playerid=8185&position=P"">Steven Wright</a>",33.0,0.0,0.0
8241,"<a href=""statss.aspx?playerid=8241&position=P"">David Robertson</a>",33.0,0.0,0.0
8280,"<a href=""statss.aspx?playerid=8280&position=P"">Tony Sipp</a>",34.0,0.0,0.0
8302,"<a href=""statss.aspx?playerid=8302&position=P"">JC Ramirez</a>",29.0,0.0,0.0
8350,"<a href=""statss.aspx?playerid=8350&position=P"">AJ Ramos</a>",31.0,0.0,0.0
8493,"<a href=""statss.aspx?playerid=8493&position=P"">John Lamb</a>",27.0,0.0,0.0
8501,"<a href=""statss.aspx?playerid=8501&position=P"">Danny Farquhar</a>",31.0,0.0,0.0
8504,"<a href=""statss.aspx?playerid=8504&position=P"">Jeff Beliveau</a>",31.0,0.0,0.0
8823,"<a href=""statss.aspx?playerid=8823&position=P"">Oliver Drake</a>",31.0,0.0,0.0
8855,"<a href=""statss.aspx?playerid=8855&position=P"">Ryan Cook</a>",31.0,0.0,0.0
9029,"<a href=""statss.aspx?playerid=9029&position=P"">Adam Warren</a>",30.0,0.0,0.0
9033,"<a href=""statss.aspx?playerid=9033&position=P"">Jeanmar Gomez</a>",30.0,0.0,0.0
9037,"<a href=""statss.aspx?playerid=9037&position=P"">J.J. Hoover</a>",30.0,0.0,0.0
9059,"<a href=""statss.aspx?playerid=9059&position=P"">John Axford</a>",35.0,0.0,0.0
9069,"<a href=""statss.aspx?playerid=9069&position=P"">Jeremy Bleich</a>",31.0,0.0,0.0
9119,"<a href=""statss.aspx?playerid=9119&position=P"">Gregory Infante</a>",30.0,0.0,0.0
9239,"<a href=""statss.aspx?playerid=9239&position=P"">Alex Wilson</a>",31.0,0.0,0.0
9286,"<a href=""statss.aspx?playerid=9286&position=P"">Rob Scahill</a>",31.0,0.0,0.0
9325,"<a href=""statss.aspx?playerid=9325&position=P"">Jared Hughes</a>",32.0,0.0,0.0
9388,"<a href=""statss.aspx?playerid=9388&position=P"">Josh Tomlin</a>",33.0,0.0,0.0
9419,"<a href=""statss.aspx?playerid=9419&position=P"">Zac Rosscup</a>",30.0,0.0,0.0
9425,"<a href=""statss.aspx?playerid=9425&position=P"">Doug Fister</a>",34.0,0.0,0.0
9456,"<a href=""statss.aspx?playerid=9456&position=P"">Ryan Buchter</a>",31.0,0.0,0.0
9486,"<a href=""statss.aspx?playerid=9486&position=P"">George Kontos</a>",33.0,0.0,0.0
9490,"<a href=""statss.aspx?playerid=9490&position=P"">Jeremy Jeffress</a>",30.0,0.0,0.0
9492,"<a href=""statss.aspx?playerid=9492&position=P"">Bud Norris</a>",33.0,0.0,0.0
9559,"<a href=""statss.aspx?playerid=9559&position=P"">Austin Bibens-Dirkx</a>",33.0,0.0,0.0
9683,"<a href=""statss.aspx?playerid=9683&position=P"">Mike Zagurski</a>",35.0,0.0,0.0
9720,"<a href=""statss.aspx?playerid=9720&position=P"">Louis Coleman</a>",32.0,0.0,0.0
9756,"<a href=""statss.aspx?playerid=9756&position=P"">David Hale</a>",30.0,0.0,0.0
9761,"<a href=""statss.aspx?playerid=9761&position=P"">Joe Kelly</a>",30.0,0.0,0.0
9784,"<a href=""statss.aspx?playerid=9784&position=P"">Garrett Richards</a>",30.0,0.0,0.0
9794,"<a href=""statss.aspx?playerid=9794&position=P"">Rex Brothers</a>",30.0,0.0,0.0
9812,"<a href=""statss.aspx?playerid=9812&position=P"">Murphy Smith</a>",30.0,0.0,0.0
9866,"<a href=""statss.aspx?playerid=9866&position=P"">Chaz Roe</a>",31.0,0.0,0.0
9901,"<a href=""statss.aspx?playerid=9901&position=P"">Chris Volstad</a>",31.0,0.0,0.0
9948,"<a href=""statss.aspx?playerid=9948&position=P"">Mike Dunn</a>",33.0,0.0,0.0
10066,"<a href=""statss.aspx?playerid=10066&position=P"">Ian Krol</a>",27.0,0.0,0.0
10133,"<a href=""statss.aspx?playerid=10133&position=P"">Brad Boxberger</a>",30.0,0.0,0.0
10171,"<a href=""statss.aspx?playerid=10171&position=P"">Jose Ramirez</a>",28.0,0.0,0.0
10185,"<a href=""statss.aspx?playerid=10185&position=P"">Jacob Turner</a>",27.0,0.0,0.0
10190,"<a href=""statss.aspx?playerid=10190&position=P"">Tyler Skaggs</a>",26.0,0.0,0.0
10233,"<a href=""statss.aspx?playerid=10233&position=P"">Aroldis Chapman</a>",30.0,0.0,0.0
10261,"<a href=""statss.aspx?playerid=10261&position=P"">Alexi Ogando</a>",34.0,0.0,0.0
10285,"<a href=""statss.aspx?playerid=10285&position=P"">Josh Smoker</a>",29.0,0.0,0.0
10291,"<a href=""statss.aspx?playerid=10291&position=P"">Ryan Tepera</a>",30.0,0.0,0.0
10297,"<a href=""statss.aspx?playerid=10297&position=P"">Chad Bell</a>",29.0,0.0,0.0
10341,"<a href=""statss.aspx?playerid=10341&position=P"">Juan Minaya</a>",27.0,0.0,0.0
10343,"<a href=""statss.aspx?playerid=10343&position=P"">Aaron Loup</a>",30.0,0.0,0.0
10387,"<a href=""statss.aspx?playerid=10387&position=P"">Brooks Pounders</a>",27.0,0.0,0.0
10430,"<a href=""statss.aspx?playerid=10430&position=P"">Mychal Givens</a>",28.0,0.0,0.0
10529,"<a href=""statss.aspx?playerid=10529&position=P"">Dean Kiekhefer</a>",29.0,0.0,0.0
10688,"<a href=""statss.aspx?playerid=10688&position=P"">Tyler Thornburg</a>",29.0,0.0,0.0
10706,"<a href=""statss.aspx?playerid=10706&position=P"">Scott Copeland</a>",30.0,0.0,0.0
10756,"<a href=""statss.aspx?playerid=10756&position=P"">Shane Greene</a>",29.0,0.0,0.0
10843,"<a href=""statss.aspx?playerid=10843&position=P"">Adam Kolarek</a>",29.0,0.0,0.0
10982,"<a href=""statss.aspx?playerid=10982&position=P"">Chase Whitley</a>",29.0,0.0,0.0
11121,"<a href=""statss.aspx?playerid=11121&position=P"">Casey Lawrence</a>",30.0,0.0,0.0
11294,"<a href=""statss.aspx?playerid=11294&position=P"">Zach Neal</a>",29.0,0.0,0.0
11334,"<a href=""statss.aspx?playerid=11334&position=P"">Tyler Lyons</a>",30.0,0.0,0.0
11366,"<a href=""statss.aspx?playerid=11366&position=P"">Brandon Cumpton</a>",29.0,0.0,0.0
11384,"<a href=""statss.aspx?playerid=11384&position=P"">Tommy Kahnle</a>",28.0,0.0,0.0
11388,"<a href=""statss.aspx?playerid=11388&position=P"">Danny Barnes</a>",28.0,0.0,0.0
11426,"<a href=""statss.aspx?playerid=11426&position=P"">Drew Pomeranz</a>",29.0,0.0,0.0
11428,"<a href=""statss.aspx?playerid=11428&position=P"">Brandon Workman</a>",29.0,0.0,0.0
11440,"<a href=""statss.aspx?playerid=11440&position=P"">Johnny Barbato</a>",25.0,0.0,0.0
11457,"<a href=""statss.aspx?playerid=11457&position=P"">Sammy Solis</a>",29.0,0.0,0.0
11502,"<a href=""statss.aspx?playerid=11502&position=P"">Parker Bridwell</a>",26.0,0.0,0.0
11528,"<a href=""statss.aspx?playerid=11528&position=P"">Josh Osich</a>",29.0,0.0,0.0
11604,"<a href=""statss.aspx?playerid=11604&position=P"">Dovydas Neverauskas</a>",25.0,0.0,0.0
11686,"<a href=""statss.aspx?playerid=11686&position=P"">Josh Lucas</a>",27.0,0.0,0.0
11691,"<a href=""statss.aspx?playerid=11691&position=P"">Tayron Guerrero</a>",27.0,0.0,0.0
11710,"<a href=""statss.aspx?playerid=11710&position=P"">Sam Dyson</a>",30.0,0.0,0.0
11712,"<a href=""statss.aspx?playerid=11712&position=P"">Erik Goeddel</a>",29.0,0.0,0.0
11720,"<a href=""statss.aspx?playerid=11720&position=P"">Justin Grimm</a>",29.0,0.0,0.0
11743,"<a href=""statss.aspx?playerid=11743&position=P"">Carlos Ramirez</a>",27.0,0.0,0.0
11828,"<a href=""statss.aspx?playerid=11828&position=P"">James Paxton</a>",29.0,0.0,0.0
11847,"<a href=""statss.aspx?playerid=11847&position=P"">Chris Martin</a>",32.0,0.0,0.0
11861,"<a href=""statss.aspx?playerid=11861&position=P"">Jason Adam</a>",26.0,0.0,0.0
11964,"<a href=""statss.aspx?playerid=11964&position=P"">Taylor Cole</a>",28.0,0.0,0.0
12095,"<a href=""statss.aspx?playerid=12095&position=P"">Yimi Garcia</a>",27.0,0.0,0.0
12183,"<a href=""statss.aspx?playerid=12183&position=P"">Cody Allen</a>",29.0,0.0,0.0
12185,"<a href=""statss.aspx?playerid=12185&position=P"">Akeel Morris</a>",25.0,0.0,0.0
12249,"<a href=""statss.aspx?playerid=12249&position=P"">Ryan Sherriff</a>",28.0,0.0,0.0
12272,"<a href=""statss.aspx?playerid=12272&position=P"">Aaron Brooks</a>",28.0,0.0,0.0
12297,"<a href=""statss.aspx?playerid=12297&position=P"">Evan Marshall</a>",28.0,0.0,0.0
12304,"<a href=""statss.aspx?playerid=12304&position=P"">Chris Bassitt</a>",29.0,0.0,0.0
12323,"<a href=""statss.aspx?playerid=12323&position=P"">Jacob Barnes</a>",28.0,0.0,0.0
12360,"<a href=""statss.aspx?playerid=12360&position=P"">Kevin Quackenbush</a>",29.0,0.0,0.0
12385,"<a href=""statss.aspx?playerid=12385&position=P"">Nick Tropeano</a>",27.0,0.0,0.0
12452,"<a href=""statss.aspx?playerid=12452&position=P"">Chasen Bradford</a>",28.0,0.0,0.0
12537,"<a href=""statss.aspx?playerid=12537&position=P"">Cory Mazzoni</a>",28.0,0.0,0.0
12555,"<a href=""statss.aspx?playerid=12555&position=P"">Tony Cingrani</a>",28.0,0.0,0.0
12572,"<a href=""statss.aspx?playerid=12572&position=P"">Blake Treinen</a>",30.0,0.0,0.0
12578,"<a href=""statss.aspx?playerid=12578&position=P"">DJ Johnson</a>",28.0,0.0,0.0
12580,"<a href=""statss.aspx?playerid=12580&position=P"">Adam Morgan</a>",28.0,0.0,0.0
12699,"<a href=""statss.aspx?playerid=12699&position=P"">Ryan Carpenter</a>",27.0,0.0,0.0
12718,"<a href=""statss.aspx?playerid=12718&position=P"">Adrian Houser</a>",25.0,0.0,0.0
12763,"<a href=""statss.aspx?playerid=12763&position=P"">Chris Devenski</a>",27.0,0.0,0.0
12781,"<a href=""statss.aspx?playerid=12781&position=P"">Sean Gilmartin</a>",28.0,0.0,0.0
12784,"<a href=""statss.aspx?playerid=12784&position=P"">Burch Smith</a>",28.0,0.0,0.0
12800,"<a href=""statss.aspx?playerid=12800&position=P"">Noe Ramirez</a>",28.0,0.0,0.0
12857,"<a href=""statss.aspx?playerid=12857&position=P"">Shawn Armstrong</a>",27.0,0.0,0.0
12863,"<a href=""statss.aspx?playerid=12863&position=P"">Matt Barnes</a>",28.0,0.0,0.0
12890,"<a href=""statss.aspx?playerid=12890&position=P"">Alex Claudio</a>",26.0,0.0,0.0
12910,"<a href=""statss.aspx?playerid=12910&position=P"">Ken Giles</a>",27.0,0.0,0.0
12918,"<a href=""statss.aspx?playerid=12918&position=P"">Archie Bradley</a>",25.0,0.0,0.0
12988,"<a href=""statss.aspx?playerid=12988&position=P"">Andrew Chafin</a>",28.0,0.0,0.0
12997,"<a href=""statss.aspx?playerid=12997&position=P"">Colten Brewer</a>",25.0,0.0,0.0
13042,"<a href=""statss.aspx?playerid=13042&position=P"">Robby Scott</a>",28.0,0.0,0.0
13058,"<a href=""statss.aspx?playerid=13058&position=P"">Reymin Guduan</a>",26.0,0.0,0.0
13172,"<a href=""statss.aspx?playerid=13172&position=P"">Carson Smith</a>",28.0,0.0,0.0
13182,"<a href=""statss.aspx?playerid=13182&position=P"">Kyle Crick</a>",25.0,0.0,0.0
13194,"<a href=""statss.aspx?playerid=13194&position=P"">Joe Biagini</a>",28.0,0.0,0.0
13293,"<a href=""statss.aspx?playerid=13293&position=P"">Danny Coulombe</a>",28.0,0.0,0.0
13322,"<a href=""statss.aspx?playerid=13322&position=P"">Jake Barrett</a>",26.0,0.0,0.0
13323,"<a href=""statss.aspx?playerid=13323&position=P"">James Pazos</a>",27.0,0.0,0.0
13331,"<a href=""statss.aspx?playerid=13331&position=P"">William Cuevas</a>",27.0,0.0,0.0
13339,"<a href=""statss.aspx?playerid=13339&position=P"">Adrian Sampson</a>",26.0,0.0,0.0
13346,"<a href=""statss.aspx?playerid=13346&position=P"">Hoby Milner</a>",27.0,0.0,0.0
13360,"<a href=""statss.aspx?playerid=13360&position=P"">Cam Bedrosian</a>",26.0,0.0,0.0
13442,"<a href=""statss.aspx?playerid=13442&position=P"">Mike Morin</a>",27.0,0.0,0.0
13443,"<a href=""statss.aspx?playerid=13443&position=2B/OF"">Tony Renda</a>",27.0,0.0,0.0
13449,"<a href=""statss.aspx?playerid=13449&position=P"">Taylor Rogers</a>",27.0,0.0,0.0
13483,"<a href=""statss.aspx?playerid=13483&position=P"">Connor Sadzeck</a>",26.0,0.0,0.0
13485,"<a href=""statss.aspx?playerid=13485&position=P"">Sam Tuivailala</a>",25.0,0.0,0.0
13533,"<a href=""statss.aspx?playerid=13533&position=P"">Andrew Triggs</a>",29.0,0.0,0.0
13560,"<a href=""statss.aspx?playerid=13560&position=P"">Alec Asher</a>",26.0,0.0,0.0
13572,"<a href=""statss.aspx?playerid=13572&position=P"">Justin Haley</a>",27.0,0.0,0.0
13580,"<a href=""statss.aspx?playerid=13580&position=P"">Steven Okert</a>",26.0,0.0,0.0
13607,"<a href=""statss.aspx?playerid=13607&position=P"">Carl Edwards Jr.</a>",26.0,0.0,0.0
13616,"<a href=""statss.aspx?playerid=13616&position=P"">Taylor Guerrieri</a>",25.0,0.0,0.0
13685,"<a href=""statss.aspx?playerid=13685&position=P"">Nick Goody</a>",26.0,0.0,0.0
13699,"<a href=""statss.aspx?playerid=13699&position=P"">Jake Faria</a>",24.0,0.0,0.0
13707,"<a href=""statss.aspx?playerid=13707&position=P"">Joey Krehbiel</a>",25.0,0.0,0.0
13713,"<a href=""statss.aspx?playerid=13713&position=P"">Kyle Barraclough</a>",28.0,0.0,0.0
13758,"<a href=""statss.aspx?playerid=13758&position=P"">Tyler Duffey</a>",27.0,0.0,0.0
13763,"<a href=""statss.aspx?playerid=13763&position=P"">Dominic Leone</a>",26.0,0.0,0.0
13764,"<a href=""statss.aspx?playerid=13764&position=P"">Roberto Osuna</a>",23.0,0.0,0.0
13780,"<a href=""statss.aspx?playerid=13780&position=P"">Daniel Stumpf</a>",27.0,0.0,0.0
13801,"<a href=""statss.aspx?playerid=13801&position=P"">Austin Adams</a>",27.0,0.0,0.0
13818,"<a href=""statss.aspx?playerid=13818&position=P"">Chris O'Grady</a>",28.0,0.0,0.0
13896,"<a href=""statss.aspx?playerid=13896&position=P"">Chris Flexen</a>",23.0,0.0,0.0
13911,"<a href=""statss.aspx?playerid=13911&position=P"">Scott Oberg</a>",28.0,0.0,0.0
13974,"<a href=""statss.aspx?playerid=13974&position=P"">Ryan Dull</a>",28.0,0.0,0.0
14033,"<a href=""statss.aspx?playerid=14033&position=P"">Mike Hauschild</a>",28.0,0.0,0.0
14139,"<a href=""statss.aspx?playerid=14139&position=P"">Miguel Almonte</a>",25.0,0.0,0.0
14165,"<a href=""statss.aspx?playerid=14165&position=P"">Rob Whalen</a>",24.0,0.0,0.0
14244,"<a href=""statss.aspx?playerid=14244&position=P"">Ray Black</a>",28.0,0.0,0.0
14288,"<a href=""statss.aspx?playerid=14288&position=P"">Luke Bard</a>",27.0,0.0,0.0
14338,"<a href=""statss.aspx?playerid=14338&position=P"">Williams Jerez</a>",26.0,0.0,0.0
14353,"<a href=""statss.aspx?playerid=14353&position=P"">Caleb Frare</a>",24.0,0.0,0.0
14457,"<a href=""statss.aspx?playerid=14457&position=P"">Adam Conley</a>",28.0,0.0,0.0
14470,"<a href=""statss.aspx?playerid=14470&position=P"">Jose Valdez</a>",28.0,0.0,0.0
14506,"<a href=""statss.aspx?playerid=14506&position=P"">J.B. Wendelken</a>",25.0,0.0,0.0
14510,"<a href=""statss.aspx?playerid=14510&position=P"">Thyago Vieira</a>",25.0,0.0,0.0
14524,"<a href=""statss.aspx?playerid=14524&position=P"">Jose Leclerc</a>",24.0,0.0,0.0
14552,"<a href=""statss.aspx?playerid=14552&position=P"">Jose Ruiz</a>",23.0,0.0,0.0
14605,"<a href=""statss.aspx?playerid=14605&position=P"">James Hoyt</a>",31.0,0.0,0.0
14646,"<a href=""statss.aspx?playerid=14646&position=P"">Rowan Wick</a>",25.0,0.0,0.0
14672,"<a href=""statss.aspx?playerid=14672&position=P"">Dillon Maples</a>",26.0,0.0,0.0
14696,"<a href=""statss.aspx?playerid=14696&position=P"">Keone Kela</a>",25.0,0.0,0.0
14706,"<a href=""statss.aspx?playerid=14706&position=P"">Anthony Banda</a>",24.0,0.0,0.0
14710,"<a href=""statss.aspx?playerid=14710&position=P"">Edwin Diaz</a>",24.0,0.0,0.0
14719,"<a href=""statss.aspx?playerid=14719&position=P"">Ty Buttrey</a>",25.0,0.0,0.0
14733,"<a href=""statss.aspx?playerid=14733&position=P"">Jose Fernandez</a>",25.0,0.0,0.0
14741,"<a href=""statss.aspx?playerid=14741&position=P"">Tyler Olson</a>",28.0,0.0,0.0
14771,"<a href=""statss.aspx?playerid=14771&position=P"">Emilio Pagan</a>",27.0,0.0,0.0
14814,"<a href=""statss.aspx?playerid=14814&position=P"">Buck Farmer</a>",27.0,0.0,0.0
14832,"<a href=""statss.aspx?playerid=14832&position=P"">Bobby Wahl</a>",26.0,0.0,0.0
14867,"<a href=""statss.aspx?playerid=14867&position=P"">Nick Rumbelow</a>",26.0,0.0,0.0
14993,"<a href=""statss.aspx?playerid=14993&position=P"">Scott Barlow</a>",25.0,0.0,0.0
15006,"<a href=""statss.aspx?playerid=15006&position=P"">Luis Santos</a>",27.0,0.0,0.0
15010,"<a href=""statss.aspx?playerid=15010&position=P"">Corey Knebel</a>",26.0,0.0,0.0
15028,"<a href=""statss.aspx?playerid=15028&position=P"">Victor Alcantara</a>",25.0,0.0,0.0
15033,"<a href=""statss.aspx?playerid=15033&position=P"">Kyle Crockett</a>",26.0,0.0,0.0
15036,"<a href=""statss.aspx?playerid=15036&position=P"">Chase De Jong</a>",24.0,0.0,0.0
15042,"<a href=""statss.aspx?playerid=15042&position=P"">Tim Mayza</a>",26.0,0.0,0.0
15043,"<a href=""statss.aspx?playerid=15043&position=P"">Lou Trivino</a>",26.0,0.0,0.0
15046,"<a href=""statss.aspx?playerid=15046&position=P"">Trevor Gott</a>",25.0,0.0,0.0
15051,"<a href=""statss.aspx?playerid=15051&position=P"">Silvino Bracho</a>",25.0,0.0,0.0
15066,"<a href=""statss.aspx?playerid=15066&position=P"">Jaime Schultz</a>",27.0,0.0,0.0
15094,"<a href=""statss.aspx?playerid=15094&position=P"">Rob Zastryzny</a>",26.0,0.0,0.0
15118,"<a href=""statss.aspx?playerid=15118&position=P"">Jimmie Sherfy</a>",26.0,0.0,0.0
15126,"<a href=""statss.aspx?playerid=15126&position=P"">Tyler Danish</a>",23.0,0.0,0.0
15136,"<a href=""statss.aspx?playerid=15136&position=P"">Jake Newberry</a>",23.0,0.0,0.0
15157,"<a href=""statss.aspx?playerid=15157&position=P"">Jimmy Yacabonis</a>",26.0,0.0,0.0
15200,"<a href=""statss.aspx?playerid=15200&position=P"">Glenn Sparkman</a>",26.0,0.0,0.0
15231,"<a href=""statss.aspx?playerid=15231&position=P"">Aaron Slegers</a>",25.0,0.0,0.0
15239,"<a href=""statss.aspx?playerid=15239&position=P"">Alan Busenitz</a>",27.0,0.0,0.0
15240,"<a href=""statss.aspx?playerid=15240&position=P"">Kevin McCarthy</a>",26.0,0.0,0.0
15264,"<a href=""statss.aspx?playerid=15264&position=P"">Keynan Middleton</a>",24.0,0.0,0.0
15285,"<a href=""statss.aspx?playerid=15285&position=P"">Zac Reininger</a>",25.0,0.0,0.0
15290,"<a href=""statss.aspx?playerid=15290&position=P"">Austin Pruitt</a>",28.0,0.0,0.0
15306,"<a href=""statss.aspx?playerid=15306&position=P"">Donnie Hart</a>",27.0,0.0,0.0
15444,"<a href=""statss.aspx?playerid=15444&position=P"">Zack Weiss</a>",26.0,0.0,0.0
15458,"<a href=""statss.aspx?playerid=15458&position=P"">Ricardo Rodriguez</a>",25.0,0.0,0.0
15492,"<a href=""statss.aspx?playerid=15492&position=P"">Stephen Gonsalves</a>",23.0,0.0,0.0
15502,"<a href=""statss.aspx?playerid=15502&position=P"">Kohl Stewart</a>",23.0,0.0,0.0
15514,"<a href=""statss.aspx?playerid=15514&position=P"">Kendall Graveman</a>",27.0,0.0,0.0
15524,"<a href=""statss.aspx?playerid=15524&position=P"">Jen-Ho Tseng</a>",23.0,0.0,0.0
15552,"<a href=""statss.aspx?playerid=15552&position=P"">Chad Green</a>",27.0,0.0,0.0
15594,"<a href=""statss.aspx?playerid=15594&position=P"">Nick Wittgren</a>",27.0,0.0,0.0
15684,"<a href=""statss.aspx?playerid=15684&position=P"">Miguel Castro</a>",23.0,0.0,0.0
15690,"<a href=""statss.aspx?playerid=15690&position=P"">Jimmy Cordero</a>",26.0,0.0,0.0
15761,"<a href=""statss.aspx?playerid=15761&position=P"">Joe Jimenez</a>",23.0,0.0,0.0
15823,"<a href=""statss.aspx?playerid=15823&position=P"">Zack Littell</a>",22.0,0.0,0.0
15832,"<a href=""statss.aspx?playerid=15832&position=P"">Paul Fry</a>",25.0,0.0,0.0
15859,"<a href=""statss.aspx?playerid=15859&position=P"">Stephen Tarpley</a>",25.0,0.0,0.0
15915,"<a href=""statss.aspx?playerid=15915&position=P"">Victor Arano</a>",23.0,0.0,0.0
15947,"<a href=""statss.aspx?playerid=15947&position=P"">Ryne Stanek</a>",26.0,0.0,0.0
16074,"<a href=""statss.aspx?playerid=16074&position=P"">Nick Burdi</a>",25.0,0.0,0.0
16086,"<a href=""statss.aspx?playerid=16086&position=P"">Edubray Ramos</a>",25.0,0.0,0.0
16128,"<a href=""statss.aspx?playerid=16128&position=P"">John Curtiss</a>",25.0,0.0,0.0
16132,"<a href=""statss.aspx?playerid=16132&position=P"">Justin Shafer</a>",25.0,0.0,0.0
16137,"<a href=""statss.aspx?playerid=16137&position=P"">Carlos Rodon</a>",25.0,0.0,0.0
16159,"<a href=""statss.aspx?playerid=16159&position=P"">Jace Fry</a>",24.0,0.0,0.0
16164,"<a href=""statss.aspx?playerid=16164&position=P"">Daniel Gossett</a>",25.0,0.0,0.0
16201,"<a href=""statss.aspx?playerid=16201&position=P"">Justin Anderson</a>",25.0,0.0,0.0
16258,"<a href=""statss.aspx?playerid=16258&position=P"">Aaron Bummer</a>",24.0,0.0,0.0
16265,"<a href=""statss.aspx?playerid=16265&position=P"">Sam Howard</a>",25.0,0.0,0.0
16269,"<a href=""statss.aspx?playerid=16269&position=P"">John Means</a>",25.0,0.0,0.0
16309,"<a href=""statss.aspx?playerid=16309&position=P"">Austen Williams</a>",25.0,0.0,0.0
16344,"<a href=""statss.aspx?playerid=16344&position=P"">Eduardo Paredes</a>",23.0,0.0,0.0
16348,"<a href=""statss.aspx?playerid=16348&position=P"">Gabriel Moya</a>",23.0,0.0,0.0
16350,"<a href=""statss.aspx?playerid=16350&position=P"">Ryan Borucki</a>",24.0,0.0,0.0
16390,"<a href=""statss.aspx?playerid=16390&position=P"">Brad Wieck</a>",26.0,0.0,0.0
16419,"<a href=""statss.aspx?playerid=16419&position=P"">Chih-Wei Hu</a>",24.0,0.0,0.0
16468,"<a href=""statss.aspx?playerid=16468&position=P"">Trevor Oaks</a>",25.0,0.0,0.0
16507,"<a href=""statss.aspx?playerid=16507&position=P"">Dan Altavilla</a>",25.0,0.0,0.0
16511,"<a href=""statss.aspx?playerid=16511&position=P"">Jordan Montgomery</a>",25.0,0.0,0.0
16513,"<a href=""statss.aspx?playerid=16513&position=P"">Nick Gardewine</a>",24.0,0.0,0.0
16588,"<a href=""statss.aspx?playerid=16588&position=P"">Jonathan Holder</a>",25.0,0.0,0.0
16684,"<a href=""statss.aspx?playerid=16684&position=P"">Zac Curtis</a>",25.0,0.0,0.0
16687,"<a href=""statss.aspx?playerid=16687&position=P"">Dean Deetz</a>",24.0,0.0,0.0
16731,"<a href=""statss.aspx?playerid=16731&position=P"">Artie Lewicki</a>",26.0,0.0,0.0
16794,"<a href=""statss.aspx?playerid=16794&position=P"">Josh James</a>",25.0,0.0,0.0
16873,"<a href=""statss.aspx?playerid=16873&position=P"">Eric Stout</a>",25.0,0.0,0.0
16942,"<a href=""statss.aspx?playerid=16942&position=P"">Luis F. Ortiz</a>",22.0,0.0,0.0
16958,"<a href=""statss.aspx?playerid=16958&position=P"">Jake Jewell</a>",25.0,0.0,0.0
17002,"<a href=""statss.aspx?playerid=17002&position=P"">Trevor Hildenberger</a>",27.0,0.0,0.0
17126,"<a href=""statss.aspx?playerid=17126&position=P"">Jerry Vasto</a>",26.0,0.0,0.0
17133,"<a href=""statss.aspx?playerid=17133&position=P"">Osmer Morales</a>",25.0,0.0,0.0
17181,"<a href=""statss.aspx?playerid=17181&position=P"">Yoan Lopez</a>",25.0,0.0,0.0
17281,"<a href=""statss.aspx?playerid=17281&position=P"">Thomas Pannone</a>",24.0,0.0,0.0
17282,"<a href=""statss.aspx?playerid=17282&position=P"">Michael Kopech</a>",22.0,0.0,0.0
17285,"<a href=""statss.aspx?playerid=17285&position=P"">Justus Sheffield</a>",22.0,0.0,0.0
17295,"<a href=""statss.aspx?playerid=17295&position=P"">Framber Valdez</a>",24.0,0.0,0.0
17355,"<a href=""statss.aspx?playerid=17355&position=P"">Edgar Santana</a>",26.0,0.0,0.0
17418,"<a href=""statss.aspx?playerid=17418&position=P"">David Paulino</a>",24.0,0.0,0.0
17526,"<a href=""statss.aspx?playerid=17526&position=P"">Ariel Miranda</a>",29.0,0.0,0.0
17536,"<a href=""statss.aspx?playerid=17536&position=P"">Ryan Burr</a>",24.0,0.0,0.0
17586,"<a href=""statss.aspx?playerid=17586&position=P"">Tanner Scott</a>",23.0,0.0,0.0
17610,"<a href=""statss.aspx?playerid=17610&position=P"">Tanner Rainey</a>",25.0,0.0,0.0
17664,"<a href=""statss.aspx?playerid=17664&position=P"">Cody Carroll</a>",25.0,0.0,0.0
17677,"<a href=""statss.aspx?playerid=17677&position=P"">Jeffrey Springs</a>",25.0,0.0,0.0
17695,"<a href=""statss.aspx?playerid=17695&position=P"">Koda Glover</a>",25.0,0.0,0.0
17697,"<a href=""statss.aspx?playerid=17697&position=P"">Pedro Araujo</a>",24.0,0.0,0.0
17734,"<a href=""statss.aspx?playerid=17734&position=P"">Evan Phillips</a>",23.0,0.0,0.0
17754,"<a href=""statss.aspx?playerid=17754&position=P"">Sandy Baez</a>",24.0,0.0,0.0
17755,"<a href=""statss.aspx?playerid=17755&position=P"">Drew Smith</a>",24.0,0.0,0.0
17793,"<a href=""statss.aspx?playerid=17793&position=P"">Trey Wingenter</a>",24.0,0.0,0.0
17811,"<a href=""statss.aspx?playerid=17811&position=P"">Daniel Zamora</a>",25.0,0.0,0.0
17874,"<a href=""statss.aspx?playerid=17874&position=P"">Nestor Cortes</a>",23.0,0.0,0.0
17987,"<a href=""statss.aspx?playerid=17987&position=P"">Bobby Poyner</a>",25.0,0.0,0.0
18064,"<a href=""statss.aspx?playerid=18064&position=P"">Phil Maton</a>",25.0,0.0,0.0
18076,"<a href=""statss.aspx?playerid=18076&position=P"">Matt Hall</a>",24.0,0.0,0.0
18105,"<a href=""statss.aspx?playerid=18105&position=P"">Ryan Meisinger</a>",24.0,0.0,0.0
18114,"<a href=""statss.aspx?playerid=18114&position=P"">Ben Taylor</a>",25.0,0.0,0.0
18135,"<a href=""statss.aspx?playerid=18135&position=P"">Chance Adams</a>",23.0,0.0,0.0
18297,"<a href=""statss.aspx?playerid=18297&position=P"">Tyler Kinley</a>",27.0,0.0,0.0
18311,"<a href=""statss.aspx?playerid=18311&position=P"">Carson Fulmer</a>",24.0,0.0,0.0
18332,"<a href=""statss.aspx?playerid=18332&position=P"">Eric Hanhold</a>",24.0,0.0,0.0
18510,"<a href=""statss.aspx?playerid=18510&position=P"">Josh Rogers</a>",23.0,0.0,0.0
18655,"<a href=""statss.aspx?playerid=18655&position=P"">A.J. Minter</a>",24.0,0.0,0.0
18719,"<a href=""statss.aspx?playerid=18719&position=P"">Seunghwan Oh</a>",35.0,0.0,0.0
18806,"<a href=""statss.aspx?playerid=18806&position=P"">Drew Steckenrider</a>",27.0,0.0,0.0
18815,"<a href=""statss.aspx?playerid=18815&position=P"">Miguel Diaz</a>",23.0,0.0,0.0
18820,"<a href=""statss.aspx?playerid=18820&position=P"">Chris Rowley</a>",27.0,0.0,0.0
19256,"<a href=""statss.aspx?playerid=19256&position=P"">Gerson Bautista</a>",23.0,0.0,0.0
19261,"<a href=""statss.aspx?playerid=19261&position=P"">Ian Hamilton</a>",23.0,0.0,0.0
19277,"<a href=""statss.aspx?playerid=19277&position=P"">Jesus Reyes</a>",25.0,0.0,0.0
19330,"<a href=""statss.aspx?playerid=19330&position=P"">Matt Festa</a>",25.0,0.0,0.0
19482,"<a href=""statss.aspx?playerid=19482&position=P"">Andrew Vasquez</a>",24.0,0.0,0.0
19550,"<a href=""statss.aspx?playerid=19550&position=P"">Adam McCreery</a>",25.0,0.0,0.0
19614,"<a href=""statss.aspx?playerid=19614&position=P"">Cionel Perez</a>",22.0,0.0,0.0
19665,"<a href=""statss.aspx?playerid=19665&position=P"">Kyle Wright</a>",22.0,0.0,0.0
19820,"<a href=""statss.aspx?playerid=19820&position=P"">C.D. Pelham</a>",23.0,0.0,0.0
10197,"<a href=""statss.aspx?playerid=10197&position=P"">Shelby Miller</a>",27.0,5.0,0.13790591955184936
13071,"<a href=""statss.aspx?playerid=13071&position=P"">Wei-Yin Chen</a>",32.0,42.0,0.1411232128739357
17780,"<a href=""statss.aspx?playerid=17780&position=P"">Jose Alvarado</a>",23.0,0.0,0.0
12447,"<a href=""statss.aspx?playerid=12447&position=P"">Seth Lugo</a>",28.0,13.0,0.13075502713521323
15091,"<a href=""statss.aspx?playerid=15091&position=P"">Hunter Wood</a>",24.0,0.0,0.0
15407,"<a href=""statss.aspx?playerid=15407&position=2B/SS"">Nate Orf</a>",28.0,25.0,0.22796491622924805
5640,"<a href=""statss.aspx?playerid=5640&position=P"">Tyler Clippard</a>",33.0,0.0,0.0
17022,"<a href=""statss.aspx?playerid=17022&position=3B/SS"">Edmundo Sosa</a>",22.0,3.0,0.22984319925308228
13684,"<a href=""statss.aspx?playerid=13684&position=P"">John Gant</a>",25.0,34.0,0.1310211919969128
11762,"<a href=""statss.aspx?playerid=11762&position=P"">Noah Syndergaard</a>",25.0,52.0,0.13677963796927003
3787,"<a href=""statss.aspx?playerid=3787&position=3B"">David Wright</a>",35.0,3.0,0.22984319925308228
10637,"<a href=""statss.aspx?playerid=10637&position=P"">Adam Liberatore</a>",31.0,1.0,0.0
5401,"<a href=""statss.aspx?playerid=5401&position=P"">Brad Peacock</a>",30.0,1.0,0.0
10160,"<a href=""statss.aspx?playerid=10160&position=P"">Ryan Weber</a>",27.0,1.0,0.0
12828,"<a href=""statss.aspx?playerid=12828&position=P"">Andrew Kittredge</a>",28.0,1.0,0.0
16401,"<a href=""statss.aspx?playerid=16401&position=P"">Yonny Chirinos</a>",24.0,1.0,0.0
17496,"<a href=""statss.aspx?playerid=17496&position=P"">Diego Castillo</a>",24.0,1.0,0.0
9856,"<a href=""statss.aspx?playerid=9856&position=1B/3B"">Brandon Snyder</a>",31.0,6.0,0.20787914594014487
2882,"<a href=""statss.aspx?playerid=2882&position=P"">Luis Avilan</a>",28.0,1.0,0.0
14825,"<a href=""statss.aspx?playerid=14825&position=P"">Dylan Covey</a>",26.0,1.0,0.0
16400,"<a href=""statss.aspx?playerid=16400&position=P"">Reynaldo Lopez</a>",24.0,1.0,0.0
18854,"<a href=""statss.aspx?playerid=18854&position=P"">Ben Meyer</a>",25.0,1.0,0.0
9309,"<a href=""statss.aspx?playerid=9309&position=P"">Buddy Baumann</a>",30.0,1.0,0.0
11801,"<a href=""statss.aspx?playerid=11801&position=P"">Hansel Robles</a>",27.0,1.0,0.0
15203,"<a href=""statss.aspx?playerid=15203&position=P"">Tyler Bashlor</a>",25.0,1.0,0.0
15267,"<a href=""statss.aspx?playerid=15267&position=P"">Jacob Rhame</a>",25.0,1.0,0.0
13345,"<a href=""statss.aspx?playerid=13345&position=P"">Luis Cessa</a>",26.0,1.0,0.0
14986,"<a href=""statss.aspx?playerid=14986&position=P"">Giovanny Gallegos</a>",26.0,1.0,0.0
12586,"<a href=""statss.aspx?playerid=12586&position=P"">Mike Wright Jr.</a>",28.0,1.0,0.0
9266,"<a href=""statss.aspx?playerid=9266&position=P"">Daniel Corcino</a>",27.0,1.0,0.0
13767,"<a href=""statss.aspx?playerid=13767&position=P"">JT Chargois</a>",27.0,1.0,0.0
14765,"<a href=""statss.aspx?playerid=14765&position=P"">Julio Urias</a>",21.0,1.0,0.0
1118,"<a href=""statss.aspx?playerid=1118&position=P"">Marco Estrada</a>",34.0,1.0,0.0
10534,"<a href=""statss.aspx?playerid=10534&position=P"">Jake Petricka</a>",30.0,1.0,0.0
11490,"<a href=""statss.aspx?playerid=11490&position=P"">Aaron Sanchez</a>",25.0,1.0,0.0
3840,"<a href=""statss.aspx?playerid=3840&position=P"">Zach Duke</a>",35.0,1.0,0.0
3950,"<a href=""statss.aspx?playerid=3950&position=P"">Matt Magill</a>",28.0,1.0,0.0
13188,"<a href=""statss.aspx?playerid=13188&position=P"">Adalberto Mejia</a>",25.0,1.0,0.0
10855,"<a href=""statss.aspx?playerid=10855&position=P"">Chasen Shreve</a>",27.0,1.0,0.0
13528,"<a href=""statss.aspx?playerid=13528&position=P"">Matt Bowman</a>",27.0,1.0,0.0
15015,"<a href=""statss.aspx?playerid=15015&position=P"">Alex Reyes</a>",23.0,1.0,0.0
19206,"<a href=""statss.aspx?playerid=19206&position=P"">Dakota Hudson</a>",23.0,1.0,0.0
19618,"<a href=""statss.aspx?playerid=19618&position=P"">Jordan Hicks</a>",21.0,1.0,0.0
13211,"<a href=""statss.aspx?playerid=13211&position=P"">Warwick Saupold</a>",28.0,1.0,0.0
13424,"<a href=""statss.aspx?playerid=13424&position=P"">Drew VerHagen</a>",27.0,1.0,0.0
13435,"<a href=""statss.aspx?playerid=13435&position=P"">Pierce Johnson</a>",27.0,1.0,0.0
14966,"<a href=""statss.aspx?playerid=14966&position=P"">Reyes Moronta</a>",25.0,1.0,0.0
15949,"<a href=""statss.aspx?playerid=15949&position=P"">D.J. Snelten</a>",26.0,1.0,0.0
7450,"<a href=""statss.aspx?playerid=7450&position=P"">Phil Hughes</a>",32.0,1.0,0.0
9111,"<a href=""statss.aspx?playerid=9111&position=P"">Brad Hand</a>",28.0,1.0,0.0
14974,"<a href=""statss.aspx?playerid=14974&position=P"">Tyler Webb</a>",27.0,1.0,0.0
16793,"<a href=""statss.aspx?playerid=16793&position=P"">Kyle McGrath</a>",25.0,1.0,0.0
17169,"<a href=""statss.aspx?playerid=17169&position=P"">Jose Castillo</a>",22.0,1.0,0.0
12027,"<a href=""statss.aspx?playerid=12027&position=P"">Brian Flynn</a>",28.0,1.0,0.0
16814,"<a href=""statss.aspx?playerid=16814&position=P"">Tim Hill</a>",28.0,1.0,0.0
10586,"<a href=""statss.aspx?playerid=10586&position=P"">Addison Reed</a>",29.0,0.0,0.0
6785,"<a href=""statss.aspx?playerid=6785&position=P"">Andrew Miller</a>",33.0,1.0,0.0
7677,"<a href=""statss.aspx?playerid=7677&position=P"">Neil Ramirez</a>",29.0,1.0,0.0
12076,"<a href=""statss.aspx?playerid=12076&position=P"">Felipe Vazquez</a>",26.0,1.0,0.0
18029,"<a href=""statss.aspx?playerid=18029&position=P"">Tanner Anderson</a>",25.0,1.0,0.0
4301,"<a href=""statss.aspx?playerid=4301&position=P"">Justin Wilson</a>",30.0,1.0,0.0
9346,"<a href=""statss.aspx?playerid=9346&position=P"">Brandon Morrow</a>",33.0,1.0,0.0
9939,"<a href=""statss.aspx?playerid=9939&position=P"">Brandon Kintzler</a>",33.0,1.0,0.0
14677,"<a href=""statss.aspx?playerid=14677&position=P"">Duane Underwood Jr.</a>",23.0,1.0,0.0
11632,"<a href=""statss.aspx?playerid=11632&position=P"">Heath Hembree</a>",29.0,1.0,0.0
19341,"<a href=""statss.aspx?playerid=19341&position=P"">Hector Velazquez</a>",29.0,1.0,0.0
1157,"<a href=""statss.aspx?playerid=1157&position=P"">Tommy Hunter</a>",31.0,1.0,0.0
11804,"<a href=""statss.aspx?playerid=11804&position=P"">Hector Neris</a>",29.0,1.0,0.0
12664,"<a href=""statss.aspx?playerid=12664&position=P"">Jerad Eickhoff</a>",27.0,1.0,0.0
15007,"<a href=""statss.aspx?playerid=15007&position=P"">Yacksel Rios</a>",25.0,1.0,0.0
19361,"<a href=""statss.aspx?playerid=19361&position=P"">Corbin Burnes</a>",23.0,1.0,0.0
4971,"<a href=""statss.aspx?playerid=4971&position=P"">Fernando Salas</a>",33.0,1.0,0.0
9417,"<a href=""statss.aspx?playerid=9417&position=P"">Kris Medlen</a>",32.0,1.0,0.0
12022,"<a href=""statss.aspx?playerid=12022&position=P"">Matt Andriese</a>",28.0,1.0,0.0
15570,"<a href=""statss.aspx?playerid=15570&position=P"">Troy Scribner</a>",26.0,1.0,0.0
19756,"<a href=""statss.aspx?playerid=19756&position=P"">Yoshihisa Hirano</a>",34.0,1.0,0.0
13420,"<a href=""statss.aspx?playerid=13420&position=P"">Matt Koch</a>",27.0,23.0,0.1474059760570526
7773,"<a href=""statss.aspx?playerid=7773&position=P"">Shawn Kelley</a>",34.0,1.0,0.0
8580,"<a href=""statss.aspx?playerid=8580&position=P"">Justin Miller</a>",31.0,1.0,0.0
6832,"<a href=""statss.aspx?playerid=6832&position=P"">Sam Freeman</a>",31.0,1.0,0.0
12237,"<a href=""statss.aspx?playerid=12237&position=P"">Dan Winkler</a>",28.0,1.0,0.0
14764,"<a href=""statss.aspx?playerid=14764&position=P"">Wes Parsons</a>",25.0,1.0,0.0
4259,"<a href=""statss.aspx?playerid=4259&position=P"">David Hernandez</a>",33.0,1.0,0.0
11012,"<a href=""statss.aspx?playerid=11012&position=P"">Kevin Shackelford</a>",29.0,1.0,0.0
17237,"<a href=""statss.aspx?playerid=17237&position=P"">Austin Brice</a>",26.0,1.0,0.0
5448,"<a href=""statss.aspx?playerid=5448&position=P"">Jesse Chavez</a>",34.0,1.0,0.0
17030,"<a href=""statss.aspx?playerid=17030&position=P"">Ariel Jurado</a>",22.0,1.0,0.0
15068,"<a href=""statss.aspx?playerid=15068&position=P"">Yency Almonte</a>",24.0,1.0,0.0
17432,"<a href=""statss.aspx?playerid=17432&position=P"">Jeff Hoffman</a>",25.0,1.0,0.0
12917,"<a href=""statss.aspx?playerid=12917&position=P"">Dylan Bundy</a>",25.0,5.0,0.17590614557266235
6345,"<a href=""statss.aspx?playerid=6345&position=P"">Chris Archer</a>",29.0,17.0,0.12510621197083416
13284,"<a href=""statss.aspx?playerid=13284&position=2B/OF"">Darnell Sweeney</a>",27.0,4.0,0.3447647988796234
14875,"<a href=""statss.aspx?playerid=14875&position=P"">Caleb Smith</a>",26.0,26.0,0.11993600834499706
17062,"<a href=""statss.aspx?playerid=17062&position=C"">Grayson Greiner</a>",25.0,116.0,0.27929839080777663
15423,"<a href=""statss.aspx?playerid=15423&position=P"">Andrew Heaney</a>",27.0,8.0,0.10994134098291397
16358,"<a href=""statss.aspx?playerid=16358&position=P"">Tyler Mahle</a>",23.0,34.0,0.14146437183503183
16313,"<a href=""statss.aspx?playerid=16313&position=SS/OF"">Yairo Munoz</a>",23.0,329.0,0.32632347108414456
18383,"<a href=""statss.aspx?playerid=18383&position=P"">Michael Soroka</a>",20.0,8.0,0.10994134098291397
13012,"<a href=""statss.aspx?playerid=13012&position=OF"">John Andreoli</a>",28.0,67.0,0.24621741006623454
1841,"<a href=""statss.aspx?playerid=1841&position=P"">Edwin Jackson</a>",34.0,2.0,0.0
14739,"<a href=""statss.aspx?playerid=14739&position=P"">Paul Blackburn</a>",24.0,2.0,0.0
9434,"<a href=""statss.aspx?playerid=9434&position=P"">Dallas Keuchel</a>",30.0,2.0,0.0
14120,"<a href=""statss.aspx?playerid=14120&position=P"">Lance McCullers Jr.</a>",24.0,2.0,0.0
17192,"<a href=""statss.aspx?playerid=17192&position=P"">Jalen Beeks</a>",24.0,2.0,0.0
13418,"<a href=""statss.aspx?playerid=13418&position=P"">Chris Beck</a>",27.0,2.0,0.0
16218,"<a href=""statss.aspx?playerid=16218&position=P"">Brett Graves</a>",25.0,2.0,0.0
12545,"<a href=""statss.aspx?playerid=12545&position=P"">Drew Gagnon</a>",28.0,2.0,0.0
13946,"<a href=""statss.aspx?playerid=13946&position=P"">Tim Peterson</a>",27.0,2.0,0.0
12768,"<a href=""statss.aspx?playerid=12768&position=P"">Sonny Gray</a>",28.0,2.0,0.0
19753,"<a href=""statss.aspx?playerid=19753&position=P"">Jonathan Loaisiga</a>",23.0,2.0,0.0
15655,"<a href=""statss.aspx?playerid=15655&position=P"">Yefry Ramirez</a>",24.0,2.0,0.0
5257,"<a href=""statss.aspx?playerid=5257&position=P"">Wilmer Font</a>",28.0,2.0,0.0
7146,"<a href=""statss.aspx?playerid=7146&position=P"">Daniel Hudson</a>",31.0,2.0,0.0
16727,"<a href=""statss.aspx?playerid=16727&position=P"">Brock Stewart</a>",26.0,2.0,0.0
5227,"<a href=""statss.aspx?playerid=5227&position=OF"">Jon Jay</a>",33.0,586.0,0.3013140905949827
12777,"<a href=""statss.aspx?playerid=12777&position=P"">John Brebbia</a>",28.0,2.0,0.0
3201,"<a href=""statss.aspx?playerid=3201&position=P"">Francisco Liriano</a>",34.0,2.0,0.0
4505,"<a href=""statss.aspx?playerid=4505&position=P"">Jordan Zimmermann</a>",32.0,2.0,0.0
13475,"<a href=""statss.aspx?playerid=13475&position=P"">Daniel Norris</a>",25.0,2.0,0.0
15440,"<a href=""statss.aspx?playerid=15440&position=P"">Matthew Boyd</a>",27.0,2.0,0.0
16207,"<a href=""statss.aspx?playerid=16207&position=P"">Spencer Turnbull</a>",25.0,2.0,0.0
12963,"<a href=""statss.aspx?playerid=12963&position=P"">Roberto Gomez</a>",28.0,2.0,0.0
16981,"<a href=""statss.aspx?playerid=16981&position=P"">Tyler Beede</a>",25.0,2.0,0.0
9073,"<a href=""statss.aspx?playerid=9073&position=P"">Kirby Yates</a>",31.0,2.0,0.0
3542,"<a href=""statss.aspx?playerid=3542&position=P"">Danny Duffy</a>",29.0,2.0,0.0
13619,"<a href=""statss.aspx?playerid=13619&position=P"">Jakob Junis</a>",25.0,2.0,0.0
13228,"<a href=""statss.aspx?playerid=13228&position=OF"">Michael Reed</a>",25.0,7.0,0.25129449367523193
15846,"<a href=""statss.aspx?playerid=15846&position=P"">Adam Plutko</a>",26.0,2.0,0.0
11209,"<a href=""statss.aspx?playerid=11209&position=P"">Casey Sadler</a>",27.0,2.0,0.0
11903,"<a href=""statss.aspx?playerid=11903&position=P"">Michael Feliz</a>",25.0,2.0,0.0
13549,"<a href=""statss.aspx?playerid=13549&position=P"">Richard Rodriguez</a>",28.0,2.0,0.0
16317,"<a href=""statss.aspx?playerid=16317&position=P"">Alex McRae</a>",25.0,2.0,0.0
4070,"<a href=""statss.aspx?playerid=4070&position=P"">Pedro Strop</a>",33.0,2.0,0.0
12316,"<a href=""statss.aspx?playerid=12316&position=P"">Justin Hancock</a>",27.0,2.0,0.0
10603,"<a href=""statss.aspx?playerid=10603&position=P"">Chris Sale</a>",29.0,2.0,0.0
13164,"<a href=""statss.aspx?playerid=13164&position=P"">Eduardo Rodriguez</a>",25.0,2.0,0.0
9817,"<a href=""statss.aspx?playerid=9817&position=P"">Sergio Romo</a>",35.0,1.0,0.0
14371,"<a href=""statss.aspx?playerid=14371&position=P"">Jake Thompson</a>",24.0,2.0,0.0
16904,"<a href=""statss.aspx?playerid=16904&position=P"">Aaron Wilkerson</a>",29.0,2.0,0.0
15490,"<a href=""statss.aspx?playerid=15490&position=OF"">Justin Williams</a>",22.0,1.0,0.0
13185,"<a href=""statss.aspx?playerid=13185&position=SS"">Orlando Arcia</a>",23.0,366.0,0.25348613196856357
15158,"<a href=""statss.aspx?playerid=15158&position=P"">Braden Shipley</a>",26.0,2.0,0.0
15047,"<a href=""statss.aspx?playerid=15047&position=P"">Austin Voth</a>",26.0,2.0,0.0
15071,"<a href=""statss.aspx?playerid=15071&position=P"">Kyle McGowin</a>",26.0,2.0,0.0
11241,"<a href=""statss.aspx?playerid=11241&position=2B"">Mike Freeman</a>",30.0,1.0,0.0
15166,"<a href=""statss.aspx?playerid=15166&position=P"">Luiz Gohara</a>",21.0,2.0,0.0
19990,"<a href=""statss.aspx?playerid=19990&position=P"">Bryse Wilson</a>",20.0,2.0,0.0
13470,"<a href=""statss.aspx?playerid=13470&position=P"">Lucas Sims</a>",24.0,2.0,0.0
14375,"<a href=""statss.aspx?playerid=14375&position=P"">Amir Garrett</a>",26.0,2.0,0.0
15964,"<a href=""statss.aspx?playerid=15964&position=P"">Keury Mella</a>",24.0,2.0,0.0
8173,"<a href=""statss.aspx?playerid=8173&position=P"">Yovani Gallardo</a>",32.0,2.0,0.0
14391,"<a href=""statss.aspx?playerid=14391&position=P"">Yohander Mendez</a>",23.0,2.0,0.0
14938,"<a href=""statss.aspx?playerid=14938&position=3B/SS/OF"">Jack Reinheimer</a>",25.0,35.0,0.22415147508893693
13761,"<a href=""statss.aspx?playerid=13761&position=P"">Chris Stratton</a>",27.0,50.0,0.1282938298853961
16502,"<a href=""statss.aspx?playerid=16502&position=P"">Ryan Yarbrough</a>",26.0,3.0,0.0
10314,"<a href=""statss.aspx?playerid=10314&position=P"">Erasmo Ramirez</a>",28.0,3.0,0.0
15467,"<a href=""statss.aspx?playerid=15467&position=P"">Marco Gonzales</a>",26.0,3.0,0.0
12797,"<a href=""statss.aspx?playerid=12797&position=OF"">Dalton Pompey</a>",25.0,11.0,0.22259918668053366
5702,"<a href=""statss.aspx?playerid=5702&position=P"">Junior Guerra</a>",33.0,37.0,0.13203872442245485
8536,"<a href=""statss.aspx?playerid=8536&position=P"">Tyler Cloyd</a>",31.0,3.0,0.0
14975,"<a href=""statss.aspx?playerid=14975&position=P"">Chad Kuhl</a>",25.0,27.0,0.12564724683761597
8782,"<a href=""statss.aspx?playerid=8782&position=P"">Andrew Cashner</a>",31.0,3.0,0.0
17034,"<a href=""statss.aspx?playerid=17034&position=P"">Sean Reid-Foley</a>",22.0,3.0,0.0
15885,"<a href=""statss.aspx?playerid=15885&position=P"">Fernando Romero</a>",23.0,3.0,0.0
19757,"<a href=""statss.aspx?playerid=19757&position=P"">Kazuhisa Makita</a>",33.0,3.0,0.0
4538,"<a href=""statss.aspx?playerid=4538&position=P"">Jason Hammel</a>",35.0,3.0,0.0
16155,"<a href=""statss.aspx?playerid=16155&position=P"">Eric Skoglund</a>",25.0,3.0,0.0
14374,"<a href=""statss.aspx?playerid=14374&position=P"">Tyler Glasnow</a>",24.0,3.0,0.0
16440,"<a href=""statss.aspx?playerid=16440&position=P"">James Norwood</a>",24.0,3.0,0.0
13157,"<a href=""statss.aspx?playerid=13157&position=OF"">Nicky Delmonico</a>",25.0,318.0,0.29226918043774386
15551,"<a href=""statss.aspx?playerid=15551&position=P"">Mark Leiter Jr.</a>",27.0,3.0,0.0
17117,"<a href=""statss.aspx?playerid=17117&position=P"">Austin Davis</a>",25.0,3.0,0.0
6216,"<a href=""statss.aspx?playerid=6216&position=P"">Dellin Betances</a>",30.0,1.0,0.0
15855,"<a href=""statss.aspx?playerid=15855&position=P"">Wander Suero</a>",26.0,3.0,0.0
14295,"<a href=""statss.aspx?playerid=14295&position=P"">Wandy Peralta</a>",26.0,3.0,0.0
17130,"<a href=""statss.aspx?playerid=17130&position=P"">Raisel Iglesias</a>",28.0,3.0,0.0
17075,"<a href=""statss.aspx?playerid=17075&position=2B"">Miguel Gomez</a>",25.0,15.0,0.23454152743021647
14412,"<a href=""statss.aspx?playerid=14412&position=C"">Joe Hudson</a>",27.0,12.0,0.17723380029201508
6902,"<a href=""statss.aspx?playerid=6902&position=P"">Martin Perez</a>",27.0,3.0,0.0
15454,"<a href=""statss.aspx?playerid=15454&position=P"">Nick Pivetta</a>",25.0,45.0,0.12535538701784044
16532,"<a href=""statss.aspx?playerid=16532&position=P"">Harrison Musgrave</a>",26.0,3.0,0.0
7608,"<a href=""statss.aspx?playerid=7608&position=P"">Tommy Milone</a>",31.0,9.0,0.08619119971990585
13743,"<a href=""statss.aspx?playerid=13743&position=P"">Max Fried</a>",24.0,8.0,0.10994134098291397
3254,"<a href=""statss.aspx?playerid=3254&position=P"">Jeff Samardzija</a>",33.0,11.0,0.08795307278633117
4772,"<a href=""statss.aspx?playerid=4772&position=P"">Felix Hernandez</a>",32.0,4.0,0.0
10130,"<a href=""statss.aspx?playerid=10130&position=P"">Mike Leake</a>",30.0,4.0,0.0
13267,"<a href=""statss.aspx?playerid=13267&position=2B"">Nolan Fontana</a>",27.0,12.0,0.22669650614261627
15482,"<a href=""statss.aspx?playerid=15482&position=OF"">Aristides Aquino</a>",24.0,1.0,0.0
4026,"<a href=""statss.aspx?playerid=4026&position=P"">Hector Santiago</a>",30.0,4.0,0.0
12499,"<a href=""statss.aspx?playerid=12499&position=P"">Drew Rucinski</a>",29.0,4.0,0.0
16929,"<a href=""statss.aspx?playerid=16929&position=P"">Touki Toussaint</a>",22.0,10.0,0.08795307278633117
2520,"<a href=""statss.aspx?playerid=2520&position=P"">Lance Lynn</a>",31.0,4.0,0.0
5420,"<a href=""statss.aspx?playerid=5420&position=P"">Pedro Baez</a>",30.0,4.0,0.0
8137,"<a href=""statss.aspx?playerid=8137&position=P"">Jaime Garcia</a>",31.0,4.0,0.0
14168,"<a href=""statss.aspx?playerid=14168&position=P"">Jose Berrios</a>",24.0,4.0,0.0
12703,"<a href=""statss.aspx?playerid=12703&position=P"">Trevor Bauer</a>",27.0,3.0,0.0
15288,"<a href=""statss.aspx?playerid=15288&position=P"">Adam Cimber</a>",27.0,4.0,0.0
12808,"<a href=""statss.aspx?playerid=12808&position=P"">Mike Clevinger</a>",27.0,4.0,0.0
10533,"<a href=""statss.aspx?playerid=10533&position=C"">Rocky Gale</a>",30.0,2.0,0.0
15130,"<a href=""statss.aspx?playerid=15130&position=P"">Drew Anderson</a>",24.0,4.0,0.0
11836,"<a href=""statss.aspx?playerid=11836&position=P"">Taijuan Walker</a>",25.0,4.0,0.0
8362,"<a href=""statss.aspx?playerid=8362&position=P"">Homer Bailey</a>",32.0,34.0,0.12326376967959934
10166,"<a href=""statss.aspx?playerid=10166&position=2B"">Nick Franklin</a>",27.0,2.0,0.0
375,"<a href=""statss.aspx?playerid=375&position=P"">Bartolo Colon</a>",45.0,4.0,0.0
15189,"<a href=""statss.aspx?playerid=15189&position=OF"">Dustin Peterson</a>",23.0,2.0,0.0
14556,"<a href=""statss.aspx?playerid=14556&position=2B/SS"">Max Moroff</a>",25.0,67.0,0.2780883014202118
14309,"<a href=""statss.aspx?playerid=14309&position=P"">Frankie Montas</a>",25.0,5.0,0.0
2233,"<a href=""statss.aspx?playerid=2233&position=P"">Adam Wainwright</a>",36.0,12.0,0.0799573388966647
15496,"<a href=""statss.aspx?playerid=15496&position=SS"">Abiatal Avelino</a>",23.0,11.0,0.2398720166899941
13074,"<a href=""statss.aspx?playerid=13074&position=P"">Yu Darvish</a>",31.0,14.0,0.10393957297007243
3516,"<a href=""statss.aspx?playerid=3516&position=1B"">Eric Hosmer</a>",28.0,677.0,0.30948100829946584
18356,"<a href=""statss.aspx?playerid=18356&position=P"">Jaime Barria</a>",21.0,5.0,0.0
15890,"<a href=""statss.aspx?playerid=15890&position=P"">Luis Severino</a>",24.0,5.0,0.0
11479,"<a href=""statss.aspx?playerid=11479&position=P"">Bryan Mitchell</a>",27.0,19.0,0.09772563642925686
18282,"<a href=""statss.aspx?playerid=18282&position=P"">Jarlin Garcia</a>",25.0,11.0,0.06895295977592468
15764,"<a href=""statss.aspx?playerid=15764&position=P"">Masahiro Tanaka</a>",29.0,6.0,0.0
13649,"<a href=""statss.aspx?playerid=13649&position=P"">Clay Holmes</a>",25.0,6.0,0.0
15101,"<a href=""statss.aspx?playerid=15101&position=P"">Luke Farrell</a>",27.0,5.0,0.0
18403,"<a href=""statss.aspx?playerid=18403&position=P"">Enyel De Los Santos</a>",22.0,5.0,0.0
13718,"<a href=""statss.aspx?playerid=13718&position=2B/OF"">Christopher Bostick</a>",25.0,18.0,0.24363308482699925
11400,"<a href=""statss.aspx?playerid=11400&position=2B/3B/SS"">Ronald Torreyes</a>",25.0,102.0,0.2870474749920415
12972,"<a href=""statss.aspx?playerid=12972&position=P"">Joe Ross</a>",25.0,5.0,0.0
15258,"<a href=""statss.aspx?playerid=15258&position=P"">Shane Carle</a>",26.0,5.0,0.0
13394,"<a href=""statss.aspx?playerid=13394&position=P"">Dylan Floro</a>",27.0,5.0,0.0
12758,"<a href=""statss.aspx?playerid=12758&position=2B/3B"">Breyvic Valera</a>",26.0,75.0,0.25641619097696594
16725,"<a href=""statss.aspx?playerid=16725&position=C"">Jose Trevino</a>",25.0,8.0,0.21988268196582794
14335,"<a href=""statss.aspx?playerid=14335&position=2B"">Dilson Herrera</a>",24.0,97.0,0.29509574973706115
16977,"<a href=""statss.aspx?playerid=16977&position=P"">Trevor Williams</a>",26.0,51.0,0.12837139632966782
16246,"<a href=""statss.aspx?playerid=16246&position=1B/DH"">A.J. Reed</a>",25.0,3.0,0.0
9968,"<a href=""statss.aspx?playerid=9968&position=C"">Dan Butler</a>",31.0,7.0,0.12564724683761597
3256,"<a href=""statss.aspx?playerid=3256&position=C"">Welington Castillo</a>",31.0,181.0,0.30843902622138597
15474,"<a href=""statss.aspx?playerid=15474&position=P"">Lucas Giolito</a>",23.0,6.0,0.0
13403,"<a href=""statss.aspx?playerid=13403&position=P"">Felix Pena</a>",28.0,6.0,0.0
13892,"<a href=""statss.aspx?playerid=13892&position=P"">Paul Sewald</a>",28.0,6.0,0.0
10591,"<a href=""statss.aspx?playerid=10591&position=P"">Scott Alexander</a>",28.0,6.0,0.0
9174,"<a href=""statss.aspx?playerid=9174&position=P"">Casey Kelly</a>",28.0,6.0,0.0
2429,"<a href=""statss.aspx?playerid=2429&position=P"">Corey Kluber</a>",32.0,6.0,0.0
6483,"<a href=""statss.aspx?playerid=6483&position=P"">Steve Cishek</a>",32.0,6.0,0.14658845464388529
19320,"<a href=""statss.aspx?playerid=19320&position=P"">Joey Lucchesi</a>",25.0,39.0,0.11582512427599002
9854,"<a href=""statss.aspx?playerid=9854&position=1B/OF"">Efren Navarro</a>",32.0,6.0,0.14658845464388529
14103,"<a href=""statss.aspx?playerid=14103&position=3B"">Rio Ruiz</a>",24.0,15.0,0.19858432213465374
12037,"<a href=""statss.aspx?playerid=12037&position=3B"">Jon Berti</a>",28.0,15.0,0.3056387265523275
15481,"<a href=""statss.aspx?playerid=15481&position=2B/SS"">Engelb Vielma</a>",24.0,8.0,0.19613254070281982
13269,"<a href=""statss.aspx?playerid=13269&position=SS"">Zach Vincej</a>",27.0,4.0,0.4397653639316559
16285,"<a href=""statss.aspx?playerid=16285&position=OF"">Michael Hermosillo</a>",23.0,62.0,0.26912228522762177
9807,"<a href=""statss.aspx?playerid=9807&position=2B/SS"">Ryan Goins</a>",30.0,120.0,0.24593768350216522
10131,"<a href=""statss.aspx?playerid=10131&position=P"">Stephen Strasburg</a>",29.0,51.0,0.13434215894965237
6364,"<a href=""statss.aspx?playerid=6364&position=3B"">Danny Valencia</a>",33.0,282.0,0.3097196338432176
13218,"<a href=""statss.aspx?playerid=13218&position=P"">Michael Fulmer</a>",25.0,7.0,0.0
16403,"<a href=""statss.aspx?playerid=16403&position=C"">Francisco Mejia</a>",22.0,62.0,0.27665341477240285
4930,"<a href=""statss.aspx?playerid=4930&position=P"">Jon Lester</a>",34.0,65.0,0.12386462445986474
13414,"<a href=""statss.aspx?playerid=13414&position=OF"">Andrew Toles</a>",26.0,32.0,0.24457203188250143
14932,"<a href=""statss.aspx?playerid=14932&position=P"">Ben Lively</a>",26.0,7.0,0.0
9787,"<a href=""statss.aspx?playerid=9787&position=C"">Steven Baron</a>",27.0,5.0,0.17590614557266235
3237,"<a href=""statss.aspx?playerid=3237&position=P"">T.J. McFarland</a>",29.0,7.0,0.0
14528,"<a href=""statss.aspx?playerid=14528&position=OF"">Gabriel Guerrero</a>",24.0,18.0,0.21054944064882067
14131,"<a href=""statss.aspx?playerid=14131&position=1B"">Greg Bird</a>",25.0,311.0,0.2914154439203201
16208,"<a href=""statss.aspx?playerid=16208&position=P"">Brandon Finnegan</a>",25.0,7.0,0.0
18684,"<a href=""statss.aspx?playerid=18684&position=P"">Sandy Alcantara</a>",22.0,13.0,0.053040738289172835
8609,"<a href=""statss.aspx?playerid=8609&position=C"">Tim Federowicz</a>",30.0,42.0,0.28374071632112774
10067,"<a href=""statss.aspx?playerid=10067&position=C/1B"">Tomas Telis</a>",27.0,31.0,0.22658024872502974
15232,"<a href=""statss.aspx?playerid=15232&position=P"">Cody Reed</a>",25.0,12.0,0.05746079981327057
17109,"<a href=""statss.aspx?playerid=17109&position=C"">Meibrys Viloria</a>",21.0,29.0,0.27077617815562655
13130,"<a href=""statss.aspx?playerid=13130&position=OF"">Mikie Mahtook</a>",28.0,250.0,0.2761449134014696
7185,"<a href=""statss.aspx?playerid=7185&position=2B"">Logan Forsythe</a>",31.0,416.0,0.273657477332885
17425,"<a href=""statss.aspx?playerid=17425&position=P"">Erick Fedde</a>",25.0,17.0,0.09229766621309168
6397,"<a href=""statss.aspx?playerid=6397&position=P"">Jake Odorizzi</a>",28.0,8.0,0.0
13799,"<a href=""statss.aspx?playerid=13799&position=P"">Matt Strahm</a>",26.0,8.0,0.0
2495,"<a href=""statss.aspx?playerid=2495&position=3B"">Pedro Alvarez</a>",31.0,127.0,0.3036925858399999
17588,"<a href=""statss.aspx?playerid=17588&position=2B/SS"">Blake Trahan</a>",24.0,14.0,0.18847087025642395
13125,"<a href=""statss.aspx?playerid=13125&position=P"">Gerrit Cole</a>",27.0,9.0,0.0
15115,"<a href=""statss.aspx?playerid=15115&position=OF"">Dylan Cozens</a>",24.0,44.0,0.2568442726677114
15104,"<a href=""statss.aspx?playerid=15104&position=OF"">Jonathan Davis</a>",26.0,27.0,0.22870749235153198
17877,"<a href=""statss.aspx?playerid=17877&position=P"">Brett Kennedy</a>",23.0,9.0,0.0
4662,"<a href=""statss.aspx?playerid=4662&position=P"">Brandon McCarthy</a>",34.0,31.0,0.11634760272913966
5667,"<a href=""statss.aspx?playerid=5667&position=OF"">Steven Souza Jr.</a>",29.0,272.0,0.29945321512572903
12804,"<a href=""statss.aspx?playerid=12804&position=P"">Matt Wisler</a>",25.0,9.0,0.0
16153,"<a href=""statss.aspx?playerid=16153&position=OF"">Austin Slater</a>",25.0,225.0,0.28719919358668305
3878,"<a href=""statss.aspx?playerid=3878&position=C"">Chris Stewart</a>",36.0,17.0,0.19577186949112835
12775,"<a href=""statss.aspx?playerid=12775&position=SS"">Brad Miller</a>",28.0,254.0,0.3116622880513489
3882,"<a href=""statss.aspx?playerid=3882&position=OF"">Chris Young</a>",34.0,128.0,0.26833266019821167
10953,"<a href=""statss.aspx?playerid=10953&position=2B/3B"">Phil Gosselin</a>",29.0,28.0,0.21698069351690788
13176,"<a href=""statss.aspx?playerid=13176&position=C/OF"">Blake Swihart</a>",26.0,207.0,0.27137019668800244
18146,"<a href=""statss.aspx?playerid=18146&position=OF"">Kevin Kaczmarski</a>",26.0,5.0,0.13790591955184936
13788,"<a href=""statss.aspx?playerid=13788&position=3B/SS"">Matt Reynolds</a>",27.0,14.0,0.17489936096327646
4869,"<a href=""statss.aspx?playerid=4869&position=P"">Mike Montgomery</a>",28.0,35.0,0.09788593474556417
1159,"<a href=""statss.aspx?playerid=1159&position=3B/SS"">Andrew Romine</a>",32.0,131.0,0.2281051371979901
10681,"<a href=""statss.aspx?playerid=10681&position=3B"">Gio Urshela</a>",26.0,46.0,0.26986050605773926
16933,"<a href=""statss.aspx?playerid=16933&position=P"">Elieser Hernandez</a>",23.0,11.0,0.0
15983,"<a href=""statss.aspx?playerid=15983&position=OF"">Jackson Frazier</a>",23.0,41.0,0.3391952878091393
14897,"<a href=""statss.aspx?playerid=14897&position=DH/OF"">Daniel Palka</a>",26.0,449.0,0.32894184904782764
14509,"<a href=""statss.aspx?playerid=14509&position=P"">Dereck Rodriguez</a>",26.0,39.0,0.09394801035523415
14078,"<a href=""statss.aspx?playerid=14078&position=P"">Michael Wacha</a>",26.0,32.0,0.09417657898022579
13183,"<a href=""statss.aspx?playerid=13183&position=P"">Zach Davies</a>",25.0,19.0,0.05863538185755412
16263,"<a href=""statss.aspx?playerid=16263&position=1B/OF"">Sam Travis</a>",24.0,38.0,0.2807851371012236
13006,"<a href=""statss.aspx?playerid=13006&position=3B"">Mitch Walding</a>",25.0,19.0,0.17946777218266538
6448,"<a href=""statss.aspx?playerid=6448&position=1B/OF"">Jim Adduci</a>",33.0,185.0,0.29108413060506183
15769,"<a href=""statss.aspx?playerid=15769&position=OF"">Rafael Bautista</a>",25.0,6.0,0.0
13774,"<a href=""statss.aspx?playerid=13774&position=P"">Zach Eflin</a>",24.0,50.0,0.10612319680777463
15112,"<a href=""statss.aspx?playerid=15112&position=3B"">Ryan McMahon</a>",23.0,202.0,0.2958900693058968
13273,"<a href=""statss.aspx?playerid=13273&position=P"">Ross Stripling</a>",28.0,37.0,0.0799573388966647
12880,"<a href=""statss.aspx?playerid=12880&position=P"">Tyler Anderson</a>",28.0,60.0,0.13308180261541297
19316,"<a href=""statss.aspx?playerid=19316&position=P"">Eric Lauer</a>",23.0,37.0,0.08801047503948212
5557,"<a href=""statss.aspx?playerid=5557&position=C"">Jarrod Saltalamacchia</a>",33.0,8.0,0.08619119971990585
16291,"<a href=""statss.aspx?playerid=16291&position=C"">Nick Ciuffo</a>",23.0,44.0,0.24915525459107898
11863,"<a href=""statss.aspx?playerid=11863&position=3B/SS"">Yadiel Rivera</a>",26.0,160.0,0.21908115429483402
5503,"<a href=""statss.aspx?playerid=5503&position=2B"">Corban Joseph</a>",29.0,19.0,0.24081035036789744
6893,"<a href=""statss.aspx?playerid=6893&position=P"">Johnny Cueto</a>",32.0,13.0,0.0
7740,"<a href=""statss.aspx?playerid=7740&position=2B/3B/OF"">Ty Kelly</a>",29.0,12.0,0.13075502713521323
13723,"<a href=""statss.aspx?playerid=13723&position=C"">Jacob Stallings</a>",28.0,41.0,0.22206913698010328
3543,"<a href=""statss.aspx?playerid=3543&position=P"">Clay Buchholz</a>",33.0,37.0,0.08801047503948212
13419,"<a href=""statss.aspx?playerid=13419&position=1B"">Christian Walker</a>",27.0,53.0,0.2644224729178087
19309,"<a href=""statss.aspx?playerid=19309&position=P"">Trevor Richards</a>",25.0,36.0,0.07651847042143345
15689,"<a href=""statss.aspx?playerid=15689&position=P"">Luis Castillo</a>",25.0,65.0,0.11514733951599872
18498,"<a href=""statss.aspx?playerid=18498&position=P"">Kenta Maeda</a>",30.0,40.0,0.08245600573718548
2578,"<a href=""statss.aspx?playerid=2578&position=OF"">Peter Bourjos</a>",31.0,47.0,0.25826816584752954
15488,"<a href=""statss.aspx?playerid=15488&position=P"">Antonio Senzatela</a>",23.0,29.0,0.08861690014600754
14329,"<a href=""statss.aspx?playerid=14329&position=OF"">Anthony Alford</a>",23.0,21.0,0.14943431672595797
11902,"<a href=""statss.aspx?playerid=11902&position=2B/3B"">Hanser Alberto</a>",25.0,30.0,0.22455865966862645
5408,"<a href=""statss.aspx?playerid=5408&position=OF"">Jake Smolinski</a>",29.0,41.0,0.1676540520133042
15103,"<a href=""statss.aspx?playerid=15103&position=OF"">Boog Powell</a>",25.0,25.0,0.21096441984176637
13369,"<a href=""statss.aspx?playerid=13369&position=3B/SS"">Erik Gonzalez</a>",26.0,143.0,0.2942556438746152
14361,"<a href=""statss.aspx?playerid=14361&position=P"">Ty Blach</a>",27.0,34.0,0.0728577394639292
4866,"<a href=""statss.aspx?playerid=4866&position=OF"">Jarrod Dyson</a>",33.0,237.0,0.24444369868985538
8370,"<a href=""statss.aspx?playerid=8370&position=2B"">Dustin Pedroia</a>",34.0,13.0,0.17373768641398504
7949,"<a href=""statss.aspx?playerid=7949&position=SS"">Tim Beckham</a>",28.0,402.0,0.2882921676386027
17932,"<a href=""statss.aspx?playerid=17932&position=OF"">Andrew Stevenson</a>",24.0,86.0,0.2759437925675336
12950,"<a href=""statss.aspx?playerid=12950&position=3B/OF"">Phillip Evans</a>",25.0,23.0,0.17468049474384473
5666,"<a href=""statss.aspx?playerid=5666&position=C"">Devin Mesoraco</a>",30.0,274.0,0.3021650435299891
2502,"<a href=""statss.aspx?playerid=2502&position=1B/OF"">Lucas Duda</a>",32.0,367.0,0.31544492244720457
17775,"<a href=""statss.aspx?playerid=17775&position=P"">Jacob Nix</a>",22.0,16.0,0.0
12508,"<a href=""statss.aspx?playerid=12508&position=C"">Jett Bandy</a>",28.0,71.0,0.2449358198004709
15730,"<a href=""statss.aspx?playerid=15730&position=2B/OF"">Tyler Wade</a>",23.0,70.0,0.21507472481046405
14267,"<a href=""statss.aspx?playerid=14267&position=C"">Alfredo Gonzalez</a>",25.0,9.0,0.09772563642925686
12606,"<a href=""statss.aspx?playerid=12606&position=C"">Raffy Lopez</a>",30.0,117.0,0.23610728613117285
9308,"<a href=""statss.aspx?playerid=9308&position=C"">Josh Phegley</a>",30.0,102.0,0.2592670672080096
16451,"<a href=""statss.aspx?playerid=16451&position=2B/3B"">Luis Guillorme</a>",23.0,74.0,0.24156250905346227
18288,"<a href=""statss.aspx?playerid=18288&position=OF"">Austin Dean</a>",24.0,122.0,0.2814056785380254
16839,"<a href=""statss.aspx?playerid=16839&position=OF"">Braxton Lee</a>",24.0,18.0,0.18489565451939902
10951,"<a href=""statss.aspx?playerid=10951&position=2B/3B"">Greg Garcia</a>",28.0,208.0,0.2758415011526312
13499,"<a href=""statss.aspx?playerid=13499&position=C"">Tom Murphy</a>",27.0,96.0,0.26762866158234444
13906,"<a href=""statss.aspx?playerid=13906&position=2B"">Sherman Johnson</a>",27.0,11.0,0.06547044623981822
14113,"<a href=""statss.aspx?playerid=14113&position=2B/3B"">Ramon Torres</a>",25.0,29.0,0.18810094430528837
10587,"<a href=""statss.aspx?playerid=10587&position=P"">Chad Bettis</a>",29.0,39.0,0.11160142719745636
13770,"<a href=""statss.aspx?playerid=13770&position=OF"">Rob Refsnyder</a>",27.0,103.0,0.27579206754179564
13677,"<a href=""statss.aspx?playerid=13677&position=P"">Corey Oswalt</a>",24.0,19.0,0.0
18300,"<a href=""statss.aspx?playerid=18300&position=P"">Andrew Suarez</a>",25.0,51.0,0.08199288528792713
791,"<a href=""statss.aspx?playerid=791&position=2B"">Brandon Phillips</a>",37.0,27.0,0.24251882676725034
3364,"<a href=""statss.aspx?playerid=3364&position=C"">Miguel Montero</a>",34.0,13.0,0.05746079981327057
10473,"<a href=""statss.aspx?playerid=10473&position=3B"">Cheslor Cuthbert</a>",25.0,117.0,0.26329206401466304
4371,"<a href=""statss.aspx?playerid=4371&position=P"">Jeremy Hellickson</a>",31.0,35.0,0.06646267510950565
13633,"<a href=""statss.aspx?playerid=13633&position=OF"">Preston Tucker</a>",27.0,184.0,0.3055419792299685
12937,"<a href=""statss.aspx?playerid=12937&position=1B/OF"">Jose Osuna</a>",25.0,111.0,0.2762260517558536
2616,"<a href=""statss.aspx?playerid=2616&position=SS"">Zack Cozart</a>",32.0,253.0,0.28922483289665857
19287,"<a href=""statss.aspx?playerid=19287&position=OF"">Adolis Garcia</a>",25.0,17.0,0.12510621197083416
18679,"<a href=""statss.aspx?playerid=18679&position=P"">Freddy Peralta</a>",22.0,27.0,0.033828104917819686
13005,"<a href=""statss.aspx?playerid=13005&position=2B"">Kelby Tomlinson</a>",28.0,152.0,0.23854908327393184
12174,"<a href=""statss.aspx?playerid=12174&position=OF"">Jorge Bonifacio</a>",25.0,270.0,0.29570459763505563
7448,"<a href=""statss.aspx?playerid=7448&position=P"">Gio Gonzalez</a>",32.0,55.0,0.08798839724980868
6895,"<a href=""statss.aspx?playerid=6895&position=P"">Chase Anderson</a>",30.0,49.0,0.07818050914340549
14916,"<a href=""statss.aspx?playerid=14916&position=P"">Jon Gray</a>",26.0,61.0,0.11494909091429277
5352,"<a href=""statss.aspx?playerid=5352&position=2B/3B"">Yangervis Solarte</a>",30.0,506.0,0.28373733032790444
14968,"<a href=""statss.aspx?playerid=14968&position=C"">Victor Caratini</a>",24.0,200.0,0.26753611064920524
10286,"<a href=""statss.aspx?playerid=10286&position=C"">Francisco Arcia</a>",28.0,106.0,0.2768540747885434
1736,"<a href=""statss.aspx?playerid=1736&position=SS"">Jose Reyes</a>",35.0,251.0,0.25467552262616444
16192,"<a href=""statss.aspx?playerid=16192&position=OF"">Derek Fisher</a>",24.0,86.0,0.251391330430674
12594,"<a href=""statss.aspx?playerid=12594&position=C"">Mike Marjama</a>",28.0,29.0,0.17658220077383108
13153,"<a href=""statss.aspx?playerid=13153&position=2B/SS"">Luis Sardinas</a>",25.0,20.0,0.2144709199666977
14111,"<a href=""statss.aspx?playerid=14111&position=C"">Eric Haase</a>",25.0,17.0,0.14583743319791906
17738,"<a href=""statss.aspx?playerid=17738&position=OF"">Chris Shaw</a>",24.0,62.0,0.2501419436547064
14862,"<a href=""statss.aspx?playerid=14862&position=P"">Zack Godley</a>",28.0,65.0,0.09467913288819163
16256,"<a href=""statss.aspx?playerid=16256&position=P"">Kyle Freeland</a>",25.0,71.0,0.1103243560933355
11486,"<a href=""statss.aspx?playerid=11486&position=P"">Robbie Ray</a>",26.0,44.0,0.07515840828418732
13690,"<a href=""statss.aspx?playerid=13690&position=P"">Sal Romano</a>",24.0,40.0,0.05907793343067169
17292,"<a href=""statss.aspx?playerid=17292&position=P"">Javy Guerra</a>",22.0,19.0,0.20145527626338758
11713,"<a href=""statss.aspx?playerid=11713&position=P"">Matt Harvey</a>",29.0,57.0,0.08903967467221346
4806,"<a href=""statss.aspx?playerid=4806&position=P"">Rich Hill</a>",38.0,45.0,0.08181681189426156
13755,"<a href=""statss.aspx?playerid=13755&position=C"">Tomas Nido</a>",24.0,90.0,0.19251198636160957
3395,"<a href=""statss.aspx?playerid=3395&position=2B/SS"">Cliff Pennington</a>",34.0,34.0,0.20487561471322002
4243,"<a href=""statss.aspx?playerid=4243&position=C"">Jose Lobaton</a>",33.0,57.0,0.21785305989416023
5677,"<a href=""statss.aspx?playerid=5677&position=C"">A.J. Ellis</a>",37.0,183.0,0.324650422487845
13866,"<a href=""statss.aspx?playerid=13866&position=C"">Bruce Maxwell</a>",27.0,58.0,0.2206317381612186
12399,"<a href=""statss.aspx?playerid=12399&position=SS"">Taylor Motter</a>",28.0,38.0,0.2186070994326943
11589,"<a href=""statss.aspx?playerid=11589&position=P"">Jose Urena</a>",26.0,52.0,0.05747622859721281
11674,"<a href=""statss.aspx?playerid=11674&position=P"">Jameson Taillon</a>",26.0,63.0,0.07888614925844915
12049,"<a href=""statss.aspx?playerid=12049&position=P"">Kyle Hendricks</a>",28.0,66.0,0.08491816539918223
6589,"<a href=""statss.aspx?playerid=6589&position=2B"">Sean Rodriguez</a>",33.0,173.0,0.2644330696311108
4141,"<a href=""statss.aspx?playerid=4141&position=P"">Derek Holland</a>",31.0,56.0,0.06844196165049518
14551,"<a href=""statss.aspx?playerid=14551&position=OF"">Anthony Santander</a>",23.0,108.0,0.2420064757267634
10340,"<a href=""statss.aspx?playerid=10340&position=2B/SS"">Gift Ngoepe</a>",28.0,19.0,0.0825821224011873
6885,"<a href=""statss.aspx?playerid=6885&position=SS/OF"">Ian Desmond</a>",32.0,619.0,0.3150898572117765
2802,"<a href=""statss.aspx?playerid=2802&position=C"">Tony Cruz</a>",31.0,26.0,0.19373710797383234
11875,"<a href=""statss.aspx?playerid=11875&position=2B/SS"">Ronny Rodriguez</a>",26.0,206.0,0.25697677006275194
11423,"<a href=""statss.aspx?playerid=11423&position=P"">Jose Quintana</a>",29.0,58.0,0.06765620983563937
11761,"<a href=""statss.aspx?playerid=11761&position=OF"">Drew Robinson</a>",26.0,125.0,0.2654417104721069
11611,"<a href=""statss.aspx?playerid=11611&position=OF"">Rosell Herrera</a>",25.0,302.0,0.26613543794004624
13132,"<a href=""statss.aspx?playerid=13132&position=C"">Andrew Susac</a>",28.0,26.0,0.11562832043721126
1908,"<a href=""statss.aspx?playerid=1908&position=1B"">Adrian Gonzalez</a>",36.0,187.0,0.28762101317229477
13325,"<a href=""statss.aspx?playerid=13325&position=3B"">Deven Marrero</a>",27.0,85.0,0.19573570630129647
13781,"<a href=""statss.aspx?playerid=13781&position=P"">Alex Wood</a>",27.0,50.0,0.03997866944833235
17548,"<a href=""statss.aspx?playerid=17548&position=OF"">Taylor Ward</a>",24.0,147.0,0.2550071258934177
7087,"<a href=""statss.aspx?playerid=7087&position=C"">Caleb Joseph</a>",32.0,280.0,0.251141010433115
15694,"<a href=""statss.aspx?playerid=15694&position=C"">Chance Sisco</a>",23.0,184.0,0.2588953725669695
15214,"<a href=""statss.aspx?playerid=15214&position=1B/OF"">Brandon Dixon</a>",26.0,124.0,0.2465344878935045
15450,"<a href=""statss.aspx?playerid=15450&position=2B/SS"">Daniel Castro</a>",25.0,47.0,0.18598451562549756
3284,"<a href=""statss.aspx?playerid=3284&position=P"">Anibal Sanchez</a>",34.0,44.0,0.03735857918148949
7888,"<a href=""statss.aspx?playerid=7888&position=2B/3B"">Ryan Flaherty</a>",31.0,182.0,0.25800127195099654
12944,"<a href=""statss.aspx?playerid=12944&position=OF"">Socrates Brito</a>",25.0,44.0,0.21310458264567636
15274,"<a href=""statss.aspx?playerid=15274&position=OF"">Mike Tauchman</a>",27.0,37.0,0.16012374228901333
16943,"<a href=""statss.aspx?playerid=16943&position=P"">Sean Newcomb</a>",25.0,53.0,0.06122467828833539
9893,"<a href=""statss.aspx?playerid=9893&position=OF"">Colby Rasmus</a>",31.0,49.0,0.19561204010126543
11615,"<a href=""statss.aspx?playerid=11615&position=2B/3B"">Brandon Drury</a>",25.0,86.0,0.23631663724433544
3376,"<a href=""statss.aspx?playerid=3376&position=C"">Nick Hundley</a>",34.0,305.0,0.30366315326281507
11255,"<a href=""statss.aspx?playerid=11255&position=OF"">Matt Szczur</a>",28.0,84.0,0.24197827907929936
8553,"<a href=""statss.aspx?playerid=8553&position=OF"">Gerardo Parra</a>",31.0,443.0,0.3128382941903589
14548,"<a href=""statss.aspx?playerid=14548&position=2B/3B"">Jesmuel Valentin</a>",24.0,89.0,0.24987162030145024
15181,"<a href=""statss.aspx?playerid=15181&position=OF"">Ryan Cordell</a>",26.0,40.0,0.14393349289894103
18345,"<a href=""statss.aspx?playerid=18345&position=OF"">Kyle Tucker</a>",21.0,72.0,0.2073264734612571
4720,"<a href=""statss.aspx?playerid=4720&position=3B"">Chase Headley</a>",34.0,60.0,0.18704093197981517
1177,"<a href=""statss.aspx?playerid=1177&position=1B"">Albert Pujols</a>",38.0,498.0,0.2993426927412399
12983,"<a href=""statss.aspx?playerid=12983&position=OF"">Charlie Tilson</a>",25.0,121.0,0.2822778750274141
16149,"<a href=""statss.aspx?playerid=16149&position=P"">Aaron Nola</a>",25.0,70.0,0.05866453855756729
7168,"<a href=""statss.aspx?playerid=7168&position=C"">Juan Centeno</a>",28.0,38.0,0.19699357528435557
10323,"<a href=""statss.aspx?playerid=10323&position=OF"">Rafael Ortega</a>",27.0,143.0,0.25148737638980356
15653,"<a href=""statss.aspx?playerid=15653&position=1B"">Dominic Smith</a>",23.0,149.0,0.2875425483556402
9892,"<a href=""statss.aspx?playerid=9892&position=OF"">Jay Bruce</a>",31.0,361.0,0.29590774517433316
10811,"<a href=""statss.aspx?playerid=10811&position=P"">Mike Foltynewicz</a>",26.0,66.0,0.05183338502357746
6848,"<a href=""statss.aspx?playerid=6848&position=3B/SS"">Eduardo Nunez</a>",31.0,502.0,0.2918971261816348
13620,"<a href=""statss.aspx?playerid=13620&position=C"">Carson Kelly</a>",23.0,42.0,0.1617150413684356
14713,"<a href=""statss.aspx?playerid=14713&position=2B/3B"">Dawel Lugo</a>",23.0,101.0,0.2548347516815261
3123,"<a href=""statss.aspx?playerid=3123&position=OF"">Gregor Blanco</a>",34.0,203.0,0.25400030229351306
6050,"<a href=""statss.aspx?playerid=6050&position=OF"">Moises Sierra</a>",29.0,60.0,0.19117789765199025
14558,"<a href=""statss.aspx?playerid=14558&position=OF"">Carlos Tocci</a>",22.0,135.0,0.24647187493568243
14161,"<a href=""statss.aspx?playerid=14161&position=OF"">Byron Buxton</a>",24.0,94.0,0.17046231800510037
14523,"<a href=""statss.aspx?playerid=14523&position=C"">Pedro Severino</a>",24.0,213.0,0.2214899048850867
9848,"<a href=""statss.aspx?playerid=9848&position=OF"">Austin Jackson</a>",31.0,375.0,0.27461998584123465
3708,"<a href=""statss.aspx?playerid=3708&position=OF"">Rajai Davis</a>",37.0,216.0,0.2510441212721591
17098,"<a href=""statss.aspx?playerid=17098&position=OF"">Dustin Fowler</a>",23.0,203.0,0.26337280590545953
16219,"<a href=""statss.aspx?playerid=16219&position=3B"">J.D. Davis</a>",25.0,113.0,0.2178197798475755
1101,"<a href=""statss.aspx?playerid=1101&position=OF"">Ichiro Suzuki</a>",44.0,47.0,0.21243330519250098
11247,"<a href=""statss.aspx?playerid=11247&position=OF"">Jabari Blash</a>",28.0,45.0,0.16296700106726753
7539,"<a href=""statss.aspx?playerid=7539&position=2B"">Neil Walker</a>",32.0,398.0,0.29142476712601095
17689,"<a href=""statss.aspx?playerid=17689&position=2B/3B/OF"">Kevin Kramer</a>",24.0,40.0,0.14441782087087632
1994,"<a href=""statss.aspx?playerid=1994&position=P"">Ivan Nova</a>",31.0,56.0,0.016594919393647392
12859,"<a href=""statss.aspx?playerid=12859&position=C"">James McCann</a>",28.0,457.0,0.2563201228168913
16041,"<a href=""statss.aspx?playerid=16041&position=2B/OF"">Stevie Wilkerson</a>",26.0,49.0,0.20832789917381442
11385,"<a href=""statss.aspx?playerid=11385&position=OF"">Matt den Dekker</a>",30.0,21.0,0.06566948550088066
17838,"<a href=""statss.aspx?playerid=17838&position=DH/OF"">Willie Calhoun</a>",23.0,108.0,0.26248467354862776
15447,"<a href=""statss.aspx?playerid=15447&position=1B/3B"">Ryon Healy</a>",26.0,524.0,0.29624145335823526
12409,"<a href=""statss.aspx?playerid=12409&position=1B/OF"">Ryan Rua</a>",28.0,147.0,0.24761869249672724
13359,"<a href=""statss.aspx?playerid=13359&position=OF"">Tyler Naquin</a>",27.0,183.0,0.28227754706864827
14942,"<a href=""statss.aspx?playerid=14942&position=C"">Andrew Knapp</a>",26.0,215.0,0.2725410847596719
9205,"<a href=""statss.aspx?playerid=9205&position=1B/OF"">Logan Morrison</a>",30.0,359.0,0.28330782412818545
16115,"<a href=""statss.aspx?playerid=16115&position=OF"">Mike Gerber</a>",25.0,47.0,0.1413613925588892
10030,"<a href=""statss.aspx?playerid=10030&position=2B/SS"">Chris Owings</a>",26.0,309.0,0.25037730228705485
15197,"<a href=""statss.aspx?playerid=15197&position=2B"">Carlos Asuaje</a>",26.0,218.0,0.254931736599516
17975,"<a href=""statss.aspx?playerid=17975&position=SS/OF"">Scott Kingery</a>",24.0,484.0,0.26252125212864846
11494,"<a href=""statss.aspx?playerid=11494&position=2B/3B"">Kaleb Cowart</a>",26.0,124.0,0.20348913246585476
3411,"<a href=""statss.aspx?playerid=3411&position=C"">Drew Butera</a>",34.0,182.0,0.25171613693237305
7927,"<a href=""statss.aspx?playerid=7927&position=2B"">Eric Sogard</a>",32.0,113.0,0.19425502070435532
11472,"<a href=""statss.aspx?playerid=11472&position=2B/SS"">Dixon Machado</a>",26.0,233.0,0.244391545588836
4969,"<a href=""statss.aspx?playerid=4969&position=3B"">Luis Valbuena</a>",32.0,288.0,0.25276896179768077
10642,"<a href=""statss.aspx?playerid=10642&position=C"">Carlos Perez</a>",27.0,75.0,0.17508667707443237
5107,"<a href=""statss.aspx?playerid=5107&position=1B"">Jefry Marte</a>",27.0,209.0,0.2807489582226037
5486,"<a href=""statss.aspx?playerid=5486&position=OF"">Abraham Almonte</a>",29.0,151.0,0.24447164336840313
8628,"<a href=""statss.aspx?playerid=8628&position=OF"">Paulo Orlando</a>",32.0,93.0,0.1759653995113988
6310,"<a href=""statss.aspx?playerid=6310&position=SS"">Alcides Escobar</a>",31.0,531.0,0.2609326600800072
17696,"<a href=""statss.aspx?playerid=17696&position=2B/SS"">Kevin Newman</a>",24.0,97.0,0.21078474819660187
15117,"<a href=""statss.aspx?playerid=15117&position=3B/OF"">Hunter Dozier</a>",26.0,388.0,0.29050568314557224
5942,"<a href=""statss.aspx?playerid=5942&position=C"">Jesus Sucre</a>",30.0,198.0,0.2185368137434125
8252,"<a href=""statss.aspx?playerid=8252&position=OF"">Hunter Pence</a>",35.0,248.0,0.25449196360854487
13862,"<a href=""statss.aspx?playerid=13862&position=2B"">Devon Travis</a>",27.0,378.0,0.283431574899891
17023,"<a href=""statss.aspx?playerid=17023&position=OF"">Magneuris Sierra</a>",22.0,156.0,0.19195882113356338
6677,"<a href=""statss.aspx?playerid=6677&position=OF"">JB Shuck</a>",31.0,142.0,0.21940111262457712
11894,"<a href=""statss.aspx?playerid=11894&position=OF"">Noel Cuevas</a>",26.0,153.0,0.253579957704795
8298,"<a href=""statss.aspx?playerid=8298&position=C"">Francisco Pena</a>",28.0,142.0,0.21540950571032738
14352,"<a href=""statss.aspx?playerid=14352&position=OF"">Lewis Brinson</a>",24.0,406.0,0.24789892015031195
14885,"<a href=""statss.aspx?playerid=14885&position=2B/SS"">Pat Valaika</a>",25.0,133.0,0.20655088888779852
15487,"<a href=""statss.aspx?playerid=15487&position=OF"">Victor Reyes</a>",23.0,219.0,0.22876950551610475
9952,"<a href=""statss.aspx?playerid=9952&position=OF"">Trayce Thompson</a>",27.0,137.0,0.16212788290447658
4062,"<a href=""statss.aspx?playerid=4062&position=OF"">Dexter Fowler</a>",32.0,334.0,0.260437337581269
393,"<a href=""statss.aspx?playerid=393&position=C/DH"">Victor Martinez</a>",39.0,508.0,0.2812233741084735
9272,"<a href=""statss.aspx?playerid=9272&position=1B"">Chris Davis</a>",32.0,522.0,0.2389413459942891
