playerid,Name,Age,PA,wOBA
22799,"<a href=""statss.aspx?playerid=22799&position=SS"">Geraldo Perdomo</a>",25.0,354.0,0.40341275500976387
25764,"<a href=""statss.aspx?playerid=25764&position=SS"">Bobby Witt Jr.</a>",25.0,319.0,0.37629036798086074
15640,"<a href=""statss.aspx?playerid=15640&position=OF"">Aaron Judge</a>",33.0,306.0,0.4447560752260274
35110,"<a href=""statss.aspx?playerid=35110&position=1B"">Nick Kurtz</a>",22.0,302.0,0.4613803583244018
12856,"<a href=""statss.aspx?playerid=12856&position=OF"">George Springer</a>",35.0,280.0,0.46625897944619077
12916,"<a href=""statss.aspx?playerid=12916&position=SS"">Francisco Lindor</a>",31.0,356.0,0.3687470761242877
23697,"<a href=""statss.aspx?playerid=23697&position=OF"">Julio Rodriguez</a>",24.0,333.0,0.37178706144489415
19755,"<a href=""statss.aspx?playerid=19755&position=DH"">Shohei Ohtani</a>",30.0,342.0,0.41560527277136855
21534,"<a href=""statss.aspx?playerid=21534&position=C"">Cal Raleigh</a>",28.0,338.0,0.35663656759838325
19709,"<a href=""statss.aspx?playerid=19709&position=SS/OF"">Fernando Tatis Jr.</a>",26.0,332.0,0.36449254104276985
20123,"<a href=""statss.aspx?playerid=20123&position=OF"">Juan Soto</a>",26.0,344.0,0.3963328203755225
15986,"<a href=""statss.aspx?playerid=15986&position=SS"">Willy Adames</a>",29.0,328.0,0.3635549406757413
25816,"<a href=""statss.aspx?playerid=25816&position=C"">Shea Langeliers</a>",27.0,289.0,0.4022655181818767
25878,"<a href=""statss.aspx?playerid=25878&position=OF"">Corbin Carroll</a>",24.0,319.0,0.3584441284212885
13510,"<a href=""statss.aspx?playerid=13510&position=3B"">Jose Ramirez</a>",32.0,339.0,0.35153674710276694
16252,"<a href=""statss.aspx?playerid=16252&position=SS"">Trea Turner</a>",32.0,267.0,0.35827114393836573
19612,"<a href=""statss.aspx?playerid=19612&position=SS"">Bo Bichette</a>",27.0,249.0,0.4259164160297763
15998,"<a href=""statss.aspx?playerid=15998&position=1B/OF"">Cody Bellinger</a>",29.0,332.0,0.35502080727054414
29712,"<a href=""statss.aspx?playerid=29712&position=SS"">Colson Montgomery</a>",23.0,284.0,0.35514040111649964
22186,"<a href=""statss.aspx?playerid=22186&position=2B"">Brice Turang</a>",25.0,312.0,0.3655795055051004
13624,"<a href=""statss.aspx?playerid=13624&position=SS"">Corey Seager</a>",31.0,215.0,0.4010601651210051
21479,"<a href=""statss.aspx?playerid=21479&position=2B/SS"">Nico Hoerner</a>",28.0,319.0,0.3317614521995281
33333,"<a href=""statss.aspx?playerid=33333&position=OF"">Wyatt Langford</a>",23.0,281.0,0.3610829823783466
31812,"<a href=""statss.aspx?playerid=31812&position=DH/OF"">Roman Anthony</a>",21.0,230.0,0.3997117993624314
28163,"<a href=""statss.aspx?playerid=28163&position=3B"">Junior Caminero</a>",21.0,320.0,0.36604648398755113
14344,"<a href=""statss.aspx?playerid=14344&position=1B"">Matt Olson</a>",31.0,359.0,0.3703981802783199
24617,"<a href=""statss.aspx?playerid=24617&position=OF"">Jarren Duran</a>",28.0,305.0,0.36235775935806724
12564,"<a href=""statss.aspx?playerid=12564&position=SS"">Trevor Story</a>",32.0,318.0,0.3540848288626325
16478,"<a href=""statss.aspx?playerid=16478&position=DH/OF"">Kyle Schwarber</a>",32.0,349.0,0.39291415611902875
26289,"<a href=""statss.aspx?playerid=26289&position=SS"">Gunnar Henderson</a>",24.0,322.0,0.33511640056967734
20454,"<a href=""statss.aspx?playerid=20454&position=2B/OF"">Jazz Chisholm Jr.</a>",27.0,307.0,0.34164616972013234
22715,"<a href=""statss.aspx?playerid=22715&position=3B"">Maikel Garcia</a>",25.0,326.0,0.3280519074660081
27464,"<a href=""statss.aspx?playerid=27464&position=C"">Dillon Dingler</a>",26.0,234.0,0.3369664898166409
31370,"<a href=""statss.aspx?playerid=31370&position=OF"">Jakob Marsee</a>",24.0,234.0,0.3633179086395818
20503,"<a href=""statss.aspx?playerid=20503&position=C"">William Contreras</a>",27.0,323.0,0.3486740745996174
13152,"<a href=""statss.aspx?playerid=13152&position=2B/SS"">Jorge Polanco</a>",31.0,275.0,0.3796242225696059
26294,"<a href=""statss.aspx?playerid=26294&position=2B"">Bryson Stott</a>",27.0,247.0,0.34835410069446177
4949,"<a href=""statss.aspx?playerid=4949&position=DH/OF"">Giancarlo Stanton</a>",35.0,239.0,0.4153698495093812
18030,"<a href=""statss.aspx?playerid=18030&position=OF"">Harrison Bader</a>",31.0,264.0,0.37010630626570096
27478,"<a href=""statss.aspx?playerid=27478&position=C"">Patrick Bailey</a>",26.0,238.0,0.28196397712965054
27467,"<a href=""statss.aspx?playerid=27467&position=1B/OF"">Tyler Soderstrom</a>",23.0,270.0,0.3797686800194496
11579,"<a href=""statss.aspx?playerid=11579&position=OF"">Bryce Harper</a>",32.0,323.0,0.366967570632229
14162,"<a href=""statss.aspx?playerid=14162&position=SS"">Carlos Correa</a>",30.0,300.0,0.34319403767585754
22581,"<a href=""statss.aspx?playerid=22581&position=C"">Alejandro Kirk</a>",26.0,231.0,0.3237988023654274
25931,"<a href=""statss.aspx?playerid=25931&position=OF"">Michael Harris II</a>",24.0,315.0,0.33809285273977147
14161,"<a href=""statss.aspx?playerid=14161&position=OF"">Byron Buxton</a>",31.0,254.0,0.34871831524419594
26197,"<a href=""statss.aspx?playerid=26197&position=1B/OF"">Andrew Vaughn</a>",27.0,254.0,0.3728628719277062
26151,"<a href=""statss.aspx?playerid=26151&position=OF"">Kyle Stowers</a>",27.0,156.0,0.42534445284248945
19611,"<a href=""statss.aspx?playerid=19611&position=1B"">Vladimir Guerrero Jr.</a>",26.0,317.0,0.36760286616671617
17548,"<a href=""statss.aspx?playerid=17548&position=OF"">Taylor Ward</a>",31.0,315.0,0.35476482709248863
29576,"<a href=""statss.aspx?playerid=29576&position=1B/DH"">Ben Rice</a>",26.0,254.0,0.37524660137802246
20202,"<a href=""statss.aspx?playerid=20202&position=OF"">Brandon Marsh</a>",27.0,233.0,0.3651586452256078
29995,"<a href=""statss.aspx?playerid=29995&position=OF"">Daylen Lile</a>",22.0,266.0,0.389682375035196
5361,"<a href=""statss.aspx?playerid=5361&position=1B"">Freddie Freeman</a>",35.0,321.0,0.36035320060006504
13611,"<a href=""statss.aspx?playerid=13611&position=OF"">Mookie Betts</a>",32.0,320.0,0.32602276988327505
31539,"<a href=""statss.aspx?playerid=31539&position=C"">Drake Baldwin</a>",24.0,267.0,0.34592734941382536
13613,"<a href=""statss.aspx?playerid=13613&position=2B"">Ketel Marte</a>",31.0,305.0,0.3504438069787356
16578,"<a href=""statss.aspx?playerid=16578&position=1B/3B/DH"">Yandy Diaz</a>",33.0,300.0,0.3823236071023365
29646,"<a href=""statss.aspx?playerid=29646&position=3B"">Caleb Durbin</a>",25.0,268.0,0.33104873685801073
18839,"<a href=""statss.aspx?playerid=18839&position=1B"">Josh Naylor</a>",28.0,280.0,0.3414982666064353
21636,"<a href=""statss.aspx?playerid=21636&position=SS"">Jeremy Pena</a>",27.0,193.0,0.3413907087718447
25477,"<a href=""statss.aspx?playerid=25477&position=OF"">Isaac Collins</a>",27.0,252.0,0.3542556226016041
26123,"<a href=""statss.aspx?playerid=26123&position=3B"">Brett Baty</a>",25.0,223.0,0.3485822888767773
24262,"<a href=""statss.aspx?playerid=24262&position=OF"">Ceddanne Rafaela</a>",24.0,288.0,0.30078803064922494
18564,"<a href=""statss.aspx?playerid=18564&position=OF"">Trent Grisham</a>",28.0,299.0,0.35245064967452083
19918,"<a href=""statss.aspx?playerid=19918&position=OF"">Daulton Varsho</a>",28.0,171.0,0.361604776995921
31347,"<a href=""statss.aspx?playerid=31347&position=SS"">Zach Neto</a>",24.0,288.0,0.3324756781401583
18314,"<a href=""statss.aspx?playerid=18314&position=SS"">Dansby Swanson</a>",31.0,296.0,0.3070633616801855
18036,"<a href=""statss.aspx?playerid=18036&position=1B/2B"">Jake Cronenworth</a>",31.0,287.0,0.33313417224075265
17919,"<a href=""statss.aspx?playerid=17919&position=OF"">Ian Happ</a>",30.0,309.0,0.34621019297391664
28806,"<a href=""statss.aspx?playerid=28806&position=OF"">Jackson Chourio</a>",21.0,215.0,0.3584932265147357
29715,"<a href=""statss.aspx?playerid=29715&position=C"">Hunter Goodman</a>",25.0,269.0,0.35691770966611386
26319,"<a href=""statss.aspx?playerid=26319&position=1B"">Michael Busch</a>",27.0,300.0,0.36209518853637285
25807,"<a href=""statss.aspx?playerid=25807&position=3B/SS"">Jared Triolo</a>",27.0,224.0,0.3311762422189584
29490,"<a href=""statss.aspx?playerid=29490&position=OF"">Jackson Merrill</a>",22.0,262.0,0.32450639813339116
26477,"<a href=""statss.aspx?playerid=26477&position=1B"">Spencer Horwitz</a>",27.0,269.0,0.3620665241794515
27769,"<a href=""statss.aspx?playerid=27769&position=OF"">Pete Crow-Armstrong</a>",23.0,298.0,0.29045224715087375
5417,"<a href=""statss.aspx?playerid=5417&position=2B"">Jose Altuve</a>",35.0,312.0,0.3469778326337006
26121,"<a href=""statss.aspx?playerid=26121&position=C"">Francisco Alvarez</a>",23.0,139.0,0.3913295594908351
33549,"<a href=""statss.aspx?playerid=33549&position=C"">Kyle Teel</a>",23.0,240.0,0.3448489480437594
12552,"<a href=""statss.aspx?playerid=12552&position=3B"">Eugenio Suarez</a>",33.0,321.0,0.3171977045014501
18401,"<a href=""statss.aspx?playerid=18401&position=OF"">Ronald Acuna Jr.</a>",27.0,266.0,0.36700940719156555
29622,"<a href=""statss.aspx?playerid=29622&position=OF"">Sal Frelick</a>",25.0,262.0,0.3287827514140542
33824,"<a href=""statss.aspx?playerid=33824&position=OF"">Jung Hoo Lee</a>",26.0,273.0,0.33614384494858346
12161,"<a href=""statss.aspx?playerid=12161&position=SS"">Xander Bogaerts</a>",32.0,221.0,0.3220985767516223
22266,"<a href=""statss.aspx?playerid=22266&position=2B/SS"">Xavier Edwards</a>",25.0,318.0,0.309050015444997
12927,"<a href=""statss.aspx?playerid=12927&position=OF"">Brandon Nimmo</a>",32.0,320.0,0.3263502528301227
27562,"<a href=""statss.aspx?playerid=27562&position=C"">Austin Wells</a>",25.0,190.0,0.30835285546287655
13419,"<a href=""statss.aspx?playerid=13419&position=1B"">Christian Walker</a>",34.0,305.0,0.3446202087951334
10815,"<a href=""statss.aspx?playerid=10815&position=OF"">Jurickson Profar</a>",32.0,355.0,0.35232718863957363
24816,"<a href=""statss.aspx?playerid=24816&position=OF"">Andy Pages</a>",24.0,295.0,0.3082498924206879
19197,"<a href=""statss.aspx?playerid=19197&position=C"">Will Smith</a>",30.0,172.0,0.36682589918549297
27815,"<a href=""statss.aspx?playerid=27815&position=2B/3B"">Jordan Westburg</a>",26.0,205.0,0.34747928380966187
11609,"<a href=""statss.aspx?playerid=11609&position=C"">Willson Contreras</a>",33.0,217.0,0.36170836234534226
17128,"<a href=""statss.aspx?playerid=17128&position=OF"">Ramon Laureano</a>",30.0,295.0,0.3547358822014372
17350,"<a href=""statss.aspx?playerid=17350&position=3B"">Rafael Devers</a>",28.0,337.0,0.3564109511361151
7802,"<a href=""statss.aspx?playerid=7802&position=SS"">Miguel Rojas</a>",36.0,202.0,0.3237025405294332
22664,"<a href=""statss.aspx?playerid=22664&position=C"">Gabriel Moreno</a>",25.0,121.0,0.36715598985300224
16505,"<a href=""statss.aspx?playerid=16505&position=3B"">Matt Chapman</a>",32.0,263.0,0.315784222979582
11493,"<a href=""statss.aspx?playerid=11493&position=3B"">Manny Machado</a>",32.0,322.0,0.32335612747736486
27676,"<a href=""statss.aspx?playerid=27676&position=1B"">Vinnie Pasquantino</a>",27.0,329.0,0.3613922517598587
11739,"<a href=""statss.aspx?playerid=11739&position=C"">J.T. Realmuto</a>",34.0,263.0,0.3204897080213969
24618,"<a href=""statss.aspx?playerid=24618&position=C"">Ryan Jeffers</a>",28.0,205.0,0.3515053877016393
20599,"<a href=""statss.aspx?playerid=20599&position=C/DH"">Ivan Herrera</a>",25.0,281.0,0.3449925462976634
17620,"<a href=""statss.aspx?playerid=17620&position=OF"">Myles Straw</a>",30.0,139.0,0.32843855423713797
27615,"<a href=""statss.aspx?playerid=27615&position=1B/OF"">Alec Burleson</a>",26.0,276.0,0.3528110574196725
23401,"<a href=""statss.aspx?playerid=23401&position=SS"">Jose Caballero</a>",28.0,149.0,0.3330067612536966
20043,"<a href=""statss.aspx?playerid=20043&position=OF"">Luis Robert Jr.</a>",27.0,146.0,0.3479932694599546
14854,"<a href=""statss.aspx?playerid=14854&position=OF"">Mike Yastrzemski</a>",34.0,261.0,0.3243452389110891
16530,"<a href=""statss.aspx?playerid=16530&position=OF"">Mauricio Dubon</a>",30.0,228.0,0.27805943536547434
23003,"<a href=""statss.aspx?playerid=23003&position=C"">Yainer Diaz</a>",26.0,273.0,0.31603210988519814
23565,"<a href=""statss.aspx?playerid=23565&position=2B/OF"">Davis Schneider</a>",26.0,163.0,0.36353445894147723
10155,"<a href=""statss.aspx?playerid=10155&position=OF"">Mike Trout</a>",33.0,317.0,0.3487917217411029
16556,"<a href=""statss.aspx?playerid=16556&position=2B"">Ozzie Albies</a>",28.0,313.0,0.3148527647521335
11477,"<a href=""statss.aspx?playerid=11477&position=OF"">Christian Yelich</a>",33.0,306.0,0.3447635805252755
26668,"<a href=""statss.aspx?playerid=26668&position=SS"">Elly De La Cruz</a>",23.0,333.0,0.29728688608582426
17678,"<a href=""statss.aspx?playerid=17678&position=3B"">Alex Bregman</a>",31.0,269.0,0.31853431463241577
5517,"<a href=""statss.aspx?playerid=5517&position=C"">Kyle Higashioka</a>",35.0,180.0,0.33655154572592844
26438,"<a href=""statss.aspx?playerid=26438&position=DH/OF"">Dominic Canzone</a>",27.0,203.0,0.3625245549408673
20352,"<a href=""statss.aspx?playerid=20352&position=2B/3B"">Ernie Clement</a>",29.0,295.0,0.28558905427808207
27479,"<a href=""statss.aspx?playerid=27479&position=SS"">Masyn Winn</a>",23.0,225.0,0.27097857158098904
18123,"<a href=""statss.aspx?playerid=18123&position=OF"">Nathan Lukes</a>",30.0,260.0,0.3161705674364409
17022,"<a href=""statss.aspx?playerid=17022&position=3B/SS"">Edmundo Sosa</a>",29.0,138.0,0.35168191812656546
17276,"<a href=""statss.aspx?playerid=17276&position=C"">Alex Jackson</a>",29.0,100.0,0.32725711703300475
7304,"<a href=""statss.aspx?playerid=7304&position=C"">Salvador Perez</a>",35.0,308.0,0.3424304613941594
19290,"<a href=""statss.aspx?playerid=19290&position=OF"">Randy Arozarena</a>",30.0,349.0,0.3224273920059204
33322,"<a href=""statss.aspx?playerid=33322&position=3B"">Matt Shaw</a>",23.0,237.0,0.3188771052199577
25479,"<a href=""statss.aspx?playerid=25479&position=OF"">Brenton Doyle</a>",27.0,242.0,0.3259077491859595
33321,"<a href=""statss.aspx?playerid=33321&position=2B"">Luke Keaschall</a>",22.0,181.0,0.34744625526238543
23789,"<a href=""statss.aspx?playerid=23789&position=3B"">Blaze Alexander</a>",26.0,266.0,0.31340044510228554
19392,"<a href=""statss.aspx?playerid=19392&position=3B/OF"">Zach McKinstry</a>",30.0,224.0,0.3151011381830488
19251,"<a href=""statss.aspx?playerid=19251&position=1B"">Pete Alonso</a>",30.0,338.0,0.3424989324897083
26299,"<a href=""statss.aspx?playerid=26299&position=3B"">Josh Jung</a>",27.0,214.0,0.31715999111950954
27465,"<a href=""statss.aspx?playerid=27465&position=1B"">Spencer Torkelson</a>",25.0,316.0,0.3350422079600985
20437,"<a href=""statss.aspx?playerid=20437&position=3B"">Royce Lewis</a>",26.0,293.0,0.3018595810229461
16535,"<a href=""statss.aspx?playerid=16535&position=C"">Danny Jansen</a>",30.0,131.0,0.36277957999979266
23690,"<a href=""statss.aspx?playerid=23690&position=SS"">Brayan Rocchio</a>",24.0,281.0,0.30585758178242706
26466,"<a href=""statss.aspx?playerid=26466&position=OF"">Matt Wallner</a>",27.0,228.0,0.345140687729183
13145,"<a href=""statss.aspx?playerid=13145&position=1B/DH"">Josh Bell</a>",32.0,251.0,0.3704244670165013
22896,"<a href=""statss.aspx?playerid=22896&position=2B"">Lenyn Sosa</a>",25.0,294.0,0.32170840185515737
27462,"<a href=""statss.aspx?playerid=27462&position=OF"">Austin Martin</a>",26.0,181.0,0.33281635205838933
13620,"<a href=""statss.aspx?playerid=13620&position=C"">Carson Kelly</a>",30.0,222.0,0.30663703556533334
19522,"<a href=""statss.aspx?playerid=19522&position=OF"">TJ Friedl</a>",29.0,324.0,0.3173116412222015
24598,"<a href=""statss.aspx?playerid=24598&position=3B/OF"">Addison Barger</a>",25.0,280.0,0.3100336252136781
15878,"<a href=""statss.aspx?playerid=15878&position=3B/DH/OF"">Miguel Andujar</a>",30.0,161.0,0.39517379365861416
31363,"<a href=""statss.aspx?playerid=31363&position=3B"">Graham Pauley</a>",24.0,95.0,0.3533544841565584
16442,"<a href=""statss.aspx?playerid=16442&position=1B"">Ryan O'Hearn</a>",31.0,266.0,0.3264636857428025
21865,"<a href=""statss.aspx?playerid=21865&position=C"">Bo Naylor</a>",25.0,200.0,0.2993435664008362
15362,"<a href=""statss.aspx?playerid=15362&position=2B/OF"">Jeff McNeil</a>",33.0,271.0,0.307273593957951
29858,"<a href=""statss.aspx?playerid=29858&position=OF"">Denzel Clarke</a>",25.0,52.0,0.38408549547195436
21618,"<a href=""statss.aspx?playerid=21618&position=3B"">Alec Bohm</a>",28.0,162.0,0.3464072114891476
27899,"<a href=""statss.aspx?playerid=27899&position=2B/DH"">Colt Keith</a>",23.0,217.0,0.33113781693908906
29794,"<a href=""statss.aspx?playerid=29794&position=1B/DH"">Kyle Manzardo</a>",24.0,262.0,0.3408798931658953
15112,"<a href=""statss.aspx?playerid=15112&position=3B"">Ryan McMahon</a>",30.0,254.0,0.2942219510322481
21562,"<a href=""statss.aspx?playerid=21562&position=1B/2B"">Romy Gonzalez</a>",28.0,220.0,0.3461761745539578
19556,"<a href=""statss.aspx?playerid=19556&position=DH/OF"">Yordan Alvarez</a>",28.0,78.0,0.43468000935880763
24878,"<a href=""statss.aspx?playerid=24878&position=OF"">Heriberto Hernandez</a>",25.0,232.0,0.3317807820336572
25493,"<a href=""statss.aspx?playerid=25493&position=3B/SS"">Joey Ortiz</a>",26.0,217.0,0.27317836935873385
22239,"<a href=""statss.aspx?playerid=22239&position=2B/OF"">Jeremiah Jackson</a>",25.0,183.0,0.33550918330260315
21524,"<a href=""statss.aspx?playerid=21524&position=C"">Joey Bart</a>",28.0,127.0,0.3466176878748916
19956,"<a href=""statss.aspx?playerid=19956&position=OF"">Mickey Moniak</a>",27.0,242.0,0.3680363634893717
30116,"<a href=""statss.aspx?playerid=30116&position=DH/OF"">Seiya Suzuki</a>",30.0,296.0,0.32558031890351896
25782,"<a href=""statss.aspx?playerid=25782&position=C"">Pedro Pages</a>",26.0,173.0,0.27965348958969116
21842,"<a href=""statss.aspx?playerid=21842&position=OF"">Carlos Cortes</a>",28.0,99.0,0.3630533308693857
12533,"<a href=""statss.aspx?playerid=12533&position=2B/SS"">Marcus Semien</a>",34.0,189.0,0.2925891876220703
14968,"<a href=""statss.aspx?playerid=14968&position=C"">Victor Caratini</a>",31.0,192.0,0.33872394015391666
15491,"<a href=""statss.aspx?playerid=15491&position=SS"">J.P. Crawford</a>",30.0,300.0,0.3000830937952003
26202,"<a href=""statss.aspx?playerid=26202&position=OF"">Jake Mangum</a>",29.0,242.0,0.2933827564736043
13897,"<a href=""statss.aspx?playerid=13897&position=C"">Tyler Heineman</a>",34.0,93.0,0.2964895896697312
12976,"<a href=""statss.aspx?playerid=12976&position=C"">Austin Hedges</a>",32.0,96.0,0.25787255456370695
29630,"<a href=""statss.aspx?playerid=29630&position=OF"">Joey Loperfido</a>",26.0,104.0,0.3812407897514047
17929,"<a href=""statss.aspx?playerid=17929&position=OF"">Cedric Mullins</a>",30.0,221.0,0.29658247346747413
2967,"<a href=""statss.aspx?playerid=2967&position=OF"">Tommy Pham</a>",37.0,248.0,0.33867681729115123
24679,"<a href=""statss.aspx?playerid=24679&position=2B/OF"">Brendan Donovan</a>",28.0,175.0,0.32379120245747184
19326,"<a href=""statss.aspx?playerid=19326&position=OF"">Bryan Reynolds</a>",30.0,306.0,0.3226730955971612
19627,"<a href=""statss.aspx?playerid=19627&position=DH/OF"">Brent Rooker</a>",30.0,320.0,0.33196205695470177
18872,"<a href=""statss.aspx?playerid=18872&position=DH/OF"">Jahmai Jones</a>",27.0,115.0,0.38635780204806414
26323,"<a href=""statss.aspx?playerid=26323&position=1B/OF"">Spencer Steer</a>",27.0,257.0,0.32964795734733343
29478,"<a href=""statss.aspx?playerid=29478&position=C/DH"">Carter Jensen</a>",21.0,69.0,0.40273553392161493
25961,"<a href=""statss.aspx?playerid=25961&position=DH/OF"">Kerry Carpenter</a>",27.0,184.0,0.33986081158528564
17988,"<a href=""statss.aspx?playerid=17988&position=C"">Tyler Stephenson</a>",28.0,154.0,0.33178539399976853
24610,"<a href=""statss.aspx?playerid=24610&position=OF"">Steven Kwan</a>",27.0,351.0,0.2802541309047019
19455,"<a href=""statss.aspx?playerid=19455&position=2B/3B"">Andruw Monasterio</a>",28.0,104.0,0.3425365961514987
21840,"<a href=""statss.aspx?playerid=21840&position=C"">Freddy Fermin</a>",30.0,195.0,0.2734375135608451
19608,"<a href=""statss.aspx?playerid=19608&position=2B/SS"">Otto Lopez</a>",26.0,316.0,0.27483864568528676
31695,"<a href=""statss.aspx?playerid=31695&position=OF"">Dylan Beavers</a>",23.0,137.0,0.3471219000570914
15223,"<a href=""statss.aspx?playerid=15223&position=2B"">Adam Frazier</a>",33.0,206.0,0.3149749535380058
18345,"<a href=""statss.aspx?playerid=18345&position=OF"">Kyle Tucker</a>",28.0,227.0,0.3141873574682644
21614,"<a href=""statss.aspx?playerid=21614&position=OF"">Kyle Isbel</a>",28.0,196.0,0.2985855531318025
28253,"<a href=""statss.aspx?playerid=28253&position=3B/OF"">Javier Sanoja</a>",22.0,161.0,0.30966236798659613
20572,"<a href=""statss.aspx?playerid=20572&position=1B"">Kody Clemens</a>",29.0,239.0,0.2911446519541841
27684,"<a href=""statss.aspx?playerid=27684&position=2B"">Michael Massey</a>",27.0,68.0,0.39083414130351124
15905,"<a href=""statss.aspx?playerid=15905&position=C"">Luis Torrens</a>",29.0,124.0,0.270871578677883
29524,"<a href=""statss.aspx?playerid=29524&position=OF"">Bryce Teodosio</a>",26.0,150.0,0.24295037184785676
25979,"<a href=""statss.aspx?playerid=25979&position=2B/SS"">Nasim Nunez</a>",24.0,43.0,0.3814165370408879
22857,"<a href=""statss.aspx?playerid=22857&position=OF"">Wenceel Perez</a>",25.0,283.0,0.2910716940151929
23772,"<a href=""statss.aspx?playerid=23772&position=OF"">Wilyer Abreu</a>",26.0,148.0,0.3128053051968143
22184,"<a href=""statss.aspx?playerid=22184&position=3B/DH"">Mark Vientos</a>",25.0,242.0,0.3218970904665545
13301,"<a href=""statss.aspx?playerid=13301&position=1B/3B"">Max Muncy</a>",34.0,79.0,0.3676298566353627
21538,"<a href=""statss.aspx?playerid=21538&position=C"">Nick Fortes</a>",28.0,130.0,0.29323639594591583
15274,"<a href=""statss.aspx?playerid=15274&position=OF"">Mike Tauchman</a>",34.0,253.0,0.31923418459684955
24605,"<a href=""statss.aspx?playerid=24605&position=OF"">Michael Helman</a>",29.0,107.0,0.32202989149552125
12859,"<a href=""statss.aspx?playerid=12859&position=C"">James McCann</a>",35.0,129.0,0.3142153504304588
33266,"<a href=""statss.aspx?playerid=33266&position=SS"">Jacob Wilson</a>",23.0,180.0,0.30547234366059967
19722,"<a href=""statss.aspx?playerid=19722&position=C"">Carlos Narvaez</a>",26.0,196.0,0.2733520115773702
20178,"<a href=""statss.aspx?playerid=20178&position=3B"">Miguel Vargas</a>",25.0,235.0,0.31287124664225474
16997,"<a href=""statss.aspx?playerid=16997&position=2B"">Gleyber Torres</a>",28.0,317.0,0.3023784215141922
31394,"<a href=""statss.aspx?playerid=31394&position=OF"">Brooks Baldwin</a>",24.0,183.0,0.34129441904099606
20002,"<a href=""statss.aspx?playerid=20002&position=OF"">Bryce Johnson</a>",29.0,67.0,0.35780152678489685
24064,"<a href=""statss.aspx?playerid=24064&position=SS"">Ezequiel Tovar</a>",23.0,252.0,0.29688931376703326
29695,"<a href=""statss.aspx?playerid=29695&position=2B/SS"">Matt McLain</a>",25.0,273.0,0.28208372293803086
18568,"<a href=""statss.aspx?playerid=18568&position=1B/2B"">Luis Arraez</a>",28.0,334.0,0.3150329024879479
19352,"<a href=""statss.aspx?playerid=19352&position=C"">Sean Murphy</a>",30.0,148.0,0.275772223198736
25643,"<a href=""statss.aspx?playerid=25643&position=C"">Drew Millas</a>",27.0,50.0,0.3389434717139419
26517,"<a href=""statss.aspx?playerid=26517&position=3B/OF"">Noelvi Marte</a>",23.0,287.0,0.3096508144916973
31583,"<a href=""statss.aspx?playerid=31583&position=OF"">Zach Cole</a>",24.0,52.0,0.37317910217321837
25768,"<a href=""statss.aspx?playerid=25768&position=SS"">CJ Abrams</a>",24.0,316.0,0.28115457654753817
19858,"<a href=""statss.aspx?playerid=19858&position=2B/3B"">Luis Rengifo</a>",28.0,259.0,0.2896815708705357
28820,"<a href=""statss.aspx?playerid=28820&position=DH"">Moises Ballesteros</a>",21.0,48.0,0.4309297026471889
31580,"<a href=""statss.aspx?playerid=31580&position=2B/SS"">Chase Meidroth</a>",23.0,255.0,0.2826162978770241
19514,"<a href=""statss.aspx?playerid=19514&position=C"">Andrew Knizner</a>",30.0,57.0,0.3336630411315383
27883,"<a href=""statss.aspx?playerid=27883&position=2B/SS"">Thomas Saggese</a>",23.0,230.0,0.28338022315345995
15679,"<a href=""statss.aspx?playerid=15679&position=1B"">Rowdy Tellez</a>",30.0,127.0,0.3322470577683036
21746,"<a href=""statss.aspx?playerid=21746&position=2B/3B/OF"">Jose Fermin</a>",26.0,67.0,0.32743091745810077
19950,"<a href=""statss.aspx?playerid=19950&position=2B/SS"">Andres Gimenez</a>",26.0,143.0,0.27688349335343687
19921,"<a href=""statss.aspx?playerid=19921&position=OF"">Blake Perkins</a>",28.0,171.0,0.2869299726876599
9241,"<a href=""statss.aspx?playerid=9241&position=OF"">Starling Marte</a>",36.0,157.0,0.3315048688536237
29592,"<a href=""statss.aspx?playerid=29592&position=3B"">Connor Norby</a>",25.0,102.0,0.3313644282958087
31505,"<a href=""statss.aspx?playerid=31505&position=1B/3B"">Sal Stewart</a>",21.0,58.0,0.3547003300025545
25976,"<a href=""statss.aspx?playerid=25976&position=OF"">Riley Greene</a>",24.0,307.0,0.30499589054902915
15194,"<a href=""statss.aspx?playerid=15194&position=1B/OF"">Jake Bauers</a>",29.0,95.0,0.3427540264631573
19346,"<a href=""statss.aspx?playerid=19346&position=OF"">Eli White</a>",31.0,87.0,0.30394267282266724
13770,"<a href=""statss.aspx?playerid=13770&position=OF"">Rob Refsnyder</a>",34.0,103.0,0.3494239895089159
28312,"<a href=""statss.aspx?playerid=28312&position=1B/3B"">Coby Mayo</a>",23.0,217.0,0.3152862847675376
19913,"<a href=""statss.aspx?playerid=19913&position=OF"">Jesus Sanchez</a>",27.0,249.0,0.29782171619515263
27531,"<a href=""statss.aspx?playerid=27531&position=2B/SS"">David Hamilton</a>",27.0,74.0,0.3192408656420773
31912,"<a href=""statss.aspx?playerid=31912&position=OF"">Chandler Simpson</a>",24.0,284.0,0.29914555925849484
29788,"<a href=""statss.aspx?playerid=29788&position=3B"">Brett Harris</a>",27.0,84.0,0.31061057872082815
24622,"<a href=""statss.aspx?playerid=24622&position=2B/SS"">Ryan Fitzgerald</a>",31.0,50.0,0.3480417323112488
31781,"<a href=""statss.aspx?playerid=31781&position=2B"">Jackson Holliday</a>",21.0,324.0,0.2938852120110125
23698,"<a href=""statss.aspx?playerid=23698&position=2B/3B"">Ronny Mauricio</a>",24.0,111.0,0.28601616458459334
22458,"<a href=""statss.aspx?playerid=22458&position=SS"">Taylor Walls</a>",28.0,95.0,0.2911333698098377
12144,"<a href=""statss.aspx?playerid=12144&position=OF"">Max Kepler</a>",32.0,189.0,0.3067713988724575
27690,"<a href=""statss.aspx?playerid=27690&position=OF"">Joey Wiemer</a>",26.0,61.0,0.29685533146063486
22542,"<a href=""statss.aspx?playerid=22542&position=OF"">Lawrence Butler</a>",24.0,270.0,0.29033399895945594
14221,"<a href=""statss.aspx?playerid=14221&position=DH/OF"">Jorge Soler</a>",33.0,50.0,0.39873385667800904
21837,"<a href=""statss.aspx?playerid=21837&position=1B"">Jonathan Aranda</a>",27.0,110.0,0.34998695331591145
26396,"<a href=""statss.aspx?playerid=26396&position=3B/SS"">Josh Smith</a>",27.0,276.0,0.28814613076793405
19287,"<a href=""statss.aspx?playerid=19287&position=OF"">Adolis Garcia</a>",32.0,230.0,0.2892915164018823
27790,"<a href=""statss.aspx?playerid=27790&position=OF"">Evan Carter</a>",22.0,107.0,0.2848209944840904
20536,"<a href=""statss.aspx?playerid=20536&position=2B/OF"">Vidal Brujan</a>",27.0,62.0,0.3272447682196094
26149,"<a href=""statss.aspx?playerid=26149&position=OF"">Dominic Fletcher</a>",27.0,34.0,0.31065678070573244
18577,"<a href=""statss.aspx?playerid=18577&position=3B"">Ke'Bryan Hayes</a>",28.0,259.0,0.261353767426439
33189,"<a href=""statss.aspx?playerid=33189&position=1B"">Nolan Schanuel</a>",23.0,225.0,0.3138427644305759
20036,"<a href=""statss.aspx?playerid=20036&position=3B"">Isaac Paredes</a>",26.0,92.0,0.327144126529279
25055,"<a href=""statss.aspx?playerid=25055&position=OF"">Nate Eaton</a>",28.0,78.0,0.32913362979888916
26368,"<a href=""statss.aspx?playerid=26368&position=OF"">JJ Bleday</a>",27.0,111.0,0.33908612511374736
18015,"<a href=""statss.aspx?playerid=18015&position=SS"">Paul DeJong</a>",31.0,151.0,0.2946344811395304
25779,"<a href=""statss.aspx?playerid=25779&position=OF"">Tyler Tolbert</a>",27.0,47.0,0.3369856852552165
19802,"<a href=""statss.aspx?playerid=19802&position=C"">Jhonny Pereda</a>",29.0,32.0,0.37693733553732595
27506,"<a href=""statss.aspx?playerid=27506&position=SS"">Ha-seong Kim</a>",29.0,191.0,0.28826026173786345
15518,"<a href=""statss.aspx?playerid=15518&position=SS"">Amed Rosario</a>",29.0,61.0,0.33068649983796916
18882,"<a href=""statss.aspx?playerid=18882&position=2B"">Brandon Lowe</a>",30.0,229.0,0.3134960336976697
9774,"<a href=""statss.aspx?playerid=9774&position=C"">Christian Vazquez</a>",34.0,70.0,0.278607451915741
31665,"<a href=""statss.aspx?playerid=31665&position=2B"">Alex Freeland</a>",23.0,97.0,0.272898751621445
19452,"<a href=""statss.aspx?playerid=19452&position=C"">Jake Rogers</a>",30.0,79.0,0.28481614136997657
10324,"<a href=""statss.aspx?playerid=10324&position=DH/OF"">Marcell Ozuna</a>",34.0,241.0,0.32313592433929444
19901,"<a href=""statss.aspx?playerid=19901&position=DH/OF"">Gavin Sheets</a>",29.0,241.0,0.3061989617545575
15271,"<a href=""statss.aspx?playerid=15271&position=C"">Austin Wynns</a>",34.0,27.0,0.37089765734142727
22275,"<a href=""statss.aspx?playerid=22275&position=1B/3B"">Jake Burger</a>",29.0,127.0,0.32140583456970573
19238,"<a href=""statss.aspx?playerid=19238&position=OF"">Lourdes Gurriel Jr.</a>",31.0,215.0,0.3072418298832206
21009,"<a href=""statss.aspx?playerid=21009&position=2B/SS"">Leo Rivas</a>",27.0,38.0,0.33219692581578303
21622,"<a href=""statss.aspx?playerid=21622&position=OF"">Jake McCarthy</a>",27.0,153.0,0.2844783794879913
27653,"<a href=""statss.aspx?playerid=27653&position=2B"">Christian Koss</a>",27.0,83.0,0.3039840754256191
18819,"<a href=""statss.aspx?playerid=18819&position=2B/3B"">Andy Ibanez</a>",32.0,87.0,0.30641834420719366
27915,"<a href=""statss.aspx?playerid=27915&position=OF"">Alejandro Osuna</a>",22.0,115.0,0.2923171499501104
23733,"<a href=""statss.aspx?playerid=23733&position=3B"">Ezequiel Duran</a>",26.0,153.0,0.27062880837060266
28022,"<a href=""statss.aspx?playerid=28022&position=C"">Edgar Quero</a>",22.0,218.0,0.3234440629635382
15674,"<a href=""statss.aspx?playerid=15674&position=C"">Reese McGuire</a>",30.0,86.0,0.25878786555556366
21871,"<a href=""statss.aspx?playerid=21871&position=OF"">Jerar Encarnacion</a>",27.0,34.0,0.31763895644861107
20220,"<a href=""statss.aspx?playerid=20220&position=OF"">Jo Adell</a>",26.0,303.0,0.3173264728432082
17232,"<a href=""statss.aspx?playerid=17232&position=3B"">Yoan Moncada</a>",30.0,176.0,0.3266347782952445
33197,"<a href=""statss.aspx?playerid=33197&position=2B/3B"">Ben Williamson</a>",24.0,75.0,0.28374846883722254
19363,"<a href=""statss.aspx?playerid=19363&position=OF"">Austin Hays</a>",29.0,273.0,0.3007594680084902
9874,"<a href=""statss.aspx?playerid=9874&position=2B"">DJ LeMahieu</a>",36.0,17.0,0.44469613538068886
20308,"<a href=""statss.aspx?playerid=20308&position=OF"">Jake Meyers</a>",29.0,84.0,0.28106446209407987
26284,"<a href=""statss.aspx?playerid=26284&position=OF"">John Rave</a>",27.0,123.0,0.2803547508348294
29518,"<a href=""statss.aspx?playerid=29518&position=OF"">James Wood</a>",22.0,316.0,0.30623537773572945
18795,"<a href=""statss.aspx?playerid=18795&position=3B"">Ramon Urias</a>",31.0,159.0,0.271644116197742
29931,"<a href=""statss.aspx?playerid=29931&position=OF"">Jacob Young</a>",25.0,178.0,0.23977700801892468
27630,"<a href=""statss.aspx?playerid=27630&position=2B/3B"">Nick Loftin</a>",26.0,121.0,0.29349383860826495
22563,"<a href=""statss.aspx?playerid=22563&position=SS"">Gabriel Arias</a>",25.0,190.0,0.25861493841050165
23800,"<a href=""statss.aspx?playerid=23800&position=OF"">Parker Meadows</a>",25.0,129.0,0.28382135823715565
19296,"<a href=""statss.aspx?playerid=19296&position=OF"">Alex Call</a>",30.0,134.0,0.31974889013103974
20287,"<a href=""statss.aspx?playerid=20287&position=C"">Ben Rortvedt</a>",27.0,58.0,0.2874730955470692
15653,"<a href=""statss.aspx?playerid=15653&position=1B"">Dominic Smith</a>",30.0,157.0,0.3197438117045506
31765,"<a href=""statss.aspx?playerid=31765&position=3B"">Nacho Alvarez Jr.</a>",22.0,208.0,0.27902551212357085
21496,"<a href=""statss.aspx?playerid=21496&position=OF"">Brandon Lockridge</a>",28.0,53.0,0.29164257416358363
26143,"<a href=""statss.aspx?playerid=26143&position=OF"">Troy Johnston</a>",28.0,121.0,0.3278500447588519
25180,"<a href=""statss.aspx?playerid=25180&position=2B/OF"">Daniel Schneemann</a>",28.0,216.0,0.25415209735985156
26467,"<a href=""statss.aspx?playerid=26467&position=OF"">Luis Matos</a>",23.0,108.0,0.33047729675416593
27490,"<a href=""statss.aspx?playerid=27490&position=2B"">Nick Gonzales</a>",26.0,306.0,0.2678476992775412
31357,"<a href=""statss.aspx?playerid=31357&position=OF"">Nathan Church</a>",24.0,65.0,0.2315857902405754
33704,"<a href=""statss.aspx?playerid=33704&position=1B/OF"">C.J. Kayfus</a>",23.0,138.0,0.30578848436801104
31500,"<a href=""statss.aspx?playerid=31500&position=2B/SS"">Ryan Ritter</a>",24.0,137.0,0.287065414795235
11680,"<a href=""statss.aspx?playerid=11680&position=C"">Elias Diaz</a>",34.0,96.0,0.2731979314399802
17901,"<a href=""statss.aspx?playerid=17901&position=OF"">Andrew Benintendi</a>",30.0,244.0,0.3198417027791341
13675,"<a href=""statss.aspx?playerid=13675&position=OF"">Tyrone Taylor</a>",31.0,99.0,0.2588236651469752
23792,"<a href=""statss.aspx?playerid=23792&position=OF"">Alek Thomas</a>",25.0,230.0,0.28536567131678264
18360,"<a href=""statss.aspx?playerid=18360&position=3B"">Austin Riley</a>",28.0,81.0,0.295214252707399
25543,"<a href=""statss.aspx?playerid=25543&position=C"">Korey Lee</a>",26.0,9.0,0.47808826631969875
10231,"<a href=""statss.aspx?playerid=10231&position=SS"">Jose Iglesias</a>",35.0,164.0,0.28467783442250005
20391,"<a href=""statss.aspx?playerid=20391&position=2B"">Luis Garcia Jr.</a>",25.0,232.0,0.28718672118661726
33541,"<a href=""statss.aspx?playerid=33541&position=OF"">Dylan Crews</a>",23.0,149.0,0.2856909396664408
29779,"<a href=""statss.aspx?playerid=29779&position=3B"">Max Muncy</a>",22.0,61.0,0.33094138591015926
26365,"<a href=""statss.aspx?playerid=26365&position=OF"">Jonny DeLuca</a>",26.0,34.0,0.28574291397543516
16947,"<a href=""statss.aspx?playerid=16947&position=OF"">Derek Hill</a>",29.0,67.0,0.24245347398700137
24336,"<a href=""statss.aspx?playerid=24336&position=OF"">Johan Rojas</a>",24.0,28.0,0.2631759026220867
17982,"<a href=""statss.aspx?playerid=17982&position=1B"">Ty France</a>",30.0,164.0,0.2853565036884846
29830,"<a href=""statss.aspx?playerid=29830&position=2B"">Jack Winkler</a>",26.0,5.0,0.6772440552711487
21646,"<a href=""statss.aspx?playerid=21646&position=C"">Rafael Marchan</a>",26.0,57.0,0.259952717593738
33280,"<a href=""statss.aspx?playerid=33280&position=2B/OF"">Brice Matthews</a>",23.0,47.0,0.28671287960476344
24273,"<a href=""statss.aspx?playerid=24273&position=2B/SS"">Liover Peguero</a>",24.0,78.0,0.2848001137757913
25714,"<a href=""statss.aspx?playerid=25714&position=1B"">Blaine Crim</a>",28.0,61.0,0.35151980841746094
29634,"<a href=""statss.aspx?playerid=29634&position=2B/3B"">Will Wagner</a>",26.0,75.0,0.315120644569397
28080,"<a href=""statss.aspx?playerid=28080&position=OF"">Jasson Dominguez</a>",22.0,166.0,0.30803208567879414
19877,"<a href=""statss.aspx?playerid=19877&position=3B/SS"">Tristan Gray</a>",29.0,86.0,0.2981736477683572
29844,"<a href=""statss.aspx?playerid=29844&position=C/1B/DH"">Liam Hicks</a>",26.0,226.0,0.28628259287940133
16398,"<a href=""statss.aspx?playerid=16398&position=C"">Brian Navarreto</a>",30.0,15.0,0.36157435178756714
20017,"<a href=""statss.aspx?playerid=20017&position=3B"">Miles Mastrobuoni</a>",29.0,24.0,0.2888833230192011
20404,"<a href=""statss.aspx?playerid=20404&position=1B/DH"">Jared Young</a>",29.0,3.0,0.6791316668192545
26548,"<a href=""statss.aspx?playerid=26548&position=2B/SS"">Luisangel Acuna</a>",23.0,35.0,0.24884456571410685
34979,"<a href=""statss.aspx?playerid=34979&position=2B"">Christian Moore</a>",22.0,126.0,0.28223291134077405
21587,"<a href=""statss.aspx?playerid=21587&position=C"">Cesar Salazar</a>",29.0,10.0,0.38700937628746035
31545,"<a href=""statss.aspx?playerid=31545&position=OF"">Drew Gilbert</a>",24.0,109.0,0.2600275584317129
21489,"<a href=""statss.aspx?playerid=21489&position=C"">Hayden Senger</a>",28.0,40.0,0.21236212436969465
26288,"<a href=""statss.aspx?playerid=26288&position=C/DH"">Adley Rutschman</a>",27.0,89.0,0.27071931589855236
27577,"<a href=""statss.aspx?playerid=27577&position=2B/3B"">Casey Schmitt</a>",26.0,236.0,0.28632352402869693
13355,"<a href=""statss.aspx?playerid=13355&position=C"">Luke Maile</a>",34.0,44.0,0.2679936502661024
30011,"<a href=""statss.aspx?playerid=30011&position=1B"">Christian Encarnacion-Strand</a>",25.0,12.0,0.39038437108198804
21558,"<a href=""statss.aspx?playerid=21558&position=OF"">Matt Vierling</a>",28.0,84.0,0.2912219585407348
25971,"<a href=""statss.aspx?playerid=25971&position=DH/OF"">Kevin Alcantara</a>",22.0,12.0,0.35176000495751697
27931,"<a href=""statss.aspx?playerid=27931&position=OF"">Petey Halpin</a>",23.0,8.0,0.39347565174102783
22232,"<a href=""statss.aspx?playerid=22232&position=SS"">Mason McCoy</a>",30.0,21.0,0.27683322770254953
22541,"<a href=""statss.aspx?playerid=22541&position=DH/OF"">George Valera</a>",24.0,48.0,0.3298148140311241
27735,"<a href=""statss.aspx?playerid=27735&position=2B"">Brett Wisely</a>",26.0,36.0,0.31128670275211334
25999,"<a href=""statss.aspx?playerid=25999&position=OF"">Victor Mesa Jr.</a>",23.0,28.0,0.29930398081030163
26540,"<a href=""statss.aspx?playerid=26540&position=OF"">Angel Martinez</a>",23.0,249.0,0.28124039158647357
24597,"<a href=""statss.aspx?playerid=24597&position=3B/SS"">Jonathan Ornelas</a>",25.0,4.0,0.44120290875434875
19260,"<a href=""statss.aspx?playerid=19260&position=OF"">Jake Fraley</a>",30.0,72.0,0.3146941535909411
15711,"<a href=""statss.aspx?playerid=15711&position=OF"">Tyler O'Neill</a>",30.0,116.0,0.3227215301373909
29668,"<a href=""statss.aspx?playerid=29668&position=2B/3B"">Marcelo Mayer</a>",22.0,47.0,0.26739283445033624
22766,"<a href=""statss.aspx?playerid=22766&position=OF"">Steward Berroa</a>",26.0,6.0,0.11524946490923564
20321,"<a href=""statss.aspx?playerid=20321&position=OF"">Stuart Fairchild</a>",29.0,7.0,0.35090120349611553
27496,"<a href=""statss.aspx?playerid=27496&position=OF"">Owen Caissie</a>",22.0,27.0,0.24548209155047382
19562,"<a href=""statss.aspx?playerid=19562&position=SS"">Zack Short</a>",30.0,56.0,0.2953403798016635
29606,"<a href=""statss.aspx?playerid=29606&position=DH/OF"">Justyn-Henry Malloy</a>",25.0,12.0,0.3398097554842631
5235,"<a href=""statss.aspx?playerid=5235&position=3B"">Justin Turner</a>",40.0,68.0,0.29103027108837576
17684,"<a href=""statss.aspx?playerid=17684&position=3B"">Vimael Machin</a>",31.0,12.0,0.22740764915943146
21780,"<a href=""statss.aspx?playerid=21780&position=OF"">Esteury Ruiz</a>",26.0,23.0,0.26380895790846454
31431,"<a href=""statss.aspx?playerid=31431&position=OF"">Jordan Beck</a>",24.0,294.0,0.3021082682821124
21523,"<a href=""statss.aspx?playerid=21523&position=2B"">Jonathan India</a>",28.0,235.0,0.30606168508529663
31855,"<a href=""statss.aspx?playerid=31855&position=OF"">Colby Thomas</a>",24.0,131.0,0.29357819465490487
27501,"<a href=""statss.aspx?playerid=27501&position=2B/DH"">Justin Foscue</a>",26.0,4.0,0.31297680735588074
23296,"<a href=""statss.aspx?playerid=23296&position=SS"">Jacob Amaya</a>",26.0,5.0,0.31478052139282225
18551,"<a href=""statss.aspx?playerid=18551&position=C"">Ali Sanchez</a>",28.0,12.0,0.25139323870340985
23395,"<a href=""statss.aspx?playerid=23395&position=1B"">Eric Wagaman</a>",27.0,202.0,0.30215337990534186
13324,"<a href=""statss.aspx?playerid=13324&position=2B/3B"">Ildemaro Vargas</a>",33.0,92.0,0.2792598565856179
29591,"<a href=""statss.aspx?playerid=29591&position=OF"">Colton Cowser</a>",25.0,255.0,0.26133058249481084
26244,"<a href=""statss.aspx?playerid=26244&position=OF"">Kenedy Corona</a>",25.0,4.0,0.3457483947277069
14111,"<a href=""statss.aspx?playerid=14111&position=C"">Eric Haase</a>",32.0,23.0,0.24633465901665066
18373,"<a href=""statss.aspx?playerid=18373&position=1B"">Ryan Mountcastle</a>",28.0,157.0,0.2965383620778467
33252,"<a href=""statss.aspx?playerid=33252&position=3B"">Kyle Karros</a>",22.0,156.0,0.2679782314942433
29949,"<a href=""statss.aspx?playerid=29949&position=1B/DH"">Tyler Black</a>",24.0,13.0,0.4301382303237915
16472,"<a href=""statss.aspx?playerid=16472&position=1B"">Rhys Hoskins</a>",32.0,20.0,0.2992085456848145
21693,"<a href=""statss.aspx?playerid=21693&position=C"">Miguel Amaya</a>",26.0,3.0,0.29413527250289917
11899,"<a href=""statss.aspx?playerid=11899&position=DH/OF"">Joc Pederson</a>",33.0,160.0,0.3080934353172779
22707,"<a href=""statss.aspx?playerid=22707&position=OF"">Gustavo Campero</a>",27.0,44.0,0.27761978859251196
23250,"<a href=""statss.aspx?playerid=23250&position=DH"">David Banuelos</a>",28.0,2.0,0.3611442744731903
27962,"<a href=""statss.aspx?playerid=27962&position=2B"">Adael Amador</a>",22.0,26.0,0.3190736699104309
2036,"<a href=""statss.aspx?playerid=2036&position=P"">Clayton Kershaw</a>",37.0,0.0,0.0
3096,"<a href=""statss.aspx?playerid=3096&position=P"">Kenley Jansen</a>",37.0,0.0,0.0
3137,"<a href=""statss.aspx?playerid=3137&position=P"">Max Scherzer</a>",40.0,0.0,0.0
4301,"<a href=""statss.aspx?playerid=4301&position=P"">Justin Wilson</a>",37.0,0.0,0.0
4676,"<a href=""statss.aspx?playerid=4676&position=P"">Charlie Morton</a>",41.0,0.0,0.0
4806,"<a href=""statss.aspx?playerid=4806&position=P"">Rich Hill</a>",45.0,0.0,0.0
5448,"<a href=""statss.aspx?playerid=5448&position=P"">Jesse Chavez</a>",41.0,0.0,0.0
5615,"<a href=""statss.aspx?playerid=5615&position=P"">Ryan Brasier</a>",37.0,0.0,0.0
6107,"<a href=""statss.aspx?playerid=6107&position=P"">Huascar Brazoban</a>",35.0,0.0,0.0
6175,"<a href=""statss.aspx?playerid=6175&position=P"">Albert Suarez</a>",35.0,0.0,0.0
6632,"<a href=""statss.aspx?playerid=6632&position=P"">Carlos Carrasco</a>",38.0,0.0,0.0
6655,"<a href=""statss.aspx?playerid=6655&position=P"">Craig Kimbrel</a>",37.0,0.0,0.0
6902,"<a href=""statss.aspx?playerid=6902&position=P"">Martin Perez</a>",34.0,0.0,0.0
6984,"<a href=""statss.aspx?playerid=6984&position=P"">Luis Garcia</a>",38.0,0.0,0.0
7005,"<a href=""statss.aspx?playerid=7005&position=P"">Ryan Pressly</a>",36.0,0.0,0.0
7048,"<a href=""statss.aspx?playerid=7048&position=P"">Fernando Cruz</a>",35.0,0.0,0.0
7836,"<a href=""statss.aspx?playerid=7836&position=P"">Hunter Strickland</a>",36.0,0.0,0.0
8241,"<a href=""statss.aspx?playerid=8241&position=P"">David Robertson</a>",40.0,0.0,0.0
8700,"<a href=""statss.aspx?playerid=8700&position=P"">Justin Verlander</a>",42.0,0.0,0.0
9073,"<a href=""statss.aspx?playerid=9073&position=P"">Kirby Yates</a>",38.0,0.0,0.0
9132,"<a href=""statss.aspx?playerid=9132&position=P"">Nathan Eovaldi</a>",35.0,0.0,0.0
9174,"<a href=""statss.aspx?playerid=9174&position=P"">Casey Kelly</a>",35.0,0.0,0.0
9323,"<a href=""statss.aspx?playerid=9323&position=P"">Patrick Corbin</a>",35.0,0.0,0.0
9803,"<a href=""statss.aspx?playerid=9803&position=P"">Miles Mikolas</a>",36.0,0.0,0.0
10061,"<a href=""statss.aspx?playerid=10061&position=P"">Brooks Raley</a>",37.0,0.0,0.0
10078,"<a href=""statss.aspx?playerid=10078&position=P"">Caleb Thielbar</a>",38.0,0.0,0.0
10197,"<a href=""statss.aspx?playerid=10197&position=P"">Shelby Miller</a>",34.0,0.0,0.0
10233,"<a href=""statss.aspx?playerid=10233&position=P"">Aroldis Chapman</a>",37.0,0.0,0.0
10310,"<a href=""statss.aspx?playerid=10310&position=P"">Zack Wheeler</a>",35.0,0.0,0.0
10314,"<a href=""statss.aspx?playerid=10314&position=P"">Erasmo Ramirez</a>",35.0,0.0,0.0
10315,"<a href=""statss.aspx?playerid=10315&position=P"">Michael Tonkin</a>",35.0,0.0,0.0
10591,"<a href=""statss.aspx?playerid=10591&position=P"">Scott Alexander</a>",35.0,0.0,0.0
10603,"<a href=""statss.aspx?playerid=10603&position=P"">Chris Sale</a>",36.0,0.0,0.0
10954,"<a href=""statss.aspx?playerid=10954&position=P"">Jacob deGrom</a>",37.0,0.0,0.0
11156,"<a href=""statss.aspx?playerid=11156&position=P"">Merrill Kelly</a>",36.0,0.0,0.0
11384,"<a href=""statss.aspx?playerid=11384&position=P"">Tommy Kahnle</a>",35.0,0.0,0.0
11423,"<a href=""statss.aspx?playerid=11423&position=P"">Jose Quintana</a>",36.0,0.0,0.0
11426,"<a href=""statss.aspx?playerid=11426&position=P"">Drew Pomeranz</a>",36.0,0.0,0.0
11486,"<a href=""statss.aspx?playerid=11486&position=P"">Robbie Ray</a>",33.0,0.0,0.0
11589,"<a href=""statss.aspx?playerid=11589&position=P"">Jose Urena</a>",33.0,0.0,0.0
11674,"<a href=""statss.aspx?playerid=11674&position=P"">Jameson Taillon</a>",33.0,0.0,0.0
11752,"<a href=""statss.aspx?playerid=11752&position=P"">Luke Jackson</a>",33.0,0.0,0.0
11804,"<a href=""statss.aspx?playerid=11804&position=P"">Hector Neris</a>",36.0,0.0,0.0
11836,"<a href=""statss.aspx?playerid=11836&position=P"">Taijuan Walker</a>",32.0,0.0,0.0
11847,"<a href=""statss.aspx?playerid=11847&position=P"">Chris Martin</a>",39.0,0.0,0.0
11861,"<a href=""statss.aspx?playerid=11861&position=P"">Jason Adam</a>",33.0,0.0,0.0
12049,"<a href=""statss.aspx?playerid=12049&position=P"">Kyle Hendricks</a>",35.0,0.0,0.0
12056,"<a href=""statss.aspx?playerid=12056&position=P"">Scott McGough</a>",35.0,0.0,0.0
12095,"<a href=""statss.aspx?playerid=12095&position=P"">Yimi Garcia</a>",34.0,0.0,0.0
12304,"<a href=""statss.aspx?playerid=12304&position=P"">Chris Bassitt</a>",36.0,0.0,0.0
12317,"<a href=""statss.aspx?playerid=12317&position=P"">Colin Rea</a>",34.0,0.0,0.0
12447,"<a href=""statss.aspx?playerid=12447&position=P"">Seth Lugo</a>",35.0,0.0,0.0
12572,"<a href=""statss.aspx?playerid=12572&position=P"">Blake Treinen</a>",37.0,0.0,0.0
12718,"<a href=""statss.aspx?playerid=12718&position=P"">Adrian Houser</a>",32.0,0.0,0.0
12730,"<a href=""statss.aspx?playerid=12730&position=P"">Nick Martinez</a>",34.0,0.0,0.0
12760,"<a href=""statss.aspx?playerid=12760&position=P"">Rafael Montero</a>",34.0,0.0,0.0
12763,"<a href=""statss.aspx?playerid=12763&position=P"">Chris Devenski</a>",34.0,0.0,0.0
12768,"<a href=""statss.aspx?playerid=12768&position=P"">Sonny Gray</a>",35.0,0.0,0.0
12777,"<a href=""statss.aspx?playerid=12777&position=P"">John Brebbia</a>",35.0,0.0,0.0
12791,"<a href=""statss.aspx?playerid=12791&position=P"">Michael Kelly</a>",32.0,0.0,0.0
12828,"<a href=""statss.aspx?playerid=12828&position=P"">Andrew Kittredge</a>",35.0,0.0,0.0
12857,"<a href=""statss.aspx?playerid=12857&position=P"">Shawn Armstrong</a>",34.0,0.0,0.0
12880,"<a href=""statss.aspx?playerid=12880&position=P"">Tyler Anderson</a>",35.0,0.0,0.0
12972,"<a href=""statss.aspx?playerid=12972&position=P"">Joe Ross</a>",32.0,0.0,0.0
12988,"<a href=""statss.aspx?playerid=12988&position=P"">Andrew Chafin</a>",35.0,0.0,0.0
13050,"<a href=""statss.aspx?playerid=13050&position=P"">Anthony DeSclafani</a>",35.0,0.0,0.0
13074,"<a href=""statss.aspx?playerid=13074&position=P"">Yu Darvish</a>",38.0,0.0,0.0
13164,"<a href=""statss.aspx?playerid=13164&position=P"">Eduardo Rodriguez</a>",32.0,0.0,0.0
13190,"<a href=""statss.aspx?playerid=13190&position=P"">Jordan Weems</a>",32.0,0.0,0.0
13293,"<a href=""statss.aspx?playerid=13293&position=P"">Danny Coulombe</a>",35.0,0.0,0.0
13346,"<a href=""statss.aspx?playerid=13346&position=P"">Hoby Milner</a>",34.0,0.0,0.0
13361,"<a href=""statss.aspx?playerid=13361&position=P"">Steven Matz</a>",34.0,0.0,0.0
13431,"<a href=""statss.aspx?playerid=13431&position=P"">Marcus Stroman</a>",34.0,0.0,0.0
13435,"<a href=""statss.aspx?playerid=13435&position=P"">Pierce Johnson</a>",34.0,0.0,0.0
13449,"<a href=""statss.aspx?playerid=13449&position=P"">Taylor Rogers</a>",34.0,0.0,0.0
13528,"<a href=""statss.aspx?playerid=13528&position=P"">Matt Bowman</a>",34.0,0.0,0.0
13543,"<a href=""statss.aspx?playerid=13543&position=P"">Blake Snell</a>",32.0,0.0,0.0
13580,"<a href=""statss.aspx?playerid=13580&position=P"">Steven Okert</a>",33.0,0.0,0.0
13594,"<a href=""statss.aspx?playerid=13594&position=P"">Robert Stephenson</a>",32.0,0.0,0.0
13607,"<a href=""statss.aspx?playerid=13607&position=P"">Carl Edwards Jr.</a>",33.0,0.0,0.0
13619,"<a href=""statss.aspx?playerid=13619&position=P"">Jakob Junis</a>",32.0,0.0,0.0
13649,"<a href=""statss.aspx?playerid=13649&position=P"">Clay Holmes</a>",32.0,0.0,0.0
13652,"<a href=""statss.aspx?playerid=13652&position=P"">Tayler Scott</a>",33.0,0.0,0.0
13743,"<a href=""statss.aspx?playerid=13743&position=P"">Max Fried</a>",31.0,0.0,0.0
13774,"<a href=""statss.aspx?playerid=13774&position=P"">Zach Eflin</a>",31.0,0.0,0.0
13799,"<a href=""statss.aspx?playerid=13799&position=P"">Matt Strahm</a>",33.0,0.0,0.0
13892,"<a href=""statss.aspx?playerid=13892&position=P"">Paul Sewald</a>",35.0,0.0,0.0
13896,"<a href=""statss.aspx?playerid=13896&position=P"">Chris Flexen</a>",30.0,0.0,0.0
13932,"<a href=""statss.aspx?playerid=13932&position=P"">Dietrich Enns</a>",34.0,0.0,0.0
13942,"<a href=""statss.aspx?playerid=13942&position=P"">Brent Suter</a>",35.0,0.0,0.0
14078,"<a href=""statss.aspx?playerid=14078&position=P"">Michael Wacha</a>",33.0,0.0,0.0
14107,"<a href=""statss.aspx?playerid=14107&position=P"">Kevin Gausman</a>",34.0,0.0,0.0
14120,"<a href=""statss.aspx?playerid=14120&position=P"">Lance McCullers Jr.</a>",31.0,0.0,0.0
14168,"<a href=""statss.aspx?playerid=14168&position=P"">Jose Berrios</a>",31.0,0.0,0.0
14212,"<a href=""statss.aspx?playerid=14212&position=P"">Josh Hader</a>",31.0,0.0,0.0
14295,"<a href=""statss.aspx?playerid=14295&position=P"">Wandy Peralta</a>",33.0,0.0,0.0
14309,"<a href=""statss.aspx?playerid=14309&position=P"">Frankie Montas</a>",32.0,0.0,0.0
14332,"<a href=""statss.aspx?playerid=14332&position=P"">Joel Payamps</a>",31.0,0.0,0.0
14374,"<a href=""statss.aspx?playerid=14374&position=P"">Tyler Glasnow</a>",31.0,0.0,0.0
14542,"<a href=""statss.aspx?playerid=14542&position=P"">Carlos Estevez</a>",32.0,0.0,0.0
14706,"<a href=""statss.aspx?playerid=14706&position=P"">Anthony Banda</a>",31.0,0.0,0.0
14710,"<a href=""statss.aspx?playerid=14710&position=P"">Edwin Diaz</a>",31.0,0.0,0.0
14739,"<a href=""statss.aspx?playerid=14739&position=P"">Paul Blackburn</a>",31.0,0.0,0.0
14771,"<a href=""statss.aspx?playerid=14771&position=P"">Emilio Pagan</a>",34.0,0.0,0.0
14843,"<a href=""statss.aspx?playerid=14843&position=P"">Michael Lorenzen</a>",33.0,0.0,0.0
14874,"<a href=""statss.aspx?playerid=14874&position=P"">Sam Moll</a>",33.0,0.0,0.0
14916,"<a href=""statss.aspx?playerid=14916&position=P"">Jon Gray</a>",33.0,0.0,0.0
14993,"<a href=""statss.aspx?playerid=14993&position=P"">Scott Barlow</a>",32.0,0.0,0.0
15009,"<a href=""statss.aspx?playerid=15009&position=P"">Kyle Finnegan</a>",33.0,0.0,0.0
15038,"<a href=""statss.aspx?playerid=15038&position=P"">German Marquez</a>",30.0,0.0,0.0
15042,"<a href=""statss.aspx?playerid=15042&position=P"">Tim Mayza</a>",33.0,0.0,0.0
15043,"<a href=""statss.aspx?playerid=15043&position=P"">Lou Trivino</a>",33.0,0.0,0.0
15094,"<a href=""statss.aspx?playerid=15094&position=P"">Rob Zastryzny</a>",33.0,0.0,0.0
15145,"<a href=""statss.aspx?playerid=15145&position=P"">Justin Topa</a>",34.0,0.0,0.0
15256,"<a href=""statss.aspx?playerid=15256&position=P"">Cole Sulser</a>",35.0,0.0,0.0
15369,"<a href=""statss.aspx?playerid=15369&position=P"">Kevin Herget</a>",34.0,0.0,0.0
15423,"<a href=""statss.aspx?playerid=15423&position=P"">Andrew Heaney</a>",34.0,0.0,0.0
15440,"<a href=""statss.aspx?playerid=15440&position=P"">Matthew Boyd</a>",34.0,0.0,0.0
15454,"<a href=""statss.aspx?playerid=15454&position=P"">Nick Pivetta</a>",32.0,0.0,0.0
15463,"<a href=""statss.aspx?playerid=15463&position=P"">Jose De Leon</a>",32.0,0.0,0.0
15474,"<a href=""statss.aspx?playerid=15474&position=P"">Lucas Giolito</a>",30.0,0.0,0.0
15488,"<a href=""statss.aspx?playerid=15488&position=P"">Antonio Senzatela</a>",30.0,0.0,0.0
15507,"<a href=""statss.aspx?playerid=15507&position=P"">Hunter Harvey</a>",30.0,0.0,0.0
15514,"<a href=""statss.aspx?playerid=15514&position=P"">Kendall Graveman</a>",34.0,0.0,0.0
15541,"<a href=""statss.aspx?playerid=15541&position=P"">Tyler Rogers</a>",34.0,0.0,0.0
15551,"<a href=""statss.aspx?playerid=15551&position=P"">Mark Leiter Jr.</a>",34.0,0.0,0.0
15552,"<a href=""statss.aspx?playerid=15552&position=P"">Chad Green</a>",34.0,0.0,0.0
15689,"<a href=""statss.aspx?playerid=15689&position=P"">Luis Castillo</a>",32.0,0.0,0.0
15734,"<a href=""statss.aspx?playerid=15734&position=P"">Brad Keller</a>",29.0,0.0,0.0
15816,"<a href=""statss.aspx?playerid=15816&position=P"">Devin Williams</a>",30.0,0.0,0.0
15823,"<a href=""statss.aspx?playerid=15823&position=P"">Zack Littell</a>",29.0,0.0,0.0
15855,"<a href=""statss.aspx?playerid=15855&position=P"">Wander Suero</a>",33.0,0.0,0.0
15873,"<a href=""statss.aspx?playerid=15873&position=P"">Sean Manaea</a>",33.0,0.0,0.0
15890,"<a href=""statss.aspx?playerid=15890&position=P"">Luis Severino</a>",31.0,0.0,0.0
15947,"<a href=""statss.aspx?playerid=15947&position=P"">Ryne Stanek</a>",33.0,0.0,0.0
16061,"<a href=""statss.aspx?playerid=16061&position=P"">Cam Booser</a>",33.0,0.0,0.0
16122,"<a href=""statss.aspx?playerid=16122&position=P"">Jordan Romano</a>",32.0,0.0,0.0
16128,"<a href=""statss.aspx?playerid=16128&position=P"">John Curtiss</a>",32.0,0.0,0.0
16137,"<a href=""statss.aspx?playerid=16137&position=P"">Carlos Rodon</a>",32.0,0.0,0.0
16149,"<a href=""statss.aspx?playerid=16149&position=P"">Aaron Nola</a>",32.0,0.0,0.0
16162,"<a href=""statss.aspx?playerid=16162&position=P"">Brandon Woodruff</a>",32.0,0.0,0.0
16256,"<a href=""statss.aspx?playerid=16256&position=P"">Kyle Freeland</a>",32.0,0.0,0.0
16258,"<a href=""statss.aspx?playerid=16258&position=P"">Aaron Bummer</a>",31.0,0.0,0.0
16350,"<a href=""statss.aspx?playerid=16350&position=P"">Ryan Borucki</a>",31.0,0.0,0.0
16358,"<a href=""statss.aspx?playerid=16358&position=P"">Tyler Mahle</a>",30.0,0.0,0.0
16427,"<a href=""statss.aspx?playerid=16427&position=P"">Scott Blewett</a>",29.0,0.0,0.0
16502,"<a href=""statss.aspx?playerid=16502&position=P"">Ryan Yarbrough</a>",33.0,0.0,0.0
16507,"<a href=""statss.aspx?playerid=16507&position=P"">Dan Altavilla</a>",32.0,0.0,0.0
16561,"<a href=""statss.aspx?playerid=16561&position=P"">Austin Gomber</a>",31.0,0.0,0.0
16609,"<a href=""statss.aspx?playerid=16609&position=P"">Bryan Abreu</a>",28.0,0.0,0.0
16647,"<a href=""statss.aspx?playerid=16647&position=P"">Ryan Thompson</a>",33.0,0.0,0.0
16727,"<a href=""statss.aspx?playerid=16727&position=P"">Brock Stewart</a>",33.0,0.0,0.0
16814,"<a href=""statss.aspx?playerid=16814&position=P"">Tim Hill</a>",35.0,0.0,0.0
16835,"<a href=""statss.aspx?playerid=16835&position=P"">Brennan Bernardino</a>",33.0,0.0,0.0
16866,"<a href=""statss.aspx?playerid=16866&position=P"">Reed Garrett</a>",32.0,0.0,0.0
16918,"<a href=""statss.aspx?playerid=16918&position=P"">Luke Weaver</a>",31.0,0.0,0.0
16943,"<a href=""statss.aspx?playerid=16943&position=P"">Sean Newcomb</a>",32.0,0.0,0.0
16944,"<a href=""statss.aspx?playerid=16944&position=P"">Grant Holmes</a>",29.0,0.0,0.0
16977,"<a href=""statss.aspx?playerid=16977&position=P"">Trevor Williams</a>",33.0,0.0,0.0
16990,"<a href=""statss.aspx?playerid=16990&position=P"">Tanner Banks</a>",33.0,0.0,0.0
17085,"<a href=""statss.aspx?playerid=17085&position=P"">Pablo Lopez</a>",29.0,0.0,0.0
17130,"<a href=""statss.aspx?playerid=17130&position=P"">Raisel Iglesias</a>",35.0,0.0,0.0
17161,"<a href=""statss.aspx?playerid=17161&position=C"">Chad Wallach</a>",33.0,0.0,0.0
17169,"<a href=""statss.aspx?playerid=17169&position=P"">Jose Castillo</a>",29.0,0.0,0.0
17170,"<a href=""statss.aspx?playerid=17170&position=P"">Gabe Speier</a>",30.0,0.0,0.0
17192,"<a href=""statss.aspx?playerid=17192&position=P"">Jalen Beeks</a>",31.0,0.0,0.0
17277,"<a href=""statss.aspx?playerid=17277&position=P"">Ranger Suarez</a>",29.0,0.0,0.0
17282,"<a href=""statss.aspx?playerid=17282&position=P"">Michael Kopech</a>",29.0,0.0,0.0
17295,"<a href=""statss.aspx?playerid=17295&position=P"">Framber Valdez</a>",31.0,0.0,0.0
17381,"<a href=""statss.aspx?playerid=17381&position=P"">Matt Gage</a>",32.0,0.0,0.0
17425,"<a href=""statss.aspx?playerid=17425&position=P"">Erick Fedde</a>",32.0,0.0,0.0
17432,"<a href=""statss.aspx?playerid=17432&position=P"">Jeff Hoffman</a>",32.0,0.0,0.0
17479,"<a href=""statss.aspx?playerid=17479&position=P"">Jack Flaherty</a>",29.0,0.0,0.0
17490,"<a href=""statss.aspx?playerid=17490&position=P"">Genesis Cabrera</a>",28.0,0.0,0.0
17536,"<a href=""statss.aspx?playerid=17536&position=P"">Ryan Burr</a>",31.0,0.0,0.0
17556,"<a href=""statss.aspx?playerid=17556&position=P"">Jimmy Herget</a>",31.0,0.0,0.0
17578,"<a href=""statss.aspx?playerid=17578&position=P"">JT Brubaker</a>",31.0,0.0,0.0
17586,"<a href=""statss.aspx?playerid=17586&position=P"">Tanner Scott</a>",30.0,0.0,0.0
17594,"<a href=""statss.aspx?playerid=17594&position=P"">Mitch Keller</a>",29.0,0.0,0.0
17606,"<a href=""statss.aspx?playerid=17606&position=P"">Cristian Javier</a>",28.0,0.0,0.0
17610,"<a href=""statss.aspx?playerid=17610&position=P"">Tanner Rainey</a>",32.0,0.0,0.0
17611,"<a href=""statss.aspx?playerid=17611&position=P"">Taylor Clarke</a>",32.0,0.0,0.0
17639,"<a href=""statss.aspx?playerid=17639&position=P"">Justin Lawrence</a>",30.0,0.0,0.0
17677,"<a href=""statss.aspx?playerid=17677&position=P"">Jeffrey Springs</a>",32.0,0.0,0.0
17722,"<a href=""statss.aspx?playerid=17722&position=P"">Trevor Megill</a>",31.0,0.0,0.0
17732,"<a href=""statss.aspx?playerid=17732&position=P"">Nabil Crismatt</a>",30.0,0.0,0.0
17735,"<a href=""statss.aspx?playerid=17735&position=P"">Tyler Alexander</a>",30.0,0.0,0.0
17780,"<a href=""statss.aspx?playerid=17780&position=P"">Jose Alvarado</a>",30.0,0.0,0.0
17796,"<a href=""statss.aspx?playerid=17796&position=P"">Dillon Tate</a>",31.0,0.0,0.0
17874,"<a href=""statss.aspx?playerid=17874&position=P"">Nestor Cortes</a>",30.0,0.0,0.0
17878,"<a href=""statss.aspx?playerid=17878&position=P"">Dennis Santana</a>",29.0,0.0,0.0
17888,"<a href=""statss.aspx?playerid=17888&position=P"">Tayler Saucedo</a>",32.0,0.0,0.0
17897,"<a href=""statss.aspx?playerid=17897&position=P"">Garrett Cleavinger</a>",31.0,0.0,0.0
17948,"<a href=""statss.aspx?playerid=17948&position=P"">Trent Thornton</a>",31.0,0.0,0.0
17964,"<a href=""statss.aspx?playerid=17964&position=P"">Tyler Gilbert</a>",31.0,0.0,0.0
17968,"<a href=""statss.aspx?playerid=17968&position=P"">Brock Burke</a>",28.0,0.0,0.0
17995,"<a href=""statss.aspx?playerid=17995&position=P"">Logan Webb</a>",28.0,0.0,0.0
17998,"<a href=""statss.aspx?playerid=17998&position=P"">Pete Fairbanks</a>",31.0,0.0,0.0
18064,"<a href=""statss.aspx?playerid=18064&position=P"">Phil Maton</a>",32.0,0.0,0.0
18138,"<a href=""statss.aspx?playerid=18138&position=P"">Ryan Helsley</a>",30.0,0.0,0.0
18152,"<a href=""statss.aspx?playerid=18152&position=P"">Anthony Misiewicz</a>",30.0,0.0,0.0
18297,"<a href=""statss.aspx?playerid=18297&position=P"">Tyler Kinley</a>",34.0,0.0,0.0
18311,"<a href=""statss.aspx?playerid=18311&position=P"">Carson Fulmer</a>",31.0,0.0,0.0
18337,"<a href=""statss.aspx?playerid=18337&position=P"">Nick Anderson</a>",34.0,0.0,0.0
18341,"<a href=""statss.aspx?playerid=18341&position=P"">Julian Fernandez</a>",29.0,0.0,0.0
18347,"<a href=""statss.aspx?playerid=18347&position=P"">Brandon Waddell</a>",31.0,0.0,0.0
18383,"<a href=""statss.aspx?playerid=18383&position=P"">Michael Soroka</a>",27.0,0.0,0.0
18384,"<a href=""statss.aspx?playerid=18384&position=P"">Scott Effross</a>",31.0,0.0,0.0
18403,"<a href=""statss.aspx?playerid=18403&position=P"">Enyel De Los Santos</a>",29.0,0.0,0.0
18413,"<a href=""statss.aspx?playerid=18413&position=P"">Jose Urquidy</a>",30.0,0.0,0.0
18525,"<a href=""statss.aspx?playerid=18525&position=P"">Dylan Cease</a>",29.0,0.0,0.0
18674,"<a href=""statss.aspx?playerid=18674&position=P"">Jake Woodford</a>",28.0,0.0,0.0
18679,"<a href=""statss.aspx?playerid=18679&position=P"">Freddy Peralta</a>",29.0,0.0,0.0
18684,"<a href=""statss.aspx?playerid=18684&position=P"">Sandy Alcantara</a>",29.0,0.0,0.0
18694,"<a href=""statss.aspx?playerid=18694&position=P"">Kolby Allard</a>",27.0,0.0,0.0
19178,"<a href=""statss.aspx?playerid=19178&position=P"">Tommy Nance</a>",34.0,0.0,0.0
19200,"<a href=""statss.aspx?playerid=19200&position=P"">Jose Quijada</a>",29.0,0.0,0.0
19205,"<a href=""statss.aspx?playerid=19205&position=P"">Jesse Scholtens</a>",31.0,0.0,0.0
19222,"<a href=""statss.aspx?playerid=19222&position=P"">Lake Bachar</a>",30.0,0.0,0.0
19249,"<a href=""statss.aspx?playerid=19249&position=P"">Seranthony Dominguez</a>",30.0,0.0,0.0
19261,"<a href=""statss.aspx?playerid=19261&position=P"">Ian Hamilton</a>",30.0,0.0,0.0
19264,"<a href=""statss.aspx?playerid=19264&position=P"">Thomas Hatch</a>",30.0,0.0,0.0
19274,"<a href=""statss.aspx?playerid=19274&position=P"">Jacob Webb</a>",31.0,0.0,0.0
19281,"<a href=""statss.aspx?playerid=19281&position=P"">Nick Hernandez</a>",30.0,0.0,0.0
19291,"<a href=""statss.aspx?playerid=19291&position=P"">Zac Gallen</a>",29.0,0.0,0.0
19309,"<a href=""statss.aspx?playerid=19309&position=P"">Trevor Richards</a>",32.0,0.0,0.0
19312,"<a href=""statss.aspx?playerid=19312&position=P"">Cal Quantrill</a>",30.0,0.0,0.0
19316,"<a href=""statss.aspx?playerid=19316&position=P"">Eric Lauer</a>",30.0,0.0,0.0
19320,"<a href=""statss.aspx?playerid=19320&position=P"">Joey Lucchesi</a>",32.0,0.0,0.0
19330,"<a href=""statss.aspx?playerid=19330&position=P"">Matt Festa</a>",32.0,0.0,0.0
19337,"<a href=""statss.aspx?playerid=19337&position=P"">Richard Lovelady</a>",29.0,0.0,0.0
19349,"<a href=""statss.aspx?playerid=19349&position=P"">Caleb Ferguson</a>",28.0,0.0,0.0
19350,"<a href=""statss.aspx?playerid=19350&position=P"">Dean Kremer</a>",29.0,0.0,0.0
19360,"<a href=""statss.aspx?playerid=19360&position=P"">Lucas Erceg</a>",30.0,0.0,0.0
19362,"<a href=""statss.aspx?playerid=19362&position=P"">Keegan Akin</a>",30.0,0.0,0.0
19374,"<a href=""statss.aspx?playerid=19374&position=P"">Walker Buehler</a>",30.0,0.0,0.0
19409,"<a href=""statss.aspx?playerid=19409&position=P"">Dane Dunning</a>",30.0,0.0,0.0
19427,"<a href=""statss.aspx?playerid=19427&position=P"">Shane Bieber</a>",30.0,0.0,0.0
19444,"<a href=""statss.aspx?playerid=19444&position=P"">Yohan Ramirez</a>",30.0,0.0,0.0
19453,"<a href=""statss.aspx?playerid=19453&position=P"">Shaun Anderson</a>",30.0,0.0,0.0
19459,"<a href=""statss.aspx?playerid=19459&position=P"">Jorge Alcala</a>",29.0,0.0,0.0
19479,"<a href=""statss.aspx?playerid=19479&position=P"">Aaron Civale</a>",30.0,0.0,0.0
19481,"<a href=""statss.aspx?playerid=19481&position=P"">Tyler Ferguson</a>",31.0,0.0,0.0
19524,"<a href=""statss.aspx?playerid=19524&position=P"">Alan Rangel</a>",27.0,0.0,0.0
19558,"<a href=""statss.aspx?playerid=19558&position=P"">Geoff Hartlieb</a>",31.0,0.0,0.0
19569,"<a href=""statss.aspx?playerid=19569&position=P"">David Bednar</a>",30.0,0.0,0.0
19574,"<a href=""statss.aspx?playerid=19574&position=P"">JoJo Romero</a>",28.0,0.0,0.0
19618,"<a href=""statss.aspx?playerid=19618&position=P"">Jordan Hicks</a>",28.0,0.0,0.0
19646,"<a href=""statss.aspx?playerid=19646&position=P"">Kyle Hart</a>",32.0,0.0,0.0
19666,"<a href=""statss.aspx?playerid=19666&position=P"">Jason Alexander</a>",32.0,0.0,0.0
19677,"<a href=""statss.aspx?playerid=19677&position=P"">Gregory Soto</a>",30.0,0.0,0.0
19695,"<a href=""statss.aspx?playerid=19695&position=P"">Connor Seabold</a>",29.0,0.0,0.0
19716,"<a href=""statss.aspx?playerid=19716&position=P"">Dustin May</a>",27.0,0.0,0.0
19736,"<a href=""statss.aspx?playerid=19736&position=P"">Caleb Boushley</a>",31.0,0.0,0.0
19742,"<a href=""statss.aspx?playerid=19742&position=P"">Anthony Bender</a>",30.0,0.0,0.0
19753,"<a href=""statss.aspx?playerid=19753&position=P"">Jonathan Loaisiga</a>",30.0,0.0,0.0
19754,"<a href=""statss.aspx?playerid=19754&position=P"">Reiver Sanmartin</a>",29.0,0.0,0.0
19769,"<a href=""statss.aspx?playerid=19769&position=P"">Will Vest</a>",30.0,0.0,0.0
19804,"<a href=""statss.aspx?playerid=19804&position=P"">Bryan Baker</a>",30.0,0.0,0.0
19853,"<a href=""statss.aspx?playerid=19853&position=P"">Michael King</a>",30.0,0.0,0.0
19876,"<a href=""statss.aspx?playerid=19876&position=P"">Kevin Ginkel</a>",31.0,0.0,0.0
19883,"<a href=""statss.aspx?playerid=19883&position=P"">Alex Lange</a>",29.0,0.0,0.0
19884,"<a href=""statss.aspx?playerid=19884&position=P"">Corbin Martin</a>",29.0,0.0,0.0
19899,"<a href=""statss.aspx?playerid=19899&position=P"">Clarke Schmidt</a>",29.0,0.0,0.0
19911,"<a href=""statss.aspx?playerid=19911&position=P"">Jose Suarez</a>",27.0,0.0,0.0
19924,"<a href=""statss.aspx?playerid=19924&position=P"">Bryan Hudson</a>",28.0,0.0,0.0
19926,"<a href=""statss.aspx?playerid=19926&position=P"">Tony Santillan</a>",28.0,0.0,0.0
19959,"<a href=""statss.aspx?playerid=19959&position=P"">Jesus Luzardo</a>",27.0,0.0,0.0
19962,"<a href=""statss.aspx?playerid=19962&position=P"">Joey Wentz</a>",27.0,0.0,0.0
19990,"<a href=""statss.aspx?playerid=19990&position=P"">Bryse Wilson</a>",27.0,0.0,0.0
19996,"<a href=""statss.aspx?playerid=19996&position=P"">Dylan Lee</a>",30.0,0.0,0.0
20000,"<a href=""statss.aspx?playerid=20000&position=P"">Tyler Wells</a>",30.0,0.0,0.0
20020,"<a href=""statss.aspx?playerid=20020&position=P"">John Schreiber</a>",31.0,0.0,0.0
20023,"<a href=""statss.aspx?playerid=20023&position=P"">Rico Garcia</a>",31.0,0.0,0.0
20039,"<a href=""statss.aspx?playerid=20039&position=P"">Adrian Morejon</a>",26.0,0.0,0.0
20061,"<a href=""statss.aspx?playerid=20061&position=P"">Kaleb Ort</a>",33.0,0.0,0.0
20070,"<a href=""statss.aspx?playerid=20070&position=P"">Bailey Falter</a>",28.0,0.0,0.0
20099,"<a href=""statss.aspx?playerid=20099&position=P"">Chris Paddack</a>",29.0,0.0,0.0
20116,"<a href=""statss.aspx?playerid=20116&position=P"">Calvin Faucher</a>",29.0,0.0,0.0
20160,"<a href=""statss.aspx?playerid=20160&position=P"">Nate Pearson</a>",28.0,0.0,0.0
20185,"<a href=""statss.aspx?playerid=20185&position=P"">Zach Pop</a>",28.0,0.0,0.0
20191,"<a href=""statss.aspx?playerid=20191&position=P"">Garrett Whitlock</a>",29.0,0.0,0.0
20198,"<a href=""statss.aspx?playerid=20198&position=P"">Ben Bowden</a>",30.0,0.0,0.0
20253,"<a href=""statss.aspx?playerid=20253&position=P"">Griffin Jax</a>",30.0,0.0,0.0
20271,"<a href=""statss.aspx?playerid=20271&position=P"">Daysbel Hernandez</a>",28.0,0.0,0.0
20302,"<a href=""statss.aspx?playerid=20302&position=P"">David Peterson</a>",29.0,0.0,0.0
20333,"<a href=""statss.aspx?playerid=20333&position=P"">Nick Raquet</a>",29.0,0.0,0.0
20348,"<a href=""statss.aspx?playerid=20348&position=P"">Riley O'Brien</a>",30.0,0.0,0.0
20349,"<a href=""statss.aspx?playerid=20349&position=P"">Zack Kelly</a>",30.0,0.0,0.0
20353,"<a href=""statss.aspx?playerid=20353&position=P"">Steven Wilson</a>",30.0,0.0,0.0
20370,"<a href=""statss.aspx?playerid=20370&position=P"">Bruce Zimmermann</a>",30.0,0.0,0.0
20373,"<a href=""statss.aspx?playerid=20373&position=P"">Andres Munoz</a>",26.0,0.0,0.0
20375,"<a href=""statss.aspx?playerid=20375&position=P"">Greg Weissert</a>",30.0,0.0,0.0
20379,"<a href=""statss.aspx?playerid=20379&position=P"">Tyler Zuber</a>",30.0,0.0,0.0
20385,"<a href=""statss.aspx?playerid=20385&position=P"">Isaac Mattson</a>",29.0,0.0,0.0
20422,"<a href=""statss.aspx?playerid=20422&position=P"">Jovani Moran</a>",28.0,0.0,0.0
20423,"<a href=""statss.aspx?playerid=20423&position=P"">Ryan Walker</a>",29.0,0.0,0.0
20492,"<a href=""statss.aspx?playerid=20492&position=P"">Casey Mize</a>",28.0,0.0,0.0
20515,"<a href=""statss.aspx?playerid=20515&position=P"">Kyle Nelson</a>",28.0,0.0,0.0
20517,"<a href=""statss.aspx?playerid=20517&position=P"">Nick Sandlin</a>",28.0,0.0,0.0
20539,"<a href=""statss.aspx?playerid=20539&position=P"">Edwin Uceta</a>",27.0,0.0,0.0
20546,"<a href=""statss.aspx?playerid=20546&position=P"">Grant Anderson</a>",28.0,0.0,0.0
20629,"<a href=""statss.aspx?playerid=20629&position=P"">Tyler Phillips</a>",27.0,0.0,0.0
20633,"<a href=""statss.aspx?playerid=20633&position=P"">Yusei Kikuchi</a>",34.0,0.0,0.0
20666,"<a href=""statss.aspx?playerid=20666&position=P"">Felix Bautista</a>",30.0,0.0,0.0
20778,"<a href=""statss.aspx?playerid=20778&position=P"">Cristopher Sanchez</a>",28.0,0.0,0.0
20827,"<a href=""statss.aspx?playerid=20827&position=P"">Michael Petersen</a>",31.0,0.0,0.0
20962,"<a href=""statss.aspx?playerid=20962&position=P"">Elvin Rodriguez</a>",27.0,0.0,0.0
20997,"<a href=""statss.aspx?playerid=20997&position=P"">Eduard Bazardo</a>",29.0,0.0,0.0
21029,"<a href=""statss.aspx?playerid=21029&position=P"">Jhoan Duran</a>",27.0,0.0,0.0
21032,"<a href=""statss.aspx?playerid=21032&position=P"">Emmanuel Clase</a>",27.0,0.0,0.0
21045,"<a href=""statss.aspx?playerid=21045&position=P"">Seth Martinez</a>",30.0,0.0,0.0
21052,"<a href=""statss.aspx?playerid=21052&position=P"">Luis Gil</a>",27.0,0.0,0.0
21101,"<a href=""statss.aspx?playerid=21101&position=P"">Dauri Moreta</a>",29.0,0.0,0.0
21131,"<a href=""statss.aspx?playerid=21131&position=P"">Jose Espada</a>",28.0,0.0,0.0
21132,"<a href=""statss.aspx?playerid=21132&position=P"">Alexis Diaz</a>",28.0,0.0,0.0
21189,"<a href=""statss.aspx?playerid=21189&position=P"">Brooks Kriske</a>",31.0,0.0,0.0
21205,"<a href=""statss.aspx?playerid=21205&position=P"">Connor Brogdon</a>",30.0,0.0,0.0
21212,"<a href=""statss.aspx?playerid=21212&position=P"">J.P. France</a>",30.0,0.0,0.0
21224,"<a href=""statss.aspx?playerid=21224&position=P"">Bailey Ober</a>",29.0,0.0,0.0
21229,"<a href=""statss.aspx?playerid=21229&position=P"">Daniel Robert</a>",30.0,0.0,0.0
21238,"<a href=""statss.aspx?playerid=21238&position=P"">Allan Winans</a>",29.0,0.0,0.0
21267,"<a href=""statss.aspx?playerid=21267&position=P"">Jake Bird</a>",29.0,0.0,0.0
21290,"<a href=""statss.aspx?playerid=21290&position=P"">Lucas Gilbreath</a>",29.0,0.0,0.0
21306,"<a href=""statss.aspx?playerid=21306&position=P"">Jacob Latz</a>",29.0,0.0,0.0
21345,"<a href=""statss.aspx?playerid=21345&position=P"">Bennett Sousa</a>",30.0,0.0,0.0
21390,"<a href=""statss.aspx?playerid=21390&position=P"">Joe Ryan</a>",29.0,0.0,0.0
21420,"<a href=""statss.aspx?playerid=21420&position=P"">Yerry De Los Santos</a>",27.0,0.0,0.0
21448,"<a href=""statss.aspx?playerid=21448&position=P"">Davis Martin</a>",28.0,0.0,0.0
21453,"<a href=""statss.aspx?playerid=21453&position=P"">Konnor Pilkington</a>",27.0,0.0,0.0
21455,"<a href=""statss.aspx?playerid=21455&position=P"">Kris Bubic</a>",27.0,0.0,0.0
21461,"<a href=""statss.aspx?playerid=21461&position=P"">Cole Sands</a>",27.0,0.0,0.0
21481,"<a href=""statss.aspx?playerid=21481&position=P"">Sean Hjelle</a>",28.0,0.0,0.0
21487,"<a href=""statss.aspx?playerid=21487&position=P"">Stephen Kolek</a>",28.0,0.0,0.0
21504,"<a href=""statss.aspx?playerid=21504&position=P"">Jake Irvin</a>",28.0,0.0,0.0
21520,"<a href=""statss.aspx?playerid=21520&position=P"">Hogan Harris</a>",28.0,0.0,0.0
21537,"<a href=""statss.aspx?playerid=21537&position=P"">Daniel Lynch IV</a>",28.0,0.0,0.0
21544,"<a href=""statss.aspx?playerid=21544&position=P"">Chase Shugart</a>",28.0,0.0,0.0
21546,"<a href=""statss.aspx?playerid=21546&position=P"">Justin Hagenman</a>",28.0,0.0,0.0
21549,"<a href=""statss.aspx?playerid=21549&position=P"">Jackson Kowar</a>",28.0,0.0,0.0
21574,"<a href=""statss.aspx?playerid=21574&position=P"">Brendon Little</a>",28.0,0.0,0.0
21584,"<a href=""statss.aspx?playerid=21584&position=P"">Tristan Beck</a>",29.0,0.0,0.0
21623,"<a href=""statss.aspx?playerid=21623&position=P"">Grant Wolfram</a>",28.0,0.0,0.0
21652,"<a href=""statss.aspx?playerid=21652&position=P"">Elvis Peguero</a>",28.0,0.0,0.0
21662,"<a href=""statss.aspx?playerid=21662&position=P"">Elvis Alvarado</a>",26.0,0.0,0.0
21690,"<a href=""statss.aspx?playerid=21690&position=P"">Edward Cabrera</a>",27.0,0.0,0.0
21741,"<a href=""statss.aspx?playerid=21741&position=P"">Javier Assad</a>",27.0,0.0,0.0
21846,"<a href=""statss.aspx?playerid=21846&position=P"">Cole Ragans</a>",27.0,0.0,0.0
21850,"<a href=""statss.aspx?playerid=21850&position=P"">Mason Thompson</a>",27.0,0.0,0.0
21863,"<a href=""statss.aspx?playerid=21863&position=P"">George Soriano</a>",26.0,0.0,0.0
21922,"<a href=""statss.aspx?playerid=21922&position=P"">Sauryn Lao</a>",25.0,0.0,0.0
21924,"<a href=""statss.aspx?playerid=21924&position=P"">Juan Morillo</a>",26.0,0.0,0.0
21951,"<a href=""statss.aspx?playerid=21951&position=P"">Joel Peguero</a>",28.0,0.0,0.0
21992,"<a href=""statss.aspx?playerid=21992&position=P"">Camilo Doval</a>",27.0,0.0,0.0
22051,"<a href=""statss.aspx?playerid=22051&position=P"">John King</a>",30.0,0.0,0.0
22100,"<a href=""statss.aspx?playerid=22100&position=P"">Jose Soriano</a>",26.0,0.0,0.0
22113,"<a href=""statss.aspx?playerid=22113&position=P"">Cole Winn</a>",25.0,0.0,0.0
22176,"<a href=""statss.aspx?playerid=22176&position=P"">Easton McGee</a>",27.0,0.0,0.0
22182,"<a href=""statss.aspx?playerid=22182&position=P"">Hunter Greene</a>",25.0,0.0,0.0
22191,"<a href=""statss.aspx?playerid=22191&position=P"">Tobias Myers</a>",26.0,0.0,0.0
22200,"<a href=""statss.aspx?playerid=22200&position=P"">Ryan Rolison</a>",27.0,0.0,0.0
22201,"<a href=""statss.aspx?playerid=22201&position=P"">MacKenzie Gore</a>",26.0,0.0,0.0
22207,"<a href=""statss.aspx?playerid=22207&position=P"">DL Hall</a>",26.0,0.0,0.0
22210,"<a href=""statss.aspx?playerid=22210&position=P"">Jeremiah Estrada</a>",26.0,0.0,0.0
22250,"<a href=""statss.aspx?playerid=22250&position=P"">Logan Gilbert</a>",28.0,0.0,0.0
22253,"<a href=""statss.aspx?playerid=22253&position=P"">Sean Reynolds</a>",27.0,0.0,0.0
22264,"<a href=""statss.aspx?playerid=22264&position=P"">Shane Baz</a>",26.0,0.0,0.0
22267,"<a href=""statss.aspx?playerid=22267&position=P"">Tarik Skubal</a>",28.0,0.0,0.0
22273,"<a href=""statss.aspx?playerid=22273&position=P"">Owen White</a>",25.0,0.0,0.0
22284,"<a href=""statss.aspx?playerid=22284&position=P"">Matt Sauer</a>",26.0,0.0,0.0
22286,"<a href=""statss.aspx?playerid=22286&position=P"">Trevor Rogers</a>",27.0,0.0,0.0
22288,"<a href=""statss.aspx?playerid=22288&position=P"">Mason Englert</a>",25.0,0.0,0.0
22294,"<a href=""statss.aspx?playerid=22294&position=P"">Matthew Liberatore</a>",25.0,0.0,0.0
22304,"<a href=""statss.aspx?playerid=22304&position=P"">Brenan Hanifee</a>",27.0,0.0,0.0
22361,"<a href=""statss.aspx?playerid=22361&position=P"">Colin Holderman</a>",29.0,0.0,0.0
22487,"<a href=""statss.aspx?playerid=22487&position=P"">Johan Oviedo</a>",27.0,0.0,0.0
22543,"<a href=""statss.aspx?playerid=22543&position=P"">Taj Bradley</a>",24.0,0.0,0.0
22558,"<a href=""statss.aspx?playerid=22558&position=OF"">Jarred Kelenic</a>",25.0,0.0,0.0
22630,"<a href=""statss.aspx?playerid=22630&position=P"">Keider Montero</a>",24.0,0.0,0.0
22713,"<a href=""statss.aspx?playerid=22713&position=P"">Carlos Hernandez</a>",28.0,0.0,0.0
22717,"<a href=""statss.aspx?playerid=22717&position=P"">Angel Zerpa</a>",25.0,0.0,0.0
22810,"<a href=""statss.aspx?playerid=22810&position=P"">Roansy Contreras</a>",25.0,0.0,0.0
22872,"<a href=""statss.aspx?playerid=22872&position=P"">Yoendrys Gomez</a>",25.0,0.0,0.0
22915,"<a href=""statss.aspx?playerid=22915&position=P"">Carlos Vargas</a>",25.0,0.0,0.0
23055,"<a href=""statss.aspx?playerid=23055&position=P"">Dedniel Nunez</a>",29.0,0.0,0.0
23091,"<a href=""statss.aspx?playerid=23091&position=P"">Robinson Pina</a>",26.0,0.0,0.0
23135,"<a href=""statss.aspx?playerid=23135&position=P"">Eduardo Salazar</a>",27.0,0.0,0.0
23150,"<a href=""statss.aspx?playerid=23150&position=P"">Osvaldo Bido</a>",29.0,0.0,0.0
23162,"<a href=""statss.aspx?playerid=23162&position=P"">Eduarniel Nunez</a>",26.0,0.0,0.0
23165,"<a href=""statss.aspx?playerid=23165&position=P"">Steven Cruz</a>",26.0,0.0,0.0
23237,"<a href=""statss.aspx?playerid=23237&position=P"">Juan Mejia</a>",24.0,0.0,0.0
23293,"<a href=""statss.aspx?playerid=23293&position=P"">Codi Heuer</a>",28.0,0.0,0.0
23301,"<a href=""statss.aspx?playerid=23301&position=P"">Janson Junk</a>",29.0,0.0,0.0
23313,"<a href=""statss.aspx?playerid=23313&position=P"">Jose Butto</a>",27.0,0.0,0.0
23324,"<a href=""statss.aspx?playerid=23324&position=P"">Freddy Tarnok</a>",26.0,0.0,0.0
23335,"<a href=""statss.aspx?playerid=23335&position=P"">Joey Cantillo</a>",25.0,0.0,0.0
23363,"<a href=""statss.aspx?playerid=23363&position=P"">Robert Garcia</a>",29.0,0.0,0.0
23381,"<a href=""statss.aspx?playerid=23381&position=P"">Nolan Hoffman</a>",27.0,0.0,0.0
23394,"<a href=""statss.aspx?playerid=23394&position=P"">PJ Poulin</a>",28.0,0.0,0.0
23426,"<a href=""statss.aspx?playerid=23426&position=P"">Max Lazar</a>",26.0,0.0,0.0
23429,"<a href=""statss.aspx?playerid=23429&position=P"">JP Sears</a>",29.0,0.0,0.0
23455,"<a href=""statss.aspx?playerid=23455&position=P"">Hunter Stratton</a>",28.0,0.0,0.0
23479,"<a href=""statss.aspx?playerid=23479&position=P"">Cam Sanders</a>",28.0,0.0,0.0
23488,"<a href=""statss.aspx?playerid=23488&position=P"">Ron Marinaccio</a>",29.0,0.0,0.0
23499,"<a href=""statss.aspx?playerid=23499&position=P"">Keaton Winn</a>",27.0,0.0,0.0
23550,"<a href=""statss.aspx?playerid=23550&position=P"">Aaron Ashby</a>",27.0,0.0,0.0
23590,"<a href=""statss.aspx?playerid=23590&position=P"">Ben Brown</a>",25.0,0.0,0.0
23735,"<a href=""statss.aspx?playerid=23735&position=P"">Luis Garcia</a>",28.0,0.0,0.0
23779,"<a href=""statss.aspx?playerid=23779&position=P"">Justin Bruihl</a>",28.0,0.0,0.0
23793,"<a href=""statss.aspx?playerid=23793&position=P"">Braxton Ashcraft</a>",25.0,0.0,0.0
23796,"<a href=""statss.aspx?playerid=23796&position=P"">Ryan Weathers</a>",25.0,0.0,0.0
23811,"<a href=""statss.aspx?playerid=23811&position=P"">Luarbert Arias</a>",24.0,0.0,0.0
23899,"<a href=""statss.aspx?playerid=23899&position=P"">Valente Bellozo</a>",25.0,0.0,0.0
23920,"<a href=""statss.aspx?playerid=23920&position=P"">Brayan Bello</a>",26.0,0.0,0.0
23974,"<a href=""statss.aspx?playerid=23974&position=P"">Randy Rodriguez</a>",25.0,0.0,0.0
24017,"<a href=""statss.aspx?playerid=24017&position=P"">Jose A. Ferrer</a>",25.0,0.0,0.0
24094,"<a href=""statss.aspx?playerid=24094&position=P"">Ronny Henriquez</a>",25.0,0.0,0.0
24203,"<a href=""statss.aspx?playerid=24203&position=P"">Luis Peralta</a>",24.0,0.0,0.0
24282,"<a href=""statss.aspx?playerid=24282&position=P"">Kai-Wei Teng</a>",26.0,0.0,0.0
24452,"<a href=""statss.aspx?playerid=24452&position=P"">Luinder Avila</a>",23.0,0.0,0.0
24494,"<a href=""statss.aspx?playerid=24494&position=P"">Simeon Woods Richardson</a>",24.0,0.0,0.0
24581,"<a href=""statss.aspx?playerid=24581&position=P"">Lyon Richardson</a>",25.0,0.0,0.0
24586,"<a href=""statss.aspx?playerid=24586&position=P"">Kyle Bradish</a>",28.0,0.0,0.0
24590,"<a href=""statss.aspx?playerid=24590&position=P"">John Rooney</a>",28.0,0.0,0.0
24591,"<a href=""statss.aspx?playerid=24591&position=P"">Joey Gerber</a>",28.0,0.0,0.0
24604,"<a href=""statss.aspx?playerid=24604&position=P"">Austin Cox</a>",28.0,0.0,0.0
24607,"<a href=""statss.aspx?playerid=24607&position=P"">Jonathan Bowlan</a>",28.0,0.0,0.0
24609,"<a href=""statss.aspx?playerid=24609&position=P"">Braydon Fisher</a>",24.0,0.0,0.0
24614,"<a href=""statss.aspx?playerid=24614&position=P"">Victor Vodnik</a>",25.0,0.0,0.0
24710,"<a href=""statss.aspx?playerid=24710&position=P"">Luis Curvelo</a>",24.0,0.0,0.0
24719,"<a href=""statss.aspx?playerid=24719&position=P"">Randy Vasquez</a>",26.0,0.0,0.0
24728,"<a href=""statss.aspx?playerid=24728&position=P"">Mike Burrows</a>",25.0,0.0,0.0
24763,"<a href=""statss.aspx?playerid=24763&position=P"">Kyle Leahy</a>",28.0,0.0,0.0
24862,"<a href=""statss.aspx?playerid=24862&position=P"">Ryan Fernandez</a>",27.0,0.0,0.0
24914,"<a href=""statss.aspx?playerid=24914&position=P"">Lazaro Estrada</a>",26.0,0.0,0.0
24930,"<a href=""statss.aspx?playerid=24930&position=P"">Ethan Roberts</a>",27.0,0.0,0.0
24937,"<a href=""statss.aspx?playerid=24937&position=P"">Austin Warren</a>",29.0,0.0,0.0
24968,"<a href=""statss.aspx?playerid=24968&position=P"">Reese Olson</a>",25.0,0.0,0.0
24975,"<a href=""statss.aspx?playerid=24975&position=P"">Cooper Criswell</a>",28.0,0.0,0.0
24977,"<a href=""statss.aspx?playerid=24977&position=P"">Shawn Dubin</a>",29.0,0.0,0.0
24978,"<a href=""statss.aspx?playerid=24978&position=P"">Erik Sabrowski</a>",27.0,0.0,0.0
24986,"<a href=""statss.aspx?playerid=24986&position=P"">Colin Selby</a>",27.0,0.0,0.0
24993,"<a href=""statss.aspx?playerid=24993&position=P"">Kody Funderburk</a>",28.0,0.0,0.0
24995,"<a href=""statss.aspx?playerid=24995&position=P"">Evan Sisk</a>",28.0,0.0,0.0
25007,"<a href=""statss.aspx?playerid=25007&position=P"">Alex Vesia</a>",29.0,0.0,0.0
25098,"<a href=""statss.aspx?playerid=25098&position=P"">Jacob Lopez</a>",27.0,0.0,0.0
25139,"<a href=""statss.aspx?playerid=25139&position=P"">Tim Herrin</a>",28.0,0.0,0.0
25158,"<a href=""statss.aspx?playerid=25158&position=P"">Jayvien Sandridge</a>",26.0,0.0,0.0
25215,"<a href=""statss.aspx?playerid=25215&position=P"">Yaramil Hiraldo</a>",29.0,0.0,0.0
25311,"<a href=""statss.aspx?playerid=25311&position=P"">Roddery Munoz</a>",25.0,0.0,0.0
25327,"<a href=""statss.aspx?playerid=25327&position=P"">Abner Uribe</a>",25.0,0.0,0.0
25376,"<a href=""statss.aspx?playerid=25376&position=P"">Nick Mears</a>",28.0,0.0,0.0
25377,"<a href=""statss.aspx?playerid=25377&position=P"">Brady Singer</a>",28.0,0.0,0.0
25379,"<a href=""statss.aspx?playerid=25379&position=P"">Sam Long</a>",29.0,0.0,0.0
25385,"<a href=""statss.aspx?playerid=25385&position=P"">Drew Rasmussen</a>",29.0,0.0,0.0
25420,"<a href=""statss.aspx?playerid=25420&position=P"">Ryan Zeferjahn</a>",27.0,0.0,0.0
25427,"<a href=""statss.aspx?playerid=25427&position=P"">Gavin Hollowell</a>",27.0,0.0,0.0
25436,"<a href=""statss.aspx?playerid=25436&position=P"">George Kirby</a>",27.0,0.0,0.0
25481,"<a href=""statss.aspx?playerid=25481&position=P"">Joe La Sorsa</a>",27.0,0.0,0.0
25501,"<a href=""statss.aspx?playerid=25501&position=P"">Paxton Schultz</a>",27.0,0.0,0.0
25551,"<a href=""statss.aspx?playerid=25551&position=P"">Isaiah Campbell</a>",27.0,0.0,0.0
25553,"<a href=""statss.aspx?playerid=25553&position=P"">Nic Enright</a>",28.0,0.0,0.0
25582,"<a href=""statss.aspx?playerid=25582&position=P"">Brady Basso</a>",27.0,0.0,0.0
25589,"<a href=""statss.aspx?playerid=25589&position=P"">Sammy Peralta</a>",27.0,0.0,0.0
25620,"<a href=""statss.aspx?playerid=25620&position=P"">Luis Mey</a>",24.0,0.0,0.0
25636,"<a href=""statss.aspx?playerid=25636&position=P"">Hunter Gaddis</a>",27.0,0.0,0.0
25648,"<a href=""statss.aspx?playerid=25648&position=P"">Justin Slaten</a>",27.0,0.0,0.0
25679,"<a href=""statss.aspx?playerid=25679&position=P"">Kevin Kelly</a>",27.0,0.0,0.0
25703,"<a href=""statss.aspx?playerid=25703&position=P"">Zak Kent</a>",27.0,0.0,0.0
25756,"<a href=""statss.aspx?playerid=25756&position=P"">Matt Brash</a>",27.0,0.0,0.0
25839,"<a href=""statss.aspx?playerid=25839&position=P"">Luis Contreras</a>",29.0,0.0,0.0
25862,"<a href=""statss.aspx?playerid=25862&position=P"">Noah Davis</a>",28.0,0.0,0.0
25880,"<a href=""statss.aspx?playerid=25880&position=P"">Hunter Brown</a>",26.0,0.0,0.0
25890,"<a href=""statss.aspx?playerid=25890&position=P"">Bryan King</a>",28.0,0.0,0.0
25911,"<a href=""statss.aspx?playerid=25911&position=P"">Yennier Cano</a>",31.0,0.0,0.0
25921,"<a href=""statss.aspx?playerid=25921&position=P"">Casey Legumina</a>",28.0,0.0,0.0
25957,"<a href=""statss.aspx?playerid=25957&position=P"">Josh Simpson</a>",27.0,0.0,0.0
25977,"<a href=""statss.aspx?playerid=25977&position=P"">Quinn Priester</a>",24.0,0.0,0.0
26020,"<a href=""statss.aspx?playerid=26020&position=P"">Seth Johnson</a>",26.0,0.0,0.0
26030,"<a href=""statss.aspx?playerid=26030&position=P"">Tyler Owens</a>",24.0,0.0,0.0
26048,"<a href=""statss.aspx?playerid=26048&position=P"">Sawyer Gipson-Long</a>",27.0,0.0,0.0
26056,"<a href=""statss.aspx?playerid=26056&position=P"">Brandon Walter</a>",28.0,0.0,0.0
26058,"<a href=""statss.aspx?playerid=26058&position=P"">Easton Lucas</a>",28.0,0.0,0.0
26108,"<a href=""statss.aspx?playerid=26108&position=P"">Andre Pallante</a>",26.0,0.0,0.0
26136,"<a href=""statss.aspx?playerid=26136&position=P"">Austin Pope</a>",26.0,0.0,0.0
26152,"<a href=""statss.aspx?playerid=26152&position=P"">Jack Little</a>",27.0,0.0,0.0
26191,"<a href=""statss.aspx?playerid=26191&position=P"">Kade Strowd</a>",27.0,0.0,0.0
26203,"<a href=""statss.aspx?playerid=26203&position=P"">Andrew Saalfrank</a>",27.0,0.0,0.0
26214,"<a href=""statss.aspx?playerid=26214&position=P"">Chris Murphy</a>",27.0,0.0,0.0
26215,"<a href=""statss.aspx?playerid=26215&position=P"">Jackson Rutledge</a>",26.0,0.0,0.0
26221,"<a href=""statss.aspx?playerid=26221&position=P"">Ryan Pepiot</a>",27.0,0.0,0.0
26231,"<a href=""statss.aspx?playerid=26231&position=P"">Tyler Holton</a>",29.0,0.0,0.0
26247,"<a href=""statss.aspx?playerid=26247&position=P"">Orlando Ribalta</a>",27.0,0.0,0.0
26252,"<a href=""statss.aspx?playerid=26252&position=P"">Erik Miller</a>",27.0,0.0,0.0
26253,"<a href=""statss.aspx?playerid=26253&position=P"">Ryne Nelson</a>",27.0,0.0,0.0
26257,"<a href=""statss.aspx?playerid=26257&position=P"">Joey Estes</a>",23.0,0.0,0.0
26304,"<a href=""statss.aspx?playerid=26304&position=P"">Bryan Hoeing</a>",28.0,0.0,0.0
26344,"<a href=""statss.aspx?playerid=26344&position=P"">Taylor Rashi</a>",29.0,0.0,0.0
26378,"<a href=""statss.aspx?playerid=26378&position=P"">Nick Lodolo</a>",27.0,0.0,0.0
26413,"<a href=""statss.aspx?playerid=26413&position=P"">Porter Hodge</a>",24.0,0.0,0.0
26419,"<a href=""statss.aspx?playerid=26419&position=P"">Bradley Blalock</a>",24.0,0.0,0.0
26429,"<a href=""statss.aspx?playerid=26429&position=P"">Cody Laweryson</a>",27.0,0.0,0.0
26440,"<a href=""statss.aspx?playerid=26440&position=P"">Ryan Gusto</a>",26.0,0.0,0.0
26443,"<a href=""statss.aspx?playerid=26443&position=P"">Sam Aldegheri</a>",23.0,0.0,0.0
26448,"<a href=""statss.aspx?playerid=26448&position=P"">Trevor McDonald</a>",24.0,0.0,0.0
26463,"<a href=""statss.aspx?playerid=26463&position=P"">Alex Carrillo</a>",28.0,0.0,0.0
26482,"<a href=""statss.aspx?playerid=26482&position=P"">Jayden Murray</a>",28.0,0.0,0.0
26641,"<a href=""statss.aspx?playerid=26641&position=P"">Wikelman Gonzalez</a>",23.0,0.0,0.0
26790,"<a href=""statss.aspx?playerid=26790&position=P"">Angel Chivilli</a>",22.0,0.0,0.0
26944,"<a href=""statss.aspx?playerid=26944&position=P"">Edgardo Henriquez</a>",23.0,0.0,0.0
26952,"<a href=""statss.aspx?playerid=26952&position=P"">Anthony Molina</a>",23.0,0.0,0.0
27271,"<a href=""statss.aspx?playerid=27271&position=P"">Juan Burgos</a>",25.0,0.0,0.0
27407,"<a href=""statss.aspx?playerid=27407&position=P"">Rolddy Munoz</a>",25.0,0.0,0.0
27453,"<a href=""statss.aspx?playerid=27453&position=P"">Anthony Veneziano</a>",27.0,0.0,0.0
27463,"<a href=""statss.aspx?playerid=27463&position=P"">Garrett Crochet</a>",26.0,0.0,0.0
27468,"<a href=""statss.aspx?playerid=27468&position=P"">Reid Detmers</a>",25.0,0.0,0.0
27470,"<a href=""statss.aspx?playerid=27470&position=P"">Emerson Hancock</a>",26.0,0.0,0.0
27473,"<a href=""statss.aspx?playerid=27473&position=P"">Cade Cavalli</a>",26.0,0.0,0.0
27477,"<a href=""statss.aspx?playerid=27477&position=P"">Bryce Jarvis</a>",27.0,0.0,0.0
27481,"<a href=""statss.aspx?playerid=27481&position=P"">Cole Wilcox</a>",25.0,0.0,0.0
27487,"<a href=""statss.aspx?playerid=27487&position=P"">Landon Knack</a>",27.0,0.0,0.0
27494,"<a href=""statss.aspx?playerid=27494&position=P"">Clayton Beeter</a>",26.0,0.0,0.0
27498,"<a href=""statss.aspx?playerid=27498&position=P"">Spencer Strider</a>",26.0,0.0,0.0
27500,"<a href=""statss.aspx?playerid=27500&position=P"">Slade Cecconi</a>",26.0,0.0,0.0
27508,"<a href=""statss.aspx?playerid=27508&position=P"">Carson Ragsdale</a>",27.0,0.0,0.0
27517,"<a href=""statss.aspx?playerid=27517&position=P"">Jared Koenig</a>",31.0,0.0,0.0
27552,"<a href=""statss.aspx?playerid=27552&position=P"">Graham Ashcraft</a>",27.0,0.0,0.0
27570,"<a href=""statss.aspx?playerid=27570&position=P"">Cole Henry</a>",25.0,0.0,0.0
27572,"<a href=""statss.aspx?playerid=27572&position=P"">Carmen Mlodzinski</a>",26.0,0.0,0.0
27582,"<a href=""statss.aspx?playerid=27582&position=P"">Davis Daniel</a>",28.0,0.0,0.0
27583,"<a href=""statss.aspx?playerid=27583&position=P"">Garrett Acton</a>",27.0,0.0,0.0
27589,"<a href=""statss.aspx?playerid=27589&position=P"">Logan Allen</a>",26.0,0.0,0.0
27590,"<a href=""statss.aspx?playerid=27590&position=P"">Jake Eder</a>",26.0,0.0,0.0
27626,"<a href=""statss.aspx?playerid=27626&position=P"">Eric Orze</a>",27.0,0.0,0.0
27636,"<a href=""statss.aspx?playerid=27636&position=P"">Mitchell Parker</a>",25.0,0.0,0.0
27649,"<a href=""statss.aspx?playerid=27649&position=P"">Connor Phillips</a>",24.0,0.0,0.0
27662,"<a href=""statss.aspx?playerid=27662&position=P"">Christian Roa</a>",26.0,0.0,0.0
27668,"<a href=""statss.aspx?playerid=27668&position=P"">Brandon Eisert</a>",27.0,0.0,0.0
27669,"<a href=""statss.aspx?playerid=27669&position=P"">Tanner Gordon</a>",27.0,0.0,0.0
27688,"<a href=""statss.aspx?playerid=27688&position=P"">Jack Kochanowicz</a>",24.0,0.0,0.0
27691,"<a href=""statss.aspx?playerid=27691&position=P"">Louie Varland</a>",27.0,0.0,0.0
27694,"<a href=""statss.aspx?playerid=27694&position=P"">Justin Sterner</a>",28.0,0.0,0.0
27695,"<a href=""statss.aspx?playerid=27695&position=P"">Brian Van Belle</a>",28.0,0.0,0.0
27702,"<a href=""statss.aspx?playerid=27702&position=P"">Brent Headrick</a>",27.0,0.0,0.0
27707,"<a href=""statss.aspx?playerid=27707&position=P"">Mitch Spence</a>",27.0,0.0,0.0
27753,"<a href=""statss.aspx?playerid=27753&position=P"">Bailey Horn</a>",27.0,0.0,0.0
27756,"<a href=""statss.aspx?playerid=27756&position=P"">Mick Abel</a>",23.0,0.0,0.0
27758,"<a href=""statss.aspx?playerid=27758&position=P"">Kyle Harrison</a>",23.0,0.0,0.0
27765,"<a href=""statss.aspx?playerid=27765&position=P"">Yosver Zulueta</a>",27.0,0.0,0.0
27768,"<a href=""statss.aspx?playerid=27768&position=P"">Eury Perez</a>",22.0,0.0,0.0
27775,"<a href=""statss.aspx?playerid=27775&position=P"">Kyle Nicolas</a>",26.0,0.0,0.0
27779,"<a href=""statss.aspx?playerid=27779&position=P"">Bryce Elder</a>",26.0,0.0,0.0
27782,"<a href=""statss.aspx?playerid=27782&position=P"">Brandon Pfaadt</a>",26.0,0.0,0.0
27783,"<a href=""statss.aspx?playerid=27783&position=P"">Zach Brzykcy</a>",25.0,0.0,0.0
27787,"<a href=""statss.aspx?playerid=27787&position=P"">Will Klein</a>",25.0,0.0,0.0
27812,"<a href=""statss.aspx?playerid=27812&position=P"">Dugan Darnell</a>",28.0,0.0,0.0
27819,"<a href=""statss.aspx?playerid=27819&position=P"">Brandon Young</a>",26.0,0.0,0.0
27867,"<a href=""statss.aspx?playerid=27867&position=P"">Cade Smith</a>",26.0,0.0,0.0
27889,"<a href=""statss.aspx?playerid=27889&position=P"">J.T. Ginn</a>",26.0,0.0,0.0
27914,"<a href=""statss.aspx?playerid=27914&position=P"">Daniel Palencia</a>",25.0,0.0,0.0
27932,"<a href=""statss.aspx?playerid=27932&position=P"">Ian Seymour</a>",26.0,0.0,0.0
27967,"<a href=""statss.aspx?playerid=27967&position=P"">Andry Lara</a>",22.0,0.0,0.0
27984,"<a href=""statss.aspx?playerid=27984&position=P"">Jose Corniell</a>",22.0,0.0,0.0
28036,"<a href=""statss.aspx?playerid=28036&position=P"">Luke Little</a>",24.0,0.0,0.0
29107,"<a href=""statss.aspx?playerid=29107&position=P"">Bradgley Rodriguez</a>",21.0,0.0,0.0
29519,"<a href=""statss.aspx?playerid=29519&position=P"">Gordon Graceffo</a>",25.0,0.0,0.0
29521,"<a href=""statss.aspx?playerid=29521&position=P"">Ryan Loutos</a>",26.0,0.0,0.0
29530,"<a href=""statss.aspx?playerid=29530&position=P"">Fraser Ellard</a>",27.0,0.0,0.0
29542,"<a href=""statss.aspx?playerid=29542&position=P"">Andre Granillo</a>",25.0,0.0,0.0
29574,"<a href=""statss.aspx?playerid=29574&position=P"">Chase Lee</a>",26.0,0.0,0.0
29608,"<a href=""statss.aspx?playerid=29608&position=P"">Joe Boyle</a>",25.0,0.0,0.0
29615,"<a href=""statss.aspx?playerid=29615&position=P"">Kyle Backhus</a>",27.0,0.0,0.0
29628,"<a href=""statss.aspx?playerid=29628&position=P"">Alek Jacob</a>",27.0,0.0,0.0
29629,"<a href=""statss.aspx?playerid=29629&position=P"">Matt Svanson</a>",26.0,0.0,0.0
29633,"<a href=""statss.aspx?playerid=29633&position=P"">Andrew Hoffmann</a>",25.0,0.0,0.0
29754,"<a href=""statss.aspx?playerid=29754&position=P"">Sam Bachman</a>",25.0,0.0,0.0
29770,"<a href=""statss.aspx?playerid=29770&position=P"">Mason Montgomery</a>",25.0,0.0,0.0
29812,"<a href=""statss.aspx?playerid=29812&position=P"">Robert Gasser</a>",26.0,0.0,0.0
29837,"<a href=""statss.aspx?playerid=29837&position=P"">Bryce Miller</a>",26.0,0.0,0.0
29839,"<a href=""statss.aspx?playerid=29839&position=P"">Emmet Sheehan</a>",25.0,0.0,0.0
29863,"<a href=""statss.aspx?playerid=29863&position=P"">Ryan Bergert</a>",25.0,0.0,0.0
29866,"<a href=""statss.aspx?playerid=29866&position=P"">Chayce McDermott</a>",26.0,0.0,0.0
29868,"<a href=""statss.aspx?playerid=29868&position=P"">Bubba Chandler</a>",22.0,0.0,0.0
29869,"<a href=""statss.aspx?playerid=29869&position=P"">Michael McGreevy</a>",24.0,0.0,0.0
29878,"<a href=""statss.aspx?playerid=29878&position=P"">Sean Burke</a>",25.0,0.0,0.0
29911,"<a href=""statss.aspx?playerid=29911&position=P"">Andrew Abbott</a>",26.0,0.0,0.0
29914,"<a href=""statss.aspx?playerid=29914&position=P"">Andrew Alvarez</a>",26.0,0.0,0.0
29921,"<a href=""statss.aspx?playerid=29921&position=P"">Spencer Arrighetti</a>",25.0,0.0,0.0
29928,"<a href=""statss.aspx?playerid=29928&position=P"">Dylan Dodd</a>",27.0,0.0,0.0
29950,"<a href=""statss.aspx?playerid=29950&position=P"">Jordan Leasure</a>",26.0,0.0,0.0
30004,"<a href=""statss.aspx?playerid=30004&position=P"">McCade Brown</a>",24.0,0.0,0.0
30016,"<a href=""statss.aspx?playerid=30016&position=P"">Joe Rock</a>",24.0,0.0,0.0
30055,"<a href=""statss.aspx?playerid=30055&position=P"">Cade Povich</a>",25.0,0.0,0.0
30056,"<a href=""statss.aspx?playerid=30056&position=P"">David Festa</a>",25.0,0.0,0.0
30074,"<a href=""statss.aspx?playerid=30074&position=P"">Chase Silseth</a>",25.0,0.0,0.0
30076,"<a href=""statss.aspx?playerid=30076&position=P"">Landen Roupp</a>",26.0,0.0,0.0
30084,"<a href=""statss.aspx?playerid=30084&position=P"">Carson Seymour</a>",26.0,0.0,0.0
30085,"<a href=""statss.aspx?playerid=30085&position=P"">Ben Casparius</a>",26.0,0.0,0.0
30094,"<a href=""statss.aspx?playerid=30094&position=P"">Jordan Wicks</a>",25.0,0.0,0.0
30105,"<a href=""statss.aspx?playerid=30105&position=P"">Mike Vasil</a>",25.0,0.0,0.0
30113,"<a href=""statss.aspx?playerid=30113&position=P"">Chad Patrick</a>",26.0,0.0,0.0
30115,"<a href=""statss.aspx?playerid=30115&position=P"">Robert Suarez</a>",34.0,0.0,0.0
30122,"<a href=""statss.aspx?playerid=30122&position=P"">Gavin Williams</a>",25.0,0.0,0.0
30133,"<a href=""statss.aspx?playerid=30133&position=P"">Brant Hurter</a>",26.0,0.0,0.0
30134,"<a href=""statss.aspx?playerid=30134&position=P"">Tanner Bibee</a>",26.0,0.0,0.0
30142,"<a href=""statss.aspx?playerid=30142&position=P"">Doug Nikhazy</a>",25.0,0.0,0.0
30145,"<a href=""statss.aspx?playerid=30145&position=P"">Dylan Smith</a>",25.0,0.0,0.0
30146,"<a href=""statss.aspx?playerid=30146&position=P"">Jack Leiter</a>",25.0,0.0,0.0
30153,"<a href=""statss.aspx?playerid=30153&position=P"">Dominic Hamel</a>",26.0,0.0,0.0
30160,"<a href=""statss.aspx?playerid=30160&position=P"">Richard Fitts</a>",25.0,0.0,0.0
30161,"<a href=""statss.aspx?playerid=30161&position=P"">Carlos Rodriguez</a>",23.0,0.0,0.0
30171,"<a href=""statss.aspx?playerid=30171&position=P"">Mason Black</a>",25.0,0.0,0.0
30179,"<a href=""statss.aspx?playerid=30179&position=P"">Pierson Ohl</a>",25.0,0.0,0.0
30180,"<a href=""statss.aspx?playerid=30180&position=P"">Travis Adams</a>",25.0,0.0,0.0
30182,"<a href=""statss.aspx?playerid=30182&position=P"">Will Warren</a>",26.0,0.0,0.0
30184,"<a href=""statss.aspx?playerid=30184&position=P"">Noah Cameron</a>",25.0,0.0,0.0
30226,"<a href=""statss.aspx?playerid=30226&position=P"">Spencer Bivens</a>",31.0,0.0,0.0
30240,"<a href=""statss.aspx?playerid=30240&position=P"">Hunter Dobbins</a>",25.0,0.0,0.0
30249,"<a href=""statss.aspx?playerid=30249&position=P"">Jack Dreyer</a>",26.0,0.0,0.0
30250,"<a href=""statss.aspx?playerid=30250&position=P"">Jaden Hill</a>",25.0,0.0,0.0
30279,"<a href=""statss.aspx?playerid=30279&position=P"">Bryan Woo</a>",25.0,0.0,0.0
30661,"<a href=""statss.aspx?playerid=30661&position=P"">Didier Fuentes</a>",20.0,0.0,0.0
31204,"<a href=""statss.aspx?playerid=31204&position=P"">Justin Wrobleski</a>",24.0,0.0,0.0
31261,"<a href=""statss.aspx?playerid=31261&position=P"">Chris Roycroft</a>",28.0,0.0,0.0
31312,"<a href=""statss.aspx?playerid=31312&position=P"">Colton Gordon</a>",26.0,0.0,0.0
31468,"<a href=""statss.aspx?playerid=31468&position=P"">Jackson Perkins</a>",25.0,0.0,0.0
31475,"<a href=""statss.aspx?playerid=31475&position=P"">Logan Henderson</a>",23.0,0.0,0.0
31508,"<a href=""statss.aspx?playerid=31508&position=P"">Caden Dana</a>",21.0,0.0,0.0
31533,"<a href=""statss.aspx?playerid=31533&position=P"">Victor Mederos</a>",24.0,0.0,0.0
31552,"<a href=""statss.aspx?playerid=31552&position=P"">Zach Agnos</a>",24.0,0.0,0.0
31553,"<a href=""statss.aspx?playerid=31553&position=P"">Mason Fluharty</a>",23.0,0.0,0.0
31571,"<a href=""statss.aspx?playerid=31571&position=P"">Paul Gervase</a>",25.0,0.0,0.0
31610,"<a href=""statss.aspx?playerid=31610&position=P"">Zach Maxwell</a>",24.0,0.0,0.0
31612,"<a href=""statss.aspx?playerid=31612&position=P"">Carson Palmquist</a>",24.0,0.0,0.0
31616,"<a href=""statss.aspx?playerid=31616&position=P"">David Morgan</a>",25.0,0.0,0.0
31623,"<a href=""statss.aspx?playerid=31623&position=P"">Jacob Misiorowski</a>",23.0,0.0,0.0
31635,"<a href=""statss.aspx?playerid=31635&position=P"">Hayden Birdsong</a>",23.0,0.0,0.0
31676,"<a href=""statss.aspx?playerid=31676&position=P"">Carson Whisenhunt</a>",24.0,0.0,0.0
31687,"<a href=""statss.aspx?playerid=31687&position=P"">Shane Smith</a>",25.0,0.0,0.0
31701,"<a href=""statss.aspx?playerid=31701&position=P"">Blade Tidwell</a>",24.0,0.0,0.0
31730,"<a href=""statss.aspx?playerid=31730&position=P"">Jonathan Cannon</a>",24.0,0.0,0.0
31741,"<a href=""statss.aspx?playerid=31741&position=P"">Mason Barnett</a>",24.0,0.0,0.0
31757,"<a href=""statss.aspx?playerid=31757&position=P"">Mason Miller</a>",26.0,0.0,0.0
31764,"<a href=""statss.aspx?playerid=31764&position=P"">A.J. Blubaugh</a>",24.0,0.0,0.0
31776,"<a href=""statss.aspx?playerid=31776&position=P"">Orion Kerkering</a>",24.0,0.0,0.0
31807,"<a href=""statss.aspx?playerid=31807&position=P"">Troy Melton</a>",24.0,0.0,0.0
31815,"<a href=""statss.aspx?playerid=31815&position=P"">Cade Gibson</a>",27.0,0.0,0.0
31827,"<a href=""statss.aspx?playerid=31827&position=P"">Zebby Matthews</a>",25.0,0.0,0.0
31838,"<a href=""statss.aspx?playerid=31838&position=P"">Kodai Senga</a>",32.0,0.0,0.0
31843,"<a href=""statss.aspx?playerid=31843&position=P"">Kumar Rocker</a>",25.0,0.0,0.0
31872,"<a href=""statss.aspx?playerid=31872&position=P"">Cade Horton</a>",23.0,0.0,0.0
31884,"<a href=""statss.aspx?playerid=31884&position=P"">Logan VanWey</a>",26.0,0.0,0.0
31900,"<a href=""statss.aspx?playerid=31900&position=P"">Adam Mazur</a>",24.0,0.0,0.0
31913,"<a href=""statss.aspx?playerid=31913&position=P"">Hayden Harris</a>",26.0,0.0,0.0
31972,"<a href=""statss.aspx?playerid=31972&position=P"">Brad Lord</a>",25.0,0.0,0.0
31986,"<a href=""statss.aspx?playerid=31986&position=P"">Parker Messick</a>",24.0,0.0,0.0
31989,"<a href=""statss.aspx?playerid=31989&position=P"">Tom Harrington</a>",23.0,0.0,0.0
32026,"<a href=""statss.aspx?playerid=32026&position=P"">Drew Sommers</a>",24.0,0.0,0.0
32095,"<a href=""statss.aspx?playerid=32095&position=P"">Cameron Schlittler</a>",24.0,0.0,0.0
32157,"<a href=""statss.aspx?playerid=32157&position=P"">Jonah Tong</a>",22.0,0.0,0.0
32227,"<a href=""statss.aspx?playerid=32227&position=P"">Luis Morales</a>",22.0,0.0,0.0
33174,"<a href=""statss.aspx?playerid=33174&position=P"">Hunter Barco</a>",24.0,0.0,0.0
33248,"<a href=""statss.aspx?playerid=33248&position=P"">Craig Yoho</a>",25.0,0.0,0.0
33294,"<a href=""statss.aspx?playerid=33294&position=P"">Seth Halvorsen</a>",25.0,0.0,0.0
33482,"<a href=""statss.aspx?playerid=33482&position=P"">Chase Dollander</a>",23.0,0.0,0.0
33527,"<a href=""statss.aspx?playerid=33527&position=P"">Hurston Waldrep</a>",23.0,0.0,0.0
33568,"<a href=""statss.aspx?playerid=33568&position=P"">Brandyn Garcia</a>",25.0,0.0,0.0
33628,"<a href=""statss.aspx?playerid=33628&position=P"">Mitch Farris</a>",24.0,0.0,0.0
33666,"<a href=""statss.aspx?playerid=33666&position=P"">Connelly Early</a>",23.0,0.0,0.0
33677,"<a href=""statss.aspx?playerid=33677&position=P"">Paul Skenes</a>",23.0,0.0,0.0
33699,"<a href=""statss.aspx?playerid=33699&position=P"">Logan Evans</a>",24.0,0.0,0.0
33703,"<a href=""statss.aspx?playerid=33703&position=P"">Nolan McLean</a>",23.0,0.0,0.0
33821,"<a href=""statss.aspx?playerid=33821&position=P"">Philip Abner</a>",23.0,0.0,0.0
33825,"<a href=""statss.aspx?playerid=33825&position=P"">Yoshinobu Yamamoto</a>",26.0,0.0,0.0
33826,"<a href=""statss.aspx?playerid=33826&position=P"">Yuki Matsui</a>",29.0,0.0,0.0
33829,"<a href=""statss.aspx?playerid=33829&position=P"">Shota Imanaga</a>",31.0,0.0,0.0
33838,"<a href=""statss.aspx?playerid=33838&position=P"">Yariel Rodriguez</a>",28.0,0.0,0.0
33850,"<a href=""statss.aspx?playerid=33850&position=P"">Brandon Sproat</a>",24.0,0.0,0.0
33908,"<a href=""statss.aspx?playerid=33908&position=P"">Jose Fermin</a>",23.0,0.0,0.0
33927,"<a href=""statss.aspx?playerid=33927&position=P"">Grant Taylor</a>",23.0,0.0,0.0
35321,"<a href=""statss.aspx?playerid=35321&position=P"">Tomoyuki Sugano</a>",35.0,0.0,0.0
35323,"<a href=""statss.aspx?playerid=35323&position=P"">Roki Sasaki</a>",23.0,0.0,0.0
35333,"<a href=""statss.aspx?playerid=35333&position=P"">Chase Burns</a>",22.0,0.0,0.0
35456,"<a href=""statss.aspx?playerid=35456&position=P"">Trey Yesavage</a>",21.0,0.0,0.0
35466,"<a href=""statss.aspx?playerid=35466&position=P"">Payton Tolle</a>",22.0,0.0,0.0
28142,"<a href=""statss.aspx?playerid=28142&position=OF"">Jhostynxon Garcia</a>",22.0,9.0,0.2927667564815945
31349,"<a href=""statss.aspx?playerid=31349&position=OF"">Victor Scott II</a>",24.0,180.0,0.23106935757330094
24257,"<a href=""statss.aspx?playerid=24257&position=OF"">Jhonkensy Noel</a>",23.0,46.0,0.2881109973658686
31991,"<a href=""statss.aspx?playerid=31991&position=C/1B"">Rafael Flores</a>",24.0,17.0,0.2805419914862689
25705,"<a href=""statss.aspx?playerid=25705&position=OF"">Dustin Harris</a>",25.0,5.0,0.25038144588470457
35324,"<a href=""statss.aspx?playerid=35324&position=P"">Shinnosuke Ogasawara</a>",27.0,1.0,0.0
25621,"<a href=""statss.aspx?playerid=25621&position=3B"">Bryan Ramos</a>",23.0,12.0,0.2086512049039205
25005,"<a href=""statss.aspx?playerid=25005&position=OF"">Justin Dean</a>",28.0,2.0,0.0
21454,"<a href=""statss.aspx?playerid=21454&position=OF"">Lars Nootbaar</a>",27.0,233.0,0.2855877166702634
13768,"<a href=""statss.aspx?playerid=13768&position=OF"">Travis Jankowski</a>",34.0,1.0,0.0
24400,"<a href=""statss.aspx?playerid=24400&position=2B/OF"">Terrin Vavra</a>",28.0,1.0,0.0
20311,"<a href=""statss.aspx?playerid=20311&position=OF"">Corey Julks</a>",29.0,13.0,0.26047848279659563
18067,"<a href=""statss.aspx?playerid=18067&position=C"">Garrett Stubbs</a>",32.0,1.0,0.0
29554,"<a href=""statss.aspx?playerid=29554&position=C/DH"">Adrian Del Castillo</a>",25.0,131.0,0.29527478454677203
6887,"<a href=""statss.aspx?playerid=6887&position=C"">Martin Maldonado</a>",38.0,40.0,0.2977777892037442
18054,"<a href=""statss.aspx?playerid=18054&position=OF"">Sam Haggerty</a>",31.0,55.0,0.29159370727009243
31792,"<a href=""statss.aspx?playerid=31792&position=3B/OF"">Otto Kemp</a>",25.0,141.0,0.31177335343462353
19824,"<a href=""statss.aspx?playerid=19824&position=C"">Chuckie Robinson</a>",30.0,2.0,0.0
29976,"<a href=""statss.aspx?playerid=29976&position=SS/OF"">Jordan Lawlar</a>",22.0,52.0,0.3071568963619379
31437,"<a href=""statss.aspx?playerid=31437&position=3B"">Jace Jung</a>",24.0,2.0,0.0
24496,"<a href=""statss.aspx?playerid=24496&position=OF"">DaShawn Keirsey Jr.</a>",28.0,18.0,0.17175298929214478
16939,"<a href=""statss.aspx?playerid=16939&position=OF"">Lane Thomas</a>",29.0,14.0,0.2443134699548994
23917,"<a href=""statss.aspx?playerid=23917&position=2B/3B"">Jorbit Vivas</a>",24.0,13.0,0.2445074594937838
29958,"<a href=""statss.aspx?playerid=29958&position=C"">Harry Ford</a>",22.0,8.0,0.20058679580688477
17027,"<a href=""statss.aspx?playerid=17027&position=OF"">Alex Verdugo</a>",29.0,4.0,0.17287419736385345
16376,"<a href=""statss.aspx?playerid=16376&position=OF"">Michael Conforto</a>",32.0,219.0,0.3001772157133442
27482,"<a href=""statss.aspx?playerid=27482&position=OF"">Robert Hassell III</a>",23.0,127.0,0.2728638803865027
27504,"<a href=""statss.aspx?playerid=27504&position=2B/3B"">Nick Yorke</a>",23.0,72.0,0.2563399564888742
17975,"<a href=""statss.aspx?playerid=17975&position=SS/OF"">Scott Kingery</a>",31.0,2.0,0.0
11445,"<a href=""statss.aspx?playerid=11445&position=OF"">Mark Canha</a>",36.0,9.0,0.22637722227308485
19610,"<a href=""statss.aspx?playerid=19610&position=C"">Keibert Ruiz</a>",26.0,8.0,0.22060145437717438
25040,"<a href=""statss.aspx?playerid=25040&position=3B"">Vinny Capra</a>",28.0,3.0,0.0
25814,"<a href=""statss.aspx?playerid=25814&position=C"">C.J. Stubbs</a>",28.0,3.0,0.0
25483,"<a href=""statss.aspx?playerid=25483&position=2B/3B"">Nick Sogard</a>",27.0,39.0,0.2901424612754431
19892,"<a href=""statss.aspx?playerid=19892&position=1B/OF"">Pavin Smith</a>",29.0,33.0,0.2924948539584875
19643,"<a href=""statss.aspx?playerid=19643&position=OF"">Daniel Johnson</a>",29.0,29.0,0.2557390106135401
29571,"<a href=""statss.aspx?playerid=29571&position=OF"">Tim Tawa</a>",26.0,61.0,0.2593087951342265
27763,"<a href=""statss.aspx?playerid=27763&position=C"">Drew Romo</a>",23.0,3.0,0.0
24589,"<a href=""statss.aspx?playerid=24589&position=2B/OF"">Richie Palacios</a>",28.0,44.0,0.33382814851674164
15730,"<a href=""statss.aspx?playerid=15730&position=2B/OF"">Tyler Wade</a>",30.0,3.0,0.0
22217,"<a href=""statss.aspx?playerid=22217&position=C"">Luis Campusano</a>",26.0,3.0,0.0
13590,"<a href=""statss.aspx?playerid=13590&position=OF"">Jesse Winker</a>",31.0,3.0,0.0
16512,"<a href=""statss.aspx?playerid=16512&position=SS"">Isiah Kiner-Falefa</a>",30.0,196.0,0.2576801279156478
23788,"<a href=""statss.aspx?playerid=23788&position=OF"">Jordyn Adams</a>",25.0,4.0,0.0
19864,"<a href=""statss.aspx?playerid=19864&position=C"">Riley Adams</a>",29.0,207.0,0.26955784374964986
31837,"<a href=""statss.aspx?playerid=31837&position=DH/OF"">Masataka Yoshida</a>",31.0,205.0,0.30188583746189024
19960,"<a href=""statss.aspx?playerid=19960&position=OF"">Taylor Trammell</a>",27.0,127.0,0.2891280557226947
31680,"<a href=""statss.aspx?playerid=31680&position=2B"">Cole Young</a>",21.0,165.0,0.2793223814266484
23691,"<a href=""statss.aspx?playerid=23691&position=3B/DH"">Jose Tena</a>",24.0,15.0,0.20111459096272785
25524,"<a href=""statss.aspx?playerid=25524&position=2B/3B/SS"">Aaron Schunk</a>",27.0,4.0,0.0
21501,"<a href=""statss.aspx?playerid=21501&position=DH/OF"">Trevor Larnach</a>",28.0,242.0,0.30748453798135783
20505,"<a href=""statss.aspx?playerid=20505&position=OF"">Drew Waters</a>",26.0,4.0,0.0
5273,"<a href=""statss.aspx?playerid=5273&position=C"">Sandy Leon</a>",36.0,12.0,0.16978291670481363
23442,"<a href=""statss.aspx?playerid=23442&position=3B/SS"">Luis Vazquez</a>",25.0,44.0,0.22217776558615945
23818,"<a href=""statss.aspx?playerid=23818&position=2B/OF"">Ji Hwan Bae</a>",25.0,13.0,0.21276824290935809
24488,"<a href=""statss.aspx?playerid=24488&position=SS"">Max Schuemann</a>",28.0,110.0,0.22008828916282297
22530,"<a href=""statss.aspx?playerid=22530&position=OF"">Johnathan Rodriguez</a>",25.0,40.0,0.30456795245409013
21897,"<a href=""statss.aspx?playerid=21897&position=DH/OF"">Christopher Morel</a>",26.0,126.0,0.2889417244328393
16153,"<a href=""statss.aspx?playerid=16153&position=OF"">Austin Slater</a>",32.0,72.0,0.25379439774486756
14551,"<a href=""statss.aspx?playerid=14551&position=OF"">Anthony Santander</a>",30.0,12.0,0.19134926299254099
17696,"<a href=""statss.aspx?playerid=17696&position=2B/SS"">Kevin Newman</a>",31.0,28.0,0.23033657457147325
21853,"<a href=""statss.aspx?playerid=21853&position=OF"">Will Benson</a>",27.0,116.0,0.28108933231104977
12037,"<a href=""statss.aspx?playerid=12037&position=3B"">Jon Berti</a>",35.0,15.0,0.22258094946543375
19318,"<a href=""statss.aspx?playerid=19318&position=C"">Matt Thaiss</a>",30.0,33.0,0.2144764137990547
19566,"<a href=""statss.aspx?playerid=19566&position=1B"">Nathaniel Lowe</a>",29.0,257.0,0.2976929171412599
19955,"<a href=""statss.aspx?playerid=19955&position=2B"">Gavin Lux</a>",27.0,227.0,0.3093167422626512
26224,"<a href=""statss.aspx?playerid=26224&position=3B/SS"">Darell Hernaiz</a>",23.0,197.0,0.26621136512511817
27789,"<a href=""statss.aspx?playerid=27789&position=3B"">Shay Whitcomb</a>",26.0,23.0,0.20367880230364593
25434,"<a href=""statss.aspx?playerid=25434&position=2B/3B"">Will Wilson</a>",26.0,32.0,0.24299758261647716
19997,"<a href=""statss.aspx?playerid=19997&position=2B/3B"">Santiago Espinal</a>",30.0,73.0,0.2492427561018202
27963,"<a href=""statss.aspx?playerid=27963&position=2B/3B/SS"">Maximo Acosta</a>",22.0,61.0,0.3018393809678125
16417,"<a href=""statss.aspx?playerid=16417&position=2B/3B/SS"">Sergio Alcantara</a>",28.0,4.0,0.0
19890,"<a href=""statss.aspx?playerid=19890&position=3B"">Emmanuel Rivera</a>",29.0,50.0,0.2544636571407318
13066,"<a href=""statss.aspx?playerid=13066&position=OF"">Teoscar Hernandez</a>",32.0,263.0,0.29875329873407747
8623,"<a href=""statss.aspx?playerid=8623&position=2B"">Donovan Solano</a>",37.0,43.0,0.23876452307368434
21626,"<a href=""statss.aspx?playerid=21626&position=OF"">Griffin Conine</a>",27.0,15.0,0.19465338786443073
30163,"<a href=""statss.aspx?playerid=30163&position=2B/3B/SS"">Cesar Prieto</a>",26.0,6.0,0.14706763625144958
19958,"<a href=""statss.aspx?playerid=19958&position=3B"">Carter Kieboom</a>",27.0,8.0,0.22060145437717438
13757,"<a href=""statss.aspx?playerid=13757&position=OF"">Chris Taylor</a>",34.0,56.0,0.24796591699123383
10441,"<a href=""statss.aspx?playerid=10441&position=1B"">Jon Singleton</a>",33.0,9.0,0.09804509083429973
21535,"<a href=""statss.aspx?playerid=21535&position=2B"">Connor Kaiser</a>",28.0,19.0,0.14872683349408602
26208,"<a href=""statss.aspx?playerid=26208&position=2B/SS"">Tyler Fitzgerald</a>",27.0,40.0,0.21513971984386443
19262,"<a href=""statss.aspx?playerid=19262&position=2B/OF"">Garrett Hampson</a>",30.0,20.0,0.10228442204625983
23312,"<a href=""statss.aspx?playerid=23312&position=1B"">Ryan Noda</a>",29.0,24.0,0.1669261740601581
19599,"<a href=""statss.aspx?playerid=19599&position=OF"">Chas McCormick</a>",30.0,63.0,0.22344417341293826
19314,"<a href=""statss.aspx?playerid=19314&position=2B"">Donovan Walton</a>",31.0,9.0,0.11030072718858719
33390,"<a href=""statss.aspx?playerid=33390&position=1B/DH"">Bryce Eldridge</a>",20.0,37.0,0.2418644959862168
9218,"<a href=""statss.aspx?playerid=9218&position=1B"">Paul Goldschmidt</a>",37.0,208.0,0.29223907312143194
31382,"<a href=""statss.aspx?playerid=31382&position=C"">Dalton Rushing</a>",24.0,96.0,0.24222453559438387
19896,"<a href=""statss.aspx?playerid=19896&position=C"">Connor Wong</a>",29.0,104.0,0.2556020484387296
18848,"<a href=""statss.aspx?playerid=18848&position=C/DH"">Yohel Pozo</a>",28.0,91.0,0.2356663228391291
22197,"<a href=""statss.aspx?playerid=22197&position=OF"">MJ Melendez</a>",26.0,13.0,0.09630055610950176
21711,"<a href=""statss.aspx?playerid=21711&position=SS/OF"">Oneil Cruz</a>",26.0,219.0,0.2546228287426848
14813,"<a href=""statss.aspx?playerid=14813&position=2B/SS"">Kyle Farmer</a>",34.0,103.0,0.30215439055729837
23790,"<a href=""statss.aspx?playerid=23790&position=C"">Will Banfield</a>",25.0,10.0,0.08824058175086975
18363,"<a href=""statss.aspx?playerid=18363&position=OF"">Victor Robles</a>",28.0,68.0,0.2661660611629486
9777,"<a href=""statss.aspx?playerid=9777&position=3B"">Nolan Arenado</a>",34.0,103.0,0.23855911585891132
17452,"<a href=""statss.aspx?playerid=17452&position=OF"">Jose Siri</a>",29.0,12.0,0.10432560245196025
11442,"<a href=""statss.aspx?playerid=11442&position=C"">Gary Sanchez</a>",32.0,13.0,0.1567226923429049
15654,"<a href=""statss.aspx?playerid=15654&position=OF"">Billy McKinney</a>",30.0,21.0,0.21860102244785853
22277,"<a href=""statss.aspx?playerid=22277&position=SS"">Nick Allen</a>",26.0,171.0,0.21003101245466485
16930,"<a href=""statss.aspx?playerid=16930&position=C"">Jonah Heim</a>",30.0,201.0,0.27006429582092895
27647,"<a href=""statss.aspx?playerid=27647&position=SS"">Anthony Volpe</a>",24.0,260.0,0.25091198872226156
20084,"<a href=""statss.aspx?playerid=20084&position=C"">J.C. Escarra</a>",30.0,17.0,0.09258250629200655
23802,"<a href=""statss.aspx?playerid=23802&position=2B/3B"">Anthony Seigler</a>",26.0,73.0,0.23906436231401232
18126,"<a href=""statss.aspx?playerid=18126&position=1B/OF"">LaMonte Wade Jr.</a>",31.0,35.0,0.24354041303907123
21735,"<a href=""statss.aspx?playerid=21735&position=C"">Sebastian Rivero</a>",26.0,34.0,0.19779219171580145
18042,"<a href=""statss.aspx?playerid=18042&position=2B/OF"">Dylan Moore</a>",32.0,68.0,0.2448145677061642
19470,"<a href=""statss.aspx?playerid=19470&position=2B"">Tommy Edman</a>",30.0,123.0,0.2261397340258614
10681,"<a href=""statss.aspx?playerid=10681&position=3B"">Gio Urshela</a>",33.0,74.0,0.2626459558267851
24934,"<a href=""statss.aspx?playerid=24934&position=DH"">David Fry</a>",29.0,110.0,0.28027643940665503
10243,"<a href=""statss.aspx?playerid=10243&position=OF"">Randal Grichuk</a>",33.0,151.0,0.2880449642408763
25346,"<a href=""statss.aspx?playerid=25346&position=2B/OF"">Ronny Simon</a>",25.0,32.0,0.22618246637284756
16572,"<a href=""statss.aspx?playerid=16572&position=1B/OF"">Connor Joe</a>",32.0,14.0,0.16401365399360657
22244,"<a href=""statss.aspx?playerid=22244&position=OF"">Jack Suwinski</a>",26.0,128.0,0.2705935761332512
31564,"<a href=""statss.aspx?playerid=31564&position=OF"">Alan Roden</a>",25.0,42.0,0.21321427112533933
25980,"<a href=""statss.aspx?playerid=25980&position=OF"">Matthew Lugo</a>",24.0,27.0,0.23886755881486116
27493,"<a href=""statss.aspx?playerid=27493&position=OF"">Rece Hinds</a>",24.0,9.0,0.0
19354,"<a href=""statss.aspx?playerid=19354&position=OF"">Luke Raley</a>",30.0,101.0,0.25265150660216207
31522,"<a href=""statss.aspx?playerid=31522&position=1B"">Tim Elko</a>",26.0,9.0,0.0
19358,"<a href=""statss.aspx?playerid=19358&position=OF"">Weston Wilson</a>",30.0,83.0,0.2951868161922548
29993,"<a href=""statss.aspx?playerid=29993&position=3B"">Brady House</a>",22.0,218.0,0.24895108730421153
22842,"<a href=""statss.aspx?playerid=22842&position=OF"">Alexander Canario</a>",25.0,76.0,0.25190850778629903
25844,"<a href=""statss.aspx?playerid=25844&position=1B"">Logan Davidson</a>",27.0,23.0,0.22973244840448553
28824,"<a href=""statss.aspx?playerid=28824&position=C/DH"">Samuel Basallo</a>",20.0,118.0,0.24606878222045253
17273,"<a href=""statss.aspx?playerid=17273&position=SS"">Jorge Mateo</a>",30.0,18.0,0.1675954924689399
16622,"<a href=""statss.aspx?playerid=16622&position=2B/3B"">Luis Urias</a>",28.0,77.0,0.25498192186479446
12180,"<a href=""statss.aspx?playerid=12180&position=C"">Jorge Alfaro</a>",32.0,39.0,0.24520669227991349
27534,"<a href=""statss.aspx?playerid=27534&position=2B"">Edouard Julien</a>",26.0,104.0,0.29848715981233465
23782,"<a href=""statss.aspx?playerid=23782&position=2B/SS"">Leo Jimenez</a>",24.0,32.0,0.1387998192541061
15161,"<a href=""statss.aspx?playerid=15161&position=C/DH"">Mitch Garver</a>",34.0,139.0,0.2636506129866061
29766,"<a href=""statss.aspx?playerid=29766&position=2B"">Zack Gelof</a>",25.0,101.0,0.22377453207969666
25629,"<a href=""statss.aspx?playerid=25629&position=2B/OF"">Cody Freeman</a>",24.0,121.0,0.2611917366584142
12979,"<a href=""statss.aspx?playerid=12979&position=SS"">Javier Baez</a>",32.0,183.0,0.23172906990889663
19931,"<a href=""statss.aspx?playerid=19931&position=3B/OF"">Luke Williams</a>",28.0,19.0,0.14872683349408602
17040,"<a href=""statss.aspx?playerid=17040&position=C"">Jose Herrera</a>",28.0,71.0,0.2159104735954948
21797,"<a href=""statss.aspx?playerid=21797&position=1B/DH"">Andres Chaparro</a>",26.0,61.0,0.24129885728241968
30038,"<a href=""statss.aspx?playerid=30038&position=SS"">Carson Williams</a>",22.0,106.0,0.24793647414162046
7739,"<a href=""statss.aspx?playerid=7739&position=C"">Travis d'Arnaud</a>",36.0,97.0,0.24079001994477106
24641,"<a href=""statss.aspx?playerid=24641&position=C"">Willie MacIver</a>",28.0,59.0,0.2018965351379524
26148,"<a href=""statss.aspx?playerid=26148&position=1B"">Tristin English</a>",28.0,23.0,0.12286129723424496
16426,"<a href=""statss.aspx?playerid=16426&position=2B"">Thairo Estrada</a>",29.0,69.0,0.24585867532785388
11489,"<a href=""statss.aspx?playerid=11489&position=OF"">Michael A. Taylor</a>",34.0,153.0,0.2502267152671046
10472,"<a href=""statss.aspx?playerid=10472&position=OF"">Enrique Hernandez</a>",33.0,79.0,0.22590701791304577
33098,"<a href=""statss.aspx?playerid=33098&position=OF"">Carson McCusker</a>",27.0,24.0,0.17588000247875848
20126,"<a href=""statss.aspx?playerid=20126&position=OF"">Dylan Carlson</a>",26.0,126.0,0.258411680422132
23986,"<a href=""statss.aspx?playerid=23986&position=1B/3B"">Curtis Mead</a>",24.0,139.0,0.25377148346935247
22505,"<a href=""statss.aspx?playerid=22505&position=2B/3B"">Buddy Kennedy</a>",26.0,24.0,0.1478374327222506
16623,"<a href=""statss.aspx?playerid=16623&position=OF"">Greg Allen</a>",32.0,14.0,0.0
22515,"<a href=""statss.aspx?playerid=22515&position=OF"">Heliot Ramos</a>",25.0,331.0,0.2861339097673243
30028,"<a href=""statss.aspx?playerid=30028&position=1B"">Bob Seymour</a>",26.0,83.0,0.23895556668201126
19458,"<a href=""statss.aspx?playerid=19458&position=DH/OF"">Cooper Hummel</a>",30.0,71.0,0.22594931259961196
29782,"<a href=""statss.aspx?playerid=29782&position=1B/DH"">Niko Kavadas</a>",26.0,22.0,0.17451372742652893
20529,"<a href=""statss.aspx?playerid=20529&position=OF"">Nolan Jones</a>",27.0,189.0,0.2581145340803439
23968,"<a href=""statss.aspx?playerid=23968&position=OF"">Jorge Barrosa</a>",24.0,61.0,0.16076415484068823
22263,"<a href=""statss.aspx?playerid=22263&position=2B/3B"">Nolan Gorman</a>",25.0,208.0,0.2757998189488471
5827,"<a href=""statss.aspx?playerid=5827&position=1B"">Wilmer Flores</a>",33.0,147.0,0.27915639131247594
19734,"<a href=""statss.aspx?playerid=19734&position=2B/3B"">Josh Rojas</a>",31.0,65.0,0.24153884190779465
25690,"<a href=""statss.aspx?playerid=25690&position=OF"">Grant McCray</a>",24.0,26.0,0.15399431467056274
29614,"<a href=""statss.aspx?playerid=29614&position=2B/3B"">Chad Stevens</a>",26.0,14.0,0.13575474115518424
15941,"<a href=""statss.aspx?playerid=15941&position=C"">Austin Nola</a>",35.0,41.0,0.1982333928346634
30063,"<a href=""statss.aspx?playerid=30063&position=OF"">Tristan Peters</a>",25.0,12.0,0.0
26536,"<a href=""statss.aspx?playerid=26536&position=1B"">Warming Bernabel</a>",23.0,146.0,0.3013883686228974
13723,"<a href=""statss.aspx?playerid=13723&position=C"">Jacob Stallings</a>",35.0,36.0,0.12751726309458414
31661,"<a href=""statss.aspx?playerid=31661&position=OF"">Jacob Melton</a>",24.0,47.0,0.15256302123484405
23372,"<a href=""statss.aspx?playerid=23372&position=C"">Hunter Feduccia</a>",28.0,102.0,0.22548762489767635
2396,"<a href=""statss.aspx?playerid=2396&position=1B"">Carlos Santana</a>",39.0,164.0,0.24463235350643717
13185,"<a href=""statss.aspx?playerid=13185&position=SS"">Orlando Arcia</a>",30.0,113.0,0.23508322977386745
31595,"<a href=""statss.aspx?playerid=31595&position=3B/SS"">Brooks Lee</a>",24.0,270.0,0.2585916980549141
25688,"<a href=""statss.aspx?playerid=25688&position=3B"">Cam Devanney</a>",28.0,38.0,0.16222431785181948
29704,"<a href=""statss.aspx?playerid=29704&position=C/DH"">Braxton Fulford</a>",26.0,78.0,0.24199218398485428
31354,"<a href=""statss.aspx?playerid=31354&position=C"">Jimmy Crooks</a>",23.0,46.0,0.17116881064746692
35108,"<a href=""statss.aspx?playerid=35108&position=OF"">Cam Smith</a>",22.0,227.0,0.24756968047650374
35322,"<a href=""statss.aspx?playerid=35322&position=2B/SS"">Hyeseong Kim</a>",26.0,83.0,0.18611177584020103
27475,"<a href=""statss.aspx?playerid=27475&position=OF"">Jordan Walker</a>",23.0,205.0,0.2684086076184815
28816,"<a href=""statss.aspx?playerid=28816&position=3B/SS"">Denzer Guzman</a>",21.0,43.0,0.2425633280776268
19384,"<a href=""statss.aspx?playerid=19384&position=1B/DH"">Trenton Brooks</a>",29.0,29.0,0.1582972921174148
24759,"<a href=""statss.aspx?playerid=24759&position=C/DH"">Mickey Gasper</a>",29.0,71.0,0.22635983654430936
23695,"<a href=""statss.aspx?playerid=23695&position=OF"">Everson Pereira</a>",24.0,73.0,0.21180287207642648
24770,"<a href=""statss.aspx?playerid=24770&position=OF"">James Outman</a>",28.0,121.0,0.23201365214734038
29617,"<a href=""statss.aspx?playerid=29617&position=C"">Henry Davis</a>",25.0,159.0,0.1939605580773323
17338,"<a href=""statss.aspx?playerid=17338&position=2B/OF"">Willi Castro</a>",28.0,215.0,0.25494957053384115
26546,"<a href=""statss.aspx?playerid=26546&position=C/DH"">Agustin Ramirez</a>",23.0,336.0,0.2765001695547531
22823,"<a href=""statss.aspx?playerid=22823&position=2B/3B"">Oswald Peraza</a>",25.0,132.0,0.1990936735204158
9847,"<a href=""statss.aspx?playerid=9847&position=OF"">Andrew McCutchen</a>",38.0,247.0,0.2831370560720624
29575,"<a href=""statss.aspx?playerid=29575&position=SS"">Trey Sweeney</a>",25.0,101.0,0.20182952845450675
35041,"<a href=""statss.aspx?playerid=35041&position=OF"">Jac Caglianone</a>",22.0,138.0,0.26231184083482495
25845,"<a href=""statss.aspx?playerid=25845&position=1B"">Michael Toglia</a>",26.0,75.0,0.23699353456497194
31396,"<a href=""statss.aspx?playerid=31396&position=1B"">Tyler Locklear</a>",24.0,116.0,0.2450871190120434
28552,"<a href=""statss.aspx?playerid=28552&position=DH/OF"">Yanquiel Fernandez</a>",22.0,147.0,0.2677144112230158
25467,"<a href=""statss.aspx?playerid=25467&position=OF"">Will Robertson</a>",27.0,63.0,0.14035767127597143
19953,"<a href=""statss.aspx?playerid=19953&position=OF"">Josh Lowe</a>",27.0,271.0,0.24978204921439842
16725,"<a href=""statss.aspx?playerid=16725&position=C"">Jose Trevino</a>",32.0,134.0,0.17894713558367828
22054,"<a href=""statss.aspx?playerid=22054&position=OF"">Dane Myers</a>",29.0,150.0,0.19584584712982178
24729,"<a href=""statss.aspx?playerid=24729&position=C"">Logan O'Hoppe</a>",25.0,194.0,0.22804493391452058
19844,"<a href=""statss.aspx?playerid=19844&position=2B/3B"">Abraham Toro</a>",28.0,131.0,0.22173278148357684
22532,"<a href=""statss.aspx?playerid=22532&position=OF"">Tyler Freeman</a>",26.0,290.0,0.29575989291899735
11737,"<a href=""statss.aspx?playerid=11737&position=3B/OF"">Nick Castellanos</a>",33.0,244.0,0.25335780421241383
