playerid,Name,Age,PA,wOBA
19709,"<a href=""statss.aspx?playerid=19709&position=SS/OF"">Fernando Tatis Jr.</a>",22.0,266.0,0.44125685937532033
19611,"<a href=""statss.aspx?playerid=19611&position=1B"">Vladimir Guerrero Jr.</a>",22.0,337.0,0.46130845058395203
14162,"<a href=""statss.aspx?playerid=14162&position=SS"">Carlos Correa</a>",26.0,334.0,0.39021517551807033
17929,"<a href=""statss.aspx?playerid=17929&position=OF"">Cedric Mullins</a>",26.0,346.0,0.3987955866858017
18401,"<a href=""statss.aspx?playerid=18401&position=OF"">Ronald Acuna Jr.</a>",23.0,321.0,0.41050878781825306
19326,"<a href=""statss.aspx?playerid=19326&position=OF"">Bryan Reynolds</a>",26.0,316.0,0.40312648502884396
16252,"<a href=""statss.aspx?playerid=16252&position=SS"">Trea Turner</a>",28.0,341.0,0.3750448506598598
19755,"<a href=""statss.aspx?playerid=19755&position=DH"">Shohei Ohtani</a>",26.0,303.0,0.42588128765424094
14128,"<a href=""statss.aspx?playerid=14128&position=OF"">Joey Gallo</a>",27.0,317.0,0.3743937330640805
9166,"<a href=""statss.aspx?playerid=9166&position=C"">Buster Posey</a>",34.0,220.0,0.4126569628715515
12533,"<a href=""statss.aspx?playerid=12533&position=2B/SS"">Marcus Semien</a>",30.0,355.0,0.3743807396418612
12161,"<a href=""statss.aspx?playerid=12161&position=SS"">Xander Bogaerts</a>",28.0,320.0,0.39749949908929183
5417,"<a href=""statss.aspx?playerid=5417&position=2B"">Jose Altuve</a>",31.0,327.0,0.37071912692143366
13510,"<a href=""statss.aspx?playerid=13510&position=3B"">Jose Ramirez</a>",28.0,306.0,0.3668857169309724
13301,"<a href=""statss.aspx?playerid=13301&position=1B/3B"">Max Muncy</a>",30.0,273.0,0.4104086289175381
11737,"<a href=""statss.aspx?playerid=11737&position=3B/OF"">Nick Castellanos</a>",29.0,321.0,0.42053872589780994
14344,"<a href=""statss.aspx?playerid=14344&position=1B"">Matt Olson</a>",27.0,322.0,0.3909834660589695
15640,"<a href=""statss.aspx?playerid=15640&position=OF"">Aaron Judge</a>",29.0,319.0,0.3856075001212786
5343,"<a href=""statss.aspx?playerid=5343&position=SS"">Brandon Crawford</a>",34.0,262.0,0.35660580042246226
13590,"<a href=""statss.aspx?playerid=13590&position=OF"">Jesse Winker</a>",27.0,314.0,0.4219809559206612
18036,"<a href=""statss.aspx?playerid=18036&position=1B/2B"">Jake Cronenworth</a>",27.0,342.0,0.35615635667732376
16556,"<a href=""statss.aspx?playerid=16556&position=2B"">Ozzie Albies</a>",24.0,330.0,0.3605565986850045
9777,"<a href=""statss.aspx?playerid=9777&position=3B"">Nolan Arenado</a>",30.0,328.0,0.3477942963746878
14161,"<a href=""statss.aspx?playerid=14161&position=OF"">Byron Buxton</a>",27.0,110.0,0.4872718355872414
15223,"<a href=""statss.aspx?playerid=15223&position=2B"">Adam Frazier</a>",29.0,342.0,0.37504281216894675
19612,"<a href=""statss.aspx?playerid=19612&position=SS"">Bo Bichette</a>",23.0,348.0,0.3486490157143823
5235,"<a href=""statss.aspx?playerid=5235&position=3B"">Justin Turner</a>",36.0,314.0,0.3677262893527936
11445,"<a href=""statss.aspx?playerid=11445&position=OF"">Mark Canha</a>",32.0,325.0,0.3606691835476802
19198,"<a href=""statss.aspx?playerid=19198&position=1B"">Yuli Gurriel</a>",37.0,317.0,0.38405701593507696
18564,"<a href=""statss.aspx?playerid=18564&position=OF"">Trent Grisham</a>",24.0,219.0,0.37831049531562144
9241,"<a href=""statss.aspx?playerid=9241&position=OF"">Starling Marte</a>",32.0,189.0,0.3775729112168576
19287,"<a href=""statss.aspx?playerid=19287&position=OF"">Adolis Garcia</a>",28.0,288.0,0.3532429501000378
17350,"<a href=""statss.aspx?playerid=17350&position=3B"">Rafael Devers</a>",24.0,324.0,0.3802416410297155
11739,"<a href=""statss.aspx?playerid=11739&position=C"">J.T. Realmuto</a>",30.0,236.0,0.3451021117532355
13338,"<a href=""statss.aspx?playerid=13338&position=C"">Omar Narvaez</a>",29.0,213.0,0.36946140024899304
10155,"<a href=""statss.aspx?playerid=10155&position=OF"">Mike Trout</a>",29.0,146.0,0.45073862194169495
19197,"<a href=""statss.aspx?playerid=19197&position=C"">Will Smith</a>",26.0,244.0,0.3587677498494298
19352,"<a href=""statss.aspx?playerid=19352&position=C"">Sean Murphy</a>",26.0,252.0,0.3220551841788822
16505,"<a href=""statss.aspx?playerid=16505&position=3B"">Matt Chapman</a>",28.0,327.0,0.3158394694328308
11281,"<a href=""statss.aspx?playerid=11281&position=2B/OF"">Whit Merrifield</a>",32.0,346.0,0.32981253914211106
13611,"<a href=""statss.aspx?playerid=13611&position=OF"">Mookie Betts</a>",28.0,314.0,0.3574046669676662
17232,"<a href=""statss.aspx?playerid=17232&position=3B"">Yoan Moncada</a>",26.0,308.0,0.3534811164264555
13265,"<a href=""statss.aspx?playerid=13265&position=C"">Mike Zunino</a>",30.0,189.0,0.3570948501743337
13853,"<a href=""statss.aspx?playerid=13853&position=2B/3B/SS"">Joey Wendle</a>",31.0,258.0,0.3390882300395592
2434,"<a href=""statss.aspx?playerid=2434&position=DH/OF"">Nelson Cruz</a>",40.0,278.0,0.40007010978810925
6184,"<a href=""statss.aspx?playerid=6184&position=DH/OF"">J.D. Martinez</a>",33.0,326.0,0.38520883869977646
15711,"<a href=""statss.aspx?playerid=15711&position=OF"">Tyler O'Neill</a>",26.0,233.0,0.36883263296323787
17719,"<a href=""statss.aspx?playerid=17719&position=OF"">Steven Duggar</a>",27.0,153.0,0.40130245371868734
13757,"<a href=""statss.aspx?playerid=13757&position=OF"">Chris Taylor</a>",30.0,300.0,0.3591238449648471
15429,"<a href=""statss.aspx?playerid=15429&position=3B/OF"">Kris Bryant</a>",29.0,300.0,0.36018854618869894
18607,"<a href=""statss.aspx?playerid=18607&position=1B"">Jared Walsh</a>",27.0,316.0,0.37944018898101955
11579,"<a href=""statss.aspx?playerid=11579&position=OF"">Bryce Harper</a>",28.0,244.0,0.38423188850283624
19556,"<a href=""statss.aspx?playerid=19556&position=DH/OF"">Yordan Alvarez</a>",24.0,288.0,0.3753398021339124
11493,"<a href=""statss.aspx?playerid=11493&position=3B"">Manny Machado</a>",28.0,307.0,0.3345844165223544
4106,"<a href=""statss.aspx?playerid=4106&position=OF"">Michael Brantley</a>",34.0,269.0,0.37582058778039584
5933,"<a href=""statss.aspx?playerid=5933&position=2B/SS"">Jean Segura</a>",31.0,212.0,0.35853046687293394
15491,"<a href=""statss.aspx?playerid=15491&position=SS"">J.P. Crawford</a>",26.0,320.0,0.3256084494292736
19339,"<a href=""statss.aspx?playerid=19339&position=2B/SS"">Nicky Lopez</a>",26.0,232.0,0.3024658867966236
12916,"<a href=""statss.aspx?playerid=12916&position=SS"">Francisco Lindor</a>",27.0,321.0,0.2889517553268917
5361,"<a href=""statss.aspx?playerid=5361&position=1B"">Freddie Freeman</a>",31.0,342.0,0.35651530084495775
18360,"<a href=""statss.aspx?playerid=18360&position=3B"">Austin Riley</a>",24.0,311.0,0.35227986794073607
9368,"<a href=""statss.aspx?playerid=9368&position=3B"">Evan Longoria</a>",35.0,186.0,0.37827523344236874
14894,"<a href=""statss.aspx?playerid=14894&position=2B/OF"">Tony Kemp</a>",29.0,190.0,0.3660180998104875
17128,"<a href=""statss.aspx?playerid=17128&position=OF"">Ramon Laureano</a>",26.0,262.0,0.34515661433452866
2967,"<a href=""statss.aspx?playerid=2967&position=OF"">Tommy Pham</a>",33.0,295.0,0.3584900629722466
19290,"<a href=""statss.aspx?playerid=19290&position=OF"">Randy Arozarena</a>",26.0,329.0,0.328892035404112
11368,"<a href=""statss.aspx?playerid=11368&position=C"">Yasmani Grandal</a>",32.0,236.0,0.3682350589873943
15172,"<a href=""statss.aspx?playerid=15172&position=SS"">Tim Anderson</a>",28.0,286.0,0.31802836280120045
20123,"<a href=""statss.aspx?playerid=20123&position=OF"">Juan Soto</a>",22.0,285.0,0.36261347651908904
18345,"<a href=""statss.aspx?playerid=18345&position=OF"">Kyle Tucker</a>",24.0,300.0,0.3415265745586819
5038,"<a href=""statss.aspx?playerid=5038&position=3B"">Josh Donaldson</a>",35.0,247.0,0.3524751503293107
11265,"<a href=""statss.aspx?playerid=11265&position=2B"">Jonathan Schoop</a>",29.0,323.0,0.34066449433288337
13620,"<a href=""statss.aspx?playerid=13620&position=C"">Carson Kelly</a>",26.0,187.0,0.3643248401662355
17678,"<a href=""statss.aspx?playerid=17678&position=3B"">Alex Bregman</a>",27.0,262.0,0.3375417978264565
16478,"<a href=""statss.aspx?playerid=16478&position=DH/OF"">Kyle Schwarber</a>",28.0,298.0,0.37675201993197305
11442,"<a href=""statss.aspx?playerid=11442&position=C"">Gary Sanchez</a>",28.0,236.0,0.35681937462270513
12979,"<a href=""statss.aspx?playerid=12979&position=SS"">Javier Baez</a>",28.0,287.0,0.31625444428962574
13723,"<a href=""statss.aspx?playerid=13723&position=C"">Jacob Stallings</a>",31.0,221.0,0.3034918780240538
12532,"<a href=""statss.aspx?playerid=12532&position=2B"">Kolten Wong</a>",30.0,212.0,0.3570840378508184
10200,"<a href=""statss.aspx?playerid=10200&position=C"">Tucker Barnhart</a>",30.0,205.0,0.33592896374260506
20454,"<a href=""statss.aspx?playerid=20454&position=2B/OF"">Jazz Chisholm Jr.</a>",23.0,242.0,0.33653617816523085
15672,"<a href=""statss.aspx?playerid=15672&position=DH/OF"">Austin Meadows</a>",26.0,327.0,0.34502091811253477
22168,"<a href=""statss.aspx?playerid=22168&position=OF"">Akil Baddoo</a>",22.0,200.0,0.36479529663546
13066,"<a href=""statss.aspx?playerid=13066&position=OF"">Teoscar Hernandez</a>",28.0,255.0,0.3525270340949532
10264,"<a href=""statss.aspx?playerid=10264&position=1B"">Brandon Belt</a>",33.0,201.0,0.37278302540233477
11609,"<a href=""statss.aspx?playerid=11609&position=C"">Willson Contreras</a>",29.0,278.0,0.32977699501850116
9627,"<a href=""statss.aspx?playerid=9627&position=C"">Yan Gomes</a>",33.0,201.0,0.3090950939992462
18721,"<a href=""statss.aspx?playerid=18721&position=OF"">Guillermo Heredia</a>",30.0,170.0,0.3644065267982937
10059,"<a href=""statss.aspx?playerid=10059&position=C"">Max Stassi</a>",30.0,107.0,0.366480572758434
13602,"<a href=""statss.aspx?playerid=13602&position=3B"">Patrick Wisdom</a>",29.0,97.0,0.439185288149057
6153,"<a href=""statss.aspx?playerid=6153&position=3B"">Eduardo Escobar</a>",32.0,322.0,0.32117282677881465
13613,"<a href=""statss.aspx?playerid=13613&position=2B"">Ketel Marte</a>",27.0,148.0,0.4135046731047079
4949,"<a href=""statss.aspx?playerid=4949&position=DH/OF"">Giancarlo Stanton</a>",31.0,254.0,0.3676424290351717
20521,"<a href=""statss.aspx?playerid=20521&position=2B/3B"">Nick Madrigal</a>",24.0,215.0,0.3350399322287981
14854,"<a href=""statss.aspx?playerid=14854&position=OF"">Mike Yastrzemski</a>",30.0,254.0,0.33703034926974584
14712,"<a href=""statss.aspx?playerid=14712&position=OF"">Manuel Margot</a>",26.0,273.0,0.2983938650611569
15518,"<a href=""statss.aspx?playerid=15518&position=SS"">Amed Rosario</a>",25.0,272.0,0.31103555989616055
3473,"<a href=""statss.aspx?playerid=3473&position=1B"">Anthony Rizzo</a>",31.0,282.0,0.33761098171983445
9874,"<a href=""statss.aspx?playerid=9874&position=2B"">DJ LeMahieu</a>",32.0,346.0,0.31872953176498414
19734,"<a href=""statss.aspx?playerid=19734&position=2B/3B"">Josh Rojas</a>",27.0,297.0,0.3373174456512036
10681,"<a href=""statss.aspx?playerid=10681&position=3B"">Gio Urshela</a>",29.0,279.0,0.3257332142963204
13152,"<a href=""statss.aspx?playerid=13152&position=2B/SS"">Jorge Polanco</a>",27.0,299.0,0.32122835287680995
19251,"<a href=""statss.aspx?playerid=19251&position=1B"">Pete Alonso</a>",26.0,271.0,0.34827859029450825
19470,"<a href=""statss.aspx?playerid=19470&position=2B"">Tommy Edman</a>",26.0,347.0,0.28953747683866865
20126,"<a href=""statss.aspx?playerid=20126&position=OF"">Dylan Carlson</a>",22.0,328.0,0.33113089413453317
10847,"<a href=""statss.aspx?playerid=10847&position=SS"">Andrelton Simmons</a>",31.0,226.0,0.28809939993752376
15464,"<a href=""statss.aspx?playerid=15464&position=OF"">Hunter Renfroe</a>",29.0,272.0,0.34232762521680665
15986,"<a href=""statss.aspx?playerid=15986&position=SS"">Willy Adames</a>",25.0,291.0,0.3245339010589311
16512,"<a href=""statss.aspx?playerid=16512&position=SS"">Isiah Kiner-Falefa</a>",26.0,346.0,0.2984691016202749
15674,"<a href=""statss.aspx?playerid=15674&position=C"">Reese McGuire</a>",26.0,97.0,0.34532690110305947
15112,"<a href=""statss.aspx?playerid=15112&position=3B"">Ryan McMahon</a>",26.0,301.0,0.32748857270116394
18882,"<a href=""statss.aspx?playerid=18882&position=2B"">Brandon Lowe</a>",26.0,307.0,0.31912659677235705
7007,"<a href=""statss.aspx?playerid=7007&position=C"">Yadier Molina</a>",38.0,231.0,0.308015093077784
5222,"<a href=""statss.aspx?playerid=5222&position=OF"">Justin Upton</a>",33.0,256.0,0.34856199100613594
13621,"<a href=""statss.aspx?playerid=13621&position=3B"">Jeimer Candelario</a>",27.0,300.0,0.3133677683273951
11477,"<a href=""statss.aspx?playerid=11477&position=OF"">Christian Yelich</a>",29.0,196.0,0.35171675713111955
17982,"<a href=""statss.aspx?playerid=17982&position=1B"">Ty France</a>",26.0,296.0,0.3368756476095167
18314,"<a href=""statss.aspx?playerid=18314&position=SS"">Dansby Swanson</a>",27.0,319.0,0.3037423985345023
17027,"<a href=""statss.aspx?playerid=17027&position=OF"">Alex Verdugo</a>",25.0,314.0,0.3341979844829975
19260,"<a href=""statss.aspx?playerid=19260&position=OF"">Jake Fraley</a>",26.0,110.0,0.3849399221052817
16622,"<a href=""statss.aspx?playerid=16622&position=2B/3B"">Luis Urias</a>",24.0,285.0,0.33205650102162193
12927,"<a href=""statss.aspx?playerid=12927&position=OF"">Brandon Nimmo</a>",28.0,85.0,0.4113134834028426
10472,"<a href=""statss.aspx?playerid=10472&position=OF"">Enrique Hernandez</a>",29.0,269.0,0.30755059515233374
18042,"<a href=""statss.aspx?playerid=18042&position=2B/OF"">Dylan Moore</a>",28.0,196.0,0.2945535529632958
21479,"<a href=""statss.aspx?playerid=21479&position=2B/SS"">Nico Hoerner</a>",24.0,84.0,0.3580065529520919
15161,"<a href=""statss.aspx?playerid=15161&position=C/DH"">Mitch Garver</a>",30.0,135.0,0.3549517684512668
6609,"<a href=""statss.aspx?playerid=6609&position=SS"">Freddy Galvis</a>",31.0,274.0,0.30967998482562875
17988,"<a href=""statss.aspx?playerid=17988&position=C"">Tyler Stephenson</a>",24.0,196.0,0.3523202676039476
7802,"<a href=""statss.aspx?playerid=7802&position=SS"">Miguel Rojas</a>",32.0,239.0,0.31675713231872815
19566,"<a href=""statss.aspx?playerid=19566&position=1B"">Nathaniel Lowe</a>",25.0,331.0,0.3340954440237892
10243,"<a href=""statss.aspx?playerid=10243&position=OF"">Randal Grichuk</a>",29.0,315.0,0.3253996207600548
7304,"<a href=""statss.aspx?playerid=7304&position=C"">Salvador Perez</a>",31.0,323.0,0.3461010749466323
8202,"<a href=""statss.aspx?playerid=8202&position=2B/3B"">Josh Harrison</a>",33.0,259.0,0.32482320530534253
13624,"<a href=""statss.aspx?playerid=13624&position=SS"">Corey Seager</a>",27.0,169.0,0.3412243500351906
14735,"<a href=""statss.aspx?playerid=14735&position=OF"">Brett Phillips</a>",27.0,174.0,0.2852476412473723
14274,"<a href=""statss.aspx?playerid=14274&position=OF"">Mitch Haniger</a>",30.0,326.0,0.3371389574068456
11489,"<a href=""statss.aspx?playerid=11489&position=OF"">Michael A. Taylor</a>",30.0,261.0,0.2823882061859657
10071,"<a href=""statss.aspx?playerid=10071&position=2B/SS"">Jonathan Villar</a>",30.0,212.0,0.3249847797685833
9929,"<a href=""statss.aspx?playerid=9929&position=1B/OF"">Darin Ruf</a>",34.0,118.0,0.3634153213994256
21523,"<a href=""statss.aspx?playerid=21523&position=2B"">Jonathan India</a>",24.0,271.0,0.3402971804806734
19599,"<a href=""statss.aspx?playerid=19599&position=OF"">Chas McCormick</a>",26.0,141.0,0.3210200735017763
17620,"<a href=""statss.aspx?playerid=17620&position=OF"">Myles Straw</a>",26.0,299.0,0.3041212118712048
15794,"<a href=""statss.aspx?playerid=15794&position=OF"">Yonathan Daza</a>",27.0,235.0,0.3390453088851202
9847,"<a href=""statss.aspx?playerid=9847&position=OF"">Andrew McCutchen</a>",34.0,302.0,0.3388985456818362
19262,"<a href=""statss.aspx?playerid=19262&position=2B/OF"">Garrett Hampson</a>",26.0,264.0,0.31809814017394494
12564,"<a href=""statss.aspx?playerid=12564&position=SS"">Trevor Story</a>",28.0,283.0,0.33178671080870986
10950,"<a href=""statss.aspx?playerid=10950&position=OF"">Adam Duvall</a>",32.0,269.0,0.315615193994515
9218,"<a href=""statss.aspx?playerid=9218&position=1B"">Paul Goldschmidt</a>",33.0,332.0,0.31863683426236533
9785,"<a href=""statss.aspx?playerid=9785&position=3B"">Kyle Seager</a>",33.0,333.0,0.29780775757439165
18577,"<a href=""statss.aspx?playerid=18577&position=3B"">Ke'Bryan Hayes</a>",24.0,107.0,0.3410315519181367
12282,"<a href=""statss.aspx?playerid=12282&position=2B"">Rougned Odor</a>",27.0,168.0,0.30283299691620325
15937,"<a href=""statss.aspx?playerid=15937&position=SS"">Aledmys Diaz</a>",30.0,126.0,0.3321147214981817
14350,"<a href=""statss.aspx?playerid=14350&position=OF"">Raimel Tapia</a>",27.0,327.0,0.32125989290384144
20043,"<a href=""statss.aspx?playerid=20043&position=OF"">Luis Robert Jr.</a>",23.0,103.0,0.35236294003366264
10047,"<a href=""statss.aspx?playerid=10047&position=1B/OF"">Wil Myers</a>",30.0,253.0,0.31918345647029195
14566,"<a href=""statss.aspx?playerid=14566&position=DH/OF"">Franmil Reyes</a>",25.0,158.0,0.3687842340226386
15149,"<a href=""statss.aspx?playerid=15149&position=1B/DH/OF"">Trey Mancini</a>",29.0,330.0,0.3357525964276044
13769,"<a href=""statss.aspx?playerid=13769&position=SS"">Adalberto Mondesi</a>",25.0,38.0,0.49843905100951325
2396,"<a href=""statss.aspx?playerid=2396&position=1B"">Carlos Santana</a>",35.0,335.0,0.33515879745224875
18126,"<a href=""statss.aspx?playerid=18126&position=1B/OF"">LaMonte Wade Jr.</a>",27.0,110.0,0.36502900200152616
16219,"<a href=""statss.aspx?playerid=16219&position=3B"">J.D. Davis</a>",28.0,49.0,0.4693247439960639
17992,"<a href=""statss.aspx?playerid=17992&position=2B"">David Fletcher</a>",27.0,313.0,0.28835153930327473
15676,"<a href=""statss.aspx?playerid=15676&position=1B"">Jose Abreu</a>",34.0,308.0,0.3305910278063316
12144,"<a href=""statss.aspx?playerid=12144&position=OF"">Max Kepler</a>",28.0,192.0,0.2971061583588885
5827,"<a href=""statss.aspx?playerid=5827&position=1B"">Wilmer Flores</a>",29.0,207.0,0.3271905166515406
17901,"<a href=""statss.aspx?playerid=17901&position=OF"">Andrew Benintendi</a>",26.0,241.0,0.3329881889691491
10556,"<a href=""statss.aspx?playerid=10556&position=2B"">Cesar Hernandez</a>",31.0,328.0,0.3015901918818311
13755,"<a href=""statss.aspx?playerid=13755&position=C"">Tomas Nido</a>",27.0,91.0,0.29576165477434796
12147,"<a href=""statss.aspx?playerid=12147&position=SS"">Nick Ahmed</a>",31.0,246.0,0.26603545639358583
10231,"<a href=""statss.aspx?playerid=10231&position=SS"">Jose Iglesias</a>",31.0,260.0,0.2954420215808428
9774,"<a href=""statss.aspx?playerid=9774&position=C"">Christian Vazquez</a>",30.0,265.0,0.2902259828909388
17548,"<a href=""statss.aspx?playerid=17548&position=OF"">Taylor Ward</a>",27.0,193.0,0.33055265930791694
5254,"<a href=""statss.aspx?playerid=5254&position=OF"">Robbie Grossman</a>",31.0,342.0,0.31497279458186206
19294,"<a href=""statss.aspx?playerid=19294&position=2B"">Nick Solak</a>",26.0,323.0,0.29733986806574253
11038,"<a href=""statss.aspx?playerid=11038&position=OF"">Kevin Kiermaier</a>",31.0,188.0,0.25990882691215067
16434,"<a href=""statss.aspx?playerid=16434&position=2B"">Christian Arroyo</a>",26.0,138.0,0.3277365968507879
16578,"<a href=""statss.aspx?playerid=16578&position=1B/3B/DH"">Yandy Diaz</a>",29.0,299.0,0.3107382663171299
17278,"<a href=""statss.aspx?playerid=17278&position=1B"">Bobby Bradley</a>",25.0,78.0,0.39451912198311245
18568,"<a href=""statss.aspx?playerid=18568&position=1B/2B"">Luis Arraez</a>",24.0,212.0,0.316931390931821
5760,"<a href=""statss.aspx?playerid=5760&position=OF"">Avisail Garcia</a>",30.0,283.0,0.31976852319418747
5517,"<a href=""statss.aspx?playerid=5517&position=C"">Kyle Higashioka</a>",31.0,101.0,0.3064881763835945
19363,"<a href=""statss.aspx?playerid=19363&position=OF"">Austin Hays</a>",25.0,207.0,0.3190702621529742
14111,"<a href=""statss.aspx?playerid=14111&position=C"">Eric Haase</a>",28.0,134.0,0.3364853320726708
8722,"<a href=""statss.aspx?playerid=8722&position=C"">Jason Castro</a>",34.0,82.0,0.3547701135277748
21501,"<a href=""statss.aspx?playerid=21501&position=DH/OF"">Trevor Larnach</a>",24.0,164.0,0.3366367057329271
12092,"<a href=""statss.aspx?playerid=12092&position=2B/SS"">Niko Goodrum</a>",29.0,219.0,0.2788111760736056
12037,"<a href=""statss.aspx?playerid=12037&position=3B"">Jon Berti</a>",31.0,222.0,0.30421053041699786
13359,"<a href=""statss.aspx?playerid=13359&position=OF"">Tyler Naquin</a>",30.0,244.0,0.33417585651570386
2136,"<a href=""statss.aspx?playerid=2136&position=OF"">David Peralta</a>",33.0,294.0,0.30517823810446754
17022,"<a href=""statss.aspx?playerid=17022&position=3B/SS"">Edmundo Sosa</a>",25.0,147.0,0.3010013855736831
19508,"<a href=""statss.aspx?playerid=19508&position=OF"">Kyle Lewis</a>",25.0,147.0,0.31977448171498823
12859,"<a href=""statss.aspx?playerid=12859&position=C"">James McCann</a>",31.0,227.0,0.2993338546563875
16930,"<a href=""statss.aspx?playerid=16930&position=C"">Jonah Heim</a>",26.0,117.0,0.28374292778557747
10953,"<a href=""statss.aspx?playerid=10953&position=2B/3B"">Phil Gosselin</a>",32.0,95.0,0.37431770500383876
13770,"<a href=""statss.aspx?playerid=13770&position=OF"">Rob Refsnyder</a>",30.0,62.0,0.3707559666325969
12158,"<a href=""statss.aspx?playerid=12158&position=C"">Austin Barnes</a>",31.0,129.0,0.2998588258825888
11476,"<a href=""statss.aspx?playerid=11476&position=OF"">Odubel Herrera</a>",29.0,231.0,0.30297893389411595
4314,"<a href=""statss.aspx?playerid=4314&position=1B"">Joey Votto</a>",37.0,202.0,0.34241668688188687
4418,"<a href=""statss.aspx?playerid=4418&position=2B/SS"">Jed Lowrie</a>",37.0,293.0,0.3124013818698387
10954,"<a href=""statss.aspx?playerid=10954&position=P"">Jacob deGrom</a>",33.0,29.0,0.3762501745388426
12325,"<a href=""statss.aspx?playerid=12325&position=2B/3B"">Jace Peterson</a>",31.0,93.0,0.3517898263469819
19997,"<a href=""statss.aspx?playerid=19997&position=2B/3B"">Santiago Espinal</a>",26.0,104.0,0.31393423676490784
11339,"<a href=""statss.aspx?playerid=11339&position=OF"">Jake Marisnick</a>",30.0,99.0,0.32740638593230587
16221,"<a href=""statss.aspx?playerid=16221&position=OF"">Bradley Zimmer</a>",28.0,90.0,0.3128165158960554
5452,"<a href=""statss.aspx?playerid=5452&position=1B"">Ji-Man Choi</a>",30.0,108.0,0.3462069845861859
19452,"<a href=""statss.aspx?playerid=19452&position=C"">Jake Rogers</a>",26.0,95.0,0.30999500077703723
13593,"<a href=""statss.aspx?playerid=13593&position=2B/SS"">Jose Peraza</a>",27.0,120.0,0.27864967932303747
18289,"<a href=""statss.aspx?playerid=18289&position=3B/OF"">Brian Anderson</a>",28.0,141.0,0.30641126590115686
17907,"<a href=""statss.aspx?playerid=17907&position=2B"">Brendan Rodgers</a>",24.0,119.0,0.35249278024465097
13768,"<a href=""statss.aspx?playerid=13768&position=OF"">Travis Jankowski</a>",30.0,28.0,0.448152095079422
11342,"<a href=""statss.aspx?playerid=11342&position=1B"">Jesus Aguilar</a>",31.0,301.0,0.32078240661813107
13836,"<a href=""statss.aspx?playerid=13836&position=3B"">Matt Duffy</a>",30.0,106.0,0.33066814238170406
8623,"<a href=""statss.aspx?playerid=8623&position=2B"">Donovan Solano</a>",33.0,187.0,0.30466179446103103
20468,"<a href=""statss.aspx?playerid=20468&position=P"">Huascar Ynoa</a>",23.0,17.0,0.4642264527433059
4220,"<a href=""statss.aspx?playerid=4220&position=1B/3B"">Ryan Zimmerman</a>",36.0,146.0,0.3380866724334351
3298,"<a href=""statss.aspx?playerid=3298&position=3B/OF"">Charlie Culberson</a>",32.0,158.0,0.27989287113214467
8418,"<a href=""statss.aspx?playerid=8418&position=3B/SS"">Ehire Adrianza</a>",31.0,131.0,0.32331727330501264
19562,"<a href=""statss.aspx?playerid=19562&position=SS"">Zack Short</a>",26.0,33.0,0.4369339599753871
13675,"<a href=""statss.aspx?playerid=13675&position=OF"">Tyrone Taylor</a>",27.0,127.0,0.315646226011862
4962,"<a href=""statss.aspx?playerid=4962&position=SS"">Asdrubal Cabrera</a>",35.0,201.0,0.323832288980484
15941,"<a href=""statss.aspx?playerid=15941&position=C"">Austin Nola</a>",31.0,59.0,0.32312985092906626
24618,"<a href=""statss.aspx?playerid=24618&position=C"">Ryan Jeffers</a>",24.0,107.0,0.28356554463645006
9077,"<a href=""statss.aspx?playerid=9077&position=OF"">Lorenzo Cain</a>",35.0,118.0,0.30048297673968943
18015,"<a href=""statss.aspx?playerid=18015&position=SS"">Paul DeJong</a>",27.0,203.0,0.276590362264605
16417,"<a href=""statss.aspx?playerid=16417&position=2B/3B/SS"">Sergio Alcantara</a>",24.0,79.0,0.2936604489118625
22458,"<a href=""statss.aspx?playerid=22458&position=SS"">Taylor Walls</a>",24.0,95.0,0.3032635582120795
12546,"<a href=""statss.aspx?playerid=12546&position=1B"">C.J. Cron</a>",31.0,238.0,0.3513835866411193
19955,"<a href=""statss.aspx?playerid=19955&position=2B"">Gavin Lux</a>",23.0,266.0,0.2913920976080984
15654,"<a href=""statss.aspx?playerid=15654&position=OF"">Billy McKinney</a>",26.0,193.0,0.29819471451143426
10762,"<a href=""statss.aspx?playerid=10762&position=OF"">Corey Dickerson</a>",32.0,225.0,0.30833351188235814
14387,"<a href=""statss.aspx?playerid=14387&position=DH/OF"">Harold Ramirez</a>",26.0,164.0,0.33233741492581514
18839,"<a href=""statss.aspx?playerid=18839&position=1B"">Josh Naylor</a>",24.0,250.0,0.3020418255079177
9256,"<a href=""statss.aspx?playerid=9256&position=OF"">A.J. Pollock</a>",33.0,179.0,0.31045261715765055
15998,"<a href=""statss.aspx?playerid=15998&position=1B/OF"">Cody Bellinger</a>",25.0,96.0,0.31319571545249536
17338,"<a href=""statss.aspx?playerid=17338&position=2B/OF"">Willi Castro</a>",24.0,255.0,0.2830300870620215
16451,"<a href=""statss.aspx?playerid=16451&position=2B/3B"">Luis Guillorme</a>",26.0,87.0,0.3266713165101551
18063,"<a href=""statss.aspx?playerid=18063&position=OF"">Kyle Garlick</a>",29.0,107.0,0.31428551618183886
16403,"<a href=""statss.aspx?playerid=16403&position=C"">Francisco Mejia</a>",25.0,140.0,0.2966195276315264
10030,"<a href=""statss.aspx?playerid=10030&position=2B/SS"">Chris Owings</a>",29.0,27.0,0.45415316246174
16424,"<a href=""statss.aspx?playerid=16424&position=OF"">Jordan Luplow</a>",27.0,121.0,0.33569464456936543
2829,"<a href=""statss.aspx?playerid=2829&position=C"">Manny Pina</a>",34.0,97.0,0.25218318418129204
15082,"<a href=""statss.aspx?playerid=15082&position=OF"">Adam Engel</a>",29.0,32.0,0.36472995579242706
12972,"<a href=""statss.aspx?playerid=12972&position=P"">Joe Ross</a>",28.0,29.0,0.27380415201187136
14636,"<a href=""statss.aspx?playerid=14636&position=C"">Webster Rivas</a>",30.0,40.0,0.32943714887667924
16997,"<a href=""statss.aspx?playerid=16997&position=2B"">Gleyber Torres</a>",24.0,290.0,0.2881732535609737
19392,"<a href=""statss.aspx?playerid=19392&position=3B/OF"">Zach McKinstry</a>",26.0,123.0,0.32157383199597966
8709,"<a href=""statss.aspx?playerid=8709&position=SS"">Elvis Andrus</a>",32.0,284.0,0.24750634330384275
16337,"<a href=""statss.aspx?playerid=16337&position=OF"">Nick Gordon</a>",25.0,50.0,0.3284381723403931
18363,"<a href=""statss.aspx?playerid=18363&position=OF"">Victor Robles</a>",24.0,224.0,0.2993512207811529
18030,"<a href=""statss.aspx?playerid=18030&position=OF"">Harrison Bader</a>",27.0,83.0,0.2829075241700197
12856,"<a href=""statss.aspx?playerid=12856&position=OF"">George Springer</a>",31.0,49.0,0.35812940324346226
13743,"<a href=""statss.aspx?playerid=13743&position=P"">Max Fried</a>",27.0,26.0,0.292442900793893
14968,"<a href=""statss.aspx?playerid=14968&position=C"">Victor Caratini</a>",27.0,201.0,0.28819180563621716
20325,"<a href=""statss.aspx?playerid=20325&position=1B/OF"">Alex Kirilloff</a>",23.0,173.0,0.31094198617321706
15362,"<a href=""statss.aspx?playerid=15362&position=2B/OF"">Jeff McNeil</a>",29.0,153.0,0.2932861825219946
16472,"<a href=""statss.aspx?playerid=16472&position=1B"">Rhys Hoskins</a>",28.0,329.0,0.31979198694953803
14765,"<a href=""statss.aspx?playerid=14765&position=P"">Julio Urias</a>",24.0,34.0,0.23719205733003287
17479,"<a href=""statss.aspx?playerid=17479&position=P"">Jack Flaherty</a>",25.0,24.0,0.26916381574812387
16149,"<a href=""statss.aspx?playerid=16149&position=P"">Aaron Nola</a>",28.0,33.0,0.2440363381590162
16153,"<a href=""statss.aspx?playerid=16153&position=OF"">Austin Slater</a>",28.0,178.0,0.2843199395731594
11400,"<a href=""statss.aspx?playerid=11400&position=2B/3B/SS"">Ronald Torreyes</a>",28.0,117.0,0.28803342066962145
27506,"<a href=""statss.aspx?playerid=27506&position=SS"">Ha-seong Kim</a>",25.0,187.0,0.27064909654505115
19892,"<a href=""statss.aspx?playerid=19892&position=1B/OF"">Pavin Smith</a>",25.0,304.0,0.3132544553985721
18795,"<a href=""statss.aspx?playerid=18795&position=3B"">Ramon Urias</a>",27.0,82.0,0.33699204645505765
19931,"<a href=""statss.aspx?playerid=19931&position=3B/OF"">Luke Williams</a>",24.0,50.0,0.32536071419715884
2036,"<a href=""statss.aspx?playerid=2036&position=P"">Clayton Kershaw</a>",33.0,30.0,0.23603806207919942
13329,"<a href=""statss.aspx?playerid=13329&position=3B"">Jake Lamb</a>",30.0,99.0,0.33109896532212846
15279,"<a href=""statss.aspx?playerid=15279&position=1B/DH"">Garrett Cooper</a>",30.0,201.0,0.34284481391384825
22581,"<a href=""statss.aspx?playerid=22581&position=C"">Alejandro Kirk</a>",22.0,46.0,0.3442824819813604
5000,"<a href=""statss.aspx?playerid=5000&position=C"">Stephen Vogt</a>",36.0,132.0,0.29511496765922957
12434,"<a href=""statss.aspx?playerid=12434&position=OF"">Kevin Pillar</a>",32.0,180.0,0.2923803746700287
20332,"<a href=""statss.aspx?playerid=20332&position=OF"">Luis Gonzalez</a>",25.0,11.0,0.414403882893649
12858,"<a href=""statss.aspx?playerid=12858&position=OF"">Brian Goodwin</a>",30.0,61.0,0.35048890312512715
21635,"<a href=""statss.aspx?playerid=21635&position=2B/3B"">Nick Maton</a>",24.0,125.0,0.3161836938858032
4892,"<a href=""statss.aspx?playerid=4892&position=3B"">Mike Moustakas</a>",32.0,104.0,0.3319945621948976
10199,"<a href=""statss.aspx?playerid=10199&position=OF"">Billy Hamilton</a>",30.0,76.0,0.27002062185390574
13546,"<a href=""statss.aspx?playerid=13546&position=OF"">Roman Quinn</a>",28.0,62.0,0.2750412235336919
4866,"<a href=""statss.aspx?playerid=4866&position=OF"">Jarrod Dyson</a>",36.0,73.0,0.281536449009264
18373,"<a href=""statss.aspx?playerid=18373&position=1B"">Ryan Mountcastle</a>",24.0,298.0,0.32609982038504326
19361,"<a href=""statss.aspx?playerid=19361&position=P"">Corbin Burnes</a>",26.0,25.0,0.2407795712351799
19901,"<a href=""statss.aspx?playerid=19901&position=DH/OF"">Gavin Sheets</a>",25.0,8.0,0.6257844716310501
16977,"<a href=""statss.aspx?playerid=16977&position=P"">Trevor Williams</a>",29.0,15.0,0.30056698833193096
13145,"<a href=""statss.aspx?playerid=13145&position=1B/DH"">Josh Bell</a>",28.0,233.0,0.3160726597596859
16953,"<a href=""statss.aspx?playerid=16953&position=C"">Chadwick Tromp</a>",26.0,9.0,0.5159649517801073
16725,"<a href=""statss.aspx?playerid=16725&position=C"">Jose Trevino</a>",28.0,174.0,0.23839373886585236
19252,"<a href=""statss.aspx?playerid=19252&position=2B"">Cavan Biggio</a>",26.0,219.0,0.32063034329303475
19238,"<a href=""statss.aspx?playerid=19238&position=OF"">Lourdes Gurriel Jr.</a>",27.0,278.0,0.30099485561735795
18525,"<a href=""statss.aspx?playerid=18525&position=P"">Dylan Cease</a>",25.0,6.0,0.4999595284461975
8779,"<a href=""statss.aspx?playerid=8779&position=P"">Wade Miley</a>",34.0,26.0,0.2236548376083374
19316,"<a href=""statss.aspx?playerid=19316&position=P"">Eric Lauer</a>",26.0,13.0,0.2998039060168796
5524,"<a href=""statss.aspx?playerid=5524&position=P"">Madison Bumgarner</a>",31.0,27.0,0.2403168832814252
16376,"<a href=""statss.aspx?playerid=16376&position=OF"">Michael Conforto</a>",28.0,168.0,0.29757232822123025
11200,"<a href=""statss.aspx?playerid=11200&position=OF"">Kole Calhoun</a>",33.0,51.0,0.3475416536424674
18142,"<a href=""statss.aspx?playerid=18142&position=C"">Patrick Mazeika</a>",27.0,27.0,0.3354478058991609
15873,"<a href=""statss.aspx?playerid=15873&position=P"">Sean Manaea</a>",29.0,2.0,1.060350924730301
16947,"<a href=""statss.aspx?playerid=16947&position=OF"">Derek Hill</a>",25.0,17.0,0.3289041729534374
15038,"<a href=""statss.aspx?playerid=15038&position=P"">German Marquez</a>",26.0,34.0,0.21207018494606017
20352,"<a href=""statss.aspx?playerid=20352&position=2B/3B"">Ernie Clement</a>",25.0,26.0,0.3049856722354889
19960,"<a href=""statss.aspx?playerid=19960&position=OF"">Taylor Trammell</a>",23.0,169.0,0.28004485011814595
19346,"<a href=""statss.aspx?playerid=19346&position=OF"">Eli White</a>",27.0,132.0,0.271888691367525
7476,"<a href=""statss.aspx?playerid=7476&position=C"">Alex Avila</a>",34.0,83.0,0.29175011979209053
9927,"<a href=""statss.aspx?playerid=9927&position=OF"">Brett Gardner</a>",37.0,205.0,0.2883978509784338
19844,"<a href=""statss.aspx?playerid=19844&position=2B/3B"">Abraham Toro</a>",24.0,56.0,0.3032876008323261
10310,"<a href=""statss.aspx?playerid=10310&position=P"">Zack Wheeler</a>",31.0,36.0,0.18180346488952637
12718,"<a href=""statss.aspx?playerid=12718&position=P"">Adrian Houser</a>",28.0,26.0,0.1956837010383606
11899,"<a href=""statss.aspx?playerid=11899&position=DH/OF"">Joc Pederson</a>",29.0,256.0,0.31529139657504857
23667,"<a href=""statss.aspx?playerid=23667&position=SS"">Wander Franco</a>",20.0,36.0,0.28397136595514083
2900,"<a href=""statss.aspx?playerid=2900&position=C"">Roberto Perez</a>",32.0,73.0,0.26175668713164657
15482,"<a href=""statss.aspx?playerid=15482&position=OF"">Aristides Aquino</a>",27.0,35.0,0.35946840924375195
15351,"<a href=""statss.aspx?playerid=15351&position=1B"">Frank Schwindel</a>",29.0,2.0,1.003259301185608
18171,"<a href=""statss.aspx?playerid=18171&position=1B/OF"">Seth Brown</a>",28.0,166.0,0.2803497350577152
6887,"<a href=""statss.aspx?playerid=6887&position=C"">Martin Maldonado</a>",34.0,223.0,0.25502170094460114
12775,"<a href=""statss.aspx?playerid=12775&position=SS"">Brad Miller</a>",31.0,159.0,0.3140731431116724
7739,"<a href=""statss.aspx?playerid=7739&position=C"">Travis d'Arnaud</a>",32.0,87.0,0.25626613079816446
10131,"<a href=""statss.aspx?playerid=10131&position=P"">Stephen Strasburg</a>",32.0,7.0,0.3222271800041199
19388,"<a href=""statss.aspx?playerid=19388&position=P"">Tony Gonsolin</a>",27.0,5.0,0.38667261600494385
18353,"<a href=""statss.aspx?playerid=18353&position=OF"">Daz Cameron</a>",24.0,54.0,0.3063712407041479
21558,"<a href=""statss.aspx?playerid=21558&position=OF"">Matt Vierling</a>",24.0,6.0,0.4395276606082916
22487,"<a href=""statss.aspx?playerid=22487&position=P"">Johan Oviedo</a>",23.0,14.0,0.22439598185675486
19348,"<a href=""statss.aspx?playerid=19348&position=OF"">DJ Peters</a>",25.0,34.0,0.30049295028050743
15047,"<a href=""statss.aspx?playerid=15047&position=P"">Austin Voth</a>",29.0,3.0,0.5336625973383585
5486,"<a href=""statss.aspx?playerid=5486&position=OF"">Abraham Almonte</a>",32.0,99.0,0.3453525003760752
15423,"<a href=""statss.aspx?playerid=15423&position=P"">Andrew Heaney</a>",30.0,3.0,0.523590624332428
5409,"<a href=""statss.aspx?playerid=5409&position=3B"">Pablo Sandoval</a>",34.0,72.0,0.31826624522606534
4153,"<a href=""statss.aspx?playerid=4153&position=P"">Jake Arrieta</a>",35.0,23.0,0.1839750579425267
17034,"<a href=""statss.aspx?playerid=17034&position=P"">Sean Reid-Foley</a>",25.0,2.0,0.6917165517807007
12664,"<a href=""statss.aspx?playerid=12664&position=P"">Jerad Eickhoff</a>",30.0,4.0,0.4395276606082916
12779,"<a href=""statss.aspx?playerid=12779&position=3B"">Andy Burns</a>",30.0,15.0,0.3864559531211853
17423,"<a href=""statss.aspx?playerid=17423&position=DH"">Yermin Mercedes</a>",28.0,262.0,0.3174238691384765
15689,"<a href=""statss.aspx?playerid=15689&position=P"">Luis Castillo</a>",28.0,26.0,0.18427567861296915
13183,"<a href=""statss.aspx?playerid=13183&position=P"">Zach Davies</a>",28.0,25.0,0.18506427815085963
16909,"<a href=""statss.aspx?playerid=16909&position=1B/3B"">Colin Moran</a>",28.0,174.0,0.3309166941834592
19521,"<a href=""statss.aspx?playerid=19521&position=2B"">Andy Young</a>",27.0,44.0,0.3791006288745187
17750,"<a href=""statss.aspx?playerid=17750&position=OF"">Max Schrock</a>",26.0,31.0,0.3428490065759228
4940,"<a href=""statss.aspx?playerid=4940&position=OF"">Jason Heyward</a>",31.0,203.0,0.27553498568793233
18083,"<a href=""statss.aspx?playerid=18083&position=C"">Austin Allen</a>",27.0,6.0,0.3344197670618693
19665,"<a href=""statss.aspx?playerid=19665&position=P"">Kyle Wright</a>",25.0,3.0,0.41388217608133954
14107,"<a href=""statss.aspx?playerid=14107&position=P"">Kevin Gausman</a>",30.0,31.0,0.16278802244751542
16530,"<a href=""statss.aspx?playerid=16530&position=OF"">Mauricio Dubon</a>",26.0,169.0,0.27289061988899094
19291,"<a href=""statss.aspx?playerid=19291&position=P"">Zac Gallen</a>",25.0,16.0,0.188448245708759
13910,"<a href=""statss.aspx?playerid=13910&position=OF"">Patrick Kivlehan</a>",31.0,8.0,0.37305261194705963
20275,"<a href=""statss.aspx?playerid=20275&position=2B/3B/SS"">Jonathan Arauz</a>",22.0,10.0,0.35041349530220034
3648,"<a href=""statss.aspx?playerid=3648&position=C"">Rene Rivera</a>",37.0,63.0,0.3043203006188075
1157,"<a href=""statss.aspx?playerid=1157&position=P"">Tommy Hunter</a>",34.0,1.0,0.8790553212165833
4579,"<a href=""statss.aspx?playerid=4579&position=2B/SS"">Starlin Castro</a>",31.0,302.0,0.28320189112444655
14663,"<a href=""statss.aspx?playerid=14663&position=P"">Chi Chi Gonzalez</a>",29.0,25.0,0.198718654072803
15878,"<a href=""statss.aspx?playerid=15878&position=3B/DH/OF"">Miguel Andujar</a>",26.0,151.0,0.2924854854084798
16933,"<a href=""statss.aspx?playerid=16933&position=P"">Elieser Hernandez</a>",26.0,5.0,0.29301844040552777
13074,"<a href=""statss.aspx?playerid=13074&position=P"">Yu Darvish</a>",34.0,32.0,0.1551042553037405
23796,"<a href=""statss.aspx?playerid=23796&position=P"">Ryan Weathers</a>",21.0,15.0,0.17581106424331666
16192,"<a href=""statss.aspx?playerid=16192&position=OF"">Derek Fisher</a>",27.0,8.0,0.30587922781705856
12371,"<a href=""statss.aspx?playerid=12371&position=2B/3B"">Tommy La Stella</a>",32.0,75.0,0.2853965477363483
8879,"<a href=""statss.aspx?playerid=8879&position=C"">Ryan Lavarnway</a>",33.0,12.0,0.3076228102048238
5913,"<a href=""statss.aspx?playerid=5913&position=OF"">Leury Garcia</a>",30.0,233.0,0.2779845401906131
19268,"<a href=""statss.aspx?playerid=19268&position=P"">Justin Dunn</a>",25.0,3.0,0.41388217608133954
15474,"<a href=""statss.aspx?playerid=15474&position=P"">Lucas Giolito</a>",26.0,2.0,0.4395276606082916
21614,"<a href=""statss.aspx?playerid=21614&position=OF"">Kyle Isbel</a>",24.0,36.0,0.27732928262816536
17642,"<a href=""statss.aspx?playerid=17642&position=SS"">JT Riddle</a>",29.0,6.0,0.29301844040552777
15440,"<a href=""statss.aspx?playerid=15440&position=P"">Matthew Boyd</a>",30.0,3.0,0.34585827589035034
19409,"<a href=""statss.aspx?playerid=19409&position=P"">Dane Dunning</a>",26.0,4.0,0.29301844040552777
16918,"<a href=""statss.aspx?playerid=16918&position=P"">Luke Weaver</a>",27.0,14.0,0.17498765672956193
5358,"<a href=""statss.aspx?playerid=5358&position=P"">Jose Alvarez</a>",32.0,3.0,0.34585827589035034
27458,"<a href=""statss.aspx?playerid=27458&position=P"">Kwang-hyun Kim</a>",32.0,18.0,0.1672137835446526
17285,"<a href=""statss.aspx?playerid=17285&position=P"">Justus Sheffield</a>",25.0,2.0,0.4395276606082916
19312,"<a href=""statss.aspx?playerid=19312&position=P"">Cal Quantrill</a>",26.0,2.0,0.4395276606082916
18000,"<a href=""statss.aspx?playerid=18000&position=P"">Triston McKenzie</a>",23.0,2.0,0.4395276606082916
25385,"<a href=""statss.aspx?playerid=25385&position=P"">Drew Rasmussen</a>",25.0,2.0,0.4395276606082916
17585,"<a href=""statss.aspx?playerid=17585&position=P"">Jordan Yamamoto</a>",25.0,2.0,0.4395276606082916
23252,"<a href=""statss.aspx?playerid=23252&position=P"">Spencer Howard</a>",24.0,6.0,0.2483293056488037
20191,"<a href=""statss.aspx?playerid=20191&position=P"">Garrett Whitlock</a>",25.0,2.0,0.4395276606082916
17578,"<a href=""statss.aspx?playerid=17578&position=P"">JT Brubaker</a>",27.0,26.0,0.16082396268844604
16442,"<a href=""statss.aspx?playerid=16442&position=1B"">Ryan O'Hearn</a>",27.0,94.0,0.3109941932749241
9345,"<a href=""statss.aspx?playerid=9345&position=2B/3B/OF"">Brock Holt</a>",33.0,145.0,0.27754345145718806
19477,"<a href=""statss.aspx?playerid=19477&position=2B"">Alex De Goti</a>",26.0,7.0,0.34997531345912386
9784,"<a href=""statss.aspx?playerid=9784&position=P"">Garrett Richards</a>",33.0,5.0,0.2483293056488037
19309,"<a href=""statss.aspx?playerid=19309&position=P"">Trevor Richards</a>",28.0,1.0,0.6917165517807007
19447,"<a href=""statss.aspx?playerid=19447&position=P"">Patrick Sandoval</a>",24.0,3.0,0.29301844040552777
15971,"<a href=""statss.aspx?playerid=15971&position=2B/3B"">Ivan Castillo</a>",26.0,4.0,0.392692968249321
20263,"<a href=""statss.aspx?playerid=20263&position=C"">Mario Feliciano</a>",22.0,1.0,0.6917165517807007
19151,"<a href=""statss.aspx?playerid=19151&position=OF"">Estevan Florial</a>",23.0,3.0,0.41388217608133954
4806,"<a href=""statss.aspx?playerid=4806&position=P"">Rich Hill</a>",41.0,3.0,0.29301844040552777
20339,"<a href=""statss.aspx?playerid=20339&position=P"">Matt Peacock</a>",27.0,10.0,0.17581106424331666
8553,"<a href=""statss.aspx?playerid=8553&position=OF"">Gerardo Parra</a>",34.0,20.0,0.33761500418186186
16446,"<a href=""statss.aspx?playerid=16446&position=OF"">Johneshwy Fargas</a>",26.0,22.0,0.3357632727850051
15502,"<a href=""statss.aspx?playerid=15502&position=P"">Kohl Stewart</a>",26.0,3.0,0.29301844040552777
17611,"<a href=""statss.aspx?playerid=17611&position=P"">Taylor Clarke</a>",28.0,3.0,0.29301844040552777
7274,"<a href=""statss.aspx?playerid=7274&position=P"">Craig Stammen</a>",37.0,5.0,0.2197638303041458
2859,"<a href=""statss.aspx?playerid=2859&position=P"">Ross Detwiler</a>",35.0,2.0,0.4395276606082916
19926,"<a href=""statss.aspx?playerid=19926&position=P"">Tony Santillan</a>",24.0,7.0,0.20694108804066977
12861,"<a href=""statss.aspx?playerid=12861&position=3B"">Anthony Rendon</a>",31.0,236.0,0.2999910793752752
19479,"<a href=""statss.aspx?playerid=19479&position=P"">Aaron Civale</a>",26.0,2.0,0.34585827589035034
19795,"<a href=""statss.aspx?playerid=19795&position=P"">Keegan Thompson</a>",26.0,5.0,0.2197638303041458
12981,"<a href=""statss.aspx?playerid=12981&position=C"">Cam Gallagher</a>",28.0,57.0,0.21074336875568736
19600,"<a href=""statss.aspx?playerid=19600&position=OF"">Bryan De La Cruz</a>",24.0,4.0,0.392692968249321
13499,"<a href=""statss.aspx?playerid=13499&position=C"">Tom Murphy</a>",30.0,172.0,0.26996001881711623
15463,"<a href=""statss.aspx?playerid=15463&position=P"">Jose De Leon</a>",28.0,5.0,0.2197638303041458
19244,"<a href=""statss.aspx?playerid=19244&position=P"">Cole Irvin</a>",27.0,7.0,0.17581106424331666
12917,"<a href=""statss.aspx?playerid=12917&position=P"">Dylan Bundy</a>",28.0,4.0,0.2197638303041458
5297,"<a href=""statss.aspx?playerid=5297&position=OF"">Aaron Hicks</a>",31.0,126.0,0.27925146950615776
19884,"<a href=""statss.aspx?playerid=19884&position=P"">Corbin Martin</a>",25.0,4.0,0.2197638303041458
16094,"<a href=""statss.aspx?playerid=16094&position=P"">Zach Thompson</a>",27.0,4.0,0.2197638303041458
16729,"<a href=""statss.aspx?playerid=16729&position=OF"">Brian O'Grady</a>",29.0,44.0,0.270694607912108
19546,"<a href=""statss.aspx?playerid=19546&position=P"">Jon Duplantier</a>",26.0,3.0,0.2406441569328308
9132,"<a href=""statss.aspx?playerid=9132&position=P"">Nathan Eovaldi</a>",31.0,3.0,0.23057218392690024
19615,"<a href=""statss.aspx?playerid=19615&position=OF"">Luis Barrera</a>",25.0,5.0,0.17581106424331666
19890,"<a href=""statss.aspx?playerid=19890&position=3B"">Emmanuel Rivera</a>",25.0,5.0,0.3516221284866333
12155,"<a href=""statss.aspx?playerid=12155&position=OF"">Eddie Rosario</a>",29.0,296.0,0.2871573614019926
17432,"<a href=""statss.aspx?playerid=17432&position=P"">Jeff Hoffman</a>",28.0,13.0,0.14650922020276388
18684,"<a href=""statss.aspx?playerid=18684&position=P"">Sandy Alcantara</a>",25.0,34.0,0.14464070516474106
20631,"<a href=""statss.aspx?playerid=20631&position=P"">Jordan Holloway</a>",25.0,5.0,0.17581106424331666
15036,"<a href=""statss.aspx?playerid=15036&position=P"">Chase De Jong</a>",27.0,10.0,0.15520581603050232
19610,"<a href=""statss.aspx?playerid=19610&position=C"">Keibert Ruiz</a>",22.0,7.0,0.2866455146244594
9388,"<a href=""statss.aspx?playerid=9388&position=P"">Josh Tomlin</a>",36.0,3.0,0.23057218392690024
16233,"<a href=""statss.aspx?playerid=16233&position=P"">Tejay Antone</a>",27.0,5.0,0.17292913794517517
11346,"<a href=""statss.aspx?playerid=11346&position=P"">Seth Frankoff</a>",32.0,4.0,0.17292913794517517
20167,"<a href=""statss.aspx?playerid=20167&position=P"">Kyle Muller</a>",23.0,4.0,0.17292913794517517
19896,"<a href=""statss.aspx?playerid=19896&position=C"">Connor Wong</a>",25.0,3.0,0.29301844040552777
13355,"<a href=""statss.aspx?playerid=13355&position=C"">Luke Maile</a>",30.0,22.0,0.27200809392062103
13012,"<a href=""statss.aspx?playerid=13012&position=OF"">John Andreoli</a>",31.0,7.0,0.27619472571781706
6547,"<a href=""statss.aspx?playerid=6547&position=SS"">Jordy Mercer</a>",34.0,77.0,0.28875434011607976
18288,"<a href=""statss.aspx?playerid=18288&position=OF"">Austin Dean</a>",27.0,34.0,0.3113400112180149
18674,"<a href=""statss.aspx?playerid=18674&position=P"">Jake Woodford</a>",24.0,6.0,0.14650922020276388
5227,"<a href=""statss.aspx?playerid=5227&position=OF"">Jon Jay</a>",36.0,14.0,0.31394832900592257
19958,"<a href=""statss.aspx?playerid=19958&position=3B"">Carter Kieboom</a>",23.0,2.0,0.34585827589035034
19800,"<a href=""statss.aspx?playerid=19800&position=P"">Wil Crowe</a>",26.0,14.0,0.14279744299975308
7870,"<a href=""statss.aspx?playerid=7870&position=C"">Jonathan Lucroy</a>",35.0,14.0,0.33984770093645367
19818,"<a href=""statss.aspx?playerid=19818&position=OF"">Joshua Palacios</a>",25.0,35.0,0.2844824072192697
18,"<a href=""statss.aspx?playerid=18&position=P"">Neftali Feliz</a>",33.0,0.0,0.0
1246,"<a href=""statss.aspx?playerid=1246&position=P"">Matt Bush</a>",35.0,0.0,0.0
1247,"<a href=""statss.aspx?playerid=1247&position=P"">Adam Ottavino</a>",35.0,0.0,0.0
1514,"<a href=""statss.aspx?playerid=1514&position=P"">Oliver Perez</a>",39.0,0.0,0.0
1581,"<a href=""statss.aspx?playerid=1581&position=P"">Sean Doolittle</a>",34.0,0.0,0.0
1943,"<a href=""statss.aspx?playerid=1943&position=P"">Zack Greinke</a>",37.0,0.0,0.0
2429,"<a href=""statss.aspx?playerid=2429&position=P"">Corey Kluber</a>",35.0,0.0,0.0
2520,"<a href=""statss.aspx?playerid=2520&position=P"">Lance Lynn</a>",34.0,0.0,0.0
2882,"<a href=""statss.aspx?playerid=2882&position=P"">Luis Avilan</a>",31.0,0.0,0.0
3192,"<a href=""statss.aspx?playerid=3192&position=P"">Will Harris</a>",36.0,0.0,0.0
3200,"<a href=""statss.aspx?playerid=3200&position=P"">Ervin Santana</a>",38.0,0.0,0.0
3240,"<a href=""statss.aspx?playerid=3240&position=P"">Zack Britton</a>",33.0,0.0,0.0
3281,"<a href=""statss.aspx?playerid=3281&position=P"">Joe Smith</a>",37.0,0.0,0.0
3321,"<a href=""statss.aspx?playerid=3321&position=P"">Darren O'Day</a>",38.0,0.0,0.0
3542,"<a href=""statss.aspx?playerid=3542&position=P"">Danny Duffy</a>",32.0,0.0,0.0
3548,"<a href=""statss.aspx?playerid=3548&position=P"">Liam Hendriks</a>",32.0,0.0,0.0
4020,"<a href=""statss.aspx?playerid=4020&position=P"">Yusmeiro Petit</a>",36.0,0.0,0.0
4026,"<a href=""statss.aspx?playerid=4026&position=P"">Hector Santiago</a>",33.0,0.0,0.0
4070,"<a href=""statss.aspx?playerid=4070&position=P"">Pedro Strop</a>",36.0,0.0,0.0
4141,"<a href=""statss.aspx?playerid=4141&position=P"">Derek Holland</a>",34.0,0.0,0.0
4185,"<a href=""statss.aspx?playerid=4185&position=P"">Rafael Dolis</a>",33.0,0.0,0.0
4264,"<a href=""statss.aspx?playerid=4264&position=P"">Mark Melancon</a>",36.0,0.0,0.0
4301,"<a href=""statss.aspx?playerid=4301&position=P"">Justin Wilson</a>",33.0,0.0,0.0
4338,"<a href=""statss.aspx?playerid=4338&position=P"">Tyler Chatwood</a>",31.0,0.0,0.0
4776,"<a href=""statss.aspx?playerid=4776&position=P"">Matt Shoemaker</a>",34.0,0.0,0.0
5114,"<a href=""statss.aspx?playerid=5114&position=P"">Jeurys Familia</a>",31.0,0.0,0.0
5224,"<a href=""statss.aspx?playerid=5224&position=P"">Blake Parker</a>",36.0,0.0,0.0
5702,"<a href=""statss.aspx?playerid=5702&position=P"">Junior Guerra</a>",36.0,0.0,0.0
6216,"<a href=""statss.aspx?playerid=6216&position=P"">Dellin Betances</a>",33.0,0.0,0.0
6316,"<a href=""statss.aspx?playerid=6316&position=P"">David Phelps</a>",34.0,0.0,0.0
6345,"<a href=""statss.aspx?playerid=6345&position=P"">Chris Archer</a>",32.0,0.0,0.0
6397,"<a href=""statss.aspx?playerid=6397&position=P"">Jake Odorizzi</a>",31.0,0.0,0.0
6398,"<a href=""statss.aspx?playerid=6398&position=P"">Trevor May</a>",31.0,0.0,0.0
6399,"<a href=""statss.aspx?playerid=6399&position=P"">Jose Cisnero</a>",32.0,0.0,0.0
6483,"<a href=""statss.aspx?playerid=6483&position=P"">Steve Cishek</a>",35.0,0.0,0.0
6627,"<a href=""statss.aspx?playerid=6627&position=P"">Brad Brach</a>",35.0,0.0,0.0
6661,"<a href=""statss.aspx?playerid=6661&position=P"">Alex Colome</a>",32.0,0.0,0.0
6785,"<a href=""statss.aspx?playerid=6785&position=P"">Andrew Miller</a>",36.0,0.0,0.0
6797,"<a href=""statss.aspx?playerid=6797&position=P"">Julio Teheran</a>",30.0,0.0,0.0
6941,"<a href=""statss.aspx?playerid=6941&position=P"">Joakim Soria</a>",37.0,0.0,0.0
6986,"<a href=""statss.aspx?playerid=6986&position=P"">Ian Kennedy</a>",36.0,0.0,0.0
7005,"<a href=""statss.aspx?playerid=7005&position=P"">Ryan Pressly</a>",32.0,0.0,0.0
7115,"<a href=""statss.aspx?playerid=7115&position=P"">Daniel Bard</a>",36.0,0.0,0.0
7146,"<a href=""statss.aspx?playerid=7146&position=P"">Daniel Hudson</a>",34.0,0.0,0.0
7196,"<a href=""statss.aspx?playerid=7196&position=P"">Greg Holland</a>",35.0,0.0,0.0
7410,"<a href=""statss.aspx?playerid=7410&position=P"">J.A. Happ</a>",38.0,0.0,0.0
7441,"<a href=""statss.aspx?playerid=7441&position=P"">Wade Davis</a>",35.0,0.0,0.0
7466,"<a href=""statss.aspx?playerid=7466&position=P"">Anthony Swarzak</a>",35.0,0.0,0.0
7531,"<a href=""statss.aspx?playerid=7531&position=P"">Collin McHugh</a>",34.0,0.0,0.0
7550,"<a href=""statss.aspx?playerid=7550&position=P"">Jake McGee</a>",34.0,0.0,0.0
7608,"<a href=""statss.aspx?playerid=7608&position=P"">Tommy Milone</a>",34.0,0.0,0.0
7738,"<a href=""statss.aspx?playerid=7738&position=P"">Wily Peralta</a>",32.0,0.0,0.0
7754,"<a href=""statss.aspx?playerid=7754&position=P"">Mike Fiers</a>",36.0,0.0,0.0
7982,"<a href=""statss.aspx?playerid=7982&position=P"">Anthony Bass</a>",33.0,0.0,0.0
8048,"<a href=""statss.aspx?playerid=8048&position=P"">Will Smith</a>",31.0,0.0,0.0
8110,"<a href=""statss.aspx?playerid=8110&position=P"">Bryan Shaw</a>",33.0,0.0,0.0
8337,"<a href=""statss.aspx?playerid=8337&position=P"">Lucas Luetge</a>",34.0,0.0,0.0
8410,"<a href=""statss.aspx?playerid=8410&position=P"">Deolis Guerra</a>",32.0,0.0,0.0
8580,"<a href=""statss.aspx?playerid=8580&position=P"">Justin Miller</a>",34.0,0.0,0.0
8753,"<a href=""statss.aspx?playerid=8753&position=P"">Tanner Roark</a>",34.0,0.0,0.0
9013,"<a href=""statss.aspx?playerid=9013&position=P"">Cesar Valdez</a>",36.0,0.0,0.0
9111,"<a href=""statss.aspx?playerid=9111&position=P"">Brad Hand</a>",31.0,0.0,0.0
9178,"<a href=""statss.aspx?playerid=9178&position=P"">Kyle Lobstein</a>",31.0,0.0,0.0
9456,"<a href=""statss.aspx?playerid=9456&position=P"">Ryan Buchter</a>",34.0,0.0,0.0
9756,"<a href=""statss.aspx?playerid=9756&position=P"">David Hale</a>",33.0,0.0,0.0
9817,"<a href=""statss.aspx?playerid=9817&position=P"">Sergio Romo</a>",38.0,0.0,0.0
9866,"<a href=""statss.aspx?playerid=9866&position=P"">Chaz Roe</a>",34.0,0.0,0.0
9939,"<a href=""statss.aspx?playerid=9939&position=P"">Brandon Kintzler</a>",36.0,0.0,0.0
10058,"<a href=""statss.aspx?playerid=10058&position=P"">Tyler Matzek</a>",30.0,0.0,0.0
10061,"<a href=""statss.aspx?playerid=10061&position=P"">Brooks Raley</a>",33.0,0.0,0.0
10078,"<a href=""statss.aspx?playerid=10078&position=P"">Caleb Thielbar</a>",34.0,0.0,0.0
10133,"<a href=""statss.aspx?playerid=10133&position=P"">Brad Boxberger</a>",33.0,0.0,0.0
10160,"<a href=""statss.aspx?playerid=10160&position=P"">Ryan Weber</a>",30.0,0.0,0.0
10197,"<a href=""statss.aspx?playerid=10197&position=P"">Shelby Miller</a>",30.0,0.0,0.0
10218,"<a href=""statss.aspx?playerid=10218&position=P"">Aaron Northcraft</a>",31.0,0.0,0.0
10233,"<a href=""statss.aspx?playerid=10233&position=P"">Aroldis Chapman</a>",33.0,0.0,0.0
10291,"<a href=""statss.aspx?playerid=10291&position=P"">Ryan Tepera</a>",33.0,0.0,0.0
10341,"<a href=""statss.aspx?playerid=10341&position=P"">Juan Minaya</a>",30.0,0.0,0.0
10343,"<a href=""statss.aspx?playerid=10343&position=P"">Aaron Loup</a>",33.0,0.0,0.0
10430,"<a href=""statss.aspx?playerid=10430&position=P"">Mychal Givens</a>",31.0,0.0,0.0
10591,"<a href=""statss.aspx?playerid=10591&position=P"">Scott Alexander</a>",31.0,0.0,0.0
10756,"<a href=""statss.aspx?playerid=10756&position=P"">Shane Greene</a>",32.0,0.0,0.0
10843,"<a href=""statss.aspx?playerid=10843&position=P"">Adam Kolarek</a>",32.0,0.0,0.0
10855,"<a href=""statss.aspx?playerid=10855&position=P"">Chasen Shreve</a>",30.0,0.0,0.0
10983,"<a href=""statss.aspx?playerid=10983&position=P"">Ben Rowen</a>",32.0,0.0,0.0
11071,"<a href=""statss.aspx?playerid=11071&position=P"">Mickey Jannis</a>",33.0,0.0,0.0
11203,"<a href=""statss.aspx?playerid=11203&position=P"">Grant Dayton</a>",33.0,0.0,0.0
11209,"<a href=""statss.aspx?playerid=11209&position=P"">Casey Sadler</a>",30.0,0.0,0.0
11423,"<a href=""statss.aspx?playerid=11423&position=P"">Jose Quintana</a>",32.0,0.0,0.0
11426,"<a href=""statss.aspx?playerid=11426&position=P"">Drew Pomeranz</a>",32.0,0.0,0.0
11428,"<a href=""statss.aspx?playerid=11428&position=P"">Brandon Workman</a>",32.0,0.0,0.0
11437,"<a href=""statss.aspx?playerid=11437&position=P"">Jesse Biddle</a>",29.0,0.0,0.0
11467,"<a href=""statss.aspx?playerid=11467&position=P"">A.J. Cole</a>",29.0,0.0,0.0
11487,"<a href=""statss.aspx?playerid=11487&position=P"">Joely Rodriguez</a>",29.0,0.0,0.0
11528,"<a href=""statss.aspx?playerid=11528&position=P"">Josh Osich</a>",32.0,0.0,0.0
11589,"<a href=""statss.aspx?playerid=11589&position=P"">Jose Urena</a>",29.0,0.0,0.0
11618,"<a href=""statss.aspx?playerid=11618&position=P"">Mike Kickham</a>",32.0,0.0,0.0
11674,"<a href=""statss.aspx?playerid=11674&position=P"">Jameson Taillon</a>",29.0,0.0,0.0
11752,"<a href=""statss.aspx?playerid=11752&position=P"">Luke Jackson</a>",29.0,0.0,0.0
11801,"<a href=""statss.aspx?playerid=11801&position=P"">Hansel Robles</a>",30.0,0.0,0.0
11804,"<a href=""statss.aspx?playerid=11804&position=P"">Hector Neris</a>",32.0,0.0,0.0
11828,"<a href=""statss.aspx?playerid=11828&position=P"">James Paxton</a>",32.0,0.0,0.0
11847,"<a href=""statss.aspx?playerid=11847&position=P"">Chris Martin</a>",35.0,0.0,0.0
11861,"<a href=""statss.aspx?playerid=11861&position=P"">Jason Adam</a>",29.0,0.0,0.0
11903,"<a href=""statss.aspx?playerid=11903&position=P"">Michael Feliz</a>",28.0,0.0,0.0
12022,"<a href=""statss.aspx?playerid=12022&position=P"">Matt Andriese</a>",31.0,0.0,0.0
12095,"<a href=""statss.aspx?playerid=12095&position=P"">Yimi Garcia</a>",30.0,0.0,0.0
12178,"<a href=""statss.aspx?playerid=12178&position=P"">Domingo Tapia</a>",29.0,0.0,0.0
12249,"<a href=""statss.aspx?playerid=12249&position=P"">Ryan Sherriff</a>",31.0,0.0,0.0
12297,"<a href=""statss.aspx?playerid=12297&position=P"">Evan Marshall</a>",31.0,0.0,0.0
12323,"<a href=""statss.aspx?playerid=12323&position=P"">Jacob Barnes</a>",31.0,0.0,0.0
12361,"<a href=""statss.aspx?playerid=12361&position=P"">Spencer Patton</a>",33.0,0.0,0.0
12385,"<a href=""statss.aspx?playerid=12385&position=P"">Nick Tropeano</a>",30.0,0.0,0.0
12572,"<a href=""statss.aspx?playerid=12572&position=P"">Blake Treinen</a>",33.0,0.0,0.0
12580,"<a href=""statss.aspx?playerid=12580&position=P"">Adam Morgan</a>",31.0,0.0,0.0
12680,"<a href=""statss.aspx?playerid=12680&position=P"">Ryne Harper</a>",32.0,0.0,0.0
12760,"<a href=""statss.aspx?playerid=12760&position=P"">Rafael Montero</a>",30.0,0.0,0.0
12763,"<a href=""statss.aspx?playerid=12763&position=P"">Chris Devenski</a>",30.0,0.0,0.0
12777,"<a href=""statss.aspx?playerid=12777&position=P"">John Brebbia</a>",31.0,0.0,0.0
12784,"<a href=""statss.aspx?playerid=12784&position=P"">Burch Smith</a>",31.0,0.0,0.0
12800,"<a href=""statss.aspx?playerid=12800&position=P"">Noe Ramirez</a>",31.0,0.0,0.0
12828,"<a href=""statss.aspx?playerid=12828&position=P"">Andrew Kittredge</a>",31.0,0.0,0.0
12857,"<a href=""statss.aspx?playerid=12857&position=P"">Shawn Armstrong</a>",30.0,0.0,0.0
12863,"<a href=""statss.aspx?playerid=12863&position=P"">Matt Barnes</a>",31.0,0.0,0.0
12890,"<a href=""statss.aspx?playerid=12890&position=P"">Alex Claudio</a>",29.0,0.0,0.0
12988,"<a href=""statss.aspx?playerid=12988&position=P"">Andrew Chafin</a>",31.0,0.0,0.0
12997,"<a href=""statss.aspx?playerid=12997&position=P"">Colten Brewer</a>",28.0,0.0,0.0
13058,"<a href=""statss.aspx?playerid=13058&position=P"">Reymin Guduan</a>",29.0,0.0,0.0
13125,"<a href=""statss.aspx?playerid=13125&position=P"">Gerrit Cole</a>",30.0,0.0,0.0
13133,"<a href=""statss.aspx?playerid=13133&position=P"">Derek Law</a>",30.0,0.0,0.0
13182,"<a href=""statss.aspx?playerid=13182&position=P"">Kyle Crick</a>",28.0,0.0,0.0
13190,"<a href=""statss.aspx?playerid=13190&position=P"">Jordan Weems</a>",28.0,0.0,0.0
13218,"<a href=""statss.aspx?playerid=13218&position=P"">Michael Fulmer</a>",28.0,0.0,0.0
13259,"<a href=""statss.aspx?playerid=13259&position=P"">Louis Head</a>",31.0,0.0,0.0
13287,"<a href=""statss.aspx?playerid=13287&position=P"">Jesse Hahn</a>",31.0,0.0,0.0
13293,"<a href=""statss.aspx?playerid=13293&position=P"">Danny Coulombe</a>",31.0,0.0,0.0
13345,"<a href=""statss.aspx?playerid=13345&position=P"">Luis Cessa</a>",29.0,0.0,0.0
13360,"<a href=""statss.aspx?playerid=13360&position=P"">Cam Bedrosian</a>",29.0,0.0,0.0
13361,"<a href=""statss.aspx?playerid=13361&position=P"">Steven Matz</a>",30.0,0.0,0.0
13394,"<a href=""statss.aspx?playerid=13394&position=P"">Dylan Floro</a>",30.0,0.0,0.0
13403,"<a href=""statss.aspx?playerid=13403&position=P"">Felix Pena</a>",31.0,0.0,0.0
13435,"<a href=""statss.aspx?playerid=13435&position=P"">Pierce Johnson</a>",30.0,0.0,0.0
13449,"<a href=""statss.aspx?playerid=13449&position=P"">Taylor Rogers</a>",30.0,0.0,0.0
13475,"<a href=""statss.aspx?playerid=13475&position=P"">Daniel Norris</a>",28.0,0.0,0.0
13527,"<a href=""statss.aspx?playerid=13527&position=P"">Brandon Brennan</a>",29.0,0.0,0.0
13549,"<a href=""statss.aspx?playerid=13549&position=P"">Richard Rodriguez</a>",31.0,0.0,0.0
13580,"<a href=""statss.aspx?playerid=13580&position=P"">Steven Okert</a>",29.0,0.0,0.0
13594,"<a href=""statss.aspx?playerid=13594&position=P"">Robert Stephenson</a>",28.0,0.0,0.0
13606,"<a href=""statss.aspx?playerid=13606&position=P"">Shawn Morimando</a>",28.0,0.0,0.0
13607,"<a href=""statss.aspx?playerid=13607&position=P"">Carl Edwards Jr.</a>",29.0,0.0,0.0
13758,"<a href=""statss.aspx?playerid=13758&position=P"">Tyler Duffey</a>",30.0,0.0,0.0
13763,"<a href=""statss.aspx?playerid=13763&position=P"">Dominic Leone</a>",29.0,0.0,0.0
13767,"<a href=""statss.aspx?playerid=13767&position=P"">JT Chargois</a>",30.0,0.0,0.0
13801,"<a href=""statss.aspx?playerid=13801&position=P"">Austin Adams</a>",30.0,0.0,0.0
13892,"<a href=""statss.aspx?playerid=13892&position=P"">Paul Sewald</a>",31.0,0.0,0.0
14120,"<a href=""statss.aspx?playerid=14120&position=P"">Lance McCullers Jr.</a>",27.0,0.0,0.0
14151,"<a href=""statss.aspx?playerid=14151&position=P"">Chris Mazza</a>",31.0,0.0,0.0
14169,"<a href=""statss.aspx?playerid=14169&position=P"">Kyle Zimmer</a>",29.0,0.0,0.0
14212,"<a href=""statss.aspx?playerid=14212&position=P"">Josh Hader</a>",27.0,0.0,0.0
14295,"<a href=""statss.aspx?playerid=14295&position=P"">Wandy Peralta</a>",29.0,0.0,0.0
14332,"<a href=""statss.aspx?playerid=14332&position=P"">Joel Payamps</a>",27.0,0.0,0.0
14375,"<a href=""statss.aspx?playerid=14375&position=P"">Amir Garrett</a>",29.0,0.0,0.0
14506,"<a href=""statss.aspx?playerid=14506&position=P"">J.B. Wendelken</a>",28.0,0.0,0.0
14542,"<a href=""statss.aspx?playerid=14542&position=P"">Carlos Estevez</a>",28.0,0.0,0.0
14605,"<a href=""statss.aspx?playerid=14605&position=P"">James Hoyt</a>",34.0,0.0,0.0
14655,"<a href=""statss.aspx?playerid=14655&position=P"">Konner Wade</a>",29.0,0.0,0.0
14672,"<a href=""statss.aspx?playerid=14672&position=P"">Dillon Maples</a>",29.0,0.0,0.0
14678,"<a href=""statss.aspx?playerid=14678&position=2B/SS"">Tzu-Wei Lin</a>",27.0,0.0,0.0
14681,"<a href=""statss.aspx?playerid=14681&position=P"">Andres Machado</a>",28.0,0.0,0.0
14696,"<a href=""statss.aspx?playerid=14696&position=P"">Keone Kela</a>",28.0,0.0,0.0
14707,"<a href=""statss.aspx?playerid=14707&position=P"">Brady Lail</a>",27.0,0.0,0.0
14710,"<a href=""statss.aspx?playerid=14710&position=P"">Edwin Diaz</a>",27.0,0.0,0.0
14771,"<a href=""statss.aspx?playerid=14771&position=P"">Emilio Pagan</a>",30.0,0.0,0.0
14814,"<a href=""statss.aspx?playerid=14814&position=P"">Buck Farmer</a>",30.0,0.0,0.0
14857,"<a href=""statss.aspx?playerid=14857&position=P"">Joe Mantiply</a>",30.0,0.0,0.0
14899,"<a href=""statss.aspx?playerid=14899&position=P"">Taylor Williams</a>",29.0,0.0,0.0
14966,"<a href=""statss.aspx?playerid=14966&position=P"">Reyes Moronta</a>",28.0,0.0,0.0
14986,"<a href=""statss.aspx?playerid=14986&position=P"">Giovanny Gallegos</a>",29.0,0.0,0.0
14993,"<a href=""statss.aspx?playerid=14993&position=P"">Scott Barlow</a>",28.0,0.0,0.0
15007,"<a href=""statss.aspx?playerid=15007&position=P"">Yacksel Rios</a>",28.0,0.0,0.0
15009,"<a href=""statss.aspx?playerid=15009&position=P"">Kyle Finnegan</a>",29.0,0.0,0.0
15010,"<a href=""statss.aspx?playerid=15010&position=P"">Corey Knebel</a>",29.0,0.0,0.0
15015,"<a href=""statss.aspx?playerid=15015&position=P"">Alex Reyes</a>",26.0,0.0,0.0
15042,"<a href=""statss.aspx?playerid=15042&position=P"">Tim Mayza</a>",29.0,0.0,0.0
15043,"<a href=""statss.aspx?playerid=15043&position=P"">Lou Trivino</a>",29.0,0.0,0.0
15071,"<a href=""statss.aspx?playerid=15071&position=P"">Kyle McGowin</a>",29.0,0.0,0.0
15091,"<a href=""statss.aspx?playerid=15091&position=P"">Hunter Wood</a>",27.0,0.0,0.0
15101,"<a href=""statss.aspx?playerid=15101&position=P"">Luke Farrell</a>",30.0,0.0,0.0
15118,"<a href=""statss.aspx?playerid=15118&position=P"">Jimmie Sherfy</a>",29.0,0.0,0.0
15136,"<a href=""statss.aspx?playerid=15136&position=P"">Jake Newberry</a>",26.0,0.0,0.0
15139,"<a href=""statss.aspx?playerid=15139&position=P"">Ashton Goudeau</a>",28.0,0.0,0.0
15231,"<a href=""statss.aspx?playerid=15231&position=P"">Aaron Slegers</a>",28.0,0.0,0.0
15232,"<a href=""statss.aspx?playerid=15232&position=P"">Cody Reed</a>",28.0,0.0,0.0
15256,"<a href=""statss.aspx?playerid=15256&position=P"">Cole Sulser</a>",31.0,0.0,0.0
15264,"<a href=""statss.aspx?playerid=15264&position=P"">Keynan Middleton</a>",27.0,0.0,0.0
15451,"<a href=""statss.aspx?playerid=15451&position=P"">Mike Mayers</a>",29.0,0.0,0.0
15467,"<a href=""statss.aspx?playerid=15467&position=P"">Marco Gonzales</a>",29.0,0.0,0.0
15507,"<a href=""statss.aspx?playerid=15507&position=P"">Hunter Harvey</a>",26.0,0.0,0.0
15514,"<a href=""statss.aspx?playerid=15514&position=P"">Kendall Graveman</a>",30.0,0.0,0.0
15538,"<a href=""statss.aspx?playerid=15538&position=P"">Eric Yardley</a>",30.0,0.0,0.0
15541,"<a href=""statss.aspx?playerid=15541&position=P"">Tyler Rogers</a>",30.0,0.0,0.0
15552,"<a href=""statss.aspx?playerid=15552&position=P"">Chad Green</a>",30.0,0.0,0.0
15594,"<a href=""statss.aspx?playerid=15594&position=P"">Nick Wittgren</a>",30.0,0.0,0.0
15605,"<a href=""statss.aspx?playerid=15605&position=P"">Phillips Valdez</a>",29.0,0.0,0.0
15684,"<a href=""statss.aspx?playerid=15684&position=P"">Miguel Castro</a>",26.0,0.0,0.0
15734,"<a href=""statss.aspx?playerid=15734&position=P"">Brad Keller</a>",25.0,0.0,0.0
15761,"<a href=""statss.aspx?playerid=15761&position=P"">Joe Jimenez</a>",26.0,0.0,0.0
15816,"<a href=""statss.aspx?playerid=15816&position=P"">Devin Williams</a>",26.0,0.0,0.0
15832,"<a href=""statss.aspx?playerid=15832&position=P"">Paul Fry</a>",28.0,0.0,0.0
15846,"<a href=""statss.aspx?playerid=15846&position=P"">Adam Plutko</a>",29.0,0.0,0.0
15849,"<a href=""statss.aspx?playerid=15849&position=P"">Kent Emanuel</a>",29.0,0.0,0.0
15855,"<a href=""statss.aspx?playerid=15855&position=P"">Wander Suero</a>",29.0,0.0,0.0
15859,"<a href=""statss.aspx?playerid=15859&position=P"">Stephen Tarpley</a>",28.0,0.0,0.0
15906,"<a href=""statss.aspx?playerid=15906&position=P"">Lewis Thorpe</a>",25.0,0.0,0.0
15947,"<a href=""statss.aspx?playerid=15947&position=P"">Ryne Stanek</a>",29.0,0.0,0.0
15964,"<a href=""statss.aspx?playerid=15964&position=P"">Keury Mella</a>",27.0,0.0,0.0
16058,"<a href=""statss.aspx?playerid=16058&position=P"">Stefan Crichton</a>",29.0,0.0,0.0
16122,"<a href=""statss.aspx?playerid=16122&position=P"">Jordan Romano</a>",28.0,0.0,0.0
16137,"<a href=""statss.aspx?playerid=16137&position=P"">Carlos Rodon</a>",28.0,0.0,0.0
16207,"<a href=""statss.aspx?playerid=16207&position=P"">Spencer Turnbull</a>",28.0,0.0,0.0
16258,"<a href=""statss.aspx?playerid=16258&position=P"">Aaron Bummer</a>",27.0,0.0,0.0
16265,"<a href=""statss.aspx?playerid=16265&position=P"">Sam Howard</a>",28.0,0.0,0.0
16317,"<a href=""statss.aspx?playerid=16317&position=P"">Alex McRae</a>",28.0,0.0,0.0
16350,"<a href=""statss.aspx?playerid=16350&position=P"">Ryan Borucki</a>",27.0,0.0,0.0
16390,"<a href=""statss.aspx?playerid=16390&position=P"">Brad Wieck</a>",29.0,0.0,0.0
16408,"<a href=""statss.aspx?playerid=16408&position=P"">Victor Gonzalez</a>",25.0,0.0,0.0
16418,"<a href=""statss.aspx?playerid=16418&position=P"">Blake Taylor</a>",25.0,0.0,0.0
16440,"<a href=""statss.aspx?playerid=16440&position=P"">James Norwood</a>",27.0,0.0,0.0
16466,"<a href=""statss.aspx?playerid=16466&position=P"">Brent Honeywell</a>",26.0,0.0,0.0
16470,"<a href=""statss.aspx?playerid=16470&position=P"">Roel Ramirez</a>",26.0,0.0,0.0
16507,"<a href=""statss.aspx?playerid=16507&position=P"">Dan Altavilla</a>",28.0,0.0,0.0
16511,"<a href=""statss.aspx?playerid=16511&position=P"">Jordan Montgomery</a>",28.0,0.0,0.0
16587,"<a href=""statss.aspx?playerid=16587&position=P"">Erik Swanson</a>",27.0,0.0,0.0
16609,"<a href=""statss.aspx?playerid=16609&position=P"">Bryan Abreu</a>",24.0,0.0,0.0
16610,"<a href=""statss.aspx?playerid=16610&position=P"">J.P. Feyereisen</a>",28.0,0.0,0.0
16647,"<a href=""statss.aspx?playerid=16647&position=P"">Ryan Thompson</a>",29.0,0.0,0.0
16703,"<a href=""statss.aspx?playerid=16703&position=P"">Julian Merryweather</a>",29.0,0.0,0.0
16754,"<a href=""statss.aspx?playerid=16754&position=P"">Vinny Nittoli</a>",30.0,0.0,0.0
16814,"<a href=""statss.aspx?playerid=16814&position=P"">Tim Hill</a>",31.0,0.0,0.0
17002,"<a href=""statss.aspx?playerid=17002&position=P"">Trevor Hildenberger</a>",30.0,0.0,0.0
17092,"<a href=""statss.aspx?playerid=17092&position=P"">Domingo Acevedo</a>",27.0,0.0,0.0
17117,"<a href=""statss.aspx?playerid=17117&position=P"">Austin Davis</a>",28.0,0.0,0.0
17130,"<a href=""statss.aspx?playerid=17130&position=P"">Raisel Iglesias</a>",31.0,0.0,0.0
17181,"<a href=""statss.aspx?playerid=17181&position=P"">Yoan Lopez</a>",28.0,0.0,0.0
17237,"<a href=""statss.aspx?playerid=17237&position=P"">Austin Brice</a>",29.0,0.0,0.0
17264,"<a href=""statss.aspx?playerid=17264&position=P"">Sam Coonrod</a>",28.0,0.0,0.0
17282,"<a href=""statss.aspx?playerid=17282&position=P"">Michael Kopech</a>",25.0,0.0,0.0
17295,"<a href=""statss.aspx?playerid=17295&position=P"">Framber Valdez</a>",27.0,0.0,0.0
17355,"<a href=""statss.aspx?playerid=17355&position=P"">Edgar Santana</a>",29.0,0.0,0.0
17359,"<a href=""statss.aspx?playerid=17359&position=P"">Josh Taylor</a>",28.0,0.0,0.0
17369,"<a href=""statss.aspx?playerid=17369&position=P"">Brett Martin</a>",26.0,0.0,0.0
17485,"<a href=""statss.aspx?playerid=17485&position=P"">Albert Abreu</a>",25.0,0.0,0.0
17490,"<a href=""statss.aspx?playerid=17490&position=P"">Genesis Cabrera</a>",24.0,0.0,0.0
17496,"<a href=""statss.aspx?playerid=17496&position=P"">Diego Castillo</a>",27.0,0.0,0.0
17536,"<a href=""statss.aspx?playerid=17536&position=P"">Ryan Burr</a>",27.0,0.0,0.0
17586,"<a href=""statss.aspx?playerid=17586&position=P"">Tanner Scott</a>",26.0,0.0,0.0
17606,"<a href=""statss.aspx?playerid=17606&position=P"">Cristian Javier</a>",24.0,0.0,0.0
17610,"<a href=""statss.aspx?playerid=17610&position=P"">Tanner Rainey</a>",28.0,0.0,0.0
17639,"<a href=""statss.aspx?playerid=17639&position=P"">Justin Lawrence</a>",26.0,0.0,0.0
17677,"<a href=""statss.aspx?playerid=17677&position=P"">Jeffrey Springs</a>",28.0,0.0,0.0
17682,"<a href=""statss.aspx?playerid=17682&position=P"">Ralph Garza</a>",27.0,0.0,0.0
17722,"<a href=""statss.aspx?playerid=17722&position=P"">Trevor Megill</a>",27.0,0.0,0.0
17735,"<a href=""statss.aspx?playerid=17735&position=P"">Tyler Alexander</a>",26.0,0.0,0.0
17755,"<a href=""statss.aspx?playerid=17755&position=P"">Drew Smith</a>",27.0,0.0,0.0
17759,"<a href=""statss.aspx?playerid=17759&position=P"">Angel Perdomo</a>",27.0,0.0,0.0
17780,"<a href=""statss.aspx?playerid=17780&position=P"">Jose Alvarado</a>",26.0,0.0,0.0
17783,"<a href=""statss.aspx?playerid=17783&position=P"">Jake Brentz</a>",26.0,0.0,0.0
17792,"<a href=""statss.aspx?playerid=17792&position=P"">Patrick Weigel</a>",26.0,0.0,0.0
17796,"<a href=""statss.aspx?playerid=17796&position=P"">Dillon Tate</a>",27.0,0.0,0.0
17811,"<a href=""statss.aspx?playerid=17811&position=P"">Daniel Zamora</a>",28.0,0.0,0.0
17888,"<a href=""statss.aspx?playerid=17888&position=P"">Tayler Saucedo</a>",28.0,0.0,0.0
17948,"<a href=""statss.aspx?playerid=17948&position=P"">Trent Thornton</a>",27.0,0.0,0.0
17998,"<a href=""statss.aspx?playerid=17998&position=P"">Pete Fairbanks</a>",27.0,0.0,0.0
18088,"<a href=""statss.aspx?playerid=18088&position=P"">Cody Stashak</a>",27.0,0.0,0.0
18138,"<a href=""statss.aspx?playerid=18138&position=P"">Ryan Helsley</a>",26.0,0.0,0.0
18140,"<a href=""statss.aspx?playerid=18140&position=P"">Jay Flaa</a>",29.0,0.0,0.0
18152,"<a href=""statss.aspx?playerid=18152&position=P"">Anthony Misiewicz</a>",26.0,0.0,0.0
18251,"<a href=""statss.aspx?playerid=18251&position=P"">Art Warren</a>",28.0,0.0,0.0
18282,"<a href=""statss.aspx?playerid=18282&position=P"">Jarlin Garcia</a>",28.0,0.0,0.0
18297,"<a href=""statss.aspx?playerid=18297&position=P"">Tyler Kinley</a>",30.0,0.0,0.0
18325,"<a href=""statss.aspx?playerid=18325&position=P"">Taylor Hearn</a>",26.0,0.0,0.0
18335,"<a href=""statss.aspx?playerid=18335&position=P"">Josh Staumont</a>",27.0,0.0,0.0
18347,"<a href=""statss.aspx?playerid=18347&position=P"">Brandon Waddell</a>",27.0,0.0,0.0
18356,"<a href=""statss.aspx?playerid=18356&position=P"">Jaime Barria</a>",24.0,0.0,0.0
18361,"<a href=""statss.aspx?playerid=18361&position=P"">Thomas Eshelman</a>",27.0,0.0,0.0
18403,"<a href=""statss.aspx?playerid=18403&position=P"">Enyel De Los Santos</a>",25.0,0.0,0.0
18519,"<a href=""statss.aspx?playerid=18519&position=P"">Phil Bickford</a>",25.0,0.0,0.0
18581,"<a href=""statss.aspx?playerid=18581&position=P"">Travis Bergen</a>",27.0,0.0,0.0
18600,"<a href=""statss.aspx?playerid=18600&position=P"">Travis Lakins Sr.</a>",27.0,0.0,0.0
18655,"<a href=""statss.aspx?playerid=18655&position=P"">A.J. Minter</a>",27.0,0.0,0.0
18792,"<a href=""statss.aspx?playerid=18792&position=P"">Miguel Del Pozo</a>",28.0,0.0,0.0
18806,"<a href=""statss.aspx?playerid=18806&position=P"">Drew Steckenrider</a>",30.0,0.0,0.0
18873,"<a href=""statss.aspx?playerid=18873&position=P"">Beau Burrows</a>",24.0,0.0,0.0
18890,"<a href=""statss.aspx?playerid=18890&position=P"">Kyle Keller</a>",28.0,0.0,0.0
19159,"<a href=""statss.aspx?playerid=19159&position=P"">Zack Burdi</a>",26.0,0.0,0.0
19191,"<a href=""statss.aspx?playerid=19191&position=P"">Robert Dugger</a>",25.0,0.0,0.0
19199,"<a href=""statss.aspx?playerid=19199&position=P"">Conner Menez</a>",26.0,0.0,0.0
19200,"<a href=""statss.aspx?playerid=19200&position=P"">Jose Quijada</a>",25.0,0.0,0.0
19243,"<a href=""statss.aspx?playerid=19243&position=P"">Wes Benjamin</a>",27.0,0.0,0.0
19269,"<a href=""statss.aspx?playerid=19269&position=P"">T.J. Zeuch</a>",25.0,0.0,0.0
19337,"<a href=""statss.aspx?playerid=19337&position=P"">Richard Lovelady</a>",25.0,0.0,0.0
19343,"<a href=""statss.aspx?playerid=19343&position=P"">A.J. Puk</a>",26.0,0.0,0.0
19350,"<a href=""statss.aspx?playerid=19350&position=P"">Dean Kremer</a>",25.0,0.0,0.0
19362,"<a href=""statss.aspx?playerid=19362&position=P"">Keegan Akin</a>",26.0,0.0,0.0
19444,"<a href=""statss.aspx?playerid=19444&position=P"">Yohan Ramirez</a>",26.0,0.0,0.0
19453,"<a href=""statss.aspx?playerid=19453&position=P"">Shaun Anderson</a>",26.0,0.0,0.0
19456,"<a href=""statss.aspx?playerid=19456&position=P"">Kyle Funkhouser</a>",27.0,0.0,0.0
19457,"<a href=""statss.aspx?playerid=19457&position=P"">Bryan Garcia</a>",26.0,0.0,0.0
19459,"<a href=""statss.aspx?playerid=19459&position=P"">Jorge Alcala</a>",25.0,0.0,0.0
19480,"<a href=""statss.aspx?playerid=19480&position=P"">Ryan Hartman</a>",27.0,0.0,0.0
19487,"<a href=""statss.aspx?playerid=19487&position=P"">Devin Smeltzer</a>",25.0,0.0,0.0
19531,"<a href=""statss.aspx?playerid=19531&position=P"">Jason Foley</a>",25.0,0.0,0.0
19541,"<a href=""statss.aspx?playerid=19541&position=P"">Jimmy Lambert</a>",26.0,0.0,0.0
19558,"<a href=""statss.aspx?playerid=19558&position=P"">Geoff Hartlieb</a>",27.0,0.0,0.0
19561,"<a href=""statss.aspx?playerid=19561&position=P"">Bernardo Flores Jr.</a>",25.0,0.0,0.0
19569,"<a href=""statss.aspx?playerid=19569&position=P"">David Bednar</a>",26.0,0.0,0.0
19574,"<a href=""statss.aspx?playerid=19574&position=P"">JoJo Romero</a>",24.0,0.0,0.0
19618,"<a href=""statss.aspx?playerid=19618&position=P"">Jordan Hicks</a>",24.0,0.0,0.0
19634,"<a href=""statss.aspx?playerid=19634&position=C"">Jack Kruger</a>",26.0,0.0,0.0
19647,"<a href=""statss.aspx?playerid=19647&position=P"">Matt Foster</a>",26.0,0.0,0.0
19677,"<a href=""statss.aspx?playerid=19677&position=P"">Gregory Soto</a>",26.0,0.0,0.0
19682,"<a href=""statss.aspx?playerid=19682&position=P"">Jordan Sheffield</a>",26.0,0.0,0.0
19686,"<a href=""statss.aspx?playerid=19686&position=P"">Kyle Cody</a>",26.0,0.0,0.0
19712,"<a href=""statss.aspx?playerid=19712&position=P"">Patrick Murphy</a>",26.0,0.0,0.0
19731,"<a href=""statss.aspx?playerid=19731&position=P"">Kodi Whitley</a>",26.0,0.0,0.0
19742,"<a href=""statss.aspx?playerid=19742&position=P"">Anthony Bender</a>",26.0,0.0,0.0
19753,"<a href=""statss.aspx?playerid=19753&position=P"">Jonathan Loaisiga</a>",26.0,0.0,0.0
19769,"<a href=""statss.aspx?playerid=19769&position=P"">Will Vest</a>",26.0,0.0,0.0
19784,"<a href=""statss.aspx?playerid=19784&position=P"">Justin Garza</a>",27.0,0.0,0.0
19789,"<a href=""statss.aspx?playerid=19789&position=P"">Anthony Castro</a>",26.0,0.0,0.0
19845,"<a href=""statss.aspx?playerid=19845&position=P"">Alex Wells</a>",24.0,0.0,0.0
19848,"<a href=""statss.aspx?playerid=19848&position=P"">Darwinzon Hernandez</a>",24.0,0.0,0.0
19853,"<a href=""statss.aspx?playerid=19853&position=P"">Michael King</a>",26.0,0.0,0.0
19866,"<a href=""statss.aspx?playerid=19866&position=P"">Brandon Bielak</a>",25.0,0.0,0.0
19876,"<a href=""statss.aspx?playerid=19876&position=P"">Kevin Ginkel</a>",27.0,0.0,0.0
19879,"<a href=""statss.aspx?playerid=19879&position=P"">Tanner Houck</a>",25.0,0.0,0.0
19883,"<a href=""statss.aspx?playerid=19883&position=P"">Alex Lange</a>",25.0,0.0,0.0
19932,"<a href=""statss.aspx?playerid=19932&position=P"">Trevor Stephan</a>",25.0,0.0,0.0
19942,"<a href=""statss.aspx?playerid=19942&position=P"">Ljay Newsome</a>",24.0,0.0,0.0
19979,"<a href=""statss.aspx?playerid=19979&position=P"">Zach Plesac</a>",26.0,0.0,0.0
20000,"<a href=""statss.aspx?playerid=20000&position=P"">Tyler Wells</a>",26.0,0.0,0.0
20010,"<a href=""statss.aspx?playerid=20010&position=P"">Wyatt Mills</a>",26.0,0.0,0.0
20041,"<a href=""statss.aspx?playerid=20041&position=P"">Ronald Bolanos</a>",24.0,0.0,0.0
20151,"<a href=""statss.aspx?playerid=20151&position=P"">James Karinchak</a>",25.0,0.0,0.0
20153,"<a href=""statss.aspx?playerid=20153&position=P"">Nick Nelson</a>",25.0,0.0,0.0
20160,"<a href=""statss.aspx?playerid=20160&position=P"">Nate Pearson</a>",24.0,0.0,0.0
20177,"<a href=""statss.aspx?playerid=20177&position=P"">Ty Tice</a>",24.0,0.0,0.0
20198,"<a href=""statss.aspx?playerid=20198&position=P"">Ben Bowden</a>",26.0,0.0,0.0
20205,"<a href=""statss.aspx?playerid=20205&position=P"">Jeremy Beasley</a>",25.0,0.0,0.0
20218,"<a href=""statss.aspx?playerid=20218&position=P"">Yennsy Diaz</a>",24.0,0.0,0.0
20237,"<a href=""statss.aspx?playerid=20237&position=P"">Tyler Ivey</a>",25.0,0.0,0.0
20243,"<a href=""statss.aspx?playerid=20243&position=P"">Zac Lowther</a>",25.0,0.0,0.0
20253,"<a href=""statss.aspx?playerid=20253&position=P"">Griffin Jax</a>",26.0,0.0,0.0
20276,"<a href=""statss.aspx?playerid=20276&position=P"">Deivi Garcia</a>",22.0,0.0,0.0
20277,"<a href=""statss.aspx?playerid=20277&position=P"">Cory Abbott</a>",25.0,0.0,0.0
20329,"<a href=""statss.aspx?playerid=20329&position=P"">Andre Scrubb</a>",26.0,0.0,0.0
20367,"<a href=""statss.aspx?playerid=20367&position=P"">Brusdar Graterol</a>",22.0,0.0,0.0
20368,"<a href=""statss.aspx?playerid=20368&position=P"">Ramon Rosso</a>",25.0,0.0,0.0
20369,"<a href=""statss.aspx?playerid=20369&position=P"">Matt Manning</a>",23.0,0.0,0.0
20383,"<a href=""statss.aspx?playerid=20383&position=P"">Antonio Santos</a>",24.0,0.0,0.0
20385,"<a href=""statss.aspx?playerid=20385&position=P"">Isaac Mattson</a>",25.0,0.0,0.0
20387,"<a href=""statss.aspx?playerid=20387&position=P"">Anthony Kay</a>",26.0,0.0,0.0
20395,"<a href=""statss.aspx?playerid=20395&position=P"">Nick Margevicius</a>",25.0,0.0,0.0
20399,"<a href=""statss.aspx?playerid=20399&position=P"">Luis Madero</a>",24.0,0.0,0.0
20418,"<a href=""statss.aspx?playerid=20418&position=P"">Josh Fleming</a>",25.0,0.0,0.0
20447,"<a href=""statss.aspx?playerid=20447&position=P"">Enoli Paredes</a>",25.0,0.0,0.0
20476,"<a href=""statss.aspx?playerid=20476&position=P"">Peter Solomon</a>",24.0,0.0,0.0
20491,"<a href=""statss.aspx?playerid=20491&position=P"">J.B. Bukauskas</a>",24.0,0.0,0.0
20492,"<a href=""statss.aspx?playerid=20492&position=P"">Casey Mize</a>",24.0,0.0,0.0
20515,"<a href=""statss.aspx?playerid=20515&position=P"">Kyle Nelson</a>",24.0,0.0,0.0
20517,"<a href=""statss.aspx?playerid=20517&position=P"">Nick Sandlin</a>",24.0,0.0,0.0
20778,"<a href=""statss.aspx?playerid=20778&position=P"">Cristopher Sanchez</a>",24.0,0.0,0.0
20997,"<a href=""statss.aspx?playerid=20997&position=P"">Eduard Bazardo</a>",25.0,0.0,0.0
21032,"<a href=""statss.aspx?playerid=21032&position=P"">Emmanuel Clase</a>",23.0,0.0,0.0
21087,"<a href=""statss.aspx?playerid=21087&position=P"">Demarcus Evans</a>",24.0,0.0,0.0
21183,"<a href=""statss.aspx?playerid=21183&position=P"">Humberto Castellanos</a>",23.0,0.0,0.0
21189,"<a href=""statss.aspx?playerid=21189&position=P"">Brooks Kriske</a>",27.0,0.0,0.0
21205,"<a href=""statss.aspx?playerid=21205&position=P"">Connor Brogdon</a>",26.0,0.0,0.0
21224,"<a href=""statss.aspx?playerid=21224&position=P"">Bailey Ober</a>",25.0,0.0,0.0
21290,"<a href=""statss.aspx?playerid=21290&position=P"">Lucas Gilbreath</a>",25.0,0.0,0.0
21455,"<a href=""statss.aspx?playerid=21455&position=P"">Kris Bubic</a>",23.0,0.0,0.0
21483,"<a href=""statss.aspx?playerid=21483&position=P"">Shane McClanahan</a>",24.0,0.0,0.0
21537,"<a href=""statss.aspx?playerid=21537&position=P"">Daniel Lynch IV</a>",24.0,0.0,0.0
21549,"<a href=""statss.aspx?playerid=21549&position=P"">Jackson Kowar</a>",24.0,0.0,0.0
21620,"<a href=""statss.aspx?playerid=21620&position=P"">Jake Cousins</a>",26.0,0.0,0.0
21728,"<a href=""statss.aspx?playerid=21728&position=P"">Luis Oviedo</a>",22.0,0.0,0.0
21850,"<a href=""statss.aspx?playerid=21850&position=P"">Mason Thompson</a>",23.0,0.0,0.0
21894,"<a href=""statss.aspx?playerid=21894&position=P"">Gregory Santos</a>",21.0,0.0,0.0
21992,"<a href=""statss.aspx?playerid=21992&position=P"">Camilo Doval</a>",23.0,0.0,0.0
22036,"<a href=""statss.aspx?playerid=22036&position=P"">Angel Rondon</a>",23.0,0.0,0.0
22052,"<a href=""statss.aspx?playerid=22052&position=P"">Aaron Fletcher</a>",25.0,0.0,0.0
22218,"<a href=""statss.aspx?playerid=22218&position=P"">Mac Sceroler</a>",26.0,0.0,0.0
22250,"<a href=""statss.aspx?playerid=22250&position=P"">Logan Gilbert</a>",24.0,0.0,0.0
22267,"<a href=""statss.aspx?playerid=22267&position=P"">Tarik Skubal</a>",24.0,0.0,0.0
22296,"<a href=""statss.aspx?playerid=22296&position=P"">Joe Barlow</a>",25.0,0.0,0.0
22310,"<a href=""statss.aspx?playerid=22310&position=P"">Chris Rodriguez</a>",22.0,0.0,0.0
22449,"<a href=""statss.aspx?playerid=22449&position=P"">Nivaldo Rodriguez</a>",24.0,0.0,0.0
22713,"<a href=""statss.aspx?playerid=22713&position=P"">Carlos Hernandez</a>",24.0,0.0,0.0
22815,"<a href=""statss.aspx?playerid=22815&position=P"">Luis Patino</a>",21.0,0.0,0.0
23293,"<a href=""statss.aspx?playerid=23293&position=P"">Codi Heuer</a>",24.0,0.0,0.0
23550,"<a href=""statss.aspx?playerid=23550&position=P"">Aaron Ashby</a>",23.0,0.0,0.0
23592,"<a href=""statss.aspx?playerid=23592&position=P"">Brett de Geus</a>",23.0,0.0,0.0
23798,"<a href=""statss.aspx?playerid=23798&position=P"">Randy Dobnak</a>",26.0,0.0,0.0
24584,"<a href=""statss.aspx?playerid=24584&position=P"">Jonathan Stiever</a>",24.0,0.0,0.0
25377,"<a href=""statss.aspx?playerid=25377&position=P"">Brady Singer</a>",24.0,0.0,0.0
26410,"<a href=""statss.aspx?playerid=26410&position=P"">Alek Manoah</a>",23.0,0.0,0.0
27463,"<a href=""statss.aspx?playerid=27463&position=P"">Garrett Crochet</a>",22.0,0.0,0.0
27505,"<a href=""statss.aspx?playerid=27505&position=P"">Kohei Arihara</a>",28.0,0.0,0.0
27513,"<a href=""statss.aspx?playerid=27513&position=P"">Hyeon-jong Yang</a>",33.0,0.0,0.0
27515,"<a href=""statss.aspx?playerid=27515&position=P"">Hirokazu Sawamura</a>",33.0,0.0,0.0
18067,"<a href=""statss.aspx?playerid=18067&position=C"">Garrett Stubbs</a>",28.0,20.0,0.25391828020413715
17594,"<a href=""statss.aspx?playerid=17594&position=P"">Mitch Keller</a>",25.0,13.0,0.13523928018716666
18699,"<a href=""statss.aspx?playerid=18699&position=P"">Nick Neidert</a>",24.0,5.0,0.13834331035614014
13699,"<a href=""statss.aspx?playerid=13699&position=P"">Jake Faria</a>",27.0,1.0,0.0
26197,"<a href=""statss.aspx?playerid=26197&position=1B/OF"">Andrew Vaughn</a>",23.0,232.0,0.31141304918404283
19990,"<a href=""statss.aspx?playerid=19990&position=P"">Bryse Wilson</a>",23.0,12.0,0.13341564933458963
11189,"<a href=""statss.aspx?playerid=11189&position=P"">Vince Velasquez</a>",29.0,20.0,0.1361015107896593
17186,"<a href=""statss.aspx?playerid=17186&position=P"">Dinelson Lamet</a>",28.0,6.0,0.11528609196345012
13696,"<a href=""statss.aspx?playerid=13696&position=P"">Robert Gsellman</a>",27.0,6.0,0.11528609196345012
9323,"<a href=""statss.aspx?playerid=9323&position=P"">Patrick Corbin</a>",31.0,29.0,0.13315530061721803
19928,"<a href=""statss.aspx?playerid=19928&position=OF"">Ryan McKenna</a>",24.0,62.0,0.25101836746738804
5667,"<a href=""statss.aspx?playerid=5667&position=OF"">Steven Souza Jr.</a>",32.0,23.0,0.28517034779424255
15274,"<a href=""statss.aspx?playerid=15274&position=OF"">Mike Tauchman</a>",30.0,177.0,0.2663412202488292
5003,"<a href=""statss.aspx?playerid=5003&position=P"">Jake Diekman</a>",34.0,1.0,0.0
19959,"<a href=""statss.aspx?playerid=19959&position=P"">Jesus Luzardo</a>",23.0,1.0,0.0
14078,"<a href=""statss.aspx?playerid=14078&position=P"">Michael Wacha</a>",29.0,1.0,0.0
13896,"<a href=""statss.aspx?playerid=13896&position=P"">Chris Flexen</a>",26.0,1.0,0.0
18064,"<a href=""statss.aspx?playerid=18064&position=P"">Phil Maton</a>",28.0,1.0,0.0
18548,"<a href=""statss.aspx?playerid=18548&position=P"">Sam Hentges</a>",24.0,1.0,0.0
18555,"<a href=""statss.aspx?playerid=18555&position=P"">Logan Allen</a>",24.0,1.0,0.0
20617,"<a href=""statss.aspx?playerid=20617&position=P"">JC Mejia</a>",24.0,1.0,0.0
17149,"<a href=""statss.aspx?playerid=17149&position=P"">Domingo German</a>",28.0,1.0,0.0
17874,"<a href=""statss.aspx?playerid=17874&position=P"">Nestor Cortes</a>",26.0,1.0,0.0
21646,"<a href=""statss.aspx?playerid=21646&position=C"">Rafael Marchan</a>",22.0,19.0,0.286820229731108
14467,"<a href=""statss.aspx?playerid=14467&position=P"">Daniel Camarena</a>",28.0,1.0,0.0
20039,"<a href=""statss.aspx?playerid=20039&position=P"">Adrian Morejon</a>",22.0,1.0,0.0
12447,"<a href=""statss.aspx?playerid=12447&position=P"">Seth Lugo</a>",31.0,1.0,0.0
21065,"<a href=""statss.aspx?playerid=21065&position=P"">Thomas Szapucki</a>",25.0,1.0,0.0
18323,"<a href=""statss.aspx?playerid=18323&position=P"">Josh Sborz</a>",27.0,1.0,0.0
22051,"<a href=""statss.aspx?playerid=22051&position=P"">John King</a>",26.0,1.0,0.0
20430,"<a href=""statss.aspx?playerid=20430&position=P"">Rony Garcia</a>",23.0,1.0,0.0
17321,"<a href=""statss.aspx?playerid=17321&position=1B/2B"">Michael Chavis</a>",25.0,53.0,0.2607209153895108
12804,"<a href=""statss.aspx?playerid=12804&position=P"">Matt Wisler</a>",28.0,1.0,0.0
13397,"<a href=""statss.aspx?playerid=13397&position=P"">Sam Selman</a>",30.0,1.0,0.0
19231,"<a href=""statss.aspx?playerid=19231&position=P"">Caleb Baragar</a>",27.0,1.0,0.0
14552,"<a href=""statss.aspx?playerid=14552&position=P"">Jose Ruiz</a>",26.0,1.0,0.0
3132,"<a href=""statss.aspx?playerid=3132&position=P"">Tony Watson</a>",36.0,1.0,0.0
6562,"<a href=""statss.aspx?playerid=6562&position=P"">Alex Cobb</a>",33.0,1.0,0.0
19911,"<a href=""statss.aspx?playerid=19911&position=P"">Jose Suarez</a>",23.0,1.0,0.0
3096,"<a href=""statss.aspx?playerid=3096&position=P"">Kenley Jansen</a>",33.0,1.0,0.0
4696,"<a href=""statss.aspx?playerid=4696&position=P"">Nate Jones</a>",35.0,1.0,0.0
14974,"<a href=""statss.aspx?playerid=14974&position=P"">Tyler Webb</a>",30.0,1.0,0.0
18496,"<a href=""statss.aspx?playerid=18496&position=P"">Junior Fernandez</a>",24.0,1.0,0.0
9803,"<a href=""statss.aspx?playerid=9803&position=P"">Miles Mikolas</a>",32.0,1.0,0.0
6655,"<a href=""statss.aspx?playerid=6655&position=P"">Craig Kimbrel</a>",33.0,1.0,0.0
9794,"<a href=""statss.aspx?playerid=9794&position=P"">Rex Brothers</a>",33.0,1.0,0.0
11753,"<a href=""statss.aspx?playerid=11753&position=P"">Kyle Ryan</a>",29.0,1.0,0.0
12237,"<a href=""statss.aspx?playerid=12237&position=P"">Dan Winkler</a>",31.0,1.0,0.0
15823,"<a href=""statss.aspx?playerid=15823&position=P"">Zack Littell</a>",25.0,1.0,0.0
20379,"<a href=""statss.aspx?playerid=20379&position=P"">Tyler Zuber</a>",26.0,1.0,0.0
4505,"<a href=""statss.aspx?playerid=4505&position=P"">Jordan Zimmermann</a>",35.0,1.0,0.0
7836,"<a href=""statss.aspx?playerid=7836&position=P"">Hunter Strickland</a>",32.0,1.0,0.0
7882,"<a href=""statss.aspx?playerid=7882&position=P"">Josh Lindblom</a>",34.0,1.0,0.0
13346,"<a href=""statss.aspx?playerid=13346&position=P"">Hoby Milner</a>",30.0,1.0,0.0
14862,"<a href=""statss.aspx?playerid=14862&position=P"">Zack Godley</a>",31.0,1.0,0.0
20074,"<a href=""statss.aspx?playerid=20074&position=P"">Miguel Sanchez</a>",27.0,1.0,0.0
20312,"<a href=""statss.aspx?playerid=20312&position=P"">Alec Bettinger</a>",25.0,1.0,0.0
16279,"<a href=""statss.aspx?playerid=16279&position=P"">Sam Clay</a>",28.0,1.0,0.0
17018,"<a href=""statss.aspx?playerid=17018&position=P"">Jefry Rodriguez</a>",27.0,1.0,0.0
7803,"<a href=""statss.aspx?playerid=7803&position=P"">Richard Bleier</a>",34.0,1.0,0.0
12918,"<a href=""statss.aspx?playerid=12918&position=P"">Archie Bradley</a>",28.0,1.0,0.0
13649,"<a href=""statss.aspx?playerid=13649&position=P"">Clay Holmes</a>",28.0,1.0,0.0
19583,"<a href=""statss.aspx?playerid=19583&position=P"">Sean Poppen</a>",27.0,1.0,0.0
21111,"<a href=""statss.aspx?playerid=21111&position=P"">Miguel Yajure</a>",23.0,1.0,0.0
19274,"<a href=""statss.aspx?playerid=19274&position=P"">Jacob Webb</a>",27.0,1.0,0.0
11632,"<a href=""statss.aspx?playerid=11632&position=P"">Heath Hembree</a>",32.0,1.0,0.0
13470,"<a href=""statss.aspx?playerid=13470&position=P"">Lucas Sims</a>",27.0,1.0,0.0
19535,"<a href=""statss.aspx?playerid=19535&position=P"">Ryan Hendrix</a>",26.0,1.0,0.0
19614,"<a href=""statss.aspx?playerid=19614&position=P"">Cionel Perez</a>",25.0,1.0,0.0
20302,"<a href=""statss.aspx?playerid=20302&position=P"">David Peterson</a>",25.0,20.0,0.11550464700250064
16377,"<a href=""statss.aspx?playerid=16377&position=P"">Ryan Castellani</a>",25.0,1.0,0.0
16943,"<a href=""statss.aspx?playerid=16943&position=P"">Sean Newcomb</a>",28.0,1.0,0.0
19170,"<a href=""statss.aspx?playerid=19170&position=OF"">Corey Ray</a>",26.0,3.0,0.23057218392690024
17312,"<a href=""statss.aspx?playerid=17312&position=P"">Justin Steele</a>",25.0,1.0,0.0
6938,"<a href=""statss.aspx?playerid=6938&position=1B/3B"">Eric Campbell</a>",34.0,12.0,0.27740687628587085
13807,"<a href=""statss.aspx?playerid=13807&position=C"">Kevin Plawecki</a>",30.0,70.0,0.29653097494788794
12304,"<a href=""statss.aspx?playerid=12304&position=P"">Chris Bassitt</a>",32.0,2.0,0.0
14374,"<a href=""statss.aspx?playerid=14374&position=P"">Tyler Glasnow</a>",27.0,2.0,0.0
16502,"<a href=""statss.aspx?playerid=16502&position=P"">Ryan Yarbrough</a>",29.0,2.0,0.0
18331,"<a href=""statss.aspx?playerid=18331&position=P"">James Kaprielian</a>",27.0,2.0,0.0
20633,"<a href=""statss.aspx?playerid=20633&position=P"">Yusei Kikuchi</a>",30.0,2.0,0.0
20203,"<a href=""statss.aspx?playerid=20203&position=P"">Eli Morgan</a>",25.0,2.0,0.0
5372,"<a href=""statss.aspx?playerid=5372&position=P"">Michael Pineda</a>",32.0,2.0,0.0
14168,"<a href=""statss.aspx?playerid=14168&position=P"">Jose Berrios</a>",27.0,2.0,0.0
12575,"<a href=""statss.aspx?playerid=12575&position=P"">Nick Ramirez</a>",31.0,2.0,0.0
18815,"<a href=""statss.aspx?playerid=18815&position=P"">Miguel Diaz</a>",26.0,2.0,0.0
23735,"<a href=""statss.aspx?playerid=23735&position=P"">Luis Garcia</a>",24.0,2.0,0.0
18413,"<a href=""statss.aspx?playerid=18413&position=P"">Jose Urquidy</a>",26.0,2.0,0.0
17216,"<a href=""statss.aspx?playerid=17216&position=OF"">Monte Harrison</a>",25.0,6.0,0.17581106424331666
13677,"<a href=""statss.aspx?playerid=13677&position=P"">Corey Oswalt</a>",27.0,2.0,0.0
10123,"<a href=""statss.aspx?playerid=10123&position=P"">Kyle Gibson</a>",33.0,2.0,0.0
10811,"<a href=""statss.aspx?playerid=10811&position=P"">Mike Foltynewicz</a>",29.0,2.0,0.0
18694,"<a href=""statss.aspx?playerid=18694&position=P"">Kolby Allard</a>",23.0,2.0,0.0
4897,"<a href=""statss.aspx?playerid=4897&position=P"">Scott Kazmir</a>",37.0,2.0,0.0
9434,"<a href=""statss.aspx?playerid=9434&position=P"">Dallas Keuchel</a>",33.0,2.0,0.0
16269,"<a href=""statss.aspx?playerid=16269&position=P"">John Means</a>",28.0,2.0,0.0
10547,"<a href=""statss.aspx?playerid=10547&position=P"">Jimmy Nelson</a>",32.0,2.0,0.0
17878,"<a href=""statss.aspx?playerid=17878&position=P"">Dennis Santana</a>",25.0,2.0,0.0
25007,"<a href=""statss.aspx?playerid=25007&position=P"">Alex Vesia</a>",25.0,2.0,0.0
14527,"<a href=""statss.aspx?playerid=14527&position=P"">Jorge Lopez</a>",28.0,2.0,0.0
5221,"<a href=""statss.aspx?playerid=5221&position=P"">Wade LeBlanc</a>",36.0,2.0,0.0
19766,"<a href=""statss.aspx?playerid=19766&position=P"">Seth Elledge</a>",25.0,2.0,0.0
6576,"<a href=""statss.aspx?playerid=6576&position=P"">Robert Stock</a>",31.0,2.0,0.0
19178,"<a href=""statss.aspx?playerid=19178&position=P"">Tommy Nance</a>",30.0,2.0,0.0
17277,"<a href=""statss.aspx?playerid=17277&position=P"">Ranger Suarez</a>",25.0,2.0,0.0
14444,"<a href=""statss.aspx?playerid=14444&position=P"">Hyun-Jin Ryu</a>",34.0,2.0,0.0
13619,"<a href=""statss.aspx?playerid=13619&position=P"">Jakob Junis</a>",28.0,2.0,0.0
15288,"<a href=""statss.aspx?playerid=15288&position=P"">Adam Cimber</a>",30.0,2.0,0.0
20185,"<a href=""statss.aspx?playerid=20185&position=P"">Zach Pop</a>",24.0,2.0,0.0
22248,"<a href=""statss.aspx?playerid=22248&position=P"">Paul Campbell</a>",25.0,2.0,0.0
20070,"<a href=""statss.aspx?playerid=20070&position=P"">Bailey Falter</a>",24.0,2.0,0.0
13761,"<a href=""statss.aspx?playerid=13761&position=P"">Chris Stratton</a>",30.0,2.0,0.0
17920,"<a href=""statss.aspx?playerid=17920&position=P"">Cody Ponce</a>",27.0,2.0,0.0
5448,"<a href=""statss.aspx?playerid=5448&position=P"">Jesse Chavez</a>",37.0,2.0,0.0
15454,"<a href=""statss.aspx?playerid=15454&position=P"">Nick Pivetta</a>",28.0,2.0,0.0
16593,"<a href=""statss.aspx?playerid=16593&position=1B/3B"">Kevin Padlo</a>",24.0,14.0,0.18750568798610143
11936,"<a href=""statss.aspx?playerid=11936&position=2B"">Joe Panik</a>",30.0,128.0,0.29808629443868995
24671,"<a href=""statss.aspx?playerid=24671&position=PH/PR"">Cody Wilson</a>",24.0,1.0,0.0
13690,"<a href=""statss.aspx?playerid=13690&position=P"">Sal Romano</a>",27.0,2.0,0.0
18311,"<a href=""statss.aspx?playerid=18311&position=P"">Carson Fulmer</a>",27.0,2.0,0.0
19867,"<a href=""statss.aspx?playerid=19867&position=P"">Griffin Canning</a>",25.0,1.0,0.0
13854,"<a href=""statss.aspx?playerid=13854&position=C"">Anthony Bemboom</a>",31.0,28.0,0.21307315996715
13431,"<a href=""statss.aspx?playerid=13431&position=P"">Marcus Stroman</a>",30.0,28.0,0.1175929484543977
22871,"<a href=""statss.aspx?playerid=22871&position=2B/SS/OF"">Tucupita Marcano</a>",21.0,50.0,0.2309066617488861
19374,"<a href=""statss.aspx?playerid=19374&position=P"">Walker Buehler</a>",26.0,42.0,0.12695914010206857
21524,"<a href=""statss.aspx?playerid=21524&position=C"">Joey Bart</a>",24.0,1.0,0.0
15068,"<a href=""statss.aspx?playerid=15068&position=P"">Yency Almonte</a>",27.0,2.0,0.0
14515,"<a href=""statss.aspx?playerid=14515&position=2B/3B/SS"">Luis Marte</a>",27.0,7.0,0.22439598185675486
16524,"<a href=""statss.aspx?playerid=16524&position=1B/OF"">Ryan McBroom</a>",29.0,7.0,0.22439598185675486
6249,"<a href=""statss.aspx?playerid=6249&position=P"">Trevor Cahill</a>",33.0,9.0,0.09767281346850926
9761,"<a href=""statss.aspx?playerid=9761&position=P"">Joe Kelly</a>",33.0,3.0,0.0
20539,"<a href=""statss.aspx?playerid=20539&position=P"">Edwin Uceta</a>",23.0,3.0,0.0
3184,"<a href=""statss.aspx?playerid=3184&position=P"">David Price</a>",35.0,3.0,0.0
16110,"<a href=""statss.aspx?playerid=16110&position=P"">Daniel Ponce de Leon</a>",29.0,3.0,0.0
19225,"<a href=""statss.aspx?playerid=19225&position=P"">Mitch White</a>",26.0,3.0,0.0
10416,"<a href=""statss.aspx?playerid=10416&position=SS"">Wilfredo Tovar</a>",29.0,12.0,0.20415226618448892
10021,"<a href=""statss.aspx?playerid=10021&position=P"">Mike Minor</a>",33.0,3.0,0.0
17806,"<a href=""statss.aspx?playerid=17806&position=OF"">Braden Bishop</a>",27.0,5.0,0.2197638303041458
14677,"<a href=""statss.aspx?playerid=14677&position=P"">Duane Underwood Jr.</a>",26.0,3.0,0.0
22175,"<a href=""statss.aspx?playerid=22175&position=P"">Max Kranick</a>",23.0,3.0,0.0
13164,"<a href=""statss.aspx?playerid=13164&position=P"">Eduardo Rodriguez</a>",28.0,3.0,0.0
6902,"<a href=""statss.aspx?playerid=6902&position=P"">Martin Perez</a>",30.0,3.0,0.0
8223,"<a href=""statss.aspx?playerid=8223&position=P"">Brett Anderson</a>",33.0,18.0,0.12206762678482953
20036,"<a href=""statss.aspx?playerid=20036&position=3B"">Isaac Paredes</a>",22.0,37.0,0.2686179396178987
18551,"<a href=""statss.aspx?playerid=18551&position=C"">Ali Sanchez</a>",24.0,3.0,0.41388217608133954
11859,"<a href=""statss.aspx?playerid=11859&position=OF"">Mason Williams</a>",29.0,37.0,0.2699608720011181
17897,"<a href=""statss.aspx?playerid=17897&position=P"">Garrett Cleavinger</a>",27.0,2.0,0.0
16426,"<a href=""statss.aspx?playerid=16426&position=2B"">Thairo Estrada</a>",25.0,2.0,0.0
19977,"<a href=""statss.aspx?playerid=19977&position=C"">Tres Barrera</a>",26.0,2.0,0.0
14309,"<a href=""statss.aspx?playerid=14309&position=P"">Frankie Montas</a>",28.0,4.0,0.0
19667,"<a href=""statss.aspx?playerid=19667&position=OF"">Zach Reks</a>",27.0,2.0,0.0
19266,"<a href=""statss.aspx?playerid=19266&position=P"">Taylor Widener</a>",26.0,8.0,0.08646456897258759
15535,"<a href=""statss.aspx?playerid=15535&position=C"">Joseph Odom</a>",29.0,2.0,0.0
17995,"<a href=""statss.aspx?playerid=17995&position=P"">Logan Webb</a>",24.0,17.0,0.10453190008799235
7593,"<a href=""statss.aspx?playerid=7593&position=P"">Jordan Lyles</a>",30.0,4.0,0.0
25379,"<a href=""statss.aspx?playerid=25379&position=P"">Sam Long</a>",25.0,4.0,0.0
17710,"<a href=""statss.aspx?playerid=17710&position=1B/OF"">Matt Beaty</a>",28.0,143.0,0.31540158661929046
19716,"<a href=""statss.aspx?playerid=19716&position=P"">Dustin May</a>",23.0,4.0,0.0
20370,"<a href=""statss.aspx?playerid=20370&position=P"">Bruce Zimmermann</a>",26.0,4.0,0.0
18769,"<a href=""statss.aspx?playerid=18769&position=P"">Cody Poteet</a>",26.0,11.0,0.08790553212165833
13273,"<a href=""statss.aspx?playerid=13273&position=P"">Ross Stripling</a>",31.0,4.0,0.0
18333,"<a href=""statss.aspx?playerid=18333&position=P"">Alex Young</a>",27.0,4.0,0.0
13942,"<a href=""statss.aspx?playerid=13942&position=P"">Brent Suter</a>",31.0,4.0,0.0
19805,"<a href=""statss.aspx?playerid=19805&position=P"">Daniel Castano</a>",26.0,4.0,0.0
21844,"<a href=""statss.aspx?playerid=21844&position=P"">Braxton Garrett</a>",23.0,4.0,0.0
21127,"<a href=""statss.aspx?playerid=21127&position=2B"">Alejo Lopez</a>",25.0,4.0,0.2197638303041458
16535,"<a href=""statss.aspx?playerid=16535&position=C"">Danny Jansen</a>",26.0,122.0,0.238010134086136
19950,"<a href=""statss.aspx?playerid=19950&position=2B/SS"">Andres Gimenez</a>",22.0,85.0,0.23251286290940784
19710,"<a href=""statss.aspx?playerid=19710&position=DH"">Ronnie Dawson</a>",26.0,6.0,0.261795312166214
13325,"<a href=""statss.aspx?playerid=13325&position=3B"">Deven Marrero</a>",30.0,3.0,0.0
17893,"<a href=""statss.aspx?playerid=17893&position=1B/3B"">Tyler Nevin</a>",24.0,6.0,0.3222271800041199
18498,"<a href=""statss.aspx?playerid=18498&position=P"">Kenta Maeda</a>",33.0,2.0,0.0
21318,"<a href=""statss.aspx?playerid=21318&position=P"">Tylor Megill</a>",25.0,4.0,0.0
18365,"<a href=""statss.aspx?playerid=18365&position=1B"">Lewin Diaz</a>",24.0,17.0,0.23606101204367244
15194,"<a href=""statss.aspx?playerid=15194&position=1B/OF"">Jake Bauers</a>",25.0,182.0,0.27104365328947705
20034,"<a href=""statss.aspx?playerid=20034&position=OF"">Hunter Owen</a>",27.0,5.0,0.14438649415969848
14975,"<a href=""statss.aspx?playerid=14975&position=P"">Chad Kuhl</a>",28.0,17.0,0.09817324206233025
11486,"<a href=""statss.aspx?playerid=11486&position=P"">Robbie Ray</a>",29.0,5.0,0.0
17062,"<a href=""statss.aspx?playerid=17062&position=C"">Grayson Greiner</a>",28.0,39.0,0.2588017674592825
19913,"<a href=""statss.aspx?playerid=19913&position=OF"">Jesus Sanchez</a>",23.0,59.0,0.2798846394328748
7349,"<a href=""statss.aspx?playerid=7349&position=SS"">Sean Kazmar jr.</a>",36.0,2.0,0.0
16128,"<a href=""statss.aspx?playerid=16128&position=P"">John Curtiss</a>",28.0,5.0,0.0
17023,"<a href=""statss.aspx?playerid=17023&position=OF"">Magneuris Sierra</a>",25.0,113.0,0.24795520360316706
19951,"<a href=""statss.aspx?playerid=19951&position=P"">Ian Anderson</a>",23.0,24.0,0.10098580235526675
19320,"<a href=""statss.aspx?playerid=19320&position=P"">Joey Lucchesi</a>",28.0,11.0,0.0628833228891546
14916,"<a href=""statss.aspx?playerid=14916&position=P"">Jon Gray</a>",29.0,25.0,0.14064885139465333
12180,"<a href=""statss.aspx?playerid=12180&position=C"">Jorge Alfaro</a>",28.0,137.0,0.26081421253454945
11902,"<a href=""statss.aspx?playerid=11902&position=2B/3B"">Hanser Alberto</a>",28.0,139.0,0.27796736207321615
19334,"<a href=""statss.aspx?playerid=19334&position=OF"">Yadiel Hernandez</a>",33.0,76.0,0.2976451155386473
19427,"<a href=""statss.aspx?playerid=19427&position=P"">Shane Bieber</a>",26.0,6.0,0.0
20503,"<a href=""statss.aspx?playerid=20503&position=C"">William Contreras</a>",23.0,148.0,0.305483045221186
17732,"<a href=""statss.aspx?playerid=17732&position=P"">Nabil Crismatt</a>",26.0,6.0,0.0
15730,"<a href=""statss.aspx?playerid=15730&position=2B/OF"">Tyler Wade</a>",26.0,53.0,0.24764901736997208
18889,"<a href=""statss.aspx?playerid=18889&position=2B/SS"">Danny Mendick</a>",27.0,115.0,0.2825335624970888
11713,"<a href=""statss.aspx?playerid=11713&position=P"">Matt Harvey</a>",32.0,6.0,0.0
1890,"<a href=""statss.aspx?playerid=1890&position=P"">Matt Moore</a>",32.0,6.0,0.0
19871,"<a href=""statss.aspx?playerid=19871&position=P"">Tucker Davidson</a>",25.0,6.0,0.0
20391,"<a href=""statss.aspx?playerid=20391&position=2B"">Luis Garcia Jr.</a>",21.0,20.0,0.27942887842655184
8246,"<a href=""statss.aspx?playerid=8246&position=P"">Paolo Espino</a>",34.0,6.0,0.0
21987,"<a href=""statss.aspx?playerid=21987&position=2B/SS"">Rodolfo Castro</a>",22.0,3.0,0.0
16098,"<a href=""statss.aspx?playerid=16098&position=C/1B"">Taylor Gushue</a>",27.0,3.0,0.0
10882,"<a href=""statss.aspx?playerid=10882&position=OF"">Jared Hoying</a>",32.0,3.0,0.0
12976,"<a href=""statss.aspx?playerid=12976&position=C"">Austin Hedges</a>",28.0,130.0,0.20989466044637892
16358,"<a href=""statss.aspx?playerid=16358&position=P"">Tyler Mahle</a>",26.0,32.0,0.13021148315497807
21735,"<a href=""statss.aspx?playerid=21735&position=C"">Sebastian Rivero</a>",22.0,14.0,0.2390722930431366
12768,"<a href=""statss.aspx?playerid=12768&position=P"">Sonny Gray</a>",31.0,17.0,0.09239834547042847
12649,"<a href=""statss.aspx?playerid=12649&position=OF"">Alex Dickerson</a>",31.0,165.0,0.29871854890476573
22799,"<a href=""statss.aspx?playerid=22799&position=SS"">Geraldo Perdomo</a>",21.0,13.0,0.18854070206483206
19683,"<a href=""statss.aspx?playerid=19683&position=3B"">Mike Brosseau</a>",27.0,153.0,0.26243314556047026
16686,"<a href=""statss.aspx?playerid=16686&position=1B/3B"">Jason Vosler</a>",27.0,58.0,0.30625558213183757
14875,"<a href=""statss.aspx?playerid=14875&position=P"">Caleb Smith</a>",29.0,13.0,0.0601610392332077
20287,"<a href=""statss.aspx?playerid=20287&position=C"">Ben Rortvedt</a>",23.0,58.0,0.17408584484032222
17766,"<a href=""statss.aspx?playerid=17766&position=OF"">D.J. Stewart</a>",27.0,199.0,0.301949594488096
4676,"<a href=""statss.aspx?playerid=4676&position=P"">Charlie Morton</a>",37.0,26.0,0.10548663854599
6893,"<a href=""statss.aspx?playerid=6893&position=P"">Johnny Cueto</a>",35.0,21.0,0.08137841785655302
12049,"<a href=""statss.aspx?playerid=12049&position=P"">Kyle Hendricks</a>",31.0,29.0,0.10816993850928086
11682,"<a href=""statss.aspx?playerid=11682&position=P"">Carlos Martinez</a>",29.0,24.0,0.09220442823741747
14813,"<a href=""statss.aspx?playerid=14813&position=2B/SS"">Kyle Farmer</a>",30.0,242.0,0.26460303632055576
17425,"<a href=""statss.aspx?playerid=17425&position=P"">Erick Fedde</a>",28.0,14.0,0.05764304598172506
2608,"<a href=""statss.aspx?playerid=2608&position=P"">Jhoulys Chacin</a>",33.0,7.0,0.0
11205,"<a href=""statss.aspx?playerid=11205&position=OF"">Adam Eaton</a>",32.0,203.0,0.2860069921867332
4930,"<a href=""statss.aspx?playerid=4930&position=P"">Jon Lester</a>",37.0,21.0,0.08790553212165833
12284,"<a href=""statss.aspx?playerid=12284&position=C"">Kevan Smith</a>",33.0,50.0,0.25355894711552834
14140,"<a href=""statss.aspx?playerid=14140&position=SS"">Jose Rondon</a>",27.0,33.0,0.24367267074006976
12164,"<a href=""statss.aspx?playerid=12164&position=1B/3B"">Miguel Sano</a>",28.0,225.0,0.3061093505223592
11490,"<a href=""statss.aspx?playerid=11490&position=P"">Aaron Sanchez</a>",28.0,9.0,0.0
8090,"<a href=""statss.aspx?playerid=8090&position=3B"">Matt Carpenter</a>",35.0,149.0,0.2754755112770441
13185,"<a href=""statss.aspx?playerid=13185&position=SS"">Orlando Arcia</a>",26.0,11.0,0.07991412011059848
20501,"<a href=""statss.aspx?playerid=20501&position=OF"">Scott Hurst</a>",25.0,5.0,0.0
19698,"<a href=""statss.aspx?playerid=19698&position=OF"">Edward Olivares</a>",25.0,27.0,0.254641471085725
4922,"<a href=""statss.aspx?playerid=4922&position=OF"">Ender Inciarte</a>",30.0,83.0,0.25719385456155847
5491,"<a href=""statss.aspx?playerid=5491&position=C"">Austin Romine</a>",32.0,9.0,0.1379607253604465
14593,"<a href=""statss.aspx?playerid=14593&position=2B/3B"">David Bote</a>",28.0,162.0,0.2739191884579866
16256,"<a href=""statss.aspx?playerid=16256&position=P"">Kyle Freeland</a>",28.0,7.0,0.12557933160236903
4062,"<a href=""statss.aspx?playerid=4062&position=OF"">Dexter Fowler</a>",35.0,21.0,0.242237769422077
11470,"<a href=""statss.aspx?playerid=11470&position=C"">Tony Wolters</a>",29.0,30.0,0.21019823181218114
13543,"<a href=""statss.aspx?playerid=13543&position=P"">Blake Snell</a>",28.0,17.0,0.05494095757603645
1177,"<a href=""statss.aspx?playerid=1177&position=1B"">Albert Pujols</a>",41.0,182.0,0.29596359064565836
12719,"<a href=""statss.aspx?playerid=12719&position=OF"">Dillon Thomas</a>",28.0,8.0,0.1098819151520729
19278,"<a href=""statss.aspx?playerid=19278&position=P"">Vladimir Gutierrez</a>",25.0,16.0,0.06278966580118452
16375,"<a href=""statss.aspx?playerid=16375&position=OF"">Oscar Mercado</a>",26.0,5.0,0.0
16572,"<a href=""statss.aspx?playerid=16572&position=1B/OF"">Connor Joe</a>",28.0,63.0,0.29171985009359935
13834,"<a href=""statss.aspx?playerid=13834&position=P"">Alec Mills</a>",29.0,10.0,0.0
17273,"<a href=""statss.aspx?playerid=17273&position=SS"">Jorge Mateo</a>",26.0,83.0,0.2226656181056325
7859,"<a href=""statss.aspx?playerid=7859&position=OF"">Charlie Blackmon</a>",34.0,292.0,0.3303663871951939
11760,"<a href=""statss.aspx?playerid=11760&position=P"">Drew Smyly</a>",32.0,24.0,0.07643959314926811
11156,"<a href=""statss.aspx?playerid=11156&position=P"">Merrill Kelly</a>",32.0,34.0,0.09540917955595872
6895,"<a href=""statss.aspx?playerid=6895&position=P"">Chase Anderson</a>",33.0,11.0,0.0
12179,"<a href=""statss.aspx?playerid=12179&position=3B"">Maikel Franco</a>",28.0,309.0,0.2764222189832274
13781,"<a href=""statss.aspx?playerid=13781&position=P"">Alex Wood</a>",30.0,25.0,0.09432498433373192
20540,"<a href=""statss.aspx?playerid=20540&position=2B/SS"">Jose Devers</a>",21.0,46.0,0.27555236868236377
11241,"<a href=""statss.aspx?playerid=11241&position=2B"">Mike Freeman</a>",33.0,31.0,0.2219255010286967
18395,"<a href=""statss.aspx?playerid=18395&position=DH/OF"">Travis Blankenhorn</a>",24.0,12.0,0.16111359000205994
14320,"<a href=""statss.aspx?playerid=14320&position=2B/SS"">Wilmer Difo</a>",29.0,87.0,0.28313531546757137
12510,"<a href=""statss.aspx?playerid=12510&position=C"">Curt Casali</a>",32.0,108.0,0.2568072977467118
17478,"<a href=""statss.aspx?playerid=17478&position=OF"">Troy Stokes Jr.</a>",25.0,20.0,0.17671754360198974
19956,"<a href=""statss.aspx?playerid=19956&position=OF"">Mickey Moniak</a>",23.0,28.0,0.1906689758653994
16448,"<a href=""statss.aspx?playerid=16448&position=C"">Jacob Nottingham</a>",26.0,45.0,0.2632580227322049
21454,"<a href=""statss.aspx?playerid=21454&position=OF"">Lars Nootbaar</a>",23.0,28.0,0.1995920560189656
18482,"<a href=""statss.aspx?playerid=18482&position=1B"">Chris Gittens</a>",27.0,25.0,0.19842894315719606
12977,"<a href=""statss.aspx?playerid=12977&position=C"">Michael Perez</a>",28.0,104.0,0.24231460256483947
14553,"<a href=""statss.aspx?playerid=14553&position=OF"">Nomar Mazara</a>",26.0,165.0,0.26787669983777135
19293,"<a href=""statss.aspx?playerid=19293&position=OF"">Nick Senzel</a>",26.0,124.0,0.28622561068304125
16542,"<a href=""statss.aspx?playerid=16542&position=2B/OF"">Shed Long Jr.</a>",25.0,58.0,0.2752365572699185
10700,"<a href=""statss.aspx?playerid=10700&position=OF"">Ryan LaMarre</a>",32.0,8.0,0.08646456897258759
22286,"<a href=""statss.aspx?playerid=22286&position=P"">Trevor Rogers</a>",23.0,32.0,0.08166090647379558
16162,"<a href=""statss.aspx?playerid=16162&position=P"">Brandon Woodruff</a>",28.0,32.0,0.08166090647379558
13050,"<a href=""statss.aspx?playerid=13050&position=P"">Anthony DeSclafani</a>",31.0,35.0,0.08467998812275548
17859,"<a href=""statss.aspx?playerid=17859&position=P"">Adbert Alzolay</a>",26.0,19.0,0.04626606953771491
14503,"<a href=""statss.aspx?playerid=14503&position=3B/DH"">Renato Nunez</a>",27.0,29.0,0.2727579063382642
12198,"<a href=""statss.aspx?playerid=12198&position=2B"">Jake Hager</a>",28.0,8.0,0.1098819151520729
14330,"<a href=""statss.aspx?playerid=14330&position=OF"">Nick Williams</a>",27.0,13.0,0.1642754994905912
16271,"<a href=""statss.aspx?playerid=16271&position=2B/3B"">Alex Blandino</a>",28.0,82.0,0.27047075149489613
14137,"<a href=""statss.aspx?playerid=14137&position=OF"">Tim Lopes</a>",27.0,9.0,0.17453020811080933
14453,"<a href=""statss.aspx?playerid=14453&position=OF"">Scott Heineman</a>",28.0,34.0,0.2261521956499885
14103,"<a href=""statss.aspx?playerid=14103&position=3B"">Rio Ruiz</a>",27.0,101.0,0.2460337471961975
19909,"<a href=""statss.aspx?playerid=19909&position=SS"">Anderson Tejeda</a>",23.0,17.0,0.09239834547042847
18679,"<a href=""statss.aspx?playerid=18679&position=P"">Freddy Peralta</a>",25.0,27.0,0.06041430280758785
16561,"<a href=""statss.aspx?playerid=16561&position=P"">Austin Gomber</a>",27.0,31.0,0.0942241228543795
15608,"<a href=""statss.aspx?playerid=15608&position=C/3B"">Willians Astudillo</a>",29.0,127.0,0.28376559807559637
10323,"<a href=""statss.aspx?playerid=10323&position=OF"">Rafael Ortega</a>",30.0,57.0,0.26936086480106625
17326,"<a href=""statss.aspx?playerid=17326&position=SS/OF"">Cole Tucker</a>",24.0,16.0,0.1757761500775814
16357,"<a href=""statss.aspx?playerid=16357&position=OF"">Pablo Reyes</a>",27.0,50.0,0.22173014998435975
14388,"<a href=""statss.aspx?playerid=14388&position=1B"">Ronald Guzman</a>",26.0,17.0,0.15871971495011272
3448,"<a href=""statss.aspx?playerid=3448&position=C"">Jeff Mathis</a>",38.0,9.0,0.0
15585,"<a href=""statss.aspx?playerid=15585&position=1B/DH"">Mike Ford</a>",28.0,72.0,0.2542807098845361
11836,"<a href=""statss.aspx?playerid=11836&position=P"">Taijuan Walker</a>",28.0,30.0,0.05416454734473393
19826,"<a href=""statss.aspx?playerid=19826&position=P"">Riley Smith</a>",26.0,17.0,0.0
12880,"<a href=""statss.aspx?playerid=12880&position=P"">Tyler Anderson</a>",31.0,29.0,0.0606245049114885
13684,"<a href=""statss.aspx?playerid=13684&position=P"">John Gant</a>",28.0,18.0,0.0
12005,"<a href=""statss.aspx?playerid=12005&position=DH/OF"">Nick Martini</a>",31.0,15.0,0.15083256165186565
9112,"<a href=""statss.aspx?playerid=9112&position=DH/OF"">Khris Davis</a>",33.0,61.0,0.26020681858062744
20099,"<a href=""statss.aspx?playerid=20099&position=P"">Chris Paddack</a>",25.0,26.0,0.031388368295586624
19643,"<a href=""statss.aspx?playerid=19643&position=OF"">Daniel Johnson</a>",25.0,9.0,0.0
13774,"<a href=""statss.aspx?playerid=13774&position=P"">Zach Eflin</a>",27.0,31.0,0.05437111625304589
14352,"<a href=""statss.aspx?playerid=14352&position=OF"">Lewis Brinson</a>",27.0,69.0,0.24956879062929016
15104,"<a href=""statss.aspx?playerid=15104&position=OF"">Jonathan Davis</a>",29.0,83.0,0.24162996605218176
15271,"<a href=""statss.aspx?playerid=15271&position=C"">Austin Wynns</a>",30.0,43.0,0.2361473981724229
2233,"<a href=""statss.aspx?playerid=2233&position=P"">Adam Wainwright</a>",39.0,33.0,0.0523590624332428
3516,"<a href=""statss.aspx?playerid=3516&position=1B"">Eric Hosmer</a>",31.0,289.0,0.2904326259466829
15402,"<a href=""statss.aspx?playerid=15402&position=3B"">Jack Mayfield</a>",30.0,38.0,0.16654314963441147
12703,"<a href=""statss.aspx?playerid=12703&position=P"">Trevor Bauer</a>",30.0,34.0,0.05067006041926722
11615,"<a href=""statss.aspx?playerid=11615&position=2B/3B"">Brandon Drury</a>",28.0,47.0,0.2270383454383688
14329,"<a href=""statss.aspx?playerid=14329&position=OF"">Anthony Alford</a>",26.0,29.0,0.18092790759842972
19577,"<a href=""statss.aspx?playerid=19577&position=OF"">Nick Heath</a>",27.0,36.0,0.19522907052721297
17276,"<a href=""statss.aspx?playerid=17276&position=C"">Alex Jackson</a>",25.0,32.0,0.16613607445070822
17838,"<a href=""statss.aspx?playerid=17838&position=DH/OF"">Willie Calhoun</a>",26.0,226.0,0.3106780909331499
20056,"<a href=""statss.aspx?playerid=20056&position=2B/SS"">Alan Trejo</a>",25.0,45.0,0.27333254570310767
10324,"<a href=""statss.aspx?playerid=10324&position=DH/OF"">Marcell Ozuna</a>",30.0,208.0,0.28410841352664506
17085,"<a href=""statss.aspx?playerid=17085&position=P"">Pablo Lopez</a>",25.0,31.0,0.042815397525655816
15905,"<a href=""statss.aspx?playerid=15905&position=C"">Luis Torrens</a>",25.0,134.0,0.2806576236860076
14130,"<a href=""statss.aspx?playerid=14130&position=1B/DH"">Daniel Vogelbach</a>",28.0,198.0,0.3111809637340797
17932,"<a href=""statss.aspx?playerid=17932&position=OF"">Andrew Stevenson</a>",27.0,108.0,0.263334814107643
16925,"<a href=""statss.aspx?playerid=16925&position=C"">Aramis Garcia</a>",28.0,78.0,0.25917157530784607
19354,"<a href=""statss.aspx?playerid=19354&position=OF"">Luke Raley</a>",26.0,56.0,0.23601816025647251
18819,"<a href=""statss.aspx?playerid=18819&position=2B/3B"">Andy Ibanez</a>",28.0,54.0,0.21600075562795004
27461,"<a href=""statss.aspx?playerid=27461&position=OF"">Shogo Akiyama</a>",33.0,82.0,0.2464906013593441
15191,"<a href=""statss.aspx?playerid=15191&position=OF"">Chad Pinder</a>",29.0,129.0,0.27460805159206536
17919,"<a href=""statss.aspx?playerid=17919&position=OF"">Ian Happ</a>",26.0,243.0,0.284830344168477
15170,"<a href=""statss.aspx?playerid=15170&position=2B"">Josh VanMeter</a>",26.0,110.0,0.2630335905335166
19918,"<a href=""statss.aspx?playerid=19918&position=OF"">Daulton Varsho</a>",24.0,70.0,0.20761434180395943
3086,"<a href=""statss.aspx?playerid=3086&position=1B"">Mitch Moreland</a>",35.0,170.0,0.28561495191910685
14811,"<a href=""statss.aspx?playerid=14811&position=1B/DH"">Luke Voit</a>",30.0,90.0,0.2673637522591485
13419,"<a href=""statss.aspx?playerid=13419&position=1B"">Christian Walker</a>",30.0,177.0,0.27542315836006637
18054,"<a href=""statss.aspx?playerid=18054&position=OF"">Sam Haggerty</a>",27.0,94.0,0.23956792585311398
15808,"<a href=""statss.aspx?playerid=15808&position=C"">Jose Godoy</a>",26.0,40.0,0.19280181974172592
5497,"<a href=""statss.aspx?playerid=5497&position=SS"">Marwin Gonzalez</a>",32.0,229.0,0.2580349259732062
16429,"<a href=""statss.aspx?playerid=16429&position=OF"">Jason Martin</a>",25.0,40.0,0.21192362159490585
15994,"<a href=""statss.aspx?playerid=15994&position=2B/OF"">Kean Wong</a>",26.0,43.0,0.2064802348613739
5384,"<a href=""statss.aspx?playerid=5384&position=OF"">Juan Lagares</a>",32.0,158.0,0.26465400730728345
16852,"<a href=""statss.aspx?playerid=16852&position=1B"">John Nogowski</a>",28.0,20.0,0.11463521718978882
13367,"<a href=""statss.aspx?playerid=13367&position=OF"">Stephen Piscotty</a>",30.0,141.0,0.2810621553278984
18433,"<a href=""statss.aspx?playerid=18433&position=C/1B"">P.J. Higgins</a>",28.0,25.0,0.09049953699111939
9892,"<a href=""statss.aspx?playerid=9892&position=OF"">Jay Bruce</a>",34.0,39.0,0.21704765466543344
15488,"<a href=""statss.aspx?playerid=15488&position=P"">Antonio Senzatela</a>",26.0,28.0,0.038219796574634056
11680,"<a href=""statss.aspx?playerid=11680&position=C"">Elias Diaz</a>",30.0,146.0,0.2503714973795904
13167,"<a href=""statss.aspx?playerid=13167&position=2B"">Robel Garcia</a>",28.0,67.0,0.23716579444372832
15055,"<a href=""statss.aspx?playerid=15055&position=C"">Dom Nunez</a>",26.0,164.0,0.2536586237990338
3137,"<a href=""statss.aspx?playerid=3137&position=P"">Max Scherzer</a>",36.0,28.0,0.0
14556,"<a href=""statss.aspx?playerid=14556&position=2B/SS"">Max Moroff</a>",28.0,16.0,0.05494095757603645
14950,"<a href=""statss.aspx?playerid=14950&position=3B/SS"">Johan Camargo</a>",27.0,17.0,0.08137841785655302
5751,"<a href=""statss.aspx?playerid=5751&position=2B/3B/OF"">Hernan Perez</a>",30.0,21.0,0.10773754403704688
16042,"<a href=""statss.aspx?playerid=16042&position=OF"">Mark Payton</a>",29.0,24.0,0.20415226618448892
17723,"<a href=""statss.aspx?playerid=17723&position=OF"">Skye Bolt</a>",27.0,40.0,0.1471332773566246
19878,"<a href=""statss.aspx?playerid=19878&position=OF"">Adam Haseley</a>",25.0,21.0,0.1847053567568461
10322,"<a href=""statss.aspx?playerid=10322&position=OF"">Danny Santana</a>",30.0,80.0,0.21857112571597098
17161,"<a href=""statss.aspx?playerid=17161&position=C"">Chad Wallach</a>",29.0,65.0,0.22707463961381177
19635,"<a href=""statss.aspx?playerid=19635&position=2B/3B"">Sheldon Neuse</a>",26.0,59.0,0.22419069177013332
4243,"<a href=""statss.aspx?playerid=4243&position=C"">Jose Lobaton</a>",36.0,13.0,0.10641793104318473
8259,"<a href=""statss.aspx?playerid=8259&position=C"">Kurt Suzuki</a>",37.0,133.0,0.2715818135792972
14691,"<a href=""statss.aspx?playerid=14691&position=2B"">Harold Castro</a>",27.0,155.0,0.28131295691907793
14477,"<a href=""statss.aspx?playerid=14477&position=OF"">Jake Cave</a>",28.0,93.0,0.2265365007130996
3353,"<a href=""statss.aspx?playerid=3353&position=OF"">Matt Joyce</a>",36.0,62.0,0.22114098767439525
19314,"<a href=""statss.aspx?playerid=19314&position=2B"">Donovan Walton</a>",27.0,69.0,0.26662115730456454
22217,"<a href=""statss.aspx?playerid=22217&position=C"">Luis Campusano</a>",22.0,38.0,0.14221137291506716
17098,"<a href=""statss.aspx?playerid=17098&position=OF"">Dustin Fowler</a>",26.0,46.0,0.2024578387322633
21618,"<a href=""statss.aspx?playerid=21618&position=3B"">Alec Bohm</a>",24.0,295.0,0.2694966075784069
785,"<a href=""statss.aspx?playerid=785&position=3B"">Todd Frazier</a>",35.0,40.0,0.1629692941904068
3892,"<a href=""statss.aspx?playerid=3892&position=OF"">Josh Reddick</a>",34.0,115.0,0.27726419645807016
17954,"<a href=""statss.aspx?playerid=17954&position=OF"">Sam Hilliard</a>",27.0,39.0,0.18820493629104212
15653,"<a href=""statss.aspx?playerid=15653&position=1B"">Dominic Smith</a>",26.0,274.0,0.2983636043089278
19533,"<a href=""statss.aspx?playerid=19533&position=1B/DH"">Taylor Jones</a>",27.0,50.0,0.19665549278259278
17684,"<a href=""statss.aspx?playerid=17684&position=3B"">Vimael Machin</a>",27.0,23.0,0.0983690619468689
19627,"<a href=""statss.aspx?playerid=19627&position=DH/OF"">Brent Rooker</a>",26.0,30.0,0.1606312334537506
6012,"<a href=""statss.aspx?playerid=6012&position=SS"">Didi Gregorius</a>",31.0,128.0,0.2669719903487859
5223,"<a href=""statss.aspx?playerid=5223&position=OF"">Cameron Maybin</a>",34.0,33.0,0.13327484600471728
19331,"<a href=""statss.aspx?playerid=19331&position=3B/OF"">Jose Rojas</a>",28.0,130.0,0.2631340123139895
14555,"<a href=""statss.aspx?playerid=14555&position=1B/3B"">Wyatt Mathisen</a>",27.0,51.0,0.21857098153993196
18900,"<a href=""statss.aspx?playerid=18900&position=OF"">Leody Taveras</a>",22.0,50.0,0.12626606822013856
17975,"<a href=""statss.aspx?playerid=17975&position=SS/OF"">Scott Kingery</a>",27.0,19.0,0.04626606953771491
19952,"<a href=""statss.aspx?playerid=19952&position=OF"">Khalil Lee</a>",23.0,18.0,0.06898036268022326
9393,"<a href=""statss.aspx?playerid=9393&position=1B"">Matt Adams</a>",32.0,35.0,0.20097110201330745
14551,"<a href=""statss.aspx?playerid=14551&position=OF"">Anthony Santander</a>",26.0,204.0,0.2870419803511333
20233,"<a href=""statss.aspx?playerid=20233&position=OF"">Gilberto Celestino</a>",22.0,40.0,0.19261277318000794
19864,"<a href=""statss.aspx?playerid=19864&position=C"">Riley Adams</a>",25.0,30.0,0.15819271604220073
14145,"<a href=""statss.aspx?playerid=14145&position=2B/3B/SS"">Daniel Robertson</a>",27.0,83.0,0.2485394154065921
12225,"<a href=""statss.aspx?playerid=12225&position=OF"">Scott Schebler</a>",30.0,34.0,0.1612661831519183
18316,"<a href=""statss.aspx?playerid=18316&position=1B/3B/DH"">Edwin Rios</a>",27.0,60.0,0.18215942283471426
11982,"<a href=""statss.aspx?playerid=11982&position=3B"">Travis Shaw</a>",31.0,202.0,0.2729442893569149
14773,"<a href=""statss.aspx?playerid=14773&position=SS"">Yu Chang</a>",25.0,111.0,0.20570267589242608
10815,"<a href=""statss.aspx?playerid=10815&position=OF"">Jurickson Profar</a>",28.0,254.0,0.2738344840319508
15767,"<a href=""statss.aspx?playerid=15767&position=1B/OF"">Jose Marmolejos</a>",28.0,94.0,0.24958736718969143
12970,"<a href=""statss.aspx?playerid=12970&position=P"">Joe Musgrove</a>",28.0,31.0,0.08749382836478097
19267,"<a href=""statss.aspx?playerid=19267&position=1B"">Will Craig</a>",26.0,65.0,0.25073798559606075
16885,"<a href=""statss.aspx?playerid=16885&position=1B/3B"">Joshua Fuentes</a>",28.0,237.0,0.2770552983728506
16939,"<a href=""statss.aspx?playerid=16939&position=OF"">Lane Thomas</a>",25.0,58.0,0.19268976805502908
19514,"<a href=""statss.aspx?playerid=19514&position=C"">Andrew Knizner</a>",26.0,93.0,0.2369688127351844
1433,"<a href=""statss.aspx?playerid=1433&position=C"">Wilson Ramos</a>",33.0,128.0,0.2684552598567236
14885,"<a href=""statss.aspx?playerid=14885&position=2B/SS"">Pat Valaika</a>",28.0,138.0,0.23121784681821392
19966,"<a href=""statss.aspx?playerid=19966&position=1B"">Bobby Dalbec</a>",26.0,232.0,0.2947703420088209
14109,"<a href=""statss.aspx?playerid=14109&position=OF"">Albert Almora Jr.</a>",27.0,41.0,0.09887963242647124
1744,"<a href=""statss.aspx?playerid=1744&position=1B/3B"">Miguel Cabrera</a>",38.0,242.0,0.28880572097360596
19858,"<a href=""statss.aspx?playerid=19858&position=2B/3B"">Luis Rengifo</a>",24.0,62.0,0.19528604530897298
15124,"<a href=""statss.aspx?playerid=15124&position=OF"">Tim Locastro</a>",28.0,133.0,0.23278570668141646
7927,"<a href=""statss.aspx?playerid=7927&position=2B"">Eric Sogard</a>",35.0,167.0,0.2564287778124752
15694,"<a href=""statss.aspx?playerid=15694&position=C"">Chance Sisco</a>",26.0,75.0,0.21068821907043456
15679,"<a href=""statss.aspx?playerid=15679&position=1B"">Rowdy Tellez</a>",26.0,151.0,0.2656085018316905
12160,"<a href=""statss.aspx?playerid=12160&position=OF"">Ben Gamel</a>",29.0,140.0,0.271167862758362
14567,"<a href=""statss.aspx?playerid=14567&position=1B/OF"">Franchy Cordero</a>",26.0,102.0,0.22175495341272639
19181,"<a href=""statss.aspx?playerid=19181&position=C"">Zack Collins</a>",26.0,123.0,0.3032075689464319
13744,"<a href=""statss.aspx?playerid=13744&position=OF"">David Dahl</a>",27.0,154.0,0.25027374504438415
19948,"<a href=""statss.aspx?playerid=19948&position=OF"">Cristian Pache</a>",22.0,68.0,0.15869681401686234
13369,"<a href=""statss.aspx?playerid=13369&position=3B/SS"">Erik Gonzalez</a>",29.0,226.0,0.24322339233043974
15487,"<a href=""statss.aspx?playerid=15487&position=OF"">Victor Reyes</a>",26.0,86.0,0.1949955827968065
20003,"<a href=""statss.aspx?playerid=20003&position=1B/2B"">Keston Hiura</a>",24.0,150.0,0.2505624705069774
12950,"<a href=""statss.aspx?playerid=12950&position=3B/OF"">Phillip Evans</a>",28.0,193.0,0.2720286463208767
24655,"<a href=""statss.aspx?playerid=24655&position=1B/2B"">Owen Miller</a>",24.0,49.0,0.12533267176881127
27459,"<a href=""statss.aspx?playerid=27459&position=1B/DH/OF"">Yoshi Tsutsugo</a>",29.0,118.0,0.21537847600431523
13324,"<a href=""statss.aspx?playerid=13324&position=2B/3B"">Ildemaro Vargas</a>",29.0,55.0,0.1753715612671592
17696,"<a href=""statss.aspx?playerid=17696&position=2B/SS"">Kevin Newman</a>",27.0,281.0,0.22941426805087498
15490,"<a href=""statss.aspx?playerid=15490&position=OF"">Justin Williams</a>",25.0,137.0,0.22904875242348874
16404,"<a href=""statss.aspx?playerid=16404&position=2B/3B"">Domingo Leyba</a>",25.0,42.0,0.11219799092837743
14523,"<a href=""statss.aspx?playerid=14523&position=C"">Pedro Severino</a>",27.0,204.0,0.2791880927062387
17468,"<a href=""statss.aspx?playerid=17468&position=3B"">Kelvin Gutierrez</a>",26.0,142.0,0.24169373638193373
14942,"<a href=""statss.aspx?playerid=14942&position=C"">Andrew Knapp</a>",29.0,98.0,0.21183210915448714
5273,"<a href=""statss.aspx?playerid=5273&position=C"">Sandy Leon</a>",32.0,124.0,0.1991837986053959
16041,"<a href=""statss.aspx?playerid=16041&position=2B/OF"">Stevie Wilkerson</a>",29.0,76.0,0.18991473160291972
14818,"<a href=""statss.aspx?playerid=14818&position=OF"">JaCoby Jones</a>",29.0,105.0,0.2036441161519005
20078,"<a href=""statss.aspx?playerid=20078&position=1B"">Evan White</a>",25.0,104.0,0.19732410059525415
17922,"<a href=""statss.aspx?playerid=17922&position=2B/3B"">Isan Diaz</a>",25.0,127.0,0.2310246181103491
3411,"<a href=""statss.aspx?playerid=3411&position=C"">Drew Butera</a>",37.0,36.0,0.09090173244476318
22558,"<a href=""statss.aspx?playerid=22558&position=OF"">Jarred Kelenic</a>",21.0,92.0,0.17682843946892282
12907,"<a href=""statss.aspx?playerid=12907&position=OF"">Gregory Polanco</a>",29.0,249.0,0.2687909883043544
15983,"<a href=""statss.aspx?playerid=15983&position=OF"">Jackson Frazier</a>",26.0,218.0,0.2894002076135863
12984,"<a href=""statss.aspx?playerid=12984&position=OF"">Jackie Bradley Jr.</a>",31.0,259.0,0.2333266900773214
12552,"<a href=""statss.aspx?playerid=12552&position=3B"">Eugenio Suarez</a>",29.0,320.0,0.27184868343174456
18136,"<a href=""statss.aspx?playerid=18136&position=OF"">Ka'ai Tom</a>",27.0,130.0,0.2444340244744175
14221,"<a href=""statss.aspx?playerid=14221&position=DH/OF"">Jorge Soler</a>",29.0,285.0,0.2690608903071359
15117,"<a href=""statss.aspx?playerid=15117&position=3B/OF"">Hunter Dozier</a>",29.0,238.0,0.24185273301701585
