playerid,Name,Age,PA,wOBA
15640,"<a href=""statss.aspx?playerid=15640&position=OF"">Aaron Judge</a>",32.0,370.0,0.47039033460222984
26289,"<a href=""statss.aspx?playerid=26289&position=SS"">Gunnar Henderson</a>",23.0,380.0,0.4162204297048121
25764,"<a href=""statss.aspx?playerid=25764&position=SS"">Bobby Witt Jr.</a>",24.0,377.0,0.3778616311403126
20123,"<a href=""statss.aspx?playerid=20123&position=OF"">Juan Soto</a>",25.0,371.0,0.42802248859019937
19755,"<a href=""statss.aspx?playerid=19755&position=DH"">Shohei Ohtani</a>",29.0,375.0,0.4315406090521877
24617,"<a href=""statss.aspx?playerid=24617&position=OF"">Jarren Duran</a>",27.0,385.0,0.362053622957319
26668,"<a href=""statss.aspx?playerid=26668&position=SS"">Elly De La Cruz</a>",22.0,359.0,0.3499388775128997
11579,"<a href=""statss.aspx?playerid=11579&position=OF"">Bryce Harper</a>",31.0,336.0,0.4097489216705648
13510,"<a href=""statss.aspx?playerid=13510&position=3B"">Jose Ramirez</a>",31.0,346.0,0.3730134469026711
27478,"<a href=""statss.aspx?playerid=27478&position=C"">Patrick Bailey</a>",25.0,222.0,0.34140989926066334
24610,"<a href=""statss.aspx?playerid=24610&position=OF"">Steven Kwan</a>",26.0,252.0,0.4161121434424503
13611,"<a href=""statss.aspx?playerid=13611&position=OF"">Mookie Betts</a>",31.0,331.0,0.38883329212125334
18345,"<a href=""statss.aspx?playerid=18345&position=OF"">Kyle Tucker</a>",27.0,262.0,0.41368688482504623
13613,"<a href=""statss.aspx?playerid=13613&position=2B"">Ketel Marte</a>",30.0,360.0,0.36722953918944584
14162,"<a href=""statss.aspx?playerid=14162&position=SS"">Carlos Correa</a>",29.0,275.0,0.3761598708875039
12916,"<a href=""statss.aspx?playerid=12916&position=SS"">Francisco Lindor</a>",30.0,367.0,0.3253908387971509
26288,"<a href=""statss.aspx?playerid=26288&position=C/DH"">Adley Rutschman</a>",26.0,357.0,0.3532856758056062
10815,"<a href=""statss.aspx?playerid=10815&position=OF"">Jurickson Profar</a>",31.0,347.0,0.38545357144397235
5361,"<a href=""statss.aspx?playerid=5361&position=1B"">Freddie Freeman</a>",34.0,372.0,0.3821344367445332
17350,"<a href=""statss.aspx?playerid=17350&position=3B"">Rafael Devers</a>",27.0,311.0,0.38638851436135035
21618,"<a href=""statss.aspx?playerid=21618&position=3B"">Alec Bohm</a>",27.0,351.0,0.3581375621046339
10324,"<a href=""statss.aspx?playerid=10324&position=DH/OF"">Marcell Ozuna</a>",33.0,347.0,0.40400954529729194
27647,"<a href=""statss.aspx?playerid=27647&position=SS"">Anthony Volpe</a>",23.0,390.0,0.3081657629296453
20036,"<a href=""statss.aspx?playerid=20036&position=3B"">Isaac Paredes</a>",25.0,332.0,0.3600817691196095
17338,"<a href=""statss.aspx?playerid=17338&position=2B/OF"">Willi Castro</a>",27.0,333.0,0.3529189302398636
26396,"<a href=""statss.aspx?playerid=26396&position=3B/SS"">Josh Smith</a>",26.0,296.0,0.3677524670857151
20503,"<a href=""statss.aspx?playerid=20503&position=C"">William Contreras</a>",26.0,364.0,0.3426189452163444
25493,"<a href=""statss.aspx?playerid=25493&position=3B/SS"">Joey Ortiz</a>",25.0,251.0,0.3645457537174225
22186,"<a href=""statss.aspx?playerid=22186&position=2B"">Brice Turang</a>",24.0,322.0,0.337685406955432
5417,"<a href=""statss.aspx?playerid=5417&position=2B"">Jose Altuve</a>",34.0,365.0,0.3562001713684627
19709,"<a href=""statss.aspx?playerid=19709&position=SS/OF"">Fernando Tatis Jr.</a>",25.0,345.0,0.3568095464637314
29490,"<a href=""statss.aspx?playerid=29490&position=OF"">Jackson Merrill</a>",21.0,307.0,0.34028747815050575
25976,"<a href=""statss.aspx?playerid=25976&position=OF"">Riley Greene</a>",23.0,352.0,0.3560388799028835
12927,"<a href=""statss.aspx?playerid=12927&position=OF"">Brandon Nimmo</a>",31.0,343.0,0.35773779164280806
27815,"<a href=""statss.aspx?playerid=27815&position=2B/3B"">Jordan Westburg</a>",25.0,320.0,0.3582399909772843
16505,"<a href=""statss.aspx?playerid=16505&position=3B"">Matt Chapman</a>",31.0,353.0,0.32075855331203534
24064,"<a href=""statss.aspx?playerid=24064&position=SS"">Ezequiel Tovar</a>",22.0,361.0,0.3360387483122628
11477,"<a href=""statss.aspx?playerid=11477&position=OF"">Christian Yelich</a>",32.0,249.0,0.38126404431401467
27506,"<a href=""statss.aspx?playerid=27506&position=SS"">Ha-seong Kim</a>",28.0,341.0,0.31664677609258624
7304,"<a href=""statss.aspx?playerid=7304&position=C"">Salvador Perez</a>",34.0,334.0,0.35181283678223446
19556,"<a href=""statss.aspx?playerid=19556&position=DH/OF"">Yordan Alvarez</a>",27.0,348.0,0.3763952072252307
13624,"<a href=""statss.aspx?playerid=13624&position=SS"">Corey Seager</a>",30.0,310.0,0.33919481082324543
16512,"<a href=""statss.aspx?playerid=16512&position=SS"">Isiah Kiner-Falefa</a>",29.0,281.0,0.3308695518284393
15112,"<a href=""statss.aspx?playerid=15112&position=3B"">Ryan McMahon</a>",29.0,349.0,0.3498807651409204
25768,"<a href=""statss.aspx?playerid=25768&position=SS"">CJ Abrams</a>",23.0,332.0,0.3644884734168241
19611,"<a href=""statss.aspx?playerid=19611&position=1B"">Vladimir Guerrero Jr.</a>",25.0,367.0,0.3689760468045219
12533,"<a href=""statss.aspx?playerid=12533&position=2B/SS"">Marcus Semien</a>",33.0,374.0,0.29879313387755735
13419,"<a href=""statss.aspx?playerid=13419&position=1B"">Christian Walker</a>",33.0,358.0,0.34325581955976514
21534,"<a href=""statss.aspx?playerid=21534&position=C"">Cal Raleigh</a>",27.0,305.0,0.2939246629330978
24934,"<a href=""statss.aspx?playerid=24934&position=DH"">David Fry</a>",28.0,211.0,0.40280977539394214
21523,"<a href=""statss.aspx?playerid=21523&position=2B"">Jonathan India</a>",27.0,315.0,0.3504441605673896
24729,"<a href=""statss.aspx?playerid=24729&position=C"">Logan O'Hoppe</a>",24.0,268.0,0.3458382882428973
20308,"<a href=""statss.aspx?playerid=20308&position=OF"">Jake Meyers</a>",28.0,242.0,0.33374846575171124
15986,"<a href=""statss.aspx?playerid=15986&position=SS"">Willy Adames</a>",28.0,365.0,0.3194784595541758
27479,"<a href=""statss.aspx?playerid=27479&position=SS"">Masyn Winn</a>",22.0,292.0,0.32132684441998755
19197,"<a href=""statss.aspx?playerid=19197&position=C"">Will Smith</a>",29.0,301.0,0.3419898312363849
16252,"<a href=""statss.aspx?playerid=16252&position=SS"">Trea Turner</a>",31.0,205.0,0.3643898373696862
23772,"<a href=""statss.aspx?playerid=23772&position=OF"">Wilyer Abreu</a>",25.0,214.0,0.34910404654306787
29591,"<a href=""statss.aspx?playerid=29591&position=OF"">Colton Cowser</a>",24.0,265.0,0.3228119675197529
26368,"<a href=""statss.aspx?playerid=26368&position=OF"">JJ Bleday</a>",26.0,344.0,0.33011409037274
21479,"<a href=""statss.aspx?playerid=21479&position=2B/SS"">Nico Hoerner</a>",27.0,320.0,0.3052509120639215
19858,"<a href=""statss.aspx?playerid=19858&position=2B/3B"">Luis Rengifo</a>",27.0,261.0,0.3535369879924334
2396,"<a href=""statss.aspx?playerid=2396&position=1B"">Carlos Santana</a>",38.0,303.0,0.3340628279800035
17919,"<a href=""statss.aspx?playerid=17919&position=OF"">Ian Happ</a>",29.0,330.0,0.336220476221531
17452,"<a href=""statss.aspx?playerid=17452&position=OF"">Jose Siri</a>",28.0,253.0,0.3058404104709625
19918,"<a href=""statss.aspx?playerid=19918&position=OF"">Daulton Varsho</a>",27.0,288.0,0.29640788419379127
18042,"<a href=""statss.aspx?playerid=18042&position=2B/OF"">Dylan Moore</a>",31.0,250.0,0.32080517763114835
17678,"<a href=""statss.aspx?playerid=17678&position=3B"">Alex Bregman</a>",30.0,345.0,0.3073115454203841
17548,"<a href=""statss.aspx?playerid=17548&position=OF"">Taylor Ward</a>",30.0,341.0,0.33271541413673555
19627,"<a href=""statss.aspx?playerid=19627&position=DH/OF"">Brent Rooker</a>",29.0,292.0,0.3592067823786916
7802,"<a href=""statss.aspx?playerid=7802&position=SS"">Miguel Rojas</a>",35.0,160.0,0.34222520180046556
22515,"<a href=""statss.aspx?playerid=22515&position=OF"">Heliot Ramos</a>",24.0,212.0,0.3733488270214626
19950,"<a href=""statss.aspx?playerid=19950&position=2B/SS"">Andres Gimenez</a>",25.0,332.0,0.28662733080884123
16725,"<a href=""statss.aspx?playerid=16725&position=C"">Jose Trevino</a>",31.0,171.0,0.3073045141556684
20454,"<a href=""statss.aspx?playerid=20454&position=2B/OF"">Jazz Chisholm Jr.</a>",26.0,336.0,0.32389173988836356
16478,"<a href=""statss.aspx?playerid=16478&position=DH/OF"">Kyle Schwarber</a>",31.0,367.0,0.35727539846341905
18036,"<a href=""statss.aspx?playerid=18036&position=1B/2B"">Jake Cronenworth</a>",30.0,359.0,0.33010772214808937
14161,"<a href=""statss.aspx?playerid=14161&position=OF"">Byron Buxton</a>",30.0,233.0,0.33018315861665126
17022,"<a href=""statss.aspx?playerid=17022&position=3B/SS"">Edmundo Sosa</a>",28.0,167.0,0.34478743859084254
23401,"<a href=""statss.aspx?playerid=23401&position=SS"">Jose Caballero</a>",27.0,261.0,0.29925478471292033
29931,"<a href=""statss.aspx?playerid=29931&position=OF"">Jacob Young</a>",24.0,247.0,0.2980983264622141
19734,"<a href=""statss.aspx?playerid=19734&position=2B/3B"">Josh Rojas</a>",30.0,258.0,0.3079513928387314
14551,"<a href=""statss.aspx?playerid=14551&position=OF"">Anthony Santander</a>",29.0,334.0,0.3413406016227014
18839,"<a href=""statss.aspx?playerid=18839&position=1B"">Josh Naylor</a>",27.0,327.0,0.3440378531117306
18314,"<a href=""statss.aspx?playerid=18314&position=SS"">Dansby Swanson</a>",30.0,287.0,0.2887016693195263
15711,"<a href=""statss.aspx?playerid=15711&position=OF"">Tyler O'Neill</a>",29.0,244.0,0.36741874557159937
24679,"<a href=""statss.aspx?playerid=24679&position=2B/OF"">Brendan Donovan</a>",27.0,339.0,0.32551451840583556
20287,"<a href=""statss.aspx?playerid=20287&position=C"">Ben Rortvedt</a>",26.0,171.0,0.33319889767128125
21622,"<a href=""statss.aspx?playerid=21622&position=OF"">Jake McCarthy</a>",26.0,219.0,0.332474266096603
12434,"<a href=""statss.aspx?playerid=12434&position=OF"">Kevin Pillar</a>",35.0,162.0,0.37119401241681593
18373,"<a href=""statss.aspx?playerid=18373&position=1B"">Ryan Mountcastle</a>",27.0,325.0,0.33287886252770055
24618,"<a href=""statss.aspx?playerid=24618&position=C"">Ryan Jeffers</a>",27.0,264.0,0.3391982158327284
15491,"<a href=""statss.aspx?playerid=15491&position=SS"">J.P. Crawford</a>",29.0,268.0,0.3004874295707959
31347,"<a href=""statss.aspx?playerid=31347&position=SS"">Zach Neto</a>",23.0,300.0,0.31914725550839734
21636,"<a href=""statss.aspx?playerid=21636&position=SS"">Jeremy Pena</a>",26.0,337.0,0.30513482965640165
19326,"<a href=""statss.aspx?playerid=19326&position=OF"">Bryan Reynolds</a>",29.0,372.0,0.34787424571430586
9777,"<a href=""statss.aspx?playerid=9777&position=3B"">Nolan Arenado</a>",33.0,324.0,0.30328734936537566
11899,"<a href=""statss.aspx?playerid=11899&position=DH/OF"">Joc Pederson</a>",32.0,237.0,0.37681219301510266
18126,"<a href=""statss.aspx?playerid=18126&position=1B/OF"">LaMonte Wade Jr.</a>",30.0,176.0,0.39146263160924805
19896,"<a href=""statss.aspx?playerid=19896&position=C"">Connor Wong</a>",28.0,231.0,0.37289242620591995
26319,"<a href=""statss.aspx?playerid=26319&position=1B"">Michael Busch</a>",26.0,281.0,0.34806708970240186
22184,"<a href=""statss.aspx?playerid=22184&position=3B/DH"">Mark Vientos</a>",24.0,146.0,0.3887113577699008
25479,"<a href=""statss.aspx?playerid=25479&position=OF"">Brenton Doyle</a>",26.0,324.0,0.3045172279700637
11609,"<a href=""statss.aspx?playerid=11609&position=C"">Willson Contreras</a>",32.0,157.0,0.37902115514645207
26121,"<a href=""statss.aspx?playerid=26121&position=C"">Francisco Alvarez</a>",22.0,116.0,0.37611052702213155
20202,"<a href=""statss.aspx?playerid=20202&position=OF"">Brandon Marsh</a>",26.0,234.0,0.33905443345379627
26294,"<a href=""statss.aspx?playerid=26294&position=2B"">Bryson Stott</a>",26.0,304.0,0.30753766447797465
27531,"<a href=""statss.aspx?playerid=27531&position=2B/SS"">David Hamilton</a>",26.0,178.0,0.32021471523167044
18030,"<a href=""statss.aspx?playerid=18030&position=OF"">Harrison Bader</a>",30.0,246.0,0.3120008016119198
19251,"<a href=""statss.aspx?playerid=19251&position=1B"">Pete Alonso</a>",29.0,354.0,0.3458162254078096
21840,"<a href=""statss.aspx?playerid=21840&position=C"">Freddy Fermin</a>",29.0,161.0,0.33019430115818976
19921,"<a href=""statss.aspx?playerid=19921&position=OF"">Blake Perkins</a>",27.0,257.0,0.3005892098645756
18360,"<a href=""statss.aspx?playerid=18360&position=3B"">Austin Riley</a>",27.0,293.0,0.32565418363838067
16442,"<a href=""statss.aspx?playerid=16442&position=1B"">Ryan O'Hearn</a>",30.0,251.0,0.34724054279097594
25961,"<a href=""statss.aspx?playerid=25961&position=DH/OF"">Kerry Carpenter</a>",26.0,163.0,0.38190855607390406
20437,"<a href=""statss.aspx?playerid=20437&position=3B"">Royce Lewis</a>",25.0,97.0,0.4242266571770112
13620,"<a href=""statss.aspx?playerid=13620&position=C"">Carson Kelly</a>",29.0,155.0,0.3148026216414667
20538,"<a href=""statss.aspx?playerid=20538&position=1B/3B"">Jose Miranda</a>",26.0,241.0,0.3526592453320821
29622,"<a href=""statss.aspx?playerid=29622&position=OF"">Sal Frelick</a>",24.0,284.0,0.30537774736154166
21711,"<a href=""statss.aspx?playerid=21711&position=SS/OF"">Oneil Cruz</a>",25.0,303.0,0.3082737823327382
6184,"<a href=""statss.aspx?playerid=6184&position=DH/OF"">J.D. Martinez</a>",36.0,234.0,0.362094475335373
13066,"<a href=""statss.aspx?playerid=13066&position=OF"">Teoscar Hernandez</a>",31.0,350.0,0.3374347472670435
19452,"<a href=""statss.aspx?playerid=19452&position=C"">Jake Rogers</a>",29.0,171.0,0.26672569248411393
26323,"<a href=""statss.aspx?playerid=26323&position=1B/OF"">Spencer Steer</a>",26.0,342.0,0.32666590294180725
23565,"<a href=""statss.aspx?playerid=23565&position=2B/OF"">Davis Schneider</a>",25.0,272.0,0.31541165928630266
33333,"<a href=""statss.aspx?playerid=33333&position=OF"">Wyatt Langford</a>",22.0,245.0,0.3092750497315646
18015,"<a href=""statss.aspx?playerid=18015&position=SS"">Paul DeJong</a>",30.0,286.0,0.3129469170853808
27562,"<a href=""statss.aspx?playerid=27562&position=C"">Austin Wells</a>",24.0,163.0,0.2891001050457633
22558,"<a href=""statss.aspx?playerid=22558&position=OF"">Jarred Kelenic</a>",24.0,241.0,0.3362763791163433
23697,"<a href=""statss.aspx?playerid=23697&position=OF"">Julio Rodriguez</a>",23.0,360.0,0.27831934458679625
15998,"<a href=""statss.aspx?playerid=15998&position=1B/OF"">Cody Bellinger</a>",28.0,309.0,0.319397256022594
20599,"<a href=""statss.aspx?playerid=20599&position=C/DH"">Ivan Herrera</a>",24.0,192.0,0.31700403122377646
16556,"<a href=""statss.aspx?playerid=16556&position=2B"">Ozzie Albies</a>",27.0,327.0,0.31000377315264593
11493,"<a href=""statss.aspx?playerid=11493&position=3B"">Manny Machado</a>",31.0,330.0,0.31147444816736075
11680,"<a href=""statss.aspx?playerid=11680&position=C"">Elias Diaz</a>",33.0,220.0,0.34445936034578795
16530,"<a href=""statss.aspx?playerid=16530&position=OF"">Mauricio Dubon</a>",29.0,220.0,0.3124346714041549
23003,"<a href=""statss.aspx?playerid=23003&position=C"">Yainer Diaz</a>",25.0,290.0,0.3125159051911584
30116,"<a href=""statss.aspx?playerid=30116&position=DH/OF"">Seiya Suzuki</a>",29.0,258.0,0.3383299431135488
13770,"<a href=""statss.aspx?playerid=13770&position=OF"">Rob Refsnyder</a>",33.0,171.0,0.37774796845644887
19844,"<a href=""statss.aspx?playerid=19844&position=2B/3B"">Abraham Toro</a>",27.0,295.0,0.30024300419023014
19566,"<a href=""statss.aspx?playerid=19566&position=1B"">Nathaniel Lowe</a>",28.0,252.0,0.3199043470242667
7739,"<a href=""statss.aspx?playerid=7739&position=C"">Travis d'Arnaud</a>",35.0,182.0,0.31690223662407846
13301,"<a href=""statss.aspx?playerid=13301&position=1B/3B"">Max Muncy</a>",33.0,167.0,0.3355144648840933
18401,"<a href=""statss.aspx?playerid=18401&position=OF"">Ronald Acuna Jr.</a>",26.0,222.0,0.32185090957461177
22857,"<a href=""statss.aspx?playerid=22857&position=OF"">Wenceel Perez</a>",24.0,248.0,0.31231135105797153
13590,"<a href=""statss.aspx?playerid=13590&position=OF"">Jesse Winker</a>",30.0,311.0,0.3444798824849067
10155,"<a href=""statss.aspx?playerid=10155&position=OF"">Mike Trout</a>",32.0,126.0,0.365490749835968
22664,"<a href=""statss.aspx?playerid=22664&position=C"">Gabriel Moreno</a>",24.0,217.0,0.2916126267777549
15274,"<a href=""statss.aspx?playerid=15274&position=OF"">Mike Tauchman</a>",33.0,256.0,0.33091508550569415
20391,"<a href=""statss.aspx?playerid=20391&position=2B"">Luis Garcia Jr.</a>",24.0,277.0,0.2978382902455244
27684,"<a href=""statss.aspx?playerid=27684&position=2B"">Michael Massey</a>",26.0,125.0,0.3513202320356838
27676,"<a href=""statss.aspx?playerid=27676&position=1B"">Vinnie Pasquantino</a>",26.0,336.0,0.3243278631523474
21558,"<a href=""statss.aspx?playerid=21558&position=OF"">Matt Vierling</a>",27.0,284.0,0.3088058224866088
24589,"<a href=""statss.aspx?playerid=24589&position=2B/OF"">Richie Palacios</a>",27.0,235.0,0.3011785278032566
17273,"<a href=""statss.aspx?playerid=17273&position=SS"">Jorge Mateo</a>",29.0,176.0,0.3018898429541752
27490,"<a href=""statss.aspx?playerid=27490&position=2B"">Nick Gonzales</a>",25.0,178.0,0.3223028968680989
19238,"<a href=""statss.aspx?playerid=19238&position=OF"">Lourdes Gurriel Jr.</a>",30.0,328.0,0.3131156294811063
14344,"<a href=""statss.aspx?playerid=14344&position=1B"">Matt Olson</a>",30.0,344.0,0.3235009319601003
17988,"<a href=""statss.aspx?playerid=17988&position=C"">Tyler Stephenson</a>",27.0,230.0,0.311644110877441
19354,"<a href=""statss.aspx?playerid=19354&position=OF"">Luke Raley</a>",29.0,221.0,0.325617116689682
16426,"<a href=""statss.aspx?playerid=16426&position=2B"">Thairo Estrada</a>",28.0,311.0,0.27706109442511556
22715,"<a href=""statss.aspx?playerid=22715&position=3B"">Maikel Garcia</a>",24.0,376.0,0.2730184114330895
24816,"<a href=""statss.aspx?playerid=24816&position=OF"">Andy Pages</a>",23.0,266.0,0.3139133305477917
17027,"<a href=""statss.aspx?playerid=17027&position=OF"">Alex Verdugo</a>",28.0,342.0,0.3012012511666058
27735,"<a href=""statss.aspx?playerid=27735&position=2B"">Brett Wisely</a>",25.0,114.0,0.33134425888981733
11739,"<a href=""statss.aspx?playerid=11739&position=C"">J.T. Realmuto</a>",33.0,223.0,0.313488369832659
17696,"<a href=""statss.aspx?playerid=17696&position=2B/SS"">Kevin Newman</a>",30.0,184.0,0.3000357815852532
21614,"<a href=""statss.aspx?playerid=21614&position=OF"">Kyle Isbel</a>",27.0,220.0,0.29039513075956
21865,"<a href=""statss.aspx?playerid=21865&position=C"">Bo Naylor</a>",24.0,197.0,0.26742279012592474
28806,"<a href=""statss.aspx?playerid=28806&position=OF"">Jackson Chourio</a>",20.0,254.0,0.29399784997342127
25878,"<a href=""statss.aspx?playerid=25878&position=OF"">Corbin Carroll</a>",23.0,348.0,0.2790814543935074
16572,"<a href=""statss.aspx?playerid=16572&position=1B/OF"">Connor Joe</a>",31.0,277.0,0.3216366582158683
4949,"<a href=""statss.aspx?playerid=4949&position=DH/OF"">Giancarlo Stanton</a>",34.0,281.0,0.34050481535785987
18819,"<a href=""statss.aspx?playerid=18819&position=2B/3B"">Andy Ibanez</a>",31.0,126.0,0.3201364477475484
9241,"<a href=""statss.aspx?playerid=9241&position=OF"">Starling Marte</a>",35.0,266.0,0.3247481159444125
12144,"<a href=""statss.aspx?playerid=12144&position=OF"">Max Kepler</a>",31.0,228.0,0.3056127145426914
5517,"<a href=""statss.aspx?playerid=5517&position=C"">Kyle Higashioka</a>",34.0,103.0,0.32444053251766464
16535,"<a href=""statss.aspx?playerid=16535&position=C"">Danny Jansen</a>",29.0,191.0,0.311063183539825
21454,"<a href=""statss.aspx?playerid=21454&position=OF"">Lars Nootbaar</a>",26.0,164.0,0.3254632460482327
22581,"<a href=""statss.aspx?playerid=22581&position=C"">Alejandro Kirk</a>",25.0,152.0,0.2639781981706619
19262,"<a href=""statss.aspx?playerid=19262&position=2B/OF"">Garrett Hampson</a>",29.0,122.0,0.29561910331249236
27615,"<a href=""statss.aspx?playerid=27615&position=1B/OF"">Alec Burleson</a>",25.0,281.0,0.33054046647950314
20352,"<a href=""statss.aspx?playerid=20352&position=2B/3B"">Ernie Clement</a>",28.0,152.0,0.29239405671755475
14968,"<a href=""statss.aspx?playerid=14968&position=C"">Victor Caratini</a>",30.0,115.0,0.3048173225444296
16578,"<a href=""statss.aspx?playerid=16578&position=1B/3B/DH"">Yandy Diaz</a>",32.0,367.0,0.31370532707557364
18882,"<a href=""statss.aspx?playerid=18882&position=2B"">Brandon Lowe</a>",29.0,138.0,0.32612178490979826
14854,"<a href=""statss.aspx?playerid=14854&position=OF"">Mike Yastrzemski</a>",33.0,215.0,0.30841282975505774
26477,"<a href=""statss.aspx?playerid=26477&position=1B"">Spencer Horwitz</a>",26.0,73.0,0.3862689957022667
24488,"<a href=""statss.aspx?playerid=24488&position=SS"">Max Schuemann</a>",27.0,208.0,0.2814686286796644
19608,"<a href=""statss.aspx?playerid=19608&position=2B/SS"">Otto Lopez</a>",25.0,175.0,0.2739416547985964
15905,"<a href=""statss.aspx?playerid=15905&position=C"">Luis Torrens</a>",28.0,32.0,0.4337257854640484
25931,"<a href=""statss.aspx?playerid=25931&position=OF"">Michael Harris II</a>",23.0,278.0,0.2852343886767914
22557,"<a href=""statss.aspx?playerid=22557&position=OF"">Michael Siani</a>",24.0,186.0,0.26121936713234856
23690,"<a href=""statss.aspx?playerid=23690&position=SS"">Brayan Rocchio</a>",23.0,245.0,0.27622327613241876
20043,"<a href=""statss.aspx?playerid=20043&position=OF"">Luis Robert Jr.</a>",26.0,129.0,0.3212589002031041
25660,"<a href=""statss.aspx?playerid=25660&position=OF"">Will Brennan</a>",26.0,226.0,0.31464031312082497
26208,"<a href=""statss.aspx?playerid=26208&position=2B/SS"">Tyler Fitzgerald</a>",26.0,76.0,0.3311460425979213
10231,"<a href=""statss.aspx?playerid=10231&position=SS"">Jose Iglesias</a>",34.0,43.0,0.40494371028173537
4940,"<a href=""statss.aspx?playerid=4940&position=OF"">Jason Heyward</a>",34.0,130.0,0.31545029190870433
29766,"<a href=""statss.aspx?playerid=29766&position=2B"">Zack Gelof</a>",24.0,256.0,0.27156605964570535
16939,"<a href=""statss.aspx?playerid=16939&position=OF"">Lane Thomas</a>",28.0,238.0,0.31071761500935596
25575,"<a href=""statss.aspx?playerid=25575&position=C"">Kyle McCann</a>",26.0,95.0,0.3549298130451365
25816,"<a href=""statss.aspx?playerid=25816&position=C"">Shea Langeliers</a>",26.0,269.0,0.2914259380169129
18900,"<a href=""statss.aspx?playerid=18900&position=OF"">Leody Taveras</a>",25.0,287.0,0.27547351276124277
19612,"<a href=""statss.aspx?playerid=19612&position=SS"">Bo Bichette</a>",26.0,297.0,0.2733222252211055
18568,"<a href=""statss.aspx?playerid=18568&position=1B/2B"">Luis Arraez</a>",27.0,375.0,0.3239534617109529
26123,"<a href=""statss.aspx?playerid=26123&position=3B"">Brett Baty</a>",24.0,171.0,0.2822889675050092
11445,"<a href=""statss.aspx?playerid=11445&position=OF"">Mark Canha</a>",35.0,316.0,0.304396656857934
25180,"<a href=""statss.aspx?playerid=25180&position=2B/OF"">Daniel Schneemann</a>",27.0,69.0,0.3567338274872821
26299,"<a href=""statss.aspx?playerid=26299&position=3B"">Josh Jung</a>",26.0,19.0,0.5772089424886202
21501,"<a href=""statss.aspx?playerid=21501&position=DH/OF"">Trevor Larnach</a>",27.0,183.0,0.32144596179326373
17929,"<a href=""statss.aspx?playerid=17929&position=OF"">Cedric Mullins</a>",29.0,257.0,0.28072507469914854
24336,"<a href=""statss.aspx?playerid=24336&position=OF"">Johan Rojas</a>",23.0,202.0,0.25395778182781104
5235,"<a href=""statss.aspx?playerid=5235&position=3B"">Justin Turner</a>",39.0,277.0,0.3265408255993674
29547,"<a href=""statss.aspx?playerid=29547&position=2B"">Ryan Bliss</a>",24.0,62.0,0.31037314732869464
29630,"<a href=""statss.aspx?playerid=29630&position=OF"">Joey Loperfido</a>",25.0,65.0,0.3380252243950963
13621,"<a href=""statss.aspx?playerid=13621&position=3B"">Jeimer Candelario</a>",30.0,296.0,0.32956239520697983
12147,"<a href=""statss.aspx?playerid=12147&position=SS"">Nick Ahmed</a>",34.0,151.0,0.272753741517163
15194,"<a href=""statss.aspx?playerid=15194&position=1B/OF"">Jake Bauers</a>",28.0,197.0,0.3184005529904852
18577,"<a href=""statss.aspx?playerid=18577&position=3B"">Ke'Bryan Hayes</a>",27.0,246.0,0.27116622188226963
21524,"<a href=""statss.aspx?playerid=21524&position=C"">Joey Bart</a>",27.0,73.0,0.35795091766200654
27534,"<a href=""statss.aspx?playerid=27534&position=2B"">Edouard Julien</a>",25.0,194.0,0.30170577057858106
13723,"<a href=""statss.aspx?playerid=13723&position=C"">Jacob Stallings</a>",34.0,143.0,0.34816940359666315
24262,"<a href=""statss.aspx?playerid=24262&position=OF"">Ceddanne Rafaela</a>",23.0,303.0,0.2816441478919349
31166,"<a href=""statss.aspx?playerid=31166&position=OF"">Heston Kjerstad</a>",25.0,37.0,0.42259930405351853
10243,"<a href=""statss.aspx?playerid=10243&position=OF"">Randal Grichuk</a>",32.0,140.0,0.3374887568610055
27769,"<a href=""statss.aspx?playerid=27769&position=OF"">Pete Crow-Armstrong</a>",22.0,144.0,0.23125779458454676
17907,"<a href=""statss.aspx?playerid=17907&position=2B"">Brendan Rodgers</a>",27.0,255.0,0.3141705206060034
19964,"<a href=""statss.aspx?playerid=19964&position=3B"">Eguy Rosario</a>",24.0,56.0,0.3509237538684498
16947,"<a href=""statss.aspx?playerid=16947&position=OF"">Derek Hill</a>",28.0,25.0,0.44215750217437744
19352,"<a href=""statss.aspx?playerid=19352&position=C"">Sean Murphy</a>",29.0,92.0,0.29083694906338403
12856,"<a href=""statss.aspx?playerid=12856&position=OF"">George Springer</a>",34.0,319.0,0.2905178126299156
16451,"<a href=""statss.aspx?playerid=16451&position=2B/3B"">Luis Guillorme</a>",29.0,101.0,0.2942613273859024
26438,"<a href=""statss.aspx?playerid=26438&position=DH/OF"">Dominic Canzone</a>",26.0,137.0,0.306926487123265
19901,"<a href=""statss.aspx?playerid=19901&position=DH/OF"">Gavin Sheets</a>",28.0,281.0,0.32347136693341394
22514,"<a href=""statss.aspx?playerid=22514&position=1B"">Triston Casas</a>",24.0,93.0,0.3566873630324563
13744,"<a href=""statss.aspx?playerid=13744&position=OF"">David Dahl</a>",30.0,52.0,0.3249440903847034
19953,"<a href=""statss.aspx?playerid=19953&position=OF"">Josh Lowe</a>",26.0,123.0,0.30641577820308874
20321,"<a href=""statss.aspx?playerid=20321&position=OF"">Stuart Fairchild</a>",28.0,174.0,0.2925984077370925
15878,"<a href=""statss.aspx?playerid=15878&position=3B/DH/OF"">Miguel Andujar</a>",29.0,135.0,0.3192127064422325
20178,"<a href=""statss.aspx?playerid=20178&position=3B"">Miguel Vargas</a>",24.0,39.0,0.38754314948350954
21707,"<a href=""statss.aspx?playerid=21707&position=3B/OF"">Oswaldo Cabrera</a>",25.0,212.0,0.2735712418578706
16376,"<a href=""statss.aspx?playerid=16376&position=OF"">Michael Conforto</a>",31.0,232.0,0.31096871068765375
17232,"<a href=""statss.aspx?playerid=17232&position=3B"">Yoan Moncada</a>",29.0,44.0,0.3402471596544439
25543,"<a href=""statss.aspx?playerid=25543&position=C"">Korey Lee</a>",25.0,215.0,0.2835962436919989
16953,"<a href=""statss.aspx?playerid=16953&position=C"">Chadwick Tromp</a>",29.0,54.0,0.26644041803148055
19290,"<a href=""statss.aspx?playerid=19290&position=OF"">Randy Arozarena</a>",29.0,329.0,0.2971499151009557
16997,"<a href=""statss.aspx?playerid=16997&position=2B"">Gleyber Torres</a>",27.0,341.0,0.2883572231320774
22532,"<a href=""statss.aspx?playerid=22532&position=OF"">Tyler Freeman</a>",25.0,287.0,0.28368097206729037
13324,"<a href=""statss.aspx?playerid=13324&position=2B/3B"">Ildemaro Vargas</a>",32.0,165.0,0.29187647023318725
16472,"<a href=""statss.aspx?playerid=16472&position=1B"">Rhys Hoskins</a>",31.0,252.0,0.32135901832580566
27467,"<a href=""statss.aspx?playerid=27467&position=1B/OF"">Tyler Soderstrom</a>",22.0,141.0,0.32747253690447126
20572,"<a href=""statss.aspx?playerid=20572&position=1B"">Kody Clemens</a>",28.0,50.0,0.3532326030731201
19788,"<a href=""statss.aspx?playerid=19788&position=2B"">Zach Remillard</a>",30.0,39.0,0.30474400049761724
13675,"<a href=""statss.aspx?playerid=13675&position=OF"">Tyrone Taylor</a>",30.0,170.0,0.2827034892415154
15518,"<a href=""statss.aspx?playerid=15518&position=SS"">Amed Rosario</a>",28.0,229.0,0.3096367263898058
15674,"<a href=""statss.aspx?playerid=15674&position=C"">Reese McGuire</a>",29.0,136.0,0.26525416639116073
13755,"<a href=""statss.aspx?playerid=13755&position=C"">Tomas Nido</a>",30.0,105.0,0.2428412090227442
16930,"<a href=""statss.aspx?playerid=16930&position=C"">Jonah Heim</a>",29.0,274.0,0.2757561757181683
8623,"<a href=""statss.aspx?playerid=8623&position=2B"">Donovan Solano</a>",36.0,146.0,0.3256103327013042
22842,"<a href=""statss.aspx?playerid=22842&position=OF"">Alexander Canario</a>",24.0,25.0,0.3571741414070129
2967,"<a href=""statss.aspx?playerid=2967&position=OF"">Tommy Pham</a>",36.0,212.0,0.32072086716597936
15271,"<a href=""statss.aspx?playerid=15271&position=C"">Austin Wynns</a>",33.0,5.0,0.7526676893234253
19363,"<a href=""statss.aspx?playerid=19363&position=OF"">Austin Hays</a>",28.0,136.0,0.3105710850821601
22799,"<a href=""statss.aspx?playerid=22799&position=SS"">Geraldo Perdomo</a>",24.0,80.0,0.2927782641181463
25805,"<a href=""statss.aspx?playerid=25805&position=C/OF"">Blake Sabol</a>",26.0,38.0,0.3524133208635691
22054,"<a href=""statss.aspx?playerid=22054&position=OF"">Dane Myers</a>",28.0,73.0,0.2946547808712476
12976,"<a href=""statss.aspx?playerid=12976&position=C"">Austin Hedges</a>",31.0,69.0,0.19132851085801056
19892,"<a href=""statss.aspx?playerid=19892&position=1B/OF"">Pavin Smith</a>",28.0,61.0,0.34999281754259204
21587,"<a href=""statss.aspx?playerid=21587&position=C"">Cesar Salazar</a>",28.0,16.0,0.3436016281445821
19287,"<a href=""statss.aspx?playerid=19287&position=OF"">Adolis Garcia</a>",31.0,333.0,0.3046529488750251
23733,"<a href=""statss.aspx?playerid=23733&position=3B"">Ezequiel Duran</a>",25.0,187.0,0.2736447262253991
17838,"<a href=""statss.aspx?playerid=17838&position=DH/OF"">Willie Calhoun</a>",29.0,167.0,0.32147283510989455
19296,"<a href=""statss.aspx?playerid=19296&position=OF"">Alex Call</a>",29.0,21.0,0.3947173896290007
22263,"<a href=""statss.aspx?playerid=22263&position=2B/3B"">Nolan Gorman</a>",24.0,299.0,0.28781770919793404
9847,"<a href=""statss.aspx?playerid=9847&position=OF"">Andrew McCutchen</a>",37.0,302.0,0.31990324500391254
19339,"<a href=""statss.aspx?playerid=19339&position=2B/SS"">Nicky Lopez</a>",29.0,251.0,0.2616234876671616
21078,"<a href=""statss.aspx?playerid=21078&position=OF"">Trey Cabbage</a>",27.0,51.0,0.3285056656482173
12161,"<a href=""statss.aspx?playerid=12161&position=SS"">Xander Bogaerts</a>",31.0,200.0,0.2566386094689369
25616,"<a href=""statss.aspx?playerid=25616&position=SS"">Marco Luciano</a>",22.0,27.0,0.42431321188255594
11442,"<a href=""statss.aspx?playerid=11442&position=C"">Gary Sanchez</a>",31.0,164.0,0.30351704104644495
22505,"<a href=""statss.aspx?playerid=22505&position=2B/3B"">Buddy Kennedy</a>",25.0,13.0,0.3315064035929166
12037,"<a href=""statss.aspx?playerid=12037&position=3B"">Jon Berti</a>",34.0,60.0,0.2906793881270845
25425,"<a href=""statss.aspx?playerid=25425&position=1B/DH"">Austin Shenton</a>",26.0,44.0,0.3103348219936544
24257,"<a href=""statss.aspx?playerid=24257&position=OF"">Jhonkensy Noel</a>",22.0,14.0,0.43162850396973745
5343,"<a href=""statss.aspx?playerid=5343&position=SS"">Brandon Crawford</a>",37.0,61.0,0.25845262554825327
19522,"<a href=""statss.aspx?playerid=19522&position=OF"">TJ Friedl</a>",28.0,111.0,0.3042089654518677
18551,"<a href=""statss.aspx?playerid=18551&position=C"">Ali Sanchez</a>",27.0,19.0,0.3125164608160655
19260,"<a href=""statss.aspx?playerid=19260&position=OF"">Jake Fraley</a>",29.0,209.0,0.29896786081733884
27630,"<a href=""statss.aspx?playerid=27630&position=2B/3B"">Nick Loftin</a>",25.0,133.0,0.2703787729595647
11038,"<a href=""statss.aspx?playerid=11038&position=OF"">Kevin Kiermaier</a>",34.0,165.0,0.2300992885731762
18872,"<a href=""statss.aspx?playerid=18872&position=DH/OF"">Jahmai Jones</a>",26.0,36.0,0.3356693949018206
19252,"<a href=""statss.aspx?playerid=19252&position=2B"">Cavan Biggio</a>",29.0,168.0,0.2729052412940795
19293,"<a href=""statss.aspx?playerid=19293&position=OF"">Nick Senzel</a>",29.0,223.0,0.3017664567917181
26295,"<a href=""statss.aspx?playerid=26295&position=3B"">Oliver Dunn</a>",26.0,104.0,0.2662219329945092
18363,"<a href=""statss.aspx?playerid=18363&position=OF"">Victor Robles</a>",27.0,55.0,0.268981804262917
20157,"<a href=""statss.aspx?playerid=20157&position=2B/3B"">Matthew Batten</a>",29.0,3.0,0.529969334602356
18067,"<a href=""statss.aspx?playerid=18067&position=C"">Garrett Stubbs</a>",31.0,96.0,0.24798109444479147
21646,"<a href=""statss.aspx?playerid=21646&position=C"">Rafael Marchan</a>",25.0,35.0,0.30172860622406006
19292,"<a href=""statss.aspx?playerid=19292&position=1B/3B"">Armando Alvarez</a>",29.0,17.0,0.4141918315606959
20311,"<a href=""statss.aspx?playerid=20311&position=OF"">Corey Julks</a>",28.0,111.0,0.31064512385978355
8418,"<a href=""statss.aspx?playerid=8418&position=3B/SS"">Ehire Adrianza</a>",34.0,28.0,0.26169467185224804
18564,"<a href=""statss.aspx?playerid=18564&position=OF"">Trent Grisham</a>",27.0,94.0,0.2849754684714861
17982,"<a href=""statss.aspx?playerid=17982&position=1B"">Ty France</a>",29.0,285.0,0.3097982814437465
24782,"<a href=""statss.aspx?playerid=24782&position=1B/3B"">David Villar</a>",27.0,15.0,0.42146165370941163
14593,"<a href=""statss.aspx?playerid=14593&position=2B/3B"">David Bote</a>",31.0,24.0,0.3014100467165311
13602,"<a href=""statss.aspx?playerid=13602&position=3B"">Patrick Wisdom</a>",32.0,94.0,0.2955250900278809
12861,"<a href=""statss.aspx?playerid=12861&position=3B"">Anthony Rendon</a>",34.0,83.0,0.28442646796444815
27790,"<a href=""statss.aspx?playerid=27790&position=OF"">Evan Carter</a>",21.0,162.0,0.2782459454036053
26151,"<a href=""statss.aspx?playerid=26151&position=OF"">Kyle Stowers</a>",26.0,36.0,0.31877636743916404
21562,"<a href=""statss.aspx?playerid=21562&position=1B/2B"">Romy Gonzalez</a>",27.0,62.0,0.3241874287205358
19806,"<a href=""statss.aspx?playerid=19806&position=C"">Jason Delay</a>",29.0,19.0,0.32392947872479755
33824,"<a href=""statss.aspx?playerid=33824&position=OF"">Jung Hoo Lee</a>",25.0,158.0,0.28445094107072566
19948,"<a href=""statss.aspx?playerid=19948&position=OF"">Cristian Pache</a>",25.0,96.0,0.2592966078470151
25448,"<a href=""statss.aspx?playerid=25448&position=OF"">Greg Jones</a>",26.0,6.0,0.4564569691816966
27462,"<a href=""statss.aspx?playerid=27462&position=OF"">Austin Martin</a>",25.0,118.0,0.31341895865181746
29788,"<a href=""statss.aspx?playerid=29788&position=3B"">Brett Harris</a>",26.0,55.0,0.2828148224137046
29576,"<a href=""statss.aspx?playerid=29576&position=1B/DH"">Ben Rice</a>",25.0,40.0,0.32039128988981247
19779,"<a href=""statss.aspx?playerid=19779&position=OF"">Dairon Blanco</a>",31.0,85.0,0.26894873596099483
21009,"<a href=""statss.aspx?playerid=21009&position=2B/SS"">Leo Rivas</a>",26.0,6.0,0.4119364519913991
19151,"<a href=""statss.aspx?playerid=19151&position=OF"">Estevan Florial</a>",26.0,111.0,0.27678382179953837
23789,"<a href=""statss.aspx?playerid=23789&position=3B"">Blaze Alexander</a>",25.0,175.0,0.3067946190806641
14221,"<a href=""statss.aspx?playerid=14221&position=DH/OF"">Jorge Soler</a>",32.0,297.0,0.3104581603327313
15464,"<a href=""statss.aspx?playerid=15464&position=OF"">Hunter Renfroe</a>",32.0,219.0,0.29984967975311627
12552,"<a href=""statss.aspx?playerid=12552&position=3B"">Eugenio Suarez</a>",32.0,315.0,0.2647981053306943
19913,"<a href=""statss.aspx?playerid=19913&position=OF"">Jesus Sanchez</a>",26.0,254.0,0.2846346728415357
15504,"<a href=""statss.aspx?playerid=15504&position=2B"">Jamie Westbrook</a>",29.0,24.0,0.3115622660388117
17766,"<a href=""statss.aspx?playerid=17766&position=OF"">D.J. Stewart</a>",30.0,156.0,0.3058899109944319
22274,"<a href=""statss.aspx?playerid=22274&position=OF"">Samad Taylor</a>",25.0,5.0,0.3526842832565308
31396,"<a href=""statss.aspx?playerid=31396&position=1B"">Tyler Locklear</a>",23.0,32.0,0.2940038498491049
12564,"<a href=""statss.aspx?playerid=12564&position=SS"">Trevor Story</a>",31.0,34.0,0.2626800826101592
19599,"<a href=""statss.aspx?playerid=19599&position=OF"">Chas McCormick</a>",29.0,147.0,0.2717402459812813
18217,"<a href=""statss.aspx?playerid=18217&position=C"">Brett Sullivan</a>",30.0,10.0,0.38130325078964233
22266,"<a href=""statss.aspx?playerid=22266&position=2B/SS"">Xavier Edwards</a>",24.0,11.0,0.31949257308786566
12164,"<a href=""statss.aspx?playerid=12164&position=1B/3B"">Miguel Sano</a>",31.0,88.0,0.2882438369772651
12160,"<a href=""statss.aspx?playerid=12160&position=OF"">Ben Gamel</a>",32.0,1.0,0.6891307234764099
19600,"<a href=""statss.aspx?playerid=19600&position=OF"">Bryan De La Cruz</a>",27.0,356.0,0.3077243040984785
13897,"<a href=""statss.aspx?playerid=13897&position=C"">Tyler Heineman</a>",33.0,3.0,0.240064005057017
27501,"<a href=""statss.aspx?playerid=27501&position=2B/DH"">Justin Foscue</a>",25.0,2.0,0.44085535407066345
14712,"<a href=""statss.aspx?playerid=14712&position=OF"">Manuel Margot</a>",29.0,183.0,0.2833238794503968
19392,"<a href=""statss.aspx?playerid=19392&position=3B/OF"">Zach McKinstry</a>",29.0,142.0,0.23954713638399688
29949,"<a href=""statss.aspx?playerid=29949&position=1B/DH"">Tyler Black</a>",23.0,38.0,0.27778103790785136
19318,"<a href=""statss.aspx?playerid=19318&position=C"">Matt Thaiss</a>",29.0,75.0,0.3018609356880188
23792,"<a href=""statss.aspx?playerid=23792&position=OF"">Alek Thomas</a>",24.0,14.0,0.2989834249019623
5760,"<a href=""statss.aspx?playerid=5760&position=OF"">Avisail Garcia</a>",33.0,51.0,0.2740822633107503
23968,"<a href=""statss.aspx?playerid=23968&position=OF"">Jorge Barrosa</a>",23.0,10.0,0.21361568570137024
15689,"<a href=""statss.aspx?playerid=15689&position=P"">Luis Castillo</a>",31.0,1.0,0.0
18821,"<a href=""statss.aspx?playerid=18821&position=OF"">Jose Azocar</a>",28.0,79.0,0.23459610037314585
1247,"<a href=""statss.aspx?playerid=1247&position=P"">Adam Ottavino</a>",38.0,0.0,0.0
1890,"<a href=""statss.aspx?playerid=1890&position=P"">Matt Moore</a>",35.0,0.0,0.0
2520,"<a href=""statss.aspx?playerid=2520&position=P"">Lance Lynn</a>",37.0,0.0,0.0
3096,"<a href=""statss.aspx?playerid=3096&position=P"">Kenley Jansen</a>",36.0,0.0,0.0
3137,"<a href=""statss.aspx?playerid=3137&position=P"">Max Scherzer</a>",39.0,0.0,0.0
3237,"<a href=""statss.aspx?playerid=3237&position=P"">T.J. McFarland</a>",35.0,0.0,0.0
4301,"<a href=""statss.aspx?playerid=4301&position=P"">Justin Wilson</a>",36.0,0.0,0.0
4676,"<a href=""statss.aspx?playerid=4676&position=P"">Charlie Morton</a>",40.0,0.0,0.0
5003,"<a href=""statss.aspx?playerid=5003&position=P"">Jake Diekman</a>",37.0,0.0,0.0
5448,"<a href=""statss.aspx?playerid=5448&position=P"">Jesse Chavez</a>",40.0,0.0,0.0
5615,"<a href=""statss.aspx?playerid=5615&position=P"">Ryan Brasier</a>",36.0,0.0,0.0
6107,"<a href=""statss.aspx?playerid=6107&position=P"">Huascar Brazoban</a>",34.0,0.0,0.0
6175,"<a href=""statss.aspx?playerid=6175&position=P"">Albert Suarez</a>",34.0,0.0,0.0
6399,"<a href=""statss.aspx?playerid=6399&position=P"">Jose Cisnero</a>",35.0,0.0,0.0
6632,"<a href=""statss.aspx?playerid=6632&position=P"">Carlos Carrasco</a>",37.0,0.0,0.0
6655,"<a href=""statss.aspx?playerid=6655&position=P"">Craig Kimbrel</a>",36.0,0.0,0.0
6797,"<a href=""statss.aspx?playerid=6797&position=P"">Julio Teheran</a>",33.0,0.0,0.0
6895,"<a href=""statss.aspx?playerid=6895&position=P"">Chase Anderson</a>",36.0,0.0,0.0
6902,"<a href=""statss.aspx?playerid=6902&position=P"">Martin Perez</a>",33.0,0.0,0.0
6984,"<a href=""statss.aspx?playerid=6984&position=P"">Luis Garcia</a>",37.0,0.0,0.0
7005,"<a href=""statss.aspx?playerid=7005&position=P"">Ryan Pressly</a>",35.0,0.0,0.0
7048,"<a href=""statss.aspx?playerid=7048&position=P"">Fernando Cruz</a>",34.0,0.0,0.0
7146,"<a href=""statss.aspx?playerid=7146&position=P"">Daniel Hudson</a>",37.0,0.0,0.0
7432,"<a href=""statss.aspx?playerid=7432&position=P"">Jay Jackson</a>",36.0,0.0,0.0
7593,"<a href=""statss.aspx?playerid=7593&position=P"">Jordan Lyles</a>",33.0,0.0,0.0
7836,"<a href=""statss.aspx?playerid=7836&position=P"">Hunter Strickland</a>",35.0,0.0,0.0
8048,"<a href=""statss.aspx?playerid=8048&position=P"">Will Smith</a>",34.0,0.0,0.0
8110,"<a href=""statss.aspx?playerid=8110&position=P"">Bryan Shaw</a>",36.0,0.0,0.0
8241,"<a href=""statss.aspx?playerid=8241&position=P"">David Robertson</a>",39.0,0.0,0.0
8246,"<a href=""statss.aspx?playerid=8246&position=P"">Paolo Espino</a>",37.0,0.0,0.0
8700,"<a href=""statss.aspx?playerid=8700&position=P"">Justin Verlander</a>",41.0,0.0,0.0
8779,"<a href=""statss.aspx?playerid=8779&position=P"">Wade Miley</a>",37.0,0.0,0.0
9073,"<a href=""statss.aspx?playerid=9073&position=P"">Kirby Yates</a>",37.0,0.0,0.0
9132,"<a href=""statss.aspx?playerid=9132&position=P"">Nathan Eovaldi</a>",34.0,0.0,0.0
9323,"<a href=""statss.aspx?playerid=9323&position=P"">Patrick Corbin</a>",34.0,0.0,0.0
9434,"<a href=""statss.aspx?playerid=9434&position=P"">Dallas Keuchel</a>",36.0,0.0,0.0
9761,"<a href=""statss.aspx?playerid=9761&position=P"">Joe Kelly</a>",36.0,0.0,0.0
9803,"<a href=""statss.aspx?playerid=9803&position=P"">Miles Mikolas</a>",35.0,0.0,0.0
10058,"<a href=""statss.aspx?playerid=10058&position=P"">Tyler Matzek</a>",33.0,0.0,0.0
10061,"<a href=""statss.aspx?playerid=10061&position=P"">Brooks Raley</a>",36.0,0.0,0.0
10078,"<a href=""statss.aspx?playerid=10078&position=P"">Caleb Thielbar</a>",37.0,0.0,0.0
10123,"<a href=""statss.aspx?playerid=10123&position=P"">Kyle Gibson</a>",36.0,0.0,0.0
10197,"<a href=""statss.aspx?playerid=10197&position=P"">Shelby Miller</a>",33.0,0.0,0.0
10233,"<a href=""statss.aspx?playerid=10233&position=P"">Aroldis Chapman</a>",36.0,0.0,0.0
10310,"<a href=""statss.aspx?playerid=10310&position=P"">Zack Wheeler</a>",34.0,0.0,0.0
10314,"<a href=""statss.aspx?playerid=10314&position=P"">Erasmo Ramirez</a>",34.0,0.0,0.0
10315,"<a href=""statss.aspx?playerid=10315&position=P"">Michael Tonkin</a>",34.0,0.0,0.0
10591,"<a href=""statss.aspx?playerid=10591&position=P"">Scott Alexander</a>",34.0,0.0,0.0
10603,"<a href=""statss.aspx?playerid=10603&position=P"">Chris Sale</a>",35.0,0.0,0.0
11156,"<a href=""statss.aspx?playerid=11156&position=P"">Merrill Kelly</a>",35.0,0.0,0.0
11384,"<a href=""statss.aspx?playerid=11384&position=P"">Tommy Kahnle</a>",34.0,0.0,0.0
11423,"<a href=""statss.aspx?playerid=11423&position=P"">Jose Quintana</a>",35.0,0.0,0.0
11487,"<a href=""statss.aspx?playerid=11487&position=P"">Joely Rodriguez</a>",32.0,0.0,0.0
11589,"<a href=""statss.aspx?playerid=11589&position=P"">Jose Urena</a>",32.0,0.0,0.0
11674,"<a href=""statss.aspx?playerid=11674&position=P"">Jameson Taillon</a>",32.0,0.0,0.0
11752,"<a href=""statss.aspx?playerid=11752&position=P"">Luke Jackson</a>",32.0,0.0,0.0
11760,"<a href=""statss.aspx?playerid=11760&position=P"">Drew Smyly</a>",35.0,0.0,0.0
11804,"<a href=""statss.aspx?playerid=11804&position=P"">Hector Neris</a>",35.0,0.0,0.0
11828,"<a href=""statss.aspx?playerid=11828&position=P"">James Paxton</a>",35.0,0.0,0.0
11836,"<a href=""statss.aspx?playerid=11836&position=P"">Taijuan Walker</a>",31.0,0.0,0.0
11847,"<a href=""statss.aspx?playerid=11847&position=P"">Chris Martin</a>",38.0,0.0,0.0
11861,"<a href=""statss.aspx?playerid=11861&position=P"">Jason Adam</a>",32.0,0.0,0.0
12022,"<a href=""statss.aspx?playerid=12022&position=P"">Matt Andriese</a>",34.0,0.0,0.0
12049,"<a href=""statss.aspx?playerid=12049&position=P"">Kyle Hendricks</a>",34.0,0.0,0.0
12095,"<a href=""statss.aspx?playerid=12095&position=P"">Yimi Garcia</a>",33.0,0.0,0.0
12272,"<a href=""statss.aspx?playerid=12272&position=P"">Aaron Brooks</a>",34.0,0.0,0.0
12304,"<a href=""statss.aspx?playerid=12304&position=P"">Chris Bassitt</a>",35.0,0.0,0.0
12317,"<a href=""statss.aspx?playerid=12317&position=P"">Colin Rea</a>",33.0,0.0,0.0
12323,"<a href=""statss.aspx?playerid=12323&position=P"">Jacob Barnes</a>",34.0,0.0,0.0
12447,"<a href=""statss.aspx?playerid=12447&position=P"">Seth Lugo</a>",34.0,0.0,0.0
12572,"<a href=""statss.aspx?playerid=12572&position=P"">Blake Treinen</a>",36.0,0.0,0.0
12575,"<a href=""statss.aspx?playerid=12575&position=P"">Nick Ramirez</a>",34.0,0.0,0.0
12718,"<a href=""statss.aspx?playerid=12718&position=P"">Adrian Houser</a>",31.0,0.0,0.0
12730,"<a href=""statss.aspx?playerid=12730&position=P"">Nick Martinez</a>",33.0,0.0,0.0
12760,"<a href=""statss.aspx?playerid=12760&position=P"">Rafael Montero</a>",33.0,0.0,0.0
12763,"<a href=""statss.aspx?playerid=12763&position=P"">Chris Devenski</a>",33.0,0.0,0.0
12768,"<a href=""statss.aspx?playerid=12768&position=P"">Sonny Gray</a>",34.0,0.0,0.0
12777,"<a href=""statss.aspx?playerid=12777&position=P"">John Brebbia</a>",34.0,0.0,0.0
12784,"<a href=""statss.aspx?playerid=12784&position=P"">Burch Smith</a>",34.0,0.0,0.0
12791,"<a href=""statss.aspx?playerid=12791&position=P"">Michael Kelly</a>",31.0,0.0,0.0
12808,"<a href=""statss.aspx?playerid=12808&position=P"">Mike Clevinger</a>",33.0,0.0,0.0
12828,"<a href=""statss.aspx?playerid=12828&position=P"">Andrew Kittredge</a>",34.0,0.0,0.0
12857,"<a href=""statss.aspx?playerid=12857&position=P"">Shawn Armstrong</a>",33.0,0.0,0.0
12863,"<a href=""statss.aspx?playerid=12863&position=P"">Matt Barnes</a>",34.0,0.0,0.0
12880,"<a href=""statss.aspx?playerid=12880&position=P"">Tyler Anderson</a>",34.0,0.0,0.0
12970,"<a href=""statss.aspx?playerid=12970&position=P"">Joe Musgrove</a>",31.0,0.0,0.0
12972,"<a href=""statss.aspx?playerid=12972&position=P"">Joe Ross</a>",31.0,0.0,0.0
12988,"<a href=""statss.aspx?playerid=12988&position=P"">Andrew Chafin</a>",34.0,0.0,0.0
12997,"<a href=""statss.aspx?playerid=12997&position=P"">Colten Brewer</a>",31.0,0.0,0.0
13074,"<a href=""statss.aspx?playerid=13074&position=P"">Yu Darvish</a>",37.0,0.0,0.0
13125,"<a href=""statss.aspx?playerid=13125&position=P"">Gerrit Cole</a>",33.0,0.0,0.0
13133,"<a href=""statss.aspx?playerid=13133&position=P"">Derek Law</a>",33.0,0.0,0.0
13190,"<a href=""statss.aspx?playerid=13190&position=P"">Jordan Weems</a>",31.0,0.0,0.0
13273,"<a href=""statss.aspx?playerid=13273&position=P"">Ross Stripling</a>",34.0,0.0,0.0
13276,"<a href=""statss.aspx?playerid=13276&position=P"">Matt Carasiti</a>",32.0,0.0,0.0
13293,"<a href=""statss.aspx?playerid=13293&position=P"">Danny Coulombe</a>",34.0,0.0,0.0
13346,"<a href=""statss.aspx?playerid=13346&position=P"">Hoby Milner</a>",33.0,0.0,0.0
13361,"<a href=""statss.aspx?playerid=13361&position=P"">Steven Matz</a>",33.0,0.0,0.0
13394,"<a href=""statss.aspx?playerid=13394&position=P"">Dylan Floro</a>",33.0,0.0,0.0
13420,"<a href=""statss.aspx?playerid=13420&position=P"">Matt Koch</a>",33.0,0.0,0.0
13431,"<a href=""statss.aspx?playerid=13431&position=P"">Marcus Stroman</a>",33.0,0.0,0.0
13435,"<a href=""statss.aspx?playerid=13435&position=P"">Pierce Johnson</a>",33.0,0.0,0.0
13449,"<a href=""statss.aspx?playerid=13449&position=P"">Taylor Rogers</a>",33.0,0.0,0.0
13470,"<a href=""statss.aspx?playerid=13470&position=P"">Lucas Sims</a>",30.0,0.0,0.0
13528,"<a href=""statss.aspx?playerid=13528&position=P"">Matt Bowman</a>",33.0,0.0,0.0
13543,"<a href=""statss.aspx?playerid=13543&position=P"">Blake Snell</a>",31.0,0.0,0.0
13580,"<a href=""statss.aspx?playerid=13580&position=P"">Steven Okert</a>",32.0,0.0,0.0
13619,"<a href=""statss.aspx?playerid=13619&position=P"">Jakob Junis</a>",31.0,0.0,0.0
13649,"<a href=""statss.aspx?playerid=13649&position=P"">Clay Holmes</a>",31.0,0.0,0.0
13652,"<a href=""statss.aspx?playerid=13652&position=P"">Tayler Scott</a>",32.0,0.0,0.0
13743,"<a href=""statss.aspx?playerid=13743&position=P"">Max Fried</a>",30.0,0.0,0.0
13758,"<a href=""statss.aspx?playerid=13758&position=P"">Tyler Duffey</a>",33.0,0.0,0.0
13761,"<a href=""statss.aspx?playerid=13761&position=P"">Chris Stratton</a>",33.0,0.0,0.0
13763,"<a href=""statss.aspx?playerid=13763&position=P"">Dominic Leone</a>",32.0,0.0,0.0
13767,"<a href=""statss.aspx?playerid=13767&position=P"">JT Chargois</a>",33.0,0.0,0.0
13774,"<a href=""statss.aspx?playerid=13774&position=P"">Zach Eflin</a>",30.0,0.0,0.0
13781,"<a href=""statss.aspx?playerid=13781&position=P"">Alex Wood</a>",33.0,0.0,0.0
13799,"<a href=""statss.aspx?playerid=13799&position=P"">Matt Strahm</a>",32.0,0.0,0.0
13801,"<a href=""statss.aspx?playerid=13801&position=P"">Austin Adams</a>",33.0,0.0,0.0
13892,"<a href=""statss.aspx?playerid=13892&position=P"">Paul Sewald</a>",34.0,0.0,0.0
13896,"<a href=""statss.aspx?playerid=13896&position=P"">Chris Flexen</a>",29.0,0.0,0.0
13942,"<a href=""statss.aspx?playerid=13942&position=P"">Brent Suter</a>",34.0,0.0,0.0
14078,"<a href=""statss.aspx?playerid=14078&position=P"">Michael Wacha</a>",32.0,0.0,0.0
14107,"<a href=""statss.aspx?playerid=14107&position=P"">Kevin Gausman</a>",33.0,0.0,0.0
14168,"<a href=""statss.aspx?playerid=14168&position=P"">Jose Berrios</a>",30.0,0.0,0.0
14212,"<a href=""statss.aspx?playerid=14212&position=P"">Josh Hader</a>",30.0,0.0,0.0
14295,"<a href=""statss.aspx?playerid=14295&position=P"">Wandy Peralta</a>",32.0,0.0,0.0
14309,"<a href=""statss.aspx?playerid=14309&position=P"">Frankie Montas</a>",31.0,0.0,0.0
14332,"<a href=""statss.aspx?playerid=14332&position=P"">Joel Payamps</a>",30.0,0.0,0.0
14361,"<a href=""statss.aspx?playerid=14361&position=P"">Ty Blach</a>",33.0,0.0,0.0
14374,"<a href=""statss.aspx?playerid=14374&position=P"">Tyler Glasnow</a>",30.0,0.0,0.0
14375,"<a href=""statss.aspx?playerid=14375&position=P"">Amir Garrett</a>",32.0,0.0,0.0
14412,"<a href=""statss.aspx?playerid=14412&position=C"">Joe Hudson</a>",33.0,0.0,0.0
14416,"<a href=""statss.aspx?playerid=14416&position=P"">Yunior Marte</a>",29.0,0.0,0.0
14420,"<a href=""statss.aspx?playerid=14420&position=P"">Jackson Stephens</a>",30.0,0.0,0.0
14510,"<a href=""statss.aspx?playerid=14510&position=P"">Thyago Vieira</a>",31.0,0.0,0.0
14524,"<a href=""statss.aspx?playerid=14524&position=P"">Jose Leclerc</a>",30.0,0.0,0.0
14527,"<a href=""statss.aspx?playerid=14527&position=P"">Jorge Lopez</a>",31.0,0.0,0.0
14542,"<a href=""statss.aspx?playerid=14542&position=P"">Carlos Estevez</a>",31.0,0.0,0.0
14552,"<a href=""statss.aspx?playerid=14552&position=P"">Jose Ruiz</a>",29.0,0.0,0.0
14706,"<a href=""statss.aspx?playerid=14706&position=P"">Anthony Banda</a>",30.0,0.0,0.0
14710,"<a href=""statss.aspx?playerid=14710&position=P"">Edwin Diaz</a>",30.0,0.0,0.0
14739,"<a href=""statss.aspx?playerid=14739&position=P"">Paul Blackburn</a>",30.0,0.0,0.0
14764,"<a href=""statss.aspx?playerid=14764&position=P"">Wes Parsons</a>",31.0,0.0,0.0
14771,"<a href=""statss.aspx?playerid=14771&position=P"">Emilio Pagan</a>",33.0,0.0,0.0
14814,"<a href=""statss.aspx?playerid=14814&position=P"">Buck Farmer</a>",33.0,0.0,0.0
14843,"<a href=""statss.aspx?playerid=14843&position=P"">Michael Lorenzen</a>",32.0,0.0,0.0
14857,"<a href=""statss.aspx?playerid=14857&position=P"">Joe Mantiply</a>",33.0,0.0,0.0
14874,"<a href=""statss.aspx?playerid=14874&position=P"">Sam Moll</a>",32.0,0.0,0.0
14916,"<a href=""statss.aspx?playerid=14916&position=P"">Jon Gray</a>",32.0,0.0,0.0
14932,"<a href=""statss.aspx?playerid=14932&position=P"">Ben Lively</a>",32.0,0.0,0.0
14975,"<a href=""statss.aspx?playerid=14975&position=P"">Chad Kuhl</a>",31.0,0.0,0.0
14986,"<a href=""statss.aspx?playerid=14986&position=P"">Giovanny Gallegos</a>",32.0,0.0,0.0
14993,"<a href=""statss.aspx?playerid=14993&position=P"">Scott Barlow</a>",31.0,0.0,0.0
15009,"<a href=""statss.aspx?playerid=15009&position=P"">Kyle Finnegan</a>",32.0,0.0,0.0
15042,"<a href=""statss.aspx?playerid=15042&position=P"">Tim Mayza</a>",32.0,0.0,0.0
15047,"<a href=""statss.aspx?playerid=15047&position=P"">Austin Voth</a>",32.0,0.0,0.0
15068,"<a href=""statss.aspx?playerid=15068&position=P"">Yency Almonte</a>",30.0,0.0,0.0
15100,"<a href=""statss.aspx?playerid=15100&position=P"">Ben Heller</a>",32.0,0.0,0.0
15256,"<a href=""statss.aspx?playerid=15256&position=P"">Cole Sulser</a>",34.0,0.0,0.0
15288,"<a href=""statss.aspx?playerid=15288&position=P"">Adam Cimber</a>",33.0,0.0,0.0
15290,"<a href=""statss.aspx?playerid=15290&position=P"">Austin Pruitt</a>",34.0,0.0,0.0
15369,"<a href=""statss.aspx?playerid=15369&position=P"">Kevin Herget</a>",33.0,0.0,0.0
15423,"<a href=""statss.aspx?playerid=15423&position=P"">Andrew Heaney</a>",33.0,0.0,0.0
15454,"<a href=""statss.aspx?playerid=15454&position=P"">Nick Pivetta</a>",31.0,0.0,0.0
15467,"<a href=""statss.aspx?playerid=15467&position=P"">Marco Gonzales</a>",32.0,0.0,0.0
15507,"<a href=""statss.aspx?playerid=15507&position=P"">Hunter Harvey</a>",29.0,0.0,0.0
15541,"<a href=""statss.aspx?playerid=15541&position=P"">Tyler Rogers</a>",33.0,0.0,0.0
15551,"<a href=""statss.aspx?playerid=15551&position=P"">Mark Leiter Jr.</a>",33.0,0.0,0.0
15552,"<a href=""statss.aspx?playerid=15552&position=P"">Chad Green</a>",33.0,0.0,0.0
15684,"<a href=""statss.aspx?playerid=15684&position=P"">Miguel Castro</a>",29.0,0.0,0.0
15734,"<a href=""statss.aspx?playerid=15734&position=P"">Brad Keller</a>",28.0,0.0,0.0
15761,"<a href=""statss.aspx?playerid=15761&position=P"">Joe Jimenez</a>",29.0,0.0,0.0
15823,"<a href=""statss.aspx?playerid=15823&position=P"">Zack Littell</a>",28.0,0.0,0.0
15849,"<a href=""statss.aspx?playerid=15849&position=P"">Kent Emanuel</a>",32.0,0.0,0.0
15855,"<a href=""statss.aspx?playerid=15855&position=P"">Wander Suero</a>",32.0,0.0,0.0
15873,"<a href=""statss.aspx?playerid=15873&position=P"">Sean Manaea</a>",32.0,0.0,0.0
15890,"<a href=""statss.aspx?playerid=15890&position=P"">Luis Severino</a>",30.0,0.0,0.0
15947,"<a href=""statss.aspx?playerid=15947&position=P"">Ryne Stanek</a>",32.0,0.0,0.0
16061,"<a href=""statss.aspx?playerid=16061&position=P"">Cam Booser</a>",32.0,0.0,0.0
16074,"<a href=""statss.aspx?playerid=16074&position=P"">Nick Burdi</a>",31.0,0.0,0.0
16122,"<a href=""statss.aspx?playerid=16122&position=P"">Jordan Romano</a>",31.0,0.0,0.0
16128,"<a href=""statss.aspx?playerid=16128&position=P"">John Curtiss</a>",31.0,0.0,0.0
16137,"<a href=""statss.aspx?playerid=16137&position=P"">Carlos Rodon</a>",31.0,0.0,0.0
16149,"<a href=""statss.aspx?playerid=16149&position=P"">Aaron Nola</a>",31.0,0.0,0.0
16201,"<a href=""statss.aspx?playerid=16201&position=P"">Justin Anderson</a>",31.0,0.0,0.0
16207,"<a href=""statss.aspx?playerid=16207&position=P"">Spencer Turnbull</a>",31.0,0.0,0.0
16233,"<a href=""statss.aspx?playerid=16233&position=P"">Tejay Antone</a>",30.0,0.0,0.0
16256,"<a href=""statss.aspx?playerid=16256&position=P"">Kyle Freeland</a>",31.0,0.0,0.0
16258,"<a href=""statss.aspx?playerid=16258&position=P"">Aaron Bummer</a>",30.0,0.0,0.0
16269,"<a href=""statss.aspx?playerid=16269&position=P"">John Means</a>",31.0,0.0,0.0
16300,"<a href=""statss.aspx?playerid=16300&position=P"">Jesus Tinoco</a>",29.0,0.0,0.0
16318,"<a href=""statss.aspx?playerid=16318&position=P"">Ricardo Pinto</a>",30.0,0.0,0.0
16350,"<a href=""statss.aspx?playerid=16350&position=P"">Ryan Borucki</a>",30.0,0.0,0.0
16400,"<a href=""statss.aspx?playerid=16400&position=P"">Reynaldo Lopez</a>",30.0,0.0,0.0
16401,"<a href=""statss.aspx?playerid=16401&position=P"">Yonny Chirinos</a>",30.0,0.0,0.0
16408,"<a href=""statss.aspx?playerid=16408&position=P"">Victor Gonzalez</a>",28.0,0.0,0.0
16502,"<a href=""statss.aspx?playerid=16502&position=P"">Ryan Yarbrough</a>",32.0,0.0,0.0
16507,"<a href=""statss.aspx?playerid=16507&position=P"">Dan Altavilla</a>",31.0,0.0,0.0
16511,"<a href=""statss.aspx?playerid=16511&position=P"">Jordan Montgomery</a>",31.0,0.0,0.0
16561,"<a href=""statss.aspx?playerid=16561&position=P"">Austin Gomber</a>",30.0,0.0,0.0
16587,"<a href=""statss.aspx?playerid=16587&position=P"">Erik Swanson</a>",30.0,0.0,0.0
16609,"<a href=""statss.aspx?playerid=16609&position=P"">Bryan Abreu</a>",27.0,0.0,0.0
16610,"<a href=""statss.aspx?playerid=16610&position=P"">J.P. Feyereisen</a>",31.0,0.0,0.0
16647,"<a href=""statss.aspx?playerid=16647&position=P"">Ryan Thompson</a>",32.0,0.0,0.0
16703,"<a href=""statss.aspx?playerid=16703&position=P"">Julian Merryweather</a>",32.0,0.0,0.0
16727,"<a href=""statss.aspx?playerid=16727&position=P"">Brock Stewart</a>",32.0,0.0,0.0
16754,"<a href=""statss.aspx?playerid=16754&position=P"">Vinny Nittoli</a>",33.0,0.0,0.0
16814,"<a href=""statss.aspx?playerid=16814&position=P"">Tim Hill</a>",34.0,0.0,0.0
16835,"<a href=""statss.aspx?playerid=16835&position=P"">Brennan Bernardino</a>",32.0,0.0,0.0
16866,"<a href=""statss.aspx?playerid=16866&position=P"">Reed Garrett</a>",31.0,0.0,0.0
16918,"<a href=""statss.aspx?playerid=16918&position=P"">Luke Weaver</a>",30.0,0.0,0.0
16933,"<a href=""statss.aspx?playerid=16933&position=P"">Elieser Hernandez</a>",29.0,0.0,0.0
16942,"<a href=""statss.aspx?playerid=16942&position=P"">Luis F. Ortiz</a>",28.0,0.0,0.0
16943,"<a href=""statss.aspx?playerid=16943&position=P"">Sean Newcomb</a>",31.0,0.0,0.0
16944,"<a href=""statss.aspx?playerid=16944&position=P"">Grant Holmes</a>",28.0,0.0,0.0
16977,"<a href=""statss.aspx?playerid=16977&position=P"">Trevor Williams</a>",32.0,0.0,0.0
16981,"<a href=""statss.aspx?playerid=16981&position=P"">Tyler Beede</a>",31.0,0.0,0.0
16990,"<a href=""statss.aspx?playerid=16990&position=P"">Tanner Banks</a>",32.0,0.0,0.0
17034,"<a href=""statss.aspx?playerid=17034&position=P"">Sean Reid-Foley</a>",28.0,0.0,0.0
17085,"<a href=""statss.aspx?playerid=17085&position=P"">Pablo Lopez</a>",28.0,0.0,0.0
17117,"<a href=""statss.aspx?playerid=17117&position=P"">Austin Davis</a>",31.0,0.0,0.0
17130,"<a href=""statss.aspx?playerid=17130&position=P"">Raisel Iglesias</a>",34.0,0.0,0.0
17170,"<a href=""statss.aspx?playerid=17170&position=P"">Gabe Speier</a>",29.0,0.0,0.0
17186,"<a href=""statss.aspx?playerid=17186&position=P"">Dinelson Lamet</a>",31.0,0.0,0.0
17192,"<a href=""statss.aspx?playerid=17192&position=P"">Jalen Beeks</a>",30.0,0.0,0.0
17277,"<a href=""statss.aspx?playerid=17277&position=P"">Ranger Suarez</a>",28.0,0.0,0.0
17282,"<a href=""statss.aspx?playerid=17282&position=P"">Michael Kopech</a>",28.0,0.0,0.0
17295,"<a href=""statss.aspx?playerid=17295&position=P"">Framber Valdez</a>",30.0,0.0,0.0
17304,"<a href=""statss.aspx?playerid=17304&position=P"">Emmanuel Ramirez</a>",29.0,0.0,0.0
17312,"<a href=""statss.aspx?playerid=17312&position=P"">Justin Steele</a>",28.0,0.0,0.0
17425,"<a href=""statss.aspx?playerid=17425&position=P"">Erick Fedde</a>",31.0,0.0,0.0
17432,"<a href=""statss.aspx?playerid=17432&position=P"">Jeff Hoffman</a>",31.0,0.0,0.0
17464,"<a href=""statss.aspx?playerid=17464&position=P"">Jonathan Hernandez</a>",27.0,0.0,0.0
17479,"<a href=""statss.aspx?playerid=17479&position=P"">Jack Flaherty</a>",28.0,0.0,0.0
17480,"<a href=""statss.aspx?playerid=17480&position=P"">Daniel Duarte</a>",27.0,0.0,0.0
17490,"<a href=""statss.aspx?playerid=17490&position=P"">Genesis Cabrera</a>",27.0,0.0,0.0
17496,"<a href=""statss.aspx?playerid=17496&position=P"">Diego Castillo</a>",30.0,0.0,0.0
17536,"<a href=""statss.aspx?playerid=17536&position=P"">Ryan Burr</a>",30.0,0.0,0.0
17556,"<a href=""statss.aspx?playerid=17556&position=P"">Jimmy Herget</a>",30.0,0.0,0.0
17586,"<a href=""statss.aspx?playerid=17586&position=P"">Tanner Scott</a>",29.0,0.0,0.0
17594,"<a href=""statss.aspx?playerid=17594&position=P"">Mitch Keller</a>",28.0,0.0,0.0
17606,"<a href=""statss.aspx?playerid=17606&position=P"">Cristian Javier</a>",27.0,0.0,0.0
17610,"<a href=""statss.aspx?playerid=17610&position=P"">Tanner Rainey</a>",31.0,0.0,0.0
17639,"<a href=""statss.aspx?playerid=17639&position=P"">Justin Lawrence</a>",29.0,0.0,0.0
17701,"<a href=""statss.aspx?playerid=17701&position=P"">Jose Cuas</a>",30.0,0.0,0.0
17722,"<a href=""statss.aspx?playerid=17722&position=P"">Trevor Megill</a>",30.0,0.0,0.0
17732,"<a href=""statss.aspx?playerid=17732&position=P"">Nabil Crismatt</a>",29.0,0.0,0.0
17734,"<a href=""statss.aspx?playerid=17734&position=P"">Evan Phillips</a>",29.0,0.0,0.0
17735,"<a href=""statss.aspx?playerid=17735&position=P"">Tyler Alexander</a>",29.0,0.0,0.0
17755,"<a href=""statss.aspx?playerid=17755&position=P"">Drew Smith</a>",30.0,0.0,0.0
17780,"<a href=""statss.aspx?playerid=17780&position=P"">Jose Alvarado</a>",29.0,0.0,0.0
17796,"<a href=""statss.aspx?playerid=17796&position=P"">Dillon Tate</a>",30.0,0.0,0.0
17859,"<a href=""statss.aspx?playerid=17859&position=P"">Adbert Alzolay</a>",29.0,0.0,0.0
17874,"<a href=""statss.aspx?playerid=17874&position=P"">Nestor Cortes</a>",29.0,0.0,0.0
17878,"<a href=""statss.aspx?playerid=17878&position=P"">Dennis Santana</a>",28.0,0.0,0.0
17888,"<a href=""statss.aspx?playerid=17888&position=P"">Tayler Saucedo</a>",31.0,0.0,0.0
17897,"<a href=""statss.aspx?playerid=17897&position=P"">Garrett Cleavinger</a>",30.0,0.0,0.0
17948,"<a href=""statss.aspx?playerid=17948&position=P"">Trent Thornton</a>",30.0,0.0,0.0
17952,"<a href=""statss.aspx?playerid=17952&position=P"">Tyler Jay</a>",30.0,0.0,0.0
17968,"<a href=""statss.aspx?playerid=17968&position=P"">Brock Burke</a>",27.0,0.0,0.0
17969,"<a href=""statss.aspx?playerid=17969&position=P"">Peter Lambert</a>",27.0,0.0,0.0
17995,"<a href=""statss.aspx?playerid=17995&position=P"">Logan Webb</a>",27.0,0.0,0.0
17998,"<a href=""statss.aspx?playerid=17998&position=P"">Pete Fairbanks</a>",30.0,0.0,0.0
18000,"<a href=""statss.aspx?playerid=18000&position=P"">Triston McKenzie</a>",26.0,0.0,0.0
18064,"<a href=""statss.aspx?playerid=18064&position=P"">Phil Maton</a>",31.0,0.0,0.0
18138,"<a href=""statss.aspx?playerid=18138&position=P"">Ryan Helsley</a>",29.0,0.0,0.0
18152,"<a href=""statss.aspx?playerid=18152&position=P"">Anthony Misiewicz</a>",29.0,0.0,0.0
18297,"<a href=""statss.aspx?playerid=18297&position=P"">Tyler Kinley</a>",33.0,0.0,0.0
18311,"<a href=""statss.aspx?playerid=18311&position=P"">Carson Fulmer</a>",30.0,0.0,0.0
18318,"<a href=""statss.aspx?playerid=18318&position=P"">Jacob Waguespack</a>",30.0,0.0,0.0
18323,"<a href=""statss.aspx?playerid=18323&position=P"">Josh Sborz</a>",30.0,0.0,0.0
18333,"<a href=""statss.aspx?playerid=18333&position=P"">Alex Young</a>",30.0,0.0,0.0
18335,"<a href=""statss.aspx?playerid=18335&position=P"">Josh Staumont</a>",30.0,0.0,0.0
18337,"<a href=""statss.aspx?playerid=18337&position=P"">Nick Anderson</a>",33.0,0.0,0.0
18383,"<a href=""statss.aspx?playerid=18383&position=P"">Michael Soroka</a>",26.0,0.0,0.0
18403,"<a href=""statss.aspx?playerid=18403&position=P"">Enyel De Los Santos</a>",28.0,0.0,0.0
18439,"<a href=""statss.aspx?playerid=18439&position=P"">Danny Young</a>",30.0,0.0,0.0
18498,"<a href=""statss.aspx?playerid=18498&position=P"">Kenta Maeda</a>",36.0,0.0,0.0
18510,"<a href=""statss.aspx?playerid=18510&position=P"">Josh Rogers</a>",29.0,0.0,0.0
18519,"<a href=""statss.aspx?playerid=18519&position=P"">Phil Bickford</a>",28.0,0.0,0.0
18525,"<a href=""statss.aspx?playerid=18525&position=P"">Dylan Cease</a>",28.0,0.0,0.0
18548,"<a href=""statss.aspx?playerid=18548&position=P"">Sam Hentges</a>",27.0,0.0,0.0
18555,"<a href=""statss.aspx?playerid=18555&position=P"">Logan Allen</a>",27.0,0.0,0.0
18655,"<a href=""statss.aspx?playerid=18655&position=P"">A.J. Minter</a>",30.0,0.0,0.0
18674,"<a href=""statss.aspx?playerid=18674&position=P"">Jake Woodford</a>",27.0,0.0,0.0
18679,"<a href=""statss.aspx?playerid=18679&position=P"">Freddy Peralta</a>",28.0,0.0,0.0
18769,"<a href=""statss.aspx?playerid=18769&position=P"">Cody Poteet</a>",29.0,0.0,0.0
18815,"<a href=""statss.aspx?playerid=18815&position=P"">Miguel Diaz</a>",29.0,0.0,0.0
18864,"<a href=""statss.aspx?playerid=18864&position=P"">Pedro Avila</a>",27.0,0.0,0.0
19179,"<a href=""statss.aspx?playerid=19179&position=P"">Kirby Snead</a>",29.0,0.0,0.0
19206,"<a href=""statss.aspx?playerid=19206&position=P"">Dakota Hudson</a>",29.0,0.0,0.0
19225,"<a href=""statss.aspx?playerid=19225&position=P"">Mitch White</a>",29.0,0.0,0.0
19244,"<a href=""statss.aspx?playerid=19244&position=P"">Cole Irvin</a>",30.0,0.0,0.0
19249,"<a href=""statss.aspx?playerid=19249&position=P"">Seranthony Dominguez</a>",29.0,0.0,0.0
19261,"<a href=""statss.aspx?playerid=19261&position=P"">Ian Hamilton</a>",29.0,0.0,0.0
19274,"<a href=""statss.aspx?playerid=19274&position=P"">Jacob Webb</a>",30.0,0.0,0.0
19278,"<a href=""statss.aspx?playerid=19278&position=P"">Vladimir Gutierrez</a>",28.0,0.0,0.0
19281,"<a href=""statss.aspx?playerid=19281&position=P"">Nick Hernandez</a>",29.0,0.0,0.0
19291,"<a href=""statss.aspx?playerid=19291&position=P"">Zac Gallen</a>",28.0,0.0,0.0
19309,"<a href=""statss.aspx?playerid=19309&position=P"">Trevor Richards</a>",31.0,0.0,0.0
19312,"<a href=""statss.aspx?playerid=19312&position=P"">Cal Quantrill</a>",29.0,0.0,0.0
19315,"<a href=""statss.aspx?playerid=19315&position=P"">Matt Krook</a>",29.0,0.0,0.0
19320,"<a href=""statss.aspx?playerid=19320&position=P"">Joey Lucchesi</a>",31.0,0.0,0.0
19330,"<a href=""statss.aspx?playerid=19330&position=P"">Matt Festa</a>",31.0,0.0,0.0
19337,"<a href=""statss.aspx?playerid=19337&position=P"">Richard Lovelady</a>",28.0,0.0,0.0
19343,"<a href=""statss.aspx?playerid=19343&position=P"">A.J. Puk</a>",29.0,0.0,0.0
19345,"<a href=""statss.aspx?playerid=19345&position=P"">Daulton Jefferies</a>",28.0,0.0,0.0
19349,"<a href=""statss.aspx?playerid=19349&position=P"">Caleb Ferguson</a>",27.0,0.0,0.0
19350,"<a href=""statss.aspx?playerid=19350&position=P"">Dean Kremer</a>",28.0,0.0,0.0
19360,"<a href=""statss.aspx?playerid=19360&position=P"">Lucas Erceg</a>",29.0,0.0,0.0
19361,"<a href=""statss.aspx?playerid=19361&position=P"">Corbin Burnes</a>",29.0,0.0,0.0
19362,"<a href=""statss.aspx?playerid=19362&position=P"">Keegan Akin</a>",29.0,0.0,0.0
19374,"<a href=""statss.aspx?playerid=19374&position=P"">Walker Buehler</a>",29.0,0.0,0.0
19403,"<a href=""statss.aspx?playerid=19403&position=P"">Colin Poche</a>",30.0,0.0,0.0
19407,"<a href=""statss.aspx?playerid=19407&position=P"">Ronel Blanco</a>",30.0,0.0,0.0
19409,"<a href=""statss.aspx?playerid=19409&position=P"">Dane Dunning</a>",29.0,0.0,0.0
19427,"<a href=""statss.aspx?playerid=19427&position=P"">Shane Bieber</a>",29.0,0.0,0.0
19444,"<a href=""statss.aspx?playerid=19444&position=P"">Yohan Ramirez</a>",29.0,0.0,0.0
19447,"<a href=""statss.aspx?playerid=19447&position=P"">Patrick Sandoval</a>",27.0,0.0,0.0
19453,"<a href=""statss.aspx?playerid=19453&position=P"">Shaun Anderson</a>",29.0,0.0,0.0
19459,"<a href=""statss.aspx?playerid=19459&position=P"">Jorge Alcala</a>",28.0,0.0,0.0
19479,"<a href=""statss.aspx?playerid=19479&position=P"">Aaron Civale</a>",29.0,0.0,0.0
19481,"<a href=""statss.aspx?playerid=19481&position=P"">Tyler Ferguson</a>",30.0,0.0,0.0
19531,"<a href=""statss.aspx?playerid=19531&position=P"">Jason Foley</a>",28.0,0.0,0.0
19558,"<a href=""statss.aspx?playerid=19558&position=P"">Geoff Hartlieb</a>",30.0,0.0,0.0
19569,"<a href=""statss.aspx?playerid=19569&position=P"">David Bednar</a>",29.0,0.0,0.0
19574,"<a href=""statss.aspx?playerid=19574&position=P"">JoJo Romero</a>",27.0,0.0,0.0
19586,"<a href=""statss.aspx?playerid=19586&position=P"">Forrest Whitley</a>",26.0,0.0,0.0
19588,"<a href=""statss.aspx?playerid=19588&position=P"">Guillo Zuniga</a>",25.0,0.0,0.0
19614,"<a href=""statss.aspx?playerid=19614&position=P"">Cionel Perez</a>",28.0,0.0,0.0
19618,"<a href=""statss.aspx?playerid=19618&position=P"">Jordan Hicks</a>",27.0,0.0,0.0
19677,"<a href=""statss.aspx?playerid=19677&position=P"">Gregory Soto</a>",29.0,0.0,0.0
19680,"<a href=""statss.aspx?playerid=19680&position=P"">Sixto Sanchez</a>",25.0,0.0,0.0
19736,"<a href=""statss.aspx?playerid=19736&position=P"">Caleb Boushley</a>",30.0,0.0,0.0
19742,"<a href=""statss.aspx?playerid=19742&position=P"">Anthony Bender</a>",29.0,0.0,0.0
19753,"<a href=""statss.aspx?playerid=19753&position=P"">Jonathan Loaisiga</a>",29.0,0.0,0.0
19769,"<a href=""statss.aspx?playerid=19769&position=P"">Will Vest</a>",29.0,0.0,0.0
19795,"<a href=""statss.aspx?playerid=19795&position=P"">Keegan Thompson</a>",29.0,0.0,0.0
19804,"<a href=""statss.aspx?playerid=19804&position=P"">Bryan Baker</a>",29.0,0.0,0.0
19835,"<a href=""statss.aspx?playerid=19835&position=P"">Gerson Garabito</a>",28.0,0.0,0.0
19853,"<a href=""statss.aspx?playerid=19853&position=P"">Michael King</a>",29.0,0.0,0.0
19866,"<a href=""statss.aspx?playerid=19866&position=P"">Brandon Bielak</a>",28.0,0.0,0.0
19867,"<a href=""statss.aspx?playerid=19867&position=P"">Griffin Canning</a>",28.0,0.0,0.0
19874,"<a href=""statss.aspx?playerid=19874&position=P"">Alex Faedo</a>",28.0,0.0,0.0
19876,"<a href=""statss.aspx?playerid=19876&position=P"">Kevin Ginkel</a>",30.0,0.0,0.0
19879,"<a href=""statss.aspx?playerid=19879&position=P"">Tanner Houck</a>",28.0,0.0,0.0
19883,"<a href=""statss.aspx?playerid=19883&position=P"">Alex Lange</a>",28.0,0.0,0.0
19891,"<a href=""statss.aspx?playerid=19891&position=P"">Ryder Ryan</a>",29.0,0.0,0.0
19899,"<a href=""statss.aspx?playerid=19899&position=P"">Clarke Schmidt</a>",28.0,0.0,0.0
19911,"<a href=""statss.aspx?playerid=19911&position=P"">Jose Suarez</a>",26.0,0.0,0.0
19924,"<a href=""statss.aspx?playerid=19924&position=P"">Bryan Hudson</a>",27.0,0.0,0.0
19959,"<a href=""statss.aspx?playerid=19959&position=P"">Jesus Luzardo</a>",26.0,0.0,0.0
19962,"<a href=""statss.aspx?playerid=19962&position=P"">Joey Wentz</a>",26.0,0.0,0.0
19976,"<a href=""statss.aspx?playerid=19976&position=P"">Tyson Miller</a>",28.0,0.0,0.0
19979,"<a href=""statss.aspx?playerid=19979&position=P"">Zach Plesac</a>",29.0,0.0,0.0
19990,"<a href=""statss.aspx?playerid=19990&position=P"">Bryse Wilson</a>",26.0,0.0,0.0
19995,"<a href=""statss.aspx?playerid=19995&position=P"">Joel Kuhnel</a>",29.0,0.0,0.0
19996,"<a href=""statss.aspx?playerid=19996&position=P"">Dylan Lee</a>",29.0,0.0,0.0
20000,"<a href=""statss.aspx?playerid=20000&position=P"">Tyler Wells</a>",29.0,0.0,0.0
20020,"<a href=""statss.aspx?playerid=20020&position=P"">John Schreiber</a>",30.0,0.0,0.0
20038,"<a href=""statss.aspx?playerid=20038&position=P"">Darren McCaughan</a>",28.0,0.0,0.0
20039,"<a href=""statss.aspx?playerid=20039&position=P"">Adrian Morejon</a>",25.0,0.0,0.0
20070,"<a href=""statss.aspx?playerid=20070&position=P"">Bailey Falter</a>",27.0,0.0,0.0
20099,"<a href=""statss.aspx?playerid=20099&position=P"">Chris Paddack</a>",28.0,0.0,0.0
20116,"<a href=""statss.aspx?playerid=20116&position=P"">Calvin Faucher</a>",28.0,0.0,0.0
20153,"<a href=""statss.aspx?playerid=20153&position=P"">Nick Nelson</a>",28.0,0.0,0.0
20160,"<a href=""statss.aspx?playerid=20160&position=P"">Nate Pearson</a>",27.0,0.0,0.0
20167,"<a href=""statss.aspx?playerid=20167&position=P"">Kyle Muller</a>",26.0,0.0,0.0
20185,"<a href=""statss.aspx?playerid=20185&position=P"">Zach Pop</a>",27.0,0.0,0.0
20191,"<a href=""statss.aspx?playerid=20191&position=P"">Garrett Whitlock</a>",28.0,0.0,0.0
20203,"<a href=""statss.aspx?playerid=20203&position=P"">Eli Morgan</a>",28.0,0.0,0.0
20206,"<a href=""statss.aspx?playerid=20206&position=P"">Mike Baumann</a>",28.0,0.0,0.0
20242,"<a href=""statss.aspx?playerid=20242&position=3B/SS"">Kevin Smith</a>",27.0,0.0,0.0
20253,"<a href=""statss.aspx?playerid=20253&position=P"">Griffin Jax</a>",29.0,0.0,0.0
20271,"<a href=""statss.aspx?playerid=20271&position=P"">Daysbel Hernandez</a>",27.0,0.0,0.0
20276,"<a href=""statss.aspx?playerid=20276&position=P"">Deivi Garcia</a>",25.0,0.0,0.0
20298,"<a href=""statss.aspx?playerid=20298&position=P"">Jhonathan Diaz</a>",27.0,0.0,0.0
20302,"<a href=""statss.aspx?playerid=20302&position=P"">David Peterson</a>",28.0,0.0,0.0
20348,"<a href=""statss.aspx?playerid=20348&position=P"">Riley O'Brien</a>",29.0,0.0,0.0
20349,"<a href=""statss.aspx?playerid=20349&position=P"">Zack Kelly</a>",29.0,0.0,0.0
20353,"<a href=""statss.aspx?playerid=20353&position=P"">Steven Wilson</a>",29.0,0.0,0.0
20369,"<a href=""statss.aspx?playerid=20369&position=P"">Matt Manning</a>",26.0,0.0,0.0
20373,"<a href=""statss.aspx?playerid=20373&position=P"">Andres Munoz</a>",25.0,0.0,0.0
20375,"<a href=""statss.aspx?playerid=20375&position=P"">Greg Weissert</a>",29.0,0.0,0.0
20408,"<a href=""statss.aspx?playerid=20408&position=P"">Eli Villalobos</a>",27.0,0.0,0.0
20418,"<a href=""statss.aspx?playerid=20418&position=P"">Josh Fleming</a>",28.0,0.0,0.0
20423,"<a href=""statss.aspx?playerid=20423&position=P"">Ryan Walker</a>",28.0,0.0,0.0
20447,"<a href=""statss.aspx?playerid=20447&position=P"">Enoli Paredes</a>",28.0,0.0,0.0
20491,"<a href=""statss.aspx?playerid=20491&position=P"">J.B. Bukauskas</a>",27.0,0.0,0.0
20492,"<a href=""statss.aspx?playerid=20492&position=P"">Casey Mize</a>",27.0,0.0,0.0
20515,"<a href=""statss.aspx?playerid=20515&position=P"">Kyle Nelson</a>",27.0,0.0,0.0
20517,"<a href=""statss.aspx?playerid=20517&position=P"">Nick Sandlin</a>",27.0,0.0,0.0
20531,"<a href=""statss.aspx?playerid=20531&position=P"">Kutter Crawford</a>",28.0,0.0,0.0
20539,"<a href=""statss.aspx?playerid=20539&position=P"">Edwin Uceta</a>",26.0,0.0,0.0
20546,"<a href=""statss.aspx?playerid=20546&position=P"">Grant Anderson</a>",27.0,0.0,0.0
20548,"<a href=""statss.aspx?playerid=20548&position=P"">Bowden Francis</a>",28.0,0.0,0.0
20633,"<a href=""statss.aspx?playerid=20633&position=P"">Yusei Kikuchi</a>",33.0,0.0,0.0
20778,"<a href=""statss.aspx?playerid=20778&position=P"">Cristopher Sanchez</a>",27.0,0.0,0.0
20794,"<a href=""statss.aspx?playerid=20794&position=P"">Manuel Rodriguez</a>",27.0,0.0,0.0
20827,"<a href=""statss.aspx?playerid=20827&position=P"">Michael Petersen</a>",30.0,0.0,0.0
20997,"<a href=""statss.aspx?playerid=20997&position=P"">Eduard Bazardo</a>",28.0,0.0,0.0
21029,"<a href=""statss.aspx?playerid=21029&position=P"">Jhoan Duran</a>",26.0,0.0,0.0
21032,"<a href=""statss.aspx?playerid=21032&position=P"">Emmanuel Clase</a>",26.0,0.0,0.0
21045,"<a href=""statss.aspx?playerid=21045&position=P"">Seth Martinez</a>",29.0,0.0,0.0
21052,"<a href=""statss.aspx?playerid=21052&position=P"">Luis Gil</a>",26.0,0.0,0.0
21093,"<a href=""statss.aspx?playerid=21093&position=P"">Nick Vespi</a>",28.0,0.0,0.0
21132,"<a href=""statss.aspx?playerid=21132&position=P"">Alexis Diaz</a>",27.0,0.0,0.0
21170,"<a href=""statss.aspx?playerid=21170&position=P"">Dany Jimenez</a>",30.0,0.0,0.0
21183,"<a href=""statss.aspx?playerid=21183&position=P"">Humberto Castellanos</a>",26.0,0.0,0.0
21205,"<a href=""statss.aspx?playerid=21205&position=P"">Connor Brogdon</a>",29.0,0.0,0.0
21212,"<a href=""statss.aspx?playerid=21212&position=P"">J.P. France</a>",29.0,0.0,0.0
21224,"<a href=""statss.aspx?playerid=21224&position=P"">Bailey Ober</a>",28.0,0.0,0.0
21238,"<a href=""statss.aspx?playerid=21238&position=P"">Allan Winans</a>",28.0,0.0,0.0
21267,"<a href=""statss.aspx?playerid=21267&position=P"">Jake Bird</a>",28.0,0.0,0.0
21306,"<a href=""statss.aspx?playerid=21306&position=P"">Jacob Latz</a>",28.0,0.0,0.0
21310,"<a href=""statss.aspx?playerid=21310&position=P"">Josh Maciejewski</a>",28.0,0.0,0.0
21318,"<a href=""statss.aspx?playerid=21318&position=P"">Tylor Megill</a>",28.0,0.0,0.0
21324,"<a href=""statss.aspx?playerid=21324&position=P"">Parker Mushinski</a>",28.0,0.0,0.0
21367,"<a href=""statss.aspx?playerid=21367&position=P"">Peter Strzelecki</a>",29.0,0.0,0.0
21390,"<a href=""statss.aspx?playerid=21390&position=P"">Joe Ryan</a>",28.0,0.0,0.0
21446,"<a href=""statss.aspx?playerid=21446&position=P"">Ryan Feltner</a>",27.0,0.0,0.0
21461,"<a href=""statss.aspx?playerid=21461&position=P"">Cole Sands</a>",26.0,0.0,0.0
21481,"<a href=""statss.aspx?playerid=21481&position=P"">Sean Hjelle</a>",27.0,0.0,0.0
21487,"<a href=""statss.aspx?playerid=21487&position=P"">Stephen Kolek</a>",27.0,0.0,0.0
21504,"<a href=""statss.aspx?playerid=21504&position=P"">Jake Irvin</a>",27.0,0.0,0.0
21520,"<a href=""statss.aspx?playerid=21520&position=P"">Hogan Harris</a>",27.0,0.0,0.0
21527,"<a href=""statss.aspx?playerid=21527&position=P"">James McArthur</a>",27.0,0.0,0.0
21537,"<a href=""statss.aspx?playerid=21537&position=P"">Daniel Lynch IV</a>",27.0,0.0,0.0
21574,"<a href=""statss.aspx?playerid=21574&position=P"">Brendon Little</a>",27.0,0.0,0.0
21620,"<a href=""statss.aspx?playerid=21620&position=P"">Jake Cousins</a>",29.0,0.0,0.0
21635,"<a href=""statss.aspx?playerid=21635&position=2B/3B"">Nick Maton</a>",27.0,0.0,0.0
21649,"<a href=""statss.aspx?playerid=21649&position=P"">Luis Medina</a>",25.0,0.0,0.0
21652,"<a href=""statss.aspx?playerid=21652&position=P"">Elvis Peguero</a>",27.0,0.0,0.0
21690,"<a href=""statss.aspx?playerid=21690&position=P"">Edward Cabrera</a>",26.0,0.0,0.0
21741,"<a href=""statss.aspx?playerid=21741&position=P"">Javier Assad</a>",26.0,0.0,0.0
21761,"<a href=""statss.aspx?playerid=21761&position=P"">Jose Marte</a>",28.0,0.0,0.0
21844,"<a href=""statss.aspx?playerid=21844&position=P"">Braxton Garrett</a>",26.0,0.0,0.0
21846,"<a href=""statss.aspx?playerid=21846&position=P"">Cole Ragans</a>",26.0,0.0,0.0
21858,"<a href=""statss.aspx?playerid=21858&position=P"">Riley Pint</a>",26.0,0.0,0.0
21859,"<a href=""statss.aspx?playerid=21859&position=P"">Alex Speas</a>",26.0,0.0,0.0
21863,"<a href=""statss.aspx?playerid=21863&position=P"">George Soriano</a>",25.0,0.0,0.0
21955,"<a href=""statss.aspx?playerid=21955&position=P"">Yerry Rodriguez</a>",26.0,0.0,0.0
21992,"<a href=""statss.aspx?playerid=21992&position=P"">Camilo Doval</a>",26.0,0.0,0.0
21997,"<a href=""statss.aspx?playerid=21997&position=P"">Luis Frias</a>",26.0,0.0,0.0
22051,"<a href=""statss.aspx?playerid=22051&position=P"">John King</a>",29.0,0.0,0.0
22092,"<a href=""statss.aspx?playerid=22092&position=P"">Kyle Tyler</a>",27.0,0.0,0.0
22100,"<a href=""statss.aspx?playerid=22100&position=P"">Jose Soriano</a>",25.0,0.0,0.0
22113,"<a href=""statss.aspx?playerid=22113&position=P"">Cole Winn</a>",24.0,0.0,0.0
22117,"<a href=""statss.aspx?playerid=22117&position=1B"">Nick Pratto</a>",25.0,0.0,0.0
22182,"<a href=""statss.aspx?playerid=22182&position=P"">Hunter Greene</a>",24.0,0.0,0.0
22191,"<a href=""statss.aspx?playerid=22191&position=P"">Tobias Myers</a>",25.0,0.0,0.0
22192,"<a href=""statss.aspx?playerid=22192&position=P"">Hans Crouse</a>",25.0,0.0,0.0
22201,"<a href=""statss.aspx?playerid=22201&position=P"">MacKenzie Gore</a>",25.0,0.0,0.0
22207,"<a href=""statss.aspx?playerid=22207&position=P"">DL Hall</a>",25.0,0.0,0.0
22210,"<a href=""statss.aspx?playerid=22210&position=P"">Jeremiah Estrada</a>",25.0,0.0,0.0
22224,"<a href=""statss.aspx?playerid=22224&position=P"">Jonathan Heasley</a>",27.0,0.0,0.0
22250,"<a href=""statss.aspx?playerid=22250&position=P"">Logan Gilbert</a>",27.0,0.0,0.0
22267,"<a href=""statss.aspx?playerid=22267&position=P"">Tarik Skubal</a>",27.0,0.0,0.0
22273,"<a href=""statss.aspx?playerid=22273&position=P"">Owen White</a>",24.0,0.0,0.0
22276,"<a href=""statss.aspx?playerid=22276&position=P"">Dylan Coleman</a>",27.0,0.0,0.0
22284,"<a href=""statss.aspx?playerid=22284&position=P"">Matt Sauer</a>",25.0,0.0,0.0
22286,"<a href=""statss.aspx?playerid=22286&position=P"">Trevor Rogers</a>",26.0,0.0,0.0
22288,"<a href=""statss.aspx?playerid=22288&position=P"">Mason Englert</a>",24.0,0.0,0.0
22294,"<a href=""statss.aspx?playerid=22294&position=P"">Matthew Liberatore</a>",24.0,0.0,0.0
22318,"<a href=""statss.aspx?playerid=22318&position=P"">Jose Hernandez</a>",26.0,0.0,0.0
22361,"<a href=""statss.aspx?playerid=22361&position=P"">Colin Holderman</a>",28.0,0.0,0.0
22370,"<a href=""statss.aspx?playerid=22370&position=P"">Raymond Burgos</a>",25.0,0.0,0.0
22387,"<a href=""statss.aspx?playerid=22387&position=P"">Josh Winckowski</a>",26.0,0.0,0.0
22461,"<a href=""statss.aspx?playerid=22461&position=P"">Logan Gillaspie</a>",27.0,0.0,0.0
22533,"<a href=""statss.aspx?playerid=22533&position=P"">Michel Otanez</a>",26.0,0.0,0.0
22543,"<a href=""statss.aspx?playerid=22543&position=P"">Taj Bradley</a>",23.0,0.0,0.0
22630,"<a href=""statss.aspx?playerid=22630&position=P"">Keider Montero</a>",23.0,0.0,0.0
22690,"<a href=""statss.aspx?playerid=22690&position=P"">Jack O'Loughlin</a>",24.0,0.0,0.0
22713,"<a href=""statss.aspx?playerid=22713&position=P"">Carlos Hernandez</a>",27.0,0.0,0.0
22717,"<a href=""statss.aspx?playerid=22717&position=P"">Angel Zerpa</a>",24.0,0.0,0.0
22810,"<a href=""statss.aspx?playerid=22810&position=P"">Roansy Contreras</a>",24.0,0.0,0.0
22872,"<a href=""statss.aspx?playerid=22872&position=P"">Yoendrys Gomez</a>",24.0,0.0,0.0
22925,"<a href=""statss.aspx?playerid=22925&position=P"">Joan Adon</a>",25.0,0.0,0.0
22932,"<a href=""statss.aspx?playerid=22932&position=P"">Prelander Berroa</a>",24.0,0.0,0.0
23055,"<a href=""statss.aspx?playerid=23055&position=P"">Dedniel Nunez</a>",28.0,0.0,0.0
23135,"<a href=""statss.aspx?playerid=23135&position=P"">Eduardo Salazar</a>",26.0,0.0,0.0
23150,"<a href=""statss.aspx?playerid=23150&position=P"">Osvaldo Bido</a>",28.0,0.0,0.0
23221,"<a href=""statss.aspx?playerid=23221&position=P"">Michael Grove</a>",27.0,0.0,0.0
23223,"<a href=""statss.aspx?playerid=23223&position=P"">Michael Mercado</a>",25.0,0.0,0.0
23252,"<a href=""statss.aspx?playerid=23252&position=P"">Spencer Howard</a>",27.0,0.0,0.0
23265,"<a href=""statss.aspx?playerid=23265&position=P"">Cody Bolton</a>",26.0,0.0,0.0
23301,"<a href=""statss.aspx?playerid=23301&position=P"">Janson Junk</a>",28.0,0.0,0.0
23307,"<a href=""statss.aspx?playerid=23307&position=P"">Collin Snider</a>",28.0,0.0,0.0
23313,"<a href=""statss.aspx?playerid=23313&position=P"">Jose Butto</a>",26.0,0.0,0.0
23363,"<a href=""statss.aspx?playerid=23363&position=P"">Robert Garcia</a>",28.0,0.0,0.0
23391,"<a href=""statss.aspx?playerid=23391&position=P"">Ricky Vanasco</a>",25.0,0.0,0.0
23429,"<a href=""statss.aspx?playerid=23429&position=P"">JP Sears</a>",28.0,0.0,0.0
23443,"<a href=""statss.aspx?playerid=23443&position=P"">Tom Cosgrove</a>",28.0,0.0,0.0
23455,"<a href=""statss.aspx?playerid=23455&position=P"">Hunter Stratton</a>",27.0,0.0,0.0
23460,"<a href=""statss.aspx?playerid=23460&position=P"">Brandon Hughes</a>",28.0,0.0,0.0
23488,"<a href=""statss.aspx?playerid=23488&position=P"">Ron Marinaccio</a>",28.0,0.0,0.0
23499,"<a href=""statss.aspx?playerid=23499&position=P"">Keaton Winn</a>",26.0,0.0,0.0
23550,"<a href=""statss.aspx?playerid=23550&position=P"">Aaron Ashby</a>",26.0,0.0,0.0
23590,"<a href=""statss.aspx?playerid=23590&position=P"">Ben Brown</a>",24.0,0.0,0.0
23592,"<a href=""statss.aspx?playerid=23592&position=P"">Brett de Geus</a>",26.0,0.0,0.0
23617,"<a href=""statss.aspx?playerid=23617&position=P"">Josh Walker</a>",29.0,0.0,0.0
23631,"<a href=""statss.aspx?playerid=23631&position=P"">Clayton Andrews</a>",27.0,0.0,0.0
23779,"<a href=""statss.aspx?playerid=23779&position=P"">Justin Bruihl</a>",27.0,0.0,0.0
23796,"<a href=""statss.aspx?playerid=23796&position=P"">Ryan Weathers</a>",24.0,0.0,0.0
23809,"<a href=""statss.aspx?playerid=23809&position=P"">Ray Kerr</a>",29.0,0.0,0.0
23899,"<a href=""statss.aspx?playerid=23899&position=P"">Valente Bellozo</a>",24.0,0.0,0.0
23920,"<a href=""statss.aspx?playerid=23920&position=P"">Brayan Bello</a>",25.0,0.0,0.0
23974,"<a href=""statss.aspx?playerid=23974&position=P"">Randy Rodriguez</a>",24.0,0.0,0.0
24094,"<a href=""statss.aspx?playerid=24094&position=P"">Ronny Henriquez</a>",24.0,0.0,0.0
24282,"<a href=""statss.aspx?playerid=24282&position=P"">Kai-Wei Teng</a>",25.0,0.0,0.0
24453,"<a href=""statss.aspx?playerid=24453&position=P"">Justin Martinez</a>",22.0,0.0,0.0
24492,"<a href=""statss.aspx?playerid=24492&position=P"">Grayson Rodriguez</a>",24.0,0.0,0.0
24493,"<a href=""statss.aspx?playerid=24493&position=P"">Adam Kloffenstein</a>",23.0,0.0,0.0
24494,"<a href=""statss.aspx?playerid=24494&position=P"">Simeon Woods Richardson</a>",23.0,0.0,0.0
24580,"<a href=""statss.aspx?playerid=24580&position=P"">Josiah Gray</a>",26.0,0.0,0.0
24586,"<a href=""statss.aspx?playerid=24586&position=P"">Kyle Bradish</a>",27.0,0.0,0.0
24607,"<a href=""statss.aspx?playerid=24607&position=P"">Jonathan Bowlan</a>",27.0,0.0,0.0
24614,"<a href=""statss.aspx?playerid=24614&position=P"">Victor Vodnik</a>",24.0,0.0,0.0
24719,"<a href=""statss.aspx?playerid=24719&position=P"">Randy Vasquez</a>",25.0,0.0,0.0
24737,"<a href=""statss.aspx?playerid=24737&position=P"">Gus Varland</a>",27.0,0.0,0.0
24763,"<a href=""statss.aspx?playerid=24763&position=P"">Kyle Leahy</a>",27.0,0.0,0.0
24862,"<a href=""statss.aspx?playerid=24862&position=P"">Ryan Fernandez</a>",26.0,0.0,0.0
24930,"<a href=""statss.aspx?playerid=24930&position=P"">Ethan Roberts</a>",26.0,0.0,0.0
24933,"<a href=""statss.aspx?playerid=24933&position=P"">Andrew Wantz</a>",28.0,0.0,0.0
24968,"<a href=""statss.aspx?playerid=24968&position=P"">Reese Olson</a>",24.0,0.0,0.0
24975,"<a href=""statss.aspx?playerid=24975&position=P"">Cooper Criswell</a>",27.0,0.0,0.0
24977,"<a href=""statss.aspx?playerid=24977&position=P"">Shawn Dubin</a>",28.0,0.0,0.0
24986,"<a href=""statss.aspx?playerid=24986&position=P"">Colin Selby</a>",26.0,0.0,0.0
24993,"<a href=""statss.aspx?playerid=24993&position=P"">Kody Funderburk</a>",27.0,0.0,0.0
25007,"<a href=""statss.aspx?playerid=25007&position=P"">Alex Vesia</a>",28.0,0.0,0.0
25098,"<a href=""statss.aspx?playerid=25098&position=P"">Jacob Lopez</a>",26.0,0.0,0.0
25139,"<a href=""statss.aspx?playerid=25139&position=P"">Tim Herrin</a>",27.0,0.0,0.0
25178,"<a href=""statss.aspx?playerid=25178&position=P"">Joe Jacques</a>",29.0,0.0,0.0
25311,"<a href=""statss.aspx?playerid=25311&position=P"">Roddery Munoz</a>",24.0,0.0,0.0
25327,"<a href=""statss.aspx?playerid=25327&position=P"">Abner Uribe</a>",24.0,0.0,0.0
25376,"<a href=""statss.aspx?playerid=25376&position=P"">Nick Mears</a>",27.0,0.0,0.0
25377,"<a href=""statss.aspx?playerid=25377&position=P"">Brady Singer</a>",27.0,0.0,0.0
25379,"<a href=""statss.aspx?playerid=25379&position=P"">Sam Long</a>",28.0,0.0,0.0
25386,"<a href=""statss.aspx?playerid=25386&position=P"">Jhony Brito</a>",26.0,0.0,0.0
25436,"<a href=""statss.aspx?playerid=25436&position=P"">George Kirby</a>",26.0,0.0,0.0
25550,"<a href=""statss.aspx?playerid=25550&position=P"">Matt Waldron</a>",27.0,0.0,0.0
25551,"<a href=""statss.aspx?playerid=25551&position=P"">Isaiah Campbell</a>",26.0,0.0,0.0
25582,"<a href=""statss.aspx?playerid=25582&position=P"">Brady Basso</a>",26.0,0.0,0.0
25589,"<a href=""statss.aspx?playerid=25589&position=P"">Sammy Peralta</a>",26.0,0.0,0.0
25595,"<a href=""statss.aspx?playerid=25595&position=P"">Xzavion Curry</a>",25.0,0.0,0.0
25636,"<a href=""statss.aspx?playerid=25636&position=P"">Hunter Gaddis</a>",26.0,0.0,0.0
25645,"<a href=""statss.aspx?playerid=25645&position=P"">Declan Cronin</a>",26.0,0.0,0.0
25648,"<a href=""statss.aspx?playerid=25648&position=P"">Justin Slaten</a>",26.0,0.0,0.0
25651,"<a href=""statss.aspx?playerid=25651&position=P"">Ty Adcock</a>",27.0,0.0,0.0
25667,"<a href=""statss.aspx?playerid=25667&position=P"">Nick Avila</a>",26.0,0.0,0.0
25679,"<a href=""statss.aspx?playerid=25679&position=P"">Kevin Kelly</a>",26.0,0.0,0.0
25839,"<a href=""statss.aspx?playerid=25839&position=P"">Luis Contreras</a>",28.0,0.0,0.0
25862,"<a href=""statss.aspx?playerid=25862&position=P"">Noah Davis</a>",27.0,0.0,0.0
25880,"<a href=""statss.aspx?playerid=25880&position=P"">Hunter Brown</a>",25.0,0.0,0.0
25890,"<a href=""statss.aspx?playerid=25890&position=P"">Bryan King</a>",27.0,0.0,0.0
25911,"<a href=""statss.aspx?playerid=25911&position=P"">Yennier Cano</a>",30.0,0.0,0.0
25918,"<a href=""statss.aspx?playerid=25918&position=P"">Zack Thompson</a>",26.0,0.0,0.0
25921,"<a href=""statss.aspx?playerid=25921&position=P"">Casey Legumina</a>",27.0,0.0,0.0
25928,"<a href=""statss.aspx?playerid=25928&position=P"">Darius Vines</a>",26.0,0.0,0.0
25942,"<a href=""statss.aspx?playerid=25942&position=P"">Andrew Nardi</a>",25.0,0.0,0.0
25977,"<a href=""statss.aspx?playerid=25977&position=P"">Quinn Priester</a>",23.0,0.0,0.0
26034,"<a href=""statss.aspx?playerid=26034&position=P"">Anthony Maldonado</a>",26.0,0.0,0.0
26058,"<a href=""statss.aspx?playerid=26058&position=P"">Easton Lucas</a>",27.0,0.0,0.0
26079,"<a href=""statss.aspx?playerid=26079&position=P"">Beau Brieske</a>",26.0,0.0,0.0
26108,"<a href=""statss.aspx?playerid=26108&position=P"">Andre Pallante</a>",25.0,0.0,0.0
26190,"<a href=""statss.aspx?playerid=26190&position=P"">Blair Henley</a>",27.0,0.0,0.0
26203,"<a href=""statss.aspx?playerid=26203&position=P"">Andrew Saalfrank</a>",26.0,0.0,0.0
26215,"<a href=""statss.aspx?playerid=26215&position=P"">Jackson Rutledge</a>",25.0,0.0,0.0
26221,"<a href=""statss.aspx?playerid=26221&position=P"">Ryan Pepiot</a>",26.0,0.0,0.0
26226,"<a href=""statss.aspx?playerid=26226&position=P"">Nick Robertson</a>",25.0,0.0,0.0
26231,"<a href=""statss.aspx?playerid=26231&position=P"">Tyler Holton</a>",28.0,0.0,0.0
26252,"<a href=""statss.aspx?playerid=26252&position=P"">Erik Miller</a>",26.0,0.0,0.0
26253,"<a href=""statss.aspx?playerid=26253&position=P"">Ryne Nelson</a>",26.0,0.0,0.0
26257,"<a href=""statss.aspx?playerid=26257&position=P"">Joey Estes</a>",22.0,0.0,0.0
26270,"<a href=""statss.aspx?playerid=26270&position=P"">Blake Walston</a>",23.0,0.0,0.0
26285,"<a href=""statss.aspx?playerid=26285&position=P"">Tommy Henry</a>",26.0,0.0,0.0
26304,"<a href=""statss.aspx?playerid=26304&position=P"">Bryan Hoeing</a>",27.0,0.0,0.0
26378,"<a href=""statss.aspx?playerid=26378&position=P"">Nick Lodolo</a>",26.0,0.0,0.0
26389,"<a href=""statss.aspx?playerid=26389&position=P"">DJ Herz</a>",23.0,0.0,0.0
26410,"<a href=""statss.aspx?playerid=26410&position=P"">Alek Manoah</a>",26.0,0.0,0.0
26413,"<a href=""statss.aspx?playerid=26413&position=P"">Porter Hodge</a>",23.0,0.0,0.0
26419,"<a href=""statss.aspx?playerid=26419&position=P"">Bradley Blalock</a>",23.0,0.0,0.0
26790,"<a href=""statss.aspx?playerid=26790&position=P"">Angel Chivilli</a>",21.0,0.0,0.0
26952,"<a href=""statss.aspx?playerid=26952&position=P"">Anthony Molina</a>",22.0,0.0,0.0
27451,"<a href=""statss.aspx?playerid=27451&position=P"">Alec Marsh</a>",26.0,0.0,0.0
27453,"<a href=""statss.aspx?playerid=27453&position=P"">Anthony Veneziano</a>",26.0,0.0,0.0
27463,"<a href=""statss.aspx?playerid=27463&position=P"">Garrett Crochet</a>",25.0,0.0,0.0
27468,"<a href=""statss.aspx?playerid=27468&position=P"">Reid Detmers</a>",24.0,0.0,0.0
27470,"<a href=""statss.aspx?playerid=27470&position=P"">Emerson Hancock</a>",25.0,0.0,0.0
27472,"<a href=""statss.aspx?playerid=27472&position=P"">Jared Shuster</a>",25.0,0.0,0.0
27474,"<a href=""statss.aspx?playerid=27474&position=P"">Max Meyer</a>",25.0,0.0,0.0
27477,"<a href=""statss.aspx?playerid=27477&position=P"">Bryce Jarvis</a>",26.0,0.0,0.0
27483,"<a href=""statss.aspx?playerid=27483&position=P"">Bobby Miller</a>",25.0,0.0,0.0
27487,"<a href=""statss.aspx?playerid=27487&position=P"">Landon Knack</a>",26.0,0.0,0.0
27494,"<a href=""statss.aspx?playerid=27494&position=P"">Clayton Beeter</a>",25.0,0.0,0.0
27498,"<a href=""statss.aspx?playerid=27498&position=P"">Spencer Strider</a>",25.0,0.0,0.0
27500,"<a href=""statss.aspx?playerid=27500&position=P"">Slade Cecconi</a>",25.0,0.0,0.0
27514,"<a href=""statss.aspx?playerid=27514&position=P"">Kyle Hurt</a>",26.0,0.0,0.0
27517,"<a href=""statss.aspx?playerid=27517&position=P"">Jared Koenig</a>",30.0,0.0,0.0
27552,"<a href=""statss.aspx?playerid=27552&position=P"">Graham Ashcraft</a>",26.0,0.0,0.0
27572,"<a href=""statss.aspx?playerid=27572&position=P"">Carmen Mlodzinski</a>",25.0,0.0,0.0
27581,"<a href=""statss.aspx?playerid=27581&position=P"">Hayden Wesneski</a>",26.0,0.0,0.0
27582,"<a href=""statss.aspx?playerid=27582&position=P"">Davis Daniel</a>",27.0,0.0,0.0
27585,"<a href=""statss.aspx?playerid=27585&position=P"">Zac Kristofak</a>",26.0,0.0,0.0
27589,"<a href=""statss.aspx?playerid=27589&position=P"">Logan Allen</a>",25.0,0.0,0.0
27597,"<a href=""statss.aspx?playerid=27597&position=P"">Cody Bradford</a>",26.0,0.0,0.0
27636,"<a href=""statss.aspx?playerid=27636&position=P"">Mitchell Parker</a>",24.0,0.0,0.0
27646,"<a href=""statss.aspx?playerid=27646&position=P"">Luis L. Ortiz</a>",25.0,0.0,0.0
27668,"<a href=""statss.aspx?playerid=27668&position=P"">Brandon Eisert</a>",26.0,0.0,0.0
27685,"<a href=""statss.aspx?playerid=27685&position=P"">Carson Spiers</a>",26.0,0.0,0.0
27691,"<a href=""statss.aspx?playerid=27691&position=P"">Louie Varland</a>",26.0,0.0,0.0
27694,"<a href=""statss.aspx?playerid=27694&position=P"">Justin Sterner</a>",27.0,0.0,0.0
27707,"<a href=""statss.aspx?playerid=27707&position=P"">Mitch Spence</a>",26.0,0.0,0.0
27753,"<a href=""statss.aspx?playerid=27753&position=P"">Bailey Horn</a>",26.0,0.0,0.0
27758,"<a href=""statss.aspx?playerid=27758&position=P"">Kyle Harrison</a>",22.0,0.0,0.0
27765,"<a href=""statss.aspx?playerid=27765&position=P"">Yosver Zulueta</a>",26.0,0.0,0.0
27775,"<a href=""statss.aspx?playerid=27775&position=P"">Kyle Nicolas</a>",25.0,0.0,0.0
27779,"<a href=""statss.aspx?playerid=27779&position=P"">Bryce Elder</a>",25.0,0.0,0.0
27782,"<a href=""statss.aspx?playerid=27782&position=P"">Brandon Pfaadt</a>",25.0,0.0,0.0
27787,"<a href=""statss.aspx?playerid=27787&position=P"">Will Klein</a>",24.0,0.0,0.0
27792,"<a href=""statss.aspx?playerid=27792&position=P"">Gavin Stone</a>",25.0,0.0,0.0
27863,"<a href=""statss.aspx?playerid=27863&position=P"">Jared Jones</a>",22.0,0.0,0.0
27867,"<a href=""statss.aspx?playerid=27867&position=P"">Cade Smith</a>",25.0,0.0,0.0
27914,"<a href=""statss.aspx?playerid=27914&position=P"">Daniel Palencia</a>",24.0,0.0,0.0
28036,"<a href=""statss.aspx?playerid=28036&position=P"">Luke Little</a>",23.0,0.0,0.0
29519,"<a href=""statss.aspx?playerid=29519&position=P"">Gordon Graceffo</a>",24.0,0.0,0.0
29521,"<a href=""statss.aspx?playerid=29521&position=P"">Ryan Loutos</a>",25.0,0.0,0.0
29608,"<a href=""statss.aspx?playerid=29608&position=P"">Joe Boyle</a>",24.0,0.0,0.0
29812,"<a href=""statss.aspx?playerid=29812&position=P"">Robert Gasser</a>",25.0,0.0,0.0
29833,"<a href=""statss.aspx?playerid=29833&position=P"">Nick Nastrini</a>",24.0,0.0,0.0
29837,"<a href=""statss.aspx?playerid=29837&position=P"">Bryce Miller</a>",25.0,0.0,0.0
29891,"<a href=""statss.aspx?playerid=29891&position=P"">James Meeker</a>",29.0,0.0,0.0
29911,"<a href=""statss.aspx?playerid=29911&position=P"">Andrew Abbott</a>",25.0,0.0,0.0
29921,"<a href=""statss.aspx?playerid=29921&position=P"">Spencer Arrighetti</a>",24.0,0.0,0.0
29946,"<a href=""statss.aspx?playerid=29946&position=P"">Grant Hartwig</a>",26.0,0.0,0.0
29950,"<a href=""statss.aspx?playerid=29950&position=P"">Jordan Leasure</a>",25.0,0.0,0.0
29960,"<a href=""statss.aspx?playerid=29960&position=P"">AJ Smith-Shawver</a>",21.0,0.0,0.0
30055,"<a href=""statss.aspx?playerid=30055&position=P"">Cade Povich</a>",24.0,0.0,0.0
30056,"<a href=""statss.aspx?playerid=30056&position=P"">David Festa</a>",24.0,0.0,0.0
30074,"<a href=""statss.aspx?playerid=30074&position=P"">Chase Silseth</a>",24.0,0.0,0.0
30076,"<a href=""statss.aspx?playerid=30076&position=P"">Landen Roupp</a>",25.0,0.0,0.0
30094,"<a href=""statss.aspx?playerid=30094&position=P"">Jordan Wicks</a>",24.0,0.0,0.0
30107,"<a href=""statss.aspx?playerid=30107&position=P"">Christian Scott</a>",25.0,0.0,0.0
30115,"<a href=""statss.aspx?playerid=30115&position=P"">Robert Suarez</a>",33.0,0.0,0.0
30134,"<a href=""statss.aspx?playerid=30134&position=P"">Tanner Bibee</a>",25.0,0.0,0.0
30146,"<a href=""statss.aspx?playerid=30146&position=P"">Jack Leiter</a>",24.0,0.0,0.0
30161,"<a href=""statss.aspx?playerid=30161&position=P"">Carlos Rodriguez</a>",22.0,0.0,0.0
30171,"<a href=""statss.aspx?playerid=30171&position=P"">Mason Black</a>",24.0,0.0,0.0
30226,"<a href=""statss.aspx?playerid=30226&position=P"">Spencer Bivens</a>",30.0,0.0,0.0
30279,"<a href=""statss.aspx?playerid=30279&position=P"">Bryan Woo</a>",24.0,0.0,0.0
31261,"<a href=""statss.aspx?playerid=31261&position=P"">Chris Roycroft</a>",27.0,0.0,0.0
31461,"<a href=""statss.aspx?playerid=31461&position=P"">Ben Joyce</a>",23.0,0.0,0.0
31635,"<a href=""statss.aspx?playerid=31635&position=P"">Hayden Birdsong</a>",22.0,0.0,0.0
31730,"<a href=""statss.aspx?playerid=31730&position=P"">Jonathan Cannon</a>",23.0,0.0,0.0
31757,"<a href=""statss.aspx?playerid=31757&position=P"">Mason Miller</a>",25.0,0.0,0.0
31776,"<a href=""statss.aspx?playerid=31776&position=P"">Orion Kerkering</a>",23.0,0.0,0.0
31846,"<a href=""statss.aspx?playerid=31846&position=P"">Spencer Schwellenbach</a>",24.0,0.0,0.0
31900,"<a href=""statss.aspx?playerid=31900&position=P"">Adam Mazur</a>",23.0,0.0,0.0
31967,"<a href=""statss.aspx?playerid=31967&position=P"">Drew Thorpe</a>",23.0,0.0,0.0
33168,"<a href=""statss.aspx?playerid=33168&position=P"">Jake Bloss</a>",23.0,0.0,0.0
33527,"<a href=""statss.aspx?playerid=33527&position=P"">Hurston Waldrep</a>",22.0,0.0,0.0
33677,"<a href=""statss.aspx?playerid=33677&position=P"">Paul Skenes</a>",22.0,0.0,0.0
33825,"<a href=""statss.aspx?playerid=33825&position=P"">Yoshinobu Yamamoto</a>",25.0,0.0,0.0
33826,"<a href=""statss.aspx?playerid=33826&position=P"">Yuki Matsui</a>",28.0,0.0,0.0
33828,"<a href=""statss.aspx?playerid=33828&position=P"">Naoyuki Uwasawa</a>",30.0,0.0,0.0
33829,"<a href=""statss.aspx?playerid=33829&position=P"">Shota Imanaga</a>",30.0,0.0,0.0
33838,"<a href=""statss.aspx?playerid=33838&position=P"">Yariel Rodriguez</a>",27.0,0.0,0.0
12056,"<a href=""statss.aspx?playerid=12056&position=P"">Scott McGough</a>",34.0,1.0,0.0
22209,"<a href=""statss.aspx?playerid=22209&position=C"">Sam Huff</a>",26.0,4.0,0.17228268086910248
25643,"<a href=""statss.aspx?playerid=25643&position=C"">Drew Millas</a>",26.0,32.0,0.22898283787071705
30162,"<a href=""statss.aspx?playerid=30162&position=OF"">Oscar Colas</a>",25.0,38.0,0.30031871795654297
20002,"<a href=""statss.aspx?playerid=20002&position=OF"">Bryce Johnson</a>",28.0,22.0,0.24215522550401233
24451,"<a href=""statss.aspx?playerid=24451&position=OF"">J.P. Martinez</a>",28.0,10.0,0.21361568570137024
25782,"<a href=""statss.aspx?playerid=25782&position=C"">Pedro Pages</a>",25.0,77.0,0.25588165939628305
29592,"<a href=""statss.aspx?playerid=29592&position=3B"">Connor Norby</a>",24.0,14.0,0.27235946484974455
23442,"<a href=""statss.aspx?playerid=23442&position=3B/SS"">Luis Vazquez</a>",24.0,1.0,0.0
19859,"<a href=""statss.aspx?playerid=19859&position=C"">Rene Pinto</a>",27.0,49.0,0.3097107994059722
23296,"<a href=""statss.aspx?playerid=23296&position=SS"">Jacob Amaya</a>",25.0,1.0,0.0
26540,"<a href=""statss.aspx?playerid=26540&position=OF"">Angel Martinez</a>",22.0,7.0,0.2519173451832363
23250,"<a href=""statss.aspx?playerid=23250&position=DH"">David Banuelos</a>",27.0,1.0,0.0
23557,"<a href=""statss.aspx?playerid=23557&position=OF"">Chris Roller</a>",27.0,1.0,0.0
24597,"<a href=""statss.aspx?playerid=24597&position=3B/SS"">Jonathan Ornelas</a>",24.0,1.0,0.0
17992,"<a href=""statss.aspx?playerid=17992&position=2B"">David Fletcher</a>",30.0,9.0,0.19593571292029488
27899,"<a href=""statss.aspx?playerid=27899&position=2B/DH"">Colt Keith</a>",22.0,263.0,0.2621481461834361
17040,"<a href=""statss.aspx?playerid=17040&position=C"">Jose Herrera</a>",27.0,12.0,0.22295928543264215
22165,"<a href=""statss.aspx?playerid=22165&position=OF"">Ryan Vilade</a>",25.0,10.0,0.24525521397590638
15730,"<a href=""statss.aspx?playerid=15730&position=2B/OF"">Tyler Wade</a>",29.0,109.0,0.2643295781952994
27577,"<a href=""statss.aspx?playerid=27577&position=2B/3B"">Casey Schmitt</a>",25.0,42.0,0.27057439514568876
18887,"<a href=""statss.aspx?playerid=18887&position=C"">Seby Zavala</a>",30.0,43.0,0.2207387543859936
29487,"<a href=""statss.aspx?playerid=29487&position=OF"">Blake Dunn</a>",25.0,12.0,0.22198074062665304
9218,"<a href=""statss.aspx?playerid=9218&position=1B"">Paul Goldschmidt</a>",36.0,349.0,0.2887623213619166
22766,"<a href=""statss.aspx?playerid=22766&position=OF"">Steward Berroa</a>",25.0,0.0,0.0
21897,"<a href=""statss.aspx?playerid=21897&position=DH/OF"">Christopher Morel</a>",25.0,345.0,0.30072024386408724
27599,"<a href=""statss.aspx?playerid=27599&position=OF"">Jacob Hurtubise</a>",26.0,68.0,0.2530218781903386
12510,"<a href=""statss.aspx?playerid=12510&position=C"">Curt Casali</a>",35.0,50.0,0.280171910110785
21837,"<a href=""statss.aspx?playerid=21837&position=1B"">Jonathan Aranda</a>",26.0,52.0,0.27261792237942034
19983,"<a href=""statss.aspx?playerid=19983&position=OF"">Conner Capel</a>",27.0,8.0,0.22042767703533173
20536,"<a href=""statss.aspx?playerid=20536&position=2B/OF"">Vidal Brujan</a>",26.0,157.0,0.2832715815113437
25967,"<a href=""statss.aspx?playerid=25967&position=2B"">Orelvis Martinez</a>",22.0,3.0,0.2939035693804423
16496,"<a href=""statss.aspx?playerid=16496&position=OF"">Forrest Wall</a>",28.0,22.0,0.26303704489361157
21730,"<a href=""statss.aspx?playerid=21730&position=C/DH"">Jair Camargo</a>",24.0,5.0,0.13782614469528198
15161,"<a href=""statss.aspx?playerid=15161&position=C/DH"">Mitch Garver</a>",33.0,276.0,0.2891263126031212
19422,"<a href=""statss.aspx?playerid=19422&position=C"">Brian Serven</a>",29.0,13.0,0.17623334206067598
10472,"<a href=""statss.aspx?playerid=10472&position=OF"">Enrique Hernandez</a>",32.0,190.0,0.2614510065630863
12158,"<a href=""statss.aspx?playerid=12158&position=C"">Austin Barnes</a>",34.0,82.0,0.243552216142416
22471,"<a href=""statss.aspx?playerid=22471&position=SS"">Livan Soto</a>",24.0,3.0,0.0
25524,"<a href=""statss.aspx?playerid=25524&position=2B/3B/SS"">Aaron Schunk</a>",26.0,4.0,0.0
19928,"<a href=""statss.aspx?playerid=19928&position=OF"">Ryan McKenna</a>",27.0,15.0,0.37800424098968505
17954,"<a href=""statss.aspx?playerid=17954&position=OF"">Sam Hilliard</a>",30.0,8.0,0.1968944924218314
29634,"<a href=""statss.aspx?playerid=29634&position=2B/3B"">Will Wagner</a>",25.0,4.0,0.0
26365,"<a href=""statss.aspx?playerid=26365&position=OF"">Jonny DeLuca</a>",25.0,142.0,0.23234622275575678
16153,"<a href=""statss.aspx?playerid=16153&position=OF"">Austin Slater</a>",31.0,104.0,0.2857344758052092
24703,"<a href=""statss.aspx?playerid=24703&position=1B/3B"">Jonah Bride</a>",28.0,13.0,0.2173298138838548
19802,"<a href=""statss.aspx?playerid=19802&position=C"">Jhonny Pereda</a>",28.0,5.0,0.0
23782,"<a href=""statss.aspx?playerid=23782&position=2B/SS"">Leo Jimenez</a>",23.0,4.0,0.0
11489,"<a href=""statss.aspx?playerid=11489&position=OF"">Michael A. Taylor</a>",33.0,176.0,0.22144144981406455
22458,"<a href=""statss.aspx?playerid=22458&position=SS"">Taylor Walls</a>",27.0,56.0,0.23140238331896917
22168,"<a href=""statss.aspx?playerid=22168&position=OF"">Akil Baddoo</a>",25.0,54.0,0.24700616355295535
18289,"<a href=""statss.aspx?playerid=18289&position=3B/OF"">Brian Anderson</a>",31.0,5.0,0.0
8090,"<a href=""statss.aspx?playerid=8090&position=3B"">Matt Carpenter</a>",38.0,101.0,0.30494203209877013
23691,"<a href=""statss.aspx?playerid=23691&position=3B/DH"">Jose Tena</a>",23.0,3.0,0.0
19358,"<a href=""statss.aspx?playerid=19358&position=OF"">Weston Wilson</a>",29.0,4.0,0.0
19931,"<a href=""statss.aspx?playerid=19931&position=3B/OF"">Luke Williams</a>",27.0,12.0,0.19091945389906564
20505,"<a href=""statss.aspx?playerid=20505&position=OF"">Drew Waters</a>",25.0,8.0,0.11021383851766586
26197,"<a href=""statss.aspx?playerid=26197&position=1B/OF"">Andrew Vaughn</a>",26.0,325.0,0.3025518798828125
22563,"<a href=""statss.aspx?playerid=22563&position=SS"">Gabriel Arias</a>",24.0,153.0,0.2726178243269328
17484,"<a href=""statss.aspx?playerid=17484&position=DH/OF"">Eloy Jimenez</a>",27.0,173.0,0.2942910769771289
7859,"<a href=""statss.aspx?playerid=7859&position=OF"">Charlie Blackmon</a>",37.0,254.0,0.314566858704128
31567,"<a href=""statss.aspx?playerid=31567&position=3B"">Trey Lipscomb</a>",24.0,133.0,0.2670405881874489
26466,"<a href=""statss.aspx?playerid=26466&position=OF"">Matt Wallner</a>",26.0,33.0,0.2500671961090781
17893,"<a href=""statss.aspx?playerid=17893&position=1B/3B"">Tyler Nevin</a>",27.0,171.0,0.2869408538467006
19960,"<a href=""statss.aspx?playerid=19960&position=OF"">Taylor Trammell</a>",26.0,8.0,0.1963551789522171
22045,"<a href=""statss.aspx?playerid=22045&position=C"">Grant Koch</a>",27.0,8.0,0.08614134043455124
13185,"<a href=""statss.aspx?playerid=13185&position=SS"">Orlando Arcia</a>",29.0,306.0,0.2516940070523156
14813,"<a href=""statss.aspx?playerid=14813&position=2B/SS"">Kyle Farmer</a>",33.0,141.0,0.2538253950221198
19455,"<a href=""statss.aspx?playerid=19455&position=2B/3B"">Andruw Monasterio</a>",27.0,60.0,0.2597575783729553
17837,"<a href=""statss.aspx?playerid=17837&position=C"">Jakson Reetz</a>",28.0,12.0,0.17080092430114746
10323,"<a href=""statss.aspx?playerid=10323&position=OF"">Rafael Ortega</a>",33.0,17.0,0.1329395385349498
14894,"<a href=""statss.aspx?playerid=14894&position=2B/OF"">Tony Kemp</a>",32.0,10.0,0.06891307234764099
19890,"<a href=""statss.aspx?playerid=19890&position=3B"">Emmanuel Rivera</a>",28.0,146.0,0.2549606705534047
10441,"<a href=""statss.aspx?playerid=10441&position=1B"">Jon Singleton</a>",32.0,205.0,0.3076822301236595
22261,"<a href=""statss.aspx?playerid=22261&position=OF"">Bubba Thompson</a>",26.0,18.0,0.11867538094520569
19877,"<a href=""statss.aspx?playerid=19877&position=3B/SS"">Tristan Gray</a>",28.0,7.0,0.0
18607,"<a href=""statss.aspx?playerid=18607&position=1B"">Jared Walsh</a>",30.0,60.0,0.28863024711608887
27471,"<a href=""statss.aspx?playerid=27471&position=OF"">Zach DeLoach</a>",25.0,25.0,0.20341038942337036
15223,"<a href=""statss.aspx?playerid=15223&position=2B"">Adam Frazier</a>",32.0,165.0,0.2713667739521373
18795,"<a href=""statss.aspx?playerid=18795&position=3B"">Ramon Urias</a>",30.0,138.0,0.27457445212032483
25353,"<a href=""statss.aspx?playerid=25353&position=2B"">Michael Stefanic</a>",28.0,35.0,0.24144525357655117
23800,"<a href=""statss.aspx?playerid=23800&position=OF"">Parker Meadows</a>",24.0,85.0,0.2104628051028532
26517,"<a href=""statss.aspx?playerid=26517&position=3B/OF"">Noelvi Marte</a>",22.0,17.0,0.1775216214797076
19458,"<a href=""statss.aspx?playerid=19458&position=DH/OF"">Cooper Hummel</a>",29.0,8.0,0.0
19384,"<a href=""statss.aspx?playerid=19384&position=1B/DH"">Trenton Brooks</a>",28.0,29.0,0.18626396614929724
14128,"<a href=""statss.aspx?playerid=14128&position=OF"">Joey Gallo</a>",30.0,165.0,0.2749110153227141
16622,"<a href=""statss.aspx?playerid=16622&position=2B/3B"">Luis Urias</a>",27.0,91.0,0.26373677528821504
22896,"<a href=""statss.aspx?playerid=22896&position=2B"">Lenyn Sosa</a>",24.0,138.0,0.25810907737297173
15653,"<a href=""statss.aspx?playerid=15653&position=1B"">Dominic Smith</a>",29.0,166.0,0.28507035862968627
25138,"<a href=""statss.aspx?playerid=25138&position=OF"">Levi Jordan</a>",28.0,11.0,0.11404055898839777
25979,"<a href=""statss.aspx?playerid=25979&position=2B/SS"">Nasim Nunez</a>",23.0,13.0,0.12083395627828744
19864,"<a href=""statss.aspx?playerid=19864&position=C"">Riley Adams</a>",28.0,89.0,0.2732220041480931
13768,"<a href=""statss.aspx?playerid=13768&position=OF"">Travis Jankowski</a>",33.0,124.0,0.23405106509885482
17128,"<a href=""statss.aspx?playerid=17128&position=OF"">Ramon Laureano</a>",29.0,118.0,0.2552739614147251
31837,"<a href=""statss.aspx?playerid=31837&position=DH/OF"">Masataka Yoshida</a>",30.0,148.0,0.2962468838369524
27543,"<a href=""statss.aspx?playerid=27543&position=OF"">Duke Ellis</a>",26.0,4.0,0.0
26599,"<a href=""statss.aspx?playerid=26599&position=OF"">Jonatan Clase</a>",22.0,35.0,0.18148944037301198
18353,"<a href=""statss.aspx?playerid=18353&position=OF"">Daz Cameron</a>",27.0,72.0,0.25158104797204334
23818,"<a href=""statss.aspx?playerid=23818&position=2B/OF"">Ji Hwan Bae</a>",24.0,26.0,0.22256980721767133
18054,"<a href=""statss.aspx?playerid=18054&position=OF"">Sam Haggerty</a>",30.0,16.0,0.09817758947610855
10681,"<a href=""statss.aspx?playerid=10681&position=3B"">Gio Urshela</a>",32.0,199.0,0.26060650516394995
24655,"<a href=""statss.aspx?playerid=24655&position=1B/2B"">Owen Miller</a>",27.0,27.0,0.17708477709028456
15362,"<a href=""statss.aspx?playerid=15362&position=2B/OF"">Jeff McNeil</a>",32.0,282.0,0.2612154833786852
13853,"<a href=""statss.aspx?playerid=13853&position=2B/3B/SS"">Joey Wendle</a>",34.0,37.0,0.21933923863075874
21780,"<a href=""statss.aspx?playerid=21780&position=OF"">Esteury Ruiz</a>",25.0,65.0,0.2807173596488105
18889,"<a href=""statss.aspx?playerid=18889&position=2B/SS"">Danny Mendick</a>",30.0,125.0,0.2372677585771007
22530,"<a href=""statss.aspx?playerid=22530&position=OF"">Johnathan Rodriguez</a>",24.0,40.0,0.2525438696146011
9874,"<a href=""statss.aspx?playerid=9874&position=2B"">DJ LeMahieu</a>",35.0,99.0,0.23594296830041067
26469,"<a href=""statss.aspx?playerid=26469&position=3B"">Davis Wendzel</a>",27.0,49.0,0.17577465821285637
33189,"<a href=""statss.aspx?playerid=33189&position=1B"">Nolan Schanuel</a>",22.0,311.0,0.29273333572797744
23986,"<a href=""statss.aspx?playerid=23986&position=1B/3B"">Curtis Mead</a>",23.0,94.0,0.24583636176201604
3473,"<a href=""statss.aspx?playerid=3473&position=1B"">Anthony Rizzo</a>",34.0,291.0,0.2796835696574339
25807,"<a href=""statss.aspx?playerid=25807&position=3B/SS"">Jared Triolo</a>",26.0,252.0,0.25187138881948257
27604,"<a href=""statss.aspx?playerid=27604&position=2B/SS"">Alika Williams</a>",25.0,68.0,0.22858797945082188
25813,"<a href=""statss.aspx?playerid=25813&position=2B/3B"">Grae Kessinger</a>",26.0,11.0,0.0
25867,"<a href=""statss.aspx?playerid=25867&position=SS/OF"">Ryan Kreidler</a>",26.0,35.0,0.17952473504202707
16219,"<a href=""statss.aspx?playerid=16219&position=3B"">J.D. Davis</a>",31.0,146.0,0.2926548903119074
20557,"<a href=""statss.aspx?playerid=20557&position=3B"">C.J. Alexander</a>",27.0,6.0,0.0
11368,"<a href=""statss.aspx?playerid=11368&position=C"">Yasmani Grandal</a>",35.0,119.0,0.21107296872947176
22217,"<a href=""statss.aspx?playerid=22217&position=C"">Luis Campusano</a>",25.0,220.0,0.28479548530145127
29606,"<a href=""statss.aspx?playerid=29606&position=DH/OF"">Justyn-Henry Malloy</a>",24.0,73.0,0.2768806700837122
19562,"<a href=""statss.aspx?playerid=19562&position=SS"">Zack Short</a>",29.0,74.0,0.2394253146158506
9774,"<a href=""statss.aspx?playerid=9774&position=C"">Christian Vazquez</a>",33.0,167.0,0.20154404531164868
2136,"<a href=""statss.aspx?playerid=2136&position=OF"">David Peralta</a>",36.0,66.0,0.2560782992478573
22542,"<a href=""statss.aspx?playerid=22542&position=OF"">Lawrence Butler</a>",23.0,150.0,0.24046820839246114
21716,"<a href=""statss.aspx?playerid=21716&position=2B"">Enmanuel Valdez</a>",25.0,170.0,0.285686001269775
20017,"<a href=""statss.aspx?playerid=20017&position=3B"">Miles Mastrobuoni</a>",28.0,52.0,0.19212238490581512
26149,"<a href=""statss.aspx?playerid=26149&position=OF"">Dominic Fletcher</a>",26.0,84.0,0.2232331245778555
31363,"<a href=""statss.aspx?playerid=31363&position=3B"">Graham Pauley</a>",23.0,32.0,0.18320761248469353
24770,"<a href=""statss.aspx?playerid=24770&position=OF"">James Outman</a>",27.0,124.0,0.237912078057566
14130,"<a href=""statss.aspx?playerid=14130&position=1B/DH"">Daniel Vogelbach</a>",31.0,79.0,0.2619745987880079
17326,"<a href=""statss.aspx?playerid=17326&position=SS/OF"">Cole Tucker</a>",27.0,57.0,0.25033894338105855
13152,"<a href=""statss.aspx?playerid=13152&position=2B/SS"">Jorge Polanco</a>",30.0,200.0,0.2629165301969902
20325,"<a href=""statss.aspx?playerid=20325&position=1B/OF"">Alex Kirilloff</a>",26.0,178.0,0.28212288122498586
25845,"<a href=""statss.aspx?playerid=25845&position=1B"">Michael Toglia</a>",25.0,138.0,0.2876415092875992
16337,"<a href=""statss.aspx?playerid=16337&position=OF"">Nick Gordon</a>",28.0,216.0,0.2803335573386263
19955,"<a href=""statss.aspx?playerid=19955&position=2B"">Gavin Lux</a>",26.0,241.0,0.2537617225864616
14274,"<a href=""statss.aspx?playerid=14274&position=OF"">Mitch Haniger</a>",33.0,275.0,0.27597328727895565
21270,"<a href=""statss.aspx?playerid=21270&position=OF"">Sean Bouchard</a>",28.0,102.0,0.2819414180104095
13355,"<a href=""statss.aspx?playerid=13355&position=C"">Luke Maile</a>",33.0,114.0,0.25523574676430016
27690,"<a href=""statss.aspx?playerid=27690&position=OF"">Joey Wiemer</a>",25.0,27.0,0.15614716874228585
15279,"<a href=""statss.aspx?playerid=15279&position=1B/DH"">Garrett Cooper</a>",33.0,116.0,0.2534630134187896
20220,"<a href=""statss.aspx?playerid=20220&position=OF"">Jo Adell</a>",25.0,250.0,0.27721624605117307
29794,"<a href=""statss.aspx?playerid=29794&position=1B/DH"">Kyle Manzardo</a>",23.0,87.0,0.24717265093463592
14387,"<a href=""statss.aspx?playerid=14387&position=DH/OF"">Harold Ramirez</a>",29.0,186.0,0.26536800175584774
11281,"<a href=""statss.aspx?playerid=11281&position=2B/OF"">Whit Merrifield</a>",35.0,156.0,0.25610623359680174
26467,"<a href=""statss.aspx?playerid=26467&position=OF"">Luis Matos</a>",22.0,121.0,0.27431529412666955
12859,"<a href=""statss.aspx?playerid=12859&position=C"">James McCann</a>",34.0,122.0,0.24004064133909883
22277,"<a href=""statss.aspx?playerid=22277&position=SS"">Nick Allen</a>",25.0,77.0,0.21252737840016683
29617,"<a href=""statss.aspx?playerid=29617&position=C"">Henry Davis</a>",24.0,102.0,0.23564329477820065
25621,"<a href=""statss.aspx?playerid=25621&position=3B"">Bryan Ramos</a>",22.0,48.0,0.19520829121271768
27962,"<a href=""statss.aspx?playerid=27962&position=2B"">Adael Amador</a>",21.0,36.0,0.17644806702931723
27845,"<a href=""statss.aspx?playerid=27845&position=1B/DH"">Matt Mervis</a>",26.0,28.0,0.13729623291227552
10028,"<a href=""statss.aspx?playerid=10028&position=C"">Christian Bethancourt</a>",32.0,88.0,0.20585849396018094
26224,"<a href=""statss.aspx?playerid=26224&position=3B/SS"">Darell Hernaiz</a>",22.0,75.0,0.19885557889938354
12325,"<a href=""statss.aspx?playerid=12325&position=2B/3B"">Jace Peterson</a>",34.0,26.0,0.11342703379117526
15937,"<a href=""statss.aspx?playerid=15937&position=SS"">Aledmys Diaz</a>",33.0,30.0,0.11114209493001302
21746,"<a href=""statss.aspx?playerid=21746&position=2B/3B/OF"">Jose Fermin</a>",25.0,46.0,0.20598209681718246
10200,"<a href=""statss.aspx?playerid=10200&position=C"">Tucker Barnhart</a>",33.0,96.0,0.23851974086558564
24598,"<a href=""statss.aspx?playerid=24598&position=3B/OF"">Addison Barger</a>",24.0,54.0,0.17679241468321602
21853,"<a href=""statss.aspx?playerid=21853&position=OF"">Will Benson</a>",26.0,265.0,0.2846078554337675
5254,"<a href=""statss.aspx?playerid=5254&position=OF"">Robbie Grossman</a>",34.0,158.0,0.2781153132643881
23359,"<a href=""statss.aspx?playerid=23359&position=DH/OF"">Nelson Velazquez</a>",25.0,230.0,0.2801629683245783
21693,"<a href=""statss.aspx?playerid=21693&position=C"">Miguel Amaya</a>",25.0,187.0,0.23214960867358791
26420,"<a href=""statss.aspx?playerid=26420&position=2B/OF"">Kyren Paris</a>",22.0,59.0,0.2073715616916788
14477,"<a href=""statss.aspx?playerid=14477&position=OF"">Jake Cave</a>",31.0,155.0,0.269784877439598
13499,"<a href=""statss.aspx?playerid=13499&position=C"">Tom Murphy</a>",33.0,38.0,0.20589477764932732
27475,"<a href=""statss.aspx?playerid=27475&position=OF"">Jordan Walker</a>",22.0,67.0,0.22372405653569236
17276,"<a href=""statss.aspx?playerid=17276&position=C"">Alex Jackson</a>",28.0,79.0,0.13406037367307222
19514,"<a href=""statss.aspx?playerid=19514&position=C"">Andrew Knizner</a>",29.0,71.0,0.1657333189332989
31781,"<a href=""statss.aspx?playerid=31781&position=2B"">Jackson Holliday</a>",20.0,36.0,0.0872689684232076
5297,"<a href=""statss.aspx?playerid=5297&position=OF"">Aaron Hicks</a>",34.0,63.0,0.196132863324786
27465,"<a href=""statss.aspx?playerid=27465&position=1B"">Spencer Torkelson</a>",24.0,230.0,0.26410982754553247
19956,"<a href=""statss.aspx?playerid=19956&position=OF"">Mickey Moniak</a>",26.0,214.0,0.24498734295925248
31431,"<a href=""statss.aspx?playerid=31431&position=OF"">Jordan Beck</a>",23.0,81.0,0.2131550393998623
21538,"<a href=""statss.aspx?playerid=21538&position=C"">Nick Fortes</a>",27.0,160.0,0.1914412113105726
13145,"<a href=""statss.aspx?playerid=13145&position=1B/DH"">Josh Bell</a>",31.0,347.0,0.2959519203158392
5827,"<a href=""statss.aspx?playerid=5827&position=1B"">Wilmer Flores</a>",32.0,227.0,0.26461572905557346
12005,"<a href=""statss.aspx?playerid=12005&position=DH/OF"">Nick Martini</a>",34.0,149.0,0.265292726658486
29715,"<a href=""statss.aspx?playerid=29715&position=C"">Hunter Goodman</a>",24.0,112.0,0.27840152010321617
23312,"<a href=""statss.aspx?playerid=23312&position=1B"">Ryan Noda</a>",28.0,100.0,0.21186550699099146
15429,"<a href=""statss.aspx?playerid=15429&position=3B/OF"">Kris Bryant</a>",32.0,101.0,0.2737608811642864
15585,"<a href=""statss.aspx?playerid=15585&position=1B/DH"">Mike Ford</a>",31.0,62.0,0.18047992740907975
20126,"<a href=""statss.aspx?playerid=20126&position=OF"">Dylan Carlson</a>",25.0,109.0,0.23748629136916694
20529,"<a href=""statss.aspx?playerid=20529&position=OF"">Nolan Jones</a>",26.0,157.0,0.2665677085900918
30011,"<a href=""statss.aspx?playerid=30011&position=1B"">Christian Encarnacion-Strand</a>",24.0,123.0,0.223142795931033
31349,"<a href=""statss.aspx?playerid=31349&position=OF"">Victor Scott II</a>",23.0,65.0,0.1283908513876108
19698,"<a href=""statss.aspx?playerid=19698&position=OF"">Edward Olivares</a>",28.0,187.0,0.28975206900407924
20056,"<a href=""statss.aspx?playerid=20056&position=2B/SS"">Alan Trejo</a>",28.0,67.0,0.15202802780902747
19966,"<a href=""statss.aspx?playerid=19966&position=1B"">Bobby Dalbec</a>",29.0,93.0,0.19397203105947244
11737,"<a href=""statss.aspx?playerid=11737&position=3B/OF"">Nick Castellanos</a>",32.0,353.0,0.2944387423755765
15679,"<a href=""statss.aspx?playerid=15679&position=1B"">Rowdy Tellez</a>",29.0,213.0,0.27412028072025857
20521,"<a href=""statss.aspx?playerid=20521&position=2B/3B"">Nick Madrigal</a>",27.0,94.0,0.24503020125050698
13757,"<a href=""statss.aspx?playerid=13757&position=OF"">Chris Taylor</a>",33.0,126.0,0.23496171522140502
16357,"<a href=""statss.aspx?playerid=16357&position=OF"">Pablo Reyes</a>",30.0,64.0,0.20674801338464022
25817,"<a href=""statss.aspx?playerid=25817&position=3B/SS"">Braden Shewmake</a>",26.0,67.0,0.14412220378420246
22197,"<a href=""statss.aspx?playerid=22197&position=OF"">MJ Melendez</a>",25.0,253.0,0.2622140811549293
19610,"<a href=""statss.aspx?playerid=19610&position=C"">Keibert Ruiz</a>",25.0,222.0,0.23741627571819066
11615,"<a href=""statss.aspx?playerid=11615&position=2B/3B"">Brandon Drury</a>",31.0,122.0,0.21045610406359688
22275,"<a href=""statss.aspx?playerid=22275&position=1B/3B"">Jake Burger</a>",28.0,255.0,0.26146290091907276
18171,"<a href=""statss.aspx?playerid=18171&position=1B/OF"">Seth Brown</a>",31.0,195.0,0.2481591768753834
19997,"<a href=""statss.aspx?playerid=19997&position=2B/3B"">Santiago Espinal</a>",29.0,191.0,0.23077983907199798
12092,"<a href=""statss.aspx?playerid=12092&position=2B/SS"">Niko Goodrum</a>",32.0,33.0,0.14726638421416283
26031,"<a href=""statss.aspx?playerid=26031&position=2B"">Vaughn Grissom</a>",23.0,87.0,0.17378286863195486
10950,"<a href=""statss.aspx?playerid=10950&position=OF"">Adam Duvall</a>",35.0,209.0,0.2405382286418568
12979,"<a href=""statss.aspx?playerid=12979&position=SS"">Javier Baez</a>",31.0,196.0,0.20079418256574746
14366,"<a href=""statss.aspx?playerid=14366&position=1B/DH"">Joey Meneses</a>",32.0,296.0,0.26458144652641424
13338,"<a href=""statss.aspx?playerid=13338&position=C"">Omar Narvaez</a>",32.0,69.0,0.171028972548597
9627,"<a href=""statss.aspx?playerid=9627&position=C"">Yan Gomes</a>",36.0,96.0,0.18445973710009927
17901,"<a href=""statss.aspx?playerid=17901&position=OF"">Andrew Benintendi</a>",29.0,248.0,0.2399099500555741
22244,"<a href=""statss.aspx?playerid=22244&position=OF"">Jack Suwinski</a>",25.0,222.0,0.24129257898896797
12155,"<a href=""statss.aspx?playerid=12155&position=OF"">Eddie Rosario</a>",32.0,235.0,0.2414637618085258
15172,"<a href=""statss.aspx?playerid=15172&position=SS"">Tim Anderson</a>",31.0,241.0,0.20758363814769445
15676,"<a href=""statss.aspx?playerid=15676&position=1B"">Jose Abreu</a>",37.0,120.0,0.16351773738861083
20543,"<a href=""statss.aspx?playerid=20543&position=1B"">Elehuris Montero</a>",25.0,247.0,0.2540091618835202
6887,"<a href=""statss.aspx?playerid=6887&position=C"">Martin Maldonado</a>",37.0,129.0,0.12344756675144983
