playerid,Name,Age,IP,ERA,FIP,GS
22267,"<a href=""statss.aspx?playerid=22267&position=P"">Tarik Skubal</a>",28.0,195.1,2.2116041531508555,2.4491294744053644,31.0
33677,"<a href=""statss.aspx?playerid=33677&position=P"">Paul Skenes</a>",23.0,187.2,1.966252326829945,2.362489739913177,32.0
20778,"<a href=""statss.aspx?playerid=20778&position=P"">Cristopher Sanchez</a>",28.0,202.0,2.495049504950495,2.5509779023652035,32.0
27463,"<a href=""statss.aspx?playerid=27463&position=P"">Garrett Crochet</a>",26.0,205.1,2.586039025097117,2.8867596886776856,32.0
17995,"<a href=""statss.aspx?playerid=17995&position=P"">Logan Webb</a>",28.0,207.0,3.217391304347826,2.6037353520232127,34.0
19959,"<a href=""statss.aspx?playerid=19959&position=P"">Jesus Luzardo</a>",27.0,183.2,3.9201454076830196,2.8955718766261582,32.0
33825,"<a href=""statss.aspx?playerid=33825&position=P"">Yoshinobu Yamamoto</a>",26.0,173.2,2.487524138029198,2.9393589554915263,30.0
13743,"<a href=""statss.aspx?playerid=13743&position=P"">Max Fried</a>",31.0,195.1,2.8566553644865214,3.068583415449933,32.0
25880,"<a href=""statss.aspx?playerid=25880&position=P"">Hunter Brown</a>",26.0,185.1,2.4280576205921207,3.1405320018081033,31.0
14107,"<a href=""statss.aspx?playerid=14107&position=P"">Kevin Gausman</a>",34.0,193.0,3.5906735751295336,3.414929064320777,32.0
10310,"<a href=""statss.aspx?playerid=10310&position=P"">Zack Wheeler</a>",35.0,149.2,2.7060135469509574,3.0015060195919254,24.0
17277,"<a href=""statss.aspx?playerid=17277&position=P"">Ranger Suarez</a>",29.0,157.1,3.2033899340674816,3.211407507113156,26.0
17295,"<a href=""statss.aspx?playerid=17295&position=P"">Framber Valdez</a>",31.0,192.0,3.65625,3.374719651540121,31.0
29911,"<a href=""statss.aspx?playerid=29911&position=P"">Andrew Abbott</a>",26.0,166.1,2.867735558633611,3.6581824263852445,29.0
9132,"<a href=""statss.aspx?playerid=9132&position=P"">Nathan Eovaldi</a>",35.0,130.0,1.7307692307692308,2.7966747797452487,22.0
15454,"<a href=""statss.aspx?playerid=15454&position=P"">Nick Pivetta</a>",32.0,181.2,2.8733946563101758,3.4929345033795105,31.0
14078,"<a href=""statss.aspx?playerid=14078&position=P"">Michael Wacha</a>",33.0,172.2,3.857143084383524,3.6563718701505064,31.0
18679,"<a href=""statss.aspx?playerid=18679&position=P"">Freddy Peralta</a>",29.0,176.2,2.6999999222665485,3.6445702658042487,33.0
30279,"<a href=""statss.aspx?playerid=30279&position=P"">Bryan Woo</a>",25.0,186.2,2.9410715888471106,3.4672791934499947,30.0
10603,"<a href=""statss.aspx?playerid=10603&position=P"">Chris Sale</a>",36.0,125.2,2.5782493499141124,2.6735978543332735,20.0
12768,"<a href=""statss.aspx?playerid=12768&position=P"">Sonny Gray</a>",35.0,180.2,4.284133082548646,3.3897488786683345,32.0
15440,"<a href=""statss.aspx?playerid=15440&position=P"">Matthew Boyd</a>",34.0,179.2,3.2059368294643527,3.647195672912899,31.0
18525,"<a href=""statss.aspx?playerid=18525&position=P"">Dylan Cease</a>",29.0,168.0,4.553571428571429,3.5577553658258347,32.0
10954,"<a href=""statss.aspx?playerid=10954&position=P"">Jacob deGrom</a>",37.0,172.2,2.971042646079201,3.64478885788509,30.0
21455,"<a href=""statss.aspx?playerid=21455&position=P"">Kris Bubic</a>",27.0,116.1,2.5530087076098034,2.894448628600476,20.0
22286,"<a href=""statss.aspx?playerid=22286&position=P"">Trevor Rogers</a>",27.0,109.2,1.8054711664883034,2.8159873746356228,18.0
16137,"<a href=""statss.aspx?playerid=16137&position=P"">Carlos Rodon</a>",32.0,195.1,3.087030797106402,3.780187529542453,33.0
20302,"<a href=""statss.aspx?playerid=20302&position=P"">David Peterson</a>",29.0,168.2,4.215415274000524,3.484938710845368,30.0
21390,"<a href=""statss.aspx?playerid=21390&position=P"">Joe Ryan</a>",29.0,171.0,3.4210526315789473,3.7374754994933372,30.0
11156,"<a href=""statss.aspx?playerid=11156&position=P"">Merrill Kelly</a>",36.0,184.0,3.5217393494734153,3.7601363570793844,32.0
22100,"<a href=""statss.aspx?playerid=22100&position=P"">Jose Soriano</a>",26.0,169.0,4.260355029585799,3.7327694543014625,31.0
22182,"<a href=""statss.aspx?playerid=22182&position=P"">Hunter Greene</a>",25.0,107.2,2.7585139970457946,3.274455206946474,19.0
22201,"<a href=""statss.aspx?playerid=22201&position=P"">MacKenzie Gore</a>",26.0,159.2,4.171190244873954,3.7426520145322733,30.0
25377,"<a href=""statss.aspx?playerid=25377&position=P"">Brady Singer</a>",28.0,169.2,4.031434426384313,3.9779654453602333,32.0
26378,"<a href=""statss.aspx?playerid=26378&position=P"">Nick Lodolo</a>",27.0,156.2,3.331915109961659,3.811732106819691,28.0
27867,"<a href=""statss.aspx?playerid=27867&position=P"">Cade Smith</a>",26.0,73.2,2.932127101725873,1.954140680011644,0.0
10233,"<a href=""statss.aspx?playerid=10233&position=P"">Aroldis Chapman</a>",37.0,61.1,1.1739131408287662,1.7329622888835388,0.0
15689,"<a href=""statss.aspx?playerid=15689&position=P"">Luis Castillo</a>",32.0,180.2,3.5369002694302303,3.8768337143001377,32.0
19350,"<a href=""statss.aspx?playerid=19350&position=P"">Dean Kremer</a>",29.0,171.2,4.194174889316324,3.968146053168224,29.0
30113,"<a href=""statss.aspx?playerid=30113&position=P"">Chad Patrick</a>",26.0,119.2,3.5348190166254287,3.527893986720724,23.0
22250,"<a href=""statss.aspx?playerid=22250&position=P"">Logan Gilbert</a>",28.0,131.0,3.435114503816794,3.3488767762220544,25.0
25385,"<a href=""statss.aspx?playerid=25385&position=P"">Drew Rasmussen</a>",29.0,150.0,2.76,3.841802984873454,31.0
17479,"<a href=""statss.aspx?playerid=17479&position=P"">Jack Flaherty</a>",29.0,161.0,4.6397515527950315,3.8494220324925017,31.0
15890,"<a href=""statss.aspx?playerid=15890&position=P"">Luis Severino</a>",31.0,162.2,4.536885529620407,4.106447854358581,29.0
23301,"<a href=""statss.aspx?playerid=23301&position=P"">Janson Junk</a>",29.0,110.0,4.172727489786711,3.1442272277705934,16.0
2036,"<a href=""statss.aspx?playerid=2036&position=P"">Clayton Kershaw</a>",37.0,112.2,3.355029661529127,3.5522960909365993,22.0
17594,"<a href=""statss.aspx?playerid=17594&position=P"">Mitch Keller</a>",29.0,176.1,4.185255319209694,4.019824434462495,32.0
20633,"<a href=""statss.aspx?playerid=20633&position=P"">Yusei Kikuchi</a>",34.0,178.1,3.9869160015617013,4.228594293318646,33.0
16256,"<a href=""statss.aspx?playerid=16256&position=P"">Kyle Freeland</a>",32.0,162.2,4.979508508119959,4.180218350775174,31.0
12304,"<a href=""statss.aspx?playerid=12304&position=P"">Chris Bassitt</a>",36.0,170.1,3.9628181222461953,4.009891725932244,31.0
25436,"<a href=""statss.aspx?playerid=25436&position=P"">George Kirby</a>",27.0,126.0,4.214285714285714,3.3652950483655175,23.0
31846,"<a href=""statss.aspx?playerid=31846&position=P"">Spencer Schwellenbach</a>",25.0,110.2,3.0903615167999616,3.2526062004243297,17.0
20492,"<a href=""statss.aspx?playerid=20492&position=P"">Casey Mize</a>",28.0,149.0,3.865771812080537,3.8868141705557804,28.0
12718,"<a href=""statss.aspx?playerid=12718&position=P"">Adrian Houser</a>",32.0,125.0,3.3120001010742217,3.8071363387146,21.0
30146,"<a href=""statss.aspx?playerid=30146&position=P"">Jack Leiter</a>",25.0,151.2,3.8571431158476184,4.150521001694878,29.0
8700,"<a href=""statss.aspx?playerid=8700&position=P"">Justin Verlander</a>",42.0,152.0,3.848684210526316,3.8456626339962607,29.0
20191,"<a href=""statss.aspx?playerid=20191&position=P"">Garrett Whitlock</a>",29.0,72.0,2.2500002384186044,2.176802883324789,0.0
20039,"<a href=""statss.aspx?playerid=20039&position=P"">Adrian Morejon</a>",26.0,73.2,2.0769235788221074,2.2799324916329784,0.0
16609,"<a href=""statss.aspx?playerid=16609&position=P"">Bryan Abreu</a>",28.0,71.0,2.281690386026988,2.3886573647535134,0.0
31687,"<a href=""statss.aspx?playerid=31687&position=P"">Shane Smith</a>",25.0,146.1,3.8132119776423625,4.09868988244975,29.0
11486,"<a href=""statss.aspx?playerid=11486&position=P"">Robbie Ray</a>",33.0,182.1,3.652650924561298,3.930383141121784,32.0
31872,"<a href=""statss.aspx?playerid=31872&position=P"">Cade Horton</a>",23.0,118.0,2.6694916980220795,3.5842888896200265,22.0
21029,"<a href=""statss.aspx?playerid=21029&position=P"">Jhoan Duran</a>",27.0,70.0,2.057142913195553,2.349422011083486,0.0
12730,"<a href=""statss.aspx?playerid=12730&position=P"">Nick Martinez</a>",34.0,165.2,4.454728438605394,4.330307362710673,26.0
30182,"<a href=""statss.aspx?playerid=30182&position=P"">Will Warren</a>",26.0,162.1,4.435318414122357,4.065321152279671,33.0
21846,"<a href=""statss.aspx?playerid=21846&position=P"">Cole Ragans</a>",27.0,61.2,4.670270462872086,2.502703859692859,13.0
29839,"<a href=""statss.aspx?playerid=29839&position=P"">Emmet Sheehan</a>",25.0,73.1,2.822727431797793,2.9305908521344834,12.0
19569,"<a href=""statss.aspx?playerid=19569&position=P"">David Bednar</a>",30.0,62.2,2.2978725735555376,2.177689412558647,0.0
31757,"<a href=""statss.aspx?playerid=31757&position=P"">Mason Miller</a>",26.0,61.2,2.6270273791272545,2.2270280883850204,0.0
26253,"<a href=""statss.aspx?playerid=26253&position=P"">Ryne Nelson</a>",27.0,154.0,3.3896104315920055,3.7325389230084434,23.0
26221,"<a href=""statss.aspx?playerid=26221&position=P"">Ryan Pepiot</a>",27.0,167.2,3.864811367683266,4.357800408291771,31.0
21690,"<a href=""statss.aspx?playerid=21690&position=P"">Edward Cabrera</a>",27.0,137.2,3.5302666046856825,3.8252090084231245,26.0
14710,"<a href=""statss.aspx?playerid=14710&position=P"">Edwin Diaz</a>",31.0,66.1,1.6281408283590828,2.2758397699061605,0.0
22264,"<a href=""statss.aspx?playerid=22264&position=P"">Shane Baz</a>",26.0,166.1,4.869739627868396,4.367601285753727,31.0
15474,"<a href=""statss.aspx?playerid=15474&position=P"">Lucas Giolito</a>",30.0,145.0,3.413793103448276,4.169619076827477,26.0
16358,"<a href=""statss.aspx?playerid=16358&position=P"">Tyler Mahle</a>",30.0,86.2,2.1807692947613435,3.3659055557476703,16.0
19755,"<a href=""statss.aspx?playerid=19755&position=DH"">Shohei Ohtani</a>",30.0,47.0,2.872340425531915,1.901093765015298,14.0
23920,"<a href=""statss.aspx?playerid=23920&position=P"">Brayan Bello</a>",26.0,166.2,3.3480002043457158,4.191136382659916,28.0
30115,"<a href=""statss.aspx?playerid=30115&position=P"">Robert Suarez</a>",34.0,69.2,2.9712919744935826,2.8767631030334324,0.0
13649,"<a href=""statss.aspx?playerid=13649&position=P"">Clay Holmes</a>",32.0,165.2,3.5311871362881386,4.106967307851899,31.0
20373,"<a href=""statss.aspx?playerid=20373&position=P"">Andres Munoz</a>",26.0,62.1,1.7326203562001183,2.4292539508659985,0.0
13543,"<a href=""statss.aspx?playerid=13543&position=P"">Blake Snell</a>",32.0,61.1,2.3478261356317716,2.69491891777583,11.0
25977,"<a href=""statss.aspx?playerid=25977&position=P"">Quinn Priester</a>",24.0,157.1,3.3177968380917786,4.012255022529901,24.0
27768,"<a href=""statss.aspx?playerid=27768&position=P"">Eury Perez</a>",22.0,95.1,4.248251974906227,3.670101381713497,20.0
9323,"<a href=""statss.aspx?playerid=9323&position=P"">Patrick Corbin</a>",35.0,155.1,4.403433620581684,4.248870260254494,30.0
30134,"<a href=""statss.aspx?playerid=30134&position=P"">Tanner Bibee</a>",26.0,182.1,4.244972696111779,4.336233243850817,31.0
12317,"<a href=""statss.aspx?playerid=12317&position=P"">Colin Rea</a>",34.0,159.1,3.953975045283022,4.11421585322925,27.0
30184,"<a href=""statss.aspx?playerid=30184&position=P"">Noah Cameron</a>",25.0,138.1,2.9927711943760587,4.176100211902808,24.0
12049,"<a href=""statss.aspx?playerid=12049&position=P"">Kyle Hendricks</a>",35.0,164.2,4.755061022495843,4.598699161656977,31.0
17085,"<a href=""statss.aspx?playerid=17085&position=P"">Pablo Lopez</a>",29.0,75.2,2.735682911328653,3.187999756106858,14.0
22294,"<a href=""statss.aspx?playerid=22294&position=P"">Matthew Liberatore</a>",25.0,151.2,4.213187095772014,4.025246268017776,29.0
22543,"<a href=""statss.aspx?playerid=22543&position=P"">Taj Bradley</a>",24.0,142.2,5.046729196866169,4.347753194676019,27.0
16162,"<a href=""statss.aspx?playerid=16162&position=P"">Brandon Woodruff</a>",32.0,64.2,3.2010310537212825,3.166064154474626,12.0
19769,"<a href=""statss.aspx?playerid=19769&position=P"">Will Vest</a>",30.0,68.2,3.0145635533843627,2.7128061585539056,0.0
18684,"<a href=""statss.aspx?playerid=18684&position=P"">Sandy Alcantara</a>",29.0,174.2,5.358778938047624,4.280174552832348,31.0
17677,"<a href=""statss.aspx?playerid=17677&position=P"">Jeffrey Springs</a>",32.0,171.0,4.105263295266111,4.649756251930324,30.0
16943,"<a href=""statss.aspx?playerid=16943&position=P"">Sean Newcomb</a>",32.0,92.1,2.7292421403560567,3.0376633846226424,5.0
27589,"<a href=""statss.aspx?playerid=27589&position=P"">Logan Allen</a>",26.0,156.2,4.251064105813151,4.373434270951158,29.0
33927,"<a href=""statss.aspx?playerid=33927&position=P"">Grant Taylor</a>",23.0,36.2,4.909091249576308,1.4169543808550793,2.0
21487,"<a href=""statss.aspx?playerid=21487&position=P"">Stephen Kolek</a>",28.0,112.2,3.5147929787448,3.818568286296054,19.0
17170,"<a href=""statss.aspx?playerid=17170&position=P"">Gabe Speier</a>",30.0,62.0,2.612904029632085,2.312555419989279,0.0
20253,"<a href=""statss.aspx?playerid=20253&position=P"">Griffin Jax</a>",30.0,66.0,4.2272732159323505,2.5139241251844706,2.0
30249,"<a href=""statss.aspx?playerid=30249&position=P"">Jack Dreyer</a>",26.0,76.1,2.9475988547660124,2.820725773698413,5.0
25327,"<a href=""statss.aspx?playerid=25327&position=P"">Abner Uribe</a>",25.0,75.1,1.6725664846076955,2.750180540003429,0.0
27782,"<a href=""statss.aspx?playerid=27782&position=P"">Brandon Pfaadt</a>",26.0,176.2,5.247170113454573,4.216268455930438,33.0
27572,"<a href=""statss.aspx?playerid=27572&position=P"">Carmen Mlodzinski</a>",26.0,99.0,3.545454818683572,3.3270555249161546,12.0
14374,"<a href=""statss.aspx?playerid=14374&position=P"">Tyler Glasnow</a>",31.0,90.1,3.1881920614315504,3.7550625523740333,18.0
27552,"<a href=""statss.aspx?playerid=27552&position=P"">Graham Ashcraft</a>",27.0,65.1,3.994898736700474,2.7218709316515657,0.0
13580,"<a href=""statss.aspx?playerid=13580&position=P"">Steven Okert</a>",33.0,71.2,3.013954156821086,2.7583920486041515,1.0
23793,"<a href=""statss.aspx?playerid=23793&position=P"">Braxton Ashcraft</a>",25.0,69.2,2.7129187593202273,2.7762846304660167,8.0
17722,"<a href=""statss.aspx?playerid=17722&position=P"">Trevor Megill</a>",31.0,47.0,2.4893619041736605,2.4968383940596945,0.0
13799,"<a href=""statss.aspx?playerid=13799&position=P"">Matt Strahm</a>",33.0,62.1,2.7433157318699255,2.9907512796873177,0.0
18064,"<a href=""statss.aspx?playerid=18064&position=P"">Phil Maton</a>",32.0,61.1,2.7880439695767474,2.5970927451305728,0.0
31204,"<a href=""statss.aspx?playerid=31204&position=P"">Justin Wrobleski</a>",24.0,66.2,4.320000164794928,2.925136310195923,2.0
23335,"<a href=""statss.aspx?playerid=23335&position=P"">Joey Cantillo</a>",25.0,95.1,3.20979038104026,3.5547167601728344,13.0
21318,"<a href=""statss.aspx?playerid=21318&position=P"">Tylor Megill</a>",29.0,68.1,3.9512198062967294,3.42781926682136,14.0
15823,"<a href=""statss.aspx?playerid=15823&position=P"">Zack Littell</a>",29.0,186.2,3.80892870115991,4.8762078060787575,32.0
30122,"<a href=""statss.aspx?playerid=30122&position=P"">Gavin Williams</a>",25.0,167.2,3.0596423327492523,4.393585698733283,31.0
23974,"<a href=""statss.aspx?playerid=23974&position=P"">Randy Rodriguez</a>",25.0,50.2,1.7763160123719683,2.404873068676089,0.0
31838,"<a href=""statss.aspx?playerid=31838&position=P"">Kodai Senga</a>",32.0,113.1,3.017647194251888,4.123371656675242,22.0
30055,"<a href=""statss.aspx?playerid=30055&position=P"">Cade Povich</a>",25.0,112.1,5.207715634598808,4.176679445126549,20.0
24763,"<a href=""statss.aspx?playerid=24763&position=P"">Kyle Leahy</a>",28.0,88.0,3.0681823501903103,3.0442272115344817,1.0
24017,"<a href=""statss.aspx?playerid=24017&position=P"">Jose A. Ferrer</a>",25.0,76.1,4.480350091317871,3.030332807298767,0.0
24968,"<a href=""statss.aspx?playerid=24968&position=P"">Reese Olson</a>",25.0,68.2,3.1456311844624336,3.499214001593643,13.0
35333,"<a href=""statss.aspx?playerid=35333&position=P"">Chase Burns</a>",22.0,43.1,4.569231003868522,2.6505209087055803,8.0
19316,"<a href=""statss.aspx?playerid=19316&position=P"">Eric Lauer</a>",30.0,104.2,3.1815287977006124,3.8516968582294475,15.0
31827,"<a href=""statss.aspx?playerid=31827&position=P"">Zebby Matthews</a>",25.0,79.1,5.558823885802189,3.7905985451040975,16.0
15816,"<a href=""statss.aspx?playerid=15816&position=P"">Devin Williams</a>",30.0,62.0,4.790322875381155,2.6835233871944224,0.0
12857,"<a href=""statss.aspx?playerid=12857&position=P"">Shawn Armstrong</a>",34.0,74.0,2.3108112872997566,3.0675687367067943,2.0
24094,"<a href=""statss.aspx?playerid=24094&position=P"">Ronny Henriquez</a>",25.0,73.0,2.2191785460544837,3.1488349512071236,0.0
24728,"<a href=""statss.aspx?playerid=24728&position=P"">Mike Burrows</a>",25.0,96.0,3.937500117346648,3.9997196773067127,19.0
32095,"<a href=""statss.aspx?playerid=32095&position=P"">Cameron Schlittler</a>",24.0,73.0,2.958904109589041,3.7378760442341843,14.0
15541,"<a href=""statss.aspx?playerid=15541&position=P"">Tyler Rogers</a>",34.0,77.1,1.9784484059858918,2.8765156115419654,0.0
14168,"<a href=""statss.aspx?playerid=14168&position=P"">Jose Berrios</a>",31.0,166.0,4.174698795180723,4.647184510977872,30.0
15734,"<a href=""statss.aspx?playerid=15734&position=P"">Brad Keller</a>",29.0,69.2,2.06698594774835,2.9341793510645866,1.0
19899,"<a href=""statss.aspx?playerid=19899&position=P"">Clarke Schmidt</a>",29.0,78.2,3.3177967174270346,3.948695666541386,14.0
21448,"<a href=""statss.aspx?playerid=21448&position=P"">Davis Martin</a>",28.0,142.2,4.100467582094252,4.635136425160924,25.0
30085,"<a href=""statss.aspx?playerid=30085&position=P"">Ben Casparius</a>",26.0,77.2,4.635193626317996,3.57290460513682,3.0
13164,"<a href=""statss.aspx?playerid=13164&position=P"">Eduardo Rodriguez</a>",32.0,154.1,5.0151189557767655,4.573581290018728,29.0
17735,"<a href=""statss.aspx?playerid=17735&position=P"">Tyler Alexander</a>",30.0,97.2,4.976109781896189,3.6368428600029055,5.0
21574,"<a href=""statss.aspx?playerid=21574&position=P"">Brendon Little</a>",28.0,68.1,3.029269194594725,2.9156240577289085,0.0
21306,"<a href=""statss.aspx?playerid=21306&position=P"">Jacob Latz</a>",29.0,85.2,2.836576212316872,3.718793975062111,8.0
17556,"<a href=""statss.aspx?playerid=17556&position=P"">Jimmy Herget</a>",31.0,83.1,2.484000379028378,3.3151363456726117,0.0
31972,"<a href=""statss.aspx?playerid=31972&position=P"">Brad Lord</a>",25.0,130.2,4.339285798740111,4.229524094608614,19.0
25098,"<a href=""statss.aspx?playerid=25098&position=P"">Jacob Lopez</a>",27.0,92.2,4.0791367606145315,4.257438495730362,17.0
11861,"<a href=""statss.aspx?playerid=11861&position=P"">Jason Adam</a>",33.0,65.1,1.9285715787125863,3.073911823644483,0.0
27691,"<a href=""statss.aspx?playerid=27691&position=P"">Louie Varland</a>",27.0,72.2,2.972477480334008,3.1351363182067873,1.0
23550,"<a href=""statss.aspx?playerid=23550&position=P"">Aaron Ashby</a>",27.0,66.2,2.160000329589894,2.7001362518310446,1.0
14843,"<a href=""statss.aspx?playerid=14843&position=P"">Michael Lorenzen</a>",33.0,141.2,4.6376473918347445,4.589254069680086,26.0
31623,"<a href=""statss.aspx?playerid=31623&position=P"">Jacob Misiorowski</a>",23.0,66.0,4.363636552794914,3.6199848240728887,14.0
15009,"<a href=""statss.aspx?playerid=15009&position=P"">Kyle Finnegan</a>",33.0,57.0,3.473684675475629,3.1175924562094357,0.0
27468,"<a href=""statss.aspx?playerid=27468&position=P"">Reid Detmers</a>",25.0,63.2,3.958115578508185,3.1194295103555643,0.0
33703,"<a href=""statss.aspx?playerid=33703&position=P"">Nolan McLean</a>",23.0,48.0,2.0625,2.968469651540121,8.0
33527,"<a href=""statss.aspx?playerid=33527&position=P"">Hurston Waldrep</a>",23.0,56.1,2.8757398072496567,3.206142239373446,9.0
16977,"<a href=""statss.aspx?playerid=16977&position=P"">Trevor Williams</a>",33.0,82.2,6.205645352198858,4.12707183259335,17.0
17878,"<a href=""statss.aspx?playerid=17878&position=P"">Dennis Santana</a>",29.0,70.1,2.1753556075511487,3.2062263707411387,0.0
21224,"<a href=""statss.aspx?playerid=21224&position=P"">Bailey Ober</a>",29.0,146.1,5.104783776521227,4.898234329374762,27.0
24494,"<a href=""statss.aspx?playerid=24494&position=P"">Simeon Woods Richardson</a>",24.0,111.1,4.041916456188018,4.51836994988002,22.0
19962,"<a href=""statss.aspx?playerid=19962&position=P"">Joey Wentz</a>",27.0,98.0,5.602041415997482,4.063707846177225,13.0
24586,"<a href=""statss.aspx?playerid=24586&position=P"">Kyle Bradish</a>",28.0,32.0,2.53125,2.4476363182067873,6.0
30076,"<a href=""statss.aspx?playerid=30076&position=P"">Landen Roupp</a>",26.0,106.2,3.7968750905245563,3.913261336758733,22.0
10078,"<a href=""statss.aspx?playerid=10078&position=P"">Caleb Thielbar</a>",38.0,58.0,2.6379317284766173,2.997205247436768,0.0
13361,"<a href=""statss.aspx?playerid=13361&position=P"">Steven Matz</a>",34.0,76.2,3.052174545821842,3.4612233423330525,2.0
33666,"<a href=""statss.aspx?playerid=33666&position=P"">Connelly Early</a>",23.0,19.1,2.327586359983402,0.910998240889314,4.0
11674,"<a href=""statss.aspx?playerid=11674&position=P"">Jameson Taillon</a>",33.0,129.2,3.678663527670698,4.654416643051919,23.0
14212,"<a href=""statss.aspx?playerid=14212&position=P"">Josh Hader</a>",31.0,52.2,2.0506330104119512,3.2490603743407847,0.0
18383,"<a href=""statss.aspx?playerid=18383&position=P"">Michael Soroka</a>",27.0,89.2,4.516728944794676,4.228073198675622,17.0
21032,"<a href=""statss.aspx?playerid=21032&position=P"">Emmanuel Clase</a>",27.0,47.1,3.232394713538233,2.712601061535123,0.0
14542,"<a href=""statss.aspx?playerid=14542&position=P"">Carlos Estevez</a>",32.0,66.0,2.4545457382833007,3.665439409811204,0.0
21345,"<a href=""statss.aspx?playerid=21345&position=P"">Bennett Sousa</a>",30.0,50.2,2.842105619795149,2.7206625819866614,0.0
27932,"<a href=""statss.aspx?playerid=27932&position=P"">Ian Seymour</a>",26.0,57.0,3.631579068889252,3.187767898915327,5.0
23590,"<a href=""statss.aspx?playerid=23590&position=P"">Ben Brown</a>",25.0,106.1,5.924765173682577,4.075575234664339,15.0
19291,"<a href=""statss.aspx?playerid=19291&position=P"">Zac Gallen</a>",29.0,192.0,4.828125,4.504927984873454,33.0
19926,"<a href=""statss.aspx?playerid=19926&position=P"">Tony Santillan</a>",28.0,73.2,2.4434392514382273,3.718846806050364,0.0
22210,"<a href=""statss.aspx?playerid=22210&position=P"">Jeremiah Estrada</a>",26.0,73.0,3.452055516084753,3.546095308216877,0.0
14771,"<a href=""statss.aspx?playerid=14771&position=P"">Emilio Pagan</a>",34.0,68.2,2.8834952524238977,3.7176606116257567,0.0
4301,"<a href=""statss.aspx?playerid=4301&position=P"">Justin Wilson</a>",37.0,48.1,3.351725284245687,2.9489293579709157,0.0
29863,"<a href=""statss.aspx?playerid=29863&position=P"">Ryan Bergert</a>",25.0,76.1,3.655022077603541,3.999765196779668,15.0
17130,"<a href=""statss.aspx?playerid=17130&position=P"">Raisel Iglesias</a>",35.0,67.1,3.2079210344009423,3.313354153451284,0.0
29629,"<a href=""statss.aspx?playerid=29629&position=P"">Matt Svanson</a>",26.0,60.1,1.9392268054306208,2.7207716161916973,0.0
31986,"<a href=""statss.aspx?playerid=31986&position=P"">Parker Messick</a>",24.0,39.2,2.7226892501888273,2.983875804307408,7.0
25007,"<a href=""statss.aspx?playerid=25007&position=P"">Alex Vesia</a>",29.0,59.2,3.016760483733562,3.7720079758838727,0.0
17998,"<a href=""statss.aspx?playerid=17998&position=P"">Pete Fairbanks</a>",31.0,60.1,2.8342543825817113,3.632373929186035,0.0
13346,"<a href=""statss.aspx?playerid=13346&position=P"">Hoby Milner</a>",34.0,70.1,3.838863669694995,3.39106056285312,0.0
30240,"<a href=""statss.aspx?playerid=30240&position=P"">Hunter Dobbins</a>",25.0,61.0,4.131147540983607,3.8728412362395743,11.0
27914,"<a href=""statss.aspx?playerid=27914&position=P"">Daniel Palencia</a>",25.0,52.2,2.9050636418334914,3.0781742860139736,0.0
29868,"<a href=""statss.aspx?playerid=29868&position=P"">Bubba Chandler</a>",22.0,31.1,4.0212767589356755,2.6564128945239687,4.0
19867,"<a href=""statss.aspx?playerid=19867&position=P"">Griffin Canning</a>",29.0,76.1,3.7729260155907522,4.039066509442072,16.0
16149,"<a href=""statss.aspx?playerid=16149&position=P"">Aaron Nola</a>",32.0,94.1,6.0106010307932625,4.576832509014342,17.0
27646,"<a href=""statss.aspx?playerid=27646&position=P"">Luis L. Ortiz</a>",26.0,88.2,4.364661779322281,4.1840085287415985,16.0
18297,"<a href=""statss.aspx?playerid=18297&position=P"">Tyler Kinley</a>",34.0,72.2,3.9633032030835427,3.685595096412835,0.0
27498,"<a href=""statss.aspx?playerid=27498&position=P"">Spencer Strider</a>",26.0,125.1,4.452127840250212,4.5314129706150075,23.0
15145,"<a href=""statss.aspx?playerid=15145&position=P"">Justin Topa</a>",34.0,60.0,3.9000004959107075,3.035136305491128,1.0
19479,"<a href=""statss.aspx?playerid=19479&position=P"">Aaron Civale</a>",30.0,102.0,4.852941176470588,4.625332396638159,18.0
29869,"<a href=""statss.aspx?playerid=29869&position=P"">Michael McGreevy</a>",24.0,95.2,4.421602816841596,4.274509148078499,16.0
27517,"<a href=""statss.aspx?playerid=27517&position=P"">Jared Koenig</a>",31.0,66.0,2.8636366946638505,3.347257554848554,0.0
33829,"<a href=""statss.aspx?playerid=33829&position=P"">Shota Imanaga</a>",31.0,144.2,3.7327191564828306,4.86324703880069,25.0
19574,"<a href=""statss.aspx?playerid=19574&position=P"">JoJo Romero</a>",28.0,61.0,2.065574287182989,3.282677338719858,0.0
27779,"<a href=""statss.aspx?playerid=27779&position=P"">Bryce Elder</a>",26.0,156.1,5.2963754388406725,4.548782419636484,28.0
16944,"<a href=""statss.aspx?playerid=16944&position=P"">Grant Holmes</a>",29.0,115.0,3.9913046126194573,4.3960059670735,21.0
27636,"<a href=""statss.aspx?playerid=27636&position=P"">Mitchell Parker</a>",25.0,164.2,5.68421074578485,4.987363110369586,30.0
19249,"<a href=""statss.aspx?playerid=19249&position=P"">Seranthony Dominguez</a>",30.0,62.2,3.1595750771373026,3.470242765781956,0.0
20539,"<a href=""statss.aspx?playerid=20539&position=P"">Edwin Uceta</a>",27.0,76.0,3.789474064623588,3.6877679526310607,0.0
19360,"<a href=""statss.aspx?playerid=19360&position=P"">Lucas Erceg</a>",30.0,61.1,2.641304731143726,3.493832022436182,0.0
17606,"<a href=""statss.aspx?playerid=17606&position=P"">Cristian Javier</a>",28.0,37.0,4.621621621621622,3.648649831720301,8.0
11423,"<a href=""statss.aspx?playerid=11423&position=P"">Jose Quintana</a>",36.0,131.2,3.964557268325788,4.81361746054395,24.0
25636,"<a href=""statss.aspx?playerid=25636&position=P"">Hunter Gaddis</a>",27.0,66.2,3.1050004737854726,3.495136373138436,0.0
19853,"<a href=""statss.aspx?playerid=19853&position=P"">Michael King</a>",30.0,73.1,3.436363874703416,4.4169545889294906,15.0
6902,"<a href=""statss.aspx?playerid=6902&position=P"">Martin Perez</a>",34.0,56.0,3.5357144663528612,4.242279231913239,10.0
26440,"<a href=""statss.aspx?playerid=26440&position=P"">Ryan Gusto</a>",26.0,101.2,5.665573912212782,4.610546191178866,17.0
26056,"<a href=""statss.aspx?playerid=26056&position=P"">Brandon Walter</a>",28.0,53.2,3.3540374260203403,4.01091275722321,9.0
12828,"<a href=""statss.aspx?playerid=12828&position=P"">Andrew Kittredge</a>",35.0,53.0,3.3962267817616136,3.059664611945418,0.0
31475,"<a href=""statss.aspx?playerid=31475&position=P"">Logan Henderson</a>",23.0,25.1,1.7763158786329911,3.016715259631255,5.0
24609,"<a href=""statss.aspx?playerid=24609&position=P"">Braydon Fisher</a>",24.0,50.0,2.7000005664826627,3.01513629302978,1.0
19330,"<a href=""statss.aspx?playerid=19330&position=P"">Matt Festa</a>",32.0,54.2,4.115854998843727,3.1351363182067873,0.0
24719,"<a href=""statss.aspx?playerid=24719&position=P"">Randy Vasquez</a>",26.0,133.2,3.8379052551626516,4.848353283961655,26.0
19349,"<a href=""statss.aspx?playerid=19349&position=P"">Caleb Ferguson</a>",28.0,65.1,3.5816336638331534,3.2575853323549286,0.0
19716,"<a href=""statss.aspx?playerid=19716&position=P"">Dustin May</a>",27.0,132.1,4.964735778751391,4.880728350005222,23.0
21461,"<a href=""statss.aspx?playerid=21461&position=P"">Cole Sands</a>",27.0,72.0,4.500000476837209,3.5795808097462647,3.0
16990,"<a href=""statss.aspx?playerid=16990&position=P"">Tanner Banks</a>",33.0,67.1,3.07425765796757,3.6400868513995284,1.0
7048,"<a href=""statss.aspx?playerid=7048&position=P"">Fernando Cruz</a>",35.0,48.0,3.5625008493663906,3.176802994807564,0.0
16866,"<a href=""statss.aspx?playerid=16866&position=P"">Reed Garrett</a>",32.0,55.1,3.903615354886194,3.4604375977806368,1.0
25756,"<a href=""statss.aspx?playerid=25756&position=P"">Matt Brash</a>",27.0,47.1,2.4718314507395824,3.050629260061844,0.0
10061,"<a href=""statss.aspx?playerid=10061&position=P"">Brooks Raley</a>",37.0,25.2,2.454545880152248,2.1221491295725263,0.0
19178,"<a href=""statss.aspx?playerid=19178&position=P"">Tommy Nance</a>",34.0,31.2,1.9894740836442815,1.8719781698612117,0.0
27889,"<a href=""statss.aspx?playerid=27889&position=P"">J.T. Ginn</a>",26.0,90.1,5.081180936976171,4.618531188696563,16.0
19361,"<a href=""statss.aspx?playerid=19361&position=P"">Corbin Burnes</a>",30.0,64.1,2.6580312982297354,3.943426537551502,11.0
6984,"<a href=""statss.aspx?playerid=6984&position=P"">Luis Garcia</a>",38.0,55.1,3.4156631411792486,3.279714652224957,0.0
19677,"<a href=""statss.aspx?playerid=19677&position=P"">Gregory Soto</a>",30.0,60.1,4.176796988571585,3.416904369023124,0.0
17897,"<a href=""statss.aspx?playerid=17897&position=P"">Garrett Cleavinger</a>",31.0,61.1,2.347826573709109,3.5916581519835584,0.0
26108,"<a href=""statss.aspx?playerid=26108&position=P"">Andre Pallante</a>",26.0,162.2,5.311475741994623,4.684316742955219,31.0
27500,"<a href=""statss.aspx?playerid=27500&position=P"">Slade Cecconi</a>",26.0,132.0,4.295454545454546,4.642712075782545,23.0
29878,"<a href=""statss.aspx?playerid=29878&position=P"">Sean Burke</a>",25.0,134.1,4.220843712410027,4.921736831396217,22.0
31776,"<a href=""statss.aspx?playerid=31776&position=P"">Orion Kerkering</a>",24.0,60.0,3.3000004196167527,3.8184697384304584,0.0
18694,"<a href=""statss.aspx?playerid=18694&position=P"">Kolby Allard</a>",27.0,65.0,2.6307695009581713,3.535136359288147,2.0
25890,"<a href=""statss.aspx?playerid=25890&position=P"">Bryan King</a>",28.0,68.0,2.779412388389226,3.67925408736235,0.0
20099,"<a href=""statss.aspx?playerid=20099&position=P"">Chris Paddack</a>",29.0,158.0,5.354430444384592,5.027541404342713,28.0
23237,"<a href=""statss.aspx?playerid=23237&position=P"">Juan Mejia</a>",24.0,61.1,3.9619568502970863,3.705788539442993,0.0
16727,"<a href=""statss.aspx?playerid=16727&position=P"">Brock Stewart</a>",33.0,37.2,2.628319160801526,3.1882336749906566,0.0
11426,"<a href=""statss.aspx?playerid=11426&position=P"">Drew Pomeranz</a>",36.0,49.2,2.1744970479134067,3.3566128693831527,4.0
20375,"<a href=""statss.aspx?playerid=20375&position=P"">Greg Weissert</a>",30.0,67.0,2.8208958436078704,3.672449812227334,0.0
20794,"<a href=""statss.aspx?playerid=20794&position=P"">Manuel Rodriguez</a>",28.0,30.1,2.076923294583341,3.036235208940914,0.0
13293,"<a href=""statss.aspx?playerid=13293&position=P"">Danny Coulombe</a>",35.0,43.0,2.3023261941402864,3.2979270592066054,1.0
20385,"<a href=""statss.aspx?playerid=20385&position=P"">Isaac Mattson</a>",29.0,47.2,2.4545457819352827,3.6596119126374034,0.0
22304,"<a href=""statss.aspx?playerid=22304&position=P"">Brenan Hanifee</a>",27.0,60.0,3.000000572204699,3.251803007125859,0.0
10197,"<a href=""statss.aspx?playerid=10197&position=P"">Shelby Miller</a>",34.0,46.0,2.7391306051459896,3.4394841632230078,0.0
33850,"<a href=""statss.aspx?playerid=33850&position=P"">Brandon Sproat</a>",24.0,20.2,4.7903227280131535,2.796426630367473,4.0
21992,"<a href=""statss.aspx?playerid=21992&position=P"">Camilo Doval</a>",27.0,65.1,3.581633036457406,3.4718710481301334,0.0
20423,"<a href=""statss.aspx?playerid=20423&position=P"">Ryan Walker</a>",29.0,61.1,4.108696248445796,3.2981798201292394,0.0
3096,"<a href=""statss.aspx?playerid=3096&position=P"">Kenley Jansen</a>",37.0,59.0,2.59322050665002,3.9825940001185582,0.0
20666,"<a href=""statss.aspx?playerid=20666&position=P"">Felix Bautista</a>",30.0,34.2,2.5961540366065714,3.365905565905149,0.0
30133,"<a href=""statss.aspx?playerid=30133&position=P"">Brant Hurter</a>",26.0,63.0,2.4285719432529147,3.611326895315202,4.0
16835,"<a href=""statss.aspx?playerid=16835&position=P"">Brennan Bernardino</a>",33.0,51.2,3.1354847198075797,3.4061041334988005,3.0
15551,"<a href=""statss.aspx?playerid=15551&position=P"">Mark Leiter Jr.</a>",34.0,48.1,4.841380584027674,3.548929530516845,0.0
19407,"<a href=""statss.aspx?playerid=19407&position=P"">Ronel Blanco</a>",31.0,48.1,4.09655183191107,4.273067382626529,9.0
13619,"<a href=""statss.aspx?playerid=13619&position=P"">Jakob Junis</a>",32.0,66.2,2.9700004531861044,3.4501363662719804,0.0
29914,"<a href=""statss.aspx?playerid=29914&position=P"">Andrew Alvarez</a>",26.0,23.1,2.314285840404284,3.392279189362819,5.0
29960,"<a href=""statss.aspx?playerid=29960&position=P"">AJ Smith-Shawver</a>",22.0,44.1,3.8571429677731786,3.902053633436542,9.0
27669,"<a href=""statss.aspx?playerid=27669&position=P"">Tanner Gordon</a>",27.0,75.1,6.331858834586276,5.046640872044153,15.0
21052,"<a href=""statss.aspx?playerid=21052&position=P"">Luis Gil</a>",27.0,57.0,3.3157894736842106,4.626364388382226,11.0
22288,"<a href=""statss.aspx?playerid=22288&position=P"">Mason Englert</a>",25.0,44.2,3.8283584269257975,3.1351363182067873,0.0
21520,"<a href=""statss.aspx?playerid=21520&position=P"">Hogan Harris</a>",28.0,64.2,3.201031431380035,3.7073013566660205,0.0
11847,"<a href=""statss.aspx?playerid=11847&position=P"">Chris Martin</a>",39.0,42.1,2.9763785785660044,3.5839553102127715,0.0
20070,"<a href=""statss.aspx?playerid=20070&position=P"">Bailey Falter</a>",28.0,125.1,4.452127840250212,4.938327880745403,24.0
24614,"<a href=""statss.aspx?playerid=24614&position=P"">Victor Vodnik</a>",25.0,50.2,3.019737221032346,3.7667153448279316,0.0
13932,"<a href=""statss.aspx?playerid=13932&position=P"">Dietrich Enns</a>",34.0,46.1,4.079137054476167,3.674704711656016,3.0
23363,"<a href=""statss.aspx?playerid=23363&position=P"">Robert Garcia</a>",29.0,64.0,2.9531257040800343,3.713261456042561,0.0
17381,"<a href=""statss.aspx?playerid=17381&position=P"">Matt Gage</a>",32.0,31.0,3.1935493695503263,2.7480394249279603,2.0
29950,"<a href=""statss.aspx?playerid=29950&position=P"">Jordan Leasure</a>",26.0,64.1,3.9170994520887636,4.487468271904099,1.0
27474,"<a href=""statss.aspx?playerid=27474&position=P"">Max Meyer</a>",26.0,64.2,4.731958948979287,4.465033277723842,12.0
11836,"<a href=""statss.aspx?playerid=11836&position=P"">Taijuan Walker</a>",32.0,123.2,4.075471844780107,5.067750943013227,21.0
20997,"<a href=""statss.aspx?playerid=20997&position=P"">Eduard Bazardo</a>",29.0,78.2,2.516949478013569,3.6436109602297306,0.0
12447,"<a href=""statss.aspx?playerid=12447&position=P"">Seth Lugo</a>",35.0,145.1,4.149082714013711,5.089264826962831,26.0
15507,"<a href=""statss.aspx?playerid=15507&position=P"">Hunter Harvey</a>",30.0,10.2,0.0,1.3538862120360073,0.0
14295,"<a href=""statss.aspx?playerid=14295&position=P"">Wandy Peralta</a>",33.0,71.2,3.1395357889123354,3.623508552037595,1.0
19804,"<a href=""statss.aspx?playerid=19804&position=P"">Bryan Baker</a>",30.0,68.2,4.0631071723185395,3.9215441580103763,0.0
17639,"<a href=""statss.aspx?playerid=17639&position=P"">Justin Lawrence</a>",30.0,17.2,0.5094340355976084,2.2294758104777057,0.0
23429,"<a href=""statss.aspx?playerid=23429&position=P"">JP Sears</a>",29.0,135.2,5.041769136279228,5.213760435795592,27.0
29608,"<a href=""statss.aspx?playerid=29608&position=P"">Joe Boyle</a>",25.0,52.0,4.673076923076923,4.192828625899095,9.0
29519,"<a href=""statss.aspx?playerid=29519&position=P"">Gordon Graceffo</a>",25.0,43.0,6.279070324482614,2.9258339740573667,0.0
27758,"<a href=""statss.aspx?playerid=27758&position=P"">Kyle Harrison</a>",23.0,35.2,4.037383357492935,3.723921391174507,6.0
16918,"<a href=""statss.aspx?playerid=16918&position=P"">Luke Weaver</a>",31.0,64.2,3.6185572702556916,3.8928683961663126,0.0
32227,"<a href=""statss.aspx?playerid=32227&position=P"">Luis Morales</a>",22.0,48.2,3.143835780723038,4.6762322891494525,9.0
27473,"<a href=""statss.aspx?playerid=27473&position=P"">Cade Cavalli</a>",26.0,48.2,4.253424879801757,4.532396665194804,10.0
25376,"<a href=""statss.aspx?playerid=25376&position=P"">Nick Mears</a>",28.0,56.2,3.494118509523809,3.8586659085627275,0.0
23313,"<a href=""statss.aspx?playerid=23313&position=P"">Jose Butto</a>",27.0,67.0,3.8955232752383275,3.702300626479034,0.0
21267,"<a href=""statss.aspx?playerid=21267&position=P"">Jake Bird</a>",29.0,55.1,5.53012109748482,3.9122448384415827,0.0
26203,"<a href=""statss.aspx?playerid=26203&position=P"">Andrew Saalfrank</a>",27.0,29.0,1.2413794736374788,3.3075501339897704,0.0
35456,"<a href=""statss.aspx?playerid=35456&position=P"">Trey Yesavage</a>",21.0,14.0,3.2142857142857144,2.3494220324925017,3.0
19742,"<a href=""statss.aspx?playerid=19742&position=P"">Anthony Bender</a>",30.0,50.0,2.160000329589894,3.615136391448986,0.0
15873,"<a href=""statss.aspx?playerid=15873&position=P"">Sean Manaea</a>",33.0,60.2,5.637363139535953,4.387883682548111,12.0
30105,"<a href=""statss.aspx?playerid=30105&position=P"">Mike Vasil</a>",25.0,101.0,2.495049716982015,4.323255231055366,3.0
30226,"<a href=""statss.aspx?playerid=30226&position=P"">Spencer Bivens</a>",31.0,81.0,4.000000376760259,3.7030376062653425,0.0
24993,"<a href=""statss.aspx?playerid=24993&position=P"">Kody Funderburk</a>",28.0,41.0,3.5121957755104205,3.354648554176188,0.0
16258,"<a href=""statss.aspx?playerid=16258&position=P"">Aaron Bummer</a>",31.0,54.1,3.809817043146678,3.5216394964970306,2.0
26448,"<a href=""statss.aspx?playerid=26448&position=P"">Trevor McDonald</a>",24.0,15.0,1.8,2.535136318206787,2.0
18403,"<a href=""statss.aspx?playerid=18403&position=P"">Enyel De Los Santos</a>",29.0,66.0,4.363637372482155,3.816954657657124,0.0
20353,"<a href=""statss.aspx?playerid=20353&position=P"">Steven Wilson</a>",30.0,55.1,3.4156634355254196,4.291763090024919,0.0
26344,"<a href=""statss.aspx?playerid=26344&position=P"">Taylor Rashi</a>",29.0,16.1,4.4081636084859115,1.9106464269607009,0.0
17964,"<a href=""statss.aspx?playerid=17964&position=P"">Tyler Gilbert</a>",31.0,51.0,3.8823536671570547,4.017489424378844,5.0
20546,"<a href=""statss.aspx?playerid=20546&position=P"">Grant Anderson</a>",28.0,69.2,3.2296655433567967,3.8384857032044897,0.0
3137,"<a href=""statss.aspx?playerid=3137&position=P"">Max Scherzer</a>",40.0,85.0,5.188235294117647,4.993959847618552,17.0
25648,"<a href=""statss.aspx?playerid=25648&position=P"">Justin Slaten</a>",27.0,34.0,4.235294592834315,3.6939599103168703,0.0
21446,"<a href=""statss.aspx?playerid=21446&position=P"">Ryan Feltner</a>",28.0,30.1,4.747252946256404,4.387883623468894,6.0
31730,"<a href=""statss.aspx?playerid=31730&position=P"">Jonathan Cannon</a>",24.0,103.2,5.816720613971515,5.131921006585069,17.0
22191,"<a href=""statss.aspx?playerid=22191&position=P"">Tobias Myers</a>",26.0,50.2,3.552631891004954,3.9246100717634436,6.0
17578,"<a href=""statss.aspx?playerid=17578&position=P"">JT Brubaker</a>",31.0,28.2,3.767442069355392,2.960717703884778,1.0
12988,"<a href=""statss.aspx?playerid=12988&position=P"">Andrew Chafin</a>",35.0,33.2,2.4059412528717528,3.4618690809424573,0.0
13074,"<a href=""statss.aspx?playerid=13074&position=P"">Yu Darvish</a>",38.0,72.0,5.375,4.815691873762343,15.0
20349,"<a href=""statss.aspx?playerid=20349&position=P"">Zack Kelly</a>",30.0,35.1,4.584906320378476,3.5313627903382603,0.0
6107,"<a href=""statss.aspx?playerid=6107&position=P"">Huascar Brazoban</a>",35.0,63.0,3.5714292201867277,4.039898387320759,3.0
22207,"<a href=""statss.aspx?playerid=22207&position=P"">DL Hall</a>",26.0,38.2,3.49137971219783,3.7299639728775285,3.0
19312,"<a href=""statss.aspx?playerid=19312&position=P"">Cal Quantrill</a>",30.0,117.2,6.042493097417211,5.140802100190559,26.0
14932,"<a href=""statss.aspx?playerid=14932&position=P"">Ben Lively</a>",33.0,44.2,3.2238807805690923,4.590360281658114,9.0
15256,"<a href=""statss.aspx?playerid=15256&position=P"">Cole Sulser</a>",35.0,22.2,1.985294340391085,2.6939597981198795,0.0
31468,"<a href=""statss.aspx?playerid=31468&position=P"">Jackson Perkins</a>",25.0,38.2,4.189655241302872,4.117894955055609,4.0
17780,"<a href=""statss.aspx?playerid=17780&position=P"">Jose Alvarado</a>",30.0,26.0,3.8076928663536758,3.5966748474617782,0.0
6175,"<a href=""statss.aspx?playerid=6175&position=P"">Albert Suarez</a>",35.0,11.2,2.314285840404284,2.192279123968005,1.0
27694,"<a href=""statss.aspx?playerid=27694&position=P"">Justin Sterner</a>",28.0,65.0,3.184615945308265,4.273598057109258,1.0
27626,"<a href=""statss.aspx?playerid=27626&position=P"">Eric Orze</a>",27.0,41.2,3.024000184570324,4.0471363738708535,0.0
21741,"<a href=""statss.aspx?playerid=21741&position=P"">Javier Assad</a>",27.0,37.0,3.648648930780225,4.2432445119993005,7.0
24282,"<a href=""statss.aspx?playerid=24282&position=P"">Kai-Wei Teng</a>",26.0,29.2,6.370787062980314,3.809293679368725,7.0
30056,"<a href=""statss.aspx?playerid=30056&position=P"">David Festa</a>",25.0,53.1,5.400000321865101,4.8788864221423935,10.0
17611,"<a href=""statss.aspx?playerid=17611&position=P"">Taylor Clarke</a>",32.0,55.1,3.2530123472110195,3.9664616958273813,0.0
21420,"<a href=""statss.aspx?playerid=21420&position=P"">Yerry De Los Santos</a>",27.0,35.2,3.2803744165250146,3.4435475881364894,0.0
18655,"<a href=""statss.aspx?playerid=18655&position=P"">A.J. Minter</a>",31.0,11.0,1.6363639201014988,1.953317931466816,0.0
24978,"<a href=""statss.aspx?playerid=24978&position=P"">Erik Sabrowski</a>",27.0,29.1,1.8409098889220363,3.6124092523717595,0.0
22717,"<a href=""statss.aspx?playerid=22717&position=P"">Angel Zerpa</a>",25.0,64.2,4.175258881355056,3.861940641998223,2.0
20000,"<a href=""statss.aspx?playerid=20000&position=P"">Tyler Wells</a>",30.0,21.2,2.907692393015125,4.150520963386672,4.0
4676,"<a href=""statss.aspx?playerid=4676&position=P"">Charlie Morton</a>",41.0,142.0,5.830986032975949,4.959080016927525,27.0
19996,"<a href=""statss.aspx?playerid=19996&position=P"">Dylan Lee</a>",30.0,68.1,3.292683539541019,3.9985511130197655,0.0
31815,"<a href=""statss.aspx?playerid=31815&position=P"">Cade Gibson</a>",27.0,54.2,2.6341468316328154,3.757087653453424,1.0
20348,"<a href=""statss.aspx?playerid=20348&position=P"">Riley O'Brien</a>",30.0,48.0,2.0625003278255982,3.6143030610349567,0.0
20020,"<a href=""statss.aspx?playerid=20020&position=P"">John Schreiber</a>",31.0,64.0,3.796876131557265,4.166386625543328,0.0
26429,"<a href=""statss.aspx?playerid=26429&position=P"">Cody Laweryson</a>",27.0,7.2,1.1739131408287662,1.3090492102509286,0.0
5615,"<a href=""statss.aspx?playerid=5615&position=P"">Ryan Brasier</a>",37.0,26.0,4.500000660236162,3.17359786231137,1.0
15038,"<a href=""statss.aspx?playerid=15038&position=P"">German Marquez</a>",30.0,126.1,6.696570190452643,5.470228760504104,26.0
19427,"<a href=""statss.aspx?playerid=19427&position=P"">Shane Bieber</a>",30.0,40.1,3.57024804644145,4.473979335622331,7.0
30250,"<a href=""statss.aspx?playerid=30250&position=P"">Jaden Hill</a>",25.0,29.1,3.375000585209341,3.4419545532258184,0.0
9803,"<a href=""statss.aspx?playerid=9803&position=P"">Miles Mikolas</a>",36.0,156.1,4.835821052854527,5.034923160399638,31.0
19481,"<a href=""statss.aspx?playerid=19481&position=P"">Tyler Ferguson</a>",31.0,58.0,4.655173332314327,4.135136515518754,0.0
22175,"<a href=""statss.aspx?playerid=22175&position=P"">Max Kranick</a>",27.0,37.0,3.648649400999616,3.945947296206702,0.0
31616,"<a href=""statss.aspx?playerid=31616&position=P"">David Morgan</a>",25.0,47.1,2.6619722779321466,3.7055589491922474,2.0
14527,"<a href=""statss.aspx?playerid=14527&position=P"">Jorge Lopez</a>",32.0,24.2,6.567569260357331,3.500001277115528,0.0
13435,"<a href=""statss.aspx?playerid=13435&position=P"">Pierce Johnson</a>",34.0,59.0,3.0508482466483025,3.914797536794687,0.0
26944,"<a href=""statss.aspx?playerid=26944&position=P"">Edgardo Henriquez</a>",23.0,19.0,2.3684217659062132,3.3982942921963666,0.0
26641,"<a href=""statss.aspx?playerid=26641&position=P"">Wikelman Gonzalez</a>",23.0,20.1,2.6557381201162684,3.0859559826490788,0.0
31843,"<a href=""statss.aspx?playerid=31843&position=P"">Kumar Rocker</a>",25.0,64.1,5.735751748811534,4.876069098333865,14.0
29770,"<a href=""statss.aspx?playerid=29770&position=P"">Mason Montgomery</a>",25.0,46.0,5.673914455060824,3.9177452085600044,0.0
17968,"<a href=""statss.aspx?playerid=17968&position=P"">Brock Burke</a>",28.0,61.2,3.3567575181359515,4.156758171552512,1.0
21924,"<a href=""statss.aspx?playerid=21924&position=P"">Juan Morillo</a>",26.0,34.1,4.19417584462697,3.630282077641916,0.0
26482,"<a href=""statss.aspx?playerid=26482&position=P"">Jayden Murray</a>",28.0,11.2,1.542857353054776,2.5351362364632632,1.0
27787,"<a href=""statss.aspx?playerid=27787&position=P"">Will Klein</a>",25.0,15.1,2.347826573709109,2.743831889255269,0.0
20023,"<a href=""statss.aspx?playerid=20023&position=P"">Rico Garcia</a>",31.0,34.1,3.145631533966292,3.6885344584415978,1.0
19618,"<a href=""statss.aspx?playerid=19618&position=P"">Jordan Hicks</a>",28.0,67.1,6.950495672978589,4.352958209626113,9.0
18138,"<a href=""statss.aspx?playerid=18138&position=P"">Ryan Helsley</a>",30.0,56.0,4.500000306538194,4.135136386326386,0.0
19666,"<a href=""statss.aspx?playerid=19666&position=P"">Jason Alexander</a>",32.0,77.1,4.771552096808737,5.1006537130981915,13.0
18439,"<a href=""statss.aspx?playerid=18439&position=P"">Danny Young</a>",31.0,8.1,4.320001153564761,1.455135869598269,0.0
25553,"<a href=""statss.aspx?playerid=25553&position=P"">Nic Enright</a>",28.0,31.0,2.032258439634712,3.8125557980850244,0.0
24995,"<a href=""statss.aspx?playerid=24995&position=P"">Evan Sisk</a>",28.0,17.2,3.5660386341840073,3.078532530362597,0.0
26191,"<a href=""statss.aspx?playerid=26191&position=P"">Kade Strowd</a>",27.0,26.1,1.7088610895588723,3.4009591543603896,0.0
23307,"<a href=""statss.aspx?playerid=23307&position=P"">Collin Snider</a>",29.0,26.1,5.4683550905101015,3.704756640134923,0.0
22487,"<a href=""statss.aspx?playerid=22487&position=P"">Johan Oviedo</a>",27.0,40.1,3.57024804644145,4.920260341427513,9.0
17734,"<a href=""statss.aspx?playerid=17734&position=P"">Evan Phillips</a>",30.0,5.2,0.0,2.0763124918029376,0.0
16647,"<a href=""statss.aspx?playerid=16647&position=P"">Ryan Thompson</a>",33.0,41.1,3.919356044448128,3.7399752139549545,0.0
24452,"<a href=""statss.aspx?playerid=24452&position=P"">Luinder Avila</a>",23.0,14.0,1.285714373296627,2.1351362500871884,0.0
21623,"<a href=""statss.aspx?playerid=21623&position=P"">Grant Wolfram</a>",28.0,26.2,5.40000090122238,3.585136393308652,0.0
19274,"<a href=""statss.aspx?playerid=19274&position=P"">Jacob Webb</a>",31.0,66.0,3.0000003467907006,4.301803119736504,0.0
23488,"<a href=""statss.aspx?playerid=23488&position=P"">Ron Marinaccio</a>",29.0,10.2,0.843750050291422,2.010136251151558,0.0
19736,"<a href=""statss.aspx?playerid=19736&position=P"">Caleb Boushley</a>",31.0,43.1,6.02307763003747,3.850521017559897,1.0
27472,"<a href=""statss.aspx?playerid=27472&position=P"">Jared Shuster</a>",26.0,15.2,8.042554497017475,2.9436469254206568,2.0
22113,"<a href=""statss.aspx?playerid=22113&position=P"">Cole Winn</a>",25.0,41.2,1.5120002307129259,3.9031364353943054,0.0
24607,"<a href=""statss.aspx?playerid=24607&position=P"">Jonathan Bowlan</a>",28.0,44.1,3.8571432996641803,3.9697228801224287,1.0
19911,"<a href=""statss.aspx?playerid=19911&position=P"">Jose Suarez</a>",27.0,19.1,1.86206899613461,3.704101844803474,1.0
33568,"<a href=""statss.aspx?playerid=33568&position=P"">Brandyn Garcia</a>",25.0,14.1,5.651164044039536,3.0653688608729657,0.0
32157,"<a href=""statss.aspx?playerid=32157&position=P"">Jonah Tong</a>",22.0,18.2,7.714285977032729,4.313707786920121,5.0
23796,"<a href=""statss.aspx?playerid=23796&position=P"">Ryan Weathers</a>",25.0,38.1,3.9913044802227677,4.596005931883094,8.0
19876,"<a href=""statss.aspx?playerid=19876&position=P"">Kevin Ginkel</a>",31.0,25.2,7.363637093247956,3.641629874885218,0.0
31553,"<a href=""statss.aspx?playerid=31553&position=P"">Mason Fluharty</a>",23.0,52.2,4.443039476480428,3.9705796385706282,0.0
29754,"<a href=""statss.aspx?playerid=29754&position=P"">Sam Bachman</a>",25.0,20.1,6.196722280271293,3.626939673783874,0.0
27649,"<a href=""statss.aspx?playerid=27649&position=P"">Connor Phillips</a>",24.0,25.0,2.880000439453192,3.8151364219665687,0.0
27494,"<a href=""statss.aspx?playerid=27494&position=P"">Clayton Beeter</a>",26.0,25.1,4.263158750666317,4.200926005873367,0.0
27581,"<a href=""statss.aspx?playerid=27581&position=P"">Hayden Wesneski</a>",27.0,32.0,4.5,4.822636318206787,6.0
16300,"<a href=""statss.aspx?playerid=16300&position=P"">Jesus Tinoco</a>",30.0,19.1,5.120690497150174,4.014446807616413,0.0
25589,"<a href=""statss.aspx?playerid=25589&position=P"">Sammy Peralta</a>",27.0,10.2,7.593750452622798,3.322636329382659,0.0
14739,"<a href=""statss.aspx?playerid=14739&position=P"">Paul Blackburn</a>",31.0,39.0,6.230769535493583,4.391546636063518,4.0
21546,"<a href=""statss.aspx?playerid=21546&position=P"">Justin Hagenman</a>",28.0,23.2,4.563380588167526,3.768939177674499,1.0
27775,"<a href=""statss.aspx?playerid=27775&position=P"">Kyle Nicolas</a>",26.0,38.0,4.736843056295908,3.9509259556799714,0.0
19444,"<a href=""statss.aspx?playerid=19444&position=P"">Yohan Ramirez</a>",30.0,33.1,5.400000823974735,3.7951364189148107,0.0
13449,"<a href=""statss.aspx?playerid=13449&position=P"">Taylor Rogers</a>",34.0,50.2,3.3750005505587826,4.378557573675812,0.0
31741,"<a href=""statss.aspx?playerid=31741&position=P"">Mason Barnett</a>",24.0,22.1,6.850746658709322,4.881405074348379,5.0
17192,"<a href=""statss.aspx?playerid=17192&position=P"">Jalen Beeks</a>",31.0,57.1,3.7674426960263574,4.0072295348795555,2.0
23394,"<a href=""statss.aspx?playerid=23394&position=P"">PJ Poulin</a>",28.0,24.2,3.648649589087406,3.8243256850344083,0.0
29928,"<a href=""statss.aspx?playerid=29928&position=P"">Dylan Dodd</a>",27.0,35.0,3.6000007847378943,3.7922793185954506,0.0
23165,"<a href=""statss.aspx?playerid=23165&position=P"">Steven Cruz</a>",26.0,45.2,3.7445263815611414,4.142435812661831,0.0
22387,"<a href=""statss.aspx?playerid=22387&position=P"">Josh Winckowski</a>",27.0,11.2,3.857143067340473,3.1351363182067873,0.0
33628,"<a href=""statss.aspx?playerid=33628&position=P"">Mitch Farris</a>",24.0,24.1,6.657534594472315,4.7789720205456305,5.0
20629,"<a href=""statss.aspx?playerid=20629&position=P"">Tyler Phillips</a>",27.0,77.2,2.7811161757907974,4.139428270575687,1.0
12763,"<a href=""statss.aspx?playerid=12763&position=P"">Chris Devenski</a>",34.0,16.2,2.160000082397464,3.495136331939698,1.0
22713,"<a href=""statss.aspx?playerid=22713&position=P"">Carlos Hernandez</a>",28.0,43.1,6.230770099233714,4.196674927705865,0.0
31807,"<a href=""statss.aspx?playerid=31807&position=P"">Troy Melton</a>",24.0,45.2,2.759124356483828,4.602289745860886,4.0
21101,"<a href=""statss.aspx?playerid=21101&position=P"">Dauri Moreta</a>",29.0,16.2,3.2400008651735708,3.6751364624023823,0.0
33174,"<a href=""statss.aspx?playerid=33174&position=P"">Hunter Barco</a>",24.0,3.0,0.0,1.1351363182067877,0.0
30094,"<a href=""statss.aspx?playerid=30094&position=P"">Jordan Wicks</a>",25.0,14.1,6.2790699067020395,3.3444386484301885,0.0
20038,"<a href=""statss.aspx?playerid=20038&position=P"">Darren McCaughan</a>",29.0,5.1,1.6875004023314482,1.4476359158753391,0.0
23617,"<a href=""statss.aspx?playerid=23617&position=P"">Josh Walker</a>",30.0,5.0,7.200001373291277,1.7351360511779277,0.0
19222,"<a href=""statss.aspx?playerid=19222&position=P"">Lake Bachar</a>",30.0,71.0,3.9295778870464795,4.247812494108837,1.0
31764,"<a href=""statss.aspx?playerid=31764&position=P"">A.J. Blubaugh</a>",24.0,32.0,1.6875,4.416386318206787,3.0
20045,"<a href=""statss.aspx?playerid=20045&position=P"">Sean Guenther</a>",29.0,10.1,5.225807592040419,3.038362103539372,1.0
25501,"<a href=""statss.aspx?playerid=25501&position=P"">Paxton Schultz</a>",27.0,24.2,4.378378829788912,4.067568846772945,2.0
22630,"<a href=""statss.aspx?playerid=22630&position=P"">Keider Montero</a>",24.0,90.2,4.3676471813327336,4.932930486280615,12.0
24581,"<a href=""statss.aspx?playerid=24581&position=P"">Lyon Richardson</a>",25.0,37.2,4.539823315363745,4.064339920766618,0.0
31900,"<a href=""statss.aspx?playerid=31900&position=P"">Adam Mazur</a>",24.0,30.0,4.8,4.901802984873454,6.0
22872,"<a href=""statss.aspx?playerid=22872&position=P"">Yoendrys Gomez</a>",25.0,62.2,5.170212897093065,5.257476797569064,9.0
15369,"<a href=""statss.aspx?playerid=15369&position=P"">Kevin Herget</a>",34.0,13.0,2.7692311755299457,3.3659055828342828,0.0
12095,"<a href=""statss.aspx?playerid=12095&position=P"">Yimi Garcia</a>",34.0,21.0,3.857143557801666,3.849422162244133,0.0
17871,"<a href=""statss.aspx?playerid=17871&position=P"">Ian Gibaut</a>",31.0,25.1,4.61842197988851,4.437768158688162,0.0
30179,"<a href=""statss.aspx?playerid=30179&position=P"">Pierson Ohl</a>",25.0,30.0,5.100000162124639,4.201803018781876,3.0
27702,"<a href=""statss.aspx?playerid=27702&position=P"">Brent Headrick</a>",27.0,23.0,3.130435561412868,3.830788665187425,0.0
17732,"<a href=""statss.aspx?playerid=17732&position=P"">Nabil Crismatt</a>",30.0,34.0,3.7058823529411766,4.841018671147964,5.0
14993,"<a href=""statss.aspx?playerid=14993&position=P"">Scott Barlow</a>",32.0,68.1,4.214634930612505,4.70099026812185,1.0
25703,"<a href=""statss.aspx?playerid=25703&position=P"">Zak Kent</a>",27.0,17.2,4.584906320378476,3.587966572071328,0.0
12880,"<a href=""statss.aspx?playerid=12880&position=P"">Tyler Anderson</a>",35.0,136.1,4.555012394875241,5.599684087414647,26.0
13594,"<a href=""statss.aspx?playerid=13594&position=P"">Robert Stephenson</a>",32.0,10.0,2.70000025749209,3.635136365890508,0.0
21662,"<a href=""statss.aspx?playerid=21662&position=P"">Elvis Alvarado</a>",26.0,42.1,3.1889767611017614,4.316238822318551,0.0
15463,"<a href=""statss.aspx?playerid=15463&position=P"">Jose De Leon</a>",32.0,6.2,4.050000386238135,4.035136404037484,1.0
19205,"<a href=""statss.aspx?playerid=19205&position=P"">Jesse Scholtens</a>",31.0,8.1,5.40000020599366,2.8951363090515136,0.0
29107,"<a href=""statss.aspx?playerid=29107&position=P"">Bradgley Rodriguez</a>",21.0,7.2,1.1739132868545545,3.1351363182067873,0.0
33482,"<a href=""statss.aspx?playerid=33482&position=P"">Chase Dollander</a>",23.0,98.0,6.520408670885411,5.533095688563707,21.0
33838,"<a href=""statss.aspx?playerid=33838&position=P"">Yariel Rodriguez</a>",28.0,73.0,3.082192425075672,4.395410554237729,1.0
22176,"<a href=""statss.aspx?playerid=22176&position=P"">Easton McGee</a>",27.0,14.2,5.522727512131063,3.2714999604816284,0.0
19309,"<a href=""statss.aspx?playerid=19309&position=P"">Trevor Richards</a>",32.0,5.2,7.94117736156434,2.429253886067735,0.0
16502,"<a href=""statss.aspx?playerid=16502&position=P"">Ryan Yarbrough</a>",33.0,64.0,4.359375259839013,5.0413864318281485,8.0
26304,"<a href=""statss.aspx?playerid=26304&position=P"">Bryan Hoeing</a>",28.0,8.0,3.3750012069944884,3.0101362735032877,0.0
21131,"<a href=""statss.aspx?playerid=21131&position=P"">Jose Espada</a>",28.0,3.0,0.0,0.4684696515401212,0.0
24986,"<a href=""statss.aspx?playerid=24986&position=P"">Colin Selby</a>",27.0,14.0,3.214285933241567,3.4208506233838154,0.0
24453,"<a href=""statss.aspx?playerid=24453&position=P"">Justin Martinez</a>",23.0,15.1,4.108696248445796,4.0481799289725195,0.0
23735,"<a href=""statss.aspx?playerid=23735&position=P"">Luis Garcia</a>",28.0,7.2,3.521739422486299,5.48296259986432,2.0
23055,"<a href=""statss.aspx?playerid=23055&position=P"">Dedniel Nunez</a>",29.0,9.2,4.655173179227431,4.066170954052273,0.0
27668,"<a href=""statss.aspx?playerid=27668&position=P"">Brandon Eisert</a>",27.0,69.2,4.3923456199835575,4.541835242253809,3.0
12760,"<a href=""statss.aspx?playerid=12760&position=P"">Rafael Montero</a>",34.0,60.1,4.475138923237855,4.129611634481867,0.0
13942,"<a href=""statss.aspx?playerid=13942&position=P"">Brent Suter</a>",35.0,67.2,4.5221679125788565,4.568633989841262,3.0
16074,"<a href=""statss.aspx?playerid=16074&position=P"">Nick Burdi</a>",32.0,5.1,0.0,2.385136273503301,0.0
30074,"<a href=""statss.aspx?playerid=30074&position=P"">Chase Silseth</a>",25.0,11.0,1.6363639201014988,3.862409171585231,0.0
13431,"<a href=""statss.aspx?playerid=13431&position=P"">Marcus Stroman</a>",34.0,39.0,6.230769840217966,5.186418570130398,9.0
26252,"<a href=""statss.aspx?playerid=26252&position=P"">Erik Miller</a>",27.0,30.0,1.5000004768373099,3.9684699164497372,0.0
25582,"<a href=""statss.aspx?playerid=25582&position=P"">Brady Basso</a>",27.0,11.2,2.314286029582164,4.07799358951804,1.0
30203,"<a href=""statss.aspx?playerid=30203&position=P"">Jackson Jobe</a>",22.0,49.0,4.224489795918367,5.1759526447374,10.0
15947,"<a href=""statss.aspx?playerid=15947&position=P"">Ryne Stanek</a>",33.0,56.0,5.303572873680353,4.40299380652768,0.0
24937,"<a href=""statss.aspx?playerid=24937&position=P"">Austin Warren</a>",29.0,9.1,0.9642858456592349,3.8851364203861922,0.0
33821,"<a href=""statss.aspx?playerid=33821&position=P"">Philip Abner</a>",23.0,3.2,4.909094633152532,2.862408838587202,0.0
29564,"<a href=""statss.aspx?playerid=29564&position=P"">Patrick Monteverde</a>",27.0,3.2,9.818183520608992,1.771499718122205,0.0
21212,"<a href=""statss.aspx?playerid=21212&position=P"">J.P. France</a>",30.0,4.0,2.25,2.1351363182067873,0.0
17536,"<a href=""statss.aspx?playerid=17536&position=P"">Ryan Burr</a>",31.0,2.0,0.0,1.635135602950709,0.0
25911,"<a href=""statss.aspx?playerid=25911&position=P"">Yennier Cano</a>",31.0,58.0,5.12069066554576,4.273067577216956,0.0
27756,"<a href=""statss.aspx?playerid=27756&position=P"">Mick Abel</a>",23.0,39.0,6.230769230769231,5.109495292565761,8.0
14706,"<a href=""statss.aspx?playerid=14706&position=P"">Anthony Banda</a>",31.0,65.0,3.184616273839341,4.519752089441283,1.0
35321,"<a href=""statss.aspx?playerid=35321&position=P"">Tomoyuki Sugano</a>",35.0,157.0,4.643312101910828,5.35806625451252,30.0
23499,"<a href=""statss.aspx?playerid=23499&position=P"">Keaton Winn</a>",27.0,10.0,4.5,3.2351363182067874,0.0
19315,"<a href=""statss.aspx?playerid=19315&position=P"">Matt Krook</a>",30.0,3.1,5.400002059937309,2.235135974883902,0.0
10058,"<a href=""statss.aspx?playerid=10058&position=P"">Tyler Matzek</a>",34.0,6.1,4.263158750666317,3.293031086749984,0.0
23443,"<a href=""statss.aspx?playerid=23443&position=P"">Tom Cosgrove</a>",29.0,4.0,2.25,2.3851363182067873,0.0
16094,"<a href=""statss.aspx?playerid=16094&position=P"">Zach Thompson</a>",31.0,3.2,0.0,2.316954358156038,0.0
19320,"<a href=""statss.aspx?playerid=19320&position=P"">Joey Lucchesi</a>",32.0,38.1,3.756522237565047,3.9699190376656865,0.0
17610,"<a href=""statss.aspx?playerid=17610&position=P"">Tanner Rainey</a>",32.0,9.2,11.172416732371556,3.962722742826902,0.0
27974,"<a href=""statss.aspx?playerid=27974&position=P"">Cristian Mena</a>",22.0,6.2,1.350000128746045,4.035136404037484,0.0
17312,"<a href=""statss.aspx?playerid=17312&position=P"">Justin Steele</a>",29.0,22.2,4.764706015999345,4.943959898354687,4.0
7836,"<a href=""statss.aspx?playerid=7836&position=P"">Hunter Strickland</a>",36.0,22.0,3.2727278402029976,4.407863811619064,0.0
20517,"<a href=""statss.aspx?playerid=20517&position=P"">Nick Sandlin</a>",28.0,16.1,2.2040823190128,4.604524530881987,0.0
31312,"<a href=""statss.aspx?playerid=31312&position=P"">Colton Gordon</a>",26.0,86.0,5.337209302325581,5.3676944577416705,14.0
23733,"<a href=""statss.aspx?playerid=23733&position=3B"">Ezequiel Duran</a>",26.0,3.1,0.0,3.1351363182067877,0.0
19261,"<a href=""statss.aspx?playerid=19261&position=P"">Ian Hamilton</a>",30.0,40.0,4.275000815391696,4.385136556625412,1.0
20422,"<a href=""statss.aspx?playerid=20422&position=P"">Jovani Moran</a>",28.0,4.0,6.75,2.8851363182067873,0.0
15042,"<a href=""statss.aspx?playerid=15042&position=P"">Tim Mayza</a>",33.0,16.2,3.780000793075728,4.155136532211349,0.0
27908,"<a href=""statss.aspx?playerid=27908&position=P"">Noah Murdock</a>",26.0,17.0,13.235297087567742,4.54690134088068,0.0
30016,"<a href=""statss.aspx?playerid=30016&position=P"">Joe Rock</a>",24.0,7.2,2.3478262816575324,3.5264406984830425,0.0
23875,"<a href=""statss.aspx?playerid=23875&position=P"">Omar Cruz</a>",26.0,3.2,4.909091760304496,2.8624089981898706,0.0
16929,"<a href=""statss.aspx?playerid=16929&position=P"">Touki Toussaint</a>",29.0,2.0,9.0,1.6351363182067873,0.0
24710,"<a href=""statss.aspx?playerid=24710&position=P"">Luis Curvelo</a>",24.0,19.0,5.68421166755509,4.661452414124358,0.0
19358,"<a href=""statss.aspx?playerid=19358&position=OF"">Weston Wilson</a>",30.0,3.0,0.0,3.1351363182067877,0.0
25844,"<a href=""statss.aspx?playerid=25844&position=1B"">Logan Davidson</a>",27.0,1.0,0.0,1.1351363182067873,0.0
17282,"<a href=""statss.aspx?playerid=17282&position=P"">Michael Kopech</a>",29.0,11.0,2.454545880152248,4.49877291829137,0.0
11121,"<a href=""statss.aspx?playerid=11121&position=P"">Casey Lawrence</a>",37.0,17.2,4.075471844780107,4.154004279401813,0.0
13892,"<a href=""statss.aspx?playerid=13892&position=P"">Paul Sewald</a>",35.0,19.2,4.576272665855494,4.6605605401586185,0.0
23265,"<a href=""statss.aspx?playerid=23265&position=P"">Cody Bolton</a>",27.0,2.0,13.5,2.1351363182067873,0.0
26152,"<a href=""statss.aspx?playerid=26152&position=P"">Jack Little</a>",27.0,3.0,6.0,3.8018029848734542,0.0
29837,"<a href=""statss.aspx?playerid=29837&position=P"">Bryce Miller</a>",26.0,90.1,5.678967109424949,5.172036801899167,18.0
20333,"<a href=""statss.aspx?playerid=20333&position=P"">Nick Raquet</a>",29.0,2.0,0.0,3.6351363182067873,0.0
19835,"<a href=""statss.aspx?playerid=19835&position=P"">Gerson Garabito</a>",29.0,8.0,9.000001072883734,3.885136407613765,0.0
13723,"<a href=""statss.aspx?playerid=13723&position=C"">Jacob Stallings</a>",35.0,2.0,4.5,2.1351363182067873,0.0
18384,"<a href=""statss.aspx?playerid=18384&position=P"">Scott Effross</a>",31.0,10.2,8.43750050291422,4.072636374086145,0.0
16725,"<a href=""statss.aspx?playerid=16725&position=C"">Jose Trevino</a>",32.0,2.1,3.8571433826369397,3.5637078051664473,0.0
17040,"<a href=""statss.aspx?playerid=17040&position=C"">Jose Herrera</a>",28.0,2.0,4.5,3.1351363182067873,0.0
19754,"<a href=""statss.aspx?playerid=19754&position=P"">Reiver Sanmartin</a>",29.0,1.2,0.0,2.535136089324864,0.0
30206,"<a href=""statss.aspx?playerid=30206&position=P"">Christian Montes De Oca</a>",25.0,2.2,0.0,2.760136228799799,0.0
20298,"<a href=""statss.aspx?playerid=20298&position=P"">Jhonathan Diaz</a>",28.0,1.1,0.0,1.6351359605788334,0.0
27653,"<a href=""statss.aspx?playerid=27653&position=2B"">Christian Koss</a>",27.0,4.0,0.0,3.1351363182067873,0.0
21951,"<a href=""statss.aspx?playerid=21951&position=P"">Joel Peguero</a>",28.0,22.1,2.4179109984237894,3.851554391813836,0.0
25474,"<a href=""statss.aspx?playerid=25474&position=P"">Nathan Wiles</a>",26.0,1.0,27.0,1.1351363182067873,0.0
19695,"<a href=""statss.aspx?playerid=19695&position=P"">Connor Seabold</a>",29.0,10.1,4.3548392455610765,4.199652578232829,0.0
18551,"<a href=""statss.aspx?playerid=18551&position=C"">Ali Sanchez</a>",28.0,1.0,18.0,1.1351363182067873,0.0
25353,"<a href=""statss.aspx?playerid=25353&position=2B"">Michael Stefanic</a>",29.0,1.0,0.0,3.1351363182067873,0.0
23779,"<a href=""statss.aspx?playerid=23779&position=P"">Justin Bruihl</a>",28.0,13.2,5.2682940308927755,4.159526824213716,0.0
29542,"<a href=""statss.aspx?playerid=29542&position=P"">Andre Granillo</a>",25.0,21.0,4.714286998826981,4.4208509542505094,0.0
29782,"<a href=""statss.aspx?playerid=29782&position=1B/DH"">Niko Kavadas</a>",26.0,1.2,0.0,3.7351365470887106,0.0
19200,"<a href=""statss.aspx?playerid=19200&position=P"">Jose Quijada</a>",29.0,1.1,0.0,3.1351363182067873,0.0
21189,"<a href=""statss.aspx?playerid=21189&position=P"">Brooks Kriske</a>",31.0,18.0,7.500000397364319,4.357358605184676,0.0
16512,"<a href=""statss.aspx?playerid=16512&position=SS"">Isiah Kiner-Falefa</a>",30.0,0.2,0.0,3.1351363182067877,0.0
23324,"<a href=""statss.aspx?playerid=23324&position=P"">Freddy Tarnok</a>",26.0,7.1,2.454545560947139,4.226045456405516,0.0
16350,"<a href=""statss.aspx?playerid=16350&position=P"">Ryan Borucki</a>",31.0,35.0,4.628572689757399,4.249422336111346,0.0
23381,"<a href=""statss.aspx?playerid=23381&position=P"">Nolan Hoffman</a>",27.0,1.0,27.0,2.1351363182067873,0.0
24641,"<a href=""statss.aspx?playerid=24641&position=C"">Willie MacIver</a>",28.0,2.0,0.0,3.1351363182067873,0.0
27582,"<a href=""statss.aspx?playerid=27582&position=P"">Davis Daniel</a>",28.0,10.0,5.4,5.035136318206787,2.0
24622,"<a href=""statss.aspx?playerid=24622&position=2B/SS"">Ryan Fitzgerald</a>",31.0,2.0,0.0,3.1351363182067873,0.0
12976,"<a href=""statss.aspx?playerid=12976&position=C"">Austin Hedges</a>",32.0,3.0,6.0,3.468469651540121,0.0
16128,"<a href=""statss.aspx?playerid=16128&position=P"">John Curtiss</a>",32.0,36.2,3.9272734082435967,4.00786374226092,0.0
30002,"<a href=""statss.aspx?playerid=30002&position=P"">Grant Holman</a>",25.0,23.0,5.086957576369737,4.656875764129358,2.0
19931,"<a href=""statss.aspx?playerid=19931&position=3B/OF"">Luke Williams</a>",28.0,6.0,3.000000476837234,4.46846986346778,0.0
27695,"<a href=""statss.aspx?playerid=27695&position=P"">Brian Van Belle</a>",28.0,8.1,5.40000020599366,4.815136382293704,0.0
23442,"<a href=""statss.aspx?playerid=23442&position=3B/SS"">Luis Vazquez</a>",25.0,4.1,0.0,3.8274440613018728,0.0
31598,"<a href=""statss.aspx?playerid=31598&position=P"">Jake Palisch</a>",26.0,1.0,18.0,3.1351363182067873,0.0
20056,"<a href=""statss.aspx?playerid=20056&position=2B/SS"">Alan Trejo</a>",29.0,1.0,0.0,3.1351363182067873,0.0
23296,"<a href=""statss.aspx?playerid=23296&position=SS"">Jacob Amaya</a>",26.0,1.0,0.0,3.1351363182067873,0.0
30142,"<a href=""statss.aspx?playerid=30142&position=P"">Doug Nikhazy</a>",25.0,4.0,13.5,5.135136318206787,1.0
25055,"<a href=""statss.aspx?playerid=25055&position=OF"">Nate Eaton</a>",28.0,1.0,0.0,3.1351363182067873,0.0
17338,"<a href=""statss.aspx?playerid=17338&position=2B/OF"">Willi Castro</a>",28.0,1.0,0.0,3.1351363182067873,0.0
23802,"<a href=""statss.aspx?playerid=23802&position=2B/3B"">Anthony Seigler</a>",26.0,1.0,0.0,3.1351363182067873,0.0
12323,"<a href=""statss.aspx?playerid=12323&position=P"">Jacob Barnes</a>",35.0,8.0,9.000001072883734,4.635136497020743,0.0
19262,"<a href=""statss.aspx?playerid=19262&position=2B/OF"">Garrett Hampson</a>",30.0,1.0,0.0,3.1351363182067873,0.0
30161,"<a href=""statss.aspx?playerid=30161&position=P"">Carlos Rodriguez</a>",23.0,9.2,6.517241807953526,4.997205406193509,0.0
19784,"<a href=""statss.aspx?playerid=19784&position=P"">Justin Garza</a>",31.0,6.2,5.40000051498418,4.635136461257948,0.0
19452,"<a href=""statss.aspx?playerid=19452&position=C"">Jake Rogers</a>",30.0,3.2,2.454545880152248,3.9533182782575365,0.0
13755,"<a href=""statss.aspx?playerid=13755&position=C"">Tomas Nido</a>",31.0,1.2,0.0,4.935137004852557,0.0
16153,"<a href=""statss.aspx?playerid=16153&position=OF"">Austin Slater</a>",32.0,0.2,0.0,3.1351363182067877,0.0
26136,"<a href=""statss.aspx?playerid=26136&position=P"">Austin Pope</a>",26.0,2.0,0.0,3.6351363182067873,0.0
19392,"<a href=""statss.aspx?playerid=19392&position=3B/OF"">Zach McKinstry</a>",30.0,0.1,0.0,3.1351363182067877,0.0
27662,"<a href=""statss.aspx?playerid=27662&position=P"">Christian Roa</a>",26.0,3.0,0.0,4.135136318206788,0.0
19883,"<a href=""statss.aspx?playerid=19883&position=P"">Alex Lange</a>",29.0,1.0,0.0,4.135136318206787,0.0
20638,"<a href=""statss.aspx?playerid=20638&position=P"">Luis F. Castillo</a>",30.0,7.0,7.714285714285714,4.7065648896353585,2.0
6655,"<a href=""statss.aspx?playerid=6655&position=P"">Craig Kimbrel</a>",37.0,12.0,2.2500003576279255,4.218469823731344,0.0
21587,"<a href=""statss.aspx?playerid=21587&position=C"">Cesar Salazar</a>",29.0,1.0,0.0,6.135136318206787,0.0
24591,"<a href=""statss.aspx?playerid=24591&position=P"">Joey Gerber</a>",28.0,4.1,2.076923229285257,4.288982556698596,0.0
18311,"<a href=""statss.aspx?playerid=18311&position=P"">Carson Fulmer</a>",31.0,29.1,5.829545707249455,4.703318204367459,0.0
27685,"<a href=""statss.aspx?playerid=27685&position=P"">Carson Spiers</a>",27.0,13.1,6.07500014483929,6.210136391520502,2.0
19343,"<a href=""statss.aspx?playerid=19343&position=P"">A.J. Puk</a>",30.0,8.0,3.375,4.510136318206787,0.0
15043,"<a href=""statss.aspx?playerid=15043&position=P"">Lou Trivino</a>",33.0,47.2,3.9650357318827236,4.7295422209744435,2.0
25543,"<a href=""statss.aspx?playerid=25543&position=C"">Korey Lee</a>",26.0,3.0,3.0,5.135136318206788,0.0
19524,"<a href=""statss.aspx?playerid=19524&position=P"">Alan Rangel</a>",27.0,11.0,2.4545454545454546,4.498772681843151,0.0
30145,"<a href=""statss.aspx?playerid=30145&position=P"">Dylan Smith</a>",25.0,13.0,1.3846154861901714,4.365905639264717,0.0
10200,"<a href=""statss.aspx?playerid=10200&position=C"">Tucker Barnhart</a>",34.0,2.0,13.5,4.635136318206787,0.0
18674,"<a href=""statss.aspx?playerid=18674&position=P"">Jake Woodford</a>",28.0,36.1,6.440367874057017,4.263576843148401,0.0
18413,"<a href=""statss.aspx?playerid=18413&position=P"">Jose Urquidy</a>",30.0,2.1,7.714286765273879,4.420850779085767,0.0
21652,"<a href=""statss.aspx?playerid=21652&position=P"">Elvis Peguero</a>",28.0,9.1,6.750001630879268,5.063708212743721,1.0
25215,"<a href=""statss.aspx?playerid=25215&position=P"">Yaramil Hiraldo</a>",29.0,19.2,4.576272222030949,5.016492676152843,0.0
18769,"<a href=""statss.aspx?playerid=18769&position=P"">Cody Poteet</a>",30.0,2.2,16.87500402331448,4.635136675834741,0.0
22273,"<a href=""statss.aspx?playerid=22273&position=P"">Owen White</a>",25.0,7.0,9.00000122615286,4.563707941405655,0.0
15194,"<a href=""statss.aspx?playerid=15194&position=1B/OF"">Jake Bauers</a>",29.0,5.0,3.6,5.735136318206788,0.0
13528,"<a href=""statss.aspx?playerid=13528&position=P"">Matt Bowman</a>",34.0,24.2,6.202703821824738,4.756758232409333,0.0
31501,"<a href=""statss.aspx?playerid=31501&position=P"">Michael Darrell-Hicks</a>",27.0,9.2,7.448276351946887,4.3765157101979355,0.0
19844,"<a href=""statss.aspx?playerid=19844&position=2B/3B"">Abraham Toro</a>",28.0,1.0,18.0,6.135136318206787,0.0
13355,"<a href=""statss.aspx?playerid=13355&position=C"">Luke Maile</a>",34.0,1.0,0.0,6.135136318206787,0.0
15730,"<a href=""statss.aspx?playerid=15730&position=2B/OF"">Tyler Wade</a>",30.0,1.0,9.0,6.135136318206787,0.0
27615,"<a href=""statss.aspx?playerid=27615&position=1B/OF"">Alec Burleson</a>",26.0,1.0,0.0,6.135136318206787,0.0
31184,"<a href=""statss.aspx?playerid=31184&position=P"">Luis Guerrero</a>",24.0,17.1,4.153846915657138,4.404367320213135,0.0
21009,"<a href=""statss.aspx?playerid=21009&position=2B/SS"">Leo Rivas</a>",27.0,1.0,0.0,6.135136318206787,0.0
18337,"<a href=""statss.aspx?playerid=18337&position=P"">Nick Anderson</a>",34.0,14.2,6.136364301374208,4.839681957477401,0.0
9174,"<a href=""statss.aspx?playerid=9174&position=P"">Casey Kelly</a>",35.0,1.2,0.0,4.935137004852557,0.0
19339,"<a href=""statss.aspx?playerid=19339&position=2B/SS"">Nicky Lopez</a>",30.0,0.1,0.0,12.135145705948133,0.0
20404,"<a href=""statss.aspx?playerid=20404&position=1B/DH"">Jared Young</a>",29.0,0.1,0.0,12.135145705948133,0.0
31635,"<a href=""statss.aspx?playerid=31635&position=P"">Hayden Birdsong</a>",23.0,65.2,4.796954500496743,4.962547556491261,10.0
13190,"<a href=""statss.aspx?playerid=13190&position=P"">Jordan Weems</a>",32.0,4.1,14.538462604996798,5.212059547492045,0.0
30153,"<a href=""statss.aspx?playerid=30153&position=P"">Dominic Hamel</a>",26.0,1.0,0.0,6.135136318206787,0.0
13218,"<a href=""statss.aspx?playerid=13218&position=P"">Michael Fulmer</a>",32.0,5.2,4.764706416938604,5.429254222658708,0.0
20116,"<a href=""statss.aspx?playerid=20116&position=P"">Calvin Faucher</a>",29.0,60.1,3.281768232463034,4.245633649393774,0.0
14309,"<a href=""statss.aspx?playerid=14309&position=P"">Frankie Montas</a>",32.0,38.2,6.284483171955186,5.333412324857778,7.0
25551,"<a href=""statss.aspx?playerid=25551&position=P"">Isaiah Campbell</a>",27.0,7.2,7.043478844972598,4.830788632737227,0.0
15094,"<a href=""statss.aspx?playerid=15094&position=P"">Rob Zastryzny</a>",33.0,22.0,2.454546305759189,4.589682277175196,1.0
26020,"<a href=""statss.aspx?playerid=26020&position=P"">Seth Johnson</a>",26.0,12.2,4.263158108719178,4.477241648729493,0.0
29530,"<a href=""statss.aspx?playerid=29530&position=P"">Fraser Ellard</a>",27.0,17.0,4.235295305615399,4.841019149635211,3.0
33980,"<a href=""statss.aspx?playerid=33980&position=P"">Jonathan Pintaro</a>",27.0,0.2,27.000028163224034,9.135142576701018,0.0
16814,"<a href=""statss.aspx?playerid=16814&position=P"">Tim Hill</a>",35.0,67.0,3.0895529424303976,4.2993156878182415,0.0
25804,"<a href=""statss.aspx?playerid=25804&position=P"">Randy Wynne</a>",32.0,3.0,3.0,6.468469651540121,0.0
26353,"<a href=""statss.aspx?playerid=26353&position=P"">Marc Church</a>",24.0,4.2,3.8571433826369397,4.849422266045427,0.0
13607,"<a href=""statss.aspx?playerid=13607&position=P"">Carl Edwards Jr.</a>",33.0,6.0,4.5,4.801802984873454,0.0
17586,"<a href=""statss.aspx?playerid=17586&position=P"">Tanner Scott</a>",30.0,57.0,4.736842739284949,4.696540035971085,0.0
27508,"<a href=""statss.aspx?playerid=27508&position=P"">Carson Ragsdale</a>",27.0,5.0,14.4,4.735136318206788,0.0
27753,"<a href=""statss.aspx?playerid=27753&position=P"">Bailey Horn</a>",27.0,11.1,1.5882356059593101,4.370430678397362,0.0
26030,"<a href=""statss.aspx?playerid=26030&position=P"">Tyler Owens</a>",24.0,3.0,3.0,5.468469651540121,0.0
21584,"<a href=""statss.aspx?playerid=21584&position=P"">Tristan Beck</a>",29.0,56.2,4.605882559647619,4.246901073983799,1.0
31913,"<a href=""statss.aspx?playerid=31913&position=P"">Hayden Harris</a>",26.0,2.2,3.3750008046628963,5.385136854648718,0.0
21922,"<a href=""statss.aspx?playerid=21922&position=P"">Sauryn Lao</a>",25.0,11.0,4.9090921859114,4.680591265623339,0.0
17276,"<a href=""statss.aspx?playerid=17276&position=C"">Alex Jackson</a>",29.0,1.0,27.0,9.135136318206786,0.0
27477,"<a href=""statss.aspx?playerid=27477&position=P"">Bryce Jarvis</a>",27.0,22.0,5.727273720355245,4.49877291829137,0.0
13768,"<a href=""statss.aspx?playerid=13768&position=OF"">Travis Jankowski</a>",34.0,1.0,18.0,9.135136318206786,0.0
1247,"<a href=""statss.aspx?playerid=1247&position=P"">Adam Ottavino</a>",39.0,1.2,0.0,6.735140008930175,0.0
14854,"<a href=""statss.aspx?playerid=14854&position=OF"">Mike Yastrzemski</a>",34.0,1.0,18.0,9.135136318206786,0.0
20017,"<a href=""statss.aspx?playerid=20017&position=3B"">Miles Mastrobuoni</a>",29.0,1.0,0.0,9.135136318206786,0.0
20827,"<a href=""statss.aspx?playerid=20827&position=P"">Michael Petersen</a>",31.0,18.0,4.000000847710683,4.579581068768978,0.0
3548,"<a href=""statss.aspx?playerid=3548&position=P"">Liam Hendriks</a>",36.0,13.2,6.5853666195481715,5.037575563854038,0.0
29271,"<a href=""statss.aspx?playerid=29271&position=P"">Yilber Diaz</a>",24.0,3.0,9.0,5.468469651540121,0.0
25427,"<a href=""statss.aspx?playerid=25427&position=P"">Gavin Hollowell</a>",27.0,9.1,4.821429228296175,4.635136522565597,0.0
17759,"<a href=""statss.aspx?playerid=17759&position=P"">Angel Perdomo</a>",31.0,3.1,5.400002059937309,5.53513723373448,0.0
23592,"<a href=""statss.aspx?playerid=23592&position=P"">Brett de Geus</a>",27.0,2.0,4.5,7.635136318206787,0.0
25651,"<a href=""statss.aspx?playerid=25651&position=P"">Ty Adcock</a>",28.0,3.0,3.0000009536746197,6.135137271881407,0.0
27470,"<a href=""statss.aspx?playerid=27470&position=P"">Emerson Hancock</a>",26.0,90.0,4.9000003115336295,5.0795808862756875,16.0
19599,"<a href=""statss.aspx?playerid=19599&position=OF"">Chas McCormick</a>",30.0,3.0,6.0,6.468469651540121,0.0
12037,"<a href=""statss.aspx?playerid=12037&position=3B"">Jon Berti</a>",35.0,3.2,7.363637640456744,6.407864158409785,0.0
21290,"<a href=""statss.aspx?playerid=21290&position=P"">Lucas Gilbreath</a>",29.0,1.0,9.0,12.135136318206786,0.0
27583,"<a href=""statss.aspx?playerid=27583&position=P"">Garrett Acton</a>",27.0,1.0,0.0,9.135136318206786,0.0
25040,"<a href=""statss.aspx?playerid=25040&position=3B"">Vinny Capra</a>",28.0,3.0,6.0,6.801802984873454,0.0
27765,"<a href=""statss.aspx?playerid=27765&position=P"">Yosver Zulueta</a>",27.0,7.1,6.1363647003806205,5.18059121833366,0.0
26058,"<a href=""statss.aspx?playerid=26058&position=P"">Easton Lucas</a>",28.0,24.1,6.657535116317843,5.395410586092474,5.0
29615,"<a href=""statss.aspx?playerid=29615&position=P"">Kyle Backhus</a>",27.0,25.1,4.618422675331454,4.240399864439956,0.0
28036,"<a href=""statss.aspx?playerid=28036&position=P"">Luke Little</a>",24.0,2.2,3.3750008046628963,6.885137212276672,0.0
24458,"<a href=""statss.aspx?playerid=24458&position=P"">Carlos Duran</a>",23.0,0.1,81.0000844896721,30.13516448143082,0.0
16631,"<a href=""statss.aspx?playerid=16631&position=P"">Jeff Brigham</a>",33.0,3.1,8.10000077247627,6.1351366043091105,0.0
27707,"<a href=""statss.aspx?playerid=27707&position=P"">Mitch Spence</a>",27.0,84.2,5.102362817762819,5.095766475032315,8.0
27812,"<a href=""statss.aspx?playerid=27812&position=P"">Dugan Darnell</a>",28.0,11.2,3.8571433826369397,5.192279455613155,0.0
24975,"<a href=""statss.aspx?playerid=24975&position=P"">Cooper Criswell</a>",28.0,17.2,3.5660380566829155,5.172872350597025,1.0
27481,"<a href=""statss.aspx?playerid=27481&position=P"">Cole Wilcox</a>",25.0,1.0,27.0,10.135136318206786,0.0
26171,"<a href=""statss.aspx?playerid=26171&position=P"">Connor Gillispie</a>",27.0,26.0,8.653846153846153,5.750520933591403,6.0
33699,"<a href=""statss.aspx?playerid=33699&position=P"">Logan Evans</a>",24.0,81.1,4.315574040370631,5.053169225038179,15.0
12572,"<a href=""statss.aspx?playerid=12572&position=P"">Blake Treinen</a>",37.0,26.2,5.40000090122238,4.747636587321804,0.0
19802,"<a href=""statss.aspx?playerid=19802&position=C"">Jhonny Pereda</a>",29.0,3.0,21.0,7.46846965154012,0.0
21229,"<a href=""statss.aspx?playerid=21229&position=P"">Daniel Robert</a>",30.0,13.0,4.1538467632949185,5.135136611645081,0.0
3237,"<a href=""statss.aspx?playerid=3237&position=P"">T.J. McFarland</a>",36.0,15.2,6.893621497375162,4.667052206512379,0.0
26255,"<a href=""statss.aspx?playerid=26255&position=P"">Caleb Freeman</a>",27.0,3.1,5.400002059937309,6.135137462616404,0.0
29812,"<a href=""statss.aspx?playerid=29812&position=P"">Robert Gasser</a>",26.0,5.2,3.176470944625736,6.841019086936813,2.0
13761,"<a href=""statss.aspx?playerid=13761&position=P"">Chris Stratton</a>",34.0,21.0,7.71428641494446,4.944660292082648,0.0
14813,"<a href=""statss.aspx?playerid=14813&position=2B/SS"">Kyle Farmer</a>",34.0,1.0,9.0,16.135136318206786,0.0
25434,"<a href=""statss.aspx?playerid=25434&position=2B/3B"">Will Wilson</a>",26.0,2.0,9.0,9.635136318206786,0.0
16357,"<a href=""statss.aspx?playerid=16357&position=OF"">Pablo Reyes</a>",31.0,1.0,27.0,16.135136318206786,0.0
25839,"<a href=""statss.aspx?playerid=25839&position=P"">Luis Contreras</a>",29.0,12.0,6.750000536441846,5.135136477152519,0.0
23798,"<a href=""statss.aspx?playerid=23798&position=P"">Randy Dobnak</a>",30.0,5.1,1.687500100582844,6.322636508196604,0.0
20626,"<a href=""statss.aspx?playerid=20626&position=C"">Logan Porter</a>",29.0,1.0,9.0,16.135136318206786,0.0
33834,"<a href=""statss.aspx?playerid=33834&position=P"">Andrew Walters</a>",24.0,1.1,13.500003218651585,9.885137927532579,0.0
35323,"<a href=""statss.aspx?playerid=35323&position=P"">Roki Sasaki</a>",23.0,36.1,4.458715752372943,5.804861182281945,8.0
21544,"<a href=""statss.aspx?playerid=21544&position=P"">Chase Shugart</a>",28.0,45.0,3.40000057644324,4.690692137494544,0.0
27819,"<a href=""statss.aspx?playerid=27819&position=P"">Brandon Young</a>",26.0,57.2,6.2427748417837705,5.354789595285461,12.0
22810,"<a href=""statss.aspx?playerid=22810&position=P"">Roansy Contreras</a>",25.0,12.2,5.684211239590298,5.977241938001937,0.0
25807,"<a href=""statss.aspx?playerid=25807&position=3B/SS"">Jared Triolo</a>",27.0,1.0,0.0,19.135136318206786,0.0
18347,"<a href=""statss.aspx?playerid=18347&position=P"">Brandon Waddell</a>",31.0,31.1,3.4468088603333067,4.53939177982406,1.0
30171,"<a href=""statss.aspx?playerid=30171&position=P"">Mason Black</a>",25.0,4.0,6.75,7.135136318206787,0.0
25595,"<a href=""statss.aspx?playerid=25595&position=P"">Xzavion Curry</a>",26.0,3.0,6.000001907349239,5.468470393287047,0.0
15679,"<a href=""statss.aspx?playerid=15679&position=1B"">Rowdy Tellez</a>",30.0,2.0,13.5,11.135136318206786,0.0
22823,"<a href=""statss.aspx?playerid=22823&position=2B/3B"">Oswald Peraza</a>",25.0,2.1,30.857147061095517,9.992280109561346,0.0
16207,"<a href=""statss.aspx?playerid=16207&position=P"">Spencer Turnbull</a>",32.0,6.1,7.1052635145319645,5.819346979252197,1.0
24914,"<a href=""statss.aspx?playerid=24914&position=P"">Lazaro Estrada</a>",26.0,7.1,8.590909463314986,5.180590952329403,0.0
17169,"<a href=""statss.aspx?playerid=17169&position=P"">Jose Castillo</a>",29.0,32.0,3.9375008214266822,4.572636618092719,0.0
11589,"<a href=""statss.aspx?playerid=11589&position=P"">Jose Urena</a>",33.0,55.0,4.581818340711362,5.207863662814309,6.0
16400,"<a href=""statss.aspx?playerid=16400&position=P"">Reynaldo Lopez</a>",31.0,5.0,5.4,6.535136318206787,1.0
19458,"<a href=""statss.aspx?playerid=19458&position=DH/OF"">Cooper Hummel</a>",30.0,1.0,36.0,19.135136318206786,0.0
15674,"<a href=""statss.aspx?playerid=15674&position=C"">Reese McGuire</a>",30.0,1.0,9.0,19.135136318206786,0.0
20536,"<a href=""statss.aspx?playerid=20536&position=2B/OF"">Vidal Brujan</a>",27.0,2.0,13.500006437304705,11.135140132905871,0.0
14332,"<a href=""statss.aspx?playerid=14332&position=P"">Joel Payamps</a>",31.0,26.1,6.835444358235489,4.540199880732971,0.0
23091,"<a href=""statss.aspx?playerid=23091&position=P"">Robinson Pina</a>",26.0,2.1,7.714286765273879,9.135137135642026,0.0
23455,"<a href=""statss.aspx?playerid=23455&position=P"">Hunter Stratton</a>",28.0,19.0,5.210527361925499,5.082505130239549,0.0
31884,"<a href=""statss.aspx?playerid=31884&position=P"">Logan VanWey</a>",26.0,10.2,5.062500301748532,5.385136452317246,0.0
13897,"<a href=""statss.aspx?playerid=13897&position=C"">Tyler Heineman</a>",34.0,3.1,32.40000308990508,8.8351368618012,0.0
27590,"<a href=""statss.aspx?playerid=27590&position=P"">Jake Eder</a>",26.0,18.1,4.909091249576308,5.2624091930231875,0.0
23223,"<a href=""statss.aspx?playerid=23223&position=P"">Michael Mercado</a>",26.0,3.0,15.0,8.801802984873454,0.0
24703,"<a href=""statss.aspx?playerid=24703&position=1B/3B"">Jonah Bride</a>",29.0,6.0,15.0,7.135136318206788,0.0
20198,"<a href=""statss.aspx?playerid=20198&position=P"">Ben Bowden</a>",30.0,10.2,4.218750628642831,5.666386695392487,0.0
15518,"<a href=""statss.aspx?playerid=15518&position=SS"">Amed Rosario</a>",29.0,1.0,36.0,22.135136318206786,0.0
15488,"<a href=""statss.aspx?playerid=15488&position=P"">Antonio Senzatela</a>",30.0,130.0,6.646154333712822,5.481290336473466,23.0
11442,"<a href=""statss.aspx?playerid=11442&position=C"">Gary Sanchez</a>",32.0,1.0,36.0,22.135136318206786,0.0
19890,"<a href=""statss.aspx?playerid=19890&position=3B"">Emmanuel Rivera</a>",29.0,1.0,72.0,22.135136318206786,0.0
17796,"<a href=""statss.aspx?playerid=17796&position=P"">Dillon Tate</a>",31.0,6.1,4.263158750666317,5.977242151984332,0.0
14874,"<a href=""statss.aspx?playerid=14874&position=P"">Sam Moll</a>",33.0,18.1,6.381821280236606,5.207864597257993,0.0
29574,"<a href=""statss.aspx?playerid=29574&position=P"">Chase Lee</a>",26.0,37.1,4.0982152628049455,4.52799379314703,0.0
9073,"<a href=""statss.aspx?playerid=9073&position=P"">Kirby Yates</a>",38.0,41.1,5.225807094673291,4.756104259610077,0.0
17696,"<a href=""statss.aspx?playerid=17696&position=2B/SS"">Kevin Newman</a>",31.0,4.0,6.75,9.635136318206786,0.0
29921,"<a href=""statss.aspx?playerid=29921&position=P"">Spencer Arrighetti</a>",25.0,35.1,5.3490567962738895,5.5407967821394895,7.0
26117,"<a href=""statss.aspx?playerid=26117&position=P"">Blas Castano</a>",26.0,3.0,9.0,9.801802984873454,0.0
19409,"<a href=""statss.aspx?playerid=19409&position=P"">Dane Dunning</a>",30.0,20.2,6.967742471367503,5.070620338031093,0.0
16703,"<a href=""statss.aspx?playerid=16703&position=P"">Julian Merryweather</a>",33.0,18.2,5.785715665136394,4.688708117178597,0.0
17888,"<a href=""statss.aspx?playerid=17888&position=P"">Tayler Saucedo</a>",32.0,13.1,7.425000708103248,4.860136482715623,0.0
18498,"<a href=""statss.aspx?playerid=18498&position=P"">Kenta Maeda</a>",37.0,8.0,7.875000938773267,6.135136675834699,0.0
24590,"<a href=""statss.aspx?playerid=24590&position=P"">John Rooney</a>",28.0,1.1,6.750001609325793,12.13513846397451,0.0
31610,"<a href=""statss.aspx?playerid=31610&position=P"">Zach Maxwell</a>",24.0,10.0,4.500000429153483,5.635136556625389,0.0
10315,"<a href=""statss.aspx?playerid=10315&position=P"">Michael Tonkin</a>",35.0,24.0,4.8750007748605055,4.8018032497830285,0.0
19924,"<a href=""statss.aspx?playerid=19924&position=P"">Bryan Hudson</a>",28.0,15.0,4.8000009155275185,5.335136737823566,0.0
17273,"<a href=""statss.aspx?playerid=17273&position=SS"">Jorge Mateo</a>",30.0,1.0,45.0,25.135136318206786,0.0
18341,"<a href=""statss.aspx?playerid=18341&position=P"">Julian Fernandez</a>",29.0,5.0,5.4,7.535136318206788,0.0
25921,"<a href=""statss.aspx?playerid=25921&position=P"">Casey Legumina</a>",28.0,49.2,5.617450383519215,4.383458625655502,1.0
15941,"<a href=""statss.aspx?playerid=15941&position=C"">Austin Nola</a>",35.0,1.0,72.0,29.135136318206786,0.0
17975,"<a href=""statss.aspx?playerid=17975&position=SS/OF"">Scott Kingery</a>",31.0,2.0,36.0,15.135136318206786,0.0
25158,"<a href=""statss.aspx?playerid=25158&position=P"">Jayvien Sandridge</a>",26.0,0.2,27.000028163224034,30.13516448143082,0.0
23811,"<a href=""statss.aspx?playerid=23811&position=P"">Luarbert Arias</a>",24.0,10.1,11.322580993485635,5.74803962439578,0.0
6576,"<a href=""statss.aspx?playerid=6576&position=P"">Robert Stock</a>",35.0,2.2,10.125002413988689,11.760138374567521,0.0
12808,"<a href=""statss.aspx?playerid=12808&position=P"">Mike Clevinger</a>",34.0,5.2,7.941178698028873,6.311607797418336,0.0
31261,"<a href=""statss.aspx?playerid=31261&position=P"">Chris Roycroft</a>",28.0,20.2,7.838712088896256,4.828685226301657,0.0
27483,"<a href=""statss.aspx?playerid=27483&position=P"">Bobby Miller</a>",26.0,5.0,12.6,7.3351363182067875,1.0
10314,"<a href=""statss.aspx?playerid=10314&position=P"">Erasmo Ramirez</a>",35.0,11.0,2.454545667348833,5.1351364916021325,0.0
21850,"<a href=""statss.aspx?playerid=21850&position=P"">Mason Thompson</a>",27.0,10.2,11.812502816320137,5.6663869217039595,0.0
32026,"<a href=""statss.aspx?playerid=32026&position=P"">Drew Sommers</a>",24.0,3.0,18.000005722047717,9.468471664853206,0.0
8241,"<a href=""statss.aspx?playerid=8241&position=P"">David Robertson</a>",40.0,17.2,4.075472284780867,4.94645733366495,0.0
20572,"<a href=""statss.aspx?playerid=20572&position=1B"">Kody Clemens</a>",29.0,1.0,18.0,29.135136318206786,0.0
22284,"<a href=""statss.aspx?playerid=22284&position=P"">Matt Sauer</a>",26.0,29.2,6.370787062980314,5.157608401692601,1.0
21238,"<a href=""statss.aspx?playerid=21238&position=P"">Allan Winans</a>",29.0,9.1,8.67857172416182,6.242279281178304,1.0
21481,"<a href=""statss.aspx?playerid=21481&position=P"">Sean Hjelle</a>",28.0,15.0,7.800000991821415,5.201803247663744,1.0
18000,"<a href=""statss.aspx?playerid=18000&position=P"">Triston McKenzie</a>",27.0,5.2,11.117648306190077,7.723372127110628,0.0
27487,"<a href=""statss.aspx?playerid=27487&position=P"">Landon Knack</a>",27.0,42.1,4.8897641467120065,5.709939661161419,7.0
27967,"<a href=""statss.aspx?playerid=27967&position=P"">Andry Lara</a>",22.0,14.1,8.79069845427566,5.437462103850413,0.0
23401,"<a href=""statss.aspx?playerid=23401&position=SS"">Jose Caballero</a>",28.0,1.0,54.0,32.13513631820679,0.0
25174,"<a href=""statss.aspx?playerid=25174&position=P"">Penn Murfee</a>",31.0,12.2,7.815791042888248,5.58250523062634,0.0
8779,"<a href=""statss.aspx?playerid=8779&position=P"">Wade Miley</a>",38.0,12.0,6.75,6.96846965154012,2.0
26260,"<a href=""statss.aspx?playerid=26260&position=P"">Drey Jameson</a>",27.0,3.0,3.0,6.135136318206788,0.0
15684,"<a href=""statss.aspx?playerid=15684&position=P"">Miguel Castro</a>",30.0,6.0,7.500002384186549,6.9684708701243565,0.0
12056,"<a href=""statss.aspx?playerid=12056&position=P"">Scott McGough</a>",35.0,16.0,6.75,5.885136318206787,0.0
11804,"<a href=""statss.aspx?playerid=11804&position=P"">Hector Neris</a>",36.0,26.2,6.750001367926875,5.347636766582818,0.0
19388,"<a href=""statss.aspx?playerid=19388&position=P"">Tony Gonsolin</a>",31.0,36.0,5.0,6.024025207095676,7.0
19951,"<a href=""statss.aspx?playerid=19951&position=P"">Ian Anderson</a>",27.0,9.1,11.571428965549092,6.456565002762545,0.0
10472,"<a href=""statss.aspx?playerid=10472&position=OF"">Enrique Hernandez</a>",33.0,5.1,15.187503620983033,9.697637882829085,0.0
24977,"<a href=""statss.aspx?playerid=24977&position=P"">Shawn Dubin</a>",29.0,33.2,5.079209167739551,4.947017951143119,0.0
15905,"<a href=""statss.aspx?playerid=15905&position=C"">Luis Torrens</a>",29.0,0.2,54.00005632644807,46.635181692289954,0.0
25550,"<a href=""statss.aspx?playerid=25550&position=P"">Matt Waldron</a>",28.0,4.2,7.714286765273879,8.492279905202537,1.0
12972,"<a href=""statss.aspx?playerid=12972&position=P"">Joe Ross</a>",32.0,51.0,5.117647824403026,4.880234618482149,1.0
21045,"<a href=""statss.aspx?playerid=21045&position=P"">Seth Martinez</a>",30.0,6.2,5.4000012874606345,7.185137283802263,0.0
35325,"<a href=""statss.aspx?playerid=35325&position=P"">Ryan Johnson</a>",22.0,14.2,7.363637640456744,5.521500368354806,0.0
33248,"<a href=""statss.aspx?playerid=33248&position=P"">Craig Yoho</a>",25.0,8.2,7.269232102399991,6.4812907780417035,0.0
31461,"<a href=""statss.aspx?playerid=31461&position=P"">Ben Joyce</a>",24.0,4.1,6.230771059115794,6.365906497007569,0.0
20370,"<a href=""statss.aspx?playerid=20370&position=P"">Bruce Zimmermann</a>",30.0,6.0,7.5,8.135136318206788,1.0
19558,"<a href=""statss.aspx?playerid=19558&position=P"">Geoff Hartlieb</a>",31.0,3.1,21.60000205993672,13.335137290954684,0.0
12791,"<a href=""statss.aspx?playerid=12791&position=P"">Michael Kelly</a>",32.0,39.2,3.176471402842136,4.824212381622844,0.0
26231,"<a href=""statss.aspx?playerid=26231&position=P"">Tyler Holton</a>",29.0,78.2,3.661017600094967,4.635136584912364,6.0
6632,"<a href=""statss.aspx?playerid=6632&position=P"">Carlos Carrasco</a>",38.0,45.2,7.094890609725765,5.6095889074012675,9.0
20515,"<a href=""statss.aspx?playerid=20515&position=P"">Kyle Nelson</a>",28.0,2.0,9.0,13.635136318206786,0.0
19646,"<a href=""statss.aspx?playerid=19646&position=P"">Kyle Hart</a>",32.0,43.0,5.8604658961361595,5.181648218444812,6.0
19586,"<a href=""statss.aspx?playerid=19586&position=P"">Forrest Whitley</a>",27.0,12.0,13.500002145767553,6.635136874516894,0.0
11752,"<a href=""statss.aspx?playerid=11752&position=P"">Luke Jackson</a>",33.0,51.0,4.058824288391467,4.488077747670609,0.0
26285,"<a href=""statss.aspx?playerid=26285&position=P"">Tommy Henry</a>",27.0,6.2,4.050000386238135,7.485136733055155,0.0
21537,"<a href=""statss.aspx?playerid=21537&position=P"">Daniel Lynch IV</a>",28.0,67.2,3.059113932835119,4.7607524177810046,2.0
22461,"<a href=""statss.aspx?playerid=22461&position=P"">Logan Gillaspie</a>",28.0,7.0,2.57142892175796,5.992279564604521,0.0
20379,"<a href=""statss.aspx?playerid=20379&position=P"">Tyler Zuber</a>",30.0,12.0,11.250001788139627,5.551803368992337,0.0
19281,"<a href=""statss.aspx?playerid=19281&position=P"">Nick Hernandez</a>",30.0,10.2,5.062500301748532,6.978886547312154,0.0
31883,"<a href=""statss.aspx?playerid=31883&position=P"">Troy Taylor</a>",23.0,6.2,12.150001158714405,8.235136804580735,0.0
23479,"<a href=""statss.aspx?playerid=23479&position=P"">Cam Sanders</a>",28.0,6.2,8.10000193119095,8.085137498379035,0.0
17425,"<a href=""statss.aspx?playerid=17425&position=P"">Erick Fedde</a>",32.0,141.0,5.489361887768207,5.1989661752359195,24.0
25620,"<a href=""statss.aspx?playerid=25620&position=P"">Luis Mey</a>",24.0,21.0,3.4285720513792586,5.563708187933762,0.0
20160,"<a href=""statss.aspx?playerid=20160&position=P"">Nate Pearson</a>",28.0,14.2,9.204545853551771,6.203318269390711,0.0
23899,"<a href=""statss.aspx?playerid=23899&position=P"">Valente Bellozo</a>",25.0,81.1,4.647541165255764,5.200710169431572,6.0
14552,"<a href=""statss.aspx?playerid=14552&position=P"">Jose Ruiz</a>",30.0,16.1,8.816328761281264,5.339218508527103,0.0
23293,"<a href=""statss.aspx?playerid=23293&position=P"">Codi Heuer</a>",28.0,4.2,5.785716256317499,10.635138872692433,0.0
14120,"<a href=""statss.aspx?playerid=14120&position=P"">Lance McCullers Jr.</a>",31.0,55.1,6.506024245894656,5.7736905957085085,13.0
19403,"<a href=""statss.aspx?playerid=19403&position=P"">Colin Poche</a>",31.0,9.1,12.535719916303036,6.670852192035849,0.0
27453,"<a href=""statss.aspx?playerid=27453&position=P"">Anthony Veneziano</a>",27.0,25.0,4.680001428223092,4.775136818695222,1.0
23162,"<a href=""statss.aspx?playerid=23162&position=P"">Eduarniel Nunez</a>",26.0,12.2,7.105265119399932,6.766716268122307,0.0
35466,"<a href=""statss.aspx?playerid=35466&position=P"">Payton Tolle</a>",22.0,16.1,6.061224607763964,6.257585358570042,3.0
18152,"<a href=""statss.aspx?playerid=18152&position=P"">Anthony Misiewicz</a>",30.0,4.2,9.64285845659235,9.135137135642026,0.0
27407,"<a href=""statss.aspx?playerid=27407&position=P"">Rolddy Munoz</a>",25.0,3.2,12.272729400761241,9.680591998612783,0.0
26034,"<a href=""statss.aspx?playerid=26034&position=P"">Anthony Maldonado</a>",27.0,6.0,12.000001907348937,9.801804044511751,0.0
26214,"<a href=""statss.aspx?playerid=26214&position=P"">Chris Murphy</a>",27.0,34.2,3.1153848439278855,5.0678287676805684,0.0
23426,"<a href=""statss.aspx?playerid=23426&position=P"">Max Lazar</a>",26.0,41.1,4.790323170117184,4.949652670523903,0.0
16507,"<a href=""statss.aspx?playerid=16507&position=P"">Dan Altavilla</a>",32.0,29.0,2.482759110567641,5.445481601651675,0.0
4806,"<a href=""statss.aspx?playerid=4806&position=P"">Rich Hill</a>",45.0,9.0,5.0,7.801802984873454,2.0
31571,"<a href=""statss.aspx?playerid=31571&position=P"">Paul Gervase</a>",25.0,8.1,4.320000659179788,8.055137068939324,0.0
7802,"<a href=""statss.aspx?playerid=7802&position=SS"">Miguel Rojas</a>",36.0,5.0,12.6,12.735136318206788,0.0
16610,"<a href=""statss.aspx?playerid=16610&position=P"">J.P. Feyereisen</a>",32.0,4.0,11.25,8.385136318206786,0.0
15855,"<a href=""statss.aspx?playerid=15855&position=P"">Wander Suero</a>",33.0,6.1,11.368421623251143,8.977241874599736,0.0
19884,"<a href=""statss.aspx?playerid=19884&position=P"">Corbin Martin</a>",29.0,18.0,6.000001271566025,5.3018034440500745,0.0
27984,"<a href=""statss.aspx?playerid=27984&position=P"">Jose Corniell</a>",22.0,1.2,16.20000617981193,11.535139522553713,0.0
26259,"<a href=""statss.aspx?playerid=26259&position=P"">Hunter Bigge</a>",27.0,15.0,2.4,6.201802984873455,0.0
19614,"<a href=""statss.aspx?playerid=19614&position=P"">Cionel Perez</a>",29.0,21.2,8.30769401414895,5.765906089353955,0.0
21894,"<a href=""statss.aspx?playerid=21894&position=P"">Gregory Santos</a>",25.0,7.0,5.14285784351592,6.563708213884068,0.0
13287,"<a href=""statss.aspx?playerid=13287&position=P"">Jesse Hahn</a>",35.0,5.0,5.4,8.135136318206786,0.0
25873,"<a href=""statss.aspx?playerid=25873&position=P"">Connor Thomas</a>",27.0,5.1,20.250001206994128,10.260136742889907,0.0
15514,"<a href=""statss.aspx?playerid=15514&position=P"">Kendall Graveman</a>",34.0,17.2,7.132075728365186,5.795513772438246,0.0
24930,"<a href=""statss.aspx?playerid=24930&position=P"">Ethan Roberts</a>",27.0,9.0,6.000001271566025,7.13513716591747,0.0
21549,"<a href=""statss.aspx?playerid=21549&position=P"">Jackson Kowar</a>",28.0,17.0,4.235294592834315,5.841018974739821,0.0
16587,"<a href=""statss.aspx?playerid=16587&position=P"">Erik Swanson</a>",31.0,5.1,15.187503620983033,10.260138016939568,0.0
12777,"<a href=""statss.aspx?playerid=12777&position=P"">John Brebbia</a>",35.0,23.1,7.714286765273879,5.749422388660713,0.0
29633,"<a href=""statss.aspx?playerid=29633&position=P"">Andrew Hoffmann</a>",25.0,12.0,6.000001430511816,5.801803620656482,0.0
11384,"<a href=""statss.aspx?playerid=11384&position=P"">Tommy Kahnle</a>",35.0,63.0,4.4285722330315425,4.722438193845333,0.0
25311,"<a href=""statss.aspx?playerid=25311&position=P"">Roddery Munoz</a>",25.0,11.0,8.181818891162775,7.771500356532361,0.0
13774,"<a href=""statss.aspx?playerid=13774&position=P"">Zach Eflin</a>",31.0,71.1,5.929906964874764,5.644482291522586,14.0
22253,"<a href=""statss.aspx?playerid=22253&position=P"">Sean Reynolds</a>",27.0,27.0,5.333334840374654,5.431433263368097,1.0
33294,"<a href=""statss.aspx?playerid=33294&position=P"">Seth Halvorsen</a>",25.0,39.2,4.991597438715677,5.2023635403011586,0.0
14524,"<a href=""statss.aspx?playerid=14524&position=P"">Jose Leclerc</a>",31.0,9.0,6.000001907349239,7.357359882637733,0.0
22533,"<a href=""statss.aspx?playerid=22533&position=P"">Michel Otanez</a>",27.0,5.1,13.500003218651585,9.135137748718602,0.0
13896,"<a href=""statss.aspx?playerid=13896&position=P"">Chris Flexen</a>",30.0,43.2,3.0916032334890136,5.035899787685218,1.0
27570,"<a href=""statss.aspx?playerid=27570&position=P"">Cole Henry</a>",25.0,52.2,4.272153033333389,5.337668548725334,0.0
26048,"<a href=""statss.aspx?playerid=26048&position=P"">Sawyer Gipson-Long</a>",27.0,31.1,7.18085157380166,5.5606684053575695,3.0
26443,"<a href=""statss.aspx?playerid=26443&position=P"">Sam Aldegheri</a>",23.0,13.2,7.902439943457806,7.305868510587297,2.0
20203,"<a href=""statss.aspx?playerid=20203&position=P"">Eli Morgan</a>",29.0,7.1,12.2727309967872,8.589683427889987,0.0
28253,"<a href=""statss.aspx?playerid=28253&position=3B/OF"">Javier Sanoja</a>",22.0,9.1,16.392859376206996,10.099422981301263,0.0
31751,"<a href=""statss.aspx?playerid=31751&position=P"">Garrett McDaniels</a>",25.0,10.2,5.9062514081600686,6.978887234628419,0.0
31533,"<a href=""statss.aspx?playerid=31533&position=P"">Victor Mederos</a>",24.0,17.0,7.411764705882353,7.193959847618552,3.0
30170,"<a href=""statss.aspx?playerid=30170&position=P"">Chase Petty</a>",22.0,6.0,19.50000329315718,11.801804448498867,2.0
19337,"<a href=""statss.aspx?playerid=19337&position=P"">Richard Lovelady</a>",29.0,11.2,8.485716135453607,6.992280016140246,0.0
31701,"<a href=""statss.aspx?playerid=31701&position=P"">Blade Tidwell</a>",24.0,15.0,9.000001144409325,7.468470202552018,2.0
17948,"<a href=""statss.aspx?playerid=17948&position=P"">Trent Thornton</a>",31.0,42.1,4.677165916282584,4.741435723798785,0.0
31989,"<a href=""statss.aspx?playerid=31989&position=P"">Tom Harrington</a>",23.0,8.2,15.576924219639427,8.442829015269112,1.0
15423,"<a href=""statss.aspx?playerid=15423&position=P"">Andrew Heaney</a>",34.0,122.1,5.517711229014708,5.587452419991102,23.0
30180,"<a href=""statss.aspx?playerid=30180&position=P"">Travis Adams</a>",25.0,33.2,7.485149292300406,5.392562295249768,2.0
21205,"<a href=""statss.aspx?playerid=21205&position=P"">Connor Brogdon</a>",30.0,47.0,5.553192841515928,5.241519809816277,0.0
24862,"<a href=""statss.aspx?playerid=24862&position=P"">Ryan Fernandez</a>",27.0,30.1,7.71428700780965,5.1461256663964825,0.0
5448,"<a href=""statss.aspx?playerid=5448&position=P"">Jesse Chavez</a>",41.0,8.0,9.0,9.510136318206786,0.0
19264,"<a href=""statss.aspx?playerid=19264&position=P"">Thomas Hatch</a>",30.0,34.0,5.823529411764706,6.017489259383257,1.0
33826,"<a href=""statss.aspx?playerid=33826&position=P"">Yuki Matsui</a>",29.0,63.1,3.978948167288563,4.871978772181953,0.0
20061,"<a href=""statss.aspx?playerid=20061&position=P"">Kaleb Ort</a>",33.0,46.0,4.891305159080366,5.0264409797178615,0.0
30160,"<a href=""statss.aspx?playerid=30160&position=P"">Richard Fitts</a>",25.0,45.0,5.0,5.801802984873454,10.0
19374,"<a href=""statss.aspx?playerid=19374&position=P"">Walker Buehler</a>",30.0,126.0,4.928571465875016,5.658945861118632,24.0
26247,"<a href=""statss.aspx?playerid=26247&position=P"">Orlando Ribalta</a>",27.0,24.1,7.027398729172533,6.505000036289522,0.0
27271,"<a href=""statss.aspx?playerid=27271&position=P"">Juan Burgos</a>",25.0,13.1,6.0750014483932135,5.01013676524173,0.0
27783,"<a href=""statss.aspx?playerid=27783&position=P"">Zach Brzykcy</a>",25.0,23.0,9.000001492707874,6.265571620018221,0.0
26257,"<a href=""statss.aspx?playerid=26257&position=P"">Joey Estes</a>",23.0,11.0,9.818181818181818,8.680590863661333,2.0
30004,"<a href=""statss.aspx?playerid=30004&position=P"">McCade Brown</a>",24.0,25.2,7.363637093247956,6.953318514705727,7.0
7005,"<a href=""statss.aspx?playerid=7005&position=P"">Ryan Pressly</a>",36.0,41.1,4.354838843648321,5.046426699585773,0.0
19879,"<a href=""statss.aspx?playerid=19879&position=P"">Tanner Houck</a>",29.0,43.2,8.038168407071435,6.158037257618267,9.0
20271,"<a href=""statss.aspx?playerid=20271&position=P"">Daysbel Hernandez</a>",28.0,37.0,3.4054061075996414,5.000001567606591,0.0
25379,"<a href=""statss.aspx?playerid=25379&position=P"">Sam Long</a>",29.0,40.1,5.355372576169426,5.54009529917176,0.0
16561,"<a href=""statss.aspx?playerid=16561&position=P"">Austin Gomber</a>",31.0,57.2,7.491329810140524,6.499298316279152,12.0
16122,"<a href=""statss.aspx?playerid=16122&position=P"">Jordan Romano</a>",32.0,42.2,8.226563725853522,5.385136653482965,0.0
29866,"<a href=""statss.aspx?playerid=29866&position=P"">Chayce McDermott</a>",26.0,8.2,15.576925933714268,10.058214510968684,1.0
31508,"<a href=""statss.aspx?playerid=31508&position=P"">Caden Dana</a>",21.0,32.1,6.402062107442565,6.475342635133343,5.0
31552,"<a href=""statss.aspx?playerid=31552&position=P"">Zach Agnos</a>",24.0,31.1,6.606384051121497,5.624498424426482,0.0
25481,"<a href=""statss.aspx?playerid=25481&position=P"">Joe La Sorsa</a>",27.0,6.2,10.80000102996836,11.235137090683057,0.0
17432,"<a href=""statss.aspx?playerid=17432&position=P"">Jeff Hoffman</a>",32.0,68.0,4.367647548860387,4.899842398554418,0.0
29521,"<a href=""statss.aspx?playerid=29521&position=P"">Ryan Loutos</a>",26.0,12.0,12.750001013279041,8.635136755307549,0.0
21504,"<a href=""statss.aspx?playerid=21504&position=P"">Jake Irvin</a>",28.0,180.0,5.7,5.635136318206787,33.0
20185,"<a href=""statss.aspx?playerid=20185&position=P"">Zach Pop</a>",28.0,6.2,14.850001416206496,11.385137104988173,0.0
31676,"<a href=""statss.aspx?playerid=31676&position=P"">Carson Whisenhunt</a>",24.0,23.1,5.014285987542615,6.906565095161916,5.0
25957,"<a href=""statss.aspx?playerid=25957&position=P"">Josh Simpson</a>",27.0,30.2,7.336958042840966,5.3525280822653905,0.0
31318,"<a href=""statss.aspx?playerid=31318&position=P"">Gunnar Hoglund</a>",25.0,32.1,6.402062107442565,6.7536931615438895,6.0
22051,"<a href=""statss.aspx?playerid=22051&position=P"">John King</a>",30.0,48.1,4.655173638488148,4.9972057736020465,0.0
29628,"<a href=""statss.aspx?playerid=29628&position=P"">Alek Jacob</a>",27.0,33.1,5.130001369858154,5.8951370552064954,0.0
14916,"<a href=""statss.aspx?playerid=14916&position=P"">Jon Gray</a>",33.0,14.0,7.714286239779761,7.349422319567953,0.0
25139,"<a href=""statss.aspx?playerid=25139&position=P"">Tim Herrin</a>",28.0,42.2,4.851564090466648,5.080449455930129,0.0
13470,"<a href=""statss.aspx?playerid=13470&position=P"">Lucas Sims</a>",31.0,12.1,13.864869510632687,8.243246137913566,0.0
22361,"<a href=""statss.aspx?playerid=22361&position=P"">Colin Holderman</a>",29.0,25.2,7.012988750157728,5.862409721045904,0.0
16427,"<a href=""statss.aspx?playerid=16427&position=P"">Scott Blewett</a>",29.0,44.1,5.481203636364888,5.481001248996698,2.0
26079,"<a href=""statss.aspx?playerid=26079&position=P"">Beau Brieske</a>",27.0,22.0,6.545455396668095,6.271500362443584,1.0
14857,"<a href=""statss.aspx?playerid=14857&position=P"">Joe Mantiply</a>",34.0,9.2,15.827588809373266,9.445482183381749,0.0
21453,"<a href=""statss.aspx?playerid=21453&position=P"">Konnor Pilkington</a>",27.0,28.1,4.447059621844056,5.958666236837933,0.0
30661,"<a href=""statss.aspx?playerid=30661&position=P"">Didier Fuentes</a>",20.0,13.0,13.846154861901713,9.135136758364197,4.0
26463,"<a href=""statss.aspx?playerid=26463&position=P"">Alex Carrillo</a>",28.0,4.2,13.50000183922929,14.492280722637776,0.0
23135,"<a href=""statss.aspx?playerid=23135&position=P"">Eduardo Salazar</a>",27.0,29.0,8.37931144705298,6.445481581240064,0.0
26215,"<a href=""statss.aspx?playerid=26215&position=P"">Jackson Rutledge</a>",26.0,73.1,5.768182818357783,5.466954904351423,0.0
19453,"<a href=""statss.aspx?playerid=19453&position=P"">Shaun Anderson</a>",30.0,11.1,10.323532307437533,8.870432044560973,0.0
19990,"<a href=""statss.aspx?playerid=19990&position=P"">Bryse Wilson</a>",27.0,47.1,6.654930292578715,6.304150743244271,5.0
19459,"<a href=""statss.aspx?playerid=19459&position=P"">Jorge Alcala</a>",29.0,55.0,6.218182788565291,5.680591260894333,0.0
20962,"<a href=""statss.aspx?playerid=20962&position=P"">Elvin Rodriguez</a>",27.0,19.2,9.152542668764234,8.47411954165259,2.0
25679,"<a href=""statss.aspx?playerid=25679&position=P"">Kevin Kelly</a>",27.0,39.2,5.899161176706825,5.656145368081498,0.0
35324,"<a href=""statss.aspx?playerid=35324&position=P"">Shinnosuke Ogasawara</a>",27.0,38.2,6.982759768841146,6.160998884704617,2.0
33908,"<a href=""statss.aspx?playerid=33908&position=P"">Jose Fermin</a>",23.0,34.1,4.45631133978558,5.989505673102126,0.0
19362,"<a href=""statss.aspx?playerid=19362&position=P"">Keegan Akin</a>",30.0,63.1,3.4105268978214993,4.935136625390356,3.0
19753,"<a href=""statss.aspx?playerid=19753&position=P"">Jonathan Loaisiga</a>",30.0,29.2,4.247192194510011,5.831766282975048,0.0
10591,"<a href=""statss.aspx?playerid=10591&position=P"">Scott Alexander</a>",35.0,17.2,6.113209788424104,7.606836070850345,0.0
26952,"<a href=""statss.aspx?playerid=26952&position=P"">Anthony Molina</a>",23.0,34.2,7.269231302498399,6.942828905229758,1.0
23150,"<a href=""statss.aspx?playerid=23150&position=P"">Osvaldo Bido</a>",29.0,79.2,5.874477456262617,6.072375046338095,10.0
13652,"<a href=""statss.aspx?playerid=13652&position=P"">Tayler Scott</a>",33.0,27.1,7.902440770618795,6.318063850817135,0.0
16061,"<a href=""statss.aspx?playerid=16061&position=P"">Cam Booser</a>",33.0,31.0,5.516130729223291,6.26416953887731,0.0
24604,"<a href=""statss.aspx?playerid=24604&position=P"">Austin Cox</a>",28.0,21.1,8.859375936481328,7.541386783969987,1.0
22915,"<a href=""statss.aspx?playerid=22915&position=P"">Carlos Vargas</a>",25.0,77.0,3.9740267615433256,4.589682060993887,0.0
27688,"<a href=""statss.aspx?playerid=27688&position=P"">Jack Kochanowicz</a>",24.0,111.0,6.810811278940237,6.054055437752603,23.0
31612,"<a href=""statss.aspx?playerid=31612&position=P"">Carson Palmquist</a>",24.0,34.1,8.912622184440666,7.795330924450274,7.0
25420,"<a href=""statss.aspx?playerid=25420&position=P"">Ryan Zeferjahn</a>",27.0,57.0,4.736842739284949,5.363206791870448,1.0
21132,"<a href=""statss.aspx?playerid=21132&position=P"">Alexis Diaz</a>",28.0,17.2,8.150945009562566,8.512495873126536,0.0
30084,"<a href=""statss.aspx?playerid=30084&position=P"">Carson Seymour</a>",26.0,36.0,4.750000125832031,6.107358619166011,3.0
26413,"<a href=""statss.aspx?playerid=26413&position=P"">Porter Hodge</a>",24.0,33.0,6.272727997835101,5.892712394549754,0.0
10123,"<a href=""statss.aspx?playerid=10123&position=P"">Kyle Gibson</a>",37.0,12.1,16.78378551419083,10.594596546736046,4.0
22200,"<a href=""statss.aspx?playerid=22200&position=P"">Ryan Rolison</a>",27.0,42.1,7.015748874423876,6.749309980788784,1.0
13050,"<a href=""statss.aspx?playerid=13050&position=P"">Anthony DeSclafani</a>",35.0,38.2,5.120689739370177,6.29030878387932,4.0
21863,"<a href=""statss.aspx?playerid=21863&position=P"">George Soriano</a>",26.0,36.2,8.345455124279724,6.435136547088639,0.0
26790,"<a href=""statss.aspx?playerid=26790&position=P"">Angel Chivilli</a>",22.0,58.2,7.0568198642951465,6.032864281806244,0.0
25862,"<a href=""statss.aspx?playerid=25862&position=P"">Noah Davis</a>",28.0,11.0,18.000001560558108,12.226046197276538,0.0
24203,"<a href=""statss.aspx?playerid=24203&position=P"">Luis Peralta</a>",24.0,19.0,9.473687063624853,8.714085366785866,0.0
20548,"<a href=""statss.aspx?playerid=20548&position=P"">Bowden Francis</a>",29.0,64.0,6.046875360421858,6.853886539861573,14.0
17490,"<a href=""statss.aspx?playerid=17490&position=P"">Genesis Cabrera</a>",28.0,42.2,6.539064059034362,6.557012134045557,0.0
15552,"<a href=""statss.aspx?playerid=15552&position=P"">Chad Green</a>",34.0,43.2,5.5648867925715075,6.730557003119243,0.0
17874,"<a href=""statss.aspx?playerid=17874&position=P"">Nestor Cortes</a>",30.0,34.1,6.291262368924867,8.290476314964664,8.0
26419,"<a href=""statss.aspx?playerid=26419&position=P"">Bradley Blalock</a>",24.0,58.2,9.357954951110967,7.311272862873794,12.0
