playerid,Name,Age,IP,ERA,FIP,GS
19361,"<a href=""statss.aspx?playerid=19361&position=P"">Corbin Burnes</a>",26.0,167.0,2.4251497005988023,1.631111966778418,28.0
10310,"<a href=""statss.aspx?playerid=10310&position=P"">Zack Wheeler</a>",31.0,213.1,2.784375066384675,2.588784108608961,32.0
9132,"<a href=""statss.aspx?playerid=9132&position=P"">Nathan Eovaldi</a>",31.0,182.1,3.7513712198197116,2.7916063239764557,32.0
19374,"<a href=""statss.aspx?playerid=19374&position=P"">Walker Buehler</a>",26.0,207.2,2.470305096930544,3.155587893830021,33.0
3137,"<a href=""statss.aspx?playerid=3137&position=P"">Max Scherzer</a>",36.0,179.1,2.4591078764368186,2.9748668306863415,30.0
13125,"<a href=""statss.aspx?playerid=13125&position=P"">Gerrit Cole</a>",30.0,181.1,3.2261030316662236,2.9218723508004087,30.0
14765,"<a href=""statss.aspx?playerid=14765&position=P"">Julio Urias</a>",24.0,185.2,2.956912190732134,3.1269461488316,32.0
16137,"<a href=""statss.aspx?playerid=16137&position=P"">Carlos Rodon</a>",28.0,132.2,2.3743717682662364,2.649933639894437,24.0
10954,"<a href=""statss.aspx?playerid=10954&position=P"">Jacob deGrom</a>",33.0,92.0,1.076086956521739,1.235251513771389,15.0
14107,"<a href=""statss.aspx?playerid=14107&position=P"">Kevin Gausman</a>",30.0,192.0,2.8125,3.003367455800375,33.0
16162,"<a href=""statss.aspx?playerid=16162&position=P"">Brandon Woodruff</a>",28.0,179.1,2.559479626495464,2.9581382056765673,30.0
4676,"<a href=""statss.aspx?playerid=4676&position=P"">Charlie Morton</a>",37.0,185.2,3.3447039534511025,3.1754201191714713,33.0
18525,"<a href=""statss.aspx?playerid=18525&position=P"">Dylan Cease</a>",25.0,165.2,3.9114690530554577,3.4054466117713047,32.0
16149,"<a href=""statss.aspx?playerid=16149&position=P"">Aaron Nola</a>",28.0,180.2,4.632841589267722,3.369296126306513,32.0
18684,"<a href=""statss.aspx?playerid=18684&position=P"">Sandy Alcantara</a>",25.0,205.2,3.1944896231573527,3.4180082028034566,33.0
2520,"<a href=""statss.aspx?playerid=2520&position=P"">Lance Lynn</a>",34.0,157.0,2.694267515923567,3.3165309377536656,28.0
22286,"<a href=""statss.aspx?playerid=22286&position=P"">Trevor Rogers</a>",23.0,133.0,2.6390977443609023,2.5459739720911014,25.0
15474,"<a href=""statss.aspx?playerid=15474&position=P"">Lucas Giolito</a>",26.0,178.2,3.526119603747445,3.791302814555877,31.0
17995,"<a href=""statss.aspx?playerid=17995&position=P"">Logan Webb</a>",24.0,148.1,3.0337079691926068,2.7183487137205864,26.0
14309,"<a href=""statss.aspx?playerid=14309&position=P"">Frankie Montas</a>",28.0,187.0,3.3689839572192515,3.3732426786167733,32.0
14168,"<a href=""statss.aspx?playerid=14168&position=P"">Jose Berrios</a>",27.0,192.0,3.515625139698392,3.472117467804088,32.0
18679,"<a href=""statss.aspx?playerid=18679&position=P"">Freddy Peralta</a>",25.0,144.1,2.806004717820402,3.1215352754923678,27.0
13164,"<a href=""statss.aspx?playerid=13164&position=P"">Eduardo Rodriguez</a>",28.0,157.2,4.737843857478901,3.322254005438251,31.0
11486,"<a href=""statss.aspx?playerid=11486&position=P"">Robbie Ray</a>",29.0,193.1,2.8396552471201733,3.692447929314286,32.0
2233,"<a href=""statss.aspx?playerid=2233&position=P"">Adam Wainwright</a>",39.0,206.1,3.053311868481166,3.6643798535544683,32.0
16358,"<a href=""statss.aspx?playerid=16358&position=P"">Tyler Mahle</a>",26.0,180.0,3.75,3.8033674558003745,33.0
15689,"<a href=""statss.aspx?playerid=15689&position=P"">Luis Castillo</a>",28.0,187.2,3.9804620274850104,3.750851205460168,33.0
13743,"<a href=""statss.aspx?playerid=13743&position=P"">Max Fried</a>",27.0,165.2,3.042253427724138,3.3088671161925474,28.0
15488,"<a href=""statss.aspx?playerid=15488&position=P"">Antonio Senzatela</a>",26.0,156.2,4.423404542535306,3.6104596829792146,28.0
13431,"<a href=""statss.aspx?playerid=13431&position=P"">Marcus Stroman</a>",30.0,179.0,3.016759776536313,3.4940564688357565,33.0
15038,"<a href=""statss.aspx?playerid=15038&position=P"">German Marquez</a>",26.0,180.0,4.4,3.864478566911486,32.0
2036,"<a href=""statss.aspx?playerid=2036&position=P"">Clayton Kershaw</a>",33.0,121.2,3.550685005724868,2.9974313791331935,22.0
12304,"<a href=""statss.aspx?playerid=12304&position=P"">Chris Bassitt</a>",32.0,157.1,3.146186542387705,3.3416442975063707,27.0
12970,"<a href=""statss.aspx?playerid=12970&position=P"">Joe Musgrove</a>",28.0,181.1,3.176470677332897,3.699445902022524,31.0
15873,"<a href=""statss.aspx?playerid=15873&position=P"">Sean Manaea</a>",29.0,179.1,3.9144982522871805,3.6551642477504953,32.0
16511,"<a href=""statss.aspx?playerid=16511&position=P"">Jordan Montgomery</a>",28.0,157.1,3.8326272425450227,3.6912205799938933,30.0
14120,"<a href=""statss.aspx?playerid=14120&position=P"">Lance McCullers Jr.</a>",27.0,162.1,3.1601643700621795,3.521163496918394,28.0
23735,"<a href=""statss.aspx?playerid=23735&position=P"">Luis Garcia</a>",24.0,155.1,3.4763949849605655,3.6335534537951166,28.0
10123,"<a href=""statss.aspx?playerid=10123&position=P"">Kyle Gibson</a>",33.0,182.0,3.70879126709306,3.8678363312386246,30.0
8779,"<a href=""statss.aspx?playerid=8779&position=P"">Wade Miley</a>",34.0,163.0,3.3680981595092025,3.9675801347369797,28.0
13050,"<a href=""statss.aspx?playerid=13050&position=P"">Anthony DeSclafani</a>",31.0,167.2,3.1669982040737876,3.617350252985937,31.0
17277,"<a href=""statss.aspx?playerid=17277&position=P"">Ranger Suarez</a>",25.0,106.0,1.3584906638156722,2.7172039011951505,12.0
13896,"<a href=""statss.aspx?playerid=13896&position=P"">Chris Flexen</a>",26.0,179.2,3.606679239456615,3.8880304525440526,31.0
19755,"<a href=""statss.aspx?playerid=19755&position=DH"">Shohei Ohtani</a>",26.0,130.1,3.176470712197178,3.5153026781406473,23.0
13074,"<a href=""statss.aspx?playerid=13074&position=P"">Yu Darvish</a>",34.0,166.1,4.220441010819277,3.9035010787632687,30.0
13361,"<a href=""statss.aspx?playerid=13361&position=P"">Steven Matz</a>",30.0,150.2,3.8230091076747326,3.7872908013103572,29.0
3548,"<a href=""statss.aspx?playerid=3548&position=P"">Liam Hendriks</a>",32.0,71.0,2.535211540029987,2.339048117679434,0.0
14212,"<a href=""statss.aspx?playerid=14212&position=P"">Josh Hader</a>",27.0,58.2,1.2272727804735695,1.6870795127281446,0.0
19427,"<a href=""statss.aspx?playerid=19427&position=P"">Shane Bieber</a>",26.0,96.2,3.1655173246585537,3.025206532449983,16.0
14374,"<a href=""statss.aspx?playerid=14374&position=P"">Tyler Glasnow</a>",27.0,88.0,2.659090909090909,2.7723068497397687,14.0
21483,"<a href=""statss.aspx?playerid=21483&position=P"">Shane McClanahan</a>",24.0,123.1,3.429729871171688,3.3078719659893077,25.0
13781,"<a href=""statss.aspx?playerid=13781&position=P"">Alex Wood</a>",30.0,138.2,3.8293272039946924,3.480130299061715,26.0
6562,"<a href=""statss.aspx?playerid=6562&position=P"">Alex Cobb</a>",33.0,93.1,3.7607144906569614,2.923605537609178,18.0
16269,"<a href=""statss.aspx?playerid=16269&position=P"">John Means</a>",28.0,146.2,3.6204547965625276,4.615488768175621,26.0
12768,"<a href=""statss.aspx?playerid=12768&position=P"">Sonny Gray</a>",31.0,135.1,4.189655329874549,3.990231197627667,26.0
14444,"<a href=""statss.aspx?playerid=14444&position=P"">Hyun-Jin Ryu</a>",34.0,169.0,4.366863905325443,4.016187968620888,31.0
7005,"<a href=""statss.aspx?playerid=7005&position=P"">Ryan Pressly</a>",32.0,64.0,2.2500001341104587,2.0606590563431344,0.0
19753,"<a href=""statss.aspx?playerid=19753&position=P"">Jonathan Loaisiga</a>",26.0,70.2,2.1650946512898357,2.5756944142698313,0.0
17085,"<a href=""statss.aspx?playerid=17085&position=P"">Pablo Lopez</a>",25.0,102.2,3.06818189418302,3.286917242245442,20.0
10021,"<a href=""statss.aspx?playerid=10021&position=P"">Mike Minor</a>",33.0,158.2,5.048319651391784,4.291882933887438,28.0
14916,"<a href=""statss.aspx?playerid=14916&position=P"">Jon Gray</a>",29.0,149.0,4.590604026845638,4.223725397634826,29.0
15454,"<a href=""statss.aspx?playerid=15454&position=P"">Nick Pivetta</a>",28.0,155.0,4.529032258064516,4.27971154182188,30.0
14986,"<a href=""statss.aspx?playerid=14986&position=P"">Giovanny Gallegos</a>",29.0,80.1,3.0248967443595576,2.7467975409517122,0.0
19879,"<a href=""statss.aspx?playerid=19879&position=P"">Tanner Houck</a>",25.0,69.0,3.5217393251357882,2.57583119106553,13.0
11156,"<a href=""statss.aspx?playerid=11156&position=P"">Merrill Kelly</a>",32.0,158.0,4.443037974683544,4.1067429832265345,27.0
22250,"<a href=""statss.aspx?playerid=22250&position=P"">Logan Gilbert</a>",24.0,119.1,4.67597785293229,3.731486660363929,24.0
6655,"<a href=""statss.aspx?playerid=6655&position=P"">Craig Kimbrel</a>",33.0,59.2,2.2625700011651877,2.432603899865054,0.0
14993,"<a href=""statss.aspx?playerid=14993&position=P"">Scott Barlow</a>",28.0,74.1,2.4215250779096453,2.63191743848712,0.0
21032,"<a href=""statss.aspx?playerid=21032&position=P"">Emmanuel Clase</a>",23.0,69.2,1.291866075866775,2.1078331267543593,0.0
13774,"<a href=""statss.aspx?playerid=13774&position=P"">Zach Eflin</a>",27.0,105.2,4.173501677732779,3.6810751442302387,18.0
13543,"<a href=""statss.aspx?playerid=13543&position=P"">Blake Snell</a>",28.0,128.2,4.196891523520635,3.8228839150146956,27.0
25377,"<a href=""statss.aspx?playerid=25377&position=P"">Brady Singer</a>",24.0,128.1,4.909091103653989,4.042761429783306,27.0
12880,"<a href=""statss.aspx?playerid=12880&position=P"">Tyler Anderson</a>",31.0,167.0,4.526946314597961,4.3676389675987775,31.0
14710,"<a href=""statss.aspx?playerid=14710&position=P"">Edwin Diaz</a>",27.0,62.2,3.4468088603333067,2.4838638400858737,0.0
17130,"<a href=""statss.aspx?playerid=17130&position=P"">Raisel Iglesias</a>",31.0,70.0,2.5714288516920747,2.8271769422414312,0.0
19244,"<a href=""statss.aspx?playerid=19244&position=P"">Cole Irvin</a>",27.0,178.1,4.239252457356746,4.3027444351470185,32.0
26410,"<a href=""statss.aspx?playerid=26410&position=P"">Alek Manoah</a>",23.0,111.2,3.2238806704365897,3.796899808385267,20.0
11674,"<a href=""statss.aspx?playerid=11674&position=P"">Jameson Taillon</a>",29.0,144.1,4.302540567324616,4.431004143808555,29.0
19409,"<a href=""statss.aspx?playerid=19409&position=P"">Dane Dunning</a>",26.0,117.2,4.5127479728882,3.9434052439977876,25.0
12572,"<a href=""statss.aspx?playerid=12572&position=P"">Blake Treinen</a>",33.0,72.1,1.9907837601031044,2.8797114907853385,0.0
11713,"<a href=""statss.aspx?playerid=11713&position=P"">Matt Harvey</a>",32.0,127.2,6.27415193595802,4.6034546022177505,28.0
19312,"<a href=""statss.aspx?playerid=19312&position=P"">Cal Quantrill</a>",26.0,149.2,2.8864143029434155,4.065357077546712,22.0
3096,"<a href=""statss.aspx?playerid=3096&position=P"">Kenley Jansen</a>",33.0,69.0,2.2173915495268837,3.083077591113046,0.0
7531,"<a href=""statss.aspx?playerid=7531&position=P"">Collin McHugh</a>",34.0,64.0,1.5468751152511773,2.12315904446877,7.0
19951,"<a href=""statss.aspx?playerid=19951&position=P"">Ian Anderson</a>",23.0,128.1,3.5766235183764774,4.120683510793687,24.0
17295,"<a href=""statss.aspx?playerid=17295&position=P"">Framber Valdez</a>",27.0,134.2,3.1410893461842564,4.009143096743213,22.0
12703,"<a href=""statss.aspx?playerid=12703&position=P"">Trevor Bauer</a>",30.0,107.2,2.5913313305581704,4.033811232653098,17.0
20099,"<a href=""statss.aspx?playerid=20099&position=P"">Chris Paddack</a>",25.0,108.1,5.067692545621082,3.7792649203012694,22.0
18413,"<a href=""statss.aspx?playerid=18413&position=P"">Jose Urquidy</a>",26.0,107.0,3.616822429906542,4.141996739289471,20.0
17282,"<a href=""statss.aspx?playerid=17282&position=P"">Michael Kopech</a>",25.0,69.1,3.504807949418871,2.9681110307309746,4.0
4806,"<a href=""statss.aspx?playerid=4806&position=P"">Rich Hill</a>",41.0,158.2,3.8571430116999252,4.342303077003293,31.0
19316,"<a href=""statss.aspx?playerid=19316&position=P"">Eric Lauer</a>",26.0,118.2,3.1853933266927594,4.038011669158455,20.0
3542,"<a href=""statss.aspx?playerid=3542&position=P"">Danny Duffy</a>",32.0,61.0,2.5081967213114753,3.399542319188352,12.0
17874,"<a href=""statss.aspx?playerid=17874&position=P"">Nestor Cortes</a>",26.0,93.0,2.903226044622117,3.7829373985539325,14.0
10343,"<a href=""statss.aspx?playerid=10343&position=P"">Aaron Loup</a>",33.0,56.2,0.9529414116883116,2.446504532111101,2.0
20191,"<a href=""statss.aspx?playerid=20191&position=P"">Garrett Whitlock</a>",25.0,73.1,1.9636367041217984,2.8427613384467416,0.0
18498,"<a href=""statss.aspx?playerid=18498&position=P"">Kenta Maeda</a>",33.0,106.1,4.655172636464882,4.101068649760018,21.0
10291,"<a href=""statss.aspx?playerid=10291&position=P"">Ryan Tepera</a>",33.0,61.1,2.7880440562795674,2.7298166398965833,0.0
15552,"<a href=""statss.aspx?playerid=15552&position=P"">Chad Green</a>",30.0,83.2,3.119522291634523,3.588360866555962,0.0
13449,"<a href=""statss.aspx?playerid=13449&position=P"">Taylor Rogers</a>",30.0,40.1,3.347107860105891,2.128711677100764,0.0
13394,"<a href=""statss.aspx?playerid=13394&position=P"">Dylan Floro</a>",30.0,64.0,2.8125001676380736,2.8106591010466206,0.0
13218,"<a href=""statss.aspx?playerid=13218&position=P"">Michael Fulmer</a>",28.0,69.2,2.9712920558422433,3.457115480519432,4.0
16256,"<a href=""statss.aspx?playerid=16256&position=P"">Kyle Freeland</a>",28.0,120.2,4.325966942001405,4.628597689118855,23.0
6893,"<a href=""statss.aspx?playerid=6893&position=P"">Johnny Cueto</a>",35.0,114.2,4.081395541190337,4.0508481174675195,21.0
19447,"<a href=""statss.aspx?playerid=19447&position=P"">Patrick Sandoval</a>",24.0,87.0,3.62068977423996,4.0321031163336984,14.0
16207,"<a href=""statss.aspx?playerid=16207&position=P"">Spencer Turnbull</a>",28.0,50.0,2.88,2.950034122467041,9.0
12718,"<a href=""statss.aspx?playerid=12718&position=P"">Adrian Houser</a>",28.0,142.1,3.224824471210577,4.329284749372803,26.0
11836,"<a href=""statss.aspx?playerid=11836&position=P"">Taijuan Walker</a>",28.0,159.0,4.471698274133728,4.572549896210813,29.0
12828,"<a href=""statss.aspx?playerid=12828&position=P"">Andrew Kittredge</a>",31.0,71.2,1.8837212978794946,3.044452702608408,4.0
15256,"<a href=""statss.aspx?playerid=15256&position=P"">Cole Sulser</a>",31.0,63.1,2.7000005420886675,2.980560400215205,0.0
25385,"<a href=""statss.aspx?playerid=25385&position=P"">Drew Rasmussen</a>",25.0,76.0,2.8421054058127857,3.0910867500833525,10.0
8337,"<a href=""statss.aspx?playerid=8337&position=P"">Lucas Luetge</a>",34.0,72.1,2.737327670141769,2.8382368291165236,1.0
2429,"<a href=""statss.aspx?playerid=2429&position=P"">Corey Kluber</a>",35.0,80.0,3.825,3.845034122467041,16.0
13892,"<a href=""statss.aspx?playerid=13892&position=P"">Paul Sewald</a>",31.0,64.2,3.0618557905160095,3.0772506136635256,0.0
12988,"<a href=""statss.aspx?playerid=12988&position=P"">Andrew Chafin</a>",31.0,68.2,1.8349517791163232,2.9807137008121822,0.0
5524,"<a href=""statss.aspx?playerid=5524&position=P"">Madison Bumgarner</a>",31.0,146.1,4.674259843561606,4.6324487518854385,26.0
20468,"<a href=""statss.aspx?playerid=20468&position=P"">Huascar Ynoa</a>",23.0,91.0,4.054945054945055,3.928275880708799,17.0
15816,"<a href=""statss.aspx?playerid=15816&position=P"">Devin Williams</a>",26.0,54.0,2.5000001766063673,2.8181822457594783,0.0
27463,"<a href=""statss.aspx?playerid=27463&position=P"">Garrett Crochet</a>",22.0,54.1,2.8159515792639747,2.8019358768116196,0.0
15440,"<a href=""statss.aspx?playerid=15440&position=P"">Matthew Boyd</a>",30.0,78.2,3.889830634224799,4.098000254161192,15.0
19291,"<a href=""statss.aspx?playerid=19291&position=P"">Zac Gallen</a>",25.0,121.1,4.302197982544866,4.249704497396883,23.0
12972,"<a href=""statss.aspx?playerid=12972&position=P"">Joe Ross</a>",28.0,108.0,4.166666666666667,4.364478566911486,19.0
16561,"<a href=""statss.aspx?playerid=16561&position=P"">Austin Gomber</a>",27.0,115.1,4.526011760293233,4.609340544322744,23.0
5372,"<a href=""statss.aspx?playerid=5372&position=P"">Michael Pineda</a>",32.0,109.1,3.6219513880079033,4.21271709780265,21.0
16094,"<a href=""statss.aspx?playerid=16094&position=P"">Zach Thompson</a>",27.0,75.0,3.2400002059936654,3.690034155527753,14.0
12863,"<a href=""statss.aspx?playerid=12863&position=P"">Matt Barnes</a>",31.0,54.2,3.7865858062401987,3.2066194925756424,0.0
13470,"<a href=""statss.aspx?playerid=13470&position=P"">Lucas Sims</a>",27.0,47.0,4.404256034080998,2.99982132887937,0.0
18806,"<a href=""statss.aspx?playerid=18806&position=P"">Drew Steckenrider</a>",30.0,67.2,1.995074191550899,3.347374050604899,0.0
16502,"<a href=""statss.aspx?playerid=16502&position=P"">Ryan Yarbrough</a>",29.0,155.0,5.109677419354838,4.453905090208977,21.0
18655,"<a href=""statss.aspx?playerid=18655&position=P"">A.J. Minter</a>",27.0,52.1,3.783440409724827,2.6923270000270376,0.0
17149,"<a href=""statss.aspx?playerid=17149&position=P"">Domingo German</a>",28.0,98.1,4.576271201234821,4.309017176996596,18.0
19911,"<a href=""statss.aspx?playerid=19911&position=P"">Jose Suarez</a>",23.0,98.1,3.752542421406147,4.115796846561273,14.0
15541,"<a href=""statss.aspx?playerid=15541&position=P"">Tyler Rogers</a>",30.0,81.0,2.2222222222222223,3.281145233578152,0.0
20492,"<a href=""statss.aspx?playerid=20492&position=P"">Casey Mize</a>",24.0,150.1,3.711751788551746,4.713271425234075,30.0
27458,"<a href=""statss.aspx?playerid=27458&position=P"">Kwang-hyun Kim</a>",32.0,106.2,3.4593751134071535,4.341909160884098,21.0
16258,"<a href=""statss.aspx?playerid=16258&position=P"">Aaron Bummer</a>",27.0,56.1,3.514793692773603,2.9570163229050053,0.0
18331,"<a href=""statss.aspx?playerid=18331&position=P"">James Kaprielian</a>",27.0,119.1,4.07262590445591,4.3348386506962004,21.0
1943,"<a href=""statss.aspx?playerid=1943&position=P"">Zack Greinke</a>",37.0,171.0,4.157894991918446,4.7138938663017385,29.0
17490,"<a href=""statss.aspx?playerid=17490&position=P"">Genesis Cabrera</a>",24.0,70.0,3.728572241335676,3.2843198616650695,0.0
15734,"<a href=""statss.aspx?playerid=15734&position=P"">Brad Keller</a>",25.0,133.2,5.38653407577051,4.718662669251063,26.0
17425,"<a href=""statss.aspx?playerid=17425&position=P"">Erick Fedde</a>",28.0,133.1,5.4675004432082535,4.6625342434525585,27.0
16122,"<a href=""statss.aspx?playerid=16122&position=P"">Jordan Romano</a>",28.0,63.0,2.1428572726087585,3.154161105632902,0.0
19569,"<a href=""statss.aspx?playerid=19569&position=P"">David Bednar</a>",26.0,60.2,2.225274958482151,2.6920120943486534,0.0
15288,"<a href=""statss.aspx?playerid=15288&position=P"">Adam Cimber</a>",30.0,71.2,2.2604655574553933,3.072359684799216,0.0
16977,"<a href=""statss.aspx?playerid=16977&position=P"">Trevor Williams</a>",29.0,91.0,4.351648534068371,3.8843198666954355,15.0
12049,"<a href=""statss.aspx?playerid=12049&position=P"">Kyle Hendricks</a>",31.0,181.0,4.773480662983426,4.893791028544389,32.0
8246,"<a href=""statss.aspx?playerid=8246&position=P"">Paolo Espino</a>",34.0,109.2,4.267477302608717,4.45574843799659,19.0
17594,"<a href=""statss.aspx?playerid=17594&position=P"">Mitch Keller</a>",25.0,100.2,6.16887432802906,4.302484482201844,23.0
7550,"<a href=""statss.aspx?playerid=7550&position=P"">Jake McGee</a>",34.0,59.2,2.7150839146058456,3.3543916722242284,0.0
12804,"<a href=""statss.aspx?playerid=12804&position=P"">Matt Wisler</a>",28.0,48.2,3.698631055047937,2.9645546194088226,0.0
11209,"<a href=""statss.aspx?playerid=11209&position=P"">Casey Sadler</a>",30.0,40.1,0.6694216353345964,2.4758190932311632,0.0
14078,"<a href=""statss.aspx?playerid=14078&position=P"">Michael Wacha</a>",29.0,124.2,5.053476193549222,4.469499429379699,23.0
20633,"<a href=""statss.aspx?playerid=20633&position=P"">Yusei Kikuchi</a>",30.0,157.0,4.414012738853503,4.609524568326914,29.0
18000,"<a href=""statss.aspx?playerid=18000&position=P"">Triston McKenzie</a>",23.0,120.0,4.950000236034405,4.703367528915409,24.0
9784,"<a href=""statss.aspx?playerid=9784&position=P"">Garrett Richards</a>",33.0,136.2,4.873171026421632,4.721253728475128,22.0
4264,"<a href=""statss.aspx?playerid=4264&position=P"">Mark Melancon</a>",36.0,64.2,2.2268042112843704,3.355601140074072,0.0
15514,"<a href=""statss.aspx?playerid=15514&position=P"">Kendall Graveman</a>",30.0,56.0,1.7678573837085974,3.1878912677570277,0.0
13649,"<a href=""statss.aspx?playerid=13649&position=P"">Clay Holmes</a>",28.0,70.0,3.600000588553389,3.28431985543699,0.0
6397,"<a href=""statss.aspx?playerid=6397&position=P"">Jake Odorizzi</a>",31.0,104.2,4.21337589855257,4.478951351722602,23.0
10058,"<a href=""statss.aspx?playerid=10058&position=P"">Tyler Matzek</a>",30.0,63.0,2.5714288828324676,3.2017801580575656,0.0
17359,"<a href=""statss.aspx?playerid=17359&position=P"">Josh Taylor</a>",28.0,47.2,3.398602667866883,2.8343696614431515,0.0
7146,"<a href=""statss.aspx?playerid=7146&position=P"">Daniel Hudson</a>",34.0,51.2,3.3096778266264177,3.2087438046498065,0.0
7803,"<a href=""statss.aspx?playerid=7803&position=P"">Richard Bleier</a>",34.0,58.0,2.9482766377091605,3.0148616678507696,0.0
15423,"<a href=""statss.aspx?playerid=15423&position=P"">Andrew Heaney</a>",30.0,129.2,5.830334261699743,4.851268076237602,23.0
5358,"<a href=""statss.aspx?playerid=5358&position=P"">Jose Alvarez</a>",32.0,64.2,2.365979962983073,3.154570201140354,1.0
19742,"<a href=""statss.aspx?playerid=19742&position=P"">Anthony Bender</a>",26.0,61.1,2.7880438828739327,3.1863384726592865,1.0
18335,"<a href=""statss.aspx?playerid=18335&position=P"">Josh Staumont</a>",27.0,65.2,2.878173034694774,3.489831126322016,0.0
13834,"<a href=""statss.aspx?playerid=13834&position=P"">Alec Mills</a>",29.0,119.0,5.067227215629207,4.4893619381449605,20.0
22713,"<a href=""statss.aspx?playerid=22713&position=P"">Carlos Hernandez</a>",24.0,85.2,3.677042992582959,4.080540006344727,11.0
19979,"<a href=""statss.aspx?playerid=19979&position=P"">Zach Plesac</a>",26.0,142.2,4.668224631922687,4.7261089997746035,25.0
17735,"<a href=""statss.aspx?playerid=17735&position=P"">Tyler Alexander</a>",26.0,106.1,3.808777748292597,4.392604757721455,15.0
17998,"<a href=""statss.aspx?playerid=17998&position=P"">Pete Fairbanks</a>",27.0,42.2,3.5859377137385438,2.701284094527362,0.0
10547,"<a href=""statss.aspx?playerid=10547&position=P"">Jimmy Nelson</a>",32.0,29.0,1.8620692104562182,1.8941718856729663,1.0
5448,"<a href=""statss.aspx?playerid=5448&position=P"">Jesse Chavez</a>",37.0,33.2,2.138614204675292,2.011618094934591,4.0
17859,"<a href=""statss.aspx?playerid=17859&position=P"">Adbert Alzolay</a>",26.0,125.2,4.583554608552696,4.650140298145516,21.0
20000,"<a href=""statss.aspx?playerid=20000&position=P"">Tyler Wells</a>",26.0,57.0,4.105263707380289,3.6261745343981846,0.0
17479,"<a href=""statss.aspx?playerid=17479&position=P"">Jack Flaherty</a>",25.0,78.1,3.217021485480222,4.216842701075685,15.0
15042,"<a href=""statss.aspx?playerid=15042&position=P"">Tim Mayza</a>",29.0,53.0,3.396227392873913,3.0945624026253986,0.0
8223,"<a href=""statss.aspx?playerid=8223&position=P"">Brett Anderson</a>",33.0,96.0,4.2187503352761535,4.388784219324597,24.0
13763,"<a href=""statss.aspx?playerid=13763&position=P"">Dominic Leone</a>",29.0,53.2,1.5093169221723313,3.076866411221836,4.0
13345,"<a href=""statss.aspx?playerid=13345&position=P"">Luis Cessa</a>",29.0,64.2,2.5051550332539403,3.3865290018840484,0.0
21224,"<a href=""statss.aspx?playerid=21224&position=P"">Bailey Ober</a>",25.0,92.1,4.191335970955637,4.5563157872792415,20.0
6483,"<a href=""statss.aspx?playerid=6483&position=P"">Steve Cishek</a>",35.0,68.1,3.4243912634549063,3.7407659997095255,0.0
13435,"<a href=""statss.aspx?playerid=13435&position=P"">Pierce Johnson</a>",30.0,58.2,3.221591258221459,3.3063977736086905,2.0
10603,"<a href=""statss.aspx?playerid=10603&position=P"">Chris Sale</a>",32.0,42.2,3.1640626885928325,3.685659153200688,9.0
10133,"<a href=""statss.aspx?playerid=10133&position=P"">Brad Boxberger</a>",33.0,64.2,3.340206316926556,3.6494155846185374,0.0
10078,"<a href=""statss.aspx?playerid=10078&position=P"">Caleb Thielbar</a>",34.0,64.0,3.234375385567592,3.4669091578573035,0.0
16233,"<a href=""statss.aspx?playerid=16233&position=P"">Tejay Antone</a>",27.0,33.2,2.1386142652557423,3.2591430501860303,0.0
20369,"<a href=""statss.aspx?playerid=20369&position=P"">Matt Manning</a>",23.0,85.1,5.800781595753526,4.623159209080046,18.0
14527,"<a href=""statss.aspx?playerid=14527&position=P"">Jorge Lopez</a>",28.0,121.2,6.065753789176254,5.200171230768579,25.0
3132,"<a href=""statss.aspx?playerid=3132&position=P"">Tony Watson</a>",36.0,57.1,3.924419605583933,3.483987690913756,0.0
10061,"<a href=""statss.aspx?playerid=10061&position=P"">Brooks Raley</a>",33.0,49.0,4.775511319416121,3.2720749626255055,0.0
7274,"<a href=""statss.aspx?playerid=7274&position=P"">Craig Stammen</a>",37.0,88.1,3.056603949585188,3.747392646277577,4.0
19320,"<a href=""statss.aspx?playerid=19320&position=P"">Joey Lucchesi</a>",28.0,38.1,4.4608698241697295,3.4048167447917637,8.0
24937,"<a href=""statss.aspx?playerid=24937&position=P"">Austin Warren</a>",25.0,20.1,1.7704920800775121,2.0880667401974504,0.0
13761,"<a href=""statss.aspx?playerid=13761&position=P"">Chris Stratton</a>",30.0,79.1,3.6302523335851036,3.7624711352396103,0.0
13549,"<a href=""statss.aspx?playerid=13549&position=P"">Richard Rodriguez</a>",31.0,64.1,2.937824066464444,4.04050051253058,0.0
23293,"<a href=""statss.aspx?playerid=23293&position=P"">Codi Heuer</a>",24.0,67.1,4.2772285305114845,3.9720144719379444,0.0
15451,"<a href=""statss.aspx?playerid=15451&position=P"">Mike Mayers</a>",29.0,75.0,3.8400006835938716,3.8367009078131993,2.0
3184,"<a href=""statss.aspx?playerid=3184&position=P"">David Price</a>",35.0,73.2,4.031674764873075,4.228857798090273,11.0
21205,"<a href=""statss.aspx?playerid=21205&position=P"">Connor Brogdon</a>",26.0,57.2,3.4335268443729485,3.7769706858662992,1.0
19479,"<a href=""statss.aspx?playerid=19479&position=P"">Aaron Civale</a>",26.0,124.1,3.8364612829484006,4.826870651371382,21.0
9434,"<a href=""statss.aspx?playerid=9434&position=P"">Dallas Keuchel</a>",33.0,162.0,5.277777964195604,5.225589750627434,30.0
16400,"<a href=""statss.aspx?playerid=16400&position=P"">Reynaldo Lopez</a>",27.0,57.2,3.4335261629810736,4.193155554870493,9.0
9761,"<a href=""statss.aspx?playerid=9761&position=P"">Joe Kelly</a>",33.0,44.0,2.8636371084483168,3.0791250079131265,0.0
13758,"<a href=""statss.aspx?playerid=13758&position=P"">Tyler Duffey</a>",30.0,62.1,3.1764712362179752,3.4908898028930992,0.0
6984,"<a href=""statss.aspx?playerid=6984&position=P"">Luis Garcia</a>",34.0,33.1,3.2400004943848413,2.72003405380248,0.0
19278,"<a href=""statss.aspx?playerid=19278&position=P"">Vladimir Gutierrez</a>",25.0,114.0,4.7368421052631575,5.22266570141441,22.0
21318,"<a href=""statss.aspx?playerid=21318&position=P"">Tylor Megill</a>",25.0,89.2,4.516728752639055,4.686762790019909,18.0
19853,"<a href=""statss.aspx?playerid=19853&position=P"">Michael King</a>",26.0,63.1,3.552631864257159,3.864771020366219,6.0
17496,"<a href=""statss.aspx?playerid=17496&position=P"">Diego Castillo</a>",27.0,58.1,2.7771431900959023,3.735748476005095,0.0
12361,"<a href=""statss.aspx?playerid=12361&position=P"">Spencer Patton</a>",33.0,42.1,3.826772113322114,3.1936561725492765,0.0
6902,"<a href=""statss.aspx?playerid=6902&position=P"">Martin Perez</a>",30.0,114.0,4.736842501526757,4.819157067443024,22.0
22815,"<a href=""statss.aspx?playerid=22815&position=P"">Luis Patino</a>",21.0,77.1,4.306034765969294,4.5148617971241185,15.0
14857,"<a href=""statss.aspx?playerid=14857&position=P"">Joe Mantiply</a>",30.0,39.2,3.4033625446283673,2.943143286158483,0.0
16647,"<a href=""statss.aspx?playerid=16647&position=P"">Ryan Thompson</a>",29.0,34.0,2.3823534757621934,3.111210579855629,0.0
20167,"<a href=""statss.aspx?playerid=20167&position=P"">Kyle Muller</a>",23.0,36.2,4.172727562139862,3.660943247424672,8.0
7738,"<a href=""statss.aspx?playerid=7738&position=P"">Wily Peralta</a>",32.0,93.2,3.074733273483988,4.942276217600173,18.0
18064,"<a href=""statss.aspx?playerid=18064&position=P"">Phil Maton</a>",28.0,66.2,4.725000923752965,3.500034186983121,1.0
11487,"<a href=""statss.aspx?playerid=11487&position=P"">Joely Rodriguez</a>",29.0,46.1,4.661871782994931,3.4290269993000932,0.0
22267,"<a href=""statss.aspx?playerid=22267&position=P"">Tarik Skubal</a>",24.0,149.1,4.339286028350517,5.085212832510633,29.0
17186,"<a href=""statss.aspx?playerid=17186&position=P"">Dinelson Lamet</a>",28.0,47.0,4.404255676614938,3.9359916314435526,9.0
22051,"<a href=""statss.aspx?playerid=22051&position=P"">John King</a>",26.0,46.0,3.5217397145378633,3.3222080607495412,0.0
11752,"<a href=""statss.aspx?playerid=11752&position=P"">Luke Jackson</a>",29.0,63.2,1.979057907832745,3.6569451950290657,0.0
15832,"<a href=""statss.aspx?playerid=15832&position=P"">Paul Fry</a>",28.0,47.1,6.084508676799902,3.930597707067029,0.0
17369,"<a href=""statss.aspx?playerid=17369&position=P"">Brett Martin</a>",26.0,62.1,3.1764714306128314,3.5390181775382286,0.0
15010,"<a href=""statss.aspx?playerid=15010&position=P"">Corey Knebel</a>",29.0,25.2,2.454545880152248,2.8973068024501245,4.0
17606,"<a href=""statss.aspx?playerid=17606&position=P"">Cristian Javier</a>",24.0,101.1,3.552631891004954,4.433192128157692,9.0
11682,"<a href=""statss.aspx?playerid=11682&position=P"">Carlos Martinez</a>",29.0,82.1,6.230769615684207,4.761127338168077,16.0
20517,"<a href=""statss.aspx?playerid=20517&position=P"">Nick Sandlin</a>",24.0,33.2,2.940594947919169,2.9621132675636654,0.0
19362,"<a href=""statss.aspx?playerid=19362&position=P"">Keegan Akin</a>",26.0,95.0,6.631579080512982,5.09634995061605,17.0
15043,"<a href=""statss.aspx?playerid=15043&position=P"">Lou Trivino</a>",29.0,73.2,3.1764710268696956,3.7808939353265982,0.0
13932,"<a href=""statss.aspx?playerid=13932&position=P"">Dietrich Enns</a>",30.0,22.1,2.820895682997956,2.3192878053724195,0.0
21366,"<a href=""statss.aspx?playerid=21366&position=P"">Glenn Otto</a>",25.0,23.1,9.257143361617135,3.170034122467041,6.0
16918,"<a href=""statss.aspx?playerid=16918&position=P"">Luke Weaver</a>",27.0,65.2,4.248731129011401,4.418765135294764,13.0
14542,"<a href=""statss.aspx?playerid=14542&position=P"">Carlos Estevez</a>",28.0,61.2,4.378378829788912,4.029493670536716,0.0
1247,"<a href=""statss.aspx?playerid=1247&position=P"">Adam Ottavino</a>",35.0,62.0,4.209678196386189,3.960356848991651,0.0
21537,"<a href=""statss.aspx?playerid=21537&position=P"">Daniel Lynch IV</a>",24.0,68.0,5.69117710912111,4.817093130791497,15.0
10233,"<a href=""statss.aspx?playerid=10233&position=P"">Aroldis Chapman</a>",33.0,56.1,3.355029888720079,3.9866022435311876,0.0
21390,"<a href=""statss.aspx?playerid=21390&position=P"">Joe Ryan</a>",25.0,26.2,4.050000096559526,3.432534128725529,5.0
18251,"<a href=""statss.aspx?playerid=18251&position=P"">Art Warren</a>",28.0,21.0,1.285714519267222,1.836700546930663,0.0
20418,"<a href=""statss.aspx?playerid=20418&position=P"">Josh Fleming</a>",25.0,104.1,5.089457117121254,4.272270597926447,11.0
19225,"<a href=""statss.aspx?playerid=19225&position=P"">Mitch White</a>",26.0,46.2,3.6642861386221774,3.8343199136792485,4.0
13684,"<a href=""statss.aspx?playerid=13684&position=P"">John Gant</a>",28.0,110.0,4.090909410114156,4.779125157111943,21.0
6399,"<a href=""statss.aspx?playerid=6399&position=P"">Jose Cisnero</a>",32.0,61.2,3.6486490248240933,4.126790977865359,0.0
11804,"<a href=""statss.aspx?playerid=11804&position=P"">Hector Neris</a>",32.0,74.1,3.632287616864468,4.084832485232907,0.0
6249,"<a href=""statss.aspx?playerid=6249&position=P"">Trevor Cahill</a>",33.0,37.0,6.567568075404405,4.06192608332443,8.0
15467,"<a href=""statss.aspx?playerid=15467&position=P"">Marco Gonzales</a>",29.0,143.1,3.9558140938626343,5.277010941420332,25.0
22310,"<a href=""statss.aspx?playerid=22310&position=P"">Chris Rodriguez</a>",22.0,29.2,3.640449984328664,3.136326252241776,2.0
7115,"<a href=""statss.aspx?playerid=7115&position=P"">Daniel Bard</a>",36.0,65.2,5.20812202911075,4.281709292423429,0.0
18790,"<a href=""statss.aspx?playerid=18790&position=P"">Dillon Peters</a>",28.0,26.2,3.7125000885128996,3.657534134089947,6.0
12178,"<a href=""statss.aspx?playerid=12178&position=P"">Domingo Tapia</a>",29.0,33.2,2.673267983020816,3.3482519880017625,0.0
14552,"<a href=""statss.aspx?playerid=14552&position=P"">Jose Ruiz</a>",26.0,65.0,3.046154203697111,3.985418833557682,0.0
19388,"<a href=""statss.aspx?playerid=19388&position=P"">Tony Gonsolin</a>",27.0,55.2,3.2335332480451457,4.535303716086103,13.0
9803,"<a href=""statss.aspx?playerid=9803&position=P"">Miles Mikolas</a>",32.0,44.2,4.231343524496934,4.401377476156625,9.0
13594,"<a href=""statss.aspx?playerid=13594&position=P"">Robert Stephenson</a>",28.0,46.0,3.1304353018114344,3.6265559373145417,0.0
6398,"<a href=""statss.aspx?playerid=6398&position=P"">Trevor May</a>",31.0,62.2,3.5904258961805278,3.7445022658559255,0.0
13619,"<a href=""statss.aspx?playerid=13619&position=P"">Jakob Junis</a>",28.0,39.1,5.262712162138932,4.314101983801592,6.0
12800,"<a href=""statss.aspx?playerid=12800&position=P"">Noe Ramirez</a>",31.0,36.0,3.000000238418598,3.892256402086333,0.0
13942,"<a href=""statss.aspx?playerid=13942&position=P"">Brent Suter</a>",31.0,73.1,3.068182150687104,3.9063978386319462,1.0
19716,"<a href=""statss.aspx?playerid=19716&position=P"">Dustin May</a>",23.0,23.0,2.739130434782609,3.300468905075737,5.0
19754,"<a href=""statss.aspx?playerid=19754&position=P"">Reiver Sanmartin</a>",25.0,11.2,1.5428572269361893,1.7986054763015398,2.0
17611,"<a href=""statss.aspx?playerid=17611&position=P"">Taylor Clarke</a>",28.0,43.1,4.984615969686182,3.5392649350363876,0.0
19200,"<a href=""statss.aspx?playerid=19200&position=P"">Jose Quijada</a>",25.0,25.2,4.558443365099371,3.092112013661924,0.0
19268,"<a href=""statss.aspx?playerid=19268&position=P"">Justin Dunn</a>",25.0,50.1,3.7549672668626055,4.739570704912257,11.0
17964,"<a href=""statss.aspx?playerid=17964&position=P"">Tyler Gilbert</a>",27.0,40.0,3.150000150203712,4.270034174919131,6.0
18356,"<a href=""statss.aspx?playerid=18356&position=P"">Jaime Barria</a>",24.0,56.2,4.605882559647619,4.881798905171329,11.0
22175,"<a href=""statss.aspx?playerid=22175&position=P"">Max Kranick</a>",23.0,38.2,6.284483171955186,4.644172150456529,9.0
7410,"<a href=""statss.aspx?playerid=7410&position=P"">J.A. Happ</a>",38.0,152.1,5.789934547806105,5.132835063276594,30.0
11426,"<a href=""statss.aspx?playerid=11426&position=P"">Drew Pomeranz</a>",32.0,25.2,1.753246926963799,3.01418995118137,0.0
18519,"<a href=""statss.aspx?playerid=18519&position=P"">Phil Bickford</a>",25.0,51.1,2.8051955000630913,3.9297745704007947,0.0
13259,"<a href=""statss.aspx?playerid=13259&position=P"">Louis Head</a>",31.0,35.0,2.314285966522867,3.1128912590961066,2.0
11847,"<a href=""statss.aspx?playerid=11847&position=P"">Chris Martin</a>",35.0,43.1,3.946154309334894,3.470034157679635,0.0
17264,"<a href=""statss.aspx?playerid=17264&position=P"">Sam Coonrod</a>",28.0,42.1,4.039370837055949,3.713341311076906,2.0
18152,"<a href=""statss.aspx?playerid=18152&position=P"">Anthony Misiewicz</a>",26.0,54.2,4.609757598704975,3.773692855630788,0.0
16587,"<a href=""statss.aspx?playerid=16587&position=P"">Erik Swanson</a>",27.0,35.1,3.311321052634136,3.9624870239521335,2.0
18548,"<a href=""statss.aspx?playerid=18548&position=P"">Sam Hentges</a>",24.0,68.2,6.68446682400443,4.480713891879675,12.0
18282,"<a href=""statss.aspx?playerid=18282&position=P"">Jarlin Garcia</a>",28.0,68.2,2.6213596116385762,3.7671215895624948,0.0
15947,"<a href=""statss.aspx?playerid=15947&position=P"">Ryne Stanek</a>",29.0,68.1,3.42439088112266,4.106619662603153,0.0
21052,"<a href=""statss.aspx?playerid=21052&position=P"">Luis Gil</a>",23.0,29.1,3.0681819511839237,4.397306902940611,6.0
8048,"<a href=""statss.aspx?playerid=8048&position=P"">Will Smith</a>",31.0,68.0,3.4411764705882355,4.170034122467041,0.0
17796,"<a href=""statss.aspx?playerid=17796&position=P"">Dillon Tate</a>",27.0,67.2,4.3891637162888255,4.396635430386141,0.0
12095,"<a href=""statss.aspx?playerid=12095&position=P"">Yimi Garcia</a>",30.0,57.2,4.21387329695523,3.8810168598133963,0.0
22296,"<a href=""statss.aspx?playerid=22296&position=P"">Joe Barlow</a>",25.0,29.0,1.5517243420468485,3.4458962277198144,0.0
11490,"<a href=""statss.aspx?playerid=11490&position=P"">Aaron Sanchez</a>",28.0,35.1,3.05660388358508,4.0473926446072035,7.0
19677,"<a href=""statss.aspx?playerid=19677&position=P"">Gregory Soto</a>",26.0,63.2,3.3926706991418487,4.14385626759109,0.0
16455,"<a href=""statss.aspx?playerid=16455&position=P"">Conner Greene</a>",26.0,25.1,7.105265119399932,3.4068762931137058,1.0
12447,"<a href=""statss.aspx?playerid=12447&position=P"">Seth Lugo</a>",31.0,46.1,3.496403261517121,3.774350735568766,0.0
8410,"<a href=""statss.aspx?playerid=8410&position=P"">Deolis Guerra</a>",32.0,65.2,4.111675763849677,3.961912417726979,0.0
20370,"<a href=""statss.aspx?playerid=20370&position=P"">Bruce Zimmermann</a>",26.0,64.1,5.036269678909899,5.377288117544836,13.0
1581,"<a href=""statss.aspx?playerid=1581&position=P"">Sean Doolittle</a>",34.0,49.2,4.5302022701396085,4.378088061170937,0.0
14646,"<a href=""statss.aspx?playerid=14646&position=P"">Rowan Wick</a>",28.0,23.0,4.30434818303881,3.170034122467041,0.0
18674,"<a href=""statss.aspx?playerid=18674&position=P"">Jake Woodford</a>",24.0,67.2,3.990148045685832,4.500083471028985,8.0
6316,"<a href=""statss.aspx?playerid=6316&position=P"">David Phelps</a>",34.0,10.1,0.8709678491122153,1.7184210406133495,1.0
12760,"<a href=""statss.aspx?playerid=12760&position=P"">Rafael Montero</a>",30.0,49.1,6.385135916874747,3.8592233960344737,0.0
14332,"<a href=""statss.aspx?playerid=14332&position=P"">Joel Payamps</a>",27.0,50.1,3.3973516585362757,4.103809139725549,1.0
20302,"<a href=""statss.aspx?playerid=20302&position=P"">David Peterson</a>",25.0,66.2,5.535000211143502,4.775034183692934,15.0
19731,"<a href=""statss.aspx?playerid=19731&position=P"">Kodi Whitley</a>",26.0,25.1,2.4868426045553518,2.972665661788045,0.0
16390,"<a href=""statss.aspx?playerid=16390&position=P"">Brad Wieck</a>",29.0,17.0,0.0,1.6406221861657608,0.0
16125,"<a href=""statss.aspx?playerid=16125&position=P"">Chris Ellis</a>",28.0,29.1,2.1477273658287466,4.567761455784162,6.0
20203,"<a href=""statss.aspx?playerid=20203&position=P"">Eli Morgan</a>",25.0,89.1,5.339552542817559,5.140183488370376,18.0
23550,"<a href=""statss.aspx?playerid=23550&position=P"">Aaron Ashby</a>",23.0,31.2,4.547368786249164,3.5805604712256462,4.0
13654,"<a href=""statss.aspx?playerid=13654&position=P"">Jharel Cotton</a>",29.0,30.2,3.5217396415249675,3.7243820290033787,0.0
17586,"<a href=""statss.aspx?playerid=17586&position=P"">Tanner Scott</a>",26.0,54.0,5.166668126612946,4.4107752138042,0.0
23252,"<a href=""statss.aspx?playerid=23252&position=P"">Spencer Howard</a>",24.0,49.2,7.429530724422007,4.720369802088977,15.0
21656,"<a href=""statss.aspx?playerid=21656&position=P"">Kervin Castro</a>",22.0,13.1,0.0,2.1200339472293566,0.0
21455,"<a href=""statss.aspx?playerid=21455&position=P"">Kris Bubic</a>",23.0,130.0,4.430769425792816,5.1392649783749595,20.0
7836,"<a href=""statss.aspx?playerid=7836&position=P"">Hunter Strickland</a>",32.0,58.2,2.607954912872898,4.192761539279942,0.0
18323,"<a href=""statss.aspx?playerid=18323&position=P"">Josh Sborz</a>",27.0,59.0,3.966102464210859,4.000542758135127,0.0
3281,"<a href=""statss.aspx?playerid=3281&position=P"">Joe Smith</a>",37.0,39.2,4.991598158770088,3.9263368737958424,0.0
4026,"<a href=""statss.aspx?playerid=4026&position=P"">Hector Santiago</a>",33.0,26.1,3.4177216840199187,3.132059437089042,1.0
11423,"<a href=""statss.aspx?playerid=11423&position=P"">Jose Quintana</a>",32.0,63.0,6.4285723043948995,4.662097817808079,10.0
17578,"<a href=""statss.aspx?playerid=17578&position=P"">JT Brubaker</a>",27.0,124.1,5.356568583739277,5.156629377997974,24.0
11589,"<a href=""statss.aspx?playerid=11589&position=P"">Jose Urena</a>",29.0,100.2,5.811258865382604,5.017716428383562,18.0
13767,"<a href=""statss.aspx?playerid=13767&position=P"">JT Chargois</a>",30.0,53.2,2.515528337725863,3.8594752224363518,0.0
11760,"<a href=""statss.aspx?playerid=11760&position=P"">Drew Smyly</a>",32.0,126.2,4.476315913048481,5.112139439239398,23.0
4141,"<a href=""statss.aspx?playerid=4141&position=P"">Derek Holland</a>",34.0,49.2,5.073826347706206,3.9552691524691923,1.0
20070,"<a href=""statss.aspx?playerid=20070&position=P"">Bailey Falter</a>",24.0,33.2,5.613862128248968,3.793796581161371,1.0
11632,"<a href=""statss.aspx?playerid=11632&position=P"">Heath Hembree</a>",32.0,58.0,5.5862078150729175,4.342448108346542,0.0
20367,"<a href=""statss.aspx?playerid=20367&position=P"">Brusdar Graterol</a>",22.0,33.1,4.590001225662559,3.950034330749568,1.0
18138,"<a href=""statss.aspx?playerid=18138&position=P"">Ryan Helsley</a>",26.0,47.1,4.563381875372991,3.9939780721871645,0.0
17556,"<a href=""statss.aspx?playerid=17556&position=P"">Jimmy Herget</a>",27.0,18.2,5.30357242208373,2.848605490825603,0.0
19456,"<a href=""statss.aspx?playerid=19456&position=P"">Kyle Funkhouser</a>",27.0,68.1,3.4243909289141863,4.267595317631844,2.0
16943,"<a href=""statss.aspx?playerid=16943&position=P"">Sean Newcomb</a>",28.0,32.1,4.731959507257443,3.6030238813010556,0.0
20185,"<a href=""statss.aspx?playerid=20185&position=P"">Zach Pop</a>",24.0,54.2,4.115854137217608,3.7736927292589573,0.0
3237,"<a href=""statss.aspx?playerid=3237&position=P"">T.J. McFarland</a>",32.0,38.2,2.560345248575087,3.7907238796973655,0.0
15823,"<a href=""statss.aspx?playerid=15823&position=P"">Zack Littell</a>",25.0,61.2,2.918919580987784,3.867331577925234,2.0
21992,"<a href=""statss.aspx?playerid=21992&position=P"">Camilo Doval</a>",23.0,27.0,3.0000004238553117,3.4663304606255902,0.0
21844,"<a href=""statss.aspx?playerid=21844&position=P"">Braxton Garrett</a>",23.0,34.0,5.029411764705882,4.375916475408218,7.0
17783,"<a href=""statss.aspx?playerid=17783&position=P"">Jake Brentz</a>",26.0,64.0,3.656250653788564,4.23253431245688,0.0
13293,"<a href=""statss.aspx?playerid=13293&position=P"">Danny Coulombe</a>",31.0,34.1,3.6699036601712915,3.752558512970421,1.0
14663,"<a href=""statss.aspx?playerid=14663&position=P"">Chi Chi Gonzalez</a>",29.0,101.2,6.462295122379835,5.373312824770061,18.0
16128,"<a href=""statss.aspx?playerid=16128&position=P"">John Curtiss</a>",28.0,44.1,3.4511285866829593,3.824169606217406,2.0
19206,"<a href=""statss.aspx?playerid=19206&position=P"">Dakota Hudson</a>",26.0,8.2,2.076923229285257,2.4777263793719557,1.0
17536,"<a href=""statss.aspx?playerid=17536&position=P"">Ryan Burr</a>",27.0,36.2,2.454545880152248,4.233670670533016,1.0
16610,"<a href=""statss.aspx?playerid=16610&position=P"">J.P. Feyereisen</a>",28.0,56.0,2.732143322424092,4.205748584562448,0.0
19309,"<a href=""statss.aspx?playerid=19309&position=P"">Trevor Richards</a>",28.0,64.1,3.497409810315635,4.195941000159628,0.0
19459,"<a href=""statss.aspx?playerid=19459&position=P"">Jorge Alcala</a>",25.0,59.2,3.921788378120018,4.058302430331832,0.0
13801,"<a href=""statss.aspx?playerid=13801&position=P"">Austin Adams</a>",30.0,52.2,4.101266912000053,3.891553301430014,0.0
12918,"<a href=""statss.aspx?playerid=12918&position=P"">Archie Bradley</a>",28.0,51.0,3.7058831845189677,4.346504974695285,0.0
17677,"<a href=""statss.aspx?playerid=17677&position=P"">Jeffrey Springs</a>",28.0,44.2,3.4253739144337016,3.9088402608743102,0.0
25007,"<a href=""statss.aspx?playerid=25007&position=P"">Alex Vesia</a>",25.0,40.0,2.2500004291535243,4.220034322738686,0.0
5224,"<a href=""statss.aspx?playerid=5224&position=P"">Blake Parker</a>",36.0,43.2,3.091603503569902,4.063164023498346,0.0
14843,"<a href=""statss.aspx?playerid=14843&position=P"">Michael Lorenzen</a>",29.0,29.0,5.586207631368654,4.1700342540083435,0.0
25379,"<a href=""statss.aspx?playerid=25379&position=P"">Sam Long</a>",25.0,40.2,5.532787231244399,4.227411237771527,5.0
13273,"<a href=""statss.aspx?playerid=13273&position=P"">Ross Stripling</a>",31.0,101.1,4.796052917445978,5.212797402119958,19.0
19866,"<a href=""statss.aspx?playerid=19866&position=P"">Brandon Bielak</a>",25.0,50.0,4.5000005149841895,4.070034225463879,2.0
18088,"<a href=""statss.aspx?playerid=18088&position=P"">Cody Stashak</a>",27.0,15.2,6.893618140300692,3.616842705634679,0.0
19926,"<a href=""statss.aspx?playerid=19926&position=P"">Tony Santillan</a>",24.0,43.1,2.9076925209993596,4.623880382966721,4.0
17888,"<a href=""statss.aspx?playerid=17888&position=P"">Tayler Saucedo</a>",28.0,25.2,4.558442687602523,3.598605657198903,0.0
19789,"<a href=""statss.aspx?playerid=19789&position=P"">Anthony Castro</a>",26.0,24.2,4.743244099042446,4.021385627423378,0.0
15015,"<a href=""statss.aspx?playerid=15015&position=P"">Alex Reyes</a>",26.0,72.1,3.2350232689517866,4.4004489555299005,0.0
9013,"<a href=""statss.aspx?playerid=9013&position=P"">Cesar Valdez</a>",36.0,46.0,5.869566190896439,4.452643030848114,0.0
15291,"<a href=""statss.aspx?playerid=15291&position=P"">Steven Brault</a>",29.0,27.2,5.855421821305191,4.615817288221409,7.0
22276,"<a href=""statss.aspx?playerid=22276&position=P"">Dylan Coleman</a>",24.0,6.1,1.4210527029063929,1.4331919300258948,0.0
18297,"<a href=""statss.aspx?playerid=18297&position=P"">Tyler Kinley</a>",30.0,70.1,4.734598012372421,4.64870737558035,0.0
17432,"<a href=""statss.aspx?playerid=17432&position=P"">Jeff Hoffman</a>",28.0,73.0,4.56164407399029,5.197431488684948,11.0
18325,"<a href=""statss.aspx?playerid=18325&position=P"">Taylor Hearn</a>",26.0,104.1,4.658147362255444,4.818596563429873,11.0
19682,"<a href=""statss.aspx?playerid=19682&position=P"">Jordan Sheffield</a>",26.0,29.1,3.3750003657558145,4.226852418814822,0.0
21290,"<a href=""statss.aspx?playerid=21290&position=P"">Lucas Gilbreath</a>",25.0,42.2,3.3750005029142653,4.318471793597589,1.0
14506,"<a href=""statss.aspx?playerid=14506&position=P"">J.B. Wendelken</a>",28.0,43.2,4.328244904997863,4.086064790191457,0.0
19337,"<a href=""statss.aspx?playerid=19337&position=P"">Richard Lovelady</a>",25.0,20.2,3.483872039509447,3.8474536857049886,0.0
22264,"<a href=""statss.aspx?playerid=22264&position=P"">Shane Baz</a>",22.0,13.1,2.0250001931190673,4.070034208297738,3.0
10341,"<a href=""statss.aspx?playerid=10341&position=P"">Juan Minaya</a>",30.0,40.0,2.475,3.970034122467041,0.0
19871,"<a href=""statss.aspx?playerid=19871&position=P"">Tucker Davidson</a>",25.0,20.0,3.6,4.520034122467042,4.0
9817,"<a href=""statss.aspx?playerid=9817&position=P"">Sergio Romo</a>",38.0,61.2,4.670271040677629,4.240304569288998,0.0
7593,"<a href=""statss.aspx?playerid=7593&position=P"">Jordan Lyles</a>",30.0,180.0,5.15,5.342256344689263,30.0
19712,"<a href=""statss.aspx?playerid=19712&position=P"">Patrick Murphy</a>",26.0,28.0,5.142858369010128,3.991462889739492,0.0
19583,"<a href=""statss.aspx?playerid=19583&position=P"">Sean Poppen</a>",27.0,22.2,5.161766167292237,3.6112107179621042,0.0
17732,"<a href=""statss.aspx?playerid=17732&position=P"">Nabil Crismatt</a>",26.0,81.1,3.762295317246191,4.202821072299328,0.0
18384,"<a href=""statss.aspx?playerid=18384&position=P"">Scott Effross</a>",27.0,14.2,3.681818820228372,3.3063977824754995,0.0
17170,"<a href=""statss.aspx?playerid=17170&position=P"">Gabe Speier</a>",26.0,7.2,1.1739134328803793,2.256990341337857,0.0
20151,"<a href=""statss.aspx?playerid=20151&position=P"">James Karinchak</a>",25.0,55.1,4.066265434013775,4.308588443990898,0.0
5097,"<a href=""statss.aspx?playerid=5097&position=OF"">Anthony Gose</a>",30.0,6.2,1.3500003218651586,1.3700336933134964,0.0
22717,"<a href=""statss.aspx?playerid=22717&position=P"">Angel Zerpa</a>",21.0,5.0,0.0,2.170034122467041,1.0
22358,"<a href=""statss.aspx?playerid=22358&position=P"">Stephen Ridings</a>",25.0,5.0,1.8000003433228193,1.5700338172912018,0.0
16209,"<a href=""statss.aspx?playerid=16209&position=P"">Jake Reed</a>",28.0,10.0,3.6000006866456387,3.070034103393551,1.0
21620,"<a href=""statss.aspx?playerid=21620&position=P"">Jake Cousins</a>",26.0,30.0,2.7000003433227975,3.836700873904769,0.0
15890,"<a href=""statss.aspx?playerid=15890&position=P"">Luis Severino</a>",27.0,6.0,0.0,1.503367455800375,0.0
6345,"<a href=""statss.aspx?playerid=6345&position=P"">Chris Archer</a>",32.0,19.1,4.655172719966804,4.256241090459295,5.0
14295,"<a href=""statss.aspx?playerid=14295&position=P"">Wandy Peralta</a>",29.0,51.0,3.352942116945524,4.307289343419324,1.0
2608,"<a href=""statss.aspx?playerid=2608&position=P"">Jhoulys Chacin</a>",33.0,64.1,4.336787907637989,4.63117413435941,1.0
10430,"<a href=""statss.aspx?playerid=10430&position=P"">Mychal Givens</a>",31.0,51.0,3.352941552660499,4.542583296070754,0.0
24933,"<a href=""statss.aspx?playerid=24933&position=P"">Andrew Wantz</a>",25.0,27.1,4.939025653961977,4.304180754117569,0.0
9323,"<a href=""statss.aspx?playerid=9323&position=P"">Patrick Corbin</a>",31.0,171.2,5.8194178205719185,5.406927458903094,31.0
20041,"<a href=""statss.aspx?playerid=20041&position=P"">Ronald Bolanos</a>",24.0,6.1,1.4210527029063929,0.9595076957237638,0.0
15130,"<a href=""statss.aspx?playerid=15130&position=P"">Drew Anderson</a>",27.0,22.0,3.272727272727273,3.8973068497397687,1.0
13580,"<a href=""statss.aspx?playerid=13580&position=P"">Steven Okert</a>",29.0,36.0,2.7500005828010945,4.336701036382657,0.0
4338,"<a href=""statss.aspx?playerid=4338&position=P"">Tyler Chatwood</a>",31.0,32.0,5.625001005828561,3.9512842621654523,0.0
23779,"<a href=""statss.aspx?playerid=23779&position=P"">Justin Bruihl</a>",24.0,18.2,2.892857832568197,3.9736057426248736,2.0
15463,"<a href=""statss.aspx?playerid=15463&position=P"">Jose De Leon</a>",28.0,18.1,8.345455558398662,4.533670651617149,2.0
13677,"<a href=""statss.aspx?playerid=13677&position=P"">Corey Oswalt</a>",27.0,10.1,3.4838710749186568,3.0732599259415228,1.0
19199,"<a href=""statss.aspx?playerid=19199&position=P"">Conner Menez</a>",26.0,14.0,3.857142857142857,3.5271769796098984,1.0
19881,"<a href=""statss.aspx?playerid=19881&position=P"">Gabe Klobosits</a>",26.0,11.1,5.558824153095038,3.8759165546060936,0.0
19865,"<a href=""statss.aspx?playerid=19865&position=P"">Charlie Barnes</a>",25.0,38.0,5.921052928776637,5.064771059675565,8.0
4994,"<a href=""statss.aspx?playerid=4994&position=P"">Fernando Abad</a>",35.0,17.2,5.603774996574868,3.9624871522857097,0.0
19482,"<a href=""statss.aspx?playerid=19482&position=P"">Andrew Vasquez</a>",27.0,1.2,0.0,-0.4299672508244985,0.0
13699,"<a href=""statss.aspx?playerid=13699&position=P"">Jake Faria</a>",27.0,32.2,5.510204832338485,4.578197579620209,3.0
19343,"<a href=""statss.aspx?playerid=19343&position=P"">A.J. Puk</a>",26.0,13.1,6.075000579357202,3.3200341367721578,0.0
19940,"<a href=""statss.aspx?playerid=19940&position=P"">Jhon Romero</a>",26.0,4.0,4.500002413989408,1.670033317803905,0.0
19179,"<a href=""statss.aspx?playerid=19179&position=P"">Kirby Snead</a>",26.0,7.2,2.3478268657607586,2.5178599930890524,0.0
22810,"<a href=""statss.aspx?playerid=22810&position=P"">Roansy Contreras</a>",21.0,3.0,0.0,1.503367455800375,1.0
14677,"<a href=""statss.aspx?playerid=14677&position=P"">Duane Underwood Jr.</a>",26.0,72.2,4.33486253702925,4.270951592188755,0.0
7555,"<a href=""statss.aspx?playerid=7555&position=P"">Nick Vincent</a>",34.0,12.2,0.7105263514531964,4.196349963454992,0.0
13799,"<a href=""statss.aspx?playerid=13799&position=P"">Matt Strahm</a>",29.0,6.2,8.10000193119095,2.4200339436530642,1.0
19867,"<a href=""statss.aspx?playerid=19867&position=P"">Griffin Canning</a>",25.0,62.2,5.601064312803458,5.4838641092377,13.0
20631,"<a href=""statss.aspx?playerid=20631&position=P"">Jordan Holloway</a>",25.0,36.0,4.0000001059638155,4.420034155580733,4.0
10732,"<a href=""statss.aspx?playerid=10732&position=P"">Drew Hutchison</a>",30.0,21.1,2.1093752200249813,4.388784249592586,2.0
17034,"<a href=""statss.aspx?playerid=17034&position=P"">Sean Reid-Foley</a>",25.0,20.2,5.225807094673291,3.847453560665431,0.0
17734,"<a href=""statss.aspx?playerid=17734&position=P"">Evan Phillips</a>",26.0,13.1,3.3750003218651123,3.8450341868400644,0.0
1157,"<a href=""statss.aspx?playerid=1157&position=P"">Tommy Hunter</a>",34.0,8.0,0.0,3.170034122467041,1.0
14151,"<a href=""statss.aspx?playerid=14151&position=P"">Chris Mazza</a>",31.0,27.1,4.609756633683721,4.048083005073464,0.0
20476,"<a href=""statss.aspx?playerid=20476&position=P"">Peter Solomon</a>",24.0,14.0,1.2857142857142858,3.455748408181327,0.0
15009,"<a href=""statss.aspx?playerid=15009&position=P"">Kyle Finnegan</a>",29.0,66.0,3.5454549552981005,4.518519126832558,0.0
20153,"<a href=""statss.aspx?playerid=20153&position=P"">Nick Nelson</a>",25.0,14.1,8.790699624061501,4.07701106780672,2.0
11861,"<a href=""statss.aspx?playerid=11861&position=P"">Jason Adam</a>",29.0,10.2,5.9062503520399545,3.357534133642913,0.0
12297,"<a href=""statss.aspx?playerid=12297&position=P"">Evan Marshall</a>",31.0,27.1,5.597562017219733,4.633449028929716,0.0
16408,"<a href=""statss.aspx?playerid=16408&position=P"">Victor Gonzalez</a>",25.0,35.1,3.5660392177009257,4.273808166041137,1.0
18376,"<a href=""statss.aspx?playerid=18376&position=P"">Connor Overton</a>",27.0,15.1,4.695652563315065,3.8874254863068427,3.0
19903,"<a href=""statss.aspx?playerid=19903&position=P"">Adonis Medina</a>",24.0,7.2,3.521739422486299,4.343947263295807,1.0
20778,"<a href=""statss.aspx?playerid=20778&position=P"">Cristopher Sanchez</a>",24.0,12.2,4.9736844718745346,3.8016131030225377,1.0
19769,"<a href=""statss.aspx?playerid=19769&position=P"">Will Vest</a>",26.0,35.0,6.171429916693533,4.1700343404497895,0.0
15684,"<a href=""statss.aspx?playerid=15684&position=P"">Miguel Castro</a>",26.0,70.1,3.4549769279474427,4.364347134597021,2.0
20020,"<a href=""statss.aspx?playerid=20020&position=P"">John Schreiber</a>",27.0,3.0,3.0,0.8367007891337082,0.0
6632,"<a href=""statss.aspx?playerid=6632&position=P"">Carlos Carrasco</a>",34.0,53.2,6.037267366836613,5.219723660590582,12.0
7608,"<a href=""statss.aspx?playerid=7608&position=P"">Tommy Milone</a>",34.0,14.0,6.428571866483134,4.17003419058664,1.0
17117,"<a href=""statss.aspx?playerid=17117&position=P"">Austin Davis</a>",28.0,26.1,5.126584011323571,4.499148495773152,0.0
12022,"<a href=""statss.aspx?playerid=12022&position=P"">Matt Andriese</a>",31.0,48.1,5.213793652111569,4.038999731152304,0.0
12249,"<a href=""statss.aspx?playerid=12249&position=P"">Ryan Sherriff</a>",31.0,14.2,5.522728589448376,3.647306963530481,0.0
6941,"<a href=""statss.aspx?playerid=6941&position=P"">Joakim Soria</a>",37.0,37.1,5.062500301748532,4.161105610110933,0.0
3200,"<a href=""statss.aspx?playerid=3200&position=P"">Ervin Santana</a>",38.0,65.1,4.683673560544881,4.4710545559517305,2.0
20539,"<a href=""statss.aspx?playerid=20539&position=P"">Edwin Uceta</a>",23.0,20.1,6.63934592308818,4.39954262674263,1.0
17878,"<a href=""statss.aspx?playerid=17878&position=P"">Dennis Santana</a>",25.0,54.2,4.280488825426112,4.359058796196517,0.0
11801,"<a href=""statss.aspx?playerid=11801&position=P"">Hansel Robles</a>",30.0,69.0,4.434783221643313,4.300469061317298,0.0
19274,"<a href=""statss.aspx?playerid=19274&position=P"">Jacob Webb</a>",27.0,34.1,4.194175378621722,4.072946877586995,0.0
14457,"<a href=""statss.aspx?playerid=14457&position=P"">Adam Conley</a>",31.0,19.2,2.2881361110154743,4.085288566873231,0.0
20276,"<a href=""statss.aspx?playerid=20276&position=P"">Deivi Garcia</a>",22.0,8.1,6.480000247192392,4.850034186553958,2.0
11341,"<a href=""statss.aspx?playerid=11341&position=P"">Sean Nolin</a>",31.0,26.2,4.387500261515394,5.307534249871977,5.0
18792,"<a href=""statss.aspx?playerid=18792&position=P"">Miguel Del Pozo</a>",28.0,5.1,3.3750008046628963,2.7950340330600527,0.0
15071,"<a href=""statss.aspx?playerid=15071&position=P"">Kyle McGowin</a>",29.0,30.0,4.200001068115506,4.603367820315984,0.0
19231,"<a href=""statss.aspx?playerid=19231&position=P"">Caleb Baragar</a>",27.0,23.0,1.5652176509057172,4.300469092565614,0.0
20383,"<a href=""statss.aspx?playerid=20383&position=P"">Antonio Santos</a>",24.0,11.1,4.76470681787793,3.8759166140045123,0.0
19345,"<a href=""statss.aspx?playerid=19345&position=P"">Daulton Jefferies</a>",25.0,15.0,3.6000002288818505,3.9700341733296742,1.0
20243,"<a href=""statss.aspx?playerid=20243&position=P"">Zac Lowther</a>",25.0,29.2,6.6741574464038775,5.495876868941119,6.0
12784,"<a href=""statss.aspx?playerid=12784&position=P"">Burch Smith</a>",31.0,43.1,5.400000633826697,4.2084957828183285,0.0
16537,"<a href=""statss.aspx?playerid=16537&position=P"">Dusten Knight</a>",30.0,8.2,9.346154531783656,3.8623418655621267,0.0
6661,"<a href=""statss.aspx?playerid=6661&position=P"">Alex Colome</a>",32.0,65.0,4.153846641405152,4.231572708603913,0.0
20045,"<a href=""statss.aspx?playerid=20045&position=P"">Sean Guenther</a>",25.0,20.1,9.29508342040694,4.104460498063506,0.0
15507,"<a href=""statss.aspx?playerid=15507&position=P"">Hunter Harvey</a>",26.0,8.2,4.153846915657138,4.323880487927357,0.0
1514,"<a href=""statss.aspx?playerid=1514&position=P"">Oliver Perez</a>",39.0,3.2,0.0,1.8063975223824589,0.0
20422,"<a href=""statss.aspx?playerid=20422&position=P"">Jovani Moran</a>",24.0,8.0,7.875001877546758,3.2950341522693707,0.0
4930,"<a href=""statss.aspx?playerid=4930&position=P"">Jon Lester</a>",37.0,141.1,4.712264320526998,5.412958731486649,28.0
17585,"<a href=""statss.aspx?playerid=17585&position=P"">Jordan Yamamoto</a>",25.0,6.2,4.050000386238135,4.070034208297738,1.0
8241,"<a href=""statss.aspx?playerid=8241&position=P"">David Robertson</a>",36.0,12.0,4.5,3.6700341224670416,1.0
10066,"<a href=""statss.aspx?playerid=10066&position=P"">Ian Krol</a>",30.0,18.2,4.339286748852295,3.920034301281018,0.0
13696,"<a href=""statss.aspx?playerid=13696&position=P"">Robert Gsellman</a>",27.0,28.2,3.7674421946895684,4.2863132912639506,1.0
21018,"<a href=""statss.aspx?playerid=21018&position=P"">Francisco Perez</a>",23.0,6.2,4.050000386238135,3.0200341081619255,0.0
11479,"<a href=""statss.aspx?playerid=11479&position=P"">Bryan Mitchell</a>",30.0,4.0,4.5,2.670034122467041,0.0
11467,"<a href=""statss.aspx?playerid=11467&position=P"">A.J. Cole</a>",29.0,8.0,1.1250001341104667,3.420034152269367,0.0
16609,"<a href=""statss.aspx?playerid=16609&position=P"">Bryan Abreu</a>",24.0,36.0,5.750000609291989,4.364478693479387,0.0
17755,"<a href=""statss.aspx?playerid=17755&position=P"">Drew Smith</a>",27.0,41.1,2.395161585058592,4.694227858413418,1.0
8350,"<a href=""statss.aspx?playerid=8350&position=P"">AJ Ramos</a>",34.0,4.2,0.0,3.170034122467041,0.0
16418,"<a href=""statss.aspx?playerid=16418&position=P"">Blake Taylor</a>",25.0,42.2,3.1640635372608577,4.6231595988386935,0.0
4185,"<a href=""statss.aspx?playerid=4185&position=P"">Rafael Dolis</a>",33.0,32.0,5.625001005828561,4.357534334808626,0.0
20298,"<a href=""statss.aspx?playerid=20298&position=P"">Jhonathan Diaz</a>",24.0,13.0,4.153846458570514,4.631572691223334,2.0
21298,"<a href=""statss.aspx?playerid=21298&position=P"">Andre Jackson</a>",25.0,11.2,2.314285840404284,4.112891316705824,0.0
16440,"<a href=""statss.aspx?playerid=16440&position=P"">James Norwood</a>",27.0,5.0,0.0,3.770034236907981,0.0
19883,"<a href=""statss.aspx?playerid=19883&position=P"">Alex Lange</a>",25.0,35.2,4.037383897261557,4.403679202185851,0.0
7432,"<a href=""statss.aspx?playerid=7432&position=P"">Jay Jackson</a>",33.0,21.2,3.7384624760604703,4.046957419320732,1.0
6986,"<a href=""statss.aspx?playerid=6986&position=P"">Ian Kennedy</a>",36.0,56.1,3.1952664524996184,4.7499158684251865,0.0
12575,"<a href=""statss.aspx?playerid=12575&position=P"">Nick Ramirez</a>",31.0,20.1,5.7540987204941745,4.104460410410539,0.0
19990,"<a href=""statss.aspx?playerid=19990&position=P"">Bryse Wilson</a>",23.0,74.0,5.35135162721333,5.494358566610204,16.0
22925,"<a href=""statss.aspx?playerid=22925&position=P"">Joan Adon</a>",22.0,5.1,3.375000201165688,4.482534200698142,1.0
20997,"<a href=""statss.aspx?playerid=20997&position=P"">Eduard Bazardo</a>",25.0,3.0,0.0,3.1700341224670416,0.0
21183,"<a href=""statss.aspx?playerid=21183&position=P"">Humberto Castellanos</a>",23.0,45.2,4.927007367865115,5.009450206470017,7.0
17292,"<a href=""statss.aspx?playerid=17292&position=P"">Javy Guerra</a>",25.0,3.2,4.90909303712543,3.170034122467041,0.0
20198,"<a href=""statss.aspx?playerid=20198&position=P"">Ben Bowden</a>",26.0,35.2,6.560749534749406,4.852277592915607,0.0
19805,"<a href=""statss.aspx?playerid=19805&position=P"">Daniel Castano</a>",26.0,20.1,4.868852763495071,5.137247360242828,4.0
18029,"<a href=""statss.aspx?playerid=18029&position=P"">Tanner Anderson</a>",28.0,5.0,3.6,2.7700341224670413,0.0
5221,"<a href=""statss.aspx?playerid=5221&position=P"">Wade LeBlanc</a>",36.0,49.0,4.4081636942808675,5.394524134858775,9.0
5751,"<a href=""statss.aspx?playerid=5751&position=2B/3B/OF"">Hernan Perez</a>",30.0,2.0,0.0,1.1700341224670412,0.0
13194,"<a href=""statss.aspx?playerid=13194&position=P"">Joe Biagini</a>",31.0,3.0,0.0,3.836700789133708,0.0
11828,"<a href=""statss.aspx?playerid=11828&position=P"">James Paxton</a>",32.0,1.1,6.750001609325793,2.4200339436530642,1.0
10314,"<a href=""statss.aspx?playerid=10314&position=P"">Erasmo Ramirez</a>",31.0,26.2,5.737500547170691,4.295034229755412,0.0
3192,"<a href=""statss.aspx?playerid=3192&position=P"">Will Harris</a>",36.0,6.0,9.000002861023859,3.8367010010614013,0.0
19246,"<a href=""statss.aspx?playerid=19246&position=P"">Miguel Aguilar</a>",29.0,7.0,6.428573180218609,4.027177213162856,0.0
15502,"<a href=""statss.aspx?playerid=15502&position=P"">Kohl Stewart</a>",26.0,13.2,5.268292928011496,5.2188147055826235,3.0
6499,"<a href=""statss.aspx?playerid=6499&position=P"">Blaine Hardy</a>",34.0,1.0,18.0,4.170034122467041,0.0
15492,"<a href=""statss.aspx?playerid=15492&position=P"">Stephen Gonsalves</a>",26.0,4.1,4.153847372743862,3.4008034209528115,0.0
14605,"<a href=""statss.aspx?playerid=14605&position=P"">James Hoyt</a>",34.0,8.0,6.750001609325793,3.7950342714786887,0.0
19487,"<a href=""statss.aspx?playerid=19487&position=P"">Devin Smeltzer</a>",25.0,4.2,0.0,3.812891352906531,0.0
16933,"<a href=""statss.aspx?playerid=16933&position=P"">Elieser Hernandez</a>",26.0,51.2,4.180645367069632,5.376485843976013,11.0
17639,"<a href=""statss.aspx?playerid=17639&position=P"">Justin Lawrence</a>",26.0,16.2,8.640002307129523,4.550034490966896,0.0
5114,"<a href=""statss.aspx?playerid=5114&position=P"">Jeurys Familia</a>",31.0,59.1,3.9438208163560526,4.400371385689229,0.0
10657,"<a href=""statss.aspx?playerid=10657&position=P"">Andrew Bellatti</a>",29.0,3.1,13.50000128746045,2.570034065246577,0.0
17750,"<a href=""statss.aspx?playerid=17750&position=OF"">Max Schrock</a>",26.0,1.2,0.0,1.9700336647031946,0.0
12917,"<a href=""statss.aspx?playerid=12917&position=P"">Dylan Bundy</a>",28.0,90.2,6.055147292356702,5.5082695067650755,19.0
16794,"<a href=""statss.aspx?playerid=16794&position=P"">Josh James</a>",28.0,5.0,5.4,3.7700341224670413,0.0
19804,"<a href=""statss.aspx?playerid=19804&position=P"">Bryan Baker</a>",26.0,1.0,0.0,1.1700341224670412,0.0
17355,"<a href=""statss.aspx?playerid=17355&position=P"">Edgar Santana</a>",29.0,42.2,3.5859380343464067,4.599721835507112,0.0
18311,"<a href=""statss.aspx?playerid=18311&position=P"">Carson Fulmer</a>",27.0,25.2,6.6623383224624355,4.689514792502333,0.0
24975,"<a href=""statss.aspx?playerid=24975&position=P"">Cooper Criswell</a>",24.0,1.1,20.250004827977378,3.170034122467041,1.0
13182,"<a href=""statss.aspx?playerid=13182&position=P"">Kyle Crick</a>",28.0,24.1,4.4383570921089674,4.402911092497311,0.0
19548,"<a href=""statss.aspx?playerid=19548&position=P"">J.D. Hammer</a>",26.0,20.0,4.950000944137753,4.870034446716371,0.0
19249,"<a href=""statss.aspx?playerid=19249&position=P"">Seranthony Dominguez</a>",26.0,1.0,0.0,1.1700341224670412,0.0
9866,"<a href=""statss.aspx?playerid=9866&position=P"">Chaz Roe</a>",34.0,0.2,27.000028163224034,1.6700325578434843,0.0
16317,"<a href=""statss.aspx?playerid=16317&position=P"">Alex McRae</a>",28.0,2.0,4.5,3.670034122467041,0.0
12578,"<a href=""statss.aspx?playerid=12578&position=P"">DJ Johnson</a>",31.0,4.1,2.076923686371931,3.8623420179243517,0.0
4070,"<a href=""statss.aspx?playerid=4070&position=P"">Pedro Strop</a>",36.0,2.0,0.0,3.170034122467041,0.0
18036,"<a href=""statss.aspx?playerid=18036&position=1B/2B"">Jake Cronenworth</a>",27.0,0.2,0.0,0.17003099321992687,0.0
22036,"<a href=""statss.aspx?playerid=22036&position=P"">Angel Rondon</a>",23.0,2.0,0.0,3.670034122467041,0.0
16852,"<a href=""statss.aspx?playerid=16852&position=1B"">John Nogowski</a>",28.0,3.0,15.0,3.1700341224670416,0.0
15655,"<a href=""statss.aspx?playerid=15655&position=P"">Yefry Ramirez</a>",27.0,2.0,0.0,2.670034122467041,0.0
12325,"<a href=""statss.aspx?playerid=12325&position=2B/3B"">Jace Peterson</a>",31.0,2.0,9.0,2.670034122467041,0.0
20275,"<a href=""statss.aspx?playerid=20275&position=2B/3B/SS"">Jonathan Arauz</a>",22.0,1.0,9.0,3.170034122467041,0.0
18136,"<a href=""statss.aspx?playerid=18136&position=OF"">Ka'ai Tom</a>",27.0,1.0,0.0,3.170034122467041,0.0
19618,"<a href=""statss.aspx?playerid=19618&position=P"">Jordan Hicks</a>",24.0,10.0,5.400001029968458,4.170034313201941,0.0
3086,"<a href=""statss.aspx?playerid=3086&position=1B"">Mitch Moreland</a>",35.0,1.0,0.0,1.1700341224670412,0.0
14681,"<a href=""statss.aspx?playerid=14681&position=P"">Andres Machado</a>",28.0,35.2,3.532711287941988,4.627978463522465,0.0
12360,"<a href=""statss.aspx?playerid=12360&position=P"">Kevin Quackenbush</a>",32.0,0.1,27.000028163224034,-2.829972136027188,0.0
3298,"<a href=""statss.aspx?playerid=3298&position=3B/OF"">Charlie Culberson</a>",32.0,2.0,0.0,3.170034122467041,0.0
21045,"<a href=""statss.aspx?playerid=21045&position=P"">Seth Martinez</a>",26.0,3.0,15.0,4.170034122467042,0.0
11203,"<a href=""statss.aspx?playerid=11203&position=P"">Grant Dayton</a>",33.0,13.0,6.230771059115794,4.400803714391149,0.0
21562,"<a href=""statss.aspx?playerid=21562&position=1B/2B"">Romy Gonzalez</a>",24.0,0.1,0.0,-2.829972136027188,0.0
21635,"<a href=""statss.aspx?playerid=21635&position=2B/3B"">Nick Maton</a>",24.0,0.1,0.0,-2.829972136027188,0.0
11241,"<a href=""statss.aspx?playerid=11241&position=2B"">Mike Freeman</a>",33.0,0.1,0.0,-2.829972136027188,0.0
16981,"<a href=""statss.aspx?playerid=16981&position=P"">Tyler Beede</a>",28.0,1.0,27.0,2.170034122467041,0.0
14885,"<a href=""statss.aspx?playerid=14885&position=2B/SS"">Pat Valaika</a>",28.0,1.1,0.0,3.170034122467041,0.0
11205,"<a href=""statss.aspx?playerid=11205&position=OF"">Adam Eaton</a>",32.0,1.0,0.0,3.170034122467041,0.0
4962,"<a href=""statss.aspx?playerid=4962&position=SS"">Asdrubal Cabrera</a>",35.0,1.1,0.0,3.1700341224670416,0.0
16885,"<a href=""statss.aspx?playerid=16885&position=1B/3B"">Joshua Fuentes</a>",28.0,1.0,0.0,3.170034122467041,0.0
13807,"<a href=""statss.aspx?playerid=13807&position=C"">Kevin Plawecki</a>",30.0,1.0,0.0,3.170034122467041,0.0
5497,"<a href=""statss.aspx?playerid=5497&position=SS"">Marwin Gonzalez</a>",32.0,1.0,0.0,3.170034122467041,0.0
14145,"<a href=""statss.aspx?playerid=14145&position=2B/3B/SS"">Daniel Robertson</a>",27.0,1.0,0.0,3.170034122467041,0.0
12950,"<a href=""statss.aspx?playerid=12950&position=3B/OF"">Phillip Evans</a>",28.0,1.0,0.0,3.170034122467041,0.0
24486,"<a href=""statss.aspx?playerid=24486&position=P"">Nick Allgeyer</a>",25.0,1.0,0.0,3.170034122467041,0.0
5235,"<a href=""statss.aspx?playerid=5235&position=3B"">Justin Turner</a>",36.0,1.0,0.0,3.170034122467041,0.0
9345,"<a href=""statss.aspx?playerid=9345&position=2B/3B/OF"">Brock Holt</a>",33.0,1.0,0.0,3.170034122467041,0.0
19766,"<a href=""statss.aspx?playerid=19766&position=P"">Seth Elledge</a>",25.0,11.2,4.62857243752015,4.45574868844486,0.0
14555,"<a href=""statss.aspx?playerid=14555&position=1B/3B"">Wyatt Mathisen</a>",27.0,1.0,0.0,3.170034122467041,0.0
9929,"<a href=""statss.aspx?playerid=9929&position=1B/OF"">Darin Ruf</a>",34.0,1.0,18.0,3.170034122467041,0.0
5420,"<a href=""statss.aspx?playerid=5420&position=P"">Pedro Baez</a>",33.0,4.1,2.076923229285257,4.554649608657213,0.0
11903,"<a href=""statss.aspx?playerid=11903&position=P"">Michael Feliz</a>",28.0,20.0,7.2000010406972486,4.620034332051903,0.0
15274,"<a href=""statss.aspx?playerid=15274&position=OF"">Mike Tauchman</a>",30.0,1.0,9.0,3.170034122467041,0.0
13058,"<a href=""statss.aspx?playerid=13058&position=P"">Reymin Guduan</a>",29.0,14.1,6.279070324482614,4.425848187363564,0.0
18510,"<a href=""statss.aspx?playerid=18510&position=P"">Josh Rogers</a>",26.0,35.2,3.2803740656754017,5.8335857142547605,6.0
12586,"<a href=""statss.aspx?playerid=12586&position=P"">Mike Wright Jr.</a>",31.0,18.0,5.500000582801033,4.836700965740081,0.0
13707,"<a href=""statss.aspx?playerid=13707&position=P"">Joey Krehbiel</a>",28.0,8.1,4.320000659179788,4.850034378814737,0.0
18889,"<a href=""statss.aspx?playerid=18889&position=2B/SS"">Danny Mendick</a>",27.0,1.0,0.0,4.170034122467041,0.0
20010,"<a href=""statss.aspx?playerid=20010&position=P"">Wyatt Mills</a>",26.0,12.2,9.947370418221407,4.354244886541018,0.0
14942,"<a href=""statss.aspx?playerid=14942&position=C"">Andrew Knapp</a>",29.0,0.1,0.0,3.1700341224670416,0.0
11902,"<a href=""statss.aspx?playerid=11902&position=2B/3B"">Hanser Alberto</a>",28.0,0.1,0.0,3.1700341224670416,0.0
13836,"<a href=""statss.aspx?playerid=13836&position=3B"">Matt Duffy</a>",30.0,0.1,0.0,3.1700341224670416,0.0
16417,"<a href=""statss.aspx?playerid=16417&position=2B/3B/SS"">Sergio Alcantara</a>",24.0,0.1,0.0,3.1700341224670416,0.0
12434,"<a href=""statss.aspx?playerid=12434&position=OF"">Kevin Pillar</a>",32.0,0.1,0.0,3.1700341224670416,0.0
15402,"<a href=""statss.aspx?playerid=15402&position=3B"">Jack Mayfield</a>",30.0,0.1,0.0,3.1700341224670416,0.0
20334,"<a href=""statss.aspx?playerid=20334&position=P"">Kyle Dohy</a>",24.0,1.0,0.0,4.170034122467041,0.0
15906,"<a href=""statss.aspx?playerid=15906&position=P"">Lewis Thorpe</a>",25.0,15.1,4.695652271263543,5.452642865442375,4.0
15007,"<a href=""statss.aspx?playerid=15007&position=P"">Yacksel Rios</a>",28.0,27.1,4.280488302706312,4.889546517571286,0.0
15859,"<a href=""statss.aspx?playerid=15859&position=P"">Stephen Tarpley</a>",28.0,0.0,18.0,12.17003412246704,0.0
19561,"<a href=""statss.aspx?playerid=19561&position=P"">Bernardo Flores Jr.</a>",25.0,0.0,9.0,9.17003412246704,0.0
24584,"<a href=""statss.aspx?playerid=24584&position=P"">Jonathan Stiever</a>",24.0,0.0,27.0,3.170034122467041,0.0
3473,"<a href=""statss.aspx?playerid=3473&position=1B"">Anthony Rizzo</a>",31.0,0.2,0.0,4.670035687090599,0.0
13527,"<a href=""statss.aspx?playerid=13527&position=P"">Brandon Brennan</a>",29.0,3.0,0.0,4.503367455800375,0.0
19516,"<a href=""statss.aspx?playerid=19516&position=P"">Raynel Espinal</a>",29.0,2.0,9.0,4.670034122467041,0.0
20237,"<a href=""statss.aspx?playerid=20237&position=P"">Tyler Ivey</a>",25.0,4.2,7.714286765273879,5.312891557265341,1.0
15264,"<a href=""statss.aspx?playerid=15264&position=P"">Keynan Middleton</a>",27.0,31.0,4.935484478302553,4.492614930378183,1.0
16427,"<a href=""statss.aspx?playerid=16427&position=P"">Scott Blewett</a>",25.0,5.0,1.8,4.570034122467041,0.0
21025,"<a href=""statss.aspx?playerid=21025&position=P"">Oliver Ortega</a>",24.0,9.1,4.821429720946995,4.670034480094995,0.0
21087,"<a href=""statss.aspx?playerid=21087&position=P"">Demarcus Evans</a>",24.0,26.1,5.126583268676616,4.575097684993225,0.0
8090,"<a href=""statss.aspx?playerid=8090&position=3B"">Matt Carpenter</a>",35.0,1.1,0.0,5.420034658908972,0.0
20395,"<a href=""statss.aspx?playerid=20395&position=P"">Nick Margevicius</a>",25.0,12.0,8.250000655651144,5.336700961324917,3.0
19452,"<a href=""statss.aspx?playerid=19452&position=C"">Jake Rogers</a>",26.0,1.0,18.0,6.170034122467041,0.0
24580,"<a href=""statss.aspx?playerid=24580&position=P"">Josiah Gray</a>",23.0,70.2,5.476415291423268,6.000222903564337,13.0
16451,"<a href=""statss.aspx?playerid=16451&position=2B/3B"">Luis Guillorme</a>",26.0,1.0,18.0,6.170034122467041,0.0
15979,"<a href=""statss.aspx?playerid=15979&position=P"">Akeem Bostick</a>",26.0,1.0,0.0,6.170034122467041,0.0
20385,"<a href=""statss.aspx?playerid=20385&position=P"">Isaac Mattson</a>",25.0,4.1,6.230771059115794,5.246957808838973,0.0
16153,"<a href=""statss.aspx?playerid=16153&position=OF"">Austin Slater</a>",28.0,0.1,0.0,12.170043510208387,0.0
21101,"<a href=""statss.aspx?playerid=21101&position=P"">Dauri Moreta</a>",25.0,3.2,2.454545880152248,5.351852682602373,0.0
21541,"<a href=""statss.aspx?playerid=21541&position=P"">Reiss Knehr</a>",24.0,29.0,4.965517567964591,4.963137688676477,5.0
18769,"<a href=""statss.aspx?playerid=18769&position=P"">Cody Poteet</a>",26.0,30.2,4.989130848522256,5.615686499193638,7.0
6216,"<a href=""statss.aspx?playerid=6216&position=P"">Dellin Betances</a>",33.0,1.0,9.0,7.170034122467041,0.0
17748,"<a href=""statss.aspx?playerid=17748&position=P"">Brody Koerner</a>",27.0,3.0,3.0,5.503367455800375,0.0
20160,"<a href=""statss.aspx?playerid=20160&position=P"">Nate Pearson</a>",24.0,15.0,4.200000267028826,4.636700882381869,1.0
14691,"<a href=""statss.aspx?playerid=14691&position=2B"">Harold Castro</a>",27.0,2.2,0.0,6.5450349271299375,0.0
20061,"<a href=""statss.aspx?playerid=20061&position=P"">Kaleb Ort</a>",29.0,0.1,0.0,12.170043510208387,0.0
20373,"<a href=""statss.aspx?playerid=20373&position=P"">Andres Munoz</a>",22.0,0.2,0.0,9.170040380961272,0.0
17423,"<a href=""statss.aspx?playerid=17423&position=DH"">Yermin Mercedes</a>",28.0,1.0,9.0,9.17003412246704,0.0
12385,"<a href=""statss.aspx?playerid=12385&position=P"">Nick Tropeano</a>",30.0,8.0,2.25,5.420034122467041,0.0
22224,"<a href=""statss.aspx?playerid=22224&position=P"">Jonathan Heasley</a>",24.0,14.2,4.909091121894278,6.033670610238703,3.0
20515,"<a href=""statss.aspx?playerid=20515&position=P"">Kyle Nelson</a>",24.0,9.2,9.310347276976296,4.618310365552243,0.0
10591,"<a href=""statss.aspx?playerid=10591&position=P"">Scott Alexander</a>",31.0,15.1,2.9347832171363866,4.800469243098367,0.0
23493,"<a href=""statss.aspx?playerid=23493&position=P"">Nicklaus Snyder</a>",25.0,3.2,4.909091760304496,5.079125362585456,0.0
5702,"<a href=""statss.aspx?playerid=5702&position=P"">Junior Guerra</a>",36.0,65.1,6.061225669476581,4.746565041548071,1.0
22487,"<a href=""statss.aspx?playerid=22487&position=P"">Johan Oviedo</a>",23.0,62.1,4.909091159447816,5.271638507720844,13.0
3321,"<a href=""statss.aspx?playerid=3321&position=P"">Darren O'Day</a>",38.0,10.2,3.3750008046628963,4.9512845471502365,0.0
10131,"<a href=""statss.aspx?playerid=10131&position=P"">Stephen Strasburg</a>",32.0,21.2,4.569230903309482,5.708495735416753,5.0
14735,"<a href=""statss.aspx?playerid=14735&position=OF"">Brett Phillips</a>",27.0,1.0,9.0,9.17003412246704,0.0
6797,"<a href=""statss.aspx?playerid=6797&position=P"">Julio Teheran</a>",30.0,5.0,1.8,6.370034122467041,1.0
4020,"<a href=""statss.aspx?playerid=4020&position=P"">Yusmeiro Petit</a>",36.0,78.0,3.923077690530961,4.72131647721948,0.0
13133,"<a href=""statss.aspx?playerid=13133&position=P"">Derek Law</a>",30.0,15.0,4.200000801086579,4.636701068878227,0.0
11762,"<a href=""statss.aspx?playerid=11762&position=P"">Noah Syndergaard</a>",28.0,2.0,9.0,7.670034122467041,2.0
22343,"<a href=""statss.aspx?playerid=22343&position=P"">A.J. Alexy</a>",23.0,23.0,4.695652563315065,6.300469164677084,4.0
9059,"<a href=""statss.aspx?playerid=9059&position=P"">John Axford</a>",38.0,0.1,54.00005632644807,21.17005289794973,0.0
23310,"<a href=""statss.aspx?playerid=23310&position=P"">Damon Jones</a>",26.0,0.1,0.0,21.17005289794973,0.0
16470,"<a href=""statss.aspx?playerid=16470&position=P"">Roel Ramirez</a>",26.0,0.1,81.0000844896721,21.17005289794973,0.0
21761,"<a href=""statss.aspx?playerid=21761&position=P"">Jose Marte</a>",25.0,4.0,9.000002145767724,6.170034837722949,0.0
14375,"<a href=""statss.aspx?playerid=14375&position=P"">Amir Garrett</a>",29.0,47.2,6.041959814900164,4.890314347542782,0.0
19996,"<a href=""statss.aspx?playerid=19996&position=P"">Dylan Lee</a>",26.0,2.0,9.0,6.670034122467041,0.0
18864,"<a href=""statss.aspx?playerid=18864&position=P"">Pedro Avila</a>",24.0,4.0,2.25,6.170034122467041,1.0
9419,"<a href=""statss.aspx?playerid=9419&position=P"">Zac Rosscup</a>",33.0,3.0,3.0000009536746197,6.836701954736021,0.0
15091,"<a href=""statss.aspx?playerid=15091&position=P"">Hunter Wood</a>",27.0,5.0,3.6000013732915397,4.970034809112811,0.0
14665,"<a href=""statss.aspx?playerid=14665&position=P"">Jandel Gustave</a>",28.0,18.1,3.436364232213147,4.6427616505583895,0.0
13403,"<a href=""statss.aspx?playerid=13403&position=P"">Felix Pena</a>",31.0,1.2,37.800014419561165,7.970035953522427,0.0
6785,"<a href=""statss.aspx?playerid=6785&position=P"">Andrew Miller</a>",36.0,36.0,4.750001006656436,4.503367738370603,0.0
20387,"<a href=""statss.aspx?playerid=20387&position=P"">Anthony Kay</a>",26.0,33.2,5.6138619692253044,5.427460099510021,5.0
19453,"<a href=""statss.aspx?playerid=19453&position=P"">Shaun Anderson</a>",26.0,23.1,8.48571509497514,5.570034351348899,0.0
12317,"<a href=""statss.aspx?playerid=12317&position=P"">Colin Rea</a>",30.0,6.0,7.5,5.836700789133708,0.0
14966,"<a href=""statss.aspx?playerid=14966&position=P"">Reyes Moronta</a>",28.0,4.0,2.25,5.420034122467041,0.0
13183,"<a href=""statss.aspx?playerid=13183&position=P"">Zach Davies</a>",28.0,148.0,5.777027027027027,5.447061149494068,32.0
12997,"<a href=""statss.aspx?playerid=12997&position=P"">Colten Brewer</a>",28.0,1.0,36.0,10.17003412246704,0.0
15139,"<a href=""statss.aspx?playerid=15139&position=P"">Ashton Goudeau</a>",28.0,34.1,4.194175029117854,5.063238128666073,1.0
14707,"<a href=""statss.aspx?playerid=14707&position=P"">Brady Lail</a>",27.0,2.0,13.5,8.67003412246704,0.0
20739,"<a href=""statss.aspx?playerid=20739&position=P"">Humberto Mejia</a>",24.0,22.1,7.253731756280458,5.4983924639891635,5.0
15271,"<a href=""statss.aspx?playerid=15271&position=C"">Austin Wynns</a>",30.0,1.0,9.0,16.17003412246704,0.0
19541,"<a href=""statss.aspx?playerid=19541&position=P"">Jimmy Lambert</a>",26.0,13.0,6.230769687855771,6.4777266728102285,3.0
16279,"<a href=""statss.aspx?playerid=16279&position=P"">Sam Clay</a>",28.0,45.0,5.600001898872172,4.614479056699943,0.0
17792,"<a href=""statss.aspx?playerid=17792&position=P"">Patrick Weigel</a>",26.0,4.0,4.500001072883862,5.670034718513631,0.0
6979,"<a href=""statss.aspx?playerid=6979&position=P"">Brandon Dickson</a>",36.0,2.0,13.5,8.67003412246704,0.0
14655,"<a href=""statss.aspx?playerid=14655&position=P"">Konner Wade</a>",29.0,12.1,11.67567778225833,5.764629185191114,0.0
14899,"<a href=""statss.aspx?playerid=14899&position=P"">Taylor Williams</a>",29.0,11.2,4.628572059164328,5.312891557265341,0.0
17418,"<a href=""statss.aspx?playerid=17418&position=P"">David Paulino</a>",27.0,2.0,9.0,9.67003412246704,0.0
12779,"<a href=""statss.aspx?playerid=12779&position=3B"">Andy Burns</a>",30.0,1.0,18.0,14.17003412246704,0.0
12777,"<a href=""statss.aspx?playerid=12777&position=P"">John Brebbia</a>",31.0,18.1,5.890910112365395,4.588216186555007,0.0
1159,"<a href=""statss.aspx?playerid=1159&position=3B/SS"">Andrew Romine</a>",35.0,1.0,9.0,14.17003412246704,0.0
14672,"<a href=""statss.aspx?playerid=14672&position=P"">Dillon Maples</a>",29.0,31.1,2.5851066452499802,4.606204480939253,0.0
19480,"<a href=""statss.aspx?playerid=19480&position=P"">Ryan Hartman</a>",27.0,2.1,3.8571433826369397,7.027177505103981,0.0
20368,"<a href=""statss.aspx?playerid=20368&position=P"">Ramon Rosso</a>",25.0,8.0,5.625001341104827,5.7950347483159605,0.0
11437,"<a href=""statss.aspx?playerid=11437&position=P"">Jesse Biddle</a>",29.0,10.2,8.437501257285662,5.138784415833697,0.0
13475,"<a href=""statss.aspx?playerid=13475&position=P"">Daniel Norris</a>",28.0,57.0,6.15789576712755,4.871788793154712,0.0
14739,"<a href=""statss.aspx?playerid=14739&position=P"">Paul Blackburn</a>",27.0,38.1,5.869565412092306,5.4656863725298095,9.0
16041,"<a href=""statss.aspx?playerid=16041&position=2B/OF"">Stevie Wilkerson</a>",29.0,1.0,9.0,16.17003412246704,0.0
14874,"<a href=""statss.aspx?playerid=14874&position=P"">Sam Moll</a>",29.0,10.1,3.483871396448861,4.911969820691472,0.0
13854,"<a href=""statss.aspx?playerid=13854&position=C"">Anthony Bemboom</a>",31.0,1.0,18.0,16.17003412246704,0.0
2882,"<a href=""statss.aspx?playerid=2882&position=P"">Luis Avilan</a>",31.0,5.0,12.6,6.570034122467041,0.0
22052,"<a href=""statss.aspx?playerid=22052&position=P"">Aaron Fletcher</a>",25.0,3.2,12.272729400761241,6.442761962670039,0.0
19264,"<a href=""statss.aspx?playerid=19264&position=P"">Thomas Hatch</a>",26.0,9.1,6.750000919614645,6.491463146404406,2.0
17505,"<a href=""statss.aspx?playerid=17505&position=P"">Jorge Guzman</a>",25.0,1.2,32.40001235962386,10.370036869050121,0.0
15608,"<a href=""statss.aspx?playerid=15608&position=C/3B"">Willians Astudillo</a>",29.0,4.0,2.25,7.920034122467041,0.0
21997,"<a href=""statss.aspx?playerid=21997&position=P"">Luis Frias</a>",23.0,3.1,2.7000010299686545,5.870035152435696,0.0
10836,"<a href=""statss.aspx?playerid=10836&position=P"">Asher Wojciechowski</a>",32.0,4.0,4.5,7.420034122467041,1.0
22092,"<a href=""statss.aspx?playerid=22092&position=P"">Kyle Tyler</a>",24.0,12.1,2.9189192198592746,5.197061358480426,0.0
13355,"<a href=""statss.aspx?playerid=13355&position=C"">Luke Maile</a>",30.0,1.0,9.0,16.17003412246704,0.0
12680,"<a href=""statss.aspx?playerid=12680&position=P"">Ryne Harper</a>",32.0,35.2,4.037383897261557,4.9644269656944,0.0
20177,"<a href=""statss.aspx?playerid=20177&position=P"">Ty Tice</a>",24.0,8.0,4.500000536441867,5.545034405589138,0.0
5615,"<a href=""statss.aspx?playerid=5615&position=P"">Ryan Brasier</a>",33.0,12.0,1.5000004768373099,4.836701318952941,0.0
11618,"<a href=""statss.aspx?playerid=11618&position=P"">Mike Kickham</a>",32.0,2.0,13.5,10.67003412246704,0.0
16424,"<a href=""statss.aspx?playerid=16424&position=OF"">Jordan Luplow</a>",27.0,1.0,9.0,16.17003412246704,0.0
9111,"<a href=""statss.aspx?playerid=9111&position=P"">Brad Hand</a>",31.0,64.2,3.8969075996268754,4.577250755665635,0.0
18600,"<a href=""statss.aspx?playerid=18600&position=P"">Travis Lakins Sr.</a>",27.0,28.0,5.785715468076052,5.241463117210319,1.0
14875,"<a href=""statss.aspx?playerid=14875&position=P"">Caleb Smith</a>",29.0,113.2,4.829912131522889,5.096720382582729,13.0
2136,"<a href=""statss.aspx?playerid=2136&position=OF"">David Peralta</a>",33.0,1.0,27.0,17.17003412246704,0.0
13606,"<a href=""statss.aspx?playerid=13606&position=P"">Shawn Morimando</a>",28.0,10.1,9.580646340234368,5.395840847976036,0.0
19826,"<a href=""statss.aspx?playerid=19826&position=P"">Riley Smith</a>",26.0,67.1,6.014851939501767,4.877955043560135,6.0
18332,"<a href=""statss.aspx?playerid=18332&position=P"">Eric Hanhold</a>",27.0,10.1,6.967744079018894,5.686163928779419,0.0
16507,"<a href=""statss.aspx?playerid=16507&position=P"">Dan Altavilla</a>",28.0,1.1,6.750001609325793,9.920035731792833,0.0
16403,"<a href=""statss.aspx?playerid=16403&position=C"">Francisco Mejia</a>",25.0,2.0,27.0,12.67003412246704,0.0
16434,"<a href=""statss.aspx?playerid=16434&position=2B"">Christian Arroyo</a>",26.0,1.0,0.0,19.17003412246704,0.0
19558,"<a href=""statss.aspx?playerid=19558&position=P"">Geoff Hartlieb</a>",27.0,9.0,11.000001165602066,5.836701071703906,0.0
5003,"<a href=""statss.aspx?playerid=5003&position=P"">Jake Diekman</a>",34.0,60.2,3.857143503904825,4.45574862376865,0.0
3892,"<a href=""statss.aspx?playerid=3892&position=OF"">Josh Reddick</a>",34.0,0.2,13.500014081612017,27.17005915644396,0.0
15047,"<a href=""statss.aspx?playerid=15047&position=P"">Austin Voth</a>",29.0,57.1,5.337209775810222,4.8967784616997605,1.0
4505,"<a href=""statss.aspx?playerid=4505&position=P"">Jordan Zimmermann</a>",35.0,5.2,7.94117736156434,7.05238749923183,0.0
21652,"<a href=""statss.aspx?playerid=21652&position=P"">Elvis Peguero</a>",24.0,2.1,27.00001471384033,8.312894067960437,0.0
16271,"<a href=""statss.aspx?playerid=16271&position=2B/3B"">Alex Blandino</a>",28.0,3.2,9.818183520608992,9.44276248285612,0.0
18815,"<a href=""statss.aspx?playerid=18815&position=P"">Miguel Diaz</a>",26.0,42.0,3.642857142857143,4.812891265324184,2.0
19899,"<a href=""statss.aspx?playerid=19899&position=P"">Clarke Schmidt</a>",25.0,6.1,5.684210811625571,6.170034273047204,1.0
6627,"<a href=""statss.aspx?playerid=6627&position=P"">Brad Brach</a>",35.0,30.0,6.300001602173259,5.036701263851711,0.0
7303,"<a href=""statss.aspx?playerid=7303&position=P"">Preston Guilmet</a>",33.0,2.0,4.5,8.67003412246704,0.0
15605,"<a href=""statss.aspx?playerid=15605&position=P"">Phillips Valdez</a>",29.0,40.0,5.850000557899528,4.670034265518202,0.0
14109,"<a href=""statss.aspx?playerid=14109&position=OF"">Albert Almora Jr.</a>",27.0,1.0,27.0,22.17003412246704,0.0
17002,"<a href=""statss.aspx?playerid=17002&position=P"">Trevor Hildenberger</a>",30.0,2.1,15.428573530547759,10.455749400781261,0.0
11287,"<a href=""statss.aspx?playerid=11287&position=C"">Bryan Holaday</a>",33.0,1.0,9.0,22.17003412246704,0.0
11615,"<a href=""statss.aspx?playerid=11615&position=2B/3B"">Brandon Drury</a>",28.0,0.2,27.000028163224034,31.67006385031463,0.0
14467,"<a href=""statss.aspx?playerid=14467&position=P"">Daniel Camarena</a>",28.0,9.1,9.64285845659235,5.420034429005256,0.0
14696,"<a href=""statss.aspx?playerid=14696&position=P"">Keone Kela</a>",28.0,10.2,5.062500301748532,5.232534245401629,0.0
14320,"<a href=""statss.aspx?playerid=14320&position=2B/SS"">Wilmer Difo</a>",29.0,2.0,36.0,13.17003412246704,0.0
10855,"<a href=""statss.aspx?playerid=10855&position=P"">Chasen Shreve</a>",30.0,56.1,3.195266993430548,4.732164652588643,0.0
9178,"<a href=""statss.aspx?playerid=9178&position=P"">Kyle Lobstein</a>",31.0,1.1,20.250021122418026,13.670045074831943,0.0
13397,"<a href=""statss.aspx?playerid=13397&position=P"">Sam Selman</a>",30.0,25.0,5.760001318359676,5.250034598541369,0.0
9388,"<a href=""statss.aspx?playerid=9388&position=P"">Josh Tomlin</a>",36.0,49.1,6.567568244683368,4.6700342771169465,0.0
17489,"<a href=""statss.aspx?playerid=17489&position=P"">Spenser Watkins</a>",28.0,54.2,8.067073264553178,6.371253671892905,10.0
19845,"<a href=""statss.aspx?playerid=19845&position=P"">Alex Wells</a>",24.0,42.2,6.75000010058284,6.334096669615247,8.0
9756,"<a href=""statss.aspx?playerid=9756&position=P"">David Hale</a>",33.0,26.2,6.412501070201576,5.157534454166945,1.0
18496,"<a href=""statss.aspx?playerid=18496&position=P"">Junior Fernandez</a>",24.0,20.2,5.661291541716077,5.153905517427376,0.0
17811,"<a href=""statss.aspx?playerid=17811&position=P"">Daniel Zamora</a>",28.0,4.1,6.230771059115794,5.477727107324743,0.0
27498,"<a href=""statss.aspx?playerid=27498&position=P"">Spencer Strider</a>",22.0,2.1,3.8571433826369397,10.0271779138216,0.0
18341,"<a href=""statss.aspx?playerid=18341&position=P"">Julian Fernandez</a>",25.0,6.2,10.80000102996836,7.670034551620525,0.0
11400,"<a href=""statss.aspx?playerid=11400&position=2B/3B/SS"">Ronald Torreyes</a>",28.0,2.2,13.500003218651585,12.170036268234764,0.0
8110,"<a href=""statss.aspx?playerid=8110&position=P"">Bryan Shaw</a>",33.0,77.1,3.491379884420573,4.527792966408375,0.0
15290,"<a href=""statss.aspx?playerid=15290&position=P"">Austin Pruitt</a>",31.0,7.1,3.681818820228372,5.7609436626277475,0.0
22248,"<a href=""statss.aspx?playerid=22248&position=P"">Paul Campbell</a>",25.0,26.2,6.412501070201576,5.00753442913299,1.0
20531,"<a href=""statss.aspx?playerid=20531&position=P"">Kutter Crawford</a>",25.0,2.0,22.5,10.67003412246704,1.0
18361,"<a href=""statss.aspx?playerid=18361&position=P"">Thomas Eshelman</a>",27.0,27.2,7.1566271638642425,6.386901888042383,6.0
19444,"<a href=""statss.aspx?playerid=19444&position=P"">Yohan Ramirez</a>",26.0,27.2,3.9036150857696903,5.085697081224389,0.0
18403,"<a href=""statss.aspx?playerid=18403&position=P"">Enyel De Los Santos</a>",25.0,35.1,6.367925616845425,5.264374103118426,0.0
19531,"<a href=""statss.aspx?playerid=19531&position=P"">Jason Foley</a>",25.0,10.1,2.6129035473366455,5.589389258889861,0.0
13167,"<a href=""statss.aspx?playerid=13167&position=2B"">Robel Garcia</a>",28.0,1.0,36.0,29.17003412246704,0.0
15232,"<a href=""statss.aspx?playerid=15232&position=P"">Cody Reed</a>",28.0,9.2,3.7241389107905185,5.239000184017329,0.0
19686,"<a href=""statss.aspx?playerid=19686&position=P"">Kyle Cody</a>",26.0,11.1,7.94117736156434,5.464152026918962,0.0
17237,"<a href=""statss.aspx?playerid=17237&position=P"">Austin Brice</a>",29.0,13.2,6.585367079082038,5.731010208776723,0.0
21065,"<a href=""statss.aspx?playerid=21065&position=P"">Thomas Szapucki</a>",25.0,3.2,14.727275280913489,10.533671762923785,0.0
15118,"<a href=""statss.aspx?playerid=15118&position=P"">Jimmie Sherfy</a>",29.0,15.0,4.200000267028826,5.370034262339283,0.0
19647,"<a href=""statss.aspx?playerid=19647&position=P"">Matt Foster</a>",26.0,39.0,6.000001173753234,5.27259863634638,0.0
10218,"<a href=""statss.aspx?playerid=10218&position=P"">Aaron Northcraft</a>",31.0,8.0,2.25,6.545034122467041,0.0
16754,"<a href=""statss.aspx?playerid=16754&position=P"">Vinny Nittoli</a>",30.0,1.0,18.0,20.17003412246704,0.0
10983,"<a href=""statss.aspx?playerid=10983&position=P"">Ben Rowen</a>",32.0,11.1,5.558824153095038,6.258269763075395,0.0
18105,"<a href=""statss.aspx?playerid=18105&position=P"">Ryan Meisinger</a>",27.0,7.1,12.272729400761241,7.12458026271233,0.0
17969,"<a href=""statss.aspx?playerid=17969&position=P"">Peter Lambert</a>",24.0,5.2,11.117648306190077,7.758269931370882,2.0
23301,"<a href=""statss.aspx?playerid=23301&position=P"">Janson Junk</a>",25.0,16.1,3.8571431574251727,6.292483345144562,4.0
18140,"<a href=""statss.aspx?playerid=18140&position=P"">Jay Flaa</a>",29.0,2.2,13.500003218651585,14.045036715269706,0.0
19695,"<a href=""statss.aspx?playerid=19695&position=P"">Connor Seabold</a>",25.0,3.0,6.0,9.503367455800374,1.0
14974,"<a href=""statss.aspx?playerid=14974&position=P"">Tyler Webb</a>",30.0,16.1,13.224497002697303,5.74146409521374,0.0
17871,"<a href=""statss.aspx?playerid=17871&position=P"">Ian Gibaut</a>",27.0,6.2,2.70000025749209,7.220034508705176,0.0
7927,"<a href=""statss.aspx?playerid=7927&position=2B"">Eric Sogard</a>",35.0,4.1,6.230769687855771,9.400803810322813,0.0
19545,"<a href=""statss.aspx?playerid=19545&position=P"">Stephen Nogosek</a>",26.0,3.0,6.0,8.503367455800374,0.0
10148,"<a href=""statss.aspx?playerid=10148&position=P"">Manny Barreda</a>",32.0,2.2,13.500003218651585,13.670036625862718,0.0
23292,"<a href=""statss.aspx?playerid=23292&position=P"">Packy Naughton</a>",25.0,22.2,6.352941621958622,5.817093131616467,5.0
17920,"<a href=""statss.aspx?playerid=17920&position=P"">Cody Ponce</a>",27.0,38.1,7.043478494510767,4.943947224788271,2.0
14169,"<a href=""statss.aspx?playerid=14169&position=P"">Kyle Zimmer</a>",29.0,54.0,4.833334357650409,4.8181826199033875,2.0
5640,"<a href=""statss.aspx?playerid=5640&position=P"">Tyler Clippard</a>",36.0,25.1,3.197368581539384,4.709507883948968,0.0
19454,"<a href=""statss.aspx?playerid=19454&position=P"">Michael Rucker</a>",27.0,28.1,6.9882360781766195,4.722975473172957,0.0
10819,"<a href=""statss.aspx?playerid=10819&position=P"">R.J. Alaniz</a>",30.0,2.2,3.3750008046628963,10.295035821199821,0.0
18475,"<a href=""statss.aspx?playerid=18475&position=P"">Shea Spitzbarth</a>",26.0,5.0,3.6000006866456387,7.17003488540664,0.0
16159,"<a href=""statss.aspx?playerid=16159&position=P"">Jace Fry</a>",27.0,6.2,10.800002574921269,7.370035123825312,0.0
17092,"<a href=""statss.aspx?playerid=17092&position=P"">Domingo Acevedo</a>",27.0,11.0,3.272727272727273,6.170034122467041,0.0
17682,"<a href=""statss.aspx?playerid=17682&position=P"">Ralph Garza</a>",27.0,30.1,3.5604399335714416,4.8843200164088465,0.0
7466,"<a href=""statss.aspx?playerid=7466&position=P"">Anthony Swarzak</a>",35.0,12.1,9.486487464542643,6.413277700088457,0.0
23796,"<a href=""statss.aspx?playerid=23796&position=P"">Ryan Weathers</a>",21.0,94.2,5.3239440195287795,5.441161035559675,18.0
14975,"<a href=""statss.aspx?playerid=14975&position=P"">Chad Kuhl</a>",28.0,80.1,4.817427404955422,5.311112969113895,14.0
19191,"<a href=""statss.aspx?playerid=19191&position=P"">Robert Dugger</a>",25.0,25.2,7.363636819643592,5.23496931527715,4.0
19942,"<a href=""statss.aspx?playerid=19942&position=P"">Ljay Newsome</a>",24.0,14.2,7.977273073078202,6.033670610238703,1.0
15101,"<a href=""statss.aspx?playerid=15101&position=P"">Luke Farrell</a>",30.0,24.2,4.7432437322713215,4.832196455998017,1.0
16265,"<a href=""statss.aspx?playerid=16265&position=P"">Sam Howard</a>",28.0,45.0,5.600001898872172,4.858923584031664,1.0
19868,"<a href=""statss.aspx?playerid=19868&position=P"">Drew Carlton</a>",25.0,3.2,4.909091760304496,9.44276248285612,0.0
20430,"<a href=""statss.aspx?playerid=20430&position=P"">Rony Garcia</a>",23.0,3.2,2.454545880152248,7.260943922720788,0.0
14706,"<a href=""statss.aspx?playerid=14706&position=P"">Anthony Banda</a>",27.0,33.2,4.277228409350584,4.922509651298183,0.0
16377,"<a href=""statss.aspx?playerid=16377&position=P"">Ryan Castellani</a>",25.0,3.1,5.40000051498418,10.370034809112616,1.0
17312,"<a href=""statss.aspx?playerid=17312&position=P"">Justin Steele</a>",25.0,57.0,4.263158251374081,5.5209115121136545,9.0
15849,"<a href=""statss.aspx?playerid=15849&position=P"">Kent Emanuel</a>",29.0,17.2,2.547170177988042,5.490789173522813,0.0
27468,"<a href=""statss.aspx?playerid=27468&position=P"">Reid Detmers</a>",21.0,20.2,7.40322671745383,6.363582902545164,5.0
7196,"<a href=""statss.aspx?playerid=7196&position=P"">Greg Holland</a>",35.0,55.2,4.850300287541425,4.822729035258934,0.0
20447,"<a href=""statss.aspx?playerid=20447&position=P"">Enoli Paredes</a>",25.0,8.2,6.230771059115794,6.285419652024938,0.0
20074,"<a href=""statss.aspx?playerid=20074&position=P"">Miguel Sanchez</a>",27.0,26.0,4.1538467632949185,5.2469575041145005,0.0
4897,"<a href=""statss.aspx?playerid=4897&position=P"">Scott Kazmir</a>",37.0,11.1,6.352941354665794,6.4347400963925185,4.0
19159,"<a href=""statss.aspx?playerid=19159&position=P"">Zack Burdi</a>",26.0,10.0,5.40000051498418,7.770034561157269,0.0
11812,"<a href=""statss.aspx?playerid=11812&position=P"">Alberto Baldonado</a>",28.0,10.2,8.437502766028953,6.545035228878622,0.0
19848,"<a href=""statss.aspx?playerid=19848&position=P"">Darwinzon Hernandez</a>",24.0,40.0,3.3750009655955218,4.7950345873834035,0.0
15136,"<a href=""statss.aspx?playerid=15136&position=P"">Jake Newberry</a>",26.0,4.1,16.61538949097545,8.939266584611296,0.0
17181,"<a href=""statss.aspx?playerid=17181&position=P"">Yoan Lopez</a>",28.0,12.1,6.567568244683368,5.683547895123639,0.0
16058,"<a href=""statss.aspx?playerid=16058&position=P"">Stefan Crichton</a>",29.0,23.1,7.32857302607357,5.441463189027855,0.0
21850,"<a href=""statss.aspx?playerid=21850&position=P"">Mason Thompson</a>",23.0,24.2,4.013514703168588,5.359223960558998,0.0
20039,"<a href=""statss.aspx?playerid=20039&position=P"">Adrian Morejon</a>",22.0,4.2,3.8571433826369397,8.741463452942622,2.0
19959,"<a href=""statss.aspx?playerid=19959&position=P"">Jesus Luzardo</a>",23.0,95.1,6.608392159287926,5.47772662253584,18.0
21306,"<a href=""statss.aspx?playerid=21306&position=P"">Jacob Latz</a>",25.0,4.2,5.7857150739554095,9.81289217034177,1.0
5273,"<a href=""statss.aspx?playerid=5273&position=C"">Sandy Leon</a>",32.0,6.0,7.500001192093085,9.503368462456757,0.0
17583,"<a href=""statss.aspx?playerid=17583&position=P"">Marcos Diplan</a>",24.0,30.0,4.5000008583070485,5.670034599304291,0.0
18694,"<a href=""statss.aspx?playerid=18694&position=P"">Kolby Allard</a>",23.0,124.2,5.414438778802738,5.367895197121783,17.0
15145,"<a href=""statss.aspx?playerid=15145&position=P"">Justin Topa</a>",30.0,3.1,29.7000113296552,11.270037212373005,0.0
1890,"<a href=""statss.aspx?playerid=1890&position=P"">Matt Moore</a>",32.0,73.0,6.28767139716139,5.759075286004084,13.0
18,"<a href=""statss.aspx?playerid=18&position=P"">Neftali Feliz</a>",33.0,4.0,9.000002413988762,6.420034994185205,0.0
11071,"<a href=""statss.aspx?playerid=11071&position=P"">Mickey Jannis</a>",33.0,3.1,18.90000180244463,17.87003552436842,0.0
15964,"<a href=""statss.aspx?playerid=15964&position=P"">Keury Mella</a>",27.0,1.2,32.40001235962386,19.97004053116089,0.0
12890,"<a href=""statss.aspx?playerid=12890&position=P"">Alex Claudio</a>",29.0,32.2,5.510205797531999,5.09860615160324,0.0
20206,"<a href=""statss.aspx?playerid=20206&position=P"">Mike Baumann</a>",25.0,10.0,9.900000944137663,6.870034475326571,0.0
20312,"<a href=""statss.aspx?playerid=20312&position=P"">Alec Bettinger</a>",25.0,10.0,13.5,7.270034122467041,1.0
19178,"<a href=""statss.aspx?playerid=19178&position=P"">Tommy Nance</a>",30.0,28.2,7.22093135360273,5.018871618800107,0.0
8753,"<a href=""statss.aspx?playerid=8753&position=P"">Tanner Roark</a>",34.0,7.0,6.4285723043948995,8.170034803663075,1.0
22449,"<a href=""statss.aspx?playerid=22449&position=P"">Nivaldo Rodriguez</a>",24.0,7.1,2.454545560947139,8.760943455735525,0.0
5401,"<a href=""statss.aspx?playerid=5401&position=P"">Brad Peacock</a>",33.0,5.1,15.187500905245596,9.17003448009493,1.0
15761,"<a href=""statss.aspx?playerid=15761&position=P"">Joe Jimenez</a>",26.0,45.1,5.9558835223474125,5.221505113497816,0.0
18699,"<a href=""statss.aspx?playerid=18699&position=P"">Nick Neidert</a>",24.0,35.2,4.542056398627479,5.805548329078047,7.0
20218,"<a href=""statss.aspx?playerid=20218&position=P"">Yennsy Diaz</a>",24.0,25.0,5.400000823974735,5.650034500885068,0.0
10534,"<a href=""statss.aspx?playerid=10534&position=P"">Jake Petricka</a>",33.0,6.0,15.000004768373097,6.670035235087431,0.0
16929,"<a href=""statss.aspx?playerid=16929&position=P"">Touki Toussaint</a>",25.0,50.0,4.5,5.790034122467041,10.0
18337,"<a href=""statss.aspx?playerid=18337&position=P"">Nick Anderson</a>",30.0,6.0,4.5,8.170034122467042,0.0
18581,"<a href=""statss.aspx?playerid=18581&position=P"">Travis Bergen</a>",27.0,10.2,1.6875002514571327,6.076284555532103,1.0
19784,"<a href=""statss.aspx?playerid=19784&position=P"">Justin Garza</a>",27.0,28.2,4.709303370032947,5.297941571148595,0.0
16814,"<a href=""statss.aspx?playerid=16814&position=P"">Tim Hill</a>",31.0,59.2,3.6201128119267163,4.711934023843235,0.0
27515,"<a href=""statss.aspx?playerid=27515&position=P"">Hirokazu Sawamura</a>",33.0,53.0,3.0566044335860703,5.000223196898206,0.0
12763,"<a href=""statss.aspx?playerid=12763&position=P"">Chris Devenski</a>",30.0,7.1,8.590910580532869,6.579125622678497,0.0
16466,"<a href=""statss.aspx?playerid=16466&position=P"">Brent Honeywell</a>",26.0,4.1,8.307692917141027,9.400803810322813,2.0
19266,"<a href=""statss.aspx?playerid=19266&position=P"">Taylor Widener</a>",26.0,70.1,4.350711156109475,5.558659855233028,13.0
20339,"<a href=""statss.aspx?playerid=20339&position=P"">Matt Peacock</a>",27.0,86.1,4.899613971778162,4.976983956030619,8.0
10843,"<a href=""statss.aspx?playerid=10843&position=P"">Adam Kolarek</a>",32.0,9.0,8.000003390843451,7.170035817888767,0.0
4301,"<a href=""statss.aspx?playerid=4301&position=P"">Justin Wilson</a>",33.0,34.0,5.294118983523168,5.258269943745624,0.0
20399,"<a href=""statss.aspx?playerid=20399&position=P"">Luis Madero</a>",24.0,12.0,9.0,8.003367455800374,0.0
17759,"<a href=""statss.aspx?playerid=17759&position=P"">Angel Perdomo</a>",27.0,17.0,6.352942602032516,6.11121125303765,0.0
1246,"<a href=""statss.aspx?playerid=1246&position=P"">Matt Bush</a>",35.0,4.0,6.75,11.17003412246704,0.0
13339,"<a href=""statss.aspx?playerid=13339&position=P"">Adrian Sampson</a>",29.0,35.1,2.801886817661203,5.717203956704498,5.0
13190,"<a href=""statss.aspx?playerid=13190&position=P"">Jordan Weems</a>",28.0,5.2,15.88235472312868,8.993564187614224,0.0
22192,"<a href=""statss.aspx?playerid=22192&position=P"">Hans Crouse</a>",22.0,7.0,5.142857142857143,9.312891265324184,2.0
20348,"<a href=""statss.aspx?playerid=20348&position=P"">Riley O'Brien</a>",26.0,1.1,13.500003218651585,26.420039665700326,1.0
13607,"<a href=""statss.aspx?playerid=13607&position=P"">Carl Edwards Jr.</a>",29.0,5.2,11.11765210676175,9.522978183473755,0.0
3240,"<a href=""statss.aspx?playerid=3240&position=P"">Zack Britton</a>",33.0,18.1,5.890910112365395,5.46094361060914,0.0
2859,"<a href=""statss.aspx?playerid=2859&position=P"">Ross Detwiler</a>",35.0,52.1,4.643313145501364,4.8897797319119904,5.0
20205,"<a href=""statss.aspx?playerid=20205&position=P"">Jeremy Beasley</a>",25.0,9.1,7.714286765273879,8.09860622250313,0.0
13346,"<a href=""statss.aspx?playerid=13346&position=P"">Hoby Milner</a>",30.0,21.2,5.400000633826697,5.893111365165973,0.0
21446,"<a href=""statss.aspx?playerid=21446&position=P"">Ryan Feltner</a>",24.0,6.1,11.36842333511018,10.275298706910903,2.0
21549,"<a href=""statss.aspx?playerid=21549&position=P"">Jackson Kowar</a>",24.0,30.1,11.27472574735896,6.433770523018319,8.0
9794,"<a href=""statss.aspx?playerid=9794&position=P"">Rex Brothers</a>",33.0,53.0,5.264152080064899,4.8681476966815245,0.0
11753,"<a href=""statss.aspx?playerid=11753&position=P"">Kyle Ryan</a>",29.0,13.1,6.750001609325793,6.245034855604347,0.0
21197,"<a href=""statss.aspx?playerid=21197&position=P"">Darien Nunez</a>",28.0,7.2,8.217391985801363,7.735251892356688,1.0
20794,"<a href=""statss.aspx?playerid=20794&position=P"">Manuel Rodriguez</a>",24.0,17.2,6.113208427171301,5.77380808218815,0.0
7441,"<a href=""statss.aspx?playerid=7441&position=P"">Wade Davis</a>",35.0,42.2,6.750000402331376,5.302846749592581,0.0
19795,"<a href=""statss.aspx?playerid=19795&position=P"">Keegan Thompson</a>",26.0,53.1,3.375000563263987,5.157534454166945,6.0
17780,"<a href=""statss.aspx?playerid=17780&position=P"">Jose Alvarado</a>",26.0,55.2,4.203593582535902,4.804764960119892,0.0
17722,"<a href=""statss.aspx?playerid=17722&position=P"">Trevor Megill</a>",27.0,23.2,8.366199430599865,5.620739006178113,0.0
18347,"<a href=""statss.aspx?playerid=18347&position=P"">Brandon Waddell</a>",27.0,9.1,6.750001609325793,7.34860654728777,0.0
19665,"<a href=""statss.aspx?playerid=19665&position=P"">Kyle Wright</a>",25.0,6.1,9.94736892034475,9.643718657929497,2.0
11346,"<a href=""statss.aspx?playerid=11346&position=P"">Seth Frankoff</a>",32.0,14.2,9.204545853551771,7.465488854124534,3.0
6576,"<a href=""statss.aspx?playerid=6576&position=P"">Robert Stock</a>",31.0,9.0,8.0,8.836700789133708,3.0
16350,"<a href=""statss.aspx?playerid=16350&position=P"">Ryan Borucki</a>",27.0,23.2,4.94366369832074,5.662992739568953,0.0
17897,"<a href=""statss.aspx?playerid=17897&position=P"">Garrett Cleavinger</a>",27.0,18.0,3.000001271566294,5.892257498517938,1.0
14862,"<a href=""statss.aspx?playerid=14862&position=P"">Zack Godley</a>",31.0,3.1,16.200001689791854,13.370035186410062,1.0
17018,"<a href=""statss.aspx?playerid=17018&position=P"">Jefry Rodriguez</a>",27.0,24.1,5.917808528419836,6.950856237846381,1.0
19800,"<a href=""statss.aspx?playerid=19800&position=P"">Wil Crowe</a>",26.0,116.2,5.477143247965919,5.672891443916256,25.0
19614,"<a href=""statss.aspx?playerid=19614&position=P"">Cionel Perez</a>",25.0,24.0,6.375002026558566,6.295035115878103,0.0
23798,"<a href=""statss.aspx?playerid=23798&position=P"">Randy Dobnak</a>",26.0,50.2,7.638158278121862,5.696350038745074,6.0
15036,"<a href=""statss.aspx?playerid=15036&position=P"">Chase De Jong</a>",27.0,43.2,5.770992702512825,6.032629709030942,9.0
20491,"<a href=""statss.aspx?playerid=20491&position=P"">J.B. Bukauskas</a>",24.0,17.1,7.788462966857134,5.7661884447527525,0.0
11428,"<a href=""statss.aspx?playerid=11428&position=P"">Brandon Workman</a>",32.0,28.0,5.464287110129538,5.491463286901158,0.0
20379,"<a href=""statss.aspx?playerid=20379&position=P"">Tyler Zuber</a>",26.0,27.1,6.256098725127937,6.170034680715526,0.0
11189,"<a href=""statss.aspx?playerid=11189&position=P"">Vince Velasquez</a>",29.0,94.1,6.296820254814652,5.88381524238716,21.0
6895,"<a href=""statss.aspx?playerid=6895&position=P"">Chase Anderson</a>",33.0,48.0,6.750000268220912,5.8575342292587,9.0
7754,"<a href=""statss.aspx?playerid=7754&position=P"">Mike Fiers</a>",36.0,9.1,7.714285977032729,8.955748605241588,2.0
13360,"<a href=""statss.aspx?playerid=13360&position=P"">Cam Bedrosian</a>",29.0,25.0,5.040001345825555,6.490035009002923,1.0
12323,"<a href=""statss.aspx?playerid=12323&position=P"">Jacob Barnes</a>",31.0,28.2,6.279070742263244,5.297941429567363,0.0
20038,"<a href=""statss.aspx?playerid=20038&position=P"">Darren McCaughan</a>",25.0,9.0,8.0,8.725589678022597,1.0
21728,"<a href=""statss.aspx?playerid=21728&position=P"">Luis Oviedo</a>",22.0,29.2,8.797752997532383,5.664416198395763,1.0
10160,"<a href=""statss.aspx?playerid=10160&position=P"">Ryan Weber</a>",30.0,9.2,12.10344907191369,9.790724213086495,0.0
7407,"<a href=""statss.aspx?playerid=7407&position=P"">Javy Guerra</a>",35.0,6.0,16.500002622604786,11.336702087190623,0.0
13713,"<a href=""statss.aspx?playerid=13713&position=P"">Kyle Barraclough</a>",31.0,13.0,5.538462757359158,6.708496439668725,0.0
17285,"<a href=""statss.aspx?playerid=17285&position=P"">Justus Sheffield</a>",25.0,80.1,6.834025166698518,5.659660777002021,15.0
16703,"<a href=""statss.aspx?playerid=16703&position=P"">Julian Merryweather</a>",29.0,13.0,4.846154557177405,6.477726915461144,1.0
25376,"<a href=""statss.aspx?playerid=25376&position=P"">Nick Mears</a>",24.0,23.1,5.014287217199036,5.6557491532152815,0.0
13690,"<a href=""statss.aspx?playerid=13690&position=P"">Sal Romano</a>",27.0,25.0,6.1200012256624765,5.850034659195055,0.0
12857,"<a href=""statss.aspx?playerid=12857&position=P"">Shawn Armstrong</a>",30.0,36.0,6.750001251697772,5.753367934845201,0.0
9939,"<a href=""statss.aspx?playerid=9939&position=P"">Brandon Kintzler</a>",36.0,29.2,6.370788291765016,5.664416839877682,1.0
7882,"<a href=""statss.aspx?playerid=7882&position=P"">Josh Lindblom</a>",34.0,16.2,9.720000370788588,7.370034282684332,0.0
20080,"<a href=""statss.aspx?playerid=20080&position=P"">Mauricio Llovera</a>",25.0,6.2,9.450000901222316,13.070035066604705,0.0
19350,"<a href=""statss.aspx?playerid=19350&position=P"">Dean Kremer</a>",25.0,53.2,7.546584208545766,6.989910079879095,13.0
12580,"<a href=""statss.aspx?playerid=12580&position=P"">Adam Morgan</a>",31.0,25.1,4.263159392613649,5.577929705332158,0.0
16300,"<a href=""statss.aspx?playerid=16300&position=P"">Jesus Tinoco</a>",26.0,1.1,33.75000804662896,36.92004216909601,0.0
7982,"<a href=""statss.aspx?playerid=7982&position=P"">Anthony Bass</a>",33.0,61.1,3.815218182277303,4.930904052748873,1.0
15594,"<a href=""statss.aspx?playerid=15594&position=P"">Nick Wittgren</a>",30.0,62.1,5.053476816910416,4.838483611224766,1.0
17610,"<a href=""statss.aspx?playerid=17610&position=P"">Tanner Rainey</a>",28.0,31.2,7.389474722738227,5.633192363379783,0.0
13287,"<a href=""statss.aspx?playerid=13287&position=P"">Jesse Hahn</a>",31.0,3.1,13.50000128746045,13.67003512382517,0.0
20329,"<a href=""statss.aspx?playerid=20329&position=P"">Andre Scrubb</a>",26.0,19.2,5.033899444234043,6.475119616156059,0.0
15231,"<a href=""statss.aspx?playerid=15231&position=P"">Aaron Slegers</a>",28.0,31.0,6.9677436503117836,5.6216476290582245,0.0
11528,"<a href=""statss.aspx?playerid=11528&position=P"">Josh Osich</a>",32.0,14.1,5.023258264933782,6.588640441658088,0.0
17948,"<a href=""statss.aspx?playerid=17948&position=P"">Trent Thornton</a>",27.0,49.0,4.7755112264715605,5.455748897530352,3.0
21690,"<a href=""statss.aspx?playerid=21690&position=P"">Edward Cabrera</a>",23.0,26.1,5.810126862833862,6.625730491864958,7.0
22218,"<a href=""statss.aspx?playerid=22218&position=P"">Mac Sceroler</a>",26.0,7.2,14.086957689945196,13.60481759650052,0.0
27513,"<a href=""statss.aspx?playerid=27513&position=P"">Hyeon-jong Yang</a>",33.0,35.1,5.6037742403234185,6.509657154578978,4.0
19535,"<a href=""statss.aspx?playerid=19535&position=P"">Ryan Hendrix</a>",26.0,31.2,5.968422610423318,5.854245349376999,0.0
15538,"<a href=""statss.aspx?playerid=15538&position=P"">Eric Yardley</a>",30.0,18.2,6.7500002299036375,6.812891389399163,0.0
8580,"<a href=""statss.aspx?playerid=8580&position=P"">Justin Miller</a>",34.0,19.0,6.157896668627598,6.485824636343439,0.0
10756,"<a href=""statss.aspx?playerid=10756&position=P"">Shane Greene</a>",32.0,23.2,7.225354053699884,6.7193308506003175,0.0
10197,"<a href=""statss.aspx?playerid=10197&position=P"">Shelby Miller</a>",30.0,12.2,9.236842568891554,7.827929093104663,0.0
14771,"<a href=""statss.aspx?playerid=14771&position=P"">Emilio Pagan</a>",30.0,63.1,4.831579626405764,5.222665989894327,0.0
19546,"<a href=""statss.aspx?playerid=19546&position=P"">Jon Duplantier</a>",26.0,13.0,13.153847118806627,8.631572984661606,4.0
23592,"<a href=""statss.aspx?playerid=23592&position=P"">Brett de Geus</a>",23.0,50.0,7.560001153564629,5.070034412384079,0.0
16958,"<a href=""statss.aspx?playerid=16958&position=P"">Jake Jewell</a>",28.0,10.0,9.900001888275506,9.17003526687644,0.0
16110,"<a href=""statss.aspx?playerid=16110&position=P"">Daniel Ponce de Leon</a>",29.0,33.1,6.210000769901371,6.1100344869614105,2.0
19876,"<a href=""statss.aspx?playerid=19876&position=P"">Kevin Ginkel</a>",27.0,28.1,6.352942316920079,5.8876816691495195,0.0
15855,"<a href=""statss.aspx?playerid=15855&position=P"">Wander Suero</a>",29.0,42.2,6.328126508742931,5.7950347483159605,0.0
19574,"<a href=""statss.aspx?playerid=19574&position=P"">JoJo Romero</a>",24.0,9.0,7.000001483493696,8.836701990057175,0.0
21111,"<a href=""statss.aspx?playerid=21111&position=P"">Miguel Yajure</a>",23.0,15.0,8.400000534057652,8.503367794884596,3.0
18555,"<a href=""statss.aspx?playerid=18555&position=P"">Logan Allen</a>",24.0,50.1,6.2582787781043425,6.050829115562691,11.0
19192,"<a href=""statss.aspx?playerid=19192&position=P"">Brandyn Sittinger</a>",27.0,4.2,7.714288341756665,13.027180336933892,0.0
19276,"<a href=""statss.aspx?playerid=19276&position=P"">Edgar Garcia</a>",24.0,14.2,12.2727309967872,7.806399165697761,0.0
15068,"<a href=""statss.aspx?playerid=15068&position=P"">Yency Almonte</a>",27.0,47.2,7.55244855980087,5.7294750232884475,0.0
18873,"<a href=""statss.aspx?playerid=18873&position=P"">Beau Burrows</a>",24.0,11.0,13.909092114976719,10.351852926932144,1.0
19243,"<a href=""statss.aspx?playerid=19243&position=P"">Wes Benjamin</a>",27.0,22.2,8.735295465248473,7.184740624172148,2.0
9456,"<a href=""statss.aspx?playerid=9456&position=P"">Ryan Buchter</a>",34.0,16.1,6.612246184883543,7.945545255994045,0.0
19932,"<a href=""statss.aspx?playerid=19932&position=P"">Trevor Stephan</a>",25.0,63.1,4.405263511678878,5.491086940448385,0.0
12237,"<a href=""statss.aspx?playerid=12237&position=P"">Dan Winkler</a>",31.0,39.2,5.218488733240652,5.741463353339247,0.0
20277,"<a href=""statss.aspx?playerid=20277&position=P"">Cory Abbott</a>",25.0,17.1,6.750000123794265,8.939264997504875,1.0
19884,"<a href=""statss.aspx?playerid=19884&position=P"">Corbin Martin</a>",25.0,16.0,10.687500637024678,8.420034435391445,3.0
14814,"<a href=""statss.aspx?playerid=14814&position=P"">Buck Farmer</a>",30.0,35.1,6.367926132471442,6.594563287040572,0.0
20617,"<a href=""statss.aspx?playerid=20617&position=P"">JC Mejia</a>",24.0,52.1,8.254777571488495,6.150926023282331,11.0
21894,"<a href=""statss.aspx?playerid=21894&position=P"">Gregory Santos</a>",21.0,2.0,22.5,22.67003412246704,0.0
27505,"<a href=""statss.aspx?playerid=27505&position=P"">Kohei Arihara</a>",28.0,40.2,6.639344677493279,6.760198281407851,10.0
17485,"<a href=""statss.aspx?playerid=17485&position=P"">Albert Abreu</a>",25.0,36.2,5.154546348319721,5.897307322636205,0.0
18890,"<a href=""statss.aspx?playerid=18890&position=P"">Kyle Keller</a>",28.0,33.1,6.480000988769683,6.950034699249356,0.0
19269,"<a href=""statss.aspx?playerid=19269&position=P"">T.J. Zeuch</a>",25.0,15.0,6.600000419616726,9.103367833031573,3.0
7853,"<a href=""statss.aspx?playerid=7853&position=P"">Andrew Albers</a>",35.0,19.0,7.5789477488340955,9.643718657929497,3.0
21189,"<a href=""statss.aspx?playerid=21189&position=P"">Brooks Kriske</a>",27.0,11.1,14.294119250815813,11.111211484031381,0.0
10811,"<a href=""statss.aspx?playerid=10811&position=P"">Mike Foltynewicz</a>",29.0,139.0,5.438848920863309,6.018954985776394,24.0
12664,"<a href=""statss.aspx?playerid=12664&position=P"">Jerad Eickhoff</a>",30.0,19.2,8.694915535326022,9.780203827685654,4.0
4776,"<a href=""statss.aspx?playerid=4776&position=P"">Matt Shoemaker</a>",34.0,60.1,8.055249043209068,6.567824356742472,11.0
4153,"<a href=""statss.aspx?playerid=4153&position=P"">Jake Arrieta</a>",35.0,98.2,7.3885139896105425,6.170034315779414,24.0
20253,"<a href=""statss.aspx?playerid=20253&position=P"">Griffin Jax</a>",26.0,82.0,6.365854102752553,6.474912401865398,14.0
4696,"<a href=""statss.aspx?playerid=4696&position=P"">Nate Jones</a>",35.0,19.0,5.684212238174911,8.538456791854458,0.0
16130,"<a href=""statss.aspx?playerid=16130&position=P"">David Hess</a>",27.0,20.0,9.900000944137663,9.670034742355405,1.0
19457,"<a href=""statss.aspx?playerid=19457&position=P"">Bryan Garcia</a>",26.0,39.1,7.550849166351065,6.907323103792316,0.0
18333,"<a href=""statss.aspx?playerid=18333&position=P"">Alex Young</a>",27.0,52.0,6.576924283123802,6.246957763694551,2.0
15846,"<a href=""statss.aspx?playerid=15846&position=P"">Adam Plutko</a>",29.0,56.1,6.710060231822124,7.128614629600198,1.0
