playerid,Name,Age,IP,ERA,FIP,GS
10603,"<a href=""statss.aspx?playerid=10603&position=P"">Chris Sale</a>",35.0,177.2,2.380863175718908,2.0858042942755386,29.0
22267,"<a href=""statss.aspx?playerid=22267&position=P"">Tarik Skubal</a>",27.0,192.0,2.390625,2.4946047782897955,31.0
10310,"<a href=""statss.aspx?playerid=10310&position=P"">Zack Wheeler</a>",34.0,200.0,2.565,3.126479778289795,32.0
21846,"<a href=""statss.aspx?playerid=21846&position=P"">Cole Ragans</a>",26.0,186.1,3.1395349694195023,2.9947445320993267,32.0
18525,"<a href=""statss.aspx?playerid=18525&position=P"">Dylan Cease</a>",28.0,189.1,3.470070515755412,3.0978178046142695,33.0
12447,"<a href=""statss.aspx?playerid=12447&position=P"">Seth Lugo</a>",34.0,206.2,3.004838857581298,3.2487378468548225,33.0
20778,"<a href=""statss.aspx?playerid=20778&position=P"">Cristopher Sanchez</a>",27.0,181.2,3.319266240910031,2.995837566899727,31.0
27463,"<a href=""statss.aspx?playerid=27463&position=P"">Garrett Crochet</a>",25.0,146.0,3.5753424657534247,2.6870277234952744,32.0
17995,"<a href=""statss.aspx?playerid=17995&position=P"">Logan Webb</a>",27.0,204.2,3.473941540743131,2.9466100605212424,33.0
33677,"<a href=""statss.aspx?playerid=33677&position=P"">Paul Skenes</a>",22.0,133.0,1.962406015037594,2.4446752670115997,23.0
25436,"<a href=""statss.aspx?playerid=25436&position=P"">George Kirby</a>",26.0,191.0,3.5340314136125652,3.26072061598613,33.0
22250,"<a href=""statss.aspx?playerid=22250&position=P"">Logan Gilbert</a>",27.0,208.2,3.2348244388482548,3.2671187608317407,33.0
19853,"<a href=""statss.aspx?playerid=19853&position=P"">Michael King</a>",29.0,173.2,2.9539348328033785,3.3334663477855027,30.0
14374,"<a href=""statss.aspx?playerid=14374&position=P"">Tyler Glasnow</a>",30.0,134.0,3.4925373134328357,2.8978230618718848,22.0
19879,"<a href=""statss.aspx?playerid=19879&position=P"">Tanner Houck</a>",28.0,178.2,3.1231345061763083,3.317599189878971,30.0
19361,"<a href=""statss.aspx?playerid=19361&position=P"">Corbin Burnes</a>",29.0,194.1,2.917667314785712,3.547268810554597,32.0
12768,"<a href=""statss.aspx?playerid=12768&position=P"">Sonny Gray</a>",34.0,166.1,3.8416834842072904,3.124395608666241,28.0
22182,"<a href=""statss.aspx?playerid=22182&position=P"">Hunter Greene</a>",24.0,150.1,2.75388035924807,3.472466484872914,26.0
17295,"<a href=""statss.aspx?playerid=17295&position=P"">Framber Valdez</a>",30.0,176.1,2.9092628438408847,3.2458748656460767,28.0
20633,"<a href=""statss.aspx?playerid=20633&position=P"">Yusei Kikuchi</a>",33.0,175.2,4.047438476657994,3.456802369442478,32.0
16400,"<a href=""statss.aspx?playerid=16400&position=P"">Reynaldo Lopez</a>",30.0,135.2,1.9901719155586892,2.915865537071293,25.0
17277,"<a href=""statss.aspx?playerid=17277&position=P"">Ranger Suarez</a>",28.0,150.2,3.4646020038302265,3.3655948359811876,27.0
17425,"<a href=""statss.aspx?playerid=17425&position=P"">Erick Fedde</a>",31.0,177.1,3.298872275069166,3.8600888207402355,31.0
12730,"<a href=""statss.aspx?playerid=12730&position=P"">Nick Martinez</a>",33.0,142.1,3.098360766457221,3.2086343465409137,16.0
13743,"<a href=""statss.aspx?playerid=13743&position=P"">Max Fried</a>",30.0,174.1,3.2523901522515013,3.3328277754948985,29.0
17479,"<a href=""statss.aspx?playerid=17479&position=P"">Jack Flaherty</a>",28.0,162.0,3.166666741233796,3.4751217608661884,28.0
14078,"<a href=""statss.aspx?playerid=14078&position=P"">Michael Wacha</a>",32.0,166.2,3.3480002043457158,3.652479807952883,29.0
30134,"<a href=""statss.aspx?playerid=30134&position=P"">Tanner Bibee</a>",25.0,173.2,3.4721691093324223,3.558034503720317,31.0
17085,"<a href=""statss.aspx?playerid=17085&position=P"">Pablo Lopez</a>",28.0,185.1,4.079136802594762,3.6466956188069033,32.0
22201,"<a href=""statss.aspx?playerid=22201&position=P"">MacKenzie Gore</a>",25.0,166.1,3.895791702294717,3.533213256437909,32.0
25880,"<a href=""statss.aspx?playerid=25880&position=P"">Hunter Brown</a>",25.0,170.0,3.4941176470588236,3.5841268371133244,30.0
21390,"<a href=""statss.aspx?playerid=21390&position=P"">Joe Ryan</a>",28.0,135.0,3.6,3.4405538523638692,23.0
27782,"<a href=""statss.aspx?playerid=27782&position=P"">Brandon Pfaadt</a>",25.0,181.2,4.706422281887357,3.606846775425454,32.0
16149,"<a href=""statss.aspx?playerid=16149&position=P"">Aaron Nola</a>",31.0,199.1,3.5668897231211,3.944071771375267,33.0
33829,"<a href=""statss.aspx?playerid=33829&position=P"">Shota Imanaga</a>",30.0,173.1,2.907692393015125,3.720325948387914,29.0
13543,"<a href=""statss.aspx?playerid=13543&position=P"">Blake Snell</a>",31.0,104.0,3.1153846153846154,2.4260951629051797,20.0
17874,"<a href=""statss.aspx?playerid=17874&position=P"">Nestor Cortes</a>",29.0,174.1,3.768642454290741,3.8376078865881462,30.0
17312,"<a href=""statss.aspx?playerid=17312&position=P"">Justin Steele</a>",28.0,134.2,3.07425765796757,3.2333114665064815,24.0
14107,"<a href=""statss.aspx?playerid=14107&position=P"">Kevin Gausman</a>",33.0,181.0,3.8287292817679557,3.7742145849196294,31.0
21224,"<a href=""statss.aspx?playerid=21224&position=P"">Bailey Ober</a>",28.0,178.2,3.9794778385149736,3.8157335465988487,31.0
33825,"<a href=""statss.aspx?playerid=33825&position=P"">Yoshinobu Yamamoto</a>",25.0,90.0,3.0,2.6109242227342397,18.0
19291,"<a href=""statss.aspx?playerid=19291&position=P"">Zac Gallen</a>",28.0,148.0,3.6486486486486487,3.3759392377492548,28.0
13774,"<a href=""statss.aspx?playerid=13774&position=P"">Zach Eflin</a>",30.0,165.1,3.592741963115369,3.7652701054756896,28.0
15873,"<a href=""statss.aspx?playerid=15873&position=P"">Sean Manaea</a>",32.0,181.2,3.4678901024433157,3.8325348614574795,32.0
29837,"<a href=""statss.aspx?playerid=29837&position=P"">Bryce Miller</a>",25.0,180.1,2.9445472179856282,3.5823762780052792,31.0
27867,"<a href=""statss.aspx?playerid=27867&position=P"">Cade Smith</a>",25.0,75.1,1.9115047474253068,1.4009927546261436,0.0
31846,"<a href=""statss.aspx?playerid=31846&position=P"">Spencer Schwellenbach</a>",24.0,123.2,3.3477089637223516,3.2877735813232136,21.0
9132,"<a href=""statss.aspx?playerid=9132&position=P"">Nathan Eovaldi</a>",34.0,170.2,3.796875226311399,3.8344485681038374,29.0
20253,"<a href=""statss.aspx?playerid=20253&position=P"">Griffin Jax</a>",29.0,71.0,2.0281692320239895,1.9411275339419682,0.0
24968,"<a href=""statss.aspx?playerid=24968&position=P"">Reese Olson</a>",24.0,112.1,3.5252227115448953,3.166479778289795,22.0
21446,"<a href=""statss.aspx?playerid=21446&position=P"">Ryan Feltner</a>",27.0,162.1,4.490759894298887,4.158266257003266,30.0
25377,"<a href=""statss.aspx?playerid=25377&position=P"">Brady Singer</a>",27.0,179.2,3.7068647738859655,3.9345688755814816,32.0
27636,"<a href=""statss.aspx?playerid=27636&position=P"">Mitchell Parker</a>",24.0,151.0,4.291390728476821,3.8485989835878085,29.0
11674,"<a href=""statss.aspx?playerid=11674&position=P"">Jameson Taillon</a>",32.0,165.1,3.266129132736241,3.9225281886454066,28.0
31757,"<a href=""statss.aspx?playerid=31757&position=P"">Mason Miller</a>",25.0,65.0,2.492307984843091,2.1818642781048703,0.0
12304,"<a href=""statss.aspx?playerid=12304&position=P"">Chris Bassitt</a>",35.0,171.0,4.157894736842105,4.078760480044181,31.0
15689,"<a href=""statss.aspx?playerid=15689&position=P"">Luis Castillo</a>",31.0,175.1,3.6444867977385083,3.9136280889372825,30.0
18679,"<a href=""statss.aspx?playerid=18679&position=P"">Freddy Peralta</a>",28.0,173.2,3.6794627875015222,4.156882907319939,32.0
15823,"<a href=""statss.aspx?playerid=15823&position=P"">Zack Littell</a>",28.0,156.1,3.626865789640896,3.8828977120460215,29.0
18138,"<a href=""statss.aspx?playerid=18138&position=P"">Ryan Helsley</a>",29.0,66.1,2.0351760354488535,2.412710876271701,0.0
21032,"<a href=""statss.aspx?playerid=21032&position=P"">Emmanuel Clase</a>",26.0,74.1,0.605381145207661,2.2247757746334336,0.0
30279,"<a href=""statss.aspx?playerid=30279&position=P"">Bryan Woo</a>",24.0,121.1,2.8928572641249968,3.397249018732815,22.0
19407,"<a href=""statss.aspx?playerid=19407&position=P"">Ronel Blanco</a>",30.0,167.1,2.7968128340158906,4.146559489355193,29.0
15423,"<a href=""statss.aspx?playerid=15423&position=P"">Andrew Heaney</a>",33.0,160.0,4.27500028029086,4.04147983565927,31.0
17594,"<a href=""statss.aspx?playerid=17594&position=P"">Mitch Keller</a>",28.0,178.0,4.247191011235955,4.076592137840357,31.0
26253,"<a href=""statss.aspx?playerid=26253&position=P"">Ryne Nelson</a>",26.0,150.2,4.241150728826656,3.7372762770051198,25.0
27792,"<a href=""statss.aspx?playerid=27792&position=P"">Gavin Stone</a>",25.0,140.1,3.527316042333899,4.014460806648854,25.0
22191,"<a href=""statss.aspx?playerid=22191&position=P"">Tobias Myers</a>",25.0,138.0,3.0,3.912856589883998,25.0
15890,"<a href=""statss.aspx?playerid=15890&position=P"">Luis Severino</a>",30.0,182.0,3.9065934065934065,4.210435822245839,31.0
21052,"<a href=""statss.aspx?playerid=21052&position=P"">Luis Gil</a>",26.0,151.2,3.501099135923223,4.1357106125284275,29.0
13799,"<a href=""statss.aspx?playerid=13799&position=P"">Matt Strahm</a>",32.0,62.2,1.8670214660138744,2.2888201147789995,0.0
17432,"<a href=""statss.aspx?playerid=17432&position=P"">Jeff Hoffman</a>",31.0,66.1,2.1708544378121104,2.5182385225542343,0.0
24492,"<a href=""statss.aspx?playerid=24492&position=P"">Grayson Rodriguez</a>",24.0,116.2,3.857142941221901,3.6636226462695065,20.0
15454,"<a href=""statss.aspx?playerid=15454&position=P"">Nick Pivetta</a>",31.0,145.2,4.139588389771652,4.06579334223687,26.0
26378,"<a href=""statss.aspx?playerid=26378&position=P"">Nick Lodolo</a>",26.0,115.1,4.760115816860124,3.9468266335127664,21.0
23920,"<a href=""statss.aspx?playerid=23920&position=P"">Brayan Bello</a>",25.0,162.1,4.490759894298887,4.189067079323561,30.0
16977,"<a href=""statss.aspx?playerid=16977&position=P"">Trevor Williams</a>",32.0,66.2,2.0250000772476224,2.79147976398468,13.0
9803,"<a href=""statss.aspx?playerid=9803&position=P"">Miles Mikolas</a>",35.0,171.2,5.3475731324174385,4.238324501998737,32.0
9073,"<a href=""statss.aspx?playerid=9073&position=P"">Kirby Yates</a>",37.0,61.2,1.16756768794371,2.5016148448774045,0.0
26221,"<a href=""statss.aspx?playerid=26221&position=P"">Ryan Pepiot</a>",26.0,130.0,3.6,3.9510951629051796,26.0
20302,"<a href=""statss.aspx?playerid=20302&position=P"">David Peterson</a>",28.0,121.0,2.9008264462809916,3.6706120096947537,21.0
8241,"<a href=""statss.aspx?playerid=8241&position=P"">David Robertson</a>",39.0,72.0,3.0000003178914727,2.6525908349472744,0.0
24494,"<a href=""statss.aspx?playerid=24494&position=P"">Simeon Woods Richardson</a>",23.0,133.2,4.1745639087221456,4.116604538877094,28.0
20531,"<a href=""statss.aspx?playerid=20531&position=P"">Kutter Crawford</a>",28.0,183.2,4.361161766047359,4.647423598970047,33.0
15761,"<a href=""statss.aspx?playerid=15761&position=P"">Joe Jimenez</a>",29.0,68.2,2.6213593203853613,2.336382660167764,0.0
21504,"<a href=""statss.aspx?playerid=21504&position=P"">Jake Irvin</a>",27.0,187.2,4.412078391911096,4.4080429006512505,33.0
14916,"<a href=""statss.aspx?playerid=14916&position=P"">Jon Gray</a>",32.0,102.2,4.470779373053059,3.702194082250401,19.0
26108,"<a href=""statss.aspx?playerid=26108&position=P"">Andre Pallante</a>",25.0,121.1,3.782967251015966,3.710435853599281,20.0
13125,"<a href=""statss.aspx?playerid=13125&position=P"">Gerrit Cole</a>",33.0,95.0,3.4105263157894736,3.692795567763479,17.0
25550,"<a href=""statss.aspx?playerid=25550&position=P"">Matt Waldron</a>",27.0,146.2,4.909091249576308,4.257388944862308,26.0
27863,"<a href=""statss.aspx?playerid=27863&position=P"">Jared Jones</a>",22.0,121.2,4.1424658400123455,4.004835960197056,22.0
9323,"<a href=""statss.aspx?playerid=9323&position=P"">Patrick Corbin</a>",34.0,174.2,5.616412540838375,4.414571454031656,32.0
19343,"<a href=""statss.aspx?playerid=19343&position=P"">A.J. Puk</a>",29.0,71.1,3.154206169735591,2.872087202447806,4.0
20423,"<a href=""statss.aspx?playerid=20423&position=P"">Ryan Walker</a>",28.0,80.0,1.9125001823902303,2.5164797163009585,1.0
19360,"<a href=""statss.aspx?playerid=19360&position=P"">Lucas Erceg</a>",29.0,61.2,3.356757310487046,2.5340472415313657,0.0
22100,"<a href=""statss.aspx?playerid=22100&position=P"">Jose Soriano</a>",25.0,113.0,3.424778761061947,3.8036479198827156,20.0
20070,"<a href=""statss.aspx?playerid=20070&position=P"">Bailey Falter</a>",27.0,142.1,4.426229666367458,4.3046531210699985,28.0
19899,"<a href=""statss.aspx?playerid=19899&position=P"">Clarke Schmidt</a>",28.0,85.1,2.8476564197335494,3.576636052737014,16.0
29921,"<a href=""statss.aspx?playerid=29921&position=P"">Spencer Arrighetti</a>",24.0,145.0,4.531034810568599,4.180272955083682,28.0
20539,"<a href=""statss.aspx?playerid=20539&position=P"">Edwin Uceta</a>",26.0,41.2,1.5120002307129259,1.7024795549010892,0.0
26389,"<a href=""statss.aspx?playerid=26389&position=P"">DJ Herz</a>",23.0,88.2,4.16165425470264,3.707833177275504,19.0
17586,"<a href=""statss.aspx?playerid=17586&position=P"">Tanner Scott</a>",29.0,72.0,1.7500001390775155,2.9164797584215782,0.0
22210,"<a href=""statss.aspx?playerid=22210&position=P"">Jeremiah Estrada</a>",25.0,61.0,2.9508202257288123,2.068118916490737,0.0
25636,"<a href=""statss.aspx?playerid=25636&position=P"">Hunter Gaddis</a>",26.0,74.2,1.5669644991962568,2.8182654451350713,0.0
16137,"<a href=""statss.aspx?playerid=16137&position=P"">Carlos Rodon</a>",31.0,175.0,3.96,4.389336921146938,32.0
17130,"<a href=""statss.aspx?playerid=17130&position=P"">Raisel Iglesias</a>",34.0,69.1,1.9471155274549283,2.647248970968481,0.0
27597,"<a href=""statss.aspx?playerid=27597&position=P"">Cody Bradford</a>",26.0,76.1,3.53711813961633,3.5856937800221007,13.0
23363,"<a href=""statss.aspx?playerid=23363&position=P"">Robert Garcia</a>",28.0,59.2,4.223464947247836,2.378770046065,0.0
12880,"<a href=""statss.aspx?playerid=12880&position=P"">Tyler Anderson</a>",34.0,179.1,3.8141265022285347,4.660903612496297,31.0
21461,"<a href=""statss.aspx?playerid=21461&position=P"">Cole Sands</a>",26.0,71.1,3.2803744165250146,2.633769402956673,0.0
22543,"<a href=""statss.aspx?playerid=22543&position=P"">Taj Bradley</a>",23.0,138.0,4.108695652173913,4.094016010173853,25.0
6175,"<a href=""statss.aspx?playerid=6175&position=P"">Albert Suarez</a>",34.0,133.2,3.7032421770922257,4.236305296116438,24.0
26231,"<a href=""statss.aspx?playerid=26231&position=P"">Tyler Holton</a>",28.0,94.1,2.194346629907537,3.166479778289795,9.0
31776,"<a href=""statss.aspx?playerid=31776&position=P"">Orion Kerkering</a>",23.0,63.0,2.285714562517749,2.4204479419124745,2.0
25648,"<a href=""statss.aspx?playerid=25648&position=P"">Justin Slaten</a>",26.0,55.1,2.9277111124899173,2.606238762936786,0.0
19350,"<a href=""statss.aspx?playerid=19350&position=P"">Dean Kremer</a>",28.0,129.2,4.095116002501343,4.32329220837492,24.0
19362,"<a href=""statss.aspx?playerid=19362&position=P"">Keegan Akin</a>",29.0,78.2,3.317797360972438,2.9885136363219247,0.0
10123,"<a href=""statss.aspx?playerid=10123&position=P"">Kyle Gibson</a>",36.0,169.2,4.243615185667697,4.421882604049823,30.0
3096,"<a href=""statss.aspx?playerid=3096&position=P"">Kenley Jansen</a>",36.0,54.2,3.2926830800071847,3.001845624289436,0.0
21318,"<a href=""statss.aspx?playerid=21318&position=P"">Tylor Megill</a>",28.0,78.0,4.038461538461538,3.5510951629051797,15.0
24453,"<a href=""statss.aspx?playerid=24453&position=P"">Justin Martinez</a>",22.0,72.2,2.4770645669450064,2.588498046002627,0.0
12970,"<a href=""statss.aspx?playerid=12970&position=P"">Joe Musgrove</a>",31.0,99.2,3.8829432428913244,3.959121938983373,19.0
24586,"<a href=""statss.aspx?playerid=24586&position=P"">Kyle Bradish</a>",27.0,39.1,2.74576280062927,2.505462807767934,8.0
27451,"<a href=""statss.aspx?playerid=27451&position=P"">Alec Marsh</a>",26.0,129.0,4.534883989135031,4.33702248317764,25.0
23150,"<a href=""statss.aspx?playerid=23150&position=P"">Osvaldo Bido</a>",28.0,63.1,3.410526486975343,3.3559534720106474,9.0
20492,"<a href=""statss.aspx?playerid=20492&position=P"">Casey Mize</a>",27.0,102.1,4.485342033477379,3.9482387383729987,20.0
20116,"<a href=""statss.aspx?playerid=20116&position=P"">Calvin Faucher</a>",28.0,53.2,3.186335781208273,2.495672245403843,0.0
25645,"<a href=""statss.aspx?playerid=25645&position=P"">Declan Cronin</a>",26.0,70.1,4.350711687044928,2.5835412842739713,0.0
2520,"<a href=""statss.aspx?playerid=2520&position=P"">Lance Lynn</a>",37.0,117.1,3.835227438979905,4.308525282341589,23.0
13896,"<a href=""statss.aspx?playerid=13896&position=P"">Chris Flexen</a>",29.0,160.0,4.950000177025801,4.797729836627844,30.0
11861,"<a href=""statss.aspx?playerid=11861&position=P"">Jason Adam</a>",32.0,73.2,1.9547512999272498,3.0307331602392917,0.0
23590,"<a href=""statss.aspx?playerid=23590&position=P"">Ben Brown</a>",24.0,55.1,3.578313335242061,3.112262909574006,8.0
14309,"<a href=""statss.aspx?playerid=14309&position=P"">Frankie Montas</a>",31.0,150.2,4.838495779395981,4.7063028521167745,30.0
16561,"<a href=""statss.aspx?playerid=16561&position=P"">Austin Gomber</a>",30.0,165.0,4.745454545454545,4.833146444956462,30.0
19876,"<a href=""statss.aspx?playerid=19876&position=P"">Kevin Ginkel</a>",30.0,70.0,3.2142864149445485,2.852193995495217,0.0
30122,"<a href=""statss.aspx?playerid=30122&position=P"">Gavin Williams</a>",24.0,76.0,4.855263157894737,3.666479778289795,16.0
27707,"<a href=""statss.aspx?playerid=27707&position=P"">Mitch Spence</a>",26.0,151.1,4.579295481240794,4.210532716292747,24.0
19447,"<a href=""statss.aspx?playerid=19447&position=P"">Patrick Sandoval</a>",27.0,79.2,5.08368217065028,3.8694086710216857,16.0
21029,"<a href=""statss.aspx?playerid=21029&position=P"">Jhoan Duran</a>",26.0,54.1,3.644172120280084,2.8535963134172624,0.0
14857,"<a href=""statss.aspx?playerid=14857&position=P"">Joe Mantiply</a>",33.0,59.2,3.921789255687804,2.512848235675161,2.0
7048,"<a href=""statss.aspx?playerid=7048&position=P"">Fernando Cruz</a>",34.0,66.2,4.860001019668793,3.271479800319677,3.0
16944,"<a href=""statss.aspx?playerid=16944&position=P"">Grant Holmes</a>",28.0,68.1,3.556097825667057,3.195748073151252,7.0
23429,"<a href=""statss.aspx?playerid=23429&position=P"">JP Sears</a>",28.0,180.2,4.383764084468382,4.710760308045702,32.0
13649,"<a href=""statss.aspx?playerid=13649&position=P"">Clay Holmes</a>",31.0,63.0,3.1428577137643203,3.023622609482326,0.0
19769,"<a href=""statss.aspx?playerid=19769&position=P"">Will Vest</a>",29.0,70.1,2.815166691109663,2.8252474520946844,0.0
17878,"<a href=""statss.aspx?playerid=17878&position=P"">Dennis Santana</a>",28.0,71.2,3.893024015617622,3.012991376240355,0.0
15551,"<a href=""statss.aspx?playerid=15551&position=P"">Mark Leiter Jr.</a>",33.0,58.0,4.500001183871877,3.287169465213562,0.0
14542,"<a href=""statss.aspx?playerid=14542&position=P"">Carlos Estevez</a>",31.0,55.0,2.4545455396668014,3.2392070535391824,0.0
14168,"<a href=""statss.aspx?playerid=14168&position=P"">Jose Berrios</a>",30.0,192.1,3.6031196793401095,4.715873233475008,32.0
16990,"<a href=""statss.aspx?playerid=16990&position=P"">Tanner Banks</a>",32.0,72.1,3.9815673102272697,3.249429097252863,2.0
4676,"<a href=""statss.aspx?playerid=4676&position=P"">Charlie Morton</a>",40.0,165.1,4.1915323870115095,4.4608346568186015,30.0
13133,"<a href=""statss.aspx?playerid=13133&position=P"">Derek Law</a>",33.0,90.0,2.6000004408095365,3.3220353602185706,0.0
20039,"<a href=""statss.aspx?playerid=20039&position=P"">Adrian Morejon</a>",25.0,63.2,2.8272259214144184,2.789516322101206,0.0
25007,"<a href=""statss.aspx?playerid=25007&position=P"">Alex Vesia</a>",28.0,66.1,1.7638194335898076,3.4529119940009605,0.0
24975,"<a href=""statss.aspx?playerid=24975&position=P"">Cooper Criswell</a>",27.0,99.1,4.077181260245679,4.153056972127021,18.0
13273,"<a href=""statss.aspx?playerid=13273&position=P"">Ross Stripling</a>",34.0,85.1,6.011719242698786,3.893042337836237,14.0
16258,"<a href=""statss.aspx?playerid=16258&position=P"">Aaron Bummer</a>",30.0,55.1,3.5783140753123446,2.226720526187563,0.0
20020,"<a href=""statss.aspx?playerid=20020&position=P"">John Schreiber</a>",30.0,51.2,3.65806523635672,3.0309958806469535,0.0
10233,"<a href=""statss.aspx?playerid=10233&position=P"">Aroldis Chapman</a>",36.0,61.2,3.7945949858170573,3.0367500351849386,0.0
22264,"<a href=""statss.aspx?playerid=22264&position=P"">Shane Baz</a>",25.0,79.1,3.063025406462431,4.074042861686071,14.0
14710,"<a href=""statss.aspx?playerid=14710&position=P"">Edwin Diaz</a>",30.0,53.2,3.521739547651249,3.017411437648472,0.0
33838,"<a href=""statss.aspx?playerid=33838&position=P"">Yariel Rodriguez</a>",27.0,86.2,4.465384746416085,4.3434028897482975,21.0
23796,"<a href=""statss.aspx?playerid=23796&position=P"">Ryan Weathers</a>",24.0,86.2,3.634615491268906,4.112633652207415,16.0
13074,"<a href=""statss.aspx?playerid=13074&position=P"">Yu Darvish</a>",37.0,81.2,3.3061225519335236,4.084847153826885,16.0
31730,"<a href=""statss.aspx?playerid=31730&position=P"">Jonathan Cannon</a>",23.0,124.1,4.487935840430205,4.646372600223769,21.0
30056,"<a href=""statss.aspx?playerid=30056&position=P"">David Festa</a>",24.0,64.1,4.8963730811893535,3.7571533563380344,13.0
20099,"<a href=""statss.aspx?playerid=20099&position=P"">Chris Paddack</a>",28.0,88.1,4.992453117655808,4.1853477614848575,17.0
11423,"<a href=""statss.aspx?playerid=11423&position=P"">Jose Quintana</a>",35.0,170.1,3.751467822393065,4.563740093985491,31.0
21741,"<a href=""statss.aspx?playerid=21741&position=P"">Javier Assad</a>",26.0,147.0,3.7346938775510203,4.635867533391836,29.0
20548,"<a href=""statss.aspx?playerid=20548&position=P"">Bowden Francis</a>",28.0,103.2,3.299035450706248,4.362621286732996,13.0
29911,"<a href=""statss.aspx?playerid=29911&position=P"">Andrew Abbott</a>",25.0,138.0,3.717391304347826,5.0432913724926935,25.0
12572,"<a href=""statss.aspx?playerid=12572&position=P"">Blake Treinen</a>",36.0,46.2,1.9285715336702365,2.9950511975191074,0.0
17722,"<a href=""statss.aspx?playerid=17722&position=P"">Trevor Megill</a>",30.0,46.1,2.7194247589577607,3.1017315697431815,0.0
16918,"<a href=""statss.aspx?playerid=16918&position=P"">Luke Weaver</a>",30.0,84.0,2.8928576683512492,3.3331464752318425,0.0
25385,"<a href=""statss.aspx?playerid=25385&position=P"">Drew Rasmussen</a>",28.0,28.2,2.8255816460171763,1.3525261289948178,4.0
25139,"<a href=""statss.aspx?playerid=25139&position=P"">Tim Herrin</a>",27.0,65.2,1.9187822460610529,2.8619111678039135,0.0
23313,"<a href=""statss.aspx?playerid=23313&position=P"">Jose Butto</a>",26.0,74.0,2.554054185715453,3.828641974586394,7.0
14212,"<a href=""statss.aspx?playerid=14212&position=P"">Josh Hader</a>",30.0,71.0,3.80281731004498,3.5045079836271267,0.0
16256,"<a href=""statss.aspx?playerid=16256&position=P"">Kyle Freeland</a>",31.0,113.1,5.241176705805911,4.904715150417345,21.0
23055,"<a href=""statss.aspx?playerid=23055&position=P"">Dedniel Nunez</a>",28.0,35.0,2.314286218760075,2.2236224299060607,0.0
22286,"<a href=""statss.aspx?playerid=22286&position=P"">Trevor Rogers</a>",26.0,124.1,4.92225221208474,4.517686267881684,25.0
27646,"<a href=""statss.aspx?playerid=27646&position=P"">Luis L. Ortiz</a>",25.0,135.2,3.316953472397707,4.2500179126063795,15.0
13431,"<a href=""statss.aspx?playerid=13431&position=P"">Marcus Stroman</a>",33.0,154.2,4.306034765969294,4.621221253279422,29.0
27517,"<a href=""statss.aspx?playerid=27517&position=P"">Jared Koenig</a>",30.0,62.0,2.4677423150681395,3.2793830214628477,6.0
21455,"<a href=""statss.aspx?playerid=21455&position=P"">Kris Bubic</a>",26.0,30.1,2.6703299501785813,1.9466994306773566,0.0
16866,"<a href=""statss.aspx?playerid=16866&position=P"">Reed Garrett</a>",31.0,57.1,3.7674424453579465,3.3060146836734225,0.0
19479,"<a href=""statss.aspx?playerid=19479&position=P"">Aaron Civale</a>",29.0,161.0,4.360248653826442,4.737908424184511,31.0
13346,"<a href=""statss.aspx?playerid=13346&position=P"">Hoby Milner</a>",33.0,64.2,4.731960065535731,3.135551934724202,1.0
11847,"<a href=""statss.aspx?playerid=11847&position=P"">Chris Martin</a>",38.0,44.1,3.4511279185338966,2.7830211206749174,0.0
26413,"<a href=""statss.aspx?playerid=26413&position=P"">Porter Hodge</a>",23.0,43.0,1.8837212644570398,2.7478750528548974,0.0
17734,"<a href=""statss.aspx?playerid=17734&position=P"">Evan Phillips</a>",29.0,54.2,3.6219516407514947,3.2762358886155982,0.0
12972,"<a href=""statss.aspx?playerid=12972&position=P"">Joe Ross</a>",31.0,74.0,3.7702703674489193,3.8286419575191752,10.0
15440,"<a href=""statss.aspx?playerid=15440&position=P"">Matthew Boyd</a>",33.0,39.2,2.7226892501888273,3.292530206539278,8.0
30115,"<a href=""statss.aspx?playerid=30115&position=P"">Robert Suarez</a>",33.0,65.0,2.769231094270101,3.4895567392879734,0.0
16647,"<a href=""statss.aspx?playerid=16647&position=P"">Ryan Thompson</a>",32.0,66.1,3.256282031242722,3.302158196258242,0.0
19742,"<a href=""statss.aspx?playerid=19742&position=P"">Anthony Bender</a>",29.0,53.0,4.07547257811476,2.9211967064588142,0.0
16609,"<a href=""statss.aspx?playerid=16609&position=P"">Bryan Abreu</a>",27.0,78.1,3.102127860998786,3.4856287351826745,0.0
33876,"<a href=""statss.aspx?playerid=33876&position=P"">Rhett Lowder</a>",22.0,30.2,1.1739130678158858,3.101262385633357,6.0
7005,"<a href=""statss.aspx?playerid=7005&position=P"">Ryan Pressly</a>",35.0,56.2,3.4941180390883098,3.0958915350758898,0.0
13619,"<a href=""statss.aspx?playerid=13619&position=P"">Jakob Junis</a>",31.0,67.0,2.686567278900457,3.6888678602982172,6.0
15816,"<a href=""statss.aspx?playerid=15816&position=P"">Devin Williams</a>",29.0,21.2,1.2461538827207677,2.058787438093557,0.0
27758,"<a href=""statss.aspx?playerid=27758&position=P"">Kyle Harrison</a>",22.0,124.1,4.560321902372627,4.332699665139938,24.0
14524,"<a href=""statss.aspx?playerid=14524&position=P"">Jose Leclerc</a>",30.0,66.2,4.320000659179788,3.481479826354988,0.0
12317,"<a href=""statss.aspx?playerid=12317&position=P"">Colin Rea</a>",33.0,167.2,4.294234755280374,4.752960951768378,27.0
14932,"<a href=""statss.aspx?playerid=14932&position=P"">Ben Lively</a>",32.0,151.0,3.814569536423841,4.656546003455358,29.0
11828,"<a href=""statss.aspx?playerid=11828&position=P"">James Paxton</a>",35.0,100.1,4.395349101803653,4.791064593695681,21.0
19996,"<a href=""statss.aspx?playerid=19996&position=P"">Dylan Lee</a>",29.0,59.2,2.1117322036030868,2.998881984353042,0.0
25376,"<a href=""statss.aspx?playerid=25376&position=P"">Nick Mears</a>",27.0,57.2,5.930637178565033,3.3919133552527936,0.0
25679,"<a href=""statss.aspx?playerid=25679&position=P"">Kevin Kelly</a>",26.0,70.2,2.6745289756380055,3.2655364070171284,0.0
19427,"<a href=""statss.aspx?playerid=19427&position=P"">Shane Bieber</a>",29.0,12.0,0.0,0.08314644495646206,2.0
30133,"<a href=""statss.aspx?playerid=30133&position=P"">Brant Hurter</a>",25.0,45.1,2.580882425332979,3.0341268334009244,1.0
26079,"<a href=""statss.aspx?playerid=26079&position=P"">Beau Brieske</a>",26.0,67.2,3.591133544791618,3.5063813072206895,12.0
19926,"<a href=""statss.aspx?playerid=19926&position=P"">Tony Santillan</a>",27.0,30.0,3.000000572204699,2.733146362304672,1.0
24719,"<a href=""statss.aspx?playerid=24719&position=P"">Randy Vasquez</a>",25.0,98.0,4.86734693877551,4.697092023187754,20.0
24862,"<a href=""statss.aspx?playerid=24862&position=P"">Ryan Fernandez</a>",26.0,66.2,3.5100005355835777,3.3464798057556195,0.0
26257,"<a href=""statss.aspx?playerid=26257&position=P"">Joey Estes</a>",22.0,127.2,5.005222256154438,4.936714879840504,24.0
19924,"<a href=""statss.aspx?playerid=19924&position=P"">Bryan Hudson</a>",27.0,62.1,1.7326204622336372,3.5996348938482043,0.0
19614,"<a href=""statss.aspx?playerid=19614&position=P"">Cionel Perez</a>",28.0,53.2,4.527951168832941,3.2969145856224316,0.0
25942,"<a href=""statss.aspx?playerid=25942&position=P"">Andrew Nardi</a>",25.0,49.2,5.073826542556362,3.327553636783648,0.0
19959,"<a href=""statss.aspx?playerid=19959&position=P"">Jesus Luzardo</a>",26.0,66.2,4.995000190544135,4.261479820060732,12.0
22533,"<a href=""statss.aspx?playerid=22533&position=P"">Michel Otanez</a>",26.0,34.0,3.441177242767613,2.7253032087042035,0.0
15507,"<a href=""statss.aspx?playerid=15507&position=P"">Hunter Harvey</a>",29.0,50.2,4.440790198103661,3.521742994138088,0.0
12857,"<a href=""statss.aspx?playerid=12857&position=P"">Shawn Armstrong</a>",33.0,66.2,4.860000533008634,3.571479822707181,7.0
16300,"<a href=""statss.aspx?playerid=16300&position=P"">Jesus Tinoco</a>",29.0,40.2,3.319672572295656,3.166479778289795,0.0
14843,"<a href=""statss.aspx?playerid=14843&position=P"">Michael Lorenzen</a>",32.0,130.1,3.3145781344666205,4.892822556657826,24.0
8700,"<a href=""statss.aspx?playerid=8700&position=P"">Justin Verlander</a>",41.0,90.1,5.479705105585477,4.782716031654401,17.0
29812,"<a href=""statss.aspx?playerid=29812&position=P"">Robert Gasser</a>",25.0,28.0,2.5714285714285716,3.3807654925755095,5.0
19481,"<a href=""statss.aspx?playerid=19481&position=P"">Tyler Ferguson</a>",30.0,51.1,3.681818546623978,3.283362906754048,0.0
19274,"<a href=""statss.aspx?playerid=19274&position=P"">Jacob Webb</a>",30.0,56.2,3.0176478036796532,3.5194210418780587,0.0
2036,"<a href=""statss.aspx?playerid=2036&position=P"">Clayton Kershaw</a>",36.0,30.0,4.500000286102313,3.533146468268502,7.0
23455,"<a href=""statss.aspx?playerid=23455&position=P"">Hunter Stratton</a>",27.0,37.2,3.584071764399912,3.2461258174986822,0.0
16207,"<a href=""statss.aspx?playerid=16207&position=P"">Spencer Turnbull</a>",31.0,54.1,2.6503068104915224,3.8474613893188674,7.0
6107,"<a href=""statss.aspx?playerid=6107&position=P"">Huascar Brazoban</a>",34.0,51.2,3.8322588190403737,3.3213185184530425,0.0
11156,"<a href=""statss.aspx?playerid=11156&position=P"">Merrill Kelly</a>",35.0,73.2,4.0316743473268515,4.252452666458644,13.0
27468,"<a href=""statss.aspx?playerid=27468&position=P"">Reid Detmers</a>",24.0,87.1,6.69847367255953,4.723731777380557,17.0
24017,"<a href=""statss.aspx?playerid=24017&position=P"">Jose A. Ferrer</a>",24.0,32.0,3.3750008046628963,2.7602296814322242,0.0
19261,"<a href=""statss.aspx?playerid=19261&position=P"">Ian Hamilton</a>",29.0,37.2,3.823009882026573,3.033736379608317,0.0
17192,"<a href=""statss.aspx?playerid=17192&position=P"">Jalen Beeks</a>",30.0,70.0,4.500001103537694,3.995051410052291,0.0
31461,"<a href=""statss.aspx?playerid=31461&position=P"">Ben Joyce</a>",23.0,34.2,2.076923457828569,3.195325937426303,1.0
20373,"<a href=""statss.aspx?playerid=20373&position=P"">Andres Munoz</a>",25.0,59.1,2.1235958241917205,3.3518730645287547,0.0
21448,"<a href=""statss.aspx?playerid=21448&position=P"">Davis Martin</a>",27.0,50.0,4.320000164794928,4.266479820251467,10.0
29869,"<a href=""statss.aspx?playerid=29869&position=P"">Michael McGreevy</a>",23.0,23.0,1.9565217391304348,2.5577841261158816,3.0
10315,"<a href=""statss.aspx?playerid=10315&position=P"">Michael Tonkin</a>",34.0,79.1,3.6302528572609387,3.443790760441672,0.0
3137,"<a href=""statss.aspx?playerid=3137&position=P"">Max Scherzer</a>",39.0,43.1,3.946153961949098,4.18186442346968,9.0
16511,"<a href=""statss.aspx?playerid=16511&position=P"">Jordan Montgomery</a>",31.0,117.0,6.230769281556621,4.4827191052578605,21.0
25911,"<a href=""statss.aspx?playerid=25911&position=P"">Yennier Cano</a>",30.0,60.0,3.1500010013583504,3.549813233481552,0.0
27572,"<a href=""statss.aspx?playerid=27572&position=P"">Carmen Mlodzinski</a>",25.0,50.2,3.375000169402683,3.363848209249016,4.0
23550,"<a href=""statss.aspx?playerid=23550&position=P"">Aaron Ashby</a>",26.0,28.1,2.8588238501631626,2.813538562220269,2.0
17780,"<a href=""statss.aspx?playerid=17780&position=P"">Jose Alvarado</a>",29.0,61.2,4.086486907802985,3.7989122759259715,0.0
13394,"<a href=""statss.aspx?playerid=13394&position=P"">Dylan Floro</a>",33.0,68.2,3.800971542455241,3.5014312935253145,0.0
21844,"<a href=""statss.aspx?playerid=21844&position=P"">Braxton Garrett</a>",26.0,37.0,5.351351351351352,3.815128426938444,7.0
17998,"<a href=""statss.aspx?playerid=17998&position=P"">Pete Fairbanks</a>",30.0,45.1,3.573529511999509,3.4973621405119717,0.0
15541,"<a href=""statss.aspx?playerid=15541&position=P"">Tyler Rogers</a>",33.0,70.1,2.81516608036031,3.564584072482162,0.0
26304,"<a href=""statss.aspx?playerid=26304&position=P"">Bryan Hoeing</a>",27.0,53.2,2.180124559362415,3.3155481242291054,2.0
14706,"<a href=""statss.aspx?playerid=14706&position=P"">Anthony Banda</a>",30.0,49.2,3.080537543694934,3.669835586083085,2.0
27688,"<a href=""statss.aspx?playerid=27688&position=P"">Jack Kochanowicz</a>",23.0,65.1,3.9948982701903573,4.620561524144523,11.0
21690,"<a href=""statss.aspx?playerid=21690&position=P"">Edward Cabrera</a>",26.0,96.1,4.951557354860793,4.682050792565845,20.0
17948,"<a href=""statss.aspx?playerid=17948&position=P"">Trent Thornton</a>",30.0,72.1,3.608295565186877,3.470627297194436,0.0
19976,"<a href=""statss.aspx?playerid=19976&position=P"">Tyson Miller</a>",28.0,62.0,2.3225810024170723,3.6664798551990265,0.0
14814,"<a href=""statss.aspx?playerid=14814&position=P"">Buck Farmer</a>",33.0,71.0,3.042253848035984,3.997465783077402,1.0
30076,"<a href=""statss.aspx?playerid=30076&position=P"">Landen Roupp</a>",25.0,50.1,3.5761593017739104,3.4247579500845777,4.0
23974,"<a href=""statss.aspx?playerid=23974&position=P"">Randy Rodriguez</a>",24.0,52.1,4.29936394526472,3.338454336100384,1.0
13293,"<a href=""statss.aspx?playerid=13293&position=P"">Danny Coulombe</a>",34.0,29.2,2.1235962337866736,2.8294010110220693,0.0
19312,"<a href=""statss.aspx?playerid=19312&position=P"">Cal Quantrill</a>",29.0,148.1,4.975281069475875,5.31704164978411,29.0
14332,"<a href=""statss.aspx?playerid=14332&position=P"">Joel Payamps</a>",30.0,59.0,3.0508478521376596,3.7258018845150325,0.0
27552,"<a href=""statss.aspx?playerid=27552&position=P"">Graham Ashcraft</a>",26.0,77.1,5.237069309962655,4.821652300944659,15.0
27487,"<a href=""statss.aspx?playerid=27487&position=P"">Landon Knack</a>",26.0,69.0,3.6521740644775913,4.717204480270359,12.0
20375,"<a href=""statss.aspx?playerid=20375&position=P"">Greg Weissert</a>",29.0,63.1,3.1263164171552993,3.7191114681909845,0.0
22304,"<a href=""statss.aspx?playerid=22304&position=P"">Brenan Hanifee</a>",26.0,29.1,1.8409095298161253,3.098297943852161,3.0
21520,"<a href=""statss.aspx?playerid=21520&position=P"">Hogan Harris</a>",27.0,72.1,2.8617513533035033,4.2309959821756395,9.0
30055,"<a href=""statss.aspx?playerid=30055&position=P"">Cade Povich</a>",24.0,79.2,5.19665288555362,4.785726691904329,16.0
20271,"<a href=""statss.aspx?playerid=20271&position=P"">Daysbel Hernandez</a>",27.0,18.0,2.500000529819177,2.110923999032809,0.0
6902,"<a href=""statss.aspx?playerid=6902&position=P"">Martin Perez</a>",33.0,135.0,4.533333461431813,4.899813160601958,26.0
19618,"<a href=""statss.aspx?playerid=19618&position=P"">Jordan Hicks</a>",27.0,109.2,4.103343595883852,4.370127233082393,20.0
16269,"<a href=""statss.aspx?playerid=16269&position=P"">John Means</a>",31.0,20.2,2.6129033061889926,3.3116410730780723,4.0
14771,"<a href=""statss.aspx?playerid=14771&position=P"">Emilio Pagan</a>",33.0,38.0,4.500000451740511,3.7717429969449516,1.0
16814,"<a href=""statss.aspx?playerid=16814&position=P"">Tim Hill</a>",34.0,67.0,3.358209624431877,3.5694649332216204,0.0
17536,"<a href=""statss.aspx?playerid=17536&position=P"">Ryan Burr</a>",30.0,32.2,4.1326539862014,3.074643023040875,4.0
13435,"<a href=""statss.aspx?playerid=13435&position=P"">Pierce Johnson</a>",33.0,56.1,3.6745567936168775,3.610266830658983,0.0
23307,"<a href=""statss.aspx?playerid=23307&position=P"">Collin Snider</a>",28.0,41.2,1.9440002966309047,3.4064798149108944,0.0
30160,"<a href=""statss.aspx?playerid=30160&position=P"">Richard Fitts</a>",24.0,20.2,1.7419355374593284,3.3116410730780723,4.0
1247,"<a href=""statss.aspx?playerid=1247&position=P"">Adam Ottavino</a>",38.0,56.0,4.339286601057039,3.666479880469207,0.0
19677,"<a href=""statss.aspx?playerid=19677&position=P"">Gregory Soto</a>",29.0,53.0,4.415095134068459,3.675913832220771,0.0
14739,"<a href=""statss.aspx?playerid=14739&position=P"">Paul Blackburn</a>",30.0,75.1,4.659292114043313,4.626656794086845,14.0
30107,"<a href=""statss.aspx?playerid=30107&position=P"">Christian Scott</a>",25.0,47.1,4.56338040428109,4.603099535193101,9.0
27582,"<a href=""statss.aspx?playerid=27582&position=P"">Davis Daniel</a>",27.0,30.1,6.2307694919615315,4.155490808759879,6.0
23335,"<a href=""statss.aspx?playerid=23335&position=P"">Joey Cantillo</a>",24.0,38.2,4.887931114853351,4.071652206966341,8.0
14874,"<a href=""statss.aspx?playerid=14874&position=P"">Sam Moll</a>",32.0,37.2,3.3451336467732515,3.458515255389047,0.0
26252,"<a href=""statss.aspx?playerid=26252&position=P"">Erik Miller</a>",26.0,67.1,3.8762382459739664,3.6714303543936833,10.0
12988,"<a href=""statss.aspx?playerid=12988&position=P"">Andrew Chafin</a>",34.0,56.1,3.514793692773603,3.5392609275233595,0.0
24737,"<a href=""statss.aspx?playerid=24737&position=P"">Gus Varland</a>",27.0,26.1,3.4177220553432743,3.128505088785981,0.0
27889,"<a href=""statss.aspx?playerid=27889&position=P"">J.T. Ginn</a>",25.0,34.0,4.235294355240674,3.9605974698974213,6.0
29878,"<a href=""statss.aspx?playerid=29878&position=P"">Sean Burke</a>",24.0,19.0,1.4210526315789473,3.3243745151319004,3.0
20191,"<a href=""statss.aspx?playerid=20191&position=P"">Garrett Whitlock</a>",28.0,18.1,1.9636364998305234,3.330116153275672,4.0
29514,"<a href=""statss.aspx?playerid=29514&position=P"">River Ryan</a>",25.0,20.1,1.3278689354986557,3.3632011020673733,4.0
12049,"<a href=""statss.aspx?playerid=12049&position=P"">Kyle Hendricks</a>",34.0,130.2,5.923469675972495,4.98025537674649,24.0
25890,"<a href=""statss.aspx?playerid=25890&position=P"">Bryan King</a>",27.0,26.1,2.392405698666698,2.710783454734234,0.0
21649,"<a href=""statss.aspx?playerid=21649&position=P"">Luis Medina</a>",25.0,40.0,5.175,4.441479778289795,8.0
12095,"<a href=""statss.aspx?playerid=12095&position=P"">Yimi Garcia</a>",33.0,39.0,3.461539138703789,3.730582452745228,0.0
17034,"<a href=""statss.aspx?playerid=17034&position=P"">Sean Reid-Foley</a>",28.0,21.2,1.66153880282979,2.7972489332165082,0.0
17677,"<a href=""statss.aspx?playerid=17677&position=P"">Jeffrey Springs</a>",31.0,33.0,3.272727272727273,3.9846615964716134,7.0
17282,"<a href=""statss.aspx?playerid=17282&position=P"">Michael Kopech</a>",28.0,67.2,3.458128501212496,4.02362274012879,0.0
20045,"<a href=""statss.aspx?playerid=20045&position=P"">Sean Guenther</a>",28.0,21.0,0.8571430906958146,2.595051051159252,0.0
23221,"<a href=""statss.aspx?playerid=23221&position=P"">Michael Grove</a>",27.0,51.0,5.117647441613249,3.8723621840295537,2.0
10954,"<a href=""statss.aspx?playerid=10954&position=P"">Jacob deGrom</a>",36.0,10.2,1.687500100582844,2.322729727998373,3.0
24978,"<a href=""statss.aspx?playerid=24978&position=P"">Erik Sabrowski</a>",26.0,12.2,0.0,1.1138477872282349,0.0
19330,"<a href=""statss.aspx?playerid=19330&position=P"">Matt Festa</a>",31.0,23.2,5.704226424783652,3.377747423652153,0.0
5615,"<a href=""statss.aspx?playerid=5615&position=P"">Ryan Brasier</a>",36.0,28.0,3.5357147674171947,3.3093369406096813,4.0
17968,"<a href=""statss.aspx?playerid=17968&position=P"">Brock Burke</a>",27.0,34.0,5.823530555184137,3.872362269827266,1.0
25420,"<a href=""statss.aspx?playerid=25420&position=P"">Ryan Zeferjahn</a>",26.0,17.0,2.1176472964171573,2.4605973461507427,0.0
18323,"<a href=""statss.aspx?playerid=18323&position=P"">Josh Sborz</a>",30.0,16.1,3.8571436078487333,2.6154592628828333,0.0
18383,"<a href=""statss.aspx?playerid=18383&position=P"">Michael Soroka</a>",26.0,79.2,4.744770253135191,4.9489066987797345,9.0
19244,"<a href=""statss.aspx?playerid=19244&position=P"">Cole Irvin</a>",30.0,111.0,5.108108590866592,4.815128582749383,16.0
22294,"<a href=""statss.aspx?playerid=22294&position=P"">Matthew Liberatore</a>",24.0,86.0,4.395349617066426,4.1083404105183154,6.0
12784,"<a href=""statss.aspx?playerid=12784&position=P"">Burch Smith</a>",34.0,56.1,4.952663672128739,3.663521293772249,0.0
24614,"<a href=""statss.aspx?playerid=24614&position=P"">Victor Vodnik</a>",24.0,73.2,4.2760186900168975,4.1845794663890565,0.0
13892,"<a href=""statss.aspx?playerid=13892&position=P"">Paul Sewald</a>",34.0,39.2,4.31092464613231,3.947992433436588,0.0
24763,"<a href=""statss.aspx?playerid=24763&position=P"">Kyle Leahy</a>",27.0,48.2,4.068494001099888,3.556890818799381,0.0
25582,"<a href=""statss.aspx?playerid=25582&position=P"">Brady Basso</a>",26.0,22.1,4.029850803629332,3.8828976989350097,4.0
3237,"<a href=""statss.aspx?playerid=3237&position=P"">T.J. McFarland</a>",35.0,56.2,3.81176641655705,3.819421247792623,0.0
33826,"<a href=""statss.aspx?playerid=33826&position=P"">Yuki Matsui</a>",28.0,62.2,3.7340433866313623,3.9164799456901114,0.0
20203,"<a href=""statss.aspx?playerid=20203&position=P"">Eli Morgan</a>",28.0,42.0,1.928571778900833,3.6426703409813586,0.0
29770,"<a href=""statss.aspx?playerid=29770&position=P"">Mason Montgomery</a>",24.0,9.2,1.8620692716909724,1.200962213727102,0.0
24977,"<a href=""statss.aspx?playerid=24977&position=P"">Shawn Dubin</a>",28.0,45.1,4.169117851704884,3.7179503935946743,2.0
31184,"<a href=""statss.aspx?playerid=31184&position=P"">Luis Guerrero</a>",23.0,10.0,0.0,1.9664795494079155,0.0
19459,"<a href=""statss.aspx?playerid=19459&position=P"">Jorge Alcala</a>",28.0,58.1,3.2400004943848413,4.143622784532843,0.0
29608,"<a href=""statss.aspx?playerid=29608&position=P"">Joe Boyle</a>",24.0,47.2,6.419580890518067,4.676969399588164,10.0
21481,"<a href=""statss.aspx?playerid=21481&position=P"">Sean Hjelle</a>",27.0,80.2,3.9049591701235395,3.625157522082084,0.0
10061,"<a href=""statss.aspx?playerid=10061&position=P"">Brooks Raley</a>",36.0,7.0,0.0,1.8807653174108157,0.0
12828,"<a href=""statss.aspx?playerid=12828&position=P"">Andrew Kittredge</a>",34.0,70.2,2.801887498287434,3.9589328081084636,0.0
25386,"<a href=""statss.aspx?playerid=25386&position=P"">Jhony Brito</a>",26.0,43.2,4.1221380047598695,3.7160981789244443,0.0
19531,"<a href=""statss.aspx?playerid=19531&position=P"">Jason Foley</a>",28.0,60.0,3.1500006008149337,3.81647990226748,0.0
12997,"<a href=""statss.aspx?playerid=12997&position=P"">Colten Brewer</a>",31.0,20.2,5.661291019229399,3.118092675561339,0.0
24203,"<a href=""statss.aspx?playerid=24203&position=P"">Luis Peralta</a>",23.0,12.1,0.7297299742438256,2.5989120205445975,0.0
13164,"<a href=""statss.aspx?playerid=13164&position=P"">Eduardo Rodriguez</a>",31.0,50.0,5.040000384521513,4.566479885101327,10.0
16061,"<a href=""statss.aspx?playerid=16061&position=P"">Cam Booser</a>",32.0,42.2,3.3750005029142653,3.7992923725862204,0.0
20997,"<a href=""statss.aspx?playerid=20997&position=P"">Eduard Bazardo</a>",28.0,27.2,4.8795185208165295,2.6966002170259813,0.0
26259,"<a href=""statss.aspx?playerid=26259&position=P"">Hunter Bigge</a>",26.0,17.1,2.5961541883736063,2.7626335712094563,1.0
6562,"<a href=""statss.aspx?playerid=6562&position=P"">Alex Cobb</a>",36.0,16.1,2.7551022553036946,3.288928767414404,3.0
14975,"<a href=""statss.aspx?playerid=14975&position=P"">Chad Kuhl</a>",31.0,53.1,5.0625004827976685,4.10397986769677,1.0
19349,"<a href=""statss.aspx?playerid=19349&position=P"">Caleb Ferguson</a>",27.0,54.1,4.638038220891119,3.7370320991137027,0.0
17606,"<a href=""statss.aspx?playerid=17606&position=P"">Cristian Javier</a>",27.0,34.2,3.8942310549098567,4.7530183562160335,7.0
21487,"<a href=""statss.aspx?playerid=21487&position=P"">Stephen Kolek</a>",27.0,46.2,5.207143566559869,3.573622690901472,0.0
6984,"<a href=""statss.aspx?playerid=6984&position=P"">Luis Garcia</a>",37.0,59.0,4.881356642322375,4.047835838709113,0.0
7146,"<a href=""statss.aspx?playerid=7146&position=P"">Daniel Hudson</a>",37.0,63.0,3.0000001816522617,4.182352855674688,0.0
18548,"<a href=""statss.aspx?playerid=18548&position=P"">Sam Hentges</a>",27.0,23.2,3.042254583581994,3.166479778289795,0.0
22051,"<a href=""statss.aspx?playerid=22051&position=P"">John King</a>",29.0,60.0,2.8500009059908886,3.733146625095001,0.0
30085,"<a href=""statss.aspx?playerid=30085&position=P"">Ben Casparius</a>",25.0,8.1,2.160000082397464,1.7264797233581524,0.0
22253,"<a href=""statss.aspx?playerid=22253&position=P"">Sean Reynolds</a>",26.0,11.0,0.8181819600507494,0.9846612181544634,0.0
29628,"<a href=""statss.aspx?playerid=29628&position=P"">Alek Jacob</a>",26.0,14.2,2.454545720549683,2.280116045869076,0.0
27779,"<a href=""statss.aspx?playerid=27779&position=P"">Bryce Elder</a>",25.0,49.2,6.523490266914638,4.555741594391987,10.0
20447,"<a href=""statss.aspx?playerid=20447&position=P"">Enoli Paredes</a>",28.0,21.2,1.66153880282979,3.3510952008264385,0.0
20369,"<a href=""statss.aspx?playerid=20369&position=P"">Matt Manning</a>",26.0,27.2,4.8795185208165295,4.214672645724457,5.0
17796,"<a href=""statss.aspx?playerid=17796&position=P"">Dillon Tate</a>",30.0,36.2,4.663637050991317,3.7119344041367333,0.0
22387,"<a href=""statss.aspx?playerid=22387&position=P"">Josh Winckowski</a>",26.0,76.0,4.144737258182049,4.482269384061874,6.0
30140,"<a href=""statss.aspx?playerid=30140&position=P"">Ty Madden</a>",24.0,23.0,4.304347826086956,3.992566734811534,1.0
22192,"<a href=""statss.aspx?playerid=22192&position=P"">Hans Crouse</a>",25.0,25.1,2.842105619795149,3.7585851157471177,0.0
26952,"<a href=""statss.aspx?playerid=26952&position=P"">Anthony Molina</a>",22.0,59.2,6.787710003495563,4.088267556542279,1.0
20794,"<a href=""statss.aspx?playerid=20794&position=P"">Manuel Rodriguez</a>",27.0,37.2,2.15044284085347,3.6709046421936957,0.0
17755,"<a href=""statss.aspx?playerid=17755&position=P"">Drew Smith</a>",30.0,17.2,3.056604873587005,3.5627063359769995,0.0
18335,"<a href=""statss.aspx?playerid=18335&position=P"">Josh Staumont</a>",30.0,24.1,3.698630620176579,3.536342840307453,0.0
18769,"<a href=""statss.aspx?playerid=18769&position=P"">Cody Poteet</a>",29.0,24.1,2.219178111183194,4.029493488194371,4.0
15094,"<a href=""statss.aspx?playerid=15094&position=P"">Rob Zastryzny</a>",32.0,7.2,1.1739134328803793,2.644740474787404,3.0
18311,"<a href=""statss.aspx?playerid=18311&position=P"">Carson Fulmer</a>",30.0,86.2,4.153846458570514,4.504941414940294,8.0
21132,"<a href=""statss.aspx?playerid=21132&position=P"">Alexis Diaz</a>",27.0,56.1,3.994083200857237,4.568846768813003,0.0
15068,"<a href=""statss.aspx?playerid=15068&position=P"">Yency Almonte</a>",30.0,15.2,3.446809070150346,3.3579691710759256,0.0
15467,"<a href=""statss.aspx?playerid=15467&position=P"">Marco Gonzales</a>",32.0,33.2,4.544554798734668,4.7110343504087675,7.0
18864,"<a href=""statss.aspx?playerid=18864&position=P"">Pedro Avila</a>",27.0,82.2,3.810484339865942,3.8922863192166415,0.0
7836,"<a href=""statss.aspx?playerid=7836&position=P"">Hunter Strickland</a>",35.0,73.1,3.313636938205535,4.448298182369302,0.0
26034,"<a href=""statss.aspx?playerid=26034&position=P"">Anthony Maldonado</a>",26.0,19.0,5.684210811625571,3.798058757359303,1.0
22713,"<a href=""statss.aspx?playerid=22713&position=P"">Carlos Hernandez</a>",27.0,30.0,3.3000006294251687,3.499813175201428,0.0
16201,"<a href=""statss.aspx?playerid=16201&position=P"">Justin Anderson</a>",31.0,53.1,4.387501046061765,4.216480028629363,0.0
17969,"<a href=""statss.aspx?playerid=17969&position=P"">Peter Lambert</a>",27.0,61.1,5.722826472555783,4.536045087961265,3.0
14527,"<a href=""statss.aspx?playerid=14527&position=P"">Jorge Lopez</a>",31.0,53.0,2.8867928683864474,3.940064795308386,0.0
17888,"<a href=""statss.aspx?playerid=17888&position=P"">Tayler Saucedo</a>",31.0,38.2,3.491380917757391,3.7613076383521653,0.0
24606,"<a href=""statss.aspx?playerid=24606&position=P"">Josh Winder</a>",27.0,9.0,3.0,1.9442575560675728,0.0
16835,"<a href=""statss.aspx?playerid=16835&position=P"">Brennan Bernardino</a>",32.0,51.0,4.058824895575432,4.146872265143764,3.0
22717,"<a href=""statss.aspx?playerid=22717&position=P"">Angel Zerpa</a>",24.0,53.2,3.85714386243601,3.967722223143652,0.0
21894,"<a href=""statss.aspx?playerid=21894&position=P"">Gregory Santos</a>",24.0,7.1,4.90909239871488,2.348297711837315,0.0
10078,"<a href=""statss.aspx?playerid=10078&position=P"">Caleb Thielbar</a>",37.0,47.1,5.323945521268489,4.096057567717627,0.0
13652,"<a href=""statss.aspx?playerid=13652&position=P"">Tayler Scott</a>",32.0,68.2,2.22815566989279,4.127644969223939,1.0
17170,"<a href=""statss.aspx?playerid=17170&position=P"">Gabe Speier</a>",29.0,23.2,5.704226884499908,3.5045080381120117,0.0
22207,"<a href=""statss.aspx?playerid=22207&position=P"">DL Hall</a>",25.0,43.0,5.023256148177933,4.6781077858433395,7.0
33294,"<a href=""statss.aspx?playerid=33294&position=P"">Seth Halvorsen</a>",24.0,12.1,1.4594596099296373,3.8962095832546138,0.0
16358,"<a href=""statss.aspx?playerid=16358&position=P"">Tyler Mahle</a>",29.0,12.2,4.973684460172375,3.7980587573593034,3.0
27581,"<a href=""statss.aspx?playerid=27581&position=P"">Hayden Wesneski</a>",26.0,67.2,3.8571433282754763,4.511307528761321,7.0
31843,"<a href=""statss.aspx?playerid=31843&position=P"">Kumar Rocker</a>",24.0,11.2,3.857143067340473,3.680765520601858,3.0
6655,"<a href=""statss.aspx?playerid=6655&position=P"">Craig Kimbrel</a>",36.0,52.1,5.331210709221781,4.179218730220814,0.0
13942,"<a href=""statss.aspx?playerid=13942&position=P"">Brent Suter</a>",34.0,65.2,3.152284569162724,4.308611868566144,3.0
17897,"<a href=""statss.aspx?playerid=17897&position=P"">Garrett Cleavinger</a>",30.0,60.0,3.7500007152558736,3.999813270568878,0.0
23135,"<a href=""statss.aspx?playerid=23135&position=P"">Eduardo Salazar</a>",26.0,29.1,2.761364294724188,3.7460253710096865,0.0
25379,"<a href=""statss.aspx?playerid=25379&position=P"">Sam Long</a>",28.0,42.2,3.1640632543714653,3.8930424515158353,0.0
27472,"<a href=""statss.aspx?playerid=27472&position=P"">Jared Shuster</a>",25.0,73.1,4.29545506682284,4.5846617686059075,4.0
27500,"<a href=""statss.aspx?playerid=27500&position=P"">Slade Cecconi</a>",25.0,77.0,6.66233807491563,5.023622750439766,13.0
20000,"<a href=""statss.aspx?playerid=20000&position=P"">Tyler Wells</a>",29.0,15.1,5.869565339079428,4.6012624167314335,3.0
13449,"<a href=""statss.aspx?playerid=13449&position=P"">Taylor Rogers</a>",33.0,60.0,2.4000004577637593,3.7498132228851535,0.0
29960,"<a href=""statss.aspx?playerid=29960&position=P"">AJ Smith-Shawver</a>",21.0,4.1,0.0,2.7049412828930715,1.0
26944,"<a href=""statss.aspx?playerid=26944&position=P"">Edgardo Henriquez</a>",22.0,3.1,2.70000025749209,1.9664796638488666,0.0
19962,"<a href=""statss.aspx?playerid=19962&position=P"">Joey Wentz</a>",26.0,67.1,4.678218638987067,4.191232432544106,0.0
18439,"<a href=""statss.aspx?playerid=18439&position=P"">Danny Young</a>",30.0,37.2,4.539824234906556,3.6443560135431166,0.0
27453,"<a href=""statss.aspx?playerid=27453&position=P"">Anthony Veneziano</a>",26.0,13.1,3.3750008046628963,2.941479724645602,0.0
19804,"<a href=""statss.aspx?playerid=19804&position=P"">Bryan Baker</a>",29.0,23.1,5.014286397428021,3.766479860033319,0.0
19795,"<a href=""statss.aspx?playerid=19795&position=P"">Keegan Thompson</a>",29.0,30.1,2.6703299501785813,3.8587875431509087,0.0
20367,"<a href=""statss.aspx?playerid=20367&position=P"">Brusdar Graterol</a>",25.0,7.1,2.454545560947139,2.0755706400910663,0.0
19753,"<a href=""statss.aspx?playerid=19753&position=P"">Jonathan Loaisiga</a>",29.0,4.0,0.0,2.416479778289795,0.0
31838,"<a href=""statss.aspx?playerid=31838&position=P"">Kodai Senga</a>",31.0,5.1,3.375000201165688,3.353979789465667,1.0
25977,"<a href=""statss.aspx?playerid=25977&position=P"">Quinn Priester</a>",23.0,49.2,4.711409637216127,4.696681198924093,7.0
27514,"<a href=""statss.aspx?playerid=27514&position=P"">Kyle Hurt</a>",26.0,6.2,1.350000128746045,2.716479735374447,1.0
26171,"<a href=""statss.aspx?playerid=26171&position=P"">Connor Gillispie</a>",26.0,8.0,2.25,3.041479778289795,0.0
22361,"<a href=""statss.aspx?playerid=22361&position=P"">Colin Holderman</a>",28.0,51.1,3.15584470305289,4.257389058357461,0.0
15256,"<a href=""statss.aspx?playerid=15256&position=P"">Cole Sulser</a>",34.0,16.1,2.7551022553036946,3.7787247239128385,2.0
19444,"<a href=""statss.aspx?playerid=19444&position=P"">Yohan Ramirez</a>",29.0,45.0,6.200001051161203,4.255368851791225,0.0
26215,"<a href=""statss.aspx?playerid=26215&position=P"">Jackson Rutledge</a>",25.0,8.1,3.2400004943848413,3.6464798515319936,1.0
12791,"<a href=""statss.aspx?playerid=12791&position=P"">Michael Kelly</a>",31.0,31.1,2.5851069599755583,3.836692693839014,0.0
20160,"<a href=""statss.aspx?playerid=20160&position=P"">Nate Pearson</a>",27.0,66.1,4.477387664215915,4.372510125553341,1.0
12863,"<a href=""statss.aspx?playerid=12863&position=P"">Matt Barnes</a>",34.0,13.1,6.750000643730225,3.541479814052586,0.0
6632,"<a href=""statss.aspx?playerid=6632&position=P"">Carlos Carrasco</a>",37.0,103.2,5.6430869551554235,4.931753133492261,21.0
20153,"<a href=""statss.aspx?playerid=20153&position=P"">Nick Nelson</a>",28.0,5.1,5.062500301748532,1.8539797000586942,0.0
12777,"<a href=""statss.aspx?playerid=12777&position=P"">John Brebbia</a>",34.0,55.1,5.855422830491906,4.5219017297925514,0.0
31261,"<a href=""statss.aspx?playerid=31261&position=P"">Chris Roycroft</a>",27.0,34.1,4.19417584462697,3.8363828645843805,0.0
4301,"<a href=""statss.aspx?playerid=4301&position=P"">Justin Wilson</a>",36.0,46.2,5.592858362003514,4.730765833562809,0.0
19309,"<a href=""statss.aspx?playerid=19309&position=P"">Trevor Richards</a>",31.0,65.1,4.545918986679251,4.360357491963134,2.0
21620,"<a href=""statss.aspx?playerid=21620&position=P"">Jake Cousins</a>",29.0,38.0,2.3684217659062132,4.061216889854364,0.0
33828,"<a href=""statss.aspx?playerid=33828&position=P"">Naoyuki Uwasawa</a>",30.0,4.0,2.25,3.166479778289795,0.0
19680,"<a href=""statss.aspx?playerid=19680&position=P"">Sixto Sanchez</a>",25.0,35.2,6.0560750362394025,4.736573306203715,7.0
27942,"<a href=""statss.aspx?playerid=27942&position=P"">John McMillon</a>",26.0,12.0,1.500000119209299,3.3331464582019397,0.0
29271,"<a href=""statss.aspx?playerid=29271&position=P"">Yilber Diaz</a>",23.0,28.1,3.8117648769497534,4.472362189837396,4.0
23809,"<a href=""statss.aspx?playerid=23809&position=P"">Ray Kerr</a>",29.0,22.1,5.641791365995912,4.420211192955553,2.0
20167,"<a href=""statss.aspx?playerid=20167&position=P"">Kyle Muller</a>",26.0,49.1,4.0135136169617525,3.9570203392065046,0.0
31635,"<a href=""statss.aspx?playerid=31635&position=P"">Hayden Birdsong</a>",22.0,72.0,4.75,4.666479778289795,16.0
21183,"<a href=""statss.aspx?playerid=21183&position=P"">Humberto Castellanos</a>",26.0,10.1,5.225807094673291,3.553576600117447,0.0
18064,"<a href=""statss.aspx?playerid=18064&position=P"">Phil Maton</a>",31.0,64.0,3.656250653788564,4.26022997386757,0.0
33834,"<a href=""statss.aspx?playerid=33834&position=P"">Andrew Walters</a>",23.0,8.2,0.0,3.51263368792789,1.0
22932,"<a href=""statss.aspx?playerid=22932&position=P"">Prelander Berroa</a>",24.0,19.0,3.315790139407136,4.008585210520179,0.0
29530,"<a href=""statss.aspx?playerid=29530&position=P"">Fraser Ellard</a>",26.0,24.0,3.7500014901167114,4.249813542101289,0.0
21992,"<a href=""statss.aspx?playerid=21992&position=P"">Camilo Doval</a>",26.0,59.0,4.881356563420256,3.7088527297809346,0.0
24930,"<a href=""statss.aspx?playerid=24930&position=P"">Ethan Roberts</a>",26.0,26.2,3.7125000885128996,3.916479796171189,0.0
27775,"<a href=""statss.aspx?playerid=27775&position=P"">Kyle Nicolas</a>",25.0,54.2,3.951219971728903,4.026235975841918,0.0
21584,"<a href=""statss.aspx?playerid=21584&position=P"">Tristan Beck</a>",28.0,16.0,1.687500100582844,3.9789798267185716,1.0
16703,"<a href=""statss.aspx?playerid=16703&position=P"">Julian Merryweather</a>",32.0,15.0,6.6000008392335054,3.6998131794399773,0.0
19867,"<a href=""statss.aspx?playerid=19867&position=P"">Griffin Canning</a>",28.0,171.2,5.190291569699278,5.257742038134959,31.0
15369,"<a href=""statss.aspx?playerid=15369&position=P"">Kevin Herget</a>",33.0,11.1,1.588235472312868,3.5194209943593213,0.0
25839,"<a href=""statss.aspx?playerid=25839&position=P"">Luis Contreras</a>",28.0,6.0,9.000001430511702,2.1664796193440505,0.0
16727,"<a href=""statss.aspx?playerid=16727&position=P"">Brock Stewart</a>",32.0,15.2,5.1702132904999605,3.8047777153885556,0.0
23165,"<a href=""statss.aspx?playerid=23165&position=P"">Steven Cruz</a>",25.0,5.2,0.0,1.7547149140116902,0.0
21652,"<a href=""statss.aspx?playerid=21652&position=P"">Elvis Peguero</a>",27.0,51.1,2.98051999732773,4.043103306915598,0.0
21527,"<a href=""statss.aspx?playerid=21527&position=P"">James McArthur</a>",27.0,56.2,4.923529964169891,4.172362244087945,0.0
27494,"<a href=""statss.aspx?playerid=27494&position=P"">Clayton Beeter</a>",25.0,3.2,4.909091760304496,1.2573885381713799,0.0
24094,"<a href=""statss.aspx?playerid=24094&position=P"">Ronny Henriquez</a>",24.0,19.1,3.2586212254592017,4.045790267699421,1.0
30182,"<a href=""statss.aspx?playerid=30182&position=P"">Will Warren</a>",25.0,22.2,10.323529701331916,4.9311857101414045,5.0
21544,"<a href=""statss.aspx?playerid=21544&position=P"">Chase Shugart</a>",27.0,8.2,4.153846915657138,3.8587875975659847,0.0
16466,"<a href=""statss.aspx?playerid=16466&position=P"">Brent Honeywell</a>",29.0,37.2,2.6283186949805324,4.28152407313002,1.0
19995,"<a href=""statss.aspx?playerid=19995&position=P"">Joel Kuhnel</a>",29.0,10.0,4.5,3.766479778289795,0.0
15552,"<a href=""statss.aspx?playerid=15552&position=P"">Chad Green</a>",33.0,53.1,3.206250305771857,4.291479885578166,0.0
27694,"<a href=""statss.aspx?playerid=27694&position=P"">Justin Sterner</a>",27.0,4.0,2.25,1.916479778289795,0.0
19883,"<a href=""statss.aspx?playerid=19883&position=P"">Alex Lange</a>",28.0,18.2,4.339286748852295,3.9700513984476276,0.0
27914,"<a href=""statss.aspx?playerid=27914&position=P"">Daniel Palencia</a>",24.0,14.2,6.136363902367847,3.6437525262517387,0.0
16754,"<a href=""statss.aspx?playerid=16754&position=P"">Vinny Nittoli</a>",33.0,12.0,1.500000119209299,3.4164797981580115,0.0
10591,"<a href=""statss.aspx?playerid=10591&position=P"">Scott Alexander</a>",34.0,38.2,2.5603455011684817,3.890617899832396,0.0
17556,"<a href=""statss.aspx?playerid=17556&position=P"">Jimmy Herget</a>",30.0,12.1,4.378378491231003,3.571885194144518,0.0
14552,"<a href=""statss.aspx?playerid=14552&position=P"">Jose Ruiz</a>",29.0,51.0,3.705882630133732,4.225303386899433,0.0
28036,"<a href=""statss.aspx?playerid=28036&position=P"">Luke Little</a>",23.0,26.0,3.461539477286552,4.051095422485247,1.0
19178,"<a href=""statss.aspx?playerid=19178&position=P"">Tommy Nance</a>",33.0,22.0,4.090909445581388,3.9846616674060726,0.0
18694,"<a href=""statss.aspx?playerid=18694&position=P"">Kolby Allard</a>",26.0,27.0,5.0,4.759072370882388,4.0
17732,"<a href=""statss.aspx?playerid=17732&position=P"">Nabil Crismatt</a>",29.0,7.0,2.5714285714285716,3.309336921146938,0.0
18674,"<a href=""statss.aspx?playerid=18674&position=P"">Jake Woodford</a>",27.0,35.0,7.971428788632768,4.937908397985966,7.0
30002,"<a href=""statss.aspx?playerid=30002&position=P"">Grant Holman</a>",24.0,15.2,4.021277738081919,3.8686076373199714,0.0
19911,"<a href=""statss.aspx?playerid=19911&position=P"">Jose Suarez</a>",26.0,52.1,6.019109084623786,4.542276140489518,3.0
15145,"<a href=""statss.aspx?playerid=15145&position=P"">Justin Topa</a>",33.0,2.1,0.0,1.4521938304511552,0.0
27765,"<a href=""statss.aspx?playerid=27765&position=P"">Yosver Zulueta</a>",26.0,16.1,4.959184059546651,3.7787247239128385,0.0
16427,"<a href=""statss.aspx?playerid=16427&position=P"">Scott Blewett</a>",28.0,20.1,1.7704920800775121,4.002545482770842,0.0
11384,"<a href=""statss.aspx?playerid=11384&position=P"">Tommy Kahnle</a>",34.0,42.2,2.10937550291431,4.010229979455519,0.0
19337,"<a href=""statss.aspx?playerid=19337&position=P"">Richard Lovelady</a>",28.0,34.1,4.4563114635682135,3.92376146490923,0.0
21367,"<a href=""statss.aspx?playerid=21367&position=P"">Peter Strzelecki</a>",29.0,11.2,2.314286218760075,3.766479909079444,0.0
12575,"<a href=""statss.aspx?playerid=12575&position=P"">Nick Ramirez</a>",34.0,13.1,6.07500014483929,3.9914797979593284,0.0
21093,"<a href=""statss.aspx?playerid=21093&position=P"">Nick Vespi</a>",28.0,12.1,2.918918994154002,3.4908041109735737,0.0
11486,"<a href=""statss.aspx?playerid=11486&position=P"">Robbie Ray</a>",32.0,30.2,4.695652563315065,4.959958187889299,7.0
23391,"<a href=""statss.aspx?playerid=23391&position=P"">Ricky Vanasco</a>",25.0,4.0,6.75,2.666479778289795,0.0
23592,"<a href=""statss.aspx?playerid=23592&position=P"">Brett de Geus</a>",26.0,11.1,7.147060226816895,3.784126958385082,0.0
23426,"<a href=""statss.aspx?playerid=23426&position=P"">Max Lazar</a>",25.0,13.2,4.609756955357427,4.1908702128136675,0.0
21761,"<a href=""statss.aspx?playerid=21761&position=P"">Jose Marte</a>",28.0,19.1,2.3275865896137153,4.097514414135281,0.0
25595,"<a href=""statss.aspx?playerid=25595&position=P"">Xzavion Curry</a>",25.0,42.2,4.6406253803288875,4.78366741082865,5.0
13361,"<a href=""statss.aspx?playerid=13361&position=P"">Steven Matz</a>",33.0,44.1,5.0751881154910246,4.880765541744541,7.0
19453,"<a href=""statss.aspx?playerid=19453&position=P"">Shaun Anderson</a>",29.0,16.1,8.265306765911085,4.697092142347403,2.0
11804,"<a href=""statss.aspx?playerid=11804&position=P"">Hector Neris</a>",35.0,59.1,4.095505969058774,4.278839424206993,0.0
30203,"<a href=""statss.aspx?playerid=30203&position=P"">Jackson Jobe</a>",21.0,4.0,0.0,2.916479778289795,0.0
14993,"<a href=""statss.aspx?playerid=14993&position=P"">Scott Barlow</a>",31.0,55.0,4.2545466348950844,4.021025469914021,0.0
7593,"<a href=""statss.aspx?playerid=7593&position=P"">Jordan Lyles</a>",33.0,5.0,0.0,3.166479778289795,0.0
22092,"<a href=""statss.aspx?playerid=22092&position=P"">Kyle Tyler</a>",27.0,31.2,5.400000433670882,5.029637822655772,7.0
23617,"<a href=""statss.aspx?playerid=23617&position=P"">Josh Walker</a>",29.0,12.1,5.108109029738019,3.896209639680941,0.0
24986,"<a href=""statss.aspx?playerid=24986&position=P"">Colin Selby</a>",26.0,7.0,2.57142892175796,3.880765589889229,0.0
26410,"<a href=""statss.aspx?playerid=26410&position=P"">Alek Manoah</a>",26.0,24.1,3.6986303302623975,5.180178513654878,5.0
19200,"<a href=""statss.aspx?playerid=19200&position=P"">Jose Quijada</a>",28.0,19.1,3.2586212254592017,4.304410999878723,0.0
10472,"<a href=""statss.aspx?playerid=10472&position=OF"">Enrique Hernandez</a>",32.0,4.1,4.153846458570514,3.166479778289795,0.0
11176,"<a href=""statss.aspx?playerid=11176&position=P"">David Buchanan</a>",35.0,3.1,2.70000025749209,4.366479892730725,0.0
11589,"<a href=""statss.aspx?playerid=11589&position=P"">Jose Urena</a>",32.0,109.0,3.7981655363904134,4.616021214883237,9.0
13758,"<a href=""statss.aspx?playerid=13758&position=P"">Tyler Duffey</a>",33.0,9.0,5.0000015894577,3.9442578033165483,0.0
18498,"<a href=""statss.aspx?playerid=18498&position=P"">Kenta Maeda</a>",36.0,112.1,6.089021253989345,4.964699505345128,17.0
27787,"<a href=""statss.aspx?playerid=27787&position=P"">Will Klein</a>",24.0,7.1,11.045456460685116,3.7119344183236276,0.0
22117,"<a href=""statss.aspx?playerid=22117&position=1B"">Nick Pratto</a>",25.0,1.0,0.0,1.166479778289795,0.0
27685,"<a href=""statss.aspx?playerid=27685&position=P"">Carson Spiers</a>",26.0,90.2,5.459559206370691,5.328244635761826,10.0
19206,"<a href=""statss.aspx?playerid=19206&position=P"">Dakota Hudson</a>",29.0,89.0,6.168539854631733,5.526030542356578,18.0
17117,"<a href=""statss.aspx?playerid=17117&position=P"">Austin Davis</a>",31.0,7.0,9.00000122615286,4.452194239168776,0.0
21537,"<a href=""statss.aspx?playerid=21537&position=P"">Daniel Lynch IV</a>",27.0,43.1,3.323077166856411,4.412633715860949,3.0
25667,"<a href=""statss.aspx?playerid=25667&position=P"">Nick Avila</a>",26.0,11.2,8.485714748149041,3.766479810987202,0.0
17496,"<a href=""statss.aspx?playerid=17496&position=P"">Diego Castillo</a>",30.0,10.0,2.70000025749209,4.366479892730724,0.0
19736,"<a href=""statss.aspx?playerid=19736&position=P"">Caleb Boushley</a>",30.0,4.0,4.5,4.166479778289795,0.0
29928,"<a href=""statss.aspx?playerid=29928&position=P"">Dylan Dodd</a>",26.0,2.0,9.0,2.666479778289795,0.0
25427,"<a href=""statss.aspx?playerid=25427&position=P"">Gavin Hollowell</a>",26.0,1.1,0.0,1.6664794206618412,0.0
21009,"<a href=""statss.aspx?playerid=21009&position=2B/SS"">Leo Rivas</a>",26.0,2.0,0.0,3.166479778289795,0.0
19586,"<a href=""statss.aspx?playerid=19586&position=P"">Forrest Whitley</a>",26.0,3.1,0.0,3.7664800071717184,0.0
26353,"<a href=""statss.aspx?playerid=26353&position=P"">Marc Church</a>",23.0,1.0,0.0,1.166479778289795,0.0
13897,"<a href=""statss.aspx?playerid=13897&position=C"">Tyler Heineman</a>",33.0,1.0,0.0,3.166479778289795,0.0
17871,"<a href=""statss.aspx?playerid=17871&position=P"">Ian Gibaut</a>",30.0,2.0,4.5,3.666479778289795,0.0
12323,"<a href=""statss.aspx?playerid=12323&position=P"">Jacob Barnes</a>",34.0,66.0,4.363637372482155,4.378601270645949,0.0
14813,"<a href=""statss.aspx?playerid=14813&position=2B/SS"">Kyle Farmer</a>",33.0,4.0,6.75,3.916479778289795,0.0
19314,"<a href=""statss.aspx?playerid=19314&position=2B"">Donovan Walton</a>",30.0,1.0,0.0,3.166479778289795,0.0
20491,"<a href=""statss.aspx?playerid=20491&position=P"">J.B. Bukauskas</a>",27.0,6.0,1.5000004768373099,3.8331466568841552,0.0
24493,"<a href=""statss.aspx?playerid=24493&position=P"">Adam Kloffenstein</a>",23.0,1.0,0.0,3.166479778289795,0.0
13801,"<a href=""statss.aspx?playerid=13801&position=P"">Austin Adams</a>",33.0,41.1,3.919356044448128,4.472931793105837,0.0
16502,"<a href=""statss.aspx?playerid=16502&position=P"">Ryan Yarbrough</a>",32.0,98.2,3.192567835004793,4.636074495990414,0.0
10855,"<a href=""statss.aspx?playerid=10855&position=P"">Chasen Shreve</a>",33.0,1.0,0.0,3.166479778289795,0.0
26247,"<a href=""statss.aspx?playerid=26247&position=P"">Orlando Ribalta</a>",26.0,3.1,13.500005149843274,4.06648012161268,0.0
26208,"<a href=""statss.aspx?playerid=26208&position=2B/SS"">Tyler Fitzgerald</a>",26.0,3.0,9.0,3.1664797782897955,0.0
18519,"<a href=""statss.aspx?playerid=18519&position=P"">Phil Bickford</a>",28.0,8.1,8.640002307129523,4.006480002594055,0.0
20385,"<a href=""statss.aspx?playerid=20385&position=P"">Isaac Mattson</a>",28.0,5.1,5.062500301748532,4.291479845345025,0.0
20132,"<a href=""statss.aspx?playerid=20132&position=P"">Adam Oller</a>",29.0,42.1,5.314960789566665,5.316086142070091,8.0
27498,"<a href=""statss.aspx?playerid=27498&position=P"">Spencer Strider</a>",25.0,9.0,7.0,5.0553686671786835,2.0
21310,"<a href=""statss.aspx?playerid=21310&position=P"">Josh Maciejewski</a>",28.0,7.0,2.5714285714285716,3.8807654925755095,0.0
25862,"<a href=""statss.aspx?playerid=25862&position=P"">Noah Davis</a>",27.0,20.1,5.7540987204941745,4.641889706621634,0.0
26448,"<a href=""statss.aspx?playerid=26448&position=P"">Trevor McDonald</a>",23.0,3.0,0.0,3.499813111623129,0.0
26466,"<a href=""statss.aspx?playerid=26466&position=OF"">Matt Wallner</a>",26.0,1.1,0.0,3.166479778289795,0.0
17338,"<a href=""statss.aspx?playerid=17338&position=2B/OF"">Willi Castro</a>",27.0,1.1,0.0,3.166479778289795,0.0
29519,"<a href=""statss.aspx?playerid=29519&position=P"">Gordon Graceffo</a>",24.0,7.2,4.695652563315065,4.0795233322677245,1.0
22630,"<a href=""statss.aspx?playerid=22630&position=P"">Keider Montero</a>",23.0,98.1,4.759322326230596,5.149530747552543,16.0
18889,"<a href=""statss.aspx?playerid=18889&position=2B/SS"">Danny Mendick</a>",30.0,1.0,0.0,3.166479778289795,0.0
27536,"<a href=""statss.aspx?playerid=27536&position=P"">Evan Kravetz</a>",27.0,0.2,0.0,3.1664797782897955,0.0
16942,"<a href=""statss.aspx?playerid=16942&position=P"">Luis F. Ortiz</a>",28.0,0.2,27.000028163224034,3.1664797782897955,0.0
20352,"<a href=""statss.aspx?playerid=20352&position=2B/3B"">Ernie Clement</a>",28.0,1.0,9.0,3.166479778289795,0.0
7802,"<a href=""statss.aspx?playerid=7802&position=SS"">Miguel Rojas</a>",35.0,1.0,0.0,3.166479778289795,0.0
19358,"<a href=""statss.aspx?playerid=19358&position=OF"">Weston Wilson</a>",29.0,1.0,0.0,3.166479778289795,0.0
27668,"<a href=""statss.aspx?playerid=27668&position=P"">Brandon Eisert</a>",26.0,6.2,4.050000386238135,4.366479892730725,0.0
27630,"<a href=""statss.aspx?playerid=27630&position=2B/3B"">Nick Loftin</a>",25.0,1.0,0.0,3.166479778289795,0.0
18815,"<a href=""statss.aspx?playerid=18815&position=P"">Miguel Diaz</a>",29.0,1.0,0.0,3.166479778289795,0.0
17952,"<a href=""statss.aspx?playerid=17952&position=P"">Tyler Jay</a>",30.0,7.2,4.695652563315065,3.949088538842306,0.0
25813,"<a href=""statss.aspx?playerid=25813&position=2B/3B"">Grae Kessinger</a>",26.0,1.0,0.0,3.166479778289795,0.0
19558,"<a href=""statss.aspx?playerid=19558&position=P"">Geoff Hartlieb</a>",30.0,9.0,9.000000953674418,4.388702130023358,0.0
16306,"<a href=""statss.aspx?playerid=16306&position=P"">Gerardo Reyes</a>",31.0,4.0,4.5,4.416479778289795,0.0
27845,"<a href=""statss.aspx?playerid=27845&position=1B/DH"">Matt Mervis</a>",26.0,0.2,81.0000844896721,3.1664797782897955,0.0
9174,"<a href=""statss.aspx?playerid=9174&position=P"">Casey Kelly</a>",34.0,5.1,5.062500301748532,4.666479867696768,0.0
19871,"<a href=""statss.aspx?playerid=19871&position=P"">Tucker Davidson</a>",28.0,4.2,0.0,4.023622752209115,0.0
27624,"<a href=""statss.aspx?playerid=27624&position=P"">Walter Pennington</a>",26.0,18.0,3.0000009636087333,4.1664800994927065,1.0
12164,"<a href=""statss.aspx?playerid=12164&position=1B/3B"">Miguel Sano</a>",31.0,0.1,0.0,3.1664797782897955,0.0
19802,"<a href=""statss.aspx?playerid=19802&position=C"">Jhonny Pereda</a>",28.0,0.1,0.0,3.1664797782897955,0.0
15905,"<a href=""statss.aspx?playerid=15905&position=C"">Luis Torrens</a>",28.0,0.1,0.0,3.1664797782897955,0.0
23499,"<a href=""statss.aspx?playerid=23499&position=P"">Keaton Winn</a>",26.0,55.1,7.156626670484122,4.847202708479248,12.0
18333,"<a href=""statss.aspx?playerid=18333&position=P"">Alex Young</a>",30.0,15.2,2.872341088495455,4.251586411721411,0.0
27585,"<a href=""statss.aspx?playerid=27585&position=P"">Zac Kristofak</a>",26.0,2.0,0.0,4.166479778289795,0.0
22276,"<a href=""statss.aspx?playerid=22276&position=P"">Dylan Coleman</a>",27.0,1.0,0.0,4.166479778289795,0.0
25353,"<a href=""statss.aspx?playerid=25353&position=2B"">Michael Stefanic</a>",28.0,1.0,0.0,6.166479778289795,0.0
13607,"<a href=""statss.aspx?playerid=13607&position=P"">Carl Edwards Jr.</a>",32.0,0.0,0.0,9.166479778289794,0.0
15855,"<a href=""statss.aspx?playerid=15855&position=P"">Wander Suero</a>",32.0,0.0,0.0,3.166479778289795,0.0
15194,"<a href=""statss.aspx?playerid=15194&position=1B/OF"">Jake Bauers</a>",28.0,4.0,4.5,5.666479778289795,0.0
15653,"<a href=""statss.aspx?playerid=15653&position=1B"">Dominic Smith</a>",29.0,3.0,0.0,4.166479778289796,0.0
19262,"<a href=""statss.aspx?playerid=19262&position=2B/OF"">Garrett Hampson</a>",29.0,1.0,0.0,6.166479778289795,0.0
16959,"<a href=""statss.aspx?playerid=16959&position=2B/3B"">Eddy Alvarez</a>",34.0,1.0,0.0,4.166479778289795,0.0
22113,"<a href=""statss.aspx?playerid=22113&position=P"">Cole Winn</a>",24.0,17.1,7.788462966857134,4.262633825477096,0.0
18152,"<a href=""statss.aspx?playerid=18152&position=P"">Anthony Misiewicz</a>",29.0,1.0,0.0,4.166479778289795,0.0
22370,"<a href=""statss.aspx?playerid=22370&position=P"">Raymond Burgos</a>",25.0,1.0,9.0,4.166479778289795,0.0
14375,"<a href=""statss.aspx?playerid=14375&position=P"">Amir Garrett</a>",32.0,5.1,5.0625012069943445,4.2914800465107605,0.0
19931,"<a href=""statss.aspx?playerid=19931&position=3B/OF"">Luke Williams</a>",27.0,4.0,4.5,4.666479778289795,0.0
30008,"<a href=""statss.aspx?playerid=30008&position=P"">Evan Justice</a>",25.0,0.1,0.0,6.16648290753691,0.0
19179,"<a href=""statss.aspx?playerid=19179&position=P"">Kirby Snead</a>",29.0,10.1,4.354839647473906,3.843899279007958,0.0
18318,"<a href=""statss.aspx?playerid=18318&position=P"">Jacob Waguespack</a>",30.0,10.0,5.4,5.266479778289796,1.0
20231,"<a href=""statss.aspx?playerid=20231&position=P"">Zach Logue</a>",28.0,2.0,18.0,5.666479778289795,0.0
15047,"<a href=""statss.aspx?playerid=15047&position=P"">Austin Voth</a>",32.0,61.0,3.6885250514952928,4.117299569341915,0.0
31883,"<a href=""statss.aspx?playerid=31883&position=P"">Troy Taylor</a>",22.0,19.1,3.7241381759734433,4.356135028947978,0.0
27608,"<a href=""statss.aspx?playerid=27608&position=P"">Jeff Criswell</a>",25.0,19.2,2.7457630669238937,4.590208775954036,0.0
29521,"<a href=""statss.aspx?playerid=29521&position=P"">Ryan Loutos</a>",25.0,2.1,0.0,4.452194239168775,0.0
18555,"<a href=""statss.aspx?playerid=18555&position=P"">Logan Allen</a>",27.0,28.0,5.464286458735665,4.34505136742886,0.0
12976,"<a href=""statss.aspx?playerid=12976&position=C"">Austin Hedges</a>",31.0,2.0,0.0,4.666479778289795,0.0
27590,"<a href=""statss.aspx?playerid=27590&position=P"">Jake Eder</a>",25.0,2.0,4.5,5.166479778289795,0.0
17326,"<a href=""statss.aspx?playerid=17326&position=SS/OF"">Cole Tucker</a>",27.0,1.0,0.0,6.166479778289795,0.0
16357,"<a href=""statss.aspx?playerid=16357&position=OF"">Pablo Reyes</a>",30.0,1.0,0.0,6.166479778289795,0.0
29891,"<a href=""statss.aspx?playerid=29891&position=P"">James Meeker</a>",29.0,1.0,0.0,6.166479778289795,0.0
14593,"<a href=""statss.aspx?playerid=14593&position=2B/3B"">David Bote</a>",31.0,1.0,0.0,6.166479778289795,0.0
19891,"<a href=""statss.aspx?playerid=19891&position=P"">Ryder Ryan</a>",29.0,20.2,5.661291019229399,4.521318654686575,0.0
15239,"<a href=""statss.aspx?playerid=15239&position=P"">Alan Busenitz</a>",33.0,4.0,13.5,4.916479778289795,0.0
13602,"<a href=""statss.aspx?playerid=13602&position=3B"">Patrick Wisdom</a>",32.0,0.1,0.0,12.166489166031141,0.0
19514,"<a href=""statss.aspx?playerid=19514&position=C"">Andrew Knizner</a>",29.0,3.0,0.0,5.166480414072875,0.0
22461,"<a href=""statss.aspx?playerid=22461&position=P"">Logan Gillaspie</a>",27.0,11.1,7.147059625407906,4.490009338550518,0.0
26419,"<a href=""statss.aspx?playerid=26419&position=P"">Bradley Blalock</a>",23.0,30.2,5.869565704143831,5.612132155016392,6.0
9761,"<a href=""statss.aspx?playerid=9761&position=P"">Joe Kelly</a>",36.0,32.0,4.781250569969484,4.572729945927879,0.0
15009,"<a href=""statss.aspx?playerid=15009&position=P"">Kyle Finnegan</a>",32.0,63.2,3.675393037186172,4.250249520024179,0.0
16512,"<a href=""statss.aspx?playerid=16512&position=SS"">Isiah Kiner-Falefa</a>",29.0,2.0,4.5,6.166479778289795,0.0
25111,"<a href=""statss.aspx?playerid=25111&position=DH/OF"">David Hensley</a>",28.0,2.0,9.0,6.166479778289795,0.0
16725,"<a href=""statss.aspx?playerid=16725&position=C"">Jose Trevino</a>",31.0,2.0,13.5,6.166479778289795,0.0
26226,"<a href=""statss.aspx?playerid=26226&position=P"">Nick Robertson</a>",25.0,13.1,4.050000386238135,4.441479899883283,0.0
14764,"<a href=""statss.aspx?playerid=14764&position=P"">Wes Parsons</a>",31.0,9.0,6.0,5.166479778289795,0.0
30161,"<a href=""statss.aspx?playerid=30161&position=P"">Carlos Rodriguez</a>",22.0,12.1,7.2972980496481865,5.598912461505858,3.0
19892,"<a href=""statss.aspx?playerid=19892&position=1B/OF"">Pavin Smith</a>",28.0,1.0,0.0,9.166479778289794,0.0
25368,"<a href=""statss.aspx?playerid=25368&position=P"">Zach Penrod</a>",27.0,4.0,2.250001206994704,5.416480985284499,0.0
17964,"<a href=""statss.aspx?playerid=17964&position=P"">Tyler Gilbert</a>",30.0,8.1,3.240000123596196,4.846479842376712,0.0
15947,"<a href=""statss.aspx?playerid=15947&position=P"">Ryne Stanek</a>",32.0,55.1,4.879519025409921,4.14238358337178,0.0
21707,"<a href=""statss.aspx?playerid=21707&position=3B/OF"">Oswaldo Cabrera</a>",25.0,0.1,0.0,21.166498553772485,0.0
5343,"<a href=""statss.aspx?playerid=5343&position=SS"">Brandon Crawford</a>",37.0,1.1,27.00000643730317,9.916481387615587,0.0
27702,"<a href=""statss.aspx?playerid=27702&position=P"">Brent Headrick</a>",26.0,3.0,3.0,6.166479778289796,0.0
19222,"<a href=""statss.aspx?playerid=19222&position=P"">Lake Bachar</a>",29.0,9.1,3.8571441708783323,4.880766076457943,0.0
13355,"<a href=""statss.aspx?playerid=13355&position=C"">Luke Maile</a>",33.0,3.2,14.727275280913489,6.7119349385097085,0.0
17304,"<a href=""statss.aspx?playerid=17304&position=P"">Emmanuel Ramirez</a>",29.0,20.2,6.967742792897722,4.618092860143488,0.0
15679,"<a href=""statss.aspx?playerid=15679&position=1B"">Rowdy Tellez</a>",29.0,2.2,6.750001609325793,6.541480582952691,0.0
19320,"<a href=""statss.aspx?playerid=19320&position=P"">Joey Lucchesi</a>",31.0,10.1,5.225806612377985,5.392286298376715,2.0
20418,"<a href=""statss.aspx?playerid=20418&position=P"">Josh Fleming</a>",28.0,31.1,4.021277126115461,4.7622246696054535,3.0
23301,"<a href=""statss.aspx?playerid=23301&position=P"">Janson Junk</a>",28.0,8.0,14.625,7.541479778289795,0.0
25327,"<a href=""statss.aspx?playerid=25327&position=P"">Abner Uribe</a>",24.0,14.1,6.906977816489568,4.631596284817885,0.0
23798,"<a href=""statss.aspx?playerid=23798&position=P"">Randy Dobnak</a>",29.0,9.2,5.586207263960165,4.614755735612801,0.0
26907,"<a href=""statss.aspx?playerid=26907&position=P"">Jairo Iriarte</a>",22.0,6.0,1.500000238418617,5.166480096181284,0.0
23779,"<a href=""statss.aspx?playerid=23779&position=P"">Justin Bruihl</a>",27.0,5.2,9.529414437634648,4.754715517895569,0.0
20408,"<a href=""statss.aspx?playerid=20408&position=P"">Eli Villalobos</a>",27.0,4.1,2.076923229285257,6.1664799983685,0.0
21229,"<a href=""statss.aspx?playerid=21229&position=P"">Daniel Robert</a>",29.0,5.2,3.176470944625736,5.4605976827417155,0.0
25589,"<a href=""statss.aspx?playerid=25589&position=P"">Sammy Peralta</a>",26.0,15.0,4.80000061035164,4.833146656884114,0.0
17480,"<a href=""statss.aspx?playerid=17480&position=P"">Daniel Duarte</a>",27.0,4.0,2.25,5.666479778289795,0.0
14854,"<a href=""statss.aspx?playerid=14854&position=OF"">Mike Yastrzemski</a>",33.0,1.0,18.0,12.166479778289794,0.0
19890,"<a href=""statss.aspx?playerid=19890&position=3B"">Emmanuel Rivera</a>",28.0,4.0,9.0,7.166479778289795,0.0
18510,"<a href=""statss.aspx?playerid=18510&position=P"">Josh Rogers</a>",29.0,11.0,6.545456247881867,5.166480298475921,0.0
24580,"<a href=""statss.aspx?playerid=24580&position=P"">Josiah Gray</a>",26.0,8.1,14.040000535583516,5.9264798835754435,2.0
16350,"<a href=""statss.aspx?playerid=16350&position=P"">Ryan Borucki</a>",30.0,11.0,7.363637640456744,4.530116378374378,0.0
14420,"<a href=""statss.aspx?playerid=14420&position=P"">Jackson Stephens</a>",30.0,3.1,2.70000025749209,7.6664802074432785,0.0
21859,"<a href=""statss.aspx?playerid=21859&position=P"">Alex Speas</a>",26.0,2.0,4.5,9.166479778289794,0.0
24937,"<a href=""statss.aspx?playerid=24937&position=P"">Austin Warren</a>",28.0,10.2,1.687500100582844,4.478979856520896,0.0
18655,"<a href=""statss.aspx?playerid=18655&position=P"">A.J. Minter</a>",30.0,34.1,2.6213596116385762,4.448033366201988,0.0
22690,"<a href=""statss.aspx?playerid=22690&position=P"">Jack O'Loughlin</a>",24.0,9.2,4.655173179227431,4.821652464237326,0.0
16233,"<a href=""statss.aspx?playerid=16233&position=P"">Tejay Antone</a>",30.0,2.0,4.5,7.166479778289795,0.0
20298,"<a href=""statss.aspx?playerid=20298&position=P"">Jhonathan Diaz</a>",27.0,9.2,4.655172719966804,5.131997148942446,1.0
26128,"<a href=""statss.aspx?playerid=26128&position=P"">Amos Willingham</a>",25.0,1.0,18.0,14.166479778289794,0.0
29866,"<a href=""statss.aspx?playerid=29866&position=P"">Chayce McDermott</a>",25.0,4.0,6.75,6.416479778289795,1.0
25178,"<a href=""statss.aspx?playerid=25178&position=P"">Joe Jacques</a>",29.0,3.0,9.000002861023859,8.166481367747494,0.0
21212,"<a href=""statss.aspx?playerid=21212&position=P"">J.P. France</a>",29.0,25.1,7.460526690258563,5.53490094980045,5.0
19315,"<a href=""statss.aspx?playerid=19315&position=P"">Matt Krook</a>",29.0,1.0,18.0,15.166479778289794,0.0
20379,"<a href=""statss.aspx?playerid=20379&position=P"">Tyler Zuber</a>",29.0,3.1,2.70000025749209,6.46648009300235,0.0
23265,"<a href=""statss.aspx?playerid=23265&position=P"">Cody Bolton</a>",26.0,18.2,4.339286305466557,4.880765726128435,0.0
15288,"<a href=""statss.aspx?playerid=15288&position=P"">Adam Cimber</a>",33.0,24.1,7.027398729172533,4.604836243325109,0.0
15968,"<a href=""statss.aspx?playerid=15968&position=P"">Brady Feigl</a>",33.0,1.2,32.40001235962386,10.966482753754796,0.0
22925,"<a href=""statss.aspx?playerid=22925&position=P"">Joan Adon</a>",25.0,10.2,6.750001005828531,5.885230183415175,1.0
19278,"<a href=""statss.aspx?playerid=19278&position=P"">Vladimir Gutierrez</a>",28.0,4.0,6.75,5.916479778289795,0.0
27910,"<a href=""statss.aspx?playerid=27910&position=P"">Austin Kitchen</a>",27.0,7.0,14.142859069668779,5.166480050768209,1.0
12859,"<a href=""statss.aspx?playerid=12859&position=C"">James McCann</a>",34.0,1.0,18.0,16.166479778289794,0.0
13781,"<a href=""statss.aspx?playerid=13781&position=P"">Alex Wood</a>",33.0,39.1,5.262712034539434,5.3020730676681165,9.0
25921,"<a href=""statss.aspx?playerid=25921&position=P"">Casey Legumina</a>",27.0,9.1,8.678572610933115,5.4164800848280095,0.0
26213,"<a href=""statss.aspx?playerid=26213&position=P"">Caleb Kilian</a>",27.0,10.2,4.21875025145711,5.978979945927868,1.0
22288,"<a href=""statss.aspx?playerid=22288&position=P"">Mason Englert</a>",24.0,21.2,5.400000158456661,4.920325983600505,1.0
10200,"<a href=""statss.aspx?playerid=10200&position=C"">Tucker Barnhart</a>",33.0,1.0,18.0,16.166479778289794,0.0
30106,"<a href=""statss.aspx?playerid=30106&position=P"">Jack Neely</a>",24.0,6.0,9.0,6.166479778289796,0.0
20629,"<a href=""statss.aspx?playerid=20629&position=P"">Tyler Phillips</a>",26.0,36.2,6.872727749406832,5.566479944749323,7.0
23252,"<a href=""statss.aspx?playerid=23252&position=P"">Spencer Howard</a>",27.0,29.0,6.20689716407156,4.994066165488643,3.0
24655,"<a href=""statss.aspx?playerid=24655&position=1B/2B"">Owen Miller</a>",27.0,2.0,18.0,11.166479778289794,0.0
9434,"<a href=""statss.aspx?playerid=9434&position=P"">Dallas Keuchel</a>",36.0,16.2,5.40000020599366,5.626479872131352,4.0
24933,"<a href=""statss.aspx?playerid=24933&position=P"">Andrew Wantz</a>",28.0,1.1,6.750001609325793,10.666481566429564,0.0
5297,"<a href=""statss.aspx?playerid=5297&position=OF"">Aaron Hicks</a>",34.0,1.0,18.0,19.166479778289794,0.0
20572,"<a href=""statss.aspx?playerid=20572&position=1B"">Kody Clemens</a>",28.0,1.0,9.0,19.166479778289794,0.0
15038,"<a href=""statss.aspx?playerid=15038&position=P"">German Marquez</a>",29.0,4.0,6.75,7.916479778289795,1.0
13324,"<a href=""statss.aspx?playerid=13324&position=2B/3B"">Ildemaro Vargas</a>",32.0,2.0,4.5,11.166479778289794,0.0
15100,"<a href=""statss.aspx?playerid=15100&position=P"">Ben Heller</a>",32.0,12.0,11.250000894069743,4.749813237455166,0.0
22273,"<a href=""statss.aspx?playerid=22273&position=P"">Owen White</a>",24.0,3.0,24.0,8.499813111623128,0.0
20287,"<a href=""statss.aspx?playerid=20287&position=C"">Ben Rortvedt</a>",26.0,2.0,4.5,11.666479778289794,0.0
19392,"<a href=""statss.aspx?playerid=19392&position=3B/OF"">Zach McKinstry</a>",29.0,2.0,9.000004827978817,11.16648406982652,0.0
16451,"<a href=""statss.aspx?playerid=16451&position=2B/3B"">Luis Guillorme</a>",29.0,3.0,12.0,9.499813111623128,0.0
18384,"<a href=""statss.aspx?playerid=18384&position=P"">Scott Effross</a>",30.0,3.1,5.400002059937309,7.666481494904219,0.0
19647,"<a href=""statss.aspx?playerid=19647&position=P"">Matt Foster</a>",29.0,6.2,2.70000025749209,6.166480064392118,1.0
12022,"<a href=""statss.aspx?playerid=12022&position=P"">Matt Andriese</a>",34.0,6.0,6.0,5.666479778289796,0.0
19734,"<a href=""statss.aspx?playerid=19734&position=2B/3B"">Josh Rojas</a>",30.0,2.0,9.0,12.666479778289794,0.0
6797,"<a href=""statss.aspx?playerid=6797&position=P"">Julio Teheran</a>",33.0,2.2,13.500003218651585,8.041480940580644,1.0
23899,"<a href=""statss.aspx?playerid=23899&position=P"">Valente Bellozo</a>",24.0,68.2,3.669903048539506,5.72958666933326,13.0
31967,"<a href=""statss.aspx?playerid=31967&position=P"">Drew Thorpe</a>",23.0,44.1,5.4812031647303066,5.873246773218341,9.0
19574,"<a href=""statss.aspx?playerid=19574&position=P"">JoJo Romero</a>",27.0,59.0,3.355933071313133,4.268174978468349,0.0
17186,"<a href=""statss.aspx?playerid=17186&position=P"">Dinelson Lamet</a>",31.0,4.1,2.076923229285257,6.1664799983685,0.0
18297,"<a href=""statss.aspx?playerid=18297&position=P"">Tyler Kinley</a>",33.0,64.0,6.187500737607567,4.791479972004914,0.0
16507,"<a href=""statss.aspx?playerid=16507&position=P"">Dan Altavilla</a>",31.0,3.2,14.727279231078285,7.257390675811541,1.0
24581,"<a href=""statss.aspx?playerid=24581&position=P"">Lyon Richardson</a>",24.0,0.2,27.000028163224034,24.166501683019597,0.0
29946,"<a href=""statss.aspx?playerid=29946&position=P"">Grant Hartwig</a>",26.0,6.2,6.750000643730225,6.616480107307466,0.0
26058,"<a href=""statss.aspx?playerid=26058&position=P"">Easton Lucas</a>",27.0,11.2,10.800001471383432,5.137908618304231,0.0
19374,"<a href=""statss.aspx?playerid=19374&position=P"">Walker Buehler</a>",29.0,75.1,5.376106557667593,5.542586133407077,16.0
26443,"<a href=""statss.aspx?playerid=26443&position=P"">Sam Aldegheri</a>",22.0,13.0,4.846153846153846,6.397249009059026,3.0
20515,"<a href=""statss.aspx?playerid=20515&position=P"">Kyle Nelson</a>",27.0,10.2,4.218751383014476,5.228980454430205,0.0
19409,"<a href=""statss.aspx?playerid=19409&position=P"">Dane Dunning</a>",29.0,95.0,5.305263370926038,5.1664798585992155,15.0
24993,"<a href=""statss.aspx?playerid=24993&position=P"">Kody Funderburk</a>",27.0,34.2,6.490385805714278,4.551095416842174,0.0
21324,"<a href=""statss.aspx?playerid=21324&position=P"">Parker Mushinski</a>",28.0,11.0,6.545455680405995,5.439207445097432,0.0
23488,"<a href=""statss.aspx?playerid=23488&position=P"">Ron Marinaccio</a>",28.0,23.1,3.857143067340473,4.923622731189344,0.0
30074,"<a href=""statss.aspx?playerid=30074&position=P"">Chase Silseth</a>",24.0,8.0,6.75,6.541479778289795,2.0
22872,"<a href=""statss.aspx?playerid=22872&position=P"">Yoendrys Gomez</a>",24.0,11.1,3.97058868078217,5.813538898811242,0.0
22187,"<a href=""statss.aspx?playerid=22187&position=P"">Ryan Miller</a>",28.0,13.0,4.1538467632949185,5.3203262481464195,0.0
4806,"<a href=""statss.aspx?playerid=4806&position=P"">Rich Hill</a>",44.0,3.2,4.90909303712543,7.257390642560987,0.0
17793,"<a href=""statss.aspx?playerid=17793&position=P"">Trey Wingenter</a>",30.0,8.1,9.720000370788588,6.286479897308354,0.0
30094,"<a href=""statss.aspx?playerid=30094&position=P"">Jordan Wicks</a>",24.0,46.0,5.478261210291979,5.318653825190215,10.0
11752,"<a href=""statss.aspx?playerid=11752&position=P"">Luke Jackson</a>",32.0,53.0,5.094340355976084,4.24195163121808,0.0
11487,"<a href=""statss.aspx?playerid=11487&position=P"">Joely Rodriguez</a>",32.0,13.2,5.926830784754372,4.922577788587387,0.0
12272,"<a href=""statss.aspx?playerid=12272&position=P"">Aaron Brooks</a>",34.0,26.2,5.062500120699409,5.228979827463628,4.0
8779,"<a href=""statss.aspx?playerid=8779&position=P"">Wade Miley</a>",37.0,7.0,6.428571428571429,6.595051206861223,2.0
26203,"<a href=""statss.aspx?playerid=26203&position=P"">Andrew Saalfrank</a>",26.0,1.0,36.00003862385125,15.166492652906879,0.0
20276,"<a href=""statss.aspx?playerid=20276&position=P"">Deivi Garcia</a>",25.0,14.0,7.0714304982404705,5.237908914138014,0.0
16074,"<a href=""statss.aspx?playerid=16074&position=P"">Nick Burdi</a>",31.0,9.2,1.8620698228039418,5.442342895050169,0.0
5097,"<a href=""statss.aspx?playerid=5097&position=OF"">Anthony Gose</a>",33.0,4.1,10.384616146426286,8.012633979955396,0.0
19249,"<a href=""statss.aspx?playerid=19249&position=P"">Seranthony Dominguez</a>",29.0,58.2,4.44886426313612,4.683525446562266,0.0
26190,"<a href=""statss.aspx?playerid=26190&position=P"">Blair Henley</a>",27.0,0.1,135.00014081612017,39.16651732925518,1.0
27783,"<a href=""statss.aspx?playerid=27783&position=P"">Zach Brzykcy</a>",24.0,5.2,14.294119250815813,7.931186195228399,0.0
12808,"<a href=""statss.aspx?playerid=12808&position=P"">Mike Clevinger</a>",33.0,16.0,6.7500008046628,6.228980143368288,4.0
15488,"<a href=""statss.aspx?playerid=15488&position=P"">Antonio Senzatela</a>",29.0,12.1,6.567567736846505,7.139452853666076,3.0
21997,"<a href=""statss.aspx?playerid=21997&position=P"">Luis Frias</a>",26.0,9.2,13.965519537682292,5.545790514339371,0.0
15042,"<a href=""statss.aspx?playerid=15042&position=P"">Tim Mayza</a>",32.0,42.2,6.328126508742931,4.502417596802191,0.0
23631,"<a href=""statss.aspx?playerid=23631&position=P"">Clayton Andrews</a>",27.0,0.1,27.000028163224034,45.1665235877494,0.0
29823,"<a href=""statss.aspx?playerid=29823&position=P"">Ky Bush</a>",24.0,17.2,5.6037737865726465,6.279687437496821,4.0
20018,"<a href=""statss.aspx?playerid=20018&position=P"">Parker Dunshee</a>",29.0,2.1,19.2857169131847,15.595052900119935,0.0
19281,"<a href=""statss.aspx?playerid=19281&position=P"">Nick Hernandez</a>",29.0,8.0,7.875000938773267,7.541480299830499,0.0
24728,"<a href=""statss.aspx?playerid=24728&position=P"">Mike Burrows</a>",24.0,3.1,2.70000025749209,8.566480293273976,0.0
21290,"<a href=""statss.aspx?playerid=21290&position=P"">Lucas Gilbreath</a>",28.0,1.0,54.00005793577688,22.166500163100178,0.0
31533,"<a href=""statss.aspx?playerid=31533&position=P"">Victor Mederos</a>",23.0,5.1,11.812500704079909,7.103980012983098,0.0
27626,"<a href=""statss.aspx?playerid=27626&position=P"">Eric Orze</a>",26.0,1.2,21.600008239749236,15.166484355928262,0.0
16318,"<a href=""statss.aspx?playerid=16318&position=P"">Ricardo Pinto</a>",30.0,10.2,10.968750653788486,6.072729951515804,0.0
19835,"<a href=""statss.aspx?playerid=19835&position=P"">Gerson Garabito</a>",28.0,26.1,4.7848110507648425,5.293062467518614,2.0
25481,"<a href=""statss.aspx?playerid=25481&position=P"">Joe La Sorsa</a>",26.0,17.2,4.584906815379438,5.5438388677458,0.0
25098,"<a href=""statss.aspx?playerid=25098&position=P"">Jacob Lopez</a>",26.0,10.1,5.225806612377985,6.74712504973397,1.0
12718,"<a href=""statss.aspx?playerid=12718&position=P"">Adrian Houser</a>",31.0,69.1,5.841346582364785,4.926095291989805,7.0
30250,"<a href=""statss.aspx?playerid=30250&position=P"">Jaden Hill</a>",24.0,10.2,5.062500301748532,6.16647995710374,0.0
26020,"<a href=""statss.aspx?playerid=26020&position=P"">Seth Johnson</a>",25.0,2.1,34.71429044373246,12.595052491402313,1.0
18067,"<a href=""statss.aspx?playerid=18067&position=C"">Garrett Stubbs</a>",31.0,4.0,15.75,11.166479778289794,0.0
8110,"<a href=""statss.aspx?playerid=8110&position=P"">Bryan Shaw</a>",36.0,4.0,9.00000429153647,7.416481804848684,0.0
16135,"<a href=""statss.aspx?playerid=16135&position=P"">Brandon Leibrandt</a>",31.0,6.1,9.94736892034475,8.692795845147991,0.0
16929,"<a href=""statss.aspx?playerid=16929&position=P"">Touki Toussaint</a>",28.0,23.0,7.434783841802156,5.079523573841227,0.0
25928,"<a href=""statss.aspx?playerid=25928&position=P"">Darius Vines</a>",26.0,13.2,8.560976008018681,6.751845798742063,2.0
21045,"<a href=""statss.aspx?playerid=21045&position=P"">Seth Martinez</a>",29.0,52.2,3.588608028147254,4.780404023752846,0.0
20536,"<a href=""statss.aspx?playerid=20536&position=2B/OF"">Vidal Brujan</a>",26.0,1.2,43.20001647949847,24.76648801803903,0.0
10197,"<a href=""statss.aspx?playerid=10197&position=P"">Shelby Miller</a>",33.0,55.2,4.526946935038663,4.477857263439884,0.0
13276,"<a href=""statss.aspx?playerid=13276&position=P"">Matt Carasiti</a>",32.0,8.2,10.384618431859657,5.935711360119036,0.0
16981,"<a href=""statss.aspx?playerid=16981&position=P"">Tyler Beede</a>",31.0,14.0,8.357143426428074,5.023622761940478,0.0
15684,"<a href=""statss.aspx?playerid=15684&position=P"">Miguel Castro</a>",29.0,13.2,5.926830371173835,5.727455864599477,0.0
24282,"<a href=""statss.aspx?playerid=24282&position=P"">Kai-Wei Teng</a>",25.0,11.0,9.818182669395332,6.711934631126998,0.0
16401,"<a href=""statss.aspx?playerid=16401&position=P"">Yonny Chirinos</a>",30.0,30.0,6.3,6.133146444956462,6.0
25463,"<a href=""statss.aspx?playerid=25463&position=P"">Brandon Williamson</a>",26.0,14.1,3.7674421946895684,6.58508473273033,3.0
16128,"<a href=""statss.aspx?playerid=16128&position=P"">John Curtiss</a>",31.0,2.1,15.428573530547759,13.452195465321633,0.0
31827,"<a href=""statss.aspx?playerid=31827&position=P"">Zebby Matthews</a>",24.0,37.2,6.690265938430782,5.715152516739616,9.0
21241,"<a href=""statss.aspx?playerid=21241&position=P"">Jonathan Bermudez</a>",28.0,6.2,8.10000077247627,7.6664802074432785,1.0
20348,"<a href=""statss.aspx?playerid=20348&position=P"">Riley O'Brien</a>",29.0,8.0,11.250002682209654,7.041480702162009,0.0
20827,"<a href=""statss.aspx?playerid=20827&position=P"">Michael Petersen</a>",30.0,19.2,5.949153311668436,5.556310595797628,0.0
19569,"<a href=""statss.aspx?playerid=19569&position=P"">David Bednar</a>",29.0,57.2,5.7745671106423515,4.796537761474123,0.0
22284,"<a href=""statss.aspx?playerid=22284&position=P"">Matt Sauer</a>",25.0,16.1,7.714286314850345,6.656275968341141,0.0
22318,"<a href=""statss.aspx?playerid=22318&position=P"">Jose Hernandez</a>",26.0,5.1,3.3750014081603203,6.353981108218987,0.0
10058,"<a href=""statss.aspx?playerid=10058&position=P"">Tyler Matzek</a>",33.0,10.0,9.900001888275506,5.966480312347514,0.0
16933,"<a href=""statss.aspx?playerid=16933&position=P"">Elieser Hernandez</a>",29.0,15.2,6.319149577277729,7.251586575721863,1.0
16610,"<a href=""statss.aspx?playerid=16610&position=P"">J.P. Feyereisen</a>",31.0,11.0,8.181818891162775,6.711934631126998,0.0
26270,"<a href=""statss.aspx?playerid=26270&position=P"">Blake Walston</a>",23.0,18.1,4.41818235444635,6.166480142420033,2.0
23443,"<a href=""statss.aspx?playerid=23443&position=P"">Tom Cosgrove</a>",28.0,14.2,11.65909520506032,5.825571667163201,0.0
5448,"<a href=""statss.aspx?playerid=5448&position=P"">Jesse Chavez</a>",40.0,63.1,3.126316228850788,4.42963785055274,0.0
13761,"<a href=""statss.aspx?playerid=13761&position=P"">Chris Stratton</a>",33.0,58.1,5.554286561802584,4.623622857775041,0.0
17610,"<a href=""statss.aspx?playerid=17610&position=P"">Tanner Rainey</a>",31.0,51.0,4.764706238743369,5.4213819077362455,0.0
20009,"<a href=""statss.aspx?playerid=20009&position=P"">Kenny Rosenberg</a>",28.0,24.0,6.000000238418589,5.458146536019116,1.0
13767,"<a href=""statss.aspx?playerid=13767&position=P"">JT Chargois</a>",33.0,36.1,2.2293582272825416,4.900425066176217,0.0
21858,"<a href=""statss.aspx?playerid=21858&position=P"">Riley Pint</a>",26.0,3.1,21.600008239749236,13.066483554841529,0.0
17149,"<a href=""statss.aspx?playerid=17149&position=P"">Domingo German</a>",31.0,20.2,7.838709918566978,6.118092772318102,2.0
20061,"<a href=""statss.aspx?playerid=20061&position=P"">Kaleb Ort</a>",32.0,24.2,2.5540545148690095,5.234047718898041,0.0
6893,"<a href=""statss.aspx?playerid=6893&position=P"">Johnny Cueto</a>",38.0,11.1,7.147059023999018,7.490009311326238,2.0
18337,"<a href=""statss.aspx?playerid=18337&position=P"">Nick Anderson</a>",33.0,35.2,4.037383465446648,5.073021970306268,0.0
16943,"<a href=""statss.aspx?playerid=16943&position=P"">Sean Newcomb</a>",31.0,10.0,6.300000600814877,7.066480150222814,0.0
27669,"<a href=""statss.aspx?playerid=27669&position=P"">Tanner Gordon</a>",26.0,34.1,8.650485757271692,6.137353674726539,8.0
27974,"<a href=""statss.aspx?playerid=27974&position=P"">Cristian Mena</a>",21.0,3.0,12.0,13.49981311162313,1.0
13528,"<a href=""statss.aspx?playerid=13528&position=P"">Matt Bowman</a>",33.0,30.2,4.402174697361589,5.188219268929933,1.0
13580,"<a href=""statss.aspx?playerid=13580&position=P"">Steven Okert</a>",32.0,35.1,5.094341322774918,5.119310618686848,1.0
19345,"<a href=""statss.aspx?playerid=19345&position=P"">Daulton Jefferies</a>",28.0,14.2,9.818182243788556,6.098298087198877,1.0
30146,"<a href=""statss.aspx?playerid=30146&position=P"">Jack Leiter</a>",24.0,35.2,8.831776094515796,5.661806992295846,6.0
13420,"<a href=""statss.aspx?playerid=13420&position=P"">Matt Koch</a>",33.0,0.1,81.0000844896721,51.166529846243634,0.0
22224,"<a href=""statss.aspx?playerid=22224&position=P"">Jonathan Heasley</a>",27.0,5.1,16.87500100582844,8.791480113565942,0.0
26790,"<a href=""statss.aspx?playerid=26790&position=P"">Angel Chivilli</a>",21.0,31.2,4.547369060146601,5.3138485011368015,0.0
6399,"<a href=""statss.aspx?playerid=6399&position=P"">Jose Cisnero</a>",35.0,15.2,6.893618559934822,6.2303102493719384,0.0
14416,"<a href=""statss.aspx?playerid=14416&position=P"">Yunior Marte</a>",29.0,26.0,6.9230774309508565,5.628018420405656,0.0
30171,"<a href=""statss.aspx?playerid=30171&position=P"">Mason Black</a>",24.0,36.1,6.440367535964505,5.450883647884043,8.0
19990,"<a href=""statss.aspx?playerid=19990&position=P"">Bryse Wilson</a>",26.0,104.2,4.041401519374575,5.0868620605457995,9.0
11760,"<a href=""statss.aspx?playerid=11760&position=P"">Drew Smyly</a>",35.0,58.2,3.8352279377378875,4.905116443397637,0.0
20349,"<a href=""statss.aspx?playerid=20349&position=P"">Zack Kelly</a>",29.0,56.2,3.9705888144286052,4.84295061104854,3.0
33168,"<a href=""statss.aspx?playerid=33168&position=P"">Jake Bloss</a>",23.0,11.2,6.942857521212852,7.623622878327675,3.0
8246,"<a href=""statss.aspx?playerid=8246&position=P"">Paolo Espino</a>",37.0,8.2,8.307692917141027,9.051095594598024,1.0
7432,"<a href=""statss.aspx?playerid=7432&position=P"">Jay Jackson</a>",36.0,26.1,7.5189882494513895,5.444961066002337,0.0
21306,"<a href=""statss.aspx?playerid=21306&position=P"">Jacob Latz</a>",28.0,43.2,3.709924852478184,5.044342975223197,0.0
19979,"<a href=""statss.aspx?playerid=19979&position=P"">Zach Plesac</a>",29.0,12.0,8.250000655651144,8.416480195522341,3.0
21238,"<a href=""statss.aspx?playerid=21238&position=P"">Allan Winans</a>",28.0,7.2,15.260870830773962,8.77517589558279,2.0
25918,"<a href=""statss.aspx?playerid=25918&position=P"">Zack Thompson</a>",26.0,17.0,9.529412833877208,6.990009619042996,2.0
31900,"<a href=""statss.aspx?playerid=31900&position=P"">Adam Mazur</a>",23.0,33.2,7.485149080268866,6.22588594998699,8.0
30226,"<a href=""statss.aspx?playerid=30226&position=P"">Spencer Bivens</a>",30.0,48.2,3.143835965543325,4.789767629779487,2.0
16122,"<a href=""statss.aspx?playerid=16122&position=P"">Jordan Romano</a>",31.0,13.2,6.5853666195481715,6.166480127195074,0.0
24607,"<a href=""statss.aspx?playerid=24607&position=P"">Jonathan Bowlan</a>",27.0,2.2,13.500003218651585,18.91648353338331,1.0
21574,"<a href=""statss.aspx?playerid=21574&position=P"">Brendon Little</a>",27.0,45.2,3.7445263815611414,4.896407170940849,0.0
27474,"<a href=""statss.aspx?playerid=27474&position=P"">Max Meyer</a>",25.0,57.0,5.684210526315789,5.9033218835529535,11.0
30031,"<a href=""statss.aspx?playerid=30031&position=P"">Julian Aguiar</a>",23.0,31.2,6.2526320810926,6.861216917117241,7.0
19403,"<a href=""statss.aspx?playerid=19403&position=P"">Colin Poche</a>",30.0,37.1,3.8571433826369397,4.880765726128435,0.0
13470,"<a href=""statss.aspx?playerid=13470&position=P"">Lucas Sims</a>",30.0,49.1,4.378379422265379,5.234047838804002,0.0
31204,"<a href=""statss.aspx?playerid=31204&position=P"">Justin Wrobleski</a>",23.0,36.1,5.6972479058098715,6.359140440482767,6.0
19866,"<a href=""statss.aspx?playerid=19866&position=P"">Brandon Bielak</a>",28.0,29.2,5.157303978677211,5.930525047907647,0.0
21267,"<a href=""statss.aspx?playerid=21267&position=P"">Jake Bird</a>",28.0,40.0,4.5000008583070485,5.416480207443319,0.0
15290,"<a href=""statss.aspx?playerid=15290&position=P"">Austin Pruitt</a>",34.0,4.1,12.461542118231588,13.781867508635223,0.0
19225,"<a href=""statss.aspx?playerid=19225&position=P"">Mitch White</a>",29.0,23.2,7.225352889085462,6.039719523657114,0.0
27691,"<a href=""statss.aspx?playerid=27691&position=P"">Louie Varland</a>",26.0,49.2,7.610738644733743,5.54231882611673,7.0
20462,"<a href=""statss.aspx?playerid=20462&position=P"">Bryan Sammons</a>",29.0,27.1,3.6219513880079033,5.800626242295543,0.0
17701,"<a href=""statss.aspx?playerid=17701&position=P"">Jose Cuas</a>",30.0,16.1,7.714286765273879,7.023623160926735,0.0
8048,"<a href=""statss.aspx?playerid=8048&position=P"">Will Smith</a>",34.0,41.1,6.532258868341614,5.271318746977649,0.0
15734,"<a href=""statss.aspx?playerid=15734&position=P"">Brad Keller</a>",28.0,41.1,5.4435489313536,5.682609062115459,2.0
25551,"<a href=""statss.aspx?playerid=25551&position=P"">Isaiah Campbell</a>",26.0,6.2,16.20000154495254,8.116480250358627,0.0
27470,"<a href=""statss.aspx?playerid=27470&position=P"">Emerson Hancock</a>",25.0,60.2,4.747252946256404,5.6884579059885105,12.0
17464,"<a href=""statss.aspx?playerid=17464&position=P"">Jonathan Hernandez</a>",27.0,43.1,5.400000871511747,5.174172410005701,1.0
14510,"<a href=""statss.aspx?playerid=14510&position=P"">Thyago Vieira</a>",31.0,38.0,5.210527100391453,6.061217056285047,0.0
20206,"<a href=""statss.aspx?playerid=20206&position=P"">Mike Baumann</a>",28.0,58.1,5.554286749088714,4.82933723094907,0.0
19874,"<a href=""statss.aspx?playerid=19874&position=P"">Alex Faedo</a>",28.0,57.1,3.610465676801365,4.910666095585141,6.0
33527,"<a href=""statss.aspx?playerid=33527&position=P"">Hurston Waldrep</a>",22.0,7.0,16.71428799142674,11.737909517482995,2.0
29950,"<a href=""statss.aspx?playerid=29950&position=P"">Jordan Leasure</a>",25.0,31.1,6.319149961942301,5.815416378497932,0.0
25651,"<a href=""statss.aspx?playerid=25651&position=P"">Ty Adcock</a>",27.0,4.1,14.538465804603518,15.166483299549842,0.0
15849,"<a href=""statss.aspx?playerid=15849&position=P"">Kent Emanuel</a>",32.0,17.2,6.622642462768909,6.449499118807716,0.0
13763,"<a href=""statss.aspx?playerid=13763&position=P"">Dominic Leone</a>",32.0,19.0,6.631580944537397,6.324375466164746,0.0
17490,"<a href=""statss.aspx?playerid=17490&position=P"">Genesis Cabrera</a>",27.0,62.2,3.5904263332993867,5.129246173826793,0.0
20038,"<a href=""statss.aspx?playerid=20038&position=P"">Darren McCaughan</a>",28.0,42.0,6.214285996495474,6.118860864747415,5.0
16408,"<a href=""statss.aspx?playerid=16408&position=P"">Victor Gonzalez</a>",28.0,23.1,3.857144013230028,5.952194898955927,0.0
14295,"<a href=""statss.aspx?playerid=14295&position=P"">Wandy Peralta</a>",32.0,38.1,3.991305274603037,5.4621324852510185,0.0
31508,"<a href=""statss.aspx?playerid=31508&position=P"">Caden Dana</a>",20.0,10.1,9.580645456026307,10.230996124652627,3.0
22810,"<a href=""statss.aspx?playerid=22810&position=P"">Roansy Contreras</a>",24.0,68.1,4.346342029560261,5.156723939973955,3.0
14986,"<a href=""statss.aspx?playerid=14986&position=P"">Giovanny Gallegos</a>",32.0,20.2,6.532260074080213,6.360029147840121,0.0
26285,"<a href=""statss.aspx?playerid=26285&position=P"">Tommy Henry</a>",26.0,38.1,7.043478319279864,6.375175457072844,7.0
27753,"<a href=""statss.aspx?playerid=27753&position=P"">Bailey Horn</a>",26.0,18.0,6.500002066295009,6.999814330207364,0.0
13190,"<a href=""statss.aspx?playerid=13190&position=P"">Jordan Weems</a>",31.0,41.2,6.696001021728671,5.542480140838679,0.0
19588,"<a href=""statss.aspx?playerid=19588&position=P"">Guillo Zuniga</a>",25.0,17.2,5.094340355976084,7.015536936138392,0.0
6895,"<a href=""statss.aspx?playerid=6895&position=P"">Chase Anderson</a>",36.0,58.1,5.40000020599366,5.6864798744201694,1.0
29833,"<a href=""statss.aspx?playerid=29833&position=P"">Nick Nastrini</a>",24.0,35.2,7.065420875612636,7.372087442344936,8.0
10314,"<a href=""statss.aspx?playerid=10314&position=P"">Erasmo Ramirez</a>",34.0,20.2,4.3548392455610765,6.456802763824831,0.0
23460,"<a href=""statss.aspx?playerid=23460&position=P"">Brandon Hughes</a>",28.0,17.2,8.150945009562566,8.71365068757543,2.0
21863,"<a href=""statss.aspx?playerid=21863&position=P"">George Soriano</a>",25.0,29.1,6.750001170418682,6.030116638467417,0.0
17735,"<a href=""statss.aspx?playerid=17735&position=P"">Tyler Alexander</a>",29.0,107.2,5.099071508535823,5.079792584771361,9.0
21205,"<a href=""statss.aspx?playerid=21205&position=P"">Connor Brogdon</a>",29.0,3.0,24.000008583071917,24.499820741020386,0.0
27477,"<a href=""statss.aspx?playerid=27477&position=P"">Bryce Jarvis</a>",26.0,59.1,3.185393531490157,5.121536125659415,0.0
14361,"<a href=""statss.aspx?playerid=14361&position=P"">Ty Blach</a>",33.0,71.1,6.939252552918264,6.264610716057343,12.0
20185,"<a href=""statss.aspx?playerid=20185&position=P"">Zach Pop</a>",27.0,48.1,5.586208807076145,5.525101274610834,0.0
16587,"<a href=""statss.aspx?playerid=16587&position=P"">Erik Swanson</a>",30.0,39.1,5.033898956027138,6.064785237820572,0.0
12056,"<a href=""statss.aspx?playerid=12056&position=P"">Scott McGough</a>",34.0,32.2,7.438776740825464,6.044031274740798,2.0
12763,"<a href=""statss.aspx?playerid=12763&position=P"">Chris Devenski</a>",33.0,26.2,6.750000643730225,7.328980175256767,0.0
21170,"<a href=""statss.aspx?playerid=21170&position=P"">Dany Jimenez</a>",30.0,25.2,4.909091760304496,6.5950518013596025,0.0
20517,"<a href=""statss.aspx?playerid=20517&position=P"">Nick Sandlin</a>",27.0,57.2,3.7456658961857823,5.23006423035511,1.0
27589,"<a href=""statss.aspx?playerid=27589&position=P"">Logan Allen</a>",25.0,97.1,5.732877011906716,5.868534714009268,20.0
21955,"<a href=""statss.aspx?playerid=21955&position=P"">Yerry Rodriguez</a>",26.0,21.2,8.723077946950818,7.874172638548966,0.0
23223,"<a href=""statss.aspx?playerid=23223&position=P"">Michael Mercado</a>",25.0,13.0,11.076923889521371,12.935711264187116,2.0
20353,"<a href=""statss.aspx?playerid=20353&position=P"">Steven Wilson</a>",29.0,34.2,5.711540137522811,6.714557742508511,0.0
1890,"<a href=""statss.aspx?playerid=1890&position=P"">Matt Moore</a>",35.0,48.1,5.027587132765933,6.166480330763294,0.0
17859,"<a href=""statss.aspx?playerid=17859&position=P"">Adbert Alzolay</a>",29.0,17.1,4.67307778011428,7.378019012219949,0.0
5003,"<a href=""statss.aspx?playerid=5003&position=P"">Jake Diekman</a>",37.0,32.0,5.625002346933868,6.135231016949336,0.0
17639,"<a href=""statss.aspx?playerid=17639&position=P"">Justin Lawrence</a>",29.0,59.2,6.486034625352337,5.630167349160063,0.0
27483,"<a href=""statss.aspx?playerid=27483&position=P"">Bobby Miller</a>",25.0,56.0,8.517857142857142,6.970051206861223,13.0
12760,"<a href=""statss.aspx?playerid=12760&position=P"">Rafael Montero</a>",33.0,38.1,4.695652796956309,6.4012628161930305,0.0
20546,"<a href=""statss.aspx?playerid=20546&position=P"">Grant Anderson</a>",27.0,26.2,8.10000193119095,7.591480833292259,0.0
18403,"<a href=""statss.aspx?playerid=18403&position=P"">Enyel De Los Santos</a>",28.0,64.0,5.203126162989325,5.963355403440213,0.0
18000,"<a href=""statss.aspx?playerid=18000&position=P"">Triston McKenzie</a>",26.0,75.2,5.1145376168318295,6.457228787569189,16.0
11836,"<a href=""statss.aspx?playerid=11836&position=P"">Taijuan Walker</a>",31.0,83.2,7.09960164757536,6.94337223726928,15.0
25311,"<a href=""statss.aspx?playerid=25311&position=P"">Roddery Munoz</a>",24.0,82.2,6.532258265472482,7.267286356058631,17.0
