playerid,Name,Age,IP,ERA,FIP,GS
13125,"<a href=""statss.aspx?playerid=13125&position=P"">Gerrit Cole</a>",28.0,212.1,2.500784989260519,2.639441173090714,33.0
10954,"<a href=""statss.aspx?playerid=10954&position=P"">Jacob deGrom</a>",31.0,204.0,2.426470588235294,2.6747937894334983,32.0
2520,"<a href=""statss.aspx?playerid=2520&position=P"">Lance Lynn</a>",32.0,208.1,3.6720000896484395,3.127609473598633,33.0
3137,"<a href=""statss.aspx?playerid=3137&position=P"">Max Scherzer</a>",34.0,172.1,2.924564883221119,2.4480520062929525,27.0
8700,"<a href=""statss.aspx?playerid=8700&position=P"">Justin Verlander</a>",36.0,223.0,2.582959817994794,3.2678211385829,34.0
4676,"<a href=""statss.aspx?playerid=4676&position=P"">Charlie Morton</a>",35.0,194.2,3.0513697832873152,2.8133245546702796,33.0
10131,"<a href=""statss.aspx?playerid=10131&position=P"">Stephen Strasburg</a>",30.0,209.0,3.315789231603213,3.252286984875145,33.0
19427,"<a href=""statss.aspx?playerid=19427&position=P"">Shane Bieber</a>",24.0,214.1,3.2752722394660783,3.3213189650352444,33.0
1943,"<a href=""statss.aspx?playerid=1943&position=P"">Zack Greinke</a>",35.0,208.2,2.932907062283641,3.218801807509125,33.0
15474,"<a href=""statss.aspx?playerid=15474&position=P"">Lucas Giolito</a>",24.0,176.2,3.413207448902995,3.4347641863335743,29.0
19374,"<a href=""statss.aspx?playerid=19374&position=P"">Walker Buehler</a>",24.0,182.1,3.257769743527644,3.0055999634958015,30.0
14444,"<a href=""statss.aspx?playerid=14444&position=P"">Hyun-Jin Ryu</a>",32.0,182.2,2.3156931727396084,3.099045984862779,29.0
9323,"<a href=""statss.aspx?playerid=9323&position=P"">Patrick Corbin</a>",29.0,202.0,3.2524752475247523,3.486286703430781,33.0
17479,"<a href=""statss.aspx?playerid=17479&position=P"">Jack Flaherty</a>",23.0,196.1,2.7504243057108853,3.463585014559552,33.0
10310,"<a href=""statss.aspx?playerid=10310&position=P"">Zack Wheeler</a>",29.0,195.1,3.9624574410619493,3.4802210867354257,31.0
12808,"<a href=""statss.aspx?playerid=12808&position=P"">Mike Clevinger</a>",28.0,126.0,2.7142855499336878,2.4917872972168804,21.0
12768,"<a href=""statss.aspx?playerid=12768&position=P"">Sonny Gray</a>",29.0,175.1,2.8745247982162883,3.4193326755806,31.0
14168,"<a href=""statss.aspx?playerid=14168&position=P"">Jose Berrios</a>",25.0,200.1,3.6838600458860453,3.8529445514172407,32.0
11762,"<a href=""statss.aspx?playerid=11762&position=P"">Noah Syndergaard</a>",26.0,197.2,4.279932436245217,3.5984951319191625,32.0
6397,"<a href=""statss.aspx?playerid=6397&position=P"">Jake Odorizzi</a>",29.0,159.0,3.509433962264151,3.3586635637583226,30.0
15689,"<a href=""statss.aspx?playerid=15689&position=P"">Luis Castillo</a>",26.0,190.2,3.3986010359542913,3.696526906738555,32.0
10021,"<a href=""statss.aspx?playerid=10021&position=P"">Mike Minor</a>",31.0,208.1,3.5855998249218834,4.246009425317386,32.0
12049,"<a href=""statss.aspx?playerid=12049&position=P"">Kyle Hendricks</a>",29.0,177.0,3.457627118644068,3.6094897016967082,30.0
18383,"<a href=""statss.aspx?playerid=18383&position=P"">Michael Soroka</a>",21.0,174.2,2.6793890008837282,3.454467462966804,29.0
3548,"<a href=""statss.aspx?playerid=3548&position=P"">Liam Hendriks</a>",30.0,85.0,1.8,1.8728330051197728,2.0
13431,"<a href=""statss.aspx?playerid=13431&position=P"">Marcus Stroman</a>",28.0,184.1,3.2224231687026563,3.718530274848323,32.0
13164,"<a href=""statss.aspx?playerid=13164&position=P"">Eduardo Rodriguez</a>",26.0,203.1,3.806557186611629,3.8631897710991385,34.0
15467,"<a href=""statss.aspx?playerid=15467&position=P"">Marco Gonzales</a>",27.0,203.0,3.9901477832512313,4.154896175215397,34.0
10603,"<a href=""statss.aspx?playerid=10603&position=P"">Chris Sale</a>",30.0,147.1,4.398189741578961,3.390480051759016,25.0
2036,"<a href=""statss.aspx?playerid=2036&position=P"">Clayton Kershaw</a>",31.0,178.1,3.0280374695405325,3.8588693071842326,28.0
11423,"<a href=""statss.aspx?playerid=11423&position=P"">Jose Quintana</a>",30.0,171.0,4.684210526315789,3.7988047973454346,31.0
11828,"<a href=""statss.aspx?playerid=11828&position=P"">James Paxton</a>",30.0,150.2,3.8230083333232057,3.864451865752581,29.0
16149,"<a href=""statss.aspx?playerid=16149&position=P"">Aaron Nola</a>",26.0,202.1,3.869851535257831,4.03443777053917,34.0
9073,"<a href=""statss.aspx?playerid=9073&position=P"">Kirby Yates</a>",32.0,60.2,1.186813236564101,1.301921483465845,0.0
15038,"<a href=""statss.aspx?playerid=15038&position=P"">German Marquez</a>",24.0,174.0,4.758620689655173,4.058837061914905,28.0
12970,"<a href=""statss.aspx?playerid=12970&position=P"">Joe Musgrove</a>",26.0,170.1,4.438356296915739,3.818706166954464,31.0
5524,"<a href=""statss.aspx?playerid=5524&position=P"">Madison Bumgarner</a>",29.0,207.2,3.900481445398678,3.9026129901425897,34.0
16162,"<a href=""statss.aspx?playerid=16162&position=P"">Brandon Woodruff</a>",26.0,121.2,3.6246571554254867,3.0085300451283317,22.0
12703,"<a href=""statss.aspx?playerid=12703&position=P"">Trevor Bauer</a>",28.0,213.0,4.478872918581328,4.3360751230255525,34.0
15764,"<a href=""statss.aspx?playerid=15764&position=P"">Masahiro Tanaka</a>",30.0,182.0,4.450549450549451,4.268954530653064,31.0
15440,"<a href=""statss.aspx?playerid=15440&position=P"">Matthew Boyd</a>",28.0,185.1,4.564748326713187,4.320124613977752,32.0
16269,"<a href=""statss.aspx?playerid=16269&position=P"">John Means</a>",26.0,155.0,3.599999922475509,4.414009449866511,27.0
13743,"<a href=""statss.aspx?playerid=13743&position=P"">Max Fried</a>",25.0,165.2,4.020121156333265,3.7150155657615533,30.0
14309,"<a href=""statss.aspx?playerid=14309&position=P"">Frankie Montas</a>",26.0,96.0,2.625,2.9952594757080084,16.0
8362,"<a href=""statss.aspx?playerid=8362&position=P"">Homer Bailey</a>",33.0,163.1,4.573469102915917,4.107886971057035,31.0
14916,"<a href=""statss.aspx?playerid=14916&position=P"">Jon Gray</a>",27.0,150.0,3.8399994880676953,4.060676029500712,25.0
16207,"<a href=""statss.aspx?playerid=16207&position=P"">Spencer Turnbull</a>",26.0,148.1,4.6112356388230475,3.9892903214165614,30.0
4930,"<a href=""statss.aspx?playerid=4930&position=P"">Jon Lester</a>",35.0,171.2,4.456310547576888,4.256727891415541,31.0
13543,"<a href=""statss.aspx?playerid=13543&position=P"">Blake Snell</a>",26.0,107.0,4.289719932037063,3.316813221355955,23.0
18498,"<a href=""statss.aspx?playerid=18498&position=P"">Kenta Maeda</a>",31.0,153.2,4.041214466299169,3.949367341556327,26.0
16502,"<a href=""statss.aspx?playerid=16502&position=P"">Ryan Yarbrough</a>",27.0,141.2,4.129412283610373,3.5528330476965513,14.0
5372,"<a href=""statss.aspx?playerid=5372&position=P"">Michael Pineda</a>",30.0,146.0,4.006849315068493,4.0222286537902,26.0
12917,"<a href=""statss.aspx?playerid=12917&position=P"">Dylan Bundy</a>",26.0,161.2,4.787628263477033,4.729473202519213,30.0
13074,"<a href=""statss.aspx?playerid=13074&position=P"">Yu Darvish</a>",32.0,178.2,3.9794778385149736,4.176696097683501,31.0
13050,"<a href=""statss.aspx?playerid=13050&position=P"">Anthony DeSclafani</a>",29.0,166.2,3.88799988134766,4.426009438720704,31.0
10123,"<a href=""statss.aspx?playerid=10123&position=P"">Kyle Gibson</a>",31.0,160.0,4.837499394491391,4.264009344279783,29.0
4972,"<a href=""statss.aspx?playerid=4972&position=P"">Cole Hamels</a>",35.0,141.2,3.811764979590201,4.089303656206499,27.0
9803,"<a href=""statss.aspx?playerid=9803&position=P"">Miles Mikolas</a>",30.0,184.0,4.157608695652174,4.27379208440366,32.0
3284,"<a href=""statss.aspx?playerid=3284&position=P"">Anibal Sanchez</a>",35.0,166.0,3.849397944199706,4.44292525132106,30.0
20099,"<a href=""statss.aspx?playerid=20099&position=P"">Chris Paddack</a>",23.0,140.2,3.3270140977104115,3.9533459418658774,26.0
16400,"<a href=""statss.aspx?playerid=16400&position=P"">Reynaldo Lopez</a>",25.0,184.0,5.380435228798512,5.040096583663867,33.0
3184,"<a href=""statss.aspx?playerid=3184&position=P"">David Price</a>",33.0,107.1,4.276397718175934,3.623947383332716,22.0
18684,"<a href=""statss.aspx?playerid=18684&position=P"">Sandy Alcantara</a>",23.0,197.1,3.876688989346015,4.551847244580358,32.0
14374,"<a href=""statss.aspx?playerid=14374&position=P"">Tyler Glasnow</a>",25.0,60.2,1.7802199667857208,2.257965419471232,12.0
11486,"<a href=""statss.aspx?playerid=11486&position=P"">Robbie Ray</a>",27.0,174.1,4.336520203002002,4.286667250789191,33.0
14212,"<a href=""statss.aspx?playerid=14212&position=P"">Josh Hader</a>",25.0,75.2,2.616740439896832,3.09506672843997,0.0
19316,"<a href=""statss.aspx?playerid=19316&position=P"">Eric Lauer</a>",24.0,149.2,4.4498884370357,4.2295996295059455,29.0
12447,"<a href=""statss.aspx?playerid=12447&position=P"">Seth Lugo</a>",29.0,80.0,2.700000514984229,2.7015093779563717,0.0
15734,"<a href=""statss.aspx?playerid=15734&position=P"">Brad Keller</a>",23.0,165.1,4.1915323870115095,4.351106284882848,28.0
11428,"<a href=""statss.aspx?playerid=11428&position=P"">Brandon Workman</a>",30.0,71.2,1.883721197612134,2.4605209966631545,0.0
12076,"<a href=""statss.aspx?playerid=12076&position=P"">Felipe Vazquez</a>",27.0,60.0,1.6500008392338252,2.1473422665063433,0.0
13449,"<a href=""statss.aspx?playerid=13449&position=P"">Taylor Rogers</a>",28.0,69.0,2.6086962290658766,2.851690555004414,0.0
1994,"<a href=""statss.aspx?playerid=1994&position=P"">Ivan Nova</a>",32.0,187.0,4.716577540106952,4.978715358060949,34.0
12304,"<a href=""statss.aspx?playerid=12304&position=P"">Chris Bassitt</a>",30.0,144.0,3.812499596013006,4.401509349875994,25.0
19320,"<a href=""statss.aspx?playerid=19320&position=P"">Joey Lucchesi</a>",26.0,163.2,4.1792263290017635,4.173276337774202,30.0
10233,"<a href=""statss.aspx?playerid=10233&position=P"">Aroldis Chapman</a>",31.0,57.0,2.2105264637278816,2.2841848520764385,0.0
2233,"<a href=""statss.aspx?playerid=2233&position=P"">Adam Wainwright</a>",37.0,171.2,4.194175005817599,4.355757116180577,31.0
18337,"<a href=""statss.aspx?playerid=18337&position=P"">Nick Anderson</a>",28.0,65.0,3.323077703171411,2.3524708119228275,0.0
8753,"<a href=""statss.aspx?playerid=8753&position=P"">Tanner Roark</a>",32.0,165.1,4.354838642691972,4.665622356605332,31.0
8779,"<a href=""statss.aspx?playerid=8779&position=P"">Wade Miley</a>",32.0,167.1,3.9800794393179575,4.510822145876172,33.0
8223,"<a href=""statss.aspx?playerid=8223&position=P"">Brett Anderson</a>",31.0,176.0,3.8863639733023185,4.571964138894052,31.0
17149,"<a href=""statss.aspx?playerid=17149&position=P"">Domingo German</a>",26.0,143.0,4.027971974246525,4.724498966050455,24.0
11801,"<a href=""statss.aspx?playerid=11801&position=P"">Hansel Robles</a>",28.0,72.2,2.4770648270162106,2.88373416543918,1.0
10190,"<a href=""statss.aspx?playerid=10190&position=P"">Tyler Skaggs</a>",27.0,79.2,4.292886755212328,3.854176798853706,15.0
17948,"<a href=""statss.aspx?playerid=17948&position=P"">Trent Thornton</a>",25.0,154.1,4.840172467148291,4.587659493158393,29.0
11156,"<a href=""statss.aspx?playerid=11156&position=P"">Merrill Kelly</a>",30.0,183.1,4.418181573032361,4.512191221858258,32.0
8782,"<a href=""statss.aspx?playerid=8782&position=P"">Andrew Cashner</a>",32.0,150.0,4.68,4.660676142374674,23.0
13273,"<a href=""statss.aspx?playerid=13273&position=P"">Ross Stripling</a>",29.0,90.2,3.4742645840692314,3.467685937401952,15.0
6902,"<a href=""statss.aspx?playerid=6902&position=P"">Martin Perez</a>",28.0,165.1,5.1169348148538845,4.6595738028357605,29.0
12910,"<a href=""statss.aspx?playerid=12910&position=P"">Ken Giles</a>",28.0,53.0,1.8679249316359319,2.2706130455888505,0.0
13475,"<a href=""statss.aspx?playerid=13475&position=P"">Daniel Norris</a>",26.0,144.1,4.489607489182988,4.606619206149027,29.0
16918,"<a href=""statss.aspx?playerid=16918&position=P"">Luke Weaver</a>",25.0,64.1,2.9378244148658426,3.0741130750001107,12.0
2717,"<a href=""statss.aspx?playerid=2717&position=P"">Rick Porcello</a>",30.0,174.1,5.523899767800943,4.762766419951263,32.0
8044,"<a href=""statss.aspx?playerid=8044&position=P"">Jason Vargas</a>",36.0,149.2,4.510022348349087,4.764120860622064,29.0
7754,"<a href=""statss.aspx?playerid=7754&position=P"">Mike Fiers</a>",34.0,184.2,3.89891653795852,4.968521917789342,33.0
13764,"<a href=""statss.aspx?playerid=13764&position=P"">Roberto Osuna</a>",24.0,65.0,2.6307692307692307,3.214009475708008,0.0
6797,"<a href=""statss.aspx?playerid=6797&position=P"">Julio Teheran</a>",28.0,174.2,3.8129769882034132,4.662482715971467,33.0
14107,"<a href=""statss.aspx?playerid=14107&position=P"">Kevin Gausman</a>",28.0,102.1,5.716612022684947,3.9762244120660006,17.0
7593,"<a href=""statss.aspx?playerid=7593&position=P"">Jordan Lyles</a>",28.0,141.0,4.148936057965,4.639541352034444,28.0
15552,"<a href=""statss.aspx?playerid=15552&position=P"">Chad Green</a>",28.0,69.0,4.173914197262252,3.3444442943724533,15.0
14986,"<a href=""statss.aspx?playerid=14986&position=P"">Giovanny Gallegos</a>",27.0,74.0,2.310811049055259,3.0518472968269372,0.0
12718,"<a href=""statss.aspx?playerid=12718&position=P"">Adrian Houser</a>",26.0,111.1,3.718563426369816,3.878680233078458,18.0
13361,"<a href=""statss.aspx?playerid=13361&position=P"">Steven Matz</a>",28.0,160.1,4.209978971043847,4.598624781740206,30.0
17085,"<a href=""statss.aspx?playerid=17085&position=P"">Pablo Lopez</a>",23.0,111.1,5.092814603922706,4.282871799988083,21.0
7005,"<a href=""statss.aspx?playerid=7005&position=P"">Ryan Pressly</a>",30.0,54.1,2.3190186219964173,2.66186218475648,0.0
19291,"<a href=""statss.aspx?playerid=19291&position=P"">Zac Gallen</a>",23.0,80.0,2.8125,3.614009475708008,15.0
16358,"<a href=""statss.aspx?playerid=16358&position=P"">Tyler Mahle</a>",24.0,129.2,5.136247793996422,4.656169141589887,25.0
13183,"<a href=""statss.aspx?playerid=13183&position=P"">Zach Davies</a>",26.0,159.2,3.551148112346096,4.560564756403617,31.0
9111,"<a href=""statss.aspx?playerid=9111&position=P"">Brad Hand</a>",29.0,57.1,3.296512578357952,2.79540470385303,0.0
3254,"<a href=""statss.aspx?playerid=3254&position=P"">Jeff Samardzija</a>",34.0,181.1,3.523897454194176,4.587171394478508,32.0
13619,"<a href=""statss.aspx?playerid=13619&position=P"">Jakob Junis</a>",26.0,175.1,5.2357415967510965,4.822374541376646,31.0
19309,"<a href=""statss.aspx?playerid=19309&position=P"">Trevor Richards</a>",26.0,135.1,4.056650341594168,4.514502117093388,23.0
14765,"<a href=""statss.aspx?playerid=14765&position=P"">Julio Urias</a>",22.0,79.2,2.4853553708529357,3.4273985732054824,8.0
13774,"<a href=""statss.aspx?playerid=13774&position=P"">Zach Eflin</a>",25.0,163.1,4.132652466022175,4.8548255659212565,28.0
14719,"<a href=""statss.aspx?playerid=14719&position=P"">Ty Buttrey</a>",26.0,72.1,3.981567520206209,3.4905072201667724,0.0
19479,"<a href=""statss.aspx?playerid=19479&position=P"">Aaron Civale</a>",24.0,57.2,2.341040410807165,3.4047609165885917,10.0
14771,"<a href=""statss.aspx?playerid=14771&position=P"">Emilio Pagan</a>",28.0,70.0,2.3142864709973376,3.29972378944865,0.0
15855,"<a href=""statss.aspx?playerid=15855&position=P"">Wander Suero</a>",27.0,71.1,4.542056884419251,3.0738225348308705,0.0
6986,"<a href=""statss.aspx?playerid=6986&position=P"">Ian Kennedy</a>",34.0,63.1,3.4105265896868726,2.992956826376451,0.0
4020,"<a href=""statss.aspx?playerid=4020&position=P"">Yusmeiro Petit</a>",34.0,83.0,2.710844370221745,3.587503588938559,0.0
5420,"<a href=""statss.aspx?playerid=5420&position=P"">Pedro Baez</a>",31.0,69.2,3.100479600707278,3.5154449924434377,0.0
7448,"<a href=""statss.aspx?playerid=7448&position=P"">Gio Gonzalez</a>",33.0,87.1,3.5038169214313055,4.038436986633021,17.0
19867,"<a href=""statss.aspx?playerid=19867&position=P"">Griffin Canning</a>",23.0,90.1,4.583026475382235,4.365301150683255,17.0
16401,"<a href=""statss.aspx?playerid=16401&position=P"">Yonny Chirinos</a>",25.0,133.1,3.847499871575837,4.44400943465233,18.0
14524,"<a href=""statss.aspx?playerid=14524&position=P"">Jose Leclerc</a>",25.0,68.2,4.325243479345619,3.5926503190177255,3.0
3542,"<a href=""statss.aspx?playerid=3542&position=P"">Danny Duffy</a>",30.0,130.2,4.3392855453769315,4.782886965659103,23.0
16258,"<a href=""statss.aspx?playerid=16258&position=P"">Aaron Bummer</a>",25.0,67.2,2.1280791376542925,3.4061277311906872,0.0
15423,"<a href=""statss.aspx?playerid=15423&position=P"">Andrew Heaney</a>",28.0,95.1,4.909091171002751,4.630093467343417,18.0
12863,"<a href=""statss.aspx?playerid=12863&position=P"">Matt Barnes</a>",29.0,64.1,3.7772032670579874,3.276185661173983,0.0
1247,"<a href=""statss.aspx?playerid=1247&position=P"">Adam Ottavino</a>",33.0,66.1,1.899498506976529,3.440140250348071,0.0
17186,"<a href=""statss.aspx?playerid=17186&position=P"">Dinelson Lamet</a>",26.0,73.0,4.068493150684931,3.9126396126943095,14.0
4505,"<a href=""statss.aspx?playerid=4505&position=P"">Jordan Zimmermann</a>",33.0,112.0,6.910714756469369,4.785438154181663,23.0
11752,"<a href=""statss.aspx?playerid=11752&position=P"">Luke Jackson</a>",27.0,72.2,3.8394500787647603,3.24153241534073,0.0
4264,"<a href=""statss.aspx?playerid=4264&position=P"">Mark Melancon</a>",34.0,67.1,3.608911470389555,2.8575737749287926,0.0
3096,"<a href=""statss.aspx?playerid=3096&position=P"">Kenley Jansen</a>",31.0,63.0,3.714286164091342,3.4838507782274646,0.0
17594,"<a href=""statss.aspx?playerid=17594&position=P"">Mitch Keller</a>",23.0,48.0,7.125,3.193176142374675,11.0
12777,"<a href=""statss.aspx?playerid=12777&position=P"">John Brebbia</a>",29.0,72.2,3.5917439991735054,3.131440648140801,0.0
14843,"<a href=""statss.aspx?playerid=14843&position=P"">Michael Lorenzen</a>",27.0,83.1,2.9160012458501416,3.658009665405354,0.0
8048,"<a href=""statss.aspx?playerid=8048&position=P"">Will Smith</a>",29.0,65.1,2.7551022553036946,3.2293155993485843,0.0
19312,"<a href=""statss.aspx?playerid=19312&position=P"">Cal Quantrill</a>",24.0,103.0,5.155340569555867,4.281970798968169,18.0
7410,"<a href=""statss.aspx?playerid=7410&position=P"">J.A. Happ</a>",36.0,161.1,4.909091528155307,5.222274191771543,30.0
17130,"<a href=""statss.aspx?playerid=17130&position=P"">Raisel Iglesias</a>",29.0,67.0,4.164180052840971,3.9155021727815766,0.0
11682,"<a href=""statss.aspx?playerid=11682&position=P"">Carlos Martinez</a>",27.0,48.1,3.165517824334106,2.8622852730042183,0.0
13758,"<a href=""statss.aspx?playerid=13758&position=P"">Tyler Duffey</a>",28.0,57.2,2.4971105974571883,3.057940063366934,0.0
6895,"<a href=""statss.aspx?playerid=6895&position=P"">Chase Anderson</a>",31.0,139.0,4.208632631520593,4.832714333985159,27.0
14993,"<a href=""statss.aspx?playerid=14993&position=P"">Scott Barlow</a>",26.0,70.1,4.22274957860243,3.413061644396338,0.0
3192,"<a href=""statss.aspx?playerid=3192&position=P"">Will Harris</a>",34.0,60.0,1.5000003814698235,3.147342792087127,0.0
11384,"<a href=""statss.aspx?playerid=11384&position=P"">Tommy Kahnle</a>",29.0,61.1,3.668479021420483,3.3281399341522007,0.0
13799,"<a href=""statss.aspx?playerid=13799&position=P"">Matt Strahm</a>",27.0,114.2,4.709302900029692,4.408777063308134,16.0
5401,"<a href=""statss.aspx?playerid=5401&position=P"">Brad Peacock</a>",31.0,91.2,4.123636177731357,4.424918512025946,15.0
12918,"<a href=""statss.aspx?playerid=12918&position=P"">Archie Bradley</a>",26.0,71.2,3.5162802298050906,3.4093583773638465,1.0
4153,"<a href=""statss.aspx?playerid=4153&position=P"">Jake Arrieta</a>",33.0,135.2,4.643734469636942,4.88722808619624,24.0
11847,"<a href=""statss.aspx?playerid=11847&position=P"">Chris Martin</a>",33.0,55.2,3.395209968613718,3.2499376235240263,0.0
15291,"<a href=""statss.aspx?playerid=15291&position=P"">Steven Brault</a>",27.0,113.1,5.161764676925633,4.758127114104565,19.0
18694,"<a href=""statss.aspx?playerid=18694&position=P"">Kolby Allard</a>",21.0,45.1,4.963235850977712,4.008127211864442,9.0
13911,"<a href=""statss.aspx?playerid=13911&position=P"">Scott Oberg</a>",29.0,56.0,2.250000153269097,3.535438069032165,0.0
12988,"<a href=""statss.aspx?playerid=12988&position=P"">Andrew Chafin</a>",29.0,52.2,3.7594954862452092,3.251984177589273,0.0
5003,"<a href=""statss.aspx?playerid=5003&position=P"">Jake Diekman</a>",32.0,62.0,4.645162576443555,3.5527192469070172,0.0
14875,"<a href=""statss.aspx?playerid=14875&position=P"">Caleb Smith</a>",27.0,153.1,4.519564917551793,5.111835436757895,28.0
15047,"<a href=""statss.aspx?playerid=15047&position=P"">Austin Voth</a>",27.0,43.2,3.2977105658564505,3.7865286711691972,8.0
10836,"<a href=""statss.aspx?playerid=10836&position=P"">Asher Wojciechowski</a>",30.0,82.1,4.919029445208135,5.303078770956896,16.0
11804,"<a href=""statss.aspx?playerid=11804&position=P"">Hector Neris</a>",30.0,67.2,2.926108484356828,3.834699154207941,0.0
17496,"<a href=""statss.aspx?playerid=17496&position=P"">Diego Castillo</a>",25.0,68.2,3.4077677791020893,3.7237183315566114,6.0
9817,"<a href=""statss.aspx?playerid=9817&position=P"">Sergio Romo</a>",36.0,60.1,3.430940383469516,3.67809802999374,0.0
12800,"<a href=""statss.aspx?playerid=12800&position=P"">Noe Ramirez</a>",29.0,67.2,3.990147820741887,3.716472534616246,7.0
8004,"<a href=""statss.aspx?playerid=8004&position=P"">Marcus Walden</a>",30.0,78.0,3.8076934250152075,3.688368589262091,0.0
15046,"<a href=""statss.aspx?playerid=15046&position=P"">Trevor Gott</a>",26.0,52.2,4.443038832853068,3.119072748510293,0.0
19716,"<a href=""statss.aspx?playerid=19716&position=P"">Dustin May</a>",21.0,34.2,3.6346147513602305,2.896701838684496,4.0
6941,"<a href=""statss.aspx?playerid=6941&position=P"">Joakim Soria</a>",35.0,69.0,4.304347826086956,3.6198065771572834,1.0
16977,"<a href=""statss.aspx?playerid=16977&position=P"">Trevor Williams</a>",27.0,145.2,5.375285853500336,5.12247622829178,26.0
4806,"<a href=""statss.aspx?playerid=4806&position=P"">Rich Hill</a>",39.0,58.2,2.454545560947139,4.100373150494475,13.0
11964,"<a href=""statss.aspx?playerid=11964&position=P"">Taylor Cole</a>",29.0,51.2,5.922580390080712,3.291428827212331,6.0
5448,"<a href=""statss.aspx?playerid=5448&position=P"">Jesse Chavez</a>",35.0,78.0,4.846153846153846,4.4063171680157005,9.0
19206,"<a href=""statss.aspx?playerid=19206&position=P"">Dakota Hudson</a>",24.0,174.2,3.349236361967897,4.925841394047155,32.0
17030,"<a href=""statss.aspx?playerid=17030&position=P"">Ariel Jurado</a>",23.0,122.1,5.811989161228826,5.102292874081931,18.0
7146,"<a href=""statss.aspx?playerid=7146&position=P"">Daniel Hudson</a>",32.0,73.0,2.465754004485928,3.9674343104120418,1.0
13594,"<a href=""statss.aspx?playerid=13594&position=P"">Robert Stephenson</a>",26.0,64.2,3.7577325498809104,3.631535314583665,0.0
17735,"<a href=""statss.aspx?playerid=17735&position=P"">Tyler Alexander</a>",24.0,53.2,4.863354613423153,4.145686604716275,8.0
18679,"<a href=""statss.aspx?playerid=18679&position=P"">Freddy Peralta</a>",23.0,85.0,5.294119072620815,4.178715617830024,8.0
11710,"<a href=""statss.aspx?playerid=11710&position=P"">Sam Dyson</a>",31.0,62.1,3.3208552762551458,3.470693941505507,0.0
19979,"<a href=""statss.aspx?playerid=19979&position=P"">Zach Plesac</a>",24.0,115.2,3.812679947617063,4.943116027915293,21.0
6632,"<a href=""statss.aspx?playerid=6632&position=P"">Carlos Carrasco</a>",32.0,80.0,5.287500504255343,4.414009590148936,12.0
12774,"<a href=""statss.aspx?playerid=12774&position=P"">Jairo Diaz</a>",28.0,57.2,4.526012059692654,3.699558662188446,0.0
13684,"<a href=""statss.aspx?playerid=13684&position=P"">John Gant</a>",26.0,66.1,3.6633177064882845,3.726572446986204,0.0
10756,"<a href=""statss.aspx?playerid=10756&position=P"">Shane Greene</a>",30.0,62.2,2.2978724336775285,3.7884775841273903,0.0
18413,"<a href=""statss.aspx?playerid=18413&position=P"">Jose Urquidy</a>",24.0,41.0,3.951219512195122,3.67742410985435,7.0
16137,"<a href=""statss.aspx?playerid=16137&position=P"">Carlos Rodon</a>",26.0,34.2,5.19230693049696,3.6178555703022157,7.0
17585,"<a href=""statss.aspx?playerid=17585&position=P"">Jordan Yamamoto</a>",23.0,78.2,4.461864118293884,4.51061956136606,15.0
10130,"<a href=""statss.aspx?playerid=10130&position=P"">Mike Leake</a>",31.0,197.0,4.294416409968513,5.193704983849521,32.0
9866,"<a href=""statss.aspx?playerid=9866&position=P"">Chaz Roe</a>",32.0,51.0,4.05882595814781,3.3120487500594042,0.0
17359,"<a href=""statss.aspx?playerid=17359&position=P"">Josh Taylor</a>",26.0,47.1,3.042254338399951,3.108375644513565,1.0
17369,"<a href=""statss.aspx?playerid=17369&position=P"">Brett Martin</a>",24.0,62.1,4.764705542162127,3.6471645249954743,2.0
14814,"<a href=""statss.aspx?playerid=14814&position=P"">Buck Farmer</a>",28.0,67.2,3.724139750581817,3.8790344311690466,1.0
6398,"<a href=""statss.aspx?playerid=6398&position=P"">Trevor May</a>",29.0,64.1,2.9378237180631284,3.726962823306332,0.0
9939,"<a href=""statss.aspx?playerid=9939&position=P"">Brandon Kintzler</a>",34.0,57.0,2.6842114245135074,3.5648867861019307,0.0
13360,"<a href=""statss.aspx?playerid=13360&position=P"">Cam Bedrosian</a>",27.0,61.1,3.2282617396355215,3.833574860082502,7.0
3240,"<a href=""statss.aspx?playerid=3240&position=P"">Zack Britton</a>",31.0,61.1,1.9076089724926908,3.735748681859855,0.0
12680,"<a href=""statss.aspx?playerid=12680&position=P"">Ryne Harper</a>",30.0,54.1,3.809817377501834,3.6557274325198152,0.0
9434,"<a href=""statss.aspx?playerid=9434&position=P"">Dallas Keuchel</a>",31.0,112.2,3.7544377003308496,4.722885147235773,19.0
10811,"<a href=""statss.aspx?playerid=10811&position=P"">Mike Foltynewicz</a>",27.0,117.0,4.538461242515288,4.974693121580229,21.0
11490,"<a href=""statss.aspx?playerid=11490&position=P"">Aaron Sanchez</a>",26.0,131.1,5.893401072288175,5.2470044192492775,27.0
23798,"<a href=""statss.aspx?playerid=23798&position=P"">Randy Dobnak</a>",24.0,28.1,1.588235472312868,2.896362381245434,5.0
14646,"<a href=""statss.aspx?playerid=14646&position=P"">Rowan Wick</a>",26.0,33.1,2.430000648880178,2.8240093715667447,0.0
15873,"<a href=""statss.aspx?playerid=15873&position=P"">Sean Manaea</a>",27.0,29.2,1.21348301603735,3.416256645047566,5.0
20186,"<a href=""statss.aspx?playerid=20186&position=P"">Brendan McKay</a>",23.0,49.0,5.142857543233563,4.030336069872066,11.0
11674,"<a href=""statss.aspx?playerid=11674&position=P"">Jameson Taillon</a>",27.0,37.1,4.098214844051749,3.80329527027754,7.0
13801,"<a href=""statss.aspx?playerid=13801&position=P"">Austin Adams</a>",28.0,32.0,3.9375018775472057,3.1202594310045035,2.0
14682,"<a href=""statss.aspx?playerid=14682&position=P"">Luis Perdomo</a>",26.0,72.0,3.9999999072816657,3.6028983555826146,1.0
6627,"<a href=""statss.aspx?playerid=6627&position=P"">Brad Brach</a>",33.0,54.1,5.466261634454801,3.7293472728956667,0.0
18525,"<a href=""statss.aspx?playerid=18525&position=P"">Dylan Cease</a>",23.0,73.0,5.794520547945205,5.186612215434035,14.0
1581,"<a href=""statss.aspx?playerid=1581&position=P"">Sean Doolittle</a>",32.0,60.0,4.050000514984196,4.247342940436486,0.0
14966,"<a href=""statss.aspx?playerid=14966&position=P"">Reyes Moronta</a>",26.0,56.2,2.858824235064935,3.5669507392962716,0.0
11426,"<a href=""statss.aspx?playerid=11426&position=P"">Drew Pomeranz</a>",30.0,104.0,4.846154112787656,4.5890095513600615,18.0
12022,"<a href=""statss.aspx?playerid=12022&position=P"">Matt Andriese</a>",29.0,70.2,4.712265338028867,3.7234435663057233,0.0
15947,"<a href=""statss.aspx?playerid=15947&position=P"">Ryne Stanek</a>",27.0,77.0,3.9740269584227126,4.278944804435664,27.0
5640,"<a href=""statss.aspx?playerid=5640&position=P"">Tyler Clippard</a>",34.0,62.0,2.9032267889051955,3.8914290597858874,3.0
6661,"<a href=""statss.aspx?playerid=6661&position=P"">Alex Colome</a>",30.0,61.0,2.8032788638304953,4.08286198905898,0.0
12972,"<a href=""statss.aspx?playerid=12972&position=P"">Joe Ross</a>",26.0,64.0,5.484375163447116,4.589009516686202,9.0
6345,"<a href=""statss.aspx?playerid=6345&position=P"">Chris Archer</a>",30.0,119.2,5.189414821213966,5.01902332656504,23.0
15906,"<a href=""statss.aspx?playerid=15906&position=P"">Lewis Thorpe</a>",23.0,27.2,6.180721329196456,3.46702145994412,2.0
13403,"<a href=""statss.aspx?playerid=13403&position=P"">Felix Pena</a>",29.0,96.1,4.577853825315673,4.521967711512486,7.0
17793,"<a href=""statss.aspx?playerid=17793&position=P"">Trey Wingenter</a>",25.0,51.0,5.647060737478515,3.6061664713662376,1.0
15846,"<a href=""statss.aspx?playerid=15846&position=P"">Adam Plutko</a>",27.0,109.1,4.856708305549567,5.226205007197471,20.0
9756,"<a href=""statss.aspx?playerid=9756&position=P"">David Hale</a>",31.0,37.2,3.10619489998572,3.3202041731434173,0.0
19388,"<a href=""statss.aspx?playerid=19388&position=P"">Tony Gonsolin</a>",25.0,40.0,2.925,3.864009475708008,6.0
19453,"<a href=""statss.aspx?playerid=19453&position=P"">Shaun Anderson</a>",24.0,96.0,5.43750027008356,4.7660928861341585,16.0
13394,"<a href=""statss.aspx?playerid=13394&position=P"">Dylan Floro</a>",28.0,46.2,4.242859108205654,3.556866777381192,0.0
15488,"<a href=""statss.aspx?playerid=15488&position=P"">Antonio Senzatela</a>",24.0,124.2,6.713903469395624,5.443955908792814,25.0
18318,"<a href=""statss.aspx?playerid=18318&position=P"">Jacob Waguespack</a>",25.0,78.0,4.38461549183321,4.9063172093980185,13.0
11753,"<a href=""statss.aspx?playerid=11753&position=P"">Kyle Ryan</a>",27.0,61.0,3.5409853780704577,3.8533540578596184,0.0
16980,"<a href=""statss.aspx?playerid=16980&position=P"">Daniel Mengden</a>",26.0,59.2,4.826817082568955,4.688870250937411,9.0
4338,"<a href=""statss.aspx?playerid=4338&position=P"">Tyler Chatwood</a>",29.0,76.2,3.7565217702825944,4.283574701969024,5.0
14542,"<a href=""statss.aspx?playerid=14542&position=P"">Carlos Estevez</a>",26.0,72.0,3.7500007947287655,4.130676336641706,0.0
14506,"<a href=""statss.aspx?playerid=14506&position=P"">J.B. Wendelken</a>",26.0,32.2,3.5816341866464443,2.9384991536582814,0.0
12857,"<a href=""statss.aspx?playerid=12857&position=P"">Shawn Armstrong</a>",28.0,58.0,5.741382071650038,4.541596321104564,0.0
15823,"<a href=""statss.aspx?playerid=15823&position=P"">Zack Littell</a>",23.0,37.0,2.6756753998137395,3.6194148393161503,0.0
3950,"<a href=""statss.aspx?playerid=3950&position=P"">Matt Magill</a>",29.0,50.2,4.085527443654961,3.7863780547707804,0.0
12828,"<a href=""statss.aspx?playerid=12828&position=P"">Andrew Kittredge</a>",29.0,49.2,4.167784808084904,3.5562913198502466,7.0
10430,"<a href=""statss.aspx?playerid=10430&position=P"">Mychal Givens</a>",29.0,63.0,4.571429678642558,4.499724072826227,0.0
7803,"<a href=""statss.aspx?playerid=7803&position=P"">Richard Bleier</a>",32.0,55.1,5.367470372898182,4.189913179871314,1.0
4776,"<a href=""statss.aspx?playerid=4776&position=P"">Matt Shoemaker</a>",32.0,28.2,1.5697672677852643,3.946567534007798,5.0
19403,"<a href=""statss.aspx?playerid=19403&position=P"">Colin Poche</a>",25.0,51.2,4.703227774216982,4.084977582044486,0.0
11189,"<a href=""statss.aspx?playerid=11189&position=P"">Vince Velasquez</a>",27.0,117.1,4.909091241596181,5.208327792606457,23.0
2429,"<a href=""statss.aspx?playerid=2429&position=P"">Corey Kluber</a>",33.0,35.2,5.803737490112092,4.055130851086572,7.0
18333,"<a href=""statss.aspx?playerid=18333&position=P"">Alex Young</a>",25.0,83.1,3.564000462249816,4.810009682708768,15.0
1514,"<a href=""statss.aspx?playerid=1514&position=P"">Oliver Perez</a>",37.0,40.2,3.9836086748888446,3.5582719537848213,0.0
7531,"<a href=""statss.aspx?playerid=7531&position=P"">Collin McHugh</a>",32.0,74.2,4.700893257421533,4.432759579483961,8.0
7982,"<a href=""statss.aspx?playerid=7982&position=P"">Anthony Bass</a>",31.0,48.0,3.5625008493663906,3.90150963962082,0.0
19848,"<a href=""statss.aspx?playerid=19848&position=P"">Darwinzon Hernandez</a>",22.0,30.1,4.450550756511282,2.7524708787364682,1.0
16110,"<a href=""statss.aspx?playerid=16110&position=P"">Daniel Ponce de Leon</a>",27.0,48.2,3.69862975043417,4.405790173070129,8.0
11589,"<a href=""statss.aspx?playerid=11589&position=P"">Jose Urena</a>",27.0,84.2,5.208660928408843,4.737631379936445,13.0
15541,"<a href=""statss.aspx?playerid=15541&position=P"">Tyler Rogers</a>",28.0,17.2,1.0188681811954308,2.081933718824196,0.0
15240,"<a href=""statss.aspx?playerid=15240&position=P"">Kevin McCarthy</a>",27.0,60.1,4.4751390647127485,3.959865986493466,0.0
10354,"<a href=""statss.aspx?playerid=10354&position=P"">Robbie Erlin</a>",28.0,55.1,5.367470742933324,3.6115999011104765,1.0
16794,"<a href=""statss.aspx?playerid=16794&position=P"">Josh James</a>",26.0,61.1,4.695652855366624,3.9803139347435335,1.0
15890,"<a href=""statss.aspx?playerid=15890&position=P"">Luis Severino</a>",25.0,12.0,1.5,2.130676142374675,3.0
12297,"<a href=""statss.aspx?playerid=12297&position=P"">Evan Marshall</a>",29.0,50.2,2.4868435407287555,4.299536418089607,0.0
16814,"<a href=""statss.aspx?playerid=16814&position=P"">Tim Hill</a>",29.0,39.2,3.6302523335851036,3.844261616955422,0.0
5257,"<a href=""statss.aspx?playerid=5257&position=P"">Wilmer Font</a>",29.0,84.1,4.4822142666168325,4.719938607613663,17.0
17995,"<a href=""statss.aspx?playerid=17995&position=P"">Logan Webb</a>",22.0,39.2,5.218485722105612,4.121572209987245,8.0
18088,"<a href=""statss.aspx?playerid=18088&position=P"">Cody Stashak</a>",25.0,25.0,3.240000741577318,3.014009429931631,1.0
19487,"<a href=""statss.aspx?playerid=19487&position=P"">Devin Smeltzer</a>",23.0,49.0,3.8571436078487333,4.581356680606765,6.0
13942,"<a href=""statss.aspx?playerid=13942&position=P"">Brent Suter</a>",29.0,18.1,0.4909091760304496,2.450372979660642,0.0
14375,"<a href=""statss.aspx?playerid=14375&position=P"">Amir Garrett</a>",27.0,56.0,3.2142872469773107,4.14258134705701,0.0
13485,"<a href=""statss.aspx?playerid=13485&position=P"">Sam Tuivailala</a>",26.0,23.0,2.3478262816575324,3.127052946757729,2.0
19876,"<a href=""statss.aspx?playerid=19876&position=P"">Kevin Ginkel</a>",25.0,24.1,1.4794522480706316,3.0907217883687887,0.0
8823,"<a href=""statss.aspx?playerid=8823&position=P"">Oliver Drake</a>",32.0,56.0,3.214285495329891,3.874723716414708,0.0
17018,"<a href=""statss.aspx?playerid=17018&position=P"">Jefry Rodriguez</a>",25.0,46.2,4.628570924097233,4.5425807594766585,8.0
18282,"<a href=""statss.aspx?playerid=18282&position=P"">Jarlin Garcia</a>",26.0,50.2,3.0197379031013347,3.766641248824592,0.0
15684,"<a href=""statss.aspx?playerid=15684&position=P"">Miguel Castro</a>",24.0,73.1,4.663636687097493,4.72764594432737,0.0
7731,"<a href=""statss.aspx?playerid=7731&position=P"">Juan Nicasio</a>",32.0,47.1,4.753521637556225,3.868939123549088,0.0
12272,"<a href=""statss.aspx?playerid=12272&position=P"">Aaron Brooks</a>",29.0,110.0,5.645454447565002,5.404918528627759,18.0
9761,"<a href=""statss.aspx?playerid=9761&position=P"">Joe Kelly</a>",31.0,51.1,4.558442348854175,3.778944638600192,0.0
17679,"<a href=""statss.aspx?playerid=17679&position=P"">Rogelio Armenteros</a>",25.0,18.0,4.0,2.7695650312635633,2.0
19618,"<a href=""statss.aspx?playerid=19618&position=P"">Jordan Hicks</a>",22.0,28.2,3.1395366244740956,3.214009475708008,0.0
3281,"<a href=""statss.aspx?playerid=3281&position=P"">Joe Smith</a>",35.0,25.0,1.800000411987399,3.094009448242182,0.0
1890,"<a href=""statss.aspx?playerid=1890&position=P"">Matt Moore</a>",30.0,10.0,0.0,1.714009475708008,2.0
19756,"<a href=""statss.aspx?playerid=19756&position=P"">Yoshihisa Hirano</a>",35.0,53.0,4.754719034469476,4.044198513472519,0.0
14696,"<a href=""statss.aspx?playerid=14696&position=P"">Keone Kela</a>",26.0,29.2,2.1235955511285063,3.517380268726366,0.0
13834,"<a href=""statss.aspx?playerid=13834&position=P"">Alec Mills</a>",27.0,36.0,2.75,4.18623169793023,4.0
20387,"<a href=""statss.aspx?playerid=20387&position=P"">Anthony Kay</a>",24.0,14.0,5.785714285714286,2.642580904279436,2.0
12804,"<a href=""statss.aspx?playerid=12804&position=P"">Matt Wisler</a>",26.0,51.1,5.610390687435394,4.22699668316162,8.0
17277,"<a href=""statss.aspx?playerid=17277&position=P"">Ranger Suarez</a>",23.0,48.2,3.1438372592859447,3.892092021828506,0.0
404,"<a href=""statss.aspx?playerid=404&position=P"">CC Sabathia</a>",38.0,107.1,4.947205203380002,5.6643201508284236,22.0
7407,"<a href=""statss.aspx?playerid=7407&position=P"">Javy Guerra</a>",33.0,67.2,4.655172851184117,4.248492331526701,0.0
21032,"<a href=""statss.aspx?playerid=21032&position=P"">Emmanuel Clase</a>",21.0,23.1,2.3142848945153474,3.4282951140890585,1.0
15594,"<a href=""statss.aspx?playerid=15594&position=P"">Nick Wittgren</a>",28.0,57.2,2.809249979642075,4.16776718484575,0.0
16943,"<a href=""statss.aspx?playerid=16943&position=P"">Sean Newcomb</a>",26.0,68.1,3.1609761979593785,4.23839991023188,4.0
6033,"<a href=""statss.aspx?playerid=6033&position=P"">Kelvin Herrera</a>",29.0,51.1,6.1363647003806205,4.5776460757925905,0.0
13470,"<a href=""statss.aspx?playerid=13470&position=P"">Lucas Sims</a>",25.0,43.0,4.604652388280573,4.44656794327806,4.0
7274,"<a href=""statss.aspx?playerid=7274&position=P"">Craig Stammen</a>",35.0,82.0,3.2926838458969803,4.116448751990884,0.0
5358,"<a href=""statss.aspx?playerid=5358&position=P"">Jose Alvarez</a>",30.0,59.0,3.3559337222559043,4.214009928299414,1.0
13696,"<a href=""statss.aspx?playerid=13696&position=P"">Robert Gsellman</a>",25.0,63.2,4.6649236088546635,4.125004658581982,0.0
4259,"<a href=""statss.aspx?playerid=4259&position=P"">David Hernandez</a>",34.0,42.2,8.01562691107438,4.339009743928973,0.0
20373,"<a href=""statss.aspx?playerid=20373&position=P"">Andres Munoz</a>",20.0,23.0,3.9130438027625543,3.1705312112328685,0.0
12575,"<a href=""statss.aspx?playerid=12575&position=P"">Nick Ramirez</a>",29.0,79.2,4.066945736520224,4.50689654626845,0.0
12760,"<a href=""statss.aspx?playerid=12760&position=P"">Rafael Montero</a>",28.0,29.0,2.4827586206896552,3.8346991308804217,0.0
18256,"<a href=""statss.aspx?playerid=18256&position=P"">Zac Grotz</a>",26.0,17.1,4.15384874400464,2.694778382707428,0.0
19546,"<a href=""statss.aspx?playerid=19546&position=P"">Jon Duplantier</a>",24.0,36.2,4.4181814351358035,3.950373048230642,3.0
16588,"<a href=""statss.aspx?playerid=16588&position=P"">Jonathan Holder</a>",26.0,41.1,6.314515412706696,4.447880303478282,1.0
494,"<a href=""statss.aspx?playerid=494&position=P"">Fernando Rodney</a>",42.0,47.2,5.664336533177917,4.283939709752726,0.0
19447,"<a href=""statss.aspx?playerid=19447&position=P"">Patrick Sandoval</a>",22.0,39.1,5.033899932441043,4.586891275464656,9.0
17734,"<a href=""statss.aspx?playerid=17734&position=P"">Evan Phillips</a>",24.0,28.0,6.428568801102447,3.96400916916996,0.0
15690,"<a href=""statss.aspx?playerid=15690&position=P"">Jimmy Cordero</a>",27.0,37.1,2.8928582851912545,4.071152671320232,0.0
16201,"<a href=""statss.aspx?playerid=16201&position=P"">Justin Anderson</a>",26.0,47.0,5.553193742952446,4.426775925318312,0.0
13528,"<a href=""statss.aspx?playerid=13528&position=P"">Matt Bowman</a>",28.0,32.0,3.6562508717181377,3.6827595874667436,0.0
9490,"<a href=""statss.aspx?playerid=9490&position=P"">Jeremy Jeffress</a>",31.0,52.0,5.019231873856737,3.9640096407670606,0.0
16058,"<a href=""statss.aspx?playerid=16058&position=P"">Stefan Crichton</a>",27.0,30.1,3.5604415007261974,3.312910628505958,0.0
16074,"<a href=""statss.aspx?playerid=16074&position=P"">Nick Burdi</a>",26.0,8.2,9.34615556022856,1.8293938371556286,0.0
19959,"<a href=""statss.aspx?playerid=19959&position=P"">Jesus Luzardo</a>",21.0,12.0,1.5,2.630676142374675,0.0
8280,"<a href=""statss.aspx?playerid=8280&position=P"">Tony Sipp</a>",35.0,21.0,4.714288283368946,3.5473429906936906,0.0
15832,"<a href=""statss.aspx?playerid=15832&position=P"">Paul Fry</a>",26.0,57.1,5.337211551378371,4.71401010779474,0.0
17285,"<a href=""statss.aspx?playerid=17285&position=P"">Justus Sheffield</a>",23.0,36.0,5.500001165602189,4.714009793599514,7.0
10160,"<a href=""statss.aspx?playerid=10160&position=P"">Ryan Weber</a>",28.0,40.2,5.090163297789115,4.1976159100633925,3.0
17192,"<a href=""statss.aspx?playerid=17192&position=P"">Jalen Beeks</a>",25.0,104.1,4.313099094099576,4.412092557402334,3.0
5615,"<a href=""statss.aspx?playerid=5615&position=P"">Ryan Brasier</a>",31.0,55.2,4.850300619920441,4.41760259250308,0.0
16306,"<a href=""statss.aspx?playerid=16306&position=P"">Gerardo Reyes</a>",26.0,26.0,7.615386291368842,3.406317210338534,0.0
18600,"<a href=""statss.aspx?playerid=18600&position=P"">Travis Lakins Sr.</a>",25.0,23.1,3.857142436747694,3.6425808575688627,3.0
4301,"<a href=""statss.aspx?playerid=4301&position=P"">Justin Wilson</a>",31.0,39.0,2.538462283343472,3.9063173711653185,0.0
15761,"<a href=""statss.aspx?playerid=15761&position=P"">Joe Jimenez</a>",24.0,59.2,4.374301862420529,4.655350319264198,0.0
14663,"<a href=""statss.aspx?playerid=14663&position=P"">Chi Chi Gonzalez</a>",27.0,63.0,5.285714605768271,5.642581051331268,12.0
3201,"<a href=""statss.aspx?playerid=3201&position=P"">Francisco Liriano</a>",35.0,70.0,3.4714289497843005,4.528295333239512,0.0
11861,"<a href=""statss.aspx?playerid=11861&position=P"">Jason Adam</a>",27.0,21.2,2.907692648983606,3.9524711008467013,0.0
19269,"<a href=""statss.aspx?playerid=19269&position=P"">T.J. Zeuch</a>",23.0,22.2,4.764707218817324,4.052245004944389,3.0
13339,"<a href=""statss.aspx?playerid=13339&position=P"">Adrian Sampson</a>",27.0,125.1,5.888298648954781,5.687414057247279,15.0
15043,"<a href=""statss.aspx?playerid=15043&position=P"">Lou Trivino</a>",27.0,60.0,5.250001668930584,4.530676560931869,0.0
13892,"<a href=""statss.aspx?playerid=13892&position=P"">Paul Sewald</a>",29.0,19.2,4.576272222030949,3.5699417596437484,0.0
16981,"<a href=""statss.aspx?playerid=16981&position=P"">Tyler Beede</a>",26.0,117.0,5.076922994158443,5.034522266542601,22.0
12580,"<a href=""statss.aspx?playerid=12580&position=P"">Adam Morgan</a>",29.0,29.2,3.9438225912679727,4.3263696937579486,0.0
7947,"<a href=""statss.aspx?playerid=7947&position=P"">Cory Gearrin</a>",33.0,55.1,4.066265363931367,4.2622023250769825,2.0
16532,"<a href=""statss.aspx?playerid=16532&position=P"">Harrison Musgrave</a>",27.0,10.0,3.6000006866456387,2.914009418487538,0.0
12763,"<a href=""statss.aspx?playerid=12763&position=P"">Chris Devenski</a>",28.0,69.0,4.826088023771872,4.619806888037953,1.0
19341,"<a href=""statss.aspx?playerid=19341&position=P"">Hector Velazquez</a>",30.0,56.1,5.431954256665051,4.740637142613872,8.0
5702,"<a href=""statss.aspx?playerid=5702&position=P"">Junior Guerra</a>",34.0,83.2,3.5498009047124763,4.516798359929085,0.0
19343,"<a href=""statss.aspx?playerid=19343&position=P"">A.J. Puk</a>",24.0,11.1,3.176470677332897,3.390480068893169,0.0
18029,"<a href=""statss.aspx?playerid=18029&position=P"">Tanner Anderson</a>",26.0,22.1,6.044774398583256,4.870725421986381,5.0
16609,"<a href=""statss.aspx?playerid=16609&position=P"">Bryan Abreu</a>",22.0,8.2,1.0384620717294035,1.2524700068858015,0.0
14665,"<a href=""statss.aspx?playerid=14665&position=P"">Jandel Gustave</a>",26.0,24.1,2.9589061196617,3.7071604956516246,0.0
11467,"<a href=""statss.aspx?playerid=11467&position=P"">A.J. Cole</a>",27.0,26.0,3.807694821669754,3.8293944973920087,0.0
19814,"<a href=""statss.aspx?playerid=19814&position=P"">David McKay</a>",24.0,26.1,5.468354892470979,4.163376644539776,0.0
15288,"<a href=""statss.aspx?playerid=15288&position=P"">Adam Cimber</a>",28.0,56.2,4.447061418053051,4.361068968459787,0.0
13685,"<a href=""statss.aspx?playerid=13685&position=P"">Nick Goody</a>",27.0,40.2,3.540984492313696,4.615649170582179,0.0
13761,"<a href=""statss.aspx?playerid=13761&position=P"">Chris Stratton</a>",28.0,76.0,5.565789613367121,4.9245358344260355,5.0
15290,"<a href=""statss.aspx?playerid=15290&position=P"">Austin Pruitt</a>",29.0,47.0,4.404255140415957,4.256562624888597,2.0
13424,"<a href=""statss.aspx?playerid=13424&position=P"">Drew VerHagen</a>",28.0,58.0,5.896553081508228,4.869182270517335,4.0
15091,"<a href=""statss.aspx?playerid=15091&position=P"">Hunter Wood</a>",25.0,45.1,2.977941259999591,4.361068331411554,2.0
19249,"<a href=""statss.aspx?playerid=19249&position=P"">Seranthony Dominguez</a>",24.0,24.2,4.013514547996147,4.024820495505209,0.0
6483,"<a href=""statss.aspx?playerid=6483&position=P"">Steve Cishek</a>",33.0,64.0,2.9531260561201775,4.542134950682691,0.0
19274,"<a href=""statss.aspx?playerid=19274&position=P"">Jacob Webb</a>",25.0,32.1,1.3917527962521892,4.2964838727930434,0.0
20633,"<a href=""statss.aspx?playerid=20633&position=P"">Yusei Kikuchi</a>",28.0,161.2,5.45567044637907,5.7129787051152014,32.0
13442,"<a href=""statss.aspx?playerid=13442&position=P"">Mike Morin</a>",28.0,50.2,4.618421806027808,4.556114957801559,0.0
9388,"<a href=""statss.aspx?playerid=9388&position=P"">Josh Tomlin</a>",34.0,79.1,3.7436980790367573,4.4871189234612485,1.0
14288,"<a href=""statss.aspx?playerid=14288&position=P"">Luke Bard</a>",28.0,49.0,4.775509460525597,4.805845962549873,3.0
18864,"<a href=""statss.aspx?playerid=18864&position=P"">Pedro Avila</a>",22.0,5.1,1.68750100582898,3.026509363949233,1.0
10341,"<a href=""statss.aspx?playerid=10341&position=P"">Juan Minaya</a>",28.0,27.2,3.903615354886194,4.659792940480672,0.0
17610,"<a href=""statss.aspx?playerid=17610&position=P"">Tanner Rainey</a>",26.0,48.1,3.9103458563300446,4.372630470176169,0.0
6399,"<a href=""statss.aspx?playerid=6399&position=P"">Jose Cisnero</a>",30.0,35.1,4.330189302579671,4.6574059099012315,0.0
1157,"<a href=""statss.aspx?playerid=1157&position=P"">Tommy Hunter</a>",32.0,5.1,0.0,1.3390083581202528,0.0
12578,"<a href=""statss.aspx?playerid=12578&position=P"">DJ Johnson</a>",29.0,25.0,5.040002307129963,4.454010043335221,0.0
10843,"<a href=""statss.aspx?playerid=10843&position=P"">Adam Kolarek</a>",30.0,55.0,3.2727292021455394,4.268555551954904,0.0
15256,"<a href=""statss.aspx?playerid=15256&position=P"">Cole Sulser</a>",29.0,7.1,0.0,1.986737174041853,0.0
20367,"<a href=""statss.aspx?playerid=20367&position=P"">Brusdar Graterol</a>",20.0,9.2,4.655174097748956,3.4209061022746283,0.0
17425,"<a href=""statss.aspx?playerid=17425&position=P"">Erick Fedde</a>",26.0,78.0,4.499999449803346,5.342214343706171,12.0
15232,"<a href=""statss.aspx?playerid=15232&position=P"">Cody Reed</a>",26.0,6.1,1.4210533448537248,1.4771664986645665,0.0
20100,"<a href=""statss.aspx?playerid=20100&position=P"">Michel Baez</a>",23.0,29.2,3.033708710364293,4.360077210734519,1.0
14151,"<a href=""statss.aspx?playerid=14151&position=P"">Chris Mazza</a>",29.0,16.1,5.510203223683381,3.5201318770237515,0.0
3321,"<a href=""statss.aspx?playerid=3321&position=P"">Darren O'Day</a>",36.0,5.1,1.6875007040801602,2.0890090063212345,0.0
17536,"<a href=""statss.aspx?playerid=17536&position=P"">Ryan Burr</a>",25.0,19.2,4.576270446733629,4.383500812095491,1.0
17780,"<a href=""statss.aspx?playerid=17780&position=P"">Jose Alvarado</a>",24.0,30.0,4.800001988411774,4.180676542818713,1.0
3543,"<a href=""statss.aspx?playerid=3543&position=P"">Clay Buchholz</a>",34.0,59.0,6.559320761602222,5.620788669887634,12.0
13527,"<a href=""statss.aspx?playerid=13527&position=P"">Brandon Brennan</a>",27.0,47.1,4.563380036508263,4.397108003691631,0.0
12778,"<a href=""statss.aspx?playerid=12778&position=P"">Sam Gaviglio</a>",29.0,95.2,4.609756220103306,4.635612300955286,0.0
20151,"<a href=""statss.aspx?playerid=20151&position=P"">James Karinchak</a>",23.0,5.1,1.6875023637000053,0.776506061474667,0.0
12638,"<a href=""statss.aspx?playerid=12638&position=P"">Nathan Karns</a>",31.0,5.1,0.0,3.589009498059751,2.0
11686,"<a href=""statss.aspx?playerid=11686&position=P"">Josh Lucas</a>",28.0,15.2,5.744681084193822,4.171456323073645,0.0
20039,"<a href=""statss.aspx?playerid=20039&position=P"">Adrian Morejon</a>",20.0,8.0,10.125,3.714009475708008,2.0
14974,"<a href=""statss.aspx?playerid=14974&position=P"">Tyler Webb</a>",28.0,55.0,3.763638451947827,4.486737454627564,0.0
11209,"<a href=""statss.aspx?playerid=11209&position=P"">Casey Sadler</a>",28.0,46.1,2.1366912366213837,4.379477422956036,1.0
13323,"<a href=""statss.aspx?playerid=13323&position=P"">James Pazos</a>",28.0,10.1,1.7419358589895622,3.697880547649553,0.0
16933,"<a href=""statss.aspx?playerid=16933&position=P"">Elieser Hernandez</a>",24.0,82.1,5.0283398091676945,5.58243040031598,15.0
18138,"<a href=""statss.aspx?playerid=18138&position=P"">Ryan Helsley</a>",24.0,36.2,2.9454547497457853,4.223100454787582,0.0
8490,"<a href=""statss.aspx?playerid=8490&position=P"">Buddy Boshers</a>",31.0,20.0,4.050003089907142,4.214010238648043,1.0
19337,"<a href=""statss.aspx?playerid=19337&position=P"">Richard Lovelady</a>",23.0,20.0,7.650001459121983,4.164009656906162,0.0
3599,"<a href=""statss.aspx?playerid=3599&position=P"">Brian Schlitter</a>",33.0,9.2,3.7241381759734433,3.214009475708008,0.0
17295,"<a href=""statss.aspx?playerid=17295&position=P"">Framber Valdez</a>",25.0,70.2,5.858490776871403,4.982877463893818,8.0
7555,"<a href=""statss.aspx?playerid=7555&position=P"">Nick Vincent</a>",32.0,44.2,4.432836830443614,4.512517234120784,1.0
15507,"<a href=""statss.aspx?playerid=15507&position=P"">Hunter Harvey</a>",24.0,6.1,1.4210527029063929,3.6876937100101395,0.0
16850,"<a href=""statss.aspx?playerid=16850&position=P"">Locke St. John</a>",26.0,6.2,5.399998197556144,3.5140093755722384,0.0
13767,"<a href=""statss.aspx?playerid=13767&position=P"">JT Chargois</a>",28.0,21.1,6.328125942964247,4.010884594451654,0.0
16507,"<a href=""statss.aspx?playerid=16507&position=P"">Dan Altavilla</a>",26.0,14.2,5.522727871236787,4.100373208128727,0.0
18251,"<a href=""statss.aspx?playerid=18251&position=P"">Art Warren</a>",26.0,5.1,0.0,2.4640094310045217,0.0
6316,"<a href=""statss.aspx?playerid=6316&position=P"">David Phelps</a>",32.0,34.1,3.4077674951301495,4.582941717341487,1.0
17677,"<a href=""statss.aspx?playerid=17677&position=P"">Jeffrey Springs</a>",26.0,32.1,6.4020636180777535,4.97689655894681,0.0
13629,"<a href=""statss.aspx?playerid=13629&position=P"">Josh D. Smith</a>",29.0,12.2,6.394738125999476,4.319272855510387,0.0
10343,"<a href=""statss.aspx?playerid=10343&position=P"">Aaron Loup</a>",31.0,3.1,0.0,2.0140093612670795,0.0
13346,"<a href=""statss.aspx?playerid=13346&position=P"">Hoby Milner</a>",28.0,3.2,7.363637640456744,3.214009475708008,0.0
19753,"<a href=""statss.aspx?playerid=19753&position=P"">Jonathan Loaisiga</a>",24.0,31.2,4.547367416762471,4.950851197388118,4.0
13483,"<a href=""statss.aspx?playerid=13483&position=P"">Connor Sadzeck</a>",27.0,23.2,2.6619723315657042,4.7351365223169815,0.0
14510,"<a href=""statss.aspx?playerid=14510&position=P"">Thyago Vieira</a>",26.0,7.0,9.000004904613442,3.0711522549998582,0.0
19981,"<a href=""statss.aspx?playerid=19981&position=P"">Jeremy Walker</a>",24.0,9.1,1.9285720854391661,3.214009475708008,0.0
14508,"<a href=""statss.aspx?playerid=14508&position=P"">Randy Rosario</a>",25.0,14.1,4.395350762482079,4.260521562013265,0.0
19244,"<a href=""statss.aspx?playerid=19244&position=P"">Cole Irvin</a>",25.0,41.2,5.831997953247789,5.062008827148666,3.0
16256,"<a href=""statss.aspx?playerid=16256&position=P"">Kyle Freeland</a>",26.0,104.1,6.728433848768352,5.993561920355903,22.0
14899,"<a href=""statss.aspx?playerid=14899&position=P"">Taylor Williams</a>",27.0,14.2,9.818180328558524,3.8958275540801277,0.0
4090,"<a href=""statss.aspx?playerid=4090&position=P"">Luke Gregerson</a>",35.0,5.2,7.941182707425169,3.037538748876337,0.0
15100,"<a href=""statss.aspx?playerid=15100&position=P"">Ben Heller</a>",27.0,7.1,1.2272732592813576,3.7594642576108335,0.0
17490,"<a href=""statss.aspx?playerid=17490&position=P"">Genesis Cabrera</a>",22.0,20.1,4.868850479905919,4.541877788409622,2.0
19268,"<a href=""statss.aspx?playerid=19268&position=P"">Justin Dunn</a>",23.0,6.2,2.70000025749209,5.764009718894982,4.0
17871,"<a href=""statss.aspx?playerid=17871&position=P"">Ian Gibaut</a>",25.0,14.1,5.651160660017785,4.19075329348886,0.0
12799,"<a href=""statss.aspx?playerid=12799&position=P"">Cody Anderson</a>",28.0,8.2,9.346151446450301,5.752470362398213,2.0
10587,"<a href=""statss.aspx?playerid=10587&position=P"">Chad Bettis</a>",30.0,63.2,6.078532817394633,5.161653065777606,3.0
14741,"<a href=""statss.aspx?playerid=14741&position=P"">Tyler Olson</a>",29.0,30.2,4.402176468495517,4.420531915221594,0.0
14706,"<a href=""statss.aspx?playerid=14706&position=P"">Anthony Banda</a>",25.0,4.0,6.75,2.214009475708008,0.0
17586,"<a href=""statss.aspx?playerid=17586&position=P"">Tanner Scott</a>",24.0,26.1,4.7848110507648425,4.770971801750536,0.0
16511,"<a href=""statss.aspx?playerid=16511&position=P"">Jordan Montgomery</a>",26.0,4.0,6.75,3.964009475708008,1.0
11632,"<a href=""statss.aspx?playerid=11632&position=P"">Heath Hembree</a>",30.0,39.2,3.8571434753712044,4.777034936315947,0.0
14552,"<a href=""statss.aspx?playerid=14552&position=P"">Jose Ruiz</a>",24.0,40.0,5.62500186078312,5.364010186940666,1.0
4616,"<a href=""statss.aspx?playerid=4616&position=C"">Russell Martin</a>",36.0,4.0,0.0,2.214009475708008,0.0
15264,"<a href=""statss.aspx?playerid=15264&position=P"">Keynan Middleton</a>",25.0,7.2,1.1739134328803793,4.387922908588387,0.0
19995,"<a href=""statss.aspx?playerid=19995&position=P"">Joel Kuhnel</a>",24.0,9.2,4.655174557009855,4.248492710599087,0.0
6216,"<a href=""statss.aspx?playerid=6216&position=P"">Dellin Betances</a>",31.0,0.2,0.0,-2.785996782786221,0.0
16159,"<a href=""statss.aspx?playerid=16159&position=P"">Jace Fry</a>",25.0,55.0,4.7454565202705465,4.904919270287168,0.0
20030,"<a href=""statss.aspx?playerid=20030&position=P"">Phillip Diehl</a>",24.0,7.1,7.363633809996931,4.032191010152111,0.0
19642,"<a href=""statss.aspx?playerid=19642&position=P"">Eduardo Jimenez</a>",24.0,10.2,5.906253520401431,4.339010146260662,0.0
13345,"<a href=""statss.aspx?playerid=13345&position=P"">Luis Cessa</a>",27.0,81.0,4.111111498336933,4.86833061918293,0.0
12874,"<a href=""statss.aspx?playerid=12874&position=P"">Danny Hultzen</a>",29.0,3.1,0.0,2.914009447097776,0.0
15538,"<a href=""statss.aspx?playerid=15538&position=P"">Eric Yardley</a>",28.0,11.2,2.3142865971159896,4.156866978236744,0.0
15964,"<a href=""statss.aspx?playerid=15964&position=P"">Keury Mella</a>",25.0,3.2,7.363629500734405,2.6685554386165706,0.0
15454,"<a href=""statss.aspx?playerid=15454&position=P"">Nick Pivetta</a>",26.0,93.2,5.380782954672701,5.466678530144397,13.0
17969,"<a href=""statss.aspx?playerid=17969&position=P"">Peter Lambert</a>",22.0,89.1,7.253731756280458,5.967740975777441,19.0
11836,"<a href=""statss.aspx?playerid=11836&position=P"">Taijuan Walker</a>",26.0,1.0,0.0,1.214009475708008,1.0
15101,"<a href=""statss.aspx?playerid=15101&position=P"">Luke Farrell</a>",28.0,13.1,2.700000836849472,5.014010033607656,1.0
11903,"<a href=""statss.aspx?playerid=11903&position=P"">Michael Feliz</a>",26.0,56.1,3.9940844876814907,4.7051343511090975,1.0
11528,"<a href=""statss.aspx?playerid=11528&position=P"">Josh Osich</a>",30.0,67.2,4.655173638488148,4.95785229901468,0.0
13355,"<a href=""statss.aspx?playerid=13355&position=C"">Luke Maile</a>",28.0,2.0,0.0,1.714009475708008,0.0
4070,"<a href=""statss.aspx?playerid=4070&position=P"">Pedro Strop</a>",34.0,41.2,4.968000758056756,4.534009677124054,0.0
17998,"<a href=""statss.aspx?playerid=17998&position=P"">Pete Fairbanks</a>",25.0,21.0,6.857142234335197,5.07115216417379,0.0
20020,"<a href=""statss.aspx?playerid=20020&position=P"">John Schreiber</a>",25.0,13.0,6.230769230769231,4.444778706477239,0.0
9646,"<a href=""statss.aspx?playerid=9646&position=P"">Brian Moran</a>",30.0,6.1,4.263157466772233,4.003483080665829,0.0
14677,"<a href=""statss.aspx?playerid=14677&position=P"">Duane Underwood Jr.</a>",24.0,11.2,5.400001618522039,4.242581212569348,0.0
7608,"<a href=""statss.aspx?playerid=7608&position=P"">Tommy Milone</a>",32.0,111.2,4.755224638675803,4.996099312047904,6.0
11270,"<a href=""statss.aspx?playerid=11270&position=OF"">Aaron Altherr</a>",28.0,1.0,9.0,-0.785990524291992,0.0
19853,"<a href=""statss.aspx?playerid=19853&position=P"">Michael King</a>",24.0,2.0,0.0,2.214009475708008,0.0
13499,"<a href=""statss.aspx?playerid=13499&position=C"">Tom Murphy</a>",28.0,3.0,6.0,2.880676142374675,0.0
15463,"<a href=""statss.aspx?playerid=15463&position=P"">Jose De Leon</a>",26.0,4.0,2.25,3.464009475708008,0.0
12027,"<a href=""statss.aspx?playerid=12027&position=P"">Brian Flynn</a>",29.0,29.1,5.21590931701267,4.645827719593839,1.0
13593,"<a href=""statss.aspx?playerid=13593&position=2B/SS"">Jose Peraza</a>",25.0,1.1,0.0,3.214009475708008,0.0
17002,"<a href=""statss.aspx?playerid=17002&position=P"">Trevor Hildenberger</a>",28.0,16.1,10.469393460468698,4.805847077884535,0.0
14710,"<a href=""statss.aspx?playerid=14710&position=P"">Edwin Diaz</a>",25.0,58.0,5.586207631368654,4.507113094080381,0.0
6589,"<a href=""statss.aspx?playerid=6589&position=2B"">Sean Rodriguez</a>",34.0,1.1,0.0,1.714009118080054,0.0
14460,"<a href=""statss.aspx?playerid=14460&position=P"">Matt Ramsey</a>",29.0,1.0,0.0,1.214009475708008,0.0
15306,"<a href=""statss.aspx?playerid=15306&position=P"">Donnie Hart</a>",28.0,7.2,0.0,3.996618820364035,0.0
10819,"<a href=""statss.aspx?playerid=10819&position=P"">R.J. Alaniz</a>",28.0,15.2,9.191488615686245,5.384222065522816,0.0
8418,"<a href=""statss.aspx?playerid=8418&position=3B/SS"">Ehire Adrianza</a>",29.0,1.0,27.0,1.214009475708008,0.0
6885,"<a href=""statss.aspx?playerid=6885&position=SS/OF"">Ian Desmond</a>",33.0,1.0,0.0,3.214009475708008,0.0
13723,"<a href=""statss.aspx?playerid=13723&position=C"">Jacob Stallings</a>",29.0,1.0,0.0,3.214009475708008,0.0
15915,"<a href=""statss.aspx?playerid=15915&position=P"">Victor Arano</a>",24.0,4.2,3.8571433826369397,4.285438193107158,0.0
16106,"<a href=""statss.aspx?playerid=16106&position=P"">Cy Sneed</a>",26.0,21.1,5.484374346211631,4.807759285718225,0.0
10855,"<a href=""statss.aspx?playerid=10855&position=P"">Chasen Shreve</a>",28.0,2.0,9.000004827978817,4.214010012150099,0.0
13807,"<a href=""statss.aspx?playerid=13807&position=C"">Kevin Plawecki</a>",28.0,2.0,0.0,3.214009475708008,0.0
10816,"<a href=""statss.aspx?playerid=10816&position=2B/3B"">Jedd Gyorko</a>",30.0,0.1,0.0,-2.785996782786221,0.0
15042,"<a href=""statss.aspx?playerid=15042&position=P"">Tim Mayza</a>",27.0,51.1,4.909092854722399,4.733490597407798,0.0
15118,"<a href=""statss.aspx?playerid=15118&position=P"">Jimmie Sherfy</a>",27.0,18.1,5.890913176736434,4.632192277514927,0.0
14813,"<a href=""statss.aspx?playerid=14813&position=2B/SS"">Kyle Farmer</a>",28.0,1.1,0.0,3.214009475708008,0.0
9033,"<a href=""statss.aspx?playerid=9033&position=P"">Jeanmar Gomez</a>",31.0,15.1,8.217392496891591,4.974879296470492,0.0
19583,"<a href=""statss.aspx?playerid=19583&position=P"">Sean Poppen</a>",25.0,8.1,7.560002883912233,4.4140099334718546,0.0
14332,"<a href=""statss.aspx?playerid=14332&position=P"">Joel Payamps</a>",25.0,4.0,4.5,3.964009475708008,0.0
5942,"<a href=""statss.aspx?playerid=5942&position=C"">Jesus Sucre</a>",31.0,1.0,0.0,3.214009475708008,0.0
16246,"<a href=""statss.aspx?playerid=16246&position=1B/DH"">A.J. Reed</a>",26.0,1.0,0.0,3.214009475708008,0.0
17796,"<a href=""statss.aspx?playerid=17796&position=P"">Dillon Tate</a>",25.0,21.0,6.428573180218609,5.1663909600706965,0.0
10387,"<a href=""statss.aspx?playerid=10387&position=P"">Brooks Pounders</a>",28.0,7.1,6.136367094420183,4.8503740342200565,0.0
14140,"<a href=""statss.aspx?playerid=14140&position=SS"">Jose Rondon</a>",25.0,1.0,0.0,3.214009475708008,0.0
17754,"<a href=""statss.aspx?playerid=17754&position=P"">Sandy Baez</a>",25.0,1.0,9.0,3.214009475708008,0.0
7087,"<a href=""statss.aspx?playerid=7087&position=C"">Caleb Joseph</a>",33.0,1.1,0.0,3.214009475708008,0.0
19459,"<a href=""statss.aspx?playerid=19459&position=P"">Jorge Alcala</a>",23.0,1.2,0.0,3.8140097045899313,0.0
7476,"<a href=""statss.aspx?playerid=7476&position=C"">Alex Avila</a>",32.0,2.0,4.5,3.714009475708008,0.0
14605,"<a href=""statss.aspx?playerid=14605&position=P"">James Hoyt</a>",32.0,8.1,2.1599993408205136,4.654009036255017,0.0
12782,"<a href=""statss.aspx?playerid=12782&position=C"">Taylor Davis</a>",29.0,1.0,0.0,3.214009475708008,0.0
14145,"<a href=""statss.aspx?playerid=14145&position=2B/3B/SS"">Daniel Robertson</a>",25.0,1.0,0.0,3.214009475708008,0.0
8302,"<a href=""statss.aspx?playerid=8302&position=P"">JC Ramirez</a>",30.0,8.0,4.5,4.589009475708008,0.0
13133,"<a href=""statss.aspx?playerid=13133&position=P"">Derek Law</a>",28.0,60.2,4.895606159236004,4.845878195453342,4.0
17508,"<a href=""statss.aspx?playerid=17508&position=P"">Wei-Chieh Huang</a>",25.0,5.2,3.1764744194367363,5.684600690825469,0.0
18313,"<a href=""statss.aspx?playerid=18313&position=P"">Pedro Payano</a>",24.0,22.0,5.727275209979669,5.623101429112154,4.0
10133,"<a href=""statss.aspx?playerid=10133&position=P"">Brad Boxberger</a>",31.0,26.2,5.4000012874606345,4.6765098243952625,0.0
10059,"<a href=""statss.aspx?playerid=10059&position=C"">Max Stassi</a>",28.0,0.1,0.0,3.2140094757080084,0.0
11287,"<a href=""statss.aspx?playerid=11287&position=C"">Bryan Holaday</a>",31.0,0.1,0.0,3.2140094757080084,0.0
16125,"<a href=""statss.aspx?playerid=16125&position=P"">Chris Ellis</a>",26.0,1.0,0.0,6.214009475708008,0.0
8553,"<a href=""statss.aspx?playerid=8553&position=OF"">Gerardo Parra</a>",32.0,0.0,45.0,15.214009475708007,0.0
19482,"<a href=""statss.aspx?playerid=19482&position=P"">Andrew Vasquez</a>",25.0,0.0,27.0,12.214009475708007,0.0
3298,"<a href=""statss.aspx?playerid=3298&position=3B/OF"">Charlie Culberson</a>",30.0,2.0,0.0,5.214009475708008,0.0
18607,"<a href=""statss.aspx?playerid=18607&position=1B"">Jared Walsh</a>",25.0,5.0,1.8000013732920634,4.814010696412064,0.0
17987,"<a href=""statss.aspx?playerid=17987&position=P"">Bobby Poyner</a>",26.0,11.2,6.942858088746491,5.099724018330512,1.0
16128,"<a href=""statss.aspx?playerid=16128&position=P"">John Curtiss</a>",26.0,2.1,3.85714850621175,6.214013869428258,0.0
6677,"<a href=""statss.aspx?playerid=6677&position=OF"">JB Shuck</a>",32.0,1.0,0.0,6.214009475708008,0.0
11896,"<a href=""statss.aspx?playerid=11896&position=P"">Enderson Franco</a>",26.0,5.1,3.375000201165688,4.7140095651149805,0.0
17169,"<a href=""statss.aspx?playerid=17169&position=P"">Jose Castillo</a>",23.0,0.2,0.0,6.214012604955123,0.0
4971,"<a href=""statss.aspx?playerid=4971&position=P"">Fernando Salas</a>",34.0,2.2,6.750001609325793,5.839010101556927,0.0
17281,"<a href=""statss.aspx?playerid=17281&position=P"">Thomas Pannone</a>",25.0,73.0,6.164383883770662,5.159215056808972,7.0
5409,"<a href=""statss.aspx?playerid=5409&position=3B"">Pablo Sandoval</a>",32.0,1.0,0.0,6.214009475708008,0.0
7841,"<a href=""statss.aspx?playerid=7841&position=P"">Jerry Blevins</a>",35.0,32.1,3.896909208782224,4.605762764558802,0.0
7435,"<a href=""statss.aspx?playerid=7435&position=2B/OF"">Ben Zobrist</a>",38.0,1.0,0.0,7.214009475708008,0.0
12005,"<a href=""statss.aspx?playerid=12005&position=DH/OF"">Nick Martini</a>",29.0,1.0,0.0,7.214009475708008,0.0
3959,"<a href=""statss.aspx?playerid=3959&position=P"">David Carpenter</a>",33.0,3.1,5.400002059937309,5.614010391235701,0.0
3164,"<a href=""statss.aspx?playerid=3164&position=P"">Tim Collins</a>",29.0,8.2,3.1153862151882104,4.829394920620413,0.0
16440,"<a href=""statss.aspx?playerid=16440&position=P"">James Norwood</a>",25.0,9.1,2.892858423749362,4.821153044457653,0.0
15885,"<a href=""statss.aspx?playerid=15885&position=P"">Fernando Romero</a>",24.0,14.0,7.071428089725761,5.071152206343056,0.0
10534,"<a href=""statss.aspx?playerid=10534&position=P"">Jake Petricka</a>",31.0,8.0,3.375,4.714009475708008,0.0
13188,"<a href=""statss.aspx?playerid=13188&position=P"">Adalberto Mejia</a>",26.0,31.1,6.606386665093306,4.969329604114441,0.0
7619,"<a href=""statss.aspx?playerid=7619&position=1B/3B"">Mark Reynolds</a>",35.0,1.0,18.0,9.214009475708007,0.0
18042,"<a href=""statss.aspx?playerid=18042&position=2B/OF"">Dylan Moore</a>",26.0,1.0,36.0,9.214009475708007,0.0
9419,"<a href=""statss.aspx?playerid=9419&position=P"">Zac Rosscup</a>",31.0,18.0,5.000002384186928,4.936232519150172,0.0
13546,"<a href=""statss.aspx?playerid=13546&position=OF"">Roman Quinn</a>",26.0,3.1,8.10000772476933,5.314011478425982,0.0
15816,"<a href=""statss.aspx?playerid=15816&position=P"">Devin Williams</a>",24.0,13.2,3.951218868848008,4.823765311164603,0.0
16668,"<a href=""statss.aspx?playerid=16668&position=P"">James Bourque</a>",25.0,0.2,54.00005632644807,12.214018863449354,0.0
3237,"<a href=""statss.aspx?playerid=3237&position=P"">T.J. McFarland</a>",30.0,56.0,4.821427914561147,4.481866445833346,0.0
20041,"<a href=""statss.aspx?playerid=20041&position=P"">Ronald Bolanos</a>",22.0,19.2,5.949151580753718,5.247907452034065,3.0
14272,"<a href=""statss.aspx?playerid=14272&position=P"">Brian Johnson</a>",28.0,40.1,6.024793008549398,5.321447359356975,7.0
12997,"<a href=""statss.aspx?playerid=12997&position=P"">Colten Brewer</a>",26.0,54.2,4.115854137217608,4.714009650160648,0.0
17464,"<a href=""statss.aspx?playerid=17464&position=P"">Jonathan Hernandez</a>",22.0,16.2,4.320000288391133,5.614009635925304,2.0
18076,"<a href=""statss.aspx?playerid=18076&position=P"">Matt Hall</a>",25.0,23.1,7.714281720533298,5.185437026510962,0.0
7432,"<a href=""statss.aspx?playerid=7432&position=P"">Jay Jackson</a>",31.0,30.1,4.450550756511282,4.664559351904277,0.0
17942,"<a href=""statss.aspx?playerid=17942&position=P"">Adonis Rosa</a>",24.0,2.0,4.5,7.714009475708008,0.0
9784,"<a href=""statss.aspx?playerid=9784&position=P"">Garrett Richards</a>",31.0,8.2,8.307689260450047,5.752470083067745,3.0
6893,"<a href=""statss.aspx?playerid=6893&position=P"">Johnny Cueto</a>",33.0,16.0,5.0625,5.714009475708008,4.0
18555,"<a href=""statss.aspx?playerid=18555&position=P"">Logan Allen</a>",22.0,27.2,6.180724365165786,5.491118452348035,4.0
3448,"<a href=""statss.aspx?playerid=3448&position=C"">Jeff Mathis</a>",36.0,2.0,9.0,8.714009475708007,0.0
8610,"<a href=""statss.aspx?playerid=8610&position=1B/DH"">Kendrys Morales</a>",36.0,1.0,9.0,12.214009475708007,0.0
20468,"<a href=""statss.aspx?playerid=20468&position=P"">Huascar Ynoa</a>",21.0,3.0,18.0,6.547342809041342,0.0
6195,"<a href=""statss.aspx?playerid=6195&position=2B"">Ian Kinsler</a>",37.0,1.0,0.0,12.214009475708007,0.0
7624,"<a href=""statss.aspx?playerid=7624&position=P"">Carlos Torres</a>",36.0,6.0,7.5,5.880676142374675,0.0
36,"<a href=""statss.aspx?playerid=36&position=P"">Xavier Cedeno</a>",32.0,2.0,0.0,6.714011353255326,0.0
9272,"<a href=""statss.aspx?playerid=9272&position=1B"">Chris Davis</a>",33.0,1.0,9.0,14.214009475708007,0.0
4300,"<a href=""statss.aspx?playerid=4300&position=P"">Matt Albers</a>",36.0,59.2,5.128493150229515,4.655350687864015,0.0
19548,"<a href=""statss.aspx?playerid=19548&position=P"">J.D. Hammer</a>",24.0,19.0,3.789473684210526,5.108746317813271,0.0
8609,"<a href=""statss.aspx?playerid=8609&position=C"">Tim Federowicz</a>",31.0,1.0,9.0,16.214009475708007,0.0
19457,"<a href=""statss.aspx?playerid=19457&position=P"">Bryan Garcia</a>",24.0,6.2,12.150001158714405,5.314009675979634,0.0
9810,"<a href=""statss.aspx?playerid=9810&position=2B"">Brian Dozier</a>",32.0,1.0,18.0,16.214009475708007,0.0
4026,"<a href=""statss.aspx?playerid=4026&position=P"">Hector Santiago</a>",31.0,33.2,6.683166171275508,5.887275944218212,2.0
18815,"<a href=""statss.aspx?playerid=18815&position=P"">Miguel Diaz</a>",24.0,6.1,7.105271538879052,5.424538398914825,0.0
12937,"<a href=""statss.aspx?playerid=12937&position=1B/OF"">Jose Osuna</a>",26.0,2.1,3.8571433826369397,8.785438806183588,0.0
15231,"<a href=""statss.aspx?playerid=15231&position=P"">Aaron Slegers</a>",26.0,3.0,3.0,8.547342809041341,0.0
9948,"<a href=""statss.aspx?playerid=9948&position=P"">Mike Dunn</a>",34.0,17.2,7.132080348375666,5.478161967255838,0.0
11241,"<a href=""statss.aspx?playerid=11241&position=2B"">Mike Freeman</a>",31.0,2.0,9.0,9.714009475708007,0.0
13042,"<a href=""statss.aspx?playerid=13042&position=P"">Robby Scott</a>",29.0,7.1,4.909091121894278,5.395827752105465,0.0
7872,"<a href=""statss.aspx?playerid=7872&position=P"">Tyson Ross</a>",32.0,35.1,6.113208427171301,5.987594780628321,7.0
17034,"<a href=""statss.aspx?playerid=17034&position=P"">Sean Reid-Foley</a>",23.0,31.2,4.263158750666317,5.677167864981881,6.0
14825,"<a href=""statss.aspx?playerid=14825&position=P"">Dylan Covey</a>",27.0,58.2,7.977270220183932,6.060599490175351,12.0
17982,"<a href=""statss.aspx?playerid=17982&position=1B"">Ty France</a>",24.0,2.0,4.5,9.714009475708007,0.0
15066,"<a href=""statss.aspx?playerid=15066&position=P"">Jaime Schultz</a>",28.0,5.0,7.2,6.414009475708008,0.0
13276,"<a href=""statss.aspx?playerid=13276&position=P"">Matt Carasiti</a>",27.0,9.2,4.655172719966804,5.386423411692517,5.0
13780,"<a href=""statss.aspx?playerid=13780&position=P"">Daniel Stumpf</a>",28.0,29.0,4.344829586542531,5.076079298511949,0.0
10688,"<a href=""statss.aspx?playerid=10688&position=P"">Tyler Thornburg</a>",30.0,18.2,7.714287553515192,5.410438570806083,0.0
6848,"<a href=""statss.aspx?playerid=6848&position=3B/SS"">Eduardo Nunez</a>",32.0,1.0,9.0,16.214009475708007,0.0
8392,"<a href=""statss.aspx?playerid=8392&position=2B/3B"">Daniel Descalso</a>",32.0,1.0,18.0,16.214009475708007,0.0
4994,"<a href=""statss.aspx?playerid=4994&position=P"">Fernando Abad</a>",33.0,13.0,4.153849201091767,4.521702742718379,0.0
10976,"<a href=""statss.aspx?playerid=10976&position=P"">Ryan O'Rourke</a>",31.0,1.1,0.0,8.464014951890459,0.0
6336,"<a href=""statss.aspx?playerid=6336&position=P"">Ryan Feierabend</a>",33.0,5.2,11.11764058811406,6.919889671746028,1.0
12784,"<a href=""statss.aspx?playerid=12784&position=P"">Burch Smith</a>",29.0,21.1,5.484378514115156,5.276510797255588,0.0
19683,"<a href=""statss.aspx?playerid=19683&position=3B"">Mike Brosseau</a>",25.0,4.0,4.5,7.214009475708008,0.0
17811,"<a href=""statss.aspx?playerid=17811&position=P"">Daniel Zamora</a>",26.0,8.2,5.19230978728836,4.9447794048041285,0.0
13616,"<a href=""statss.aspx?playerid=13616&position=P"">Taylor Guerrieri</a>",26.0,26.1,5.810129387833505,5.378567482940098,0.0
9456,"<a href=""statss.aspx?playerid=9456&position=P"">Ryan Buchter</a>",32.0,45.1,2.9779427635224427,4.956657463250771,0.0
13595,"<a href=""statss.aspx?playerid=13595&position=SS"">Humberto Arteaga</a>",25.0,1.2,5.399989314100431,12.813990478553219,0.0
14932,"<a href=""statss.aspx?playerid=14932&position=P"">Ben Lively</a>",27.0,1.0,27.0,14.214009475708007,0.0
14968,"<a href=""statss.aspx?playerid=14968&position=C"">Victor Caratini</a>",25.0,2.0,9.0,11.214009475708007,0.0
5751,"<a href=""statss.aspx?playerid=5751&position=2B/3B/OF"">Hernan Perez</a>",28.0,3.0,3.0,8.880676142374675,0.0
15130,"<a href=""statss.aspx?playerid=15130&position=P"">Drew Anderson</a>",25.0,6.0,7.5,6.380676142374675,0.0
12673,"<a href=""statss.aspx?playerid=12673&position=P"">Roenis Elias</a>",30.0,50.0,3.960000472068843,5.0740096974373134,0.0
15605,"<a href=""statss.aspx?playerid=15605&position=P"">Phillips Valdez</a>",27.0,16.0,3.9374995306134783,5.4640092074871385,0.0
5209,"<a href=""statss.aspx?playerid=5209&position=OF"">Alex Gordon</a>",35.0,2.1,19.285740560450638,11.356877712342722,0.0
16411,"<a href=""statss.aspx?playerid=16411&position=2B/SS"">Richard Urena</a>",23.0,1.0,36.0,19.214009475708007,0.0
5498,"<a href=""statss.aspx?playerid=5498&position=P"">Arodys Vizcaino</a>",28.0,4.0,2.25,5.714009475708008,0.0
9654,"<a href=""statss.aspx?playerid=9654&position=P"">Michael Blazek</a>",30.0,5.0,7.2,8.814009475708009,0.0
15214,"<a href=""statss.aspx?playerid=15214&position=1B/OF"">Brandon Dixon</a>",27.0,2.0,9.0,11.714009475708007,0.0
8410,"<a href=""statss.aspx?playerid=8410&position=P"">Deolis Guerra</a>",30.0,0.2,54.00005632644807,22.714029815814254,0.0
16166,"<a href=""statss.aspx?playerid=16166&position=P"">Chandler Shepherd</a>",26.0,19.0,6.631578947368421,6.108746317813272,3.0
17697,"<a href=""statss.aspx?playerid=17697&position=P"">Pedro Araujo</a>",25.0,0.2,27.000028163224034,27.214034509684925,0.0
15036,"<a href=""statss.aspx?playerid=15036&position=P"">Chase De Jong</a>",25.0,1.0,36.0,25.214009475708007,0.0
19545,"<a href=""statss.aspx?playerid=19545&position=P"">Stephen Nogosek</a>",24.0,6.2,10.80000102996836,6.214009761810331,0.0
14857,"<a href=""statss.aspx?playerid=14857&position=P"">Joe Mantiply</a>",28.0,3.0,9.0,8.214009475708009,0.0
4371,"<a href=""statss.aspx?playerid=4371&position=P"">Jeremy Hellickson</a>",32.0,39.0,6.230769230769231,6.2909325526310855,8.0
16390,"<a href=""statss.aspx?playerid=16390&position=P"">Brad Wieck</a>",27.0,34.2,5.711538880534457,4.771701897671951,0.0
18323,"<a href=""statss.aspx?playerid=18323&position=P"">Josh Sborz</a>",25.0,9.0,8.0,5.880676142374675,0.0
17968,"<a href=""statss.aspx?playerid=17968&position=P"">Brock Burke</a>",22.0,26.2,7.425000177025799,6.5515095552802105,6.0
15068,"<a href=""statss.aspx?playerid=15068&position=P"">Yency Almonte</a>",25.0,34.0,5.558824776778452,5.508127637553083,0.0
14382,"<a href=""statss.aspx?playerid=14382&position=P"">Wei-Chung Wang</a>",27.0,31.0,3.7741945062792586,5.181751910605741,0.0
13896,"<a href=""statss.aspx?playerid=13896&position=P"">Chris Flexen</a>",24.0,13.2,6.585369376752334,5.555474142997727,1.0
19677,"<a href=""statss.aspx?playerid=19677&position=P"">Gregory Soto</a>",24.0,57.2,5.774566346657673,5.398980525794695,7.0
20218,"<a href=""statss.aspx?playerid=20218&position=P"">Yennsy Diaz</a>",22.0,0.2,27.000028163224034,21.214028251190697,0.0
11902,"<a href=""statss.aspx?playerid=11902&position=2B/3B"">Hanser Alberto</a>",26.0,1.0,18.0,25.214009475708007,0.0
16768,"<a href=""statss.aspx?playerid=16768&position=P"">Montana DuRapau</a>",27.0,17.1,9.346156588673692,5.5793947851871515,2.0
17345,"<a href=""statss.aspx?playerid=17345&position=P"">Luis Escobar</a>",23.0,5.2,7.941181370959287,7.449306206886294,0.0
16318,"<a href=""statss.aspx?playerid=16318&position=P"">Ricardo Pinto</a>",25.0,2.1,15.42859244836051,11.356877712342722,0.0
18306,"<a href=""statss.aspx?playerid=18306&position=P"">Taylor Guilbeau</a>",26.0,12.1,3.648649306955728,5.159955772751063,0.0
6832,"<a href=""statss.aspx?playerid=6832&position=P"">Sam Freeman</a>",32.0,2.0,4.5,12.714009475708007,0.0
15451,"<a href=""statss.aspx?playerid=15451&position=P"">Mike Mayers</a>",27.0,19.0,6.63158427315503,5.477169187975201,0.0
15821,"<a href=""statss.aspx?playerid=15821&position=P"">Dario Agrazal</a>",24.0,73.1,4.909091249576308,5.900373298392822,14.0
18655,"<a href=""statss.aspx?playerid=18655&position=P"">A.J. Minter</a>",25.0,29.1,7.056821240867806,4.611737354333998,0.0
15585,"<a href=""statss.aspx?playerid=15585&position=1B/DH"">Mike Ford</a>",26.0,2.0,22.5,15.214009475708007,0.0
15859,"<a href=""statss.aspx?playerid=15859&position=P"">Stephen Tarpley</a>",26.0,24.2,6.9324347553163435,5.686983277312084,1.0
3555,"<a href=""statss.aspx?playerid=3555&position=P"">Tony Barnette</a>",35.0,1.1,6.750001609325793,12.964011800289708,0.0
8241,"<a href=""statss.aspx?playerid=8241&position=P"">David Robertson</a>",34.0,6.2,5.40000051498418,6.064009747505215,0.0
13287,"<a href=""statss.aspx?playerid=13287&position=P"">Jesse Hahn</a>",29.0,4.2,13.500004598074163,6.856867859315322,0.0
14707,"<a href=""statss.aspx?playerid=14707&position=P"">Brady Lail</a>",25.0,2.2,10.124987024830519,7.714003708966016,0.0
18325,"<a href=""statss.aspx?playerid=18325&position=P"">Taylor Hearn</a>",24.0,0.1,108.00011265289614,39.21404702667339,1.0
16017,"<a href=""statss.aspx?playerid=16017&position=P"">Odrisamer Despaigne</a>",32.0,13.1,9.450002253056109,6.889010351896495,3.0
13322,"<a href=""statss.aspx?playerid=13322&position=P"">Jake Barrett</a>",27.0,3.2,14.727259959082206,9.759458346411211,0.0
13607,"<a href=""statss.aspx?playerid=13607&position=P"">Carl Edwards Jr.</a>",27.0,17.0,8.470594412732257,5.743423085065556,0.0
7108,"<a href=""statss.aspx?playerid=7108&position=P"">Pat Venditte</a>",34.0,3.1,16.20001544953866,10.414016342169635,0.0
16041,"<a href=""statss.aspx?playerid=16041&position=2B/OF"">Stevie Wilkerson</a>",27.0,5.1,6.75000402331592,7.7140121579186225,0.0
17170,"<a href=""statss.aspx?playerid=17170&position=P"">Gabe Speier</a>",24.0,7.1,7.36364051330422,6.486738592732106,0.0
19311,"<a href=""statss.aspx?playerid=19311&position=P"">Reggie McClain</a>",26.0,21.0,5.999998910086694,5.2616281513725145,2.0
5491,"<a href=""statss.aspx?playerid=5491&position=C"">Austin Romine</a>",30.0,1.0,27.0,29.214009475708007,0.0
3993,"<a href=""statss.aspx?playerid=3993&position=P"">Allen Webster</a>",29.0,11.0,4.909090057877617,5.577645429500935,0.0
14016,"<a href=""statss.aspx?playerid=14016&position=P"">Ryan Garton</a>",29.0,3.0,12.0,12.214009475708009,0.0
17237,"<a href=""statss.aspx?playerid=17237&position=P"">Austin Brice</a>",27.0,44.2,3.4253730368152153,4.870725846455237,0.0
17878,"<a href=""statss.aspx?playerid=17878&position=P"">Dennis Santana</a>",23.0,5.0,7.2,7.014009475708008,0.0
13649,"<a href=""statss.aspx?playerid=13649&position=P"">Clay Holmes</a>",26.0,50.0,5.580000425720248,4.974009609985362,0.0
16132,"<a href=""statss.aspx?playerid=16132&position=P"">Justin Shafer</a>",26.0,39.2,3.857147184745451,5.18039823655863,0.0
5224,"<a href=""statss.aspx?playerid=5224&position=P"">Blake Parker</a>",34.0,61.1,4.54891469387401,5.072705802237173,2.0
2608,"<a href=""statss.aspx?playerid=2608&position=P"">Jhoulys Chacin</a>",31.0,103.1,6.009677215987023,5.884977127257796,24.0
6576,"<a href=""statss.aspx?playerid=6576&position=P"">Robert Stock</a>",29.0,10.2,10.12500603497388,5.3702607609339275,0.0
20395,"<a href=""statss.aspx?playerid=20395&position=P"">Nick Margevicius</a>",23.0,57.0,6.789473371822763,5.635061995892869,12.0
9895,"<a href=""statss.aspx?playerid=9895&position=P"">Chris Rusin</a>",32.0,1.0,36.00003862385125,19.21402664186412,0.0
10030,"<a href=""statss.aspx?playerid=10030&position=2B/SS"">Chris Owings</a>",27.0,1.2,21.599957256401723,20.61397504336495,0.0
4696,"<a href=""statss.aspx?playerid=4696&position=P"">Nate Jones</a>",33.0,10.1,3.4838730041007713,6.117236979125318,0.0
8073,"<a href=""statss.aspx?playerid=8073&position=P"">Dan Jennings</a>",32.0,4.2,13.500007356920165,7.28544026589028,0.0
17553,"<a href=""statss.aspx?playerid=17553&position=P"">Andrew Moore</a>",25.0,4.2,7.714280459349183,8.571148683589385,1.0
19191,"<a href=""statss.aspx?playerid=19191&position=P"">Robert Dugger</a>",23.0,34.1,5.766991145604868,5.951873958974966,7.0
14672,"<a href=""statss.aspx?playerid=14672&position=P"">Dillon Maples</a>",27.0,11.2,5.400004708430445,5.956869010148869,0.0
11243,"<a href=""statss.aspx?playerid=11243&position=P"">Aaron Barrett</a>",31.0,2.1,15.428573530547759,13.071153675780188,0.0
14353,"<a href=""statss.aspx?playerid=14353&position=P"">Caleb Frare</a>",25.0,2.2,10.125017803193641,10.339022003881311,0.0
17556,"<a href=""statss.aspx?playerid=17556&position=P"">Jimmy Herget</a>",25.0,6.1,4.263158750666317,8.740326374719901,0.0
14862,"<a href=""statss.aspx?playerid=14862&position=P"">Zack Godley</a>",29.0,92.0,5.967391056915322,5.203139828013116,9.0
15655,"<a href=""statss.aspx?playerid=15655&position=P"">Yefry Ramirez</a>",25.0,24.1,7.3972607330033355,5.597571267453528,1.0
2882,"<a href=""statss.aspx?playerid=2882&position=P"">Luis Avilan</a>",29.0,32.0,5.062502715738084,4.964010414481667,0.0
10591,"<a href=""statss.aspx?playerid=10591&position=P"">Scott Alexander</a>",29.0,17.1,3.6346164511508796,5.06016386359417,0.0
13677,"<a href=""statss.aspx?playerid=13677&position=P"">Corey Oswalt</a>",25.0,6.2,12.149994206431291,6.364007973671676,0.0
12586,"<a href=""statss.aspx?playerid=12586&position=P"">Mike Wright Jr.</a>",29.0,29.1,7.97727385114063,5.2594643093338105,0.0
10547,"<a href=""statss.aspx?playerid=10547&position=P"">Jimmy Nelson</a>",30.0,22.0,6.954544550131293,5.80491822967849,3.0
14169,"<a href=""statss.aspx?playerid=14169&position=P"">Kyle Zimmer</a>",27.0,18.1,10.800007490683463,5.777647617435901,0.0
10314,"<a href=""statss.aspx?playerid=10314&position=P"">Erasmo Ramirez</a>",29.0,3.0,12.0,13.214009475708009,0.0
11203,"<a href=""statss.aspx?playerid=11203&position=P"">Grant Dayton</a>",31.0,12.0,2.99999976158144,6.2140092372894475,0.0
18496,"<a href=""statss.aspx?playerid=18496&position=P"">Junior Fernandez</a>",22.0,11.2,5.400002501352652,5.271153285747113,0.0
19349,"<a href=""statss.aspx?playerid=19349&position=P"">Caleb Ferguson</a>",22.0,44.2,4.835821532225953,5.049830612941935,2.0
13781,"<a href=""statss.aspx?playerid=13781&position=P"">Alex Wood</a>",28.0,35.2,5.803737490112092,6.3822333229672665,7.0
19569,"<a href=""statss.aspx?playerid=19569&position=P"">David Bednar</a>",24.0,11.0,6.545455680405995,5.57764624918795,0.0
11334,"<a href=""statss.aspx?playerid=11334&position=P"">Tyler Lyons</a>",31.0,12.2,6.394739690746245,6.056116004928562,0.0
4772,"<a href=""statss.aspx?playerid=4772&position=P"">Felix Hernandez</a>",33.0,71.2,6.404652071881256,6.004707546244503,15.0
7385,"<a href=""statss.aspx?playerid=7385&position=P"">Dan Otero</a>",34.0,29.2,4.85393456072768,5.169066451556657,0.0
14391,"<a href=""statss.aspx?playerid=14391&position=P"">Yohander Mendez</a>",24.0,4.2,5.785722759317625,8.571160178779882,0.0
16631,"<a href=""statss.aspx?playerid=16631&position=P"">Jeff Brigham</a>",27.0,38.1,4.460870157108493,5.066183634507441,0.0
17264,"<a href=""statss.aspx?playerid=17264&position=P"">Sam Coonrod</a>",26.0,27.2,3.578314322002507,5.238106465931649,0.0
16350,"<a href=""statss.aspx?playerid=16350&position=P"">Ryan Borucki</a>",25.0,6.2,10.799994850161147,8.01400718689074,2.0
16309,"<a href=""statss.aspx?playerid=16309&position=P"">Austen Williams</a>",26.0,0.1,162.0001689793442,84.21409396538012,0.0
16929,"<a href=""statss.aspx?playerid=16929&position=P"">Touki Toussaint</a>",23.0,41.2,5.616001644241814,4.990009995681915,1.0
13397,"<a href=""statss.aspx?playerid=13397&position=P"">Sam Selman</a>",28.0,10.1,4.354842058952438,6.1172375150096325,0.0
18297,"<a href=""statss.aspx?playerid=18297&position=P"">Tyler Kinley</a>",28.0,49.1,3.6486498712191278,4.916712748943601,0.0
13946,"<a href=""statss.aspx?playerid=13946&position=P"">Tim Peterson</a>",28.0,7.1,4.909093994741567,7.4412848600688015,0.0
3990,"<a href=""statss.aspx?playerid=3990&position=P"">Edinson Volquez</a>",35.0,16.0,6.7499991953373915,6.651509065926124,4.0
13804,"<a href=""statss.aspx?playerid=13804&position=P"">Walker Lockett</a>",25.0,22.2,8.338236580464452,6.169892284655724,4.0
19199,"<a href=""statss.aspx?playerid=19199&position=P"">Conner Menez</a>",24.0,17.0,5.294117944050842,5.8022449150217525,3.0
14808,"<a href=""statss.aspx?playerid=14808&position=P"">Ryan Eades</a>",27.0,11.1,2.3823524065909876,5.596361882298996,0.0
19675,"<a href=""statss.aspx?playerid=19675&position=P"">James Marvel</a>",25.0,17.1,8.307693831314277,6.560163935542924,4.0
14733,"<a href=""statss.aspx?playerid=14733&position=P"">Jose Fernandez</a>",26.0,3.2,17.181841271013756,10.577655734713902,0.0
7196,"<a href=""statss.aspx?playerid=7196&position=P"">Greg Holland</a>",33.0,35.2,4.542056398627479,4.756065660427214,0.0
18064,"<a href=""statss.aspx?playerid=18064&position=P"">Phil Maton</a>",26.0,36.2,6.136365179188383,5.041282662399659,0.0
11604,"<a href=""statss.aspx?playerid=11604&position=P"">Dovydas Neverauskas</a>",26.0,9.1,10.607144302251584,6.749724243125202,0.0
1118,"<a href=""statss.aspx?playerid=1118&position=P"">Marco Estrada</a>",35.0,23.2,6.84507226139989,7.523869788441272,5.0
12781,"<a href=""statss.aspx?playerid=12781&position=P"">Sean Gilmartin</a>",29.0,2.1,19.285742531058748,16.071171163080507,1.0
18581,"<a href=""statss.aspx?playerid=18581&position=P"">Travis Bergen</a>",25.0,19.2,5.491526133847787,5.552992829013547,0.0
13690,"<a href=""statss.aspx?playerid=13690&position=P"">Sal Romano</a>",25.0,16.1,7.7142881165447985,6.09156139219694,0.0
14101,"<a href=""statss.aspx?playerid=14101&position=P"">Branden Kline</a>",27.0,41.0,5.926831474055397,5.872547050490058,0.0
19990,"<a href=""statss.aspx?playerid=19990&position=P"">Bryse Wilson</a>",21.0,20.0,7.200003433229176,6.364010977745773,4.0
3551,"<a href=""statss.aspx?playerid=3551&position=P"">Clayton Richard</a>",35.0,45.1,5.955881517651289,6.280185516276635,10.0
8110,"<a href=""statss.aspx?playerid=8110&position=P"">Bryan Shaw</a>",31.0,72.0,5.375000569555555,5.186231906914439,0.0
16459,"<a href=""statss.aspx?playerid=16459&position=P"">Joe Harvey</a>",27.0,18.0,5.000000927183535,5.991787768587749,0.0
7773,"<a href=""statss.aspx?playerid=7773&position=P"">Shawn Kelley</a>",35.0,47.1,4.94366369832074,5.516827181336045,0.0
16942,"<a href=""statss.aspx?playerid=16942&position=P"">Luis F. Ortiz</a>",23.0,3.1,10.800011072170165,13.71402024031789,1.0
7411,"<a href=""statss.aspx?playerid=7411&position=P"">Austin Adams</a>",32.0,16.2,7.020003079606454,6.9940111339576365,0.0
5867,"<a href=""statss.aspx?playerid=5867&position=P"">Danny Salazar</a>",29.0,4.0,4.5,10.964009475708007,1.0
19614,"<a href=""statss.aspx?playerid=19614&position=P"">Cionel Perez</a>",23.0,9.0,10.0,6.658453920152453,0.0
20632,"<a href=""statss.aspx?playerid=20632&position=P"">Elvis Luciano</a>",19.0,33.2,5.346535663139355,5.560544572308059,0.0
18403,"<a href=""statss.aspx?playerid=18403&position=P"">Enyel De Los Santos</a>",23.0,11.0,7.363636363636363,7.668554930253462,1.0
19256,"<a href=""statss.aspx?playerid=19256&position=P"">Gerson Bautista</a>",24.0,9.0,11.000004953810485,7.547344760542441,2.0
10346,"<a href=""statss.aspx?playerid=10346&position=C"">John Ryan Murphy</a>",28.0,3.0,27.0,19.214009475708007,0.0
16122,"<a href=""statss.aspx?playerid=16122&position=P"">Jordan Romano</a>",26.0,15.1,7.630433042468953,6.409660920844578,0.0
15502,"<a href=""statss.aspx?playerid=15502&position=P"">Kohl Stewart</a>",24.0,25.1,6.394737644539085,6.0561150955031575,2.0
15267,"<a href=""statss.aspx?playerid=15267&position=P"">Jacob Rhame</a>",26.0,6.1,4.263160034561174,7.950853958553758,0.0
18335,"<a href=""statss.aspx?playerid=18335&position=P"">Josh Staumont</a>",25.0,19.1,3.7241370737483743,6.058836407043572,0.0
7441,"<a href=""statss.aspx?playerid=7441&position=P"">Wade Davis</a>",33.0,42.2,8.648439561948672,5.557760034501686,0.0
14739,"<a href=""statss.aspx?playerid=14739&position=P"">Paul Blackburn</a>",25.0,11.0,10.636363636363637,6.668554930253462,1.0
14338,"<a href=""statss.aspx?playerid=14338&position=P"">Williams Jerez</a>",27.0,10.1,4.354839747952124,6.60110705744855,0.0
18454,"<a href=""statss.aspx?playerid=18454&position=P"">Trevor Kelley</a>",26.0,8.1,8.640003295899694,6.694010803223163,0.0
11713,"<a href=""statss.aspx?playerid=11713&position=P"">Matt Harvey</a>",30.0,59.2,7.089384870528334,6.34808742083519,12.0
2391,"<a href=""statss.aspx?playerid=2391&position=P"">Hector Rondon</a>",31.0,60.2,3.708791717717847,4.961262462721749,1.0
16452,"<a href=""statss.aspx?playerid=16452&position=P"">Matt Wotherspoon</a>",27.0,4.2,15.428560918698366,9.856862093480917,0.0
4869,"<a href=""statss.aspx?playerid=4869&position=P"">Mike Montgomery</a>",29.0,91.0,4.9450556705891895,5.521702121982963,13.0
14962,"<a href=""statss.aspx?playerid=14962&position=P"">Rookie Davis</a>",26.0,10.2,6.749997988343838,7.245258274302245,1.0
18890,"<a href=""statss.aspx?playerid=18890&position=P"">Kyle Keller</a>",26.0,10.2,3.3749992959202806,7.620258556492819,0.0
19665,"<a href=""statss.aspx?playerid=19665&position=P"">Kyle Wright</a>",23.0,19.2,8.694913848793895,6.163161541380791,4.0
16265,"<a href=""statss.aspx?playerid=16265&position=P"">Sam Howard</a>",26.0,19.0,6.631579613091279,6.266641361099232,0.0
5114,"<a href=""statss.aspx?playerid=5114&position=P"">Jeurys Familia</a>",29.0,60.0,5.700001087188928,4.880676460266174,0.0
11694,"<a href=""statss.aspx?playerid=11694&position=P"">Nick Kingham</a>",27.0,55.2,7.2754491848911265,5.477482555451914,4.0
13194,"<a href=""statss.aspx?playerid=13194&position=P"">Joe Biagini</a>",29.0,64.2,4.5927855145459855,5.425350649378297,0.0
18311,"<a href=""statss.aspx?playerid=18311&position=P"">Carson Fulmer</a>",25.0,27.1,6.2561004713572395,6.287181637076477,2.0
19495,"<a href=""statss.aspx?playerid=19495&position=P"">Michael Shawaryn</a>",24.0,20.1,9.73770918073587,6.214010788965019,0.0
17292,"<a href=""statss.aspx?playerid=17292&position=P"">Javy Guerra</a>",23.0,8.2,5.192308073213143,7.367855934278522,0.0
9149,"<a href=""statss.aspx?playerid=9149&position=P"">Tim Melville</a>",29.0,33.1,4.8599990730287415,6.6340088233949,7.0
3132,"<a href=""statss.aspx?playerid=3132&position=P"">Tony Watson</a>",34.0,54.0,4.166667255354599,4.806602293310211,0.0
16904,"<a href=""statss.aspx?playerid=16904&position=P"">Aaron Wilkerson</a>",30.0,16.0,7.312498256564556,6.7765086263420224,0.0
12890,"<a href=""statss.aspx?playerid=12890&position=P"">Alex Claudio</a>",27.0,62.0,4.064517629506867,4.923687526214865,0.0
14527,"<a href=""statss.aspx?playerid=14527&position=P"">Jorge Lopez</a>",26.0,123.2,6.331537104263801,5.550936963744072,18.0
10291,"<a href=""statss.aspx?playerid=10291&position=P"">Ryan Tepera</a>",31.0,21.2,4.9846177248993975,6.029395412919705,1.0
17859,"<a href=""statss.aspx?playerid=17859&position=P"">Adbert Alzolay</a>",24.0,12.1,7.297293535545176,7.754547675602783,2.0
1483,"<a href=""statss.aspx?playerid=1483&position=P"">Jon Edwards</a>",31.0,8.0,2.2500017434372106,8.21401335001292,0.0
19558,"<a href=""statss.aspx?playerid=19558&position=P"">Geoff Hartlieb</a>",25.0,35.0,9.000002942767424,5.556867384618894,0.0
12095,"<a href=""statss.aspx?playerid=12095&position=P"">Yimi Garcia</a>",28.0,62.1,3.609626625696399,5.187272031088706,0.0
13393,"<a href=""statss.aspx?playerid=13393&position=P"">Brady Rodgers</a>",28.0,5.0,16.2,13.814009475708009,0.0
15157,"<a href=""statss.aspx?playerid=15157&position=P"">Jimmy Yacabonis</a>",27.0,41.0,6.804880264754963,6.360351963712991,4.0
10197,"<a href=""statss.aspx?playerid=10197&position=P"">Shelby Miller</a>",28.0,44.0,8.590910394329867,6.3958281402746255,8.0
9132,"<a href=""statss.aspx?playerid=9132&position=P"">Nathan Eovaldi</a>",29.0,67.2,5.985222237236722,5.903664900836609,12.0
16866,"<a href=""statss.aspx?playerid=16866&position=P"">Reed Garrett</a>",26.0,15.1,8.21738994144109,7.192269685453297,0.0
8185,"<a href=""statss.aspx?playerid=8185&position=P"">Steven Wright</a>",34.0,6.1,8.526316217438357,10.161378245472596,0.0
20023,"<a href=""statss.aspx?playerid=20023&position=P"">Rico Garcia</a>",25.0,6.0,10.5,11.547342809041341,1.0
19330,"<a href=""statss.aspx?playerid=19330&position=P"">Matt Festa</a>",26.0,22.1,5.641791365995912,6.124457402610661,0.0
4682,"<a href=""statss.aspx?playerid=4682&position=P"">Pat Neshek</a>",38.0,18.0,5.000001059638354,6.158454544161705,0.0
16155,"<a href=""statss.aspx?playerid=16155&position=P"">Eric Skoglund</a>",26.0,21.0,9.0,7.356866618565151,4.0
11760,"<a href=""statss.aspx?playerid=11760&position=P"">Drew Smyly</a>",30.0,114.0,6.2368421052631575,6.257869124830815,21.0
9239,"<a href=""statss.aspx?playerid=9239&position=P"">Alex Wilson</a>",32.0,11.1,9.52941363575586,6.743421933395364,0.0
14867,"<a href=""statss.aspx?playerid=14867&position=P"">Nick Rumbelow</a>",27.0,1.1,27.000028163224034,21.964029033502474,0.0
14361,"<a href=""statss.aspx?playerid=14361&position=P"">Ty Blach</a>",28.0,27.0,12.000004238554014,7.473270239392304,5.0
17874,"<a href=""statss.aspx?playerid=17874&position=P"">Nestor Cortes</a>",24.0,66.2,5.670002020991569,5.569010315114559,1.0
15564,"<a href=""statss.aspx?playerid=15564&position=1B"">Tyler White</a>",28.0,3.1,21.600008239749236,22.11401668548859,0.0
19285,"<a href=""statss.aspx?playerid=19285&position=P"">Kyle Dowdy</a>",26.0,22.1,7.253731756280458,6.572218622134146,1.0
18792,"<a href=""statss.aspx?playerid=18792&position=P"">Miguel Del Pozo</a>",26.0,9.1,10.607143218420003,7.606866768184979,0.0
13974,"<a href=""statss.aspx?playerid=13974&position=P"">Ryan Dull</a>",29.0,12.2,12.789481186970228,7.871906945036671,0.0
17860,"<a href=""statss.aspx?playerid=17860&position=P"">Jose Rodriguez</a>",23.0,19.2,2.745762268040177,6.875025833094911,1.0
12237,"<a href=""statss.aspx?playerid=12237&position=P"">Dan Winkler</a>",29.0,21.2,4.984617286095978,5.844779710036441,0.0
12572,"<a href=""statss.aspx?playerid=12572&position=P"">Blake Treinen</a>",31.0,58.2,4.909091760304496,5.14014617332748,0.0
3292,"<a href=""statss.aspx?playerid=3292&position=P"">Hector Noesi</a>",32.0,27.2,8.457832685834328,6.394732878927755,4.0
14078,"<a href=""statss.aspx?playerid=14078&position=P"">Michael Wacha</a>",27.0,126.2,4.760525336107261,5.614008981805201,24.0
15007,"<a href=""statss.aspx?playerid=15007&position=P"">Yacksel Rios</a>",26.0,13.0,6.9230774309508565,7.906317512241365,0.0
10745,"<a href=""statss.aspx?playerid=10745&position=P"">Trevor Rosenthal</a>",29.0,15.1,13.500001119530813,6.866183691619725,0.0
15071,"<a href=""statss.aspx?playerid=15071&position=P"">Kyle McGowin</a>",27.0,16.0,10.125,7.589009475708008,1.0
12880,"<a href=""statss.aspx?playerid=12880&position=P"">Tyler Anderson</a>",29.0,20.2,11.75806270752219,7.617234604862409,5.0
16587,"<a href=""statss.aspx?playerid=16587&position=P"">Erik Swanson</a>",25.0,58.0,5.741378366309467,5.955388335297213,8.0
13763,"<a href=""statss.aspx?playerid=13763&position=P"">Dominic Leone</a>",27.0,40.2,5.532786712246669,5.451714323772217,0.0
17470,"<a href=""statss.aspx?playerid=17470&position=P"">Chad Sobotka</a>",25.0,29.0,6.20689900111455,5.558837987240171,0.0
13549,"<a href=""statss.aspx?playerid=13549&position=P"">Richard Rodriguez</a>",29.0,65.1,3.719388478996993,5.2191119067722305,0.0
15015,"<a href=""statss.aspx?playerid=15015&position=P"">Alex Reyes</a>",24.0,3.0,15.000004768373097,12.880679215326225,0.0
13058,"<a href=""statss.aspx?playerid=13058&position=P"">Reymin Guduan</a>",27.0,5.1,11.812502816320137,10.526511219144282,0.0
18719,"<a href=""statss.aspx?playerid=18719&position=P"">Seunghwan Oh</a>",36.0,18.1,9.327274344578543,6.704919171924539,0.0
17117,"<a href=""statss.aspx?playerid=17117&position=P"">Austin Davis</a>",26.0,20.2,6.532257059734551,7.133363711548737,0.0
18135,"<a href=""statss.aspx?playerid=18135&position=P"">Chance Adams</a>",24.0,25.1,8.526316217438357,6.529799115822925,0.0
8580,"<a href=""statss.aspx?playerid=8580&position=P"">Justin Miller</a>",32.0,15.2,4.021277493295313,7.107627366041565,0.0
16086,"<a href=""statss.aspx?playerid=16086&position=P"">Edubray Ramos</a>",26.0,15.0,5.400001029968458,7.6806769943238935,0.0
17181,"<a href=""statss.aspx?playerid=17181&position=P"">Yoan Lopez</a>",26.0,60.2,3.4120889133253156,5.027196820953344,0.0
18300,"<a href=""statss.aspx?playerid=18300&position=P"">Andrew Suarez</a>",26.0,32.2,5.785713722685043,5.846662280739297,2.0
15136,"<a href=""statss.aspx?playerid=15136&position=P"">Jake Newberry</a>",24.0,31.0,3.7741930839547084,5.9236865616242085,0.0
13699,"<a href=""statss.aspx?playerid=13699&position=P"">Jake Faria</a>",25.0,18.2,6.750003678460082,6.749725688234718,0.0
6499,"<a href=""statss.aspx?playerid=6499&position=P"">Blaine Hardy</a>",32.0,44.1,4.466165925926946,5.717769161454932,0.0
7550,"<a href=""statss.aspx?playerid=7550&position=P"">Jake McGee</a>",32.0,41.1,4.354840049386809,5.9962683961495795,0.0
17035,"<a href=""statss.aspx?playerid=17035&position=P"">Joseph Palumbo</a>",24.0,16.2,9.17999824905429,7.954008571624929,4.0
15028,"<a href=""statss.aspx?playerid=15028&position=P"">Victor Alcantara</a>",26.0,42.2,4.851564090466648,5.72182279783328,0.0
19361,"<a href=""statss.aspx?playerid=19361&position=P"">Corbin Burnes</a>",24.0,49.0,8.816329619231189,6.091561504207076,4.0
7677,"<a href=""statss.aspx?playerid=7677&position=P"">Neil Ramirez</a>",30.0,25.0,5.400003295900449,6.73401162414682,1.0
7175,"<a href=""statss.aspx?playerid=7175&position=P"">Jonny Venters</a>",34.0,8.0,12.375002212822833,9.589010615647044,0.0
18361,"<a href=""statss.aspx?playerid=18361&position=P"">Thomas Eshelman</a>",25.0,36.0,6.4999989668529885,7.32511993337571,4.0
14244,"<a href=""statss.aspx?playerid=14244&position=P"">Ray Black</a>",29.0,16.0,5.062503319235832,6.901511893422997,0.0
18790,"<a href=""statss.aspx?playerid=18790&position=P"">Dillon Peters</a>",26.0,72.0,5.375000284777762,6.227898524278484,12.0
16958,"<a href=""statss.aspx?playerid=16958&position=P"">Jake Jewell</a>",26.0,26.1,6.835441882746897,6.669705094207828,0.0
7836,"<a href=""statss.aspx?playerid=7836&position=P"">Hunter Strickland</a>",30.0,24.1,5.5479461477005305,6.296201779986081,0.0
3840,"<a href=""statss.aspx?playerid=3840&position=P"">Zach Duke</a>",36.0,23.1,5.014286807313495,6.471153042851817,0.0
11449,"<a href=""statss.aspx?playerid=11449&position=P"">Matt Grace</a>",30.0,46.2,6.364288662308482,5.549724843356575,1.0
12664,"<a href=""statss.aspx?playerid=12664&position=P"">Jerad Eickhoff</a>",28.0,58.1,5.708571926319399,6.5054383341264,10.0
5365,"<a href=""statss.aspx?playerid=5365&position=P"">Manny Banuelos</a>",28.0,50.2,6.927631405086733,6.569272549396739,8.0
13652,"<a href=""statss.aspx?playerid=13652&position=P"">Tayler Scott</a>",27.0,16.1,14.326528904389566,9.030335312960183,2.0
12385,"<a href=""statss.aspx?playerid=12385&position=P"">Nick Tropeano</a>",28.0,13.2,9.8780464828197,9.214008080087382,1.0
5221,"<a href=""statss.aspx?playerid=5221&position=P"">Wade LeBlanc</a>",34.0,121.1,5.7115385213950285,5.488734774272261,8.0
12452,"<a href=""statss.aspx?playerid=12452&position=P"">Chasen Bradford</a>",29.0,16.2,4.860000185394294,7.294009631347662,0.0
3200,"<a href=""statss.aspx?playerid=3200&position=P"">Ervin Santana</a>",36.0,13.1,9.449995493891004,9.664006400109805,3.0
12938,"<a href=""statss.aspx?playerid=12938&position=P"">Gabriel Ynoa</a>",26.0,110.2,5.61144687922141,6.195937769014071,13.0
12106,"<a href=""statss.aspx?playerid=12106&position=P"">Parker Markel</a>",28.0,22.0,7.7727272727272725,7.304918566617099,0.0
14457,"<a href=""statss.aspx?playerid=14457&position=P"">Adam Conley</a>",29.0,60.2,6.527473211547643,5.192031661025475,0.0
15258,"<a href=""statss.aspx?playerid=15258&position=P"">Shane Carle</a>",27.0,9.1,9.642854515387803,9.96400763647947,0.0
13071,"<a href=""statss.aspx?playerid=13071&position=P"">Wei-Yin Chen</a>",33.0,68.1,6.585367079082038,5.2335220466265,0.0
6785,"<a href=""statss.aspx?playerid=6785&position=P"">Andrew Miller</a>",34.0,54.2,4.445124639493445,5.189620426593984,0.0
12699,"<a href=""statss.aspx?playerid=12699&position=P"">Ryan Carpenter</a>",28.0,40.2,9.295080804658383,6.9271237653995845,9.0
11437,"<a href=""statss.aspx?playerid=11437&position=P"">Jesse Biddle</a>",27.0,28.0,8.357143711070712,6.464009807791063,0.0
10946,"<a href=""statss.aspx?playerid=10946&position=P"">Josh A. Smith</a>",31.0,31.0,5.806453041926487,6.601107083498459,2.0
7738,"<a href=""statss.aspx?playerid=7738&position=P"">Wily Peralta</a>",30.0,40.1,5.801653624183544,5.842108980680041,0.0
17466,"<a href=""statss.aspx?playerid=17466&position=P"">Heath Fillmyer</a>",25.0,22.1,8.059701951422731,7.378188817276419,3.0
18510,"<a href=""statss.aspx?playerid=18510&position=P"">Josh Rogers</a>",24.0,14.1,8.790699624061501,10.958197239762187,0.0
18356,"<a href=""statss.aspx?playerid=18356&position=P"">Jaime Barria</a>",22.0,82.2,6.423386701560069,6.226106064575159,13.0
12323,"<a href=""statss.aspx?playerid=12323&position=P"">Jacob Barnes</a>",29.0,32.2,7.438776306488459,6.0609485559690235,1.0
15200,"<a href=""statss.aspx?playerid=15200&position=P"">Glenn Sparkman</a>",27.0,136.0,6.022059330272057,5.927244998138276,23.0
9325,"<a href=""statss.aspx?playerid=9325&position=P"">Jared Hughes</a>",33.0,71.1,4.037384544984093,5.288776533547056,0.0
17432,"<a href=""statss.aspx?playerid=17432&position=P"">Jeff Hoffman</a>",26.0,70.0,6.557142857142857,6.799723761422294,15.0
19884,"<a href=""statss.aspx?playerid=19884&position=P"">Corbin Martin</a>",23.0,19.1,5.5862078150729175,8.489872412165763,5.0
14509,"<a href=""statss.aspx?playerid=14509&position=P"">Dereck Rodriguez</a>",27.0,99.0,5.6363628762266345,5.688756616703573,16.0
13420,"<a href=""statss.aspx?playerid=13420&position=P"">Matt Koch</a>",28.0,20.2,9.145167479782245,8.681755111768291,0.0
6984,"<a href=""statss.aspx?playerid=6984&position=P"">Luis Garcia</a>",32.0,62.0,4.354840049386809,5.939816765879751,2.0
2859,"<a href=""statss.aspx?playerid=2859&position=P"">Ross Detwiler</a>",33.0,69.2,6.588517077111458,6.9173589438883045,12.0
18806,"<a href=""statss.aspx?playerid=18806&position=P"">Drew Steckenrider</a>",28.0,14.1,6.279070324482614,7.958195943094871,0.0
6562,"<a href=""statss.aspx?playerid=6562&position=P"">Alex Cobb</a>",31.0,12.1,10.945940303317764,11.889680679078385,3.0
19276,"<a href=""statss.aspx?playerid=19276&position=P"">Edgar Garcia</a>",22.0,39.0,5.769231333535154,6.57298416323292,0.0
16618,"<a href=""statss.aspx?playerid=16618&position=P"">Kyle Bird</a>",26.0,12.2,7.815788689082428,10.792956083303089,0.0
15203,"<a href=""statss.aspx?playerid=15203&position=P"">Tyler Bashlor</a>",26.0,22.0,6.954547866317703,7.259465424088894,0.0
19911,"<a href=""statss.aspx?playerid=19911&position=P"">Jose Suarez</a>",21.0,81.0,7.111111111111111,6.72018231521418,15.0
12183,"<a href=""statss.aspx?playerid=12183&position=P"">Cody Allen</a>",30.0,23.0,6.26087216123173,8.387924664503673,0.0
11691,"<a href=""statss.aspx?playerid=11691&position=P"">Tayron Guerrero</a>",28.0,46.0,6.260870603622869,6.061836034994798,0.0
16130,"<a href=""statss.aspx?playerid=16130&position=P"">David Hess</a>",25.0,80.0,7.087499577552105,7.264009234309211,14.0
14764,"<a href=""statss.aspx?playerid=14764&position=P"">Wes Parsons</a>",26.0,34.2,5.451923026929241,6.6467017519227145,0.0
7466,"<a href=""statss.aspx?playerid=7466&position=P"">Anthony Swarzak</a>",33.0,53.1,4.556251656599946,5.707760382406743,0.0
6249,"<a href=""statss.aspx?playerid=6249&position=P"">Trevor Cahill</a>",31.0,102.1,5.9804572150428035,6.126062171921661,11.0
14295,"<a href=""statss.aspx?playerid=14295&position=P"">Wandy Peralta</a>",27.0,39.2,5.672272271454019,6.566952640611939,0.0
13182,"<a href=""statss.aspx?playerid=13182&position=P"">Kyle Crick</a>",26.0,49.0,4.959184445623973,5.948703779056207,0.0
13713,"<a href=""statss.aspx?playerid=13713&position=P"">Kyle Barraclough</a>",29.0,33.2,5.613862446296323,6.362524921778961,0.0
16317,"<a href=""statss.aspx?playerid=16317&position=P"">Alex McRae</a>",26.0,26.2,8.77500209212353,8.314010691643052,2.0
9029,"<a href=""statss.aspx?playerid=9029&position=P"">Adam Warren</a>",31.0,28.2,5.33721048603734,6.911684714400544,0.0
17611,"<a href=""statss.aspx?playerid=17611&position=P"">Taylor Clarke</a>",26.0,84.2,5.314959592226363,6.414796252359884,15.0
16727,"<a href=""statss.aspx?playerid=16727&position=P"">Brock Stewart</a>",27.0,25.2,9.818186530258476,8.590635432754317,0.0
15285,"<a href=""statss.aspx?playerid=15285&position=P"">Zac Reininger</a>",26.0,28.0,8.678573793295122,8.821153860676462,1.0
4141,"<a href=""statss.aspx?playerid=4141&position=P"">Derek Holland</a>",32.0,84.1,6.0830038379208595,6.0954323463021,8.0
16300,"<a href=""statss.aspx?playerid=16300&position=P"">Jesus Tinoco</a>",24.0,36.0,4.750000503328165,7.908454417593738,0.0
12545,"<a href=""statss.aspx?playerid=12545&position=P"">Drew Gagnon</a>",29.0,23.2,8.366199430599865,8.960489892685693,0.0
6655,"<a href=""statss.aspx?playerid=6655&position=P"">Craig Kimbrel</a>",31.0,20.2,6.532258868341614,8.004332645825192,0.0
9460,"<a href=""statss.aspx?playerid=9460&position=P"">Dan Straily</a>",30.0,47.2,9.818187252855248,9.339886992446752,8.0
1841,"<a href=""statss.aspx?playerid=1841&position=P"">Edwin Jackson</a>",35.0,67.2,9.576356659309937,7.647507929092237,13.0
19200,"<a href=""statss.aspx?playerid=19200&position=P"">Jose Quijada</a>",23.0,29.2,5.764046549692157,7.663448917575638,0.0
