playerid,Name,Age,IP,ERA,FIP,GS
10310,"<a href=""statss.aspx?playerid=10310&position=P"">Zack Wheeler</a>",33.0,192.0,3.609375,3.1508736928304044,32.0
27498,"<a href=""statss.aspx?playerid=27498&position=P"">Spencer Strider</a>",24.0,186.2,3.857143067340473,2.853254623315771,32.0
12768,"<a href=""statss.aspx?playerid=12768&position=P"">Sonny Gray</a>",33.0,184.0,2.7880434782608696,2.825692533410114,32.0
13125,"<a href=""statss.aspx?playerid=13125&position=P"">Gerrit Cole</a>",32.0,209.0,2.626794258373206,3.1641312685879797,33.0
14107,"<a href=""statss.aspx?playerid=14107&position=P"">Kevin Gausman</a>",32.0,185.0,3.1621621621621623,2.968553873010584,31.0
19291,"<a href=""statss.aspx?playerid=19291&position=P"">Zac Gallen</a>",27.0,210.0,3.4714285714285715,3.26456416902088,34.0
17995,"<a href=""statss.aspx?playerid=17995&position=P"">Logan Webb</a>",26.0,216.0,3.25,3.162447766904478,33.0
13774,"<a href=""statss.aspx?playerid=13774&position=P"">Zach Eflin</a>",29.0,177.2,3.495309468416154,3.0073855823468114,31.0
17312,"<a href=""statss.aspx?playerid=17312&position=P"">Justin Steele</a>",27.0,173.1,3.063461628355221,3.0185018910176655,30.0
17085,"<a href=""statss.aspx?playerid=17085&position=P"">Pablo Lopez</a>",27.0,194.0,3.6649484536082473,3.3323599471259366,32.0
17295,"<a href=""statss.aspx?playerid=17295&position=P"">Framber Valdez</a>",29.0,198.0,3.4545454545454546,3.4974646019213127,31.0
25436,"<a href=""statss.aspx?playerid=25436&position=P"">George Kirby</a>",25.0,190.2,3.3513987802038008,3.3442012034148556,31.0
16511,"<a href=""statss.aspx?playerid=16511&position=P"">Jordan Montgomery</a>",30.0,188.2,3.1961131172869397,3.5624608583405903,32.0
13543,"<a href=""statss.aspx?playerid=13543&position=P"">Blake Snell</a>",30.0,180.0,2.25,3.4383736928304036,32.0
24586,"<a href=""statss.aspx?playerid=24586&position=P"">Kyle Bradish</a>",26.0,168.2,2.8280634116712373,3.2668980677221073,30.0
19959,"<a href=""statss.aspx?playerid=19959&position=P"">Jesus Luzardo</a>",25.0,178.2,3.576492740943837,3.5516821674313794,32.0
16149,"<a href=""statss.aspx?playerid=16149&position=P"">Aaron Nola</a>",30.0,193.2,4.461273900425602,4.02956707832096,32.0
18525,"<a href=""statss.aspx?playerid=18525&position=P"">Dylan Cease</a>",27.0,177.0,4.576271186440678,3.723966913169386,33.0
31838,"<a href=""statss.aspx?playerid=31838&position=P"">Kodai Senga</a>",30.0,166.1,2.9759519948084643,3.6337978861090567,29.0
19361,"<a href=""statss.aspx?playerid=19361&position=P"">Corbin Burnes</a>",28.0,193.2,3.392427028448635,3.812699597050271,32.0
8700,"<a href=""statss.aspx?playerid=8700&position=P"">Justin Verlander</a>",40.0,162.1,3.215605699110627,3.846416120253048,27.0
22267,"<a href=""statss.aspx?playerid=22267&position=P"">Tarik Skubal</a>",26.0,80.1,2.8008300528517633,1.9977788691058345,15.0
15689,"<a href=""statss.aspx?playerid=15689&position=P"">Luis Castillo</a>",30.0,197.0,3.33502538071066,3.8083398518828577,33.0
17594,"<a href=""statss.aspx?playerid=17594&position=P"">Mitch Keller</a>",27.0,194.1,4.214408343579362,3.8004949192277326,32.0
14374,"<a href=""statss.aspx?playerid=14374&position=P"">Tyler Glasnow</a>",29.0,120.0,3.525,2.9133736928304037,21.0
11156,"<a href=""statss.aspx?playerid=11156&position=P"">Merrill Kelly</a>",34.0,177.2,3.2926831153559366,3.8460347648173663,30.0
13164,"<a href=""statss.aspx?playerid=13164&position=P"">Eduardo Rodriguez</a>",30.0,152.2,3.301310263641908,3.6611539236752417,26.0
21844,"<a href=""statss.aspx?playerid=21844&position=P"">Braxton Garrett</a>",25.0,159.2,3.663883323200095,3.6809276517664835,30.0
30134,"<a href=""statss.aspx?playerid=30134&position=P"">Tanner Bibee</a>",24.0,142.0,2.9788732394366195,3.5156037397787605,25.0
18684,"<a href=""statss.aspx?playerid=18684&position=P"">Sandy Alcantara</a>",27.0,184.2,4.142599506177083,4.02940863320076,28.0
9803,"<a href=""statss.aspx?playerid=9803&position=P"">Miles Mikolas</a>",34.0,201.1,4.783112703616735,4.273252305749854,35.0
22250,"<a href=""statss.aspx?playerid=22250&position=P"">Logan Gilbert</a>",26.0,190.2,3.729021177973243,3.847697733774112,32.0
18679,"<a href=""statss.aspx?playerid=18679&position=P"">Freddy Peralta</a>",27.0,165.2,3.857143093985243,3.8465896915949642,30.0
14168,"<a href=""statss.aspx?playerid=14168&position=P"">Jose Berrios</a>",29.0,189.2,3.6537787548409115,3.9931774816871535,32.0
27483,"<a href=""statss.aspx?playerid=27483&position=P"">Bobby Miller</a>",24.0,124.1,3.764075221005978,3.5124130241812397,22.0
12447,"<a href=""statss.aspx?playerid=12447&position=P"">Seth Lugo</a>",33.0,146.1,3.567198301665436,3.8290722701098994,26.0
17586,"<a href=""statss.aspx?playerid=17586&position=P"">Tanner Scott</a>",28.0,78.0,2.3076925334140617,2.1652966631626525,0.0
20666,"<a href=""statss.aspx?playerid=20666&position=P"">Felix Bautista</a>",28.0,61.0,1.4754099283318396,1.8779910930540202,0.0
12049,"<a href=""statss.aspx?playerid=12049&position=P"">Kyle Hendricks</a>",33.0,137.0,3.7445255474452557,3.8097848850445155,24.0
13431,"<a href=""statss.aspx?playerid=13431&position=P"">Marcus Stroman</a>",32.0,136.2,3.9512198062967294,3.5769916029731004,25.0
4676,"<a href=""statss.aspx?playerid=4676&position=P"">Charlie Morton</a>",39.0,163.1,3.636734807126876,3.8734077256920445,30.0
10123,"<a href=""statss.aspx?playerid=10123&position=P"">Kyle Gibson</a>",35.0,192.0,4.734375,4.130040359497071,33.0
14078,"<a href=""statss.aspx?playerid=14078&position=P"">Michael Wacha</a>",31.0,134.1,3.2158810150631516,3.887794725886811,24.0
12304,"<a href=""statss.aspx?playerid=12304&position=P"">Chris Bassitt</a>",34.0,200.0,3.6,4.28004035949707,33.0
19479,"<a href=""statss.aspx?playerid=19479&position=P"">Aaron Civale</a>",28.0,122.1,3.457765703515884,3.565667065723084,23.0
20633,"<a href=""statss.aspx?playerid=20633&position=P"">Yusei Kikuchi</a>",32.0,167.2,3.864811367683266,4.119851545166936,32.0
21224,"<a href=""statss.aspx?playerid=21224&position=P"">Bailey Ober</a>",27.0,144.1,3.4295613217804912,3.961737843985172,26.0
2036,"<a href=""statss.aspx?playerid=2036&position=P"">Clayton Kershaw</a>",35.0,131.2,2.4607593986121303,4.029723873874963,24.0
13074,"<a href=""statss.aspx?playerid=13074&position=P"">Yu Darvish</a>",36.0,136.1,4.555012394875241,4.025211537374527,24.0
20531,"<a href=""statss.aspx?playerid=20531&position=P"">Kutter Crawford</a>",27.0,129.1,4.036082632952922,3.8272053304520823,23.0
27468,"<a href=""statss.aspx?playerid=27468&position=P"">Reid Detmers</a>",23.0,148.2,4.479820934334721,4.129479881214058,28.0
11836,"<a href=""statss.aspx?playerid=11836&position=P"">Taijuan Walker</a>",30.0,172.2,4.378378636327243,4.534963214825536,31.0
17277,"<a href=""statss.aspx?playerid=17277&position=P"">Ranger Suarez</a>",27.0,125.0,4.176000254882828,3.903040399047854,22.0
9132,"<a href=""statss.aspx?playerid=9132&position=P"">Nathan Eovaldi</a>",33.0,144.0,3.625,3.8800403594970705,25.0
21390,"<a href=""statss.aspx?playerid=21390&position=P"">Joe Ryan</a>",27.0,161.2,4.509278634252088,4.133390930229302,29.0
19569,"<a href=""statss.aspx?playerid=19569&position=P"">David Bednar</a>",28.0,67.1,2.004950646500589,2.5273175322487083,0.0
19755,"<a href=""statss.aspx?playerid=19755&position=DH"">Shohei Ohtani</a>",28.0,132.0,3.1363636363636362,3.9974646019213127,23.0
19447,"<a href=""statss.aspx?playerid=19447&position=P"">Patrick Sandoval</a>",26.0,144.2,4.105991072131114,4.181307705735403,28.0
19853,"<a href=""statss.aspx?playerid=19853&position=P"">Michael King</a>",28.0,104.2,2.751592724399445,3.1308365212429288,9.0
21846,"<a href=""statss.aspx?playerid=21846&position=P"">Cole Ragans</a>",25.0,96.0,3.468750275671504,3.192540354530016,12.0
3137,"<a href=""statss.aspx?playerid=3137&position=P"">Max Scherzer</a>",38.0,152.2,3.7729258270417896,4.322725966802299,27.0
12808,"<a href=""statss.aspx?playerid=12808&position=P"">Mike Clevinger</a>",32.0,131.1,3.769035678961727,4.282959181032087,24.0
29911,"<a href=""statss.aspx?playerid=29911&position=P"">Andrew Abbott</a>",24.0,109.1,3.868902619008442,4.197113574054682,21.0
12970,"<a href=""statss.aspx?playerid=12970&position=P"">Joe Musgrove</a>",30.0,97.1,3.051370022466478,3.5221636611271325,17.0
10603,"<a href=""statss.aspx?playerid=10603&position=P"">Chris Sale</a>",34.0,102.2,4.295454651856228,3.800494918462941,20.0
19427,"<a href=""statss.aspx?playerid=19427&position=P"">Shane Bieber</a>",28.0,128.0,3.796875,3.8722278594970705,21.0
25756,"<a href=""statss.aspx?playerid=25756&position=P"">Matt Brash</a>",25.0,70.2,3.056604543586292,2.2644740722237353,0.0
17606,"<a href=""statss.aspx?playerid=17606&position=P"">Cristian Javier</a>",26.0,162.0,4.555555555555555,4.576028013818058,31.0
13799,"<a href=""statss.aspx?playerid=13799&position=P"">Matt Strahm</a>",31.0,87.2,3.285171483861131,3.2436335140669965,10.0
13361,"<a href=""statss.aspx?playerid=13361&position=P"">Steven Matz</a>",32.0,105.0,3.8571429272087268,3.750278463731277,17.0
19409,"<a href=""statss.aspx?playerid=19409&position=P"">Dane Dunning</a>",28.0,172.2,3.7007722552792504,4.26855388793818,26.0
22182,"<a href=""statss.aspx?playerid=22182&position=P"">Hunter Greene</a>",23.0,112.0,4.821428571428571,4.246111788068499,22.0
25377,"<a href=""statss.aspx?playerid=25377&position=P"">Brady Singer</a>",26.0,159.2,5.524008702670913,4.2884433480919695,29.0
21992,"<a href=""statss.aspx?playerid=21992&position=P"">Camilo Doval</a>",25.0,67.2,2.926108814274652,2.7673555571179618,0.0
24492,"<a href=""statss.aspx?playerid=24492&position=P"">Grayson Rodriguez</a>",23.0,122.0,4.352459288578927,3.927171549070464,23.0
19899,"<a href=""statss.aspx?playerid=19899&position=P"">Clarke Schmidt</a>",27.0,159.0,4.6415096027395375,4.418562414384352,32.0
13743,"<a href=""statss.aspx?playerid=13743&position=P"">Max Fried</a>",29.0,77.2,2.549356306652554,3.1391605273764998,14.0
21483,"<a href=""statss.aspx?playerid=21483&position=P"">Shane McClanahan</a>",26.0,115.0,3.2869565217391306,3.9159099247144615,21.0
15454,"<a href=""statss.aspx?playerid=15454&position=P"">Nick Pivetta</a>",30.0,142.2,4.037383249539229,3.962984297350303,16.0
25880,"<a href=""statss.aspx?playerid=25880&position=P"">Hunter Brown</a>",24.0,155.2,5.087794765026069,4.372813451813403,29.0
6562,"<a href=""statss.aspx?playerid=6562&position=P"">Alex Cobb</a>",35.0,151.1,3.865638896442662,4.008344349573076,28.0
29837,"<a href=""statss.aspx?playerid=29837&position=P"">Bryce Miller</a>",24.0,131.1,4.317259050447069,3.978390641318008,25.0
15816,"<a href=""statss.aspx?playerid=15816&position=P"">Devin Williams</a>",28.0,58.2,1.5340909755919618,2.658449424544641,0.0
22487,"<a href=""statss.aspx?playerid=22487&position=P"">Johan Oviedo</a>",25.0,177.2,4.305816381619302,4.487685833450831,32.0
27779,"<a href=""statss.aspx?playerid=27779&position=P"">Bryce Elder</a>",24.0,174.2,3.812977321303117,4.422979358815143,31.0
20778,"<a href=""statss.aspx?playerid=20778&position=P"">Cristopher Sanchez</a>",26.0,99.1,3.44295319642717,3.989939725985911,18.0
25463,"<a href=""statss.aspx?playerid=25463&position=P"">Brandon Williamson</a>",25.0,117.0,4.461538752468712,4.631108825296808,23.0
17479,"<a href=""statss.aspx?playerid=17479&position=P"">Jack Flaherty</a>",27.0,144.1,4.988452831680715,4.356657026493229,27.0
19867,"<a href=""statss.aspx?playerid=19867&position=P"">Griffin Canning</a>",27.0,127.0,4.322834678130523,4.286536430234954,22.0
21032,"<a href=""statss.aspx?playerid=21032&position=P"">Emmanuel Clase</a>",25.0,72.2,3.2201835989360146,2.9110036502090346,0.0
14843,"<a href=""statss.aspx?playerid=14843&position=P"">Michael Lorenzen</a>",31.0,153.0,4.176470666333192,4.464190708904958,25.0
10233,"<a href=""statss.aspx?playerid=10233&position=P"">Aroldis Chapman</a>",35.0,58.1,3.0857144538723786,2.5178974621831136,0.0
12718,"<a href=""statss.aspx?playerid=12718&position=P"">Adrian Houser</a>",30.0,111.1,4.122754679366,3.9915673392530886,21.0
14212,"<a href=""statss.aspx?playerid=14212&position=P"">Josh Hader</a>",29.0,56.1,1.2781066242743158,2.686992970930708,0.0
25911,"<a href=""statss.aspx?playerid=25911&position=P"">Yennier Cano</a>",29.0,72.2,2.1055051029637792,2.8421962216610352,0.0
21132,"<a href=""statss.aspx?playerid=21132&position=P"">Alexis Diaz</a>",26.0,67.1,3.07425765796757,3.5223671123638156,0.0
14916,"<a href=""statss.aspx?playerid=14916&position=P"">Jon Gray</a>",31.0,157.1,4.118644200943905,4.469023449590104,29.0
27589,"<a href=""statss.aspx?playerid=27589&position=P"">Logan Allen</a>",24.0,125.1,3.8058512182784066,4.188551035678566,24.0
18498,"<a href=""statss.aspx?playerid=18498&position=P"">Kenta Maeda</a>",35.0,104.1,4.226837073581552,4.021813524772636,20.0
7048,"<a href=""statss.aspx?playerid=7048&position=P"">Fernando Cruz</a>",33.0,66.0,4.909091547501072,2.8307978800833977,2.0
19350,"<a href=""statss.aspx?playerid=19350&position=P"">Dean Kremer</a>",27.0,172.2,4.117760860355384,4.511797190294705,32.0
23920,"<a href=""statss.aspx?playerid=23920&position=P"">Brayan Bello</a>",24.0,157.0,4.24203821656051,4.535295136567134,28.0
24580,"<a href=""statss.aspx?playerid=24580&position=P"">Josiah Gray</a>",25.0,159.0,3.9056603773584904,4.934285642515939,30.0
13649,"<a href=""statss.aspx?playerid=13649&position=P"">Clay Holmes</a>",30.0,63.0,2.8571432031471864,2.651865683277109,0.0
19531,"<a href=""statss.aspx?playerid=19531&position=P"">Jason Foley</a>",27.0,69.0,2.6086962290658766,2.733301113683895,0.0
11674,"<a href=""statss.aspx?playerid=11674&position=P"">Jameson Taillon</a>",31.0,154.1,4.8401729456915294,4.609252067193897,29.0
11423,"<a href=""statss.aspx?playerid=11423&position=P"">Jose Quintana</a>",34.0,75.2,3.568282058254765,3.5193575489974234,13.0
24968,"<a href=""statss.aspx?playerid=24968&position=P"">Reese Olson</a>",23.0,103.2,3.9935692298023,4.007451953517794,18.0
17432,"<a href=""statss.aspx?playerid=17432&position=P"">Jeff Hoffman</a>",30.0,52.1,2.4076437215988755,2.5671421533259635,0.0
21894,"<a href=""statss.aspx?playerid=21894&position=P"">Gregory Santos</a>",23.0,66.1,3.3919604492111683,2.652025168526196,0.0
16609,"<a href=""statss.aspx?playerid=16609&position=P"">Bryan Abreu</a>",26.0,72.0,1.7500001854366922,2.977262552284897,0.0
27768,"<a href=""statss.aspx?playerid=27768&position=P"">Eury Perez</a>",20.0,91.1,3.153284847136162,4.109055005596447,19.0
14739,"<a href=""statss.aspx?playerid=14739&position=P"">Paul Blackburn</a>",29.0,103.2,4.427652841737332,3.9592204410805674,20.0
18138,"<a href=""statss.aspx?playerid=18138&position=P"">Ryan Helsley</a>",28.0,36.2,2.454545880152248,2.2459492754344796,0.0
17859,"<a href=""statss.aspx?playerid=17859&position=P"">Adbert Alzolay</a>",28.0,64.0,2.6718753185123587,3.0206653315573897,0.0
11847,"<a href=""statss.aspx?playerid=11847&position=P"">Chris Martin</a>",37.0,51.1,1.0519481561782793,2.4368584602472976,0.0
21267,"<a href=""statss.aspx?playerid=21267&position=P"">Jake Bird</a>",27.0,89.1,4.332090168866139,3.5460851770436324,3.0
10954,"<a href=""statss.aspx?playerid=10954&position=P"">Jacob deGrom</a>",35.0,30.1,2.670329782269228,1.5407545733489243,6.0
25385,"<a href=""statss.aspx?playerid=25385&position=P"">Drew Rasmussen</a>",27.0,44.2,2.6194031342123876,2.5386224082594944,8.0
27552,"<a href=""statss.aspx?playerid=27552&position=P"">Graham Ashcraft</a>",25.0,145.2,4.757437403170407,5.060532476428985,26.0
20367,"<a href=""statss.aspx?playerid=20367&position=P"">Brusdar Graterol</a>",24.0,67.1,1.2029703879003535,3.0322680654414493,1.0
16162,"<a href=""statss.aspx?playerid=16162&position=P"">Brandon Woodruff</a>",30.0,67.0,2.283582089552239,3.5983239415866226,11.0
18655,"<a href=""statss.aspx?playerid=18655&position=P"">A.J. Minter</a>",29.0,64.2,3.7577325498809104,2.8993702004548445,0.0
13293,"<a href=""statss.aspx?playerid=13293&position=P"">Danny Coulombe</a>",33.0,51.1,2.805195916984228,2.8264687610689245,0.0
12730,"<a href=""statss.aspx?playerid=12730&position=P"">Nick Martinez</a>",32.0,110.1,3.4259820310463356,3.916671809937236,9.0
17998,"<a href=""statss.aspx?playerid=17998&position=P"">Pete Fairbanks</a>",29.0,45.1,2.5808826425084104,2.703569709388436,0.0
19349,"<a href=""statss.aspx?playerid=19349&position=P"">Caleb Ferguson</a>",26.0,60.1,3.4309398411490224,3.337913302519994,7.0
21212,"<a href=""statss.aspx?playerid=21212&position=P"">J.P. France</a>",28.0,136.1,3.8288508646735373,4.663353321216073,23.0
14765,"<a href=""statss.aspx?playerid=14765&position=P"">Julio Urias</a>",26.0,117.1,4.6022729267758855,4.686858603382902,21.0
13942,"<a href=""statss.aspx?playerid=13942&position=P"">Brent Suter</a>",33.0,69.1,3.3750002475885426,3.4425403732519895,2.0
17780,"<a href=""statss.aspx?playerid=17780&position=P"">Jose Alvarado</a>",28.0,41.1,1.7419355374593284,2.4082661398987857,0.0
15507,"<a href=""statss.aspx?playerid=15507&position=P"">Hunter Harvey</a>",28.0,60.2,2.818681791315065,3.2880073979919837,0.0
12857,"<a href=""statss.aspx?playerid=12857&position=P"">Shawn Armstrong</a>",32.0,52.0,1.3846154861901714,2.543501845760455,6.0
15042,"<a href=""statss.aspx?playerid=15042&position=P"">Tim Mayza</a>",31.0,53.1,1.5187505793573681,2.5987901091574668,0.0
19876,"<a href=""statss.aspx?playerid=19876&position=P"">Kevin Ginkel</a>",29.0,65.1,2.4795923193313287,2.8570810983698203,0.0
19716,"<a href=""statss.aspx?playerid=19716&position=P"">Dustin May</a>",25.0,48.0,2.625,3.2342070261637375,9.0
17734,"<a href=""statss.aspx?playerid=17734&position=P"">Evan Phillips</a>",28.0,61.1,2.054347996450341,3.157214264428007,0.0
25679,"<a href=""statss.aspx?playerid=25679&position=P"">Kevin Kelly</a>",25.0,67.0,3.0895529424303976,3.0908612176287886,0.0
20253,"<a href=""statss.aspx?playerid=20253&position=P"">Griffin Jax</a>",28.0,65.1,3.8571431574251727,3.2244281122159184,0.0
20373,"<a href=""statss.aspx?playerid=20373&position=P"">Andres Munoz</a>",24.0,49.0,2.9387757389906075,2.7040199084363317,0.0
16122,"<a href=""statss.aspx?playerid=16122&position=P"">Jordan Romano</a>",30.0,59.0,2.8983054595307767,3.458430216306248,0.0
8241,"<a href=""statss.aspx?playerid=8241&position=P"">David Robertson</a>",38.0,65.1,3.030612480834064,3.545856708668016,0.0
19574,"<a href=""statss.aspx?playerid=19574&position=P"">JoJo Romero</a>",26.0,36.2,3.681818820228372,2.218676543432788,0.0
19879,"<a href=""statss.aspx?playerid=19879&position=P"">Tanner Houck</a>",27.0,106.0,5.009433962264151,4.434285642515939,21.0
22201,"<a href=""statss.aspx?playerid=22201&position=P"">MacKenzie Gore</a>",24.0,136.1,4.4229830500962475,4.890737242036811,27.0
17639,"<a href=""statss.aspx?playerid=17639&position=P"">Justin Lawrence</a>",28.0,75.0,3.7200007568360913,3.761707129245355,0.0
13394,"<a href=""statss.aspx?playerid=13394&position=P"">Dylan Floro</a>",32.0,56.2,4.7647065773143265,2.9550403157402423,0.0
14771,"<a href=""statss.aspx?playerid=14771&position=P"">Emilio Pagan</a>",32.0,69.1,2.985577470628568,3.269463439065324,1.0
16256,"<a href=""statss.aspx?playerid=16256&position=P"">Kyle Freeland</a>",30.0,155.2,5.0299789154235,5.297867045454508,29.0
15423,"<a href=""statss.aspx?playerid=15423&position=P"">Andrew Heaney</a>",32.0,147.1,4.15384648545796,4.6600178472254985,28.0
19769,"<a href=""statss.aspx?playerid=19769&position=P"">Will Vest</a>",28.0,48.1,2.979311011061664,2.551591926329733,4.0
14332,"<a href=""statss.aspx?playerid=14332&position=P"">Joel Payamps</a>",29.0,70.2,2.547170177988042,3.4814554864293408,0.0
15873,"<a href=""statss.aspx?playerid=15873&position=P"">Sean Manaea</a>",31.0,117.2,4.4362610067533765,3.900932766610589,10.0
5615,"<a href=""statss.aspx?playerid=5615&position=P"">Ryan Brasier</a>",35.0,59.2,3.0167600015535836,3.137721914992209,0.0
14874,"<a href=""statss.aspx?playerid=14874&position=P"">Sam Moll</a>",31.0,62.1,3.032086643923107,3.271083145972854,1.0
15823,"<a href=""statss.aspx?playerid=15823&position=P"">Zack Littell</a>",27.0,90.0,4.100000304116166,4.021707083030988,14.0
30122,"<a href=""statss.aspx?playerid=30122&position=P"">Gavin Williams</a>",23.0,82.0,3.292682926829268,4.047723286326339,16.0
19261,"<a href=""statss.aspx?playerid=19261&position=P"">Ian Hamilton</a>",28.0,58.0,2.637931381479642,2.824005820039613,3.0
21690,"<a href=""statss.aspx?playerid=21690&position=P"">Edward Cabrera</a>",25.0,99.2,4.244147184264443,4.428953410463832,20.0
19403,"<a href=""statss.aspx?playerid=19403&position=P"">Colin Poche</a>",29.0,60.2,2.22527509840663,3.337457955734353,0.0
13761,"<a href=""statss.aspx?playerid=13761&position=P"">Chris Stratton</a>",32.0,82.2,3.919355682726515,3.533266225863459,0.0
6655,"<a href=""statss.aspx?playerid=6655&position=P"">Craig Kimbrel</a>",35.0,69.0,3.260869565217391,3.8057649971782297,0.0
19618,"<a href=""statss.aspx?playerid=19618&position=P"">Jordan Hicks</a>",26.0,65.2,3.289340515537811,3.2245835028717202,0.0
7005,"<a href=""statss.aspx?playerid=7005&position=P"">Ryan Pressly</a>",34.0,65.1,3.581632931894803,3.362183224981103,0.0
20302,"<a href=""statss.aspx?playerid=20302&position=P"">David Peterson</a>",27.0,111.0,5.027027070217537,4.336121449866433,21.0
1943,"<a href=""statss.aspx?playerid=1943&position=P"">Zack Greinke</a>",39.0,142.1,5.05854805455932,4.744501731117315,27.0
3096,"<a href=""statss.aspx?playerid=3096&position=P"">Kenley Jansen</a>",35.0,44.2,3.626865878140229,3.658025457068207,0.0
21029,"<a href=""statss.aspx?playerid=21029&position=P"">Jhoan Duran</a>",25.0,62.1,2.454545654830986,3.206912013323914,0.0
18548,"<a href=""statss.aspx?playerid=18548&position=P"">Sam Hentges</a>",26.0,52.1,3.611465582398313,2.6435752873449756,0.0
8048,"<a href=""statss.aspx?playerid=8048&position=P"">Will Smith</a>",33.0,57.1,4.395349812030751,3.3596915454978027,0.0
25918,"<a href=""statss.aspx?playerid=25918&position=P"">Zack Thompson</a>",25.0,66.1,4.477387406730283,3.873130876924483,9.0
12880,"<a href=""statss.aspx?playerid=12880&position=P"">Tyler Anderson</a>",33.0,141.0,5.425531951590004,4.921707037436484,25.0
15145,"<a href=""statss.aspx?playerid=15145&position=P"">Justin Topa</a>",32.0,69.0,2.608695940619863,3.153591072917409,0.0
21101,"<a href=""statss.aspx?playerid=21101&position=P"">Dauri Moreta</a>",27.0,58.0,3.7241386658514615,2.92745408796384,0.0
8779,"<a href=""statss.aspx?playerid=8779&position=P"">Wade Miley</a>",36.0,120.1,3.1412743710028894,4.69271355045871,23.0
17130,"<a href=""statss.aspx?playerid=17130&position=P"">Raisel Iglesias</a>",33.0,55.2,2.7485031195773333,3.255040359497071,0.0
11828,"<a href=""statss.aspx?playerid=11828&position=P"">James Paxton</a>",34.0,96.0,4.5,4.682123692830404,19.0
12095,"<a href=""statss.aspx?playerid=12095&position=P"">Yimi Garcia</a>",32.0,66.0,4.09091003670202,3.391404027387138,0.0
14993,"<a href=""statss.aspx?playerid=14993&position=P"">Scott Barlow</a>",30.0,68.0,4.367647548860387,3.4168050835289367,0.0
13346,"<a href=""statss.aspx?playerid=13346&position=P"">Hoby Milner</a>",32.0,64.1,1.8186534248797717,3.1306879885651204,0.0
13050,"<a href=""statss.aspx?playerid=13050&position=P"">Anthony DeSclafani</a>",33.0,99.2,4.876254445003668,4.348685903746864,18.0
26231,"<a href=""statss.aspx?playerid=26231&position=P"">Tyler Holton</a>",27.0,85.1,2.1093753143214156,3.559727904899052,1.0
15046,"<a href=""statss.aspx?playerid=15046&position=P"">Trevor Gott</a>",30.0,58.0,4.189655861304688,3.20331621306121,0.0
13594,"<a href=""statss.aspx?playerid=13594&position=P"">Robert Stephenson</a>",30.0,52.1,3.0955419841802896,3.216823791791141,0.0
17149,"<a href=""statss.aspx?playerid=17149&position=P"">Domingo German</a>",30.0,108.2,4.555214830532304,4.653813398367596,19.0
19932,"<a href=""statss.aspx?playerid=19932&position=P"">Trevor Stephan</a>",27.0,68.2,4.063107398039794,3.560865647521571,0.0
19343,"<a href=""statss.aspx?playerid=19343&position=P"">A.J. Puk</a>",28.0,56.2,3.9705889480750494,3.590334537334519,0.0
16561,"<a href=""statss.aspx?playerid=16561&position=P"">Austin Gomber</a>",29.0,139.0,5.503597122302159,5.427702230000667,27.0
19677,"<a href=""statss.aspx?playerid=19677&position=P"">Gregory Soto</a>",28.0,60.1,4.624310366869841,3.586532142068385,0.0
21446,"<a href=""statss.aspx?playerid=21446&position=P"">Ryan Feltner</a>",26.0,43.1,5.815385297967212,4.178117390920437,10.0
15440,"<a href=""statss.aspx?playerid=15440&position=P"">Matthew Boyd</a>",32.0,71.0,5.450704811064472,4.353632026843398,15.0
22361,"<a href=""statss.aspx?playerid=22361&position=P"">Colin Holderman</a>",27.0,56.0,3.8571433826369397,3.2907546500770426,0.0
30279,"<a href=""statss.aspx?playerid=30279&position=P"">Bryan Woo</a>",23.0,87.2,4.2091255973881365,4.3615042699215945,18.0
11760,"<a href=""statss.aspx?playerid=11760&position=P"">Drew Smyly</a>",34.0,142.1,4.995316605518047,4.95527470342867,23.0
16587,"<a href=""statss.aspx?playerid=16587&position=P"">Erik Swanson</a>",29.0,66.2,2.9700004531861044,3.5100403984069883,0.0
25942,"<a href=""statss.aspx?playerid=25942&position=P"">Andrew Nardi</a>",24.0,57.1,2.66860524301867,3.6038776461661777,0.0
17871,"<a href=""statss.aspx?playerid=17871&position=P"">Ian Gibaut</a>",29.0,75.2,3.330397259305738,4.074423812183403,0.0
21741,"<a href=""statss.aspx?playerid=21741&position=P"">Javier Assad</a>",25.0,109.1,3.045731955273834,4.288577029004408,10.0
11804,"<a href=""statss.aspx?playerid=11804&position=P"">Hector Neris</a>",34.0,68.1,1.7121952493952495,3.825772109295487,0.0
15474,"<a href=""statss.aspx?playerid=15474&position=P"">Lucas Giolito</a>",28.0,184.1,4.8824593970393515,5.267698622054403,33.0
16727,"<a href=""statss.aspx?playerid=16727&position=P"">Brock Stewart</a>",31.0,27.2,0.650602559147699,2.206847347536889,0.0
14542,"<a href=""statss.aspx?playerid=14542&position=P"">Carlos Estevez</a>",30.0,62.1,3.8983960400256836,3.9448799879789815,0.0
16502,"<a href=""statss.aspx?playerid=16502&position=P"">Ryan Yarbrough</a>",31.0,89.2,4.516728848716863,4.381434467448684,9.0
18337,"<a href=""statss.aspx?playerid=18337&position=P"">Nick Anderson</a>",32.0,35.1,3.05660388358508,3.085229032631233,0.0
16703,"<a href=""statss.aspx?playerid=16703&position=P"">Julian Merryweather</a>",31.0,72.0,3.3750003576279064,3.518929276348635,0.0
14524,"<a href=""statss.aspx?playerid=14524&position=P"">Jose Leclerc</a>",29.0,57.0,2.684211065234348,3.623461486097863,0.0
9761,"<a href=""statss.aspx?playerid=9761&position=P"">Joe Kelly</a>",35.0,39.1,4.11864460038584,2.72114198537298,0.0
22543,"<a href=""statss.aspx?playerid=22543&position=P"">Taj Bradley</a>",22.0,104.2,5.589172110324838,4.793256957381342,21.0
17874,"<a href=""statss.aspx?playerid=17874&position=P"">Nestor Cortes</a>",28.0,63.1,4.973684310384736,4.486619331592339,12.0
17722,"<a href=""statss.aspx?playerid=17722&position=P"">Trevor Megill</a>",29.0,34.2,3.6346156512491996,2.1300402769675566,2.0
9323,"<a href=""statss.aspx?playerid=9323&position=P"">Patrick Corbin</a>",33.0,180.0,5.2,5.277262581719293,32.0
23221,"<a href=""statss.aspx?playerid=23221&position=P"">Michael Grove</a>",26.0,69.0,6.130434782608695,4.35648963485939,12.0
13892,"<a href=""statss.aspx?playerid=13892&position=P"">Paul Sewald</a>",33.0,60.2,3.1153849418750115,3.5682272055056696,0.0
19360,"<a href=""statss.aspx?playerid=19360&position=P"">Lucas Erceg</a>",28.0,55.0,4.745455532862341,3.3095858253920403,0.0
20191,"<a href=""statss.aspx?playerid=20191&position=P"">Garrett Whitlock</a>",27.0,71.2,5.14883752904371,4.273645073914932,10.0
13183,"<a href=""statss.aspx?playerid=13183&position=P"">Zach Davies</a>",30.0,82.1,6.995951849189286,4.578927080958238,18.0
22387,"<a href=""statss.aspx?playerid=22387&position=P"">Josh Winckowski</a>",25.0,84.1,2.881423359358016,3.907214370874399,1.0
22294,"<a href=""statss.aspx?playerid=22294&position=P"">Matthew Liberatore</a>",23.0,61.2,5.2540546770006005,4.276662102247187,11.0
12317,"<a href=""statss.aspx?playerid=12317&position=P"">Colin Rea</a>",32.0,124.2,4.548128504609804,4.8994254449380055,22.0
13619,"<a href=""statss.aspx?playerid=13619&position=P"">Jakob Junis</a>",30.0,86.0,3.8720932808871567,3.7434124850143693,4.0
13470,"<a href=""statss.aspx?playerid=13470&position=P"">Lucas Sims</a>",29.0,61.0,3.098361430774484,4.369794736706938,0.0
16258,"<a href=""statss.aspx?playerid=16258&position=P"">Aaron Bummer</a>",29.0,58.1,6.788573796238071,3.5807547588115236,0.0
16400,"<a href=""statss.aspx?playerid=16400&position=P"">Reynaldo Lopez</a>",29.0,66.0,3.2727277929133463,3.906555614567783,0.0
5448,"<a href=""statss.aspx?playerid=5448&position=P"">Jesse Chavez</a>",39.0,34.2,1.5576925505195522,3.053117251096388,1.0
16835,"<a href=""statss.aspx?playerid=16835&position=P"">Brennan Bernardino</a>",31.0,50.2,3.1973691231822925,3.4129351310122455,6.0
19312,"<a href=""statss.aspx?playerid=19312&position=P"">Cal Quantrill</a>",28.0,99.2,5.237458327620856,4.7901574555238735,19.0
18403,"<a href=""statss.aspx?playerid=18403&position=P"">Enyel De Los Santos</a>",27.0,65.2,3.2893406110797416,3.4834667908220527,0.0
25007,"<a href=""statss.aspx?playerid=25007&position=P"">Alex Vesia</a>",27.0,49.2,4.348994179334024,3.6577250057317023,1.0
26253,"<a href=""statss.aspx?playerid=26253&position=P"">Ryne Nelson</a>",25.0,144.0,5.312500211099792,5.067540431519353,27.0
17677,"<a href=""statss.aspx?playerid=17677&position=P"">Jeffrey Springs</a>",30.0,16.0,0.5625,1.8175403594970705,3.0
4806,"<a href=""statss.aspx?playerid=4806&position=P"">Rich Hill</a>",43.0,146.1,5.412300730401569,4.867796637748043,27.0
21504,"<a href=""statss.aspx?playerid=21504&position=P"">Jake Irvin</a>",26.0,121.0,4.6115705387065375,5.304627265588865,24.0
23735,"<a href=""statss.aspx?playerid=23735&position=P"">Luis Garcia</a>",26.0,27.0,4.0,3.6254107298674407,6.0
20000,"<a href=""statss.aspx?playerid=20000&position=P"">Tyler Wells</a>",28.0,118.2,3.6404495162202966,4.982568486407165,20.0
23150,"<a href=""statss.aspx?playerid=23150&position=P"">Osvaldo Bido</a>",27.0,50.2,5.8618425098235205,4.103724628596098,9.0
19320,"<a href=""statss.aspx?playerid=19320&position=P"">Joey Lucchesi</a>",30.0,46.2,2.8928573005053546,4.219326126332189,9.0
10591,"<a href=""statss.aspx?playerid=10591&position=P"">Scott Alexander</a>",33.0,48.1,4.655173638488148,3.255040359497071,8.0
31757,"<a href=""statss.aspx?playerid=31757&position=P"">Mason Miller</a>",24.0,33.1,3.780000144195562,3.465040367507935,6.0
13435,"<a href=""statss.aspx?playerid=13435&position=P"">Pierce Johnson</a>",32.0,62.2,4.0212773709020215,3.8933383548783436,0.0
26285,"<a href=""statss.aspx?playerid=26285&position=P"">Tommy Henry</a>",25.0,89.0,4.146067549011173,4.884253895016366,16.0
11189,"<a href=""statss.aspx?playerid=11189&position=P"">Vince Velasquez</a>",31.0,37.1,3.8571429885163644,3.8711118090517678,8.0
10061,"<a href=""statss.aspx?playerid=10061&position=P"">Brooks Raley</a>",35.0,54.2,2.798781399213735,3.675772203823318,0.0
20423,"<a href=""statss.aspx?playerid=20423&position=P"">Ryan Walker</a>",27.0,61.1,3.2282616392427705,3.678953504044101,13.0
12575,"<a href=""statss.aspx?playerid=12575&position=P"">Nick Ramirez</a>",33.0,40.2,2.6557381201162684,2.9353681783719643,0.0
18864,"<a href=""statss.aspx?playerid=18864&position=P"">Pedro Avila</a>",26.0,50.1,3.2185433715965193,3.672258944704027,6.0
18323,"<a href=""statss.aspx?playerid=18323&position=P"">Josh Sborz</a>",29.0,52.1,5.5031856493688585,3.7518557306206484,0.0
20369,"<a href=""statss.aspx?playerid=20369&position=P"">Matt Manning</a>",25.0,78.0,3.576923076923077,4.806322410779122,15.0
16350,"<a href=""statss.aspx?playerid=16350&position=P"">Ryan Borucki</a>",29.0,40.1,2.4545461123014705,3.5029743102345927,2.0
23443,"<a href=""statss.aspx?playerid=23443&position=P"">Tom Cosgrove</a>",27.0,51.1,1.753247187539432,3.7030924185349257,0.0
1890,"<a href=""statss.aspx?playerid=1890&position=P"">Matt Moore</a>",34.0,52.2,2.5632914022611897,3.729723952508402,0.0
21318,"<a href=""statss.aspx?playerid=21318&position=P"">Tylor Megill</a>",27.0,126.1,4.7018471549986645,4.964802961314767,25.0
15551,"<a href=""statss.aspx?playerid=15551&position=P"">Mark Leiter Jr.</a>",32.0,64.1,3.497410017697432,3.7679938287593604,0.0
18064,"<a href=""statss.aspx?playerid=18064&position=P"">Phil Maton</a>",30.0,66.0,3.0000003467907006,3.739888900392537,0.0
15541,"<a href=""statss.aspx?playerid=15541&position=P"">Tyler Rogers</a>",32.0,74.0,3.040540854020078,3.755040411047039,0.0
23313,"<a href=""statss.aspx?playerid=23313&position=P"">Jose Butto</a>",25.0,42.0,3.6428572255737945,4.016945138702048,7.0
25327,"<a href=""statss.aspx?playerid=25327&position=P"">Abner Uribe</a>",23.0,30.2,1.7608698207624838,2.7659098537297138,0.0
21652,"<a href=""statss.aspx?playerid=21652&position=P"">Elvis Peguero</a>",26.0,61.1,3.3750006997068445,3.8093883005117215,0.0
14814,"<a href=""statss.aspx?playerid=14814&position=P"">Buck Farmer</a>",32.0,75.0,4.2000008544923615,4.6150406361898355,0.0
19244,"<a href=""statss.aspx?playerid=19244&position=P"">Cole Irvin</a>",29.0,77.1,4.422413865819698,4.431764516776581,12.0
23429,"<a href=""statss.aspx?playerid=23429&position=P"">JP Sears</a>",27.0,172.1,4.543520443575668,5.15252590872982,32.0
15467,"<a href=""statss.aspx?playerid=15467&position=P"">Marco Gonzales</a>",31.0,50.0,5.22,4.275040359497071,10.0
15690,"<a href=""statss.aspx?playerid=15690&position=P"">Jimmy Cordero</a>",31.0,32.2,3.857143833060553,3.071366843637044,1.0
17170,"<a href=""statss.aspx?playerid=17170&position=P"">Gabe Speier</a>",28.0,54.2,3.7865868631683135,3.3465038102982376,0.0
23363,"<a href=""statss.aspx?playerid=23363&position=P"">Robert Garcia</a>",27.0,32.0,3.6562505482289365,3.536290401668527,0.0
10197,"<a href=""statss.aspx?playerid=10197&position=P"">Shelby Miller</a>",32.0,42.0,1.7142858699876575,3.6836118269939844,1.0
13580,"<a href=""statss.aspx?playerid=13580&position=P"">Steven Okert</a>",31.0,58.2,4.448864778415555,4.090267846632558,2.0
12763,"<a href=""statss.aspx?playerid=12763&position=P"">Chris Devenski</a>",32.0,42.1,4.464567867849007,3.96370192582231,0.0
29839,"<a href=""statss.aspx?playerid=29839&position=P"">Emmet Sheehan</a>",23.0,60.1,4.922652037449875,4.846200614026323,11.0
21527,"<a href=""statss.aspx?playerid=21527&position=P"">James McArthur</a>",26.0,23.1,4.628571680808568,2.7836117623776793,2.0
26048,"<a href=""statss.aspx?playerid=26048&position=P"">Sawyer Gipson-Long</a>",25.0,20.0,2.7,3.1550403594970704,4.0
6107,"<a href=""statss.aspx?playerid=6107&position=P"">Huascar Brazoban</a>",33.0,58.2,4.142046442086282,3.9368587038734133,0.0
21455,"<a href=""statss.aspx?playerid=21455&position=P"">Kris Bubic</a>",25.0,16.0,3.9375,2.6300403594970705,3.0
19874,"<a href=""statss.aspx?playerid=19874&position=P"">Alex Faedo</a>",27.0,64.2,4.453608422568741,4.847823927290753,12.0
17759,"<a href=""statss.aspx?playerid=17759&position=P"">Angel Perdomo</a>",29.0,29.0,3.7241389107905185,3.013660985649537,0.0
9111,"<a href=""statss.aspx?playerid=9111&position=P"">Brad Hand</a>",33.0,53.2,5.534162539684706,4.019015659588225,0.0
17192,"<a href=""statss.aspx?playerid=17192&position=P"">Jalen Beeks</a>",29.0,42.1,5.952756620723289,3.821969561470717,8.0
2520,"<a href=""statss.aspx?playerid=2520&position=P"">Lance Lynn</a>",36.0,183.2,5.7332124205824675,5.5309024599752,32.0
15761,"<a href=""statss.aspx?playerid=15761&position=P"">Joe Jimenez</a>",28.0,56.1,3.0355034382052466,3.5923185192976534,0.0
12988,"<a href=""statss.aspx?playerid=12988&position=P"">Andrew Chafin</a>",33.0,51.1,4.733767406356466,4.0147808074308236,0.0
21584,"<a href=""statss.aspx?playerid=21584&position=P"">Tristan Beck</a>",27.0,85.0,3.9176474544169158,3.996216904927297,3.0
21238,"<a href=""statss.aspx?playerid=21238&position=P"">Allan Winans</a>",27.0,32.1,5.2886600018003795,4.090091938728709,6.0
24604,"<a href=""statss.aspx?playerid=24604&position=P"">Austin Cox</a>",26.0,35.2,4.542056884419251,3.7316759584793378,3.0
21850,"<a href=""statss.aspx?playerid=21850&position=P"">Mason Thompson</a>",25.0,54.0,5.500001554136362,4.032818357051708,0.0
19493,"<a href=""statss.aspx?playerid=19493&position=P"">Zach Jackson</a>",28.0,18.0,2.500000529819177,3.088373657509125,0.0
25386,"<a href=""statss.aspx?playerid=25386&position=P"">Jhony Brito</a>",25.0,90.1,4.284133082548646,4.738435276968694,13.0
26221,"<a href=""statss.aspx?playerid=26221&position=P"">Ryan Pepiot</a>",25.0,42.0,2.142857142857143,4.183611788068499,3.0
21649,"<a href=""statss.aspx?playerid=21649&position=P"">Luis Medina</a>",24.0,109.2,5.416413687872013,4.759599717239297,17.0
25595,"<a href=""statss.aspx?playerid=25595&position=P"">Xzavion Curry</a>",24.0,95.0,4.073684537681542,4.497145722407722,9.0
20353,"<a href=""statss.aspx?playerid=20353&position=P"">Steven Wilson</a>",28.0,53.0,3.9056609395816646,4.519191484868914,0.0
19388,"<a href=""statss.aspx?playerid=19388&position=P"">Tony Gonsolin</a>",29.0,103.0,4.980582524271845,5.4297976410504685,20.0
24933,"<a href=""statss.aspx?playerid=24933&position=P"">Andrew Wantz</a>",27.0,39.1,3.889831011475516,4.119447250936074,3.0
5003,"<a href=""statss.aspx?playerid=5003&position=P"">Jake Diekman</a>",36.0,56.2,3.335294828646062,3.7491581118890798,0.0
20203,"<a href=""statss.aspx?playerid=20203&position=P"">Eli Morgan</a>",27.0,67.1,4.009901293001178,3.8788027828528095,0.0
22925,"<a href=""statss.aspx?playerid=22925&position=P"">Joan Adon</a>",24.0,51.2,6.445161607565682,4.977621089447058,10.0
19614,"<a href=""statss.aspx?playerid=19614&position=P"">Cionel Perez</a>",27.0,53.1,3.543751098364932,3.836290539652165,0.0
19362,"<a href=""statss.aspx?playerid=19362&position=P"">Keegan Akin</a>",28.0,23.2,6.8450728130594864,2.9592656083154876,1.0
19804,"<a href=""statss.aspx?playerid=19804&position=P"">Bryan Baker</a>",28.0,45.0,3.6000009155275765,3.8105960563377455,0.0
13767,"<a href=""statss.aspx?playerid=13767&position=P"">JT Chargois</a>",32.0,42.1,3.61417398825872,3.79834756034642,5.0
14444,"<a href=""statss.aspx?playerid=14444&position=P"">Hyun-Jin Ryu</a>",36.0,52.0,3.4615384615384617,4.908886513343225,11.0
13607,"<a href=""statss.aspx?playerid=13607&position=P"">Carl Edwards Jr.</a>",31.0,31.2,3.6947373613691137,3.855040443821969,0.0
15290,"<a href=""statss.aspx?playerid=15290&position=P"">Austin Pruitt</a>",33.0,48.1,2.979311011061664,4.1653853906548015,6.0
11861,"<a href=""statss.aspx?playerid=11861&position=P"">Jason Adam</a>",31.0,54.1,2.9815953711382503,3.991236747432441,0.0
16918,"<a href=""statss.aspx?playerid=16918&position=P"">Luke Weaver</a>",29.0,123.2,6.404313145879353,5.608140265369409,25.0
13218,"<a href=""statss.aspx?playerid=13218&position=P"">Michael Fulmer</a>",30.0,57.0,4.421053519209514,4.1497773812418535,1.0
22207,"<a href=""statss.aspx?playerid=22207&position=P"">DL Hall</a>",24.0,19.1,3.2586215469417037,2.9964196018032845,0.0
18815,"<a href=""statss.aspx?playerid=18815&position=P"">Miguel Diaz</a>",28.0,14.0,0.64285723043949,2.0407544797780335,3.0
19309,"<a href=""statss.aspx?playerid=19309&position=P"">Trevor Richards</a>",30.0,72.2,4.954129133890013,4.218343246642351,3.0
29608,"<a href=""statss.aspx?playerid=29608&position=P"">Joe Boyle</a>",23.0,16.0,1.6875,3.1300403594970705,3.0
16408,"<a href=""statss.aspx?playerid=16408&position=P"">Victor Gonzalez</a>",27.0,33.2,4.009901981630497,3.403555247705607,1.0
20009,"<a href=""statss.aspx?playerid=20009&position=P"">Kenny Rosenberg</a>",27.0,33.0,3.8181818181818183,4.042919147375859,3.0
16358,"<a href=""statss.aspx?playerid=16358&position=P"">Tyler Mahle</a>",28.0,25.2,3.1558442340168207,4.190105317724276,5.0
26214,"<a href=""statss.aspx?playerid=26214&position=P"">Chris Murphy</a>",25.0,47.2,4.9090915638705654,3.6955998588187877,0.0
8110,"<a href=""statss.aspx?playerid=8110&position=P"">Bryan Shaw</a>",35.0,45.2,4.1386870533044195,3.8681791822088365,0.0
22100,"<a href=""statss.aspx?playerid=22100&position=P"">Jose Soriano</a>",24.0,42.0,3.6428574737237724,3.969326138658594,0.0
20070,"<a href=""statss.aspx?playerid=20070&position=P"">Bailey Falter</a>",26.0,80.2,5.355372006348776,5.250908167418721,14.0
14932,"<a href=""statss.aspx?playerid=14932&position=P"">Ben Lively</a>",31.0,88.2,5.37969951814563,5.352784825692222,12.0
16929,"<a href=""statss.aspx?playerid=16929&position=P"">Touki Toussaint</a>",27.0,87.0,4.965517459102826,5.002166872885102,16.0
11752,"<a href=""statss.aspx?playerid=11752&position=P"">Luke Jackson</a>",31.0,33.1,2.9700004531861044,3.285040364074708,0.0
21018,"<a href=""statss.aspx?playerid=21018&position=P"">Francisco Perez</a>",25.0,16.2,5.9400019260412735,3.195040340042108,1.0
12777,"<a href=""statss.aspx?playerid=12777&position=P"">John Brebbia</a>",33.0,38.1,3.991305175305486,3.933301369679702,10.0
27782,"<a href=""statss.aspx?playerid=27782&position=P"">Brandon Pfaadt</a>",24.0,96.0,5.718750454485453,5.1821238459812395,18.0
7531,"<a href=""statss.aspx?playerid=7531&position=P"">Collin McHugh</a>",36.0,58.2,4.295455150614186,4.090267749894274,1.0
19990,"<a href=""statss.aspx?playerid=19990&position=P"">Bryse Wilson</a>",25.0,76.2,2.58260903832597,4.128953518930606,0.0
21537,"<a href=""statss.aspx?playerid=21537&position=P"">Daniel Lynch IV</a>",26.0,52.1,4.643312214731404,5.165868431402998,9.0
18331,"<a href=""statss.aspx?playerid=18331&position=P"">James Kaprielian</a>",29.0,61.0,6.3442624934544325,5.07471254754214,11.0
6797,"<a href=""statss.aspx?playerid=6797&position=P"">Julio Teheran</a>",32.0,71.2,4.395348993180705,4.929459023565911,11.0
22051,"<a href=""statss.aspx?playerid=22051&position=P"">John King</a>",28.0,37.1,3.6160721059661793,3.6836118683523216,0.0
27500,"<a href=""statss.aspx?playerid=27500&position=P"">Slade Cecconi</a>",24.0,27.0,4.333333945568784,4.36615162759163,4.0
6902,"<a href=""statss.aspx?playerid=6902&position=P"">Martin Perez</a>",32.0,141.2,4.447059142855235,4.9915110724214955,20.0
13449,"<a href=""statss.aspx?playerid=13449&position=P"">Taylor Rogers</a>",32.0,51.2,3.832259101987042,3.9131050537776737,0.0
20422,"<a href=""statss.aspx?playerid=20422&position=P"">Jovani Moran</a>",26.0,42.1,5.314962226375738,3.8219696636438156,0.0
19264,"<a href=""statss.aspx?playerid=19264&position=P"">Thomas Hatch</a>",28.0,28.2,4.081395846692399,3.708528786907337,2.0
13133,"<a href=""statss.aspx?playerid=13133&position=P"">Derek Law</a>",32.0,55.0,3.600000624223297,4.618676959581653,3.0
11384,"<a href=""statss.aspx?playerid=11384&position=P"">Tommy Kahnle</a>",33.0,40.2,2.6557378709973114,3.9681551581907923,0.0
21367,"<a href=""statss.aspx?playerid=21367&position=P"">Peter Strzelecki</a>",28.0,37.0,4.378379168346874,3.9307161570814646,0.0
14986,"<a href=""statss.aspx?playerid=14986&position=P"">Giovanny Gallegos</a>",31.0,55.0,4.418182737492524,4.3641314993614495,0.0
24993,"<a href=""statss.aspx?playerid=24993&position=P"">Kody Funderburk</a>",26.0,12.0,0.7500000596046495,2.6717069798045654,0.0
25551,"<a href=""statss.aspx?playerid=25551&position=P"">Isaiah Campbell</a>",25.0,28.2,2.825582022019768,3.324807816830892,0.0
19206,"<a href=""statss.aspx?playerid=19206&position=P"">Dakota Hudson</a>",28.0,81.1,4.97950827457097,5.062417436933941,12.0
21298,"<a href=""statss.aspx?playerid=21298&position=P"">Andre Jackson</a>",27.0,61.1,4.989130693369881,4.9017795752825535,7.0
22286,"<a href=""statss.aspx?playerid=22286&position=P"">Trevor Rogers</a>",25.0,18.0,4.0,4.0883736928304035,4.0
15009,"<a href=""statss.aspx?playerid=15009&position=P"">Kyle Finnegan</a>",31.0,69.1,3.764423353079528,4.581963533762652,0.0
30094,"<a href=""statss.aspx?playerid=30094&position=P"">Jordan Wicks</a>",23.0,34.2,4.413461862231171,4.697348157611833,7.0
15552,"<a href=""statss.aspx?playerid=15552&position=P"">Chad Green</a>",32.0,12.0,5.250001251697839,2.6717068870861995,0.0
14857,"<a href=""statss.aspx?playerid=14857&position=P"">Joe Mantiply</a>",32.0,39.0,4.615385631132631,3.8447840790306844,3.0
26079,"<a href=""statss.aspx?playerid=26079&position=P"">Beau Brieske</a>",25.0,35.0,3.6000003923689046,3.997897583319226,1.0
22713,"<a href=""statss.aspx?playerid=22713&position=P"">Carlos Hernandez</a>",26.0,70.0,5.271429145968753,4.2836119001739,4.0
25071,"<a href=""statss.aspx?playerid=25071&position=P"">Lane Ramsey</a>",26.0,20.0,5.850001115799163,3.4550403976440505,0.0
27597,"<a href=""statss.aspx?playerid=27597&position=P"">Cody Bradford</a>",25.0,56.0,5.303571970487183,4.683611934039073,8.0
27914,"<a href=""statss.aspx?playerid=27914&position=P"">Daniel Palencia</a>",23.0,28.1,4.447059621844056,3.9962169631377464,0.0
19868,"<a href=""statss.aspx?playerid=19868&position=P"">Drew Carlton</a>",27.0,20.2,4.3548392455610765,3.7872984895100914,0.0
17034,"<a href=""statss.aspx?playerid=17034&position=P"">Sean Reid-Foley</a>",27.0,7.2,3.521739860563664,1.4289530243899855,0.0
19979,"<a href=""statss.aspx?playerid=19979&position=P"">Zach Plesac</a>",28.0,21.1,7.593750452622798,4.473790432140236,5.0
20515,"<a href=""statss.aspx?playerid=20515&position=P"">Kyle Nelson</a>",26.0,56.0,4.178572994106257,4.451469379177067,2.0
15038,"<a href=""statss.aspx?playerid=15038&position=P"">German Marquez</a>",28.0,20.0,4.95,4.605040359497071,4.0
27572,"<a href=""statss.aspx?playerid=27572&position=P"">Carmen Mlodzinski</a>",24.0,36.0,2.2500004172325907,4.032818281503398,1.0
18519,"<a href=""statss.aspx?playerid=18519&position=P"">Phil Bickford</a>",27.0,67.1,4.9455453483116125,4.458010849626922,0.0
31839,"<a href=""statss.aspx?playerid=31839&position=P"">Shintaro Fujinami</a>",29.0,79.0,7.177216576147263,4.60947100085114,7.0
12791,"<a href=""statss.aspx?playerid=12791&position=P"">Michael Kelly</a>",30.0,16.2,3.7800005767823146,2.9550403137206964,0.0
13781,"<a href=""statss.aspx?playerid=13781&position=P"">Alex Wood</a>",32.0,97.2,4.331058471581622,4.473470520533034,12.0
17969,"<a href=""statss.aspx?playerid=17969&position=P"">Peter Lambert</a>",26.0,87.1,5.358778938047624,5.442063387631891,11.0
18000,"<a href=""statss.aspx?playerid=18000&position=P"">Triston McKenzie</a>",25.0,16.0,5.062500301748532,4.505040434002881,4.0
23499,"<a href=""statss.aspx?playerid=23499&position=P"">Keaton Winn</a>",25.0,42.1,4.677165494818665,4.365276613317663,5.0
25098,"<a href=""statss.aspx?playerid=25098&position=P"">Jacob Lopez</a>",25.0,12.1,4.378378491231003,2.930716026813293,1.0
19200,"<a href=""statss.aspx?playerid=19200&position=P"">Jose Quijada</a>",27.0,9.0,6.000000635782945,3.143929236612201,0.0
26024,"<a href=""statss.aspx?playerid=26024&position=P"">Brendan White</a>",24.0,40.2,5.0901648495923615,3.845204400029518,2.0
26226,"<a href=""statss.aspx?playerid=26226&position=P"">Nick Robertson</a>",24.0,22.1,6.0447764635670485,3.88190606682995,1.0
18413,"<a href=""statss.aspx?playerid=18413&position=P"">Jose Urquidy</a>",28.0,63.0,5.285714605768271,5.38202461527169,10.0
17964,"<a href=""statss.aspx?playerid=17964&position=P"">Tyler Gilbert</a>",29.0,17.1,5.192308644571423,3.428117314316118,0.0
6895,"<a href=""statss.aspx?playerid=6895&position=P"">Chase Anderson</a>",35.0,86.1,5.420849740214682,5.722221972030676,17.0
16942,"<a href=""statss.aspx?playerid=16942&position=P"">Luis F. Ortiz</a>",27.0,19.0,3.3157898065456397,3.0445140225735376,0.0
24614,"<a href=""statss.aspx?playerid=24614&position=P"">Victor Vodnik</a>",23.0,8.2,8.307692917141027,1.5242710017593564,0.0
15684,"<a href=""statss.aspx?playerid=15684&position=P"">Miguel Castro</a>",28.0,64.2,4.314434177400225,4.306587040727233,0.0
20548,"<a href=""statss.aspx?playerid=20548&position=P"">Bowden Francis</a>",27.0,36.1,1.7339451968615047,3.860545031416961,0.0
27685,"<a href=""statss.aspx?playerid=27685&position=P"">Carson Spiers</a>",25.0,13.0,6.923076923076923,4.0242711287278405,2.0
16233,"<a href=""statss.aspx?playerid=16233&position=P"">Tejay Antone</a>",29.0,5.2,1.588235472312868,1.8432754952189656,1.0
17888,"<a href=""statss.aspx?playerid=17888&position=P"">Tayler Saucedo</a>",30.0,47.2,3.58741335300117,3.821474046813045,0.0
7593,"<a href=""statss.aspx?playerid=7593&position=P"">Jordan Lyles</a>",32.0,177.2,6.2814262508328635,5.619017980778255,31.0
20962,"<a href=""statss.aspx?playerid=20962&position=P"">Elvin Rodriguez</a>",25.0,3.1,0.0,0.25504007339474866,0.0
17877,"<a href=""statss.aspx?playerid=17877&position=P"">Brett Kennedy</a>",28.0,18.0,6.5,4.643929248385959,2.0
13801,"<a href=""statss.aspx?playerid=13801&position=P"">Austin Adams</a>",32.0,17.1,5.711540137522811,3.7165789564686107,0.0
10855,"<a href=""statss.aspx?playerid=10855&position=P"">Chasen Shreve</a>",32.0,44.2,4.634329314698391,4.284891318318936,0.0
22176,"<a href=""statss.aspx?playerid=22176&position=P"">Easton McGee</a>",25.0,6.2,0.0,3.105040345191955,1.0
15463,"<a href=""statss.aspx?playerid=15463&position=P"">Jose De Leon</a>",30.0,17.1,4.67307752300304,3.8319635104851,1.0
19482,"<a href=""statss.aspx?playerid=19482&position=P"">Andrew Vasquez</a>",29.0,48.1,3.351724887444372,4.413661308243273,0.0
21863,"<a href=""statss.aspx?playerid=21863&position=P"">George Soriano</a>",24.0,52.0,3.8076928663536758,4.370425138529965,1.0
21163,"<a href=""statss.aspx?playerid=21163&position=P"">Angel Felipe</a>",25.0,15.0,4.200000801086579,3.521707077026377,0.0
25481,"<a href=""statss.aspx?playerid=25481&position=P"">Joe La Sorsa</a>",25.0,32.2,4.40816425194816,4.112183408486991,0.0
30074,"<a href=""statss.aspx?playerid=30074&position=P"">Chase Silseth</a>",23.0,52.1,3.955414036765457,4.955677312502509,8.0
16269,"<a href=""statss.aspx?playerid=16269&position=P"">John Means</a>",30.0,23.2,2.6619719024973025,5.240955905804582,4.0
13345,"<a href=""statss.aspx?playerid=13345&position=P"">Luis Cessa</a>",31.0,26.0,9.000000660236113,5.408886671348449,6.0
15239,"<a href=""statss.aspx?playerid=15239&position=P"">Alan Busenitz</a>",32.0,7.0,2.57142892175796,2.2550402232578644,0.0
10843,"<a href=""statss.aspx?playerid=10843&position=P"">Adam Kolarek</a>",34.0,6.0,0.0,1.9217068142360776,0.0
21955,"<a href=""statss.aspx?playerid=21955&position=P"">Yerry Rodriguez</a>",25.0,13.2,7.902439943457806,3.328211099714272,1.0
18335,"<a href=""statss.aspx?playerid=18335&position=P"">Josh Staumont</a>",29.0,20.0,5.40000051498418,3.7550404071807915,1.0
18694,"<a href=""statss.aspx?playerid=18694&position=P"">Kolby Allard</a>",25.0,12.1,6.567568244683368,4.228013432783495,3.0
9434,"<a href=""statss.aspx?playerid=9434&position=P"">Dallas Keuchel</a>",35.0,37.2,5.97345173074177,4.555925403080834,6.0
27691,"<a href=""statss.aspx?playerid=27691&position=P"">Louie Varland</a>",25.0,68.0,4.632353006143472,5.019746266599346,10.0
10343,"<a href=""statss.aspx?playerid=10343&position=P"">Aaron Loup</a>",35.0,48.2,6.1027410016498305,4.364629632524313,0.0
16943,"<a href=""statss.aspx?playerid=16943&position=P"">Sean Newcomb</a>",30.0,15.0,3.0000001907348754,4.0550404103597035,2.0
25376,"<a href=""statss.aspx?playerid=25376&position=P"">Nick Mears</a>",26.0,19.1,3.7241381759734433,4.082626620824502,0.0
29754,"<a href=""statss.aspx?playerid=29754&position=P"">Sam Bachman</a>",23.0,17.0,3.176470588235294,3.7256285947911882,0.0
17755,"<a href=""statss.aspx?playerid=17755&position=P"">Drew Smith</a>",29.0,56.1,4.1538468101756,4.5508985524150996,0.0
14416,"<a href=""statss.aspx?playerid=14416&position=P"">Yunior Marte</a>",28.0,39.1,5.033899444234043,4.678769495240032,0.0
19866,"<a href=""statss.aspx?playerid=19866&position=P"">Brandon Bielak</a>",27.0,80.0,3.8250001367926645,5.192540428787473,13.0
17490,"<a href=""statss.aspx?playerid=17490&position=P"">Genesis Cabrera</a>",26.0,55.2,4.041917460249586,4.440669481170282,0.0
27470,"<a href=""statss.aspx?playerid=27470&position=P"">Emerson Hancock</a>",24.0,12.0,4.5,4.088373692830404,3.0
12828,"<a href=""statss.aspx?playerid=12828&position=P"">Andrew Kittredge</a>",33.0,11.2,3.0857149583467667,3.426468968294113,0.0
24606,"<a href=""statss.aspx?playerid=24606&position=P"">Josh Winder</a>",26.0,34.2,4.153846458570514,3.976194258554451,0.0
15068,"<a href=""statss.aspx?playerid=15068&position=P"">Yency Almonte</a>",29.0,48.0,5.062500804662832,4.588373904758063,0.0
22717,"<a href=""statss.aspx?playerid=22717&position=P"">Angel Zerpa</a>",23.0,42.2,4.851562789175676,4.544102936331187,3.0
28036,"<a href=""statss.aspx?playerid=28036&position=P"">Luke Little</a>",22.0,6.2,0.0,1.9050398445127432,0.0
23779,"<a href=""statss.aspx?playerid=23779&position=P"">Justin Bruihl</a>",26.0,28.0,5.464286319151284,4.112183311520802,0.0
25636,"<a href=""statss.aspx?playerid=25636&position=P"">Hunter Gaddis</a>",25.0,42.0,4.500000204358791,5.2550404503232,7.0
12863,"<a href=""statss.aspx?playerid=12863&position=P"">Matt Barnes</a>",33.0,21.1,5.4843763075772065,4.145665571838668,1.0
7432,"<a href=""statss.aspx?playerid=7432&position=P"">Jay Jackson</a>",35.0,29.2,2.1235958241917205,4.198860725804502,0.0
12760,"<a href=""statss.aspx?playerid=12760&position=P"">Rafael Montero</a>",32.0,67.1,5.079208304468159,4.458010747397424,0.0
14361,"<a href=""statss.aspx?playerid=14361&position=P"">Ty Blach</a>",32.0,78.0,5.53846180932763,5.626835347287837,13.0
26203,"<a href=""statss.aspx?playerid=26203&position=P"">Andrew Saalfrank</a>",25.0,10.1,0.0,3.2550403594970705,0.0
15094,"<a href=""statss.aspx?playerid=15094&position=P"">Rob Zastryzny</a>",31.0,20.2,4.790324496429765,4.31955691425924,1.0
18439,"<a href=""statss.aspx?playerid=18439&position=P"">Danny Young</a>",29.0,8.1,1.080000164794947,2.4150402313232227,0.0
21045,"<a href=""statss.aspx?playerid=21045&position=P"">Seth Martinez</a>",28.0,43.0,5.232558603735511,4.417831160327184,0.0
21345,"<a href=""statss.aspx?playerid=21345&position=P"">Bennett Sousa</a>",28.0,9.0,4.000000847710683,3.14392922483844,0.0
12249,"<a href=""statss.aspx?playerid=12249&position=P"">Ryan Sherriff</a>",33.0,6.2,2.7000006437303172,3.105040323734275,0.0
17735,"<a href=""statss.aspx?playerid=17735&position=P"">Tyler Alexander</a>",28.0,44.0,4.500000390139527,4.095949523311022,1.0
19871,"<a href=""statss.aspx?playerid=19871&position=P"">Tucker Davidson</a>",27.0,51.1,5.96103999465546,4.2680275481313315,1.0
25139,"<a href=""statss.aspx?playerid=25139&position=P"">Tim Herrin</a>",26.0,27.2,5.530121371507061,3.869498289664522,0.0
23809,"<a href=""statss.aspx?playerid=23809&position=P"">Ray Kerr</a>",28.0,27.0,4.333333945568784,4.180966416242537,0.0
10078,"<a href=""statss.aspx?playerid=10078&position=P"">Caleb Thielbar</a>",36.0,30.2,3.2282615388500253,4.461562348764252,0.0
21420,"<a href=""statss.aspx?playerid=21420&position=P"">Yerry De Los Santos</a>",25.0,24.1,3.328767819081726,4.035862440516241,0.0
15264,"<a href=""statss.aspx?playerid=15264&position=P"">Keynan Middleton</a>",29.0,50.2,3.37500042350674,4.202408899428787,0.0
16647,"<a href=""statss.aspx?playerid=16647&position=P"">Ryan Thompson</a>",31.0,30.2,3.8152179449853816,4.331127472185255,0.0
31776,"<a href=""statss.aspx?playerid=31776&position=P"">Orion Kerkering</a>",22.0,3.0,3.0,1.255040359497071,0.0
29832,"<a href=""statss.aspx?playerid=29832&position=P"">Jackson Wolf</a>",24.0,5.0,5.4,3.4550403594970707,1.0
6398,"<a href=""statss.aspx?playerid=6398&position=P"">Trevor May</a>",33.0,46.2,3.278571875241399,4.712183415159915,0.0
25650,"<a href=""statss.aspx?playerid=25650&position=P"">Levi Stoudt</a>",25.0,10.1,9.580645456026307,5.093750093481917,2.0
6984,"<a href=""statss.aspx?playerid=6984&position=P"">Luis Garcia</a>",36.0,59.2,4.0726263926630955,4.294146681904938,0.0
23165,"<a href=""statss.aspx?playerid=23165&position=P"">Steven Cruz</a>",24.0,12.2,4.973684834641511,4.755040547722288,4.0
24977,"<a href=""statss.aspx?playerid=24977&position=P"">Shawn Dubin</a>",27.0,9.0,7.0,3.588373692830404,1.0
12323,"<a href=""statss.aspx?playerid=12323&position=P"">Jacob Barnes</a>",33.0,13.2,5.926830784754372,3.9135771133586674,0.0
17281,"<a href=""statss.aspx?playerid=17281&position=P"">Thomas Pannone</a>",29.0,2.2,6.750001609325793,1.380039912462128,0.0
20020,"<a href=""statss.aspx?playerid=20020&position=P"">John Schreiber</a>",29.0,46.2,3.8571433826369397,4.519326246028068,2.0
20494,"<a href=""statss.aspx?playerid=20494&position=P"">Braden Bristo</a>",28.0,7.0,2.5714285714285716,3.540754645211356,0.0
19274,"<a href=""statss.aspx?playerid=19274&position=P"">Jacob Webb</a>",29.0,53.2,3.6894416931231375,4.484854257204783,0.0
15051,"<a href=""statss.aspx?playerid=15051&position=P"">Silvino Bracho</a>",30.0,7.1,3.681818820228372,4.07322231954782,0.0
18333,"<a href=""statss.aspx?playerid=18333&position=P"">Alex Young</a>",29.0,53.2,3.8571441366069608,4.987960188987154,0.0
25550,"<a href=""statss.aspx?playerid=25550&position=P"">Matt Waldron</a>",26.0,41.1,4.35483904460469,5.4566534320472195,6.0
15947,"<a href=""statss.aspx?playerid=15947&position=P"">Ryne Stanek</a>",31.0,50.2,4.085526828455527,4.597145791067002,0.0
23292,"<a href=""statss.aspx?playerid=23292&position=P"">Packy Naughton</a>",27.0,5.0,0.0,1.8550400924682109,0.0
16990,"<a href=""statss.aspx?playerid=16990&position=P"">Tanner Banks</a>",31.0,61.0,4.426229784995519,4.697663400532647,3.0
29628,"<a href=""statss.aspx?playerid=29628&position=P"">Alek Jacob</a>",25.0,3.0,0.0,0.9217062844168109,0.0
24719,"<a href=""statss.aspx?playerid=24719&position=P"">Randy Vasquez</a>",24.0,37.2,2.8672569033515214,4.98070423651419,5.0
27942,"<a href=""statss.aspx?playerid=27942&position=P"">John McMillon</a>",25.0,4.0,2.25,2.5050403594970705,0.0
20526,"<a href=""statss.aspx?playerid=20526&position=P"">Denyi Reyes</a>",26.0,19.2,7.779662022951032,4.882159213970489,3.0
16754,"<a href=""statss.aspx?playerid=16754&position=P"">Vinny Nittoli</a>",32.0,3.2,2.454545880152248,2.4368583994463213,0.0
18297,"<a href=""statss.aspx?playerid=18297&position=P"">Tyler Kinley</a>",32.0,16.1,6.061225669476581,4.846877404006071,0.0
22318,"<a href=""statss.aspx?playerid=22318&position=P"">Jose Hernandez</a>",25.0,50.2,4.973685583579952,4.47872490783817,0.0
20080,"<a href=""statss.aspx?playerid=20080&position=P"">Mauricio Llovera</a>",27.0,35.0,4.885715084465313,4.340754822711584,0.0
10315,"<a href=""statss.aspx?playerid=10315&position=P"">Michael Tonkin</a>",33.0,80.0,4.275000407695809,4.430040471553814,0.0
19159,"<a href=""statss.aspx?playerid=19159&position=P"">Zack Burdi</a>",28.0,4.0,11.25,2.2550403594970705,0.0
24017,"<a href=""statss.aspx?playerid=24017&position=P"">Jose A. Ferrer</a>",23.0,34.0,5.029413457560861,4.54915844214431,0.0
20546,"<a href=""statss.aspx?playerid=20546&position=P"">Grant Anderson</a>",26.0,35.2,5.046730411345697,4.656909918204208,0.0
19588,"<a href=""statss.aspx?playerid=19588&position=P"">Guillo Zuniga</a>",24.0,2.0,4.5,-0.7449596405029295,0.0
17793,"<a href=""statss.aspx?playerid=17793&position=P"">Trey Wingenter</a>",29.0,17.0,5.823530065147183,3.960922791636123,0.0
20997,"<a href=""statss.aspx?playerid=20997&position=P"">Eduard Bazardo</a>",27.0,16.0,4.5000002682209175,3.7550403892993947,0.0
14420,"<a href=""statss.aspx?playerid=14420&position=P"">Jackson Stephens</a>",29.0,12.0,3.000000238418598,3.7550403992335033,0.0
22810,"<a href=""statss.aspx?playerid=22810&position=P"">Roansy Contreras</a>",23.0,68.1,6.585366068107617,5.1867477394753045,11.0
20099,"<a href=""statss.aspx?playerid=20099&position=P"">Chris Paddack</a>",27.0,5.0,5.4,3.2550403594970705,0.0
10657,"<a href=""statss.aspx?playerid=10657&position=P"">Andrew Bellatti</a>",31.0,24.2,5.108109424722368,4.795581297111753,0.0
21306,"<a href=""statss.aspx?playerid=21306&position=P"">Jacob Latz</a>",27.0,6.1,0.0,3.097145614729694,0.0
21481,"<a href=""statss.aspx?playerid=21481&position=P"">Sean Hjelle</a>",26.0,29.0,6.517242236596763,4.2205577278817765,0.0
25777,"<a href=""statss.aspx?playerid=25777&position=P"">Peyton Battenfield</a>",25.0,34.2,5.192308073213143,5.360809744744623,6.0
14510,"<a href=""statss.aspx?playerid=14510&position=P"">Thyago Vieira</a>",30.0,3.0,0.0,2.9217070261637375,0.0
16512,"<a href=""statss.aspx?playerid=16512&position=SS"">Isiah Kiner-Falefa</a>",28.0,4.0,2.25,2.7550403594970705,0.0
20206,"<a href=""statss.aspx?playerid=20206&position=P"">Mike Baumann</a>",27.0,64.2,3.757732993219551,4.3993705714240114,0.0
25589,"<a href=""statss.aspx?playerid=25589&position=P"">Sammy Peralta</a>",25.0,20.0,4.050001158714626,4.405040688514803,0.0
23301,"<a href=""statss.aspx?playerid=23301&position=P"">Janson Junk</a>",27.0,7.1,4.909091760304496,4.482313299573194,1.0
25928,"<a href=""statss.aspx?playerid=25928&position=P"">Darius Vines</a>",25.0,20.1,3.9836066196567756,4.9763518618179,2.0
21170,"<a href=""statss.aspx?playerid=21170&position=P"">Dany Jimenez</a>",29.0,23.1,3.4714290443732456,4.926469158639744,1.0
27514,"<a href=""statss.aspx?playerid=27514&position=P"">Kyle Hurt</a>",25.0,2.0,0.0,0.2550403594970705,0.0
27472,"<a href=""statss.aspx?playerid=27472&position=P"">Jared Shuster</a>",24.0,52.2,5.810126862833862,5.381622740665019,11.0
19795,"<a href=""statss.aspx?playerid=19795&position=P"">Keegan Thompson</a>",28.0,28.2,4.7093027433619605,4.441086976343787,0.0
19249,"<a href=""statss.aspx?playerid=19249&position=P"">Seranthony Dominguez</a>",28.0,50.0,3.780000865173538,4.835040721130454,0.0
7146,"<a href=""statss.aspx?playerid=7146&position=P"">Daniel Hudson</a>",36.0,3.0,0.0,2.9217070261637375,0.0
27649,"<a href=""statss.aspx?playerid=27649&position=P"">Connor Phillips</a>",22.0,20.2,6.9677421498373135,5.916330763948823,5.0
25178,"<a href=""statss.aspx?playerid=25178&position=P"">Joe Jacques</a>",28.0,26.2,5.062500663846818,4.530040526688121,1.0
17948,"<a href=""statss.aspx?playerid=17948&position=P"">Trent Thornton</a>",29.0,31.1,2.0106385630577304,4.244402192112779,1.0
21520,"<a href=""statss.aspx?playerid=21520&position=P"">Hogan Harris</a>",26.0,63.0,7.142857575362528,5.016945228086494,6.0
22872,"<a href=""statss.aspx?playerid=22872&position=P"">Yoendrys Gomez</a>",23.0,2.0,0.0,0.7550403594970705,0.0
18421,"<a href=""statss.aspx?playerid=18421&position=P"">Tyler Cyr</a>",30.0,1.2,0.0,0.8550394439693774,0.0
16686,"<a href=""statss.aspx?playerid=16686&position=1B/3B"">Jason Vosler</a>",29.0,2.0,4.5,3.2550403594970705,0.0
19996,"<a href=""statss.aspx?playerid=19996&position=P"">Dylan Lee</a>",28.0,23.2,4.1830997152999325,4.43813926887483,1.0
18311,"<a href=""statss.aspx?playerid=18311&position=P"">Carson Fulmer</a>",29.0,10.0,2.7,4.855040359497071,1.0
14825,"<a href=""statss.aspx?playerid=14825&position=P"">Dylan Covey</a>",31.0,43.0,3.767442032799592,4.69690089056852,1.0
15594,"<a href=""statss.aspx?playerid=15594&position=P"">Nick Wittgren</a>",32.0,29.0,4.965518221135282,4.358488853082688,0.0
19562,"<a href=""statss.aspx?playerid=19562&position=SS"">Zack Short</a>",28.0,6.0,6.0,3.9217070261637375,0.0
29946,"<a href=""statss.aspx?playerid=29946&position=P"">Grant Hartwig</a>",25.0,35.1,4.8396233381772795,4.44371977589149,0.0
20375,"<a href=""statss.aspx?playerid=20375&position=P"">Greg Weissert</a>",28.0,20.0,4.050000772476344,4.35504056930546,0.0
21327,"<a href=""statss.aspx?playerid=21327&position=P"">Nicholas Padilla</a>",26.0,4.2,5.7857150739554095,4.11218333341639,0.0
26056,"<a href=""statss.aspx?playerid=26056&position=P"">Brandon Walter</a>",26.0,23.0,6.260869565217392,4.602866446453592,0.0
22982,"<a href=""statss.aspx?playerid=22982&position=P"">Jose Lopez</a>",24.0,2.0,4.5,2.7550403594970705,0.0
26378,"<a href=""statss.aspx?playerid=26378&position=P"">Nick Lodolo</a>",25.0,34.1,6.291262368924867,5.789021035869586,7.0
25174,"<a href=""statss.aspx?playerid=25174&position=P"">Penn Murfee</a>",29.0,14.0,1.285714636043722,4.255040631975521,0.0
20038,"<a href=""statss.aspx?playerid=20038&position=P"">Darren McCaughan</a>",27.0,5.0,5.4,3.6550403594970704,0.0
10200,"<a href=""statss.aspx?playerid=10200&position=C"">Tucker Barnhart</a>",32.0,4.0,2.25,3.2550403594970705,0.0
17464,"<a href=""statss.aspx?playerid=17464&position=P"">Jonathan Hernandez</a>",26.0,31.2,5.400001409430621,4.549777539535992,0.0
17381,"<a href=""statss.aspx?playerid=17381&position=P"">Matt Gage</a>",30.0,6.2,2.7000006437303172,4.155040574073843,0.0
20116,"<a href=""statss.aspx?playerid=20116&position=P"">Calvin Faucher</a>",27.0,25.2,7.012987968430799,4.85244317452853,4.0
20209,"<a href=""statss.aspx?playerid=20209&position=P"">Zach Muckenhirn</a>",28.0,6.0,6.000000953674468,3.7550404389699428,0.0
21453,"<a href=""statss.aspx?playerid=21453&position=P"">Konnor Pilkington</a>",25.0,2.0,0.0,2.7550403594970705,0.0
11265,"<a href=""statss.aspx?playerid=11265&position=2B"">Jonathan Schoop</a>",31.0,1.1,0.0,1.7550400018691166,0.0
6399,"<a href=""statss.aspx?playerid=6399&position=P"">Jose Cisnero</a>",34.0,59.1,5.308990243137513,4.603355341881201,0.0
10756,"<a href=""statss.aspx?playerid=10756&position=P"">Shane Greene</a>",34.0,3.0,0.0,3.255040359497071,0.0
25055,"<a href=""statss.aspx?playerid=25055&position=OF"">Nate Eaton</a>",26.0,1.0,0.0,1.2550403594970705,0.0
19931,"<a href=""statss.aspx?playerid=19931&position=3B/OF"">Luke Williams</a>",26.0,1.0,0.0,3.2550403594970705,0.0
15679,"<a href=""statss.aspx?playerid=15679&position=1B"">Rowdy Tellez</a>",28.0,1.0,0.0,1.2550403594970705,0.0
16451,"<a href=""statss.aspx?playerid=16451&position=2B/3B"">Luis Guillorme</a>",28.0,1.0,0.0,3.2550403594970705,0.0
20039,"<a href=""statss.aspx?playerid=20039&position=P"">Adrian Morejon</a>",24.0,9.0,7.000001483493696,4.588373975400632,1.0
24935,"<a href=""statss.aspx?playerid=24935&position=P"">Chris Vallimont</a>",26.0,0.2,0.0,0.25503723024995617,0.0
11632,"<a href=""statss.aspx?playerid=11632&position=P"">Heath Hembree</a>",34.0,1.1,0.0,2.5050401806830935,0.0
23449,"<a href=""statss.aspx?playerid=23449&position=P"">Ricky Karcher</a>",25.0,1.0,0.0,6.2550403594970705,0.0
18887,"<a href=""statss.aspx?playerid=18887&position=C"">Seby Zavala</a>",29.0,0.2,0.0,3.255040359497071,0.0
17610,"<a href=""statss.aspx?playerid=17610&position=P"">Tanner Rainey</a>",30.0,1.0,0.0,4.2550403594970705,0.0
26215,"<a href=""statss.aspx?playerid=26215&position=P"">Jackson Rutledge</a>",24.0,20.0,6.75,5.855040359497071,4.0
16074,"<a href=""statss.aspx?playerid=16074&position=P"">Nick Burdi</a>",30.0,3.0,9.0,3.5883736928304044,0.0
23135,"<a href=""statss.aspx?playerid=23135&position=P"">Eduardo Salazar</a>",25.0,12.1,8.027027233923505,4.633418773403127,0.0
17737,"<a href=""statss.aspx?playerid=17737&position=1B/DH"">Josh Lester</a>",28.0,1.0,0.0,4.2550403594970705,0.0
17040,"<a href=""statss.aspx?playerid=17040&position=C"">Jose Herrera</a>",26.0,2.0,9.0,3.2550403594970705,0.0
17860,"<a href=""statss.aspx?playerid=17860&position=P"">Jose Rodriguez</a>",27.0,3.0,9.0,3.5883736928304044,0.0
20491,"<a href=""statss.aspx?playerid=20491&position=P"">J.B. Bukauskas</a>",26.0,7.0,1.2857142857142858,2.969326073782785,0.0
19891,"<a href=""statss.aspx?playerid=19891&position=P"">Ryder Ryan</a>",28.0,1.0,0.0,2.2550403594970705,0.0
26213,"<a href=""statss.aspx?playerid=26213&position=P"">Caleb Kilian</a>",26.0,5.1,16.87500100582844,4.755040448904043,1.0
27453,"<a href=""statss.aspx?playerid=27453&position=P"">Anthony Veneziano</a>",25.0,2.1,0.0,4.96932630733571,0.0
19753,"<a href=""statss.aspx?playerid=19753&position=P"">Jonathan Loaisiga</a>",28.0,17.2,3.056604543586292,4.556927479913455,0.0
25416,"<a href=""statss.aspx?playerid=25416&position=P"">Blair Calvo</a>",27.0,1.0,0.0,3.2550403594970705,0.0
17359,"<a href=""statss.aspx?playerid=17359&position=P"">Josh Taylor</a>",30.0,17.2,8.150944569561734,4.783342466289897,1.0
19432,"<a href=""statss.aspx?playerid=19432&position=2B/3B"">Yonny Hernandez</a>",25.0,1.0,0.0,3.2550403594970705,0.0
10030,"<a href=""statss.aspx?playerid=10030&position=2B/SS"">Chris Owings</a>",31.0,1.0,0.0,3.2550403594970705,0.0
5038,"<a href=""statss.aspx?playerid=5038&position=3B"">Josh Donaldson</a>",37.0,1.0,0.0,3.2550403594970705,0.0
19734,"<a href=""statss.aspx?playerid=19734&position=2B/3B"">Josh Rojas</a>",29.0,2.0,18.0,3.7550403594970705,0.0
15214,"<a href=""statss.aspx?playerid=15214&position=1B/OF"">Brandon Dixon</a>",31.0,1.0,0.0,3.2550403594970705,0.0
13329,"<a href=""statss.aspx?playerid=13329&position=3B"">Jake Lamb</a>",32.0,1.0,0.0,3.2550403594970705,0.0
12859,"<a href=""statss.aspx?playerid=12859&position=C"">James McCann</a>",33.0,1.0,0.0,3.2550403594970705,0.0
19928,"<a href=""statss.aspx?playerid=19928&position=OF"">Ryan McKenna</a>",26.0,1.0,18.0,3.2550403594970705,0.0
14309,"<a href=""statss.aspx?playerid=14309&position=P"">Frankie Montas</a>",30.0,1.1,0.0,4.0050405383110474,0.0
19337,"<a href=""statss.aspx?playerid=19337&position=P"">Richard Lovelady</a>",27.0,23.1,4.6285728158760335,4.540755030573747,0.0
25804,"<a href=""statss.aspx?playerid=25804&position=P"">Randy Wynne</a>",30.0,2.1,3.8571433826369397,4.54075482037605,0.0
12890,"<a href=""statss.aspx?playerid=12890&position=P"">Alex Claudio</a>",31.0,0.1,0.0,3.255040359497071,0.0
20539,"<a href=""statss.aspx?playerid=20539&position=P"">Edwin Uceta</a>",25.0,3.0,0.0,4.255040359497071,0.0
30115,"<a href=""statss.aspx?playerid=30115&position=P"">Robert Suarez</a>",32.0,27.2,4.228916051374325,4.483956135110122,0.0
6153,"<a href=""statss.aspx?playerid=6153&position=3B"">Eduardo Escobar</a>",34.0,3.2,2.454545880152248,4.89140427959857,0.0
22116,"<a href=""statss.aspx?playerid=22116&position=P"">Hagen Danner</a>",24.0,0.1,0.0,3.255040359497071,0.0
21093,"<a href=""statss.aspx?playerid=21093&position=P"">Nick Vespi</a>",27.0,14.2,4.295455010961946,4.414131394201087,0.0
18554,"<a href=""statss.aspx?playerid=18554&position=P"">Enmanuel De Jesus</a>",26.0,6.1,11.368421623251143,4.991882551938218,0.0
20617,"<a href=""statss.aspx?playerid=20617&position=P"">JC Mejia</a>",26.0,11.1,5.55882368533257,4.313863918608036,0.0
25665,"<a href=""statss.aspx?playerid=25665&position=P"">Cole Waites</a>",25.0,2.1,15.428573530547759,4.11218333341639,0.0
5343,"<a href=""statss.aspx?playerid=5343&position=SS"">Brandon Crawford</a>",36.0,1.0,0.0,6.2550403594970705,0.0
17710,"<a href=""statss.aspx?playerid=17710&position=1B/OF"">Matt Beaty</a>",30.0,1.0,27.0,4.2550403594970705,0.0
21025,"<a href=""statss.aspx?playerid=21025&position=P"">Oliver Ortega</a>",26.0,14.2,4.295455010961946,4.755040522055211,0.0
21131,"<a href=""statss.aspx?playerid=21131&position=P"">Jose Espada</a>",26.0,1.0,0.0,5.2550403594970705,0.0
25862,"<a href=""statss.aspx?playerid=25862&position=P"">Noah Davis</a>",26.0,30.0,8.7,6.021707026163737,6.0
23455,"<a href=""statss.aspx?playerid=23455&position=P"">Hunter Stratton</a>",26.0,12.0,2.2500001788139485,4.75504047870637,0.0
7982,"<a href=""statss.aspx?playerid=7982&position=P"">Anthony Bass</a>",35.0,20.0,4.950000944137753,4.65504062652593,0.0
19924,"<a href=""statss.aspx?playerid=19924&position=P"">Bryan Hudson</a>",26.0,8.2,7.269231302498399,4.870425093385604,0.0
3237,"<a href=""statss.aspx?playerid=3237&position=P"">T.J. McFarland</a>",34.0,1.2,5.400002059937309,4.455040817260917,0.0
19205,"<a href=""statss.aspx?playerid=19205&position=P"">Jesse Scholtens</a>",29.0,85.0,5.294117884652436,5.313863981306351,11.0
22815,"<a href=""statss.aspx?playerid=22815&position=P"">Luis Patino</a>",23.0,21.2,4.569230903309482,5.331963497365017,1.0
13758,"<a href=""statss.aspx?playerid=13758&position=P"">Tyler Duffey</a>",32.0,2.0,4.5,6.7550403594970705,0.0
26364,"<a href=""statss.aspx?playerid=26364&position=P"">Ethan Small</a>",26.0,4.0,11.25,5.0050403594970705,0.0
25830,"<a href=""statss.aspx?playerid=25830&position=P"">Jeff Lindgren</a>",26.0,7.0,5.142857142857143,4.683611788068499,0.0
20352,"<a href=""statss.aspx?playerid=20352&position=2B/3B"">Ernie Clement</a>",27.0,1.0,9.0,6.2550403594970705,0.0
20370,"<a href=""statss.aspx?playerid=20370&position=P"">Bruce Zimmermann</a>",28.0,13.1,4.725000112652781,4.53004038989544,0.0
7802,"<a href=""statss.aspx?playerid=7802&position=SS"">Miguel Rojas</a>",34.0,3.0,6.0,5.255040359497071,0.0
24782,"<a href=""statss.aspx?playerid=24782&position=1B/3B"">David Villar</a>",26.0,1.0,0.0,6.2550403594970705,0.0
22304,"<a href=""statss.aspx?playerid=22304&position=P"">Brenan Hanifee</a>",25.0,5.0,5.4,4.65504035949707,0.0
24681,"<a href=""statss.aspx?playerid=24681&position=P"">Kelvin Caceres</a>",23.0,1.1,6.750001609325793,6.255041074752978,0.0
23095,"<a href=""statss.aspx?playerid=23095&position=P"">Jake Wong</a>",26.0,3.0,9.0,6.255040359497071,0.0
14735,"<a href=""statss.aspx?playerid=14735&position=OF"">Brett Phillips</a>",29.0,0.1,0.0,12.255049747238417,0.0
31533,"<a href=""statss.aspx?playerid=31533&position=P"">Victor Mederos</a>",22.0,3.0,9.0,5.255040359497071,0.0
30008,"<a href=""statss.aspx?playerid=30008&position=P"">Evan Justice</a>",24.0,7.1,8.59091169775104,5.02776817014411,0.0
16866,"<a href=""statss.aspx?playerid=16866&position=P"">Reed Garrett</a>",30.0,19.2,6.406781110843328,4.831311902641064,0.0
14691,"<a href=""statss.aspx?playerid=14691&position=2B"">Harold Castro</a>",29.0,2.0,9.0,6.2550403594970705,0.0
22932,"<a href=""statss.aspx?playerid=22932&position=P"">Prelander Berroa</a>",23.0,1.2,0.0,5.05504104614284,0.0
13190,"<a href=""statss.aspx?playerid=13190&position=P"">Jordan Weems</a>",30.0,54.2,3.621951893495121,4.90138212926758,0.0
19976,"<a href=""statss.aspx?playerid=19976&position=P"">Tyson Miller</a>",27.0,15.1,4.695652563315065,5.01591007074022,0.0
19179,"<a href=""statss.aspx?playerid=19179&position=P"">Kirby Snead</a>",28.0,11.2,4.6285728158760335,4.369326407763523,0.0
26058,"<a href=""statss.aspx?playerid=26058&position=P"">Easton Lucas</a>",26.0,6.2,8.10000077247627,4.905040516853348,0.0
18592,"<a href=""statss.aspx?playerid=18592&position=P"">Hector Perez</a>",27.0,0.1,27.000028163224034,12.255049747238417,0.0
13699,"<a href=""statss.aspx?playerid=13699&position=P"">Jake Faria</a>",29.0,2.0,22.5,6.2550403594970705,0.0
17338,"<a href=""statss.aspx?playerid=17338&position=2B/OF"">Willi Castro</a>",26.0,2.1,11.571430147910819,5.82646928125503,0.0
20572,"<a href=""statss.aspx?playerid=20572&position=1B"">Kody Clemens</a>",27.0,2.2,3.375002313406861,5.880042158813518,0.0
20323,"<a href=""statss.aspx?playerid=20323&position=P"">Erich Uelmen</a>",27.0,1.0,36.0,7.2550403594970705,0.0
15369,"<a href=""statss.aspx?playerid=15369&position=P"">Kevin Herget</a>",32.0,24.1,5.178082462367357,5.309834987420625,0.0
8202,"<a href=""statss.aspx?playerid=8202&position=2B/3B"">Josh Harrison</a>",35.0,1.2,27.000010299686547,6.85504173278861,0.0
13723,"<a href=""statss.aspx?playerid=13723&position=C"">Jacob Stallings</a>",33.0,8.0,4.5,5.3800403594970705,0.0
10160,"<a href=""statss.aspx?playerid=10160&position=P"">Ryan Weber</a>",32.0,14.1,3.1395349533510197,4.510854340837478,0.0
19883,"<a href=""statss.aspx?playerid=19883&position=P"">Alex Lange</a>",27.0,66.0,3.6818186074249506,4.361101093414854,0.0
11487,"<a href=""statss.aspx?playerid=11487&position=P"">Joely Rodriguez</a>",31.0,11.0,6.545455112930221,4.709585940148231,0.0
16207,"<a href=""statss.aspx?playerid=16207&position=P"">Spencer Turnbull</a>",30.0,31.0,7.258064962698719,5.545363081059778,7.0
24986,"<a href=""statss.aspx?playerid=24986&position=P"">Colin Selby</a>",25.0,24.0,9.000001072883734,4.796707209944747,5.0
20160,"<a href=""statss.aspx?playerid=20160&position=P"">Nate Pearson</a>",26.0,42.2,4.851563222939256,4.8487905969843625,0.0
27582,"<a href=""statss.aspx?playerid=27582&position=P"">Davis Daniel</a>",26.0,12.1,2.1891892456155015,5.03882418925785,0.0
13620,"<a href=""statss.aspx?playerid=13620&position=C"">Carson Kelly</a>",28.0,2.2,10.125002640300188,8.505041728541613,0.0
24607,"<a href=""statss.aspx?playerid=24607&position=P"">Jonathan Bowlan</a>",26.0,3.0,3.0,5.588373692830404,1.0
11486,"<a href=""statss.aspx?playerid=11486&position=P"">Robbie Ray</a>",31.0,3.1,8.10000077247627,5.9550406169891605,1.0
13276,"<a href=""statss.aspx?playerid=13276&position=P"">Matt Carasiti</a>",31.0,24.1,6.287672547154371,5.022164016540456,0.0
20153,"<a href=""statss.aspx?playerid=20153&position=P"">Nick Nelson</a>",27.0,5.1,1.687500100582844,5.692540504783401,0.0
24494,"<a href=""statss.aspx?playerid=24494&position=P"">Simeon Woods Richardson</a>",22.0,4.2,9.64285845659235,5.82646928125503,0.0
26260,"<a href=""statss.aspx?playerid=26260&position=P"">Drey Jameson</a>",25.0,40.2,3.3196723387466394,4.755040453301107,3.0
16128,"<a href=""statss.aspx?playerid=16128&position=P"">John Curtiss</a>",30.0,19.2,4.57627177820649,4.8313117497681946,0.0
14663,"<a href=""statss.aspx?playerid=14663&position=P"">Chi Chi Gonzalez</a>",31.0,3.2,7.363637640456744,5.982313559666235,0.0
15451,"<a href=""statss.aspx?playerid=15451&position=P"">Mike Mayers</a>",31.0,26.1,6.151899031235853,5.077825257641027,2.0
19225,"<a href=""statss.aspx?playerid=19225&position=P"">Mitch White</a>",28.0,12.2,7.105265654356082,4.912935678846823,0.0
13707,"<a href=""statss.aspx?playerid=13707&position=P"">Joey Krehbiel</a>",30.0,5.0,1.8000003433228193,5.055040702819889,0.0
12976,"<a href=""statss.aspx?playerid=12976&position=C"">Austin Hedges</a>",30.0,3.2,4.909091760304496,7.073222839733901,0.0
23460,"<a href=""statss.aspx?playerid=23460&position=P"">Brandon Hughes</a>",27.0,13.2,7.2439047979649605,4.645284714662063,0.0
19665,"<a href=""statss.aspx?playerid=19665&position=P"">Kyle Wright</a>",27.0,31.0,6.9677421498373135,5.190524290007436,7.0
19558,"<a href=""statss.aspx?playerid=19558&position=P"">Geoff Hartlieb</a>",29.0,4.0,2.25,7.2550403594970705,0.0
20271,"<a href=""statss.aspx?playerid=20271&position=P"">Daysbel Hernandez</a>",26.0,3.2,7.363637640456744,5.982313559666235,0.0
21858,"<a href=""statss.aspx?playerid=21858&position=P"">Riley Pint</a>",25.0,0.1,27.000028163224034,30.255068522721103,0.0
17701,"<a href=""statss.aspx?playerid=17701&position=P"">Jose Cuas</a>",29.0,65.1,3.9948989152864067,4.601979457371415,2.0
17169,"<a href=""statss.aspx?playerid=17169&position=P"">Jose Castillo</a>",27.0,0.1,108.00011265289614,30.255068522721103,0.0
24363,"<a href=""statss.aspx?playerid=24363&position=P"">Edgar Navarro</a>",25.0,8.2,7.269231302498399,5.56273283648069,0.0
18186,"<a href=""statss.aspx?playerid=18186&position=P"">James Naile</a>",30.0,15.1,8.804348556215746,4.95069267402751,0.0
27615,"<a href=""statss.aspx?playerid=27615&position=1B/OF"">Alec Burleson</a>",24.0,1.2,21.600008239749236,9.855042877198226,0.0
16939,"<a href=""statss.aspx?playerid=16939&position=OF"">Lane Thomas</a>",27.0,1.0,27.0,14.25504035949707,0.0
20298,"<a href=""statss.aspx?playerid=20298&position=P"">Jhonathan Diaz</a>",26.0,7.0,10.28571568703184,5.969326443574916,1.0
15157,"<a href=""statss.aspx?playerid=15157&position=P"">Jimmy Yacabonis</a>",31.0,13.2,6.5853666195481715,5.084308864927118,0.0
19392,"<a href=""statss.aspx?playerid=19392&position=3B/OF"">Zach McKinstry</a>",28.0,1.0,18.0,16.25504035949707,0.0
16357,"<a href=""statss.aspx?playerid=16357&position=OF"">Pablo Reyes</a>",29.0,2.0,4.5,9.25504035949707,0.0
11902,"<a href=""statss.aspx?playerid=11902&position=2B/3B"">Hanser Alberto</a>",30.0,1.2,21.600008239749236,11.655043563843996,0.0
5273,"<a href=""statss.aspx?playerid=5273&position=C"">Sandy Leon</a>",34.0,1.0,18.0,19.25504035949707,0.0
13420,"<a href=""statss.aspx?playerid=13420&position=P"">Matt Koch</a>",32.0,38.2,5.120690497150174,5.065385484752182,1.0
8246,"<a href=""statss.aspx?playerid=8246&position=P"">Paolo Espino</a>",36.0,4.0,24.75000590086124,7.255041313171614,0.0
3548,"<a href=""statss.aspx?playerid=3548&position=P"">Liam Hendriks</a>",34.0,5.0,5.4,5.2550403594970705,0.0
27735,"<a href=""statss.aspx?playerid=27735&position=2B"">Brett Wisely</a>",24.0,1.0,9.0,16.25504035949707,0.0
20349,"<a href=""statss.aspx?playerid=20349&position=P"">Zack Kelly</a>",28.0,9.1,3.8571433826369397,5.18361205081554,0.0
21997,"<a href=""statss.aspx?playerid=21997&position=P"">Luis Frias</a>",25.0,31.0,4.064516879269424,4.674395460194329,0.0
20017,"<a href=""statss.aspx?playerid=20017&position=3B"">Miles Mastrobuoni</a>",27.0,0.1,108.00011265289614,42.255081039709566,0.0
12178,"<a href=""statss.aspx?playerid=12178&position=P"">Domingo Tapia</a>",31.0,17.2,3.566037864182593,5.3493800575090695,0.0
10835,"<a href=""statss.aspx?playerid=10835&position=P"">Michael Mariot</a>",34.0,2.2,3.3750008046628963,7.755041432380932,0.0
10028,"<a href=""statss.aspx?playerid=10028&position=C"">Christian Bethancourt</a>",31.0,0.1,81.0000844896721,42.255081039709566,0.0
8337,"<a href=""statss.aspx?playerid=8337&position=P"">Lucas Luetge</a>",36.0,13.2,7.243903281502989,4.864796644275513,0.0
7608,"<a href=""statss.aspx?playerid=7608&position=P"">Tommy Milone</a>",36.0,9.0,2.0000002119276483,6.0328184316188045,2.0
19736,"<a href=""statss.aspx?playerid=19736&position=P"">Caleb Boushley</a>",29.0,2.1,3.8571433826369397,7.11218374213401,0.0
19754,"<a href=""statss.aspx?playerid=19754&position=P"">Reiver Sanmartin</a>",27.0,14.0,7.0714304982404705,5.397898086236607,0.0
19444,"<a href=""statss.aspx?playerid=19444&position=P"">Yohan Ramirez</a>",28.0,38.1,4.226087622399246,4.6376492729980585,0.0
1247,"<a href=""statss.aspx?playerid=1247&position=P"">Adam Ottavino</a>",37.0,61.2,3.2108111418452023,4.519905354769422,0.0
15855,"<a href=""statss.aspx?playerid=15855&position=P"">Wander Suero</a>",31.0,8.0,7.875000938773267,6.130040702223819,0.0
19683,"<a href=""statss.aspx?playerid=19683&position=3B"">Mike Brosseau</a>",29.0,2.1,3.8571433826369397,10.112184150851629,0.0
14706,"<a href=""statss.aspx?playerid=14706&position=P"">Anthony Banda</a>",29.0,7.0,6.4285723043948995,5.969326443574918,0.0
27775,"<a href=""statss.aspx?playerid=27775&position=P"">Kyle Nicolas</a>",24.0,5.1,11.812500704079909,5.880040515959273,0.0
13836,"<a href=""statss.aspx?playerid=13836&position=3B"">Matt Duffy</a>",32.0,2.0,4.5,11.25504035949707,0.0
19454,"<a href=""statss.aspx?playerid=19454&position=P"">Michael Rucker</a>",29.0,40.1,4.909091992453708,4.841817569179078,0.0
20054,"<a href=""statss.aspx?playerid=20054&position=1B/OF"">Bligh Madris</a>",27.0,1.0,9.0,19.25504035949707,0.0
16209,"<a href=""statss.aspx?playerid=16209&position=P"">Jake Reed</a>",30.0,0.2,81.0000844896721,24.255062264226872,0.0
24602,"<a href=""statss.aspx?playerid=24602&position=P"">Drew Rom</a>",23.0,33.2,8.019802586002356,5.750090052920026,8.0
17897,"<a href=""statss.aspx?playerid=17897&position=P"">Garrett Cleavinger</a>",29.0,12.0,3.000000715255908,4.838374070326577,0.0
12775,"<a href=""statss.aspx?playerid=12775&position=SS"">Brad Miller</a>",33.0,2.0,13.5,12.75504035949707,0.0
27477,"<a href=""statss.aspx?playerid=27477&position=P"">Bryce Jarvis</a>",25.0,23.2,3.042254093217948,5.029688580540874,1.0
21859,"<a href=""statss.aspx?playerid=21859&position=P"">Alex Speas</a>",25.0,2.0,13.500006437304705,6.75504202842792,0.0
13324,"<a href=""statss.aspx?playerid=13324&position=2B/3B"">Ildemaro Vargas</a>",31.0,2.0,4.5,12.75504035949707,0.0
20231,"<a href=""statss.aspx?playerid=20231&position=P"">Zach Logue</a>",27.0,11.0,7.363637002046499,5.5277678292645085,0.0
19339,"<a href=""statss.aspx?playerid=19339&position=2B/SS"">Nicky Lopez</a>",28.0,2.1,7.714286765273879,11.39789861173061,0.0
6887,"<a href=""statss.aspx?playerid=6887&position=C"">Martin Maldonado</a>",36.0,1.0,36.0,22.25504035949707,0.0
12918,"<a href=""statss.aspx?playerid=12918&position=P"">Archie Bradley</a>",30.0,7.1,11.045455024262125,6.527767774093256,0.0
20643,"<a href=""statss.aspx?playerid=20643&position=P"">Johan Quezada</a>",28.0,0.2,40.50004224483605,25.75506382885043,0.0
24737,"<a href=""statss.aspx?playerid=24737&position=P"">Gus Varland</a>",26.0,20.1,6.639345611689411,5.714057252715371,0.0
21956,"<a href=""statss.aspx?playerid=21956&position=P"">Max Castillo</a>",24.0,20.1,4.42623020019378,5.320614452920834,0.0
10642,"<a href=""statss.aspx?playerid=10642&position=C"">Carlos Perez</a>",32.0,1.2,10.800004119874618,14.655044708253612,0.0
24937,"<a href=""statss.aspx?playerid=24937&position=P"">Austin Warren</a>",27.0,1.2,5.400002059937309,8.65504241943438,0.0
23252,"<a href=""statss.aspx?playerid=23252&position=P"">Spencer Howard</a>",26.0,3.1,10.80000102996836,9.555040960311947,0.0
18152,"<a href=""statss.aspx?playerid=18152&position=P"">Anthony Misiewicz</a>",28.0,11.0,7.363638298817426,5.800495573903094,0.0
27758,"<a href=""statss.aspx?playerid=27758&position=P"">Kyle Harrison</a>",21.0,34.2,4.153846458570514,5.533886680518394,7.0
19281,"<a href=""statss.aspx?playerid=19281&position=P"">Nick Hernandez</a>",28.0,3.0,12.0,10.255040359497071,0.0
31461,"<a href=""statss.aspx?playerid=31461&position=P"">Ben Joyce</a>",22.0,10.0,5.4,5.55504035949707,0.0
12325,"<a href=""statss.aspx?playerid=12325&position=2B/3B"">Jace Peterson</a>",33.0,2.0,9.0,13.25504035949707,0.0
13528,"<a href=""statss.aspx?playerid=13528&position=P"">Matt Bowman</a>",32.0,4.0,9.0,6.5050403594970705,0.0
22296,"<a href=""statss.aspx?playerid=22296&position=P"">Joe Barlow</a>",27.0,9.2,4.655173638488148,5.3240064210473586,0.0
26108,"<a href=""statss.aspx?playerid=26108&position=P"">Andre Pallante</a>",24.0,68.0,4.764706951524387,4.593275953906698,0.0
13834,"<a href=""statss.aspx?playerid=13834&position=P"">Alec Mills</a>",31.0,1.0,18.0,22.25504035949707,0.0
12056,"<a href=""statss.aspx?playerid=12056&position=P"">Scott McGough</a>",33.0,70.1,4.7345982049666855,4.762149698014994,1.0
20056,"<a href=""statss.aspx?playerid=20056&position=2B/SS"">Alan Trejo</a>",27.0,2.0,13.5,15.25504035949707,0.0
19926,"<a href=""statss.aspx?playerid=19926&position=P"">Tony Santillan</a>",26.0,3.1,2.70000025749209,7.1550407314300895,0.0
17264,"<a href=""statss.aspx?playerid=17264&position=P"">Sam Coonrod</a>",30.0,6.2,9.450003604890291,5.955041389465725,0.0
18889,"<a href=""statss.aspx?playerid=18889&position=2B/SS"">Danny Mendick</a>",29.0,2.0,36.00001716614588,16.255046558383082,0.0
17878,"<a href=""statss.aspx?playerid=17878&position=P"">Dennis Santana</a>",27.0,10.2,5.9062508800999645,5.692540722712929,0.0
21205,"<a href=""statss.aspx?playerid=21205&position=P"">Connor Brogdon</a>",28.0,29.0,4.034483562964623,5.151592461745398,1.0
25651,"<a href=""statss.aspx?playerid=25651&position=P"">Ty Adcock</a>",26.0,15.2,3.446809070150346,5.169934287358374,0.0
23617,"<a href=""statss.aspx?playerid=23617&position=P"">Josh Walker</a>",28.0,10.0,8.100002317429253,5.255040931701823,0.0
19354,"<a href=""statss.aspx?playerid=19354&position=OF"">Luke Raley</a>",28.0,2.2,30.375007241966067,12.255042505264793,0.0
15100,"<a href=""statss.aspx?playerid=15100&position=P"">Ben Heller</a>",31.0,18.2,3.857143776757596,5.022897923844302,0.0
19330,"<a href=""statss.aspx?playerid=19330&position=P"">Matt Festa</a>",30.0,9.0,4.000000423855297,5.810596185849066,0.0
16137,"<a href=""statss.aspx?playerid=16137&position=P"">Carlos Rodon</a>",30.0,64.1,6.85492282175037,5.788719316289157,14.0
7803,"<a href=""statss.aspx?playerid=7803&position=P"">Richard Bleier</a>",36.0,30.2,5.282609462287452,5.113736281413026,0.0
16306,"<a href=""statss.aspx?playerid=16306&position=P"">Gerardo Reyes</a>",30.0,9.2,7.448276351946887,6.358488839474941,0.0
11341,"<a href=""statss.aspx?playerid=11341&position=P"">Sean Nolin</a>",33.0,3.0,18.0,12.588373692830405,0.0
21189,"<a href=""statss.aspx?playerid=21189&position=P"">Brooks Kriske</a>",29.0,6.2,4.050000386238135,7.1550407314300895,0.0
22915,"<a href=""statss.aspx?playerid=22915&position=P"">Carlos Vargas</a>",23.0,4.2,5.7857150739554095,9.04075543345248,0.0
19995,"<a href=""statss.aspx?playerid=19995&position=P"">Joel Kuhnel</a>",28.0,13.0,5.538462351059891,6.1781177114453465,0.0
18376,"<a href=""statss.aspx?playerid=18376&position=P"">Connor Overton</a>",29.0,11.0,11.454545454545455,7.073222177678889,3.0
19805,"<a href=""statss.aspx?playerid=19805&position=P"">Daniel Castano</a>",28.0,3.0,21.0,12.255040359497071,0.0
25379,"<a href=""statss.aspx?playerid=25379&position=P"">Sam Long</a>",27.0,45.0,5.600000949435925,4.743929500815352,1.0
17092,"<a href=""statss.aspx?playerid=17092&position=P"">Domingo Acevedo</a>",29.0,9.1,10.607144302251584,5.505040666035285,0.0
19315,"<a href=""statss.aspx?playerid=19315&position=P"">Matt Krook</a>",28.0,4.0,24.75000590086124,9.505041849613544,0.0
21461,"<a href=""statss.aspx?playerid=21461&position=P"">Cole Sands</a>",25.0,21.2,3.7384619772646364,5.516579086484319,0.0
15514,"<a href=""statss.aspx?playerid=15514&position=P"">Kendall Graveman</a>",32.0,66.1,3.1206033440847425,4.883181234671719,0.0
27463,"<a href=""statss.aspx?playerid=27463&position=P"">Garrett Crochet</a>",24.0,12.2,3.552632559699966,5.70240945617927,0.0
10430,"<a href=""statss.aspx?playerid=10430&position=P"">Mychal Givens</a>",33.0,4.0,11.250002682209654,7.505041372776273,0.0
25663,"<a href=""statss.aspx?playerid=25663&position=P"">McKinley Moore</a>",24.0,3.1,18.90000180244463,12.255041217804038,0.0
21620,"<a href=""statss.aspx?playerid=21620&position=P"">Jake Cousins</a>",28.0,9.1,4.821429720946995,6.362183957440689,0.0
14966,"<a href=""statss.aspx?playerid=14966&position=P"">Reyes Moronta</a>",30.0,1.1,6.750007040806008,16.75505444110909,0.0
23488,"<a href=""statss.aspx?playerid=23488&position=P"">Ron Marinaccio</a>",27.0,47.1,3.9929584973485563,4.6916603479611005,0.0
18615,"<a href=""statss.aspx?playerid=18615&position=P"">Hobie Harris</a>",30.0,19.1,5.120689991963484,5.841247426145295,0.0
15585,"<a href=""statss.aspx?playerid=15585&position=1B/DH"">Mike Ford</a>",30.0,2.0,18.0,17.75504035949707,0.0
21023,"<a href=""statss.aspx?playerid=21023&position=P"">Adrian Martinez</a>",26.0,55.0,4.745455121442376,4.745949631367855,1.0
26068,"<a href=""statss.aspx?playerid=26068&position=P"">Kolton Ingram</a>",26.0,5.1,8.43750050291422,8.317540661245602,0.0
22273,"<a href=""statss.aspx?playerid=22273&position=P"">Owen White</a>",23.0,4.0,11.25,9.25504035949707,0.0
18325,"<a href=""statss.aspx?playerid=18325&position=P"">Taylor Hearn</a>",28.0,15.0,11.40000219702763,6.321707617177018,0.0
19695,"<a href=""statss.aspx?playerid=19695&position=P"">Connor Seabold</a>",27.0,87.1,7.52290136578913,5.751223765497117,13.0
6986,"<a href=""statss.aspx?playerid=6986&position=P"">Ian Kennedy</a>",38.0,16.1,7.163266700290505,5.5203469228368025,0.0
20387,"<a href=""statss.aspx?playerid=20387&position=P"">Anthony Kay</a>",28.0,14.2,6.1363647003806205,5.777768069653547,0.0
13652,"<a href=""statss.aspx?playerid=13652&position=P"">Tayler Scott</a>",31.0,17.2,5.603775299075506,5.745607159086184,2.0
4994,"<a href=""statss.aspx?playerid=4994&position=P"">Fernando Abad</a>",37.0,6.1,4.263158750666317,8.149778184336174,0.0
15007,"<a href=""statss.aspx?playerid=15007&position=P"">Yacksel Rios</a>",30.0,1.2,37.800014419561165,19.455046539309,0.0
17489,"<a href=""statss.aspx?playerid=17489&position=P"">Spenser Watkins</a>",30.0,4.1,10.384616146426286,8.793502304257757,1.0
9073,"<a href=""statss.aspx?playerid=9073&position=P"">Kirby Yates</a>",36.0,60.1,3.281768232463034,4.630731083206323,0.0
19800,"<a href=""statss.aspx?playerid=19800&position=P"">Wil Crowe</a>",28.0,9.2,4.655173179227431,5.8412476812900875,0.0
16977,"<a href=""statss.aspx?playerid=16977&position=P"">Trevor Williams</a>",31.0,144.1,5.549653775244796,5.984832603500129,30.0
19859,"<a href=""statss.aspx?playerid=19859&position=C"">Rene Pinto</a>",26.0,1.0,45.0,42.25504035949707,0.0
15488,"<a href=""statss.aspx?playerid=15488&position=P"">Antonio Senzatela</a>",28.0,7.2,4.695652563315065,8.081127716237553,2.0
15256,"<a href=""statss.aspx?playerid=15256&position=P"">Cole Sulser</a>",33.0,5.1,6.750000402331376,8.317540661245602,0.0
2895,"<a href=""statss.aspx?playerid=2895&position=P"">Zach McAllister</a>",35.0,5.1,10.125002413988689,7.9425414770844265,0.0
16424,"<a href=""statss.aspx?playerid=16424&position=OF"">Jordan Luplow</a>",29.0,1.1,13.500003218651585,15.255043220520701,0.0
10133,"<a href=""statss.aspx?playerid=10133&position=P"">Brad Boxberger</a>",35.0,20.0,4.950000472068831,5.305040555000325,0.0
6661,"<a href=""statss.aspx?playerid=6661&position=P"">Alex Colome</a>",34.0,3.0,6.000001907349239,9.25504226684631,0.0
14844,"<a href=""statss.aspx?playerid=14844&position=P"">Matt Dermody</a>",32.0,4.0,6.75,10.75504035949707,1.0
15734,"<a href=""statss.aspx?playerid=15734&position=P"">Brad Keller</a>",27.0,45.1,4.566176982899496,5.924158306022862,9.0
21549,"<a href=""statss.aspx?playerid=21549&position=P"">Jackson Kowar</a>",26.0,28.0,6.4285723043948995,5.290754922555456,0.0
14677,"<a href=""statss.aspx?playerid=14677&position=P"">Duane Underwood Jr.</a>",28.0,24.1,5.178082868247211,5.063259773805621,0.0
24934,"<a href=""statss.aspx?playerid=24934&position=DH"">David Fry</a>",27.0,5.0,12.6,11.655040359497072,0.0
19784,"<a href=""statss.aspx?playerid=19784&position=P"">Justin Garza</a>",29.0,18.1,7.363638406549185,5.655041025335324,1.0
27681,"<a href=""statss.aspx?playerid=27681&position=P"">Ken Waldichuk</a>",25.0,141.0,5.361702562835577,5.297593716767766,22.0
17480,"<a href=""statss.aspx?playerid=17480&position=P"">Daniel Duarte</a>",26.0,31.2,3.69473780645253,5.844514719574912,0.0
24453,"<a href=""statss.aspx?playerid=24453&position=P"">Justin Martinez</a>",21.0,10.0,12.600003604889947,6.955041418075864,0.0
23265,"<a href=""statss.aspx?playerid=23265&position=P"">Cody Bolton</a>",25.0,21.1,6.328125942964247,5.270665659848646,0.0
22828,"<a href=""statss.aspx?playerid=22828&position=P"">Juan Then</a>",23.0,11.0,4.909091760304496,6.4368590930277625,0.0
14764,"<a href=""statss.aspx?playerid=14764&position=P"">Wes Parsons</a>",30.0,4.0,20.25,11.25504035949707,1.0
20151,"<a href=""statss.aspx?playerid=20151&position=P"">James Karinchak</a>",27.0,39.0,3.2307698627902033,4.972989413520432,0.0
27488,"<a href=""statss.aspx?playerid=27488&position=P"">Karl Kauffmann</a>",25.0,35.0,8.228571876993009,5.91218336144273,3.0
20276,"<a href=""statss.aspx?playerid=20276&position=P"">Deivi Garcia</a>",24.0,15.0,2.4000004577637593,6.255040931701769,0.0
14509,"<a href=""statss.aspx?playerid=14509&position=P"">Dereck Rodriguez</a>",31.0,5.1,15.187503790716656,10.567542184656942,0.0
20061,"<a href=""statss.aspx?playerid=20061&position=P"">Kaleb Ort</a>",31.0,23.0,6.260870344021467,5.863736336172682,2.0
25921,"<a href=""statss.aspx?playerid=25921&position=P"">Casey Legumina</a>",26.0,12.2,5.68421166755509,6.728725267447404,0.0
13355,"<a href=""statss.aspx?playerid=13355&position=C"">Luke Maile</a>",32.0,4.1,16.615385834282055,15.255041239811888,0.0
13424,"<a href=""statss.aspx?playerid=13424&position=P"">Drew VerHagen</a>",32.0,61.0,3.9836075538529077,4.927171925311871,0.0
20476,"<a href=""statss.aspx?playerid=20476&position=P"">Peter Solomon</a>",26.0,13.1,12.150001158714405,7.005040717124974,0.0
13273,"<a href=""statss.aspx?playerid=13273&position=P"">Ross Stripling</a>",33.0,89.0,5.35955079151757,5.210096623069518,11.0
23796,"<a href=""statss.aspx?playerid=23796&position=P"">Ryan Weathers</a>",23.0,57.2,6.554913692276192,6.02960700173038,12.0
20190,"<a href=""statss.aspx?playerid=20190&position=P"">Chad Smith</a>",28.0,13.2,6.585367079082038,5.816016445806753,0.0
15444,"<a href=""statss.aspx?playerid=15444&position=P"">Zack Weiss</a>",31.0,14.0,3.2142863711533622,6.326469558599172,0.0
17496,"<a href=""statss.aspx?playerid=17496&position=P"">Diego Castillo</a>",29.0,8.2,6.230769687855771,7.408886818067584,0.0
14375,"<a href=""statss.aspx?playerid=14375&position=P"">Amir Garrett</a>",31.0,24.1,3.3287675581589213,5.556410523162498,0.0
22461,"<a href=""statss.aspx?playerid=22461&position=P"">Logan Gillaspie</a>",26.0,9.0,6.000002543132588,6.366152789269524,0.0
17611,"<a href=""statss.aspx?playerid=17611&position=P"">Taylor Clarke</a>",30.0,59.0,5.949153311668436,5.068599916045568,2.0
15047,"<a href=""statss.aspx?playerid=15047&position=P"">Austin Voth</a>",31.0,34.2,5.192308644571423,5.101194544233576,0.0
17556,"<a href=""statss.aspx?playerid=17556&position=P"">Jimmy Herget</a>",29.0,29.0,4.655173026140545,5.634351017302238,1.0
25388,"<a href=""statss.aspx?playerid=25388&position=P"">Cody Morris</a>",26.0,8.0,6.75,8.13004035949707,0.0
24763,"<a href=""statss.aspx?playerid=24763&position=P"">Kyle Leahy</a>",26.0,1.2,21.60002214434033,19.455056967752316,0.0
23191,"<a href=""statss.aspx?playerid=23191&position=P"">Michael Plassmeyer</a>",26.0,3.2,22.090912921370233,14.16413316017373,1.0
26257,"<a href=""statss.aspx?playerid=26257&position=P"">Joey Estes</a>",21.0,10.0,7.2000006866455735,8.555040864944507,2.0
17732,"<a href=""statss.aspx?playerid=17732&position=P"">Nabil Crismatt</a>",28.0,13.0,8.307693526589837,6.255040799654512,0.0
20517,"<a href=""statss.aspx?playerid=20517&position=P"">Nick Sandlin</a>",26.0,60.0,3.750000953674559,4.955040791829537,0.0
17968,"<a href=""statss.aspx?playerid=17968&position=P"">Brock Burke</a>",26.0,59.2,4.374302421749251,4.897498740077249,0.0
12997,"<a href=""statss.aspx?playerid=12997&position=P"">Colten Brewer</a>",30.0,8.1,4.320000164794928,8.415040556335457,0.0
18454,"<a href=""statss.aspx?playerid=18454&position=P"">Trevor Kelley</a>",30.0,15.1,5.869565704143831,6.77677978198337,3.0
12361,"<a href=""statss.aspx?playerid=12361&position=P"">Spencer Patton</a>",35.0,12.1,5.108109819706779,6.74152801421757,0.0
6632,"<a href=""statss.aspx?playerid=6632&position=P"">Carlos Carrasco</a>",36.0,90.0,6.8,5.855040359497071,20.0
16401,"<a href=""statss.aspx?playerid=16401&position=P"">Yonny Chirinos</a>",29.0,85.0,5.4000003635182345,5.431511094248428,9.0
10314,"<a href=""statss.aspx?playerid=10314&position=P"">Erasmo Ramirez</a>",33.0,60.1,6.414365283022613,5.045095787317335,2.0
1157,"<a href=""statss.aspx?playerid=1157&position=P"">Tommy Hunter</a>",36.0,23.2,6.845071709740383,5.747998574772888,0.0
20185,"<a href=""statss.aspx?playerid=20185&position=P"">Zach Pop</a>",26.0,13.2,6.585368457684023,6.328212306416281,0.0
21541,"<a href=""statss.aspx?playerid=21541&position=P"">Reiss Knehr</a>",26.0,5.2,15.88235472312868,11.372688329096174,1.0
22224,"<a href=""statss.aspx?playerid=22224&position=P"">Jonathan Heasley</a>",26.0,15.0,7.200000457763701,6.9883739301893595,0.0
27702,"<a href=""statss.aspx?playerid=27702&position=P"">Brent Headrick</a>",25.0,25.2,6.311688937069676,6.099196485460567,0.0
29960,"<a href=""statss.aspx?playerid=29960&position=P"">AJ Smith-Shawver</a>",20.0,25.1,4.263158269205945,6.6892511874685265,5.0
24975,"<a href=""statss.aspx?playerid=24975&position=P"">Cooper Criswell</a>",26.0,33.0,5.7272727272727275,5.345949450406161,0.0
26304,"<a href=""statss.aspx?playerid=26304&position=P"">Bryan Hoeing</a>",26.0,70.2,5.476415587048764,5.292776391887308,7.0
17186,"<a href=""statss.aspx?playerid=17186&position=P"">Dinelson Lamet</a>",30.0,27.2,11.710844046285011,6.8333538180841575,4.0
25645,"<a href=""statss.aspx?playerid=25645&position=P"">Declan Cronin</a>",25.0,11.0,9.000000780279054,7.8004952990319465,0.0
19487,"<a href=""statss.aspx?playerid=19487&position=P"">Devin Smeltzer</a>",27.0,22.1,6.447761561138185,6.971458481541997,1.0
21281,"<a href=""statss.aspx?playerid=21281&position=P"">Tommy Doyle</a>",27.0,23.2,6.845071158080964,6.128280104864389,0.0
23307,"<a href=""statss.aspx?playerid=23307&position=P"">Collin Snider</a>",27.0,20.1,4.8688532202131585,6.009139150728756,1.0
17292,"<a href=""statss.aspx?playerid=17292&position=P"">Javy Guerra</a>",27.0,19.1,6.051724834476238,6.87573043140593,2.0
23631,"<a href=""statss.aspx?playerid=23631&position=P"">Clayton Andrews</a>",26.0,3.1,27.000010299686547,14.35504459381265,0.0
10291,"<a href=""statss.aspx?playerid=10291&position=P"">Ryan Tepera</a>",35.0,10.2,7.593752489426058,6.817541527375962,0.0
21761,"<a href=""statss.aspx?playerid=21761&position=P"">Jose Marte</a>",27.0,9.1,8.678572610933115,8.18361245953316,0.0
27581,"<a href=""statss.aspx?playerid=27581&position=P"">Hayden Wesneski</a>",25.0,89.1,4.634328622068071,5.482652426626409,11.0
13475,"<a href=""statss.aspx?playerid=13475&position=P"">Daniel Norris</a>",30.0,12.2,5.684211239590298,7.67609354584508,0.0
21324,"<a href=""statss.aspx?playerid=21324&position=P"">Parker Mushinski</a>",27.0,14.2,5.522727871236787,7.2777680681757175,0.0
23324,"<a href=""statss.aspx?playerid=23324&position=P"">Freddy Tarnok</a>",24.0,14.2,4.909091441099366,7.141404417034069,1.0
19407,"<a href=""statss.aspx?playerid=19407&position=P"">Ronel Blanco</a>",29.0,52.0,4.5,5.985809590266301,7.0
27646,"<a href=""statss.aspx?playerid=27646&position=P"">Luis L. Ortiz</a>",24.0,86.2,4.776923111966376,5.574271145741616,15.0
25348,"<a href=""statss.aspx?playerid=25348&position=P"">Devin Sweet</a>",26.0,8.2,10.384616146426286,10.639656285844652,0.0
21866,"<a href=""statss.aspx?playerid=21866&position=P"">Jordan Balazovic</a>",24.0,24.1,4.438356744211895,6.008465376739635,0.0
18300,"<a href=""statss.aspx?playerid=18300&position=P"">Andrew Suarez</a>",30.0,27.2,7.1566271638642425,6.941787686336226,0.0
19545,"<a href=""statss.aspx?playerid=19545&position=P"">Stephen Nogosek</a>",28.0,25.2,5.610390583205138,6.2160798339664485,0.0
20023,"<a href=""statss.aspx?playerid=20023&position=P"">Rico Garcia</a>",29.0,11.2,9.2571448750403,8.655041536603912,0.0
2233,"<a href=""statss.aspx?playerid=2233&position=P"">Adam Wainwright</a>",41.0,101.0,7.396040162646617,5.987713833246021,21.0
20277,"<a href=""statss.aspx?playerid=20277&position=P"">Cory Abbott</a>",27.0,39.1,6.63559407839941,5.94995596221867,0.0
17485,"<a href=""statss.aspx?playerid=17485&position=P"">Albert Abreu</a>",27.0,59.0,4.728814170813372,5.255040618120647,0.0
27583,"<a href=""statss.aspx?playerid=27583&position=P"">Garrett Acton</a>",25.0,5.2,12.705885916846196,11.549160332993893,0.0
5524,"<a href=""statss.aspx?playerid=5524&position=P"">Madison Bumgarner</a>",33.0,16.2,10.260000391387955,8.055040542602546,4.0
18383,"<a href=""statss.aspx?playerid=18383&position=P"">Michael Soroka</a>",25.0,32.1,6.402062107442565,6.564318840155789,6.0
26410,"<a href=""statss.aspx?playerid=26410&position=P"">Alek Manoah</a>",25.0,87.1,5.874046143629126,6.014582504944672,19.0
27792,"<a href=""statss.aspx?playerid=27792&position=P"">Gavin Stone</a>",24.0,31.0,9.000000276873196,6.642137237890209,4.0
5114,"<a href=""statss.aspx?playerid=5114&position=P"">Jeurys Familia</a>",33.0,12.2,6.394738125999476,7.202409573076994,0.0
16466,"<a href=""statss.aspx?playerid=16466&position=P"">Brent Honeywell</a>",28.0,52.1,4.815287267699028,5.624467427729925,0.0
11121,"<a href=""statss.aspx?playerid=11121&position=P"">Casey Lawrence</a>",35.0,27.1,6.585367538615969,6.437968003161456,0.0
19459,"<a href=""statss.aspx?playerid=19459&position=P"">Jorge Alcala</a>",27.0,17.1,6.230769687855771,7.0627329465200415,0.0
16814,"<a href=""statss.aspx?playerid=16814&position=P"">Tim Hill</a>",33.0,44.1,5.481204107999551,5.488123514607999,0.0
11762,"<a href=""statss.aspx?playerid=11762&position=P"">Noah Syndergaard</a>",30.0,88.2,6.496240787828511,6.198649466481865,18.0
22210,"<a href=""statss.aspx?playerid=22210&position=P"">Jeremiah Estrada</a>",24.0,10.2,6.750001609325793,9.067541745305391,0.0
13713,"<a href=""statss.aspx?playerid=13713&position=P"">Kyle Barraclough</a>",33.0,7.2,12.91304454911643,11.211562758447599,0.0
22276,"<a href=""statss.aspx?playerid=22276&position=P"">Dylan Coleman</a>",26.0,18.1,8.836366087859021,7.018677767288876,1.0
21513,"<a href=""statss.aspx?playerid=21513&position=P"">Thad Ward</a>",26.0,35.1,6.367925444970105,6.679569154347661,0.0
24581,"<a href=""statss.aspx?playerid=24581&position=P"">Lyon Richardson</a>",23.0,16.2,8.640001318359577,9.195041265869278,4.0
14295,"<a href=""statss.aspx?playerid=14295&position=P"">Wandy Peralta</a>",31.0,54.0,2.833334133949035,5.0513371633732564,0.0
14681,"<a href=""statss.aspx?playerid=14681&position=P"">Andres Machado</a>",30.0,50.0,5.220000796508911,5.4950407012939975,0.0
20132,"<a href=""statss.aspx?playerid=20132&position=P"">Adam Oller</a>",28.0,19.2,10.067798400261157,7.221142759599951,1.0
25427,"<a href=""statss.aspx?playerid=25427&position=P"">Gavin Hollowell</a>",25.0,33.2,5.881189229453291,6.581773661006002,0.0
27451,"<a href=""statss.aspx?playerid=27451&position=P"">Alec Marsh</a>",25.0,74.1,5.690583056985882,5.703470894654116,8.0
11294,"<a href=""statss.aspx?playerid=11294&position=P"">Zach Neal</a>",34.0,27.0,6.6666671376169795,7.032818404146692,2.0
26128,"<a href=""statss.aspx?playerid=26128&position=P"">Amos Willingham</a>",24.0,24.1,6.657535116317843,7.529013520590007,0.0
19911,"<a href=""statss.aspx?playerid=19911&position=P"">Jose Suarez</a>",25.0,33.2,8.287129338869102,7.324347597579749,7.0
20418,"<a href=""statss.aspx?playerid=20418&position=P"">Josh Fleming</a>",27.0,51.2,4.7032260379533355,5.655040477629637,3.0
7115,"<a href=""statss.aspx?playerid=7115&position=P"">Daniel Bard</a>",38.0,49.1,4.56081163369466,6.133419257206589,0.0
13896,"<a href=""statss.aspx?playerid=13896&position=P"">Chris Flexen</a>",28.0,102.1,6.859935066519345,6.2159525035930265,16.0
29928,"<a href=""statss.aspx?playerid=29928&position=P"">Dylan Dodd</a>",25.0,34.1,7.601942029117549,6.924943408036576,7.0
15036,"<a href=""statss.aspx?playerid=15036&position=P"">Chase De Jong</a>",29.0,11.1,13.500001514659377,11.019747113026646,0.0
25097,"<a href=""statss.aspx?playerid=25097&position=P"">Garrett Hill</a>",27.0,15.2,9.19149029422215,7.659296125478518,0.0
19962,"<a href=""statss.aspx?playerid=19962&position=P"">Joey Wentz</a>",25.0,105.2,6.899054042867549,5.810245560559125,19.0
11589,"<a href=""statss.aspx?playerid=11589&position=P"">Jose Urena</a>",31.0,44.2,6.447761561138185,7.284891335208436,10.0
15890,"<a href=""statss.aspx?playerid=15890&position=P"">Luis Severino</a>",29.0,89.1,6.649254109923754,6.143100225423549,18.0
12499,"<a href=""statss.aspx?playerid=12499&position=P"">Drew Rucinski</a>",34.0,18.0,9.000000953674418,8.69948538085567,4.0
19541,"<a href=""statss.aspx?playerid=19541&position=P"">Jimmy Lambert</a>",28.0,37.2,5.256638055419594,6.201943511777752,1.0
16631,"<a href=""statss.aspx?playerid=16631&position=P"">Jeff Brigham</a>",31.0,37.2,5.256638055419594,5.963005418349589,0.0
14975,"<a href=""statss.aspx?playerid=14975&position=P"">Chad Kuhl</a>",30.0,38.1,8.452174613967117,6.77677978198337,5.0
25977,"<a href=""statss.aspx?playerid=25977&position=P"">Quinn Priester</a>",22.0,50.0,7.74,6.73504035949707,8.0
21366,"<a href=""statss.aspx?playerid=21366&position=P"">Glenn Otto</a>",27.0,10.2,10.125000603497064,10.192540773004318,0.0
15288,"<a href=""statss.aspx?playerid=15288&position=P"">Adam Cimber</a>",32.0,20.2,7.40322740070564,7.464718685388513,0.0
18674,"<a href=""statss.aspx?playerid=18674&position=P"">Jake Woodford</a>",26.0,47.2,6.23076993717573,6.611684096696117,8.0
22288,"<a href=""statss.aspx?playerid=22288&position=P"">Mason Englert</a>",23.0,56.0,5.464286644848184,5.5943264721608355,1.0
14552,"<a href=""statss.aspx?playerid=14552&position=P"">Jose Ruiz</a>",28.0,44.1,5.8872193537532835,6.255041026352192,1.0
6893,"<a href=""statss.aspx?playerid=6893&position=P"">Johnny Cueto</a>",37.0,52.1,6.019108426503672,7.019371661151747,10.0
20167,"<a href=""statss.aspx?playerid=20167&position=P"">Kyle Muller</a>",25.0,77.0,7.597402785596049,6.1381573140309555,13.0
1246,"<a href=""statss.aspx?playerid=1246&position=P"">Matt Bush</a>",37.0,10.1,9.580647224442592,9.351815865960539,0.0
18356,"<a href=""statss.aspx?playerid=18356&position=P"">Jaime Barria</a>",26.0,82.1,5.6842108774662945,6.0728542987538665,6.0
2429,"<a href=""statss.aspx?playerid=2429&position=P"">Corey Kluber</a>",37.0,55.0,7.036364002385435,7.10958601455059,9.0
13763,"<a href=""statss.aspx?playerid=13763&position=P"">Dominic Leone</a>",31.0,54.0,4.666667490829802,6.292077932894243,0.0
19316,"<a href=""statss.aspx?playerid=19316&position=P"">Eric Lauer</a>",28.0,46.2,6.557143080477819,7.412183358231374,9.0
14527,"<a href=""statss.aspx?playerid=14527&position=P"">Jorge Lopez</a>",30.0,59.0,5.949153407830394,5.763515300690514,0.0
17282,"<a href=""statss.aspx?playerid=17282&position=P"">Michael Kopech</a>",27.0,129.1,5.427835184958428,6.463803324963947,27.0
