pitch_type,game_date,release_speed,release_pos_x,release_pos_z,player_name,batter,pitcher,events,description,spin_dir,spin_rate_deprecated,break_angle_deprecated,break_length_deprecated,zone,des,game_type,stand,p_throws,home_team,away_team,type,hit_location,bb_type,balls,strikes,game_year,pfx_x,pfx_z,plate_x,plate_z,on_3b,on_2b,on_1b,outs_when_up,inning,inning_topbot,hc_x,hc_y,tfs_deprecated,tfs_zulu_deprecated,umpire,sv_id,vx0,vy0,vz0,ax,ay,az,sz_top,sz_bot,hit_distance_sc,launch_speed,launch_angle,effective_speed,release_spin_rate,release_extension,game_pk,fielder_2,fielder_3,fielder_4,fielder_5,fielder_6,fielder_7,fielder_8,fielder_9,release_pos_y,estimated_ba_using_speedangle,estimated_woba_using_speedangle,woba_value,woba_denom,babip_value,iso_value,launch_speed_angle,at_bat_number,pitch_number,pitch_name,home_score,away_score,bat_score,fld_score,post_away_score,post_home_score,post_bat_score,post_fld_score,if_fielding_alignment,of_fielding_alignment,spin_axis,delta_home_win_exp,delta_run_exp,bat_speed,swing_length,miss_distance,estimated_slg_using_speedangle,delta_pitcher_run_exp,hyper_speed,home_score_diff,bat_score_diff,home_win_exp,bat_win_exp,age_pit_legacy,age_bat_legacy,age_pit,age_bat,n_thruorder_pitcher,n_priorpa_thisgame_player_at_bat,pitcher_days_since_prev_game,batter_days_since_prev_game,pitcher_days_until_next_game,batter_days_until_next_game,api_break_z_with_gravity,api_break_x_arm,api_break_x_batter_in,arm_angle,attack_angle,attack_direction,swing_path_tilt,intercept_ball_minus_batter_pos_x_inches,intercept_ball_minus_batter_pos_y_inches
FF,2021-09-01,97.8,-0.84,6.1,"Duran, Jarren",680776,656876,strikeout,swinging_strike,,,,,2.0,Jarren Duran strikes out swinging.,R,L,R,TB,BOS,S,2.0,,0,2,2021,-0.46,1.75,0.0861721037556637,2.972957531251257,,543877.0,,1,2,Top,,,,,,,3.606977326794612,-142.22073681132366,-6.932559343208982,-7.1608251928191935,36.882323210743074,-7.149608450236211,3.467,1.589,,,,98.0,2505.0,6.7,632653,572287,650490,670764,621563,677551,656669,622534,668227,53.78,,0.0,0.0,1.0,0.0,0.0,,11,3,4-Seam Fastball,0,1,1,0,1,0,1,0,Standard,Standard,205.0,0.02,-0.189,,,,,0.189,,-1,1,0.391,0.609,25,24,26,25,1,0,8.0,2.0,6.0,,0.67,0.46,-0.46,58.4,,,,,
FF,2021-09-01,98.0,-1.08,5.99,"Duran, Jarren",680776,656876,,swinging_strike,,,,,3.0,,R,L,R,TB,BOS,S,,,0,1,2021,-0.47,1.73,0.5095458415395868,2.94196934401956,,543877.0,,1,2,Top,,,,,,,5.424035332450282,-142.48041814823765,-6.73883184653677,-7.754422044992395,36.43557358102365,-7.326812755881033,3.467,1.589,,,,98.4,2570.0,6.8,632653,572287,650490,670764,621563,677551,656669,622534,668227,53.67,,,,,,,,11,2,4-Seam Fastball,0,1,1,0,1,0,1,0,Standard,Standard,202.0,0.008,-0.064,,,,,0.064,,-1,1,0.383,0.617,25,24,26,25,1,0,8.0,2.0,6.0,,0.67,0.47,-0.47,56.6,,,,,
FF,2021-09-01,98.0,-0.91,6.08,"Duran, Jarren",680776,656876,,swinging_strike,,,,,9.0,,R,L,R,TB,BOS,S,,,0,0,2021,-0.57,1.59,0.5965481568164617,1.912572335661916,,543877.0,,1,2,Top,,,,,,,5.438442826678931,-142.27954676301457,-9.451395765309186,-9.113236946959365,35.86638444549414,-8.488453660051928,3.467,1.589,,,,98.3,2444.0,6.8,632653,572287,650490,670764,621563,677551,656669,622534,668227,53.72,,,,,,,,11,1,4-Seam Fastball,0,1,1,0,1,0,1,0,Standard,Standard,200.0,0.005,-0.037,,,,,0.037,,-1,1,0.378,0.622,25,24,26,25,1,0,8.0,2.0,6.0,,0.81,0.57,-0.57,60.6,,,,,
SL,2021-09-01,85.3,-0.19,6.96,"Duran, Jarren",680776,664126,single,hit_into_play,,,,,8.0,Jarren Duran singles on a ground ball to right fielder Manuel Margot. Rafael Devers scores. Alex Verdugo to 2nd.,R,L,R,TB,BOS,X,9.0,ground_ball,2,1,2021,0.26,-0.31,-0.0522739068167089,1.8346426974595509,,646240.0,657077.0,2,9,Top,193.42,112.15,,,,,-0.2015211039420941,-124.22854412540306,-5.1669781599566225,2.7441288379888555,25.71674497654806,-34.50778780872099,3.467,1.589,48.0,99.6,0.0,86.0,2375.0,6.8,632653,572287,650490,670764,621563,677551,668227,595281,622534,53.75,0.43,0.397,0.9,1.0,1.0,0.0,4.0,67,4,Slider,2,2,2,2,3,2,3,2,Standard,Standard,44.0,-0.346,0.513,,,,0.474,-0.513,99.6,0,0,0.516,0.484,27,24,28,25,1,3,2.0,2.0,2.0,,3.44,-0.26,0.26,67.3,,,,,
SL,2021-09-01,85.8,-0.32,7.03,"Duran, Jarren",680776,664126,,foul,,,,,8.0,,R,L,R,TB,BOS,S,,,2,0,2021,0.06,-0.26,0.1939292714850215,1.9799500732009456,,646240.0,657077.0,2,9,Top,,,,,,,1.093507564075186,-124.87371248453424,-5.162444637950928,0.3931673543136145,25.71953261225183,-34.08138361358759,3.467,1.589,6.0,84.8,-19.0,86.4,2277.0,6.7,632653,572287,650490,670764,621563,677551,668227,595281,622534,53.76,,,,,,,,67,3,Slider,2,2,2,2,2,2,2,2,Standard,Standard,43.0,0.012,-0.044,,,,,0.044,88.0,0,0,0.504,0.496,27,24,28,25,1,3,2.0,2.0,2.0,,3.36,-0.06,0.06,65.1,,,,,
FF,2021-09-01,94.2,-0.31,6.96,"Duran, Jarren",680776,664126,,ball,,,,,12.0,,R,L,R,TB,BOS,B,,,1,0,2021,0.11,1.45,1.210608432618287,4.488531684640782,,646240.0,657077.0,2,9,Top,,,,,,,3.74973898626904,-137.1903908851525,-3.980849450240834,0.5448782916513017,30.8614428833934,-13.137793606433732,3.14440238831613,1.5899999999949,,,,95.3,2241.0,6.9,632653,572287,650490,670764,621563,677551,668227,595281,622534,53.57,,,,,,,,67,2,4-Seam Fastball,2,2,2,2,2,2,2,2,Standard,Standard,185.0,-0.012,0.055,,,,,-0.055,,0,0,0.516,0.484,27,24,28,25,1,3,2.0,2.0,2.0,,1.11,-0.11,0.11,62.6,,,,,
SL,2021-09-01,84.3,-0.17,7.05,"Duran, Jarren",680776,664126,,ball,,,,,12.0,,R,L,R,TB,BOS,B,,,0,0,2021,0.09,-0.45,0.1977424036813963,3.711744347293444,,646240.0,657077.0,2,9,Top,,,,,,,0.686742090015067,-122.77281801203246,-0.5090319906961628,0.7720047429886197,23.685391590269443,-36.821474741401296,3.18636258873767,1.58999999999902,,,,85.5,2236.0,6.9,632653,572287,650490,670764,621563,677551,668227,595281,622534,53.56,,,,,,,,67,1,Slider,2,2,2,2,2,2,2,2,Standard,Standard,34.0,-0.006,0.035,,,,,-0.035,,0,0,0.522,0.478,27,24,28,25,1,3,2.0,2.0,2.0,,3.64,-0.09,0.09,68.2,,,,,
ST,2021-09-01,79.8,-2.04,5.11,"Duran, Jarren",680776,543521,strikeout,swinging_strike,,,,,14.0,Jarren Duran strikes out swinging.,R,L,R,TB,BOS,S,2.0,,1,2,2021,1.82,0.01,0.806195285880231,1.5045418430201916,,,,1,7,Top,,,,,,,2.8563083539782914,-116.18414434424088,-1.1012390339029996,15.60700454407686,25.530166204787005,-32.12042377062125,3.467,1.589,,,,79.8,2855.0,6.6,632653,572287,650490,670764,621563,677551,668227,595281,622534,53.87,,0.0,0.0,1.0,0.0,0.0,,50,4,Sweeper,2,2,2,2,2,2,2,2,Standard,Standard,54.0,0.02,-0.181,,,,,0.181,,0,0,0.548,0.4519999999999999,34,24,34,25,1,2,3.0,2.0,5.0,,3.62,-1.82,1.82,25.8,,,,,
FC,2021-09-01,88.6,-1.84,5.47,"Duran, Jarren",680776,543521,,swinging_strike,,,,,5.0,,R,L,R,TB,BOS,S,,,1,1,2021,0.26,0.83,0.2237645175719448,2.8190014756016284,,,,1,7,Top,,,,,,,4.5146144059593665,-128.9360608398471,-2.1184101926968832,1.9277190917518792,28.370972031438377,-22.66928576944853,3.467,1.589,,,,88.9,2455.0,6.6,632653,572287,650490,670764,621563,677551,668227,595281,622534,53.88,,,,,,,,50,3,Cutter,2,2,2,2,2,2,2,2,Standard,Standard,218.0,0.008,-0.068,,,,,0.068,,0,0,0.54,0.4599999999999999,34,24,34,25,1,2,3.0,2.0,5.0,,2.08,-0.26,0.26,34.5,,,,,
FC,2021-09-01,87.5,-1.9,5.4,"Duran, Jarren",680776,543521,,swinging_strike,,,,,12.0,,R,L,R,TB,BOS,S,,,1,0,2021,0.51,0.73,0.8363338529131108,3.160730914784434,,,,1,7,Top,,,,,,,5.593232197846223,-127.24788496147691,-0.7027114672988936,4.201196410058331,28.52794516720753,-24.39622875100483,3.467,1.589,,,,87.7,2444.0,6.7,632653,572287,650490,670764,621563,677551,668227,595281,622534,53.84,,,,,,,,50,2,Cutter,2,2,2,2,2,2,2,2,Standard,Standard,200.0,0.005,-0.051,,,,,0.051,,0,0,0.535,0.4649999999999999,34,24,34,25,1,2,3.0,2.0,5.0,,2.28,-0.51,0.51,,,,,,
ST,2021-09-01,77.9,-2.27,5.04,"Duran, Jarren",680776,543521,,ball,,,,,14.0,,R,L,R,TB,BOS,B,,,0,0,2021,1.75,-0.06,0.0869821892622215,1.235497368325682,,,,1,7,Top,,,,,,,1.8430249207516425,-113.40869407617272,-1.0463510478782267,14.51290203997689,24.74801915206988,-32.71417173959532,3.11061081622411,1.59000000001519,,,,77.9,2881.0,6.7,632653,572287,650490,670764,621563,677551,668227,595281,622534,53.78,,,,,,,,50,1,Sweeper,2,2,2,2,2,2,2,2,Standard,Standard,54.0,-0.004,0.041,,,,,-0.041,,0,0,0.539,0.4609999999999999,34,24,34,25,1,2,3.0,2.0,5.0,,3.87,-1.75,1.75,23.1,,,,,
SL,2021-09-01,88.4,-2.12,5.2,"Duran, Jarren",680776,608638,field_out,hit_into_play,,,,,13.0,Jarren Duran flies out to center fielder Manuel Margot.,R,L,R,TB,BOS,X,8.0,fly_ball,3,2,2021,-0.12,0.18,-0.977103025229328,1.7954744217162548,,,543877.0,0,5,Top,131.52,54.93,,,,,3.050000826966859,-128.64429578773866,-2.564312320001595,-1.991228718754428,28.514833516225057,-29.891296541393896,3.467,1.589,357.0,92.5,25.0,88.7,2194.0,6.6,632653,572287,650490,670764,621563,677551,656669,622534,668227,53.9,0.159,0.211,0.0,1.0,0.0,0.0,3.0,33,9,Slider,2,1,1,2,1,2,1,2,Infield shift,Standard,242.0,0.061,-0.34,,,,0.345,0.34,92.5,1,-1,0.573,0.427,30,24,31,25,1,1,3.0,2.0,4.0,,2.76,0.12,-0.12,25.2,,,,,
SI,2021-09-01,96.2,-2.07,5.31,"Duran, Jarren",680776,608638,,foul,,,,,7.0,,R,L,R,TB,BOS,S,,,3,2,2021,-1.61,0.81,-0.3277802670016121,1.773672563495972,,,543877.0,0,5,Top,,,,,,,8.29254199406334,-139.7752340375301,-5.599103971256192,-22.98879971189303,33.55939522520225,-20.43770550390164,3.467,1.589,220.0,78.2,51.0,96.1,2210.0,6.4,632653,572287,650490,670764,621563,677551,656669,622534,668227,54.06,,,,,,,,33,8,Sinker,2,1,1,2,1,2,1,2,Infield shift,Standard,235.0,0.0,0.0,,,,,0.0,88.0,1,-1,0.573,0.427,30,24,31,25,1,1,3.0,2.0,4.0,,1.67,1.61,-1.61,25.7,,,,,
SL,2021-09-01,87.8,-2.08,5.19,"Duran, Jarren",680776,608638,,foul,,,,,9.0,,R,L,R,TB,BOS,S,,,3,2,2021,0.09,0.32,0.3721770609062839,1.483414579324481,,,543877.0,0,5,Top,,,,,,,5.774106186163145,-127.70684160037298,-3.454435917468321,-0.3916470067820471,29.76883776071851,-28.101678660422635,3.467,1.589,206.0,81.1,18.0,87.7,2171.0,6.6,632653,572287,650490,670764,621563,677551,656669,622534,668227,53.92,,,,,,,,33,7,Slider,2,1,1,2,1,2,1,2,Infield shift,Standard,217.0,0.0,0.0,,,,,0.0,88.0,1,-1,0.573,0.427,30,24,31,25,1,1,3.0,2.0,4.0,,2.67,-0.09,0.09,25.5,,,,,
SL,2021-09-01,87.1,-2.14,5.22,"Duran, Jarren",680776,608638,,foul,,,,,13.0,,R,L,R,TB,BOS,S,,,3,2,2021,-0.33,0.13,-0.9556963097659577,0.8618326891457446,,,543877.0,0,5,Top,,,,,,,3.5581941213502715,-126.79755260916632,-4.544346243017172,-4.351359999698453,28.10322756691866,-29.98243482334669,3.467,1.589,,,,87.3,1961.0,6.6,632653,572287,650490,670764,621563,677551,656669,622534,668227,53.94,,,,,,,,33,6,Slider,2,1,1,2,1,2,1,2,Infield shift,Standard,257.0,0.0,0.0,,,,,0.0,,1,-1,0.573,0.427,30,24,31,25,1,1,3.0,2.0,4.0,,2.89,0.33,-0.33,24.7,,,,,
SI,2021-09-01,96.0,-2.16,5.22,"Duran, Jarren",680776,608638,,foul,,,,,13.0,,R,L,R,TB,BOS,S,,,3,1,2021,-1.56,0.89,-1.0455871914026036,1.7522355624281645,,,543877.0,0,5,Top,,,,,,,6.4848450321935225,-139.49781333812973,-5.566738218588366,-21.78046948285743,32.6898577067546,-19.485329965986175,3.467,1.589,91.0,77.5,14.0,95.8,2236.0,6.4,632653,572287,650490,670764,621563,677551,656669,622534,668227,54.13,,,,,,,,33,5,Sinker,2,1,1,2,1,2,1,2,Infield shift,Standard,236.0,0.019,-0.091,,,,,0.091,88.0,1,-1,0.554,0.4459999999999999,30,24,31,25,1,1,3.0,2.0,4.0,,1.6,1.56,-1.56,24.3,,,,,
SI,2021-09-01,95.2,-2.11,5.26,"Duran, Jarren",680776,608638,,called_strike,,,,,13.0,,R,L,R,TB,BOS,S,,,3,0,2021,-1.57,0.89,-0.6007940581967324,1.45575455324708,,,543877.0,0,5,Top,,,,,,,7.500869593954014,-138.331242709591,-6.331330943214553,-21.820153217751173,31.248024784035316,-19.49485461134973,3.4078661648683,1.71407996197693,,,,95.5,2223.0,6.6,632653,572287,650490,670764,621563,677551,656669,622534,668227,53.94,,,,,,,,33,4,Sinker,2,1,1,2,1,2,1,2,Infield shift,Standard,232.0,0.016,-0.091,,,,,0.091,,1,-1,0.538,0.4619999999999999,30,24,31,25,1,1,3.0,2.0,4.0,,1.63,1.57,-1.57,25.2,,,,,
SI,2021-09-01,95.8,-2.13,5.33,"Duran, Jarren",680776,608638,,ball,,,,,11.0,,R,L,R,TB,BOS,B,,,2,0,2021,-1.56,0.88,-1.477338625968276,3.1914942216266384,,,543877.0,0,5,Top,,,,,,,5.252307102884283,-139.47963342752263,-2.0183652290417964,-21.494027844177666,32.398760613663875,-20.51293102639058,3.27168752957467,1.59000000000171,,,,96.0,2172.0,6.5,632653,572287,650490,670764,621563,677551,656669,622534,668227,54.04,,,,,,,,33,3,Sinker,2,1,1,2,1,2,1,2,Infield shift,Standard,239.0,-0.024,0.151,,,,,-0.151,,1,-1,0.562,0.4379999999999999,30,24,31,25,1,1,3.0,2.0,4.0,,1.61,1.56,-1.56,26.7,,,,,
SI,2021-09-01,95.8,-2.28,5.11,"Duran, Jarren",680776,608638,,ball,,,,,13.0,,R,L,R,TB,BOS,B,,,1,0,2021,-1.56,0.86,-1.6980129620008555,2.006966646527074,,,543877.0,0,5,Top,,,,,,,5.091630069505912,-139.35161568103828,-4.5278489654998655,-21.461652585690217,33.149695832373716,-20.11506859965308,3.29179748829127,1.59000000000567,,,,95.9,2190.0,6.5,632653,572287,650490,670764,621563,677551,656669,622534,668227,53.99,,,,,,,,33,2,Sinker,2,1,1,2,1,2,1,2,Infield shift,Standard,237.0,-0.015,0.073,,,,,-0.073,,1,-1,0.577,0.423,30,24,31,25,1,1,3.0,2.0,4.0,,1.63,1.56,-1.56,21.5,,,,,
SL,2021-09-01,88.8,-2.04,5.26,"Duran, Jarren",680776,608638,,blocked_ball,,,,,14.0,,R,L,R,TB,BOS,B,,,0,0,2021,-0.22,0.23,1.0160799136006795,0.1499629391430739,,,543877.0,0,5,Top,,,,,,,7.960428583643334,-128.98202926549934,-6.895129744356696,-4.173088710639267,28.11617296162148,-28.334602585566874,3.31806046804623,1.58999999999764,,,,88.8,2056.0,6.5,632653,572287,650490,670764,621563,677551,656669,622534,668227,54.02,,,,,,,,33,1,Slider,2,1,1,2,1,2,1,2,Infield shift,Standard,262.0,-0.008,0.038,,,,,-0.038,,1,-1,0.585,0.415,30,24,31,25,1,1,3.0,2.0,4.0,,2.69,0.22,-0.22,23.5,,,,,
FF,2021-08-30,95.6,-1.98,5.84,"Duran, Jarren",680776,672715,field_out,hit_into_play,,,,,7.0,Jarren Duran lines out sharply to center fielder Kevin Kiermaier.,R,L,R,TB,BOS,X,8.0,line_drive,3,2,2021,-0.49,1.73,-0.6581453108799199,1.9876584033478673,,,,0,5,Top,110.08,47.12,,,,,4.622577720371412,-138.93515579065036,-8.438299575936123,-7.435100695387259,33.56102414371616,-8.053031379513865,3.467,1.589,377.0,103.5,17.0,95.8,2447.0,6.7,632664,572287,650490,664040,621563,677551,640457,595281,622534,53.84,0.493,0.572,0.0,1.0,0.0,0.0,5.0,37,7,4-Seam Fastball,3,1,1,3,1,3,1,3,Standard,Standard,200.0,0.036,-0.354,,,,0.901,0.354,103.5,2,-2,0.744,0.256,21,24,22,25,2,1,9.0,1.0,6.0,2.0,0.79,0.49,-0.49,48.9,,,,,
SL,2021-08-30,86.2,-2.03,5.86,"Duran, Jarren",680776,672715,,ball,,,,,11.0,,R,L,R,TB,BOS,B,,,2,2,2021,0.76,-0.04,-0.932300246331488,2.385743435232934,,,,0,5,Top,,,,,,,1.0701840950811945,-125.54256570069124,-1.9631570654389143,7.863335992614894,25.000004725342727,-32.41586151196534,2.99620958505144,1.32090566867661,,,,87.0,2547.0,6.7,632664,572287,650490,664040,621563,677551,640457,595281,622534,53.76,,,,,,,,37,6,Slider,3,1,1,3,1,3,1,3,Standard,Standard,96.0,-0.011,0.113,,,,,-0.113,,2,-2,0.755,0.245,21,24,22,25,2,1,9.0,1.0,6.0,2.0,3.1,-0.76,0.76,47.5,,,,,
FF,2021-08-30,95.5,-1.88,5.93,"Duran, Jarren",680776,672715,,foul,,,,,12.0,,R,L,R,TB,BOS,S,,,2,2,2021,-0.1,1.69,0.3159642262476415,3.66382088803544,,,,0,5,Top,,,,,,,6.071184496603955,-138.9189256891416,-4.14108422815451,-2.8025612628414573,34.24784901906568,-9.616619095998942,3.467,1.589,215.0,72.8,27.0,95.9,2509.0,6.8,632664,572287,650490,664040,621563,677551,640457,595281,622534,53.71,,,,,,,,37,5,4-Seam Fastball,3,1,1,3,1,3,1,3,Standard,Standard,197.0,0.0,0.0,,,,,0.0,88.0,2,-2,0.755,0.245,21,24,22,25,2,1,9.0,1.0,6.0,2.0,0.83,0.1,-0.1,46.9,,,,,
FF,2021-08-30,94.9,-1.96,6.01,"Duran, Jarren",680776,672715,,ball,,,,,11.0,,R,L,R,TB,BOS,B,,,1,2,2021,-0.39,1.67,-1.0449666734183125,3.502714303818491,,,,0,5,Top,,,,,,,3.2761269509115136,-138.02790515376535,-4.586046618194118,-5.70554221401949,34.1020794011278,-10.145206760568954,3.14538408777864,1.44727231980506,,,,94.8,2407.0,6.5,632664,572287,650490,664040,621563,677551,640457,595281,622534,54.0,,,,,,,,37,4,4-Seam Fastball,3,1,1,3,1,3,1,3,Standard,Standard,204.0,-0.005,0.048,,,,,-0.048,,2,-2,0.76,0.24,21,24,22,25,2,1,9.0,1.0,6.0,2.0,0.89,0.39,-0.39,45.7,,,,,
CU,2021-08-30,74.5,-1.88,5.91,"Duran, Jarren",680776,672715,,foul,,,,,14.0,,R,L,R,TB,BOS,S,,,1,1,2021,1.18,-0.72,0.2664369785875113,1.3950336288601577,,,,0,5,Top,,,,,,,2.343524188243798,-108.3727256566669,-0.641760977769978,8.687470486061507,22.728188852489374,-37.874868051226954,3.467,1.589,,,,74.2,2444.0,6.6,632664,572287,650490,664040,621563,677551,640457,595281,622534,53.93,,,,,,,,37,3,Curveball,3,1,1,3,1,3,1,3,Standard,Standard,32.0,0.008,-0.064,,,,,0.064,,2,-2,0.752,0.248,21,24,22,25,2,1,9.0,1.0,6.0,2.0,4.9,-1.18,1.18,53.1,,,,,
FF,2021-08-30,93.7,-2.11,5.96,"Duran, Jarren",680776,672715,,swinging_strike,,,,,1.0,,R,L,R,TB,BOS,S,,,1,0,2021,-0.49,1.62,-0.3145680173865172,3.0123187810542325,,,,0,5,Top,,,,,,,5.762472643460719,-136.20032469241542,-5.3901265123128015,-7.536687157438233,34.80627897294107,-11.164578043791812,3.467,1.589,,,,93.7,2477.0,6.7,632664,572287,650490,664040,621563,677551,640457,595281,622534,53.77,,,,,,,,37,2,4-Seam Fastball,3,1,1,3,1,3,1,3,Standard,Standard,198.0,0.006,-0.054,,,,,0.054,,2,-2,0.746,0.254,21,24,22,25,2,1,9.0,1.0,6.0,2.0,1.02,0.49,-0.49,46.0,,,,,
FF,2021-08-30,93.1,-1.98,6.07,"Duran, Jarren",680776,672715,,ball,,,,,11.0,,R,L,R,TB,BOS,B,,,0,0,2021,-0.26,1.61,-0.4538897729293735,3.6365745032023735,,,,0,5,Top,,,,,,,4.4851941010348275,-135.45217244832884,-3.945273593920485,-4.284966762422312,34.132437541945336,-11.763358415962296,3.130149349919,1.49185136162126,,,,92.7,2532.0,6.4,632664,572287,650490,664040,621563,677551,640457,595281,622534,54.11,,,,,,,,37,1,4-Seam Fastball,3,1,1,3,1,3,1,3,Standard,Standard,194.0,-0.005,0.043,,,,,-0.043,,2,-2,0.751,0.249,21,24,22,25,2,1,9.0,1.0,6.0,2.0,1.05,0.26,-0.26,47.8,,,,,
FF,2021-08-30,96.8,-2.0,5.95,"Duran, Jarren",680776,672715,strikeout,swinging_strike,,,,,2.0,Jarren Duran strikes out swinging.,R,L,R,TB,BOS,S,2.0,,0,2,2021,-0.49,1.64,0.2476516004995309,3.534633257655814,,,,2,2,Top,,,,,,,7.1450658843794495,-140.66742779606324,-4.606715266892149,-8.145299720379459,34.08604849421274,-9.613136323000631,3.467,1.589,,,,97.0,2481.0,6.6,632664,572287,650490,664040,621563,677551,640457,595281,622534,53.85,,0.0,0.0,1.0,0.0,0.0,,12,3,4-Seam Fastball,1,1,1,1,1,1,1,1,Standard,Standard,206.0,0.007,-0.159,,,,,0.159,,0,0,0.544,0.4559999999999999,21,24,22,25,1,0,9.0,1.0,6.0,2.0,0.81,0.49,-0.49,44.6,,,,,
FF,2021-08-30,95.7,-1.89,5.95,"Duran, Jarren",680776,672715,,foul,,,,,4.0,,R,L,R,TB,BOS,S,,,0,1,2021,-0.52,1.55,-0.3539939775233893,2.2695037894117887,,,,2,2,Top,,,,,,,5.2392486245190115,-139.18911817437046,-7.619377094392159,-7.916154442086117,31.916844483280407,-10.486484460964345,3.467,1.589,208.0,74.9,54.0,96.2,2362.0,6.6,632664,572287,650490,664040,621563,677551,640457,595281,622534,53.86,,,,,,,,12,2,4-Seam Fastball,1,1,1,1,1,1,1,1,Standard,Standard,204.0,0.002,-0.063,,,,,0.063,88.0,0,0,0.542,0.4579999999999999,21,24,22,25,1,0,9.0,1.0,6.0,2.0,0.94,0.52,-0.52,45.4,,,,,
FF,2021-08-30,96.4,-1.95,5.9,"Duran, Jarren",680776,672715,,called_strike,,,,,12.0,,R,L,R,TB,BOS,S,,,0,0,2021,-0.5,1.7,0.2447583583946639,3.061369503674219,,,,2,2,Top,,,,,,,7.017892276520651,-140.19296399567054,-5.866693948183885,-8.193646384236716,32.29929982708419,-8.646071047738012,2.76184668830219,1.15473872983316,,,,96.9,2510.0,6.7,632664,572287,650490,664040,621563,677551,640457,595281,622534,53.83,,,,,,,,12,1,4-Seam Fastball,1,1,1,1,1,1,1,1,Standard,Standard,209.0,0.002,-0.047,,,,,0.047,,0,0,0.54,0.4599999999999999,21,24,22,25,1,0,9.0,1.0,6.0,2.0,0.76,0.5,-0.5,46.0,,,,,
CH,2021-08-30,86.2,-0.72,5.98,"Duran, Jarren",680776,656420,strikeout,swinging_strike,,,,,13.0,Jarren Duran strikes out swinging.,R,L,R,TB,BOS,S,2.0,,0,2,2021,-1.31,0.3,-1.3896565482091925,0.8142271993525942,,,,1,7,Top,,,,,,,1.066801001320678,-125.3092004178675,-6.538870872697163,-13.960715690182033,27.69573624518568,-27.804779804028488,3.467,1.589,,,,85.3,1459.0,6.0,632664,572287,650490,664040,621563,677551,640457,595281,622534,54.49,,0.0,0.0,1.0,0.0,0.0,,58,3,Changeup,4,1,1,4,1,4,1,4,Infield shift,Standard,240.0,0.01,-0.16,,,,,0.16,,3,-3,0.923,0.0769999999999999,28,24,28,25,1,2,41.0,1.0,3.0,2.0,2.8,1.31,-1.31,39.7,,,,,
CH,2021-08-30,87.4,-0.62,6.05,"Duran, Jarren",680776,656420,,swinging_strike,,,,,14.0,,R,L,R,TB,BOS,S,,,0,1,2021,-1.16,0.49,0.1809371852967363,0.5524388227040009,,,,1,7,Top,,,,,,,4.296525616561598,-126.94220823469831,-7.9913790918050225,-13.372635152801973,28.18184286432731,-25.3898507918221,3.467,1.589,,,,86.6,1354.0,6.1,632664,572287,650490,664040,621563,677551,640457,595281,622534,54.43,,,,,,,,58,2,Changeup,4,1,1,4,1,4,1,4,Standard,Standard,237.0,0.004,-0.056,,,,,0.056,,3,-3,0.919,0.0809999999999999,28,24,28,25,1,2,41.0,1.0,3.0,2.0,2.53,1.16,-1.16,41.7,,,,,
FF,2021-08-30,92.7,0.31,6.35,"Duran, Jarren",680776,656420,,called_strike,,,,,7.0,,R,L,R,TB,BOS,S,,,0,0,2021,-0.12,1.84,-0.3280717682959696,1.838109152203519,,,,1,7,Top,,,,,,,-1.3644979328484343,-134.5525854271823,-9.61304924993238,-1.0801875300840298,33.712306700225184,-7.958592293967312,3.28312911971364,1.53235729070129,,,,91.9,2493.0,6.3,632664,572287,650490,664040,621563,677551,640457,595281,622534,54.22,,,,,,,,58,1,4-Seam Fastball,4,1,1,4,1,4,1,4,Standard,Standard,199.0,0.002,-0.043,,,,,0.043,,3,-3,0.917,0.0829999999999999,28,24,28,25,1,2,41.0,1.0,3.0,2.0,0.86,0.12,-0.12,54.0,,,,,
CH,2021-08-29,86.2,-2.01,5.42,"Duran, Jarren",680776,621057,walk,blocked_ball,,,,,13.0,Jarren Duran walks. Xander Bogaerts scores. Alex Verdugo to 3rd. Bobby Dalbec to 2nd.,R,L,R,CLE,BOS,B,,,3,2,2021,-1.17,0.56,-0.9201999177731672,0.3883369836997348,593428.0,657077.0,666915.0,2,4,Top,,,,,,,4.91559200491401,-125.34651544372578,-6.830058132965748,-13.28769415282522,24.4612177711668,-25.079296613672827,3.35675741107698,1.59000000000032,,,,85.7,1784.0,5.9,632704,467092,656252,665926,608070,642708,669288,664702,605548,54.6,,0.691717,0.7,1.0,0.0,0.0,,28,7,Changeup,0,2,2,0,3,0,3,0,Standard,Strategic,230.0,-0.067,0.296,,,,,-0.296,,-2,2,0.241,0.759,27,24,27,25,1,1,5.0,1.0,5.0,1.0,2.5,1.17,-1.17,40.5,,,,,
FF,2021-08-29,96.5,-1.98,5.72,"Duran, Jarren",680776,663986,single,hit_into_play,,,,,5.0,Jarren Duran singles on a line drive to center fielder Myles Straw. Kevin Plawecki to 3rd.,R,L,R,CLE,BOS,X,8.0,line_drive,0,2,2021,-0.82,1.05,-0.016573237762016,2.7569172657040655,,608700.0,,1,6,Top,125.8,91.59,,,,,7.1165568426495796,-140.3057496844158,-4.711565536858345,-12.420097919078914,32.07301651928866,-17.35995800806248,3.467,1.589,230.0,92.0,14.0,96.8,2410.0,6.5,632704,467092,656252,665926,608070,642708,669288,664702,605548,53.95,0.953,0.903,0.9,1.0,1.0,0.0,4.0,45,4,4-Seam Fastball,0,4,4,0,4,0,4,0,Standard,Standard,221.0,-0.018,0.642,,,,1.101,-0.642,92.0,-4,4,0.079,0.921,25,24,26,25,1,2,3.0,1.0,3.0,1.0,1.4,0.82,-0.82,33.2,,,,,
FC,2021-08-29,89.0,-1.99,5.42,"Duran, Jarren",680776,621057,,foul,,,,,5.0,,R,L,R,CLE,BOS,S,,,3,2,2021,0.45,0.58,0.25973921334742,2.341562498298642,593428.0,657077.0,666915.0,2,4,Top,,,,,,,4.5471727632976515,-129.60333976388333,-2.739206956413736,4.214184772033113,26.14666986287096,-25.31645612038183,3.467,1.589,107.0,69.3,22.0,88.6,2368.0,5.9,632704,467092,656252,665926,608070,642708,669288,664702,605548,54.57,,,,,,,,28,6,Cutter,0,2,2,0,2,0,2,0,Standard,Standard,169.0,0.0,0.0,,,,,0.0,88.0,-2,2,0.241,0.759,27,24,27,25,1,1,5.0,1.0,5.0,1.0,2.29,-0.45,0.45,43.4,,,,,
CH,2021-08-29,75.2,-1.06,5.89,"Duran, Jarren",680776,669212,strikeout,foul_tip,,,,,4.0,Jarren Duran strikes out on a foul tip.,R,L,R,CLE,BOS,S,2.0,,2,2,2021,-0.93,0.69,-0.8247520703382009,2.8634758272124214,,,,2,2,Top,,,,,,,2.119080309623181,-109.5133283993386,-0.3895006879063108,-7.861511872427079,18.90792727109297,-26.753134056321564,3.467,1.589,,,,74.7,1916.0,5.8,632704,467092,656252,665926,608070,642708,669288,664702,605548,54.67,,0.0,0.0,1.0,0.0,0.0,,12,6,Changeup,0,2,2,0,2,0,2,0,Infield shade,Standard,266.0,0.007,-0.236,,,,,0.236,,-2,2,0.334,0.6659999999999999,25,24,25,25,1,0,5.0,1.0,6.0,1.0,3.33,0.93,-0.93,45.5,,,,,
FC,2021-08-29,90.6,-2.13,5.39,"Duran, Jarren",680776,621057,,ball,,,,,13.0,,R,L,R,CLE,BOS,B,,,2,2,2021,0.23,0.67,-1.474492487377134,2.2918984274845533,593428.0,657077.0,666915.0,2,4,Top,,,,,,,1.1447512784747371,-132.03326219276036,-3.2505425276797437,2.460231993572864,27.073490563393648,-23.874949300296663,3.38188354495705,1.58999999998301,,,,90.3,2374.0,5.9,632704,467092,656252,665926,608070,642708,669288,664702,605548,54.58,,,,,,,,28,5,Cutter,0,2,2,0,2,0,2,0,Standard,Standard,186.0,-0.021,0.115,,,,,-0.115,,-2,2,0.262,0.738,27,24,27,25,1,1,5.0,1.0,5.0,1.0,2.09,-0.23,0.23,40.0,,,,,
FF,2021-08-29,97.2,-2.15,5.78,"Duran, Jarren",680776,663986,,foul,,,,,1.0,,R,L,R,CLE,BOS,S,,,0,2,2021,-0.84,1.23,-0.5494980620917375,3.047121444928357,,608700.0,,1,6,Top,,,,,,,6.226811177395356,-141.4539196514801,-4.6464310327290095,-12.634693806278037,31.599219780529527,-14.80317565443389,3.467,1.589,234.0,84.0,55.0,97.7,2440.0,6.5,632704,467092,656252,665926,608070,642708,669288,664702,605548,53.99,,,,,,,,45,3,4-Seam Fastball,0,4,4,0,4,0,4,0,Standard,Standard,223.0,0.0,0.0,,,,,0.0,88.0,-4,4,0.079,0.921,25,24,26,25,1,2,3.0,1.0,3.0,1.0,1.18,0.84,-0.84,33.8,,,,,
FF,2021-08-29,92.7,-0.75,5.84,"Duran, Jarren",680776,669212,,ball,,,,,11.0,,R,L,R,CLE,BOS,B,,,1,2,2021,-0.96,1.35,-1.5360380085987355,4.222003369628128,,,,2,2,Top,,,,,,,0.0800989559634617,-135.0821199093142,-1.2919408570556634,-11.735131190912115,30.77040801349303,-15.604278737014408,3.25685934731932,1.59000000001216,,,,92.2,2151.0,6.0,632704,467092,656252,665926,608070,642708,669288,664702,605548,54.48,,,,,,,,12,5,4-Seam Fastball,0,2,2,0,2,0,2,0,Infield shade,Standard,218.0,-0.001,0.048,,,,,-0.048,,-2,2,0.335,0.665,25,24,25,25,1,0,5.0,1.0,6.0,1.0,1.3,0.96,-0.96,45.3,,,,,
FC,2021-08-29,90.0,-2.1,5.43,"Duran, Jarren",680776,621057,,called_strike,,,,,7.0,,R,L,R,CLE,BOS,S,,,2,1,2021,0.17,0.6,-0.6371675569968092,1.742013087107851,593428.0,657077.0,666915.0,2,4,Top,,,,,,,3.2368493936037197,-131.062142453417,-4.460946326218715,1.291021332525874,26.60957644344277,-24.539829423324203,3.35057368213728,1.5900000000028,,,,89.4,2312.0,5.8,632704,467092,656252,665926,608070,642708,669288,664702,605548,54.72,,,,,,,,28,4,Cutter,0,2,2,0,2,0,2,0,Standard,Standard,184.0,0.017,-0.075,,,,,0.075,,-2,2,0.245,0.755,27,24,27,25,1,1,5.0,1.0,5.0,1.0,2.2,-0.17,0.17,41.9,,,,,
FF,2021-08-29,96.5,-1.89,5.82,"Duran, Jarren",680776,663986,,foul,,,,,6.0,,R,L,R,CLE,BOS,S,,,0,1,2021,-0.7,1.27,0.812128119874941,2.598643984696801,,608700.0,,1,6,Top,,,,,,,8.802075690113371,-140.17130071934096,-5.941733660097874,-11.095005110380896,30.22962747278974,-14.216714167145938,3.467,1.589,163.0,66.3,28.0,97.1,2434.0,6.6,632704,467092,656252,665926,608070,642708,669288,664702,605548,53.85,,,,,,,,45,2,4-Seam Fastball,0,4,4,0,4,0,4,0,Standard,Standard,219.0,0.002,-0.064,,,,,0.064,88.0,-4,4,0.077,0.923,25,24,26,25,1,2,3.0,1.0,3.0,1.0,1.18,0.7,-0.7,37.1,,,,,
FF,2021-08-29,92.8,-0.61,5.82,"Duran, Jarren",680776,669212,,foul,,,,,4.0,,R,L,R,CLE,BOS,S,,,1,2,2021,-0.95,1.38,-0.3318123822452046,2.761867585894081,,,,2,2,Top,,,,,,,2.791667949546007,-135.12613513603773,-5.081815146257124,-12.242583546135544,27.83113468027686,-14.3453393136412,3.467,1.589,214.0,75.0,36.0,93.0,2108.0,6.3,632704,467092,656252,665926,608070,642708,669288,664702,605548,54.24,,,,,,,,12,4,4-Seam Fastball,0,2,2,0,2,0,2,0,Infield shade,Standard,223.0,0.0,0.0,,,,,0.0,88.0,-2,2,0.335,0.665,25,24,25,25,1,0,5.0,1.0,6.0,1.0,1.25,0.95,-0.95,46.5,,,,,
FF,2021-08-29,95.0,-1.97,5.42,"Duran, Jarren",680776,621057,,ball,,,,,12.0,,R,L,R,CLE,BOS,B,,,1,1,2021,-0.49,1.46,2.0082183840543,2.9039210762648535,593428.0,657077.0,666915.0,2,4,Top,,,,,,,11.405964171787785,-137.825412508384,-4.129983409119008,-8.794009847821757,30.57841128372988,-12.832548466440814,3.35038488159211,1.59000000000428,,,,94.2,2449.0,6.0,632704,467092,656252,665926,608070,642708,669288,664702,605548,54.51,,,,,,,,28,3,4-Seam Fastball,0,2,2,0,2,0,2,0,Standard,Standard,208.0,-0.011,0.035,,,,,-0.035,,-2,2,0.256,0.744,27,24,27,25,1,1,5.0,1.0,5.0,1.0,1.08,0.49,-0.49,40.2,,,,,
FF,2021-08-29,95.2,-2.06,5.74,"Duran, Jarren",680776,663986,,foul,,,,,1.0,,R,L,R,CLE,BOS,S,,,0,0,2021,-0.73,1.07,-0.6094726006645949,3.0007732894904953,,608700.0,,1,6,Top,,,,,,,5.483510324320413,-138.52799758642732,-3.9743777889158167,-10.669278471622288,29.896745303536605,-17.73766123912933,3.467,1.589,267.0,86.1,51.0,95.8,2333.0,6.5,632704,467092,656252,665926,608070,642708,669288,664702,605548,53.97,,,,,,,,45,1,4-Seam Fastball,0,4,4,0,4,0,4,0,Standard,Standard,219.0,0.002,-0.037,,,,,0.037,88.0,-4,4,0.075,0.925,25,24,26,25,1,2,3.0,1.0,3.0,1.0,1.44,0.73,-0.73,33.2,,,,,
CH,2021-08-29,75.4,-1.03,5.81,"Duran, Jarren",680776,669212,,foul,,,,,7.0,,R,L,R,CLE,BOS,S,,,1,1,2021,-1.01,0.51,-0.5444039253982313,1.954715051267348,,,,2,2,Top,,,,,,,2.80150009783929,-109.7848779905653,-1.8209170508637784,-8.69621089421674,18.863050323295745,-27.906166670456415,3.467,1.589,161.0,60.1,40.0,75.1,2024.0,6.0,632704,467092,656252,665926,608070,642708,669288,664702,605548,54.54,,,,,,,,12,3,Changeup,0,2,2,0,2,0,2,0,Standard,Standard,264.0,0.002,-0.069,,,,,0.069,88.0,-2,2,0.333,0.667,25,24,25,25,1,0,5.0,1.0,6.0,1.0,3.48,1.01,-1.01,45.5,,,,,
FF,2021-08-29,94.9,-1.85,5.54,"Duran, Jarren",680776,621057,,ball,,,,,12.0,,R,L,R,CLE,BOS,B,,,0,1,2021,-0.37,1.44,1.4765320557782138,3.862364216100629,593428.0,657077.0,666915.0,2,4,Top,,,,,,,9.423896153398688,-137.8673262926836,-1.9102513050527383,-6.847443731303171,31.01078224254937,-13.628040952299797,3.36931075924817,1.59000000001034,,,,93.9,2437.0,5.8,632704,467092,656252,665926,608070,642708,669288,664702,605548,54.7,,,,,,,,28,2,4-Seam Fastball,0,2,2,0,2,0,2,0,Standard,Standard,208.0,-0.006,0.022,,,,,-0.022,,-2,2,0.262,0.738,27,24,27,25,1,1,5.0,1.0,5.0,1.0,1.1,0.37,-0.37,,,,,,
SL,2021-08-29,86.4,-0.89,5.75,"Duran, Jarren",680776,669212,,ball,,,,,11.0,,R,L,R,CLE,BOS,B,,,0,1,2021,0.1,0.74,-0.0764059764771815,4.078321266219561,,,,2,2,Top,,,,,,,1.7324560436305751,-125.9114016101669,0.6779560715987446,0.7866328063750629,23.652977993049017,-24.600721818591698,3.22558162661988,1.58999999999904,,,,86.5,2248.0,6.1,632704,467092,656252,665926,608070,642708,669288,664702,605548,54.41,,,,,,,,12,2,Slider,0,2,2,0,2,0,2,0,Standard,Standard,199.0,-0.001,0.036,,,,,-0.036,,-2,2,0.334,0.6659999999999999,25,24,25,25,1,0,5.0,1.0,6.0,1.0,2.29,-0.1,0.1,45.0,,,,,
FC,2021-08-29,90.1,-2.01,5.46,"Duran, Jarren",680776,621057,,called_strike,,,,,6.0,,R,L,R,CLE,BOS,S,,,0,0,2021,0.3,0.55,0.4868016673604975,2.2094895728338515,593428.0,657077.0,666915.0,2,4,Top,,,,,,,5.535245326538266,-131.17401198284557,-3.2580637660707144,2.251680654002013,27.9900707275368,-25.320044024118825,3.40708606273438,1.58999999997987,,,,89.5,2326.0,5.9,632704,467092,656252,665926,608070,642708,669288,664702,605548,54.57,,,,,,,,28,1,Cutter,0,2,2,0,2,0,2,0,Standard,Standard,180.0,0.009,-0.046,,,,,0.046,,-2,2,0.253,0.747,27,24,27,25,1,1,5.0,1.0,5.0,1.0,2.26,-0.3,0.3,41.7,,,,,
FF,2021-08-29,92.4,-0.62,5.75,"Duran, Jarren",680776,669212,,foul,,,,,6.0,,R,L,R,CLE,BOS,S,,,0,0,2021,-0.79,1.2,0.2978837903850213,2.7354242553662083,,,,2,2,Top,,,,,,,4.062460138188905,-134.46648882661833,-4.494994894081727,-10.447820650685548,28.877793606783385,-16.88269886370478,3.467,1.589,192.0,72.7,30.0,92.7,2064.0,6.4,632704,467092,656252,665926,608070,642708,669288,664702,605548,54.08,,,,,,,,12,1,4-Seam Fastball,0,2,2,0,2,0,2,0,Standard,Standard,214.0,0.001,-0.047,,,,,0.047,88.0,-2,2,0.333,0.667,25,24,25,25,1,0,5.0,1.0,6.0,1.0,1.47,0.79,-0.79,47.3,,,,,
FC,2021-08-29,93.3,-3.22,6.2,"Duran, Jarren",680776,543766,field_out,hit_into_play,,,,,7.0,"Jarren Duran grounds out, second baseman Yu Chang to first baseman Bobby Bradley.",R,L,R,CLE,BOS,X,4.0,ground_ball,2,2,2021,0.34,0.58,-0.447819402593773,1.696358417646603,,,,2,8,Top,134.92,161.3,,,,,6.30145201132399,-135.703921838102,-7.072552101518341,2.997831459129532,27.15256995721423,-23.663332970445612,3.467,1.589,2.0,74.5,-47.0,92.6,2503.0,5.7,632704,595978,656252,644374,608070,642708,640458,664702,605548,54.8,0.174,0.172,0.0,1.0,0.0,0.0,2.0,67,5,Cutter,4,5,5,4,5,4,5,4,Standard,Standard,169.0,0.01,-0.236,,,,0.178,0.236,88.0,-1,1,0.298,0.702,33,24,34,25,1,3,1.0,1.0,3.0,1.0,2.02,-0.34,0.34,45.6,,,,,
FC,2021-08-29,91.1,-3.22,6.17,"Duran, Jarren",680776,543766,,called_strike,,,,,13.0,,R,L,R,CLE,BOS,S,,,2,1,2021,0.52,0.43,-0.9694621486411514,2.291639083000994,,,,2,8,Top,,,,,,,4.475603673889419,-132.73268439680092,-4.795673629991516,5.395483882587608,25.276049589494953,-26.265277744250533,3.3,1.59,,,,90.4,2449.0,5.5,632704,595978,656252,644374,608070,642708,640458,664702,605548,54.98,,,,,,,,67,4,Cutter,4,5,5,4,5,4,5,4,Standard,Standard,162.0,0.003,-0.073,,,,,0.073,,-1,1,0.295,0.7050000000000001,33,24,34,25,1,3,1.0,1.0,3.0,1.0,2.28,-0.52,0.52,42.5,,,,,
CH,2021-08-29,80.7,-2.91,6.24,"Duran, Jarren",680776,543766,,ball,,,,,11.0,,R,L,R,CLE,BOS,B,,,1,1,2021,-0.79,0.35,-0.9340036900459432,4.42982935209344,,,,2,8,Top,,,,,,,5.762962179758638,-117.50653722019295,1.8251787827811212,-8.307051431047046,19.060270205902675,-29.436931866990395,3.31427916581331,1.59000000000196,,,,79.7,1437.0,5.2,632704,595978,656252,644374,608070,642708,640458,664702,605548,55.28,,,,,,,,67,3,Changeup,4,5,5,4,5,4,5,4,Standard,Standard,222.0,-0.002,0.051,,,,,-0.051,,-1,1,0.297,0.7030000000000001,33,24,34,25,1,3,1.0,1.0,3.0,1.0,3.11,0.79,-0.79,46.4,,,,,
CU,2021-08-29,83.7,-2.95,6.13,"Duran, Jarren",680776,543766,,ball,,,,,14.0,,R,L,R,CLE,BOS,B,,,0,1,2021,0.33,-1.15,1.2178531839559388,-0.5165411135238629,,,,2,8,Top,,,,,,,8.85953179952352,-121.51861301670894,-6.552700979424678,1.456492883955593,24.39863950213188,-42.410087831210426,3.30808962789336,1.59000000000119,,,,82.6,2116.0,5.7,632704,595978,656252,644374,608070,642708,640458,664702,605548,54.77,,,,,,,,67,2,Curveball,4,5,5,4,5,4,5,4,Standard,Standard,22.0,-0.001,0.036,,,,,-0.036,,-1,1,0.298,0.702,33,24,34,25,1,3,1.0,1.0,3.0,1.0,4.43,-0.33,0.33,45.0,,,,,
CH,2021-08-29,81.8,-2.97,6.11,"Duran, Jarren",680776,543766,,called_strike,,,,,11.0,,R,L,R,CLE,BOS,S,,,0,0,2021,-0.9,0.34,-0.2851420522185155,3.529405114957196,,,,2,8,Top,,,,,,,7.696827735648651,-119.08528747894331,-0.0422327987976715,-9.910795058858886,18.611727053076272,-29.093788865230916,3.37000000000707,1.60870501887049,,,,81.5,1485.0,5.6,632704,595978,656252,644374,608070,642708,640458,664702,605548,54.88,,,,,,,,67,1,Changeup,4,5,5,4,5,4,5,4,Standard,Standard,216.0,0.002,-0.047,,,,,0.047,,-1,1,0.296,0.704,33,24,34,25,1,3,1.0,1.0,3.0,1.0,3.01,0.9,-0.9,44.1,,,,,
CH,2021-08-28,84.1,-1.71,6.09,"Duran, Jarren",680776,615698,field_out,hit_into_play,,,,,11.0,Jarren Duran flies out to left fielder Daniel Johnson.,R,L,R,CLE,BOS,X,7.0,fly_ball,0,0,2021,-0.86,0.96,-0.8832444823296042,2.5893109876891023,657077.0,543877.0,,2,7,Top,66.64,81.33,,,,,3.631241533984175,-122.42733163764105,-3.676842638265081,-9.32420484665087,23.529981677195178,-22.03491476661732,3.467,1.589,326.0,89.7,37.0,84.8,1350.0,6.7,632737,595978,656252,665926,608070,642708,669288,664702,605548,53.84,0.038,0.062,0.0,1.0,0.0,0.0,3.0,53,1,Changeup,2,2,2,2,2,2,2,2,Standard,Standard,235.0,0.1,-0.294,,,,0.116,0.294,89.7,0,0,0.488,0.512,26,24,26,25,4,3,6.0,1.0,6.0,1.0,2.26,0.86,-0.86,39.2,,,,,
CH,2021-08-28,83.9,-1.53,6.2,"Duran, Jarren",680776,615698,field_out,hit_into_play,,,,,13.0,Jarren Duran flies out to left fielder Daniel Johnson.,R,L,R,CLE,BOS,X,7.0,fly_ball,2,1,2021,-1.29,0.53,-0.9359586017018904,2.1523134431993647,,,660620.0,2,5,Top,78.24,117.5,,,,,3.931208869011,-122.14576234715382,-4.043569782062342,-13.648716830900169,23.08766216784519,-26.24505914086878,3.467,1.589,236.0,81.4,49.0,84.3,1304.0,6.4,632737,595978,656252,665926,608070,642708,669288,664702,605548,54.08,0.036,0.032,0.0,1.0,0.0,0.0,3.0,36,4,Changeup,2,2,2,2,2,2,2,2,Standard,Standard,236.0,0.034,-0.304,,,,0.042,0.304,88.0,0,0,0.533,0.4669999999999999,26,24,26,25,3,2,6.0,1.0,6.0,1.0,2.69,1.29,-1.29,41.0,,,,,
FC,2021-08-28,87.9,-1.54,6.13,"Duran, Jarren",680776,615698,,ball,,,,,13.0,,R,L,R,CLE,BOS,B,,,1,1,2021,0.35,0.45,-0.977270581406101,2.553779794115657,,,660620.0,2,5,Top,,,,,,,0.6378799609878879,-128.03915582541586,-3.5082197866368623,3.735291598765359,26.840073489591873,-26.711738500030886,3.47169257037435,1.66948470841826,,,,88.0,2252.0,6.4,632737,595978,656252,665926,608070,642708,669288,664702,605548,54.14,,,,,,,,36,3,Cutter,2,2,2,2,2,2,2,2,Standard,Standard,190.0,-0.005,0.048,,,,,-0.048,,0,0,0.538,0.4619999999999999,26,24,26,25,3,2,6.0,1.0,6.0,1.0,2.5,-0.35,0.35,39.3,,,,,
CH,2021-08-28,83.9,-1.51,6.19,"Duran, Jarren",680776,615698,,swinging_strike,,,,,14.0,,R,L,R,CLE,BOS,S,,,1,0,2021,-1.09,0.74,0.1312090967180583,1.2753061131633063,,,660620.0,2,5,Top,,,,,,,5.992337302757695,-122.0391969099044,-6.509830908635458,-12.0778611131892,21.73320938773939,-23.69702750880941,3.467,1.589,,,,84.6,1307.0,6.5,632737,595978,656252,665926,608070,642708,669288,664702,605548,53.95,,,,,,,,36,2,Changeup,2,2,2,2,2,2,2,2,Standard,Standard,232.0,0.005,-0.057,,,,,0.057,,0,0,0.533,0.4669999999999999,26,24,26,25,3,2,6.0,1.0,6.0,1.0,2.47,1.09,-1.09,42.0,,,,,
SI,2021-08-28,92.9,-1.37,6.38,"Duran, Jarren",680776,615698,,ball,,,,,13.0,,R,L,R,CLE,BOS,B,,,0,0,2021,-0.89,1.28,-1.3291147921649142,2.1450325646413244,,,660620.0,2,5,Top,,,,,,,2.0543390603143465,-135.17684134922726,-7.934400437886222,-11.340387674184784,27.389671039336065,-14.949193276194748,3.60804648883623,1.66262966741578,,,,93.5,2074.0,6.5,632737,595978,656252,665926,608070,642708,669288,664702,605548,54.04,,,,,,,,36,1,Sinker,2,2,2,2,2,2,2,2,Standard,Standard,221.0,-0.003,0.043,,,,,-0.043,,0,0,0.536,0.4639999999999999,26,24,26,25,3,2,6.0,1.0,6.0,1.0,1.34,0.89,-0.89,43.6,,,,,
SI,2021-08-28,94.2,-1.45,6.32,"Duran, Jarren",680776,615698,strikeout,swinging_strike,,,,,11.0,Jarren Duran strikes out swinging.,R,L,R,CLE,BOS,S,2.0,,2,2,2021,-0.92,1.21,-0.846583613405403,3.7385752292119863,,,,1,3,Top,,,,,,,3.626967088564185,-137.2175152831098,-3.73834961214185,-12.440334238732714,28.76230484424723,-16.240482480075624,3.467,1.589,,,,94.7,2032.0,6.4,632737,595978,656252,665926,608070,642708,669288,664702,605548,54.09,,0.0,0.0,1.0,0.0,0.0,,20,5,Sinker,2,2,2,2,2,2,2,2,Infield shade,Standard,212.0,0.015,-0.225,,,,,0.225,,0,0,0.528,0.472,26,24,26,25,2,1,6.0,1.0,6.0,1.0,1.34,0.92,-0.92,45.2,,,,,
FC,2021-08-28,87.3,-1.71,6.13,"Duran, Jarren",680776,615698,,called_strike,,,,,1.0,,R,L,R,CLE,BOS,S,,,2,1,2021,0.46,0.09,-0.6949563133322467,2.974318833200164,,,,1,3,Top,,,,,,,1.4814262649607617,-127.1205152508426,-1.603007949278262,4.691087200944867,26.63224882288664,-31.12299834136206,3.42581217691294,1.56441976816114,,,,87.1,2170.0,6.1,632737,595978,656252,665926,608070,642708,669288,664702,605548,54.35,,,,,,,,20,4,Cutter,2,2,2,2,2,2,2,2,Standard,Standard,174.0,0.006,-0.084,,,,,0.084,,0,0,0.522,0.478,26,24,26,25,2,1,6.0,1.0,6.0,1.0,2.91,-0.46,0.46,36.6,,,,,
FC,2021-08-28,86.1,-1.47,6.32,"Duran, Jarren",680776,615698,,ball,,,,,11.0,,R,L,R,CLE,BOS,B,,,1,1,2021,0.38,0.31,-0.6976676400465698,3.647117667023115,,,,1,3,Top,,,,,,,1.0687978205700848,-125.47803075645676,-0.8314614180341892,3.873883070743858,22.332325817378106,-28.918611374883874,3.47000000000373,1.63174209985189,,,,86.5,2300.0,6.2,632737,595978,656252,665926,608070,642708,669288,664702,605548,54.3,,,,,,,,20,3,Cutter,2,2,2,2,2,2,2,2,Standard,Standard,157.0,-0.004,0.06,,,,,-0.06,,0,0,0.526,0.474,26,24,26,25,2,1,6.0,1.0,6.0,1.0,2.73,-0.38,0.38,41.7,,,,,
FF,2021-08-28,92.9,-1.24,6.45,"Duran, Jarren",680776,615698,,ball,,,,,11.0,,R,L,R,CLE,BOS,B,,,0,1,2021,-0.48,1.51,-0.723023007706419,5.137372491235629,,,,1,3,Top,,,,,,,2.386952180915936,-135.30843198681285,-0.8618139333007605,-6.409442879826917,31.599975182039287,-13.74415237794305,3.47000000000599,1.60302872648993,,,,93.1,2171.0,6.5,632737,595978,656252,665926,608070,642708,669288,664702,605548,53.96,,,,,,,,20,2,4-Seam Fastball,2,2,2,2,2,2,2,2,Standard,Standard,214.0,-0.002,0.033,,,,,-0.033,,0,0,0.528,0.472,26,24,26,25,2,1,6.0,1.0,6.0,1.0,1.14,0.48,-0.48,51.4,,,,,
SI,2021-08-28,93.9,-1.67,6.22,"Duran, Jarren",680776,615698,,called_strike,,,,,1.0,,R,L,R,CLE,BOS,S,,,0,0,2021,-1.11,1.0,-0.6156738293477124,3.193596161069533,,,,1,3,Top,,,,,,,5.180554210610003,-136.6515888583243,-4.331594695181949,-15.089523528025492,28.74956665287661,-18.907734565977627,3.5343395504837,1.67294400926223,,,,93.8,2037.0,6.1,632737,595978,656252,665926,608070,642708,669288,664702,605548,54.36,,,,,,,,20,1,Sinker,2,2,2,2,2,2,2,2,Standard,Standard,217.0,0.003,-0.043,,,,,0.043,,0,0,0.525,0.475,26,24,26,25,2,1,6.0,1.0,6.0,1.0,1.58,1.11,-1.11,41.0,,,,,
FC,2021-08-28,99.9,-0.6,6.17,"Duran, Jarren",680776,661403,field_out,hit_into_play,,,,,5.0,"Jarren Duran grounds out, third baseman Jose Ramirez to first baseman Bobby Bradley.",R,L,R,CLE,BOS,X,5.0,ground_ball,2,2,2021,0.35,0.72,0.1925585084480128,2.7686303299272614,,622168.0,,2,9,Top,89.95,156.63,,,,,1.354952087246322,-145.60570868142503,-5.793511636286092,4.72542228599792,29.953015169744948,-20.849197348359915,3.467,1.589,9.0,87.0,-15.0,100.8,2504.0,6.4,632737,595978,656252,665926,608070,642708,640458,664702,605548,54.07,0.15,0.137,0.0,1.0,0.0,0.0,2.0,72,5,Cutter,2,2,2,2,2,2,2,2,Standard,Strategic,182.0,0.09,-0.233,,,,0.175,0.233,88.0,0,0,0.549,0.4509999999999999,23,24,23,25,1,4,2.0,1.0,1.0,1.0,1.53,-0.35,0.35,53.2,,,,,
SL,2021-08-28,92.2,-0.31,6.2,"Duran, Jarren",680776,661403,,swinging_strike,,,,,12.0,,R,L,R,CLE,BOS,S,,,2,1,2021,0.57,0.07,0.1378837421668535,3.6409559093576305,,622168.0,,2,9,Top,,,,,,,-0.1063455110992565,-134.45165219071072,-0.91397429843336,7.000016262162249,26.124423999624735,-31.367902820437607,3.467,1.589,,,,93.2,2456.0,6.5,632737,595978,656252,665926,608070,642708,640458,664702,605548,53.96,,,,,,,,72,4,Slider,2,2,2,2,2,2,2,2,Standard,Strategic,96.0,0.017,-0.064,,,,,0.064,,0,0,0.532,0.4679999999999999,23,24,23,25,1,4,2.0,1.0,1.0,1.0,2.58,-0.57,0.57,60.7,,,,,
FC,2021-08-28,100.4,-0.25,6.21,"Duran, Jarren",680776,661403,,blocked_ball,,,,,14.0,,R,L,R,CLE,BOS,B,,,1,1,2021,0.22,1.01,0.9189829309663692,0.419631474813771,,622168.0,,2,9,Top,,,,,,,2.7110885039785058,-145.78111894937277,-13.140621378168484,2.6395768946446836,29.191113678175373,-15.219055558580468,3.47000000000781,1.59070141621554,,,,101.3,2642.0,6.6,632737,595978,656252,665926,608070,642708,640458,664702,605548,53.93,,,,,,,,72,3,Cutter,2,2,2,2,2,2,2,2,Standard,Strategic,183.0,-0.006,0.036,,,,,-0.036,,0,0,0.538,0.4619999999999999,23,24,23,25,1,4,2.0,1.0,1.0,1.0,1.24,-0.22,0.22,58.7,,,,,
FC,2021-08-28,100.1,-0.3,6.28,"Duran, Jarren",680776,661403,,ball,,,,,12.0,,R,L,R,CLE,BOS,B,,,0,1,2021,0.27,0.72,1.328875857205713,3.355179216151183,,622168.0,,2,9,Top,,,,,,,3.858023417546077,-145.75560751746406,-4.435432601845378,3.0194942035471777,32.10734824613115,-21.11778244815793,3.53414640662369,1.67871742930456,,,,100.5,2587.0,6.4,632737,595978,656252,665926,608070,642708,640458,664702,605548,54.14,,,,,,,,72,2,Cutter,2,2,2,2,2,2,2,2,Standard,Strategic,179.0,-0.011,0.016,,,,,-0.016,,0,0,0.549,0.4509999999999999,23,24,23,25,1,4,2.0,1.0,1.0,1.0,1.54,-0.27,0.27,55.3,,,,,
SL,2021-08-28,92.8,-0.51,6.15,"Duran, Jarren",680776,661403,,swinging_strike,,,,,8.0,,R,L,R,CLE,BOS,S,,,0,0,2021,0.52,-0.12,0.1215760464010473,2.0376528558416296,,622168.0,,2,9,Top,,,,,,,0.4936215802250943,-135.26924516452436,-4.562669928385769,6.329683312930234,26.46139832669652,-32.98395736021699,3.467,1.589,,,,93.5,2589.0,6.4,632737,595978,656252,665926,608070,642708,640458,664702,605548,54.15,,,,,,,,72,1,Slider,2,2,2,2,2,2,2,2,Standard,Standard,84.0,0.016,-0.041,,,,,0.041,,0,0,0.533,0.4669999999999999,23,24,23,25,1,4,2.0,1.0,1.0,1.0,2.74,-0.52,0.52,59.9,,,,,
SI,2021-08-28,93.2,-1.44,6.47,"Duran, Jarren",680776,615698,field_out,hit_into_play,,,,,6.0,Jarren Duran bunt pops out to third baseman Jose Ramirez.,R,L,R,CLE,BOS,X,5.0,popup,0,0,2021,-0.96,1.35,0.5149025749963687,2.254088737662826,,,,0,1,Top,120.98,177.37,,,,,7.135716894305118,-135.47814437958084,-8.106924222969482,-13.280377906412228,25.637474196998916,-14.01425270500408,3.467,1.589,65.0,37.0,58.0,93.8,2155.0,6.4,632737,595978,656252,665926,608070,642708,669288,664702,605548,54.08,0.069,0.065,0.0,1.0,0.0,0.0,1.0,1,1,Sinker,0,0,0,0,0,0,0,0,Standard,Standard,216.0,0.022,0.039,,,,0.073,-0.039,88.0,0,0,0.5,0.5,26,24,26,25,1,0,6.0,1.0,6.0,1.0,1.25,0.96,-0.96,45.5,,,,,
ST,2021-08-27,83.1,2.45,6.05,"Duran, Jarren",680776,663531,field_out,hit_into_play,,,,,13.0,"Jarren Duran grounds out, second baseman Owen Miller to first baseman Yu Chang.",R,L,L,CLE,BOS,X,4.0,ground_ball,0,0,2021,-0.91,0.09,-0.4593414546835299,1.3795240493406404,,,,2,5,Top,137.11,156.45,,,,,-4.84415675960442,-120.911001930421,-4.348902027909533,-7.8986545694988495,24.41327911740172,-30.66351624612065,3.467,1.589,23.0,89.2,-3.0,82.3,2522.0,5.8,632735,467092,644374,680911,608070,642708,640458,664702,605548,54.65,0.267,0.242,0.0,1.0,0.0,0.0,2.0,32,1,Sweeper,2,1,1,2,1,2,1,2,Standard,Standard,305.0,0.015,-0.269,,,,0.271,0.269,89.2,1,-1,0.693,0.307,24,24,24,25,2,1,53.0,1.0,5.0,1.0,3.22,-0.91,-0.91,44.3,,,,,
FF,2021-08-27,93.0,1.92,6.15,"Duran, Jarren",680776,663531,field_out,hit_into_play,,,,,2.0,"Jarren Duran grounds out, second baseman Owen Miller to first baseman Yu Chang.",R,L,L,CLE,BOS,X,4.0,ground_ball,3,1,2021,0.37,1.32,0.1485821491490303,2.9701360206936647,,,,0,3,Top,139.06,140.57,,,,,-5.333088194647063,-135.3998618916705,-5.3096495750209645,5.62210457978063,26.5764373900008,-14.922075396834355,3.467,1.589,11.0,97.0,-15.0,93.2,1979.0,6.1,632735,467092,644374,680911,608070,642708,640458,664702,605548,54.37,0.251,0.251,0.0,1.0,0.0,0.0,2.0,15,5,4-Seam Fastball,0,0,0,0,0,0,0,0,Standard,Standard,141.0,0.041,-0.44,,,,0.255,0.44,97.0,0,0,0.484,0.516,24,24,24,25,1,0,53.0,1.0,5.0,1.0,1.29,0.37,0.37,50.7,,,,,
ST,2021-08-27,82.6,2.62,5.99,"Duran, Jarren",680776,663531,,ball,,,,,14.0,,R,L,L,CLE,BOS,B,,,2,1,2021,-0.83,0.09,1.0084113534857932,2.3844815501788172,,,,0,3,Top,,,,,,,-2.0514319183652763,-120.39741092853606,-1.9147313796738437,-7.711047369135667,22.534647955325557,-31.16728154522146,3.3260177023767,1.51374883113483,,,,82.1,2532.0,5.8,632735,467092,644374,680911,608070,642708,640458,664702,605548,54.72,,,,,,,,15,4,Sweeper,0,0,0,0,0,0,0,0,Standard,Standard,297.0,-0.012,0.126,,,,,-0.126,,0,0,0.496,0.504,24,24,24,25,1,0,53.0,1.0,5.0,1.0,3.23,-0.83,-0.83,44.2,,,,,
ST,2021-08-27,82.8,2.41,6.04,"Duran, Jarren",680776,663531,,ball,,,,,13.0,,R,L,L,CLE,BOS,B,,,1,1,2021,-1.31,-0.35,-1.3117943332832982,1.8912598684534037,,,,0,3,Top,,,,,,,-5.9056845570488905,-120.4293714854087,-2.277165709276055,-11.529879143520049,23.92271074705264,-35.33508890269967,3.72739361759579,1.66192604869867,,,,82.2,2502.0,6.0,632735,467092,644374,680911,608070,642708,640458,664702,605548,54.52,,,,,,,,15,3,Sweeper,0,0,0,0,0,0,0,0,Standard,Standard,311.0,-0.005,0.058,,,,,-0.058,,0,0,0.501,0.499,24,24,24,25,1,0,53.0,1.0,5.0,1.0,3.68,-1.31,-1.31,48.6,,,,,
FF,2021-08-27,93.6,2.02,6.18,"Duran, Jarren",680776,663531,,called_strike,,,,,7.0,,R,L,L,CLE,BOS,S,,,1,0,2021,0.54,1.41,-0.3487695918082396,1.5811262716123502,,,,0,3,Top,,,,,,,-7.271563969124127,-136.03006447845107,-9.236181666559393,8.186774523620892,26.411984624188214,-12.890994732126012,3.34343441192144,1.55472908024494,,,,93.7,2021.0,6.1,632735,467092,644374,680911,608070,642708,640458,664702,605548,54.37,,,,,,,,15,2,4-Seam Fastball,0,0,0,0,0,0,0,0,Standard,Standard,143.0,0.005,-0.054,,,,,0.054,,0,0,0.496,0.504,24,24,24,25,1,0,53.0,1.0,5.0,1.0,1.18,0.54,0.54,49.9,,,,,
FF,2021-08-27,93.2,1.96,6.17,"Duran, Jarren",680776,663531,,ball,,,,,13.0,,R,L,L,CLE,BOS,B,,,0,0,2021,0.28,1.38,-0.3779222714563265,1.3203703005842131,,,,0,3,Top,,,,,,,-6.590894549583105,-135.38979556382904,-9.75753680237281,4.7122246961308,26.07360869305062,-13.254689914792973,3.74961626923525,1.61119528773439,,,,93.3,1949.0,6.2,632735,467092,644374,680911,608070,642708,640458,664702,605548,54.34,,,,,,,,15,1,4-Seam Fastball,0,0,0,0,0,0,0,0,Standard,Standard,147.0,-0.004,0.043,,,,,-0.043,,0,0,0.5,0.5,24,24,24,25,1,0,53.0,1.0,5.0,1.0,1.22,0.28,0.28,51.5,,,,,
FF,2021-08-27,95.9,-0.2,6.52,"Duran, Jarren",680776,675916,single,hit_into_play,,,,,2.0,Jarren Duran singles on a ground ball to left fielder Oscar Mercado. Christian Vazquez to 2nd.,R,L,R,CLE,BOS,X,7.0,ground_ball,3,1,2021,-0.04,1.24,0.1398322768401882,3.047247163654596,,,543877.0,0,8,Top,91.65,110.94,,,,,0.981613221591339,-139.6469001084451,-6.433190380469558,-0.7587603458898352,28.246078110136448,-14.725901503852844,3.467,1.589,133.0,87.7,8.0,96.2,2175.0,6.2,632735,467092,644374,680911,608070,642708,640458,664702,605548,54.3,0.51,0.475,0.9,1.0,1.0,0.0,4.0,53,5,4-Seam Fastball,3,1,1,3,1,3,1,3,Standard,Standard,196.0,-0.064,0.296,,,,0.58,-0.296,88.0,2,-2,0.75,0.25,25,24,26,25,1,2,2.0,1.0,35.0,1.0,1.22,0.04,-0.04,64.1,,,,,
FF,2021-08-27,95.7,-0.12,6.49,"Duran, Jarren",680776,675916,,called_strike,,,,,3.0,,R,L,R,CLE,BOS,S,,,3,0,2021,0.13,1.17,0.2898712346690977,3.017560059337196,,,543877.0,0,8,Top,,,,,,,0.7701634842762234,-139.46187746166433,-6.256327242434728,1.5835695473602711,27.58646891590774,-15.689888155782114,3.37071167449837,1.6102850788949,,,,96.0,2208.0,6.1,632735,467092,644374,680911,608070,642708,640458,664702,605548,54.39,,,,,,,,53,4,4-Seam Fastball,3,1,1,3,1,3,1,3,Standard,Standard,192.0,0.021,-0.091,,,,,0.091,,2,-2,0.729,0.271,25,24,26,25,1,2,2.0,1.0,35.0,1.0,1.29,-0.13,0.13,63.9,,,,,
FF,2021-08-27,95.9,-0.25,6.5,"Duran, Jarren",680776,675916,,ball,,,,,11.0,,R,L,R,CLE,BOS,B,,,2,0,2021,0.0,1.28,-0.8383526364055603,3.837619021221935,,,543877.0,0,8,Top,,,,,,,-1.5606504687420002,-139.7104508458253,-4.394998779917439,0.3132890301400398,28.278605283451324,-14.537326712270644,3.44578796864748,1.53480566727606,,,,96.1,2193.0,6.1,632735,467092,644374,680911,608070,642708,640458,664702,605548,54.41,,,,,,,,53,3,4-Seam Fastball,3,1,1,3,1,3,1,3,Standard,Standard,195.0,-0.032,0.151,,,,,-0.151,,2,-2,0.761,0.239,25,24,26,25,1,2,2.0,1.0,35.0,1.0,1.17,0.0,0.0,62.9,,,,,
FF,2021-08-27,95.7,-0.25,6.54,"Duran, Jarren",680776,675916,,ball,,,,,12.0,,R,L,R,CLE,BOS,B,,,1,0,2021,-0.08,1.22,0.1665684219227959,4.45977902196147,,,543877.0,0,8,Top,,,,,,,1.2749837977482574,-139.4944493352811,-2.6700595576148034,-1.253600622411682,28.038673726089343,-15.821738888480484,3.3400810535187,1.50305949312413,,,,95.8,2138.0,6.0,632735,467092,644374,680911,608070,642708,640458,664702,605548,54.46,,,,,,,,53,2,4-Seam Fastball,3,1,1,3,1,3,1,3,Standard,Standard,191.0,-0.021,0.073,,,,,-0.073,,2,-2,0.782,0.2179999999999999,25,24,26,25,1,2,2.0,1.0,35.0,1.0,1.24,0.08,-0.08,63.8,,,,,
CU,2021-08-27,81.9,-0.17,6.6,"Duran, Jarren",680776,675916,,ball,,,,,1.0,,R,L,R,CLE,BOS,B,,,0,0,2021,0.01,-0.27,-0.7878730849497041,3.054548615918496,,,543877.0,0,8,Top,,,,,,,-1.3893669744539068,-119.34476088412954,-1.0106809321155936,0.2862695872721149,20.334256532750736,-34.77675377470746,3.35999999999007,1.59929506673423,,,,81.8,2158.0,5.9,632735,467092,644374,680911,608070,642708,640458,664702,605548,54.59,,,,,,,,53,1,Curveball,3,1,1,3,1,3,1,3,Standard,Standard,19.0,-0.011,0.038,,,,,-0.038,,2,-2,0.793,0.2069999999999999,25,24,26,25,1,2,2.0,1.0,35.0,1.0,3.63,-0.01,0.01,67.4,,,,,
CH,2021-08-26,80.0,-2.75,6.03,"Duran, Jarren",680776,607231,strikeout,swinging_strike,,,,,13.0,Jarren Duran strikes out swinging.,R,L,R,BOS,MIN,S,2.0,,1,2,2021,-0.93,0.62,-0.2025966418357838,1.328028163155076,,,,1,4,Bot,,,,,,,7.337117979941375,-116.36698459164576,-4.87763599121598,-9.73877030822234,19.25878849615737,-25.85984143534284,3.467,1.589,,,,80.2,1424.0,6.2,632741,680777,593934,650333,553902,592743,667670,624503,608701,54.34,,0.0,0.0,1.0,0.0,0.0,,30,5,Changeup,4,0,4,0,0,4,4,0,Strategic,Standard,243.0,-0.003,-0.181,,,,,0.181,,4,4,0.903,0.903,28,24,29,25,2,1,7.0,3.0,5.0,1.0,2.91,0.93,-0.93,45.9,,,,,
FC,2021-08-26,82.8,-2.78,5.96,"Duran, Jarren",680776,607231,,foul,,,,,8.0,,R,L,R,BOS,MIN,S,,,1,2,2021,0.17,-0.04,-0.1721474893052235,1.5503581032387852,,,,1,4,Bot,,,,,,,5.619961744323948,-120.64588188546944,-3.596183468447416,0.7153352359108766,20.24869038209066,-32.15117626170047,3.467,1.589,,,,83.1,2630.0,6.1,632741,680777,593934,650333,553902,592743,667670,624503,608701,54.4,,,,,,,,30,4,Cutter,4,0,4,0,0,4,4,0,Infield shade,Standard,65.0,0.0,0.0,,,,,0.0,,4,4,0.903,0.903,28,24,29,25,2,1,7.0,3.0,5.0,1.0,3.32,-0.17,0.17,,,,,,
FC,2021-08-26,83.5,-2.92,5.97,"Duran, Jarren",680776,607231,,ball,,,,,11.0,,R,L,R,BOS,MIN,B,,,0,2,2021,0.07,-0.02,-1.5668982134786902,3.263302084561355,,,,1,4,Bot,,,,,,,2.953253007461378,-121.71705138468938,0.1638081869732728,0.2126485668796462,21.83493963366932,-32.64951529936139,3.42874063273874,1.70264835427491,,,,83.5,2670.0,6.0,632741,680777,593934,650333,553902,592743,667670,624503,608701,54.49,,,,,,,,30,3,Cutter,4,0,4,0,0,4,4,0,Infield shade,Standard,73.0,0.0,0.021,,,,,-0.021,,4,4,0.903,0.903,28,24,29,25,2,1,7.0,3.0,5.0,1.0,3.26,-0.07,0.07,42.2,,,,,
CH,2021-08-26,79.1,-2.77,6.08,"Duran, Jarren",680776,607231,,foul,,,,,13.0,,R,L,R,BOS,MIN,S,,,0,1,2021,-0.93,0.79,-1.077081988150908,2.3408041116020226,,,,1,4,Bot,,,,,,,5.393360674221102,-115.07480615082484,-2.8328872932139166,-9.228226483998824,21.467998429048755,-24.81856991549381,3.467,1.589,189.0,69.1,58.0,78.9,1411.0,6.2,632741,680777,593934,650333,553902,592743,667670,624503,608701,54.33,,,,,,,,30,2,Changeup,4,0,4,0,0,4,4,0,Standard,Standard,241.0,-0.001,-0.056,,,,,0.056,88.0,4,4,0.904,0.904,28,24,29,25,2,1,7.0,3.0,5.0,1.0,2.85,0.93,-0.93,45.9,,,,,
CH,2021-08-26,78.3,-2.59,6.14,"Duran, Jarren",680776,607231,,called_strike,,,,,1.0,,R,L,R,BOS,MIN,S,,,0,0,2021,-0.88,0.74,-0.6799016586719296,3.435404885683078,,,,1,4,Bot,,,,,,,5.7257347620922445,-114.00302311256776,-0.3875314147030601,-8.654212420715636,19.613504100577664,-25.826188132440343,3.43048082255593,1.81818888765299,,,,78.3,1402.0,6.1,632741,680777,593934,650333,553902,592743,667670,624503,608701,54.37,,,,,,,,30,1,Changeup,4,0,4,0,0,4,4,0,Infield shade,Standard,242.0,-0.001,-0.043,,,,,0.043,,4,4,0.905,0.905,28,24,29,25,2,1,7.0,3.0,5.0,1.0,2.95,0.88,-0.88,47.5,,,,,
SI,2021-08-26,91.6,-2.39,5.85,"Duran, Jarren",680776,658305,walk,ball,,,,,14.0,Jarren Duran walks.,R,L,R,BOS,MIN,B,,,3,0,2021,-0.81,1.03,1.094689895077701,1.4089822489781878,,,,2,7,Bot,,,,,,,10.525725473071422,-132.75266575053206,-7.508993367516115,-11.917217265388713,29.625545435625284,-18.43028164789282,3.44159519808057,1.77968727570598,,,,91.2,2137.0,6.4,632741,680777,593934,650333,553902,592743,667670,624503,608701,54.12,,0.691717,0.7,1.0,0.0,0.0,,61,4,Sinker,10,2,10,2,2,10,10,2,Infield shade,Standard,211.0,0.0,0.119,,,,,-0.119,,8,8,0.998,0.998,24,24,25,25,2,3,5.0,3.0,,1.0,1.71,0.81,-0.81,49.5,,,,,
FF,2021-08-26,93.4,-2.28,5.86,"Duran, Jarren",680776,658305,,ball,,,,,14.0,,R,L,R,BOS,MIN,B,,,2,0,2021,-0.61,1.25,1.8736563225410343,1.1227718947122884,,,,2,7,Bot,,,,,,,12.057161666145175,-135.32946611104995,-9.199022378855464,-10.02988117973325,28.52544558886108,-14.827266581596838,3.47000000000051,1.64725742640906,,,,93.6,2186.0,6.6,632741,680777,593934,650333,553902,592743,667670,624503,608701,53.91,,,,,,,,61,3,4-Seam Fastball,10,2,10,2,2,10,10,2,Infield shade,Standard,214.0,0.0,0.098,,,,,-0.098,,8,8,0.998,0.998,24,24,25,25,2,3,5.0,3.0,,1.0,1.37,0.61,-0.61,52.2,,,,,
CH,2021-08-26,85.6,-2.12,5.97,"Duran, Jarren",680776,658305,,ball,,,,,11.0,,R,L,R,BOS,MIN,B,,,1,0,2021,-0.84,0.66,-0.8403013186701409,3.872038723337608,,,,2,7,Bot,,,,,,,4.736406910170118,-124.79759556202328,-0.1143631458773802,-9.71807723330827,21.24630630180634,-25.390387686492645,3.39184386227674,1.67904754492393,,,,86.6,1763.0,6.5,632741,680777,593934,650333,553902,592743,667670,624503,608701,54.01,,,,,,,,61,2,Changeup,10,2,10,2,2,10,10,2,Infield shade,Standard,217.0,0.0,0.062,,,,,-0.062,,8,8,0.998,0.998,24,24,25,25,2,3,5.0,3.0,,1.0,2.4,0.84,-0.84,55.3,,,,,
CH,2021-08-26,86.7,-2.25,5.93,"Duran, Jarren",680776,658305,,ball,,,,,11.0,,R,L,R,BOS,MIN,B,,,0,0,2021,-1.02,0.36,-2.003589545076302,3.4072439693664065,,,,2,7,Bot,,,,,,,2.680104066214312,-126.4041863914622,-0.6365946187490048,-11.479519524895656,23.946425880775937,-28.36433874522559,3.38873450624208,1.63263086966332,,,,87.4,1715.0,6.5,632741,680777,593934,650333,553902,592743,667670,624503,608701,54.04,,,,,,,,61,1,Changeup,10,2,10,2,2,10,10,2,Infield shade,Standard,221.0,0.0,0.04,,,,,-0.04,,8,8,0.998,0.998,24,24,25,25,2,3,5.0,3.0,,1.0,2.64,1.02,-1.02,51.2,,,,,
SI,2021-08-26,92.3,-2.87,5.85,"Duran, Jarren",680776,607231,force_out,hit_into_play,,,,,7.0,"Jarren Duran grounds into a force out, second baseman Luis Arraez to shortstop Andrelton Simmons. Christian Vazquez to 3rd. Christian Arroyo out at 2nd. Jarren Duran to 1st.",R,L,R,BOS,MIN,X,4.0,ground_ball,1,0,2021,-1.41,0.92,-0.4703780676177782,1.5371485231925663,,543877.0,624414.0,1,2,Bot,149.74,148.43,,,,,9.111898710743894,-133.89257967502334,-7.069375348927418,-18.96682965334417,29.420761072048094,-19.70251003732751,3.467,1.589,5.0,82.1,-18.0,91.7,2393.0,6.1,632741,680777,593934,650333,553902,592743,667670,624503,608701,54.38,0.073,0.095,0.0,1.0,0.0,0.0,2.0,15,2,Sinker,0,0,0,0,0,0,0,0,Standard,Standard,227.0,-0.048,-0.361,,,,0.098,0.361,88.0,0,0,0.599,0.599,28,24,29,25,1,0,7.0,3.0,5.0,1.0,1.78,1.41,-1.41,39.8,,,,,
SI,2021-08-26,93.4,-3.0,5.82,"Duran, Jarren",680776,607231,,ball,,,,,13.0,,R,L,R,BOS,MIN,B,,,0,0,2021,-1.31,0.94,-0.9714889406453628,2.456422859126304,,543877.0,624414.0,1,2,Bot,,,,,,,8.05918193696128,-135.70081648192598,-4.964845416910597,-17.96043148797547,28.72278992026384,-19.621037630412843,3.57043427756899,1.78932579380304,,,,93.0,2388.0,6.1,632741,680777,593934,650333,553902,592743,667670,624503,608701,54.44,,,,,,,,15,1,Sinker,0,0,0,0,0,0,0,0,Standard,Standard,230.0,0.006,0.048,,,,,-0.048,,0,0,0.593,0.593,28,24,29,25,1,0,7.0,3.0,5.0,1.0,1.67,1.31,-1.31,39.8,,,,,
FF,2021-08-26,94.0,-2.29,5.91,"Duran, Jarren",680776,658305,single,hit_into_play,,,,,8.0,Jarren Duran singles on a line drive to left fielder Brent Rooker. Christian Arroyo to 2nd.,R,L,R,BOS,MIN,X,7.0,line_drive,2,0,2021,-0.49,1.21,-0.0176100393246529,2.1244786081383578,,,624414.0,0,6,Bot,99.4,90.2,,,,,7.0005275884056015,-136.6066287122835,-6.7401332536388985,-7.765179237973401,31.683351254777,-15.734611206629904,3.467,1.589,270.0,96.4,14.0,94.0,1915.0,6.5,632741,680777,593934,650333,553902,592743,667670,624503,608701,54.0,0.874,0.86,0.9,1.0,1.0,0.0,4.0,49,3,4-Seam Fastball,5,2,5,2,2,5,5,2,Standard,Standard,212.0,0.011,0.356,,,,1.099,-0.356,96.4,3,3,0.928,0.928,24,24,25,25,1,2,5.0,3.0,,1.0,1.39,0.49,-0.49,51.5,,,,,
FF,2021-08-26,91.2,-2.26,5.96,"Duran, Jarren",680776,658305,,ball,,,,,11.0,,R,L,R,BOS,MIN,B,,,1,0,2021,-0.41,1.22,-0.961356147365968,4.010793594519621,,,624414.0,0,6,Bot,,,,,,,4.151464561138036,-132.8087367549837,-1.608421707724312,-5.808102414111117,30.32585783233551,-17.64225916691255,3.36228382830231,1.59000000000844,,,,91.2,1878.0,6.4,632741,680777,593934,650333,553902,592743,667670,624503,608701,54.13,,,,,,,,49,2,4-Seam Fastball,5,2,5,2,2,5,5,2,Strategic,Standard,212.0,0.003,0.073,,,,,-0.073,,3,3,0.925,0.925,24,24,25,25,1,2,5.0,3.0,,1.0,1.53,0.41,-0.41,53.9,,,,,
SI,2021-08-26,94.4,-2.43,5.85,"Duran, Jarren",680776,658305,,ball,,,,,13.0,,R,L,R,BOS,MIN,B,,,0,0,2021,-1.14,0.77,-0.0121379477428258,1.4707056075522744,,,624414.0,0,6,Bot,,,,,,,8.887378403332331,-137.22214290797285,-7.528767163961988,-16.271888671629803,26.61356720421068,-20.97164091141175,3.33111961179639,1.68371133077184,,,,95.4,2067.0,6.6,632741,680777,593934,650333,553902,592743,667670,624503,608701,53.85,,,,,,,,49,1,Sinker,5,2,5,2,2,5,5,2,Infield shade,Standard,211.0,0.002,0.038,,,,,-0.038,,3,3,0.923,0.923,24,24,25,25,1,2,5.0,3.0,,1.0,1.77,1.14,-1.14,52.1,,,,,
CU,2021-08-23,83.5,-1.1,6.25,"Duran, Jarren",680776,622250,strikeout,called_strike,,,,,5.0,Jarren Duran called out on strikes.,R,L,R,BOS,TEX,S,2.0,,2,2,2021,1.07,-1.09,0.1478621335808012,2.2759221236415716,,,657077.0,0,7,Bot,,,,,,,0.7538407362845183,-121.61135690103798,-0.5223202503253014,10.389730847718669,26.450505589302395,-43.03178222395499,3.35904358820998,1.69026011905875,,,,82.6,1839.0,5.9,632773,624431,663993,669256,660634,643396,641829,656847,666969,54.61,,0.0,0.0,1.0,0.0,0.0,,52,5,Curveball,3,1,3,1,1,3,3,1,Standard,Strategic,19.0,-0.013,-0.22,,,,,0.22,,2,2,0.9,0.9,27,24,28,25,1,0,3.0,3.0,1.0,3.0,4.38,-1.07,1.07,48.4,,,,,
FF,2021-08-23,97.6,-0.67,6.36,"Duran, Jarren",680776,622250,,ball,,,,,12.0,,R,L,R,BOS,TEX,B,,,1,2,2021,-0.42,1.54,1.0785730352994205,4.999385536362479,,,657077.0,0,7,Bot,,,,,,,5.5992087776887045,-141.99476203040595,-1.6412894304524324,-6.994523573253862,35.87386794041411,-11.350196231032193,3.3527631068879,1.68301184647395,,,,96.3,2271.0,5.8,632773,624431,663993,669256,660634,643396,641829,656847,666969,54.71,,,,,,,,52,4,4-Seam Fastball,3,1,3,1,1,3,3,1,Standard,Strategic,203.0,0.003,0.041,,,,,-0.041,,2,2,0.897,0.897,27,24,28,25,1,0,3.0,3.0,1.0,3.0,0.88,0.42,-0.42,50.6,,,,,
FF,2021-08-23,96.2,-0.83,6.28,"Duran, Jarren",680776,622250,,swinging_strike,,,,,12.0,,R,L,R,BOS,TEX,S,,,1,1,2021,-0.44,1.44,0.6148266621245193,3.87570104533652,,,657077.0,0,7,Bot,,,,,,,4.770596466619587,-140.0121571251414,-4.0437513233489355,-6.808091130029285,31.34330569717087,-12.526832011802089,3.467,1.589,,,,95.6,2233.0,5.9,632773,624431,663993,669256,660634,643396,641829,656847,666969,54.61,,,,,,,,52,3,4-Seam Fastball,3,1,3,1,1,3,3,1,Standard,Strategic,205.0,-0.004,-0.066,,,,,0.066,,2,2,0.901,0.901,27,24,28,25,1,0,3.0,3.0,1.0,3.0,1.02,0.44,-0.44,49.6,,,,,
FF,2021-08-23,97.8,-1.11,6.36,"Duran, Jarren",680776,622250,,ball,,,,,11.0,,R,L,R,BOS,TEX,B,,,0,1,2021,-0.63,1.34,-0.98928114696237,4.299457412371019,,,657077.0,0,7,Bot,,,,,,,1.75873531482904,-142.5488416889802,-3.1625677752099737,-8.95604814875461,31.29834618376992,-13.346626554199425,3.40550383604516,1.73670988689106,,,,97.2,2183.0,5.8,632773,624431,663993,669256,660634,643396,641829,656847,666969,54.75,,,,,,,,52,2,4-Seam Fastball,3,1,3,1,1,3,3,1,Standard,Strategic,201.0,0.001,0.027,,,,,-0.027,,2,2,0.9,0.9,27,24,28,25,1,0,3.0,3.0,1.0,3.0,1.03,0.63,-0.63,48.3,,,,,
FF,2021-08-23,96.9,-1.04,6.25,"Duran, Jarren",680776,622250,,foul,,,,,8.0,,R,L,R,BOS,TEX,S,,,0,0,2021,-0.67,1.4,-0.2150503769684587,2.029514843950501,,,657077.0,0,7,Bot,,,,,,,3.7222852493642873,-140.85496582471742,-8.796158676662778,-9.819722955953868,35.09770707561602,-11.703796362181627,3.467,1.589,249.0,92.6,15.0,95.8,2390.0,6.0,632773,624431,663993,669256,660634,643396,641829,656847,666969,54.54,,,,,,,,52,1,4-Seam Fastball,3,1,3,1,1,3,3,1,Strategic,Standard,206.0,-0.002,-0.038,,,,,0.038,92.6,2,2,0.902,0.902,27,24,28,25,1,0,3.0,3.0,1.0,3.0,1.05,0.67,-0.67,47.9,,,,,
CH,2021-08-20,84.3,-2.91,5.48,"Duran, Jarren",680776,641540,field_out,hit_into_play,,,,,13.0,Jarren Duran lines out to shortstop Isiah Kiner-Falefa.,R,L,R,BOS,TEX,X,6.0,line_drive,1,0,2021,-1.46,0.4,-0.8313559546315741,2.240729176771322,,,,1,4,Bot,121.7,127.55,,,,,7.752882507852146,-122.52463713889004,-1.9445867459746216,-16.23105725193441,24.183521743175305,-27.923351727144713,3.467,1.589,183.0,71.8,19.0,84.4,1814.0,6.4,632827,641680,628451,660634,571788,643396,641829,656847,666969,54.07,0.89,0.823,0.0,1.0,0.0,0.0,4.0,34,2,Changeup,2,0,2,0,0,2,2,0,Standard,Standard,248.0,-0.013,-0.299,,,,0.964,0.299,88.0,2,2,0.772,0.772,26,24,27,25,2,1,7.0,3.0,21.0,3.0,2.81,1.46,-1.46,35.0,,,,,
KC,2021-08-20,77.1,-2.62,5.73,"Duran, Jarren",680776,641540,,ball,,,,,11.0,,R,L,R,BOS,TEX,B,,,0,0,2021,0.57,-0.9,-0.7341605878799138,3.724482467589048,,,,1,4,Bot,,,,,,,2.984025256733108,-112.05579594370678,4.405571019072254,4.180223884108129,21.18501841851295,-40.82729555712309,3.33979582753594,1.58383359953859,,,,77.0,1755.0,6.4,632827,641680,628451,660634,571788,643396,641829,656847,666969,54.1,,,,,,,,34,1,Knuckle Curve,2,0,2,0,0,2,2,0,Standard,Standard,23.0,0.002,0.041,,,,,-0.041,,2,2,0.77,0.77,26,24,27,25,2,1,7.0,3.0,21.0,3.0,4.76,-0.57,0.57,41.2,,,,,
FF,2021-08-20,93.1,-1.09,6.29,"Duran, Jarren",680776,605194,field_out,hit_into_play,,,,,5.0,"Jarren Duran flies out to left fielder Jason Martin in foul territory, on fan interference.",R,L,R,BOS,TEX,X,7.0,fly_ball,2,1,2021,-0.75,1.48,0.2471664248372193,2.328572740359791,,,,1,8,Bot,41.91,121.67,,,,,4.9338790963572805,-135.37730374888017,-7.496437025422895,-10.26913442993377,28.61299803327622,-12.512733426249577,3.467,1.589,282.0,92.7,50.0,91.1,2436.0,5.1,632827,641680,628451,660634,571788,643396,641829,656847,666969,55.45,0.014,0.018,0.0,1.0,0.0,0.0,3.0,66,4,4-Seam Fastball,6,0,6,0,0,6,6,0,Infield shade,Standard,201.0,-0.001,-0.309,,,,0.027,0.309,92.7,6,6,0.998,0.998,29,24,29,25,1,3,2.0,3.0,4.0,3.0,1.15,0.75,-0.75,52.1,,,,,
FF,2021-08-20,92.0,-1.18,6.21,"Duran, Jarren",680776,605194,,swinging_strike,,,,,11.0,,R,L,R,BOS,TEX,S,,,2,0,2021,-0.78,1.57,-0.4788984289415946,3.608871382160146,,,,1,8,Bot,,,,,,,3.366603726557132,-133.89110112520564,-4.088009722124694,-10.115419460685604,28.27120288832556,-12.586402744868794,3.467,1.589,,,,90.0,2417.0,5.0,632827,641680,628451,660634,571788,643396,641829,656847,666969,55.51,,,,,,,,66,3,4-Seam Fastball,6,0,6,0,0,6,6,0,Infield shade,Standard,210.0,0.0,-0.07,,,,,0.07,,6,6,0.998,0.998,29,24,29,25,1,3,2.0,3.0,4.0,3.0,1.12,0.78,-0.78,51.4,,,,,
CH,2021-08-20,80.3,-1.12,6.17,"Duran, Jarren",680776,605194,,ball,,,,,14.0,,R,L,R,BOS,TEX,B,,,1,0,2021,-1.06,0.54,1.090093454724434,0.3047096361588588,,,,1,8,Bot,,,,,,,6.783841711380321,-116.68095322269268,-7.250441035860926,-10.94776037463846,19.824445990879703,-26.137070892132535,3.32312702132847,1.58747260523923,,,,79.2,2241.0,5.4,632827,641680,628451,660634,571788,643396,641829,656847,666969,55.08,,,,,,,,66,2,Changeup,6,0,6,0,0,6,6,0,Infield shade,Standard,246.0,0.0,0.079,,,,,-0.079,,6,6,0.998,0.998,29,24,29,25,1,3,2.0,3.0,4.0,3.0,2.98,1.06,-1.06,52.7,,,,,
FF,2021-08-20,93.3,-1.0,6.22,"Duran, Jarren",680776,605194,,ball,,,,,13.0,,R,L,R,BOS,TEX,B,,,0,0,2021,-0.6,1.53,-0.9179371342696354,1.0277783603501418,,,,1,8,Bot,,,,,,,1.4864210272783986,-135.5853550549952,-10.695833988447468,-7.754574899844877,28.453417695017453,-11.176416376415306,3.46272760980246,1.61812856964514,,,,91.1,2302.0,5.0,632827,641680,628451,660634,571788,643396,641829,656847,666969,55.54,,,,,,,,66,1,4-Seam Fastball,6,0,6,0,0,6,6,0,Standard,Standard,210.0,0.0,0.041,,,,,-0.041,,6,6,0.998,0.998,29,24,29,25,1,3,2.0,3.0,4.0,3.0,1.08,0.6,-0.6,50.5,,,,,
SI,2021-08-20,90.7,-2.83,5.46,"Duran, Jarren",680776,641540,field_out,hit_into_play,,,,,13.0,"Jarren Duran grounds out, third baseman Brock Holt to first baseman Andy Ibanez. Christian Vazquez to 3rd.",R,L,R,BOS,TEX,X,5.0,ground_ball,1,0,2021,-1.33,0.18,-1.0631960587377345,2.4161817515343147,,543877.0,,0,2,Bot,107.49,181.92,,,,,7.26321764785891,-131.8871190987403,-2.030552723159321,-17.097967372874514,29.78045253855429,-29.887643688086246,3.467,1.589,3.0,69.3,-34.0,90.5,2117.0,6.3,632827,641680,628451,660634,571788,643396,641829,656847,666969,54.16,0.076,0.09,0.0,1.0,0.0,0.0,2.0,17,2,Sinker,1,0,1,0,0,1,1,0,Standard,Standard,217.0,-0.011,-0.261,,,,0.08,0.261,88.0,1,1,0.712,0.712,26,24,27,25,1,0,7.0,3.0,21.0,3.0,2.61,1.33,-1.33,32.5,,,,,
SI,2021-08-20,90.2,-2.82,5.39,"Duran, Jarren",680776,641540,,ball,,,,,13.0,,R,L,R,BOS,TEX,B,,,0,0,2021,-1.37,0.25,-1.2909712800020363,2.3049356443400453,,543877.0,,0,2,Bot,,,,,,,6.747585431316907,-131.1294955912583,-2.190106127857523,-17.25000473760899,30.286118354755654,-29.054548728105463,3.36883242880533,1.61545553071046,,,,90.3,2103.0,6.6,632827,641680,628451,660634,571788,643396,641829,656847,666969,53.87,,,,,,,,17,1,Sinker,1,0,1,0,0,1,1,0,Standard,Standard,220.0,0.002,0.04,,,,,-0.04,,1,1,0.71,0.71,26,24,27,25,1,0,7.0,3.0,21.0,3.0,2.58,1.37,-1.37,34.0,,,,,
SL,2021-08-20,86.0,-1.22,6.28,"Duran, Jarren",680776,622250,double,hit_into_play,,,,,5.0,Jarren Duran doubles (3) on a sharp line drive to right fielder Adolis Garcia.,R,L,R,BOS,TEX,X,9.0,line_drive,2,0,2021,0.16,0.07,0.2213011016680979,2.681742810367101,,,,0,6,Bot,199.36,98.83,,,,,3.0581454016485368,-125.21541051466832,-2.406696212341875,1.1138469099578678,25.386153595674035,-31.212873208099857,3.467,1.589,306.0,101.3,17.0,85.3,2026.0,5.8,632827,641680,628451,660634,571788,643396,641829,656847,666969,54.71,0.488,0.523,1.25,1.0,1.0,1.0,4.0,50,3,Slider,5,0,5,0,0,5,5,0,Standard,Standard,110.0,0.005,0.593,,,,0.757,-0.593,101.3,5,5,0.975,0.975,27,24,28,25,1,2,2.0,3.0,3.0,3.0,3.01,-0.16,0.16,44.8,,,,,
FF,2021-08-20,96.0,-0.97,6.38,"Duran, Jarren",680776,622250,,ball,,,,,11.0,,R,L,R,BOS,TEX,B,,,1,0,2021,-0.49,1.43,-1.5772914025072673,2.955957626533361,,,,0,6,Bot,,,,,,,-0.4822006204532755,-139.6898978470848,-6.6765310498147565,-6.3717552148393874,30.57509422062808,-12.194450695215542,3.41618717458399,1.58734723208451,,,,95.6,2201.0,6.0,632827,641680,628451,660634,571788,643396,641829,656847,666969,54.53,,,,,,,,50,2,4-Seam Fastball,5,0,5,0,0,5,5,0,Standard,Standard,204.0,0.001,0.078,,,,,-0.078,,5,5,0.974,0.974,27,24,28,25,1,2,2.0,3.0,3.0,3.0,1.04,0.49,-0.49,50.8,,,,,
FF,2021-08-20,95.4,-0.98,6.46,"Duran, Jarren",680776,622250,,ball,,,,,11.0,,R,L,R,BOS,TEX,B,,,0,0,2021,-0.56,1.52,-1.4963828941242667,3.385969438143966,,,,0,6,Bot,,,,,,,-0.1079732074803036,-138.86177309254856,-5.836510246856602,-7.189680821529579,30.401445161545578,-11.376510727202158,3.40365609589303,1.64782691049362,,,,94.6,2312.0,5.8,632827,641680,628451,660634,571788,643396,641829,656847,666969,54.73,,,,,,,,50,1,4-Seam Fastball,5,0,5,0,0,5,5,0,Standard,Standard,204.0,0.0,0.043,,,,,-0.043,,5,5,0.974,0.974,27,24,28,25,1,2,2.0,3.0,3.0,3.0,0.98,0.56,-0.56,49.1,,,,,
FF,2021-08-17,94.9,-2.55,5.71,"Duran, Jarren",680776,661563,single,hit_into_play,,,,,3.0,Jarren Duran singles on a fly ball to right fielder Giancarlo Stanton.,R,L,R,NYY,BOS,X,9.0,fly_ball,0,0,2021,-0.33,1.4,0.5213166851465514,3.2570257043729622,,,,0,5,Top,144.31,110.7,,,,,8.81697837965643,-137.8775661535802,-3.906943971183014,-6.135270922219796,30.61479928175121,-13.622331496017129,3.467,1.589,210.0,63.3,31.0,95.5,2347.0,6.7,632893,543309,572228,518934,596059,642180,608336,458731,519317,53.77,0.734,0.675,0.9,1.0,1.0,0.0,4.0,36,1,4-Seam Fastball,2,0,0,2,0,2,0,2,Standard,Standard,208.0,-0.061,0.45,,,,0.798,-0.45,88.0,2,-2,0.815,0.185,23,24,23,25,2,1,9.0,3.0,22.0,3.0,1.14,0.33,-0.33,39.0,,,,,
FF,2021-08-17,97.5,-2.58,5.8,"Duran, Jarren",680776,661563,strikeout,swinging_strike,,,,,11.0,Jarren Duran strikes out swinging.,R,L,R,NYY,BOS,S,2.0,,0,2,2021,-0.1,1.39,-0.3511553439434919,3.9388654398494136,,502110.0,656941.0,1,2,Top,,,,,,,6.302744082517352,-141.94482038446478,-2.742299849942126,-2.7483364413626576,31.282998649587785,-12.865224130365252,3.467,1.589,,,,98.9,2427.0,6.9,632893,543309,572228,518934,596059,642180,608336,458731,519317,53.56,,0.0,0.0,1.0,0.0,0.0,,12,3,4-Seam Fastball,0,0,0,0,0,0,0,0,Standard,Standard,198.0,0.033,-0.155,,,,,0.155,,0,0,0.474,0.526,23,24,23,25,1,0,9.0,3.0,22.0,3.0,0.99,0.1,-0.1,42.4,,,,,
SL,2021-08-17,84.2,-3.03,5.41,"Duran, Jarren",680776,661563,,called_strike,,,,,2.0,,R,L,R,NYY,BOS,S,,,0,1,2021,0.71,-0.14,0.0338542473227723,2.753489815621648,,502110.0,656941.0,1,2,Top,,,,,,,5.785260997321209,-122.65761719029662,0.415441797874714,6.259719153044394,20.967041306091875,-33.82311242909154,3.24400229364225,1.58999999999656,,,,85.9,2350.0,7.0,632893,543309,572228,518934,596059,642180,608336,458731,519317,53.5,,,,,,,,12,2,Slider,0,0,0,0,0,0,0,0,Standard,Standard,74.0,0.014,-0.058,,,,,0.058,,0,0,0.46,0.54,23,24,23,25,1,0,9.0,3.0,22.0,3.0,3.31,-0.71,0.71,35.1,,,,,
FF,2021-08-17,96.7,-2.71,5.7,"Duran, Jarren",680776,661563,,swinging_strike,,,,,12.0,,R,L,R,NYY,BOS,S,,,0,0,2021,-0.01,1.36,0.4256514159343554,3.616321326196448,,502110.0,656941.0,1,2,Top,,,,,,,8.476528309340045,-140.59924352466496,-3.156644021094607,-1.9900693368963451,29.846442079069895,-13.513672507020232,3.467,1.589,,,,97.8,2444.0,6.8,632893,543309,572228,518934,596059,642180,608336,458731,519317,53.66,,,,,,,,12,1,4-Seam Fastball,0,0,0,0,0,0,0,0,Standard,Standard,194.0,0.008,-0.038,,,,,0.038,,0,0,0.452,0.548,23,24,23,25,1,0,9.0,3.0,22.0,3.0,1.07,0.01,-0.01,41.1,,,,,
FF,2021-08-14,93.6,-2.99,5.67,"Duran, Jarren",680776,605347,strikeout,swinging_strike,,,,,12.0,Jarren Duran strikes out swinging.,R,L,R,BOS,BAL,S,2.0,,1,2,2021,-0.66,1.37,0.3609778877088216,3.7955652336040586,,,,1,3,Bot,,,,,,,10.116306898073912,-136.1590200878996,-2.2028250525291995,-10.167204949157467,25.16807664136219,-14.705676348322651,3.467,1.589,,,,94.5,2102.0,6.5,632905,642851,641820,622761,596748,621006,623993,663630,669720,54.04,,0.0,0.0,1.0,0.0,0.0,,29,4,4-Seam Fastball,6,2,6,2,2,6,6,2,Standard,Standard,219.0,-0.004,-0.181,,,,,0.181,,4,4,0.884,0.884,28,24,28,25,2,1,6.0,1.0,5.0,3.0,1.2,0.66,-0.66,37.0,,,,,
CH,2021-08-14,88.1,-2.97,5.75,"Duran, Jarren",680776,605347,,foul,,,,,13.0,,R,L,R,BOS,BAL,S,,,1,1,2021,-1.26,0.25,-0.8856664661948541,1.7930024306435657,,,,1,3,Bot,,,,,,,7.64882612057604,-128.28416600963988,-4.137299985010642,-15.405847314533268,21.219505050302136,-28.87513902158768,3.467,1.589,2.0,69.1,-38.0,88.6,1439.0,6.1,632905,642851,641820,622761,596748,621006,623993,663630,669720,54.38,,,,,,,,29,3,Changeup,6,2,6,2,2,6,6,2,Standard,Standard,239.0,-0.002,-0.068,,,,,0.068,88.0,4,4,0.886,0.886,28,24,28,25,2,1,6.0,1.0,5.0,3.0,2.64,1.26,-1.26,35.8,,,,,
KC,2021-08-14,80.4,-3.0,5.73,"Duran, Jarren",680776,605347,,swinging_strike,,,,,14.0,,R,L,R,BOS,BAL,S,,,1,0,2021,0.77,-0.98,0.3879085047951396,0.82946822685778,,,,1,3,Bot,,,,,,,6.026694154581397,-116.9810454015266,-2.313626465861017,5.960953309002817,21.973449959583537,-40.95279511618913,3.467,1.589,,,,80.1,2475.0,6.1,632905,642851,641820,622761,596748,621006,623993,663630,669720,54.44,,,,,,,,29,2,Knuckle Curve,6,2,6,2,2,6,6,2,Standard,Standard,47.0,-0.001,-0.051,,,,,0.051,,4,4,0.887,0.887,28,24,28,25,2,1,6.0,1.0,5.0,3.0,4.51,-0.77,0.77,38.7,,,,,
SI,2021-08-14,94.2,-3.02,5.74,"Duran, Jarren",680776,605347,,ball,,,,,11.0,,R,L,R,BOS,BAL,B,,,0,0,2021,-1.31,0.84,-1.4465452923329034,3.902277660223453,,,,1,3,Bot,,,,,,,6.966242759940586,-137.05540515169923,-0.9721118814604034,-18.08140755472494,28.154922625627524,-21.551251246718085,3.4699999999963,1.65969539644522,,,,94.1,2054.0,6.1,632905,642851,641820,622761,596748,621006,623993,663630,669720,54.44,,,,,,,,29,1,Sinker,6,2,6,2,2,6,6,2,Standard,Standard,220.0,0.001,0.041,,,,,-0.041,,4,4,0.886,0.886,28,24,28,25,2,1,6.0,1.0,5.0,3.0,1.72,1.31,-1.31,38.0,,,,,
SI,2021-08-14,96.9,-2.7,5.75,"Duran, Jarren",680776,605347,force_out,hit_into_play,,,,,6.0,"Jarren Duran grounds into a force out, third baseman Maikel Franco to shortstop Richie Martin. Hunter Renfroe out at 2nd. Jarren Duran to 1st.",R,L,R,BOS,BAL,X,5.0,ground_ball,0,0,2021,-1.25,0.79,0.5260952852489982,2.3923307429552745,,,592669.0,1,1,Bot,101.45,160.16,,,,,11.45952390496285,-140.69583993165398,-5.307411414609451,-18.991952397324436,26.4514931450938,-20.60992270085792,3.467,1.589,79.0,87.6,4.0,97.4,2173.0,6.3,632905,642851,641820,622761,596748,621006,623993,663630,669720,54.17,0.451,0.406,0.0,1.0,0.0,0.0,2.0,11,1,Sinker,4,0,4,0,0,4,4,0,Standard,Standard,219.0,-0.012,-0.326,,,,0.476,0.326,88.0,4,4,0.864,0.864,28,24,28,25,1,0,6.0,1.0,5.0,3.0,1.61,1.25,-1.25,37.8,,,,,
FF,2021-08-14,91.2,-1.46,6.12,"Duran, Jarren",680776,592644,triple,hit_into_play,,,,,14.0,Jarren Duran triples (2) on a sharp fly ball to center fielder Ryan McKenna. Hunter Renfroe scores.,R,L,R,BOS,BAL,X,8.0,fly_ball,0,0,2021,-0.21,1.57,0.5823722145804711,1.29819114402531,,,592669.0,0,5,Bot,153.07,37.64,,,,,5.529576236734956,-132.40357249628912,-9.514329825849678,-3.5861623902172735,27.773717112380357,-11.865548841886172,3.467,1.589,403.0,101.0,27.0,90.6,2167.0,6.0,632905,642851,641820,622761,596748,621006,623993,663630,669720,54.48,0.597,1.1180277777777785,1.6,1.0,1.0,2.0,6.0,46,1,4-Seam Fastball,7,2,7,2,2,8,8,2,Standard,Standard,197.0,0.021,1.0,,,,2.181,-1.0,101.0,5,5,0.965,0.965,29,24,30,25,1,2,4.0,1.0,,3.0,1.18,0.21,-0.21,,,,,,
EP,2021-08-14,48.5,-1.17,6.77,"Duran, Jarren",680776,642851,field_out,hit_into_play,,,,,12.0,Jarren Duran lines out to right fielder Austin Hays.,R,L,R,BOS,BAL,X,9.0,line_drive,0,0,2021,-0.03,1.33,0.0399753986444228,3.908928819739268,,,,1,8,Bot,173.34,91.79,,,,,1.5886019354306475,-70.33079626131047,5.475765848710424,-0.2676822648053549,7.591754391602218,-28.544955188147373,3.467,1.589,291.0,99.9,18.0,46.8,1133.0,4.4,632905,600474,641820,622761,596748,621006,621466,663630,669720,56.08,0.395,0.45,0.0,1.0,0.0,0.0,4.0,75,1,Eephus,16,2,16,2,2,16,16,2,Standard,Standard,192.0,0.0,-0.259,,,,0.683,0.259,99.9,14,14,0.999,0.999,30,24,31,25,1,4,,1.0,,3.0,8.39,0.03,-0.03,59.7,,,,,
SI,2021-08-14,84.7,-1.95,5.78,"Duran, Jarren",680776,491624,field_out,hit_into_play,,,,,4.0,Jarren Duran lines out sharply to shortstop Richie Martin.,R,L,R,BOS,BAL,X,6.0,line_drive,1,0,2021,-1.2,0.0,-0.3501380557958589,2.871635618758836,,,,0,6,Bot,118.83,126.57,,,,,6.020655158983987,-123.35831886134274,-0.5484271155510612,-13.445766338488331,21.839989637111024,-32.24474180417645,3.467,1.589,186.0,106.4,9.0,83.8,1875.0,5.4,632905,642851,641820,622761,596748,621006,621466,663630,669720,55.13,0.764,0.716,0.0,1.0,0.0,0.0,4.0,59,2,Sinker,14,2,14,2,2,14,14,2,Standard,Standard,256.0,0.0,-0.312,,,,0.901,0.312,106.4,12,12,0.999,0.999,36,24,36,25,1,3,1.0,1.0,4.0,3.0,3.14,1.2,-1.2,25.4,,,,,
SL,2021-08-14,75.7,-2.14,5.76,"Duran, Jarren",680776,491624,,ball,,,,,11.0,,R,L,R,BOS,BAL,B,,,0,0,2021,0.79,0.03,-1.143264684175727,3.03251131784225,,,,0,6,Bot,,,,,,,0.6821456713678475,-110.36535205692616,1.2385027340593804,6.325640883827447,18.848805427951948,-32.317403172266566,3.46999999999908,1.62675393510817,,,,74.6,2221.0,5.3,632905,642851,641820,622761,596748,621006,621466,663630,669720,55.21,,,,,,,,59,1,Slider,14,2,14,2,2,14,14,2,Standard,Standard,67.0,0.0,0.043,,,,,-0.043,,12,12,0.999,0.999,36,24,36,25,1,3,1.0,1.0,4.0,3.0,3.92,-0.79,0.79,25.2,,,,,
CU,2021-08-13,80.0,-1.07,6.22,"Duran, Jarren",680776,657093,double,hit_into_play,,,,,8.0,Jarren Duran doubles (2) on a line drive to right fielder Austin Hays. Kyle Schwarber scores. Kevin Plawecki to 3rd.,R,L,R,BOS,BAL,X,9.0,line_drive,1,2,2021,-0.05,-0.4,0.1912093988697711,1.524797691461648,,656941.0,608700.0,2,3,Bot,180.54,132.84,,,,,2.871244864983116,-116.65249493166422,-2.99685808337136,-0.937160254816702,19.271794071492405,-35.57139648212558,3.467,1.589,156.0,95.7,9.0,80.3,2207.0,6.1,632902,600474,641820,622761,596748,621006,623993,656775,669720,54.42,0.658,0.592,1.25,1.0,1.0,1.0,4.0,29,4,Curveball,4,1,4,1,1,5,5,1,Standard,Standard,39.0,0.068,1.08,,,,0.7,-1.08,95.7,3,3,0.829,0.829,28,24,29,25,2,1,6.0,1.0,5.0,1.0,3.91,0.05,-0.05,61.9,,,,,
CU,2021-08-13,79.0,-1.04,6.16,"Duran, Jarren",680776,657093,,swinging_strike,,,,,14.0,,R,L,R,BOS,BAL,S,,,1,1,2021,-0.03,-0.67,0.8242290204117794,1.531579976724032,,656941.0,608700.0,2,3,Bot,,,,,,,4.122017276274919,-115.07600929619517,-2.1317208711921967,-0.9383636771862875,19.04329816006369,-37.98132583312231,3.467,1.589,,,,79.4,2285.0,6.3,632902,600474,641820,622761,596748,621006,623993,656775,669720,54.22,,,,,,,,29,3,Curveball,4,1,4,1,1,4,4,1,Standard,Standard,14.0,-0.006,-0.073,,,,,0.073,,3,3,0.835,0.835,28,24,29,25,2,1,6.0,1.0,5.0,1.0,4.28,0.03,-0.03,,,,,,
CH,2021-08-13,83.6,-1.17,6.17,"Duran, Jarren",680776,657093,,blocked_ball,,,,,14.0,,R,L,R,BOS,BAL,B,,,0,1,2021,-0.83,0.7,0.2440827029026272,0.2263276932576539,,656941.0,608700.0,2,3,Bot,,,,,,,4.884364046014524,-121.52357049622536,-8.717578491239792,-9.096577874286291,20.98543750297224,-23.80757634246852,3.48924266909771,1.75954076570726,,,,83.9,1480.0,6.3,632902,600474,641820,622761,596748,621006,623993,656775,669720,54.21,,,,,,,,29,2,Changeup,4,1,4,1,1,4,4,1,Standard,Standard,198.0,0.002,0.034,,,,,-0.034,,3,3,0.833,0.833,28,24,29,25,2,1,6.0,1.0,5.0,1.0,2.53,0.83,-0.83,60.3,,,,,
FF,2021-08-13,90.4,-1.15,6.22,"Duran, Jarren",680776,657093,,foul,,,,,3.0,,R,L,R,BOS,BAL,S,,,0,0,2021,-0.21,1.46,0.62961302702132,3.2857017256209384,,656941.0,608700.0,2,3,Bot,,,,,,,4.885362904398389,-131.65366114211255,-4.527346544468828,-3.3968490947025174,25.856237584863653,-14.36348918589075,3.467,1.589,190.0,72.0,60.0,90.7,2218.0,6.2,632902,600474,641820,622761,596748,621006,623993,656775,669720,54.27,,,,,,,,29,1,4-Seam Fastball,4,1,4,1,1,4,4,1,Standard,Standard,191.0,-0.003,-0.047,,,,,0.047,88.0,3,3,0.836,0.836,28,24,29,25,2,1,6.0,1.0,5.0,1.0,1.31,0.21,-0.21,61.0,,,,,
FC,2021-08-13,88.6,-1.09,6.21,"Duran, Jarren",680776,657093,single,hit_into_play,,,,,9.0,Jarren Duran singles on a ground ball to right fielder Austin Hays. Hunter Renfroe scores. Kyle Schwarber to 3rd. Kevin Plawecki to 2nd.,R,L,R,BOS,BAL,X,9.0,ground_ball,2,1,2021,0.05,0.78,0.6382631490905892,1.7621809236339656,592669.0,656941.0,608700.0,0,2,Bot,162.3,80.2,,,,,4.137472690571805,-128.93403304842482,-6.475441090518427,-0.2843381353167689,24.628815219208033,-22.333189460551385,3.467,1.589,133.0,108.2,8.0,89.0,2349.0,6.3,632902,600474,641820,622761,596748,621006,623993,656775,669720,54.16,0.753,0.71,0.9,1.0,1.0,0.0,4.0,16,4,Cutter,0,0,0,0,0,1,1,0,Standard,Standard,170.0,0.069,0.35,,,,0.876,-0.35,108.2,0,0,0.723,0.723,28,24,29,25,1,0,6.0,1.0,5.0,1.0,2.1,-0.05,0.05,59.6,,,,,
FF,2021-08-13,90.9,-1.13,6.25,"Duran, Jarren",680776,657093,,ball,,,,,13.0,,R,L,R,BOS,BAL,B,,,1,1,2021,-0.22,1.58,-1.4771791568372252,2.5535690984248274,592669.0,656941.0,608700.0,0,2,Bot,,,,,,,-0.4082309358444372,-132.38640130850706,-6.760704007975351,-2.4743604524024048,27.030182573385733,-12.380531580084954,3.59645881035295,1.73937776481016,,,,91.1,2185.0,6.3,632902,600474,641820,622761,596748,621006,623993,656775,669720,54.22,,,,,,,,16,3,4-Seam Fastball,0,0,0,0,0,0,0,0,Standard,Standard,194.0,0.011,0.073,,,,,-0.073,,0,0,0.712,0.712,28,24,29,25,1,0,6.0,1.0,5.0,1.0,1.17,0.22,-0.22,60.4,,,,,
CU,2021-08-13,79.8,-1.07,6.22,"Duran, Jarren",680776,657093,,ball,,,,,14.0,,R,L,R,BOS,BAL,B,,,0,1,2021,0.1,-0.45,0.9526627940598767,2.1129052567869646,592669.0,656941.0,608700.0,0,2,Bot,,,,,,,4.256795264315966,-116.18887377084997,-1.5240589643028104,0.1882966130230559,20.012083317209708,-36.21809276924804,3.54858317948378,1.795861599114,,,,80.2,2475.0,6.3,632902,600474,641820,622761,596748,621006,623993,656775,669720,54.16,,,,,,,,16,2,Curveball,0,0,0,0,0,0,0,0,Standard,Standard,35.0,0.006,0.036,,,,,-0.036,,0,0,0.706,0.706,28,24,29,25,1,0,6.0,1.0,5.0,1.0,4.0,-0.1,0.1,61.2,,,,,
CU,2021-08-13,79.2,-1.13,6.19,"Duran, Jarren",680776,657093,,foul,,,,,5.0,,R,L,R,BOS,BAL,S,,,0,0,2021,0.2,-0.38,0.2079026737823334,2.3670694724433377,592669.0,656941.0,608700.0,0,2,Bot,,,,,,,2.5349784494691874,-115.36289375641604,-0.8551160807102323,1.3413752138116315,21.545172955085334,-35.62412474194048,3.467,1.589,5.0,86.2,-25.0,79.2,2367.0,6.2,632902,600474,641820,622761,596748,621006,623993,656775,669720,54.28,,,,,,,,16,1,Curveball,0,0,0,0,0,0,0,0,Standard,Standard,34.0,-0.009,-0.058,,,,,0.058,88.0,0,0,0.715,0.715,28,24,29,25,1,0,6.0,1.0,5.0,1.0,4.01,-0.2,0.2,,,,,,
CH,2021-08-13,80.2,0.06,5.96,"Duran, Jarren",680776,643400,field_out,hit_into_play,,,,,2.0,Jarren Duran grounds out to first baseman Trey Mancini.,R,L,R,BOS,BAL,X,3.0,ground_ball,1,2,2021,-0.46,0.8,0.1835558557019516,3.0023816157433325,,,,0,6,Bot,150.63,167.95,,,,,1.129820452414018,-116.84226035013477,-1.3551401299541528,-4.4241648960364,22.620337497310295,-24.84532890897924,3.467,1.589,12.0,93.3,-14.0,79.9,1473.0,6.1,632902,600474,641820,622761,596748,621006,623993,656775,669720,54.43,0.171,0.154,0.0,1.0,0.0,0.0,2.0,49,4,Changeup,6,1,6,1,1,6,6,1,Standard,Standard,196.0,-0.002,-0.194,,,,0.196,0.194,93.3,5,5,0.973,0.973,30,24,31,25,1,2,2.0,1.0,35.0,1.0,2.75,0.46,-0.46,66.6,,,,,
CH,2021-08-13,81.3,0.07,6.03,"Duran, Jarren",680776,643400,,swinging_strike,,,,,14.0,,R,L,R,BOS,BAL,S,,,1,1,2021,-0.88,0.73,0.3273100742947655,1.361723713738705,,,,0,6,Bot,,,,,,,2.24405166701209,-118.33744313338715,-5.221984708694984,-8.670087424596325,23.624193604471117,-24.493096783882823,3.467,1.589,,,,80.8,1406.0,6.0,632902,600474,641820,622761,596748,621006,623993,656775,669720,54.47,,,,,,,,49,3,Changeup,6,1,6,1,1,6,6,1,Standard,Standard,205.0,-0.001,-0.064,,,,,0.064,,5,5,0.974,0.974,30,24,31,25,1,2,2.0,1.0,35.0,1.0,2.73,0.88,-0.88,64.9,,,,,
CH,2021-08-13,81.6,0.19,6.0,"Duran, Jarren",680776,643400,,ball,,,,,14.0,,R,L,R,BOS,BAL,B,,,0,1,2021,-0.71,0.71,0.7597813850830903,1.2086924772912837,,,,0,6,Bot,,,,,,,2.645787733851404,-118.84472794995123,-5.5814459241611365,-7.2388396923114815,21.83375596993916,-24.597953831787297,3.31672748925204,1.51007838560126,,,,81.4,1463.0,6.0,632902,600474,641820,622761,596748,621006,623993,656775,669720,54.46,,,,,,,,49,2,Changeup,6,1,6,1,1,6,6,1,Standard,Standard,205.0,0.0,0.03,,,,,-0.03,,5,5,0.974,0.974,30,24,31,25,1,2,2.0,1.0,35.0,1.0,2.7,0.71,-0.71,,,,,,
CH,2021-08-13,77.1,-1.98,4.69,"Duran, Jarren",680776,491624,strikeout,foul_tip,,,,,13.0,Jarren Duran strikes out on a foul tip.,R,L,R,BOS,BAL,S,2.0,,0,2,2021,-0.48,-0.87,-0.7893588607802382,1.465666574970789,,,608700.0,1,7,Bot,,,,,,,3.3392887714448305,-112.2008374928882,1.653079900492464,-4.700783017342443,20.754370800689447,-40.05568304737377,3.467,1.589,,,,75.7,1863.0,5.3,632902,600474,641820,622761,596748,621006,623993,656775,669720,55.21,,0.0,0.0,1.0,0.0,0.0,,62,3,Changeup,8,1,8,1,1,8,8,1,Standard,Standard,294.0,-0.001,-0.161,,,,,0.161,,7,7,0.997,0.997,36,24,36,25,1,3,2.0,1.0,1.0,1.0,4.71,0.48,-0.48,2.8,,,,,
FF,2021-08-13,91.5,-0.12,5.89,"Duran, Jarren",680776,643400,,called_strike,,,,,4.0,,R,L,R,BOS,BAL,S,,,0,0,2021,-0.38,1.64,-0.7102384432522848,2.0495167797671976,,,,0,6,Bot,,,,,,,-0.676011144104605,-133.09147537353388,-7.323707968603325,-4.36358788902821,28.276237596251857,-11.370156361689526,3.0420800461241,1.4508167501626,,,,91.3,2146.0,6.2,632902,600474,641820,622761,596748,621006,623993,656775,669720,54.31,,,,,,,,49,1,4-Seam Fastball,6,1,6,1,1,6,6,1,Standard,Standard,202.0,0.0,-0.042,,,,,0.042,,5,5,0.974,0.974,30,24,31,25,1,2,2.0,1.0,35.0,1.0,1.09,0.38,-0.38,57.0,,,,,
CH,2021-08-13,77.3,-1.76,4.83,"Duran, Jarren",680776,491624,,foul,,,,,6.0,,R,L,R,BOS,BAL,S,,,0,1,2021,-0.66,-0.69,0.5509521770814516,2.319907725353995,,,608700.0,1,7,Bot,,,,,,,5.991987722602184,-112.41133115532776,2.7647546501240075,-6.648511898322339,19.8940553484815,-38.72114000276571,3.467,1.589,122.0,59.5,66.0,75.9,1894.0,5.3,632902,600474,641820,622761,596748,621006,623993,656775,669720,55.23,,,,,,,,62,2,Changeup,8,1,8,1,1,8,8,1,Standard,Standard,294.0,0.0,-0.054,,,,,0.054,88.0,7,7,0.997,0.997,36,24,36,25,1,3,2.0,1.0,1.0,1.0,4.5,0.66,-0.66,6.4,,,,,
CH,2021-08-13,78.5,-1.74,5.59,"Duran, Jarren",680776,491624,,foul,,,,,14.0,,R,L,R,BOS,BAL,S,,,0,0,2021,-1.22,-0.63,0.6531487095399497,1.1466810170212614,,,608700.0,1,7,Bot,,,,,,,7.330128999455966,-114.12958614825982,-1.5533137720641148,-12.066210126994356,22.48110375094273,-37.53373844724295,3.467,1.589,3.0,56.3,-25.0,77.2,1701.0,5.5,632902,600474,641820,622761,596748,621006,623993,656775,669720,54.95,,,,,,,,62,1,Changeup,8,1,8,1,1,8,8,1,Standard,Standard,272.0,0.0,-0.041,,,,,0.041,88.0,7,7,0.997,0.997,36,24,36,25,1,3,2.0,1.0,1.0,1.0,4.35,1.22,-1.22,23.0,,,,,
FF,2021-08-12,97.0,-1.04,5.93,"Duran, Jarren",680776,656876,field_out,hit_into_play,,,,,5.0,Jarren Duran flies out to center fielder Kevin Kiermaier.,R,L,R,BOS,TB,X,8.0,fly_ball,0,0,2021,-0.46,1.34,0.1660383906984002,2.4150934327568807,,,571771.0,0,4,Bot,85.05,69.56,,,,,4.299691959255581,-141.11361949274448,-6.9622466439665915,-7.129629697568682,32.606486247528686,-12.841171424263324,3.467,1.589,336.0,92.4,29.0,97.5,2243.0,6.6,632903,572287,650490,664040,621563,677551,640457,595281,621433,53.86,0.115,0.165,0.0,1.0,0.0,0.0,3.0,25,1,4-Seam Fastball,0,1,0,1,1,0,0,1,Standard,Standard,209.0,-0.045,-0.259,,,,0.273,0.259,92.4,-1,-1,0.477,0.477,25,24,26,25,2,1,6.0,1.0,5.0,1.0,1.08,0.46,-0.46,53.8,,,,,
ST,2021-08-12,78.1,-2.33,5.07,"Duran, Jarren",680776,543521,strikeout,swinging_strike,,,,,14.0,Jarren Duran strikes out swinging.,R,L,R,BOS,TB,S,2.0,,1,2,2021,1.61,-0.31,0.3514921512705753,0.9646518631703502,,,,1,6,Bot,,,,,,,2.8054034883816072,-113.70491224935049,-1.289282547362108,13.200617154705268,24.150283912011258,-34.79236463539302,3.467,1.589,,,,77.8,2821.0,6.4,632903,572287,650490,664040,621563,677551,640457,595281,622534,54.07,,0.0,0.0,1.0,0.0,0.0,,47,4,Sweeper,1,4,1,4,4,1,1,4,Standard,Standard,59.0,-0.013,-0.181,,,,,0.181,,-3,-3,0.13,0.13,34,24,34,25,1,2,5.0,1.0,4.0,1.0,4.09,-1.61,1.61,24.3,,,,,
ST,2021-08-12,79.5,-2.42,5.04,"Duran, Jarren",680776,543521,,called_strike,,,,,5.0,,R,L,R,BOS,TB,S,,,1,1,2021,1.78,0.03,0.0837982734234181,2.338948570345509,,,,1,6,Bot,,,,,,,2.133627683741601,-115.61300944037828,0.9093059645278376,15.294032513495871,25.30499554973305,-32.35050955133934,3.24622203038366,1.59000000000241,,,,78.9,2832.0,6.3,632903,572287,650490,664040,621563,677551,640457,595281,622534,54.18,,,,,,,,47,3,Sweeper,1,4,1,4,4,1,1,4,Standard,Standard,57.0,-0.004,-0.068,,,,,0.068,,-3,-3,0.134,0.134,34,24,34,25,1,2,5.0,1.0,4.0,1.0,3.63,-1.78,1.78,22.8,,,,,
FC,2021-08-12,86.9,-2.08,5.35,"Duran, Jarren",680776,543521,,foul,,,,,6.0,,R,L,R,BOS,TB,S,,,1,0,2021,0.44,0.49,0.5730898006229794,2.551181246394152,,,,1,6,Bot,,,,,,,5.493755210160734,-126.56776446223108,-1.6137407047798875,3.825339718603544,22.174545721581847,-26.742465554968856,3.467,1.589,135.0,56.1,56.0,87.9,2420.0,6.5,632903,572287,650490,664040,621563,677551,640457,595281,622534,53.98,,,,,,,,47,2,Cutter,1,4,1,4,4,1,1,4,Standard,Strategic,206.0,-0.004,-0.051,,,,,0.051,88.0,-3,-3,0.138,0.138,34,24,34,25,1,2,5.0,1.0,4.0,1.0,2.49,-0.44,0.44,31.2,,,,,
ST,2021-08-12,78.6,-2.43,5.19,"Duran, Jarren",680776,543521,,ball,,,,,11.0,,R,L,R,BOS,TB,B,,,0,0,2021,1.51,-0.26,-1.1398859949871023,2.649093517944446,,,,1,6,Bot,,,,,,,-0.0055863002942148,-114.45557050306306,1.8081291143210043,13.260643964786963,21.451903235035385,-35.00859562452304,3.21046791346616,1.53691545071872,,,,78.6,2778.0,6.3,632903,572287,650490,664040,621563,677551,640457,595281,622534,54.19,,,,,,,,47,1,Sweeper,1,4,1,4,4,1,1,4,Standard,Strategic,62.0,0.003,0.041,,,,,-0.041,,-3,-3,0.135,0.135,34,24,34,25,1,2,5.0,1.0,4.0,1.0,3.95,-1.51,1.51,26.4,,,,,
SI,2021-08-12,92.6,2.77,4.71,"Duran, Jarren",680776,595411,strikeout,called_strike,,,,,7.0,Jarren Duran called out on strikes.,R,L,L,BOS,TB,S,2.0,,3,2,2021,1.38,0.42,-0.4168322305408261,2.038805403496168,,,571771.0,0,9,Bot,,,,,,,-11.06964208634028,-134.5035262599579,-1.9696590867332,19.043969533324756,25.90949784015989,-26.82956077420428,3.21455036467359,1.54819443246575,,,,92.4,2101.0,6.0,632903,572287,650490,664040,621563,677551,640457,595281,622534,54.51,,0.0,0.0,1.0,0.0,0.0,,70,6,Sinker,1,8,1,8,8,1,1,8,Standard,Standard,114.0,-0.004,-0.336,,,,,0.336,,-7,-7,0.005,0.005,31,24,31,25,1,3,4.0,1.0,2.0,1.0,2.22,1.38,1.38,22.3,,,,,
FF,2021-08-12,97.5,-1.09,6.13,"Duran, Jarren",680776,656876,strikeout,swinging_strike,,,,,11.0,Jarren Duran strikes out swinging.,R,L,R,BOS,TB,S,2.0,,1,2,2021,-0.27,1.21,-0.3015563375895782,3.716450669700442,,,571771.0,0,1,Bot,,,,,,,2.743242110289978,-142.1395006715152,-3.875802525912661,-4.177698660524309,28.319038191119812,-14.993111116939811,3.467,1.589,,,,98.5,2361.0,6.5,632903,572287,650490,664040,621563,677551,640457,595281,621433,54.03,,0.0,0.0,1.0,0.0,0.0,,5,4,4-Seam Fastball,0,0,0,0,0,0,0,0,Standard,Standard,197.0,-0.022,-0.18,,,,,0.18,,0,0,0.573,0.573,25,24,26,25,1,0,6.0,1.0,5.0,1.0,1.15,0.27,-0.27,57.6,,,,,
SL,2021-08-12,80.6,2.83,4.79,"Duran, Jarren",680776,595411,,blocked_ball,,,,,13.0,,R,L,L,BOS,TB,B,,,2,2,2021,-1.16,-0.18,-1.186237336241199,0.74660028742578,,,571771.0,0,9,Bot,,,,,,,-6.682909855866606,-117.16981507297204,-1.8472617632172563,-9.165825347967296,25.271509979092993,-33.69908796424841,3.17032302163061,1.50264883541171,,,,79.9,2728.0,6.2,632903,572287,650490,664040,621563,677551,640457,595281,622534,54.34,,,,,,,,70,5,Slider,1,8,1,8,8,1,1,8,Standard,Standard,323.0,0.001,0.116,,,,,-0.116,,-7,-7,0.004,0.004,31,24,31,25,1,3,4.0,1.0,2.0,1.0,3.74,-1.16,-1.16,28.8,,,,,
SI,2021-08-12,92.7,2.71,4.69,"Duran, Jarren",680776,595411,,called_strike,,,,,2.0,,R,L,L,BOS,TB,S,,,2,1,2021,1.31,0.64,-0.2496269399780577,3.371064904617796,,,571771.0,0,9,Bot,,,,,,,-10.349625190315225,-134.74736200792577,0.9339896733804692,17.98736392716314,24.512162689673875,-24.639076370169587,3.33887287656578,1.58999999998954,,,,92.7,2140.0,6.0,632903,572287,650490,664040,621563,677551,640457,595281,622534,54.49,,,,,,,,70,4,Sinker,1,8,1,8,8,1,1,8,Standard,Standard,118.0,-0.001,-0.075,,,,,0.075,,-7,-7,0.005,0.005,31,24,31,25,1,3,4.0,1.0,2.0,1.0,1.98,1.31,1.31,21.5,,,,,
FF,2021-08-12,97.3,-1.06,6.13,"Duran, Jarren",680776,656876,,ball,,,,,11.0,,R,L,R,BOS,TB,B,,,0,2,2021,-0.41,1.25,-0.735221952157709,3.705879543420843,,,571771.0,0,1,Bot,,,,,,,1.815300420884056,-141.76728502125673,-3.8918457658627377,-5.941854667502762,32.30400011875537,-14.632973769377298,3.23981920803832,1.55480622346892,,,,97.9,2284.0,6.5,632903,572287,650490,664040,621563,677551,640457,595281,621433,53.96,,,,,,,,5,3,4-Seam Fastball,0,0,0,0,0,0,0,0,Standard,Standard,198.0,0.003,0.02,,,,,-0.02,,0,0,0.57,0.57,25,24,26,25,1,0,6.0,1.0,5.0,1.0,1.15,0.41,-0.41,58.1,,,,,
SL,2021-08-12,78.6,2.82,4.85,"Duran, Jarren",680776,595411,,ball,,,,,13.0,,R,L,L,BOS,TB,B,,,1,1,2021,-1.52,-0.19,-0.8900240533823329,1.0642137735011905,,,571771.0,0,9,Bot,,,,,,,-5.201329241536609,-114.36411648232462,-0.9962351997084652,-12.324320971398269,21.61483692043292,-33.84708429302532,3.26091890787997,1.5900000000112,,,,78.3,2733.0,6.1,632903,572287,650490,664040,621563,677551,640457,595281,622534,54.38,,,,,,,,70,3,Slider,1,8,1,8,8,1,1,8,Standard,Standard,307.0,0.001,0.05,,,,,-0.05,,-7,-7,0.004,0.004,31,24,31,25,1,3,4.0,1.0,2.0,1.0,3.88,-1.52,-1.52,29.6,,,,,
FF,2021-08-12,97.4,-1.21,6.03,"Duran, Jarren",680776,656876,,swinging_strike,,,,,1.0,,R,L,R,BOS,TB,S,,,0,1,2021,-0.57,1.25,-0.4248298874765277,3.3805730008823343,,,571771.0,0,1,Bot,,,,,,,3.418587432205862,-141.8200600852315,-4.523603144951474,-8.395319450409845,29.95835951704508,-14.493823338087704,3.467,1.589,,,,98.0,2339.0,6.4,632903,572287,650490,664040,621563,677551,640457,595281,621433,54.06,,,,,,,,5,2,4-Seam Fastball,0,0,0,0,0,0,0,0,Standard,Standard,203.0,-0.008,-0.058,,,,,0.058,,0,0,0.578,0.578,25,24,26,25,1,0,6.0,1.0,5.0,1.0,1.14,0.57,-0.57,56.1,,,,,
SL,2021-08-12,80.0,2.78,4.88,"Duran, Jarren",680776,595411,,ball,,,,,13.0,,R,L,L,BOS,TB,B,,,0,1,2021,-1.28,-0.17,-1.0761288553494324,1.97332369369602,,,571771.0,0,9,Bot,,,,,,,-6.079811208842989,-116.3445643978128,0.6762549815376266,-10.362853893513169,23.296038768727097,-34.10181538658917,3.1236128248476,1.41838804769726,,,,79.6,2663.0,6.2,632903,572287,650490,664040,621563,677551,640457,595281,622534,54.31,,,,,,,,70,2,Slider,1,8,1,8,8,1,1,8,Standard,Standard,300.0,0.0,0.027,,,,,-0.027,,-7,-7,0.004,0.004,31,24,31,25,1,3,4.0,1.0,2.0,1.0,3.76,-1.28,-1.28,30.1,,,,,
FF,2021-08-12,96.5,-1.33,5.91,"Duran, Jarren",680776,656876,,foul,,,,,5.0,,R,L,R,BOS,TB,S,,,0,0,2021,-0.58,1.32,-0.1257439398159314,2.492851964082776,,,571771.0,0,1,Bot,,,,,,,4.547671194675309,-140.4296175512828,-6.600791511871931,-8.697594041078009,30.060725887532588,-13.34701125565257,3.467,1.589,248.0,74.4,42.0,97.2,2287.0,6.6,632903,572287,650490,664040,621563,677551,640457,595281,621433,53.94,,,,,,,,5,1,4-Seam Fastball,0,0,0,0,0,0,0,0,Standard,Standard,205.0,-0.005,-0.038,,,,,0.038,88.0,0,0,0.583,0.583,25,24,26,25,1,0,6.0,1.0,5.0,1.0,1.11,0.58,-0.58,54.0,,,,,
SL,2021-08-12,80.4,2.85,4.85,"Duran, Jarren",680776,595411,,called_strike,,,,,1.0,,R,L,L,BOS,TB,S,,,0,0,2021,-0.95,-0.19,-0.7829829401682812,2.6706471889777745,,,571771.0,0,9,Bot,,,,,,,-6.207192683498966,-116.8203515024482,2.259896315760205,-7.381201351531753,23.81351448202493,-34.62617906787462,3.16917529787936,1.4257592810164,,,,79.6,2562.0,6.0,632903,572287,650490,664040,621563,677551,640457,595281,622534,54.47,,,,,,,,70,1,Slider,1,8,1,8,8,1,1,8,Standard,Standard,298.0,0.0,-0.038,,,,,0.038,,-7,-7,0.004,0.004,31,24,31,25,1,3,4.0,1.0,2.0,1.0,3.75,-0.95,-0.95,28.9,,,,,
SI,2021-08-11,91.8,2.25,5.31,"Duran, Jarren",680776,676596,strikeout,swinging_strike,,,,,14.0,Jarren Duran strikes out swinging.,R,L,L,BOS,TB,S,2.0,,1,2,2021,1.38,0.27,1.1718157706384582,1.1464885002769851,502110.0,,666915.0,2,3,Bot,,,,,,,-5.723382072365475,-133.60678377117702,-5.312400486560635,17.75091496311969,27.104882375296317,-27.967004823233424,3.467,1.589,,,,92.1,1761.0,6.3,632931,642336,596847,664040,621563,677551,640457,621433,668227,54.19,,0.0,0.0,1.0,0.0,0.0,,28,5,Sinker,5,0,5,0,0,5,5,0,Standard,Standard,116.0,-0.008,-0.195,,,,,0.195,,5,5,0.929,0.929,25,24,25,25,2,1,7.0,1.0,5.0,1.0,2.42,1.38,1.38,28.7,,,,,
SI,2021-08-11,91.8,2.21,5.33,"Duran, Jarren",680776,676596,,foul,,,,,14.0,,R,L,L,BOS,TB,S,,,1,2,2021,1.02,0.05,0.5366798607109549,1.1553382770669836,502110.0,,666915.0,2,3,Bot,,,,,,,-6.5346872664273175,-133.63720817759383,-4.910046747783795,13.640004926188825,26.57949780327862,-30.803239366387004,3.467,1.589,,,,93.2,1706.0,6.9,632931,642336,596847,664040,621563,677551,640457,621433,668227,53.59,,,,,,,,28,4,Sinker,5,0,5,0,0,5,5,0,Standard,Standard,115.0,0.0,0.0,,,,,0.0,,5,5,0.929,0.929,25,24,25,25,2,1,7.0,1.0,5.0,1.0,2.64,1.02,1.02,27.9,,,,,
SI,2021-08-11,90.6,2.2,5.35,"Duran, Jarren",680776,676596,,foul,,,,,14.0,,R,L,L,BOS,TB,S,,,1,1,2021,1.32,0.02,0.9301178406925524,1.5056562951545076,502110.0,,666915.0,2,3,Bot,,,,,,,-5.9788326511944145,-131.79775715119533,-3.749799978460457,16.60973042119967,27.22335538658358,-31.31248179789343,3.467,1.589,,,,90.8,1724.0,6.3,632931,642336,596847,664040,621563,677551,640457,621433,668227,54.16,,,,,,,,28,3,Sinker,5,0,5,0,0,5,5,0,Standard,Standard,116.0,-0.002,-0.084,,,,,0.084,,5,5,0.931,0.931,25,24,25,25,2,1,7.0,1.0,5.0,1.0,2.75,1.32,1.32,29.6,,,,,
SI,2021-08-11,90.6,2.23,5.43,"Duran, Jarren",680776,676596,,foul,,,,,9.0,,R,L,L,BOS,TB,S,,,1,0,2021,1.27,0.21,0.6961489690954707,1.6713367620085258,502110.0,,666915.0,2,3,Bot,,,,,,,-6.490684606786698,-131.8305639567766,-3.954018675914339,16.205258970093144,25.269976072383045,-29.106162535751626,3.467,1.589,2.0,85.4,-39.0,90.3,1781.0,5.9,632931,642336,596847,664040,621563,677551,640457,621433,668227,54.64,,,,,,,,28,2,Sinker,5,0,5,0,0,5,5,0,Standard,Standard,114.0,-0.002,-0.034,,,,,0.034,88.0,5,5,0.933,0.933,25,24,25,25,2,1,7.0,1.0,5.0,1.0,2.54,1.27,1.27,28.7,,,,,
CU,2021-08-11,80.8,2.49,5.32,"Duran, Jarren",680776,676596,,ball,,,,,13.0,,R,L,L,BOS,TB,B,,,0,0,2021,-0.38,-0.34,-1.2297840109878393,1.435776946028403,502110.0,,666915.0,2,3,Bot,,,,,,,-7.563755428767849,-117.59426203624557,-1.424627217226629,-2.2568346648092916,19.978569929305017,-35.30090362885538,3.21415401794302,1.64276327884736,,,,81.3,1827.0,6.4,632931,642336,596847,664040,621563,677551,640457,621433,668227,54.14,,,,,,,,28,1,Curveball,5,0,5,0,0,5,5,0,Standard,Standard,343.0,0.001,0.031,,,,,-0.031,,5,5,0.932,0.932,25,24,25,25,2,1,7.0,1.0,5.0,1.0,3.8,-0.38,-0.38,30.8,,,,,
FF,2021-08-11,91.5,2.17,5.92,"Duran, Jarren",680776,608650,field_out,hit_into_play,,,,,6.0,Jarren Duran flies out to center fielder Brett Phillips.,R,L,L,BOS,TB,X,8.0,fly_ball,2,0,2021,0.39,1.4,0.3998148923019479,2.8805105394740207,666915.0,,,2,5,Bot,136.07,73.42,,,,,-5.321609890924417,-133.30759112518206,-4.903811025754243,5.737686409698187,24.81128158560053,-14.604335436079976,3.467,1.589,313.0,97.7,51.0,92.2,2217.0,6.4,632931,642336,596847,664040,621563,677551,640457,621433,668227,54.15,0.008,0.012,0.0,1.0,0.0,0.0,3.0,53,3,4-Seam Fastball,14,0,14,0,0,14,14,0,Standard,Standard,148.0,0.0,-0.33,,,,0.021,0.33,97.7,14,14,0.999,0.999,30,24,30,25,2,3,4.0,1.0,8.0,1.0,1.29,0.39,0.39,45.4,,,,,
FF,2021-08-11,92.7,2.09,5.91,"Duran, Jarren",680776,608650,,ball,,,,,12.0,,R,L,L,BOS,TB,B,,,1,0,2021,0.19,1.33,0.7696105555015176,4.233446705164583,666915.0,,,2,5,Bot,,,,,,,-3.807349919446144,-135.07522351421574,-1.4724574859271369,3.114836440169068,25.296351846977625,-15.682129292528588,3.27613037999857,1.58993288492008,,,,93.6,2225.0,6.4,632931,642336,596847,664040,621563,677551,640457,621433,668227,54.08,,,,,,,,53,2,4-Seam Fastball,14,0,14,0,0,14,14,0,Standard,Standard,157.0,0.0,0.026,,,,,-0.026,,14,14,0.999,0.999,30,24,30,25,2,3,4.0,1.0,8.0,1.0,1.29,0.19,0.19,42.5,,,,,
CU,2021-08-11,74.6,1.94,6.04,"Duran, Jarren",680776,608650,,ball,,,,,12.0,,R,L,L,BOS,TB,B,,,0,0,2021,-0.41,-0.8,0.9960760232506588,5.140320713941304,666915.0,,,2,5,Bot,,,,,,,-1.213117299446665,-108.4808834499895,6.730682876273615,-3.0487006460582897,18.10632536660042,-39.85530137256117,3.26475364070573,1.50931795402237,,,,74.6,2019.0,6.2,632931,642336,596847,664040,621563,677551,640457,621433,668227,54.28,,,,,,,,53,1,Curveball,14,0,14,0,0,14,14,0,Strategic,Standard,334.0,0.0,0.009,,,,,-0.009,,14,14,0.999,0.999,30,24,30,25,2,3,4.0,1.0,8.0,1.0,4.89,-0.41,-0.41,57.6,,,,,
CU,2021-08-11,81.2,2.5,5.26,"Duran, Jarren",680776,676596,strikeout,foul_tip,,,,,13.0,Jarren Duran strikes out on a foul tip.,R,L,L,BOS,TB,S,2.0,,2,2,2021,-0.36,-0.26,-0.3826139478180171,1.3310402041162788,,,666915.0,1,2,Bot,,,,,,,-5.829216145672526,-118.16382773280364,-1.7129274551689957,-2.248678291005138,22.01814922482553,-34.468677660604754,3.467,1.589,,,,82.0,1729.0,6.8,632931,642336,596847,664040,621563,677551,640457,621433,668227,53.7,,0.0,0.0,1.0,0.0,0.0,,16,5,Curveball,3,0,3,0,0,3,3,0,Standard,Standard,323.0,-0.013,-0.222,,,,,0.222,,3,3,0.82,0.82,25,24,25,25,1,0,7.0,1.0,5.0,1.0,3.71,-0.36,-0.36,29.7,,,,,
SI,2021-08-11,91.0,2.26,5.46,"Duran, Jarren",680776,676596,,ball,,,,,12.0,,R,L,L,BOS,TB,B,,,1,2,2021,1.42,0.14,2.0071983513383653,2.7277667146462323,,,666915.0,1,2,Bot,,,,,,,-3.663929548375525,-132.59018232322563,-1.3183524058960023,17.641497118634263,25.248541537548306,-30.46682304743167,3.41387912169586,1.56367679046969,,,,91.1,1771.0,6.1,632931,642336,596847,664040,621563,677551,640457,621433,668227,54.44,,,,,,,,16,4,Sinker,3,0,3,0,0,3,3,0,Standard,Standard,121.0,0.003,0.041,,,,,-0.041,,3,3,0.817,0.817,25,24,25,25,1,0,7.0,1.0,5.0,1.0,2.58,1.42,1.42,29.5,,,,,
SI,2021-08-11,91.4,2.34,5.4,"Duran, Jarren",680776,676596,,ball,,,,,12.0,,R,L,L,BOS,TB,B,,,0,2,2021,1.3,0.19,1.7171441258999325,2.575634823047423,,,666915.0,1,2,Bot,,,,,,,-4.402200557629448,-133.16308600974,-1.7313800534363175,16.440550684588377,25.040229350094016,-29.744737615380465,3.32143456113504,1.59000000000002,,,,92.5,1793.0,6.6,632931,642336,596847,664040,621563,677551,640457,621433,668227,53.88,,,,,,,,16,3,Sinker,3,0,3,0,0,3,3,0,Standard,Standard,116.0,0.001,0.019,,,,,-0.019,,3,3,0.816,0.816,25,24,25,25,1,0,7.0,1.0,5.0,1.0,2.5,1.3,1.3,28.9,,,,,
CU,2021-08-11,81.5,2.49,5.28,"Duran, Jarren",680776,676596,,called_strike,,,,,7.0,,R,L,L,BOS,TB,S,,,0,1,2021,-0.08,-0.42,-0.4515025942107614,1.6863354077056218,,,666915.0,1,2,Bot,,,,,,,-6.473627847023588,-118.57785873806962,-0.7166266395652616,0.4233816005647167,21.338060226970587,-36.23493563270819,3.22580746105687,1.47891061401312,,,,81.8,1644.0,6.4,632931,642336,596847,664040,621563,677551,640457,621433,668227,54.13,,,,,,,,16,2,Curveball,3,0,3,0,0,3,3,0,Standard,Standard,322.0,-0.004,-0.054,,,,,0.054,,3,3,0.82,0.82,25,24,25,25,1,0,7.0,1.0,5.0,1.0,3.84,-0.08,-0.08,28.7,,,,,
SI,2021-08-11,91.4,2.34,5.52,"Duran, Jarren",680776,676596,,foul,,,,,14.0,,R,L,L,BOS,TB,S,,,0,0,2021,1.35,0.03,0.8908043586566998,2.4968366404962503,,,666915.0,1,2,Bot,,,,,,,-6.501035373807321,-133.05283147438072,-1.8303673176655395,17.393343946007487,27.15365399362406,-31.58508995694728,3.467,1.589,3.0,58.1,-44.0,91.0,1763.0,5.9,632931,642336,596847,664040,621563,677551,640457,621433,668227,54.56,,,,,,,,16,1,Sinker,3,0,3,0,0,3,3,0,Standard,Standard,114.0,-0.002,-0.041,,,,,0.041,88.0,3,3,0.822,0.822,25,24,25,25,1,0,7.0,1.0,5.0,1.0,2.68,1.35,1.35,,,,,,
FC,2021-08-11,88.0,2.1,5.86,"Duran, Jarren",680776,608650,field_out,hit_into_play,,,,,4.0,Jarren Duran grounds out to first baseman Ji-Man Choi. Marwin Gonzalez to 3rd. Bobby Dalbec to 2nd.,R,L,L,BOS,TB,X,3.0,ground_ball,0,2,2021,-0.31,0.3,-0.6659388480134367,2.418898409344006,,503556.0,666915.0,1,4,Bot,156.74,174.09,,,,,-6.088685302035572,-128.12626175563074,-2.9411507899546354,-2.322451009843098,22.920912670288672,-28.533884365642773,3.467,1.589,2.0,68.8,-48.0,88.7,2092.0,6.4,632931,642336,596847,664040,621563,677551,640457,621433,668227,54.1,0.203,0.213,0.0,1.0,0.0,0.0,2.0,40,3,Cutter,10,0,10,0,0,10,10,0,Strategic,Standard,159.0,0.0,-0.217,,,,0.207,0.217,88.0,10,10,0.997,0.997,30,24,30,25,1,2,4.0,1.0,8.0,1.0,2.61,-0.31,-0.31,47.0,,,,,
SL,2021-08-11,60.5,-1.36,6.25,"Duran, Jarren",680776,642336,single,hit_into_play,,,,,11.0,Jarren Duran singles on a ground ball to right fielder Randy Arozarena. Bobby Dalbec to 3rd.,R,L,R,BOS,TB,X,9.0,ground_ball,1,0,2021,-0.1,1.49,-0.0852282679099556,3.849158827945651,,,666915.0,0,8,Bot,178.66,101.68,,,,,2.1987585215639736,-88.06178700121905,2.5983372206933675,-0.827771885682221,12.09607806354536,-24.96817948704066,3.467,1.589,28.0,92.1,-6.0,58.9,1605.0,4.7,632931,572287,596847,656669,621563,677551,640457,621433,668227,55.83,0.277,0.25,0.9,1.0,1.0,0.0,2.0,73,2,Slider,14,1,14,1,1,14,14,1,Standard,Strategic,199.0,0.0,0.43,,,,0.302,-0.43,92.1,13,13,0.999,0.999,25,24,26,25,1,4,25.0,1.0,,1.0,4.72,0.1,-0.1,52.4,,,,,
SL,2021-08-11,73.7,-1.4,5.92,"Duran, Jarren",680776,642336,,ball,,,,,12.0,,R,L,R,BOS,TB,B,,,0,0,2021,-0.3,1.46,1.4783473906111946,2.9686832088857793,,,666915.0,0,8,Bot,,,,,,,6.208715158217857,-107.21445942458485,-1.3136614545368654,-3.298835334214244,16.17574592472898,-20.754283097391653,3.62082212496659,1.78724679987032,,,,72.3,1943.0,5.0,632931,572287,596847,656669,621563,677551,640457,621433,668227,55.52,,,,,,,,73,1,Slider,14,1,14,1,1,14,14,1,Standard,Strategic,207.0,0.0,0.038,,,,,-0.038,,13,13,0.999,0.999,25,24,26,25,1,4,25.0,1.0,,1.0,2.69,0.3,-0.3,45.3,,,,,
FF,2021-08-11,93.7,2.1,5.9,"Duran, Jarren",680776,608650,,foul,,,,,2.0,,R,L,L,BOS,TB,S,,,0,1,2021,0.32,1.38,-0.2188800933018412,2.943491565368069,,503556.0,666915.0,1,4,Bot,,,,,,,-6.705802159181514,-136.3924396707725,-5.018501209670702,5.351926148919049,27.058449538550903,-13.933889565188704,3.467,1.589,179.0,83.8,66.0,94.3,2108.0,6.4,632931,642336,596847,664040,621563,677551,640457,621433,668227,54.11,,,,,,,,40,2,4-Seam Fastball,10,0,10,0,0,10,10,0,Standard,Standard,156.0,0.0,-0.058,,,,,0.058,88.0,10,10,0.997,0.997,30,24,30,25,1,2,4.0,1.0,8.0,1.0,1.19,0.32,0.32,43.6,,,,,
FF,2021-08-11,94.9,2.22,5.9,"Duran, Jarren",680776,608650,,foul,,,,,4.0,,R,L,L,BOS,TB,S,,,0,0,2021,0.39,1.51,-0.5034168514060433,2.2432277735310224,,503556.0,666915.0,1,4,Bot,,,,,,,-7.991787107431936,-137.86510389147193,-7.3093528952510685,6.673459941790221,28.72183389871259,-11.461090453131144,3.467,1.589,206.0,71.6,40.0,95.2,2290.0,6.4,632931,642336,596847,664040,621563,677551,640457,621433,668227,54.09,,,,,,,,40,1,4-Seam Fastball,10,0,10,0,0,10,10,0,Standard,Standard,149.0,0.0,-0.038,,,,,0.038,88.0,10,10,0.997,0.997,30,24,30,25,1,2,4.0,1.0,8.0,1.0,1.02,0.39,0.39,42.8,,,,,
FF,2021-08-10,94.4,-2.16,5.95,"Duran, Jarren",680776,672715,field_out,hit_into_play,,,,,7.0,Jarren Duran grounds out to first baseman Jordan Luplow. Franchy Cordero to 3rd. Enrique Hernandez to 2nd.,R,L,R,BOS,TB,X,3.0,ground_ball,1,2,2021,-0.31,1.32,-0.400599100266766,2.122508635625597,,614173.0,571771.0,0,5,Bot,151.85,169.6,,,,,5.3002849584531955,-137.30185752306832,-7.266112411334185,-5.096426013513357,29.36457944738582,-14.06179088843798,3.467,1.589,2.0,72.6,-42.0,95.2,2285.0,6.7,632996,572287,656669,664040,650490,677551,640457,622534,668227,53.79,0.12,0.112,0.0,1.0,0.0,0.0,2.0,37,4,4-Seam Fastball,4,1,4,1,1,4,4,1,Standard,Standard,203.0,0.007,-0.281,,,,0.124,0.281,88.0,3,3,0.913,0.913,21,24,22,25,3,2,7.0,2.0,5.0,1.0,1.23,0.31,-0.31,47.5,,,,,
FF,2021-08-10,94.3,-2.27,5.8,"Duran, Jarren",680776,672715,,foul,,,,,9.0,,R,L,R,BOS,TB,S,,,1,1,2021,-0.18,1.36,0.7526568270959444,2.0869294949160726,,614173.0,571771.0,0,5,Bot,,,,,,,8.329877144569299,-136.98525139630416,-7.030453229466429,-4.137319850415027,30.405545079826155,-13.631762316095962,3.467,1.589,,,,95.1,2232.0,6.9,632996,572287,656669,664040,650490,677551,640457,622534,668227,53.64,,,,,,,,37,3,4-Seam Fastball,4,1,4,1,1,4,4,1,Standard,Standard,211.0,-0.005,-0.06,,,,,0.06,,3,3,0.918,0.918,21,24,22,25,3,2,7.0,2.0,5.0,1.0,1.21,0.18,-0.18,49.7,,,,,
CH,2021-08-10,87.5,-2.26,5.66,"Duran, Jarren",680776,672715,,blocked_ball,,,,,14.0,,R,L,R,BOS,TB,B,,,0,1,2021,-1.27,0.91,0.8138175435535746,-0.0592815581641816,,614173.0,571771.0,0,5,Bot,,,,,,,10.1154346042573,-126.73349107707324,-9.62664594172908,-15.724469379629246,23.881594749866196,-20.53789944830453,3.26318861953006,1.62760215185132,,,,88.5,2033.0,7.0,632996,572287,656669,664040,650490,677551,640457,622534,668227,53.54,,,,,,,,37,2,Changeup,4,1,4,1,1,4,4,1,Standard,Standard,216.0,0.002,0.04,,,,,-0.04,,3,3,0.916,0.916,21,24,22,25,3,2,7.0,2.0,5.0,1.0,2.07,1.27,-1.27,47.6,,,,,
CU,2021-08-10,77.6,-2.27,5.85,"Duran, Jarren",680776,672715,,foul,,,,,9.0,,R,L,R,BOS,TB,S,,,0,0,2021,0.93,-0.16,0.3865078537002392,1.713108378493044,,614173.0,571771.0,0,5,Bot,,,,,,,3.9999352229063616,-112.94459215997672,-1.6549032097573133,7.275839218044144,20.152455968571452,-33.44919140842072,3.467,1.589,5.0,68.5,-21.0,77.9,2447.0,6.5,632996,572287,656669,664040,650490,677551,640457,622534,668227,54.03,,,,,,,,37,1,Curveball,4,1,4,1,1,4,4,1,Standard,Standard,44.0,-0.003,-0.048,,,,,0.048,88.0,3,3,0.919,0.919,21,24,22,25,3,2,7.0,2.0,5.0,1.0,3.94,-0.93,0.93,53.5,,,,,
FF,2021-08-10,97.7,-1.96,5.83,"Duran, Jarren",680776,672715,strikeout,swinging_strike,,,,,14.0,Jarren Duran strikes out swinging.,R,L,R,BOS,TB,S,2.0,,3,2,2021,-0.62,1.52,1.3891487275030516,1.2855373862411272,,,,2,3,Bot,,,,,,,10.523788376250655,-141.62638202221865,-10.306218081467833,-10.708463865460256,30.610991965603787,-9.427253709091238,3.467,1.589,,,,98.4,2494.0,6.8,632996,572287,656669,664040,650490,677551,640457,622534,668227,53.73,,0.0,0.0,1.0,0.0,0.0,,22,6,4-Seam Fastball,1,1,1,1,1,1,1,1,Standard,Standard,205.0,-0.014,-0.348,,,,,0.348,,0,0,0.514,0.514,21,24,22,25,2,1,7.0,2.0,5.0,1.0,0.87,0.62,-0.62,45.9,,,,,
FF,2021-08-10,95.9,-2.23,5.83,"Duran, Jarren",680776,672715,,called_strike,,,,,7.0,,R,L,R,BOS,TB,S,,,3,1,2021,-0.3,1.65,-0.4144066285911854,1.7043628679939204,,,,2,3,Bot,,,,,,,5.500486669663188,-139.34516666231423,-9.06827506397155,-5.129272949455422,32.05232394672865,-8.814266068319544,3.27408414948721,1.63801839500361,,,,96.3,2309.0,6.6,632996,572287,656669,664040,650490,677551,640457,622534,668227,53.85,,,,,,,,22,5,4-Seam Fastball,1,1,1,1,1,1,1,1,Standard,Standard,210.0,-0.004,-0.069,,,,,0.069,,0,0,0.518,0.518,21,24,22,25,2,1,7.0,2.0,5.0,1.0,0.84,0.3,-0.3,,,,,,
CH,2021-08-10,86.9,-2.11,5.75,"Duran, Jarren",680776,672715,,ball,,,,,11.0,,R,L,R,BOS,TB,B,,,2,1,2021,-1.24,0.95,-1.631344010652447,3.768055013367092,,,,2,3,Bot,,,,,,,3.720344850529676,-126.56772043419716,-0.55235684200044,-14.11972339148263,24.041308327872667,-22.01697236685321,3.30263664411115,1.56045872122179,,,,87.7,2011.0,6.6,632996,572287,656669,664040,650490,677551,640457,622534,668227,53.94,,,,,,,,22,4,Changeup,1,1,1,1,1,1,1,1,Standard,Standard,212.0,0.005,0.108,,,,,-0.108,,0,0,0.513,0.513,21,24,22,25,2,1,7.0,2.0,5.0,1.0,2.05,1.24,-1.24,47.7,,,,,
CU,2021-08-10,77.9,-1.8,5.92,"Duran, Jarren",680776,672715,,called_strike,,,,,12.0,,R,L,R,BOS,TB,S,,,2,0,2021,0.8,-0.2,0.087182097387911,3.4264198958702767,,,,2,3,Bot,,,,,,,2.587027028798732,-113.45671858070811,1.8427307874277503,6.581783264307364,18.529053385752466,-34.4224579269774,3.08999999999688,1.34691024000605,,,,78.7,2571.0,6.6,632996,572287,656669,664040,650490,677551,640457,622534,668227,53.91,,,,,,,,22,3,Curveball,1,1,1,1,1,1,1,1,Standard,Standard,49.0,-0.003,-0.062,,,,,0.062,,0,0,0.516,0.516,21,24,22,25,2,1,7.0,2.0,5.0,1.0,3.92,-0.8,0.8,55.2,,,,,
FF,2021-08-10,96.5,-2.16,5.89,"Duran, Jarren",680776,672715,,ball,,,,,13.0,,R,L,R,BOS,TB,B,,,1,0,2021,-0.39,1.52,-0.8063008981057185,1.4030452403648912,,,,2,3,Bot,,,,,,,4.525267052127441,-140.2102340307429,-9.841086946771348,-6.208289201672215,33.874224365465444,-10.073468173792708,3.2037451513474,1.56847273975422,,,,96.8,2359.0,6.7,632996,572287,656669,664040,650490,677551,640457,622534,668227,53.81,,,,,,,,22,2,4-Seam Fastball,1,1,1,1,1,1,1,1,Standard,Standard,203.0,0.003,0.062,,,,,-0.062,,0,0,0.513,0.513,21,24,22,25,2,1,7.0,2.0,5.0,1.0,0.95,0.39,-0.39,44.5,,,,,
FF,2021-08-10,96.8,-2.16,5.97,"Duran, Jarren",680776,672715,,ball,,,,,13.0,,R,L,R,BOS,TB,B,,,0,0,2021,-0.53,1.49,-1.1995610587840737,2.0453473288381248,,,,2,3,Bot,,,,,,,3.809021100955013,-140.75400006051603,-8.33155289243786,-7.954716604130615,33.654354498052484,-10.668418002164731,3.23133691115777,1.59498684800763,,,,97.1,2260.0,6.6,632996,572287,656669,664040,650490,677551,640457,622534,668227,53.91,,,,,,,,22,1,4-Seam Fastball,1,1,1,1,1,1,1,1,Standard,Standard,204.0,0.001,0.04,,,,,-0.04,,0,0,0.512,0.512,21,24,22,25,2,1,7.0,2.0,5.0,1.0,0.96,0.53,-0.53,45.3,,,,,
SI,2021-08-10,96.1,-1.55,5.84,"Duran, Jarren",680776,552640,single,hit_into_play,,,,,4.0,Jarren Duran singles on a ground ball to shortstop Wander Franco.,R,L,R,BOS,TB,X,6.0,ground_ball,0,1,2021,-1.26,0.55,-0.6218395486931636,2.4761895294694503,,,,2,7,Bot,110.78,153.03,,,,,5.361314779921572,-139.87719218328843,-4.582815995191112,-17.739945589935797,32.17244686397222,-24.151181054546207,3.467,1.589,49.0,86.9,0.0,96.8,2226.0,6.7,632996,642336,650490,664040,621563,677551,640457,622534,668227,53.8,0.319,0.287,0.9,1.0,1.0,0.0,2.0,59,2,Sinker,4,4,4,4,4,4,4,4,Standard,Standard,214.0,0.023,0.361,,,,0.344,-0.361,88.0,0,0,0.518,0.518,31,24,31,25,1,3,4.0,2.0,5.0,1.0,1.92,1.26,-1.26,44.5,,,,,
FF,2021-08-10,95.1,-1.51,5.82,"Duran, Jarren",680776,552640,,foul,,,,,2.0,,R,L,R,BOS,TB,S,,,0,0,2021,0.11,1.25,0.2493263530840095,3.1088554609859047,,,,2,7,Bot,,,,,,,4.383374585831848,-138.47439081668963,-4.317333598720099,0.4647394338000377,28.693471950186503,-15.25809844614217,3.467,1.589,200.0,75.1,21.0,95.8,2690.0,6.5,632996,642336,650490,664040,621563,677551,640457,622534,668227,54.01,,,,,,,,59,1,4-Seam Fastball,4,4,4,4,4,4,4,4,Standard,Standard,187.0,-0.003,-0.047,,,,,0.047,88.0,0,0,0.521,0.521,31,24,31,25,1,3,4.0,2.0,5.0,1.0,1.25,-0.11,0.11,43.5,,,,,
FF,2021-08-10,93.2,-2.37,5.02,"Duran, Jarren",680776,545343,field_out,hit_into_play,,,,,5.0,Jarren Duran pops out to shortstop Wander Franco.,R,L,R,BOS,TB,X,6.0,popup,1,2,2021,-0.61,1.36,0.1634605791291041,2.615861875225741,,,,2,9,Bot,100.82,128.07,,,,,7.789968868377391,-135.66326528007514,-3.43986113597601,-9.056471476877771,26.240081527528403,-14.724481654382698,3.467,1.589,184.0,89.4,64.0,93.2,2276.0,6.0,632996,642336,650490,664040,621563,677551,668227,595281,622534,54.51,0.005,0.005,0.0,1.0,0.0,0.0,3.0,83,4,4-Seam Fastball,4,8,4,8,8,4,4,8,Standard,Standard,212.0,-0.001,-0.188,,,,0.008,0.188,89.4,-4,-4,0.001,0.001,31,24,31,25,1,4,4.0,2.0,2.0,1.0,1.24,0.61,-0.61,31.7,,,,,
SL,2021-08-10,80.8,-2.22,5.23,"Duran, Jarren",680776,545343,,foul_tip,,,,,4.0,,R,L,R,BOS,TB,S,,,1,1,2021,0.86,-0.64,-0.7005693352420643,2.5792387809474557,,,,2,9,Bot,,,,,,,1.7350266780343468,-117.70840937950794,1.921586423247846,7.698178315875847,21.91225889756459,-38.742273426883216,3.467,1.589,,,,80.4,2582.0,5.9,632996,642336,650490,664040,621563,677551,668227,595281,622534,54.61,,,,,,,,83,3,Slider,4,8,4,8,8,4,4,8,Standard,Standard,39.0,0.0,-0.069,,,,,0.069,,-4,-4,0.001,0.001,31,24,31,25,1,4,4.0,2.0,2.0,1.0,4.12,-0.86,0.86,37.8,,,,,
SL,2021-08-10,80.3,-2.36,5.18,"Duran, Jarren",680776,545343,,ball,,,,,11.0,,R,L,R,BOS,TB,B,,,0,1,2021,0.97,-0.65,-1.346738845213501,3.633949348934759,,,,2,9,Bot,,,,,,,0.4107796356347615,-116.8900038180298,4.444815665922835,8.80151636450257,22.0553287283187,-39.18363431670608,3.22563389895654,1.54345969964567,,,,79.6,2592.0,5.8,632996,642336,650490,664040,621563,677551,668227,595281,622534,54.69,,,,,,,,83,2,Slider,4,8,4,8,8,4,4,8,Standard,Standard,61.0,0.0,0.036,,,,,-0.036,,-4,-4,0.001,0.001,31,24,31,25,1,4,4.0,2.0,2.0,1.0,4.18,-0.97,0.97,35.1,,,,,
FF,2021-08-10,92.9,-2.18,5.26,"Duran, Jarren",680776,545343,,foul,,,,,6.0,,R,L,R,BOS,TB,S,,,0,0,2021,-0.33,1.37,0.7087414881578952,2.8631763950843516,,,,2,9,Bot,,,,,,,8.062168431678446,-135.14097411180708,-3.374450896212478,-5.657105061202876,27.76416047360562,-14.756029004327914,3.467,1.589,208.0,71.6,55.0,92.5,2226.0,5.9,632996,642336,650490,664040,621563,677551,668227,595281,622534,54.57,,,,,,,,83,1,4-Seam Fastball,4,8,4,8,8,4,4,8,Standard,Standard,208.0,0.0,-0.047,,,,,0.047,88.0,-4,-4,0.001,0.001,31,24,31,25,1,4,4.0,2.0,2.0,1.0,1.26,0.33,-0.33,37.9,,,,,
FF,2021-08-10,94.5,-2.14,6.0,"Duran, Jarren",680776,672715,single,hit_into_play,,,,,8.0,Jarren Duran singles on a sharp line drive to center fielder Manuel Margot.,R,L,R,BOS,TB,X,8.0,line_drive,0,0,2021,-0.28,1.63,-0.0846243773345166,1.816225593895092,,,,1,1,Bot,116.44,91.63,,,,,5.995496285236997,-137.277427483303,-8.803188103256161,-4.958167307189321,32.906917182814006,-9.728353247526083,3.467,1.589,226.0,104.5,8.0,94.4,2349.0,6.5,632996,572287,656669,664040,650490,677551,640457,622534,668227,54.01,0.729,0.705,0.9,1.0,1.0,0.0,4.0,6,1,4-Seam Fastball,0,0,0,0,0,0,0,0,Standard,Standard,208.0,0.025,0.415,,,,0.873,-0.415,104.5,0,0,0.526,0.526,21,24,22,25,1,0,7.0,2.0,5.0,1.0,0.95,0.28,-0.28,48.2,,,,,
FF,2021-08-08,89.8,2.1,5.83,"Duran, Jarren",680776,547943,single,hit_into_play,,,,,4.0,Jarren Duran singles on a ground ball to center fielder George Springer.,R,L,L,TOR,BOS,X,8.0,ground_ball,2,2,2021,0.9,1.08,-0.3353803071084759,2.68671037499385,,,,0,4,Top,109.23,82.71,,,,,-7.953443559325424,-130.54427650554055,-4.10187647606248,11.889101612001758,26.794802747648617,-19.14292252021684,3.467,1.589,50.0,98.7,0.0,90.2,1793.0,6.6,633007,624512,665489,591971,669289,543760,666971,543807,606192,53.95,0.414,0.372,0.9,1.0,1.0,0.0,4.0,32,6,4-Seam Fastball,2,4,4,2,4,2,4,2,Infield shift,Strategic,130.0,-0.031,0.478,,,,0.443,-0.478,98.7,-2,2,0.274,0.726,34,24,34,25,2,1,5.0,3.0,6.0,2.0,1.75,0.9,0.9,38.3,,,,,
FF,2021-08-08,89.2,2.05,5.91,"Duran, Jarren",680776,547943,,foul,,,,,11.0,,R,L,L,TOR,BOS,S,,,2,2,2021,0.94,1.34,-0.8349726734993216,2.5297987359209433,,,,0,4,Top,,,,,,,-9.06473645190453,-129.40917848746005,-5.018015339995606,12.532479012491548,29.49650404593092,-16.29660196316971,3.467,1.589,265.0,80.8,36.0,88.9,1932.0,6.5,633007,624512,665489,591971,669289,543760,666971,543807,606192,54.02,,,,,,,,32,5,4-Seam Fastball,2,4,4,2,4,2,4,2,Infield shift,Strategic,136.0,0.0,0.0,,,,,0.0,88.0,-2,2,0.274,0.726,34,24,34,25,2,1,5.0,3.0,6.0,2.0,1.57,0.94,0.94,,,,,,
FC,2021-08-08,86.6,2.07,5.94,"Duran, Jarren",680776,547943,,ball,,,,,11.0,,R,L,L,TOR,BOS,B,,,1,2,2021,0.3,1.01,-1.284223808817312,2.4976464810847694,,,,0,4,Top,,,,,,,-8.660025534457692,-125.7592880319994,-4.0731009031112215,4.967481135187074,25.496572718536683,-20.79086457282919,3.36583593665959,1.56656007885776,,,,86.8,1924.0,6.6,633007,624512,665489,591971,669289,543760,666971,543807,606192,53.94,,,,,,,,32,4,Cutter,2,4,4,2,4,2,4,2,Infield shift,Strategic,147.0,-0.002,0.048,,,,,-0.048,,-2,2,0.276,0.724,34,24,34,25,2,1,5.0,3.0,6.0,2.0,2.04,0.3,0.3,44.4,,,,,
CH,2021-08-08,77.9,2.33,5.84,"Duran, Jarren",680776,547943,,ball,,,,,11.0,,R,L,L,TOR,BOS,B,,,0,2,2021,1.0,0.92,-0.3987411236691229,3.515620017970713,,,,0,4,Top,,,,,,,-7.719325270900775,-113.1131443485414,0.3269719777056827,10.097922276549848,22.928825740315073,-24.69101987042243,3.21650501578517,1.44484384333591,,,,77.7,1428.0,6.5,633007,624512,665489,591971,669289,543760,666971,543807,606192,54.0,,,,,,,,32,3,Changeup,2,4,4,2,4,2,4,2,Infield shift,Strategic,113.0,-0.002,0.024,,,,,-0.024,,-2,2,0.278,0.722,34,24,34,25,2,1,5.0,3.0,6.0,2.0,2.89,1.0,1.0,42.1,,,,,
CH,2021-08-08,78.5,2.36,5.87,"Duran, Jarren",680776,547943,,swinging_strike,,,,,2.0,,R,L,L,TOR,BOS,S,,,0,1,2021,0.86,1.31,0.0963927837197067,3.3084422804089524,,,,0,4,Top,,,,,,,-6.490165929803456,-114.15844484459612,-1.0637680665163136,8.747898964929096,23.150957502920352,-20.80836981523693,3.467,1.589,,,,78.3,1735.0,6.4,633007,624512,665489,591971,669289,543760,666971,543807,606192,54.06,,,,,,,,32,2,Changeup,2,4,4,2,4,2,4,2,Infield shade,Strategic,122.0,0.004,-0.058,,,,,0.058,,-2,2,0.274,0.726,34,24,34,25,2,1,5.0,3.0,6.0,2.0,2.42,0.86,0.86,41.2,,,,,
FF,2021-08-08,86.5,2.03,6.05,"Duran, Jarren",680776,547943,,called_strike,,,,,4.0,,R,L,L,TOR,BOS,S,,,0,0,2021,0.98,1.34,-0.6785787812258769,2.5778958761870117,,,,0,4,Top,,,,,,,-8.43269034521016,-125.57383951735144,-4.726948834697387,12.110305298333389,27.384626184142828,-17.221547141843658,3.63558455807441,1.65670324063958,,,,86.1,1912.0,6.4,633007,624512,665489,591971,669289,543760,666971,543807,606192,54.13,,,,,,,,32,1,4-Seam Fastball,2,4,4,2,4,2,4,2,Standard,Strategic,134.0,0.003,-0.042,,,,,0.042,,-2,2,0.271,0.729,34,24,34,25,2,1,5.0,3.0,6.0,2.0,1.74,0.98,0.98,44.6,,,,,
FF,2021-08-08,89.0,2.13,5.98,"Duran, Jarren",680776,547943,field_out,hit_into_play,,,,,2.0,Jarren Duran flies out to center fielder George Springer.,R,L,L,TOR,BOS,X,8.0,fly_ball,1,0,2021,1.04,1.43,0.0449245290742339,3.159620561714516,,608700.0,666915.0,1,2,Top,75.1,59.91,,,,,-7.304223457339161,-129.37451385991926,-3.8800754045096464,13.23364266069745,26.72016431091908,-15.506886245996869,3.467,1.589,366.0,96.5,28.0,89.1,1958.0,6.4,633007,624512,665489,591971,669289,543760,666971,543807,606192,54.1,0.286,0.5220000000000001,0.0,1.0,0.0,0.0,5.0,15,2,4-Seam Fastball,1,2,2,1,2,1,2,1,Standard,Strategic,131.0,0.047,-0.292,,,,1.01,0.292,96.5,-1,1,0.355,0.645,34,24,34,25,1,0,5.0,3.0,6.0,2.0,1.45,1.04,1.04,40.8,,,,,
FC,2021-08-08,86.3,2.22,5.97,"Duran, Jarren",680776,547943,,ball,,,,,13.0,,R,L,L,TOR,BOS,B,,,0,0,2021,-0.03,0.91,-1.327584478174657,2.4057472334958345,,608700.0,666915.0,1,2,Top,,,,,,,-8.38942347257449,-125.47922638974435,-4.14710720597975,1.2074940316318967,22.68129329027412,-21.916861270720812,3.40026498583349,1.64643977720613,,,,86.7,2003.0,6.4,633007,624512,665489,591971,669289,543760,666971,543807,606192,54.13,,,,,,,,15,1,Cutter,1,2,2,1,2,1,2,1,Standard,Strategic,151.0,-0.005,0.048,,,,,-0.048,,-1,1,0.36,0.64,34,24,34,25,1,0,5.0,3.0,6.0,2.0,2.13,-0.03,-0.03,40.8,,,,,
SL,2021-08-08,81.4,2.63,5.21,"Duran, Jarren",680776,669912,strikeout,swinging_strike,,,,,13.0,Jarren Duran strikes out swinging.,R,L,L,TOR,BOS,S,2.0,,0,2,2021,-0.79,0.09,-1.5231610161856477,1.0610748706234503,,,,0,7,Top,,,,,,,-7.781584082933305,-118.36698463660748,-2.865919704599637,-5.987123265904253,22.347154568088772,-31.004443286393904,3.467,1.589,,,,81.4,2963.0,6.3,633007,624512,665489,591971,669289,543760,666971,543807,606192,54.21,,0.0,0.0,1.0,0.0,0.0,,63,3,Slider,4,8,8,4,8,4,8,4,Infield shift,Strategic,285.0,0.003,-0.169,,,,,0.169,,-4,4,0.061,0.939,26,24,27,25,1,3,10.0,3.0,4.0,2.0,3.35,-0.79,-0.79,22.8,,,,,
SI,2021-08-08,92.7,2.77,5.4,"Duran, Jarren",680776,669912,,called_strike,,,,,5.0,,R,L,L,TOR,BOS,S,,,0,1,2021,1.56,0.66,-0.1177938897988697,2.040037224292599,,,,0,7,Top,,,,,,,-10.715005002207342,-134.56828623107333,-4.162259182215219,21.31951166409635,30.10848094071218,-23.41603668807013,3.117742183835,1.41581821304869,,,,91.9,2538.0,6.0,633007,624512,665489,591971,669289,543760,666971,543807,606192,54.46,,,,,,,,63,2,Sinker,4,8,8,4,8,4,8,4,Infield shade,Strategic,121.0,0.001,-0.058,,,,,0.058,,-4,4,0.06,0.94,26,24,27,25,1,3,10.0,3.0,4.0,2.0,2.01,1.56,1.56,22.2,,,,,
SL,2021-08-08,77.8,2.83,5.24,"Duran, Jarren",680776,669912,,foul,,,,,8.0,,R,L,L,TOR,BOS,S,,,0,0,2021,-0.57,0.01,0.1905195384722741,1.6114479004927058,,,,0,7,Top,,,,,,,-4.596416432323538,-113.25737853979268,-0.8534373357020891,-3.972382168600488,22.55629572342035,-32.12380967599616,3.467,1.589,,,,77.3,2736.0,6.1,633007,624512,665489,591971,669289,543760,666971,543807,606192,54.36,,,,,,,,63,1,Slider,4,8,8,4,8,4,8,4,Infield shade,Strategic,279.0,0.001,-0.042,,,,,0.042,,-4,4,0.059,0.941,26,24,27,25,1,3,10.0,3.0,4.0,2.0,3.78,-0.57,-0.57,23.4,,,,,
SI,2021-08-08,96.3,-1.64,6.34,"Duran, Jarren",680776,641907,single,hit_into_play,,,,,4.0,Jarren Duran singles on a line drive to left fielder Lourdes Gurriel.,R,L,R,TOR,BOS,X,7.0,line_drive,1,0,2021,-1.22,0.99,-0.8262381560603516,2.6109244582602646,,,,1,5,Top,61.03,113.7,,,,,4.92453345538385,-140.10605167722846,-6.55365201789188,-17.20569785981596,32.06037071264522,-17.838273326753672,3.467,1.589,187.0,81.4,15.0,96.3,2078.0,6.3,633007,624512,665489,591971,669289,543760,666971,543807,606192,54.19,0.863,0.807,0.9,1.0,1.0,0.0,4.0,44,2,Sinker,2,7,7,2,7,2,7,2,Infield shift,Strategic,209.0,-0.005,0.375,,,,0.968,-0.375,88.0,-5,5,0.068,0.932,26,24,26,25,1,2,11.0,3.0,18.0,2.0,1.47,1.22,-1.22,,,,,,
CU,2021-08-08,82.5,-1.57,6.43,"Duran, Jarren",680776,641907,,ball,,,,,14.0,,R,L,R,TOR,BOS,B,,,0,0,2021,0.61,-1.08,0.9155695151168866,1.010533603626655,,,,1,5,Top,,,,,,,4.463229785430148,-119.977370863661,-3.618748442233305,4.857229904263509,25.926307690217428,-41.99368455500402,3.07074984038661,1.30088912626553,,,,82.0,2296.0,6.2,633007,624512,665489,591971,669289,543760,666971,543807,606192,54.27,,,,,,,,44,1,Curveball,2,7,7,2,7,2,7,2,Infield shift,Strategic,23.0,-0.001,0.041,,,,,-0.041,,-5,5,0.069,0.931,26,24,26,25,1,2,11.0,3.0,18.0,2.0,4.47,-0.61,0.61,51.7,,,,,
SL,2021-08-08,87.6,-1.62,6.2,"Duran, Jarren",680776,605447,strikeout,swinging_strike,,,,,2.0,Jarren Duran strikes out swinging.,R,L,R,TOR,BOS,S,2.0,,2,2,2021,0.25,0.14,0.0250301049370139,3.151129143648952,,,,2,9,Top,,,,,,,3.5113311762518986,-127.45940189098305,-1.4854764005435652,1.914227669901207,28.1075136344648,-30.54449466000732,3.467,1.589,,,,88.5,2101.0,7.0,633007,624512,665489,591971,669289,543760,606192,543807,545341,53.49,,0.0,0.0,1.0,0.0,0.0,,84,5,Slider,9,8,8,9,8,9,8,9,Infield shade,Strategic,27.0,0.031,-0.236,,,,,0.236,,1,-1,0.969,0.031,28,24,28,25,1,4,1.0,3.0,2.0,2.0,2.85,-0.25,0.25,55.2,,,,,
FF,2021-08-08,101.4,-1.31,6.28,"Duran, Jarren",680776,605447,,ball,,,,,14.0,,R,L,R,TOR,BOS,B,,,1,2,2021,-0.41,1.57,1.6487665984991249,1.686069945391189,,,,2,9,Top,,,,,,,9.37337058258809,-146.89884730198202,-11.398976477822153,-8.20877375228003,36.76593391220191,-6.747212005446603,3.13391222229859,1.52518285330462,,,,102.4,2490.0,7.2,633007,624512,665489,591971,669289,543760,606192,543807,545341,53.29,,,,,,,,84,4,4-Seam Fastball,9,8,8,9,8,9,8,9,Infield shade,Strategic,200.0,-0.005,0.048,,,,,-0.048,,1,-1,0.974,0.026,28,24,28,25,1,4,1.0,3.0,2.0,2.0,0.67,0.41,-0.41,56.9,,,,,
SL,2021-08-08,87.2,-1.64,6.17,"Duran, Jarren",680776,605447,,swinging_strike,,,,,12.0,,R,L,R,TOR,BOS,S,,,1,1,2021,0.33,0.07,0.9132752792519048,3.1593359881393757,,,,2,9,Top,,,,,,,5.544210957159333,-126.79470943445644,-1.163754626520749,2.3201154290236925,27.98312486257179,-31.37948003476768,3.467,1.589,,,,88.2,2164.0,7.2,633007,624512,665489,591971,669289,543760,606192,543807,545341,53.34,,,,,,,,84,3,Slider,9,8,8,9,8,9,8,9,Infield shade,Strategic,90.0,0.009,-0.069,,,,,0.069,,1,-1,0.965,0.035,28,24,28,25,1,4,1.0,3.0,2.0,2.0,2.95,-0.33,0.33,53.2,,,,,
FF,2021-08-08,100.1,-1.68,6.33,"Duran, Jarren",680776,605447,,ball,,,,,11.0,,R,L,R,TOR,BOS,B,,,0,1,2021,-0.6,1.62,-0.7971814666720307,4.360193129362685,,,,2,9,Top,,,,,,,3.9084833630054305,-145.71432004744224,-3.9179852193371314,-9.430680164330454,36.34202121860543,-8.462703918305,3.08514463174466,1.40183588518551,,,,101.3,2339.0,7.1,633007,624512,665489,591971,669289,543760,606192,543807,545341,53.43,,,,,,,,84,2,4-Seam Fastball,9,8,8,9,8,9,8,9,Infield shade,Strategic,205.0,-0.004,0.036,,,,,-0.036,,1,-1,0.969,0.031,28,24,28,25,1,4,1.0,3.0,2.0,2.0,0.67,0.6,-0.6,56.5,,,,,
FF,2021-08-08,97.7,-1.72,6.18,"Duran, Jarren",680776,605447,,foul,,,,,12.0,,R,L,R,TOR,BOS,S,,,0,0,2021,-0.51,1.62,0.1394462761907385,3.652234699717205,,,,2,9,Top,,,,,,,6.28901532637762,-142.06634767662823,-5.053341593123382,-8.388458176741315,36.19637933942461,-9.32987404072869,3.467,1.589,208.0,83.5,17.0,98.8,2345.0,7.2,633007,624512,665489,591971,669289,543760,606192,543807,545341,53.29,,,,,,,,84,1,4-Seam Fastball,9,8,8,9,8,9,8,9,Infield shade,Strategic,206.0,0.006,-0.047,,,,,0.047,88.0,1,-1,0.963,0.037,28,24,28,25,1,4,1.0,3.0,2.0,2.0,0.79,0.51,-0.51,,,,,,
FF,2021-08-05,92.2,-2.33,5.11,"Duran, Jarren",680776,541640,strikeout,swinging_strike,,,,,1.0,Jarren Duran strikes out swinging.,R,L,R,DET,BOS,S,2.0,,2,2,2021,-0.61,1.2,-0.5091363789155258,3.174390850354727,,,,1,9,Top,,,,,,,5.957119355680141,-134.21934844089031,-1.7388616776066688,-8.590032075159666,27.60510536390021,-17.418612158183183,3.467,1.589,,,,92.4,2122.0,6.3,633026,606992,570731,650489,600869,670097,668731,656537,622682,54.23,,0.0,0.0,1.0,0.0,0.0,,76,6,4-Seam Fastball,8,1,1,8,1,8,1,8,Infield shift,Standard,223.0,0.0,-0.225,,,,,0.225,,7,-7,0.999,0.001,31,24,31,25,1,0,4.0,1.0,3.0,3.0,1.47,0.61,-0.61,29.3,,,,,
CH,2021-08-05,84.3,-2.06,5.25,"Duran, Jarren",680776,541640,,foul,,,,,4.0,,R,L,R,DET,BOS,S,,,2,2,2021,-0.98,0.24,-0.7010909189549226,2.4214889985060015,,,,1,9,Top,,,,,,,5.096117934397012,-122.7005661225503,-0.6762102623804345,-10.8570001536641,23.9870604348628,-29.84604181474796,3.467,1.589,273.0,83.3,44.0,84.3,1430.0,6.2,633026,606992,570731,650489,600869,670097,668731,656537,622682,54.26,,,,,,,,76,5,Changeup,8,1,1,8,1,8,1,8,Infield shift,Standard,226.0,0.0,0.0,,,,,0.0,88.0,7,-7,0.999,0.001,31,24,31,25,1,0,4.0,1.0,3.0,3.0,2.96,0.98,-0.98,31.5,,,,,
FC,2021-08-05,87.4,-2.3,5.29,"Duran, Jarren",680776,541640,,called_strike,,,,,11.0,,R,L,R,DET,BOS,S,,,2,1,2021,0.03,0.99,-0.8469258679396736,2.5462274399020117,,,,1,9,Top,,,,,,,3.4580838377931924,-127.27515816835287,-2.5307128246853257,-0.3412595414221703,24.789610355825005,-21.107389675684388,3.37262878909484,1.51201908357761,,,,87.8,2169.0,6.4,633026,606992,570731,650489,600869,670097,668731,656537,622682,54.12,,,,,,,,76,4,Cutter,8,1,1,8,1,8,1,8,Infield shift,Standard,183.0,0.0,-0.084,,,,,0.084,,7,-7,0.999,0.001,31,24,31,25,1,0,4.0,1.0,3.0,3.0,1.98,-0.03,0.03,32.7,,,,,
FC,2021-08-05,87.9,-2.29,5.25,"Duran, Jarren",680776,541640,,foul,,,,,9.0,,R,L,R,DET,BOS,S,,,2,0,2021,0.19,1.25,0.5807908542677805,1.9121168495826328,,,,1,9,Top,,,,,,,6.5538153608833385,-127.8837509033446,-4.617453872964488,0.9008566112289622,23.976809793557607,-17.64358118549574,3.467,1.589,114.0,90.0,78.0,88.3,2393.0,6.3,633026,606992,570731,650489,600869,670097,668731,656537,622682,54.15,,,,,,,,76,3,Cutter,8,1,1,8,1,8,1,8,Infield shift,Standard,190.0,0.0,-0.07,,,,,0.07,90.0,7,-7,0.999,0.001,31,24,31,25,1,0,4.0,1.0,3.0,3.0,1.68,-0.19,0.19,32.2,,,,,
FC,2021-08-05,87.7,-2.3,5.31,"Duran, Jarren",680776,541640,,ball,,,,,11.0,,R,L,R,DET,BOS,B,,,1,0,2021,0.17,1.25,-0.8856322746143963,2.7508944374521453,,,,1,9,Top,,,,,,,3.069024208712022,-127.7634032162692,-2.6673598396831464,1.2688493025399523,25.869753106002545,-18.09398657005617,3.35750842532921,1.54578803016638,,,,87.6,2380.0,6.1,633026,606992,570731,650489,600869,670097,668731,656537,622682,54.36,,,,,,,,76,2,Cutter,8,1,1,8,1,8,1,8,Infield shift,Standard,189.0,0.0,0.079,,,,,-0.079,,7,-7,0.999,0.001,31,24,31,25,1,0,4.0,1.0,3.0,3.0,1.7,-0.17,0.17,32.4,,,,,
SI,2021-08-05,91.5,-2.33,5.2,"Duran, Jarren",680776,541640,,ball,,,,,13.0,,R,L,R,DET,BOS,B,,,0,0,2021,-1.05,0.68,-0.4775172204124405,1.4370674896341944,,,,1,9,Top,,,,,,,6.9076278734521175,-133.1306434431383,-5.11490926864512,-13.92307514959984,27.12853126168038,-23.193455311557603,3.42478287851728,1.61257658893438,,,,91.4,2033.0,6.1,633026,606992,570731,650489,600869,670097,668731,656537,622682,54.36,,,,,,,,76,1,Sinker,8,1,1,8,1,8,1,8,Infield shift,Standard,213.0,0.0,0.041,,,,,-0.041,,7,-7,0.999,0.001,31,24,31,25,1,0,4.0,1.0,3.0,3.0,2.03,1.05,-1.05,29.4,,,,,
SI,2021-08-04,92.5,-2.15,5.28,"Duran, Jarren",680776,663554,home_run,hit_into_play,,,,,5.0,Jarren Duran homers (2) on a fly ball to left field.,R,L,R,DET,BOS,X,,fly_ball,1,0,2021,-1.49,0.32,0.0020171402328714,2.332560179930349,,,,2,5,Top,29.88,91.57,,,,,8.828933161716597,-134.38141961010203,-2.426520043295561,-20.00271559530687,28.91738755054404,-27.910855616987178,3.467,1.589,355.0,100.7,24.0,93.2,1927.0,6.8,633052,606988,408234,570731,600869,670097,668731,656537,543257,53.7,0.536,0.9312,2.0,1.0,0.0,3.0,6.0,36,2,Sinker,0,3,3,0,4,0,4,0,Standard,Standard,230.0,-0.066,2.555,,,,1.763,-2.555,100.7,-3,3,0.184,0.8160000000000001,24,24,24,25,3,2,6.0,1.0,6.0,1.0,2.35,1.49,-1.49,32.6,,,,,
FS,2021-08-04,83.1,-2.2,5.42,"Duran, Jarren",680776,663554,,ball,,,,,11.0,,R,L,R,DET,BOS,B,,,0,0,2021,-0.95,0.13,-2.3639098495464324,4.815589839514552,,,,2,5,Top,,,,,,,1.4891873493767742,-120.84470121685582,4.85665617128711,-9.56753640865525,24.229238078403352,-32.05471409473097,3.35524186212229,1.53401100828274,,,,83.3,779.0,6.5,633052,606988,408234,570731,600869,670097,668731,656537,543257,54.01,,,,,,,,36,1,Split-Finger,0,3,3,0,3,0,3,0,Standard,Standard,262.0,-0.001,0.04,,,,,-0.04,,-3,3,0.185,0.815,24,24,24,25,3,2,6.0,1.0,6.0,1.0,3.18,0.95,-0.95,32.7,,,,,
FS,2021-08-04,84.2,-2.05,5.46,"Duran, Jarren",680776,663554,field_out,hit_into_play,,,,,13.0,"Jarren Duran grounds out, pitcher Casey Mize to first baseman Miguel Cabrera.",R,L,R,DET,BOS,X,1.0,ground_ball,1,2,2021,-0.96,-0.54,-0.9453891231398028,1.744923779939843,,,,2,3,Top,124.87,191.08,,,,,4.495576811039976,-122.50174463903478,-1.1007165200242444,-10.606826265832678,26.60867982020589,-37.5404781516239,3.467,1.589,1.0,66.6,-72.0,84.3,849.0,6.6,633052,606988,408234,570731,600869,670097,668731,656537,543257,53.9,0.254,0.28,0.0,1.0,0.0,0.0,2.0,20,5,Split-Finger,0,1,1,0,1,0,1,0,Infield shift,Standard,260.0,0.008,-0.188,,,,0.258,0.188,88.0,-1,1,0.429,0.571,24,24,24,25,2,1,6.0,1.0,6.0,1.0,3.78,0.96,-0.96,32.8,,,,,
FS,2021-08-04,84.0,-2.1,5.55,"Duran, Jarren",680776,663554,,foul,,,,,4.0,,R,L,R,DET,BOS,S,,,1,2,2021,-0.86,-0.15,-0.7532057116907872,2.178308744248974,,,,2,3,Top,,,,,,,4.872685263137243,-122.2027723938081,-1.040617149474956,-9.643234324641009,26.43525151121908,-33.68453027474956,3.467,1.589,274.0,84.6,38.0,84.2,868.0,6.7,633052,606988,408234,570731,600869,670097,668731,656537,543257,53.84,,,,,,,,20,4,Split-Finger,0,1,1,0,1,0,1,0,Infield shift,Standard,251.0,0.0,0.0,,,,,0.0,88.0,-1,1,0.429,0.571,24,24,24,25,2,1,6.0,1.0,6.0,1.0,3.41,0.86,-0.86,34.8,,,,,
FS,2021-08-04,84.6,-2.05,5.52,"Duran, Jarren",680776,663554,,ball,,,,,13.0,,R,L,R,DET,BOS,B,,,0,2,2021,-0.58,-0.26,-1.4039313531694395,1.761043271824509,,,,2,3,Top,,,,,,,2.69610853606712,-123.25809483378272,-1.925569500188034,-6.4630921987750005,24.97891153390841,-34.60006835174491,3.46999999999414,1.61134855592902,,,,85.5,784.0,6.9,633052,606988,408234,570731,600869,670097,668731,656537,543257,53.64,,,,,,,,20,3,Split-Finger,0,1,1,0,1,0,1,0,Infield shift,Standard,253.0,-0.001,0.03,,,,,-0.03,,-1,1,0.43,0.5700000000000001,24,24,24,25,2,1,6.0,1.0,6.0,1.0,3.44,0.58,-0.58,36.5,,,,,
SI,2021-08-04,93.2,-2.21,5.46,"Duran, Jarren",680776,663554,,swinging_strike,,,,,4.0,,R,L,R,DET,BOS,S,,,0,1,2021,-1.36,0.61,-0.7089454847547809,2.7281106525408534,,,543877.0,1,3,Top,,,,,,,6.949022915379801,-135.61531951483147,-2.611594471324199,-18.33614777710474,29.587141264705497,-24.32233950142816,3.467,1.589,,,,94.5,2011.0,7.0,633052,606988,408234,570731,600869,670097,668731,656537,543257,53.48,,,,,,,,20,2,Sinker,0,1,1,0,1,0,1,0,Standard,Standard,228.0,0.007,-0.054,,,,,0.054,,-1,1,0.39,0.61,24,24,24,25,2,1,6.0,1.0,6.0,1.0,2.02,1.36,-1.36,35.7,,,,,
SL,2021-08-04,84.0,-2.41,5.35,"Duran, Jarren",680776,663554,,called_strike,,,,,5.0,,R,L,R,DET,BOS,S,,,0,0,2021,0.32,0.28,-0.2242903910612349,2.788203745125074,,,543877.0,1,3,Top,,,,,,,4.477456363803628,-122.37182112264944,-0.1089257617821801,2.3588775741029657,23.546618248662575,-29.50857839377779,3.4222101296633,1.58372088276764,,,,85.1,2145.0,6.9,633052,606988,408234,570731,600869,670097,668731,656537,543257,53.61,,,,,,,,20,1,Slider,0,1,1,0,1,0,1,0,Standard,Standard,117.0,0.004,-0.041,,,,,0.041,,-1,1,0.386,0.614,24,24,24,25,2,1,6.0,1.0,6.0,1.0,2.93,-0.32,0.32,30.8,,,,,
SI,2021-08-04,93.7,2.05,6.04,"Duran, Jarren",680776,502706,strikeout,called_strike,,,,,7.0,Jarren Duran called out on strikes.,R,L,L,DET,BOS,S,2.0,,0,2,2021,1.35,0.89,-0.5894496427063398,2.020212423978861,571771.0,,,1,7,Top,,,,,,,-9.811917363182204,-135.98873169274657,-6.556365443680811,18.992735498169296,31.84806218229812,-19.790765829949507,3.42481566784675,1.64848359488534,,,,93.5,2373.0,6.5,633052,606988,408234,570731,600869,670097,668731,656537,543257,54.03,,0.0,0.0,1.0,0.0,0.0,,55,3,Sinker,0,4,4,0,4,0,4,0,Strategic,Strategic,129.0,0.01,-0.289,,,,,0.289,,-4,4,0.051,0.949,34,24,35,25,1,3,5.0,1.0,2.0,1.0,1.73,1.35,1.35,40.7,,,,,
SI,2021-08-04,92.0,2.07,6.1,"Duran, Jarren",680776,502706,,called_strike,,,,,8.0,,R,L,L,DET,BOS,S,,,0,1,2021,1.16,1.28,0.0637840082235814,2.022277037773898,571771.0,,,1,7,Top,,,,,,,-7.605617060443786,-133.60025193882467,-7.2310134361253615,15.548281892789028,30.69048032689629,-15.374232969995823,3.41316885398991,1.60544753578483,,,,91.8,2218.0,6.4,633052,606988,408234,570731,600869,670097,668731,656537,543257,54.09,,,,,,,,55,2,Sinker,0,4,4,0,4,0,4,0,Strategic,Standard,131.0,0.004,-0.09,,,,,0.09,,-4,4,0.047,0.953,34,24,35,25,1,3,5.0,1.0,2.0,1.0,1.43,1.16,1.16,43.0,,,,,
SI,2021-08-04,93.7,2.15,6.07,"Duran, Jarren",680776,502706,,called_strike,,,,,7.0,,R,L,L,DET,BOS,S,,,0,0,2021,1.3,1.36,-0.4756149451250402,1.9189087653323929,571771.0,,,1,7,Top,,,,,,,-9.647058444214911,-135.9827538385385,-7.968926354633541,18.21683635950304,30.11461354332111,-13.66895385122449,3.53540677352575,1.57887554561907,,,,93.6,2299.0,6.4,633052,606988,408234,570731,600869,670097,668731,656537,543257,54.11,,,,,,,,55,1,Sinker,0,4,4,0,4,0,4,0,Strategic,Standard,128.0,0.002,-0.055,,,,,0.055,,-4,4,0.045,0.955,34,24,35,25,1,3,5.0,1.0,2.0,1.0,1.25,1.3,1.3,41.2,,,,,
SL,2021-08-04,86.6,-2.46,5.38,"Duran, Jarren",680776,663554,strikeout,swinging_strike,,,,,1.0,Jarren Duran strikes out swinging.,R,L,R,DET,BOS,S,2.0,,2,2,2021,0.11,0.21,-0.430951938624466,3.056718621611939,,,571771.0,0,1,Top,,,,,,,4.681764280814221,-126.20314442421451,0.1275090738398234,0.4017858277409632,21.65865056426893,-30.06931069277275,3.467,1.589,,,,88.3,2147.0,7.0,633052,606988,408234,570731,600869,670097,668731,656537,543257,53.55,,0.0,0.0,1.0,0.0,0.0,,2,5,Slider,0,0,0,0,0,0,0,0,Infield shift,Standard,110.0,0.029,-0.22,,,,,0.22,,0,0,0.469,0.531,24,24,24,25,1,0,6.0,1.0,6.0,1.0,2.78,-0.11,0.11,31.4,,,,,
FF,2021-08-04,95.7,-2.16,5.92,"Duran, Jarren",680776,641729,field_out,hit_into_play,,,,,5.0,Jarren Duran flies out to left fielder Akil Baddoo.,R,L,R,DET,BOS,X,7.0,fly_ball,2,2,2021,-0.7,1.42,0.0532506097223587,2.725123988636764,,,,2,9,Top,92.11,131.71,,,,,7.398224589233147,-139.14152866307649,-6.003385682418497,-10.8055343347478,31.149545562594003,-12.592500557628902,3.467,1.589,191.0,92.0,59.0,95.5,2399.0,6.2,633052,606992,408234,570731,600869,605612,668731,656537,543257,54.27,0.008,0.007,0.0,1.0,0.0,0.0,3.0,73,5,4-Seam Fastball,1,4,4,1,4,1,4,1,Infield shift,Standard,220.0,0.002,-0.236,,,,0.01,0.236,92.0,-3,3,0.041,0.959,26,24,26,25,1,4,1.0,1.0,4.0,1.0,1.08,0.7,-0.7,33.7,,,,,
FF,2021-08-04,94.7,-2.01,5.67,"Duran, Jarren",680776,663554,,ball,,,,,12.0,,R,L,R,DET,BOS,B,,,1,2,2021,-0.63,1.33,0.1525775315886964,3.945952802483091,,,571771.0,0,1,Top,,,,,,,7.164670924258088,-137.79958413378938,-1.8265871606458324,-9.577359445549764,30.40498797705407,-15.067514215797466,3.47000000000837,1.6304057431898,,,,96.2,2121.0,7.1,633052,606988,408234,570731,600869,670097,668731,656537,543257,53.39,,,,,,,,2,4,4-Seam Fastball,0,0,0,0,0,0,0,0,Infield shift,Standard,220.0,-0.005,0.041,,,,,-0.041,,0,0,0.474,0.526,24,24,24,25,1,0,6.0,1.0,6.0,1.0,1.21,0.63,-0.63,42.3,,,,,
SL,2021-08-04,85.7,-2.39,5.34,"Duran, Jarren",680776,663554,,swinging_strike,,,,,6.0,,R,L,R,DET,BOS,S,,,1,1,2021,0.08,0.27,0.4424224796967579,2.793669228154327,,,571771.0,0,1,Top,,,,,,,6.61205064342838,-124.83358140052069,-0.3506628409723812,-0.3342628137468212,22.533566794104637,-29.50739694981729,3.467,1.589,,,,87.2,2157.0,7.0,633052,606988,408234,570731,600869,670097,668731,656537,543257,53.54,,,,,,,,2,3,Slider,0,0,0,0,0,0,0,0,Standard,Standard,97.0,0.008,-0.066,,,,,0.066,,0,0,0.466,0.534,24,24,24,25,1,0,6.0,1.0,6.0,1.0,2.81,-0.08,0.08,32.0,,,,,
FF,2021-08-04,95.5,-2.2,5.94,"Duran, Jarren",680776,641729,,ball,,,,,1.0,,R,L,R,DET,BOS,B,,,1,2,2021,-0.69,1.4,-0.7560513682143462,3.465547051687108,,,,2,9,Top,,,,,,,5.336182917771379,-138.99480284785213,-4.057168539794517,-10.08440914526643,30.55439848176233,-13.321542931843815,3.35854029311832,1.54548092167134,,,,95.5,2406.0,6.2,633052,606992,408234,570731,600869,605612,668731,656537,543257,54.28,,,,,,,,73,4,4-Seam Fastball,1,4,4,1,4,1,4,1,Infield shift,Standard,216.0,-0.001,0.048,,,,,-0.048,,-3,3,0.042,0.958,26,24,26,25,1,4,1.0,1.0,4.0,1.0,1.1,0.69,-0.69,34.8,,,,,
SL,2021-08-04,86.2,-2.53,5.36,"Duran, Jarren",680776,663554,,ball,,,,,11.0,,R,L,R,DET,BOS,B,,,0,1,2021,0.05,0.26,-0.9190880725688158,2.653027643455951,,,571771.0,0,1,Top,,,,,,,3.775120267075401,-125.57327603211664,-0.7738246952112386,-0.1660101126411363,24.255435085816817,-29.433090306029804,3.46999999999703,1.61412298222159,,,,87.4,2112.0,6.9,633052,606988,408234,570731,600869,670097,668731,656537,543257,53.59,,,,,,,,2,2,Slider,0,0,0,0,0,0,0,0,Standard,Standard,119.0,-0.003,0.027,,,,,-0.027,,0,0,0.469,0.531,24,24,24,25,1,0,6.0,1.0,6.0,1.0,2.79,-0.05,0.05,32.2,,,,,
CH,2021-08-04,90.6,-2.27,5.75,"Duran, Jarren",680776,641729,,foul,,,,,2.0,,R,L,R,DET,BOS,S,,,1,1,2021,-1.32,0.59,0.1201976286927242,2.8977276143247575,,,,2,9,Top,,,,,,,8.808480692760257,-131.75268116031768,-2.4745435057438607,-17.161713731725857,26.82303915510629,-24.97739203184835,3.467,1.589,199.0,71.7,41.0,91.0,2295.0,6.5,633052,606992,408234,570731,600869,605612,668731,656537,543257,54.03,,,,,,,,73,3,Changeup,1,4,4,1,4,1,4,1,Standard,Standard,228.0,0.001,-0.069,,,,,0.069,88.0,-3,3,0.041,0.959,26,24,26,25,1,4,1.0,1.0,4.0,1.0,2.18,1.32,-1.32,30.0,,,,,
FF,2021-08-04,94.9,-2.1,5.88,"Duran, Jarren",680776,641729,,swinging_strike,,,,,12.0,,R,L,R,DET,BOS,S,,,1,0,2021,-0.76,1.43,0.8782585765692794,3.0178823923282687,,,,2,9,Top,,,,,,,9.453705263418174,-137.8329602166471,-5.006614494979662,-11.710805807364482,30.14891732609631,-13.00584575601542,3.467,1.589,,,,94.8,2493.0,6.3,633052,606992,408234,570731,600869,605612,668731,656537,543257,54.21,,,,,,,,73,2,4-Seam Fastball,1,4,4,1,4,1,4,1,Standard,Standard,216.0,0.0,-0.051,,,,,0.051,,-3,3,0.041,0.959,26,24,26,25,1,4,1.0,1.0,4.0,1.0,1.11,0.76,-0.76,34.1,,,,,
FF,2021-08-04,94.6,-2.01,5.6,"Duran, Jarren",680776,663554,,foul,,,,,6.0,,R,L,R,DET,BOS,S,,,0,0,2021,-0.93,1.23,0.524077195812509,2.4310453954501794,,,571771.0,0,1,Top,,,,,,,8.784652562706105,-137.3580212330418,-5.349727182104431,-13.801565710186368,31.79807736324696,-15.542636641753486,3.467,1.589,123.0,86.8,77.0,95.4,2201.0,7.0,633052,606988,408234,570731,600869,670097,668731,656537,543257,53.51,,,,,,,,2,1,4-Seam Fastball,0,0,0,0,0,0,0,0,Standard,Standard,226.0,0.005,-0.038,,,,,0.038,88.0,0,0,0.464,0.536,24,24,24,25,1,0,6.0,1.0,6.0,1.0,1.33,0.93,-0.93,41.0,,,,,
CH,2021-08-04,90.8,-2.34,5.71,"Duran, Jarren",680776,641729,,ball,,,,,14.0,,R,L,R,DET,BOS,B,,,0,0,2021,-1.28,0.6,1.1480224966533472,2.015436342994591,,,,2,9,Top,,,,,,,11.47578363885144,-131.7607101287041,-4.615797981360206,-17.255648797303422,26.8925364398306,-24.307493331793584,3.25991498300921,1.47708114980209,,,,91.0,2290.0,6.5,633052,606992,408234,570731,600869,605612,668731,656537,543257,54.03,,,,,,,,73,1,Changeup,1,4,4,1,4,1,4,1,Standard,Standard,229.0,0.0,0.04,,,,,-0.04,,-3,3,0.041,0.959,26,24,26,25,1,4,1.0,1.0,4.0,1.0,2.17,1.28,-1.28,30.5,,,,,
FF,2021-08-03,92.9,-1.32,6.7,"Duran, Jarren",680776,503449,field_out,hit_into_play,,,,,12.0,Jarren Duran pops out to third baseman Jeimer Candelario.,R,L,R,DET,BOS,X,5.0,popup,1,2,2021,-0.35,1.02,0.986157834362952,3.1482810858241472,,,,0,5,Top,93.87,163.24,,,,,6.593672536165638,-135.1853128624272,-5.539881701855238,-5.633527979564669,25.87974097022311,-18.706031271547513,3.467,1.589,125.0,57.1,59.0,92.2,1804.0,5.6,633087,606992,570731,650489,600869,605612,668731,656537,543257,54.89,0.014,0.012,0.0,1.0,0.0,0.0,1.0,36,4,4-Seam Fastball,2,2,2,2,2,2,2,2,Infield shift,Standard,208.0,0.021,-0.194,,,,0.014,0.194,88.0,0,0,0.509,0.491,32,24,32,25,3,2,6.0,2.0,5.0,1.0,1.6,0.35,-0.35,58.5,,,,,
FS,2021-08-03,79.3,-1.41,6.67,"Duran, Jarren",680776,503449,,foul,,,,,1.0,,R,L,R,DET,BOS,S,,,1,1,2021,-0.9,0.48,-0.6728580252926085,3.406543335488541,,,,0,5,Top,,,,,,,3.2562304936345163,-115.4631493357459,-1.2708062053327742,-8.679291151518466,21.32707839350824,-27.84329914609282,3.467,1.589,204.0,68.1,31.0,78.5,935.0,5.7,633087,606992,570731,650489,600869,605612,668731,656537,543257,54.84,,,,,,,,36,3,Split-Finger,2,2,2,2,2,2,2,2,Infield shade,Standard,234.0,0.008,-0.064,,,,,0.064,88.0,0,0,0.501,0.499,32,24,32,25,3,2,6.0,2.0,5.0,1.0,3.14,0.9,-0.9,59.1,,,,,
SL,2021-08-03,80.0,-1.55,6.55,"Duran, Jarren",680776,503449,,swinging_strike,,,,,14.0,,R,L,R,DET,BOS,S,,,1,0,2021,0.15,0.16,0.2195985699736638,0.6312945103820273,,,,0,5,Top,,,,,,,3.5675730337584044,-116.4227979122776,-6.621763407387212,0.7914853837482637,20.38524449520532,-29.75273884127827,3.467,1.589,,,,79.4,1996.0,5.7,633087,606992,570731,650489,600869,605612,668731,656537,543257,54.8,,,,,,,,36,2,Slider,2,2,2,2,2,2,2,2,Infield shade,Standard,140.0,0.006,-0.054,,,,,0.054,,0,0,0.495,0.505,32,24,32,25,3,2,6.0,2.0,5.0,1.0,3.38,-0.15,0.15,54.4,,,,,
SI,2021-08-03,93.6,-1.27,6.66,"Duran, Jarren",680776,503449,,ball,,,,,13.0,,R,L,R,DET,BOS,B,,,0,0,2021,-1.19,1.16,-0.1005179540831997,1.1174952230522726,,,,0,5,Top,,,,,,,5.562292089858475,-135.89117194529817,-11.011722861140813,-15.992979681094754,27.058424067374418,-15.63155175280924,3.53596589990831,1.59024686138018,,,,92.8,1691.0,5.7,633087,606992,570731,650489,600869,605612,668731,656537,543257,54.78,,,,,,,,36,1,Sinker,2,2,2,2,2,2,2,2,Standard,Standard,209.0,-0.005,0.043,,,,,-0.043,,0,0,0.5,0.5,32,24,32,25,3,2,6.0,2.0,5.0,1.0,1.43,1.19,-1.19,57.0,,,,,
FS,2021-08-03,82.8,-1.11,6.58,"Duran, Jarren",680776,503449,strikeout,swinging_strike,,,,,2.0,Jarren Duran strikes out swinging.,R,L,R,DET,BOS,S,2.0,,2,2,2021,-1.04,0.63,0.1537331118752332,3.16525077731601,,,614173.0,2,2,Top,,,,,,,4.867825276465799,-120.52570451943627,-2.555624931369043,-11.092518469039504,22.78630334867332,-25.727265725086788,3.467,1.589,,,,82.2,1064.0,5.8,633087,606992,570731,650489,600869,605612,668731,656537,543257,54.7,,0.0,0.0,1.0,0.0,0.0,,13,5,Split-Finger,0,2,2,0,2,0,2,0,Infield shift,Standard,225.0,0.015,-0.228,,,,,0.228,,-2,2,0.326,0.6739999999999999,32,24,32,25,2,1,6.0,2.0,5.0,1.0,2.68,1.04,-1.04,61.2,,,,,
FS,2021-08-03,81.5,-1.21,6.6,"Duran, Jarren",680776,503449,,called_strike,,,,,2.0,,R,L,R,DET,BOS,S,,,2,1,2021,-1.06,0.82,-0.0269482433352673,2.948632173344012,,,614173.0,2,2,Top,,,,,,,4.646776495660257,-118.62188404852824,-3.1802874760423494,-10.886084802642666,21.88730627381244,-24.018518316277447,3.36104604372202,1.59025741199071,,,,80.9,1047.0,5.8,633087,606992,570731,650489,600869,605612,668731,656537,543257,54.74,,,,,,,,13,4,Split-Finger,0,2,2,0,2,0,2,0,Infield shade,Standard,228.0,0.005,-0.075,,,,,0.075,,-2,2,0.321,0.679,32,24,32,25,2,1,6.0,2.0,5.0,1.0,2.6,1.06,-1.06,59.8,,,,,
FS,2021-08-03,80.0,-1.18,6.54,"Duran, Jarren",680776,503449,,ball,,,,,11.0,,R,L,R,DET,BOS,B,,,1,1,2021,-0.9,0.42,-0.937869136303057,3.0220791569876204,,,614173.0,2,2,Top,,,,,,,2.205117514782025,-116.5200687359928,-1.86848581675184,-8.605902871511896,20.523373345680113,-28.216812264500128,3.44852121390048,1.59025741199071,,,,79.4,1121.0,5.7,633087,606992,570731,650489,600869,605612,668731,656537,543257,54.83,,,,,,,,13,3,Split-Finger,0,2,2,0,2,0,2,0,Standard,Standard,216.0,-0.003,0.048,,,,,-0.048,,-2,2,0.324,0.6759999999999999,32,24,32,25,2,1,6.0,2.0,5.0,1.0,3.12,0.9,-0.9,60.6,,,,,
SI,2021-08-03,93.3,-1.09,6.66,"Duran, Jarren",680776,503449,,called_strike,,,,,1.0,,R,L,R,DET,BOS,S,,,1,0,2021,-1.05,1.08,-0.8051015654649174,3.1666032994819764,,,614173.0,2,2,Top,,,,,,,2.992952361594579,-135.87161521103812,-5.564935037779159,-13.675032567033432,28.639793856976247,-17.826771401297297,3.55784613352374,1.59025741199071,,,,92.5,1893.0,5.7,633087,606992,570731,650489,600869,605612,668731,656537,543257,54.79,,,,,,,,13,2,Sinker,0,2,2,0,2,0,2,0,Standard,Standard,200.0,0.003,-0.057,,,,,0.057,,-2,2,0.321,0.679,32,24,32,25,2,1,6.0,2.0,5.0,1.0,1.53,1.05,-1.05,60.3,,,,,
SL,2021-08-03,79.6,-1.51,6.67,"Duran, Jarren",680776,503449,,ball,,,,,11.0,,R,L,R,DET,BOS,B,,,0,0,2021,0.27,-0.18,-0.0237966119515573,4.253621381911133,,,614173.0,2,2,Top,,,,,,,2.720067395423903,-116.05234184078516,1.6224616454570822,2.0042282841902423,19.045112140826937,-34.253491106665486,3.57970859882452,1.59025741199071,,,,78.8,2222.0,5.3,633087,606992,570731,650489,600869,605612,668731,656537,543257,55.17,,,,,,,,13,1,Slider,0,2,2,0,2,0,2,0,Standard,Standard,67.0,-0.002,0.043,,,,,-0.043,,-2,2,0.323,0.677,32,24,32,25,2,1,6.0,2.0,5.0,1.0,3.73,-0.27,0.27,54.9,,,,,
SL,2021-08-03,89.9,1.74,5.74,"Duran, Jarren",680776,642397,single,hit_into_play,,,,,7.0,Jarren Duran singles on a ground ball to second baseman Willi Castro.,R,L,L,DET,BOS,X,4.0,ground_ball,1,1,2021,-0.09,0.57,-0.4781223817784733,1.487369100948246,,,,2,9,Top,138.06,161.75,,,,,-5.357489255902392,-130.91992896966295,-5.899542122500507,-0.0125759265339342,24.78847974326503,-24.616335999554277,3.467,1.589,1.0,78.6,-53.0,91.1,2417.0,6.8,633087,606992,570731,650489,600869,670097,668731,656537,543257,53.74,0.298,0.268,0.9,1.0,1.0,0.0,2.0,71,3,Slider,4,2,2,4,2,4,2,4,Standard,Strategic,167.0,-0.025,0.325,,,,0.302,-0.325,88.0,2,-2,0.989,0.011,26,24,26,25,1,4,2.0,2.0,4.0,1.0,2.22,-0.09,-0.09,40.7,,,,,
SI,2021-08-03,98.8,1.92,5.72,"Duran, Jarren",680776,642397,,called_strike,,,,,9.0,,R,L,L,DET,BOS,S,,,1,0,2021,1.46,1.19,0.435542105672642,1.5873936547832632,,,,2,9,Top,,,,,,,-7.483640949147201,-143.4374282440312,-8.610189900449075,21.90546804603512,32.97934902808229,-13.884396681178211,3.38286541100529,1.59022526235917,,,,99.3,2417.0,6.7,633087,606992,570731,650489,600869,670097,668731,656537,543257,53.8,,,,,,,,71,2,Sinker,4,2,2,4,2,4,2,4,Standard,Strategic,139.0,0.003,-0.051,,,,,0.051,,2,-2,0.986,0.014,26,24,26,25,1,4,2.0,2.0,4.0,1.0,1.15,1.46,1.46,38.0,,,,,
SI,2021-08-03,99.9,1.56,5.79,"Duran, Jarren",680776,642397,,ball,,,,,13.0,,R,L,L,DET,BOS,B,,,0,0,2021,1.27,0.95,-0.6502034585018357,1.165125066250405,,,,2,9,Top,,,,,,,-9.096022342407654,-145.0384361177568,-9.64245131090218,19.95811232824792,31.98698269091481,-16.631022804746635,3.25163288282138,1.63407682490753,,,,100.4,2466.0,6.6,633087,606992,570731,650489,600869,670097,668731,656537,543257,53.95,,,,,,,,71,1,Sinker,4,2,2,4,2,4,2,4,Standard,Strategic,140.0,-0.002,0.04,,,,,-0.04,,2,-2,0.988,0.012,26,24,26,25,1,4,2.0,2.0,4.0,1.0,1.33,1.27,1.27,41.0,,,,,
FS,2021-08-03,82.7,-1.27,6.62,"Duran, Jarren",680776,503449,field_out,hit_into_play,,,,,8.0,"Jarren Duran grounds out, second baseman Willi Castro to first baseman Jonathan Schoop.",R,L,R,DET,BOS,X,4.0,ground_ball,1,2,2021,-0.46,1.06,-0.1526692091317951,1.485591139087016,,,,0,1,Top,152.72,149.77,,,,,3.391911847313029,-120.28442976474255,-7.226039383075135,-5.096851557893416,22.302989419587977,-20.659918346882,3.467,1.589,75.0,87.6,3.0,81.8,945.0,5.6,633087,606992,570731,650489,600869,605612,668731,656537,543257,54.88,0.403,0.363,0.0,1.0,0.0,0.0,2.0,1,4,Split-Finger,0,0,0,0,0,0,0,0,Infield shift,Standard,232.0,0.015,-0.194,,,,0.428,0.194,88.0,0,0,0.507,0.493,32,24,32,25,1,0,6.0,2.0,5.0,1.0,2.26,0.46,-0.46,60.3,,,,,
SI,2021-08-03,95.5,-1.82,6.03,"Duran, Jarren",680776,605242,single,hit_into_play,,,,,4.0,Jarren Duran singles on a ground ball to left fielder Akil Baddoo.,R,L,R,DET,BOS,X,7.0,ground_ball,1,2,2021,-1.09,0.92,-0.5464612453657167,2.7945423995402208,,,,0,7,Top,76.0,129.26,,,,,5.78999801366066,-138.87525044595853,-4.946296709871,-15.3806892250129,32.23887144478744,-19.347781275997523,3.467,1.589,73.0,99.0,2.0,95.3,2141.0,6.3,633087,606992,570731,650489,600869,605612,668731,656537,543257,54.19,0.493,0.466,0.9,1.0,1.0,0.0,4.0,54,4,Sinker,3,2,2,3,2,3,2,3,Infield shift,Standard,213.0,-0.084,0.525,,,,0.581,-0.525,99.0,1,-1,0.705,0.295,28,24,28,25,1,3,2.0,2.0,4.0,1.0,1.59,1.09,-1.09,42.0,,,,,
FC,2021-08-03,91.4,-1.82,6.14,"Duran, Jarren",680776,605242,,foul,,,,,14.0,,R,L,R,DET,BOS,S,,,1,1,2021,0.68,0.67,1.1348836820031196,2.2104961447812874,,,,0,7,Top,,,,,,,5.999872028508178,-133.06196791779217,-5.5462937500958045,7.017733229506497,25.60409479831304,-23.24356789989913,3.467,1.589,3.0,75.8,-33.0,92.3,2422.0,6.5,633087,606992,570731,650489,600869,605612,668731,656537,543257,53.96,,,,,,,,54,3,Cutter,3,2,2,3,2,3,2,3,Standard,Standard,168.0,0.011,-0.064,,,,,0.064,88.0,1,-1,0.694,0.306,28,24,28,25,1,3,2.0,2.0,4.0,1.0,2.03,-0.68,0.68,49.6,,,,,
FS,2021-08-03,83.0,-1.26,6.68,"Duran, Jarren",680776,503449,,ball,,,,,13.0,,R,L,R,DET,BOS,B,,,0,2,2021,-0.48,1.03,-1.0010282973210842,1.5378251572360435,,,,0,1,Top,,,,,,,1.5162628820464887,-120.72745687328708,-7.265098695857442,-5.023772510153979,21.968596943969835,-20.879709113207017,3.36107890094137,1.5902780072158,,,,82.3,1029.0,5.7,633087,606992,570731,650489,600869,605612,668731,656537,543257,54.8,,,,,,,,1,3,Split-Finger,0,0,0,0,0,0,0,0,Infield shift,Standard,226.0,-0.002,0.024,,,,,-0.024,,0,0,0.509,0.491,32,24,32,25,1,0,6.0,2.0,5.0,1.0,2.26,0.48,-0.48,60.7,,,,,
FC,2021-08-03,92.4,-2.05,6.17,"Duran, Jarren",680776,605242,,called_strike,,,,,5.0,,R,L,R,DET,BOS,S,,,1,0,2021,0.43,0.56,0.1537460722364368,2.2253667450863457,,,,0,7,Top,,,,,,,4.677645552841361,-134.5143997054521,-5.45917478740634,4.169463510639551,29.325678383704236,-24.415795334764297,3.42661993130789,1.59023614428831,,,,92.4,2424.0,6.3,633087,606992,570731,650489,600869,605612,668731,656537,543257,54.22,,,,,,,,54,2,Cutter,3,2,2,3,2,3,2,3,Standard,Standard,181.0,0.009,-0.054,,,,,0.054,,1,-1,0.685,0.3149999999999999,28,24,28,25,1,3,2.0,2.0,4.0,1.0,2.11,-0.43,0.43,46.2,,,,,
FF,2021-08-03,95.3,-1.33,6.71,"Duran, Jarren",680776,503449,,foul,,,,,5.0,,R,L,R,DET,BOS,S,,,0,1,2021,-0.62,1.18,0.0681524318104715,2.267646972302943,,,,0,1,Top,,,,,,,4.985155639731662,-138.52017675586185,-8.583184345467592,-9.091543227674508,29.121567450845895,-15.248953411297872,3.467,1.589,163.0,77.6,14.0,94.2,1902.0,5.6,633087,606992,570731,650489,600869,605612,668731,656537,543257,54.92,,,,,,,,1,2,4-Seam Fastball,0,0,0,0,0,0,0,0,Standard,Standard,202.0,0.006,-0.058,,,,,0.058,88.0,0,0,0.503,0.497,32,24,32,25,1,0,6.0,2.0,5.0,1.0,1.32,0.62,-0.62,61.4,,,,,
FF,2021-08-03,95.4,-1.75,6.33,"Duran, Jarren",680776,605242,,ball,,,,,11.0,,R,L,R,DET,BOS,B,,,0,0,2021,-0.13,1.33,-0.2974405890398235,4.315236792441925,,,,0,7,Top,,,,,,,4.104681134572989,-138.89679359300456,-2.6494892156509033,-2.5704710204230183,31.78604486266355,-14.585845618515124,3.44848738662875,1.59023614428831,,,,95.2,2084.0,6.2,633087,606992,570731,650489,600869,605612,668731,656537,543257,54.29,,,,,,,,54,1,4-Seam Fastball,3,2,2,3,2,3,2,3,Standard,Standard,201.0,-0.007,0.043,,,,,-0.043,,1,-1,0.692,0.308,28,24,28,25,1,3,2.0,2.0,4.0,1.0,1.18,0.13,-0.13,48.5,,,,,
FF,2021-08-03,93.5,-1.39,6.75,"Duran, Jarren",680776,503449,,swinging_strike,,,,,2.0,,R,L,R,DET,BOS,S,,,0,0,2021,-0.52,1.34,-0.1235907427471576,3.4086998515041147,,,,0,1,Top,,,,,,,4.329082095952735,-136.0563007136704,-5.748951792873338,-7.370795002455573,29.35935640694739,-14.462923701867016,3.467,1.589,,,,92.3,1961.0,5.5,633087,606992,570731,650489,600869,605612,668731,656537,543257,54.98,,,,,,,,1,1,4-Seam Fastball,0,0,0,0,0,0,0,0,Standard,Standard,205.0,0.003,-0.042,,,,,0.042,,0,0,0.5,0.5,32,24,32,25,1,0,6.0,2.0,5.0,1.0,1.26,0.52,-0.52,58.7,,,,,
SL,2021-08-01,79.4,-1.6,5.97,"Duran, Jarren",680776,605538,strikeout,swinging_strike,,,,,6.0,Jarren Duran strikes out swinging.,R,L,R,TB,BOS,S,2.0,,3,2,2021,0.8,0.04,0.2998368551203046,2.411426731567804,,,,1,9,Top,,,,,,,2.643923228990722,-115.6191382526275,-1.0369422230322756,6.580881079310371,23.773628211861983,-31.811903378317375,3.467,1.589,,,,78.9,2611.0,6.1,633089,572287,596847,664040,650490,677551,621433,595281,622534,54.36,,0.0,0.0,1.0,0.0,0.0,,66,6,Slider,3,2,2,3,2,3,2,3,Standard,Standard,44.0,0.067,-0.337,,,,,0.337,,1,-1,0.896,0.1039999999999999,28,24,29,25,1,0,1.0,1.0,3.0,2.0,3.6,-0.8,0.8,45.6,,,,,
SL,2021-08-01,79.6,-1.5,6.01,"Duran, Jarren",680776,605538,,ball,,,,,1.0,,R,L,R,TB,BOS,B,,,2,2,2021,0.86,-0.32,-0.8284854786235286,2.9502311564896506,,,,1,9,Top,,,,,,,-0.1402659443444343,-115.83687959309076,0.6785940645297406,7.723588074123392,23.62746537196143,-35.45056287724519,3.35707622738543,1.50998221008352,,,,78.8,2508.0,5.9,633089,572287,596847,664040,650490,677551,621433,595281,622534,54.6,,,,,,,,66,5,Slider,3,2,2,3,2,3,2,3,Infield shift,Standard,42.0,-0.02,0.112,,,,,-0.112,,1,-1,0.916,0.0839999999999999,28,24,29,25,1,0,1.0,1.0,3.0,2.0,3.95,-0.86,0.86,46.1,,,,,
SL,2021-08-01,79.3,-1.59,6.03,"Duran, Jarren",680776,605538,,foul,,,,,6.0,,R,L,R,TB,BOS,S,,,2,1,2021,1.32,-0.27,0.3878617813585553,2.30805487101419,,,,1,9,Top,,,,,,,1.850167720665102,-115.45396465290008,-0.8284340715398253,11.39493130656462,23.233988849562028,-34.60519739288813,3.467,1.589,136.0,57.8,29.0,78.8,2487.0,6.1,633089,572287,596847,664040,650490,677551,621433,595281,622534,54.39,,,,,,,,66,4,Slider,3,2,2,3,2,3,2,3,Standard,Standard,39.0,0.016,-0.084,,,,,0.084,88.0,1,-1,0.9,0.0999999999999999,28,24,29,25,1,0,1.0,1.0,3.0,2.0,3.91,-1.32,1.32,46.7,,,,,
SL,2021-08-01,78.8,-1.59,5.95,"Duran, Jarren",680776,605538,,called_strike,,,,,8.0,,R,L,R,TB,BOS,S,,,2,0,2021,1.03,-0.53,-0.229785398444322,2.212174731493723,,,,1,9,Top,,,,,,,1.028416627294828,-114.65208921168264,-0.2430337935492703,8.813741614548318,23.500812108882464,-36.99530406627981,3.50274547123982,1.64601693134701,,,,78.2,2543.0,6.1,633089,572287,596847,664040,650490,677551,621433,595281,622534,54.4,,,,,,,,66,3,Slider,3,2,2,3,2,3,2,3,Standard,Standard,46.0,0.017,-0.07,,,,,0.07,,1,-1,0.883,0.1169999999999999,28,24,29,25,1,0,1.0,1.0,3.0,2.0,4.23,-1.03,1.03,47.2,,,,,
SL,2021-08-01,78.9,-1.83,5.98,"Duran, Jarren",680776,605538,,ball,,,,,11.0,,R,L,R,TB,BOS,B,,,1,0,2021,1.27,-0.49,-1.1515250752653214,3.725102337555354,,,,1,9,Top,,,,,,,-0.8868071123523484,-114.7595060004644,2.8927942905708712,11.320589668670374,24.248394344488943,-37.29149311908813,3.28727995787413,1.47679251764856,,,,78.0,2619.0,6.0,633089,572287,596847,664040,650490,677551,621433,595281,622534,54.47,,,,,,,,66,2,Slider,3,2,2,3,2,3,2,3,Standard,Standard,48.0,-0.017,0.079,,,,,-0.079,,1,-1,0.9,0.0999999999999999,28,24,29,25,1,0,1.0,1.0,3.0,2.0,4.2,-1.27,1.27,46.5,,,,,
SL,2021-08-01,79.5,-1.65,6.04,"Duran, Jarren",680776,605538,,ball,,,,,11.0,,R,L,R,TB,BOS,B,,,0,0,2021,1.06,-0.16,-0.0393733356157727,3.598972820290935,,,,1,9,Top,,,,,,,1.5264784167824674,-115.78172525594896,1.7287241924080743,9.236063185726136,22.689948254785524,-34.17873938999731,3.41701729168782,1.57008524025504,,,,79.0,2595.0,6.0,633089,572287,596847,664040,650490,677551,621433,595281,622534,54.46,,,,,,,,66,1,Slider,3,2,2,3,2,3,2,3,Standard,Standard,44.0,-0.008,0.041,,,,,-0.041,,1,-1,0.908,0.0919999999999999,28,24,29,25,1,0,1.0,1.0,3.0,2.0,3.78,-1.06,1.06,45.7,,,,,
FC,2021-07-31,87.7,-2.06,5.53,"Duran, Jarren",680776,607391,strikeout,called_strike,,,,,1.0,Jarren Duran called out on strikes.,R,L,R,TB,BOS,S,2.0,,0,2,2021,0.22,0.78,-0.4061149351187595,3.1666568285896908,,,,0,9,Top,,,,,,,3.615878172701001,-127.8253782941806,-1.243051905662142,1.6537744963957066,25.459312430756796,-23.525974386706068,3.5009163510355,1.69371396654858,,,,89.2,2333.0,7.1,633090,642336,596847,664040,621563,677551,668227,595281,621433,53.43,,0.0,0.0,1.0,0.0,0.0,,74,4,Cutter,9,5,5,9,5,9,5,9,Strategic,Standard,201.0,0.005,-0.169,,,,,0.169,,4,-4,0.989,0.011,31,24,32,25,1,0,9.0,1.0,2.0,1.0,2.16,-0.22,0.22,30.7,,,,,
FC,2021-07-31,87.1,-2.01,5.49,"Duran, Jarren",680776,607391,,foul,,,,,12.0,,R,L,R,TB,BOS,S,,,0,2,2021,0.43,0.51,0.8342886824073017,2.9039074085199648,,,,0,9,Top,,,,,,,6.047209073456781,-126.76598951109835,-1.0737230416974708,3.2705893205864496,27.2906662562129,-26.68587945073942,3.467,1.589,91.0,66.4,15.0,88.1,2214.0,7.0,633090,642336,596847,664040,621563,677551,668227,595281,621433,53.46,,,,,,,,74,3,Cutter,9,5,5,9,5,9,5,9,Strategic,Standard,198.0,0.0,0.0,,,,,0.0,88.0,4,-4,0.989,0.011,31,24,32,25,1,0,9.0,1.0,2.0,1.0,2.51,-0.43,0.43,31.9,,,,,
FC,2021-07-31,87.4,-2.17,5.41,"Duran, Jarren",680776,607391,,swinging_strike,,,,,6.0,,R,L,R,TB,BOS,S,,,0,1,2021,0.37,0.48,0.5882665669302647,2.214527200646338,,,,0,9,Top,,,,,,,5.932481087626421,-127.14854032599848,-2.5174411436023725,2.7809045329742763,27.144026895368658,-26.66356628456094,3.467,1.589,,,,88.0,2128.0,6.8,633090,642336,596847,664040,621563,677551,668227,595281,621433,53.72,,,,,,,,74,2,Cutter,9,5,5,9,5,9,5,9,Standard,Standard,201.0,0.003,-0.058,,,,,0.058,,4,-4,0.986,0.014,31,24,32,25,1,0,9.0,1.0,2.0,1.0,2.52,-0.37,0.37,,,,,,
SI,2021-07-31,90.1,-2.34,5.25,"Duran, Jarren",680776,607391,,foul_tip,,,,,4.0,,R,L,R,TB,BOS,S,,,0,0,2021,-1.6,0.14,-0.428871592411076,2.2907211919479717,,,,0,9,Top,,,,,,,8.305656782004958,-130.94726624213376,-1.6404418248044013,-20.24481335860575,29.677688975140686,-30.379611137150363,3.467,1.589,,,,91.2,1818.0,7.2,633090,642336,596847,664040,621563,677551,668227,595281,621433,53.32,,,,,,,,74,1,Sinker,9,5,5,9,5,9,5,9,Standard,Standard,240.0,0.001,-0.042,,,,,0.042,,4,-4,0.985,0.015,31,24,32,25,1,0,9.0,1.0,2.0,1.0,2.69,1.6,-1.6,24.3,,,,,
SI,2021-07-30,90.4,2.51,5.5,"Duran, Jarren",680776,676596,single,hit_into_play,,,,,14.0,Jarren Duran singles on a line drive to left fielder Austin Meadows. Bobby Dalbec to 2nd.,R,L,L,TB,BOS,X,7.0,line_drive,1,0,2021,1.57,0.27,1.0545355370429896,2.1439864166686147,,,666915.0,2,4,Top,88.67,93.87,,,,,-7.032312897049085,-131.3839287270073,-2.973035953393579,19.725734811857965,29.65477894852408,-28.573024491135055,3.467,1.589,207.0,81.3,16.0,90.6,1759.0,6.6,633165,572287,596847,664040,650490,677551,640457,622534,668227,53.87,0.921,0.845,0.9,1.0,1.0,0.0,4.0,32,2,Sinker,4,2,2,4,2,4,2,4,Standard,Standard,120.0,-0.023,0.285,,,,1.004,-0.285,88.0,2,-2,0.758,0.242,25,24,25,25,2,1,7.0,1.0,5.0,1.0,2.54,1.57,1.57,32.3,,,,,
SI,2021-07-30,90.9,2.58,5.49,"Duran, Jarren",680776,676596,,blocked_ball,,,,,14.0,,R,L,L,TB,BOS,B,,,0,0,2021,1.76,0.14,1.4003555036590225,0.7893680784272639,,,666915.0,2,4,Top,,,,,,,-6.76173980251158,-131.94266417648984,-6.055781518510338,22.0170892596242,32.39928925832934,-29.285809201784957,3.4265696374026,1.64043799377727,,,,90.5,1816.0,6.5,633165,572287,596847,664040,650490,677551,640457,622534,668227,53.97,,,,,,,,32,1,Sinker,4,2,2,4,2,4,2,4,Standard,Standard,120.0,-0.002,0.043,,,,,-0.043,,2,-2,0.76,0.24,25,24,25,25,2,1,7.0,1.0,5.0,1.0,2.67,1.76,1.76,,,,,,
SI,2021-07-30,91.8,2.62,5.56,"Duran, Jarren",680776,676596,strikeout,swinging_strike,,,,,14.0,Jarren Duran strikes out swinging.,R,L,L,TB,BOS,S,2.0,,0,2,2021,1.68,0.31,1.5354835830338995,1.8342377849645015,,,,0,3,Top,,,,,,,-6.380429367078159,-133.43765570263696,-4.164163985529915,21.37306171828311,31.91492719075315,-27.74636234854381,3.467,1.589,,,,91.3,1827.0,6.3,633165,572287,596847,664040,650490,677551,640457,622534,668227,54.2,,0.0,0.0,1.0,0.0,0.0,,17,3,Sinker,2,0,0,2,0,2,0,2,Standard,Standard,118.0,0.014,-0.169,,,,,0.169,,2,-2,0.722,0.278,25,24,25,25,1,0,7.0,1.0,5.0,1.0,2.43,1.68,1.68,31.2,,,,,
SI,2021-07-30,91.7,2.61,5.5,"Duran, Jarren",680776,676596,,swinging_strike,,,,,14.0,,R,L,L,TB,BOS,S,,,0,1,2021,1.67,0.31,1.1824036026188878,2.0368171074299317,,,,0,3,Top,,,,,,,-7.24546629157913,-133.32450932269484,-3.4992074526303067,21.5239910663632,31.81537307007175,-27.881910954838453,3.467,1.589,,,,91.4,1788.0,6.4,633165,572287,596847,664040,650490,677551,640457,622534,668227,54.07,,,,,,,,17,2,Sinker,2,0,0,2,0,2,0,2,Standard,Standard,117.0,0.006,-0.058,,,,,0.058,,2,-2,0.716,0.284,25,24,25,25,1,0,7.0,1.0,5.0,1.0,2.43,1.67,1.67,29.8,,,,,
SI,2021-07-30,91.3,2.58,5.58,"Duran, Jarren",680776,676596,,called_strike,,,,,9.0,,R,L,L,TB,BOS,S,,,0,0,2021,1.71,0.29,0.5557550674053366,1.9901967114611896,,,,0,3,Top,,,,,,,-8.766091239167714,-132.59028485721876,-3.707283284153189,22.064785690356963,30.55717987896252,-28.172242080848793,3.39348306292835,1.67369746679388,,,,91.0,1777.0,6.4,633165,572287,596847,664040,650490,677551,640457,622534,668227,54.12,,,,,,,,17,1,Sinker,2,0,0,2,0,2,0,2,Standard,Standard,117.0,0.004,-0.042,,,,,0.042,,2,-2,0.712,0.288,25,24,25,25,1,0,7.0,1.0,5.0,1.0,2.48,1.71,1.71,32.5,,,,,
FF,2021-07-30,94.8,-1.98,5.15,"Duran, Jarren",680776,545343,strikeout,swinging_strike,,,,,12.0,Jarren Duran strikes out swinging.,R,L,R,TB,BOS,S,2.0,,3,2,2021,-0.47,1.42,0.5515479213816692,3.589283174870904,,,543877.0,1,8,Top,,,,,,,7.656843639531726,-137.82774790766345,-1.561112440028411,-7.730807792213891,30.783590635192912,-13.986820804083456,3.467,1.589,,,,94.8,2152.0,6.3,633165,572287,596847,664040,650490,677551,640457,622534,668227,54.17,,0.0,0.0,1.0,0.0,0.0,,69,6,4-Seam Fastball,7,3,3,7,3,7,3,7,Standard,Standard,216.0,0.02,-0.324,,,,,0.324,,4,-4,0.959,0.041,31,24,31,25,1,3,1.0,1.0,3.0,1.0,1.13,0.47,-0.47,37.8,,,,,
SL,2021-07-30,83.8,-2.29,4.78,"Duran, Jarren",680776,545343,,ball,,,,,14.0,,R,L,R,TB,BOS,B,,,2,2,2021,1.01,0.17,0.9514078569337552,0.8243513138971568,,,543877.0,1,8,Top,,,,,,,5.485975126245925,-121.927764575082,-3.0410882348569768,8.947231433073876,25.12850375195861,-30.076214835779837,3.28456622223857,1.63558543202799,,,,83.7,2716.0,6.4,633165,572287,596847,664040,650490,677551,640457,622534,668227,54.13,,,,,,,,69,5,Slider,7,3,3,7,3,7,3,7,Standard,Standard,56.0,-0.006,0.102,,,,,-0.102,,4,-4,0.965,0.035,31,24,31,25,1,3,1.0,1.0,3.0,1.0,3.09,-1.01,1.01,28.2,,,,,
SL,2021-07-30,83.3,-2.23,4.82,"Duran, Jarren",680776,545343,,ball,,,,,14.0,,R,L,R,TB,BOS,B,,,1,2,2021,0.87,0.06,0.9102541752095048,1.328830830940487,,,543877.0,1,8,Top,,,,,,,5.491186960858856,-121.25231370934736,-1.6636723770753643,7.512806643505285,24.274953127331713,-31.471210779189107,3.33953941141767,1.62214168178153,,,,83.3,2639.0,6.3,633165,572287,596847,664040,650490,677551,640457,622534,668227,54.16,,,,,,,,69,4,Slider,7,3,3,7,3,7,3,7,Standard,Standard,54.0,-0.003,0.041,,,,,-0.041,,4,-4,0.968,0.032,31,24,31,25,1,3,1.0,1.0,3.0,1.0,3.23,-0.87,0.87,28.3,,,,,
FF,2021-07-30,93.4,-1.99,5.22,"Duran, Jarren",680776,545343,,foul,,,,,3.0,,R,L,R,TB,BOS,S,,,1,1,2021,-0.36,1.48,0.7088979724634736,3.147695882255747,,,543877.0,1,8,Top,,,,,,,7.725589596661856,-135.83297646626556,-2.814116797319711,-6.182302923230616,31.53964301585731,-13.469752339942064,3.467,1.589,220.0,70.7,32.0,93.2,2207.0,6.3,633165,572287,596847,664040,650490,677551,640457,622534,668227,54.16,,,,,,,,69,3,4-Seam Fastball,7,3,3,7,3,7,3,7,Standard,Standard,208.0,0.004,-0.072,,,,,0.072,88.0,4,-4,0.964,0.036,31,24,31,25,1,3,1.0,1.0,3.0,1.0,1.15,0.36,-0.36,39.1,,,,,
FF,2021-07-30,93.5,-2.07,5.19,"Duran, Jarren",680776,545343,,ball,,,,,11.0,,R,L,R,TB,BOS,B,,,0,1,2021,-0.44,1.52,-0.2400421109729515,4.015055422593035,,,543877.0,1,8,Top,,,,,,,5.679661524994765,-136.0792408663091,-0.5969242984577876,-6.753024071278543,32.309137677863504,-13.46161335106348,3.34853730689939,1.63130886980084,,,,93.1,2297.0,6.2,633165,572287,596847,664040,650490,677551,640457,622534,668227,54.26,,,,,,,,69,2,4-Seam Fastball,7,3,3,7,3,7,3,7,Standard,Standard,212.0,-0.001,0.038,,,,,-0.038,,4,-4,0.965,0.035,31,24,31,25,1,3,1.0,1.0,3.0,1.0,1.1,0.44,-0.44,37.3,,,,,
FF,2021-07-30,92.9,-1.93,5.17,"Duran, Jarren",680776,545343,,swinging_strike,,,,,3.0,,R,L,R,TB,BOS,S,,,0,0,2021,-0.26,1.65,0.6059780018360508,3.441539368151094,,,543877.0,1,8,Top,,,,,,,7.065583040289,-135.06377583680788,-2.194641494591127,-4.869783931884848,31.568420204219947,-11.851507071874725,3.467,1.589,,,,92.6,2184.0,6.3,633165,572287,596847,664040,650490,677551,640457,622534,668227,54.19,,,,,,,,69,1,4-Seam Fastball,7,3,3,7,3,7,3,7,Standard,Standard,211.0,0.002,-0.041,,,,,0.041,,4,-4,0.963,0.037,31,24,31,25,1,3,1.0,1.0,3.0,1.0,1.02,0.26,-0.26,39.4,,,,,
SI,2021-07-30,91.8,3.12,4.7,"Duran, Jarren",680776,595411,strikeout,called_strike,,,,,4.0,Jarren Duran called out on strikes.,R,L,L,TB,BOS,S,2.0,,1,2,2021,1.6,0.51,-0.5050685923096203,2.7998589708774126,,,,1,6,Top,,,,,,,-12.658477598892889,-133.03189858878696,0.0450693520863336,21.85566533551114,30.56186747456577,-26.420016578786935,3.36586482950534,1.61890027603066,,,,91.5,2089.0,6.5,633165,572287,596847,664040,650490,677551,640457,622534,668227,53.99,,0.0,0.0,1.0,0.0,0.0,,52,4,Sinker,7,3,3,7,3,7,3,7,Standard,Standard,117.0,0.007,-0.181,,,,,0.181,,4,-4,0.938,0.062,31,24,31,25,1,2,1.0,1.0,2.0,1.0,2.23,1.6,1.6,21.6,,,,,
SL,2021-07-30,81.4,3.1,4.83,"Duran, Jarren",680776,595411,,foul,,,,,7.0,,R,L,L,TB,BOS,S,,,1,1,2021,-0.65,-0.01,-0.6729087457031799,2.145400845082152,,,,1,6,Top,,,,,,,-7.235963478188859,-118.32281449719504,0.6615217532415851,-4.599902508279212,24.480564660174572,-32.6459657487507,3.467,1.589,171.0,62.6,47.0,81.3,2412.0,6.5,633165,572287,596847,664040,650490,677551,640457,622534,668227,54.0,,,,,,,,52,3,Slider,7,3,3,7,3,7,3,7,Standard,Standard,335.0,0.003,-0.068,,,,,0.068,88.0,4,-4,0.935,0.0649999999999999,31,24,31,25,1,2,1.0,1.0,2.0,1.0,3.48,-0.65,-0.65,26.6,,,,,
SI,2021-07-30,92.1,2.97,4.83,"Duran, Jarren",680776,595411,,ball,,,,,3.0,,R,L,L,TB,BOS,B,,,0,1,2021,1.54,0.43,0.7060814724228011,3.3840753979531923,,,,1,6,Top,,,,,,,-9.09446168480319,-133.77322019821085,1.266276902088991,20.473049379860537,29.68877119200188,-27.49539281875148,3.31173121048544,1.59000000000879,,,,92.0,2094.0,6.4,633165,572287,596847,664040,650490,677551,640457,622534,668227,54.09,,,,,,,,52,2,Sinker,7,3,3,7,3,7,3,7,Standard,Standard,113.0,-0.002,0.033,,,,,-0.033,,4,-4,0.937,0.0629999999999999,31,24,31,25,1,2,1.0,1.0,2.0,1.0,2.27,1.54,1.54,21.4,,,,,
SL,2021-07-30,81.1,3.09,4.72,"Duran, Jarren",680776,595411,,foul,,,,,8.0,,R,L,L,TB,BOS,S,,,0,0,2021,-0.44,0.39,-0.1899795728370916,1.805354715146192,,,,1,6,Top,,,,,,,-6.557900568692025,-117.88536375270898,-0.5356417945317816,-2.6714175089806,24.687609719916335,-28.730601583374018,3.467,1.589,101.0,66.5,20.0,81.4,2320.0,6.8,633165,572287,596847,664040,650490,677551,640457,622534,668227,53.73,,,,,,,,52,1,Slider,7,3,3,7,3,7,3,7,Standard,Standard,296.0,0.002,-0.043,,,,,0.043,88.0,4,-4,0.935,0.0649999999999999,31,24,31,25,1,2,1.0,1.0,2.0,1.0,3.12,-0.44,-0.44,23.1,,,,,
FF,2021-07-29,91.0,2.27,5.55,"Duran, Jarren",680776,547943,field_out,hit_into_play,,,,,5.0,"Jarren Duran grounds out, second baseman Marcus Semien to first baseman Vladimir Guerrero Jr.",R,L,L,BOS,TOR,X,4.0,ground_ball,3,2,2021,1.08,0.83,0.2588667262624231,2.378039383145206,,,,0,6,Bot,149.35,137.6,,,,,-7.415272560945058,-132.35678769861136,-3.868190611201558,14.233138129052689,26.940385760656948,-21.81835582507947,3.467,1.589,6.0,95.8,-23.0,91.7,1810.0,6.7,633126,624512,665489,543760,669289,666182,624415,545341,606192,53.84,0.102,0.105,0.0,1.0,0.0,0.0,2.0,58,6,4-Seam Fastball,0,12,0,12,12,0,0,12,Infield shift,Strategic,124.0,0.0,-0.354,,,,0.106,0.354,95.8,-12,-12,0.001,0.001,34,24,34,25,3,2,5.0,1.0,5.0,1.0,1.92,1.08,1.08,37.0,,,,,
FF,2021-07-29,90.4,2.25,5.63,"Duran, Jarren",680776,547943,,foul,,,,,4.0,,R,L,L,BOS,TOR,S,,,3,1,2021,0.7,1.18,-0.5490225050613705,2.487385913143373,,,,0,6,Bot,,,,,,,-8.484300834816239,-131.45048546141223,-4.4384140724251555,9.868178733884715,26.205761314221373,-17.669978093186387,3.467,1.589,224.0,76.4,48.0,90.9,1815.0,6.5,633126,624512,665489,543760,669289,666182,624415,545341,606192,54.02,,,,,,,,58,5,4-Seam Fastball,0,12,0,12,12,0,0,12,Infield shade,Strategic,128.0,0.0,-0.086,,,,,0.086,88.0,-12,-12,0.001,0.001,34,24,34,25,3,2,5.0,1.0,5.0,1.0,1.6,0.7,0.7,39.8,,,,,
FF,2021-07-29,89.2,2.13,5.66,"Duran, Jarren",680776,547943,,called_strike,,,,,8.0,,R,L,L,BOS,TOR,S,,,3,0,2021,0.64,1.08,0.1317541415457084,1.8314341507531169,,,,0,6,Bot,,,,,,,-6.278209333001418,-129.76885025991828,-5.75937800917612,8.458490387932732,24.11602364792951,-18.953596608857744,3.40283127947966,1.69990498977761,,,,90.0,1727.0,6.5,633126,624512,665489,543760,669289,666182,624415,545341,606192,53.96,,,,,,,,58,4,4-Seam Fastball,0,12,0,12,12,0,0,12,Infield shade,Strategic,130.0,-0.001,-0.09,,,,,0.09,,-12,-12,0.002,0.002,34,24,34,25,3,2,5.0,1.0,5.0,1.0,1.76,0.64,0.64,39.7,,,,,
FF,2021-07-29,89.3,2.08,5.76,"Duran, Jarren",680776,547943,,ball,,,,,1.0,,R,L,L,BOS,TOR,B,,,2,0,2021,0.78,1.09,-0.3076201647468976,3.489172116988886,,,,0,6,Bot,,,,,,,-7.5201336972037796,-129.89642529233714,-1.891921045870593,10.364461578190175,26.08830487943914,-19.566893836124397,3.3986403666621,1.61101491558907,,,,89.5,1803.0,6.3,633126,624512,665489,543760,669289,666182,624415,545341,606192,54.16,,,,,,,,58,3,4-Seam Fastball,0,12,0,12,12,0,0,12,Infield shade,Strategic,132.0,0.001,0.141,,,,,-0.141,,-12,-12,0.001,0.001,34,24,34,25,3,2,5.0,1.0,5.0,1.0,1.76,0.78,0.78,40.3,,,,,
FC,2021-07-29,85.9,2.15,5.72,"Duran, Jarren",680776,547943,,ball,,,,,13.0,,R,L,L,BOS,TOR,B,,,1,0,2021,0.27,0.37,-0.7407115302124556,0.5740371598052536,,,,0,6,Bot,,,,,,,-7.414437404393473,-124.86801306291076,-6.778691571448953,4.1396004589603,20.923271114911024,-27.21017237624545,3.4259865720246,1.67583649969488,,,,86.6,1914.0,6.4,633126,624512,665489,543760,669289,666182,624415,545341,606192,54.11,,,,,,,,58,2,Cutter,0,12,0,12,12,0,0,12,Infield shade,Strategic,146.0,0.0,0.078,,,,,-0.078,,-12,-12,0.001,0.001,34,24,34,25,3,2,5.0,1.0,5.0,1.0,2.68,0.27,0.27,43.1,,,,,
FF,2021-07-29,88.0,1.95,5.92,"Duran, Jarren",680776,547943,,ball,,,,,11.0,,R,L,L,BOS,TOR,B,,,0,0,2021,0.93,1.04,-1.1234349033843871,2.76022307338038,,,,0,6,Bot,,,,,,,-9.40114737024536,-127.92422909926084,-3.774564608334629,12.042757063147423,22.991494586600545,-20.16044659159175,3.4738812688302,1.60470640547319,,,,88.6,1868.0,6.4,633126,624512,665489,543760,669289,666182,624415,545341,606192,54.08,,,,,,,,58,1,4-Seam Fastball,0,12,0,12,12,0,0,12,Infield shade,Strategic,137.0,0.0,0.043,,,,,-0.043,,-12,-12,0.001,0.001,34,24,34,25,3,2,5.0,1.0,5.0,1.0,1.88,0.93,0.93,44.2,,,,,
CH,2021-07-29,79.6,2.34,5.73,"Duran, Jarren",680776,547943,field_out,hit_into_play,,,,,9.0,Jarren Duran grounds out sharply to first baseman Vladimir Guerrero Jr.,R,L,L,BOS,TOR,X,3.0,ground_ball,1,1,2021,1.27,0.81,0.3078480887681252,1.8728635837955816,,,,0,3,Bot,166.63,154.43,,,,,-6.864133919727066,-115.7427961695547,-3.2239862992291317,12.72475488135762,22.029034917381384,-24.48953941361618,3.467,1.589,80.0,101.7,3.0,79.8,1613.0,6.5,633126,624512,665489,543760,669289,666182,624415,545341,606192,53.99,0.512,0.471,0.0,1.0,0.0,0.0,4.0,27,3,Changeup,0,4,0,4,4,0,0,4,Infield shade,Strategic,115.0,-0.019,-0.257,,,,0.569,0.257,101.7,-4,-4,0.163,0.163,34,24,34,25,2,1,5.0,1.0,5.0,1.0,2.8,1.27,1.27,40.1,,,,,
FF,2021-07-29,90.8,1.95,5.92,"Duran, Jarren",680776,547943,,ball,,,,,12.0,,R,L,L,BOS,TOR,B,,,0,1,2021,0.96,1.16,1.0231890335928866,3.987587663762063,,,,0,3,Bot,,,,,,,-4.397381986641792,-132.23247822438236,-1.4765312695985764,12.252444215102956,26.049324755292137,-18.34294781038565,3.43511625155229,1.63906275355058,,,,91.3,2071.0,6.4,633126,624512,665489,543760,669289,666182,624415,545341,606192,54.1,,,,,,,,27,2,4-Seam Fastball,0,4,0,4,4,0,0,4,Standard,Strategic,136.0,0.002,0.03,,,,,-0.03,,-4,-4,0.161,0.161,34,24,34,25,2,1,5.0,1.0,5.0,1.0,1.58,0.96,0.96,42.4,,,,,
FC,2021-07-29,84.5,2.09,5.91,"Duran, Jarren",680776,547943,,foul,,,,,4.0,,R,L,L,BOS,TOR,S,,,0,0,2021,-0.26,0.58,-0.577129702024894,2.460940127011187,,,,0,3,Bot,,,,,,,-5.693043551185617,-123.09303721286231,-2.950345931823739,-1.7223782927771878,20.387865479131253,-25.873010351089498,3.467,1.589,201.0,68.5,49.0,85.1,2035.0,6.3,633126,624512,665489,543760,669289,666182,624415,545341,606192,54.23,,,,,,,,27,1,Cutter,0,4,0,4,4,0,0,4,Standard,Strategic,156.0,-0.003,-0.042,,,,,0.042,88.0,-4,-4,0.164,0.164,34,24,34,25,2,1,5.0,1.0,5.0,1.0,2.56,-0.26,-0.26,42.5,,,,,
SI,2021-07-29,93.2,2.66,5.19,"Duran, Jarren",680776,669912,strikeout,called_strike,,,,,4.0,Jarren Duran called out on strikes.,R,L,L,BOS,TOR,S,2.0,,1,2,2021,1.72,0.62,-0.5268370115511547,2.33554067560869,543877.0,614173.0,,2,9,Bot,,,,,,,-11.941151906264148,-135.12666362257005,-2.8544677368276252,23.720116420844807,30.331186664515982,-24.17401396795163,3.40945149233831,1.62714933022085,,,,92.9,2450.0,6.4,633126,624512,665489,591971,669289,666182,624415,545341,606192,54.12,,0.0,0.0,1.0,0.0,0.0,,88,5,Sinker,1,13,1,13,13,1,1,13,Infield shift,Standard,119.0,-0.001,-0.18,,,,,0.18,,-12,-12,0.001,0.001,26,24,27,25,1,4,1.0,1.0,10.0,1.0,2.03,1.72,1.72,18.8,,,,,
SL,2021-07-29,82.3,2.57,5.15,"Duran, Jarren",680776,669912,,ball,,,,,13.0,,R,L,L,BOS,TOR,B,,,0,2,2021,-0.66,0.11,-2.0764971562475325,1.1928216849558582,543877.0,614173.0,,2,9,Bot,,,,,,,-9.280980287797789,-119.62824263468453,-2.6703059267544225,-4.591338276394952,22.20333678871965,-30.825808121237827,3.40536847237641,1.61559206213234,,,,82.6,2852.0,6.4,633126,624512,665489,591971,669289,666182,624415,545341,606192,54.07,,,,,,,,88,4,Slider,1,13,1,13,13,1,1,13,Infield shift,Standard,293.0,0.0,0.02,,,,,-0.02,,-12,-12,0.001,0.001,26,24,27,25,1,4,1.0,1.0,10.0,1.0,3.25,-0.66,-0.66,24.8,,,,,
SI,2021-07-29,93.8,2.59,5.3,"Duran, Jarren",680776,669912,,foul,,,,,3.0,,R,L,L,BOS,TOR,S,,,0,2,2021,1.75,0.65,0.6051778716363507,3.100364081202581,543877.0,614173.0,,2,9,Bot,,,,,,,-8.920482981420367,-136.40955221675992,-1.4157337068482028,23.747515808917303,28.983109426791387,-23.888755718250845,3.467,1.589,165.0,62.1,49.0,93.3,2486.0,6.0,633126,624512,665489,591971,669289,666182,624415,545341,606192,54.53,,,,,,,,88,3,Sinker,1,13,1,13,13,1,1,13,Infield shift,Standard,117.0,0.0,0.0,,,,,0.0,88.0,-12,-12,0.001,0.001,26,24,27,25,1,4,1.0,1.0,10.0,1.0,1.93,1.75,1.75,21.1,,,,,
SL,2021-07-29,80.3,2.7,5.17,"Duran, Jarren",680776,669912,,swinging_strike,,,,,13.0,,R,L,L,BOS,TOR,S,,,0,1,2021,-0.95,-0.12,-0.4341201239990891,0.7090213181195093,,543877.0,614173.0,2,9,Bot,,,,,,,-5.148983988790563,-116.93394923465566,-3.019787264974738,-7.891329535027769,20.00588960325304,-32.93355481742074,3.467,1.589,,,,80.6,2874.0,6.2,633126,624512,665489,591971,669289,666182,624415,545341,606192,54.27,,,,,,,,88,2,Slider,1,13,1,13,13,1,1,13,Standard,Standard,289.0,0.0,-0.06,,,,,0.06,,-12,-12,0.001,0.001,26,24,27,25,1,4,1.0,1.0,10.0,1.0,3.62,-0.95,-0.95,25.4,,,,,
SL,2021-07-29,80.5,2.74,5.09,"Duran, Jarren",680776,669912,,swinging_strike,,,,,13.0,,R,L,L,BOS,TOR,S,,,0,0,2021,-0.58,-0.03,-1.7503938645983323,1.0902163126535411,,543877.0,614173.0,2,9,Bot,,,,,,,-8.861349603644852,-116.97835127158952,-2.207761369354432,-3.876060970047869,19.555084835344857,-32.24595285714654,3.467,1.589,,,,80.9,2729.0,6.4,633126,624512,665489,591971,669289,666182,624415,545341,606192,54.12,,,,,,,,88,1,Slider,1,13,1,13,13,1,1,13,Standard,Standard,299.0,0.0,-0.047,,,,,0.047,,-12,-12,0.001,0.001,26,24,27,25,1,4,1.0,1.0,10.0,1.0,3.52,-0.58,-0.58,22.8,,,,,
CH,2021-07-29,80.4,2.2,5.86,"Duran, Jarren",680776,547943,field_out,hit_into_play,,,,,6.0,"Blue Jays challenged (play at 1st), call on the field was overturned: Jarren Duran grounds out, shortstop Bo Bichette to first baseman Vladimir Guerrero Jr. Enrique Hernandez to 2nd.",R,L,L,BOS,TOR,X,6.0,ground_ball,0,1,2021,1.03,0.52,0.4439642788258692,2.4565854069519606,,,571771.0,0,1,Bot,129.32,140.53,,,,,-5.864556927155159,-117.0311018182494,-1.880457450237598,10.590146317916853,21.21661223811358,-27.203312977324547,3.467,1.589,110.0,69.7,11.0,80.9,1559.0,6.5,633126,624512,665489,543760,669289,666182,624415,545341,606192,54.01,0.304,0.282,0.0,1.0,0.0,0.0,2.0,10,2,Changeup,0,3,0,3,3,0,0,3,Standard,Strategic,122.0,-0.014,-0.322,,,,0.348,0.322,88.0,-3,-3,0.298,0.298,34,24,34,25,1,0,5.0,1.0,5.0,1.0,2.99,1.03,1.03,41.1,,,,,
FF,2021-07-29,88.4,2.12,5.93,"Duran, Jarren",680776,547943,,foul,,,,,5.0,,R,L,L,BOS,TOR,S,,,0,0,2021,0.91,1.29,0.1741948078708413,2.4383586426982404,,,571771.0,0,1,Bot,,,,,,,-6.639465101483606,-128.59701916709545,-5.1445021019863155,11.447649779018755,26.084727566563256,-16.916664017689936,3.467,1.589,204.0,78.8,58.0,88.5,1946.0,6.3,633126,624512,665489,543760,669289,666182,624415,545341,606192,54.21,,,,,,,,10,1,4-Seam Fastball,0,3,0,3,3,0,0,3,Standard,Strategic,131.0,-0.005,-0.038,,,,,0.038,88.0,-3,-3,0.303,0.303,34,24,34,25,1,0,5.0,1.0,5.0,1.0,1.62,0.91,0.91,40.2,,,,,
SI,2021-07-29,94.5,-1.04,6.77,"Duran, Jarren",680776,503569,field_out,hit_into_play,,,,,4.0,"Jarren Duran grounds out, third baseman Santiago Espinal to first baseman Vladimir Guerrero Jr.",R,L,R,BOS,TOR,X,5.0,ground_ball,0,0,2021,-0.92,0.98,-0.5031216197846561,2.42063743768532,,,,0,8,Bot,133.58,138.08,,,,,3.4282307842146453,-137.5666306691,-7.868136629297812,-12.43023938706045,26.968629770832617,-18.207207907632455,3.467,1.589,6.0,91.1,-21.0,94.7,2103.0,6.1,633126,624512,665489,591971,669289,666182,624415,545341,606192,54.39,0.091,0.082,0.0,1.0,0.0,0.0,2.0,76,1,Sinker,1,13,1,13,13,1,1,13,Infield shift,Strategic,209.0,0.0,-0.269,,,,0.116,0.269,91.1,-12,-12,0.001,0.001,33,24,33,25,1,3,4.0,1.0,5.0,1.0,1.54,0.92,-0.92,55.8,,,,,
CU,2021-07-28,77.2,1.58,5.65,"Duran, Jarren",680776,571927,triple,hit_into_play,,,,,5.0,Jarren Duran triples (1) on a line drive to center fielder George Springer. Kevin Plawecki scores. Jarren Duran scores. Fielding error by center fielder George Springer.,R,L,L,BOS,TOR,X,8.0,line_drive,1,2,2021,-1.13,-0.47,-0.2763813127150607,2.403869054500815,,,608700.0,1,4,Bot,156.43,39.57,,,,,-1.906101373584454,-112.36337240923254,0.9172909378859072,-9.238708686517471,20.63598258812785,-36.51663479360579,3.467,1.589,301.0,105.0,14.0,77.5,2113.0,6.5,633110,624512,666971,543760,669289,666182,606192,543807,545341,53.97,0.734,0.756,1.6,1.0,1.0,2.0,5.0,33,5,Curveball,2,1,2,1,1,4,4,1,Infield shift,Standard,321.0,0.17,1.302,,,,1.057,-1.302,105.0,1,1,0.734,0.734,30,24,30,25,2,1,5.0,0.0,7.0,1.0,4.29,-1.13,-1.13,43.5,,,,,
SI,2021-07-28,93.5,1.71,5.77,"Duran, Jarren",680776,571927,,foul,,,,,12.0,,R,L,L,BOS,TOR,S,,,1,2,2021,1.25,1.06,0.8783917982681984,3.192295869216239,,,608700.0,1,4,Bot,,,,,,,-4.926735409017569,-136.16654287670576,-3.2630093371848887,16.690053930023502,29.731024894074203,-18.51752952849192,3.467,1.589,153.0,75.5,13.0,93.9,2100.0,6.5,633110,624512,666971,543760,669289,666182,606192,543807,545341,54.01,,,,,,,,33,4,Sinker,2,1,2,1,1,2,2,1,Infield shift,Standard,127.0,0.0,0.0,,,,,0.0,88.0,1,1,0.734,0.734,30,24,30,25,2,1,5.0,0.0,7.0,1.0,1.55,1.25,1.25,41.1,,,,,
SI,2021-07-28,93.9,1.62,5.74,"Duran, Jarren",680776,571927,,ball,,,,,12.0,,R,L,L,BOS,TOR,B,,,0,2,2021,1.28,0.75,0.1144097551914464,4.004951386911837,,,608700.0,1,4,Bot,,,,,,,-6.768958032949202,-136.67588666974038,-0.4034122627694944,17.527496730194176,30.42211616647085,-22.96896197923868,3.39653630697304,1.63182214697577,,,,94.2,2021.0,6.5,633110,624512,666971,543760,669289,666182,606192,543807,545341,54.02,,,,,,,,33,3,Sinker,2,1,2,1,1,2,2,1,Infield shift,Standard,123.0,0.003,0.019,,,,,-0.019,,1,1,0.731,0.731,30,24,30,25,2,1,5.0,0.0,7.0,1.0,1.84,1.28,1.28,38.8,,,,,
SI,2021-07-28,93.8,1.74,5.85,"Duran, Jarren",680776,571927,,foul,,,,,5.0,,R,L,L,BOS,TOR,S,,,0,1,2021,1.18,1.05,-0.0361609706318697,2.809277865982303,,,608700.0,1,4,Bot,,,,,,,-7.222247949830109,-136.36533493628747,-4.480846167363511,16.335211954339954,29.556523240137203,-18.251160928168535,3.467,1.589,282.0,94.5,22.0,94.2,2239.0,6.5,633110,624512,666971,543760,669289,666182,606192,543807,545341,53.98,,,,,,,,33,2,Sinker,2,1,2,1,1,2,2,1,Standard,Standard,124.0,-0.007,-0.054,,,,,0.054,94.5,1,1,0.738,0.738,30,24,30,25,2,1,5.0,0.0,7.0,1.0,1.54,1.18,1.18,40.3,,,,,
SI,2021-07-28,93.2,1.63,5.81,"Duran, Jarren",680776,571927,,called_strike,,,,,4.0,,R,L,L,BOS,TOR,S,,,0,0,2021,1.25,1.25,-0.3906435479463357,2.769823595142232,,,608700.0,1,4,Bot,,,,,,,-7.939365432862464,-135.43639578007426,-4.795268213331061,17.129041545447606,30.120493940559864,-15.879072477377036,3.47000000000017,1.65964718537198,,,,93.2,2303.0,6.4,633110,624512,666971,543760,669289,666182,606192,543807,545341,54.08,,,,,,,,33,1,Sinker,2,1,2,1,1,2,2,1,Standard,Standard,131.0,-0.004,-0.041,,,,,0.041,,1,1,0.742,0.742,30,24,30,25,2,1,5.0,0.0,7.0,1.0,1.38,1.25,1.25,40.9,,,,,
CU,2021-07-28,75.3,1.55,5.72,"Duran, Jarren",680776,571927,sac_fly,hit_into_play,,,,,8.0,Jarren Duran out on a sacrifice fly to right fielder Randal Grichuk. Alex Verdugo scores. Kevin Plawecki to 3rd.,R,L,L,BOS,TOR,X,9.0,fly_ball,2,0,2021,-0.98,-0.58,0.1101237315035773,1.9696804072379923,657077.0,608700.0,,1,2,Bot,176.95,63.66,,,,,-1.2462936372426496,-109.73892492353072,0.3494537463943923,-7.712766885584373,19.47556002273671,-37.10909663020439,3.467,1.589,356.0,93.8,28.0,75.4,2175.0,6.3,633110,624512,666971,543760,669289,666182,606192,543807,545341,54.24,,0.39,0.0,1.0,0.0,0.0,3.0,15,3,Curveball,1,0,1,0,0,2,2,0,Standard,Standard,318.0,0.011,-0.218,,,,,0.218,93.8,1,1,0.768,0.768,30,24,30,25,1,0,5.0,0.0,7.0,1.0,4.59,-0.98,-0.98,44.5,,,,,
SI,2021-07-28,93.9,1.72,5.79,"Duran, Jarren",680776,571927,,ball,,,,,11.0,,R,L,L,BOS,TOR,B,,,1,0,2021,0.95,1.15,-1.0592756150889475,2.8882152856940886,657077.0,608700.0,,1,2,Bot,,,,,,,-9.343980938084735,-136.45106271442333,-4.376173557059619,13.888202415473238,27.94038364178003,-17.02509192920568,3.47000000000436,1.60138711893428,,,,94.7,2206.0,6.7,633110,624512,666971,543760,669289,666182,606192,543807,545341,53.85,,,,,,,,15,2,Sinker,1,0,1,0,0,1,1,0,Standard,Standard,126.0,0.001,0.031,,,,,-0.031,,1,1,0.767,0.767,30,24,30,25,1,0,5.0,0.0,7.0,1.0,1.43,0.95,0.95,41.5,,,,,
SI,2021-07-28,94.3,1.67,5.83,"Duran, Jarren",680776,571927,,ball,,,,,1.0,,R,L,L,BOS,TOR,B,,,0,0,2021,1.04,1.21,-0.8261661894690309,3.204230035250527,657077.0,608700.0,,1,2,Bot,,,,,,,-8.832186818151179,-137.12172675656862,-3.83217057853576,15.046199714869548,30.055716813080792,-16.266156973427133,3.3785602684701,1.75639928221605,,,,94.6,2397.0,6.5,633110,624512,666971,543760,669289,666182,606192,543807,545341,54.0,,,,,,,,15,1,Sinker,1,0,1,0,0,1,1,0,Standard,Standard,134.0,0.001,0.017,,,,,-0.017,,1,1,0.766,0.766,30,24,30,25,1,0,5.0,0.0,7.0,1.0,1.36,1.04,1.04,42.6,,,,,
SL,2021-07-28,91.8,-1.4,6.15,"Duran, Jarren",680776,605447,strikeout,swinging_strike_blocked,,,,,14.0,Jarren Duran strikes out swinging.,R,L,R,BOS,TOR,S,2.0,,0,2,2021,0.52,0.34,1.553554780001184,0.5842133600135646,,,,0,7,Bot,,,,,,,6.421927474609514,-133.44438622165032,-9.130732478016023,5.080000002732298,25.23606056919375,-26.47050662828963,3.46754403952649,1.58743610228041,,,,93.2,2202.0,6.9,633162,624512,665489,543760,624415,666182,666971,543807,545341,53.57,,0.0,0.0,1.0,0.0,0.0,,56,3,Slider,1,4,1,4,4,1,1,4,Standard,Strategic,182.0,-0.015,-0.169,,,,,0.169,,-3,-3,0.033,0.033,28,24,28,25,1,0,2.0,2.0,2.0,0.0,2.34,-0.52,0.52,55.0,,,,,
SI,2021-07-28,92.9,2.85,5.14,"Duran, Jarren",680776,669912,grounded_into_double_play,hit_into_play,,,,,12.0,"Jarren Duran grounds into a double play, second baseman Marcus Semien to shortstop Bo Bichette to first baseman Lourdes Gurriel Jr. Kevin Plawecki out at 2nd. Jarren Duran out at 1st.",R,L,L,BOS,TOR,X,4.0,ground_ball,1,1,2021,1.62,0.46,1.2529446260773582,2.5913650592825324,,657077.0,608700.0,1,5,Bot,137.37,147.03,,,,,-7.603882268262613,-135.0778928102596,-1.762560478125121,21.440365832833667,28.95615751287381,-26.33680985158498,3.467,1.589,66.0,75.8,4.0,92.6,2373.0,6.1,633110,624512,666971,543760,669289,666182,606192,543807,545341,54.38,0.26,0.236,0.0,1.0,0.0,0.0,2.0,45,3,Sinker,4,1,4,1,1,4,4,1,Standard,Standard,120.0,-0.022,-0.307,,,,0.305,0.307,88.0,3,3,0.95,0.95,26,24,27,25,1,2,,0.0,1.0,1.0,2.18,1.62,1.62,17.1,,,,,
SI,2021-07-28,93.0,2.81,5.23,"Duran, Jarren",680776,669912,,ball,,,,,7.0,,R,L,L,BOS,TOR,B,,,0,1,2021,1.49,0.5,-0.5353145581042535,1.7795935130710343,,657077.0,608700.0,1,5,Bot,,,,,,,-11.751118266702198,-134.94982237942597,-4.1364629478692425,20.67479095078171,27.39827724693586,-25.378100182060997,3.46013389191496,1.70885508929969,,,,92.6,2336.0,6.1,633110,624512,666971,543760,669289,666182,606192,543807,545341,54.44,,,,,,,,45,2,Sinker,4,1,4,1,1,4,4,1,Standard,Standard,118.0,0.001,0.032,,,,,-0.032,,3,3,0.949,0.949,26,24,27,25,1,2,,0.0,1.0,1.0,2.14,1.49,1.49,20.0,,,,,
FF,2021-07-28,98.5,-1.85,5.97,"Duran, Jarren",680776,605447,,foul,,,,,9.0,,R,L,R,BOS,TOR,S,,,0,1,2021,-0.45,1.59,0.765287012715733,1.517520987061947,,,,0,7,Bot,,,,,,,8.23713600155649,-142.89112180707912,-10.40935731730219,-8.018507512663176,32.8331366816271,-8.107223917102232,3.467,1.589,2.0,80.0,-34.0,99.6,2420.0,7.0,633162,624512,665489,543760,624415,666182,666971,543807,545341,53.46,,,,,,,,56,2,4-Seam Fastball,1,4,1,4,4,1,1,4,Infield shift,Strategic,209.0,-0.006,-0.058,,,,,0.058,88.0,-3,-3,0.039,0.039,28,24,28,25,1,0,2.0,2.0,2.0,0.0,0.77,0.45,-0.45,47.9,,,,,
FF,2021-07-28,96.1,-1.96,5.91,"Duran, Jarren",680776,605447,,foul,,,,,5.0,,R,L,R,BOS,TOR,S,,,0,0,2021,-0.52,1.34,0.1592934661960499,2.6489476467418727,,,,0,7,Bot,,,,,,,6.926867079813518,-139.83420377210328,-6.26801054013759,-8.294756807038441,27.35633260956247,-13.32685478133363,3.467,1.589,,,,98.4,2150.0,7.3,633162,624512,665489,543760,624415,666182,666971,543807,545341,53.19,,,,,,,,56,1,4-Seam Fastball,1,4,1,4,4,1,1,4,Infield shift,Strategic,212.0,-0.004,-0.042,,,,,0.042,,-3,-3,0.043,0.043,28,24,28,25,1,0,2.0,2.0,2.0,0.0,1.1,0.52,-0.52,44.8,,,,,
SI,2021-07-28,92.6,2.79,5.23,"Duran, Jarren",680776,669912,,called_strike,,,,,8.0,,R,L,L,BOS,TOR,S,,,0,0,2021,1.75,0.57,0.1941993556482737,2.183295719063053,,657077.0,608700.0,1,5,Bot,,,,,,,-10.322618742476864,-134.47698244390804,-3.214799703826399,23.42093628313565,27.332346401729428,-24.731303416323556,3.50848060274876,1.83208102205532,,,,92.0,2394.0,5.9,633110,624512,666971,543760,669289,666182,606192,543807,545341,54.61,,,,,,,,45,1,Sinker,4,1,4,1,1,4,4,1,Standard,Standard,118.0,-0.001,-0.038,,,,,0.038,,3,3,0.95,0.95,26,24,27,25,1,2,,0.0,1.0,1.0,2.08,1.75,1.75,20.3,,,,,
FF,2021-07-26,94.6,-1.51,5.67,"Duran, Jarren",680776,641672,field_out,hit_into_play,,,,,3.0,Jarren Duran pops out to third baseman Cavan Biggio in foul territory.,R,L,R,BOS,TOR,X,5.0,popup,2,1,2021,-1.0,1.3,0.4079393734732829,3.1761253025993983,543877.0,614173.0,,2,2,Bot,101.85,193.6,,,,,7.21051683482381,-137.62864135355576,-3.7030886791011106,-14.35340055002731,30.736936112922823,-15.061206694858493,3.467,1.589,47.0,78.2,80.0,94.3,2521.0,6.1,633219,624512,665489,543760,624415,666182,666971,545341,606192,54.35,0.003,0.004,0.0,1.0,0.0,0.0,3.0,19,4,4-Seam Fastball,2,0,2,0,0,2,2,0,Infield shift,Standard,223.0,-0.041,-0.289,,,,0.004,0.289,88.0,2,2,0.753,0.753,26,24,27,25,2,1,,1.0,47.0,2.0,1.25,1.0,-1.0,38.0,,,,,
CH,2021-07-26,83.7,-1.35,5.7,"Duran, Jarren",680776,641672,,ball,,,,,14.0,,R,L,R,BOS,TOR,B,,,1,1,2021,-0.8,0.58,0.908137299019056,1.8692337192078456,543877.0,614173.0,,2,2,Bot,,,,,,,6.778431305286042,-121.65173004905772,-3.5390289873296865,-9.292018561585316,23.96530084589745,-25.88816901453256,3.51301903757999,1.68471070235884,,,,83.6,2049.0,6.3,633219,624512,665489,543760,624415,666182,666971,545341,606192,54.22,,,,,,,,19,3,Changeup,2,0,2,0,0,2,2,0,Infield shift,Standard,227.0,0.003,0.02,,,,,-0.02,,2,2,0.75,0.75,26,24,27,25,2,1,,1.0,47.0,2.0,2.68,0.8,-0.8,44.0,,,,,
CH,2021-07-26,84.4,-1.26,5.67,"Duran, Jarren",680776,641672,,blocked_ball,,,,,14.0,,R,L,R,BOS,TOR,B,,,0,1,2021,-1.14,0.59,1.6632640517865451,-1.242102032234147,543877.0,614173.0,,2,2,Bot,,,,,,,9.05160112248006,-122.17708146847198,-10.811877982106513,-13.2860891032682,24.9341287381452,-24.12381923634944,3.52198241556991,1.72004954121036,,,,84.1,1979.0,6.4,633219,624512,665489,543760,624415,666182,666971,545341,606192,54.05,,,,,,,,19,2,Changeup,2,0,2,0,0,2,2,0,Infield shift,Standard,236.0,0.004,0.038,,,,,-0.038,,2,2,0.746,0.746,26,24,27,25,2,1,,1.0,47.0,2.0,2.65,1.14,-1.14,44.5,,,,,
FF,2021-07-26,94.8,-1.49,5.74,"Duran, Jarren",680776,641672,,foul_tip,,,,,12.0,,R,L,R,BOS,TOR,S,,,0,0,2021,-0.76,1.47,0.0421423940232962,3.742761234566782,543877.0,614173.0,,2,2,Bot,,,,,,,5.668812083502697,-137.89387695144862,-2.829746994859677,-10.902398482508175,30.926826604917604,-12.99017282619233,3.467,1.589,,,,94.3,2542.0,6.0,633219,624512,665489,543760,624415,666182,666971,545341,606192,54.48,,,,,,,,19,1,4-Seam Fastball,2,0,2,0,0,2,2,0,Infield shift,Standard,217.0,-0.006,-0.062,,,,,0.062,,2,2,0.752,0.752,26,24,27,25,2,1,,1.0,47.0,2.0,1.07,0.76,-0.76,40.3,,,,,
CH,2021-07-26,83.5,-2.5,6.2,"Duran, Jarren",680776,670950,field_out,hit_into_play,,,,,5.0,Jarren Duran grounds out to first baseman Vladimir Guerrero Jr.,R,L,R,BOS,TOR,X,3.0,ground_ball,1,1,2021,-1.24,0.42,0.078584405445456,2.3959975019413746,,,,1,7,Bot,157.37,163.21,,,,,8.354673007937658,-121.32934032392086,-3.17685190635207,-13.832746111879215,21.528615224806657,-27.614613093604444,3.467,1.589,6.0,96.2,-21.0,83.7,2413.0,6.3,633219,624512,665489,543760,624415,666182,666971,545341,606192,54.21,0.133,0.122,0.0,1.0,0.0,0.0,2.0,59,3,Changeup,3,4,3,4,4,3,3,4,Infield shift,Standard,255.0,-0.035,-0.249,,,,0.19,0.249,96.2,-1,-1,0.314,0.314,28,24,28,25,1,3,2.0,1.0,6.0,2.0,2.84,1.24,-1.24,51.9,,,,,
CH,2021-07-26,84.6,-2.65,6.18,"Duran, Jarren",680776,670950,,swinging_strike,,,,,8.0,,R,L,R,BOS,TOR,S,,,1,0,2021,-1.17,0.88,0.1428125439382839,1.5222375276303803,,,,1,7,Bot,,,,,,,8.834603158468278,-122.77783945462517,-6.285417002199327,-13.495260482015892,22.707431095916128,-22.22710966275888,3.467,1.589,,,,84.9,2486.0,6.4,633219,624512,665489,543760,624415,666182,666971,545341,606192,54.05,,,,,,,,59,2,Changeup,3,4,3,4,4,3,3,4,Infield shift,Standard,236.0,-0.007,-0.051,,,,,0.051,,-1,-1,0.321,0.321,28,24,28,25,1,3,2.0,1.0,6.0,2.0,2.31,1.17,-1.17,51.6,,,,,
FF,2021-07-26,92.9,-2.42,6.3,"Duran, Jarren",680776,670950,,ball,,,,,12.0,,R,L,R,BOS,TOR,B,,,0,0,2021,-0.7,1.47,1.2131965681315846,3.622008318821897,,,,1,7,Bot,,,,,,,10.854362136848769,-134.7926304135352,-4.263626202859714,-10.815385034577314,28.733945461252176,-13.5199331342815,3.64992753736095,1.73292696630042,,,,93.1,2082.0,6.5,633219,624512,665489,543760,624415,666182,666971,545341,606192,53.98,,,,,,,,59,1,4-Seam Fastball,3,4,3,4,4,3,3,4,Infield shift,Standard,202.0,0.005,0.041,,,,,-0.041,,-1,-1,0.316,0.316,28,24,28,25,1,3,2.0,1.0,6.0,2.0,1.19,0.7,-0.7,55.4,,,,,
SI,2021-07-26,95.3,-1.65,5.69,"Duran, Jarren",680776,641672,strikeout,called_strike,,,,,9.0,Jarren Duran called out on strikes.,R,L,R,BOS,TOR,S,2.0,,0,2,2021,-1.06,1.43,0.8221896900866474,1.932955412799049,,,,1,1,Bot,,,,,,,8.818062919126291,-138.44653442296013,-7.428819813077403,-15.52374439713068,29.82342220085036,-12.226565771747286,3.57178028464472,1.76824432843809,,,,95.0,2560.0,6.1,633219,624512,665489,543760,624415,666182,666971,545341,606192,54.38,,0.0,0.0,1.0,0.0,0.0,,6,3,Sinker,0,0,0,0,0,0,0,0,Infield shift,Strategic,222.0,-0.01,-0.16,,,,,0.16,,0,0,0.52,0.52,26,24,27,25,1,0,,1.0,47.0,2.0,1.08,1.06,-1.06,36.4,,,,,
FF,2021-07-26,95.2,-1.6,5.65,"Duran, Jarren",680776,641672,,foul,,,,,5.0,,R,L,R,BOS,TOR,S,,,0,1,2021,-0.99,1.27,-0.2000064035715807,2.3382934192921407,,,,1,1,Bot,,,,,,,5.861744899217806,-138.42769880039046,-5.839505305354747,-14.028439195576103,31.030545993936556,-14.764356291919638,3.467,1.589,169.0,76.8,16.0,94.6,2536.0,6.0,633219,624512,665489,543760,624415,666182,666971,545341,606192,54.49,,,,,,,,6,2,4-Seam Fastball,0,0,0,0,0,0,0,0,Infield shift,Standard,220.0,-0.004,-0.056,,,,,0.056,88.0,0,0,0.524,0.524,26,24,27,25,1,0,,1.0,47.0,2.0,1.25,0.99,-0.99,35.2,,,,,
FF,2021-07-26,94.6,-1.68,5.74,"Duran, Jarren",680776,641672,,foul,,,,,5.0,,R,L,R,BOS,TOR,S,,,0,0,2021,-0.94,1.37,0.0976348053648832,2.8253374171130656,,,,1,1,Bot,,,,,,,6.702292631670171,-137.54428502628653,-4.953881768970165,-13.419930794670073,30.48703587746957,-13.835999351321744,3.467,1.589,236.0,72.7,36.0,94.2,2552.0,6.1,633219,624512,665489,543760,624415,666182,666971,545341,606192,54.39,,,,,,,,6,1,4-Seam Fastball,0,0,0,0,0,0,0,0,Infield shift,Standard,217.0,-0.002,-0.043,,,,,0.043,88.0,0,0,0.526,0.526,26,24,27,25,1,0,,1.0,47.0,2.0,1.18,0.94,-0.94,,,,,,
SL,2021-07-26,86.1,3.15,5.58,"Duran, Jarren",680776,642048,field_out,hit_into_play,,,,,8.0,"Jarren Duran grounds out, second baseman Marcus Semien to first baseman Vladimir Guerrero Jr.",R,L,L,BOS,TOR,X,4.0,ground_ball,0,0,2021,-0.26,0.36,-0.0801800803699079,2.108958675801932,,,656308.0,2,4,Bot,157.78,142.12,,,,,-7.189932677447537,-125.34085856927511,-2.798589881335996,-1.4898996252911718,22.73255632391834,-28.035318564835254,3.467,1.589,105.0,79.7,9.0,87.0,2274.0,6.6,633219,624512,665489,543760,624415,666182,666971,545341,606192,53.89,0.416,0.392,0.0,1.0,0.0,0.0,4.0,38,1,Slider,3,2,3,2,2,3,3,2,Standard,Strategic,150.0,-0.022,-0.27,,,,0.468,0.27,88.0,1,1,0.66,0.66,28,24,28,25,1,2,2.0,1.0,3.0,2.0,2.69,-0.26,-0.26,31.9,,,,,
CU,2021-07-25,82.9,-1.54,5.62,"Duran, Jarren",680776,593334,strikeout,swinging_strike_blocked,,,,,14.0,"Jarren Duran strikes out swinging, catcher Gary Sanchez to first baseman DJ LeMahieu.",R,L,R,BOS,NYY,S,2.0,,0,2,2021,0.27,-0.35,1.0740008793567752,0.4338937557553071,,,,0,7,Bot,,,,,,,5.426373458838792,-120.72299208678947,-4.769224700534506,1.7984759783868156,20.134960836681163,-35.052035538999824,3.467,1.589,,,,83.1,2683.0,6.1,633198,596142,518934,596059,570482,650402,534606,458731,656185,54.41,,0.0,0.0,1.0,0.0,0.0,,50,3,Curveball,0,3,0,3,3,0,0,3,Infield shift,Standard,48.0,-0.017,-0.169,,,,,0.169,,-3,-3,0.117,0.117,28,24,29,25,3,2,5.0,1.0,6.0,1.0,3.63,-0.27,0.27,39.0,,,,,
CU,2021-07-25,82.8,-1.66,5.54,"Duran, Jarren",680776,593334,,swinging_strike,,,,,14.0,,R,L,R,BOS,NYY,S,,,0,1,2021,0.14,-0.31,0.0875917243719291,1.0435992086154746,,,,0,7,Bot,,,,,,,3.6926766140157063,-120.68777469151004,-3.3028958515190023,0.7678341286910674,19.41258946438356,-34.8598430475222,3.467,1.589,,,,82.9,2632.0,5.9,633198,596142,518934,596059,570482,650402,534606,458731,656185,54.65,,,,,,,,50,2,Curveball,0,3,0,3,3,0,0,3,Standard,Standard,45.0,-0.007,-0.058,,,,,0.058,,-3,-3,0.124,0.124,28,24,29,25,3,2,5.0,1.0,6.0,1.0,3.57,-0.14,0.14,36.3,,,,,
CU,2021-07-25,81.1,-1.76,5.62,"Duran, Jarren",680776,593334,,called_strike,,,,,8.0,,R,L,R,BOS,NYY,S,,,0,0,2021,0.01,-0.33,-0.2493425770745032,1.802128565007083,,,,0,7,Bot,,,,,,,3.3297804508294435,-118.19703521705736,-1.3963747392823016,-0.4434962872077295,18.996255367559407,-35.30014677522725,3.12543473186745,1.59000000001054,,,,81.0,2495.0,5.8,633198,596142,518934,596059,570482,650402,534606,458731,656185,54.69,,,,,,,,50,1,Curveball,0,3,0,3,3,0,0,3,Standard,Standard,40.0,-0.004,-0.042,,,,,0.042,,-3,-3,0.128,0.128,28,24,29,25,3,2,5.0,1.0,6.0,1.0,3.75,-0.01,0.01,35.5,,,,,
FF,2021-07-25,94.2,-1.58,5.32,"Duran, Jarren",680776,593334,strikeout,swinging_strike,,,,,12.0,Jarren Duran strikes out swinging.,R,L,R,BOS,NYY,S,2.0,,0,2,2021,-0.65,1.41,0.5058557576265749,3.770709891279788,,,,0,4,Bot,,,,,,,6.815487187155997,-136.96761623096666,-1.4230129810059355,-9.755782304291042,31.290726747033656,-14.392835576224954,3.467,1.589,,,,93.5,2594.0,6.0,633198,596142,518934,596059,570482,650402,534606,458731,656185,54.49,,0.0,0.0,1.0,0.0,0.0,,28,3,4-Seam Fastball,0,2,0,2,2,0,0,2,Infield shift,Standard,220.0,-0.017,-0.169,,,,,0.169,,-2,-2,0.299,0.299,28,24,29,25,2,1,5.0,1.0,6.0,1.0,1.17,0.65,-0.65,30.9,,,,,
CH,2021-07-25,87.0,-1.71,5.4,"Duran, Jarren",680776,593334,,foul,,,,,4.0,,R,L,R,BOS,NYY,S,,,0,1,2021,-1.08,0.76,-0.6951314787754559,2.4777082911501926,,,,0,4,Bot,,,,,,,4.656232509122989,-126.73536385705556,-2.479806886648128,-12.593417168819231,22.71132368263979,-23.686033892113898,3.467,1.589,155.0,80.7,70.0,87.5,2291.0,6.3,633198,596142,518934,596059,570482,650402,534606,458731,656185,54.24,,,,,,,,28,2,Changeup,0,2,0,2,2,0,0,2,Infield shade,Standard,222.0,-0.008,-0.058,,,,,0.058,88.0,-2,-2,0.307,0.307,28,24,29,25,2,1,5.0,1.0,6.0,1.0,2.22,1.08,-1.08,34.7,,,,,
CH,2021-07-25,86.3,-1.85,5.46,"Duran, Jarren",680776,593334,,foul,,,,,13.0,,R,L,R,BOS,NYY,S,,,0,0,2021,-1.51,0.74,-1.1311049924218866,2.273350962143689,,,,0,4,Bot,,,,,,,4.774371420758267,-125.61745376024376,-2.85452160249982,-16.974249219871663,25.38246624364634,-23.95440541785854,3.467,1.589,70.0,66.0,8.0,86.2,2465.0,6.2,633198,596142,518934,596059,570482,650402,534606,458731,656185,54.33,,,,,,,,28,1,Changeup,0,2,0,2,2,0,0,2,Infield shade,Standard,232.0,-0.004,-0.042,,,,,0.042,88.0,-2,-2,0.311,0.311,28,24,29,25,2,1,5.0,1.0,6.0,1.0,2.32,1.51,-1.51,32.0,,,,,
CH,2021-07-25,89.4,-1.73,5.2,"Duran, Jarren",680776,593334,strikeout,swinging_strike,,,,,13.0,Jarren Duran strikes out swinging.,R,L,R,BOS,NYY,S,2.0,,2,2,2021,-1.47,0.42,-0.5847274566148295,0.8795033661731375,,,,1,1,Bot,,,,,,,5.903714848198058,-130.0809821438123,-5.565277209446902,-17.913224374587337,25.710936186680932,-26.411174173696505,3.467,1.589,,,,89.6,2283.0,6.3,633198,596142,518934,596059,570482,650402,534606,458731,656185,54.2,,0.0,0.0,1.0,0.0,0.0,,6,8,Changeup,0,0,0,0,0,0,0,0,Infield shift,Standard,232.0,-0.014,-0.225,,,,,0.225,,0,0,0.524,0.524,28,24,29,25,1,0,5.0,1.0,6.0,1.0,2.41,1.47,-1.47,29.9,,,,,
FF,2021-07-25,94.6,-1.45,5.32,"Duran, Jarren",680776,593334,,ball,,,,,12.0,,R,L,R,BOS,NYY,B,,,1,2,2021,-0.87,1.42,0.7285424824484379,3.936382396184311,,,,1,1,Bot,,,,,,,7.603988061042637,-137.70886519248734,-1.1330906774617808,-12.730508056072196,27.350755717603462,-13.96775417123907,3.42457708019582,1.59000000000378,,,,94.7,2632.0,6.1,633198,596142,518934,596059,570482,650402,534606,458731,656185,54.4,,,,,,,,6,7,4-Seam Fastball,0,0,0,0,0,0,0,0,Infield shift,Standard,221.0,0.003,0.044,,,,,-0.044,,0,0,0.521,0.521,28,24,29,25,1,0,5.0,1.0,6.0,1.0,1.11,0.87,-0.87,29.9,,,,,
CH,2021-07-25,89.9,-1.62,5.28,"Duran, Jarren",680776,593334,,foul,,,,,13.0,,R,L,R,BOS,NYY,S,,,1,2,2021,-1.34,0.58,-0.6487976297387266,1.175591724996855,,,,1,1,Bot,,,,,,,5.224874612879892,-130.7018041961475,-5.386888593176506,-16.48667875640866,28.00770031508723,-24.51970597019114,3.467,1.589,1.0,55.4,-51.0,89.5,2367.0,6.1,633198,596142,518934,596059,570482,650402,534606,458731,656185,54.4,,,,,,,,6,6,Changeup,0,0,0,0,0,0,0,0,Infield shift,Standard,234.0,0.0,0.0,,,,,0.0,88.0,0,0,0.521,0.521,28,24,29,25,1,0,5.0,1.0,6.0,1.0,2.24,1.34,-1.34,30.4,,,,,
CU,2021-07-25,83.2,-1.29,5.56,"Duran, Jarren",680776,593334,,foul,,,,,9.0,,R,L,R,BOS,NYY,S,,,1,2,2021,0.13,-0.49,0.7811113637263399,1.9031998937975745,,,,1,1,Bot,,,,,,,4.467013929721244,-121.275513749749,-1.078704897992152,0.5561885694447073,20.563148440887975,-37.099910154513175,3.467,1.589,3.0,75.1,-34.0,83.3,2594.0,5.9,633198,596142,518934,596059,570482,650402,534606,458731,656185,54.56,,,,,,,,6,5,Curveball,0,0,0,0,0,0,0,0,Infield shift,Standard,46.0,0.0,0.0,,,,,0.0,88.0,0,0,0.521,0.521,28,24,29,25,1,0,5.0,1.0,6.0,1.0,3.74,-0.13,0.13,38.7,,,,,
FF,2021-07-25,95.4,-1.4,5.26,"Duran, Jarren",680776,593334,,foul,,,,,6.0,,R,L,R,BOS,NYY,S,,,1,2,2021,-0.55,1.42,0.5687111744443741,2.691409015006703,,,,1,1,Bot,,,,,,,6.3773486441385305,-138.85507075166376,-4.313880964833666,-8.55240302160356,29.940396609531557,-13.03754677580486,3.467,1.589,175.0,69.8,36.0,95.1,2681.0,6.0,633198,596142,518934,596059,570482,650402,534606,458731,656185,54.47,,,,,,,,6,4,4-Seam Fastball,0,0,0,0,0,0,0,0,Infield shift,Standard,220.0,0.0,0.0,,,,,0.0,88.0,0,0,0.521,0.521,28,24,29,25,1,0,5.0,1.0,6.0,1.0,1.08,0.55,-0.55,29.6,,,,,
CU,2021-07-25,83.1,-1.48,5.56,"Duran, Jarren",680776,593334,,swinging_strike,,,,,1.0,,R,L,R,BOS,NYY,S,,,1,1,2021,0.13,-0.41,-0.6031856231214143,3.0078924035078143,,,,1,1,Bot,,,,,,,1.7421403621932912,-121.19191256119431,1.306797355549851,1.0067570102645145,20.851583664103256,-36.6715546262668,3.467,1.589,,,,83.2,2733.0,6.0,633198,596142,518934,596059,570482,650402,534606,458731,656185,54.55,,,,,,,,6,3,Curveball,0,0,0,0,0,0,0,0,Standard,Standard,47.0,-0.004,-0.068,,,,,0.068,,0,0,0.525,0.525,28,24,29,25,1,0,5.0,1.0,6.0,1.0,3.66,-0.13,0.13,36.2,,,,,
FF,2021-07-25,95.3,-1.4,5.43,"Duran, Jarren",680776,593334,,ball,,,,,12.0,,R,L,R,BOS,NYY,B,,,0,1,2021,-0.64,1.45,0.8127594377615139,3.529130792100367,,,,1,1,Bot,,,,,,,7.179628532622801,-138.5884622547739,-2.5591111477631516,-9.892030218223354,32.60857987920289,-13.171775345449662,3.42466767437433,1.58999999999353,,,,94.4,2595.0,5.9,633198,596142,518934,596059,570482,650402,534606,458731,656185,54.61,,,,,,,,6,2,4-Seam Fastball,0,0,0,0,0,0,0,0,Standard,Standard,219.0,0.001,0.033,,,,,-0.033,,0,0,0.524,0.524,28,24,29,25,1,0,5.0,1.0,6.0,1.0,1.07,0.64,-0.64,30.9,,,,,
CU,2021-07-25,82.1,-1.71,5.6,"Duran, Jarren",680776,593334,,foul,,,,,5.0,,R,L,R,BOS,NYY,S,,,0,0,2021,0.09,0.0,0.1709203350099889,2.2673242632260333,,,,1,1,Bot,,,,,,,4.046747027292678,-119.60643382708028,-1.092321448206074,0.2295446423836217,20.12092419161628,-32.15524671737165,3.467,1.589,100.0,83.5,7.0,82.1,2564.0,5.9,633198,596142,518934,596059,570482,650402,534606,458731,656185,54.58,,,,,,,,6,1,Curveball,0,0,0,0,0,0,0,0,Standard,Standard,33.0,-0.002,-0.043,,,,,0.043,88.0,0,0,0.526,0.526,28,24,29,25,1,0,5.0,1.0,6.0,1.0,3.34,-0.09,0.09,35.0,,,,,
FF,2021-07-24,94.0,-1.52,5.93,"Duran, Jarren",680776,592791,field_out,hit_into_play,,,,,14.0,Jarren Duran flies out to right fielder Greg Allen.,R,L,R,BOS,NYY,X,9.0,fly_ball,3,1,2021,-0.32,1.32,1.136128063761339,2.5258120941485616,,,,2,5,Bot,211.13,102.28,,,,,7.658989319613279,-136.6861030751901,-6.061714195004565,-5.764602153446917,30.202047069309987,-14.486201255802776,3.467,1.589,316.0,88.0,31.0,94.6,2408.0,6.7,633154,542963,656467,596059,518934,650402,458731,664314,656185,53.8,0.038,0.054,0.0,1.0,0.0,0.0,3.0,37,5,4-Seam Fastball,3,0,3,0,0,3,3,0,Infield shift,Standard,208.0,-0.007,-0.417,,,,0.09,0.417,88.0,3,3,0.87,0.87,29,24,30,25,3,2,6.0,1.0,6.0,1.0,1.27,0.32,-0.32,43.6,,,,,
FF,2021-07-24,93.8,-1.6,6.01,"Duran, Jarren",680776,592791,,ball,,,,,12.0,,R,L,R,BOS,NYY,B,,,2,1,2021,-0.2,1.34,0.1163104140399103,4.2054053069668695,,,,2,5,Bot,,,,,,,4.922422464200207,-136.63629725483,-1.9207941737794012,-3.63582463537299,29.73789042079082,-15.190670642411748,3.50602768594893,1.58518197109967,,,,94.5,2355.0,6.6,633154,542963,656467,596059,518934,650402,458731,664314,656185,53.89,,,,,,,,37,4,4-Seam Fastball,3,0,3,0,0,3,3,0,Standard,Standard,201.0,0.001,0.108,,,,,-0.108,,3,3,0.869,0.869,29,24,30,25,3,2,6.0,1.0,6.0,1.0,1.25,0.2,-0.2,42.2,,,,,
CU,2021-07-24,80.2,-1.45,6.19,"Duran, Jarren",680776,592791,,ball,,,,,2.0,,R,L,R,BOS,NYY,B,,,1,1,2021,1.01,-0.93,-0.2089742658756794,3.4297549590589576,,,,2,5,Bot,,,,,,,0.838101779624786,-116.79894611379356,2.335160243445898,9.101476921077568,21.482704146487237,-41.322574839684535,3.37000000000574,1.60000000000542,,,,80.6,2568.0,6.5,633154,542963,656467,596059,518934,650402,458731,664314,656185,54.01,,,,,,,,37,3,Curveball,3,0,3,0,0,3,3,0,Standard,Standard,36.0,0.001,0.051,,,,,-0.051,,3,3,0.868,0.868,29,24,30,25,3,2,6.0,1.0,6.0,1.0,4.46,-1.01,1.01,47.2,,,,,
CU,2021-07-24,80.0,-1.56,6.11,"Duran, Jarren",680776,592791,,called_strike,,,,,1.0,,R,L,R,BOS,NYY,S,,,1,0,2021,0.92,-1.08,-0.4211484422082997,3.293355981813245,,,,2,5,Bot,,,,,,,0.7832690081168345,-116.5062504415418,2.5805467636950254,8.211372911375062,22.60883545605179,-42.70946533259924,3.30275766306217,1.57420197061543,,,,80.3,2412.0,6.5,633154,542963,656467,596059,518934,650402,458731,664314,656185,53.99,,,,,,,,37,2,Curveball,3,0,3,0,0,3,3,0,Standard,Standard,39.0,-0.001,-0.051,,,,,0.051,,3,3,0.869,0.869,29,24,30,25,3,2,6.0,1.0,6.0,1.0,4.65,-0.92,0.92,47.9,,,,,
CU,2021-07-24,81.9,-1.46,6.11,"Duran, Jarren",680776,592791,,ball,,,,,14.0,,R,L,R,BOS,NYY,B,,,0,0,2021,0.93,-1.01,1.0670779795514025,0.8557131105302211,,,,2,5,Bot,,,,,,,3.932623877600184,-119.10990318094846,-3.2910345922614317,7.985227822760048,25.21154247085937,-41.25354432591614,3.53362133546558,1.60579290157322,,,,82.1,2614.0,6.7,633154,542963,656467,596059,518934,650402,458731,664314,656185,53.82,,,,,,,,37,1,Curveball,3,0,3,0,0,3,3,0,Standard,Standard,32.0,0.001,0.04,,,,,-0.04,,3,3,0.868,0.868,29,24,30,25,3,2,6.0,1.0,6.0,1.0,4.44,-0.93,0.93,46.4,,,,,
FF,2021-07-24,93.9,-1.53,6.13,"Duran, Jarren",680776,592791,field_error,hit_into_play,,,,,2.0,Jarren Duran reaches on a fielding error by second baseman Rougned Odor. Jarren Duran to 2nd.,R,L,R,BOS,NYY,X,4.0,ground_ball,0,1,2021,-0.33,1.48,0.2485027754875034,3.2543566095770897,,,,0,3,Bot,136.91,115.22,,,,,5.344414944126205,-136.6467952380587,-5.050313068577844,-5.252452630518525,28.807828691647988,-12.697868943318197,3.467,1.589,14.0,83.5,-11.0,94.5,2230.0,6.5,633154,542963,656467,596059,518934,650402,458731,664314,656185,53.98,0.123,0.115,0.9,1.0,0.0,0.0,2.0,22,2,4-Seam Fastball,2,0,2,0,0,2,2,0,Standard,Standard,211.0,0.045,0.522,,,,0.127,-0.522,88.0,2,2,0.762,0.762,29,24,30,25,2,1,6.0,1.0,6.0,1.0,1.1,0.33,-0.33,43.1,,,,,
CU,2021-07-24,79.7,-1.54,6.22,"Duran, Jarren",680776,592791,,called_strike,,,,,9.0,,R,L,R,BOS,NYY,S,,,0,0,2021,0.54,-1.16,0.7308291844299202,1.9262881857846148,,,,0,3,Bot,,,,,,,3.98222037899992,-116.0281594244817,-0.500288635900678,4.113508711712205,21.90141782350397,-42.80299453949099,3.46999999999718,1.63668154506919,,,,79.9,2675.0,6.4,633154,542963,656467,596059,518934,650402,458731,664314,656185,54.09,,,,,,,,22,1,Curveball,2,0,2,0,0,2,2,0,Standard,Standard,38.0,-0.002,-0.042,,,,,0.042,,2,2,0.764,0.764,29,24,30,25,2,1,6.0,1.0,6.0,1.0,4.75,-0.54,0.54,46.8,,,,,
CH,2021-07-24,91.8,-1.8,5.69,"Duran, Jarren",680776,642528,field_out,hit_into_play,,,,,7.0,"Jarren Duran grounds out, pitcher Jonathan Loaisiga to first baseman DJ LeMahieu.",R,L,R,BOS,NYY,X,1.0,ground_ball,0,2,2021,-1.36,1.14,-0.4313638269546849,2.1148639625713694,,,,1,8,Bot,122.03,182.06,,,,,6.419728787475351,-133.47910872776035,-5.680289853989737,-17.57739193568183,27.647921575671816,-17.509239935221725,3.467,1.589,1.0,62.0,-57.0,92.2,1916.0,6.5,633154,542963,518934,596059,642180,650402,458731,664314,656185,54.04,0.327,0.294,0.0,1.0,0.0,0.0,2.0,63,4,Changeup,3,4,3,4,4,3,3,4,Standard,Standard,226.0,-0.029,-0.16,,,,0.331,0.16,88.0,-1,-1,0.226,0.226,26,24,27,25,1,3,15.0,1.0,1.0,1.0,1.56,1.36,-1.36,55.1,,,,,
SI,2021-07-24,98.6,-1.9,5.5,"Duran, Jarren",680776,642528,,foul,,,,,4.0,,R,L,R,BOS,NYY,S,,,0,2,2021,-1.15,1.19,-0.3104093287632701,2.275781028364336,,,,1,8,Bot,,,,,,,7.017238834395725,-143.37855702398485,-6.120304383808457,-17.48552321702058,31.56859814594989,-14.506777393250204,3.467,1.589,153.0,76.4,67.0,99.1,2376.0,6.5,633154,542963,518934,596059,642180,650402,458731,664314,656185,53.98,,,,,,,,63,3,Sinker,3,4,3,4,4,3,3,4,Standard,Standard,214.0,0.0,0.0,,,,,0.0,88.0,-1,-1,0.226,0.226,26,24,27,25,1,3,15.0,1.0,1.0,1.0,1.15,1.15,-1.15,51.1,,,,,
FF,2021-07-24,93.5,-1.65,6.1,"Duran, Jarren",680776,592791,field_out,hit_into_play,,,,,12.0,Jarren Duran pops out to first baseman Chris Gittens.,R,L,R,BOS,NYY,X,3.0,popup,0,0,2021,-0.34,1.51,0.8418404331476244,2.896484159928439,,,,0,1,Bot,143.41,182.04,,,,,7.192240530919712,-135.97306700593242,-5.8748875929333995,-5.751236934496438,28.37714046101313,-12.353452751876636,3.467,1.589,66.0,94.0,71.0,93.9,2358.0,6.5,633154,542963,656467,596059,518934,650402,458731,664314,656185,54.04,0.008,0.009,0.0,1.0,0.0,0.0,3.0,6,1,4-Seam Fastball,1,0,1,0,0,1,1,0,Standard,Standard,210.0,-0.019,-0.269,,,,0.01,0.269,94.0,1,1,0.645,0.645,29,24,30,25,1,0,6.0,1.0,6.0,1.0,1.09,0.34,-0.34,42.8,,,,,
SI,2021-07-24,99.1,-2.23,5.45,"Duran, Jarren",680776,642528,,foul_tip,,,,,1.0,,R,L,R,BOS,NYY,S,,,0,1,2021,-1.35,1.09,-0.6484196056067846,3.150696986149045,,,,1,8,Bot,,,,,,,7.498551766383618,-144.14351082123832,-3.370902498985004,-20.596749188198075,35.02406993303141,-16.474756128283197,3.467,1.589,,,,99.2,2359.0,6.5,633154,542963,518934,596059,642180,650402,458731,664314,656185,54.03,,,,,,,,63,2,Sinker,3,4,3,4,4,3,3,4,Standard,Standard,216.0,-0.012,-0.056,,,,,0.056,,-1,-1,0.238,0.238,26,24,27,25,1,3,15.0,1.0,1.0,1.0,1.25,1.35,-1.35,47.5,,,,,
SI,2021-07-24,98.8,-2.09,5.52,"Duran, Jarren",680776,642528,,called_strike,,,,,2.0,,R,L,R,BOS,NYY,S,,,0,0,2021,-1.2,1.09,-0.1351735478252185,3.2936244160990045,,,,1,8,Bot,,,,,,,8.165041302318956,-143.65927562848947,-3.1494251566260827,-18.57249589329164,34.24682515123278,-16.607097735558447,3.43554784068353,1.50105060083385,,,,99.1,2338.0,6.5,633154,542963,518934,596059,642180,650402,458731,664314,656185,53.95,,,,,,,,63,1,Sinker,3,4,3,4,4,3,3,4,Standard,Standard,208.0,-0.007,-0.043,,,,,0.043,,-1,-1,0.245,0.245,26,24,27,25,1,3,15.0,1.0,1.0,1.0,1.26,1.2,-1.2,50.2,,,,,
CH,2021-07-23,91.4,-1.91,5.37,"Duran, Jarren",680776,543037,double,hit_into_play,,,,,14.0,Jarren Duran hits a ground-rule double (1) on a line drive to right-center field. Enrique Hernandez to 3rd.,R,L,R,BOS,NYY,X,,line_drive,2,2,2021,-1.35,0.72,0.1610235343811041,1.4271986454397216,,,571771.0,1,5,Bot,156.43,35.93,,,,,8.164700779054854,-132.78053923767143,-5.65707258681449,-17.642989723281147,27.33084366865809,-22.62644746248196,3.467,1.589,374.0,100.4,21.0,92.1,1568.0,6.7,633181,596142,656467,596059,518934,650402,534606,458731,656185,53.8,0.36,0.5608333333333334,1.25,1.0,1.0,1.0,5.0,42,6,Changeup,0,1,0,1,1,0,0,1,Standard,Standard,242.0,0.135,0.815,,,,1.021,-0.815,100.4,-1,-1,0.413,0.413,30,24,31,25,3,2,6.0,4.0,6.0,1.0,2.01,1.35,-1.35,37.3,,,,,
FF,2021-07-23,99.7,-1.94,5.63,"Duran, Jarren",680776,543037,,foul,,,,,1.0,,R,L,R,BOS,NYY,S,,,2,2,2021,-0.93,1.37,-0.3078941147840769,3.0842361468448427,,,571771.0,1,5,Bot,,,,,,,6.677014324373299,-145.03655200799528,-4.8253969561640675,-14.627750064697402,34.361788725825576,-11.862543620151596,3.467,1.589,245.0,74.6,34.0,99.8,2407.0,6.4,633181,596142,656467,596059,518934,650402,534606,458731,656185,54.13,,,,,,,,42,5,4-Seam Fastball,0,1,0,1,1,0,0,1,Standard,Standard,220.0,0.0,0.0,,,,,0.0,88.0,-1,-1,0.413,0.413,30,24,31,25,3,2,6.0,4.0,6.0,1.0,0.92,0.93,-0.93,37.0,,,,,
KC,2021-07-23,85.8,-1.89,5.51,"Duran, Jarren",680776,543037,,blocked_ball,,,,,14.0,,R,L,R,BOS,NYY,B,,,1,2,2021,0.95,-1.18,0.637273067364348,0.2384936508421766,,,571771.0,1,5,Bot,,,,,,,4.070735651705101,-124.90448525933176,-3.8410636138611753,9.138878600027413,25.238190911964335,-43.909732835030056,3.37466453391047,1.54003461346434,,,,86.1,2852.0,6.5,633181,596142,656467,596059,518934,650402,534606,458731,656185,54.01,,,,,,,,42,4,Knuckle Curve,0,1,0,1,1,0,0,1,Standard,Standard,31.0,0.007,0.041,,,,,-0.041,,-1,-1,0.406,0.406,30,24,31,25,3,2,6.0,4.0,6.0,1.0,4.27,-0.95,0.95,39.7,,,,,
FF,2021-07-23,98.2,-1.71,5.57,"Duran, Jarren",680776,543037,,foul_tip,,,,,3.0,,R,L,R,BOS,NYY,S,,,1,1,2021,-0.68,1.41,0.4027972301264564,2.9373774940323165,,,571771.0,1,5,Bot,,,,,,,7.298773713156686,-142.83457587633615,-4.971061978463626,-10.924033116512913,31.622225736505538,-11.81822579498704,3.467,1.589,,,,98.6,2353.0,6.4,633181,596142,656467,596059,518934,650402,534606,458731,656185,54.07,,,,,,,,42,3,4-Seam Fastball,0,1,0,1,1,0,0,1,Standard,Standard,217.0,-0.012,-0.072,,,,,0.072,,-1,-1,0.418,0.418,30,24,31,25,3,2,6.0,4.0,6.0,1.0,0.94,0.68,-0.68,37.8,,,,,
CH,2021-07-23,91.4,-2.04,5.44,"Duran, Jarren",680776,543037,,ball,,,,,13.0,,R,L,R,BOS,NYY,B,,,0,1,2021,-1.27,0.76,-1.5096804750823258,2.274186564260633,,,571771.0,1,5,Bot,,,,,,,4.087389001383366,-133.1421099795403,-3.817804570661336,-15.974620113209356,26.05171734433509,-22.54900347577321,3.55824775765122,1.65328366042905,,,,92.3,1783.0,6.6,633181,596142,656467,596059,518934,650402,534606,458731,656185,53.93,,,,,,,,42,2,Changeup,0,1,0,1,1,0,0,1,Standard,Standard,237.0,0.005,0.038,,,,,-0.038,,-1,-1,0.413,0.413,30,24,31,25,3,2,6.0,4.0,6.0,1.0,1.95,1.27,-1.27,38.2,,,,,
FF,2021-07-23,98.4,-1.9,5.6,"Duran, Jarren",680776,543037,,swinging_strike,,,,,2.0,,R,L,R,BOS,NYY,S,,,0,0,2021,-0.94,1.43,-0.2716771998874816,3.5791015090612235,,,571771.0,1,5,Bot,,,,,,,6.6153431005594445,-143.14207384150737,-3.340644503814607,-14.47734364537978,32.66151674535873,-11.959505534352516,3.467,1.589,,,,98.7,2392.0,6.5,633181,596142,656467,596059,518934,650402,534606,458731,656185,54.04,,,,,,,,42,1,4-Seam Fastball,0,1,0,1,1,0,0,1,Standard,Standard,220.0,-0.007,-0.041,,,,,0.041,,-1,-1,0.42,0.42,30,24,31,25,3,2,6.0,4.0,6.0,1.0,0.93,0.94,-0.94,40.2,,,,,
FF,2021-07-23,99.1,-1.9,5.52,"Duran, Jarren",680776,543037,walk,ball,,,,,11.0,Jarren Duran walks. Enrique Hernandez to 2nd.,R,L,R,BOS,NYY,B,,,3,2,2021,-1.12,1.34,-1.0899293893234896,3.5826184180378378,,,571771.0,1,3,Bot,,,,,,,4.862670408991743,-144.26962966937188,-3.0654184197070258,-16.82855457331558,31.461409073374032,-12.893962228515294,3.5803563570986,1.67659766156751,,,,100.0,2354.0,6.6,633181,596142,656467,596059,518934,650402,534606,458731,656185,53.88,,0.691717,0.7,1.0,0.0,0.0,,25,6,4-Seam Fastball,0,1,0,1,1,0,0,1,Infield shift,Standard,226.0,0.039,0.264,,,,,-0.264,,-1,-1,0.447,0.447,30,24,31,25,2,1,6.0,4.0,6.0,1.0,0.97,1.12,-1.12,38.1,,,,,
SI,2021-07-23,99.5,-1.9,5.57,"Duran, Jarren",680776,543037,,ball,,,,,12.0,,R,L,R,BOS,NYY,B,,,2,2,2021,-1.29,1.17,0.5847155648544242,4.666511845220439,,,571771.0,1,3,Bot,,,,,,,9.88257059589744,-144.63960819545974,0.1759857255831509,-20.41788068677514,32.59360249111471,-15.955153260067044,3.67221643913597,1.69951726131988,,,,99.9,2407.0,6.5,633181,596142,656467,596059,518934,650402,534606,458731,656185,54.03,,,,,,,,25,5,Sinker,0,1,0,1,1,0,0,1,Infield shift,Standard,219.0,0.012,0.102,,,,,-0.102,,-1,-1,0.435,0.435,30,24,31,25,2,1,6.0,4.0,6.0,1.0,1.13,1.29,-1.29,38.0,,,,,
KC,2021-07-23,84.8,-1.99,5.56,"Duran, Jarren",680776,543037,,called_strike,,,,,13.0,,R,L,R,BOS,NYY,S,,,2,1,2021,1.04,-0.68,-0.5820401279546918,1.4349567126182814,,,571771.0,1,3,Bot,,,,,,,1.207124789178727,-123.57679558000176,-1.986479034191128,10.457909482004926,24.388991764211305,-38.92022015180872,3.45000000000235,1.64000000000222,,,,84.9,2712.0,6.3,633181,596142,656467,596059,518934,650402,534606,458731,656185,54.24,,,,,,,,25,4,Knuckle Curve,0,1,0,1,1,0,0,1,Standard,Standard,49.0,-0.01,-0.083,,,,,0.083,,-1,-1,0.445,0.445,30,24,31,25,2,1,6.0,4.0,6.0,1.0,3.83,-1.04,1.04,39.2,,,,,
CH,2021-07-23,89.4,-1.87,5.52,"Duran, Jarren",680776,543037,,swinging_strike,,,,,1.0,,R,L,R,BOS,NYY,S,,,2,0,2021,-1.12,0.89,-0.7625701084313683,3.4223744335297077,,,571771.0,1,3,Bot,,,,,,,5.099267473326065,-130.24593093442664,-1.097015940241373,-13.769708817950544,26.20423921123579,-21.93614339858492,3.467,1.589,,,,90.0,1538.0,6.5,633181,596142,656467,596059,518934,650402,534606,458731,656185,53.99,,,,,,,,25,3,Changeup,0,1,0,1,1,0,0,1,Standard,Standard,233.0,-0.009,-0.051,,,,,0.051,,-1,-1,0.454,0.454,30,24,31,25,2,1,6.0,4.0,6.0,1.0,1.94,1.12,-1.12,39.6,,,,,
KC,2021-07-23,84.3,-1.86,5.57,"Duran, Jarren",680776,543037,,ball,,,,,13.0,,R,L,R,BOS,NYY,B,,,1,0,2021,0.99,-0.94,-0.608108514761044,1.4100286171074092,,,571771.0,1,3,Bot,,,,,,,0.9393672298146456,-122.75225915292808,-1.4147578361380857,9.814131744186769,24.838278572960476,-41.585235902887995,3.59501649549629,1.61920302625527,,,,84.0,2751.0,6.1,633181,596142,656467,596059,518934,650402,534606,458731,656185,54.41,,,,,,,,25,2,Knuckle Curve,0,1,0,1,1,0,0,1,Standard,Standard,42.0,0.009,0.059,,,,,-0.059,,-1,-1,0.445,0.445,30,24,31,25,2,1,6.0,4.0,6.0,1.0,4.15,-0.99,0.99,41.1,,,,,
FF,2021-07-23,99.0,-1.79,5.55,"Duran, Jarren",680776,543037,,ball,,,,,12.0,,R,L,R,BOS,NYY,B,,,0,0,2021,-0.99,1.47,1.3096826114510516,3.7713377879648897,,,571771.0,1,3,Bot,,,,,,,10.766572035889016,-143.81602665986173,-2.840607824506292,-16.251885354764422,32.94451568393509,-11.305954419410748,3.52740550130842,1.65947804784705,,,,99.1,2385.0,6.4,633181,596142,656467,596059,518934,650402,534606,458731,656185,54.11,,,,,,,,25,1,4-Seam Fastball,0,1,0,1,1,0,0,1,Standard,Standard,213.0,0.005,0.04,,,,,-0.04,,-1,-1,0.44,0.44,30,24,31,25,2,1,6.0,4.0,6.0,1.0,0.86,0.99,-0.99,40.1,,,,,
FC,2021-07-23,82.5,1.62,5.31,"Duran, Jarren",680776,641482,single,hit_into_play,,,,,8.0,"Jarren Duran singles on a sharp ground ball to right fielder Greg Allen, deflected by second baseman Rougned Odor. Enrique Hernandez to 2nd.",R,L,L,BOS,NYY,X,4.0,ground_ball,1,1,2021,-0.76,0.5,-0.0422166081228949,1.6809500891604956,,,571771.0,1,7,Bot,177.65,101.42,,,,,-2.2754633834712505,-120.23965874266082,-2.7156605408508105,-6.925810755050055,23.073058295764064,-27.040491845582174,3.467,1.589,126.0,102.6,6.0,81.5,2320.0,5.5,633181,542963,656467,596059,518934,650402,458731,664314,656185,55.0,0.605,0.568,0.9,1.0,1.0,0.0,4.0,60,3,Cutter,3,1,3,1,1,3,3,1,Standard,Standard,166.0,0.017,0.407,,,,0.699,-0.407,102.6,2,2,0.886,0.886,26,24,27,25,1,3,14.0,4.0,5.0,1.0,2.84,-0.76,-0.76,42.9,,,,,
FC,2021-07-23,81.0,1.7,5.19,"Duran, Jarren",680776,641482,,foul,,,,,8.0,,R,L,L,BOS,NYY,S,,,1,0,2021,-0.41,0.38,0.1974782140866821,1.7449173982254549,,,571771.0,1,7,Bot,,,,,,,-2.5435222891878855,-118.05639542763,-1.823233740660893,-3.437512722744471,21.19477414957968,-28.500994390194904,3.467,1.589,,,,80.3,2217.0,5.6,633181,542963,656467,596059,518934,650402,458731,664314,656185,54.89,,,,,,,,60,2,Cutter,3,1,3,1,1,3,3,1,Standard,Standard,170.0,-0.003,-0.044,,,,,0.044,,2,2,0.889,0.889,26,24,27,25,1,3,14.0,4.0,5.0,1.0,3.07,-0.41,-0.41,41.4,,,,,
FF,2021-07-23,87.6,1.04,5.68,"Duran, Jarren",680776,641482,,ball,,,,,3.0,,R,L,L,BOS,NYY,B,,,0,0,2021,0.48,1.48,0.3530630585620242,3.452416788472175,,,571771.0,1,7,Bot,,,,,,,-2.637340793331002,-127.63410135829434,-2.308994432582183,5.835582419537152,26.00458047880892,-15.6872475978071,3.41000000000599,1.62000000000587,,,,87.1,1970.0,5.9,633181,542963,656467,596059,518934,650402,458731,664314,656185,54.65,,,,,,,,60,1,4-Seam Fastball,3,1,3,1,1,3,3,1,Standard,Standard,152.0,0.002,0.04,,,,,-0.04,,2,2,0.887,0.887,26,24,27,25,1,3,14.0,4.0,5.0,1.0,1.48,0.48,0.48,54.5,,,,,
KC,2021-07-23,83.3,-1.86,5.56,"Duran, Jarren",680776,543037,strikeout,swinging_strike,,,,,13.0,Jarren Duran strikes out swinging.,R,L,R,BOS,NYY,S,2.0,,2,2,2021,1.32,-1.17,-0.0977968033540792,1.4000303613013343,,,,1,1,Bot,,,,,,,1.4541904900351432,-121.30743253372036,-0.75523319042397,12.64135665523815,25.775106762595396,-43.750592553369614,3.467,1.589,,,,82.7,2834.0,6.0,633181,596142,656467,596059,518934,650402,534606,458731,656185,54.48,,0.0,0.0,1.0,0.0,0.0,,5,5,Knuckle Curve,0,0,0,0,0,0,0,0,Infield shift,Standard,48.0,-0.014,-0.225,,,,,0.225,,0,0,0.524,0.524,30,24,31,25,1,0,6.0,4.0,6.0,1.0,4.48,-1.32,1.32,37.9,,,,,
FF,2021-07-23,97.5,-1.76,5.75,"Duran, Jarren",680776,543037,,ball,,,,,12.0,,R,L,R,BOS,NYY,B,,,1,2,2021,-0.8,1.42,0.7998446521298802,3.798999671203528,,,,1,1,Bot,,,,,,,8.70705804959976,-141.68456626413217,-2.957464114340675,-12.81315259542664,33.460207610401156,-12.56456415579284,3.50780860001626,1.63116875163472,,,,97.2,2384.0,6.3,633181,596142,656467,596059,518934,650402,534606,458731,656185,54.24,,,,,,,,5,4,4-Seam Fastball,0,0,0,0,0,0,0,0,Infield shift,Standard,221.0,0.003,0.044,,,,,-0.044,,0,0,0.521,0.521,30,24,31,25,1,0,6.0,4.0,6.0,1.0,0.99,0.8,-0.8,40.5,,,,,
FF,2021-07-23,97.6,-1.83,5.66,"Duran, Jarren",680776,543037,,swinging_strike,,,,,2.0,,R,L,R,BOS,NYY,S,,,1,1,2021,-0.78,1.51,0.2010772057285107,3.277079502386211,,,,1,1,Bot,,,,,,,7.258690026237495,-141.945083670065,-4.372720738998862,-12.209223462793178,33.7523477461633,-10.9714265616324,3.467,1.589,,,,97.5,2325.0,6.4,633181,596142,656467,596059,518934,650402,534606,458731,656185,54.13,,,,,,,,5,3,4-Seam Fastball,0,0,0,0,0,0,0,0,Standard,Standard,215.0,-0.004,-0.068,,,,,0.068,,0,0,0.525,0.525,30,24,31,25,1,0,6.0,4.0,6.0,1.0,0.89,0.78,-0.78,39.5,,,,,
FF,2021-07-23,97.2,-1.81,5.73,"Duran, Jarren",680776,543037,,ball,,,,,12.0,,R,L,R,BOS,NYY,B,,,0,1,2021,-1.07,1.38,0.3930752539326383,3.8331502900064542,,,,1,1,Bot,,,,,,,8.330983785180214,-141.3287211306504,-2.700957936466514,-16.310303271372938,32.44342177360981,-13.219814604781156,3.48982315944971,1.68031253114711,,,,96.9,2299.0,6.2,633181,596142,656467,596059,518934,650402,534606,458731,656185,54.3,,,,,,,,5,2,4-Seam Fastball,0,0,0,0,0,0,0,0,Standard,Standard,220.0,0.001,0.033,,,,,-0.033,,0,0,0.524,0.524,30,24,31,25,1,0,6.0,4.0,6.0,1.0,1.03,1.07,-1.07,39.8,,,,,
KC,2021-07-23,83.6,-1.89,5.64,"Duran, Jarren",680776,543037,,called_strike,,,,,9.0,,R,L,R,BOS,NYY,S,,,0,0,2021,1.02,-1.06,0.3004693136512675,1.8278052801710576,,,,1,1,Bot,,,,,,,3.039038383768477,-121.78987529813702,-0.2609682959633559,9.491119215317136,24.478974001815168,-42.91702888881901,3.52684331870569,1.64850612216901,,,,83.4,2709.0,6.2,633181,596142,656467,596059,518934,650402,534606,458731,656185,54.34,,,,,,,,5,1,Knuckle Curve,0,0,0,0,0,0,0,0,Standard,Standard,42.0,-0.002,-0.043,,,,,0.043,,0,0,0.526,0.526,30,24,31,25,1,0,6.0,4.0,6.0,1.0,4.32,-1.02,1.02,39.1,,,,,
SL,2021-07-19,86.6,2.82,5.6,"Duran, Jarren",680776,642048,strikeout,swinging_strike,,,,,13.0,Jarren Duran strikes out swinging.,R,L,L,TOR,BOS,S,2.0,,0,2,2021,-0.32,0.06,-1.0477542256416357,1.4973467838246095,,,,2,6,Top,,,,,,,-8.561129599430586,-125.92419396990404,-3.7833859576028472,-1.9400521687484555,22.51334421606291,-30.97627615046683,3.467,1.589,,,,87.0,2354.0,6.3,633218,624512,665489,543760,624415,666182,666971,543807,606192,54.2,,0.0,0.0,1.0,0.0,0.0,,63,3,Slider,4,13,13,4,13,4,13,4,Standard,Standard,203.0,0.0,-0.159,,,,,0.159,,-9,9,0.005,0.995,28,24,28,25,1,4,1.0,1.0,4.0,4.0,2.95,-0.32,-0.32,,,,,,
SL,2021-07-19,86.5,2.92,5.54,"Duran, Jarren",680776,642048,,called_strike,,,,,3.0,,R,L,L,TOR,BOS,S,,,0,1,2021,-0.42,0.02,0.6448479186060281,3.033126932169792,,,,2,6,Top,,,,,,,-4.584567403781991,-125.973870330568,0.1378550855115479,-3.62941269397308,22.98440408621722,-32.192524163086425,3.38707254753762,1.55453827261137,,,,87.0,2298.0,6.3,633218,624512,665489,543760,624415,666182,666971,543807,606192,54.17,,,,,,,,63,2,Slider,4,13,13,4,13,4,13,4,Standard,Standard,204.0,0.0,-0.063,,,,,0.063,,-9,9,0.005,0.995,28,24,28,25,1,4,1.0,1.0,4.0,4.0,3.0,-0.42,-0.42,,,,,,
SI,2021-07-19,94.1,2.85,5.62,"Duran, Jarren",680776,642048,,called_strike,,,,,2.0,,R,L,L,TOR,BOS,S,,,0,0,2021,0.86,0.56,-0.2427245399640515,3.3789134790027604,,,,2,6,Top,,,,,,,-9.919481961818285,-136.87867989255497,-1.4582032061444634,12.642308127190288,23.39891442470912,-24.936321514185224,3.53982004259428,1.68006556475198,,,,94.9,2386.0,6.3,633218,624512,665489,543760,624415,666182,666971,543807,606192,54.21,,,,,,,,63,1,Sinker,4,13,13,4,13,4,13,4,Standard,Standard,123.0,0.0,-0.047,,,,,0.047,,-9,9,0.005,0.995,28,24,28,25,1,4,1.0,1.0,4.0,4.0,1.97,0.86,0.86,,,,,,
FF,2021-07-19,94.4,2.56,6.14,"Duran, Jarren",680776,641743,field_out,hit_into_play,,,,,1.0,Jarren Duran lines out to third baseman Cavan Biggio.,R,L,L,TOR,BOS,X,5.0,line_drive,2,2,2021,0.04,1.11,-0.7642730926093994,3.255136199101653,,,,2,1,Top,109.73,161.46,,,,,-8.652384331082398,-137.33883071926348,-4.284076789131662,2.258467229439556,28.678249215356765,-17.296225460806795,3.467,1.589,149.0,91.9,9.0,93.7,2448.0,5.8,633218,624512,665489,543760,624415,666182,666971,543807,606192,54.73,0.545,0.491,0.0,1.0,0.0,0.0,4.0,11,5,4-Seam Fastball,0,8,8,0,8,0,8,0,Standard,Strategic,147.0,0.001,-0.236,,,,0.596,0.236,91.9,-8,8,0.042,0.958,26,24,26,25,1,1,9.0,1.0,,4.0,1.43,0.04,0.04,,,,,,
FF,2021-07-19,92.7,-2.61,6.42,"Duran, Jarren",680776,670950,strikeout,swinging_strike,,,,,11.0,Jarren Duran strikes out swinging.,R,L,R,TOR,BOS,S,2.0,,2,2,2021,-0.69,1.51,-0.3727922680586656,4.111199371485641,,,608700.0,1,4,Top,,,,,,,7.209218914878371,-134.87652666816388,-3.4302682308234975,-9.986392935382094,28.243277352095767,-13.12400848997627,3.467,1.589,,,,92.7,2270.0,6.2,633218,624512,665489,543760,624415,666182,666971,543807,606192,54.31,,0.0,0.0,1.0,0.0,0.0,,40,5,4-Seam Fastball,0,12,12,0,12,0,12,0,Standard,Strategic,199.0,0.001,-0.222,,,,,0.222,,-12,12,0.003,0.997,28,24,28,25,1,3,9.0,1.0,2.0,4.0,1.13,0.69,-0.69,,,,,,
FF,2021-07-19,94.3,2.51,6.15,"Duran, Jarren",680776,641743,,foul,,,,,1.0,,R,L,L,TOR,BOS,S,,,2,1,2021,0.04,1.25,-0.7475175356386581,3.199065278592424,,,,2,1,Top,,,,,,,-8.448686120691736,-137.11741098882007,-4.723303229712702,2.35385594327872,29.434253155780237,-15.459741701185514,3.467,1.589,,,,93.2,2372.0,5.6,633218,624512,665489,543760,624415,666182,666971,543807,606192,54.86,,,,,,,,11,4,4-Seam Fastball,0,8,8,0,8,0,8,0,Standard,Strategic,146.0,0.0,-0.073,,,,,0.073,,-8,8,0.042,0.958,26,24,26,25,1,1,9.0,1.0,,4.0,1.31,0.04,0.04,,,,,,
CH,2021-07-19,84.5,-2.55,6.43,"Duran, Jarren",680776,670950,,swinging_strike,,,,,13.0,,R,L,R,TOR,BOS,S,,,2,1,2021,-1.19,0.82,-0.447807624574309,1.2262559042698278,,,608700.0,1,4,Top,,,,,,,7.233112745063791,-122.8198505170209,-7.46706602734006,-13.374832482751197,20.144776733479063,-22.692775355724415,3.467,1.589,,,,84.9,2568.0,6.3,633218,624512,665489,543760,624415,666182,666971,543807,606192,54.25,,,,,,,,40,4,Changeup,0,12,12,0,12,0,12,0,Standard,Strategic,231.0,0.0,-0.083,,,,,0.083,,-12,12,0.003,0.997,28,24,28,25,1,3,9.0,1.0,2.0,4.0,2.34,1.19,-1.19,,,,,,
FF,2021-07-19,93.6,2.61,6.12,"Duran, Jarren",680776,641743,,foul,,,,,1.0,,R,L,L,TOR,BOS,S,,,2,0,2021,0.28,1.25,-0.3213958119348592,3.103045352407732,,,,2,1,Top,,,,,,,-8.107913121572091,-136.20844142418136,-4.78901263279796,5.184920882824805,27.35426542079838,-15.762333670735003,3.467,1.589,236.0,77.1,27.0,93.0,2394.0,5.7,633218,624512,665489,543760,624415,666182,666971,543807,606192,54.77,,,,,,,,11,3,4-Seam Fastball,0,8,8,0,8,0,8,0,Standard,Strategic,148.0,0.001,-0.062,,,,,0.062,88.0,-8,8,0.041,0.959,26,24,26,25,1,1,9.0,1.0,,4.0,1.34,0.28,0.28,,,,,,
CH,2021-07-19,84.5,-2.6,6.34,"Duran, Jarren",680776,670950,,ball,,,,,14.0,,R,L,R,TOR,BOS,B,,,1,1,2021,-1.16,0.81,0.669293999104472,0.7740556122034727,,,608700.0,1,4,Top,,,,,,,9.91488980352012,-122.6052796295238,-8.326360701875906,-13.443384505832366,19.45208257785784,-22.57450568176256,3.43609014796614,1.63104557847671,,,,85.1,2600.0,6.4,633218,624512,665489,543760,624415,666182,666971,543807,606192,54.08,,,,,,,,40,3,Changeup,0,12,12,0,12,0,12,0,Standard,Strategic,232.0,0.0,0.051,,,,,-0.051,,-12,12,0.003,0.997,28,24,28,25,1,3,9.0,1.0,2.0,4.0,2.35,1.16,-1.16,,,,,,
FF,2021-07-19,92.7,-2.34,6.55,"Duran, Jarren",680776,670950,,swinging_strike,,,,,1.0,,R,L,R,TOR,BOS,S,,,1,0,2021,-0.42,1.59,-0.4546199616976212,3.2809377545997136,,,608700.0,1,4,Top,,,,,,,5.738197519687948,-134.90923502251135,-6.071484264982188,-6.328241804756332,27.0209155146274,-11.637933484202092,3.467,1.589,,,,93.0,2077.0,6.3,633218,624512,665489,543760,624415,666182,666971,543807,606192,54.21,,,,,,,,40,2,4-Seam Fastball,0,12,12,0,12,0,12,0,Standard,Standard,197.0,0.0,-0.044,,,,,0.044,,-12,12,0.003,0.997,28,24,28,25,1,3,9.0,1.0,2.0,4.0,1.05,0.42,-0.42,,,,,,
SL,2021-07-19,83.3,2.94,5.85,"Duran, Jarren",680776,641743,,ball,,,,,13.0,,R,L,L,TOR,BOS,B,,,1,0,2021,-0.45,-0.05,-1.6395964124358144,0.3736608457915888,,,,2,1,Top,,,,,,,-9.550350156732051,-120.9405053575738,-6.010836701757674,-2.654164580659534,22.27586584102942,-31.69614119018615,3.35666655708959,1.50484624890507,,,,82.8,2482.0,6.0,633218,624512,665489,543760,624415,666182,666971,543807,606192,54.55,,,,,,,,11,2,Slider,0,8,8,0,8,0,8,0,Standard,Strategic,303.0,-0.001,0.062,,,,,-0.062,,-8,8,0.042,0.958,26,24,26,25,1,1,9.0,1.0,,4.0,3.33,-0.45,-0.45,,,,,,
CU,2021-07-19,76.7,2.6,6.04,"Duran, Jarren",680776,641743,,ball,,,,,13.0,,R,L,L,TOR,BOS,B,,,0,0,2021,-0.48,-1.06,-1.0905383181928143,1.16374588594815,,,,2,1,Top,,,,,,,-6.840707787293835,-111.4856027964356,-1.3212835557963554,-2.6790972745320607,21.49775997257159,-40.95259614886418,3.41806915843257,1.59000000001121,,,,75.6,2327.0,5.7,633218,624512,665489,543760,624415,666182,666971,543807,606192,54.8,,,,,,,,11,1,Curveball,0,8,8,0,8,0,8,0,Standard,Strategic,333.0,0.0,0.04,,,,,-0.04,,-8,8,0.042,0.958,26,24,26,25,1,1,9.0,1.0,,4.0,4.97,-0.48,-0.48,,,,,,
CH,2021-07-19,83.8,-2.71,6.41,"Duran, Jarren",680776,670950,,ball,,,,,13.0,,R,L,R,TOR,BOS,B,,,0,0,2021,-1.38,0.57,-0.1608818505894464,0.4597196574793898,,,608700.0,1,4,Top,,,,,,,8.587878100509178,-121.72930240797471,-8.53475035480616,-15.331616860714618,19.81924904868347,-25.17709395449892,3.53936833917377,1.67623095251923,,,,84.2,2726.0,6.3,633218,624512,665489,543760,624415,666182,666971,543807,606192,54.21,,,,,,,,40,1,Changeup,0,12,12,0,12,0,12,0,Standard,Standard,229.0,0.0,0.04,,,,,-0.04,,-12,12,0.003,0.997,28,24,28,25,1,3,9.0,1.0,2.0,4.0,2.65,1.38,-1.38,,,,,,
FF,2021-07-19,92.7,-1.14,7.0,"Duran, Jarren",680776,548389,home_run,hit_into_play,,,,,4.0,Jarren Duran homers (1) on a line drive to left field. Enrique Hernandez scores.,R,L,R,TOR,BOS,X,,line_drive,2,0,2021,-0.64,1.55,-0.4898606795094758,2.860361098598628,,571771.0,,0,1,Top,35.92,85.48,,,,,3.026008325916489,-134.8680204246211,-8.157887014932486,-8.416481234629483,27.85684044213897,-11.651568925504042,3.467,1.589,357.0,99.5,24.0,92.4,2245.0,6.0,633218,624512,665489,543760,624415,666182,666971,543807,606192,54.51,0.469,0.7943103448275862,2.0,1.0,0.0,3.0,6.0,2,3,4-Seam Fastball,0,0,0,0,2,0,2,0,Standard,Standard,196.0,-0.118,0.909,,,,1.495,-0.909,99.5,0,0,0.432,0.5680000000000001,31,24,32,25,1,0,9.0,1.0,6.0,4.0,1.09,0.64,-0.64,,,,,,
FF,2021-07-19,91.5,-1.28,7.09,"Duran, Jarren",680776,548389,,ball,,,,,11.0,,R,L,R,TOR,BOS,B,,,1,0,2021,-0.58,1.53,-0.8731037970608658,3.7550835841874215,,571771.0,,0,1,Top,,,,,,,2.2377563032295007,-133.22619828848912,-5.868875447944033,-7.363952565523468,25.19349407729043,-12.819405894550066,3.54485806321968,1.61552363564526,,,,91.2,2207.0,5.8,633218,624512,665489,543760,624415,666182,666971,543807,606192,54.68,,,,,,,,2,2,4-Seam Fastball,0,0,0,0,0,0,0,0,Standard,Standard,197.0,-0.006,0.054,,,,,-0.054,,0,0,0.438,0.562,31,24,32,25,1,0,9.0,1.0,6.0,4.0,1.16,0.58,-0.58,,,,,,
FF,2021-07-19,91.4,-1.2,7.1,"Duran, Jarren",680776,548389,,ball,,,,,1.0,,R,L,R,TOR,BOS,B,,,0,0,2021,-0.45,1.32,-0.4317864835640687,3.705947832190533,,571771.0,,0,1,Top,,,,,,,2.896342993286257,-133.0530567127927,-5.54596161545206,-5.962755735246122,25.756348882568595,-15.482645613462797,3.63287792039323,1.70553403290867,,,,91.1,2216.0,5.9,633218,624512,665489,543760,624415,666182,666971,543807,606192,54.61,,,,,,,,2,1,4-Seam Fastball,0,0,0,0,0,0,0,0,Standard,Standard,196.0,-0.003,0.04,,,,,-0.04,,0,0,0.441,0.5589999999999999,31,24,32,25,1,0,9.0,1.0,6.0,4.0,1.38,0.45,-0.45,,,,,,
FF,2021-07-19,95.0,-1.69,5.92,"Duran, Jarren",680776,606930,field_out,hit_into_play,,,,,8.0,"Jarren Duran grounds out sharply, second baseman Marcus Semien to first baseman Vladimir Guerrero Jr.",R,L,R,TOR,BOS,X,4.0,ground_ball,3,1,2021,-0.31,1.38,0.0930583321960581,1.7887426920792149,542454.0,608700.0,571771.0,2,2,Top,161.95,144.17,,,,,5.374686943782329,-138.0886615814501,-8.249703464076873,-5.152424282818269,29.5035489466408,-12.887963546798126,3.467,1.589,5.0,106.8,-21.0,95.1,2461.0,6.3,633218,624512,665489,543760,624415,666182,666971,543807,606192,54.15,0.203,0.184,0.0,1.0,0.0,0.0,2.0,24,5,4-Seam Fastball,0,11,11,0,11,0,11,0,Standard,Strategic,200.0,0.004,-0.412,,,,0.207,0.412,106.8,-11,11,0.004,0.996,31,24,31,25,1,2,3.0,1.0,6.0,4.0,1.14,0.31,-0.31,,,,,,
FF,2021-07-19,94.6,-1.82,6.03,"Duran, Jarren",680776,606930,,ball,,,,,11.0,,R,L,R,TOR,BOS,B,,,2,1,2021,-0.17,1.51,-1.179612954545726,2.9876580966996378,542454.0,608700.0,571771.0,2,2,Top,,,,,,,2.048220508084632,-137.79547274519294,-5.657035352617019,-2.5738450350083584,28.246657162109223,-11.884453360584368,3.42125148873677,1.59000000000654,,,,94.7,2336.0,6.1,633218,624512,665489,543760,624415,666182,666971,543807,606192,54.4,,,,,,,,24,4,4-Seam Fastball,0,11,11,0,11,0,11,0,Standard,Strategic,202.0,-0.001,0.123,,,,,-0.123,,-11,11,0.005,0.995,31,24,31,25,1,2,3.0,1.0,6.0,4.0,1.02,0.17,-0.17,,,,,,
SI,2021-07-19,94.8,1.74,6.65,"Duran, Jarren",680776,641835,field_out,hit_into_play,,,,,9.0,"Jarren Duran grounds out, third baseman Santiago Espinal to first baseman Vladimir Guerrero Jr.",R,L,L,TOR,BOS,X,5.0,ground_ball,0,2,2021,1.26,0.78,0.5488906934764242,2.012132004278231,,,,1,9,Top,110.34,173.59,,,,,-5.886991326219155,-137.87101193597962,-8.201470177714418,17.326627101576054,28.42705878572892,-20.611397267598942,3.467,1.589,3.0,79.4,-31.0,94.6,2117.0,6.1,633218,624512,665489,624415,669289,666182,666971,641505,606192,54.44,0.076,0.078,0.0,1.0,0.0,0.0,2.0,83,3,Sinker,4,13,13,4,13,4,13,4,Standard,Strategic,140.0,0.0,-0.16,,,,0.08,0.16,88.0,-9,9,0.001,0.999,29,24,29,25,1,5,8.0,1.0,2.0,4.0,1.74,1.26,1.26,,,,,,
SL,2021-07-19,87.6,1.96,6.68,"Duran, Jarren",680776,641835,,called_strike,,,,,2.0,,R,L,L,TOR,BOS,S,,,0,1,2021,-0.3,0.23,-0.2378538014375883,3.4041217282842062,,,,1,9,Top,,,,,,,-4.671394747527692,-127.63284866460062,-2.261711523171162,-2.381158210965529,25.487494535010097,-29.44983425183174,3.47913762552318,1.63561301398493,,,,87.3,2136.0,6.0,633218,624512,665489,624415,669289,666182,666971,641505,606192,54.54,,,,,,,,83,2,Slider,4,13,13,4,13,4,13,4,Standard,Strategic,168.0,0.0,-0.056,,,,,0.056,,-9,9,0.001,0.999,29,24,29,25,1,5,8.0,1.0,2.0,4.0,2.73,-0.3,-0.3,,,,,,
FF,2021-07-19,95.7,-1.88,6.0,"Duran, Jarren",680776,606930,,ball,,,,,11.0,,R,L,R,TOR,BOS,B,,,1,1,2021,-0.33,1.35,-1.2140145383058516,3.270131433847107,542454.0,608700.0,571771.0,2,2,Top,,,,,,,2.4941818613158215,-139.39314671730068,-4.676373659814008,-4.838825745985335,30.554608912062037,-13.65771606950572,3.54738752730646,1.64806532158033,,,,95.9,2266.0,6.3,633218,624512,665489,543760,624415,666182,666971,543807,606192,54.21,,,,,,,,24,3,4-Seam Fastball,0,11,11,0,11,0,11,0,Standard,Strategic,203.0,-0.001,0.035,,,,,-0.035,,-11,11,0.006,0.994,31,24,31,25,1,2,3.0,1.0,6.0,4.0,1.12,0.33,-0.33,,,,,,
SI,2021-07-19,93.2,1.7,6.74,"Duran, Jarren",680776,641835,,called_strike,,,,,4.0,,R,L,L,TOR,BOS,S,,,0,0,2021,1.27,0.86,-0.7076077570165074,2.546703280059524,,,,1,9,Top,,,,,,,-8.890753276425507,-135.42748706521695,-6.890755921680629,17.488188975306603,26.1246549559476,-20.30621932790457,3.44390153724469,1.59926328409413,,,,92.8,2008.0,5.9,633218,624512,665489,624415,669289,666182,666971,641505,606192,54.6,,,,,,,,83,1,Sinker,4,13,13,4,13,4,13,4,Standard,Strategic,136.0,0.0,-0.043,,,,,0.043,,-9,9,0.001,0.999,29,24,29,25,1,5,8.0,1.0,2.0,4.0,1.75,1.27,1.27,,,,,,
FF,2021-07-19,95.4,-1.6,5.99,"Duran, Jarren",680776,606930,,called_strike,,,,,5.0,,R,L,R,TOR,BOS,S,,,1,0,2021,-0.24,1.57,-0.1256145349720221,2.3088728070167037,542454.0,608700.0,571771.0,2,2,Top,,,,,,,4.400790525625905,-138.662382584746,-7.576596526641299,-4.066086888100768,31.33777025291659,-10.372384956365718,3.28582933232444,1.55541342899699,,,,95.3,2404.0,6.3,633218,624512,665489,543760,624415,666182,666971,543807,606192,54.18,,,,,,,,24,2,4-Seam Fastball,0,11,11,0,11,0,11,0,Standard,Strategic,205.0,0.001,-0.052,,,,,0.052,,-11,11,0.005,0.995,31,24,31,25,1,2,3.0,1.0,6.0,4.0,0.94,0.24,-0.24,,,,,,
FF,2021-07-19,94.8,-1.81,6.05,"Duran, Jarren",680776,606930,,ball,,,,,11.0,,R,L,R,TOR,BOS,B,,,0,0,2021,-0.31,1.64,-2.305556177069034,3.430767867478542,542454.0,608700.0,571771.0,2,2,Top,,,,,,,-0.6134377853781579,-138.07418724700312,-4.876010885992679,-3.844917762032087,29.501550825886177,-10.258403813912336,3.4464269091655,1.60191422222751,,,,94.9,2307.0,6.2,633218,624512,665489,543760,624415,666182,666971,543807,606192,54.29,,,,,,,,24,1,4-Seam Fastball,0,11,11,0,11,0,11,0,Standard,Strategic,202.0,-0.001,0.028,,,,,-0.028,,-11,11,0.006,0.994,31,24,31,25,1,2,3.0,1.0,6.0,4.0,0.88,0.31,-0.31,,,,,,
FF,2021-07-18,95.0,-1.53,5.97,"Duran, Jarren",680776,592791,strikeout,swinging_strike,,,,,12.0,Jarren Duran strikes out swinging.,R,L,R,NYY,BOS,S,2.0,,3,2,2021,-0.4,1.61,0.5248687932371909,3.7634641334344097,,,,0,5,Top,,,,,,,6.333148181219109,-138.1535938708096,-3.716690575911232,-6.536000835197469,32.500623004544686,-11.007999695854386,3.467,1.589,,,,95.8,2421.0,6.9,633273,596142,656467,596059,518934,650402,656185,458731,534606,53.59,,0.0,0.0,1.0,0.0,0.0,,31,6,4-Seam Fastball,2,0,0,2,0,2,0,2,Infield shift,Standard,203.0,0.036,-0.354,,,,,0.354,,2,-2,0.744,0.256,29,24,30,25,2,1,7.0,1.0,6.0,1.0,0.93,0.4,-0.4,43.7,,,,,
CH,2021-07-18,88.2,-1.6,6.0,"Duran, Jarren",680776,592791,,ball,,,,,13.0,,R,L,R,NYY,BOS,B,,,2,2,2021,-1.2,0.94,-0.4095253528121574,1.0783384576048325,,,,0,5,Top,,,,,,,5.425345512510778,-128.2229806194594,-7.861963153580883,-14.34310740275999,26.66828267923033,-20.320775342314832,3.26585360607508,1.42980776176579,,,,88.7,1922.0,6.7,633273,596142,656467,596059,518934,650402,656185,458731,534606,53.84,,,,,,,,31,5,Changeup,2,0,0,2,0,2,0,2,Infield shift,Standard,225.0,-0.011,0.113,,,,,-0.113,,2,-2,0.755,0.245,29,24,30,25,2,1,7.0,1.0,6.0,1.0,1.99,1.2,-1.2,43.7,,,,,
FF,2021-07-18,95.1,-1.52,6.09,"Duran, Jarren",680776,592791,,ball,,,,,11.0,,R,L,R,NYY,BOS,B,,,1,2,2021,-0.29,1.73,-0.0549656316419188,5.235719307121242,,,,0,5,Top,,,,,,,4.510276201813897,-138.40567250489318,-0.4266660174040839,-4.782778282386826,33.0055325398052,-10.169500843804723,3.37039630920405,1.53338954501625,,,,95.3,2448.0,6.6,633273,596142,656467,596059,518934,650402,656185,458731,534606,53.93,,,,,,,,31,4,4-Seam Fastball,2,0,0,2,0,2,0,2,Infield shift,Standard,199.0,-0.005,0.048,,,,,-0.048,,2,-2,0.76,0.24,29,24,30,25,2,1,7.0,1.0,6.0,1.0,0.8,0.29,-0.29,43.5,,,,,
CH,2021-07-18,88.0,-1.6,6.01,"Duran, Jarren",680776,592791,,ball,,,,,13.0,,R,L,R,NYY,BOS,B,,,0,2,2021,-1.12,0.96,-1.5253430091863909,1.523585834494405,,,,0,5,Top,,,,,,,2.5106695868714715,-128.0516765531236,-6.824248214201948,-12.84780671105617,24.939788726348436,-20.481526668539097,3.36477718439668,1.56306685535119,,,,88.7,1829.0,6.6,633273,596142,656467,596059,518934,650402,656185,458731,534606,53.92,,,,,,,,31,3,Changeup,2,0,0,2,0,2,0,2,Infield shift,Standard,222.0,-0.003,0.024,,,,,-0.024,,2,-2,0.763,0.237,29,24,30,25,2,1,7.0,1.0,6.0,1.0,1.97,1.12,-1.12,42.1,,,,,
CH,2021-07-18,87.7,-1.66,5.98,"Duran, Jarren",680776,592791,,swinging_strike,,,,,13.0,,R,L,R,NYY,BOS,S,,,0,1,2021,-1.25,0.86,-1.0441087377015787,1.727617100278371,,,,0,5,Top,,,,,,,4.110361728571779,-127.59836977651857,-5.99021161057194,-14.55771068168861,25.14362214495997,-21.797300618414557,3.467,1.589,,,,88.4,1735.0,6.6,633273,596142,656467,596059,518934,650402,656185,458731,534606,53.88,,,,,,,,31,2,Changeup,2,0,0,2,0,2,0,2,Standard,Standard,223.0,0.008,-0.058,,,,,0.058,,2,-2,0.755,0.245,29,24,30,25,2,1,7.0,1.0,6.0,1.0,2.1,1.25,-1.25,42.6,,,,,
FF,2021-07-18,93.5,-1.54,6.01,"Duran, Jarren",680776,592791,,foul,,,,,2.0,,R,L,R,NYY,BOS,S,,,0,0,2021,-0.38,1.31,-0.0248992263094591,3.2306658073635206,,,,0,5,Top,,,,,,,4.773273727733794,-136.20631336306198,-4.393493823199998,-5.681575027241984,27.8535870889259,-15.04003920043879,3.467,1.589,195.0,70.8,51.0,94.3,2383.0,6.6,633273,596142,656467,596059,518934,650402,656185,458731,534606,53.93,,,,,,,,31,1,4-Seam Fastball,2,0,0,2,0,2,0,2,Standard,Standard,210.0,0.004,-0.042,,,,,0.042,88.0,2,-2,0.751,0.249,29,24,30,25,2,1,7.0,1.0,6.0,1.0,1.27,0.38,-0.38,42.2,,,,,
FF,2021-07-18,95.7,-1.72,6.01,"Duran, Jarren",680776,592791,field_out,hit_into_play,,,,,5.0,Jarren Duran flies out to left fielder Ryan LaMarre.,R,L,R,NYY,BOS,X,7.0,fly_ball,3,2,2021,-0.31,1.51,0.0096766457402009,2.707886459012383,,,646240.0,2,2,Top,69.07,67.01,,,,,5.303179585674823,-139.2785834943366,-6.5884218703055355,-5.214908960572453,30.041379256891876,-11.224378396799205,3.467,1.589,358.0,97.7,42.0,96.6,2365.0,6.7,633273,596142,656467,596059,518934,650402,534606,656185,664011,53.81,0.074,0.129,0.0,1.0,0.0,0.0,3.0,10,7,4-Seam Fastball,0,0,0,0,0,0,0,0,Infield shift,Standard,204.0,0.026,-0.314,,,,0.244,0.314,97.7,0,0,0.525,0.475,29,24,30,25,1,0,7.0,1.0,6.0,1.0,0.97,0.31,-0.31,41.9,,,,,
CU,2021-07-18,81.3,-1.6,6.2,"Duran, Jarren",680776,592791,,blocked_ball,,,,,14.0,,R,L,R,NYY,BOS,B,,,2,2,2021,0.7,-1.04,0.7427304021435206,-0.274775682333817,,,646240.0,2,2,Top,,,,,,,3.934222215524403,-118.259090634535,-5.865888072802849,5.684963553167182,25.251155259483603,-40.78591970005358,3.2288159855766,1.39650531167764,,,,81.4,2847.0,6.6,633273,596142,656467,596059,518934,650402,534606,656185,664011,53.88,,,,,,,,10,6,Curveball,0,0,0,0,0,0,0,0,Infield shift,Standard,31.0,-0.006,0.085,,,,,-0.085,,0,0,0.531,0.469,29,24,30,25,1,0,7.0,1.0,6.0,1.0,4.52,-0.7,0.7,46.8,,,,,
FF,2021-07-18,94.7,-1.71,6.04,"Duran, Jarren",680776,592791,,foul,,,,,3.0,,R,L,R,NYY,BOS,S,,,2,2,2021,-0.23,1.55,0.3892740069276869,3.4513113118054273,,,646240.0,2,2,Top,,,,,,,6.018774625954969,-137.71701839041003,-4.560830189923891,-4.263790043249639,30.582453990527217,-11.65423502737539,3.467,1.589,200.0,73.5,62.0,95.2,2414.0,6.6,633273,596142,656467,596059,518934,650402,534606,656185,664011,53.88,,,,,,,,10,5,4-Seam Fastball,0,0,0,0,0,0,0,0,Infield shift,Standard,205.0,0.0,0.0,,,,,0.0,88.0,0,0,0.531,0.469,29,24,30,25,1,0,7.0,1.0,6.0,1.0,1.0,0.23,-0.23,41.7,,,,,
CU,2021-07-18,80.5,-1.58,6.12,"Duran, Jarren",680776,592791,,blocked_ball,,,,,14.0,,R,L,R,NYY,BOS,B,,,1,2,2021,0.77,-1.31,0.3228531328488836,0.187266881858557,,,646240.0,2,2,Top,,,,,,,2.767468620257768,-117.1718823835936,-3.9316972641223344,6.4518968139167745,25.277390699134784,-43.54251446410343,3.20596194035254,1.40820113599197,,,,80.6,2830.0,6.6,633273,596142,656467,596059,518934,650402,534606,656185,664011,53.85,,,,,,,,10,4,Curveball,0,0,0,0,0,0,0,0,Infield shade,Standard,43.0,-0.004,0.044,,,,,-0.044,,0,0,0.535,0.4649999999999999,29,24,30,25,1,0,7.0,1.0,6.0,1.0,4.87,-0.77,0.77,46.9,,,,,
FF,2021-07-18,94.9,-1.68,6.05,"Duran, Jarren",680776,592791,,ball,,,,,11.0,,R,L,R,NYY,BOS,B,,,0,2,2021,-0.47,1.45,-0.384127420272308,4.887668665653165,,,646240.0,2,2,Top,,,,,,,4.4898530971080355,-138.1353732243877,-0.5889427789800614,-7.093519828041742,32.23032265215227,-13.801234579409138,3.38937596528273,1.52382122510728,,,,95.6,2444.0,6.8,633273,596142,656467,596059,518934,650402,534606,656185,664011,53.73,,,,,,,,10,3,4-Seam Fastball,0,0,0,0,0,0,0,0,Infield shift,Standard,205.0,-0.002,0.021,,,,,-0.021,,0,0,0.537,0.4629999999999999,29,24,30,25,1,0,7.0,1.0,6.0,1.0,1.09,0.47,-0.47,40.9,,,,,
FF,2021-07-18,94.5,-1.77,6.11,"Duran, Jarren",680776,592791,,swinging_strike,,,,,11.0,,R,L,R,NYY,BOS,S,,,0,1,2021,-0.46,1.49,-0.3969900806934217,3.7282511566668326,,,646240.0,2,2,Top,,,,,,,4.6220847537676155,-137.57164021028763,-3.8562055085411058,-6.912638628349009,31.51839324328545,-12.58926075568387,3.467,1.589,,,,94.8,2387.0,6.5,633273,596142,656467,596059,518934,650402,534606,656185,664011,53.96,,,,,,,,10,2,4-Seam Fastball,0,0,0,0,0,0,0,0,Standard,Standard,208.0,0.006,-0.056,,,,,0.056,,0,0,0.531,0.469,29,24,30,25,1,0,7.0,1.0,6.0,1.0,1.06,0.46,-0.46,43.6,,,,,
CU,2021-07-18,80.0,-1.56,6.21,"Duran, Jarren",680776,592791,,foul,,,,,8.0,,R,L,R,NYY,BOS,S,,,0,0,2021,0.62,-1.27,-0.2744495670737483,1.7974643155623626,,,646240.0,2,2,Top,,,,,,,1.6708370246135993,-116.47830351475092,-0.5099372863600538,5.18529284702315,25.449919876912514,-43.74617014288898,3.467,1.589,1.0,74.6,-52.0,79.8,2754.0,6.5,633273,596142,656467,596059,518934,650402,534606,656185,664011,53.97,,,,,,,,10,1,Curveball,0,0,0,0,0,0,0,0,Standard,Standard,34.0,0.003,-0.049,,,,,0.049,88.0,0,0,0.528,0.472,29,24,30,25,1,0,7.0,1.0,6.0,1.0,4.88,-0.62,0.62,48.0,,,,,
FF,2021-07-18,96.4,-1.56,6.04,"Duran, Jarren",680776,643338,strikeout,swinging_strike,,,,,12.0,Jarren Duran strikes out swinging.,R,L,R,NYY,BOS,S,2.0,,3,2,2021,-0.38,1.49,0.3143138534148984,3.980931415748549,,,,0,7,Top,,,,,,,5.854380984716904,-140.29174585611744,-3.2519130780253644,-6.332979820034018,33.31946999448851,-12.057360202595728,3.467,1.589,,,,96.5,2548.0,6.5,633273,596142,656467,596059,518934,650402,656185,458731,534606,54.04,,0.0,0.0,1.0,0.0,0.0,,48,6,4-Seam Fastball,3,0,0,3,0,3,0,3,Infield shift,Standard,200.0,0.031,-0.354,,,,,0.354,,3,-3,0.886,0.1139999999999999,30,24,30,25,1,2,7.0,1.0,2.0,1.0,0.98,0.38,-0.38,52.5,,,,,
FF,2021-07-18,96.4,-1.62,6.06,"Duran, Jarren",680776,643338,,ball,,,,,12.0,,R,L,R,NYY,BOS,B,,,2,2,2021,-0.33,1.46,0.0498616916503255,4.388422478521077,,,,0,7,Top,,,,,,,5.2213708282936215,-140.30838048394756,-2.1710382866098143,-5.6021355642632855,33.78655986616158,-12.630907017845736,3.42465366551255,1.50997187247373,,,,96.6,2512.0,6.6,633273,596142,656467,596059,518934,650402,656185,458731,534606,53.94,,,,,,,,48,5,4-Seam Fastball,3,0,0,3,0,3,0,3,Infield shift,Standard,202.0,-0.011,0.113,,,,,-0.113,,3,-3,0.897,0.1029999999999999,30,24,30,25,1,2,7.0,1.0,2.0,1.0,1.0,0.33,-0.33,49.6,,,,,
FC,2021-07-18,87.9,0.41,6.06,"Duran, Jarren",680776,476595,field_out,hit_into_play,,,,,5.0,"Jarren Duran grounds out sharply, second baseman Rougned Odor to first baseman Chris Gittens.",R,L,L,NYY,BOS,X,4.0,ground_ball,3,2,2021,-0.35,0.48,0.1707702351455928,2.750265154828712,646240.0,,592669.0,2,8,Top,141.89,144.95,,,,,0.1593868352819203,-128.11890244113076,-2.9807091308513254,-3.9324609008734455,24.174351498325,-26.497708986244252,3.467,1.589,25.0,106.3,-5.0,88.4,2473.0,6.3,633273,596142,656467,596059,518934,650402,656185,458731,534606,54.17,0.451,0.406,0.0,1.0,0.0,0.0,2.0,67,7,Cutter,7,1,1,7,1,7,1,7,Standard,Standard,178.0,0.007,-0.274,,,,0.496,0.274,106.3,6,-6,0.991,0.009,34,24,34,25,1,3,9.0,1.0,2.0,1.0,2.44,-0.35,-0.35,45.9,,,,,
FF,2021-07-18,96.4,-1.55,6.06,"Duran, Jarren",680776,643338,,swinging_strike,,,,,3.0,,R,L,R,NYY,BOS,S,,,2,1,2021,-0.44,1.49,0.4094252166007343,3.186886135180063,,,,0,7,Top,,,,,,,6.273975464899467,-140.14245484926798,-5.483874483781565,-7.254081943973972,32.32764461138037,-11.460279461667792,3.467,1.589,,,,97.2,2556.0,6.8,633273,596142,656467,596059,518934,650402,656185,458731,534606,53.68,,,,,,,,48,4,4-Seam Fastball,3,0,0,3,0,3,0,3,Standard,Standard,201.0,0.008,-0.074,,,,,0.074,,3,-3,0.889,0.1109999999999999,30,24,30,25,1,2,7.0,1.0,2.0,1.0,0.97,0.44,-0.44,52.7,,,,,
FF,2021-07-18,96.1,-1.49,6.13,"Duran, Jarren",680776,643338,,foul,,,,,5.0,,R,L,R,NYY,BOS,S,,,2,0,2021,-0.28,1.57,-0.0812040084138287,2.4220000233518366,,,,0,7,Top,,,,,,,4.389194211801118,-139.65132103990328,-7.782321040933401,-4.738640400719909,33.56438936966395,-10.02349655400266,3.467,1.589,224.0,73.4,29.0,96.4,2479.0,6.7,633273,596142,656467,596059,518934,650402,656185,458731,534606,53.82,,,,,,,,48,3,4-Seam Fastball,3,0,0,3,0,3,0,3,Standard,Standard,202.0,0.009,-0.075,,,,,0.075,88.0,3,-3,0.88,0.12,30,24,30,25,1,2,7.0,1.0,2.0,1.0,0.91,0.28,-0.28,52.3,,,,,
FC,2021-07-18,87.8,0.38,6.0,"Duran, Jarren",680776,476595,,foul,,,,,2.0,,R,L,L,NYY,BOS,S,,,3,2,2021,-0.31,0.69,0.163645933569036,2.976556585940318,646240.0,,592669.0,2,8,Top,,,,,,,0.1071781113100152,-128.05253779182777,-2.697046045996502,-3.458866430984261,24.040927489041778,-24.26732703543161,3.467,1.589,205.0,71.3,27.0,88.4,2490.0,6.3,633273,596142,656467,596059,518934,650402,656185,458731,534606,54.15,,,,,,,,67,6,Cutter,7,1,1,7,1,7,1,7,Standard,Standard,171.0,0.0,0.0,,,,,0.0,88.0,6,-6,0.991,0.009,34,24,34,25,1,3,9.0,1.0,2.0,1.0,2.24,-0.31,-0.31,45.7,,,,,
FC,2021-07-18,88.5,0.45,6.06,"Duran, Jarren",680776,476595,,called_strike,,,,,1.0,,R,L,L,NYY,BOS,S,,,3,1,2021,-0.29,0.85,-0.4996759012121404,3.5696951438241844,646240.0,,592669.0,2,8,Top,,,,,,,-1.7224059060116306,-128.85553267868443,-1.7646401841035888,-2.864893577845445,27.45507149016568,-22.599731182383408,3.57751823657451,1.65000000000672,,,,88.7,2422.0,6.4,633273,596142,656467,596059,518934,650402,656185,458731,534606,54.08,,,,,,,,67,5,Cutter,7,1,1,7,1,7,1,7,Standard,Standard,181.0,0.001,-0.105,,,,,0.105,,6,-6,0.99,0.01,34,24,34,25,1,3,9.0,1.0,2.0,1.0,2.07,-0.29,-0.29,47.4,,,,,
ST,2021-07-18,84.7,-1.69,6.04,"Duran, Jarren",680776,643338,,ball,,,,,11.0,,R,L,R,NYY,BOS,B,,,1,0,2021,0.94,0.21,-0.7270282860644477,5.239758467408043,,,,0,7,Top,,,,,,,0.3621738028957416,-123.33793733282889,4.083982281853045,9.541989172269226,25.010275305281773,-31.102121515753403,3.33964869335873,1.5627094195065,,,,85.0,2546.0,6.5,633273,596142,656467,596059,518934,650402,656185,458731,534606,54.01,,,,,,,,48,2,Sweeper,3,0,0,3,0,3,0,3,Standard,Standard,60.0,-0.009,0.078,,,,,-0.078,,3,-3,0.889,0.1109999999999999,30,24,30,25,1,2,7.0,1.0,2.0,1.0,2.97,-0.94,0.94,50.8,,,,,
ST,2021-07-18,85.6,-1.81,6.09,"Duran, Jarren",680776,643338,,ball,,,,,14.0,,R,L,R,NYY,BOS,B,,,0,0,2021,0.65,-0.04,0.1210188316121397,0.7170675655154661,,,,0,7,Top,,,,,,,3.262348534451015,-124.56194854645176,-6.303315288294467,5.984098178185241,26.69349876573918,-31.45851825836096,3.26366181758698,1.4179289655659,,,,85.6,2622.0,6.5,633273,596142,656467,596059,518934,650402,656185,458731,534606,54.04,,,,,,,,48,1,Sweeper,3,0,0,3,0,3,0,3,Standard,Standard,36.0,-0.004,0.043,,,,,-0.043,,3,-3,0.893,0.1069999999999999,30,24,30,25,1,2,7.0,1.0,2.0,1.0,3.17,-0.65,0.65,52.4,,,,,
FC,2021-07-18,87.9,0.43,6.03,"Duran, Jarren",680776,476595,,called_strike,,,,,7.0,,R,L,L,NYY,BOS,S,,,3,0,2021,-0.24,0.69,-0.5313487421129279,1.709723743735312,646240.0,,592669.0,2,8,Top,,,,,,,-1.841262058317884,-127.89655910877144,-5.807519215873503,-2.282528756091485,26.616259062000196,-23.565808610426775,3.45603715931672,1.62928209262782,,,,88.2,2416.0,6.5,633273,596142,656467,596059,518934,650402,656185,458731,534606,54.02,,,,,,,,67,4,Cutter,7,1,1,7,1,7,1,7,Standard,Standard,170.0,0.002,-0.022,,,,,0.022,,6,-6,0.988,0.012,34,24,34,25,1,3,9.0,1.0,2.0,1.0,2.26,-0.24,-0.24,45.4,,,,,
FC,2021-07-18,88.4,0.45,6.2,"Duran, Jarren",680776,476595,,ball,,,,,11.0,,R,L,L,NYY,BOS,B,,,2,0,2021,-0.37,0.65,-0.3158989741230921,3.762618326892465,646240.0,,592669.0,2,8,Top,,,,,,,-1.088176524542927,-128.72977207250716,-1.2301279095249955,-3.9290877583633113,27.222748360567117,-24.88542215180104,3.35370089748329,1.52617968540189,,,,88.5,2511.0,6.4,633273,596142,656467,596059,518934,650402,656185,458731,534606,54.14,,,,,,,,67,3,Cutter,7,1,1,7,1,7,1,7,Standard,Standard,191.0,-0.002,0.05,,,,,-0.05,,6,-6,0.99,0.01,34,24,34,25,1,3,9.0,1.0,2.0,1.0,2.26,-0.37,-0.37,49.2,,,,,
FC,2021-07-18,89.1,0.4,6.15,"Duran, Jarren",680776,476595,,ball,,,,,12.0,,R,L,L,NYY,BOS,B,,,1,0,2021,-0.35,0.84,0.9062295639071344,3.838442749178802,646240.0,,592669.0,2,8,Top,,,,,,,1.9684663255517871,-129.81472454330984,-1.3898155290869307,-4.319954459756917,28.561167318639047,-22.626641848086617,3.48731511538226,1.61017421513044,,,,88.9,2392.0,6.2,633273,596142,656467,596059,518934,650402,656185,458731,534606,54.3,,,,,,,,67,2,Cutter,7,1,1,7,1,7,1,7,Standard,Standard,206.0,-0.001,0.036,,,,,-0.036,,6,-6,0.991,0.009,34,24,34,25,1,3,9.0,1.0,2.0,1.0,2.04,-0.35,-0.35,47.0,,,,,
SL,2021-07-18,81.8,0.6,6.04,"Duran, Jarren",680776,476595,,ball,,,,,11.0,,R,L,L,NYY,BOS,B,,,0,0,2021,-1.18,-0.16,-0.6007265758838206,4.213413450522398,646240.0,,592669.0,2,8,Top,,,,,,,-0.4459547906525221,-119.00048404196212,2.78416667963948,-11.035347884485972,24.31351019160331,-34.46728124754005,3.40380099064769,1.55911827632664,,,,81.4,2677.0,6.2,633273,596142,656467,596059,518934,650402,656185,458731,534606,54.3,,,,,,,,67,1,Slider,7,1,1,7,1,7,1,7,Standard,Standard,276.0,-0.001,0.031,,,,,-0.031,,6,-6,0.992,0.008,34,24,34,25,1,3,9.0,1.0,2.0,1.0,3.58,-1.18,-1.18,42.0,,,,,
CH,2021-07-17,90.3,-1.93,5.32,"Duran, Jarren",680776,543037,walk,ball,,,,,11.0,Jarren Duran walks. Rafael Devers to 3rd. Hunter Renfroe to 2nd.,R,L,R,NYY,BOS,B,,,3,1,2021,-1.5,0.47,-0.9482247682573082,3.013580072880944,,646240.0,592669.0,2,6,Top,,,,,,,5.69083694239098,-131.30713675783656,-0.732758474344728,-18.57083889199927,29.2462158992748,-26.86111205640024,3.46808508165508,1.63633075400693,,,,90.9,1783.0,6.8,633298,596142,656467,596059,518934,650402,656185,458731,642180,53.67,,0.691717,0.7,1.0,0.0,0.0,,44,5,Changeup,1,1,1,1,1,1,1,1,Standard,Standard,240.0,-0.026,0.107,,,,,-0.107,,0,0,0.492,0.508,30,24,31,25,3,2,7.0,,6.0,1.0,2.34,1.5,-1.5,36.3,,,,,
FF,2021-07-17,98.6,-1.9,5.51,"Duran, Jarren",680776,543037,,ball,,,,,11.0,,R,L,R,NYY,BOS,B,,,2,1,2021,-1.18,1.67,-1.2402310919951358,3.7486450657221657,,646240.0,592669.0,2,6,Top,,,,,,,4.570222532607316,-143.42069523787578,-3.161182898312331,-17.328528015375213,37.41222749650668,-8.770047250305536,3.58555432925615,1.72466579163669,,,,98.5,2361.0,6.5,633298,596142,656467,596059,518934,650402,656185,458731,642180,53.96,,,,,,,,44,4,4-Seam Fastball,1,1,1,1,1,1,1,1,Standard,Standard,222.0,-0.013,0.085,,,,,-0.085,,0,0,0.505,0.495,30,24,31,25,3,2,7.0,,6.0,1.0,0.7,1.18,-1.18,38.0,,,,,
FF,2021-07-17,97.7,-1.99,5.44,"Duran, Jarren",680776,543037,,ball,,,,,11.0,,R,L,R,NYY,BOS,B,,,1,1,2021,-1.03,1.45,-0.47522052934815,4.456629698189526,,646240.0,592669.0,2,6,Top,,,,,,,6.49123147200842,-142.02567416544872,-0.4160837235698035,-15.520705977745555,35.38945580802758,-12.86295177609553,3.56423483146959,1.67548319000073,,,,97.8,2246.0,6.6,633298,596142,656467,596059,518934,650402,656185,458731,642180,53.91,,,,,,,,44,3,4-Seam Fastball,1,1,1,1,1,1,1,1,Standard,Standard,220.0,-0.007,0.059,,,,,-0.059,,0,0,0.512,0.488,30,24,31,25,3,2,7.0,,6.0,1.0,0.96,1.03,-1.03,36.4,,,,,
KC,2021-07-17,82.1,-2.06,5.41,"Duran, Jarren",680776,543037,,called_strike,,,,,7.0,,R,L,R,NYY,BOS,S,,,1,0,2021,1.19,-1.07,-0.7418754927303779,1.9202735468343384,,646240.0,592669.0,2,6,Top,,,,,,,0.6793776000501753,-119.4922617433685,0.8109592748031083,11.132565692701974,25.6809560695496,-42.7521968239584,3.44082833970757,1.55163303705115,,,,82.0,2707.0,6.5,633298,596142,656467,596059,518934,650402,656185,458731,642180,54.01,,,,,,,,44,2,Knuckle Curve,1,1,1,1,1,1,1,1,Standard,Standard,49.0,0.007,-0.048,,,,,0.048,,0,0,0.505,0.495,30,24,31,25,3,2,7.0,,6.0,1.0,4.48,-1.19,1.19,37.2,,,,,
KC,2021-07-17,83.0,-2.09,5.48,"Duran, Jarren",680776,543037,,ball,,,,,13.0,,R,L,R,NYY,BOS,B,,,0,0,2021,1.33,-0.96,-1.4419157240316545,2.320464960939376,,646240.0,592669.0,2,6,Top,,,,,,,-1.1238411682855054,-120.8442553118315,1.2039942319643138,13.129867881343529,26.54071941936158,-41.97784141837855,3.49690502236043,1.60791103059815,,,,82.7,2766.0,6.3,633298,596142,656467,596059,518934,650402,656185,458731,642180,54.16,,,,,,,,44,1,Knuckle Curve,1,1,1,1,1,1,1,1,Standard,Standard,48.0,-0.004,0.035,,,,,-0.035,,0,0,0.509,0.491,30,24,31,25,3,2,7.0,,6.0,1.0,4.3,-1.33,1.33,38.4,,,,,
FF,2021-07-17,99.4,-1.84,5.42,"Duran, Jarren",680776,543037,strikeout,swinging_strike,,,,,4.0,Jarren Duran strikes out swinging.,R,L,R,NYY,BOS,S,2.0,,3,2,2021,-1.01,1.52,-0.3641434361136927,2.688670862350388,,,,1,4,Top,,,,,,,6.447490972096623,-144.49860344740415,-5.590272451222155,-15.743321008825037,37.23836652809008,-9.83947212919578,3.46999999999474,1.589999999996,,,,99.3,2475.0,6.6,633298,596142,656467,596059,518934,650402,656185,458731,642180,53.95,,0.0,0.0,1.0,0.0,0.0,,26,6,4-Seam Fastball,0,1,1,0,1,0,1,0,Infield shift,Standard,219.0,0.021,-0.337,,,,,0.337,,-1,1,0.396,0.604,30,24,31,25,2,1,7.0,,6.0,1.0,0.81,1.01,-1.01,36.5,,,,,
KC,2021-07-17,84.3,-1.86,5.52,"Duran, Jarren",680776,543037,,called_strike,,,,,9.0,,R,L,R,NYY,BOS,S,,,3,1,2021,0.89,-0.99,0.584613080216475,2.038820126315484,,,,1,4,Top,,,,,,,3.8949551209404154,-122.61211307703614,0.3694860882755129,8.03262300028345,27.89387610703509,-42.40144335821985,3.55690827183756,1.69922687390353,,,,83.9,2746.0,6.4,633298,596142,656467,596059,518934,650402,656185,458731,642180,54.11,,,,,,,,26,5,Knuckle Curve,0,1,1,0,1,0,1,0,Standard,Standard,47.0,0.006,-0.103,,,,,0.103,,-1,1,0.39,0.61,30,24,31,25,2,1,7.0,,6.0,1.0,4.24,-0.89,0.89,40.1,,,,,
CH,2021-07-17,92.4,-1.8,5.34,"Duran, Jarren",680776,543037,,ball,,,,,14.0,,R,L,R,NYY,BOS,B,,,2,1,2021,-1.25,0.82,1.262025320699054,-0.0047817386018107,,,,1,4,Top,,,,,,,10.547471167201609,-133.88129568529163,-9.595819395367462,-17.20838072861565,26.704135650374734,-20.43545830199828,3.59768608249922,1.68172535100798,,,,92.8,1606.0,6.6,633298,596142,656467,596059,518934,650402,656185,458731,642180,53.88,,,,,,,,26,4,Changeup,0,1,1,0,1,0,1,0,Standard,Standard,239.0,-0.008,0.131,,,,,-0.131,,-1,1,0.398,0.602,30,24,31,25,2,1,7.0,,6.0,1.0,1.86,1.25,-1.25,34.1,,,,,
FF,2021-07-17,97.5,-1.85,5.41,"Duran, Jarren",680776,543037,,ball,,,,,12.0,,R,L,R,NYY,BOS,B,,,1,1,2021,-0.98,1.28,1.636493464933763,3.2447653774226763,,,,1,4,Top,,,,,,,11.62156482374659,-141.51675280601705,-3.2282534426026186,-15.766922467892517,32.04104710707867,-14.451172133212484,3.58808067346617,1.72977992905216,,,,97.6,2424.0,6.5,633298,596142,656467,596059,518934,650402,656185,458731,642180,54.04,,,,,,,,26,3,4-Seam Fastball,0,1,1,0,1,0,1,0,Standard,Standard,218.0,-0.003,0.06,,,,,-0.06,,-1,1,0.401,0.599,30,24,31,25,2,1,7.0,,6.0,1.0,1.13,0.98,-0.98,34.5,,,,,
SL,2021-07-17,87.5,-1.79,5.41,"Duran, Jarren",680776,543037,,ball,,,,,14.0,,R,L,R,NYY,BOS,B,,,0,1,2021,0.43,-0.34,1.1659498725623596,1.2265387634667433,,,,1,4,Top,,,,,,,6.265861874186019,-127.31236846057308,-3.2648662038454073,3.40847655462266,25.465369543850215,-35.44826414529266,3.57262842170394,1.71430943001005,,,,88.0,2642.0,6.5,633298,596142,656467,596059,518934,650402,656185,458731,642180,53.98,,,,,,,,26,2,Slider,0,1,1,0,1,0,1,0,Standard,Standard,86.0,-0.002,0.033,,,,,-0.033,,-1,1,0.403,0.597,30,24,31,25,2,1,7.0,,6.0,1.0,3.31,-0.43,0.43,38.1,,,,,
KC,2021-07-17,82.4,-1.86,5.58,"Duran, Jarren",680776,543037,,called_strike,,,,,1.0,,R,L,R,NYY,BOS,S,,,0,0,2021,0.96,-0.98,-0.3551822727153171,3.0244589969328968,,,,1,4,Top,,,,,,,1.5636525527371832,-119.9686834355537,2.642821411382734,8.890542110840778,24.598627072204707,-42.3289679654282,3.58352187564388,1.67735138475468,,,,82.1,2835.0,6.2,633298,596142,656467,596059,518934,650402,656185,458731,642180,54.34,,,,,,,,26,1,Knuckle Curve,0,1,1,0,1,0,1,0,Standard,Standard,43.0,0.003,-0.043,,,,,0.043,,-1,1,0.4,0.6,30,24,31,25,2,1,7.0,,6.0,1.0,4.35,-0.96,0.96,39.0,,,,,
FF,2021-07-17,95.2,-1.81,5.69,"Duran, Jarren",680776,543037,single,hit_into_play,,,,,8.0,Jarren Duran singles on a line drive to center fielder Brett Gardner.,R,L,R,NYY,BOS,X,8.0,line_drive,0,0,2021,-0.8,1.57,-0.166770558244799,1.773016848771954,,,,1,2,Top,141.2,73.18,,,,,6.113849214902472,-138.36968461016903,-8.148547269500297,-11.651096511631646,31.786431302611405,-10.372944769494792,3.467,1.589,236.0,98.3,12.0,95.4,2264.0,6.5,633298,596142,656467,596059,518934,650402,656185,458731,642180,53.99,0.932,0.882,0.9,1.0,1.0,0.0,4.0,11,1,4-Seam Fastball,0,0,0,0,0,0,0,0,Standard,Standard,216.0,-0.026,0.415,,,,1.084,-0.415,98.3,0,0,0.523,0.477,30,24,31,25,1,0,7.0,,6.0,1.0,0.96,0.8,-0.8,42.1,,,,,
,2021-03-30,,,,"Duran, Jarren",680776,592767,double,hit_into_play,,,,,,Jarren Duran doubles (6) on a fly ball to center fielder Cristian Pache.   Kevin Plawecki to 3rd.,S,L,L,BOS,ATL,X,8.0,fly_ball,0,0,2021,,,,,,,608700.0,1,5,Bot,94.41,64.28,,,,,,,,,,,,,,,,,,,642111,518595,467055,453527,622666,501303,542255,665506,628338,,,,1.25,,1.0,1.0,,40,1,,0,4,0,4,4,0,0,4,,,,0.069,0.781,,,,,-0.781,,-4,-4,0.073,0.073,32,24,32,25,3,0,,,,,,,,,,,,,
,2021-03-30,,,,"Duran, Jarren",680776,647336,home_run,hit_into_play,,,,,,Jarren Duran homers (3) on a fly ball to right center field.,S,L,R,BOS,ATL,X,,fly_ball,3,2,2021,,,,,,,,0,7,Bot,216.83,35.19,,,,,,,,,,,,,,,,,,,642111,656577,467055,453527,622666,501303,542255,665506,628338,,,,2.0,,0.0,3.0,,59,6,,2,5,2,5,5,3,3,5,,,,0.045,1.029,,,,,-1.029,,-3,-3,0.05,0.05,23,24,24,25,1,1,,,,,,,,,,,,,
,2021-03-30,,,,"Duran, Jarren",680776,647336,,swinging_strike,,,,,,,S,L,R,BOS,ATL,S,,,3,1,2021,,,,,,,,0,7,Bot,,,,,,,,,,,,,,,,,,,,,642111,656577,467055,453527,622666,501303,542255,665506,628338,,,,,,,,,59,5,,2,5,2,5,5,2,2,5,,,,-0.013,-0.086,,,,,0.086,,-3,-3,0.063,0.063,23,24,24,25,1,1,,,,,,,,,,,,,
,2021-03-30,,,,"Duran, Jarren",680776,647336,,ball,,,,,,,S,L,R,BOS,ATL,B,,,2,1,2021,,,,,,,,0,7,Bot,,,,,,,,,,,,,,,,,,,,,642111,656577,467055,453527,622666,501303,542255,665506,628338,,,,,,,,,59,4,,2,5,2,5,5,2,2,5,,,,0.015,0.126,,,,,-0.126,,-3,-3,0.048,0.048,23,24,24,25,1,1,,,,,,,,,,,,,
,2021-03-30,,,,"Duran, Jarren",680776,647336,,called_strike,,,,,,,S,L,R,BOS,ATL,S,,,2,0,2021,,,,,,,,0,7,Bot,,,,,,,,,,,,,,,,,,,,,642111,656577,467055,453527,622666,501303,542255,665506,628338,,,,,,,,,59,3,,2,5,2,5,5,2,2,5,,,,-0.01,-0.075,,,,,0.075,,-3,-3,0.058,0.058,23,24,24,25,1,1,,,,,,,,,,,,,
,2021-03-30,,,,"Duran, Jarren",680776,647336,,ball,,,,,,,S,L,R,BOS,ATL,B,,,1,0,2021,,,,,,,,0,7,Bot,,,,,,,,,,,,,,,,,,,,,642111,656577,467055,453527,622666,501303,542255,665506,628338,,,,,,,,,59,2,,2,5,2,5,5,2,2,5,,,,0.01,0.078,,,,,-0.078,,-3,-3,0.048,0.048,23,24,24,25,1,1,,,,,,,,,,,,,
,2021-03-30,,,,"Duran, Jarren",680776,647336,,ball,,,,,,,S,L,R,BOS,ATL,B,,,0,0,2021,,,,,,,,0,7,Bot,,,,,,,,,,,,,,,,,,,,,642111,656577,467055,453527,622666,501303,542255,665506,628338,,,,,,,,,59,1,,2,5,2,5,5,2,2,5,,,,0.005,0.043,,,,,-0.043,,-3,-3,0.043,0.043,23,24,24,25,1,1,,,,,,,,,,,,,
,2021-03-29,,,,"Duran, Jarren",680776,666120,strikeout,swinging_strike,,,,,,Jarren Duran strikes out swinging.,S,L,R,ATL,BOS,S,2.0,,0,2,2021,,,,,,,,0,3,Top,,,,,,,,,,,,,,,,,,,,,641548,518595,518692,645277,663586,501303,542303,542255,660670,,,,0.0,,0.0,0.0,,16,3,,0,0,0,0,0,0,0,0,,,,0.018,-0.169,,,,,0.169,,0,0,0.512,0.488,23,24,23,25,1,0,,,,,,,,,,,,,
,2021-03-29,,,,"Duran, Jarren",680776,666120,,swinging_strike,,,,,,,S,L,R,ATL,BOS,S,,,0,1,2021,,,,,,,,0,3,Top,,,,,,,,,,,,,,,,,,,,,641548,518595,518692,645277,663586,501303,542303,542255,660670,,,,,,,,,16,2,,0,0,0,0,0,0,0,0,,,,0.008,-0.058,,,,,0.058,,0,0,0.504,0.496,23,24,23,25,1,0,,,,,,,,,,,,,
,2021-03-29,,,,"Duran, Jarren",680776,666120,,swinging_strike,,,,,,,S,L,R,ATL,BOS,S,,,0,0,2021,,,,,,,,0,3,Top,,,,,,,,,,,,,,,,,,,,,641548,518595,518692,645277,663586,501303,542303,542255,660670,,,,,,,,,16,1,,0,0,0,0,0,0,0,0,,,,0.004,-0.042,,,,,0.042,,0,0,0.5,0.5,23,24,23,25,1,0,,,,,,,,,,,,,
,2021-03-29,,,,"Duran, Jarren",680776,554431,double,hit_into_play,,,,,,Jarren Duran doubles (5) on a line drive to left fielder Marcell Ozuna.,S,L,L,ATL,BOS,X,7.0,line_drive,0,0,2021,,,,,,,,2,4,Top,46.3,115.08,,,,,,,,,,,,,,,,,,,641548,518595,518692,645277,663586,501303,542303,542255,660670,,,,1.25,,1.0,1.0,,28,1,,0,4,4,0,4,0,4,0,,,,-0.008,0.564,,,,,-0.564,,-4,4,0.094,0.906,30,24,31,25,1,1,,,,,,,,,,,,,
,2021-03-28,,,,"Duran, Jarren",680776,660896,strikeout,swinging_strike,,,,,,Jarren Duran strikes out swinging.   Jarren Duran to 1st.  Passed ball by catcher Tomas Telis.,S,L,R,BOS,MIN,S,,,0,2,2021,,,,,,,,2,8,Bot,,,,,,,,,,,,,,,,,,,,,642127,542513,693306,668715,624407,595375,543482,608701,663616,,,,0.7,,0.0,0.0,,67,3,,6,2,6,2,2,6,6,2,,,,0.0,0.464,,,,,-0.464,,4,4,0.986,0.986,25,24,26,25,1,1,,,,,,,,,,,,,
,2021-03-28,,,,"Duran, Jarren",680776,660896,,swinging_strike,,,,,,,S,L,R,BOS,MIN,S,,,0,1,2021,,,,,,,,2,8,Bot,,,,,,,,,,,,,,,,,,,,,642127,542513,693306,668715,624407,595375,543482,608701,663616,,,,,,,,,67,2,,6,2,6,2,2,6,6,2,,,,0.0,-0.063,,,,,0.063,,4,4,0.986,0.986,25,24,26,25,1,1,,,,,,,,,,,,,
,2021-03-28,,,,"Duran, Jarren",680776,660896,,called_strike,,,,,,,S,L,R,BOS,MIN,S,,,0,0,2021,,,,,,,,2,8,Bot,,,,,,,,,,,,,,,,,,,,,642127,542513,693306,668715,624407,595375,543482,608701,663616,,,,,,,,,67,1,,6,2,6,2,2,6,6,2,,,,0.0,-0.047,,,,,0.047,,4,4,0.986,0.986,25,24,26,25,1,1,,,,,,,,,,,,,
,2021-03-28,,,,"Duran, Jarren",680776,452027,double,hit_into_play,,,,,,Jarren Duran doubles (4) on a fly ball to left fielder Drew Maggi.   Jett Bandy to 3rd.,S,L,L,BOS,MIN,X,7.0,fly_ball,0,0,2021,,,,,,,542908.0,0,7,Bot,57.44,93.37,,,,,,,,,,,,,,,,,,,642127,542513,693306,668715,624407,595375,543482,608701,663616,,,,1.25,,1.0,1.0,,55,1,,3,2,3,2,2,3,3,2,,,,0.08,0.763,,,,,-0.763,,1,1,0.817,0.817,35,24,36,25,1,0,,,,,,,,,,,,,
,2021-03-26,,,,"Duran, Jarren",680776,605276,strikeout,called_strike,,,,,,Jarren Duran called out on strikes.,S,L,R,TB,BOS,S,2.0,,0,2,2021,,,,,,,,1,3,Top,,,,,,,,,,,,,,,,,,,,,641696,642336,660294,670712,650490,642715,640457,622534,664040,,,,0.0,,0.0,0.0,,22,3,,1,2,2,1,2,1,2,1,,,,0.01,-0.16,,,,,0.16,,-1,1,0.416,0.5840000000000001,27,24,28,25,2,1,,,,,,,,,,,,,
,2021-03-26,,,,"Duran, Jarren",680776,605276,,called_strike,,,,,,,S,L,R,TB,BOS,S,,,0,1,2021,,,,,,,,1,3,Top,,,,,,,,,,,,,,,,,,,,,641696,642336,660294,670712,650490,642715,640457,622534,664040,,,,,,,,,22,2,,1,2,2,1,2,1,2,1,,,,0.004,-0.056,,,,,0.056,,-1,1,0.412,0.5880000000000001,27,24,28,25,2,1,,,,,,,,,,,,,
,2021-03-26,,,,"Duran, Jarren",680776,605276,,called_strike,,,,,,,S,L,R,TB,BOS,S,,,0,0,2021,,,,,,,,1,3,Top,,,,,,,,,,,,,,,,,,,,,641696,642336,660294,670712,650490,642715,640457,622534,664040,,,,,,,,,22,1,,1,2,2,1,2,1,2,1,,,,0.002,-0.043,,,,,0.043,,-1,1,0.41,0.5900000000000001,27,24,28,25,2,1,,,,,,,,,,,,,
,2021-03-26,,,,"Duran, Jarren",680776,605276,strikeout,foul_tip,,,,,,Jarren Duran strikes out on a foul tip.,S,L,R,TB,BOS,S,2.0,,0,2,2021,,,,,,,,1,1,Top,,,,,,,,,,,,,,,,,,,,,641696,642336,660294,670712,650490,642715,640457,622534,664040,,,,0.0,,0.0,0.0,,2,3,,0,0,0,0,0,0,0,0,,,,0.01,-0.16,,,,,0.16,,0,0,0.528,0.472,27,24,28,25,1,0,,,,,,,,,,,,,
,2021-03-26,,,,"Duran, Jarren",680776,605276,,swinging_strike,,,,,,,S,L,R,TB,BOS,S,,,0,1,2021,,,,,,,,1,1,Top,,,,,,,,,,,,,,,,,,,,,641696,642336,660294,670712,650490,642715,640457,622534,664040,,,,,,,,,2,2,,0,0,0,0,0,0,0,0,,,,0.004,-0.056,,,,,0.056,,0,0,0.524,0.476,27,24,28,25,1,0,,,,,,,,,,,,,
,2021-03-26,,,,"Duran, Jarren",680776,676596,strikeout,swinging_strike,,,,,,Jarren Duran strikes out swinging.,S,L,L,TB,BOS,S,2.0,,0,2,2021,,,,,,,,1,5,Top,,,,,,,,,,,,,,,,,,,,,641696,642336,660294,670712,650490,642715,640457,622534,664040,,,,0.0,,0.0,0.0,,40,3,,4,3,3,4,3,4,3,4,,,,0.014,-0.16,,,,,0.16,,1,-1,0.679,0.3209999999999999,25,24,25,25,1,2,,,,,,,,,,,,,
,2021-03-26,,,,"Duran, Jarren",680776,605276,,swinging_strike,,,,,,,S,L,R,TB,BOS,S,,,0,0,2021,,,,,,,,1,1,Top,,,,,,,,,,,,,,,,,,,,,641696,642336,660294,670712,650490,642715,640457,622534,664040,,,,,,,,,2,1,,0,0,0,0,0,0,0,0,,,,0.002,-0.043,,,,,0.043,,0,0,0.522,0.478,27,24,28,25,1,0,,,,,,,,,,,,,
,2021-03-26,,,,"Duran, Jarren",680776,676596,,swinging_strike,,,,,,,S,L,L,TB,BOS,S,,,0,1,2021,,,,,,,,1,5,Top,,,,,,,,,,,,,,,,,,,,,641696,642336,660294,670712,650490,642715,640457,622534,664040,,,,,,,,,40,2,,4,3,3,4,3,4,3,4,,,,0.006,-0.056,,,,,0.056,,1,-1,0.673,0.3269999999999999,25,24,25,25,1,2,,,,,,,,,,,,,
,2021-03-26,,,,"Duran, Jarren",680776,676596,,swinging_strike,,,,,,,S,L,L,TB,BOS,S,,,0,0,2021,,,,,,,,1,5,Top,,,,,,,,,,,,,,,,,,,,,641696,642336,660294,670712,650490,642715,640457,622534,664040,,,,,,,,,40,1,,4,3,3,4,3,4,3,4,,,,0.003,-0.043,,,,,0.043,,1,-1,0.67,0.3299999999999999,25,24,25,25,1,2,,,,,,,,,,,,,
,2021-03-25,,,,"Duran, Jarren",680776,677976,field_out,hit_into_play,,,,,,Jarren Duran flies out to center fielder Byron Buxton.,S,L,R,BOS,MIN,X,8.0,fly_ball,0,0,2021,,,,,,,,0,4,Bot,118.65,54.58,,,,,,,,,,,,,,,,,,,642126,675915,593934,650333,518626,592743,595909,621439,664247,,,,0.0,,0.0,0.0,,29,1,,0,5,0,5,5,0,0,5,,,,-0.015,-0.269,,,,,0.269,,-5,-5,0.093,0.093,26,24,26,25,2,1,,,,,,,,,,,,,
,2021-03-25,,,,"Duran, Jarren",680776,677976,field_out,hit_into_play,,,,,,Jarren Duran flies out to right fielder Kyle Garlick.,S,L,R,BOS,MIN,X,9.0,fly_ball,0,0,2021,,,,,,,,1,1,Bot,196.22,100.64,,,,,,,,,,,,,,,,,,,642126,641598,593934,650333,518626,592743,595909,621439,664247,,,,0.0,,0.0,0.0,,9,1,,0,3,0,3,3,0,0,3,,,,-0.015,-0.259,,,,,0.259,,-3,-3,0.246,0.246,26,24,26,25,1,0,,,,,,,,,,,,,
,2021-03-25,,,,"Duran, Jarren",680776,517008,single,hit_into_play,,,,,,Jarren Duran singles on a line drive to center fielder Andrew Romine.,S,L,R,BOS,MIN,X,8.0,line_drive,0,0,2021,,,,,,,,2,6,Bot,116.83,73.98,,,,,,,,,,,,,,,,,,,642126,675915,542513,668715,669304,595375,543482,461865,663616,,,,0.9,,1.0,0.0,,48,1,,1,6,1,6,6,1,1,6,,,,0.006,0.315,,,,,-0.315,,-5,-5,0.036,0.036,32,24,33,25,1,2,,,,,,,,,,,,,
,2021-03-23,,,,"Duran, Jarren",680776,554431,strikeout,swinging_strike,,,,,,Jarren Duran strikes out swinging.,S,L,L,ATL,BOS,S,2.0,,0,2,2021,,,,,,608700.0,660620.0,2,9,Top,,,,,,,,,,,,,,,,,,,,,641593,661388,467055,453527,622666,501303,640447,628338,501659,,,,0.0,,0.0,0.0,,72,3,,6,7,7,6,7,6,7,6,,,,0.02,-0.175,,,,,0.175,,-1,1,0.184,0.8160000000000001,30,24,31,25,1,0,,,,,,,,,,,,,
,2021-03-23,,,,"Duran, Jarren",680776,554431,,foul,,,,,,,S,L,L,ATL,BOS,S,,,0,1,2021,,,,,,608700.0,660620.0,2,9,Top,,,,,,,,,,,,,,,,,,,,,641593,661388,467055,453527,622666,501303,640447,628338,501659,,,,,,,,,72,2,,6,7,7,6,7,6,7,6,,,,0.009,-0.06,,,,,0.06,,-1,1,0.175,0.825,30,24,31,25,1,0,,,,,,,,,,,,,
,2021-03-23,,,,"Duran, Jarren",680776,554431,,called_strike,,,,,,,S,L,L,ATL,BOS,S,,,0,0,2021,,,,,,608700.0,660620.0,2,9,Top,,,,,,,,,,,,,,,,,,,,,641593,661388,467055,453527,622666,501303,640447,628338,501659,,,,,,,,,72,1,,6,7,7,6,7,6,7,6,,,,0.005,-0.047,,,,,0.047,,-1,1,0.17,0.83,30,24,31,25,1,0,,,,,,,,,,,,,
,2021-03-22,,,,"Duran, Jarren",680776,608650,strikeout,swinging_strike,,,,,,Jarren Duran strikes out swinging.,S,L,L,TB,BOS,S,2.0,,0,2,2021,,,,,,,,2,6,Top,,,,,,,,,,,,,,,,,,,,,641695,650907,665138,606019,670156,642715,640457,595281,622534,,,,0.0,,0.0,0.0,,52,3,,2,8,8,2,8,2,8,2,,,,0.001,-0.159,,,,,0.159,,-6,6,0.031,0.969,30,24,30,25,2,3,,,,,,,,,,,,,
,2021-03-22,,,,"Duran, Jarren",680776,608650,,swinging_strike,,,,,,,S,L,L,TB,BOS,S,,,0,1,2021,,,,,,,,2,6,Top,,,,,,,,,,,,,,,,,,,,,641695,650907,665138,606019,670156,642715,640457,595281,622534,,,,,,,,,52,2,,2,8,8,2,8,2,8,2,,,,0.0,-0.063,,,,,0.063,,-6,6,0.031,0.969,30,24,30,25,2,3,,,,,,,,,,,,,
,2021-03-22,,,,"Duran, Jarren",680776,608650,,swinging_strike,,,,,,,S,L,L,TB,BOS,S,,,0,0,2021,,,,,,,,2,6,Top,,,,,,,,,,,,,,,,,,,,,641695,650907,665138,606019,670156,642715,640457,595281,622534,,,,,,,,,52,1,,2,8,8,2,8,2,8,2,,,,0.0,-0.047,,,,,0.047,,-6,6,0.031,0.969,30,24,30,25,2,3,,,,,,,,,,,,,
,2021-03-22,,,,"Duran, Jarren",680776,595939,field_out,hit_into_play,,,,,,"Jarren Duran grounds out, second baseman Brandon Lowe to first baseman Mike Brosseau.   Jonathan Arauz to 2nd.",S,L,R,TB,BOS,X,4.0,ground_ball,0,0,2021,,,,,,,660620.0,1,2,Top,150.66,161.53,,,,,,,,,,,,,,,,,,,641695,664954,670712,664040,650490,642715,640457,595281,622534,,,,0.0,,0.0,0.0,,16,1,,1,3,3,1,3,1,3,1,,,,0.013,-0.326,,,,,0.326,,-2,2,0.301,0.6990000000000001,28,24,29,25,1,1,,,,,,,,,,,,,
,2021-03-22,,,,"Duran, Jarren",680776,607216,strikeout,swinging_strike,,,,,,Jarren Duran strikes out swinging.,S,L,R,TB,BOS,S,2.0,,0,2,2021,,,,,,,,1,8,Top,,,,,,,,,,,,,,,,,,,,,641695,650907,665138,606019,670156,656484,640457,624416,622534,,,,0.0,,0.0,0.0,,69,3,,3,10,10,3,10,3,10,3,,,,0.001,-0.16,,,,,0.16,,-7,7,0.004,0.996,28,24,29,25,1,4,,,,,,,,,,,,,
,2021-03-22,,,,"Duran, Jarren",680776,608650,strikeout,swinging_strike,,,,,,Jarren Duran strikes out swinging.,S,L,L,TB,BOS,S,2.0,,0,2,2021,,,,,,,,0,4,Top,,,,,,,,,,,,,,,,,,,,,641695,664954,670712,664040,650490,642715,640457,595281,622534,,,,0.0,,0.0,0.0,,35,3,,2,7,7,2,7,2,7,2,,,,0.004,-0.169,,,,,0.169,,-5,5,0.081,0.919,30,24,30,25,1,2,,,,,,,,,,,,,
,2021-03-22,,,,"Duran, Jarren",680776,607216,,swinging_strike,,,,,,,S,L,R,TB,BOS,S,,,0,1,2021,,,,,,,,1,8,Top,,,,,,,,,,,,,,,,,,,,,641695,650907,665138,606019,670156,656484,640457,624416,622534,,,,,,,,,69,2,,3,10,10,3,10,3,10,3,,,,0.0,-0.056,,,,,0.056,,-7,7,0.004,0.996,28,24,29,25,1,4,,,,,,,,,,,,,
,2021-03-22,,,,"Duran, Jarren",680776,608650,,swinging_strike,,,,,,,S,L,L,TB,BOS,S,,,0,1,2021,,,,,,,,0,4,Top,,,,,,,,,,,,,,,,,,,,,641695,664954,670712,664040,650490,642715,640457,595281,622534,,,,,,,,,35,2,,2,7,7,2,7,2,7,2,,,,0.001,-0.058,,,,,0.058,,-5,5,0.08,0.92,30,24,30,25,1,2,,,,,,,,,,,,,
,2021-03-22,,,,"Duran, Jarren",680776,607216,,swinging_strike,,,,,,,S,L,R,TB,BOS,S,,,0,0,2021,,,,,,,,1,8,Top,,,,,,,,,,,,,,,,,,,,,641695,650907,665138,606019,670156,656484,640457,624416,622534,,,,,,,,,69,1,,3,10,10,3,10,3,10,3,,,,0.0,-0.043,,,,,0.043,,-7,7,0.004,0.996,28,24,29,25,1,4,,,,,,,,,,,,,
,2021-03-22,,,,"Duran, Jarren",680776,608650,,swinging_strike,,,,,,,S,L,L,TB,BOS,S,,,0,0,2021,,,,,,,,0,4,Top,,,,,,,,,,,,,,,,,,,,,641695,664954,670712,664040,650490,642715,640457,595281,622534,,,,,,,,,35,1,,2,7,7,2,7,2,7,2,,,,0.001,-0.042,,,,,0.042,,-5,5,0.079,0.921,30,24,30,25,1,2,,,,,,,,,,,,,
,2021-03-22,,,,"Duran, Jarren",680776,641703,field_out,hit_into_play,,,,,,"Jarren Duran grounds out, first baseman Mike Brosseau to pitcher Brent Honeywell.",S,L,R,TB,BOS,X,3.0,ground_ball,0,0,2021,,,,,,,,0,1,Top,155.43,167.88,,,,,,,,,,,,,,,,,,,641695,664954,670712,664040,650490,642715,640457,595281,622534,,,,0.0,,0.0,0.0,,1,1,,0,0,0,0,0,0,0,0,,,,0.022,-0.269,,,,,0.269,,0,0,0.5,0.5,26,24,26,25,1,0,,,,,,,,,,,,,
,2021-03-21,,,,"Duran, Jarren",680776,664092,field_error,hit_into_play,,,,,,"Jarren Duran reaches on a throwing error by second baseman Ji-Hwan Bae.   Kevin Plawecki scores.    Jonathan Arauz to 3rd.  Jarren Duran out at 2nd, first baseman Will Craig.",S,L,R,BOS,PIT,X,4.0,ground_ball,0,0,2021,,,,,608700.0,,660620.0,2,7,Bot,114.41,149.73,,,,,,,,,,,,,,,,,,,642132,607732,643269,678225,594694,678894,668751,680552,670462,,,,0.9,,0.0,0.0,,62,1,,2,9,2,9,9,3,3,9,,,,-0.002,0.647,,,,,-0.647,,-7,-7,0.01,0.01,27,24,27,25,1,0,,,,,,,,,,,,,
,2021-03-21,,,,"Duran, Jarren",680776,683232,strikeout,called_strike,,,,,,Jarren Duran called out on strikes.,S,L,R,BOS,PIT,S,2.0,,0,2,2021,,,,,,,,2,9,Bot,,,,,,,,,,,,,,,,,,,,,642132,621529,676733,678225,594694,678894,668751,680552,670462,,,,0.0,,0.0,0.0,,77,3,,4,9,4,9,9,4,4,9,,,,-0.001,-0.159,,,,,0.159,,-5,-5,0.001,0.001,24,24,25,25,1,1,,,,,,,,,,,,,
,2021-03-21,,,,"Duran, Jarren",680776,683232,,swinging_strike,,,,,,,S,L,R,BOS,PIT,S,,,0,1,2021,,,,,,,,2,9,Bot,,,,,,,,,,,,,,,,,,,,,642132,621529,676733,678225,594694,678894,668751,680552,670462,,,,,,,,,77,2,,4,9,4,9,9,4,4,9,,,,0.0,-0.063,,,,,0.063,,-5,-5,0.001,0.001,24,24,25,25,1,1,,,,,,,,,,,,,
,2021-03-21,,,,"Duran, Jarren",680776,683232,,called_strike,,,,,,,S,L,R,BOS,PIT,S,,,0,0,2021,,,,,,,,2,9,Bot,,,,,,,,,,,,,,,,,,,,,642132,621529,676733,678225,594694,678894,668751,680552,670462,,,,,,,,,77,1,,4,9,4,9,9,4,4,9,,,,0.0,-0.047,,,,,0.047,,-5,-5,0.001,0.001,24,24,25,25,1,1,,,,,,,,,,,,,
,2021-03-19,,,,"Duran, Jarren",680776,448179,double,hit_into_play,,,,,,Jarren Duran doubles (3) on a fly ball to center fielder Kevin Kiermaier.   Enrique Hernandez scores.,S,L,L,BOS,TB,X,8.0,fly_ball,0,0,2021,,,,,,,571771.0,0,3,Bot,115.62,37.01,,,,,,,,,,,,,,,,,,,642131,572287,660294,664040,621563,642715,664770,595281,624416,,,,1.25,,1.0,1.0,,27,1,,0,5,0,5,5,1,1,5,,,,0.078,0.763,,,,,-0.763,,-5,-5,0.136,0.136,41,24,41,25,2,1,,,,,,,,,,,,,
,2021-03-19,,,,"Duran, Jarren",680776,607216,single,hit_into_play,,,,,,Jarren Duran singles on a line drive to center fielder Miles Mastrobuoni.   Triston Casas scores.    Michael Chavis scores.,S,L,R,BOS,TB,X,8.0,line_drive,1,0,2021,,,,,671213.0,656308.0,,2,8,Bot,136.23,65.49,,,,,,,,,,,,,,,,,,,642131,650907,665138,606019,669364,656484,664954,670156,624416,,,,0.9,,1.0,0.0,,73,2,,7,7,7,7,7,9,9,7,,,,0.316,0.714,,,,,-0.714,,0,0,0.615,0.615,28,24,29,25,1,4,,,,,,,,,,,,,
,2021-03-19,,,,"Duran, Jarren",680776,607216,,ball,,,,,,,S,L,R,BOS,TB,B,,,0,0,2021,,,,,,671213.0,656308.0,2,8,Bot,,,,,,,,,,,,,,,,,,,,,642131,650907,665138,606019,669364,656484,664954,670156,624416,,,,,,,,,73,1,,7,7,7,7,7,7,7,7,,,,0.024,0.035,,,,,-0.035,,0,0,0.591,0.591,28,24,29,25,1,4,,,,,,,,,,,,,
,2021-03-19,,,,"Duran, Jarren",680776,502042,field_out,hit_into_play,,,,,,Jarren Duran flies out to left fielder Brett Sullivan.,S,L,R,BOS,TB,X,7.0,fly_ball,0,0,2021,,,,,,,,0,5,Bot,62.29,126.1,,,,,,,,,,,,,,,,,,,642131,572287,660294,664040,621563,642715,664954,595281,624416,,,,0.0,,0.0,0.0,,45,1,,4,7,4,7,7,4,4,7,,,,-0.027,-0.269,,,,,0.269,,-3,-3,0.192,0.192,32,24,33,25,1,2,,,,,,,,,,,,,
,2021-03-19,,,,"Duran, Jarren",680776,448179,single,hit_into_play,,,,,,Jarren Duran singles on a line drive to center fielder Kevin Kiermaier.,S,L,L,BOS,TB,X,8.0,line_drive,0,0,2021,,,,,,,,1,1,Bot,139.86,77.61,,,,,,,,,,,,,,,,,,,642131,572287,660294,664040,621563,642715,664770,595281,624416,,,,0.9,,1.0,0.0,,7,1,,0,1,0,1,1,0,0,1,,,,0.026,0.415,,,,,-0.415,,-1,-1,0.424,0.424,41,24,41,25,1,0,,,,,,,,,,,,,
,2021-03-19,,,,"Duran, Jarren",680776,552640,single,hit_into_play,,,,,,Jarren Duran singles on a line drive to right fielder Ryan Boldt.,S,L,R,BOS,TB,X,9.0,line_drive,0,0,2021,,,,,,,,0,7,Bot,176.83,90.34,,,,,,,,,,,,,,,,,,,642131,650907,665138,606019,669364,656484,664954,670156,624416,,,,0.9,,1.0,0.0,,60,1,,6,7,6,7,7,6,6,7,,,,0.077,0.45,,,,,-0.45,,-1,-1,0.364,0.364,31,24,31,25,1,3,,,,,,,,,,,,,
,2021-03-17,,,,"Duran, Jarren",680776,664785,strikeout,swinging_strike,,,,,,Jarren Duran strikes out swinging.,S,L,R,BOS,MIN,S,2.0,,0,2,2021,,,,,527049.0,656807.0,656308.0,2,5,Bot,,,,,,,,,,,,,,,,,,,,,642137,680777,666135,650333,461865,595375,595909,621439,553902,,,,0.0,,0.0,0.0,,46,3,,9,1,9,1,1,9,9,1,,,,-0.001,-0.147,,,,,0.147,,8,8,0.993,0.993,27,24,27,25,1,0,,,,,,,,,,,,,
,2021-03-17,,,,"Duran, Jarren",680776,664785,,swinging_strike,,,,,,,S,L,R,BOS,MIN,S,,,0,1,2021,,,,,527049.0,656807.0,656308.0,2,5,Bot,,,,,,,,,,,,,,,,,,,,,642137,680777,666135,650333,461865,595375,595909,621439,553902,,,,,,,,,46,2,,9,1,9,1,1,9,9,1,,,,-0.001,-0.082,,,,,0.082,,8,8,0.994,0.994,27,24,27,25,1,0,,,,,,,,,,,,,
,2021-03-17,,,,"Duran, Jarren",680776,664785,,swinging_strike,,,,,,,S,L,R,BOS,MIN,S,,,0,0,2021,,,,,527049.0,656807.0,656308.0,2,5,Bot,,,,,,,,,,,,,,,,,,,,,642137,680777,666135,650333,461865,595375,595909,621439,553902,,,,,,,,,46,1,,9,1,9,1,1,9,9,1,,,,0.0,-0.046,,,,,0.046,,8,8,0.994,0.994,27,24,27,25,1,0,,,,,,,,,,,,,
,2021-03-17,,,,"Duran, Jarren",680776,452027,field_out,hit_into_play,,,,,,"Jarren Duran grounds out, first baseman Aaron Sabato to pitcher Andrew Albers.",S,L,L,BOS,MIN,X,3.0,ground_ball,0,0,2021,,,,,,,,0,8,Bot,157.44,163.67,,,,,,,,,,,,,,,,,,,642137,675910,693306,624407,643348,461865,667670,542979,664247,,,,0.0,,0.0,0.0,,67,1,,9,1,9,1,1,9,9,1,,,,0.0,-0.269,,,,,0.269,,8,8,0.999,0.999,35,24,36,25,1,1,,,,,,,,,,,,,
,2021-03-16,,,,"Duran, Jarren",680776,657053,strikeout,called_strike,,,,,,Jarren Duran called out on strikes.,S,L,R,BOS,ATL,S,2.0,,0,2,2021,,,,,,660620.0,656455.0,2,7,Bot,,,,,,,,,,,,,,,,,,,,,642133,664966,668787,572365,453527,501303,674677,671739,641513,,,,0.0,,0.0,0.0,,60,3,,3,3,3,3,3,3,3,3,,,,-0.046,-0.175,,,,,0.175,,0,0,0.546,0.546,25,24,25,25,2,0,,,,,,,,,,,,,
,2021-03-16,,,,"Duran, Jarren",680776,657053,,swinging_strike,,,,,,,S,L,R,BOS,ATL,S,,,0,1,2021,,,,,,660620.0,656455.0,2,7,Bot,,,,,,,,,,,,,,,,,,,,,642133,664966,668787,572365,453527,501303,674677,671739,641513,,,,,,,,,60,2,,3,3,3,3,3,3,3,3,,,,-0.019,-0.06,,,,,0.06,,0,0,0.565,0.565,25,24,25,25,2,0,,,,,,,,,,,,,
,2021-03-16,,,,"Duran, Jarren",680776,657053,,called_strike,,,,,,,S,L,R,BOS,ATL,S,,,0,0,2021,,,,,,660620.0,656455.0,2,7,Bot,,,,,,,,,,,,,,,,,,,,,642133,664966,668787,572365,453527,501303,674677,671739,641513,,,,,,,,,60,1,,3,3,3,3,3,3,3,3,,,,-0.011,-0.047,,,,,0.047,,0,0,0.576,0.576,25,24,25,25,2,0,,,,,,,,,,,,,
,2021-03-15,,,,"Duran, Jarren",680776,605276,triple,hit_into_play,,,,,,Jarren Duran triples (1) on a line drive to right fielder Moises Gomez.,S,L,R,TB,BOS,X,9.0,line_drive,0,0,2021,,,,,,,,1,8,Top,203.89,127.37,,,,,,,,,,,,,,,,,,,641594,664954,656484,670156,656821,670764,624416,663605,664332,,,,1.6,,1.0,2.0,,61,1,,3,2,2,3,2,3,2,3,,,,-0.174,1.112,,,,,-1.112,,1,-1,0.799,0.2009999999999999,27,24,28,25,1,0,,,,,,,,,,,,,
SL,2021-03-14,82.2,-3.06,6.06,"Duran, Jarren",680776,641656,single,hit_into_play,,,,,7.0,Jarren Duran singles on a fly ball to center fielder Gilberto Celestino. Connor Wong to 2nd.,S,L,R,MIN,BOS,X,8.0,fly_ball,3,2,2021,0.02,0.13,-0.650166863212612,2.107160618798826,,,657136.0,1,8,Top,111.38,68.52,,,,,5.382194008690815,-119.48144777920568,-2.4823171733124405,-1.103233551686362,28.785923155567374,-30.65793881121418,3.453,1.727,236.0,79.8,49.0,80.8,1600.0,6.0,641588,666163,693306,663905,624407,461865,605530,665482,542979,54.53,,,0.9,,1.0,0.0,3.0,61,6,Slider,4,2,2,4,2,4,2,4,Infield shade,Standard,88.0,-0.071,0.337,,,,,-0.337,88.0,2,-2,0.897,0.1029999999999999,26,24,26,25,1,1,,,,,3.33,-0.02,0.02,,,,,,
SL,2021-03-14,85.4,-2.73,6.14,"Duran, Jarren",680776,641656,,ball,,,,,14.0,,S,L,R,MIN,BOS,B,,,2,2,2021,0.03,0.12,1.2539599625408104,1.9426608236075031,,,657136.0,1,8,Top,,,,,,,9.272098513775722,-123.99759750716656,-3.767829928578066,-1.6558476088200669,25.62944143988351,-30.308034766762525,3.453,1.727,,,,84.7,1670.0,6.0,641588,666163,693306,663905,624407,461865,605530,665482,542979,54.45,,,,,,,,61,5,Slider,4,2,2,4,2,4,2,4,Infield shade,Standard,136.0,-0.021,0.102,,,,,-0.102,,2,-2,0.918,0.0819999999999999,26,24,26,25,1,1,,,,,3.02,-0.03,0.03,,,,,,
FF,2021-03-14,94.1,-2.61,6.32,"Duran, Jarren",680776,641656,,foul,,,,,3.0,,S,L,R,MIN,BOS,S,,,2,1,2021,-0.58,1.27,0.3819340110829775,3.0162642509507966,,,657136.0,1,8,Top,,,,,,,8.99857255930118,-136.75761170746415,-5.694430435894559,-9.2037927423417,27.709961779061533,-15.071387228679916,3.453,1.727,129.0,61.6,69.0,93.9,2157.0,6.0,641588,666163,693306,663905,624407,461865,605530,665482,542979,54.47,,,,,,,,61,4,4-Seam Fastball,4,2,2,4,2,4,2,4,Infield shade,Standard,206.0,0.016,-0.083,,,,,0.083,88.0,2,-2,0.902,0.0979999999999999,26,24,26,25,1,1,,,,,1.29,0.58,-0.58,,,,,,
CH,2021-03-14,82.5,-2.92,5.98,"Duran, Jarren",680776,641656,,blocked_ball,,,,,14.0,,S,L,R,MIN,BOS,B,,,1,1,2021,-0.94,0.83,0.3883158621259014,0.6809574870546613,,,657136.0,1,8,Top,,,,,,,9.291877340622342,-119.6100457812114,-7.074266586230424,-10.822723360877353,23.10226576990937,-22.952221695829884,3.453,1.727,,,,82.0,1771.0,6.1,641588,666163,693306,663905,624407,461865,605530,665482,542979,54.35,,,,,,,,61,3,Changeup,4,2,2,4,2,4,2,4,Infield shade,Standard,206.0,-0.011,0.051,,,,,-0.051,,2,-2,0.913,0.0869999999999999,26,24,26,25,1,1,,,,,2.54,0.94,-0.94,,,,,,
FF,2021-03-14,95.0,-2.51,6.36,"Duran, Jarren",680776,641656,,called_strike,,,,,1.0,,S,L,R,MIN,BOS,S,,,1,0,2021,-0.56,1.33,-0.5768335732668328,3.3910724595948567,,,657136.0,1,8,Top,,,,,,,6.287232498961799,-138.15656074096665,-5.064672875799578,-8.655366945049185,32.11338985897433,-14.180569658086752,3.453,1.727,,,,94.4,2266.0,6.0,641588,666163,693306,663905,624407,461865,605530,665482,542979,54.45,,,,,,,,61,2,4-Seam Fastball,4,2,2,4,2,4,2,4,Standard,Standard,209.0,0.011,-0.044,,,,,0.044,,2,-2,0.902,0.0979999999999999,26,24,26,25,1,1,,,,,1.2,0.56,-0.56,,,,,,
SL,2021-03-14,83.6,-2.93,6.11,"Duran, Jarren",680776,641656,,ball,,,,,14.0,,S,L,R,MIN,BOS,B,,,0,0,2021,0.17,0.07,0.9983367679341822,1.9182481663152724,,,657136.0,1,8,Top,,,,,,,8.668155087363042,-121.50865304956012,-3.3364534405454607,-0.1338717649978108,24.766556039537676,-30.978893318305516,3.453,1.727,,,,83.0,1657.0,6.0,641588,666163,693306,663905,624407,461865,605530,665482,542979,54.47,,,,,,,,61,1,Slider,4,2,2,4,2,4,2,4,Standard,Standard,136.0,-0.008,0.04,,,,,-0.04,,2,-2,0.91,0.0899999999999999,26,24,26,25,1,1,,,,,3.21,-0.17,0.17,,,,,,
SL,2021-03-14,88.9,-2.25,6.29,"Duran, Jarren",680776,641312,strikeout,swinging_strike,,,,,14.0,Jarren Duran strikes out swinging.,S,L,R,MIN,BOS,S,2.0,,2,2,2021,0.67,0.28,1.1669385862861492,1.0770482041722764,,,,0,6,Top,,,,,,,7.026186419872605,-129.2027563039539,-7.343929336073332,5.957061479708587,27.362295832285128,-27.666918712997138,3.313,1.657,,,,89.4,2943.0,6.7,641588,641598,693306,663905,624407,592743,667670,665482,542979,53.79,,,0.0,,0.0,0.0,,44,6,Slider,4,2,2,4,2,4,2,4,Infield shift,Standard,133.0,0.029,-0.241,,,,,0.241,,2,-2,0.82,0.18,26,24,27,25,1,0,,,,,2.62,-0.67,0.67,,,,,,
SL,2021-03-14,89.7,-2.31,6.44,"Duran, Jarren",680776,641312,,foul,,,,,2.0,,S,L,R,MIN,BOS,S,,,2,2,2021,0.41,0.27,0.0821261151657972,2.870284126860424,,,,0,6,Top,,,,,,,5.0653341686963325,-130.4353509564914,-3.3658426572174243,3.4988826836428584,29.809370158952497,-28.54886489965341,3.313,1.657,197.0,69.8,59.0,89.6,2813.0,6.4,641588,641598,693306,663905,624407,592743,667670,665482,542979,54.06,,,,,,,,44,5,Slider,4,2,2,4,2,4,2,4,Infield shift,Standard,137.0,0.0,0.0,,,,,0.0,88.0,2,-2,0.82,0.18,26,24,27,25,1,0,,,,,2.59,-0.41,0.41,,,,,,
SL,2021-03-14,88.8,-2.67,6.38,"Duran, Jarren",680776,641312,,foul,,,,,8.0,,S,L,R,MIN,BOS,S,,,2,1,2021,0.42,0.44,0.0199310342015276,1.785881785317018,,,,0,6,Top,,,,,,,5.701606559335064,-129.21800239335107,-6.120826330204217,3.588798095193601,25.98419409942534,-26.202247726146197,3.313,1.657,2.0,77.4,-44.0,88.8,2909.0,6.2,641588,641598,693306,663905,624407,592743,667670,665482,542979,54.27,,,,,,,,44,4,Slider,4,2,2,4,2,4,2,4,Infield shift,Standard,150.0,0.011,-0.074,,,,,0.074,88.0,2,-2,0.809,0.1909999999999999,26,24,27,25,1,0,,,,,2.44,-0.42,0.42,,,,,,
FF,2021-03-14,96.1,-2.29,6.3,"Duran, Jarren",680776,641312,,ball,,,,,8.0,,S,L,R,MIN,BOS,B,,,1,1,2021,-0.17,1.44,-0.1674606669787876,1.6084037602231311,,,,0,6,Top,,,,,,,6.017113725074905,-139.44642559918907,-10.06176351938888,-3.6332697741698334,32.98234660719176,-11.312002389406205,3.313,1.657,,,,96.0,2673.0,6.5,641588,641598,693306,663905,624407,592743,667670,665482,542979,54.01,,,,,,,,44,3,4-Seam Fastball,4,2,2,4,2,4,2,4,Infield shift,Standard,200.0,-0.008,0.058,,,,,-0.058,,2,-2,0.817,0.183,26,24,27,25,1,0,,,,,1.06,0.17,-0.17,,,,,,
SL,2021-03-14,90.1,-2.47,6.4,"Duran, Jarren",680776,641312,,ball,,,,,9.0,,S,L,R,MIN,BOS,B,,,0,1,2021,0.44,0.55,0.8277850202335342,1.6716981467809644,,,,0,6,Top,,,,,,,7.249967427910714,-130.89158170452842,-6.943663483494031,3.521408959162958,27.922422062704513,-24.51706036511102,3.313,1.657,,,,90.1,1476.0,6.4,641588,641598,693306,663905,624407,592743,667670,665482,542979,54.1,,,,,,,,44,2,Slider,4,2,2,4,2,4,2,4,Infield shift,Standard,221.0,-0.003,0.03,,,,,-0.03,,2,-2,0.82,0.18,26,24,27,25,1,0,,,,,2.27,-0.44,0.44,,,,,,
SL,2021-03-14,90.0,-2.49,6.53,"Duran, Jarren",680776,641312,,called_strike,,,,,9.0,,S,L,R,MIN,BOS,S,,,0,0,2021,0.22,0.6,0.558535777453597,1.7416570216147695,,,,0,6,Top,,,,,,,7.100038921763041,-130.8650398922339,-7.2032534605690905,1.0158479799980042,26.938356025283905,-23.91863604806228,3.313,1.657,,,,90.1,2874.0,6.4,641588,641598,693306,663905,624407,592743,667670,665482,542979,54.14,,,,,,,,44,1,Slider,4,2,2,4,2,4,2,4,Infield shift,Standard,169.0,0.005,-0.042,,,,,0.042,,2,-2,0.815,0.185,26,24,27,25,1,0,,,,,2.21,-0.22,0.22,,,,,,
,2021-03-13,,,,"Duran, Jarren",680776,663884,strikeout,called_strike,,,,,,Jarren Duran called out on strikes.,S,L,R,BOS,ATL,S,2.0,,0,2,2021,,,,,,,,2,8,Bot,,,,,,,,,,,,,,,,,,,,,642136,664966,668787,453527,680769,572365,674677,671739,641513,,,,0.0,,0.0,0.0,,67,3,,7,1,7,1,1,7,7,1,,,,0.0,-0.159,,,,,0.159,,6,6,0.997,0.997,24,24,25,25,1,0,,,,,,,,,,,,,
,2021-03-13,,,,"Duran, Jarren",680776,663884,,called_strike,,,,,,,S,L,R,BOS,ATL,S,,,0,1,2021,,,,,,,,2,8,Bot,,,,,,,,,,,,,,,,,,,,,642136,664966,668787,453527,680769,572365,674677,671739,641513,,,,,,,,,67,2,,7,1,7,1,1,7,7,1,,,,0.0,-0.063,,,,,0.063,,6,6,0.997,0.997,24,24,25,25,1,0,,,,,,,,,,,,,
,2021-03-13,,,,"Duran, Jarren",680776,663884,,swinging_strike,,,,,,,S,L,R,BOS,ATL,S,,,0,0,2021,,,,,,,,2,8,Bot,,,,,,,,,,,,,,,,,,,,,642136,664966,668787,453527,680769,572365,674677,671739,641513,,,,,,,,,67,1,,7,1,7,1,1,7,7,1,,,,0.0,-0.047,,,,,0.047,,6,6,0.997,0.997,24,24,25,25,1,0,,,,,,,,,,,,,
,2021-03-12,,,,"Duran, Jarren",680776,607391,strikeout,called_strike,,,,,,Jarren Duran called out on strikes.,S,R,R,BOS,TB,S,2.0,,0,2,2021,,,,,,,542454.0,1,7,Bot,,,,,,,,,,,,,,,,,,,,,642158,664954,665138,669364,656484,675659,663605,660644,664332,,,,0.0,,0.0,0.0,,63,3,,8,2,8,2,2,8,8,2,,,,-0.001,-0.161,,,,,0.161,,6,6,0.993,0.993,31,24,32,25,1,0,,,,,,,,,,,,,
,2021-03-12,,,,"Duran, Jarren",680776,607391,,called_strike,,,,,,,S,R,R,BOS,TB,S,,,0,1,2021,,,,,,,542454.0,1,7,Bot,,,,,,,,,,,,,,,,,,,,,642158,664954,665138,669364,656484,675659,663605,660644,664332,,,,,,,,,63,2,,8,2,8,2,2,8,8,2,,,,0.0,-0.054,,,,,0.054,,6,6,0.993,0.993,31,24,32,25,1,0,,,,,,,,,,,,,
,2021-03-12,,,,"Duran, Jarren",680776,607391,,swinging_strike,,,,,,,S,R,R,BOS,TB,S,,,0,0,2021,,,,,,,542454.0,1,7,Bot,,,,,,,,,,,,,,,,,,,,,642158,664954,665138,669364,656484,675659,663605,660644,664332,,,,,,,,,63,1,,8,2,8,2,2,8,8,2,,,,0.0,-0.041,,,,,0.041,,6,6,0.993,0.993,31,24,32,25,1,0,,,,,,,,,,,,,
,2021-03-10,,,,"Duran, Jarren",680776,608331,field_out,hit_into_play,,,,,,"Jarren Duran grounds out, third baseman Johan Camargo to first baseman Pablo Sandoval.",S,L,L,BOS,ATL,X,5.0,ground_ball,0,0,2021,,,,,,543877.0,,2,2,Bot,101.0,176.4,,,,,,,,,,,,,,,,,,,642163,661388,467055,543401,622666,572365,640447,665506,628338,,,,0.0,,0.0,0.0,,19,1,,1,3,1,3,3,1,1,3,,,,-0.035,-0.286,,,,,0.286,,-2,-2,0.323,0.323,27,24,27,25,1,0,,,,,,,,,,,,,
,2021-03-10,,,,"Duran, Jarren",680776,644364,field_out,hit_into_play,,,,,,"Jarren Duran grounds out, second baseman Ehire Adrianza to first baseman Bryce Ball.",S,L,R,BOS,ATL,X,4.0,ground_ball,0,0,2021,,,,,,,,1,6,Bot,145.84,150.34,,,,,,,,,,,,,,,,,,,642163,661388,668787,501303,622666,572365,640447,671739,641513,,,,0.0,,0.0,0.0,,51,1,,5,3,5,3,3,5,5,3,,,,-0.01,-0.259,,,,,0.259,,2,2,0.832,0.832,26,24,26,25,1,2,,,,,,,,,,,,,
,2021-03-10,,,,"Duran, Jarren",680776,605218,walk,ball,,,,,,Jarren Duran walks.,S,L,R,BOS,ATL,B,,,3,0,2021,,,,,,,,2,5,Bot,,,,,,,,,,,,,,,,,,,,,642163,661388,467055,543401,622666,572365,640447,665506,628338,,,,0.7,,0.0,0.0,,38,4,,1,3,1,3,3,1,1,3,,,,0.007,0.119,,,,,-0.119,,-2,-2,0.245,0.245,29,24,30,25,1,1,,,,,,,,,,,,,
,2021-03-10,,,,"Duran, Jarren",680776,605218,,ball,,,,,,,S,L,R,BOS,ATL,B,,,2,0,2021,,,,,,,,2,5,Bot,,,,,,,,,,,,,,,,,,,,,642163,661388,467055,543401,622666,572365,640447,665506,628338,,,,,,,,,38,3,,1,3,1,3,3,1,1,3,,,,0.005,0.098,,,,,-0.098,,-2,-2,0.24,0.24,29,24,30,25,1,1,,,,,,,,,,,,,
,2021-03-10,,,,"Duran, Jarren",680776,605218,,ball,,,,,,,S,L,R,BOS,ATL,B,,,1,0,2021,,,,,,,,2,5,Bot,,,,,,,,,,,,,,,,,,,,,642163,661388,467055,543401,622666,572365,640447,665506,628338,,,,,,,,,38,2,,1,3,1,3,3,1,1,3,,,,0.003,0.062,,,,,-0.062,,-2,-2,0.237,0.237,29,24,30,25,1,1,,,,,,,,,,,,,
,2021-03-10,,,,"Duran, Jarren",680776,605218,,ball,,,,,,,S,L,R,BOS,ATL,B,,,0,0,2021,,,,,,,,2,5,Bot,,,,,,,,,,,,,,,,,,,,,642163,661388,467055,543401,622666,572365,640447,665506,628338,,,,,,,,,38,1,,1,3,1,3,3,1,1,3,,,,0.002,0.04,,,,,-0.04,,-2,-2,0.235,0.235,29,24,30,25,1,1,,,,,,,,,,,,,
,2021-03-09,,,,"Duran, Jarren",680776,605441,strikeout,swinging_strike,,,,,,Jarren Duran strikes out swinging.,S,L,R,TB,BOS,S,2.0,,0,2,2021,,,,,660620.0,,,0,8,Top,,,,,,,,,,,,,,,,,,,,,641604,607345,665138,660644,670156,670764,664954,666139,664770,,,,0.0,,0.0,0.0,,67,3,,10,2,2,10,2,10,2,10,,,,0.001,-0.235,,,,,0.235,,8,-8,0.997,0.003,28,24,28,25,1,0,,,,,,,,,,,,,
,2021-03-09,,,,"Duran, Jarren",680776,605441,,swinging_strike,,,,,,,S,L,R,TB,BOS,S,,,0,1,2021,,,,,660620.0,,,0,8,Top,,,,,,,,,,,,,,,,,,,,,641604,607345,665138,660644,670156,670764,664954,666139,664770,,,,,,,,,67,2,,10,2,2,10,2,10,2,10,,,,0.001,-0.047,,,,,0.047,,8,-8,0.996,0.004,28,24,28,25,1,0,,,,,,,,,,,,,
,2021-03-09,,,,"Duran, Jarren",680776,605441,,swinging_strike,,,,,,,S,L,R,TB,BOS,S,,,0,0,2021,,,,,660620.0,,,0,8,Top,,,,,,,,,,,,,,,,,,,,,641604,607345,665138,660644,670156,670764,664954,666139,664770,,,,,,,,,67,1,,10,2,2,10,2,10,2,10,,,,0.0,-0.051,,,,,0.051,,8,-8,0.996,0.004,28,24,28,25,1,0,,,,,,,,,,,,,
,2021-03-05,,,,"Duran, Jarren",680776,608650,strikeout,swinging_strike,,,,,,Jarren Duran strikes out swinging.,S,R,L,BOS,TB,S,2.0,,0,2,2021,,,,,,,,1,6,Bot,,,,,,,,,,,,,,,,,,,,,642183,663341,665138,669364,670764,677551,664954,664770,670156,,,,0.0,,0.0,0.0,,50,3,,4,5,4,5,5,4,4,5,,,,-0.029,-0.16,,,,,0.16,,-1,-1,0.226,0.226,30,24,30,25,1,0,,,,,,,,,,,,,
,2021-03-05,,,,"Duran, Jarren",680776,608650,,swinging_strike,,,,,,,S,R,L,BOS,TB,S,,,0,1,2021,,,,,,,,1,6,Bot,,,,,,,,,,,,,,,,,,,,,642183,663341,665138,669364,670764,677551,664954,664770,670156,,,,,,,,,50,2,,4,5,4,5,5,4,4,5,,,,-0.012,-0.056,,,,,0.056,,-1,-1,0.238,0.238,30,24,30,25,1,0,,,,,,,,,,,,,
,2021-03-05,,,,"Duran, Jarren",680776,608650,,swinging_strike,,,,,,,S,R,L,BOS,TB,S,,,0,0,2021,,,,,,,,1,6,Bot,,,,,,,,,,,,,,,,,,,,,642183,663341,665138,669364,670764,677551,664954,664770,670156,,,,,,,,,50,1,,4,5,4,5,5,4,4,5,,,,-0.007,-0.043,,,,,0.043,,-1,-1,0.245,0.245,30,24,30,25,1,0,,,,,,,,,,,,,
,2021-03-04,,,,"Duran, Jarren",680776,665152,home_run,hit_into_play,,,,,,Jarren Duran homers (2) on a fly ball to right center field.,S,L,R,BAL,BOS,X,,fly_ball,0,0,2021,,,,,,,,2,2,Top,189.88,46.85,,,,,,,,,,,,,,,,,,,642142,600474,641820,570560,676625,602104,663630,656775,666783,,,,2.0,,0.0,3.0,,14,1,,0,2,2,0,3,0,3,0,,,,-0.095,2.595,,,,,-2.595,,-2,2,0.28,0.72,25,24,25,25,1,1,,,,,,,,,,,,,
,2021-03-04,,,,"Duran, Jarren",680776,664042,strikeout,called_strike,,,,,,Jarren Duran called out on strikes.,S,L,R,BAL,BOS,S,2.0,,0,2,2021,,,,,,,,0,5,Top,,,,,,,,,,,,,,,,,,,,,642142,543089,641820,570560,676625,602104,663630,592859,666783,,,,0.0,,0.0,0.0,,39,3,,3,3,3,3,3,3,3,3,,,,0.028,-0.169,,,,,0.169,,0,0,0.518,0.482,27,24,27,25,1,2,,,,,,,,,,,,,
,2021-03-04,,,,"Duran, Jarren",680776,664042,,called_strike,,,,,,,S,L,R,BAL,BOS,S,,,0,1,2021,,,,,,,,0,5,Top,,,,,,,,,,,,,,,,,,,,,642142,543089,641820,570560,676625,602104,663630,592859,666783,,,,,,,,,39,2,,3,3,3,3,3,3,3,3,,,,0.011,-0.058,,,,,0.058,,0,0,0.507,0.493,27,24,27,25,1,2,,,,,,,,,,,,,
,2021-03-04,,,,"Duran, Jarren",680776,665152,double,hit_into_play,,,,,,Jarren Duran doubles (2) on a line drive to left fielder Ryan McKenna.,S,L,R,BAL,BOS,X,7.0,line_drive,0,0,2021,,,,,,,,1,1,Top,37.8,110.22,,,,,,,,,,,,,,,,,,,642142,600474,641820,570560,676625,602104,663630,656775,666783,,,,1.25,,1.0,1.0,,2,1,,0,0,0,0,0,0,0,0,,,,-0.051,0.649,,,,,-0.649,,0,0,0.527,0.473,25,24,25,25,1,0,,,,,,,,,,,,,
,2021-03-04,,,,"Duran, Jarren",680776,664042,,called_strike,,,,,,,S,L,R,BAL,BOS,S,,,0,0,2021,,,,,,,,0,5,Top,,,,,,,,,,,,,,,,,,,,,642142,543089,641820,570560,676625,602104,663630,592859,666783,,,,,,,,,39,1,,3,3,3,3,3,3,3,3,,,,0.007,-0.042,,,,,0.042,,0,0,0.5,0.5,27,24,27,25,1,2,,,,,,,,,,,,,
CU,2021-03-03,68.8,0.96,5.96,"Duran, Jarren",680776,452027,double,hit_into_play,,,,,8.0,"Jarren Duran doubles (1) on a fly ball to center fielder Gilberto Celestino. Yairo Munoz scores. Jarren Duran to 3rd. Jarren Duran advances to 3rd, on a fielding error by second baseman Spencer Steer.",S,L,L,MIN,BOS,X,8.0,fly_ball,2,2,2021,-0.72,-0.87,0.1493944673765551,1.8088753519282896,,,622168.0,2,6,Top,133.1,88.92,,,,,-0.3636982039148003,-100.13354041669528,1.3885013023036143,-4.7670346383381315,17.245375688800635,-38.473913622751226,3.453,1.727,302.0,104.8,16.0,68.3,2393.0,6.1,641578,666163,693306,668715,543482,624503,664247,665482,667670,54.44,,,1.25,,1.0,1.0,5.0,56,5,Curveball,6,13,13,6,14,6,14,6,Standard,Standard,327.0,,0.941,,,,,-0.941,104.8,-7,7,,,35,24,36,25,1,0,,,,,5.71,-0.72,-0.72,,,,,,
SL,2021-03-03,78.4,0.95,5.99,"Duran, Jarren",680776,452027,,called_strike,,,,,4.0,,S,L,L,MIN,BOS,S,,,2,1,2021,-0.41,-0.05,-0.5894795325548834,2.4915927912997446,,,622168.0,2,6,Top,,,,,,,-2.551476754229558,-114.2529021517068,-0.6979391039104847,-3.2242562023346752,19.18695775183654,-32.67910276630313,3.453,1.727,,,,78.5,2315.0,6.1,641578,666163,693306,668715,543482,624503,664247,665482,667670,54.44,,,,,,,,56,4,Slider,6,13,13,6,13,6,13,6,Standard,Standard,298.0,,-0.075,,,,,0.075,,-7,7,,,35,24,36,25,1,0,,,,,3.72,-0.41,-0.41,,,,,,
FF,2021-03-03,87.6,1.22,5.85,"Duran, Jarren",680776,452027,,ball,,,,,14.0,,S,L,L,MIN,BOS,B,,,1,1,2021,0.79,1.63,1.0948927301510674,2.3482054856134997,,,622168.0,2,6,Top,,,,,,,-1.92894542307518,-127.48868039068002,-5.635681680084231,9.000722190522058,27.939539979705167,-13.442588529281185,3.453,1.727,,,,87.1,2279.0,6.1,641578,666163,693306,668715,543482,624503,664247,665482,667670,54.4,,,,,,,,56,3,4-Seam Fastball,6,13,13,6,13,6,13,6,Standard,Standard,149.0,,0.048,,,,,-0.048,,-7,7,,,35,24,36,25,1,0,,,,,1.35,0.79,0.79,,,,,,
SL,2021-03-03,76.7,1.06,6.04,"Duran, Jarren",680776,452027,,foul,,,,,2.0,,S,L,L,MIN,BOS,S,,,1,0,2021,-0.13,0.25,0.1761647769148203,2.944700918291207,,,622168.0,2,6,Top,,,,,,,-1.6322167928658848,-111.70996326295727,-0.044865529474648,-0.7892693933038878,19.323453818206648,-30.240516183792316,3.453,1.727,150.0,61.2,38.0,76.4,2298.0,6.0,641578,666163,693306,668715,543482,624503,664247,665482,667670,54.54,,,,,,,,56,2,Slider,6,13,13,6,13,6,13,6,Standard,Standard,269.0,,-0.057,,,,,0.057,88.0,-7,7,,,35,24,36,25,1,0,,,,,3.6,-0.13,-0.13,,,,,,
FF,2021-03-03,86.0,1.03,5.91,"Duran, Jarren",680776,452027,,ball,,,,,11.0,,S,L,L,MIN,BOS,B,,,0,0,2021,0.87,1.6,-1.0843938356864538,3.120405425126211,,,622168.0,2,6,Top,,,,,,,-6.784840572851492,-125.08949228184017,-3.6280350999885727,10.51415095837245,24.36856255586693,-14.836341755711082,3.453,1.727,,,,86.0,2087.0,6.3,641578,666163,693306,668715,543482,624503,664247,665482,667670,54.24,,,,,,,,56,1,4-Seam Fastball,6,13,13,6,13,6,13,6,Standard,Standard,152.0,,0.043,,,,,-0.043,,-7,7,,,35,24,36,25,1,0,,,,,1.48,0.87,0.87,,,,,,
,2021-03-02,,,,"Duran, Jarren",680776,670046,walk,ball,,,,,,Jarren Duran walks.   Jonathan Arauz to 3rd.    Enrique Hernandez to 2nd.,S,L,L,BOS,TB,B,,,3,0,2021,,,,,,660620.0,571771.0,2,3,Bot,,,,,,,,,,,,,,,,,,,,,642141,642336,665138,670764,656821,642715,668227,621433,622534,,,,0.7,,0.0,0.0,,29,4,,8,0,8,0,0,8,8,0,,,,0.0,0.076,,,,,-0.076,,8,8,0.986,0.986,25,24,26,25,1,2,,,,,,,,,,,,,
,2021-03-02,,,,"Duran, Jarren",680776,605276,home_run,hit_into_play,,,,,,Jarren Duran homers (1) on a fly ball to right center field.,S,L,R,BOS,TB,X,,fly_ball,1,0,2021,,,,,,,,0,3,Bot,187.08,22.89,,,,,,,,,,,,,,,,,,,642141,642336,665138,670764,656821,642715,668227,621433,622534,,,,2.0,,0.0,3.0,,20,2,,3,0,3,0,0,4,4,0,,,,0.053,1.072,,,,,-1.072,,3,3,0.841,0.841,27,24,28,25,1,1,,,,,,,,,,,,,
,2021-03-02,,,,"Duran, Jarren",680776,605276,,ball,,,,,,,S,L,R,BOS,TB,B,,,0,0,2021,,,,,,,,0,3,Bot,,,,,,,,,,,,,,,,,,,,,642141,642336,665138,670764,656821,642715,668227,621433,622534,,,,,,,,,20,1,,3,0,3,0,0,3,3,0,,,,0.002,0.043,,,,,-0.043,,3,3,0.839,0.839,27,24,28,25,1,1,,,,,,,,,,,,,
,2021-03-02,,,,"Duran, Jarren",680776,670046,,ball,,,,,,,S,L,L,BOS,TB,B,,,2,0,2021,,,,,,660620.0,571771.0,2,3,Bot,,,,,,,,,,,,,,,,,,,,,642141,642336,665138,670764,656821,642715,668227,621433,622534,,,,,,,,,29,3,,8,0,8,0,0,8,8,0,,,,0.001,0.071,,,,,-0.071,,8,8,0.985,0.985,25,24,26,25,1,2,,,,,,,,,,,,,
,2021-03-02,,,,"Duran, Jarren",680776,670046,,ball,,,,,,,S,L,L,BOS,TB,B,,,1,0,2021,,,,,,660620.0,571771.0,2,3,Bot,,,,,,,,,,,,,,,,,,,,,642141,642336,665138,670764,656821,642715,668227,621433,622534,,,,,,,,,29,2,,8,0,8,0,0,8,8,0,,,,0.0,0.055,,,,,-0.055,,8,8,0.985,0.985,25,24,26,25,1,2,,,,,,,,,,,,,
,2021-03-02,,,,"Duran, Jarren",680776,670046,,ball,,,,,,,S,L,L,BOS,TB,B,,,0,0,2021,,,,,,660620.0,571771.0,2,3,Bot,,,,,,,,,,,,,,,,,,,,,642141,642336,665138,670764,656821,642715,668227,621433,622534,,,,,,,,,29,1,,8,0,8,0,0,8,8,0,,,,0.0,0.035,,,,,-0.035,,8,8,0.985,0.985,25,24,26,25,1,2,,,,,,,,,,,,,
,2021-03-02,,,,"Duran, Jarren",680776,608379,field_out,hit_into_play,,,,,,Jarren Duran flies out to center fielder Brett Phillips.,S,L,R,BOS,TB,X,8.0,fly_ball,0,0,2021,,,,,,,571771.0,0,1,Bot,129.54,74.98,,,,,,,,,,,,,,,,,,,642141,642336,665138,670764,656821,642715,668227,621433,622534,,,,0.0,,0.0,0.0,,5,1,,0,0,0,0,0,0,0,0,,,,-0.032,-0.259,,,,,0.259,,0,0,0.583,0.583,29,24,30,25,1,0,,,,,,,,,,,,,
,2021-03-02,,,,"Duran, Jarren",680776,595411,field_out,hit_into_play,,,,,,"Jarren Duran grounds out, second baseman Xavier Edwards to first baseman Miles Mastrobuoni.",S,L,L,BOS,TB,X,4.0,ground_ball,0,0,2021,,,,,,,,0,6,Bot,150.74,160.38,,,,,,,,,,,,,,,,,,,642141,641929,670156,669364,606019,660644,664770,624416,664332,,,,0.0,,0.0,0.0,,51,1,,8,1,8,1,1,8,8,1,,,,-0.001,-0.269,,,,,0.269,,7,7,0.993,0.993,31,24,31,25,1,3,,,,,,,,,,,,,
,2021-03-01,,,,"Duran, Jarren",680776,554431,strikeout,swinging_strike,,,,,,Jarren Duran strikes out swinging.,S,L,L,BOS,ATL,S,2.0,,0,2,2021,,,,,,,,2,6,Bot,,,,,,,,,,,,,,,,,,,,,642143,664966,668787,453527,680769,669699,671221,681909,641513,,,,0.0,,0.0,0.0,,57,3,,2,4,2,4,4,2,2,4,,,,0.038,-0.159,,,,,0.159,,-2,-2,0.086,0.086,30,24,31,25,1,0,,,,,,,,,,,,,
,2021-03-01,,,,"Duran, Jarren",680776,554431,,swinging_strike,,,,,,,S,L,L,BOS,ATL,S,,,0,1,2021,,,,,,,,2,6,Bot,,,,,,,,,,,,,,,,,,,,,642143,664966,668787,453527,680769,669699,671221,681909,641513,,,,,,,,,57,2,,2,4,2,4,4,2,2,4,,,,-0.004,-0.063,,,,,0.063,,-2,-2,0.09,0.09,30,24,31,25,1,0,,,,,,,,,,,,,
,2021-03-01,,,,"Duran, Jarren",680776,554431,,swinging_strike,,,,,,,S,L,L,BOS,ATL,S,,,0,0,2021,,,,,,,,2,6,Bot,,,,,,,,,,,,,,,,,,,,,642143,664966,668787,453527,680769,669699,671221,681909,641513,,,,,,,,,57,1,,2,4,2,4,4,2,2,4,,,,-0.003,-0.047,,,,,0.047,,-2,-2,0.093,0.093,30,24,31,25,1,0,,,,,,,,,,,,,
