pitch_type,game_date,release_speed,release_pos_x,release_pos_z,player_name,batter,pitcher,events,description,spin_dir,spin_rate_deprecated,break_angle_deprecated,break_length_deprecated,zone,des,game_type,stand,p_throws,home_team,away_team,type,hit_location,bb_type,balls,strikes,game_year,pfx_x,pfx_z,plate_x,plate_z,on_3b,on_2b,on_1b,outs_when_up,inning,inning_topbot,hc_x,hc_y,tfs_deprecated,tfs_zulu_deprecated,umpire,sv_id,vx0,vy0,vz0,ax,ay,az,sz_top,sz_bot,hit_distance_sc,launch_speed,launch_angle,effective_speed,release_spin_rate,release_extension,game_pk,fielder_2,fielder_3,fielder_4,fielder_5,fielder_6,fielder_7,fielder_8,fielder_9,release_pos_y,estimated_ba_using_speedangle,estimated_woba_using_speedangle,woba_value,woba_denom,babip_value,iso_value,launch_speed_angle,at_bat_number,pitch_number,pitch_name,home_score,away_score,bat_score,fld_score,post_away_score,post_home_score,post_bat_score,post_fld_score,if_fielding_alignment,of_fielding_alignment,spin_axis,delta_home_win_exp,delta_run_exp,bat_speed,swing_length,miss_distance,estimated_slg_using_speedangle,delta_pitcher_run_exp,hyper_speed,home_score_diff,bat_score_diff,home_win_exp,bat_win_exp,age_pit_legacy,age_bat_legacy,age_pit,age_bat,n_thruorder_pitcher,n_priorpa_thisgame_player_at_bat,pitcher_days_since_prev_game,batter_days_since_prev_game,pitcher_days_until_next_game,batter_days_until_next_game,api_break_z_with_gravity,api_break_x_arm,api_break_x_batter_in,arm_angle,attack_angle,attack_direction,swing_path_tilt,intercept_ball_minus_batter_pos_x_inches,intercept_ball_minus_batter_pos_y_inches
KC,2023-08-20,83.5,-1.06,5.87,"Duran, Jarren",680776,657376,strikeout,swinging_strike,,,,,14.0,Jarren Duran strikes out swinging.,R,L,R,NYY,BOS,S,2.0,,0,2,2023,1.49,-0.54,0.342904917169133,1.0681138337174296,,,,2,4,Top,,,,,,,0.2872321078180427,-121.60263362491207,-3.4977618495766434,14.58039263325347,26.470213584600156,-36.91669635698265,3.42,1.71,,,,83.0,2905.0,6.2,716928,543309,518934,650402,643396,683011,641856,664056,641343,54.35,,0.0,0.0,1.0,0.0,0.0,,26,3,Knuckle Curve,1,1,1,1,1,1,1,1,Infield shade,Standard,44.0,0.008,-0.169,72.0,9.0,0.597993384,,0.169,,0,0,0.552,0.4479999999999999,27,26,27,27,2,1,6.0,1.0,6.0,,3.83,-1.49,1.49,42.2,13.302770871188304,-19.935654754858724,33.19923399081206,36.99519930713825,36.794628911864145
FC,2023-08-20,90.7,-1.49,5.57,"Duran, Jarren",680776,657376,,foul,,,,,6.0,,R,L,R,NYY,BOS,S,,,0,1,2023,0.2,0.43,0.5652588499341685,2.492664778230644,,,,2,4,Top,,,,,,,4.711699451320118,-132.12377920609913,-2.701866055427763,1.3803067799279405,27.680620188054657,-26.819534807733937,3.42,1.71,130.0,68.0,69.0,90.9,2716.0,6.3,716928,543309,518934,650402,643396,683011,641856,664056,641343,54.19,,,,,,,,26,2,Cutter,1,1,1,1,1,1,1,1,Infield shade,Standard,186.0,0.003,-0.061,72.8,7.6,,,0.061,88.0,0,0,0.549,0.4509999999999999,27,26,27,27,2,1,6.0,1.0,6.0,,2.34,-0.2,0.2,35.2,2.282414922281166,1.7627839662096574,34.49430721927371,33.46385362722479,25.320523762706365
SI,2023-08-20,93.0,-1.15,5.47,"Duran, Jarren",680776,657376,,foul,,,,,2.0,,R,L,R,NYY,BOS,S,,,0,0,2023,-0.96,0.65,0.0687891251233939,3.094500157684476,,,,2,4,Top,,,,,,,5.227028341105356,-135.4464426301578,-1.7601702517462496,-12.91732464539644,29.296336341324483,-23.955047819556253,3.42,1.71,,,,93.3,2647.0,6.4,716928,543309,518934,650402,643396,683011,641856,664056,641343,54.12,,,,,,,,26,1,Sinker,1,1,1,1,1,1,1,1,Infield shade,Standard,219.0,0.002,-0.045,74.3,7.3,,,0.045,,0,0,0.547,0.4529999999999999,27,26,27,27,2,1,6.0,1.0,6.0,,1.98,0.96,-0.96,34.4,-1.3277354114353277,16.87991584314708,28.256757535003892,39.90262606403381,19.01917877963823
ST,2023-08-20,85.6,-1.91,5.49,"Duran, Jarren",680776,657376,walk,ball,,,,,11.0,Jarren Duran walks.,R,L,R,NYY,BOS,B,,,3,1,2023,0.8,0.45,-1.1718874360050455,2.786953290207242,,,,1,2,Top,,,,,,,0.1239859799460227,-124.80790603896598,-1.1203587575284746,8.422277378995393,21.93811574555704,-27.395716488412223,3.36616900006087,1.63171375300402,,,,85.6,2802.0,5.9,716928,543309,518934,650402,643396,683011,641856,664056,641343,54.62,,0.695903,0.7,1.0,0.0,0.0,,10,5,Sweeper,0,1,1,0,1,0,1,0,Infield shade,Standard,104.0,-0.014,0.255,,,,,-0.255,,-1,1,0.409,0.591,27,26,27,27,1,0,6.0,1.0,6.0,,2.61,-0.8,0.8,31.9,,,,,
ST,2023-08-20,85.4,-1.83,5.38,"Duran, Jarren",680776,657376,,ball,,,,,13.0,,R,L,R,NYY,BOS,B,,,2,1,2023,0.49,0.13,-0.2036715407720446,1.1202484674054651,,,,1,2,Top,,,,,,,2.8471489628081987,-124.47751346239416,-4.099433879870558,4.657237086644362,22.192383843913937,-30.25720687505188,3.33996434339446,1.60562768915594,,,,86.0,2840.0,6.3,716928,543309,518934,650402,643396,683011,641856,664056,641343,54.19,,,,,,,,10,4,Sweeper,0,1,1,0,1,0,1,0,Infield shade,Standard,96.0,-0.007,0.122,,,,,-0.122,,-1,1,0.416,0.5840000000000001,27,26,27,27,1,0,6.0,1.0,6.0,,2.96,-0.49,0.49,26.8,,,,,
FC,2023-08-20,91.1,-1.42,5.6,"Duran, Jarren",680776,657376,,ball,,,,,12.0,,R,L,R,NYY,BOS,B,,,1,1,2023,0.28,0.67,1.6161097091576304,3.4800402376790833,,,,1,2,Top,,,,,,,7.027968125316347,-132.663153432198,-0.953683255799998,2.0487329230631053,23.80128173666725,-24.152746139450084,3.44479868775855,1.65780171338955,,,,91.8,2556.0,6.3,716928,543309,518934,650402,643396,683011,641856,664056,641343,54.17,,,,,,,,10,3,Cutter,0,1,1,0,1,0,1,0,Infield shade,Standard,208.0,-0.003,0.054,,,,,-0.054,,-1,1,0.419,0.581,27,26,27,27,1,0,6.0,1.0,6.0,,2.04,-0.28,0.28,32.7,,,,,
ST,2023-08-20,85.8,-2.07,5.46,"Duran, Jarren",680776,657376,,called_strike,,,,,1.0,,R,L,R,NYY,BOS,S,,,1,0,2023,0.84,0.17,-0.42134722802751,3.075284046351051,,,,1,2,Top,,,,,,,2.197351291215259,-125.15148599050704,0.1196341725005953,8.666872436177817,19.60168503982475,-30.5675526347342,3.31376229002927,1.55346118136764,,,,86.2,2851.0,5.9,716928,543309,518934,650402,643396,683011,641856,664056,641343,54.58,,,,,,,,10,2,Sweeper,0,1,1,0,1,0,1,0,Infield shade,Standard,90.0,0.003,-0.05,,,,,0.05,,-1,1,0.416,0.5840000000000001,27,26,27,27,1,0,6.0,1.0,6.0,,2.86,-0.84,0.84,28.2,,,,,
SI,2023-08-20,92.6,-1.73,5.37,"Duran, Jarren",680776,657376,,ball,,,,,14.0,,R,L,R,NYY,BOS,B,,,0,0,2023,-0.55,0.34,0.6656900263973652,0.6194937240384386,,,,1,2,Top,,,,,,,7.353307951335779,-134.67199960655094,-7.1793530369364085,-8.1540912814843,25.70650922435396,-26.71287297452538,3.47101385465239,1.70998339277079,,,,93.4,2420.0,6.5,716928,543309,518934,650402,643396,683011,641856,664056,641343,53.97,,,,,,,,10,1,Sinker,0,1,1,0,1,0,1,0,Infield shade,Standard,227.0,-0.002,0.039,,,,,-0.039,,-1,1,0.418,0.5820000000000001,27,26,27,27,1,0,6.0,1.0,6.0,,2.29,0.55,-0.55,27.8,,,,,
SI,2023-08-20,98.6,-2.14,5.5,"Duran, Jarren",680776,642528,field_out,hit_into_play,,,,,13.0,"Jarren Duran grounds out, third baseman Isiah Kiner-Falefa to first baseman DJ LeMahieu.",R,L,R,NYY,BOS,X,5.0,ground_ball,3,2,2023,-1.55,0.52,-0.9785312384249982,2.404693740736705,,,,1,8,Top,114.48,170.26,,,,,6.783448746934421,-143.39365912385804,-4.155704656346238,-22.972787259004463,34.08650458404498,-24.25164724101105,3.42,1.71,2.0,73.3,-48.0,98.6,2237.0,6.4,716928,666163,518934,650402,643396,683011,656185,664056,641856,54.11,0.213,0.199,0.0,1.0,0.0,0.0,2.0,64,6,Sinker,5,5,5,5,5,5,5,5,Standard,Standard,228.0,0.043,-0.328,70.1,7.1,,0.217,0.328,88.0,0,0,0.539,0.4609999999999999,28,26,29,27,1,3,1.0,1.0,2.0,,1.83,1.55,-1.55,42.4,-3.6188830802156455,18.193401101775507,27.528639758769742,50.976961404137896,12.180807326502729
SI,2023-08-20,99.5,-1.89,5.56,"Duran, Jarren",680776,642528,,ball,,,,,14.0,,R,L,R,NYY,BOS,B,,,2,2,2023,-1.54,1.01,0.3704192877166192,0.5700328032741198,,,,1,8,Top,,,,,,,9.809057669495632,-144.2256955140705,-10.592142750766884,-23.82601718405608,36.3353419701998,-15.64288461861988,3.47133556982652,1.68407348359575,,,,99.1,2215.0,6.5,716928,666163,518934,650402,643396,683011,656185,664056,641856,54.03,,,,,,,,64,5,Sinker,5,5,5,5,5,5,5,5,Standard,Standard,229.0,-0.012,0.094,,,,,-0.094,,0,0,0.551,0.4489999999999999,28,26,29,27,1,3,1.0,1.0,2.0,,1.33,1.54,-1.54,46.7,,,,,
SI,2023-08-20,98.6,-2.22,5.56,"Duran, Jarren",680776,642528,,swinging_strike,,,,,14.0,,R,L,R,NYY,BOS,S,,,2,1,2023,-1.48,1.1,0.3758664670149696,1.1944759708489538,,,,1,8,Top,,,,,,,10.519214743287804,-142.9947346476496,-8.944710745019451,-22.83685504698865,34.408086761762206,-15.106786070308395,3.42,1.71,,,,98.6,2214.0,6.6,716928,666163,518934,650402,643396,683011,656185,664056,641856,53.94,,,,,,,,64,4,Sinker,5,5,5,5,5,5,5,5,Standard,Standard,229.0,0.01,-0.076,63.1,7.4,0.42491322,,0.076,,0,0,0.541,0.4589999999999999,28,26,29,27,1,3,1.0,1.0,2.0,,1.27,1.48,-1.48,42.3,-6.619854692895041,8.67457305508385,39.81359933517839,35.937298340482194,16.551409103131103
CH,2023-08-20,92.1,-1.91,5.74,"Duran, Jarren",680776,642528,,ball,,,,,14.0,,R,L,R,NYY,BOS,B,,,1,1,2023,-1.53,0.74,0.4343551957642739,0.908868940808968,,,,1,8,Top,,,,,,,9.262905906097345,-133.63817140503875,-7.9819913687598545,-20.327612825296622,30.374050823829897,-21.67980256690953,3.44511845590925,1.76236420454198,,,,91.7,2043.0,6.4,716928,666163,518934,650402,643396,683011,656185,664056,641856,54.14,,,,,,,,64,3,Changeup,5,5,5,5,5,5,5,5,Infield shade,Standard,237.0,-0.007,0.054,,,,,-0.054,,0,0,0.548,0.4519999999999999,28,26,29,27,1,3,1.0,1.0,2.0,,1.98,1.53,-1.53,53.2,,,,,
SI,2023-08-20,99.1,-2.07,5.54,"Duran, Jarren",680776,642528,,ball,,,,,14.0,,R,L,R,NYY,BOS,B,,,0,1,2023,-1.47,1.05,0.3585378590499537,0.6670091876866703,,,,1,8,Top,,,,,,,10.07508275242794,-143.65900984248515,-10.322723443035514,-22.720983313613026,34.01367027131543,-15.300226612676308,3.55000269115033,1.6579804222694,,,,99.0,2179.0,6.5,716928,666163,518934,650402,643396,683011,656185,664056,641856,54.01,,,,,,,,64,2,Sinker,5,5,5,5,5,5,5,5,Infield shade,Standard,228.0,-0.003,0.03,,,,,-0.03,,0,0,0.551,0.4489999999999999,28,26,29,27,1,3,1.0,1.0,2.0,,1.29,1.47,-1.47,46.4,,,,,
SI,2023-08-20,94.9,-2.38,5.71,"Duran, Jarren",680776,650633,single,hit_into_play,,,,,5.0,Jarren Duran singles on a sharp line drive to center fielder Harrison Bader. Masataka Yoshida to 2nd.,R,L,R,NYY,BOS,X,8.0,line_drive,2,2,2023,-1.53,0.15,-0.1038778932427928,2.381174775045809,,,807799.0,2,6,Top,96.56,74.24,,,,,9.405394937507571,-137.8964659901607,-3.350663217742869,-21.614235218940788,31.915701995725673,-29.729376340087477,3.42,1.71,271.0,103.8,11.0,95.0,2208.0,6.5,716928,543309,518934,650402,643396,683011,641856,664056,641343,53.99,0.924,0.914,0.9,1.0,1.0,0.0,4.0,42,6,Sinker,1,2,2,1,2,1,2,1,Standard,Standard,213.0,-0.027,0.414,70.1,7.0,,1.192,-0.414,103.8,-1,1,0.374,0.626,28,26,28,27,1,2,4.0,1.0,4.0,,2.4,1.53,-1.53,30.6,-2.655789802425468,12.509555616128834,32.021974877601814,39.83725938012126,21.6799745415096
CU,2023-08-20,87.2,-2.13,5.65,"Duran, Jarren",680776,642528,,swinging_strike,,,,,14.0,,R,L,R,NYY,BOS,S,,,0,0,2023,0.83,0.26,1.0991168101984794,2.222620679755496,,,,1,8,Top,,,,,,,6.07433714113136,-126.738325480562,-2.4767155178753244,7.331771120632027,30.98728934062591,-29.103238010374127,3.42,1.71,,,,86.9,2627.0,6.6,716928,666163,518934,650402,643396,683011,656185,664056,641856,53.88,,,,,,,,64,1,Curveball,5,5,5,5,5,5,5,5,Infield shade,Standard,74.0,0.005,-0.041,75.4,8.4,1.33114668,,0.041,,0,0,0.546,0.4539999999999999,28,26,29,27,1,3,1.0,1.0,2.0,,2.8,-0.83,0.83,55.8,22.745780153934707,-22.586004442964743,31.812031548448008,27.93036147544016,37.20392741868679
FF,2023-08-20,97.0,-2.29,6.0,"Duran, Jarren",680776,650633,,foul,,,,,4.0,,R,L,R,NYY,BOS,S,,,2,2,2023,-0.71,1.36,-0.3457518404652815,2.4477863657000087,,,807799.0,2,6,Top,,,,,,,6.806440922174001,-140.97873906582893,-7.0291528054653885,-11.110570676878105,33.2368208970303,-12.654789077598592,3.42,1.71,100.0,75.2,20.0,96.7,2355.0,6.2,716928,543309,518934,650402,643396,683011,641856,664056,641343,54.26,,,,,,,,42,5,4-Seam Fastball,1,2,2,1,2,1,2,1,Standard,Standard,212.0,0.0,0.0,71.6,6.9,,,0.0,88.0,-1,1,0.374,0.626,28,26,28,27,1,2,4.0,1.0,4.0,,1.08,0.71,-0.71,42.4,-12.596662078733152,21.577011089085975,36.347538068067976,43.42606985891744,9.999741240343454
CH,2023-08-20,86.6,-2.74,5.58,"Duran, Jarren",680776,650633,,ball,,,,,11.0,,R,L,R,NYY,BOS,B,,,1,2,2023,-1.32,0.46,-1.520590392534871,2.573852521581691,,,807799.0,2,6,Top,,,,,,,5.635662055394337,-126.05915577549676,-1.9034692492061425,-15.275932359792826,26.141420129668283,-27.091319924229012,3.39269206394038,1.71016845650058,,,,86.7,1811.0,6.4,716928,543309,518934,650402,643396,683011,641856,664056,641343,54.13,,,,,,,,42,4,Changeup,1,2,2,1,2,1,2,1,Infield shade,Standard,245.0,-0.004,0.034,,,,,-0.034,,-1,1,0.378,0.622,28,26,28,27,1,2,4.0,1.0,4.0,,2.58,1.32,-1.32,27.2,,,,,
CH,2023-08-20,87.0,-2.75,5.39,"Duran, Jarren",680776,650633,,ball,,,,,13.0,,R,L,R,NYY,BOS,B,,,0,2,2023,-1.56,0.61,-2.6387441551894044,2.2790294329532848,,,807799.0,2,6,Top,,,,,,,3.4703313295810636,-126.71518788424888,-2.503304039380263,-17.47335056363002,27.119189178719417,-25.3603446751193,3.41890395701487,1.6318892554881,,,,86.9,2068.0,6.3,716928,543309,518934,650402,643396,683011,641856,664056,641343,54.21,,,,,,,,42,3,Changeup,1,2,2,1,2,1,2,1,Standard,Standard,249.0,-0.002,0.02,,,,,-0.02,,-1,1,0.38,0.62,28,26,28,27,1,2,4.0,1.0,4.0,,2.41,1.56,-1.56,24.9,,,,,
FF,2023-08-20,96.1,-2.54,5.99,"Duran, Jarren",680776,650633,,called_strike,,,,,4.0,,R,L,R,NYY,BOS,S,,,0,1,2023,-0.6,1.36,-0.710347922999014,2.302479337567614,,,807799.0,2,6,Top,,,,,,,6.1613127120165885,-139.71160971384626,-7.202740776445116,-9.31215654732972,32.37912438930978,-12.854249804187573,3.41890395701487,1.60579996610279,,,,95.3,2320.0,5.9,716928,543309,518934,650402,643396,683011,641856,664056,641343,54.56,,,,,,,,42,2,4-Seam Fastball,1,2,2,1,2,1,2,1,Infield shade,Standard,216.0,0.006,-0.055,,,,,0.055,,-1,1,0.374,0.626,28,26,28,27,1,2,4.0,1.0,4.0,,1.11,0.6,-0.6,37.3,,,,,
ST,2023-08-20,80.8,-2.91,5.58,"Duran, Jarren",680776,650633,,swinging_strike,,,,,14.0,,R,L,R,NYY,BOS,S,,,0,0,2023,1.64,0.17,0.1968446820284852,1.143679167515974,,,807799.0,2,6,Top,,,,,,,3.797160314072635,-117.6111035190938,-3.4769111013552036,14.22726296195383,25.08830750113028,-30.116069879257868,3.42,1.71,,,,80.3,2758.0,6.2,716928,543309,518934,650402,643396,683011,641856,664056,641343,54.26,,,,,,,,42,1,Sweeper,1,2,2,1,2,1,2,1,Infield shade,Standard,61.0,0.004,-0.045,83.1,9.5,6.112949988,,0.045,,-1,1,0.37,0.63,28,26,28,27,1,2,4.0,1.0,4.0,,3.36,-1.64,1.64,28.9,25.446974035372573,-27.856687750158756,35.469860568658234,39.21576003735497,50.61855373458695
FF,2023-08-19,98.1,-2.06,5.93,"Duran, Jarren",680776,543037,strikeout,called_strike,,,,,9.0,Jarren Duran called out on strikes.,R,L,R,NYY,BOS,S,2.0,,2,2,2023,-0.83,1.54,0.733879950735638,1.5134393931362586,,,,2,3,Top,,,,,,,9.47131231373115,-142.28651140807102,-10.010397535503978,-13.52759328100451,33.55319193951914,-9.003437177810113,3.4102202111107,1.6057609095146,,,,97.9,2539.0,6.4,716943,666163,518934,650402,643396,683011,656185,664056,592450,54.06,,0.0,0.0,1.0,0.0,0.0,,21,5,4-Seam Fastball,0,4,4,0,4,0,4,0,Standard,Standard,213.0,0.004,-0.233,,,,,0.233,,-4,4,0.16,0.84,32,26,33,27,2,1,6.0,1.0,6.0,1.0,0.85,0.83,-0.83,41.2,,,,,
SL,2023-08-19,89.4,-2.43,5.87,"Duran, Jarren",680776,543037,,ball,,,,,13.0,,R,L,R,NYY,BOS,B,,,1,2,2023,0.39,0.13,-0.9269615924173876,1.33474471619602,,,,2,3,Top,,,,,,,2.8654404081613096,-130.189109003795,-5.478253055850785,3.9022285558883887,25.724188916959452,-29.82925445607334,3.4102202111107,1.6057609095146,,,,89.5,2640.0,6.2,716943,666163,518934,650402,643396,683011,656185,664056,592450,54.32,,,,,,,,21,4,Slider,0,4,4,0,4,0,4,0,Standard,Standard,115.0,-0.001,0.041,,,,,-0.041,,-4,4,0.161,0.839,32,26,33,27,2,1,6.0,1.0,6.0,1.0,2.71,-0.39,0.39,35.1,,,,,
FF,2023-08-19,98.5,-2.22,6.07,"Duran, Jarren",680776,543037,,ball,,,,,11.0,,R,L,R,NYY,BOS,B,,,0,2,2023,-0.37,1.53,-1.1135339060807583,2.8822165602764502,,,,2,3,Top,,,,,,,3.8630525084357625,-143.3197121493403,-6.7413295262151305,-6.002075479140887,34.98628122895511,-9.707787271844914,3.43643000036257,1.65792871429059,,,,98.3,2471.0,6.3,716943,666163,518934,650402,643396,683011,656185,664056,592450,54.18,,,,,,,,21,3,4-Seam Fastball,0,4,4,0,4,0,4,0,Standard,Standard,209.0,0.0,0.022,,,,,-0.022,,-4,4,0.161,0.839,32,26,33,27,2,1,6.0,1.0,6.0,1.0,0.83,0.37,-0.37,42.1,,,,,
FC,2023-08-19,92.5,-2.18,6.04,"Duran, Jarren",680776,543037,,swinging_strike,,,,,12.0,,R,L,R,NYY,BOS,S,,,0,1,2023,0.46,0.81,0.2758907501848976,3.74050544933581,,,,2,3,Top,,,,,,,5.255277992411418,-134.67194379637064,-1.8519294007725855,4.6283639317022995,26.936748147978054,-22.12675598687043,3.41,1.71,,,,92.9,2552.0,6.3,716943,666163,518934,650402,643396,683011,656185,664056,592450,54.2,,,,,,,,21,2,Cutter,0,4,4,0,4,0,4,0,Standard,Standard,184.0,0.001,-0.061,72.5,6.7,1.2853203,,0.061,,-4,4,0.16,0.84,32,26,33,27,2,1,6.0,1.0,6.0,1.0,1.84,-0.46,0.46,42.7,3.318807826402039,12.87476231292363,22.752864436285755,36.74814639195587,19.20085130454871
FF,2023-08-19,98.4,-2.14,6.01,"Duran, Jarren",680776,543037,,foul_tip,,,,,3.0,,R,L,R,NYY,BOS,S,,,0,0,2023,-0.38,1.56,0.4718550759198811,2.9639137201544545,,,,2,3,Top,,,,,,,8.002563820177567,-142.97987448486847,-6.438902417242846,-7.149748949918621,34.89902050783384,-9.409913334762877,3.41,1.71,,,,98.7,2455.0,6.7,716943,666163,518934,650402,643396,683011,656185,664056,592450,53.84,,,,,,,,21,1,4-Seam Fastball,0,4,4,0,4,0,4,0,Infield shade,Standard,210.0,0.001,-0.045,66.3,6.5,,,0.045,,-4,4,0.159,0.841,32,26,33,27,2,1,6.0,1.0,6.0,1.0,0.81,0.38,-0.38,41.9,-3.4987825655381477,19.41766182201413,33.92786736993069,33.62277170707188,15.926500767872648
SL,2023-08-19,88.6,-1.79,5.73,"Duran, Jarren",680776,656061,force_out,hit_into_play,,,,,8.0,"Jarren Duran grounds into a force out, first baseman DJ LeMahieu to shortstop Anthony Volpe. Justin Turner to 3rd. Adam Duvall out at 2nd. Jarren Duran to 1st.",R,L,R,NYY,BOS,X,3.0,ground_ball,3,1,2023,0.03,0.44,0.2201085840768956,2.0284886832918647,,457759.0,594807.0,1,9,Top,140.66,159.21,,,,,4.859357610914289,-128.9987403661763,-3.9044808318637303,-0.6664794058793961,27.29426252232718,-26.65381814479604,3.41,1.71,12.0,74.7,-9.0,88.8,2157.0,6.4,716943,666163,518934,650402,643396,683011,656185,664056,592450,54.07,0.069,0.071,0.0,1.0,0.0,0.0,2.0,71,5,Slider,1,8,8,1,8,1,8,1,Standard,Standard,191.0,0.0,-0.458,73.3,8.4,,0.073,0.458,88.0,-7,7,0.001,0.999,27,26,28,27,2,4,5.0,1.0,5.0,1.0,2.46,-0.03,0.03,37.3,15.048982729560636,-22.629124478596,30.505271312066224,37.819000301562774,41.01577967711434
SL,2023-08-19,89.6,-1.75,5.72,"Duran, Jarren",680776,656061,,ball,,,,,14.0,,R,L,R,NYY,BOS,B,,,2,1,2023,0.34,0.64,1.4966223826869784,0.2579311537678128,,457759.0,594807.0,1,9,Top,,,,,,,7.318917148673027,-130.11449123802274,-8.848570367643672,2.2389279805268965,28.369669857993205,-23.149577685591684,3.33183028302898,1.57980013539295,,,,89.7,2211.0,6.6,716943,666163,518934,650402,643396,683011,656185,664056,592450,53.92,,,,,,,,71,4,Slider,1,8,8,1,8,1,8,1,Standard,Standard,209.0,0.0,0.104,,,,,-0.104,,-7,7,0.001,0.999,27,26,28,27,2,4,5.0,1.0,5.0,1.0,2.22,-0.34,0.34,38.4,,,,,
CH,2023-08-19,89.1,-1.36,5.65,"Duran, Jarren",680776,656061,,ball,,,,,14.0,,R,L,R,NYY,BOS,B,,,1,1,2023,-1.54,0.67,0.6031247753899589,1.2516286228252826,,457759.0,594807.0,1,9,Top,,,,,,,8.130045598908621,-129.4205445910386,-6.197153175819874,-18.984100948999895,28.105789604020465,-23.471433115256644,3.4104481890461,1.57980013539295,,,,89.7,2073.0,6.9,716943,666163,518934,650402,643396,683011,656185,664056,592450,53.62,,,,,,,,71,3,Changeup,1,8,8,1,8,1,8,1,Standard,Standard,246.0,0.0,0.039,,,,,-0.039,,-7,7,0.001,0.999,27,26,28,27,2,4,5.0,1.0,5.0,1.0,2.22,1.54,-1.54,41.3,,,,,
FF,2023-08-19,96.7,-1.26,5.85,"Duran, Jarren",680776,656061,,ball,,,,,12.0,,R,L,R,NYY,BOS,B,,,0,1,2023,-0.84,1.2,0.2494891681485928,4.737156397063137,,457759.0,594807.0,1,9,Top,,,,,,,5.969202412835112,-140.74294798420607,-0.1292567708561732,-12.505397012855632,33.302282371406875,-16.438245569777415,3.4104481890461,1.57980013539295,,,,97.1,1967.0,6.6,716943,666163,518934,650402,643396,683011,656185,664056,592450,53.89,,,,,,,,71,2,4-Seam Fastball,1,8,8,1,8,1,8,1,Standard,Standard,221.0,0.0,0.031,,,,,-0.031,,-7,7,0.001,0.999,27,26,28,27,2,4,5.0,1.0,5.0,1.0,1.24,0.84,-0.84,44.1,,,,,
SI,2023-08-19,98.3,-1.31,5.75,"Duran, Jarren",680776,656061,,foul,,,,,8.0,,R,L,R,NYY,BOS,S,,,0,0,2023,-0.76,1.34,0.0516065113294748,2.1417609616214803,,457759.0,594807.0,1,9,Top,,,,,,,5.478167153226369,-142.91729644694863,-7.470793243789109,-11.602154106767868,31.98537600828275,-12.272006724356068,3.41,1.71,273.0,82.4,37.0,99.2,2056.0,6.8,716943,666163,518934,650402,643396,683011,656185,664056,592450,53.74,,,,,,,,71,1,Sinker,1,8,8,1,8,1,8,1,Standard,Standard,223.0,0.0,-0.04,67.0,6.9,,,0.04,88.0,-7,7,0.001,0.999,27,26,28,27,2,4,5.0,1.0,5.0,1.0,1.02,0.76,-0.76,39.9,-5.834151355804489,18.449564302695777,35.90684210873513,39.328607603684226,14.807121545284588
CH,2023-08-19,91.3,-2.24,5.79,"Duran, Jarren",680776,543037,single,hit_into_play,,,,,8.0,Jarren Duran singles on a line drive to center fielder Harrison Bader. Adam Duvall to 3rd. Jarren Duran to 2nd.,R,L,R,NYY,BOS,X,8.0,line_drive,2,2,2023,-1.22,0.62,-0.1746850530009494,1.6948816886322713,,,594807.0,0,2,Top,142.47,73.17,,,,,7.832002359398162,-132.81697154458087,-5.866194991476728,-15.96401107801015,23.73439401973703,-23.834777048836944,3.41,1.71,294.0,85.0,22.0,92.3,1530.0,6.5,716943,666163,518934,650402,643396,683011,656185,664056,592450,53.96,0.405,0.4,0.9,1.0,1.0,0.0,3.0,9,8,Changeup,0,0,0,0,0,0,0,0,Standard,Standard,233.0,-0.11,0.478,71.6,7.8,,0.519,-0.478,88.0,0,0,0.467,0.5329999999999999,32,26,33,27,1,0,6.0,1.0,6.0,1.0,2.08,1.22,-1.22,41.4,5.030195281579086,-4.595981171461715,34.42610503641744,41.80490480089158,32.089740812146985
FF,2023-08-19,98.2,-2.11,6.05,"Duran, Jarren",680776,543037,,foul,,,,,4.0,,R,L,R,NYY,BOS,S,,,2,2,2023,-0.85,1.49,-0.3525281806932746,2.497856758367587,,,594807.0,0,2,Top,,,,,,,6.710609168508044,-142.74746959701957,-7.590512398529432,-13.147631930644124,32.921121128109945,-10.182011964700507,3.41,1.71,257.0,87.6,46.0,98.2,2476.0,6.3,716943,666163,518934,650402,643396,683011,656185,664056,592450,54.17,,,,,,,,9,7,4-Seam Fastball,0,0,0,0,0,0,0,0,Standard,Standard,210.0,0.0,0.0,74.9,7.2,,,0.0,88.0,0,0,0.467,0.5329999999999999,32,26,33,27,1,0,6.0,1.0,6.0,1.0,0.88,0.85,-0.85,43.5,-3.072403200024264,13.164310832182696,28.94703047630806,43.63131503156863,19.981873747838385
FF,2023-08-19,98.2,-2.18,5.99,"Duran, Jarren",680776,543037,,foul,,,,,3.0,,R,L,R,NYY,BOS,S,,,2,2,2023,-0.76,1.37,0.4688120165822426,3.4558308689848527,,,594807.0,0,2,Top,,,,,,,8.938760226965703,-142.75873822686506,-4.596212680026885,-12.364656900863071,31.08353414347988,-12.470678851696992,3.41,1.71,,,,98.5,2445.0,6.4,716943,666163,518934,650402,643396,683011,656185,664056,592450,54.09,,,,,,,,9,6,4-Seam Fastball,0,0,0,0,0,0,0,0,Standard,Standard,211.0,0.0,0.0,63.7,6.1,,,0.0,,0,0,0.467,0.5329999999999999,32,26,33,27,1,0,6.0,1.0,6.0,1.0,0.98,0.76,-0.76,39.4,-3.718537575451112,18.83431127133187,27.703639105629367,33.48301053149967,16.04761234020118
SL,2023-08-19,89.7,-1.79,5.8,"Duran, Jarren",680776,656061,catcher_interf,foul,,,,,6.0,Jarren Duran reaches on catcher interference by Ben Rortvedt. Masataka Yoshida to 2nd. Jarren Duran to 1st.,R,L,R,NYY,BOS,S,2.0,,0,0,2023,0.43,0.5,0.3830204438348228,2.305626145357321,,,807799.0,1,8,Top,,,,,,,4.477933875221501,-130.6303142047506,-3.719078987720062,3.958443937943273,28.323723898651053,-25.903630759636897,3.41,1.71,,,,90.0,2249.0,6.5,716943,666163,518934,650402,643396,683011,656185,664056,592450,54.03,,,0.7,1.0,0.0,0.0,,59,1,Slider,1,6,6,1,6,1,6,1,Infield shade,Standard,200.0,-0.003,0.438,73.6,7.3,,,-0.438,,-5,5,0.018,0.982,27,26,28,27,1,3,5.0,1.0,5.0,1.0,2.34,-0.43,0.43,38.1,-7.707234811578359,8.759843042291797,37.52536433378821,35.13002513512409,21.73438954764753
CH,2023-08-19,89.8,-2.19,5.9,"Duran, Jarren",680776,543037,,foul,,,,,4.0,,R,L,R,NYY,BOS,S,,,2,2,2023,-1.23,0.64,-0.6971853174250349,2.4038875453538813,,,594807.0,0,2,Top,,,,,,,6.318644767019973,-130.71518574823185,-4.100121507378487,-15.461819610518113,24.649454448564185,-24.175542389084907,3.41,1.71,1.0,67.8,-60.0,90.4,1705.0,6.4,716943,666163,518934,650402,643396,683011,656185,664056,592450,54.11,,,,,,,,9,5,Changeup,0,0,0,0,0,0,0,0,Standard,Standard,231.0,0.0,0.0,67.9,7.6,,,0.0,88.0,0,0,0.467,0.5329999999999999,32,26,33,27,1,0,6.0,1.0,6.0,1.0,2.16,1.23,-1.23,45.5,18.371255150777777,10.08799977438423,24.39599007878615,47.93893329606725,20.575039821825616
FF,2023-08-19,97.9,-2.24,6.07,"Duran, Jarren",680776,543037,,ball,,,,,11.0,,R,L,R,NYY,BOS,B,,,1,2,2023,-0.66,1.5,-0.8857663997507141,2.821878648400065,,,594807.0,0,2,Top,,,,,,,5.191429367843748,-142.3041439370838,-6.708645495639354,-10.238439751447544,34.167668627763376,-10.38941594175298,3.38393907183989,1.55356238339317,,,,97.7,2418.0,6.4,716943,666163,518934,650402,643396,683011,656185,664056,592450,54.15,,,,,,,,9,4,4-Seam Fastball,0,0,0,0,0,0,0,0,Standard,Standard,207.0,-0.006,0.045,,,,,-0.045,,0,0,0.473,0.527,32,26,33,27,1,0,6.0,1.0,6.0,1.0,0.89,0.66,-0.66,40.2,,,,,
FF,2023-08-19,96.7,-2.1,6.12,"Duran, Jarren",680776,543037,,swinging_strike,,,,,1.0,,R,L,R,NYY,BOS,S,,,1,1,2023,-0.66,1.48,-0.8045657205726999,3.1969317678584175,,,594807.0,0,2,Top,,,,,,,4.958550394506501,-140.6536532799253,-5.603846868075103,-9.853949764015091,31.278257547861823,-11.507992072941883,3.41,1.71,,,,96.9,2430.0,6.4,716943,666163,518934,650402,643396,683011,656185,664056,592450,54.14,,,,,,,,9,3,4-Seam Fastball,0,0,0,0,0,0,0,0,Standard,Standard,208.0,0.009,-0.059,63.7,6.9,0.46709148,,0.059,,0,0,0.464,0.536,32,26,33,27,1,0,6.0,1.0,6.0,1.0,0.96,0.66,-0.66,45.6,-2.1831543000491003,25.893183559998675,24.946950574749017,49.60329420741976,5.209472089736604
FF,2023-08-19,96.8,-2.24,6.07,"Duran, Jarren",680776,543037,,ball,,,,,11.0,,R,L,R,NYY,BOS,B,,,0,1,2023,-0.52,1.49,-0.0046826157025978,4.695832197603722,,,594807.0,0,2,Top,,,,,,,7.1346205046502025,-140.81415924197773,-1.489002987512968,-8.537142838165158,33.05592663868354,-12.223525655697674,3.4100720077442,1.60568168096874,,,,96.5,2463.0,6.2,716943,666163,518934,650402,643396,683011,656185,664056,592450,54.3,,,,,,,,9,2,4-Seam Fastball,0,0,0,0,0,0,0,0,Standard,Standard,206.0,-0.003,0.024,,,,,-0.024,,0,0,0.467,0.5329999999999999,32,26,33,27,1,0,6.0,1.0,6.0,1.0,0.95,0.52,-0.52,41.5,,,,,
KC,2023-08-19,83.7,-2.25,6.11,"Duran, Jarren",680776,543037,,foul,,,,,6.0,,R,L,R,NYY,BOS,S,,,0,0,2023,1.04,-0.83,0.6806376365019198,2.8185782929168903,,,594807.0,0,2,Top,,,,,,,4.725131285532575,-121.78358459662674,0.4919614635033023,9.366516743170244,24.741472090167154,-40.745308395974355,3.41,1.71,3.0,,-44.0,83.8,2915.0,6.4,716943,666163,518934,650402,643396,683011,656185,664056,592450,54.07,,,,,,,,9,1,Knuckle Curve,0,0,0,0,0,0,0,0,Standard,Standard,43.0,0.005,-0.036,69.1,6.8,,,0.036,,0,0,0.462,0.538,32,26,33,27,1,0,6.0,1.0,6.0,1.0,4.09,-1.04,1.04,45.2,3.5194729361331754,9.249845498862758,26.818761145171816,31.639084161041502,22.52290799277543
CH,2023-08-19,89.3,-2.36,5.61,"Duran, Jarren",680776,592454,field_out,hit_into_play,,,,,13.0,"Jarren Duran grounds out, first baseman DJ LeMahieu to pitcher Tommy Kahnle.",R,L,R,NYY,BOS,X,3.0,ground_ball,2,2,2023,-1.17,-0.11,-0.1237638085662744,1.3429334724556332,,,,0,6,Top,144.3,173.16,,,,,7.994201165449594,-129.73406508306223,-4.192380865061137,-14.92371382972368,29.415656560462683,-32.678746459207716,3.41,1.71,4.0,90.8,-20.0,89.4,1350.0,6.6,716943,666163,518934,650402,643396,683011,656185,664056,592450,53.89,0.15,0.137,0.0,1.0,0.0,0.0,2.0,42,5,Changeup,0,6,6,0,6,0,6,0,Infield shade,Standard,253.0,0.002,-0.239,72.6,7.9,,0.154,0.239,90.8,-6,6,0.027,0.973,33,26,34,27,1,2,4.0,1.0,3.0,1.0,3.0,1.17,-1.17,32.1,4.7911014580161,-1.7234438678026471,33.025928665542104,41.22142779675876,29.874010997237495
CH,2023-08-19,89.7,-2.01,5.68,"Duran, Jarren",680776,592454,,ball,,,,,14.0,,R,L,R,NYY,BOS,B,,,1,2,2023,-1.07,0.35,0.9224293925446994,0.5391771008640966,,,,0,6,Top,,,,,,,9.583482533833235,-130.225336193518,-7.524932007061094,-14.204705704455607,26.3794105041313,-26.747667723814537,3.38416334635049,1.57975955066504,,,,90.4,1324.0,6.7,716943,666163,518934,650402,643396,683011,656185,664056,592450,53.77,,,,,,,,42,4,Changeup,0,6,6,0,6,0,6,0,Infield shade,Standard,251.0,-0.001,0.046,,,,,-0.046,,-6,6,0.028,0.972,33,26,34,27,1,2,4.0,1.0,3.0,1.0,2.49,1.07,-1.07,35.5,,,,,
FF,2023-08-19,96.0,-1.69,6.05,"Duran, Jarren",680776,592454,,swinging_strike,,,,,12.0,,R,L,R,NYY,BOS,S,,,1,1,2023,-0.29,1.3,0.9470310879300576,3.4902717757569217,,,,0,6,Top,,,,,,,7.6604565745537485,-139.6276779419012,-4.12389499622663,-5.478120190951709,31.917501761466323,-14.426308272618114,3.41,1.71,,,,96.3,2104.0,6.5,716943,666163,518934,650402,643396,683011,656185,664056,592450,53.98,,,,,,,,42,3,4-Seam Fastball,0,6,6,0,6,0,6,0,Infield shade,Standard,197.0,0.001,-0.061,,,,,0.061,,-6,6,0.027,0.973,33,26,34,27,1,2,4.0,1.0,3.0,1.0,1.18,0.29,-0.29,48.9,,,,,
CH,2023-08-19,88.8,-2.26,5.72,"Duran, Jarren",680776,592454,,ball,,,,,14.0,,R,L,R,NYY,BOS,B,,,0,1,2023,-1.1,0.14,0.0168578356557946,0.535396296570672,,,,0,6,Top,,,,,,,7.903228191178949,-129.02535039775026,-6.969226453380666,-13.922994121143336,25.327806488974108,-29.38530020310852,3.38416334635049,1.63192667065339,,,,89.2,1247.0,6.5,716943,666163,518934,650402,643396,683011,656185,664056,592450,53.99,,,,,,,,42,2,Changeup,0,6,6,0,6,0,6,0,Infield shade,Standard,250.0,0.0,0.031,,,,,-0.031,,-6,6,0.027,0.973,33,26,34,27,1,2,4.0,1.0,3.0,1.0,2.75,1.1,-1.1,31.2,,,,,
CH,2023-08-19,88.9,-2.31,5.84,"Duran, Jarren",680776,592454,,foul,,,,,5.0,,R,L,R,NYY,BOS,S,,,0,0,2023,-1.04,0.24,-0.0882639958240021,2.309415913762956,,,,0,6,Top,,,,,,,7.6468603539236,-129.2681957672148,-3.131677645574029,-13.276507532566734,26.48226508039295,-29.017822504165604,3.41,1.71,,,,89.3,1146.0,6.5,716943,666163,518934,650402,643396,683011,656185,664056,592450,53.98,,,,,,,,42,1,Changeup,0,6,6,0,6,0,6,0,Infield shade,Standard,249.0,0.0,-0.042,75.1,8.0,,,0.042,,-6,6,0.027,0.973,33,26,34,27,1,2,4.0,1.0,3.0,1.0,2.64,1.04,-1.04,35.2,13.426310048594514,-7.635425255883176,25.047092785279236,41.16268197269055,34.294129763719006
FF,2023-08-18,94.5,-1.18,6.15,"Duran, Jarren",680776,666745,field_out,hit_into_play,,,,,3.0,Jarren Duran flies out to center fielder Harrison Bader.,R,L,R,NYY,BOS,X,8.0,fly_ball,1,1,2023,-0.57,1.2,0.6067604536809947,3.1802730672148156,,,,0,3,Top,135.83,55.96,,,,,5.897992597494546,-137.52389370843738,-4.7141655140974175,-8.505183453393682,30.946091196164797,-16.0757927206063,3.41,1.71,355.0,95.8,36.0,94.4,2091.0,6.2,716953,666163,641343,650402,518934,683011,641856,664056,519317,54.26,0.199,0.388,0.0,1.0,0.0,0.0,3.0,23,3,4-Seam Fastball,0,7,7,0,7,0,7,0,Infield shade,Standard,225.0,0.003,-0.254,70.0,7.0,,0.767,0.254,95.8,-7,7,0.039,0.961,25,26,25,27,2,1,6.0,1.0,6.0,1.0,1.35,0.57,-0.57,44.9,10.699015415081911,0.3166628680887263,26.273327771608688,33.18207877963729,26.30992997579575
SL,2023-08-18,84.6,-1.1,6.03,"Duran, Jarren",680776,666745,,swinging_strike,,,,,2.0,,R,L,R,NYY,BOS,S,,,1,0,2023,0.13,0.38,0.0464070185431647,3.0908187540606185,,,,0,3,Top,,,,,,,2.3979298874844734,-123.15829575799492,-1.243717697200682,0.8572996710419568,25.097142570020704,-28.26217278379856,3.41,1.71,,,,84.3,1984.0,6.2,716953,666163,641343,650402,518934,683011,641856,664056,519317,54.34,,,,,,,,23,2,Slider,0,7,7,0,7,0,7,0,Infield shade,Standard,185.0,0.001,-0.052,67.8,6.5,0.35665752,,0.052,,-7,7,0.038,0.962,25,26,25,27,2,1,6.0,1.0,6.0,1.0,2.81,-0.13,0.13,46.4,-2.047683731421468,19.596033592286844,26.99550151112872,39.32807674666543,16.434405167861208
CH,2023-08-18,87.5,-1.24,6.11,"Duran, Jarren",680776,666745,,ball,,,,,13.0,,R,L,R,NYY,BOS,B,,,0,0,2023,-1.13,0.42,-1.298681366563406,1.4064016863416977,,,,0,3,Top,,,,,,,2.205911923165854,-127.39920248226233,-6.089860787476741,-12.781231374307923,26.039944206114985,-26.580136858992397,3.43606296707404,1.60556672227099,,,,87.8,1596.0,6.4,716953,666163,641343,650402,518934,683011,641856,664056,519317,54.07,,,,,,,,23,1,Changeup,0,7,7,0,7,0,7,0,Infield shade,Standard,238.0,-0.001,0.04,,,,,-0.04,,-7,7,0.039,0.961,25,26,25,27,2,1,6.0,1.0,6.0,1.0,2.55,1.13,-1.13,49.7,,,,,
SL,2023-08-18,89.3,-2.6,6.22,"Duran, Jarren",680776,641656,field_out,hit_into_play,,,,,7.0,"Jarren Duran grounds out, first baseman Jake Bauers to pitcher Ian Hamilton.",R,L,R,NYY,BOS,X,3.0,ground_ball,1,1,2023,0.04,0.37,-0.5639374318702555,1.7409306226139076,,,,2,5,Top,143.69,168.31,,,,,4.920739150831811,-129.69450621642395,-5.606712488734029,-0.8909822495863777,34.39198954465104,-26.799404552630985,3.41,1.71,7.0,77.9,-13.0,87.9,1574.0,6.2,716953,666163,641343,650402,518934,683011,641856,664056,519317,54.35,0.059,0.071,0.0,1.0,0.0,0.0,2.0,41,3,Slider,1,7,7,1,7,1,7,1,Infield shade,Standard,222.0,0.002,-0.261,,,,0.106,0.261,88.0,-6,6,0.043,0.957,28,26,28,27,1,2,4.0,1.0,5.0,1.0,2.56,-0.04,0.04,41.3,,,,,
FF,2023-08-18,96.3,-2.5,6.26,"Duran, Jarren",680776,641656,,foul,,,,,4.0,,R,L,R,NYY,BOS,S,,,1,0,2023,-0.85,1.39,-0.7385338356134162,2.754612116692283,,,,2,5,Top,,,,,,,6.581445860090713,-139.92322112198354,-6.850942513498377,-12.661641367956932,31.784491557136032,-12.476504373871268,3.41,1.71,207.0,78.3,58.0,95.9,2299.0,6.1,716953,666163,641343,650402,518934,683011,641856,664056,519317,54.35,,,,,,,,41,2,4-Seam Fastball,1,7,7,1,7,1,7,1,Standard,Standard,218.0,0.0,-0.056,67.9,7.3,,,0.056,88.0,-6,6,0.043,0.957,28,26,28,27,1,2,4.0,1.0,5.0,1.0,1.07,0.85,-0.85,50.7,-0.1543117450293647,12.175695896965602,28.634786862897556,49.096336528929584,15.946871694366076
SL,2023-08-18,89.2,-2.69,6.1,"Duran, Jarren",680776,641656,,ball,,,,,14.0,,R,L,R,NYY,BOS,B,,,0,0,2023,0.03,0.4,0.1972978168259759,1.1999119736194457,,,,2,5,Top,,,,,,,6.978481347998142,-129.62159810646833,-6.845018369838883,-1.0388854526405855,26.351598675683725,-26.377537504470553,3.54084708968395,1.63160785302889,,,,88.6,1529.0,5.9,716953,666163,641343,650402,518934,683011,641856,664056,519317,54.56,,,,,,,,41,1,Slider,1,7,7,1,7,1,7,1,Infield shade,Standard,204.0,0.0,0.043,,,,,-0.043,,-6,6,0.043,0.957,28,26,28,27,1,2,4.0,1.0,5.0,1.0,2.46,-0.03,0.03,42.1,,,,,
SI,2023-08-18,97.0,-1.21,6.14,"Duran, Jarren",680776,666745,field_out,hit_into_play,,,,,1.0,Jarren Duran flies out to left fielder Billy McKinney.,R,L,R,NYY,BOS,X,7.0,fly_ball,0,0,2023,-1.33,0.88,-0.279129130417036,2.891974933179763,,,,2,1,Top,60.43,80.93,,,,,5.53905670820161,-141.16923377829346,-5.189100969875873,-19.05908068198105,29.841724770100917,-19.45386603396585,3.41,1.71,334.0,93.4,35.0,97.3,2097.0,6.3,716953,666163,641343,650402,518934,683011,641856,664056,519317,54.19,0.055,0.095,0.0,1.0,0.0,0.0,3.0,7,1,Sinker,0,4,4,0,4,0,4,0,Infield shade,Standard,224.0,0.005,-0.275,68.0,7.5,,0.186,0.275,93.4,-4,4,0.191,0.8089999999999999,25,26,25,27,1,0,6.0,1.0,6.0,1.0,1.53,1.33,-1.33,51.5,8.435081852026155,3.5416121462460715,24.70006711059128,43.31364355245983,22.470136976841452
SI,2023-08-18,94.6,-3.56,5.05,"Duran, Jarren",680776,669711,field_out,hit_into_play,,,,,5.0,Jarren Duran lines out to center fielder Harrison Bader.,R,L,R,NYY,BOS,X,8.0,line_drive,0,0,2023,-1.53,0.13,-0.0255627891431999,2.713285739314013,,,,2,8,Top,97.49,68.72,,,,,12.600222495779766,-137.24159249756002,-0.6603482786024313,-22.046688612565205,29.65216454155594,-30.65012112634436,3.41,1.71,331.0,94.5,20.0,94.6,2076.0,6.4,716953,666163,641343,650402,518934,683011,641856,664056,519317,54.11,0.339,0.39,0.0,1.0,0.0,0.0,4.0,60,1,Sinker,1,7,7,1,7,1,7,1,Infield shade,Standard,239.0,0.0,-0.275,69.2,7.3,,0.584,0.275,94.5,-6,6,0.01,0.99,28,26,28,27,1,3,61.0,1.0,19.0,1.0,2.43,1.53,-1.53,19.6,5.069780743555433,2.594216301994231,32.445955540514696,41.46914885274565,22.105425632540697
FF,2023-08-17,96.6,-1.74,5.7,"Duran, Jarren",680776,640448,double,hit_into_play,,,,,4.0,Jarren Duran doubles (34) on a line drive to left fielder Stone Garrett. Alex Verdugo to 3rd.,R,L,R,WSH,BOS,X,7.0,line_drive,0,0,2023,-0.86,1.14,-0.5153412056572625,2.607543838864144,,,657077.0,0,9,Top,33.42,107.44,,,,,5.2532173186623705,-140.72612429495297,-5.417161080594773,-12.508071683919,26.89382113871191,-15.942878179419369,3.41,1.71,166.0,101.1,6.0,98.0,1912.0,6.7,716966,656180,642086,656308,545121,682928,656448,669743,657041,53.82,0.632,0.588,1.25,1.0,1.0,1.0,4.0,77,1,4-Seam Fastball,10,7,7,10,7,10,7,10,Standard,Standard,217.0,-0.106,0.72,,,,0.713,-0.72,101.1,3,-3,0.925,0.0749999999999999,31,26,32,27,1,0,1.0,2.0,1.0,1.0,1.26,0.86,-0.86,49.6,,,,,
FF,2023-08-15,90.9,-1.57,5.31,"Duran, Jarren",680776,680686,single,hit_into_play,,,,,8.0,Jarren Duran singles on a line drive to right fielder Stone Garrett.,R,L,R,WSH,BOS,X,9.0,line_drive,0,0,2023,-1.22,1.16,-0.1094512353064225,1.707630850070196,,,,0,4,Top,170.16,108.51,,,,,6.180116352266766,-132.3222085072973,-5.595313282854202,-15.60168082560643,25.39253938431959,-17.566359688463233,3.41,1.71,218.0,80.2,18.0,90.1,2067.0,5.5,716993,660688,642086,666906,545121,682928,666164,657041,656448,54.97,0.971,0.908,0.9,1.0,1.0,0.0,4.0,32,1,4-Seam Fastball,4,3,3,4,3,4,3,4,Standard,Standard,225.0,-0.047,0.432,81.3,8.8,,1.081,-0.432,88.0,1,-1,0.623,0.377,25,26,26,27,2,1,7.0,3.0,7.0,2.0,1.58,1.22,-1.22,33.6,0.708293943177924,-20.094803148099302,37.87726020012744,40.6571734068709,36.53026254709118
CU,2023-08-15,81.8,-2.05,5.05,"Duran, Jarren",680776,680686,strikeout,swinging_strike_blocked,,,,,14.0,Jarren Duran strikes out swinging.,R,L,R,WSH,BOS,S,2.0,,1,2,2023,0.13,-0.24,0.720021538211006,0.5745620925722461,,,,1,2,Top,,,,,,,5.90568063130929,-119.16660465293911,-3.120795618133996,0.2240093074254023,20.736592545926374,-34.07001866187573,3.41,1.71,,,,81.0,2381.0,5.4,716993,660688,642086,666906,545121,682928,666164,657041,656448,55.06,,0.0,0.0,1.0,0.0,0.0,,11,4,Curveball,0,1,1,0,1,0,1,0,Standard,Standard,51.0,0.011,-0.189,,,,,0.189,,-1,1,0.422,0.5780000000000001,25,26,26,27,1,0,7.0,3.0,7.0,2.0,3.61,-0.13,0.13,29.0,,,,,
CU,2023-08-15,81.3,-1.74,5.19,"Duran, Jarren",680776,680686,,foul,,,,,14.0,,R,L,R,WSH,BOS,S,,,1,1,2023,0.31,-0.27,0.9987449651307316,1.429549786545317,,,,1,2,Top,,,,,,,5.45325514062943,-118.37400421681416,-1.3633443623424173,2.0327696383067435,20.23389994713336,-34.704363335906834,3.41,1.71,3.0,72.9,-28.0,80.5,2317.0,5.5,716993,660688,642086,666906,545121,682928,666164,657041,656448,55.02,,,,,,,,11,3,Curveball,0,1,1,0,1,0,1,0,Standard,Standard,52.0,0.003,-0.068,68.7,9.0,,,0.068,88.0,-1,1,0.419,0.581,25,26,26,27,1,0,7.0,3.0,7.0,2.0,3.69,-0.31,0.31,31.9,20.33430913868651,-28.014479041142692,34.3495467954477,29.599744381774244,42.34452531750793
FF,2023-08-15,91.6,-1.77,5.31,"Duran, Jarren",680776,680686,,foul,,,,,13.0,,R,L,R,WSH,BOS,S,,,1,0,2023,-0.82,1.36,-0.3792556009319854,1.4272536445902646,,,,1,2,Top,,,,,,,5.222164598035579,-133.2861008225303,-6.834566033179116,-10.89616759452278,27.40727108499271,-14.732957150121708,3.41,1.71,156.0,67.3,26.0,90.8,2161.0,5.7,716993,660688,642086,666906,545121,682928,666164,657041,656448,54.77,,,,,,,,11,2,4-Seam Fastball,0,1,1,0,1,0,1,0,Standard,Standard,216.0,0.003,-0.05,71.5,8.5,,,0.05,88.0,-1,1,0.416,0.5840000000000001,25,26,26,27,1,0,7.0,3.0,7.0,2.0,1.35,0.82,-0.82,35.6,0.0604875942081678,-3.8181860933033778,33.5151695800446,44.98411234954932,24.345936667328974
FF,2023-08-15,92.9,-1.48,5.28,"Duran, Jarren",680776,680686,,ball,,,,,14.0,,R,L,R,WSH,BOS,B,,,0,0,2023,-0.96,1.29,1.2960178313773456,1.9535218677654804,,,,1,2,Top,,,,,,,9.115324489528046,-134.91831199221852,-5.520964485425518,-13.60836034448074,27.81387199494876,-15.4005597728686,3.3910591885713,1.64178899276681,,,,92.2,2130.0,5.9,716993,660688,642086,666906,545121,682928,666164,657041,656448,54.61,,,,,,,,11,1,4-Seam Fastball,0,1,1,0,1,0,1,0,Standard,Standard,217.0,-0.002,0.039,,,,,-0.039,,-1,1,0.418,0.5820000000000001,25,26,26,27,1,0,7.0,3.0,7.0,2.0,1.35,0.96,-0.96,31.8,,,,,
FS,2023-08-15,90.9,-1.91,5.95,"Duran, Jarren",680776,607179,strikeout,swinging_strike,,,,,13.0,Jarren Duran strikes out swinging.,R,L,R,WSH,BOS,S,2.0,,0,2,2023,-0.95,0.64,-1.1889694949434342,1.5182484074840128,,,671213.0,2,8,Top,,,,,,,3.869883620228209,-132.29994817619934,-6.607708582236251,-11.998694299712268,27.89631814651843,-23.458387242364257,3.41,1.71,,,,91.4,1142.0,6.6,716993,660688,642086,666906,545121,682928,666164,657041,656448,53.93,,0.0,0.0,1.0,0.0,0.0,,63,3,Split-Finger,4,5,5,4,5,4,5,4,Standard,Standard,239.0,0.015,-0.186,74.1,8.1,3.286649616,,0.186,,-1,1,0.293,0.7070000000000001,30,26,31,27,1,3,4.0,3.0,1.0,2.0,2.11,0.95,-0.95,46.9,2.6970641074066206,4.0696968262729865,28.868020908982384,52.37000877918635,24.5844780470552
FF,2023-08-15,98.5,-1.92,5.99,"Duran, Jarren",680776,607179,,foul,,,,,4.0,,R,L,R,WSH,BOS,S,,,0,1,2023,-0.72,1.47,-0.3751376772687012,2.6584963242349815,,,671213.0,2,8,Top,,,,,,,5.897606261962943,-143.22199523802544,-7.001598949700032,-11.338838258932151,34.89471620459733,-10.484484352868922,3.41,1.71,92.0,80.1,78.0,98.5,2303.0,6.4,716993,660688,642086,666906,545121,682928,666164,657041,656448,54.07,,,,,,,,63,2,4-Seam Fastball,4,5,5,4,5,4,5,4,Standard,Standard,210.0,0.006,-0.055,74.6,8.0,,,0.055,88.0,-1,1,0.287,0.7130000000000001,30,26,31,27,1,3,4.0,3.0,1.0,2.0,0.89,0.72,-0.72,49.5,11.2123266892891,-0.8759831454442621,27.303246927767606,42.83970410945308,30.45283764902652
FF,2023-08-15,98.8,-1.94,6.04,"Duran, Jarren",680776,607179,,swinging_strike,,,,,1.0,,R,L,R,WSH,BOS,S,,,0,0,2023,-0.75,1.29,-0.8264965223626041,3.3228441738223835,,,671213.0,2,8,Top,,,,,,,4.777983324169599,-143.78811873652063,-4.951966382058138,-11.530330731178829,34.837531654234745,-13.3853016391956,3.41,1.71,,,,98.8,2293.0,6.4,716993,660688,642086,666906,545121,682928,666164,657041,656448,54.12,,,,,,,,63,1,4-Seam Fastball,4,5,5,4,5,4,5,4,Standard,Standard,216.0,0.004,-0.045,,,,,0.045,,-1,1,0.283,0.7170000000000001,30,26,31,27,1,3,4.0,3.0,1.0,2.0,1.06,0.75,-0.75,49.1,,,,,
CH,2023-08-15,90.7,-2.1,5.23,"Duran, Jarren",680776,600921,field_out,hit_into_play,,,,,7.0,"Jarren Duran grounds out softly, catcher Keibert Ruiz to first baseman Dominic Smith.",R,L,R,WSH,BOS,X,2.0,ground_ball,0,0,2023,-1.02,0.48,-0.6800718175008066,2.0417567770822274,,,,1,6,Top,125.9,202.59,,,,,5.808204222340194,-132.06196702466556,-3.146209497783095,-13.18476701452121,25.501014955325928,-26.106596395568943,3.41,1.71,0.0,25.2,-89.0,91.9,1524.0,6.8,716993,660688,642086,666906,545121,682928,666164,657041,656448,53.71,0.225,0.237,0.0,1.0,0.0,0.0,1.0,48,1,Changeup,4,5,5,4,5,4,5,4,Standard,Standard,235.0,0.019,-0.267,67.8,6.8,,0.25,0.267,88.0,-1,1,0.365,0.635,30,26,30,27,1,2,2.0,3.0,2.0,2.0,2.27,1.02,-1.02,33.6,-3.4009167941855143,28.938054073391413,28.943158646867374,48.91910505794432,10.261126204876184
FF,2023-08-12,96.8,-1.92,5.28,"Duran, Jarren",680776,666159,field_out,hit_into_play,,,,,14.0,Jarren Duran lines out to shortstop Zach McKinstry.,R,L,R,BOS,DET,X,6.0,line_drive,1,2,2023,-0.39,1.36,0.8826879921437065,2.1836311664413137,,622569.0,,2,4,Bot,122.22,134.1,,,,,8.442387306885895,-140.67344707202307,-5.91418044652802,-7.003118338137929,29.221382855665656,-12.862354324551722,3.4,1.7,168.0,57.1,36.0,97.9,2221.0,6.8,717033,606992,679529,628451,665155,656716,668731,663837,681481,53.68,0.292,0.263,0.0,1.0,0.0,0.0,1.0,32,5,4-Seam Fastball,1,2,1,2,2,1,1,2,Standard,Standard,211.0,-0.031,-0.205,72.5,7.5,,0.292,0.205,88.0,-1,-1,0.393,0.393,25,26,25,27,2,1,6.0,1.0,7.0,3.0,1.06,0.39,-0.39,36.5,6.575206316233587,-0.6006418290465833,32.94425564470071,29.090615066596243,25.288012208071976
FF,2023-08-12,97.2,-1.85,5.31,"Duran, Jarren",680776,666159,,foul,,,,,4.0,,R,L,R,BOS,DET,S,,,1,2,2023,-0.49,1.28,-0.5212680237421763,2.355355352621267,,622569.0,,2,4,Bot,,,,,,,4.719054962197533,-141.43677269050215,-5.369937364456203,-7.613219447544723,31.093634585530232,-13.962937222430728,3.4,1.7,124.0,96.2,5.0,98.0,2094.0,6.6,717033,606992,679529,628451,665155,656716,668731,663837,681481,53.86,,,,,,,,32,4,4-Seam Fastball,1,2,1,2,2,1,1,2,Standard,Standard,208.0,0.0,0.0,64.7,6.1,,,0.0,96.2,-1,-1,0.393,0.393,25,26,25,27,2,1,6.0,1.0,7.0,3.0,1.13,0.49,-0.49,42.5,-24.900746819550218,37.0115212414631,30.077000811482502,46.4337010218485,3.3158756364904547
CH,2023-08-12,86.5,-2.21,5.37,"Duran, Jarren",680776,666159,,foul,,,,,7.0,,R,L,R,BOS,DET,S,,,1,1,2023,-1.1,0.81,-0.7569498452657946,1.9828947116489115,,622569.0,,2,4,Bot,,,,,,,5.762226751242247,-125.91588148149002,-3.5960871375642753,-12.82606628958446,23.636561381108976,-22.975463826758567,3.4,1.7,195.0,73.6,58.0,87.6,1502.0,6.8,717033,606992,679529,628451,665155,656716,668731,663837,681481,53.72,,,,,,,,32,3,Changeup,1,2,1,2,2,1,1,2,Standard,Standard,230.0,-0.011,-0.064,69.0,8.3,,,0.064,88.0,-1,-1,0.404,0.404,25,26,25,27,2,1,6.0,1.0,7.0,3.0,2.21,1.1,-1.1,44.3,8.31555063633734,4.174468232933398,28.419091473731797,50.2835573194359,23.791733935469633
FF,2023-08-12,95.3,-1.98,5.31,"Duran, Jarren",680776,666159,,ball,,,,,11.0,,R,L,R,BOS,DET,B,,,0,1,2023,-0.3,1.25,-0.076933069843515,3.993440341764747,,622569.0,,2,4,Bot,,,,,,,5.728655548477753,-138.82497153650104,-0.6932661091308658,-4.988265120102836,27.40169208415987,-15.960535216220396,3.44945827482701,1.68291030823376,,,,96.8,2171.0,6.8,717033,606992,679529,628451,665155,656716,668731,663837,681481,53.7,,,,,,,,32,2,4-Seam Fastball,1,2,1,2,2,1,1,2,Standard,Standard,202.0,0.005,0.02,,,,,-0.02,,-1,-1,0.399,0.399,25,26,25,27,2,1,6.0,1.0,7.0,3.0,1.23,0.3,-0.3,42.3,,,,,
FF,2023-08-12,94.8,-2.04,5.4,"Duran, Jarren",680776,666159,,swinging_strike,,,,,2.0,,R,L,R,BOS,DET,S,,,0,0,2023,-0.45,1.25,0.2075517549280733,3.06883916312674,,622569.0,,2,4,Bot,,,,,,,6.945047162477458,-137.9393013195211,-3.285679934549614,-7.275465810131126,29.22948911906378,-15.586807131535789,3.4,1.7,,,,95.7,2113.0,6.7,717033,606992,679529,628451,665155,656716,668731,663837,681481,53.81,,,,,,,,32,1,4-Seam Fastball,1,2,1,2,2,1,1,2,Standard,Standard,201.0,-0.007,-0.046,74.6,6.8,0.575081136,,0.046,,-1,-1,0.406,0.406,25,26,25,27,2,1,6.0,1.0,7.0,3.0,1.27,0.45,-0.45,45.1,-4.542922520243887,22.56355393717992,27.729984482829547,37.4691262820774,12.363273558135624
FF,2023-08-12,94.3,-1.94,5.31,"Duran, Jarren",680776,666159,field_out,hit_into_play,,,,,14.0,Jarren Duran flies out to left fielder Akil Baddoo.,R,L,R,BOS,DET,X,7.0,fly_ball,2,2,2023,-0.4,1.41,0.8370869629005959,2.2712963199350895,,646240.0,622569.0,1,2,Bot,72.07,140.22,,,,,8.219619189000664,-137.0714503261943,-5.4018234821724835,-6.87675371148819,30.470422809021315,-13.361326804125763,3.4,1.7,222.0,72.0,46.0,95.6,2190.0,7.1,717033,606992,679529,628451,665155,656716,668731,663837,681481,53.39,0.171,0.156,0.0,1.0,0.0,0.0,3.0,14,5,4-Seam Fastball,0,1,0,1,1,0,0,1,Standard,Standard,203.0,-0.044,-0.198,68.1,7.0,,0.204,0.198,88.0,-1,-1,0.481,0.481,25,26,25,27,1,0,6.0,1.0,7.0,3.0,1.16,0.4,-0.4,52.0,-1.2379960235293093,2.2204105553865765,37.16726015140289,29.626088771169897,23.77243942692201
FF,2023-08-12,92.4,-1.99,5.29,"Duran, Jarren",680776,666159,,called_strike,,,,,8.0,,R,L,R,BOS,DET,S,,,2,1,2023,-0.19,1.42,-0.0068985846401121,2.1778563593200855,,646240.0,622569.0,1,2,Bot,,,,,,,5.557401570425844,-134.48354065759003,-5.293680921763841,-3.501506325222397,27.93269928195999,-14.005023011188388,3.45013672359447,1.71318258531713,,,,93.8,2151.0,7.0,717033,606992,679529,628451,665155,656716,668731,663837,681481,53.47,,,,,,,,14,4,4-Seam Fastball,0,1,0,1,1,0,0,1,Standard,Standard,204.0,-0.015,-0.07,,,,,0.07,,-1,-1,0.496,0.496,25,26,25,27,1,0,6.0,1.0,7.0,3.0,1.24,0.19,-0.19,48.3,,,,,
FF,2023-08-12,93.0,-1.99,5.32,"Duran, Jarren",680776,666159,,called_strike,,,,,2.0,,R,L,R,BOS,DET,S,,,2,0,2023,-0.39,1.49,-0.1284370986447732,3.28823896726148,,646240.0,622569.0,1,2,Bot,,,,,,,5.683560730047164,-135.28890255395143,-2.705464224385974,-6.045026065894086,30.34361212621717,-13.55407388904582,3.4797325721669,1.74280019411637,,,,93.9,2111.0,6.9,717033,606992,679529,628451,665155,656716,668731,663837,681481,53.58,,,,,,,,14,3,4-Seam Fastball,0,1,0,1,1,0,0,1,Standard,Standard,201.0,-0.013,-0.079,,,,,0.079,,-1,-1,0.509,0.509,25,26,25,27,1,0,6.0,1.0,7.0,3.0,1.16,0.39,-0.39,50.4,,,,,
FF,2023-08-12,93.2,-1.83,5.35,"Duran, Jarren",680776,666159,,ball,,,,,11.0,,R,L,R,BOS,DET,B,,,1,0,2023,-0.29,1.43,-0.3975816329052778,3.761177942870793,,646240.0,622569.0,1,2,Bot,,,,,,,4.369835748880392,-135.71389385357222,-1.495730097523741,-4.498130261111145,28.636638117390476,-14.360913685951113,3.45013672359447,1.68356460531548,,,,94.5,2090.0,7.0,717033,606992,679529,628451,665155,656716,668731,663837,681481,53.55,,,,,,,,14,2,4-Seam Fastball,0,1,0,1,1,0,0,1,Standard,Standard,197.0,0.013,0.067,,,,,-0.067,,-1,-1,0.496,0.496,25,26,25,27,1,0,6.0,1.0,7.0,3.0,1.18,0.29,-0.29,48.2,,,,,
FF,2023-08-12,92.2,-1.94,5.38,"Duran, Jarren",680776,666159,,ball,,,,,11.0,,R,L,R,BOS,DET,B,,,0,0,2023,-0.26,1.44,-0.1187081716854934,3.602796874213838,,646240.0,622569.0,1,2,Bot,,,,,,,5.244529609436137,-134.25672847112864,-1.855692544566821,-4.259420765267082,28.63465071026368,-14.587470135231372,3.45013672359447,1.69755473594751,,,,93.3,2238.0,6.9,717033,606992,679529,628451,665155,656716,668731,663837,681481,53.62,,,,,,,,14,1,4-Seam Fastball,0,1,0,1,1,0,0,1,Standard,Standard,201.0,0.007,0.042,,,,,-0.042,,-1,-1,0.489,0.489,25,26,25,27,1,0,6.0,1.0,7.0,3.0,1.24,0.26,-0.26,43.6,,,,,
SL,2023-08-11,80.9,1.89,5.61,"Duran, Jarren",680776,607755,strikeout,swinging_strike,,,,,14.0,Jarren Duran strikes out swinging.,R,L,L,BOS,DET,S,2.0,,1,2,2023,-1.67,-0.48,1.0895084468452534,2.0867569642593207,,,622569.0,2,8,Bot,,,,,,,1.4055068219114717,-117.73915403808536,-0.2193874835343889,-15.742024254106877,24.75832547057856,-36.82756707124783,3.4,1.7,,,,80.5,2707.0,6.2,717042,668670,679529,670097,656716,595879,663837,682985,681481,54.28,,0.0,0.0,1.0,0.0,0.0,,67,4,Slider,5,2,5,2,2,5,5,2,Infield shade,Standard,304.0,-0.002,-0.206,66.2,7.0,0.233013468,,0.206,,3,3,0.968,0.968,29,26,30,27,1,1,2.0,1.0,4.0,1.0,4.0,-1.67,-1.67,20.9,-1.0230360238241196,-2.8724803472151015,42.058820221126865,27.704589480162625,19.75974424200399
SL,2023-08-11,81.2,1.83,5.65,"Duran, Jarren",680776,607755,,foul,,,,,6.0,,R,L,L,BOS,DET,S,,,1,1,2023,-1.74,-0.33,0.4386447955141814,2.3921884774470055,,,622569.0,2,8,Bot,,,,,,,0.2218930391686587,-118.24856821083078,0.014897432334171,-16.21884321389226,25.091129279851657,-35.461611069313854,3.4,1.7,202.0,72.5,50.0,80.5,2515.0,6.0,717042,668670,679529,670097,656716,595879,663837,682985,681481,54.45,,,,,,,,67,3,Slider,5,2,5,2,2,5,5,2,Infield shade,Standard,310.0,-0.001,-0.06,73.0,7.0,,,0.06,88.0,3,3,0.969,0.969,29,26,30,27,1,1,2.0,1.0,4.0,1.0,3.81,-1.74,-1.74,22.6,-1.8426644703372816,5.471186439473006,38.12812489960815,35.026595167938915,23.33607764570099
SL,2023-08-11,81.0,1.86,5.73,"Duran, Jarren",680776,607755,,foul_tip,,,,,5.0,,R,L,L,BOS,DET,S,,,1,0,2023,-1.73,-0.36,-0.0282450008338883,2.7932791822623155,,,622569.0,2,8,Bot,,,,,,,-0.895363233631997,-117.91224989806742,0.8119707438712809,-15.82737267299712,25.116583919563965,-35.87054143385195,3.4,1.7,,,,80.4,2836.0,6.1,717042,668670,679529,670097,656716,595879,663837,682985,681481,54.36,,,,,,,,67,2,Slider,5,2,5,2,2,5,5,2,Infield shade,Standard,307.0,0.0,-0.05,69.7,5.9,,,0.05,,3,3,0.969,0.969,29,26,30,27,1,1,2.0,1.0,4.0,1.0,3.86,-1.73,-1.73,26.5,-17.825928310258057,39.56718423657557,34.78925159802764,42.06209244064349,0.2806193618495913
SI,2023-08-11,89.6,1.65,5.99,"Duran, Jarren",680776,607755,,ball,,,,,13.0,,R,L,L,BOS,DET,B,,,0,0,2023,1.24,0.07,-1.2703659413277346,1.229986527184844,,,622569.0,2,8,Bot,,,,,,,-9.80310232640194,-130.07332762607086,-5.928763361801099,16.051486571570443,25.291307609266255,-30.32962279521751,3.45657220823933,1.69739109464754,,,,89.7,2182.0,6.3,717042,668670,679529,670097,656716,595879,663837,682985,681481,54.17,,,,,,,,67,1,Sinker,5,2,5,2,2,5,5,2,Infield shade,Standard,123.0,0.0,0.03,,,,,-0.03,,3,3,0.969,0.969,29,26,30,27,1,1,2.0,1.0,4.0,1.0,2.76,1.24,1.24,26.8,,,,,
CH,2023-08-11,87.0,-2.72,5.46,"Duran, Jarren",680776,676684,walk,ball,,,,,13.0,Jarren Duran walks. Triston Casas to 3rd. Connor Wong to 2nd.,R,L,R,BOS,DET,B,,,3,2,2023,-1.17,0.34,-0.1299925421525951,0.8770932585189049,,671213.0,657136.0,2,6,Bot,,,,,,,8.584217758490977,-126.37208932090226,-5.497769920240509,-14.278469097714265,24.97259297581883,-27.621993816155378,3.42697605321113,1.78624301097158,,,,86.8,1564.0,6.2,717042,668670,679529,670097,656716,595879,663837,682985,681481,54.33,,0.695903,0.7,1.0,0.0,0.0,,51,6,Changeup,5,2,5,2,2,5,5,2,Strategic,Standard,249.0,0.008,0.188,,,,,-0.188,,3,3,0.91,0.91,28,26,28,27,1,0,46.0,1.0,4.0,1.0,2.68,1.17,-1.17,45.3,,,,,
FF,2023-08-11,95.0,-2.61,5.61,"Duran, Jarren",680776,676684,,foul,,,,,2.0,,R,L,R,BOS,DET,S,,,3,1,2023,-0.86,1.33,-0.0479689289090915,2.897966029491176,,671213.0,657136.0,2,6,Bot,,,,,,,8.592302945680563,-137.9545358185317,-4.3674381068889145,-12.918823158075966,32.665750005740136,-14.432283223509708,3.4,1.7,170.0,70.4,31.0,94.4,2147.0,6.2,717042,668670,679529,670097,656716,595879,663837,682985,681481,54.28,,,,,,,,51,5,4-Seam Fastball,5,2,5,2,2,5,5,2,Standard,Standard,222.0,-0.003,-0.048,71.6,6.7,,,0.048,88.0,3,3,0.913,0.913,28,26,28,27,1,0,46.0,1.0,4.0,1.0,1.22,0.86,-0.86,48.3,-6.878385897918992,16.906748530375385,31.07980656898567,39.50057513015814,13.756832700208555
CH,2023-08-11,87.2,-2.75,5.52,"Duran, Jarren",680776,676684,,ball,,,,,14.0,,R,L,R,BOS,DET,B,,,2,1,2023,-1.34,0.54,0.3008036386170407,1.1716997608309527,,671213.0,657136.0,2,6,Bot,,,,,,,10.02599255473984,-126.53590518713054,-5.343973221597592,-16.460202626765707,26.398626479468025,-25.46064625380196,3.45657220823933,1.78624301097158,,,,86.7,1723.0,6.2,717042,668670,679529,670097,656716,595879,663837,682985,681481,54.32,,,,,,,,51,4,Changeup,5,2,5,2,2,5,5,2,Standard,Standard,244.0,0.003,0.052,,,,,-0.052,,3,3,0.91,0.91,28,26,28,27,1,0,46.0,1.0,4.0,1.0,2.48,1.34,-1.34,43.9,,,,,
FF,2023-08-11,94.7,-2.82,5.55,"Duran, Jarren",680776,676684,,called_strike,,,,,4.0,,R,L,R,BOS,DET,S,,,2,0,2023,-0.83,1.35,-0.396618190295147,2.7894328194540097,,671213.0,657136.0,2,6,Bot,,,,,,,8.142052035052957,-137.62564301580844,-4.509040399710494,-12.374942081134934,32.96484242631033,-14.18327353099007,3.42697605321113,1.87509148229257,,,,94.2,2140.0,6.2,717042,668670,679529,670097,656716,595879,663837,682985,681481,54.26,,,,,,,,51,3,4-Seam Fastball,5,2,5,2,2,5,5,2,Standard,Strategic,225.0,-0.002,-0.041,,,,,0.041,,3,3,0.912,0.912,28,26,28,27,1,0,46.0,1.0,4.0,1.0,1.21,0.83,-0.83,46.8,,,,,
FF,2023-08-11,95.0,-2.81,5.58,"Duran, Jarren",680776,676684,,ball,,,,,11.0,,R,L,R,BOS,DET,B,,,1,0,2023,-0.85,1.32,-1.316194366356111,2.710140451613056,,671213.0,657136.0,2,6,Bot,,,,,,,5.809494059545328,-138.23296864491283,-4.786895528485502,-12.217297939873752,32.37317946185647,-14.386214063226388,3.42697605321113,1.81585955699764,,,,94.5,2149.0,6.1,717042,668670,679529,670097,656716,595879,663837,682985,681481,54.37,,,,,,,,51,2,4-Seam Fastball,5,2,5,2,2,5,5,2,Standard,Strategic,227.0,0.002,0.021,,,,,-0.021,,3,3,0.91,0.91,28,26,28,27,1,0,46.0,1.0,4.0,1.0,1.22,0.85,-0.85,44.5,,,,,
SL,2023-08-11,85.9,-2.84,5.4,"Duran, Jarren",680776,676684,,ball,,,,,14.0,,R,L,R,BOS,DET,B,,,0,0,2023,0.16,-0.09,0.5070210189983728,0.8976006586521601,,671213.0,657136.0,2,6,Bot,,,,,,,7.587560085522789,-124.80772621817871,-4.1428767099101576,-0.0658019233992393,27.681547499847397,-32.36384690192566,3.42697605321113,1.78624301097158,,,,85.2,2339.0,6.2,717042,668670,679529,670097,656716,595879,663837,682985,681481,54.35,,,,,,,,51,1,Slider,5,2,5,2,2,5,5,2,Standard,Strategic,359.0,0.001,0.03,,,,,-0.03,,3,3,0.909,0.909,28,26,28,27,1,0,46.0,1.0,4.0,1.0,3.21,-0.16,0.16,40.5,,,,,
FF,2023-08-10,95.0,-2.32,5.51,"Duran, Jarren",680776,679525,field_out,hit_into_play,,,,,9.0,Jarren Duran flies out to left fielder Samad Taylor.,R,L,R,BOS,KC,X,7.0,fly_ball,3,1,2023,-0.61,1.35,0.7943277249199939,2.1053278970254556,,,,2,6,Bot,93.9,111.73,,,,,9.549481375352654,-137.8958399053692,-6.314753800616074,-9.838923533348764,29.80439350229823,-13.627781568348258,3.4,1.7,265.0,89.7,56.0,95.5,2468.0,6.7,717051,666023,521692,686681,672580,677951,669392,680118,669004,53.84,0.013,0.014,0.0,1.0,0.0,0.0,3.0,48,5,4-Seam Fastball,2,0,2,0,0,2,2,0,Standard,Standard,222.0,-0.01,-0.43,72.7,7.8,,0.022,0.43,89.7,2,2,0.825,0.825,25,26,25,27,2,2,5.0,1.0,6.0,1.0,1.18,0.61,-0.61,34.2,11.961192601229223,-3.877748659626486,39.52512525849145,30.461318101886377,29.402412070975128
CU,2023-08-10,81.0,-1.9,5.76,"Duran, Jarren",680776,679525,,ball,,,,,14.0,,R,L,R,BOS,KC,B,,,2,1,2023,0.78,-0.91,0.8211582821210064,1.084524024760655,,,,2,6,Bot,,,,,,,4.608968118522331,-117.92160273173998,-2.0322651888839154,6.264142858859251,23.930380373282823,-40.396180704668275,3.45030629875506,1.69771838252403,,,,81.0,2605.0,6.4,717051,666023,521692,686681,672580,677951,669392,680118,669004,54.06,,,,,,,,48,4,Curveball,2,0,2,0,0,2,2,0,Standard,Standard,35.0,0.002,0.116,,,,,-0.116,,2,2,0.823,0.823,25,26,25,27,2,2,5.0,1.0,6.0,1.0,4.4,-0.78,0.78,42.1,,,,,
FF,2023-08-10,94.3,-2.29,5.6,"Duran, Jarren",680776,679525,,called_strike,,,,,3.0,,R,L,R,BOS,KC,S,,,2,0,2023,-0.71,1.31,0.3806275432646203,2.890229657378333,,,596115.0,1,6,Bot,,,,,,,8.539656612844428,-137.13290343125468,-4.28426530867313,-10.800004107053429,28.438066406829343,-14.829446518263705,3.18391759974525,1.47639146825983,,,,94.6,2380.0,6.4,717051,666023,521692,686681,672580,677951,669392,680118,669004,54.12,,,,,,,,48,3,4-Seam Fastball,2,0,2,0,0,2,2,0,Standard,Standard,223.0,-0.029,-0.061,,,,,0.061,,2,2,0.852,0.852,25,26,25,27,2,2,5.0,1.0,6.0,1.0,1.24,0.71,-0.71,36.9,,,,,
FF,2023-08-10,92.1,-2.36,5.54,"Duran, Jarren",680776,679525,,ball,,,,,11.0,,R,L,R,BOS,KC,B,,,1,0,2023,-0.82,1.28,-1.1782705901362691,3.5315849683176626,,,596115.0,1,6,Bot,,,,,,,4.7797543484517,-134.0515045067906,-2.0540240469823754,-10.866930698385618,28.28851822494441,-16.466497792865848,3.45030629875506,1.80219836504311,,,,92.2,2491.0,6.3,717051,666023,521692,686681,672580,677951,669392,680118,669004,54.19,,,,,,,,48,2,4-Seam Fastball,2,0,2,0,0,2,2,0,Standard,Standard,218.0,0.004,0.054,,,,,-0.054,,2,2,0.848,0.848,25,26,25,27,2,2,5.0,1.0,6.0,1.0,1.4,0.82,-0.82,34.8,,,,,
FF,2023-08-10,93.3,-2.4,5.5,"Duran, Jarren",680776,679525,,ball,,,,,11.0,,R,L,R,BOS,KC,B,,,0,0,2023,-1.11,1.23,-1.1593055385398316,2.795101039929727,,,596115.0,1,6,Bot,,,,,,,5.645747388461732,-135.7792106806332,-3.926507513105193,-15.024752678928412,29.161074214503603,-16.249229928844382,3.47990227825817,1.69771838252403,,,,93.6,2434.0,6.4,717051,666023,521692,686681,672580,677951,669392,680118,669004,54.08,,,,,,,,48,1,4-Seam Fastball,2,0,2,0,0,2,2,0,Standard,Standard,229.0,0.002,0.036,,,,,-0.036,,2,2,0.846,0.846,25,26,25,27,2,2,5.0,1.0,6.0,1.0,1.38,1.11,-1.11,33.9,,,,,
FF,2023-08-10,90.0,0.97,6.42,"Duran, Jarren",680776,680735,field_out,hit_into_play,,,,,3.0,Jarren Duran flies out to left fielder Samad Taylor.,R,L,L,BOS,KC,X,7.0,fly_ball,3,1,2023,0.2,1.58,0.3764835779556158,3.4559224011069403,,,,2,2,Bot,88.29,91.17,,,,,-1.8671255492508656,-131.0967760924883,-4.762726184766429,2.6275594141401406,25.447771614004353,-13.088747850294638,3.4,1.7,285.0,86.8,47.0,89.7,2019.0,5.9,717051,666023,521692,686681,672580,677951,669392,680118,669004,54.64,0.001,0.0,0.0,1.0,0.0,0.0,3.0,14,5,4-Seam Fastball,0,0,0,0,0,0,0,0,Standard,Standard,163.0,-0.016,-0.43,72.9,6.9,,0.001,0.43,88.0,0,0,0.516,0.516,26,26,26,27,1,0,6.0,1.0,4.0,1.0,1.21,0.2,0.2,60.2,5.001374765111664,3.739546685553896,23.566227683905353,35.92128244648239,23.39561242046336
FF,2023-08-10,90.7,1.09,6.36,"Duran, Jarren",680776,680735,,called_strike,,,,,2.0,,R,L,L,BOS,KC,S,,,3,0,2023,0.12,1.65,0.1319890072522345,3.0356041517835255,,,,2,2,Bot,,,,,,,-2.6460340161985805,-132.03326880401335,-5.9066269218944285,1.933440234658902,27.341556694046744,-11.8472647270755,3.36151499786335,1.69771838252403,,,,90.5,2021.0,6.1,717051,666023,521692,686681,672580,677951,669392,680118,669004,54.42,,,,,,,,14,4,4-Seam Fastball,0,0,0,0,0,0,0,0,Standard,Standard,166.0,-0.003,-0.057,,,,,0.057,,0,0,0.519,0.519,26,26,26,27,1,0,6.0,1.0,4.0,1.0,1.12,0.12,0.12,63.9,,,,,
FF,2023-08-10,89.6,1.01,6.34,"Duran, Jarren",680776,680735,,ball,,,,,11.0,,R,L,L,BOS,KC,B,,,2,0,2023,0.36,1.61,-0.5608700496316847,3.505838557298673,,,,2,2,Bot,,,,,,,-4.64525269120939,-130.47148224539214,-4.413234146932769,5.106684763144803,26.710462252266257,-13.022158956462096,3.36151499786335,1.69771838252403,,,,89.5,1948.0,6.1,717051,666023,521692,686681,672580,677951,669392,680118,669004,54.39,,,,,,,,14,3,4-Seam Fastball,0,0,0,0,0,0,0,0,Standard,Standard,162.0,0.004,0.113,,,,,-0.113,,0,0,0.515,0.515,26,26,26,27,1,0,6.0,1.0,4.0,1.0,1.22,0.36,0.36,59.2,,,,,
FF,2023-08-10,89.9,1.06,6.42,"Duran, Jarren",680776,680735,,ball,,,,,12.0,,R,L,L,BOS,KC,B,,,1,0,2023,0.42,1.65,1.57610489388682,3.702411258188884,,,,2,2,Bot,,,,,,,0.3965029967576597,-130.9113624763407,-4.2686791920232094,4.749401173268488,26.29233079601069,-12.479992674109146,3.3911126548818,1.69771838252403,,,,89.7,2075.0,6.0,717051,666023,521692,686681,672580,677951,669392,680118,669004,54.46,,,,,,,,14,2,4-Seam Fastball,0,0,0,0,0,0,0,0,Standard,Standard,160.0,0.003,0.056,,,,,-0.056,,0,0,0.512,0.512,26,26,26,27,1,0,6.0,1.0,4.0,1.0,1.16,0.42,0.42,59.7,,,,,
FC,2023-08-10,86.4,1.33,6.26,"Duran, Jarren",680776,680735,,ball,,,,,13.0,,R,L,L,BOS,KC,B,,,0,0,2023,-0.24,0.27,-1.4002983247270655,1.8752635331201384,,,,2,2,Bot,,,,,,,-5.961499092848723,-125.76438908853396,-4.80135474754832,-1.47297873405717,23.981427924385425,-28.531839108648303,3.3911126548818,1.69771838252403,,,,86.1,2305.0,5.9,717051,666023,521692,686681,672580,677951,669392,680118,669004,54.57,,,,,,,,14,1,Cutter,0,0,0,0,0,0,0,0,Standard,Standard,200.0,0.001,0.043,,,,,-0.043,,0,0,0.511,0.511,26,26,26,27,1,0,6.0,1.0,4.0,1.0,2.76,-0.24,-0.24,55.4,,,,,
ST,2023-08-10,87.6,-2.38,5.44,"Duran, Jarren",680776,679525,walk,blocked_ball,,,,,14.0,Jarren Duran walks.,R,L,R,BOS,KC,B,,,3,2,2023,0.59,-0.25,1.91351548080874,0.301293295424033,,596115.0,,2,4,Bot,,,,,,,9.209125958444687,-127.22903191087572,-5.759056811659686,4.474970496302934,26.702026448873976,-33.825455199648644,3.39805668152793,1.77290932234047,,,,88.2,2451.0,6.8,717051,666023,521692,686681,672580,677951,669392,680118,669004,53.7,,0.695903,0.7,1.0,0.0,0.0,,31,8,Sweeper,1,0,1,0,0,1,1,0,Standard,Standard,35.0,0.008,0.162,,,,,-0.162,,1,1,0.672,0.672,25,26,25,27,1,1,5.0,1.0,6.0,1.0,3.24,-0.59,0.59,32.1,,,,,
FF,2023-08-10,96.6,-2.26,5.56,"Duran, Jarren",680776,679525,,foul,,,,,3.0,,R,L,R,BOS,KC,S,,,3,2,2023,-0.65,1.38,0.6056727489132927,3.2598354514765666,,596115.0,,2,4,Bot,,,,,,,9.14816460464536,-140.51351804878183,-3.766951333328046,-10.530460806463884,29.550921158566513,-13.112589812939568,3.4,1.7,181.0,67.8,49.0,97.4,2514.0,6.6,717051,666023,521692,686681,672580,677951,669392,680118,669004,53.92,,,,,,,,31,7,4-Seam Fastball,1,0,1,0,0,1,1,0,Standard,Standard,223.0,0.0,0.0,71.8,6.7,,,0.0,88.0,1,1,0.672,0.672,25,26,25,27,1,1,5.0,1.0,6.0,1.0,1.05,0.65,-0.65,32.7,1.16025864481026,10.452839843476884,28.96849851704097,31.690566307053377,22.566470951707885
FF,2023-08-10,96.3,-2.34,5.57,"Duran, Jarren",680776,679525,,foul,,,,,7.0,,R,L,R,BOS,KC,S,,,3,2,2023,-0.79,1.37,-0.7194892005926108,2.213114700254501,,596115.0,,2,4,Bot,,,,,,,6.095148167718171,-140.05592306834652,-6.443183829069887,-11.820449150329503,32.05206880896178,-12.86355531609529,3.4,1.7,193.0,75.1,20.0,96.3,2501.0,6.4,717051,666023,521692,686681,672580,677951,669392,680118,669004,54.13,,,,,,,,31,6,4-Seam Fastball,1,0,1,0,0,1,1,0,Standard,Standard,223.0,0.0,0.0,73.2,7.5,,,0.0,88.0,1,1,0.672,0.672,25,26,25,27,1,1,5.0,1.0,6.0,1.0,1.09,0.79,-0.79,34.0,-6.9611647746713095,12.222049242003315,33.443600523678214,47.57209465171704,11.879884082463676
CU,2023-08-10,83.8,-2.19,5.73,"Duran, Jarren",680776,679525,,blocked_ball,,,,,14.0,,R,L,R,BOS,KC,B,,,2,2,2023,0.92,-1.02,0.734540763459941,0.3783297396415443,,596115.0,,2,4,Bot,,,,,,,4.9563843114407895,-121.95254871974026,-3.874438837193015,8.000767934944252,26.335589774952968,-41.650988990269845,3.48024164503765,1.69804569161696,,,,83.6,2718.0,6.4,717051,666023,521692,686681,672580,677951,669392,680118,669004,54.1,,,,,,,,31,5,Curveball,1,0,1,0,0,1,1,0,Standard,Standard,36.0,0.006,0.051,,,,,-0.051,,1,1,0.666,0.666,25,26,25,27,1,1,5.0,1.0,6.0,1.0,4.29,-0.92,0.92,38.5,,,,,
FF,2023-08-10,95.8,-2.47,5.5,"Duran, Jarren",680776,679525,,ball,,,,,11.0,,R,L,R,BOS,KC,B,,,1,2,2023,-1.14,1.22,-1.827810416259392,2.7578530342417773,,596115.0,,2,4,Bot,,,,,,,4.312893449748159,-139.42927776093904,-4.381913781625371,-15.88426411232389,33.641687873759096,-15.467631507060752,3.42104860220597,1.69804569161696,,,,96.0,2553.0,6.6,717051,666023,521692,686681,672580,677951,669392,680118,669004,53.94,,,,,,,,31,4,4-Seam Fastball,1,0,1,0,0,1,1,0,Standard,Standard,224.0,0.005,0.015,,,,,-0.015,,1,1,0.661,0.661,25,26,25,27,1,1,5.0,1.0,6.0,1.0,1.27,1.14,-1.14,34.3,,,,,
CH,2023-08-10,88.6,-2.55,5.52,"Duran, Jarren",680776,679525,,ball,,,,,11.0,,R,L,R,BOS,KC,B,,,0,2,2023,-1.25,0.19,-2.8868170873014676,3.140394324712203,,596115.0,,2,4,Bot,,,,,,,1.8042004731509804,-129.04860996077434,-0.1645979389516008,-14.37690597547882,26.50989227360773,-30.236401262370997,3.42104860220597,1.69804569161696,,,,88.8,1845.0,6.4,717051,666023,521692,686681,672580,677951,669392,680118,669004,54.14,,,,,,,,31,3,Changeup,1,0,1,0,0,1,1,0,Standard,Standard,239.0,0.003,0.018,,,,,-0.018,,1,1,0.658,0.658,25,26,25,27,1,1,5.0,1.0,6.0,1.0,2.71,1.25,-1.25,31.3,,,,,
CU,2023-08-10,82.1,-2.21,5.84,"Duran, Jarren",680776,679525,,swinging_strike,,,,,13.0,,R,L,R,BOS,KC,S,,,0,1,2023,0.75,-0.95,-0.2681906041517141,1.107219896827468,,596115.0,,2,4,Bot,,,,,,,2.942242668175545,-119.60196203437624,-2.309021840210024,6.56244850410086,24.37959249841146,-40.97076779538131,3.4,1.7,,,,82.1,2593.0,6.3,717051,666023,521692,686681,672580,677951,669392,680118,669004,54.15,,,,,,,,31,2,Curveball,1,0,1,0,0,1,1,0,Standard,Standard,36.0,-0.008,-0.061,73.0,8.9,1.531174692,,0.061,,1,1,0.666,0.666,25,26,25,27,1,1,5.0,1.0,6.0,1.0,4.34,-0.75,0.75,41.7,19.97905578292864,-16.25031688356541,36.56527604290822,43.81847472879826,39.58985139577821
CU,2023-08-10,81.2,-2.26,5.8,"Duran, Jarren",680776,679525,,swinging_strike,,,,,14.0,,R,L,R,BOS,KC,S,,,0,0,2023,0.92,-0.81,0.4168889755377222,0.8620497318342322,,596115.0,,2,4,Bot,,,,,,,4.231938480364476,-118.16912679334273,-2.8491214797977653,7.696076335640318,23.86469078459917,-39.37080396168985,3.4,1.7,,,,81.1,2577.0,6.4,717051,666023,521692,686681,672580,677951,669392,680118,669004,54.12,,,,,,,,31,1,Curveball,1,0,1,0,0,1,1,0,Standard,Standard,40.0,-0.005,-0.046,75.0,8.7,3.199921068,,0.046,,1,1,0.671,0.671,25,26,25,27,1,1,5.0,1.0,6.0,1.0,4.28,-0.92,0.92,43.3,17.84983807447686,-22.46575477444792,34.401622507139,36.846739391888505,46.067611935321054
ST,2023-08-09,79.9,-1.54,5.69,"Duran, Jarren",680776,543475,force_out,hit_into_play,,,,,13.0,"Jarren Duran grounds into a force out, second baseman Michael Massey to shortstop Bobby Witt Jr. Pablo Reyes out at 2nd. Jarren Duran to 1st.",R,L,R,BOS,KC,X,4.0,ground_ball,0,0,2023,1.09,0.29,-0.4266311540972712,1.3667275830937489,,,622569.0,0,8,Bot,143.14,156.49,,,,,0.4071749340349633,-116.33908866260188,-3.3811935286758397,9.831350309721298,21.434129912893304,-29.131393774319054,3.42,1.71,116.0,94.4,7.0,80.6,2537.0,6.7,717059,666023,521692,686681,622110,677951,669004,664728,671221,53.82,0.539,0.5,0.0,1.0,0.0,0.0,4.0,59,1,Sweeper,4,2,4,2,2,4,4,2,Infield shade,Standard,66.0,-0.009,-0.35,72.1,8.3,,0.622,0.35,94.4,2,2,0.948,0.948,32,26,33,27,4,3,5.0,1.0,6.0,1.0,3.27,-1.09,1.09,38.5,7.0238030380783565,-0.8776426247644057,33.41114769937765,43.05347190042289,33.24381459271484
CH,2023-08-09,85.1,-1.75,5.78,"Duran, Jarren",680776,543475,strikeout,swinging_strike,,,,,13.0,Jarren Duran strikes out swinging.,R,L,R,BOS,KC,S,2.0,,0,2,2023,-1.32,0.72,-0.6224753394391249,0.9319356155626972,,,622569.0,0,5,Bot,,,,,,,5.33919948429991,-123.69499358469182,-6.566456300488741,-14.649411484759698,23.435871307532377,-23.66233187517372,3.42,1.71,,,,86.0,1750.0,6.8,717059,666023,521692,686681,622110,677951,669004,664728,671221,53.7,,0.0,0.0,1.0,0.0,0.0,,40,3,Changeup,4,2,4,2,2,4,4,2,Infield shade,Standard,227.0,-0.013,-0.156,72.3,8.4,2.714413596,,0.156,,2,2,0.826,0.826,32,26,33,27,3,2,5.0,1.0,6.0,1.0,2.42,1.32,-1.32,42.5,12.395399921807842,-9.92893912680581,37.26526921114491,45.49715528753181,38.31963897602458
FC,2023-08-09,85.3,-1.33,6.0,"Duran, Jarren",680776,543475,,foul,,,,,2.0,,R,L,R,BOS,KC,S,,,0,1,2023,0.25,0.63,0.1895888412990396,3.162888559238064,,,622569.0,0,5,Bot,,,,,,,3.0856653288210816,-124.34859101404436,-1.7444125245623865,2.124792176683994,21.690625634481705,-25.464172027289983,3.42,1.71,179.0,69.8,57.0,86.5,2403.0,6.7,717059,666023,521692,686681,622110,677951,669004,664728,671221,53.82,,,,,,,,40,2,Cutter,4,2,4,2,2,4,4,2,Standard,Standard,174.0,-0.005,-0.043,73.6,7.6,,,0.043,88.0,2,2,0.831,0.831,32,26,33,27,3,2,5.0,1.0,6.0,1.0,2.46,-0.25,0.25,46.9,9.122389489088128,-14.592009500788045,25.90468067359718,35.729839985169406,32.0555768985125
FF,2023-08-09,90.4,-1.36,5.9,"Duran, Jarren",680776,543475,,called_strike,,,,,7.0,,R,L,R,BOS,KC,S,,,0,0,2023,-0.4,1.41,-0.5055181241503515,2.1354757318666753,,,622569.0,0,5,Bot,,,,,,,3.0062316674849603,-131.56541928667795,-6.531868741610831,-5.21300687806963,26.41733212174096,-14.67009932532206,3.41771827783659,1.69637771233548,,,,91.5,2292.0,6.8,717059,666023,521692,686681,622110,677951,669004,664728,671221,53.66,,,,,,,,40,1,4-Seam Fastball,4,2,4,2,2,4,4,2,Standard,Standard,208.0,-0.003,-0.036,,,,,0.036,,2,2,0.834,0.834,32,26,33,27,3,2,5.0,1.0,6.0,1.0,1.37,0.4,-0.4,45.6,,,,,
CH,2023-08-09,86.4,-1.59,5.78,"Duran, Jarren",680776,543475,strikeout_double_play,swinging_strike,,,,,13.0,"Jarren Duran strikes out swinging and Pablo Reyes caught stealing 2nd, catcher Freddy Fermin to shortstop Bobby Witt Jr. to catcher Freddy Fermin.",R,L,R,BOS,KC,S,2.0,,0,2,2023,-1.28,0.27,-0.8913940927726447,0.6696743417988018,,,622569.0,1,3,Bot,,,,,,,4.3110926976484425,-125.7450867736882,-6.591448842916233,-14.448952172790978,24.89317857850604,-28.14341208290468,3.42,1.71,,,,87.4,1939.0,6.8,717059,666023,521692,686681,622110,677951,669004,664728,671221,53.66,,0.0,0.0,1.0,0.0,0.0,,23,3,Changeup,1,1,1,1,1,1,1,1,Infield shade,Standard,240.0,-0.045,-0.16,67.0,9.0,7.27810536,,0.16,,0,0,0.545,0.545,32,26,33,27,2,1,5.0,1.0,6.0,1.0,2.77,1.28,-1.28,37.0,19.091617036914354,-23.31653366446869,32.324465609265886,48.91619075332369,41.4324180989823
CH,2023-08-09,85.2,-1.58,5.83,"Duran, Jarren",680776,543475,,swinging_strike,,,,,13.0,,R,L,R,BOS,KC,S,,,0,1,2023,-1.37,0.51,-1.4254842504524008,2.4332954311102646,,,622569.0,1,3,Bot,,,,,,,3.150450029881924,-124.1487958025592,-2.793581400525554,-14.874781365903356,22.88142664616815,-26.526983151916532,3.42,1.71,,,,86.3,1746.0,6.8,717059,666023,521692,686681,622110,677951,669004,664728,671221,53.74,,,,,,,,23,2,Changeup,1,1,1,1,1,1,1,1,Standard,Standard,232.0,-0.008,-0.053,75.6,8.0,0.291208284,,0.053,,0,0,0.553,0.553,32,26,33,27,2,1,5.0,1.0,6.0,1.0,2.6,1.37,-1.37,37.6,7.912776430910005,-1.2292696771340794,22.731753472588856,54.43025309726703,27.97456204779095
FF,2023-08-09,91.8,-1.33,5.84,"Duran, Jarren",680776,543475,,called_strike,,,,,13.0,,R,L,R,BOS,KC,S,,,0,0,2023,-0.42,1.38,-0.8818673747530126,1.6453643525266544,,,622569.0,1,3,Bot,,,,,,,2.0691324976245404,-133.60130444002337,-7.869715717581996,-5.435859423676243,26.69780621443433,-14.206613023918564,3.3562413216624,1.69409656015664,,,,93.1,2222.0,6.9,717059,666023,521692,686681,622110,677951,669004,664728,671221,53.62,,,,,,,,23,1,4-Seam Fastball,1,1,1,1,1,1,1,1,Standard,Standard,210.0,-0.005,-0.042,,,,,0.042,,0,0,0.558,0.558,32,26,33,27,2,1,5.0,1.0,6.0,1.0,1.31,0.42,-0.42,39.4,,,,,
ST,2023-08-09,79.9,-1.64,5.93,"Duran, Jarren",680776,543475,field_out,hit_into_play,,,,,7.0,Jarren Duran flies out to center fielder Kyle Isbel.,R,L,R,BOS,KC,X,8.0,fly_ball,0,2,2023,1.18,0.36,-0.7553129003151378,1.64962547711325,,,,0,1,Bot,138.39,56.75,,,,,-0.2744565901097643,-116.36588440926802,-3.4471780310954423,10.839800288763504,20.64600500613891,-28.460393064635976,3.42,1.71,353.0,91.5,27.0,80.7,2518.0,6.7,717059,666023,521692,686681,622110,677951,669004,664728,671221,53.81,0.079,0.1,0.0,1.0,0.0,0.0,3.0,5,3,Sweeper,0,0,0,0,0,0,0,0,Strategic,Standard,79.0,-0.013,-0.169,67.0,8.6,,0.166,0.169,91.5,0,0,0.539,0.539,32,26,33,27,1,0,5.0,1.0,6.0,1.0,3.19,-1.18,1.18,40.2,12.69846921408906,-7.447321574782331,29.40954058417439,47.400920314148095,34.94298069268835
FC,2023-08-09,86.3,-1.38,6.13,"Duran, Jarren",680776,543475,,foul,,,,,8.0,,R,L,R,BOS,KC,S,,,0,1,2023,0.32,0.5,0.0079517351900244,2.1257971873224797,,,,0,1,Bot,,,,,,,2.686803829957044,-125.77551036135058,-4.4597138873838675,2.9802653975565847,21.74317002414681,-26.180473906930757,3.42,1.71,98.0,71.8,82.0,87.7,2351.0,6.7,717059,666023,521692,686681,622110,677951,669004,664728,671221,53.77,,,,,,,,5,2,Cutter,0,0,0,0,0,0,0,0,Standard,Standard,168.0,-0.006,-0.054,74.2,8.6,,,0.054,88.0,0,0,0.545,0.545,32,26,33,27,1,0,5.0,1.0,6.0,1.0,2.51,-0.32,0.32,42.6,18.837186921715208,-21.391381412752867,28.79523159080401,38.556240748863985,42.025615432726354
FF,2023-08-09,91.3,-1.54,5.98,"Duran, Jarren",680776,543475,,called_strike,,,,,8.0,,R,L,R,BOS,KC,S,,,0,0,2023,-0.27,1.36,0.2057040971533025,1.774293551767412,,,,0,1,Bot,,,,,,,5.0221606149292555,-132.87441539463993,-7.765027467414049,-4.140316437068457,24.90656353465027,-14.58496009886161,3.41771827783659,1.69637771233548,,,,92.7,2223.0,6.8,717059,666023,521692,686681,622110,677951,669004,664728,671221,53.69,,,,,,,,5,1,4-Seam Fastball,0,0,0,0,0,0,0,0,Standard,Standard,210.0,-0.003,-0.042,,,,,0.042,,0,0,0.548,0.548,32,26,33,27,1,0,5.0,1.0,6.0,1.0,1.34,0.27,-0.27,41.6,,,,,
FF,2023-08-08,92.8,-1.56,5.21,"Duran, Jarren",680776,663903,strikeout,called_strike,,,,,1.0,Jarren Duran called out on strikes.,R,L,R,BOS,KC,S,2.0,,0,2,2023,-0.66,0.88,-0.5330971346353646,3.056242621561175,,,657136.0,1,5,Bot,,,,,,,4.12656340937955,-135.19232757997733,-1.703533775223123,-9.003395814172993,28.01581245459513,-21.19881250220048,3.45064540488519,1.77290932234047,,,,94.3,2515.0,7.0,717077,521692,607461,686681,672580,677951,669004,664728,671221,53.51,,0.0,0.0,1.0,0.0,0.0,,46,3,4-Seam Fastball,2,3,2,3,3,2,2,3,Standard,Standard,212.0,-0.027,-0.16,,,,,0.16,,-1,-1,0.402,0.402,26,26,27,27,3,2,5.0,1.0,6.0,1.0,1.75,0.66,-0.66,32.3,,,,,
CH,2023-08-08,88.0,-1.51,5.26,"Duran, Jarren",680776,663903,,called_strike,,,,,4.0,,R,L,R,BOS,KC,S,,,0,1,2023,-1.17,0.55,-0.7225687738707502,2.8549240712423094,,,657136.0,1,5,Bot,,,,,,,4.400872256857539,-128.1131316640145,-0.9225857281326444,-13.762683894610968,24.96752445487677,-26.09810199711112,3.45064540488519,1.68405538567242,,,,89.4,2065.0,7.0,717077,521692,607461,686681,672580,677951,669004,664728,671221,53.47,,,,,,,,46,2,Changeup,2,3,2,3,3,2,2,3,Standard,Standard,227.0,-0.011,-0.053,,,,,0.053,,-1,-1,0.413,0.413,26,26,27,27,3,2,5.0,1.0,6.0,1.0,2.38,1.17,-1.17,31.7,,,,,
SI,2023-08-08,91.3,-1.43,5.14,"Duran, Jarren",680776,663903,,called_strike,,,,,14.0,,R,L,R,BOS,KC,S,,,0,0,2023,-0.91,1.15,0.3611939197480791,1.5754413583156366,,,657136.0,1,5,Bot,,,,,,,6.550309411614732,-132.75565617736856,-5.661905885372613,-12.081082001155524,27.0408206332282,-17.503398912987876,3.41910575050961,1.71171955898243,,,,92.7,2324.0,7.1,717077,521692,607461,686681,672580,677951,669004,664728,671221,53.42,,,,,,,,46,1,Sinker,2,3,2,3,3,2,2,3,Standard,Standard,220.0,-0.007,-0.042,,,,,0.042,,-1,-1,0.42,0.42,26,26,27,27,3,2,5.0,1.0,6.0,1.0,1.57,0.91,-0.91,29.8,,,,,
SL,2023-08-08,82.9,-1.56,5.36,"Duran, Jarren",680776,663903,field_out,hit_into_play,,,,,8.0,Jarren Duran flies out sharply to center fielder Kyle Isbel.,R,L,R,BOS,KC,X,8.0,fly_ball,1,0,2023,0.33,0.27,0.0374870601045134,1.9646225947917748,,,,1,3,Bot,137.58,56.13,,,,,3.048528533464468,-120.76392985973176,-1.8658544677114837,2.683169001912571,22.055860497168364,-29.390748999808515,3.42,1.71,354.0,100.2,38.0,84.3,2389.0,7.0,717077,521692,607461,686681,672580,677951,669004,664728,671221,53.5,0.256,0.4998888888888888,0.0,1.0,0.0,0.0,5.0,25,2,Slider,0,1,0,1,1,0,0,1,Standard,Standard,89.0,-0.022,-0.306,77.2,8.1,,1.002,0.306,100.2,-1,-1,0.412,0.412,26,26,27,27,2,1,5.0,1.0,6.0,1.0,3.02,-0.33,0.33,35.7,11.58150114366883,-7.581996776725251,32.455757519155725,40.553386638414125,34.80325914906325
SI,2023-08-08,90.5,-1.51,5.22,"Duran, Jarren",680776,663903,,ball,,,,,12.0,,R,L,R,BOS,KC,B,,,0,0,2023,-0.47,0.88,0.3455231193251102,3.692585318047856,,,,1,3,Bot,,,,,,,5.6744090989542135,-131.7560582232937,0.2257789264933204,-6.6316646038127045,27.038822367049956,-22.097450363080565,3.33191678905917,1.77258138798963,,,,91.5,2285.0,6.8,717077,521692,607461,686681,672580,677951,669004,664728,671221,53.73,,,,,,,,25,1,Sinker,0,1,0,1,1,0,0,1,Standard,Standard,201.0,0.003,0.039,,,,,-0.039,,-1,-1,0.409,0.409,26,26,27,27,2,1,5.0,1.0,6.0,1.0,1.89,0.47,-0.47,30.5,,,,,
SI,2023-08-08,95.1,2.7,5.37,"Duran, Jarren",680776,672582,double,hit_into_play,,,,,5.0,Jarren Duran doubles (33) on a sharp line drive to center fielder Kyle Isbel. Alex Verdugo scores.,R,L,L,BOS,KC,X,8.0,line_drive,2,1,2023,1.39,0.72,-0.1758866937295677,2.278985090565347,,,657077.0,2,7,Bot,111.28,60.38,,,,,-10.470917617111525,-138.11574156147256,-4.030088770859853,20.09912497164904,29.39024462704511,-22.186199455150287,3.42,1.71,372.0,105.5,18.0,93.8,2115.0,5.5,717077,521692,607461,686681,672580,677951,669004,664728,671221,54.99,0.413,0.6124545454545454,1.25,1.0,1.0,1.0,5.0,69,4,Sinker,2,9,2,9,9,3,3,9,Infield shade,Standard,130.0,0.008,0.865,79.5,7.5,,1.084,-0.865,105.5,-7,-7,0.006,0.006,23,26,24,27,1,3,3.0,1.0,3.0,1.0,1.8,1.39,1.39,30.3,2.296872835643729,-0.0052201464730014,31.192415310219403,41.174330830340296,24.31342266809189
SL,2023-08-08,84.8,-1.46,5.31,"Duran, Jarren",680776,663903,field_out,hit_into_play,,,,,14.0,"Jarren Duran grounds out sharply, first baseman Matt Beaty to pitcher Brady Singer.",R,L,R,BOS,KC,X,3.0,ground_ball,0,2,2023,0.38,0.18,0.7501927813994835,1.515688095764569,,,,0,1,Bot,163.14,165.89,,,,,4.441169025987318,-123.4288704043607,-2.9184669582492972,3.025349277825543,24.64710210266725,-30.011159145525777,3.42,1.71,111.0,105.0,5.0,85.7,2452.0,6.9,717077,521692,607461,686681,672580,677951,669004,664728,671221,53.63,0.611,0.566,0.0,1.0,0.0,0.0,4.0,6,3,Slider,0,0,0,0,0,0,0,0,Standard,Standard,100.0,-0.013,-0.169,74.1,8.4,,0.701,0.169,105.0,0,0,0.539,0.539,26,26,27,27,1,0,5.0,1.0,6.0,1.0,2.99,-0.38,0.38,31.7,13.06332833124728,-12.938685510383072,37.87356701854067,32.07009150114775,38.014866034924566
SL,2023-08-08,85.9,2.52,5.46,"Duran, Jarren",680776,672582,,ball,,,,,13.0,,R,L,L,BOS,KC,B,,,1,1,2023,-0.49,0.03,-1.8682648476488244,1.7446558781744228,,,657077.0,2,7,Bot,,,,,,,-9.257035809735424,-124.8058748955574,-2.5931859734645077,-3.3988553646718356,23.824714895479698,-31.516794600297697,3.45064540488519,1.71367373692377,,,,84.8,2395.0,5.6,717077,521692,607461,686681,672580,677951,669004,664728,671221,54.93,,,,,,,,69,3,Slider,2,9,2,9,9,2,2,9,Infield shade,Standard,248.0,0.0,0.036,,,,,-0.036,,-7,-7,0.006,0.006,23,26,24,27,1,3,3.0,1.0,3.0,1.0,3.05,-0.49,-0.49,37.6,,,,,
SI,2023-08-08,93.2,-1.41,5.26,"Duran, Jarren",680776,663903,,foul,,,,,5.0,,R,L,R,BOS,KC,S,,,0,1,2023,-1.31,0.91,0.2185439988034301,2.4866077779687323,,,,0,1,Bot,,,,,,,7.167404060436701,-135.67112184968016,-3.4767780601397837,-17.64760306243386,26.371854450622177,-20.306819808681706,3.42,1.71,200.0,71.0,43.0,95.0,2359.0,7.1,717077,521692,607461,686681,672580,677951,669004,664728,671221,53.42,,,,,,,,6,2,Sinker,0,0,0,0,0,0,0,0,Standard,Standard,215.0,-0.006,-0.054,74.0,7.2,,,0.054,88.0,0,0,0.545,0.545,26,26,27,27,1,0,5.0,1.0,6.0,1.0,1.69,1.31,-1.31,30.6,-6.273848911729167,9.086587151681048,37.49029088963571,37.00364658771125,19.714494717587165
SI,2023-08-08,94.6,2.61,5.36,"Duran, Jarren",680776,672582,,called_strike,,,,,4.0,,R,L,L,BOS,KC,S,,,1,0,2023,1.48,0.5,-0.4709004088172395,2.5510333613366987,,,657077.0,2,7,Bot,,,,,,,-11.1335074128856,-137.356837914379,-2.7394545227308633,21.10474778626974,28.534446500310715,-25.39308033154162,3.39145124066548,1.71367373692377,,,,93.4,2043.0,5.6,717077,521692,607461,686681,672580,677951,669004,664728,671221,54.94,,,,,,,,69,2,Sinker,2,9,2,9,9,2,2,9,Infield shade,Standard,122.0,0.0,-0.05,,,,,0.05,,-7,-7,0.006,0.006,23,26,24,27,1,3,3.0,1.0,3.0,1.0,2.04,1.48,1.48,30.3,,,,,
FF,2023-08-08,93.8,2.69,5.45,"Duran, Jarren",680776,672582,,ball,,,,,1.0,,R,L,L,BOS,KC,B,,,0,0,2023,1.13,1.06,-0.5734193888694288,3.4428105033123453,,,657077.0,2,7,Bot,,,,,,,-10.750146159826327,-136.25113970033658,-1.757331583054829,16.384847248222176,30.084074070466833,-18.829852309568924,3.33031189511063,1.71171955898243,,,,92.5,2008.0,5.6,717077,521692,607461,686681,672580,677951,669004,664728,671221,54.89,,,,,,,,69,1,4-Seam Fastball,2,9,2,9,9,2,2,9,Infield shade,Standard,128.0,0.0,0.03,,,,,-0.03,,-7,-7,0.006,0.006,23,26,24,27,1,3,3.0,1.0,3.0,1.0,1.54,1.13,1.13,33.2,,,,,
SI,2023-08-08,93.5,-1.47,5.28,"Duran, Jarren",680776,663903,,called_strike,,,,,9.0,,R,L,R,BOS,KC,S,,,0,0,2023,-1.07,0.95,0.7890874013711024,1.7103029928930462,,,,0,1,Bot,,,,,,,8.272452810851664,-135.8959574174624,-5.635884465889719,-14.999921400387496,26.37400674414008,-19.39129976978118,3.47990227825817,1.71334629744752,,,,94.8,2397.0,6.9,717077,521692,607461,686681,672580,677951,669004,664728,671221,53.63,,,,,,,,6,1,Sinker,0,0,0,0,0,0,0,0,Standard,Standard,215.0,-0.003,-0.042,,,,,0.042,,0,0,0.548,0.548,26,26,27,27,1,0,5.0,1.0,6.0,1.0,1.64,1.07,-1.07,30.2,,,,,
FC,2023-08-07,87.4,-2.12,5.79,"Duran, Jarren",680776,621295,field_out,hit_into_play,,,,,14.0,"Jarren Duran grounds out, shortstop Bobby Witt Jr. to first baseman Matt Beaty.",R,L,R,BOS,KC,X,6.0,ground_ball,0,0,2023,0.38,0.55,0.9027872269499068,2.236147898187815,,,,0,8,Bot,128.77,152.36,,,,,6.549369392601979,-127.18076033228364,-3.6051830784883103,2.932867557958055,24.483682553091896,-25.686936444966253,3.42,1.71,4.0,62.5,-31.0,88.4,2285.0,6.8,717089,666023,607461,686681,672580,677951,680118,664728,671221,53.71,0.067,0.066,0.0,1.0,0.0,0.0,2.0,60,1,Cutter,2,2,2,2,2,2,2,2,Standard,Standard,195.0,-0.046,-0.265,78.5,9.1,,0.071,0.265,88.0,0,0,0.608,0.608,32,26,32,27,1,0,3.0,1.0,4.0,1.0,2.42,-0.38,0.38,33.2,21.25606917300751,-35.77680704896589,31.97777514769956,29.28372261596796,50.012347322286864
SI,2023-08-06,93.3,-1.87,5.14,"Duran, Jarren",680776,605135,field_out,hit_into_play,,,,,6.0,Jarren Duran flies out to left fielder Whit Merrifield.,R,L,R,BOS,TOR,X,7.0,fly_ball,2,2,2023,-1.41,0.54,0.4815513544270613,2.7058232454848348,,,,0,7,Bot,57.77,93.28,,,,,9.146491287618082,-135.64347066824945,-1.707422827187652,-19.33775428756479,28.612174989171297,-25.313466024704617,3.43,1.73,312.0,92.4,33.0,93.6,2107.0,6.4,717111,672386,474832,676914,669289,657557,593160,662139,624415,54.06,0.082,0.13,0.0,1.0,0.0,0.0,3.0,68,5,Sinker,1,12,1,12,12,1,1,12,Infield shade,Standard,230.0,0.0,-0.239,72.1,6.9,,0.243,0.239,92.4,-11,-11,0.001,0.001,34,26,34,27,4,3,6.0,1.0,6.0,1.0,2.07,1.41,-1.41,27.2,1.512088858403602,5.452582272725345,30.58285160681329,32.713147439893945,22.46222118183614
CU,2023-08-06,71.3,-1.51,5.73,"Duran, Jarren",680776,605135,,ball,,,,,13.0,,R,L,R,BOS,TOR,B,,,1,2,2023,1.09,-1.29,-1.24775800085064,1.6978954526103065,,,,0,7,Bot,,,,,,,-1.3111593299363713,-103.57502360479296,1.9725267195059264,8.00010479137706,21.70716250333241,-41.942506747435395,3.28006553861072,1.66880949280034,,,,70.1,2471.0,6.0,717111,672386,474832,676914,669289,657557,593160,662139,624415,54.45,,,,,,,,68,4,Curveball,1,12,1,12,12,1,1,12,Infield shade,Standard,41.0,0.0,0.046,,,,,-0.046,,-11,-11,0.001,0.001,34,26,34,27,4,3,6.0,1.0,6.0,1.0,5.88,-1.09,1.09,44.5,,,,,
CU,2023-08-06,72.4,-1.18,5.79,"Duran, Jarren",680776,605135,,ball,,,,,13.0,,R,L,R,BOS,TOR,B,,,0,2,2023,1.05,-1.29,-1.311232506131053,1.9019766028098255,,,,0,7,Bot,,,,,,,-2.0556416403502724,-105.26899203180778,2.015737499326485,8.109770108091087,21.54452445376108,-42.271169848125545,3.28006553861072,1.63919058875687,,,,71.7,2340.0,6.3,717111,672386,474832,676914,669289,657557,593160,662139,624415,54.24,,,,,,,,68,3,Curveball,1,12,1,12,12,1,1,12,Infield shade,Standard,33.0,0.0,0.024,,,,,-0.024,,-11,-11,0.001,0.001,34,26,34,27,4,3,6.0,1.0,6.0,1.0,5.72,-1.05,1.05,48.2,,,,,
FF,2023-08-06,91.6,-1.86,5.41,"Duran, Jarren",680776,605135,,swinging_strike,,,,,3.0,,R,L,R,BOS,TOR,S,,,0,1,2023,-0.38,1.03,0.4407901368280332,3.0550744500065488,,,,0,7,Bot,,,,,,,6.634366589665998,-133.31274202267124,-2.348138216293832,-5.922683437316632,26.153060058085767,-19.54985158908729,3.43,1.73,,,,91.9,2143.0,6.3,717111,672386,474832,676914,669289,657557,593160,662139,624415,54.25,,,,,,,,68,2,4-Seam Fastball,1,12,1,12,12,1,1,12,Standard,Standard,216.0,0.0,-0.054,77.2,7.3,0.348993612,,0.054,,-11,-11,0.001,0.001,34,26,34,27,4,3,6.0,1.0,6.0,1.0,1.67,0.38,-0.38,31.5,4.934014599516082,4.809654860027079,28.788862880999616,34.748592209029525,20.13663185615413
FC,2023-08-06,89.7,-1.57,5.4,"Duran, Jarren",680776,605135,,foul,,,,,3.0,,R,L,R,BOS,TOR,S,,,0,0,2023,0.06,1.22,0.361420170565339,3.169322795311886,,,,0,7,Bot,,,,,,,4.6446328474383,-130.66642995853385,-2.153076049485203,-0.2870108268283869,26.27603758985913,-17.88587005172587,3.43,1.73,152.0,59.5,46.0,89.8,2180.0,6.2,717111,672386,474832,676914,669289,657557,593160,662139,624415,54.33,,,,,,,,68,1,Cutter,1,12,1,12,12,1,1,12,Standard,Strategic,212.0,0.0,-0.042,75.2,7.3,,,0.042,88.0,-11,-11,0.001,0.001,34,26,34,27,4,3,6.0,1.0,6.0,1.0,1.59,-0.06,0.06,34.2,2.574547880148819,9.516129718671028,27.121752545896577,34.79455215841881,21.878320421253623
CU,2023-08-06,72.6,-1.17,5.79,"Duran, Jarren",680776,605135,strikeout,swinging_strike_blocked,,,,,14.0,Jarren Duran strikes out swinging.,R,L,R,BOS,TOR,S,2.0,,3,2,2023,1.18,-0.99,1.2446380294954973,0.8889881955314793,,657077.0,622569.0,2,4,Bot,,,,,,,2.8217426241247883,-105.71476217100648,-0.658920034489479,8.28616210039725,19.60005227942513,-39.653407393397174,3.43,1.73,,,,72.7,2296.0,6.5,717111,672386,474832,676914,656305,657557,593160,595281,624415,53.99,,0.0,0.0,1.0,0.0,0.0,,42,6,Curveball,1,6,1,6,6,1,1,6,Standard,Standard,35.0,-0.03,-0.311,71.4,9.3,5.04584142,,0.311,,-5,-5,0.094,0.094,34,26,34,27,3,2,6.0,1.0,6.0,1.0,5.34,-1.18,1.18,48.1,33.3444082084445,-44.495757931393065,38.856072170386014,27.676089385390256,59.81025747902599
FC,2023-08-06,89.8,-1.74,5.48,"Duran, Jarren",680776,605135,,ball,,,,,11.0,,R,L,R,BOS,TOR,B,,,2,2,2023,0.08,0.76,-1.4127840340552058,3.2943942073579864,,657077.0,622569.0,2,4,Bot,,,,,,,0.6457346046609962,-130.93909905253705,-1.1158286665636346,0.825252356457547,24.185045490947704,-23.358105699378804,3.33926385661447,1.60957132567447,,,,90.2,2284.0,6.2,717111,672386,474832,676914,656305,657557,593160,595281,624415,54.33,,,,,,,,42,5,Cutter,1,6,1,6,6,1,1,6,Standard,Standard,221.0,0.008,0.064,,,,,-0.064,,-5,-5,0.086,0.086,34,26,34,27,3,2,6.0,1.0,6.0,1.0,2.03,-0.08,0.08,39.1,,,,,
FF,2023-08-06,93.5,-1.87,5.16,"Duran, Jarren",680776,605135,,ball,,,,,12.0,,R,L,R,BOS,TOR,B,,,1,2,2023,-0.26,0.84,0.1118100206339475,3.941930004322371,,657077.0,622569.0,2,4,Bot,,,,,,,5.659932489018305,-136.180802230665,0.7118860347090751,-4.410725530625011,27.571290979077247,-22.062815742992164,3.39845998014313,1.63919058875687,,,,93.5,2334.0,6.1,717111,672386,474832,676914,656305,657557,593160,595281,624415,54.42,,,,,,,,42,4,4-Seam Fastball,1,6,1,6,6,1,1,6,Standard,Standard,229.0,0.004,0.033,,,,,-0.033,,-5,-5,0.082,0.082,34,26,34,27,3,2,6.0,1.0,6.0,1.0,1.75,0.26,-0.26,24.6,,,,,
CH,2023-08-06,84.3,-1.63,5.48,"Duran, Jarren",680776,605135,,foul,,,,,5.0,,R,L,R,BOS,TOR,S,,,1,1,2023,-1.11,0.94,-0.176142204209166,2.849506358036562,,657077.0,622569.0,2,4,Bot,,,,,,,5.555198447932882,-122.73577350097835,-1.615158273919475,-12.29228479294047,23.7565407531757,-22.584221106692706,3.43,1.73,168.0,76.5,66.0,84.2,1958.0,6.2,717111,672386,474832,676914,656305,657557,593160,595281,624415,54.35,,,,,,,,42,3,Changeup,1,6,1,6,6,1,1,6,Standard,Standard,237.0,-0.007,-0.069,72.3,7.5,,,0.069,88.0,-5,-5,0.089,0.089,34,26,34,27,3,2,6.0,1.0,6.0,1.0,2.26,1.11,-1.11,35.7,3.470398855549063,9.41870266291747,26.451043449708507,43.43394546750713,24.499171928673192
CU,2023-08-06,70.1,-1.54,5.83,"Duran, Jarren",680776,605135,,called_strike,,,,,1.0,,R,L,R,BOS,TOR,S,,,1,0,2023,1.34,-1.03,-0.7505014908274412,2.7086914715718873,,657077.0,622569.0,2,4,Bot,,,,,,,-0.6952962553831035,-101.8393867716207,3.4661868507571336,9.340208300469197,19.0456750855432,-40.18203371592602,3.22086505621827,1.52071142945547,,,,69.5,2273.0,6.2,717111,672386,474832,676914,656305,657557,593160,595281,624415,54.25,,,,,,,,42,2,Curveball,1,6,1,6,6,1,1,6,Standard,Standard,41.0,-0.003,-0.045,,,,,0.045,,-5,-5,0.092,0.092,34,26,34,27,3,2,6.0,1.0,6.0,1.0,5.74,-1.34,1.34,47.5,,,,,
SL,2023-08-06,82.7,-1.3,5.78,"Duran, Jarren",680776,605135,,blocked_ball,,,,,14.0,,R,L,R,BOS,TOR,B,,,0,0,2023,0.43,-0.02,1.3554173740904925,0.4709491392238898,,657077.0,622569.0,2,4,Bot,,,,,,,5.22204748813121,-120.3433977679551,-5.638764461403495,3.284787574091473,21.01812216494845,-31.579922524488833,3.30966497005063,1.75766400382184,,,,83.2,2291.0,6.4,717111,672386,474832,676914,656305,657557,593160,595281,624415,54.13,,,,,,,,42,1,Slider,1,6,1,6,6,1,1,6,Standard,Standard,106.0,0.002,0.03,,,,,-0.03,,-5,-5,0.09,0.09,34,26,34,27,3,2,6.0,1.0,6.0,1.0,3.33,-0.43,0.43,45.9,,,,,
SI,2023-08-06,93.2,-1.44,5.66,"Duran, Jarren",680776,605135,grounded_into_double_play,hit_into_play,,,,,6.0,"Jarren Duran grounds into a double play, second baseman Davis Schneider to shortstop Paul DeJong to first baseman Brandon Belt. Pablo Reyes out at 2nd. Jarren Duran out at 1st.",R,L,R,BOS,TOR,X,4.0,ground_ball,0,2,2023,-0.95,0.54,0.589652974358375,2.3178207395198616,,649966.0,622569.0,1,2,Bot,139.08,145.81,,,,,7.305499906041053,-135.70053708135438,-4.0988975487192905,-13.26341438432799,25.16517827011107,-24.794736015072584,3.43,1.73,14.0,94.2,-8.0,93.8,2137.0,6.2,717111,672386,474832,676914,656305,657557,593160,595281,624415,54.25,0.246,0.221,0.0,1.0,0.0,0.0,2.0,19,3,Sinker,0,0,0,0,0,0,0,0,Standard,Standard,216.0,-0.074,-0.234,74.2,7.0,,0.271,0.234,94.2,0,0,0.574,0.574,34,26,34,27,2,1,6.0,1.0,6.0,1.0,2.05,0.95,-0.95,41.0,-4.600117394297438,17.569113964994163,36.995712998164755,33.74825696552501,19.2650439048233
CU,2023-08-06,70.5,-1.2,5.95,"Duran, Jarren",680776,605135,,swinging_strike,,,,,14.0,,R,L,R,BOS,TOR,S,,,0,1,2023,1.26,-1.06,0.5420813406756203,1.199391219259403,,649966.0,622569.0,1,2,Bot,,,,,,,1.2919443215935091,-102.69736352957486,0.1370709187984531,8.66796894214344,17.172441142898506,-39.89846052657261,3.43,1.73,,,,70.7,2231.0,6.4,717111,672386,474832,676914,656305,657557,593160,595281,624415,54.12,,,,,,,,19,2,Curveball,0,0,0,0,0,0,0,0,Standard,Standard,41.0,-0.012,-0.05,67.9,9.0,9.096940224,,0.05,,0,0,0.586,0.586,34,26,34,27,2,1,6.0,1.0,6.0,1.0,5.64,-1.26,1.26,48.6,29.71377544942911,-46.91018503634349,31.662916430444746,36.35229729651415,63.17116885548725
CH,2023-08-06,84.6,-1.68,5.47,"Duran, Jarren",680776,605135,,foul,,,,,8.0,,R,L,R,BOS,TOR,S,,,0,0,2023,-1.27,0.7,0.0875834261372747,1.901813864777714,,649966.0,622569.0,1,2,Bot,,,,,,,6.658611712532118,-123.05515034720035,-3.398140932354524,-14.242598631035747,22.891927232997617,-24.5580108151468,3.43,1.73,178.0,81.7,65.0,84.8,1994.0,6.3,717111,672386,474832,676914,656305,657557,593160,595281,624415,54.22,,,,,,,,19,1,Changeup,0,0,0,0,0,0,0,0,Standard,Standard,235.0,-0.007,-0.04,76.6,8.3,,,0.04,88.0,0,0,0.593,0.593,34,26,34,27,2,1,6.0,1.0,6.0,1.0,2.47,1.27,-1.27,39.0,10.366623616582654,-2.9505421595987578,38.03314589251569,40.208667662239584,29.588441811122852
FF,2023-08-06,94.2,-2.21,5.5,"Duran, Jarren",680776,543351,strikeout,swinging_strike,,,,,14.0,Jarren Duran strikes out swinging.,R,L,R,BOS,TOR,S,2.0,,2,2,2023,-0.73,1.42,1.033886427677889,1.4630849945896944,,,,2,9,Bot,,,,,,,10.007941711657915,-136.66680031124764,-7.907178387329104,-11.242142494311532,28.62226636668612,-12.71646396807168,3.43,1.73,,,,94.0,2285.0,6.2,717111,672386,474832,676914,669289,657557,593160,662139,624415,54.26,,0.0,0.0,1.0,0.0,0.0,,88,6,4-Seam Fastball,1,13,1,13,13,1,1,13,Standard,Standard,218.0,-0.001,-0.233,47.2,7.4,1.720334124,,0.233,,-12,-12,0.001,0.001,35,26,36,27,1,4,7.0,1.0,1.0,1.0,1.15,0.73,-0.73,31.0,-1.7658460506324731,2.329813226735262,39.638704884163914,26.667315623764033,20.96817230881438
SL,2023-08-06,85.1,-2.4,5.57,"Duran, Jarren",680776,543351,,foul,,,,,7.0,,R,L,R,BOS,TOR,S,,,2,2,2023,0.47,0.17,-0.4253751965711235,1.7724553610146216,,,,2,9,Bot,,,,,,,3.6898523127448257,-123.87812918416245,-2.864094697736621,3.913510244485421,27.92111242973443,-29.99839714197372,3.43,1.73,118.0,70.0,72.0,84.6,2315.0,6.3,717111,672386,474832,676914,669289,657557,593160,662139,624415,54.25,,,,,,,,88,5,Slider,1,13,1,13,13,1,1,13,Standard,Standard,106.0,0.0,0.0,73.9,8.6,,,0.0,88.0,-12,-12,0.001,0.001,35,26,36,27,1,4,7.0,1.0,1.0,1.0,3.0,-0.47,0.47,31.4,6.051157612902926,-13.211348300246431,32.776653514754514,44.540493557108306,34.493364401364
SL,2023-08-06,85.1,-2.25,5.59,"Duran, Jarren",680776,543351,,swinging_strike,,,,,9.0,,R,L,R,BOS,TOR,S,,,2,1,2023,0.45,0.09,0.7239910847056101,2.2104912584550576,,,,2,9,Bot,,,,,,,6.049332156788168,-123.77538272049247,-1.7140964267504466,3.211684965543807,28.115346714712626,-31.070087542116585,3.43,1.73,,,,84.4,2296.0,6.2,717111,672386,474832,676914,669289,657557,593160,662139,624415,54.34,,,,,,,,88,4,Slider,1,13,1,13,13,1,1,13,Standard,Standard,107.0,0.0,-0.081,75.5,8.9,2.20818876,,0.081,,-12,-12,0.001,0.001,35,26,36,27,1,4,7.0,1.0,1.0,1.0,3.09,-0.45,0.45,30.7,25.24141098358669,-39.32461301958613,25.664021728483274,31.01983843550793,50.53876936148737
SL,2023-08-06,85.4,-2.41,5.59,"Duran, Jarren",680776,543351,,ball,,,,,13.0,,R,L,R,BOS,TOR,B,,,1,1,2023,0.44,0.36,-0.9743401477835408,1.7014019254948691,,,,2,9,Bot,,,,,,,2.470931171998244,-124.27943914604268,-3.4855784962930696,3.9545030409544295,28.482742949647825,-27.96145185130428,3.36886219455648,1.69842803310695,,,,84.6,2238.0,6.1,717111,672386,474832,676914,669289,657557,593160,662139,624415,54.39,,,,,,,,88,3,Slider,1,13,1,13,13,1,1,13,Standard,Standard,142.0,0.0,0.053,,,,,-0.053,,-12,-12,0.001,0.001,35,26,36,27,1,4,7.0,1.0,1.0,1.0,2.81,-0.44,0.44,31.0,,,,,
SL,2023-08-06,85.0,-2.39,5.61,"Duran, Jarren",680776,543351,,ball,,,,,13.0,,R,L,R,BOS,TOR,B,,,0,1,2023,0.44,0.26,-1.0175067953086772,2.4624822553966905,,,,2,9,Bot,,,,,,,2.331048429577048,-123.76207651790692,-1.488821824263356,3.926057983342194,27.822321818997708,-29.471288786328643,3.36886219455648,1.72804620499689,,,,84.3,2183.0,6.1,717111,672386,474832,676914,669289,657557,593160,662139,624415,54.4,,,,,,,,88,2,Slider,1,13,1,13,13,1,1,13,Standard,Standard,130.0,0.0,0.031,,,,,-0.031,,-12,-12,0.001,0.001,35,26,36,27,1,4,7.0,1.0,1.0,1.0,2.93,-0.44,0.44,31.5,,,,,
FF,2023-08-06,93.3,-2.16,5.53,"Duran, Jarren",680776,543351,,foul,,,,,1.0,,R,L,R,BOS,TOR,S,,,0,0,2023,-0.84,1.31,-0.3803053800877288,3.49957409090363,,,,2,9,Bot,,,,,,,6.47673131568215,-135.70051426078894,-2.3567805228014143,-11.82645665497366,29.55460390052909,-15.633141705228685,3.43,1.73,217.0,80.5,56.0,93.8,2291.0,6.6,717111,672386,474832,676914,669289,657557,593160,662139,624415,53.9,,,,,,,,88,1,4-Seam Fastball,1,13,1,13,13,1,1,13,Standard,Standard,217.0,0.0,-0.045,67.7,6.6,,,0.045,88.0,-12,-12,0.001,0.001,35,26,36,27,1,4,7.0,1.0,1.0,1.0,1.31,0.84,-0.84,31.5,0.8463408701818446,23.143300452334884,23.002034235715175,43.79477564773296,14.778794657133696
SI,2023-08-06,89.4,-1.81,5.35,"Duran, Jarren",680776,605135,field_out,hit_into_play,,,,,2.0,Jarren Duran flies out to left fielder Whit Merrifield.,R,L,R,BOS,TOR,X,7.0,fly_ball,0,0,2023,-1.36,0.69,-0.1440145129555423,3.015562928979162,,,,0,1,Bot,54.4,109.48,,,,,6.914270328886576,-130.15562050942668,-1.2465820939555288,-16.835207807677126,24.59889955839402,-24.255275577201942,3.43,1.73,284.0,95.3,48.0,89.3,2111.0,6.0,717111,672386,474832,676914,656305,657557,593160,595281,624415,54.51,0.005,0.008,0.0,1.0,0.0,0.0,3.0,6,1,Sinker,0,0,0,0,0,0,0,0,Infield shade,Standard,237.0,-0.022,-0.265,71.0,7.3,,0.015,0.265,95.3,0,0,0.548,0.548,34,26,34,27,1,0,6.0,1.0,6.0,1.0,2.14,1.36,-1.36,31.2,4.86977375532861,5.758422070485383,27.821419343852305,43.9005163023826,23.64210518419322
CH,2023-08-05,85.5,-2.18,5.42,"Duran, Jarren",680776,621244,field_out,hit_into_play,,,,,13.0,Jarren Duran lines out to pitcher Jose Berrios.,R,L,R,BOS,TOR,X,1.0,line_drive,2,2,2023,-1.05,0.49,-1.2418471122437402,2.337943859782349,,,,2,5,Bot,127.21,180.56,,,,,4.337084246196118,-124.52933635820786,-1.9904813850944845,-11.792988553567898,24.34581899354883,-26.90994029874616,3.44,1.73,70.0,68.9,5.0,86.0,1425.0,6.5,717125,672386,665489,676914,656305,657557,593160,662139,543807,54.01,0.222,0.202,0.0,1.0,0.0,0.0,2.0,43,6,Changeup,3,3,3,3,3,3,3,3,Infield shade,Standard,254.0,-0.013,-0.233,51.3,8.1,,0.284,0.233,88.0,0,0,0.513,0.513,29,26,29,27,3,2,6.0,1.0,6.0,1.0,2.62,1.05,-1.05,38.6,4.989063036484506,-7.2254883152142115,29.800833987467225,55.769008838916434,22.853579276231372
CH,2023-08-05,84.3,-2.22,5.29,"Duran, Jarren",680776,621244,,ball,,,,,14.0,,R,L,R,BOS,TOR,B,,,1,2,2023,-1.25,0.23,0.6565510057518853,-0.321967537671417,,,,2,5,Bot,,,,,,,9.19032606251234,-122.30316749626648,-7.133361702316845,-14.325503966795356,23.67155096981516,-28.620352233779737,3.49163865103903,1.74159737494008,,,,84.7,1556.0,6.6,717125,672386,665489,676914,656305,657557,593160,662139,543807,53.85,,,,,,,,43,5,Changeup,3,3,3,3,3,3,3,3,Infield shade,Standard,255.0,0.003,0.041,,,,,-0.041,,0,0,0.51,0.51,29,26,29,27,3,2,6.0,1.0,6.0,1.0,2.99,1.25,-1.25,37.1,,,,,
SV,2023-08-05,85.0,-2.31,5.55,"Duran, Jarren",680776,621244,,foul,,,,,14.0,,R,L,R,BOS,TOR,S,,,1,2,2023,1.17,-0.51,0.720290507086831,1.5081544950913637,,,,2,5,Bot,,,,,,,4.7617830008373625,-123.72068688725696,-2.0582722898785084,10.889969805819725,27.088044139026916,-37.169855195087656,3.44,1.73,2.0,89.3,-39.0,84.7,2564.0,6.3,717125,672386,665489,676914,656305,657557,593160,662139,543807,54.2,,,,,,,,43,4,Slurve,3,3,3,3,3,3,3,3,Standard,Standard,40.0,0.0,0.0,75.2,8.0,,,0.0,89.3,0,0,0.51,0.51,29,26,29,27,3,2,6.0,1.0,6.0,1.0,3.69,-1.17,1.17,37.8,3.9981903778882577,-3.7476626641233786,37.369444831198855,32.638568247786836,30.34496015394426
SI,2023-08-05,95.5,-1.85,5.54,"Duran, Jarren",680776,621244,,foul,,,,,6.0,,R,L,R,BOS,TOR,S,,,1,1,2023,-1.23,0.73,0.6905881866238959,2.624612917016008,,,,2,5,Bot,,,,,,,9.487869146965217,-138.81655911820906,-3.7044350993515742,-18.009092413722158,30.976454437956203,-22.068612375639304,3.44,1.73,176.0,74.1,61.0,95.8,2091.0,6.5,717125,672386,665489,676914,656305,657557,593160,662139,543807,54.0,,,,,,,,43,3,Sinker,3,3,3,3,3,3,3,3,Standard,Standard,226.0,-0.004,-0.069,70.3,7.1,,,0.069,88.0,0,0,0.514,0.514,29,26,29,27,3,2,6.0,1.0,6.0,1.0,1.77,1.23,-1.23,39.8,-0.2984409024794312,3.4387239182200613,33.35197847677199,32.611200178659686,21.00075361419798
SI,2023-08-05,94.7,-2.09,5.58,"Duran, Jarren",680776,621244,,called_strike,,,,,3.0,,R,L,R,BOS,TOR,S,,,1,0,2023,-1.23,0.8,0.4532262674330174,3.355426396759337,,,,2,5,Bot,,,,,,,9.39892359918408,-137.62341064110134,-1.930935170424668,-17.642880447337102,30.0251336038075,-21.702776685426624,3.46241623650603,1.71230347377529,,,,95.0,2128.0,6.5,717125,672386,665489,676914,656305,657557,593160,662139,543807,54.03,,,,,,,,43,2,Sinker,3,3,3,3,3,3,3,3,Standard,Standard,222.0,-0.003,-0.056,,,,,0.056,,0,0,0.517,0.517,29,26,29,27,3,2,6.0,1.0,6.0,1.0,1.74,1.23,-1.23,39.4,,,,,
FF,2023-08-05,94.4,-2.05,5.57,"Duran, Jarren",680776,621244,,ball,,,,,14.0,,R,L,R,BOS,TOR,B,,,0,0,2023,-0.84,1.23,1.6853666764130335,1.6656520269921684,,,,2,5,Bot,,,,,,,11.563554909381882,-136.94919096646225,-7.232642689610047,-12.969859238732496,27.20292411688848,-15.242825062725917,3.46241623650603,1.74159737494008,,,,94.6,2276.0,6.4,717125,672386,665489,676914,656305,657557,593160,662139,543807,54.15,,,,,,,,43,1,4-Seam Fastball,3,3,3,3,3,3,3,3,Standard,Standard,221.0,0.002,0.043,,,,,-0.043,,0,0,0.515,0.515,29,26,29,27,3,2,6.0,1.0,6.0,1.0,1.33,0.84,-0.84,40.1,,,,,
SV,2023-08-05,84.2,-2.29,5.55,"Duran, Jarren",680776,621244,strikeout,called_strike,,,,,7.0,Jarren Duran called out on strikes.,R,L,R,BOS,TOR,S,2.0,,2,2,2023,1.42,-0.56,-0.7548585291600278,2.141212019700309,,649966.0,,2,3,Bot,,,,,,,0.7557063870163061,-122.57876285204776,-0.3932932683901681,14.069469950482496,25.749205762814334,-37.89619030452248,3.43319247666174,1.6830079233057,,,,83.7,2396.0,6.1,717125,672386,665489,676914,656305,657557,593160,662139,543807,54.39,,0.0,0.0,1.0,0.0,0.0,,28,6,Slurve,0,3,0,3,3,0,0,3,Standard,Standard,44.0,-0.026,-0.218,,,,,0.218,,-3,-3,0.212,0.212,29,26,29,27,2,1,6.0,1.0,6.0,1.0,3.78,-1.42,1.42,37.5,,,,,
SI,2023-08-05,95.3,-2.01,5.72,"Duran, Jarren",680776,621244,,foul,,,,,6.0,,R,L,R,BOS,TOR,S,,,2,2,2023,-1.09,0.93,0.7092283506310615,2.682077412482462,,649966.0,,2,3,Bot,,,,,,,9.61628804953122,-138.44963036258386,-4.473454191945684,-16.078589315331406,28.870502900560357,-19.37678692984806,3.44,1.73,207.0,76.9,20.0,95.9,2069.0,6.6,717125,672386,665489,676914,656305,657557,593160,662139,543807,53.94,,,,,,,,28,5,Sinker,0,3,0,3,3,0,0,3,Standard,Standard,219.0,0.0,0.0,65.8,5.8,,,0.0,88.0,-3,-3,0.212,0.212,29,26,29,27,2,1,6.0,1.0,6.0,1.0,1.58,1.09,-1.09,42.2,-18.171378171026532,28.993320521513233,36.89486470155585,30.773303579667804,11.0026316219206
SV,2023-08-05,85.7,-2.14,5.55,"Duran, Jarren",680776,621244,,blocked_ball,,,,,14.0,,R,L,R,BOS,TOR,B,,,1,2,2023,0.85,-0.39,0.9622060804347892,0.4230694996596007,,649966.0,,2,3,Bot,,,,,,,5.627134692795237,-124.58902468520544,-5.011428439705285,7.596011314758534,27.035669245640275,-35.34281348018235,3.46241623650603,1.72887446939216,,,,85.7,2574.0,6.5,717125,672386,665489,676914,656305,657557,593160,662139,543807,53.96,,,,,,,,28,4,Slurve,0,3,0,3,3,0,0,3,Standard,Standard,37.0,0.004,0.015,,,,,-0.015,,-3,-3,0.208,0.208,29,26,29,27,2,1,6.0,1.0,6.0,1.0,3.52,-0.85,0.85,39.3,,,,,
CH,2023-08-05,85.1,-2.29,5.4,"Duran, Jarren",680776,621244,,swinging_strike,,,,,13.0,,R,L,R,BOS,TOR,S,,,1,1,2023,-1.15,-0.08,-0.810558637576668,1.202757872445952,,649966.0,,2,3,Bot,,,,,,,5.847508810080482,-123.82274252760962,-3.357581338564848,-13.059832705794603,26.390826832676076,-32.46301399235156,3.44,1.73,,,,85.6,1393.0,6.7,717125,672386,665489,676914,656305,657557,593160,662139,543807,53.76,,,,,,,,28,3,Changeup,0,3,0,3,3,0,0,3,Standard,Standard,249.0,-0.007,-0.064,67.3,8.9,1.79339706,,0.064,,-3,-3,0.215,0.215,29,26,29,27,2,1,6.0,1.0,6.0,1.0,3.24,1.15,-1.15,37.6,15.625112222590989,-14.97482418987656,32.25677366648795,50.816067368498565,36.55798266143549
CH,2023-08-05,86.0,-2.26,5.34,"Duran, Jarren",680776,621244,,foul,,,,,13.0,,R,L,R,BOS,TOR,S,,,1,0,2023,-1.18,0.1,-0.0701474573036273,1.0752204075104594,,649966.0,,2,3,Bot,,,,,,,7.622354582450312,-125.02527699650489,-4.072803673077868,-13.881072403237145,25.357991554333584,-30.46573697618816,3.43882810851415,1.72887446939216,1.0,58.3,-41.0,86.5,1436.0,6.6,717125,672386,665489,676914,656305,657557,593160,662139,543807,53.86,,,,,,,,28,2,Changeup,0,3,0,3,3,0,0,3,Standard,Standard,246.0,-0.003,-0.046,74.6,8.5,,,0.046,88.0,-3,-3,0.218,0.218,29,26,29,27,2,1,6.0,1.0,6.0,1.0,2.99,1.18,-1.18,36.7,13.623243122382194,-5.671803093761334,35.324398536057345,41.892784933563235,31.344103523345673
SV,2023-08-05,83.9,-2.24,5.57,"Duran, Jarren",680776,621244,,ball,,,,,14.0,,R,L,R,BOS,TOR,B,,,0,0,2023,1.34,-0.57,1.927732670407713,0.846858193631352,,649966.0,,2,3,Bot,,,,,,,6.962549090913356,-122.06929053948234,-3.363481070138054,11.986665996289936,24.75239515840399,-37.43558185408034,3.5354697724737,1.72887446939216,,,,83.5,2597.0,6.1,717125,672386,665489,676914,656305,657557,593160,662139,543807,54.37,,,,,,,,28,1,Slurve,0,3,0,3,3,0,0,3,Standard,Standard,41.0,0.001,0.02,,,,,-0.02,,-3,-3,0.217,0.217,29,26,29,27,2,1,6.0,1.0,6.0,1.0,3.82,-1.34,1.34,44.4,,,,,
SV,2023-08-05,83.2,-2.23,5.57,"Duran, Jarren",680776,621244,strikeout,swinging_strike_blocked,,,,,14.0,Jarren Duran strikes out swinging.,R,L,R,BOS,TOR,S,2.0,,0,2,2023,0.95,-0.53,0.5974523422231098,0.3589473544152639,,,,0,1,Bot,,,,,,,4.617175316680248,-121.0603113966946,-4.416438277851042,8.379235975922272,25.262108922778857,-36.63095942225592,3.44,1.73,,,,83.0,2367.0,6.3,717125,672386,665489,676914,656305,657557,593160,662139,543807,54.21,,0.0,0.0,1.0,0.0,0.0,,6,3,Slurve,0,0,0,0,0,0,0,0,Infield shade,Standard,38.0,-0.013,-0.169,,,,,0.169,,0,0,0.539,0.539,29,26,29,27,1,0,6.0,1.0,6.0,1.0,3.84,-0.95,0.95,39.3,,,,,
SL,2023-08-05,88.0,1.64,6.2,"Duran, Jarren",680776,641835,field_out,hit_into_play,,,,,4.0,"Jarren Duran grounds out softly, pitcher Tim Mayza to first baseman Vladimir Guerrero Jr.",R,L,L,BOS,TOR,X,1.0,ground_ball,1,1,2023,-0.14,0.03,-0.7876834246110292,2.3209201319394084,,,,0,8,Bot,123.04,171.32,,,,,-5.654150387801486,-128.1610873339067,-3.4716139669392208,-0.5054401315246126,23.193823694080383,-31.36334259949068,3.44,1.73,7.0,71.6,-19.0,89.1,2331.0,6.7,717125,672386,665489,593160,656305,657557,662139,595281,543807,53.83,0.053,0.062,0.0,1.0,0.0,0.0,2.0,67,3,Slider,3,4,3,4,4,3,3,4,Standard,Strategic,354.0,-0.06,-0.254,71.9,7.8,,0.078,0.254,88.0,-1,-1,0.305,0.305,31,26,31,27,1,3,1.0,1.0,2.0,1.0,2.88,-0.14,-0.14,45.3,1.7607739307384755,2.2268431185273316,30.294687537794776,49.61295948440539,25.398412358797597
FF,2023-08-05,93.4,-2.14,5.69,"Duran, Jarren",680776,621244,,foul,,,,,4.0,,R,L,R,BOS,TOR,S,,,0,1,2023,-0.6,1.18,-0.3926397237752408,2.8630903014872606,,,,0,1,Bot,,,,,,,5.844638706598431,-136.0363361438966,-4.217184325564289,-8.646164851845786,27.069089934926993,-16.697687756923912,3.44,1.73,250.0,80.7,49.0,94.1,2237.0,6.4,717125,672386,665489,676914,656305,657557,593160,662139,543807,54.06,,,,,,,,6,2,4-Seam Fastball,0,0,0,0,0,0,0,0,Standard,Standard,214.0,-0.006,-0.054,70.6,7.1,,,0.054,88.0,0,0,0.545,0.545,29,26,29,27,1,0,6.0,1.0,6.0,1.0,1.4,0.6,-0.6,43.1,-1.4331481899321692,19.339262976069307,28.72348701946162,44.29196896847439,13.17672866956623
SI,2023-08-05,94.4,1.66,6.14,"Duran, Jarren",680776,641835,,ball,,,,,13.0,,R,L,L,BOS,TOR,B,,,0,1,2023,1.23,0.69,-0.789363104407997,1.4529347813105995,,,,0,8,Bot,,,,,,,-9.12983414462683,-137.1254944672361,-8.087029735617204,17.451044747850695,28.693797501745955,-21.797049556138447,3.49178408975273,1.72901858888552,,,,94.8,2052.0,6.5,717125,672386,665489,593160,656305,657557,662139,595281,543807,54.02,,,,,,,,67,2,Sinker,3,4,3,4,4,3,3,4,Standard,Strategic,137.0,0.006,0.031,,,,,-0.031,,-1,-1,0.299,0.299,31,26,31,27,1,3,1.0,1.0,2.0,1.0,1.86,1.23,1.23,40.2,,,,,
FF,2023-08-05,92.6,-2.13,5.55,"Duran, Jarren",680776,621244,,called_strike,,,,,6.0,,R,L,R,BOS,TOR,S,,,0,0,2023,-0.65,1.05,0.7090635014947526,2.3556741157003733,,,,0,1,Bot,,,,,,,8.685540940596853,-134.60852337466872,-4.719669283240847,-9.657310925118177,25.58815878780275,-18.536118254495815,3.50639482623037,1.72709475002712,,,,93.2,2288.0,6.4,717125,672386,665489,676914,656305,657557,593160,662139,543807,54.06,,,,,,,,6,1,4-Seam Fastball,0,0,0,0,0,0,0,0,Standard,Standard,218.0,-0.003,-0.042,,,,,0.042,,0,0,0.548,0.548,29,26,29,27,1,0,6.0,1.0,6.0,1.0,1.59,0.65,-0.65,42.6,,,,,
SI,2023-08-05,93.6,1.65,6.2,"Duran, Jarren",680776,641835,,called_strike,,,,,4.0,,R,L,L,BOS,TOR,S,,,0,0,2023,1.28,0.68,-0.708073692254277,2.5726229888145165,,,,0,8,Bot,,,,,,,-8.941516002367695,-136.07680456983772,-5.174563054105192,17.760334591843936,27.5536692972382,-22.830600854415547,3.46256161520454,1.80032435773251,,,,94.2,2044.0,6.5,717125,672386,665489,593160,656305,657557,662139,595281,543807,53.96,,,,,,,,67,1,Sinker,3,4,3,4,4,3,3,4,Standard,Strategic,132.0,-0.009,-0.042,,,,,0.042,,-1,-1,0.308,0.308,31,26,31,27,1,3,1.0,1.0,2.0,1.0,1.91,1.28,1.28,40.5,,,,,
SL,2023-08-04,80.6,-2.12,5.74,"Duran, Jarren",680776,666201,single,hit_into_play,,,,,8.0,Jarren Duran singles on a ground ball to shortstop Paul DeJong. Luis Urias to 3rd.,R,L,R,BOS,TOR,X,6.0,ground_ball,0,0,2023,1.1,-0.37,-0.0254694546203336,1.8401041450023832,,649966.0,,2,5,Bot,132.99,139.71,,,,,2.5833704054212014,-117.36886462234622,-1.318290251693924,9.673729346904052,21.916112930635816,-35.591595751537795,3.44,1.73,9.0,103.5,-11.0,81.5,2054.0,6.8,717136,643376,665489,676914,656305,657557,593160,662139,543807,53.68,0.302,0.273,0.9,1.0,1.0,0.0,2.0,45,1,Slider,2,4,2,4,4,2,2,4,Standard,Standard,46.0,0.024,0.675,69.7,7.5,,0.306,-0.675,103.5,-2,-2,0.265,0.265,25,26,25,27,3,2,6.0,2.0,6.0,1.0,3.87,-1.1,1.1,39.0,-0.8426406195949069,9.331015735719427,35.3150131036917,40.56517752426156,20.57957195116677
SI,2023-08-04,93.7,-2.03,5.8,"Duran, Jarren",680776,666201,home_run,hit_into_play,,,,,2.0,Jarren Duran homers (8) on a fly ball to left center field. Luis Urias scores.,R,L,R,BOS,TOR,X,,fly_ball,2,1,2023,-1.4,0.58,-0.1178711567369064,2.963297500479724,,,649966.0,2,3,Bot,86.29,53.24,,,,,8.087955961209037,-136.156498666739,-2.86083121832017,-19.23562710937181,30.775033746454692,-24.496151376178183,3.44,1.73,361.0,100.6,36.0,94.1,2194.0,6.7,717136,643376,665489,676914,656305,657557,593160,662139,543807,53.83,0.427,0.8278076923076926,2.0,1.0,0.0,3.0,5.0,26,4,Sinker,0,3,0,3,3,2,2,3,Infield shade,Standard,217.0,0.18,2.2,75.5,7.3,,1.634,-2.2,100.6,-3,-3,0.21,0.21,25,26,25,27,2,1,6.0,2.0,6.0,1.0,2.03,1.4,-1.4,37.4,2.6625113633725244,8.10905599560862,26.03110736277612,42.75538307289229,22.984413865531643
CH,2023-08-04,87.9,-2.04,5.79,"Duran, Jarren",680776,666201,,ball,,,,,14.0,,R,L,R,BOS,TOR,B,,,1,1,2023,-1.15,0.62,0.0202310305803707,1.17898671396758,,,649966.0,2,3,Bot,,,,,,,7.456356965239179,-127.7532977469238,-6.391016713799688,-14.119639345187714,27.0086799839341,-24.212724840242345,3.28905327485363,1.72706358451892,,,,88.8,2078.0,7.0,717136,643376,665489,676914,656305,657557,593160,662139,543807,53.53,,,,,,,,26,3,Changeup,0,3,0,3,3,0,0,3,Infield shade,Standard,230.0,0.003,0.036,,,,,-0.036,,-3,-3,0.207,0.207,25,26,25,27,2,1,6.0,2.0,6.0,1.0,2.34,1.15,-1.15,40.1,,,,,
FF,2023-08-04,93.2,-2.05,5.9,"Duran, Jarren",680776,666201,,ball,,,,,12.0,,R,L,R,BOS,TOR,B,,,0,1,2023,-0.16,1.3,0.3133686411920662,4.552485090914457,,,649966.0,2,3,Bot,,,,,,,6.451489403121536,-135.6766094840105,-0.567882150136704,-3.416899577518421,30.06374427759826,-16.179237248153896,3.31865174086088,1.72706358451892,,,,93.5,2354.0,6.5,717136,643376,665489,676914,656305,657557,593160,662139,543807,54.01,,,,,,,,26,2,4-Seam Fastball,0,3,0,3,3,0,0,3,Standard,Standard,206.0,0.002,0.025,,,,,-0.025,,-3,-3,0.205,0.205,25,26,25,27,2,1,6.0,2.0,6.0,1.0,1.32,0.16,-0.16,41.6,,,,,
FF,2023-08-04,91.7,-2.16,5.9,"Duran, Jarren",680776,666201,,called_strike,,,,,6.0,,R,L,R,BOS,TOR,S,,,0,0,2023,-0.33,1.4,0.4496029881079422,2.91263751586242,,,649966.0,2,3,Bot,,,,,,,7.351190498917493,-133.27306836460434,-4.690172620946168,-5.600288120594461,30.312173097720464,-14.714597185447303,3.46663579035936,1.72706358451892,,,,92.0,2317.0,6.7,717136,643376,665489,676914,656305,657557,593160,662139,543807,53.83,,,,,,,,26,1,4-Seam Fastball,0,3,0,3,3,0,0,3,Infield shade,Standard,207.0,-0.003,-0.045,,,,,0.045,,-3,-3,0.208,0.208,25,26,25,27,2,1,6.0,2.0,6.0,1.0,1.33,0.33,-0.33,41.2,,,,,
SI,2023-08-04,92.2,1.44,6.35,"Duran, Jarren",680776,641835,field_out,hit_into_play,,,,,14.0,Jarren Duran lines out sharply to right fielder George Springer.,R,L,L,BOS,TOR,X,9.0,line_drive,0,1,2023,1.3,0.56,1.1378598450801791,2.102824327267899,,,,2,7,Bot,197.17,96.52,,,,,-3.607068486839584,-134.18203064787693,-6.235310054058794,16.529616205780233,26.92558781178204,-24.25111854022169,3.44,1.73,308.0,101.7,18.0,92.6,1956.0,6.4,717136,643376,665489,676914,656305,657557,593160,662139,543807,54.12,0.434,0.509,0.0,1.0,0.0,0.0,5.0,64,2,Sinker,3,6,3,6,6,3,3,6,Standard,Strategic,134.0,-0.008,-0.23,74.8,7.8,,0.802,0.23,101.7,-3,-3,0.08,0.08,31,26,31,27,1,3,5.0,2.0,1.0,1.0,2.1,1.3,1.3,43.3,8.54124753943524,-3.0955349775566647,37.85675730194225,27.653186315428353,29.55078844291172
FF,2023-08-04,91.6,-2.08,6.18,"Duran, Jarren",680776,666201,single,hit_into_play,,,,,9.0,Jarren Duran singles on a sharp line drive to right fielder George Springer.,R,L,R,BOS,TOR,X,9.0,line_drive,0,0,2023,-0.37,1.29,0.5700634376349281,2.176305948761075,,,,0,1,Bot,174.14,120.33,,,,,7.534095770447993,-133.17236058837756,-7.100700470739779,-5.908714405058272,27.203642285740113,-15.458787137393193,3.44,1.73,157.0,106.5,9.0,92.3,2252.0,6.6,717136,643376,665489,676914,656305,657557,593160,662139,543807,53.86,0.776,0.74,0.9,1.0,1.0,0.0,4.0,6,1,4-Seam Fastball,0,2,0,2,2,0,0,2,Infield shade,Standard,212.0,0.038,0.432,77.8,8.1,,0.936,-0.432,106.5,-2,-2,0.352,0.352,25,26,25,27,1,0,6.0,2.0,6.0,1.0,1.42,0.37,-0.37,41.5,6.215932665966738,-0.5140182799365949,34.730320133337024,34.01199600057325,28.903015039640763
SI,2023-08-04,93.3,1.68,6.31,"Duran, Jarren",680776,641835,,called_strike,,,,,6.0,,R,L,L,BOS,TOR,S,,,0,0,2023,1.28,0.53,0.5386468931123831,2.4295442974192234,,,,2,7,Bot,,,,,,,-5.756089625370151,-135.77841163937538,-5.454791233768958,17.084955971830436,27.45493039997728,-24.63789376017019,3.31865174086088,1.72706358451892,,,,93.8,1923.0,6.4,717136,643376,665489,676914,656305,657557,593160,662139,543807,54.06,,,,,,,,64,1,Sinker,3,6,3,6,6,3,3,6,Standard,Strategic,134.0,-0.001,-0.045,,,,,0.045,,-3,-3,0.081,0.081,31,26,31,27,1,3,5.0,2.0,1.0,1.0,2.07,1.28,1.28,41.0,,,,,
SL,2023-08-02,89.6,-1.06,6.13,"Duran, Jarren",680776,669302,strikeout,swinging_strike,,,,,9.0,Jarren Duran strikes out swinging.,R,L,R,SEA,BOS,S,2.0,,1,2,2023,0.32,0.39,0.7375912990299651,1.8031581589555583,657136.0,,644374.0,0,5,Top,,,,,,,3.850487264225898,-130.4344611002527,-5.631484022150635,2.806475906818612,27.049849394357715,-26.73327211979356,3.45,1.73,,,,91.4,1895.0,7.3,717161,608596,664034,664238,553993,641487,686527,677594,606192,53.19,,0.0,0.0,1.0,0.0,0.0,,33,5,Slider,0,2,2,0,2,0,2,0,Standard,Standard,221.0,0.027,-0.267,77.0,8.0,0.993784464,,0.267,,-2,2,0.169,0.831,26,26,26,27,3,2,5.0,1.0,6.0,2.0,2.44,-0.32,0.32,50.4,7.741598051332811,-5.010645747577835,37.92814641567677,30.72162945916689,28.36086388828781
FF,2023-08-02,95.8,-0.83,6.14,"Duran, Jarren",680776,669302,,ball,,,,,11.0,,R,L,R,SEA,BOS,B,,,0,2,2023,-0.41,1.17,-0.1989248611060928,4.355871095863266,657136.0,,644374.0,0,5,Top,,,,,,,2.643040260895754,-139.60507370832195,-1.8580087179012617,-5.949912206551449,27.264852958816636,-16.505607775267542,3.41153932844493,1.63612316329116,,,,98.4,1928.0,7.4,717161,608596,664034,664238,553993,641487,686527,677594,606192,53.1,,,,,,,,33,4,4-Seam Fastball,0,2,2,0,2,0,2,0,Standard,Standard,199.0,-0.004,0.025,,,,,-0.025,,-2,2,0.173,0.827,26,26,26,27,3,2,5.0,1.0,6.0,2.0,1.28,0.41,-0.41,52.3,,,,,
SL,2023-08-02,87.6,-1.02,6.24,"Duran, Jarren",680776,669302,,foul,,,,,2.0,,R,L,R,SEA,BOS,S,,,0,2,2023,0.15,0.08,-0.116511338085074,3.356020306256007,657136.0,,644374.0,0,5,Top,,,,,,,1.9070441167073957,-127.58518772508624,-1.0394765548764089,1.2772934094352846,25.195173700866523,-31.27293082603376,3.45,1.73,203.0,69.1,29.0,89.1,1960.0,7.1,717161,608596,664034,664238,553993,641487,686527,677594,606192,53.41,,,,,,,,33,3,Slider,0,2,2,0,2,0,2,0,Strategic,Standard,123.0,0.0,0.0,70.3,6.9,,,0.0,88.0,-2,2,0.173,0.827,26,26,26,27,3,2,5.0,1.0,6.0,2.0,2.87,-0.15,0.15,50.9,-4.076935952074618,16.08617970014582,24.1223078941594,41.18629247918672,16.17375715256772
FF,2023-08-02,96.4,-0.79,6.06,"Duran, Jarren",680776,669302,,foul,,,,,6.0,,R,L,R,SEA,BOS,S,,,0,1,2023,-0.58,1.33,0.5214802153743112,2.8913251600831833,657136.0,,644374.0,0,5,Top,,,,,,,4.929736814983844,-140.26329128484085,-6.034161975801387,-8.781597772288004,29.808616859700397,-13.414154756178954,3.45,1.73,179.0,64.4,50.0,98.8,1930.0,7.5,717161,608596,664034,664238,553993,641487,686527,677594,606192,52.97,,,,,,,,33,2,4-Seam Fastball,0,2,2,0,2,0,2,0,Strategic,Standard,205.0,0.01,-0.091,71.3,7.0,,,0.091,88.0,-2,2,0.163,0.837,26,26,26,27,3,2,5.0,1.0,6.0,2.0,1.11,0.58,-0.58,51.5,-3.248306290869429,8.075757015984326,32.808144507789294,33.538374393840904,18.44007873968119
FF,2023-08-02,96.2,-0.91,6.09,"Duran, Jarren",680776,669302,,swinging_strike,,,,,5.0,,R,L,R,SEA,BOS,S,,,0,0,2023,-0.63,1.31,0.1438562927069271,2.612787797430812,657136.0,,644374.0,0,5,Top,,,,,,,4.31292482112244,-139.9250231424894,-6.735135095172936,-9.26774960358082,31.290809801955,-13.673759537282034,3.45,1.73,,,,98.1,2088.0,7.4,717161,608596,664034,664238,553993,641487,686527,677594,606192,53.12,,,,,,,,33,1,4-Seam Fastball,0,2,2,0,2,0,2,0,Strategic,Standard,208.0,0.006,-0.02,73.9,6.5,0.1,,0.02,,-2,2,0.157,0.843,26,26,26,27,3,2,5.0,1.0,6.0,2.0,1.16,0.63,-0.63,48.0,-21.64041143183437,35.18237336709283,36.981813522372946,38.709813688406,6.045963007519124
FS,2023-08-02,85.3,-0.97,6.14,"Duran, Jarren",680776,669302,home_run,hit_into_play,,,,,8.0,Jarren Duran homers (7) on a fly ball to right field. Connor Wong scores.,R,L,R,SEA,BOS,X,,fly_ball,0,2,2023,-0.16,0.06,0.0798733748553033,1.6217151000751997,,,657136.0,1,3,Top,208.8,75.54,,,,,2.8186087185270803,-124.38274142624566,-4.6267900361956755,-2.125192381813555,20.913833266256677,-30.941703033182847,3.45,1.73,374.0,96.8,26.0,87.2,762.0,7.0,717161,608596,664034,664238,553993,641487,686527,677594,606192,53.46,0.29,0.5060588235294117,2.0,1.0,0.0,3.0,5.0,16,4,Split-Finger,0,0,0,0,2,0,2,0,Infield shade,Standard,241.0,-0.204,1.544,77.5,8.8,,0.962,-1.544,96.8,0,0,0.51,0.49,26,26,26,27,2,1,5.0,1.0,6.0,2.0,3.02,0.16,-0.16,45.7,16.247464105784506,-16.43978375840716,34.01163333014905,39.13661022418873,39.17044983134913
FS,2023-08-02,85.3,-0.99,6.15,"Duran, Jarren",680776,669302,,foul,,,,,1.0,,R,L,R,SEA,BOS,S,,,0,2,2023,-0.51,0.35,-0.8006711450834515,2.991627299993534,,,657136.0,1,3,Top,,,,,,,1.5019671369876726,-124.32798187465345,-1.9429517715223357,-5.600694966209411,22.35270623786943,-28.381969746599072,3.45,1.73,199.0,73.9,58.0,87.3,821.0,7.2,717161,608596,664034,664238,553993,641487,686527,677594,606192,53.25,,,,,,,,16,3,Split-Finger,0,0,0,0,0,0,0,0,Infield shade,Standard,247.0,0.0,0.0,67.0,7.2,,,0.0,88.0,0,0,0.51,0.49,26,26,26,27,2,1,5.0,1.0,6.0,2.0,2.75,0.51,-0.51,46.4,-11.83737752391324,16.792907507538555,25.05928567824988,50.3570507694305,17.726786425962214
FS,2023-08-02,85.0,-0.95,6.17,"Duran, Jarren",680776,669302,,swinging_strike,,,,,4.0,,R,L,R,SEA,BOS,S,,,0,1,2023,-0.47,0.17,-0.6472664018566059,2.62973610991705,,,657136.0,1,3,Top,,,,,,,1.6868376377562837,-123.95707229846012,-2.4702606025858733,-5.2297457580850795,20.236514248318073,-30.190065029215653,3.45,1.73,,,,87.1,866.0,7.1,717161,608596,664034,664238,553993,641487,686527,677594,606192,53.39,,,,,,,,16,2,Split-Finger,0,0,0,0,0,0,0,0,Infield shade,Standard,231.0,0.008,-0.053,75.1,7.4,0.700363992,,0.053,,0,0,0.502,0.498,26,26,26,27,2,1,5.0,1.0,6.0,2.0,2.93,0.47,-0.47,49.2,-3.911665888547845,19.48405491078265,29.189078180119115,47.9968178909676,14.063203007846075
SL,2023-08-02,88.6,-0.86,6.3,"Duran, Jarren",680776,669302,,foul,,,,,9.0,,R,L,R,SEA,BOS,S,,,0,0,2023,0.15,0.14,0.5410902747200936,2.2134813705857215,,,657136.0,1,3,Top,,,,,,,3.153865463044046,-129.1303018153296,-4.366346709122254,1.1864779920508697,22.73496503301732,-30.04800933614345,3.45,1.73,2.0,60.3,-45.0,90.8,2092.0,7.2,717161,608596,664034,664238,553993,641487,686527,677594,606192,53.3,,,,,,,,16,1,Slider,0,0,0,0,0,0,0,0,Standard,Standard,87.0,0.005,-0.042,75.1,7.3,,,0.042,88.0,0,0,0.497,0.503,26,26,26,27,2,1,5.0,1.0,6.0,2.0,2.72,-0.15,0.15,54.3,-3.2076636258811355,5.320042269331981,34.326424034429536,34.08790041676342,24.32252409560949
FF,2023-08-02,98.5,-2.49,4.91,"Duran, Jarren",680776,666374,field_out,hit_into_play,,,,,9.0,"Jarren Duran grounds out, second baseman Dylan Moore to first baseman Ty France.",R,L,R,SEA,BOS,X,4.0,ground_ball,1,0,2023,-0.73,1.07,0.4625622639078114,1.9018756837444988,,,,2,7,Top,147.45,150.57,,,,,9.725448169707876,-143.07185948640637,-5.219362050269799,-12.240659468184322,31.381621283840456,-16.432663306379037,3.45,1.73,33.0,97.7,-1.0,98.8,2253.0,6.4,717161,608596,664034,664238,553993,641487,686527,677594,606192,54.08,0.394,0.364,0.0,1.0,0.0,0.0,2.0,52,2,4-Seam Fastball,2,3,3,2,3,2,3,2,Standard,Standard,230.0,0.014,-0.317,74.9,7.7,,0.398,0.317,97.7,-1,1,0.35,0.65,25,26,25,27,1,3,2.0,1.0,2.0,2.0,1.28,0.73,-0.73,25.5,-2.359644484424822,3.6529395071559616,37.78378002376007,34.84165438106365,24.15133673992716
FF,2023-08-02,98.5,-2.52,4.91,"Duran, Jarren",680776,666374,,ball,,,,,12.0,,R,L,R,SEA,BOS,B,,,0,0,2023,-0.98,1.09,1.0209255824489676,2.5853777688356705,,,,2,7,Top,,,,,,,11.934049932588644,-143.06462352668444,-3.3918298588535154,-16.163168820114777,31.68446823402454,-16.5576624515514,3.41017991904035,1.72999887184216,,,,98.9,2266.0,6.5,717161,608596,664034,664238,553993,641487,686527,677594,606192,53.98,,,,,,,,52,1,4-Seam Fastball,2,3,3,2,3,2,3,2,Standard,Standard,233.0,-0.001,0.043,,,,,-0.043,,-1,1,0.351,0.649,25,26,25,27,1,3,2.0,1.0,2.0,2.0,1.26,0.98,-0.98,31.1,,,,,
SL,2023-08-02,89.4,-0.94,6.33,"Duran, Jarren",680776,669302,field_out,hit_into_play,,,,,9.0,Jarren Duran flies out sharply to center fielder Julio Rodriguez.,R,L,R,SEA,BOS,X,8.0,fly_ball,2,1,2023,0.04,0.01,0.292781917907424,2.215965262708292,,,,0,1,Top,156.45,57.11,,,,,3.002290023963801,-130.28411400990652,-4.239189636902049,-0.178632354160869,26.31109139956959,-31.435852528200083,3.45,1.73,358.0,101.3,35.0,90.8,2077.0,7.0,717161,608596,664034,664238,553993,641487,686527,677594,606192,53.52,0.427,0.8314,0.0,1.0,0.0,0.0,5.0,1,4,Slider,0,0,0,0,0,0,0,0,Standard,Standard,58.0,0.026,-0.313,77.9,8.3,,1.644,0.313,101.3,0,0,0.496,0.504,26,26,26,27,1,0,5.0,1.0,6.0,2.0,2.83,-0.04,0.04,49.9,10.6685225829697,-12.47337725633717,28.92867211401266,37.90021344962296,36.73518546352105
KC,2023-08-02,78.8,-0.69,6.54,"Duran, Jarren",680776,669302,,ball,,,,,12.0,,R,L,R,SEA,BOS,B,,,1,1,2023,0.83,-0.9,1.0035851496282158,3.281555082869662,,,,0,1,Top,,,,,,,2.158650761728621,-114.76789531539026,1.3736104008754553,6.944740601086526,20.124561599638486,-40.57746196286469,3.37151480946919,1.68300681814866,,,,79.7,2297.0,6.7,717161,608596,664034,664238,553993,641487,686527,677594,606192,53.76,,,,,,,,1,3,Knuckle Curve,0,0,0,0,0,0,0,0,Standard,Standard,34.0,-0.005,0.059,,,,,-0.059,,0,0,0.501,0.499,26,26,26,27,1,0,5.0,1.0,6.0,2.0,4.55,-0.83,0.83,57.1,,,,,
FF,2023-08-02,96.2,-0.9,6.35,"Duran, Jarren",680776,669302,,foul,,,,,2.0,,R,L,R,SEA,BOS,S,,,1,0,2023,-0.59,1.27,0.1607399271053866,3.197760745511434,,,,0,1,Top,,,,,,,4.23467946971564,-140.0909054969157,-5.797481678560659,-8.704043027400143,28.869569668268245,-14.354624443252217,3.45,1.73,158.0,78.2,66.0,98.4,1950.0,7.3,717161,608596,664034,664238,553993,641487,686527,677594,606192,53.24,,,,,,,,1,2,4-Seam Fastball,0,0,0,0,0,0,0,0,Standard,Standard,207.0,0.005,-0.052,72.9,7.3,,,0.052,88.0,0,0,0.496,0.504,26,26,26,27,1,0,5.0,1.0,6.0,2.0,1.17,0.59,-0.59,51.7,4.490268047143702,8.648681565980743,25.77731340578767,39.519982059255966,23.285261290658433
FF,2023-08-02,96.2,-0.94,6.3,"Duran, Jarren",680776,669302,,ball,,,,,11.0,,R,L,R,SEA,BOS,B,,,0,0,2023,-0.77,1.28,-0.5420626614620246,3.663982664299128,,,,0,1,Top,,,,,,,2.8705260924519997,-140.20799826202813,-4.4793010116577285,-10.79460055959345,28.89651679046935,-14.42096545207376,3.44999954697056,1.72999758913628,,,,98.8,1998.0,7.4,717161,608596,664034,664238,553993,641487,686527,677594,606192,53.06,,,,,,,,1,1,4-Seam Fastball,0,0,0,0,0,0,0,0,Standard,Standard,213.0,-0.004,0.04,,,,,-0.04,,0,0,0.5,0.5,26,26,26,27,1,0,5.0,1.0,6.0,2.0,1.16,0.77,-0.77,51.2,,,,,
FF,2023-08-01,94.1,-0.8,5.57,"Duran, Jarren",680776,682243,double,hit_into_play,,,,,6.0,Jarren Duran doubles (32) on a ground ball to right fielder Dominic Canzone.,R,L,R,SEA,BOS,X,9.0,ground_ball,0,2,2023,-0.3,1.25,0.7569628372111917,2.5953229887671707,,,,0,5,Top,172.17,137.27,,,,,4.703737380763637,-136.9888960606088,-4.79008597160712,-4.800302142622933,28.836270924566666,-15.580567753378956,3.45,1.73,64.0,103.3,2.0,94.1,2456.0,6.2,717167,663728,664034,668942,553993,641487,687799,677594,686527,54.34,0.534,0.501,1.25,1.0,1.0,1.0,4.0,36,3,4-Seam Fastball,1,3,3,1,3,1,3,1,Strategic,Standard,195.0,-0.055,0.802,73.1,7.6,,0.613,-0.802,103.3,-2,2,0.256,0.744,24,26,25,27,3,2,6.0,1.0,5.0,1.0,1.31,0.3,-0.3,45.1,10.254233706382898,-6.9149885227515,30.550782030182464,29.04838224543719,28.0647653492681
CH,2023-08-01,83.0,-1.15,5.32,"Duran, Jarren",680776,682243,,foul,,,,,1.0,,R,L,R,SEA,BOS,S,,,0,1,2023,-1.36,0.62,-0.333460314430036,3.429106252904044,,,,0,5,Top,,,,,,,4.542526228251847,-120.83548903053344,0.9243866870571308,-14.241099583485372,23.474184518137623,-26.44919782640258,3.45,1.73,204.0,76.2,59.0,83.1,1942.0,6.3,717167,663728,664034,668942,553993,641487,687799,677594,686527,54.15,,,,,,,,36,2,Changeup,1,3,3,1,3,1,3,1,Standard,Standard,227.0,0.004,-0.054,66.8,6.8,,,0.054,88.0,-2,2,0.252,0.748,24,26,25,27,3,2,6.0,1.0,5.0,1.0,2.68,1.36,-1.36,40.4,-2.5203098478801773,17.199489214846153,22.239336018549004,42.43940369498311,18.29715863487631
SL,2023-08-01,83.5,-1.09,5.37,"Duran, Jarren",680776,682243,,swinging_strike,,,,,1.0,,R,L,R,SEA,BOS,S,,,0,0,2023,0.07,0.3,-0.8134368161639327,2.9409108560551256,,,,0,5,Top,,,,,,,0.4908586406143075,-121.74117255536298,0.2052226115292521,0.6104808490405367,23.30764260893664,-29.383988217830673,3.45,1.73,,,,83.7,2260.0,6.3,717167,663728,664034,668942,553993,641487,687799,677594,686527,54.21,,,,,,,,36,1,Slider,1,3,3,1,3,1,3,1,Standard,Standard,103.0,0.003,-0.042,74.3,7.4,1.418898396,,0.042,,-2,2,0.249,0.751,24,26,25,27,3,2,6.0,1.0,5.0,1.0,2.94,-0.07,0.07,39.8,-0.0007305139309062,16.60323720601804,25.02411996526044,48.048880521300106,18.4619109331366
CH,2023-08-01,82.3,-0.78,5.52,"Duran, Jarren",680776,682243,field_out,hit_into_play,,,,,1.0,Jarren Duran pops out to shortstop J. P. Crawford.,R,L,R,SEA,BOS,X,6.0,popup,1,2,2023,-1.32,0.84,-0.3971947041210669,3.218998396874039,,,,1,3,Top,127.18,132.82,,,,,3.4527744170008616,-119.78867538667332,-0.3300996868911172,-13.41921209958962,22.775882296566657,-24.269263079392232,3.45,1.73,169.0,85.1,61.0,82.5,1911.0,6.4,717167,663728,664034,668942,553993,641487,687799,677594,686527,54.13,0.011,0.01,0.0,1.0,0.0,0.0,3.0,20,4,Changeup,1,0,0,1,0,1,0,1,Infield shade,Standard,226.0,0.013,-0.189,73.1,7.9,,0.016,0.189,88.0,1,-1,0.644,0.356,24,26,25,27,2,1,6.0,1.0,5.0,1.0,2.52,1.32,-1.32,46.4,19.079855573164465,-8.755997384641246,20.569367055633833,43.03662037928771,34.60278827621926
SL,2023-08-01,88.1,-0.82,5.55,"Duran, Jarren",680776,682243,,ball,,,,,14.0,,R,L,R,SEA,BOS,B,,,0,2,2023,0.47,-0.12,0.6418056165931743,0.3393150709275554,,,,1,3,Top,,,,,,,2.5628617060663976,-128.0723863618633,-6.220294995273652,4.543626046414621,29.795029702075407,-32.2326225083664,3.43486672102349,1.70599165391201,,,,87.5,2484.0,6.2,717167,663728,664034,668942,553993,641487,687799,677594,686527,54.28,,,,,,,,20,3,Slider,1,0,0,1,0,1,0,1,Infield shade,Standard,122.0,-0.002,0.019,,,,,-0.019,,1,-1,0.646,0.354,24,26,25,27,2,1,6.0,1.0,5.0,1.0,3.09,-0.47,0.47,44.6,,,,,
CH,2023-08-01,85.7,-0.66,5.55,"Duran, Jarren",680776,682243,,called_strike,,,,,9.0,,R,L,R,SEA,BOS,S,,,0,1,2023,-0.91,0.86,0.356964996526436,1.784525274938662,,,,1,3,Top,,,,,,,4.254031484587665,-124.75495942007348,-4.402758438056329,-10.33552618530897,23.764997020496704,-22.52020630969657,3.43486672102349,1.63609002967376,,,,86.1,2009.0,6.4,717167,663728,664034,668942,553993,641487,687799,677594,686527,54.12,,,,,,,,20,2,Changeup,1,0,0,1,0,1,0,1,Standard,Standard,219.0,0.005,-0.057,,,,,0.057,,1,-1,0.641,0.359,24,26,25,27,2,1,6.0,1.0,5.0,1.0,2.23,0.91,-0.91,47.1,,,,,
SL,2023-08-01,86.7,-0.98,5.54,"Duran, Jarren",680776,682243,,called_strike,,,,,8.0,,R,L,R,SEA,BOS,S,,,0,0,2023,0.04,0.09,-0.2129487009786225,1.8755580077296252,,,,1,3,Top,,,,,,,1.752995265834291,-126.31876368074964,-2.7850556777986792,0.0720381339715537,24.63387047237104,-30.91210863129796,3.29458314240205,1.70599165391201,,,,86.8,2382.0,6.2,717167,663728,664034,668942,553993,641487,687799,677594,686527,54.33,,,,,,,,20,1,Slider,1,0,0,1,0,1,0,1,Standard,Standard,133.0,0.003,-0.041,,,,,0.041,,1,-1,0.638,0.362,24,26,25,27,2,1,6.0,1.0,5.0,1.0,2.93,-0.04,0.04,42.7,,,,,
SL,2023-08-01,88.0,-0.66,5.97,"Duran, Jarren",680776,682967,field_out,hit_into_play,,,,,12.0,Jarren Duran pops out to third baseman Eugenio Suarez.,R,L,R,SEA,BOS,X,5.0,popup,1,1,2023,0.41,0.45,1.0603631258527868,2.7163600592918504,,,644374.0,1,9,Top,95.16,164.09,,,,,3.3418208933402873,-128.20758179563396,-2.7807566665994483,3.900067402107824,24.435007132650604,-26.86251432502903,3.45,1.73,122.0,48.9,38.0,88.7,2251.0,6.5,717167,663728,664034,668942,553993,641487,687799,677594,686527,54.04,0.124,0.111,0.0,1.0,0.0,0.0,1.0,72,3,Slider,4,6,6,4,6,4,6,4,Standard,Standard,172.0,0.01,-0.24,62.5,6.7,,0.124,0.24,88.0,-2,2,0.076,0.924,26,26,27,27,1,4,13.0,1.0,38.0,1.0,2.47,-0.41,0.41,59.2,-5.514019586343794,2.832562858845587,34.99108871541532,25.59146628209603,19.72208348233845
SL,2023-08-01,86.7,-0.57,5.96,"Duran, Jarren",680776,682967,,foul,,,,,9.0,,R,L,R,SEA,BOS,S,,,1,0,2023,0.38,0.32,0.5634883985196097,1.8009336755219183,,,644374.0,1,9,Top,,,,,,,1.941899786184172,-126.30744124234816,-4.444516081494121,3.734488604972594,24.253336213367096,-28.121838085505455,3.45,1.73,,,,87.3,2415.0,6.5,717167,663728,664034,668942,553993,641487,687799,677594,686527,54.01,,,,,,,,72,2,Slider,4,6,6,4,6,4,6,4,Standard,Standard,153.0,0.001,-0.053,77.6,8.4,,,0.053,,-2,2,0.075,0.925,26,26,27,27,1,4,13.0,1.0,38.0,1.0,2.69,-0.38,0.38,60.0,11.956936533245267,-18.334309628318987,36.958666828409505,32.06805414690183,34.86781043577853
CH,2023-08-01,77.0,-0.59,5.67,"Duran, Jarren",680776,682967,,ball,,,,,14.0,,R,L,R,SEA,BOS,B,,,0,0,2023,-1.5,0.61,0.6981003255928258,1.508846553757392,,,644374.0,1,9,Top,,,,,,,5.461016644322549,-112.01924585276232,-2.9429450193263333,-13.588177671246813,20.444181919575296,-26.73660881354565,3.38809940629558,1.75259922423742,,,,77.1,1947.0,6.4,717167,663728,664034,668942,553993,641487,687799,677594,686527,54.08,,,,,,,,72,1,Changeup,4,6,6,4,6,4,6,4,Standard,Standard,270.0,-0.001,0.036,,,,,-0.036,,-2,2,0.076,0.924,26,26,27,27,1,4,13.0,1.0,38.0,1.0,3.24,1.5,-1.5,45.3,,,,,
CU,2023-08-01,79.8,-2.11,5.52,"Duran, Jarren",680776,663423,field_out,hit_into_play,,,,,9.0,Jarren Duran grounds out to first baseman Ty France.,R,L,R,SEA,BOS,X,3.0,ground_ball,2,2,2023,0.6,-1.34,0.7654110564774818,2.0314862318828784,,,,0,7,Top,136.41,189.62,,,,,5.199649008133341,-116.08560616327118,1.6526245717673749,4.303421977833929,23.51607855565966,-44.78543419813816,3.45,1.73,42.0,99.9,0.0,79.6,3079.0,6.4,717167,663728,664034,668942,553993,641487,687799,677594,686527,54.14,0.426,0.39,0.0,1.0,0.0,0.0,4.0,55,5,Curveball,4,6,6,4,6,4,6,4,Infield shade,Standard,41.0,0.014,-0.239,75.1,7.7,,0.473,0.239,99.9,-2,2,0.187,0.813,29,26,30,27,1,3,32.0,1.0,5.0,1.0,4.94,-0.6,0.6,50.4,6.275223458473748,-7.023013436785925,35.5289457383435,29.8323264691757,32.74716047199985
CU,2023-08-01,81.2,-2.01,5.6,"Duran, Jarren",680776,663423,,ball,,,,,14.0,,R,L,R,SEA,BOS,B,,,1,2,2023,0.5,-1.28,0.9741453493206133,2.0814739675586047,,,,0,7,Top,,,,,,,5.756007947528969,-118.18166372682764,1.227532825316221,3.577416040804318,22.994191457053297,-44.61099886181147,3.34133822275249,1.65938927999936,,,,81.6,3062.0,6.6,717167,663728,664034,668942,553993,641487,687799,677594,686527,53.88,,,,,,,,55,4,Curveball,4,6,6,4,6,4,6,4,Infield shade,Standard,34.0,-0.003,0.046,,,,,-0.046,,-2,2,0.19,0.81,29,26,30,27,1,3,32.0,1.0,5.0,1.0,4.74,-0.5,0.5,46.4,,,,,
FF,2023-08-01,92.9,-2.11,5.4,"Duran, Jarren",680776,663423,,called_strike,,,,,11.0,,R,L,R,SEA,BOS,S,,,1,1,2023,-0.12,1.25,-0.8308210112928986,2.650011377168828,,,,0,7,Top,,,,,,,3.5452930550704855,-135.31921019672552,-4.067898607397208,-2.1235398634605938,26.606766800220264,-16.11282034177544,3.43486672102349,1.70599165391201,,,,93.6,2352.0,6.4,717167,663728,664034,668942,553993,641487,687799,677594,686527,54.06,,,,,,,,55,3,4-Seam Fastball,4,6,6,4,6,4,6,4,Standard,Standard,210.0,0.004,-0.061,,,,,0.061,,-2,2,0.186,0.8140000000000001,29,26,30,27,1,3,32.0,1.0,5.0,1.0,1.37,0.12,-0.12,46.7,,,,,
FF,2023-08-01,93.0,-1.98,5.5,"Duran, Jarren",680776,663423,,ball,,,,,11.0,,R,L,R,SEA,BOS,B,,,0,1,2023,-0.01,1.11,-1.1893792524106817,4.3256703086823585,,,,0,7,Top,,,,,,,2.048659420614797,-135.57263273100688,0.2506228776687356,-0.5432024995051814,26.362917638012128,-18.565154116351668,3.43691350239098,1.70599165391201,,,,93.6,2450.0,6.3,717167,663728,664034,668942,553993,641487,687799,677594,686527,54.19,,,,,,,,55,2,4-Seam Fastball,4,6,6,4,6,4,6,4,Standard,Standard,199.0,-0.001,0.031,,,,,-0.031,,-2,2,0.187,0.813,29,26,30,27,1,3,32.0,1.0,5.0,1.0,1.49,0.01,-0.01,46.2,,,,,
ST,2023-08-01,79.9,-2.81,4.85,"Duran, Jarren",680776,663423,,foul,,,,,5.0,,R,L,R,SEA,BOS,S,,,0,0,2023,1.25,0.1,-0.2704981645158553,2.7461690276873885,,,,0,7,Top,,,,,,,3.2299211923844147,-116.46130610504656,1.8118840442914357,10.91883260361983,20.040401674819083,-31.8005348765346,3.45,1.73,,,,79.9,2820.0,6.0,717167,663728,664034,668942,553993,641487,687799,677594,686527,54.46,,,,,,,,55,1,Sweeper,4,6,6,4,6,4,6,4,Standard,Standard,67.0,0.002,-0.042,75.3,7.7,,,0.042,,-2,2,0.185,0.815,29,26,30,27,1,3,32.0,1.0,5.0,1.0,3.44,-1.25,1.25,28.4,7.791037284112554,7.372279240119858,27.80131100628439,41.85304279875233,21.86796789433901
FF,2023-08-01,95.7,-0.73,5.81,"Duran, Jarren",680776,682243,field_out,hit_into_play,,,,,5.0,Jarren Duran lines out sharply to center fielder Julio Rodriguez.,R,L,R,SEA,BOS,X,8.0,line_drive,0,1,2023,-0.41,1.24,-0.1411537074890304,2.9074654021523085,,,,0,1,Top,92.04,65.82,,,,,2.4770283870835734,-139.45163917783103,-4.90134533097471,-5.8917192065533674,28.124904339003063,-15.03701577008408,3.45,1.73,341.0,108.3,15.0,96.0,2612.0,6.2,717167,663728,664034,668942,553993,641487,687799,677594,686527,54.33,0.663,0.741,0.0,1.0,0.0,0.0,5.0,1,2,4-Seam Fastball,0,0,0,0,0,0,0,0,Standard,Standard,194.0,0.019,-0.223,73.4,7.5,,1.116,0.223,108.3,0,0,0.503,0.497,24,26,25,27,1,0,6.0,1.0,5.0,1.0,1.22,0.41,-0.41,47.8,7.542349354349532,2.2272698715877484,25.36365200705612,42.03713491883652,22.87696690157691
FF,2023-08-01,95.9,-0.98,5.75,"Duran, Jarren",680776,682243,,foul,,,,,5.0,,R,L,R,SEA,BOS,S,,,0,0,2023,-0.16,1.51,-0.1435334464253256,2.706011393447119,,,,0,1,Top,,,,,,,2.550904928143268,-139.5678019617341,-5.830093545524381,-2.6533582081285703,32.498616260721384,-11.37204023253828,3.43691350239098,1.71702150866465,171.0,82.0,63.0,95.4,2541.0,6.1,717167,663728,664034,668942,553993,641487,687799,677594,686527,54.41,,,,,,,,1,1,4-Seam Fastball,0,0,0,0,0,0,0,0,Standard,Standard,196.0,0.003,-0.042,78.0,7.9,,,0.042,88.0,0,0,0.5,0.5,24,26,25,27,1,0,6.0,1.0,5.0,1.0,0.98,0.16,-0.16,46.6,5.6883345997753985,4.17349676727618,27.707424833166808,41.84592194443405,25.077431300339995
FF,2023-07-31,96.2,-1.48,5.82,"Duran, Jarren",680776,669923,single,hit_into_play,,,,,14.0,Jarren Duran singles on a line drive to right fielder Teoscar Hernandez. Pablo Reyes to 3rd.,R,L,R,SEA,BOS,X,9.0,line_drive,3,2,2023,-0.9,1.22,1.0674793487361636,2.3163963383794246,,622569.0,,1,5,Top,178.6,109.14,,,,,8.810145007118436,-139.7622985232012,-6.465930993810344,-13.766535856176317,30.607534243478284,-14.920826016831032,3.45,1.74,153.0,86.6,10.0,96.4,2137.0,6.4,717181,608596,664034,676609,553993,641487,687799,677594,606192,54.07,0.561,0.506,0.9,1.0,1.0,0.0,4.0,33,8,4-Seam Fastball,1,1,1,1,1,1,1,1,Infield shade,Standard,216.0,-0.059,0.505,72.3,7.3,,0.605,-0.505,88.0,0,0,0.469,0.531,25,26,25,27,3,2,6.0,1.0,5.0,1.0,1.25,0.9,-0.9,35.7,0.9604534325955952,-7.956692177571941,34.61380331710346,26.140566022666555,25.530790757341627
ST,2023-07-31,86.0,-1.57,5.64,"Duran, Jarren",680776,669923,,foul,,,,,8.0,,R,L,R,SEA,BOS,S,,,3,2,2023,1.04,-0.11,-0.1924336547014578,2.0167645763833733,,622569.0,,1,5,Top,,,,,,,1.159760667741657,-125.24959834330215,-2.1153407643573674,10.69845829170559,26.4661848809155,-33.06652554336942,3.45,1.74,2.0,67.8,-48.0,86.3,2229.0,6.5,717181,608596,664034,676609,553993,641487,687799,677594,606192,53.98,,,,,,,,33,7,Sweeper,1,1,1,1,1,1,1,1,Standard,Standard,40.0,0.0,0.0,74.4,7.8,,,0.0,88.0,0,0,0.469,0.531,25,26,25,27,3,2,6.0,1.0,5.0,1.0,3.19,-1.04,1.04,29.5,-0.0508828923356554,-1.2650041927037037,31.879879771195693,41.75934011485909,29.082217081925062
FF,2023-07-31,96.4,-1.55,5.86,"Duran, Jarren",680776,669923,,foul,,,,,3.0,,R,L,R,SEA,BOS,S,,,3,2,2023,-0.51,1.33,0.6172509850178617,3.1647745945900625,,622569.0,,1,5,Top,,,,,,,6.978615194905134,-140.30828195286742,-4.682213486207261,-8.325517604857676,30.55166835880914,-13.654017719680503,3.45,1.74,203.0,66.6,33.0,97.1,2165.0,6.6,717181,608596,664034,676609,553993,641487,687799,677594,606192,53.9,,,,,,,,33,6,4-Seam Fastball,1,1,1,1,1,1,1,1,Standard,Standard,219.0,0.0,0.0,70.8,6.5,,,0.0,88.0,0,0,0.469,0.531,25,26,25,27,3,2,6.0,1.0,5.0,1.0,1.11,0.51,-0.51,35.2,-3.945506801461658,16.736165905717197,28.591380064706904,31.65020184974927,16.118936218108697
SI,2023-07-31,96.6,-1.35,5.85,"Duran, Jarren",680776,669923,,ball,,,,,14.0,,R,L,R,SEA,BOS,B,,,2,2,2023,-1.4,0.76,1.2647669635614298,2.2408796035714973,,622569.0,,1,5,Top,,,,,,,10.188136141778182,-140.31601314475742,-5.824007295006047,-20.727267578825224,28.826374226630502,-21.051572654661996,3.45000153435194,1.72996001014955,,,,97.2,2280.0,6.5,717181,608596,664034,676609,553993,641487,687799,677594,606192,53.98,,,,,,,,33,5,Sinker,1,1,1,1,1,1,1,1,Infield shade,Standard,218.0,-0.011,0.09,,,,,-0.09,,0,0,0.48,0.52,25,26,25,27,3,2,6.0,1.0,5.0,1.0,1.68,1.4,-1.4,35.6,,,,,
ST,2023-07-31,85.3,-1.51,5.73,"Duran, Jarren",680776,669923,,foul,,,,,9.0,,R,L,R,SEA,BOS,S,,,2,1,2023,1.16,-0.09,0.6429090533632388,1.972388059898103,,622569.0,,1,5,Top,,,,,,,2.7387425210442076,-124.10716434626474,-2.2818520999195053,11.28440215019053,27.19488235316871,-32.87228513014435,3.45,1.74,154.0,61.9,41.0,85.3,2387.0,6.5,717181,608596,664034,676609,553993,641487,687799,677594,606192,53.98,,,,,,,,33,4,Sweeper,1,1,1,1,1,1,1,1,Infield shade,Standard,48.0,0.01,-0.09,78.3,8.1,,,0.09,88.0,0,0,0.47,0.53,25,26,25,27,3,2,6.0,1.0,5.0,1.0,3.25,-1.16,1.16,34.1,7.556259168459978,-10.240957853201266,35.78849684716255,32.70914074892116,30.589879538235625
FF,2023-07-31,97.1,-1.41,5.89,"Duran, Jarren",680776,669923,,ball,,,,,12.0,,R,L,R,SEA,BOS,B,,,1,1,2023,-0.57,1.28,0.4976001246081299,4.513361498745802,,622569.0,,1,5,Top,,,,,,,6.414898093959985,-141.32254497581914,-1.124130064565939,-8.976463356292117,29.88296372093927,-14.837222322433654,3.42980243635961,1.74000085313939,,,,97.5,2231.0,6.4,717181,608596,664034,676609,553993,641487,687799,677594,606192,54.14,,,,,,,,33,3,4-Seam Fastball,1,1,1,1,1,1,1,1,Infield shade,Standard,215.0,-0.005,0.052,,,,,-0.052,,0,0,0.475,0.525,25,26,25,27,3,2,6.0,1.0,5.0,1.0,1.12,0.57,-0.57,38.1,,,,,
FS,2023-07-31,82.9,-1.44,5.82,"Duran, Jarren",680776,669923,,ball,,,,,11.0,,R,L,R,SEA,BOS,B,,,0,1,2023,-0.95,0.15,-1.1350397231805895,2.732560047210936,,622569.0,,1,5,Top,,,,,,,2.5778343792906004,-120.82065853282025,-0.8887164697483098,-9.823064210661077,23.15530617777747,-30.7823808535906,3.36689197362885,1.69875864862915,,,,83.4,650.0,6.5,717181,608596,664034,676609,553993,641487,687799,677594,606192,53.99,,,,,,,,33,2,Split-Finger,1,1,1,1,1,1,1,1,Infield shade,Standard,258.0,-0.005,0.024,,,,,-0.024,,0,0,0.48,0.52,25,26,25,27,3,2,6.0,1.0,5.0,1.0,3.16,0.95,-0.95,35.4,,,,,
FF,2023-07-31,96.0,-1.52,5.84,"Duran, Jarren",680776,669923,,foul,,,,,6.0,,R,L,R,SEA,BOS,S,,,0,0,2023,-0.9,1.3,0.390425813373732,2.7922843135363,,622569.0,,1,5,Top,,,,,,,7.106396495501766,-139.66379403061404,-5.4691625846489975,-13.41173084132975,30.074551646163037,-14.027838528907344,3.45,1.74,,,,96.4,2153.0,6.4,717181,608596,664034,676609,553993,641487,687799,677594,606192,54.09,,,,,,,,33,1,4-Seam Fastball,1,1,1,1,1,1,1,1,Infield shade,Standard,217.0,0.007,-0.038,76.8,7.3,,,0.038,,0,0,0.473,0.527,25,26,25,27,3,2,6.0,1.0,5.0,1.0,1.16,0.9,-0.9,34.0,-2.3095106971459973,6.36869315358024,32.46557272942342,35.295511926503224,19.62905743890077
KC,2023-07-31,81.6,-1.4,5.83,"Duran, Jarren",680776,669923,field_out,hit_into_play,,,,,8.0,"Jarren Duran grounds out, second baseman Jose Caballero to first baseman Ty France.",R,L,R,SEA,BOS,X,4.0,ground_ball,2,2,2023,0.8,-1.13,0.1582113721405575,2.1614048949378115,,,,0,3,Top,154.52,141.06,,,,,1.9660410056244777,-118.82460705846462,0.5492141944309172,7.122509966530127,24.4422372131821,-43.170835073217454,3.45,1.74,60.0,105.4,2.0,81.7,2283.0,6.5,717181,608596,664034,676609,553993,641487,687799,677594,606192,54.02,0.529,0.476,0.0,1.0,0.0,0.0,4.0,17,8,Knuckle Curve,1,1,1,1,1,1,1,1,Infield shade,Standard,37.0,0.021,-0.239,,,,0.566,0.239,105.4,0,0,0.504,0.496,25,26,25,27,2,1,6.0,1.0,5.0,1.0,4.57,-0.8,0.8,36.7,,,,,
FF,2023-07-31,96.6,-1.31,5.97,"Duran, Jarren",680776,669923,,foul,,,,,11.0,,R,L,R,SEA,BOS,S,,,2,2,2023,-0.75,1.08,-0.1236808483720999,3.704811369267996,,,,0,3,Top,,,,,,,4.860810246387096,-140.62558143517035,-2.9486479100105663,-11.03296564713667,30.33805312821029,-17.408681122439962,3.45,1.74,196.0,82.3,16.0,96.7,2021.0,6.2,717181,608596,664034,676609,553993,641487,687799,677594,606192,54.29,,,,,,,,17,7,4-Seam Fastball,1,1,1,1,1,1,1,1,Infield shade,Standard,221.0,0.0,0.0,67.6,6.0,,,0.0,88.0,0,0,0.504,0.496,25,26,25,27,2,1,6.0,1.0,5.0,1.0,1.36,0.75,-0.75,35.8,-9.408393200736752,38.3803872841056,24.282854959925267,40.67314484260291,3.8203150142013658
SI,2023-07-31,96.7,-1.18,5.95,"Duran, Jarren",680776,669923,,ball,,,,,12.0,,R,L,R,SEA,BOS,B,,,1,2,2023,-1.34,0.71,1.233208079138371,3.11987646848139,,,,0,3,Top,,,,,,,9.504109104504227,-140.61903797244082,-3.665850451228221,-19.84748375703354,28.782539787602648,-22.088299039038585,3.42739689178404,1.73999950828506,,,,97.3,2282.0,6.4,717181,608596,664034,676609,553993,641487,687799,677594,606192,54.05,,,,,,,,17,6,Sinker,1,1,1,1,1,1,1,1,Infield shade,Standard,221.0,-0.003,0.046,,,,,-0.046,,0,0,0.507,0.493,25,26,25,27,2,1,6.0,1.0,5.0,1.0,1.71,1.34,-1.34,35.5,,,,,
FS,2023-07-31,84.7,-1.44,5.82,"Duran, Jarren",680776,669923,,ball,,,,,11.0,,R,L,R,SEA,BOS,B,,,0,2,2023,-0.87,-0.07,-2.337446136877751,3.2169692462520194,,,,0,3,Top,,,,,,,-0.3618695478074111,-123.44872680190498,0.3991385642263736,-8.78589776125485,24.959830558656204,-33.22292511741395,3.43467601118073,1.70841897950945,,,,84.9,634.0,6.4,717181,608596,664034,676609,553993,641487,687799,677594,606192,54.13,,,,,,,,17,5,Split-Finger,1,1,1,1,1,1,1,1,Infield shade,Standard,270.0,-0.003,0.024,,,,,-0.024,,0,0,0.51,0.49,25,26,25,27,2,1,6.0,1.0,5.0,1.0,3.24,0.87,-0.87,32.7,,,,,
ST,2023-07-31,86.7,-1.48,5.81,"Duran, Jarren",680776,669923,,foul,,,,,9.0,,R,L,R,SEA,BOS,S,,,0,2,2023,0.93,-0.52,0.7055515252918103,2.0380781893801965,,,,0,3,Top,,,,,,,3.333981646562166,-126.41115066438014,-1.831445538013244,9.405073206885206,23.223000567338588,-37.68707689672668,3.45,1.74,4.0,72.4,-28.0,87.0,2315.0,6.2,717181,608596,664034,676609,553993,641487,687799,677594,606192,54.34,,,,,,,,17,4,Sweeper,1,1,1,1,1,1,1,1,Infield shade,Standard,41.0,0.0,0.0,77.7,7.7,,,0.0,88.0,0,0,0.51,0.49,25,26,25,27,2,1,6.0,1.0,5.0,1.0,3.52,-0.93,0.93,32.3,6.584436232154666,-7.583919443359421,34.86149495812686,31.510582379877327,30.27540645406733
FF,2023-07-31,97.0,-1.44,6.0,"Duran, Jarren",680776,669923,,foul,,,,,5.0,,R,L,R,SEA,BOS,S,,,0,2,2023,-0.64,1.28,-0.05090953376041,2.719727277536929,,,,0,3,Top,,,,,,,5.183309345366302,-141.23070644071404,-6.241184253861971,-9.626697378775145,27.413305376978347,-13.800002293209417,3.45,1.74,,,,97.7,2149.0,6.3,717181,608596,664034,676609,553993,641487,687799,677594,606192,54.18,,,,,,,,17,3,4-Seam Fastball,1,1,1,1,1,1,1,1,Infield shade,Standard,218.0,0.0,0.0,75.0,7.2,,,0.0,,0,0,0.51,0.49,25,26,25,27,2,1,6.0,1.0,5.0,1.0,1.11,0.64,-0.64,35.8,-7.653590568473299,18.436247253147453,29.68756097458135,41.33964715097421,12.90974259008584
FS,2023-07-31,84.9,-1.37,5.87,"Duran, Jarren",680776,669923,,foul,,,,,7.0,,R,L,R,SEA,BOS,S,,,0,1,2023,-1.16,0.28,-0.6544940880660186,2.225787623589365,,,,0,3,Top,,,,,,,4.009676409220117,-123.62015398125052,-2.801950292035999,-12.719187045859218,23.548193522401135,-28.97422862362017,3.45,1.74,181.0,66.1,47.0,85.4,661.0,6.5,717181,608596,664034,676609,553993,641487,687799,677594,606192,54.01,,,,,,,,17,2,Split-Finger,1,1,1,1,1,1,1,1,Standard,Standard,267.0,0.006,-0.054,71.7,8.1,,,0.054,88.0,0,0,0.504,0.496,25,26,25,27,2,1,6.0,1.0,5.0,1.0,2.87,1.16,-1.16,34.0,6.29202634457422,-1.342950759453328,30.511102833850025,49.28624722594083,29.988334286198825
KC,2023-07-31,81.5,-1.43,5.93,"Duran, Jarren",680776,669923,,foul,,,,,6.0,,R,L,R,SEA,BOS,S,,,0,0,2023,0.64,-1.22,0.6106094807441611,2.6222747443281644,,,,0,3,Top,,,,,,,3.354370591451637,-118.6148599208238,1.499165435241197,5.454655292053587,22.51229329641942,-44.19216619461871,3.45,1.74,178.0,66.4,48.0,81.5,2142.0,6.3,717181,608596,664034,676609,553993,641487,687799,677594,606192,54.21,,,,,,,,17,1,Knuckle Curve,1,1,1,1,1,1,1,1,Standard,Standard,35.0,0.004,-0.042,,,,,0.042,88.0,0,0,0.5,0.5,25,26,25,27,2,1,6.0,1.0,5.0,1.0,4.65,-0.64,0.64,36.4,,,,,
SL,2023-07-31,85.5,-1.96,6.26,"Duran, Jarren",680776,663462,strikeout,swinging_strike,,,,,13.0,Jarren Duran strikes out swinging. Connor Wong to 3rd. Jarren Duran to 1st. Wild pitch by pitcher Isaiah Campbell.,R,L,R,SEA,BOS,S,,,1,2,2023,0.49,-0.55,-0.1581156718732612,0.3613196178906288,,657136.0,,2,9,Top,,,,,,,3.2429347007146436,-124.4504047162349,-6.497027442889267,4.436916778241902,25.41916278759488,-36.73817455634538,3.45,1.74,,,,85.4,2771.0,6.2,717181,608596,664034,676609,553993,641487,687799,677594,606192,54.26,,0.0,0.7,1.0,0.0,0.0,,70,5,Slider,6,1,1,6,1,6,1,6,Standard,Standard,51.0,-0.003,0.553,,,,,-0.553,,5,-5,0.999,0.001,25,26,26,27,1,4,6.0,1.0,3.0,1.0,3.67,-0.49,0.49,41.7,,,,,
SL,2023-07-31,86.4,-1.85,6.33,"Duran, Jarren",680776,663462,,blocked_ball,,,,,14.0,,R,L,R,SEA,BOS,B,,,0,2,2023,0.73,0.09,0.4878332131623085,0.0307151925107067,,657136.0,,2,9,Top,,,,,,,4.082566456396979,-125.60399191653237,-8.982675211705278,7.000960263941191,24.365175168453188,-29.672050206729494,3.42586493208741,1.68748399463406,,,,86.5,2798.0,6.3,717181,608596,664034,676609,553993,641487,687799,677594,606192,54.18,,,,,,,,70,4,Slider,6,1,1,6,1,6,1,6,Standard,Standard,58.0,0.0,0.018,,,,,-0.018,,5,-5,0.999,0.001,25,26,26,27,1,4,6.0,1.0,3.0,1.0,2.96,-0.73,0.73,43.4,,,,,
SL,2023-07-31,85.8,-1.96,6.39,"Duran, Jarren",680776,663462,,foul,,,,,13.0,,R,L,R,SEA,BOS,S,,,0,2,2023,0.6,-0.26,-0.0199431949483838,1.4842562284473613,,657136.0,,2,9,Top,,,,,,,3.3979749356416873,-124.85562539499566,-4.810306638959439,5.532160421724501,25.338788002534415,-34.14959960453186,3.45,1.74,3.0,74.0,-24.0,86.0,2871.0,6.4,717181,608596,664034,676609,553993,641487,687799,677594,606192,54.07,,,,,,,,70,3,Slider,6,1,1,6,1,6,1,6,Standard,Standard,60.0,0.0,0.0,77.7,8.5,,,0.0,88.0,5,-5,0.999,0.001,25,26,26,27,1,4,6.0,1.0,3.0,1.0,3.36,-0.6,0.6,45.4,13.071910735517628,-13.320405921064705,34.31663610547087,40.92626125766775,39.33677862572058
FF,2023-07-31,97.5,-2.73,5.14,"Duran, Jarren",680776,666374,field_out,hit_into_play,,,,,1.0,Jarren Duran flies out to left fielder Cade Marlowe.,R,L,R,SEA,BOS,X,7.0,fly_ball,1,1,2023,-0.64,1.19,-0.4516908630112444,3.457108364693599,,,,2,7,Top,42.05,87.46,,,,,7.587076766604218,-141.9049235564084,-1.7933446356675882,-10.310235449904829,29.632435937652687,-15.750437706495395,3.45,1.74,344.0,97.1,31.0,97.7,2157.0,6.2,717181,608596,664034,676609,553993,641487,687799,677594,606192,54.32,0.281,0.5267000000000001,0.0,1.0,0.0,0.0,5.0,48,3,4-Seam Fastball,1,1,1,1,1,1,1,1,Standard,Standard,231.0,0.019,-0.261,70.3,7.1,,1.045,0.261,97.1,0,0,0.569,0.431,25,26,25,27,1,3,1.0,1.0,2.0,1.0,1.19,0.64,-0.64,27.6,-3.1121153044558656,16.296666681811587,20.89824533591982,45.429379827157334,15.706094084022023
SL,2023-07-31,86.7,-1.86,6.43,"Duran, Jarren",680776,663462,,foul,,,,,8.0,,R,L,R,SEA,BOS,S,,,0,1,2023,0.63,0.06,0.0745667555977996,1.9024976750880944,,657136.0,,2,9,Top,,,,,,,3.3387022835917035,-126.12050436845496,-4.685323911250994,5.90597314290219,27.92286619303307,-30.75926533500109,3.45,1.74,2.0,54.1,-40.0,86.3,2845.0,6.3,717181,608596,664034,676609,553993,641487,687799,677594,606192,54.23,,,,,,,,70,2,Slider,6,1,1,6,1,6,1,6,Standard,Standard,63.0,0.0,-0.061,77.3,8.5,,,0.061,88.0,5,-5,0.999,0.001,25,26,26,27,1,4,6.0,1.0,3.0,1.0,3.0,-0.63,0.63,48.6,13.7523802698642,-9.233728601872256,30.825838917455368,40.481893892713956,33.97545758228756
FF,2023-07-31,94.8,-1.74,6.57,"Duran, Jarren",680776,663462,,called_strike,,,,,11.0,,R,L,R,SEA,BOS,S,,,0,0,2023,-0.13,1.26,-0.0025110102596243,3.648825002400237,,657136.0,,2,9,Top,,,,,,,4.819757371668837,-137.8616534950935,-4.748987771259882,-2.7763183801322455,32.47562419368429,-15.27803919046976,3.42425350481619,1.83223425775545,,,,94.4,2497.0,6.2,717181,608596,664034,676609,553993,641487,687799,677594,606192,54.27,,,,,,,,70,1,4-Seam Fastball,6,1,1,6,1,6,1,6,Standard,Standard,199.0,0.0,-0.046,,,,,0.046,,5,-5,0.999,0.001,25,26,26,27,1,4,6.0,1.0,3.0,1.0,1.29,0.13,-0.13,47.9,,,,,
KC,2023-07-31,84.1,-2.59,5.12,"Duran, Jarren",680776,666374,,called_strike,,,,,5.0,,R,L,R,SEA,BOS,S,,,1,0,2023,0.81,-0.31,-0.2722237292477808,2.6337450411896772,,,,2,7,Top,,,,,,,3.7722693896290735,-122.52168182137292,1.1905570759396222,7.484766699324903,23.060402960701285,-35.75691040158277,3.44650425143913,1.67100761045445,,,,84.4,2697.0,6.3,717181,608596,664034,676609,553993,641487,687799,677594,606192,54.2,,,,,,,,48,2,Knuckle Curve,1,1,1,1,1,1,1,1,Standard,Standard,57.0,0.003,-0.056,,,,,0.056,,0,0,0.566,0.434,25,26,25,27,1,3,1.0,1.0,2.0,1.0,3.51,-0.81,0.81,32.9,,,,,
KC,2023-07-31,84.6,-2.54,5.17,"Duran, Jarren",680776,666374,,ball,,,,,11.0,,R,L,R,SEA,BOS,B,,,0,0,2023,1.24,-0.21,-1.3764194151270583,3.491628708036185,,,,2,7,Top,,,,,,,0.224695285486396,-123.24503320167382,2.8253850881781526,12.669721647609908,23.47251323948724,-35.06719591707426,3.41197177344812,1.6141357104727,,,,84.8,2614.0,6.2,717181,608596,664034,676609,553993,641487,687799,677594,606192,54.26,,,,,,,,48,1,Knuckle Curve,1,1,1,1,1,1,1,1,Standard,Standard,51.0,-0.002,0.043,,,,,-0.043,,0,0,0.568,0.432,25,26,25,27,1,3,1.0,1.0,2.0,1.0,3.38,-1.24,1.24,39.7,,,,,
FF,2023-07-31,97.4,-1.43,5.94,"Duran, Jarren",680776,669923,walk,ball,,,,,11.0,Jarren Duran walks.,R,L,R,SEA,BOS,B,,,3,2,2023,-0.86,1.22,-1.0683210316742484,3.585854015041286,,,,0,1,Top,,,,,,,2.9674237735373747,-141.74248492307686,-3.6091208529276626,-12.334284583881225,33.27075505306378,-15.09462424303152,3.43598198267349,1.67211879305199,,,,97.4,2216.0,6.3,717181,608596,664034,676609,553993,641487,687799,677594,606192,54.16,,0.695903,0.7,1.0,0.0,0.0,,1,8,4-Seam Fastball,0,0,0,0,0,0,0,0,Infield shade,Standard,221.0,-0.031,0.347,,,,,-0.347,,0,0,0.495,0.505,25,26,25,27,1,0,6.0,1.0,5.0,1.0,1.19,0.86,-0.86,35.4,,,,,
FF,2023-07-31,97.1,-1.3,6.0,"Duran, Jarren",680776,669923,,foul,,,,,6.0,,R,L,R,SEA,BOS,S,,,3,2,2023,-0.7,1.25,0.4278117811354485,2.692336017894141,,,,0,1,Top,,,,,,,6.2287809292058505,-141.17761392438638,-6.18937999640271,-10.766720659560502,31.905230578900103,-14.171827166606596,3.45,1.74,153.0,75.6,68.0,97.2,2107.0,6.4,717181,608596,664034,676609,553993,641487,687799,677594,606192,54.15,,,,,,,,1,7,4-Seam Fastball,0,0,0,0,0,0,0,0,Infield shade,Standard,220.0,0.0,0.0,75.8,7.5,,,0.0,88.0,0,0,0.495,0.505,25,26,25,27,1,0,6.0,1.0,5.0,1.0,1.17,0.7,-0.7,35.2,1.9593670000354275,-1.0000348618201989,32.42359745005719,34.72862782129892,25.66353005426737
KC,2023-07-31,83.8,-1.52,5.89,"Duran, Jarren",680776,669923,,ball,,,,,11.0,,R,L,R,SEA,BOS,B,,,2,2,2023,0.71,-1.02,-0.775298996985926,4.214142821153898,,,,0,1,Top,,,,,,,0.318168976953939,-122.0039246980444,4.512036079668563,6.992065609055161,23.61443036502804,-43.41112045783259,3.36367371271567,1.66801423453998,,,,83.7,2115.0,6.2,717181,608596,664034,676609,553993,641487,687799,677594,606192,54.33,,,,,,,,1,6,Knuckle Curve,0,0,0,0,0,0,0,0,Standard,Standard,38.0,-0.008,0.115,,,,,-0.115,,0,0,0.503,0.497,25,26,25,27,1,0,6.0,1.0,5.0,1.0,4.25,-0.71,0.71,36.1,,,,,
FF,2023-07-31,97.8,-1.47,6.0,"Duran, Jarren",680776,669923,,ball,,,,,11.0,,R,L,R,SEA,BOS,B,,,1,2,2023,-0.84,1.14,-0.9425517098408832,4.025696190365177,,,,0,1,Top,,,,,,,3.330204037884686,-142.53296940173576,-2.5024419656482495,-12.175113850715976,30.53224576311084,-16.175858291391364,3.4247902887108,1.66129759810581,,,,97.9,2311.0,6.1,717181,608596,664034,676609,553993,641487,687799,677594,606192,54.39,,,,,,,,1,5,4-Seam Fastball,0,0,0,0,0,0,0,0,Standard,Standard,225.0,-0.004,0.046,,,,,-0.046,,0,0,0.507,0.493,25,26,25,27,1,0,6.0,1.0,5.0,1.0,1.22,0.84,-0.84,34.7,,,,,
FS,2023-07-31,86.2,-1.31,5.8,"Duran, Jarren",680776,669923,,foul,,,,,14.0,,R,L,R,SEA,BOS,S,,,1,2,2023,-0.9,0.08,0.6411207803551126,1.555782363751821,,,,0,1,Top,,,,,,,6.47617347194331,-125.5966369120084,-4.164330017146262,-10.672729943533954,20.6479606867687,-30.75750673676684,3.45,1.74,4.0,97.1,-20.0,87.1,759.0,6.4,717181,608596,664034,676609,553993,641487,687799,677594,606192,54.1,,,,,,,,1,4,Split-Finger,0,0,0,0,0,0,0,0,Standard,Standard,259.0,0.0,0.0,72.0,8.8,,,0.0,97.1,0,0,0.507,0.493,25,26,25,27,1,0,6.0,1.0,5.0,1.0,2.93,0.9,-0.9,35.9,15.544529250290156,-31.088916842993665,35.95327634741382,32.169309235066834,42.84600586018027
FF,2023-07-31,98.1,-1.27,6.2,"Duran, Jarren",680776,669923,,ball,,,,,11.0,,R,L,R,SEA,BOS,B,,,0,2,2023,-0.61,1.27,-0.2559025174717294,4.064519634368863,,,,0,1,Top,,,,,,,4.165795483848929,-142.96523792283514,-3.3137698043222605,-9.338548175153669,29.77582900764589,-14.088549520483191,3.42245739720942,1.65912027113857,,,,98.5,2078.0,6.2,717181,608596,664034,676609,553993,641487,687799,677594,606192,54.29,,,,,,,,1,3,4-Seam Fastball,0,0,0,0,0,0,0,0,Standard,Standard,215.0,-0.002,0.024,,,,,-0.024,,0,0,0.509,0.491,25,26,25,27,1,0,6.0,1.0,5.0,1.0,1.07,0.61,-0.61,36.6,,,,,
ST,2023-07-31,87.1,-1.59,5.82,"Duran, Jarren",680776,669923,,swinging_strike,,,,,5.0,,R,L,R,SEA,BOS,S,,,0,1,2023,0.81,-0.35,-0.1094220206900863,2.5648310954810807,,,,0,1,Top,,,,,,,1.8933681079172449,-127.08530671504488,-1.054452556785218,8.554092224859032,21.979992816160305,-35.98097459795983,3.45,1.74,,,,87.9,2302.0,6.3,717181,608596,664034,676609,553993,641487,687799,677594,606192,54.2,,,,,,,,1,2,Sweeper,0,0,0,0,0,0,0,0,Standard,Standard,42.0,0.006,-0.054,75.0,6.8,0.751119468,,0.054,,0,0,0.503,0.497,25,26,25,27,1,0,6.0,1.0,5.0,1.0,3.3,-0.81,0.81,35.1,-13.65314165775419,26.936802599833477,32.61188691387362,40.382389942174115,6.943624801240723
FF,2023-07-31,97.6,-1.46,6.12,"Duran, Jarren",680776,669923,,swinging_strike,,,,,11.0,,R,L,R,SEA,BOS,S,,,0,0,2023,-0.73,1.26,-0.3287437701494605,3.77699133580993,,,,0,1,Top,,,,,,,4.716031233230954,-142.09339510150505,-3.709535410397237,-10.947908541622471,30.232135127498175,-14.462189900529363,3.45000078454605,1.74000016502504,,,,97.7,2084.0,6.1,717181,608596,664034,676609,553993,641487,687799,677594,606192,54.37,,,,,,,,1,1,4-Seam Fastball,0,0,0,0,0,0,0,0,Standard,Standard,219.0,0.003,-0.042,65.7,6.1,2.986091148,,0.042,,0,0,0.5,0.5,25,26,25,27,1,0,6.0,1.0,5.0,1.0,1.12,0.73,-0.73,35.3,-6.046052878086062,40.31067825968176,23.88562947747789,43.4060281687049,1.06501578004575
FC,2023-07-30,98.6,-1.73,5.31,"Duran, Jarren",680776,666808,field_out,hit_into_play,,,,,2.0,Jarren Duran flies out to left fielder Joc Pederson.,R,L,R,SF,BOS,X,7.0,fly_ball,2,2,2023,-0.48,0.85,-0.22730931938032,3.103217978185622,,,671213.0,2,9,Top,51.28,98.9,,,,,5.260639138629833,-143.6639580736394,-2.6149002972610873,-7.8560953341920525,30.48477231269226,-19.94897763543693,3.42,1.71,309.0,92.5,43.0,99.8,2372.0,6.7,717197,672275,527038,669477,605204,543063,592626,682641,624424,53.8,0.008,0.007,0.0,1.0,0.0,0.0,3.0,71,5,Cutter,3,3,3,3,3,3,3,3,Strategic,Standard,213.0,0.055,-0.24,75.2,7.4,,0.011,0.24,92.5,0,0,0.584,0.416,25,26,26,27,1,1,1.0,1.0,1.0,1.0,1.47,0.48,-0.48,18.1,2.4773566405815783,4.041262101926103,24.54494326402789,42.73468697170516,20.07985307246381
FC,2023-07-30,97.7,-1.75,5.27,"Duran, Jarren",680776,666808,,foul,,,,,12.0,,R,L,R,SF,BOS,S,,,2,1,2023,-0.31,1.13,0.2913107945251257,3.6683594852714223,,,671213.0,2,9,Top,,,,,,,6.263265935196593,-142.30843808537367,-1.4794445782436434,-5.586382791736346,29.822705752412357,-16.58065102690053,3.42,1.71,144.0,74.3,72.0,98.7,2392.0,6.6,717197,672275,527038,669477,605204,543063,592626,682641,624424,53.87,,,,,,,,71,4,Cutter,3,3,3,3,3,3,3,3,Standard,Standard,214.0,0.015,-0.063,68.6,6.8,,,0.063,88.0,0,0,0.569,0.431,25,26,26,27,1,1,1.0,1.0,1.0,1.0,1.24,0.31,-0.31,15.7,0.3710852265274572,7.260942923884041,20.06663904026763,36.28143520730717,18.270669466103293
SL,2023-07-30,89.1,-1.69,5.34,"Duran, Jarren",680776,666808,,called_strike,,,,,9.0,,R,L,R,SF,BOS,S,,,2,0,2023,0.0,0.02,0.4135778159455622,2.1586046484420827,,,671213.0,2,9,Top,,,,,,,5.210511927068497,-129.74959596171618,-1.8818742291787487,-0.9915497462697542,24.957913867469685,-31.776698309133327,3.29537080218411,1.85911451998494,,,,90.0,2376.0,6.6,717197,672275,527038,669477,605204,543063,592626,682641,624424,53.87,,,,,,,,71,3,Slider,3,3,3,3,3,3,3,3,Standard,Standard,89.0,0.011,-0.051,,,,,0.051,,0,0,0.558,0.4419999999999999,25,26,26,27,1,1,1.0,1.0,1.0,1.0,2.83,0.0,0.0,21.0,,,,,
FC,2023-07-30,97.5,-1.92,5.24,"Duran, Jarren",680776,666808,,ball,,,,,11.0,,R,L,R,SF,BOS,B,,,1,0,2023,-0.22,1.11,-0.5994195773059683,3.939417005982687,,,671213.0,2,9,Top,,,,,,,4.085122440848031,-142.09078418780746,-0.6062935489663223,-3.849570533468158,28.441876469136027,-17.112701518445956,3.50923630137431,1.73859482185811,,,,98.8,2467.0,6.6,717197,672275,527038,669477,605204,543063,592626,682641,624424,53.85,,,,,,,,71,2,Cutter,3,3,3,3,3,3,3,3,Standard,Standard,217.0,-0.011,0.037,,,,,-0.037,,0,0,0.569,0.431,25,26,26,27,1,1,1.0,1.0,1.0,1.0,1.26,0.22,-0.22,15.4,,,,,
FC,2023-07-30,98.7,-1.94,5.35,"Duran, Jarren",680776,666808,,ball,,,,,11.0,,R,L,R,SF,BOS,B,,,0,0,2023,-0.52,1.04,-0.193289979815308,4.052884812821559,,,671213.0,2,9,Top,,,,,,,6.012703840215691,-143.79603551614073,-0.6232973050324684,-8.423109681273738,27.405237436135405,-17.54754204759589,3.48206762696161,1.75365199771754,,,,100.3,2439.0,6.7,717197,672275,527038,669477,605204,543063,592626,682641,624424,53.8,,,,,,,,71,1,Cutter,3,3,3,3,3,3,3,3,Standard,Standard,215.0,-0.005,0.03,,,,,-0.03,,0,0,0.574,0.426,25,26,26,27,1,1,1.0,1.0,1.0,1.0,1.26,0.52,-0.52,18.6,,,,,
SL,2023-07-30,72.8,-3.84,1.15,"Duran, Jarren",680776,643511,double,hit_into_play,,,,,11.0,Jarren Duran doubles (31) on a fly ball to center fielder Luis Matos.,R,L,R,SF,BOS,X,8.0,fly_ball,1,1,2023,0.72,1.48,-0.8388690235017183,2.7090511881559474,,,,0,8,Top,126.02,97.77,,,,,4.749926954308398,-105.59220551210956,7.919620711672128,4.604637579756636,17.47154492140986,-22.597644714897875,3.42,1.71,253.0,72.3,33.0,72.2,2258.0,5.9,717197,672275,527038,669477,605204,543063,592626,682641,624424,54.55,0.466,0.419,1.25,1.0,1.0,1.0,3.0,57,3,Slider,2,1,1,2,1,2,1,2,Standard,Standard,113.0,-0.151,0.717,72.6,8.2,,0.505,-0.717,88.0,1,-1,0.748,0.252,32,26,33,27,1,0,1.0,1.0,1.0,1.0,2.84,-0.72,0.72,-59.6,13.814770638264877,-5.728677021270974,22.971587507559395,51.22480052057162,37.18238579955776
SL,2023-07-30,71.6,-4.0,1.1,"Duran, Jarren",680776,643511,,ball,,,,,13.0,,R,L,R,SF,BOS,B,,,0,1,2023,0.64,1.13,-1.2235212356917382,0.2416267499044218,,,,0,8,Top,,,,,,,4.37765593889233,-104.33678152747554,3.707662258089991,4.189206465848316,13.766719740637434,-24.465697397096022,3.51046743935813,1.76974631381378,,,,71.8,,5.9,717197,672275,527038,669477,605204,543063,592626,682641,624424,54.59,,,,,,,,57,2,Slider,2,1,1,2,1,2,1,2,Strategic,Standard,,-0.005,0.031,,,,,-0.031,,1,-1,0.753,0.247,32,26,33,27,1,0,1.0,1.0,1.0,1.0,3.23,-0.64,0.64,-61.7,,,,,
FF,2023-07-30,82.8,-3.93,1.08,"Duran, Jarren",680776,643511,,called_strike,,,,,4.0,,R,L,R,SF,BOS,S,,,0,0,2023,0.05,-0.75,-0.7954590213164454,2.3824199073615926,,,,0,8,Top,,,,,,,6.978920014940126,-119.84633660398872,10.809272496905804,-0.7293155978343816,20.56709139653804,-41.602006716717774,3.57169013148363,1.83001447797322,,,,82.3,2043.0,6.0,717197,672275,527038,669477,605204,543063,592626,682641,624424,54.52,,,,,,,,57,1,4-Seam Fastball,2,1,1,2,1,2,1,2,Standard,Standard,320.0,0.008,-0.042,,,,,0.042,,1,-1,0.745,0.255,32,26,33,27,1,0,1.0,1.0,1.0,1.0,4.08,-0.05,0.05,-65.2,,,,,
SI,2023-07-29,93.7,2.19,5.59,"Duran, Jarren",680776,640455,single,hit_into_play,,,,,12.0,Jarren Duran singles on a fly ball to center fielder Luis Matos.,R,L,L,SF,BOS,X,8.0,fly_ball,2,0,2023,1.37,0.84,0.9362632695898836,2.8554025836625687,,,,1,6,Top,143.5,103.46,,,,,-6.333729461546085,-136.35508536111956,-3.227132689111192,18.480204087918885,29.97696923256475,-21.188751426903497,3.41,1.71,202.0,68.2,22.0,94.7,2014.0,6.9,717221,672275,527038,669477,605204,682617,596103,682641,573262,53.64,0.884,0.805,0.9,1.0,1.0,0.0,4.0,43,3,Sinker,1,0,0,1,0,1,0,1,Infield shade,Standard,131.0,-0.029,0.311,73.6,7.4,,0.933,-0.311,88.0,1,-1,0.684,0.3159999999999999,31,26,31,27,2,2,7.0,1.0,3.0,1.0,1.76,1.37,1.37,21.0,6.88278367879183,-4.219723310406773,30.705692728673753,30.756974988602067,22.716644715217356
SI,2023-07-29,94.2,2.18,5.71,"Duran, Jarren",680776,640455,,ball,,,,,3.0,,R,L,L,SF,BOS,B,,,1,0,2023,1.53,0.77,0.4829736777952815,3.494831203192048,,,,1,6,Top,,,,,,,-7.886312887966161,-136.97424856166757,-1.773864589027756,21.0102674787637,30.956922233389015,-22.24500852789291,3.56659677428058,1.82589431373889,,,,95.1,2107.0,6.9,717221,672275,527038,669477,605204,682617,596103,682641,573262,53.58,,,,,,,,43,2,Sinker,1,0,0,1,0,1,0,1,Infield shade,Standard,130.0,-0.008,0.066,,,,,-0.066,,1,-1,0.692,0.308,31,26,31,27,2,2,7.0,1.0,3.0,1.0,1.8,1.53,1.53,22.0,,,,,
ST,2023-07-29,82.2,2.11,5.79,"Duran, Jarren",680776,640455,,ball,,,,,13.0,,R,L,L,SF,BOS,B,,,0,0,2023,-0.57,-0.12,-1.4820978409118513,1.143626606075741,,,,1,6,Top,,,,,,,-7.0623416787020705,-119.35799998220416,-3.579560307054733,-3.626996261990597,28.471731619117797,-32.67956299710637,3.4501136720966,1.74031659926093,,,,81.7,1992.0,6.6,717221,672275,527038,669477,605204,682617,596103,682641,573262,53.9,,,,,,,,43,1,Sweeper,1,0,0,1,0,1,0,1,Infield shade,Standard,307.0,-0.004,0.039,,,,,-0.039,,1,-1,0.696,0.304,31,26,31,27,2,2,7.0,1.0,3.0,1.0,3.57,-0.57,-0.57,24.0,,,,,
SL,2023-07-29,89.0,-1.68,5.46,"Duran, Jarren",680776,666808,double,hit_into_play,,,,,14.0,Jarren Duran doubles (30) on a sharp fly ball to right fielder Mike Yastrzemski. Masataka Yoshida to 3rd.,R,L,R,SF,BOS,X,9.0,fly_ball,3,2,2023,0.29,0.08,0.8554931189636301,2.547778006963032,,,807799.0,0,9,Top,209.15,86.59,,,,,5.651585372730958,-129.49093146342372,-1.231927722692396,1.9530668495517052,29.377291920057523,-31.245639467327138,3.41,1.71,343.0,104.5,40.0,89.1,2428.0,6.6,717221,672275,527038,669477,605204,682617,596103,682641,573262,53.92,0.47,0.9298,1.25,1.0,1.0,1.0,6.0,66,7,Slider,2,0,0,2,0,2,0,2,Standard,Standard,92.0,-0.188,0.658,78.4,8.2,,1.849,-0.658,104.5,2,-2,0.826,0.174,25,26,26,27,1,3,4.0,1.0,1.0,1.0,2.82,-0.29,0.29,19.5,15.583871438014064,-21.684869495464955,29.84532467390928,30.95866356886148,38.59610293479528
FC,2023-07-29,98.0,-1.82,5.24,"Duran, Jarren",680776,666808,,foul,,,,,6.0,,R,L,R,SF,BOS,S,,,3,2,2023,-0.6,1.12,0.4861577116874844,2.618860460543321,,,807799.0,0,9,Top,,,,,,,7.67838750643984,-142.62221117364703,-4.259762423938621,-9.911045787056493,30.954588792778846,-16.03339631669726,3.41,1.71,212.0,65.4,39.0,98.9,2465.0,6.6,717221,672275,527038,669477,605204,682617,596103,682641,573262,53.86,,,,,,,,66,6,Cutter,2,0,0,2,0,2,0,2,Standard,Standard,231.0,0.0,0.0,75.3,7.5,,,0.0,88.0,2,-2,0.826,0.174,25,26,26,27,1,3,4.0,1.0,1.0,1.0,1.24,0.6,-0.6,11.8,-1.082558890635578,2.6560014385437487,33.4195135624569,34.85031391646014,24.245672165686237
FC,2023-07-29,99.5,-1.65,5.36,"Duran, Jarren",680776,666808,,ball,,,,,14.0,,R,L,R,SF,BOS,B,,,2,2,2023,-0.79,1.17,1.0010695084139392,2.0520345506178144,,,807799.0,0,9,Top,,,,,,,9.171673433408056,-144.5718356085293,-6.488597813063902,-13.117871041193537,30.4763758319863,-14.338752697903296,3.480697445588,1.7102018448601,,,,100.3,2525.0,6.6,717221,672275,527038,669477,605204,682617,596103,682641,573262,53.89,,,,,,,,66,5,Cutter,2,0,0,2,0,2,0,2,Standard,Standard,226.0,-0.028,0.088,,,,,-0.088,,2,-2,0.854,0.146,25,26,26,27,1,3,4.0,1.0,1.0,1.0,1.12,0.79,-0.79,15.1,,,,,
FC,2023-07-29,98.7,-1.82,5.35,"Duran, Jarren",680776,666808,,swinging_strike,,,,,1.0,,R,L,R,SF,BOS,S,,,2,1,2023,-0.7,1.16,-0.4095719489024225,3.3356257669236538,,,807799.0,0,9,Top,,,,,,,5.473312887848893,-143.71135566180754,-2.76066711015325,-10.904874494580197,32.74514238786018,-15.682569402895998,3.41,1.71,,,,99.3,2500.0,6.5,717221,672275,527038,669477,605204,682617,596103,682641,573262,53.96,,,,,,,,66,4,Cutter,2,0,0,2,0,2,0,2,Standard,Standard,224.0,0.022,-0.056,71.8,6.9,2.229024264,,0.056,,2,-2,0.832,0.168,25,26,26,27,1,3,4.0,1.0,1.0,1.0,1.18,0.7,-0.7,14.5,-6.306253887348984,18.013821922793486,28.367823858105773,44.97424163920439,9.62311559756678
FC,2023-07-29,98.7,-1.79,5.2,"Duran, Jarren",680776,666808,,called_strike,,,,,5.0,,R,L,R,SF,BOS,S,,,2,0,2023,-0.99,1.04,-0.2160872639573918,2.349523486121956,,,807799.0,0,9,Top,,,,,,,6.684249340528791,-143.590912340209,-4.798362884921765,-15.2886753225401,32.442112052133766,-16.91088810750623,3.480697445588,1.80057259066164,,,,100.1,2459.0,7.0,717221,672275,527038,669477,605204,682617,596103,682641,573262,53.49,,,,,,,,66,3,Cutter,2,0,0,2,0,2,0,2,Infield shade,Standard,235.0,0.025,-0.055,,,,,0.055,,2,-2,0.807,0.1929999999999999,25,26,26,27,1,3,4.0,1.0,1.0,1.0,1.3,0.99,-0.99,11.9,,,,,
SL,2023-07-29,88.5,-1.67,5.32,"Duran, Jarren",680776,666808,,ball,,,,,14.0,,R,L,R,SF,BOS,B,,,1,0,2023,-0.11,0.18,0.2550674544522554,1.3615852252901868,,,807799.0,0,9,Top,,,,,,,4.921489770597831,-128.80260284237087,-4.0098412151933065,-2.1604110785531345,25.075921770374144,-29.56066014662196,3.51129341406995,1.8307139689654,,,,88.9,2437.0,6.4,717221,672275,527038,669477,605204,682617,596103,682641,573262,54.14,,,,,,,,66,2,Slider,2,0,0,2,0,2,0,2,Standard,Standard,79.0,-0.025,0.055,,,,,-0.055,,2,-2,0.832,0.168,25,26,26,27,1,3,4.0,1.0,1.0,1.0,2.71,0.11,-0.11,19.3,,,,,
SL,2023-07-29,88.0,-1.53,5.42,"Duran, Jarren",680776,666808,,ball,,,,,14.0,,R,L,R,SF,BOS,B,,,0,0,2023,0.07,0.11,1.41795235547979,2.1728498392483107,,,807799.0,0,9,Top,,,,,,,7.039782135353165,-128.03849605155892,-2.012520013407757,-0.5976477387328045,25.803468095011443,-30.797197875284528,3.41954201279804,1.80057259066164,,,,88.5,2421.0,6.6,717221,672275,527038,669477,605204,682617,596103,682641,573262,53.93,,,,,,,,66,1,Slider,2,0,0,2,0,2,0,2,Standard,Standard,72.0,-0.012,0.03,,,,,-0.03,,2,-2,0.844,0.156,25,26,26,27,1,3,4.0,1.0,1.0,1.0,2.83,-0.07,0.07,19.0,,,,,
SI,2023-07-29,95.7,2.11,5.52,"Duran, Jarren",680776,640455,strikeout,called_strike,,,,,4.0,Jarren Duran called out on strikes.,R,L,L,SF,BOS,S,2.0,,0,2,2023,1.63,0.83,-0.7886378558104552,2.468000167014302,,,,2,3,Top,,,,,,,-11.433516216474034,-138.91706507727605,-4.336135174669883,23.612801543156003,30.464824537312353,-20.585613917861327,3.50964563866838,1.73893763411595,,,,96.6,2114.0,6.9,717221,672275,527038,669477,605204,682617,596103,682641,573262,53.59,,0.0,0.0,1.0,0.0,0.0,,19,3,Sinker,1,0,0,1,0,1,0,1,Infield shade,Standard,125.0,0.007,-0.169,,,,,0.169,,1,-1,0.662,0.3379999999999999,31,26,31,27,1,1,7.0,1.0,3.0,1.0,1.67,1.63,1.63,18.8,,,,,
SI,2023-07-29,95.9,2.18,5.59,"Duran, Jarren",680776,640455,,called_strike,,,,,4.0,,R,L,L,SF,BOS,S,,,0,1,2023,1.29,0.78,-0.3539969898503701,2.6487434753552765,,,,2,3,Top,,,,,,,-9.711209920912086,-139.43667786316655,-4.0044732143441175,18.99545973291023,28.87887777366674,-21.252274571143506,3.50964563866838,1.73893763411595,,,,96.9,2237.0,6.7,717221,672275,527038,669477,605204,682617,596103,682641,573262,53.75,,,,,,,,19,2,Sinker,1,0,0,1,0,1,0,1,Infield shade,Standard,120.0,0.003,-0.061,,,,,0.061,,1,-1,0.659,0.3409999999999999,31,26,31,27,1,1,7.0,1.0,3.0,1.0,1.69,1.29,1.29,18.3,,,,,
SI,2023-07-29,95.8,-3.62,5.31,"Duran, Jarren",680776,676254,field_out,hit_into_play,,,,,7.0,"Jarren Duran grounds out, second baseman Casey Schmitt to first baseman Wilmer Flores.",R,L,R,SF,BOS,X,4.0,ground_ball,0,0,2023,-1.35,-0.23,-0.485220084717191,1.9098989178196455,,,,0,1,Top,140.1,167.17,,,,,11.180722901206831,-139.13068291875703,-2.797188902780896,-20.037709641430173,30.915145735283087,-34.781297591034885,3.40255406175836,1.70388402197666,6.0,81.5,-16.0,94.7,2106.0,5.7,717221,672275,527038,669477,605204,682617,596103,682641,573262,54.79,0.08,0.074,0.0,1.0,0.0,0.0,2.0,1,1,Sinker,0,0,0,0,0,0,0,0,Standard,Strategic,259.0,0.022,-0.265,78.6,8.2,,0.084,0.265,88.0,0,0,0.5,0.5,27,26,28,27,1,0,3.0,1.0,3.0,1.0,2.73,1.35,-1.35,15.4,1.919690614116432,-0.1703317895454468,31.030816346928667,44.93611748293856,26.09178659026764
FF,2023-07-29,93.5,2.21,5.51,"Duran, Jarren",680776,640455,,called_strike,,,,,4.0,,R,L,L,SF,BOS,S,,,0,0,2023,1.58,0.78,-0.7744387739108107,2.936416380325629,,,,2,3,Top,,,,,,,-11.270242030207784,-135.67667607167772,-2.5999724748462385,21.96279258420125,28.527760216791904,-22.15069109863706,3.4790557795226,1.79918239453695,,,,94.3,2001.0,6.8,717221,672275,527038,669477,605204,682617,596103,682641,573262,53.69,,,,,,,,19,1,4-Seam Fastball,1,0,0,1,0,1,0,1,Infield shade,Standard,199.0,0.002,-0.045,,,,,0.045,,1,-1,0.657,0.3429999999999999,31,26,31,27,1,1,7.0,1.0,3.0,1.0,1.83,1.58,1.58,17.6,,,,,
CH,2023-07-28,85.6,-1.28,4.91,"Duran, Jarren",680776,657277,field_out,hit_into_play,,,,,13.0,Jarren Duran flies out to center fielder Luis Matos.,R,L,R,SF,BOS,X,8.0,fly_ball,0,0,2023,-1.01,-0.4,-0.1244231815494174,1.5264558898232004,,657136.0,,2,5,Top,149.22,57.39,,,,,4.812070922012305,-124.58306917596802,-0.9024768432093216,-11.4450062318709,24.670897667331182,-36.375117087318095,3.39,1.7,355.0,95.4,24.0,86.5,1449.0,6.8,717220,672275,527038,689172,605204,682617,624424,682641,573262,53.69,0.239,0.344,0.0,1.0,0.0,0.0,5.0,33,1,Changeup,0,2,2,0,2,0,2,0,Standard,Standard,275.0,0.028,-0.295,70.5,8.6,,0.57,0.295,95.4,-2,2,0.261,0.739,26,26,27,27,3,2,6.0,2.0,5.0,1.0,3.51,1.01,-1.01,20.3,11.979609309066024,-12.081740736398611,34.10211530650011,41.71575077572052,33.21735948999148
SI,2023-07-28,92.5,-1.29,5.07,"Duran, Jarren",680776,657277,single,hit_into_play,,,,,6.0,Jarren Duran singles on a sharp line drive to center fielder Luis Matos.,R,L,R,SF,BOS,X,8.0,line_drive,0,1,2023,-1.23,0.09,0.3706030389668644,2.301134537996482,,,,1,3,Top,117.41,80.28,,,,,7.017630051684187,-134.60860344209505,-1.4792844571111177,-16.511598981548115,27.519536304691783,-30.959932199510515,3.39,1.7,235.0,103.7,12.0,93.8,1827.0,6.9,717220,672275,527038,689172,605204,682617,624424,682641,573262,53.58,0.945,0.956,0.9,1.0,1.0,0.0,4.0,17,2,Sinker,0,1,1,0,1,0,1,0,Infield shade,Standard,248.0,-0.026,0.457,72.8,7.4,,1.254,-0.457,103.7,-1,1,0.412,0.5880000000000001,26,26,27,27,2,1,6.0,2.0,5.0,1.0,2.56,1.23,-1.23,24.9,1.5629712554768893,3.0240204099327705,33.91099014553597,35.319573794865725,22.83299535474727
CH,2023-07-28,86.7,-1.54,4.98,"Duran, Jarren",680776,657277,,foul,,,,,4.0,,R,L,R,SF,BOS,S,,,0,0,2023,-1.1,-0.38,-0.5562362683082667,2.6744079621776704,,,,1,3,Top,,,,,,,4.647406750998831,-126.35957389973991,1.3751393613945584,-12.692077459919622,21.76082764654528,-36.685957271889535,3.39,1.7,298.0,90.8,35.0,88.2,1537.0,6.8,717220,672275,527038,689172,605204,682617,624424,682641,573262,53.7,,,,,,,,17,1,Changeup,0,1,1,0,1,0,1,0,Standard,Standard,267.0,0.002,-0.041,74.3,7.0,,,0.041,90.8,-1,1,0.41,0.5900000000000001,26,26,27,27,2,1,6.0,2.0,5.0,1.0,3.36,1.1,-1.1,16.7,-5.23696914205163,21.42869152744644,27.360314118163565,46.58678422717843,10.913866274108138
FF,2023-07-28,93.7,-1.32,5.2,"Duran, Jarren",680776,657277,strikeout,swinging_strike,,,,,1.0,Jarren Duran strikes out swinging.,R,L,R,SF,BOS,S,2.0,,2,2,2023,-0.96,1.01,-0.4845190726887752,3.4996870282062,,,,0,1,Top,,,,,,,4.316553580478288,-136.4464125383477,-0.9368472809966288,-12.909069079153571,27.885448289050164,-19.52244378840209,3.39,1.7,,,,94.9,2065.0,6.8,717220,672275,527038,689172,605204,682617,624424,682641,573262,53.7,,0.0,0.0,1.0,0.0,0.0,,1,8,4-Seam Fastball,0,0,0,0,0,0,0,0,Infield shade,Standard,235.0,0.019,-0.239,65.5,6.4,2.476317372,,0.239,,0,0,0.503,0.497,26,26,27,27,1,0,6.0,2.0,5.0,1.0,1.57,0.96,-0.96,27.2,-12.752673986680003,29.672935114103165,22.984861446784738,45.10373902420184,4.34092857708799
SI,2023-07-28,92.9,-1.28,5.15,"Duran, Jarren",680776,657277,,foul,,,,,1.0,,R,L,R,SF,BOS,S,,,2,2,2023,-1.4,0.26,-0.327459524349639,3.2832424568625385,,,,0,1,Top,,,,,,,5.588421814416455,-135.2246629822971,0.4247943079631169,-18.42715280519227,28.401804756211668,-29.322345535998167,3.39,1.7,183.0,78.8,16.0,94.1,1982.0,6.9,717220,672275,527038,689172,605204,682617,624424,682641,573262,53.59,,,,,,,,1,7,Sinker,0,0,0,0,0,0,0,0,Infield shade,Standard,250.0,0.0,0.0,67.6,6.5,,,0.0,88.0,0,0,0.503,0.497,26,26,27,27,1,0,6.0,2.0,5.0,1.0,2.38,1.4,-1.4,26.8,-10.317364673584596,25.82500978653095,21.313333493270008,43.755151177957686,7.705112243778349
CH,2023-07-28,87.9,-1.43,5.14,"Duran, Jarren",680776,657277,,foul,,,,,8.0,,R,L,R,SF,BOS,S,,,2,2,2023,-0.66,-0.66,0.0649859386026072,2.0314196014963763,,,,0,1,Top,,,,,,,5.056723274081251,-127.98082664084028,-0.0929239847317648,-8.276319967404051,25.16737430337503,-39.5909175481959,3.38176880504443,1.6932140461465,2.0,78.7,-43.0,89.2,1433.0,6.9,717220,672275,527038,689172,605204,682617,624424,682641,573262,53.57,,,,,,,,1,6,Changeup,0,0,0,0,0,0,0,0,Infield shade,Standard,272.0,0.0,0.0,79.7,8.2,,,0.0,88.0,0,0,0.503,0.497,26,26,27,27,1,0,6.0,2.0,5.0,1.0,3.59,0.66,-0.66,20.5,13.515584116484952,-7.614514981438164,27.25486887723667,40.03504774102201,31.6042776112523
CH,2023-07-28,86.9,-1.54,5.03,"Duran, Jarren",680776,657277,,foul,,,,,13.0,,R,L,R,SF,BOS,S,,,2,2,2023,-0.75,-0.41,-0.9933540801217384,1.624200174127795,,,,0,1,Top,,,,,,,2.872977041193752,-126.66742661404098,-1.2393353313518314,-8.664472664140701,22.284317575110112,-36.62129690711807,3.39,1.7,213.0,77.7,24.0,88.5,1415.0,6.9,717220,672275,527038,689172,605204,682617,624424,682641,573262,53.64,,,,,,,,1,5,Changeup,0,0,0,0,0,0,0,0,Infield shade,Standard,271.0,0.0,0.0,69.6,7.7,,,0.0,88.0,0,0,0.503,0.497,26,26,27,27,1,0,6.0,2.0,5.0,1.0,3.39,0.75,-0.75,17.6,-3.565375555667946,12.0039867295814,32.0270578113783,51.605488724116825,12.938145246283716
SI,2023-07-28,92.3,-1.48,5.2,"Duran, Jarren",680776,657277,,called_strike,,,,,2.0,,R,L,R,SF,BOS,S,,,2,1,2023,-1.3,0.04,-0.1850034615066391,3.165366464019469,,,,0,1,Top,,,,,,,6.192575857920888,-134.33918283425083,0.545179623461953,-17.116061014424623,27.506506842608765,-32.03051769482569,3.60066239025215,1.7683679556719,,,,93.6,1891.0,6.9,717220,672275,527038,689172,605204,682617,624424,682641,573262,53.6,,,,,,,,1,4,Sinker,0,0,0,0,0,0,0,0,Infield shade,Standard,245.0,0.007,-0.074,,,,,0.074,,0,0,0.496,0.504,26,26,27,27,1,0,6.0,2.0,5.0,1.0,2.62,1.3,-1.3,24.1,,,,,
ST,2023-07-28,84.9,-1.69,5.09,"Duran, Jarren",680776,657277,,ball,,,,,11.0,,R,L,R,SF,BOS,B,,,1,1,2023,0.68,0.29,-1.2700669483423443,2.778552666692902,,,,0,1,Top,,,,,,,-0.3827722999398137,-123.75303745387528,0.2780229793696186,7.09204360640103,23.088840982241624,-29.420277409762143,3.47824116342179,1.70814639498707,,,,86.2,2573.0,6.9,717220,672275,527038,689172,605204,682617,624424,682641,573262,53.62,,,,,,,,1,3,Sweeper,0,0,0,0,0,0,0,0,Infield shade,Standard,57.0,-0.005,0.059,,,,,-0.059,,0,0,0.501,0.499,26,26,27,27,1,0,6.0,2.0,5.0,1.0,2.84,-0.68,0.68,23.0,,,,,
SI,2023-07-28,92.8,-1.37,5.26,"Duran, Jarren",680776,657277,,foul,,,,,5.0,,R,L,R,SF,BOS,S,,,1,0,2023,-1.33,0.18,0.0535198911297809,2.437928099936214,,,,0,1,Top,,,,,,,6.608478784124693,-134.95108125557152,-1.8166390570633248,-17.63714916533476,29.272630743131145,-29.786415171349834,3.39,1.7,297.0,88.5,42.0,93.8,2002.0,6.9,717220,672275,527038,689172,605204,682617,624424,682641,573262,53.59,,,,,,,,1,2,Sinker,0,0,0,0,0,0,0,0,Infield shade,Standard,245.0,0.005,-0.052,77.0,7.6,,,0.052,88.5,0,0,0.496,0.504,26,26,27,27,1,0,6.0,2.0,5.0,1.0,2.47,1.33,-1.33,24.3,-0.1587766281352965,6.859207165537862,27.786971841223245,39.54696261244477,22.178272478959705
SI,2023-07-28,92.7,-1.55,5.3,"Duran, Jarren",680776,657277,,ball,,,,,11.0,,R,L,R,SF,BOS,B,,,0,0,2023,-1.4,0.22,-1.6508644214399253,3.2845453115440253,,,,0,1,Top,,,,,,,2.813587364100992,-134.99154981651952,0.1486340791300289,-17.751578551886656,28.28443280932558,-29.750361553527927,3.53942710241085,1.6932140461465,,,,93.6,2009.0,6.7,717220,672275,527038,689172,605204,682617,624424,682641,573262,53.82,,,,,,,,1,1,Sinker,0,0,0,0,0,0,0,0,Infield shade,Standard,243.0,-0.004,0.04,,,,,-0.04,,0,0,0.5,0.5,26,26,27,27,1,0,6.0,2.0,5.0,1.0,2.42,1.4,-1.4,25.0,,,,,
SL,2023-07-26,86.7,-2.08,5.61,"Duran, Jarren",680776,675911,field_out,hit_into_play,,,,,14.0,Jarren Duran flies out to center fielder Michael Harris II.,R,L,R,BOS,ATL,X,8.0,fly_ball,1,0,2023,0.37,0.28,0.3397932530686083,1.5019574667542082,,671213.0,657136.0,2,5,Bot,110.19,88.7,,,,,5.128631786122643,-126.2809046198346,-4.313994756264958,2.9712124582392017,23.728465292419063,-28.501186191286063,3.39,1.7,278.0,96.5,52.0,88.4,2267.0,7.1,717242,669221,621566,645277,663586,606115,592696,671739,660670,53.36,0.005,0.005,0.0,1.0,0.0,0.0,3.0,36,2,Slider,0,0,0,0,0,0,0,0,Standard,Standard,141.0,-0.063,-0.326,77.3,8.7,,0.008,0.326,96.5,0,0,0.563,0.563,24,26,25,27,3,2,6.0,1.0,6.0,2.0,2.72,-0.37,0.37,46.9,14.626408775386263,-11.276329830004878,38.222929767734335,37.1449691339551,38.2722729576208
FF,2023-07-26,97.8,-1.92,5.71,"Duran, Jarren",680776,675911,,ball,,,,,12.0,,R,L,R,BOS,ATL,B,,,0,0,2023,-0.74,1.39,1.008253623328196,3.0627298263988108,,671213.0,657136.0,2,5,Bot,,,,,,,9.727715424189148,-142.00277674215096,-4.8925565411118495,-12.227105000777124,32.33827490514625,-12.42456772311054,3.44962790930494,1.6830738743677,,,,99.2,2271.0,7.1,717242,669221,621566,645277,663586,606115,592696,671739,660670,53.35,,,,,,,,36,1,4-Seam Fastball,0,0,0,0,0,0,0,0,Standard,Standard,209.0,0.004,0.03,,,,,-0.03,,0,0,0.559,0.559,24,26,25,27,3,2,6.0,1.0,6.0,2.0,1.0,0.74,-0.74,50.9,,,,,
FF,2023-07-26,98.1,-1.91,5.7,"Duran, Jarren",680776,675911,field_out,hit_into_play,,,,,6.0,Jarren Duran flies out to left fielder Eddie Rosario.,R,L,R,BOS,ATL,X,7.0,fly_ball,0,2,2023,-0.47,1.53,0.647930779320362,2.6757965757656863,,,671213.0,2,3,Bot,58.01,119.61,,,,,8.133728459581686,-142.5979979438082,-6.332273582109819,-8.238402828101217,32.08401073005253,-10.036492922996038,3.39,1.7,260.0,82.8,38.0,99.6,2424.0,7.1,717242,669221,621566,645277,663586,606115,592696,671739,660670,53.38,0.013,0.016,0.0,1.0,0.0,0.0,3.0,21,3,4-Seam Fastball,0,0,0,0,0,0,0,0,Infield shade,Standard,208.0,-0.016,-0.186,70.3,6.7,,0.025,0.186,88.0,0,0,0.516,0.516,24,26,25,27,2,1,6.0,1.0,6.0,2.0,0.84,0.47,-0.47,50.9,-5.806118436264421,9.548643471700643,34.898731050668964,31.943395340593764,19.298107766291757
FF,2023-07-26,98.5,-2.0,5.68,"Duran, Jarren",680776,675911,,foul,,,,,7.0,,R,L,R,BOS,ATL,S,,,0,1,2023,-0.75,1.2,-0.5472946678459164,2.058816654118631,,,671213.0,2,3,Bot,,,,,,,5.754589992625194,-143.18127848760628,-7.256754944950163,-11.612538175547517,33.58056231254568,-14.184083085045913,3.39,1.7,230.0,83.4,19.0,99.9,2239.0,7.1,717242,669221,621566,645277,663586,606115,592696,671739,660670,53.37,,,,,,,,21,2,4-Seam Fastball,0,0,0,0,0,0,0,0,Standard,Standard,210.0,-0.006,-0.055,73.2,7.4,,,0.055,88.0,0,0,0.522,0.522,24,26,25,27,2,1,6.0,1.0,6.0,2.0,1.16,0.75,-0.75,48.5,-10.482617423923603,15.027891978275534,35.148849172755135,47.92592764877939,12.343579085451276
SL,2023-07-26,84.4,-2.07,5.71,"Duran, Jarren",680776,675911,,called_strike,,,,,1.0,,R,L,R,BOS,ATL,S,,,0,0,2023,0.44,0.19,-0.411382202300541,3.235048629954545,,,671213.0,2,3,Bot,,,,,,,3.0204832051565167,-123.02968981087352,0.1793230555484231,3.979969622741592,22.499071713822183,-30.449530143172048,3.42003189248459,1.71269147901674,,,,85.9,2201.0,7.0,717242,669221,621566,645277,663586,606115,592696,671739,660670,53.54,,,,,,,,21,1,Slider,0,0,0,0,0,0,0,0,Standard,Standard,128.0,-0.004,-0.045,,,,,0.045,,0,0,0.526,0.526,24,26,25,27,2,1,6.0,1.0,6.0,2.0,2.98,-0.44,0.44,48.2,,,,,
CU,2023-07-26,87.4,-1.96,6.01,"Duran, Jarren",680776,572955,field_out,hit_into_play,,,,,5.0,"Jarren Duran grounds out, first baseman Matt Olson to pitcher Pierce Johnson. Connor Wong to 3rd. Yu Chang to 2nd.",R,L,R,BOS,ATL,X,3.0,ground_ball,1,2,2023,0.65,-0.57,0.1670647172168328,2.346073195818489,,657136.0,644374.0,1,7,Bot,148.22,174.8,,,,,3.769439312073828,-127.33079531634012,-1.5682207787215687,6.3367214526903535,24.65553128845119,-38.26879139028439,3.39,1.7,3.0,88.7,-35.0,87.2,2876.0,5.9,717242,669221,621566,645277,663586,606115,607680,671739,660670,54.56,0.045,0.058,0.0,1.0,0.0,0.0,2.0,55,4,Curveball,2,3,2,3,3,2,2,3,Standard,Strategic,42.0,-0.033,-0.256,68.5,7.7,,0.049,0.256,88.7,-1,-1,0.418,0.418,32,26,32,27,1,3,3.0,1.0,2.0,2.0,3.53,-0.65,0.65,41.1,-2.61327389176806,-6.110438582800975,32.25702329233227,38.28112189304467,29.69434488077156
CU,2023-07-26,86.6,-1.98,6.0,"Duran, Jarren",680776,572955,,blocked_ball,,,,,14.0,,R,L,R,BOS,ATL,B,,,0,2,2023,0.57,-0.64,0.8162238913765191,-0.4618084514524487,,657136.0,644374.0,1,7,Bot,,,,,,,5.4784518954340955,-125.97830419147776,-7.923768082819657,5.138676455403466,23.46587811435933,-37.765885333334865,3.47990227825817,1.77258138798963,,,,86.5,3087.0,6.1,717242,669221,621566,645277,663586,606115,607680,671739,660670,54.44,,,,,,,,55,3,Curveball,2,3,2,3,3,2,2,3,Standard,Strategic,30.0,0.009,0.022,,,,,-0.022,,-1,-1,0.409,0.409,32,26,32,27,1,3,3.0,1.0,2.0,2.0,3.66,-0.57,0.57,45.0,,,,,
FF,2023-07-26,99.1,-2.04,5.73,"Duran, Jarren",680776,675911,strikeout,called_strike,,,,,9.0,Jarren Duran called out on strikes.,R,L,R,BOS,ATL,S,2.0,,3,2,2023,-0.75,1.51,0.3149989151668129,1.9852053039247357,,,,0,1,Bot,,,,,,,8.302611690103523,-143.85548687799357,-8.431746325529662,-12.3011229718743,33.964445360242394,-9.425737311358544,3.3904353158625,1.80154204485249,,,,100.4,2468.0,7.2,717242,669221,621566,645277,663586,606115,592696,671739,660670,53.33,,0.0,0.0,1.0,0.0,0.0,,5,6,4-Seam Fastball,0,0,0,0,0,0,0,0,Infield shade,Standard,202.0,-0.027,-0.353,,,,,0.353,,0,0,0.553,0.553,24,26,25,27,1,0,6.0,1.0,6.0,2.0,0.83,0.75,-0.75,48.7,,,,,
CU,2023-07-26,86.4,-2.08,5.97,"Duran, Jarren",680776,572955,,swinging_strike,,,,,8.0,,R,L,R,BOS,ATL,S,,,0,1,2023,0.73,-0.6,0.1755152068951596,1.6503992861987862,,657136.0,644374.0,1,7,Bot,,,,,,,3.8651057744514423,-125.95797856256166,-2.897805276557194,7.060569229757199,23.477810536851106,-38.29022302170618,3.39,1.7,,,,86.2,3089.0,5.9,717242,669221,621566,645277,663586,606115,607680,671739,660670,54.6,,,,,,,,55,2,Curveball,2,3,2,3,3,2,2,3,Standard,Standard,40.0,-0.024,-0.05,70.9,8.5,1.114353576,,0.05,,-1,-1,0.433,0.433,32,26,32,27,1,3,3.0,1.0,2.0,2.0,3.62,-0.73,0.73,40.5,9.196151174255036,-9.186980562488436,29.43345550211788,38.22795324767196,30.112888589264124
FF,2023-07-26,99.0,-1.9,5.77,"Duran, Jarren",680776,675911,,foul,,,,,6.0,,R,L,R,BOS,ATL,S,,,3,1,2023,-0.66,1.51,0.3340253398685264,2.4813117348365346,,,,0,1,Bot,,,,,,,7.778680870566333,-143.91602599969954,-7.206163491375914,-11.012912232680032,33.421192876135464,-9.61407850799516,3.39,1.7,281.0,89.6,22.0,100.7,2368.0,7.3,717242,669221,621566,645277,663586,606115,592696,671739,660670,53.22,,,,,,,,5,5,4-Seam Fastball,0,0,0,0,0,0,0,0,Standard,Standard,205.0,-0.009,-0.088,75.1,6.7,,,0.088,89.6,0,0,0.562,0.562,24,26,25,27,1,0,6.0,1.0,6.0,2.0,0.82,0.66,-0.66,47.7,-14.179876023023125,16.464339265752248,37.094003657075774,36.47645964429067,12.87869668934906
FF,2023-07-26,95.5,-2.29,5.79,"Duran, Jarren",680776,572955,,foul_tip,,,,,2.0,,R,L,R,BOS,ATL,S,,,0,0,2023,-0.94,1.2,0.0951247758923253,3.2754424139905227,,657136.0,644374.0,1,7,Bot,,,,,,,8.3365741657002,-138.89675673143245,-3.710547782710683,-14.029441414799592,28.785569736999932,-15.973519920414452,3.39,1.7,,,,95.1,2373.0,5.9,717242,669221,621566,645277,663586,606115,607680,671739,660670,54.57,,,,,,,,55,1,4-Seam Fastball,2,3,2,3,3,2,2,3,Standard,Standard,225.0,-0.014,-0.04,76.1,7.3,,,0.04,,-1,-1,0.447,0.447,32,26,32,27,1,3,3.0,1.0,2.0,2.0,1.29,0.94,-0.94,33.4,3.658043062171547,7.632119351326955,25.4282213761028,38.084955956332024,19.867400208916234
FF,2023-07-26,98.3,-1.93,5.74,"Duran, Jarren",680776,675911,,called_strike,,,,,6.0,,R,L,R,BOS,ATL,S,,,3,0,2023,-0.51,1.56,0.7087136734597276,2.923154678415658,,,,0,1,Bot,,,,,,,8.487816616707223,-142.94029225070943,-5.898662523228263,-8.959114890538915,31.83335320303302,-9.534876471895124,3.44962790930494,1.77192556890161,,,,100.0,2387.0,7.2,717242,669221,621566,645277,663586,606115,592696,671739,660670,53.29,,,,,,,,5,4,4-Seam Fastball,0,0,0,0,0,0,0,0,Standard,Standard,205.0,-0.007,-0.086,,,,,0.086,,0,0,0.569,0.569,24,26,25,27,1,0,6.0,1.0,6.0,2.0,0.79,0.51,-0.51,47.9,,,,,
FF,2023-07-26,98.2,-2.01,5.83,"Duran, Jarren",680776,675911,,ball,,,,,11.0,,R,L,R,BOS,ATL,B,,,2,0,2023,-0.5,1.39,-0.9851432741749137,2.6943934687306736,,,,0,1,Bot,,,,,,,3.974436201962182,-142.9476478168062,-6.318407947750386,-7.744348618398532,32.47648452600903,-11.872713481016582,3.3904353158625,1.74230871207854,,,,99.3,2364.0,6.9,717242,669221,621566,645277,663586,606115,592696,671739,660670,53.63,,,,,,,,5,3,4-Seam Fastball,0,0,0,0,0,0,0,0,Standard,Standard,208.0,0.011,0.151,,,,,-0.151,,0,0,0.558,0.558,24,26,25,27,1,0,6.0,1.0,6.0,2.0,0.97,0.5,-0.5,46.4,,,,,
FF,2023-07-26,96.9,-1.87,5.76,"Duran, Jarren",680776,675911,,ball,,,,,11.0,,R,L,R,BOS,ATL,B,,,1,0,2023,-0.73,1.32,-1.2262905361927188,2.7324036088510955,,,,0,1,Bot,,,,,,,3.4563735050410003,-141.06693468882588,-5.661258876262221,-10.50432539155326,32.0133374632089,-13.396501802483728,3.42003189248459,1.74230871207854,,,,98.6,2216.0,7.2,717242,669221,621566,645277,663586,606115,592696,671739,660670,53.31,,,,,,,,5,2,4-Seam Fastball,0,0,0,0,0,0,0,0,Standard,Standard,199.0,0.007,0.071,,,,,-0.071,,0,0,0.551,0.551,24,26,25,27,1,0,6.0,1.0,6.0,2.0,1.1,0.73,-0.73,47.9,,,,,
FF,2023-07-26,98.7,-1.97,5.75,"Duran, Jarren",680776,675911,,ball,,,,,13.0,,R,L,R,BOS,ATL,B,,,0,0,2023,-0.48,1.49,-0.9006263518700866,2.5498023082891574,,,,0,1,Bot,,,,,,,4.111010190558577,-143.62398512315855,-6.872387282479491,-7.6205536620793985,31.62543675178904,-10.112784548219398,3.42003189248459,1.71269147901674,,,,100.5,2327.0,7.2,717242,669221,621566,645277,663586,606115,592696,671739,660670,53.34,,,,,,,,5,1,4-Seam Fastball,0,0,0,0,0,0,0,0,Standard,Standard,206.0,0.003,0.04,,,,,-0.04,,0,0,0.548,0.548,24,26,25,27,1,0,6.0,1.0,6.0,2.0,0.84,0.48,-0.48,45.7,,,,,
CU,2023-07-25,83.4,-2.36,5.1,"Duran, Jarren",680776,450203,single,hit_into_play,,,,,13.0,Jarren Duran singles on a ground ball to right fielder Ronald Acuna Jr. Yu Chang scores.,R,L,R,BOS,ATL,X,9.0,ground_ball,2,2,2023,0.71,-0.68,-0.2130368073753935,1.4650150317260249,644374.0,,,2,4,Bot,184.77,101.05,,,,,3.534758834326547,-121.45623097307508,-0.5955569428923311,6.288635367380958,24.105669779111818,-38.97957869237952,3.36,1.68,9.0,95.2,-9.0,83.2,3098.0,6.2,717261,669221,621566,645277,663586,606115,592696,671739,660670,54.34,0.246,0.23,0.9,1.0,1.0,0.0,2.0,37,5,Curveball,2,1,2,1,1,3,3,1,Standard,Strategic,59.0,0.097,0.759,81.0,8.6,,0.308,-0.759,95.2,1,1,0.67,0.67,39,26,40,27,3,2,6.0,2.0,6.0,1.0,3.95,-0.71,0.71,21.7,13.64241362963909,-2.2282084260017623,34.03499189753051,43.59085681317442,33.735244693557604
FF,2023-07-25,94.0,-2.19,5.2,"Duran, Jarren",680776,450203,,called_strike,,,,,14.0,,R,L,R,BOS,ATL,S,,,2,1,2023,-1.29,0.97,0.5114788303555597,1.327452530653111,644374.0,,,2,4,Bot,,,,,,,9.843592123357263,-136.51526306364568,-6.456768249116053,-18.256217980762433,29.954561275786823,-18.810333848106275,3.475338457554,1.70878357156931,,,,93.9,2315.0,6.3,717261,669221,621566,645277,663586,606115,592696,671739,660670,54.15,,,,,,,,37,4,4-Seam Fastball,2,1,2,1,1,2,2,1,Standard,Strategic,237.0,-0.007,-0.063,,,,,0.063,,1,1,0.677,0.677,39,26,40,27,3,2,6.0,2.0,6.0,1.0,1.62,1.29,-1.29,21.7,,,,,
CU,2023-07-25,83.2,-2.3,5.16,"Duran, Jarren",680776,450203,,called_strike,,,,,7.0,,R,L,R,BOS,ATL,S,,,2,0,2023,0.63,-0.52,-0.7174200590122097,1.6043638927081574,644374.0,,,2,4,Bot,,,,,,,2.382067177113236,-121.2416747242413,-0.7084414347605608,5.740220749067341,23.835271497250236,-37.330783636495326,3.42070975640836,1.65410972262296,,,,82.8,3034.0,6.0,717261,669221,621566,645277,663586,606115,592696,671739,660670,54.53,,,,,,,,37,3,Curveball,2,1,2,1,1,2,2,1,Standard,Strategic,59.0,-0.002,-0.037,,,,,0.037,,1,1,0.679,0.679,39,26,40,27,3,2,6.0,2.0,6.0,1.0,3.8,-0.63,0.63,23.3,,,,,
CH,2023-07-25,86.0,-2.4,5.07,"Duran, Jarren",680776,450203,,ball,,,,,14.0,,R,L,R,BOS,ATL,B,,,1,0,2023,-1.36,0.01,0.9935990873371544,1.28657041144776,,,644374.0,2,4,Bot,,,,,,,10.78637673389312,-124.8465593452026,-2.758633829666607,-16.35022887570042,23.017352395671583,-31.708477887890705,3.42070975640836,1.71334629744752,,,,86.1,2025.0,6.3,717261,669221,621566,645277,663586,606115,592696,671739,660670,54.23,,,,,,,,37,2,Changeup,2,1,2,1,1,2,2,1,Standard,Strategic,263.0,0.017,0.037,,,,,-0.037,,1,1,0.662,0.662,39,26,40,27,3,2,6.0,2.0,6.0,1.0,3.06,1.36,-1.36,18.2,,,,,
CU,2023-07-25,81.5,-2.23,5.17,"Duran, Jarren",680776,450203,,ball,,,,,14.0,,R,L,R,BOS,ATL,B,,,0,0,2023,1.09,-0.61,1.28285127959539,1.314982731397699,,,644374.0,2,4,Bot,,,,,,,5.7892964070651525,-118.59260292872706,-0.8999890543771333,9.191821016799343,22.48045310334275,-38.0076339763734,3.35771769984759,1.65410972262296,,,,81.4,3026.0,6.2,717261,669221,621566,645277,663586,606115,592696,671739,660670,54.3,,,,,,,,37,1,Curveball,2,1,2,1,1,2,2,1,Standard,Strategic,59.0,0.002,0.03,,,,,-0.03,,1,1,0.66,0.66,39,26,40,27,3,2,6.0,2.0,6.0,1.0,4.04,-1.09,1.09,18.4,,,,,
CU,2023-07-25,83.3,-2.37,5.14,"Duran, Jarren",680776,450203,hit_by_pitch,hit_by_pitch,,,,,14.0,Jarren Duran hit by pitch.,R,L,R,BOS,ATL,B,,,1,2,2023,1.24,-0.91,2.150785008095679,0.8526440979016798,,,,1,2,Bot,,,,,,,7.916526463871684,-121.025481049389,-1.5135165832169424,10.310424691341076,26.376044705962418,-40.93872540714396,3.36,1.68,,,,82.5,3176.0,6.1,717261,669221,621566,645277,663586,606115,592696,671739,660670,54.37,,0.726005,0.7,1.0,0.0,0.0,,21,5,Curveball,2,1,2,1,1,2,2,1,Infield shade,Strategic,57.0,0.027,0.499,,,,,-0.499,,1,1,0.631,0.631,39,26,40,27,2,1,6.0,2.0,6.0,1.0,4.24,-1.24,1.24,18.2,,,,,
CH,2023-07-25,85.7,-2.17,5.2,"Duran, Jarren",680776,450203,,foul,,,,,13.0,,R,L,R,BOS,ATL,S,,,1,2,2023,-1.74,-0.02,-0.7990939071573668,1.5214260094465657,,,,1,2,Bot,,,,,,,6.731135168960889,-124.59302001316208,-2.2951716535914466,-19.45122601593237,28.160001763603972,-32.06771851371525,3.36,1.68,4.0,70.9,-24.0,84.9,2270.0,6.1,717261,669221,621566,645277,663586,606115,592696,671739,660670,54.39,,,,,,,,21,4,Changeup,2,1,2,1,1,2,2,1,Infield shade,Strategic,267.0,0.0,0.0,77.0,8.6,,,0.0,88.0,1,1,0.631,0.631,39,26,40,27,2,1,6.0,2.0,6.0,1.0,3.16,1.74,-1.74,20.1,13.705869648662407,-1.8977159595110644,31.27418440760841,49.42752521113833,31.905689550539527
FF,2023-07-25,95.4,-2.16,5.4,"Duran, Jarren",680776,450203,,ball,,,,,12.0,,R,L,R,BOS,ATL,B,,,0,2,2023,-0.99,0.87,0.5496605281014079,3.9239399045881305,,,,1,2,Bot,,,,,,,9.324583999898746,-138.70000523150455,-0.1926610929237101,-14.921125789865384,31.511546465067948,-21.146823550445404,3.3911126548818,1.71334629744752,,,,95.1,2315.0,6.2,717261,669221,621566,645277,663586,606115,592696,671739,660670,54.32,,,,,,,,21,3,4-Seam Fastball,2,1,2,1,1,2,2,1,Infield shade,Strategic,234.0,0.001,0.019,,,,,-0.019,,1,1,0.63,0.63,39,26,40,27,2,1,6.0,2.0,6.0,1.0,1.64,0.99,-0.99,23.7,,,,,
CH,2023-07-25,84.6,-2.24,5.19,"Duran, Jarren",680776,450203,,swinging_strike,,,,,14.0,,R,L,R,BOS,ATL,S,,,0,1,2023,-1.38,0.09,0.0487364867565323,1.310520205647899,,,,1,2,Bot,,,,,,,8.067859105955726,-122.85823114697229,-2.7792991953005055,-15.638367462611562,27.23569868801067,-30.885600395964182,3.36,1.68,,,,83.8,2203.0,6.2,717261,669221,621566,645277,663586,606115,592696,671739,660670,54.32,,,,,,,,21,2,Changeup,2,1,2,1,1,2,2,1,Standard,Strategic,265.0,-0.004,-0.057,77.2,9.3,3.3555267,,0.057,,1,1,0.634,0.634,39,26,40,27,2,1,6.0,2.0,6.0,1.0,3.14,1.38,-1.38,18.7,28.496293094508427,-23.13800465132814,36.84973995263654,39.53516375711321,45.42609233675257
FF,2023-07-25,93.5,-2.34,5.32,"Duran, Jarren",680776,450203,,swinging_strike,,,,,11.0,,R,L,R,BOS,ATL,S,,,0,0,2023,-1.27,0.8,-1.1747941864353275,2.7097156491632033,,,,1,2,Bot,,,,,,,5.784717236287526,-135.95873544077946,-2.68957372132211,-17.071334265044495,31.54166417139685,-21.886033585854353,3.36,1.68,,,,92.8,2255.0,6.1,717261,669221,621566,645277,663586,606115,592696,671739,660670,54.43,,,,,,,,21,1,4-Seam Fastball,2,1,2,1,1,2,2,1,Standard,Strategic,242.0,-0.002,-0.041,49.5,6.8,1.929396108,,0.041,,1,1,0.636,0.636,39,26,40,27,2,1,6.0,2.0,6.0,1.0,1.82,1.27,-1.27,21.4,-5.345459860903715,31.239584382898755,28.701880627190977,54.0784988134143,2.17887784173441
FF,2023-07-25,94.2,-3.75,5.07,"Duran, Jarren",680776,543859,strikeout,swinging_strike,,,,,12.0,Jarren Duran strikes out swinging.,R,L,R,BOS,ATL,S,2.0,,0,2,2023,-1.03,0.93,0.879167095784678,3.0588418550564644,,657136.0,644374.0,1,5,Bot,,,,,,,14.37878151843583,-136.42846758611466,-1.5461686938299315,-15.876122206436646,28.485350995880463,-20.41163423392656,3.36,1.68,,,,94.8,2248.0,6.8,717261,669221,621566,645277,663586,606115,592696,671739,660670,53.72,,0.0,0.0,1.0,0.0,0.0,,49,3,4-Seam Fastball,5,1,5,1,1,5,5,1,Standard,Strategic,243.0,-0.007,-0.151,62.7,5.9,0.577868412,,0.151,,4,4,0.936,0.936,33,26,34,27,1,3,3.0,2.0,4.0,1.0,1.66,1.03,-1.03,11.0,-11.171654846193388,23.74574515728574,34.70769679434698,27.47394964970955,7.620022544710421
FF,2023-07-25,94.4,-3.66,5.08,"Duran, Jarren",680776,543859,,foul,,,,,5.0,,R,L,R,BOS,ATL,S,,,0,1,2023,-1.06,0.77,-0.1644441852534903,2.479907482556811,,657136.0,644374.0,1,5,Bot,,,,,,,11.498173324804558,-137.0532785698837,-2.8084675806346096,-15.838666429907718,28.831978110883902,-21.95282622003016,3.36,1.68,200.0,73.4,45.0,94.9,2186.0,6.6,717261,669221,621566,645277,663586,606115,592696,671739,660670,53.89,,,,,,,,49,2,4-Seam Fastball,5,1,5,1,1,5,5,1,Standard,Strategic,243.0,-0.002,-0.05,73.4,7.6,,,0.05,88.0,4,4,0.938,0.938,33,26,34,27,1,3,3.0,2.0,4.0,1.0,1.79,1.06,-1.06,13.9,-4.706847598951627,1.6746341429690188,35.05378007670069,42.36406579828586,20.259085300958382
FF,2023-07-25,93.8,-3.5,5.15,"Duran, Jarren",680776,543859,,foul,,,,,5.0,,R,L,R,BOS,ATL,S,,,0,0,2023,-0.91,0.65,0.0356522878537114,2.732095631037643,,657136.0,644374.0,1,5,Bot,,,,,,,11.1914407308541,-136.25884374137874,-1.9601715263118111,-13.782141099378958,29.370436563120855,-23.847037819103775,3.36,1.68,181.0,81.9,66.0,94.2,2131.0,6.6,717261,669221,621566,645277,663586,606115,592696,671739,660670,53.91,,,,,,,,49,1,4-Seam Fastball,5,1,5,1,1,5,5,1,Standard,Strategic,240.0,-0.002,-0.04,72.7,7.6,,,0.04,88.0,4,4,0.94,0.94,33,26,34,27,1,3,3.0,2.0,4.0,1.0,1.95,0.91,-0.91,15.0,1.886632381289384,5.32282603421231,31.83371400894425,38.8016520362864,23.50235042730788
FF,2023-07-25,96.2,-1.16,5.72,"Duran, Jarren",680776,678226,field_out,hit_into_play,,,,,9.0,Jarren Duran flies out to left fielder Eddie Rosario.,R,L,R,BOS,ATL,X,7.0,fly_ball,3,1,2023,-0.68,1.38,0.8290701426026246,2.059278807230452,,,,0,8,Bot,92.98,89.09,,,,,6.824720235484492,-139.80032266261424,-7.202694384345742,-10.458401158758448,32.858789209716086,-12.6719714597728,3.36,1.68,286.0,99.0,48.0,96.0,2379.0,6.4,717261,669221,621566,645277,663586,606115,592696,671739,660670,54.13,0.018,0.025,0.0,1.0,0.0,0.0,3.0,70,5,4-Seam Fastball,5,1,5,1,1,5,5,1,Standard,Strategic,210.0,-0.002,-0.442,80.1,7.8,,0.04,0.442,99.0,4,4,0.989,0.989,26,26,27,27,1,4,2.0,2.0,4.0,1.0,1.1,0.68,-0.68,41.8,9.787321373498749,-2.2614275120453406,36.4784106818887,32.11736901995579,30.586143256616193
FF,2023-07-25,94.6,-1.25,5.76,"Duran, Jarren",680776,678226,,called_strike,,,,,8.0,,R,L,R,BOS,ATL,S,,,3,0,2023,-0.73,1.45,-0.20936480609196,1.626058610558298,,,,0,8,Bot,,,,,,,4.344209021783146,-137.4824261322842,-8.285687988443815,-10.266945077767955,31.8379022720401,-12.118571101875256,3.35771769984759,1.71334629744752,,,,94.3,2341.0,6.3,717261,669221,621566,645277,663586,606115,592696,671739,660670,54.24,,,,,,,,70,4,4-Seam Fastball,5,1,5,1,1,5,5,1,Standard,Strategic,209.0,0.0,-0.086,,,,,0.086,,4,4,0.989,0.989,26,26,27,27,1,4,2.0,2.0,4.0,1.0,1.11,0.73,-0.73,42.8,,,,,
FF,2023-07-25,95.6,-0.93,5.82,"Duran, Jarren",680776,678226,,ball,,,,,14.0,,R,L,R,BOS,ATL,B,,,2,0,2023,-0.78,1.56,1.2538710702843077,0.624789264592685,,,,0,8,Bot,,,,,,,7.491484300739243,-138.60640755534754,-11.514507936051729,-11.701718644060191,30.524870839094028,-9.623956021087428,3.45030629875506,1.80219836504311,,,,95.3,2409.0,6.3,717261,669221,621566,645277,663586,606115,592696,671739,660670,54.22,,,,,,,,70,3,4-Seam Fastball,5,1,5,1,1,5,5,1,Standard,Strategic,214.0,0.0,0.151,,,,,-0.151,,4,4,0.989,0.989,26,26,27,27,1,4,2.0,2.0,4.0,1.0,0.95,0.78,-0.78,44.4,,,,,
CU,2023-07-25,80.7,-2.4,5.4,"Duran, Jarren",680776,450203,field_out,hit_into_play,,,,,8.0,"Jarren Duran grounds out, first baseman Matt Olson to pitcher Charlie Morton.",R,L,R,BOS,ATL,X,3.0,ground_ball,1,0,2023,0.93,-0.5,0.0480398013681784,2.090121532795342,,,,0,1,Bot,158.88,161.07,,,,,3.653275629077083,-117.57658312695636,0.1972711330593934,7.97352144732456,21.87631554136969,-37.04907925665925,3.36,1.68,10.0,103.0,-12.0,80.2,2864.0,5.8,717261,669221,621566,645277,663586,606115,592696,671739,660670,54.7,0.299,0.271,0.0,1.0,0.0,0.0,2.0,7,2,Curveball,0,1,0,1,1,0,0,1,Standard,Strategic,62.0,-0.028,-0.306,79.6,8.0,,0.303,0.306,103.0,-1,-1,0.452,0.452,39,26,40,27,1,0,6.0,2.0,6.0,1.0,3.98,-0.93,0.93,21.7,9.977069778905951,2.7830935367640617,32.2997059142757,40.366918537350934,32.365467281974574
SL,2023-07-25,88.7,-1.31,5.76,"Duran, Jarren",680776,678226,,ball,,,,,14.0,,R,L,R,BOS,ATL,B,,,1,0,2023,0.07,0.11,0.8020964661551997,0.0225089147030077,,,,0,8,Bot,,,,,,,5.004216469653011,-128.98048962496202,-8.183648118703262,-0.2694133874729347,25.786271874652225,-29.452323649364544,3.35771769984759,1.68372819324114,,,,88.5,2556.0,6.1,717261,669221,621566,645277,663586,606115,592696,671739,660670,54.41,,,,,,,,70,2,Slider,5,1,5,1,1,5,5,1,Standard,Strategic,192.0,0.001,0.071,,,,,-0.071,,4,4,0.988,0.988,26,26,27,27,1,4,2.0,2.0,4.0,1.0,2.78,-0.07,0.07,41.7,,,,,
FF,2023-07-25,92.6,-2.4,5.46,"Duran, Jarren",680776,450203,,ball,,,,,11.0,,R,L,R,BOS,ATL,B,,,0,0,2023,-1.28,0.93,-1.941411785332226,3.6622671969450744,,,,0,1,Bot,,,,,,,3.923120649632682,-134.8040905001213,-0.7851064376334249,-16.412435923965916,31.048371240074427,-20.943083277396223,3.42070975640836,1.68372819324114,,,,91.8,2294.0,5.9,717261,669221,621566,645277,663586,606115,592696,671739,660670,54.57,,,,,,,,7,1,4-Seam Fastball,0,1,0,1,1,0,0,1,Standard,Strategic,237.0,0.004,0.04,,,,,-0.04,,-1,-1,0.448,0.448,39,26,40,27,1,0,6.0,2.0,6.0,1.0,1.74,1.28,-1.28,21.4,,,,,
SL,2023-07-25,87.9,-1.28,5.87,"Duran, Jarren",680776,678226,,ball,,,,,13.0,,R,L,R,BOS,ATL,B,,,0,0,2023,0.1,0.17,-1.1364870727618384,1.5672876954917738,,,,0,8,Bot,,,,,,,0.1472445080341312,-127.9897912575188,-4.660386092445822,1.0277414168034278,25.6107791282741,-29.617912573421165,3.35771769984759,1.65410972262296,,,,87.6,2477.0,6.0,717261,669221,621566,645277,663586,606115,592696,671739,660670,54.51,,,,,,,,70,1,Slider,5,1,5,1,1,5,5,1,Standard,Strategic,201.0,0.0,0.04,,,,,-0.04,,4,4,0.988,0.988,26,26,27,27,1,4,2.0,2.0,4.0,1.0,2.77,-0.1,0.1,41.5,,,,,
SI,2023-07-23,92.1,-1.48,5.71,"Duran, Jarren",680776,471911,field_out,hit_into_play,,,,,5.0,Jarren Duran lines out sharply to left fielder Mark Canha.,R,L,R,BOS,NYM,X,7.0,line_drive,1,0,2023,-1.13,0.55,-0.2158713729120696,2.5740945659426298,,657136.0,571771.0,1,2,Bot,67.07,93.9,,,,,5.653290394076144,-133.98421212791365,-3.3180365267659515,-14.797940295756325,29.4220975690371,-25.004670307240666,3.34,1.67,299.0,105.6,13.0,92.0,2043.0,6.3,717298,553882,624413,664901,683146,596019,592192,607043,643446,54.19,0.868,0.895,0.0,1.0,0.0,0.0,5.0,17,2,Sinker,1,0,1,0,0,1,1,0,Standard,Standard,228.0,-0.044,-0.281,74.5,7.2,,1.216,0.281,105.6,1,1,0.695,0.695,36,26,36,27,2,1,5.0,1.0,6.0,2.0,2.14,1.13,-1.13,30.0,-7.94332292359237,13.222799345875114,31.215165112541392,42.40260106776934,19.446768776259525
CH,2023-07-23,87.0,-1.53,5.66,"Duran, Jarren",680776,471911,,blocked_ball,,,,,14.0,,R,L,R,BOS,NYM,B,,,0,0,2023,-0.65,-0.23,1.2488908787247197,0.1977800690533615,,657136.0,571771.0,1,2,Bot,,,,,,,8.062837280361881,-126.41932551238295,-6.522312138847661,-8.579874741058612,24.251343532087024,-33.55973837744019,3.44996713365224,1.74263636222902,,,,87.7,1330.0,6.7,717298,553882,624413,664901,683146,596019,592192,607043,643446,53.81,,,,,,,,17,1,Changeup,1,0,1,0,0,1,1,0,Strategic,Standard,246.0,0.005,0.042,,,,,-0.042,,1,1,0.69,0.69,36,26,36,27,2,1,5.0,1.0,6.0,2.0,3.24,0.65,-0.65,34.0,,,,,
ST,2023-07-23,80.7,-2.88,5.19,"Duran, Jarren",680776,493603,field_out,hit_into_play,,,,,2.0,Jarren Duran flies out sharply to center fielder Brandon Nimmo.,R,L,R,BOS,NYM,X,8.0,fly_ball,3,2,2023,1.43,0.08,0.0698739202399709,2.8417790256079014,657136.0,644374.0,,1,8,Bot,142.96,92.38,,,,,3.882669388847537,-117.48403313714618,1.3514328174658372,12.394711926507714,23.40459001950883,-31.95905956094644,3.34,1.67,270.0,100.2,51.0,81.6,2723.0,7.0,717298,553882,624413,664901,683146,596019,592192,607043,643446,53.51,0.016,0.02,0.0,1.0,0.0,0.0,3.0,69,6,Sweeper,6,1,6,1,1,6,6,1,Strategic,Standard,69.0,-0.002,-0.172,74.2,8.0,,0.03,0.172,100.2,5,5,0.997,0.997,37,26,38,27,1,4,4.0,1.0,2.0,2.0,3.43,-1.43,1.43,25.2,20.173785586784895,-7.894809341239691,27.06288003114904,37.82543347928665,35.55799744604401
FC,2023-07-23,88.3,-2.79,5.33,"Duran, Jarren",680776,493603,,ball,,,,,14.0,,R,L,R,BOS,NYM,B,,,2,2,2023,0.59,0.4,2.213115528153367,1.350932085604314,657136.0,644374.0,,1,8,Bot,,,,,,,11.132004407945576,-128.21785197967048,-4.530887648362064,4.4819666315364195,23.413409881391864,-27.02967764638274,3.50881824892098,1.74230871207854,,,,90.1,2810.0,7.2,717298,553882,624413,664901,683146,596019,592192,607043,643446,53.28,,,,,,,,69,5,Cutter,6,1,6,1,1,6,6,1,Strategic,Standard,124.0,0.0,0.066,,,,,-0.066,,5,5,0.997,0.997,37,26,38,27,1,4,4.0,1.0,2.0,2.0,2.51,-0.59,0.59,27.5,,,,,
CH,2023-07-23,88.5,-3.04,5.1,"Duran, Jarren",680776,493603,,ball,,,,,13.0,,R,L,R,BOS,NYM,B,,,1,2,2023,-0.87,-0.26,-1.198913260584145,1.0629180133951026,657136.0,644374.0,,1,8,Bot,,,,,,,6.404539822367498,-128.87184751982764,-3.3375881660668156,-10.954747351715934,25.054047485731477,-34.57377248774056,3.44962790930494,1.65345590280042,,,,90.1,1749.0,7.1,717298,553882,624413,664901,683146,596019,592192,607043,643446,53.41,,,,,,,,69,4,Changeup,6,1,6,1,1,6,6,1,Strategic,Standard,250.0,0.001,0.008,,,,,-0.008,,5,5,0.996,0.996,37,26,38,27,1,4,4.0,1.0,2.0,2.0,3.15,0.87,-0.87,23.9,,,,,
CH,2023-07-23,88.6,-2.95,5.1,"Duran, Jarren",680776,493603,,swinging_strike,,,,,14.0,,R,L,R,BOS,NYM,S,,,1,1,2023,-1.17,0.06,0.1806602203549461,1.2353162965069284,657136.0,644374.0,,1,8,Bot,,,,,,,10.225201694315745,-128.67323691802332,-3.5049741033870463,-15.186394203512336,27.16053176095743,-30.96401339123244,3.34,1.67,,,,89.5,2000.0,7.0,717298,553882,624413,664901,683146,596019,592192,607043,643446,53.51,,,,,,,,69,3,Changeup,6,1,6,1,1,6,6,1,Strategic,Standard,249.0,-0.001,-0.08,75.1,9.0,2.95352748,,0.08,,5,5,0.997,0.997,37,26,38,27,1,4,4.0,1.0,2.0,2.0,2.86,1.17,-1.17,21.3,27.31008546483547,-21.55732832229624,37.20028485798537,37.5936434012434,39.49489699641752
FC,2023-07-23,88.8,-2.82,5.29,"Duran, Jarren",680776,493603,,foul,,,,,14.0,,R,L,R,BOS,NYM,S,,,1,0,2023,0.46,0.44,0.9308153236981844,1.9202307687553295,657136.0,644374.0,,1,8,Bot,,,,,,,8.329587656679058,-129.23541491393112,-3.244068372222425,3.788214887665408,22.886966043620117,-26.748984701830356,3.34,1.67,4.0,104.9,-24.0,90.5,2745.0,7.0,717298,553882,624413,664901,683146,596019,592192,607043,643446,53.49,,,,,,,,69,2,Cutter,6,1,6,1,1,6,6,1,Strategic,Standard,142.0,0.0,-0.036,72.5,8.3,,,0.036,104.9,5,5,0.997,0.997,37,26,38,27,1,4,4.0,1.0,2.0,2.0,2.41,-0.46,0.46,21.9,19.014966995155884,-13.000388806093564,34.607931649843316,28.439372788385302,36.02807367170456
SI,2023-07-23,93.4,-2.96,5.19,"Duran, Jarren",680776,493603,,ball,,,,,11.0,,R,L,R,BOS,NYM,B,,,0,0,2023,-1.48,0.42,-2.02479113681797,2.6758612785885534,657136.0,,644374.0,1,8,Bot,,,,,,,5.740027397815154,-135.94224886042835,-1.6886706162931122,-19.558326599042417,28.918135078017595,-26.803125211662024,3.5384125644586,1.74230871207854,,,,94.7,2255.0,7.0,717298,553882,624413,664901,683146,596019,592192,607043,643446,53.54,,,,,,,,69,1,Sinker,6,1,6,1,1,6,6,1,Strategic,Standard,232.0,0.0,0.041,,,,,-0.041,,5,5,0.997,0.997,37,26,38,27,1,4,4.0,1.0,2.0,2.0,2.19,1.48,-1.48,22.3,,,,,
FF,2023-07-23,94.3,2.13,5.81,"Duran, Jarren",680776,656849,single,hit_into_play,,,,,2.0,Jarren Duran singles on a sharp line drive to left fielder Mark Canha.,R,L,L,BOS,NYM,X,7.0,line_drive,1,2,2023,0.02,1.09,-0.1718774843920277,2.8722481747537096,,,,1,6,Bot,79.61,91.31,,,,,-6.135862338676503,-137.22355012759525,-4.458990186434604,1.5219455137059767,29.749041807805057,-17.649056914002824,3.34,1.67,219.0,102.9,11.0,96.3,2220.0,7.4,717298,553882,624413,664901,683146,596019,592192,607043,643446,53.14,0.932,0.911,0.9,1.0,1.0,0.0,4.0,51,7,4-Seam Fastball,5,1,5,1,1,5,5,1,Strategic,Standard,137.0,0.005,0.495,69.6,6.8,,1.17,-0.495,102.9,4,4,0.946,0.946,27,26,28,27,1,3,2.0,1.0,4.0,2.0,1.47,0.02,0.02,38.0,-2.860388122561993,13.806510915040974,28.30989650149301,41.99294133187606,20.204740596013785
SL,2023-07-23,84.5,2.47,5.69,"Duran, Jarren",680776,656849,,foul,,,,,13.0,,R,L,L,BOS,NYM,S,,,1,2,2023,-0.17,-0.19,-0.2111224195810725,1.3297549440771683,,,,1,6,Bot,,,,,,,-6.0181437284405845,-122.96533215246784,-3.4600808531398357,-0.5565243036356132,24.49457208002574,-33.634384953962034,3.34,1.67,1.0,78.7,-45.0,86.0,2367.0,7.2,717298,553882,624413,664901,683146,596019,592192,607043,643446,53.26,,,,,,,,51,6,Slider,5,1,5,1,1,5,5,1,Strategic,Standard,318.0,0.0,0.0,71.5,8.0,,,0.0,88.0,4,4,0.946,0.946,27,26,28,27,1,3,2.0,1.0,4.0,2.0,3.38,-0.17,-0.17,35.1,1.2769780355191291,-1.158261382588029,33.61208963462292,42.98423344112588,30.41210785239798
CH,2023-07-23,85.9,-2.28,5.27,"Duran, Jarren",680776,622098,strikeout,swinging_strike,,,,,13.0,Jarren Duran strikes out swinging.,R,L,R,BOS,NYM,S,2.0,,0,2,2023,-1.18,0.72,-0.8655387110454564,1.3409809464847675,657136.0,571771.0,644374.0,1,3,Bot,,,,,,,5.734056249698815,-124.89420498781716,-4.472753454456386,-13.545880691712725,25.950088429060624,-23.907829114628097,3.34,1.67,,,,85.7,1897.0,6.3,717298,553882,624413,664901,683146,596019,592192,607043,643446,54.21,,0.0,0.0,1.0,0.0,0.0,,30,3,Changeup,4,0,4,0,0,4,4,0,Standard,Standard,238.0,-0.014,-0.163,71.4,9.2,3.466252764,,0.163,,4,4,0.916,0.916,29,26,30,27,1,2,1.0,1.0,3.0,2.0,2.38,1.18,-1.18,36.2,18.280183123609028,-13.877677401456564,32.08295799158143,49.79328740654431,40.51934406132771
FF,2023-07-23,94.3,2.38,5.79,"Duran, Jarren",680776,656849,,foul,,,,,3.0,,R,L,L,BOS,NYM,S,,,1,2,2023,0.44,1.15,0.7465100033495469,3.134081094080708,,,,1,6,Bot,,,,,,,-5.330964771533109,-137.2040470686352,-3.8570991983941423,6.779440853647917,29.546245190749826,-16.95423605219247,3.34,1.67,216.0,72.6,31.0,96.2,2174.0,7.3,717298,553882,624413,664901,683146,596019,592192,607043,643446,53.17,,,,,,,,51,5,4-Seam Fastball,5,1,5,1,1,5,5,1,Strategic,Standard,137.0,0.0,0.0,66.2,6.1,,,0.0,88.0,4,4,0.946,0.946,27,26,28,27,1,3,2.0,1.0,4.0,2.0,1.41,0.44,0.44,36.4,-7.890218276276704,21.993398933527693,30.73918834083284,30.785345918500298,15.947796179742168
SL,2023-07-23,84.6,2.55,5.73,"Duran, Jarren",680776,656849,,foul,,,,,8.0,,R,L,L,BOS,NYM,S,,,1,2,2023,-0.16,0.0,-0.1972959786582542,1.7287751813932446,,,,1,6,Bot,,,,,,,-6.1953433070180965,-123.14578396896808,-3.020458603153317,-0.3441991753538321,24.69443905999696,-31.779343878659237,3.34,1.67,,,,86.0,2324.0,7.2,717298,553882,624413,664901,683146,596019,592192,607043,643446,53.31,,,,,,,,51,4,Slider,5,1,5,1,1,5,5,1,Strategic,Standard,311.0,0.0,0.0,70.8,8.6,,,0.0,,4,4,0.946,0.946,27,26,28,27,1,3,2.0,1.0,4.0,2.0,3.19,-0.16,-0.16,36.8,12.017268675685544,-18.532381671461906,25.731250301620523,41.55802764784704,35.18361064865885
CH,2023-07-23,85.1,-2.34,5.28,"Duran, Jarren",680776,622098,,foul,,,,,7.0,,R,L,R,BOS,NYM,S,,,0,1,2023,-1.23,0.73,-0.6014633414978174,1.83251378668193,657136.0,571771.0,644374.0,1,3,Bot,,,,,,,6.508429361449914,-123.72721328152268,-3.2063735693165576,-13.88982994514742,24.84977715600534,-24.247962180399213,3.34,1.67,,,,84.7,1977.0,6.1,717298,553882,624413,664901,683146,596019,592192,607043,643446,54.39,,,,,,,,30,2,Changeup,4,0,4,0,0,4,4,0,Standard,Standard,241.0,-0.006,-0.081,72.8,9.0,,,0.081,,4,4,0.922,0.922,29,26,30,27,1,2,1.0,1.0,3.0,2.0,2.43,1.23,-1.23,37.2,20.9235219983194,-18.056795464118338,30.022146570383725,47.94333616302265,41.46147845475336
FF,2023-07-23,92.8,2.35,5.91,"Duran, Jarren",680776,656849,,swinging_strike,,,,,12.0,,R,L,L,BOS,NYM,S,,,1,1,2023,0.56,1.23,0.4527845797579912,3.613269130155729,,,,1,6,Bot,,,,,,,-6.211851646543459,-135.1476955153108,-2.8667701153856098,8.163768986352036,27.81675028246513,-16.677237888703186,3.34,1.67,,,,94.9,2189.0,7.4,717298,553882,624413,664901,683146,596019,592192,607043,643446,53.14,,,,,,,,51,3,4-Seam Fastball,5,1,5,1,1,5,5,1,Strategic,Standard,139.0,-0.001,-0.068,69.9,6.3,0.143222904,,0.068,,4,4,0.947,0.947,27,26,28,27,1,3,2.0,1.0,4.0,2.0,1.4,0.56,0.56,40.3,-2.789495895716669,25.287856209102113,26.61245116036715,34.99794047460463,12.455989500422806
FF,2023-07-23,94.6,-2.23,5.48,"Duran, Jarren",680776,622098,,called_strike,,,,,9.0,,R,L,R,BOS,NYM,S,,,0,0,2023,-0.47,1.54,0.4938718794685505,2.128994391687848,657136.0,571771.0,644374.0,1,3,Bot,,,,,,,8.111313373586505,-137.48850468491398,-6.465152086694834,-7.774478478132071,30.68137516431844,-11.400547577353462,3.42070975640836,1.71334629744752,,,,94.3,2566.0,6.2,717298,553882,624413,664901,683146,596019,592192,607043,643446,54.33,,,,,,,,30,1,4-Seam Fastball,4,0,4,0,0,4,4,0,Standard,Standard,210.0,-0.004,-0.05,,,,,0.05,,4,4,0.926,0.926,29,26,30,27,1,2,1.0,1.0,3.0,2.0,1.02,0.47,-0.47,38.0,,,,,
FF,2023-07-23,92.9,2.37,5.85,"Duran, Jarren",680776,656849,,foul,,,,,3.0,,R,L,L,BOS,NYM,S,,,1,0,2023,0.5,1.09,0.3319286558711827,2.889665594478272,,,,1,6,Bot,,,,,,,-6.463986385155995,-135.21422622464337,-4.317822568817082,7.543767911848785,27.835976187888622,-17.997678562752125,3.34,1.67,,,,95.1,2187.0,7.4,717298,553882,624413,664901,683146,596019,592192,607043,643446,53.08,,,,,,,,51,2,4-Seam Fastball,5,1,5,1,1,5,5,1,Strategic,Standard,137.0,0.0,-0.05,75.9,7.2,,,0.05,,4,4,0.947,0.947,27,26,28,27,1,3,2.0,1.0,4.0,2.0,1.53,0.5,0.5,39.0,5.055898887542475,9.968329144762684,30.93773851277821,35.52576522614485,18.854884094613347
SL,2023-07-23,84.5,2.44,5.79,"Duran, Jarren",680776,656849,,ball,,,,,13.0,,R,L,L,BOS,NYM,B,,,0,0,2023,-0.13,-0.29,-1.2783399399737638,0.9361162807572404,,,,1,6,Bot,,,,,,,-8.524063776332333,-122.83068982626271,-4.437992020155713,0.2840061617932296,23.543758544526447,-34.461621693884695,3.39077401337561,1.6537828008735,,,,85.9,2346.0,7.2,717298,553882,624413,664901,683146,596019,592192,607043,643446,53.3,,,,,,,,51,1,Slider,5,1,5,1,1,5,5,1,Strategic,Standard,303.0,0.0,0.039,,,,,-0.039,,4,4,0.947,0.947,27,26,28,27,1,3,2.0,1.0,4.0,2.0,3.48,-0.13,-0.13,38.7,,,,,
FF,2023-07-23,93.8,-1.53,5.75,"Duran, Jarren",680776,471911,single,hit_into_play,,,,,9.0,Jarren Duran singles on a ground ball to center fielder Brandon Nimmo.,R,L,R,BOS,NYM,X,8.0,ground_ball,0,0,2023,-0.42,0.81,0.5148964166657974,2.1368698572887195,,,,0,1,Bot,138.33,128.31,,,,,6.237454688702545,-136.50358389979198,-5.466145368704147,-6.4700987254730835,27.16280155975215,-21.100516097223693,3.34,1.67,34.0,101.5,-1.0,94.5,2231.0,6.5,717298,553882,624413,664901,683146,596019,592192,607043,643446,54.03,0.482,0.453,0.9,1.0,1.0,0.0,4.0,4,1,4-Seam Fastball,0,0,0,0,0,0,0,0,Strategic,Standard,228.0,0.035,0.432,72.5,7.6,,0.538,-0.432,101.5,0,0,0.548,0.548,36,26,36,27,1,0,5.0,1.0,6.0,2.0,1.76,0.42,-0.42,31.4,2.057146738243097,-3.389723574928752,38.001095824709545,33.62956201375393,20.376479491030143
FC,2023-07-22,89.5,-3.12,5.12,"Duran, Jarren",680776,453286,strikeout,swinging_strike,,,,,14.0,Jarren Duran strikes out swinging.,R,L,R,BOS,NYM,S,2.0,,1,2,2023,0.24,0.65,1.590121396071306,2.021315422964591,,,,0,5,Bot,,,,,,,11.112228951895077,-129.98133646309722,-3.0444031081549676,0.6498823731205758,24.586214210737367,-24.355451611648455,3.33,1.68,,,,89.9,2573.0,6.4,717309,682626,624413,643446,683146,596019,621466,607043,592192,54.09,,0.0,0.0,1.0,0.0,0.0,,38,5,Cutter,3,3,3,3,3,3,3,3,Infield shade,Standard,207.0,-0.021,-0.193,66.0,7.6,0.733835268,,0.193,,0,0,0.558,0.558,38,26,39,27,3,2,6.0,1.0,6.0,1.0,2.19,-0.24,0.24,26.9,11.78768863886436,-14.174043073690653,35.48124266265785,18.155557688402418,27.43378835658062
CH,2023-07-22,83.6,-3.08,5.24,"Duran, Jarren",680776,453286,,foul,,,,,14.0,,R,L,R,BOS,NYM,S,,,1,2,2023,-1.28,0.18,0.3145376696753963,0.9932750503749608,,,,0,5,Bot,,,,,,,10.362104085383605,-121.36058613990735,-3.757234696867773,-14.553546928927622,21.9575942522621,-29.821649896222908,3.33,1.68,,,,84.1,1304.0,6.6,717309,682626,624413,643446,683146,596019,621466,607043,592192,53.89,,,,,,,,38,4,Changeup,3,3,3,3,3,3,3,3,Infield shade,Standard,259.0,0.0,0.0,73.4,8.8,,,0.0,,0,0,0.558,0.558,38,26,39,27,3,2,6.0,1.0,6.0,1.0,3.07,1.28,-1.28,29.5,19.99680069368286,-18.75377426683895,37.653962858369766,35.760968004013144,41.340815258752954
FF,2023-07-22,93.8,-3.1,5.31,"Duran, Jarren",680776,453286,,called_strike,,,,,13.0,,R,L,R,BOS,NYM,S,,,1,1,2023,-0.89,1.44,-0.0932516675902568,1.5751155872753475,,,,0,5,Bot,,,,,,,9.726581115961093,-136.1221622093253,-7.108904971214195,-13.124091380001303,29.07887847988254,-12.78178552700649,3.45064540488519,1.8025265472306,,,,93.8,2411.0,6.4,717309,682626,624413,643446,683146,596019,621466,607043,592192,54.11,,,,,,,,38,3,4-Seam Fastball,3,3,3,3,3,3,3,3,Strategic,Standard,222.0,-0.008,-0.061,,,,,0.061,,0,0,0.566,0.566,38,26,39,27,3,2,6.0,1.0,6.0,1.0,1.15,0.89,-0.89,29.5,,,,,
FF,2023-07-22,93.7,-3.0,5.53,"Duran, Jarren",680776,453286,,ball,,,,,12.0,,R,L,R,BOS,NYM,B,,,0,1,2023,-0.62,1.36,0.3911619040540545,4.6874795107421505,,,,0,5,Bot,,,,,,,10.109496222682768,-136.1668181773878,0.524834655992312,-9.810846871073146,28.069988137224833,-15.466189681877111,3.45030629875506,1.77258138798963,,,,93.8,2435.0,6.3,717309,682626,624413,643446,683146,596019,621466,607043,592192,54.22,,,,,,,,38,2,4-Seam Fastball,3,3,3,3,3,3,3,3,Strategic,Standard,220.0,0.004,0.031,,,,,-0.031,,0,0,0.562,0.562,38,26,39,27,3,2,6.0,1.0,6.0,1.0,1.23,0.62,-0.62,31.7,,,,,
CH,2023-07-22,82.9,-3.09,5.26,"Duran, Jarren",680776,453286,,foul,,,,,8.0,,R,L,R,BOS,NYM,S,,,0,0,2023,-1.15,0.24,-0.1843253986601349,1.7415889866192669,,,,0,5,Bot,,,,,,,8.912255639580986,-120.43696719727843,-2.052850516823857,-12.896868131392855,21.68113512138983,-29.60208890033693,3.33,1.68,2.0,57.1,-47.0,83.2,1429.0,6.4,717309,682626,624413,643446,683146,596019,621466,607043,592192,54.06,,,,,,,,38,1,Changeup,3,3,3,3,3,3,3,3,Strategic,Standard,254.0,-0.005,-0.042,76.9,8.7,,,0.042,88.0,0,0,0.567,0.567,38,26,39,27,3,2,6.0,1.0,6.0,1.0,3.06,1.15,-1.15,27.5,26.146142835666527,-17.69935042868667,29.80621828603587,40.64766114056009,39.65974612436983
CU,2023-07-22,74.7,-2.98,5.66,"Duran, Jarren",680776,453286,field_out,hit_into_play,,,,,5.0,Jarren Duran lines out to center fielder Brandon Nimmo.,R,L,R,BOS,NYM,X,8.0,line_drive,0,0,2023,1.36,-0.72,0.031037301096658,2.7866589830713124,,,,0,3,Bot,110.24,74.47,,,,,3.826016657886478,-108.72720233025606,2.625553941891405,10.045722913234393,20.395509522443675,-38.607977873675715,3.33,1.68,313.0,91.1,21.0,74.9,2859.0,6.6,717309,682626,624413,643446,683146,596019,621466,607043,592192,53.88,0.229,0.241,0.0,1.0,0.0,0.0,3.0,20,1,Curveball,2,0,2,0,0,2,2,0,Strategic,Standard,57.0,-0.015,-0.265,73.1,7.5,,0.371,0.265,91.1,2,2,0.764,0.764,38,26,39,27,2,1,6.0,1.0,6.0,1.0,4.83,-1.36,1.36,34.6,4.189682759635993,8.876438959194731,31.56335331720282,37.614646617544885,26.35506055907008
FC,2023-07-22,90.6,-2.72,5.2,"Duran, Jarren",680776,641627,walk,ball,,,,,12.0,Jarren Duran walks.,R,L,R,BOS,NYM,B,,,3,1,2023,0.07,1.0,1.635934981162978,2.57320653639429,,,,1,7,Bot,,,,,,,10.725972003889408,-131.56790144199482,-2.7633174856787743,-1.3680551565255434,26.76540002107665,-20.129621227317426,3.42104860220597,1.68405538567242,,,,90.6,2146.0,6.3,717309,682626,624413,643446,683146,596019,621466,607043,592192,54.17,,0.695903,0.7,1.0,0.0,0.0,,54,5,Cutter,5,3,5,3,3,5,5,3,Strategic,Standard,211.0,0.007,0.255,,,,,-0.255,,2,2,0.88,0.88,30,26,31,27,1,3,2.0,1.0,1.0,1.0,1.78,-0.07,0.07,37.1,,,,,
SI,2023-07-22,93.5,-3.01,5.0,"Duran, Jarren",680776,641627,,called_strike,,,,,13.0,,R,L,R,BOS,NYM,S,,,3,0,2023,-1.44,0.3,-0.957142368664522,1.9694562049796671,,,,1,7,Bot,,,,,,,8.445339577010271,-135.89398350255274,-2.7055698399354045,-19.70391691193353,29.677921185408437,-28.10562712003916,3.32611117182433,1.83214338742682,,,,93.2,1852.0,6.2,717309,682626,624413,643446,683146,596019,621466,607043,592192,54.34,,,,,,,,54,4,Sinker,5,3,5,3,3,5,5,3,Strategic,Standard,233.0,-0.003,-0.083,,,,,0.083,,2,2,0.883,0.883,30,26,31,27,1,3,2.0,1.0,1.0,1.0,2.32,1.44,-1.44,27.3,,,,,
CU,2023-07-22,76.5,-3.02,5.66,"Duran, Jarren",680776,453286,home_run,hit_into_play,,,,,9.0,Jarren Duran homers (6) on a fly ball to right field.,R,L,R,BOS,NYM,X,,fly_ball,1,2,2023,1.41,-0.69,0.4884960575353956,1.6820771524320688,,,,0,1,Bot,227.14,100.26,,,,,4.887804458865101,-111.25479363159644,-0.0536524356982981,10.639096866903817,21.839920001632183,-38.05167855744179,3.33,1.68,348.0,97.2,29.0,76.7,2826.0,6.7,717309,682626,624413,643446,683146,596019,621466,607043,592192,53.84,0.318,0.5663157894736843,2.0,1.0,0.0,3.0,5.0,4,7,Curveball,0,0,0,0,0,1,1,0,Infield shade,Standard,54.0,0.104,1.187,78.8,8.8,,1.114,-1.187,97.2,0,0,0.541,0.541,38,26,39,27,1,0,6.0,1.0,6.0,1.0,4.61,-1.41,1.41,36.3,18.318314102317785,-23.437360425416777,34.978974181676314,35.34041235170851,45.913140398977546
FF,2023-07-22,93.9,-2.9,5.06,"Duran, Jarren",680776,641627,,ball,,,,,13.0,,R,L,R,BOS,NYM,B,,,2,0,2023,-0.76,1.03,-1.4676925838616706,2.470556691673403,,,,1,7,Bot,,,,,,,5.37693237343693,-136.66675956333393,-3.290548512365263,-10.733948366663478,29.510336283206744,-18.671674015183427,3.45064540488519,1.71367373692377,,,,93.7,2031.0,6.1,717309,682626,624413,643446,683146,596019,621466,607043,592192,54.36,,,,,,,,54,3,4-Seam Fastball,5,3,5,3,3,5,5,3,Strategic,Standard,237.0,0.004,0.142,,,,,-0.142,,2,2,0.879,0.879,30,26,31,27,1,3,2.0,1.0,1.0,1.0,1.54,0.76,-0.76,25.0,,,,,
FF,2023-07-22,92.7,-2.94,5.21,"Duran, Jarren",680776,641627,,ball,,,,,13.0,,R,L,R,BOS,NYM,B,,,1,0,2023,-0.79,1.16,-1.4817922138104358,2.262243413994446,,,,1,7,Bot,,,,,,,5.43634983091636,-134.93104163467328,-4.26760178699438,-10.805287597916728,29.62620065581115,-17.239799494722856,3.42104860220597,1.71367373692377,,,,92.5,2160.0,6.2,717309,682626,624413,643446,683146,596019,621466,607043,592192,54.3,,,,,,,,54,2,4-Seam Fastball,5,3,5,3,3,5,5,3,Strategic,Standard,228.0,0.002,0.066,,,,,-0.066,,2,2,0.877,0.877,30,26,31,27,1,3,2.0,1.0,1.0,1.0,1.49,0.79,-0.79,33.1,,,,,
FF,2023-07-22,94.5,-2.99,5.56,"Duran, Jarren",680776,453286,,foul,,,,,2.0,,R,L,R,BOS,NYM,S,,,1,2,2023,-0.91,1.27,-0.0025447143927908,3.2681068704701572,,,,0,1,Bot,,,,,,,9.763411874871345,-137.21029811039458,-3.063690762531639,-13.66718360696174,31.80054350378121,-15.707140632673411,3.33,1.68,280.0,83.2,40.0,93.9,2365.0,6.2,717309,682626,624413,643446,683146,596019,621466,607043,592192,54.31,,,,,,,,4,6,4-Seam Fastball,0,0,0,0,0,0,0,0,Infield shade,Standard,227.0,0.0,0.0,69.6,6.5,,,0.0,88.0,0,0,0.541,0.541,38,26,39,27,1,0,6.0,1.0,6.0,1.0,1.31,0.91,-0.91,29.0,-12.387877698208229,21.430143567873937,27.602193709467528,38.364481473096745,12.714720712681997
FC,2023-07-22,86.8,-3.29,5.24,"Duran, Jarren",680776,453286,,foul,,,,,14.0,,R,L,R,BOS,NYM,S,,,1,2,2023,-0.11,0.29,0.9617772120018568,1.457171895355799,,,,0,1,Bot,,,,,,,10.389864363760983,-126.00189311304992,-3.4763108356562467,-3.1424951322924137,23.74189522780604,-28.552963583785697,3.33,1.68,,,,86.9,2460.0,6.3,717309,682626,624413,643446,683146,596019,621466,607043,592192,54.18,,,,,,,,4,5,Cutter,0,0,0,0,0,0,0,0,Infield shade,Standard,209.0,0.0,0.0,74.4,9.1,,,0.0,,0,0,0.541,0.541,38,26,39,27,1,0,6.0,1.0,6.0,1.0,2.73,0.11,-0.11,27.2,28.465082455735473,-28.97891068519636,31.61901028605475,29.125184369766338,46.63742747544493
FC,2023-07-22,89.0,-3.01,5.3,"Duran, Jarren",680776,641627,,ball,,,,,11.0,,R,L,R,BOS,NYM,B,,,0,0,2023,0.04,0.61,-1.208285895904131,2.862956530843081,,,,1,7,Bot,,,,,,,4.336740344815306,-129.62890387994088,-1.2687089863803969,-0.4209151829889192,25.179627172695344,-25.250346494285317,3.45064540488519,1.77290932234047,,,,89.1,2115.0,6.1,717309,682626,624413,643446,683146,596019,621466,607043,592192,54.37,,,,,,,,54,1,Cutter,5,3,5,3,3,5,5,3,Strategic,Standard,201.0,0.001,0.039,,,,,-0.039,,2,2,0.876,0.876,30,26,31,27,1,3,2.0,1.0,1.0,1.0,2.25,-0.04,0.04,34.0,,,,,
FC,2023-07-22,87.6,-3.1,5.35,"Duran, Jarren",680776,453286,,ball,,,,,14.0,,R,L,R,BOS,NYM,B,,,0,2,2023,0.16,0.48,0.3907598333905768,0.4692045298465279,,,,0,1,Bot,,,,,,,8.066915140680168,-127.3952766799828,-6.667474806612416,0.2968513145477646,23.607714012266072,-25.8081956825418,3.5094976912835,1.74296403058017,,,,87.6,2322.0,6.1,717309,682626,624413,643446,683146,596019,621466,607043,592192,54.41,,,,,,,,4,4,Cutter,0,0,0,0,0,0,0,0,Infield shade,Standard,214.0,0.002,0.024,,,,,-0.024,,0,0,0.539,0.539,38,26,39,27,1,0,6.0,1.0,6.0,1.0,2.47,-0.16,0.16,29.1,,,,,
FF,2023-07-22,93.3,-3.0,5.59,"Duran, Jarren",680776,453286,,foul,,,,,3.0,,R,L,R,BOS,NYM,S,,,0,2,2023,-0.88,1.23,0.3001730581103354,3.4326225148105203,,,,0,1,Bot,,,,,,,10.378493424668404,-135.54895829868107,-2.5091564034287313,-13.053717694960106,27.805444093119007,-16.62822514601247,3.33,1.68,239.0,74.2,34.0,93.1,2381.0,6.1,717309,682626,624413,643446,683146,596019,621466,607043,592192,54.4,,,,,,,,4,3,4-Seam Fastball,0,0,0,0,0,0,0,0,Infield shade,Standard,222.0,0.0,0.0,69.8,6.8,,,0.0,88.0,0,0,0.539,0.539,38,26,39,27,1,0,6.0,1.0,6.0,1.0,1.39,0.88,-0.88,30.1,1.6671350599881032,12.34472860228438,26.36388979342597,35.40529333069689,15.33728216415052
FF,2023-07-22,93.5,-3.0,5.66,"Duran, Jarren",680776,453286,,foul,,,,,4.0,,R,L,R,BOS,NYM,S,,,0,1,2023,-0.96,1.41,-0.7066027578789837,2.3357971320180373,,,,0,1,Bot,,,,,,,8.005405138589353,-135.88841083451467,-5.886962384979798,-13.644413923768914,30.42885375717819,-13.623078496023677,3.33,1.68,176.0,70.4,31.0,93.1,2408.0,6.2,717309,682626,624413,643446,683146,596019,621466,607043,592192,54.32,,,,,,,,4,2,4-Seam Fastball,0,0,0,0,0,0,0,0,Strategic,Standard,222.0,-0.006,-0.054,72.1,8.1,,,0.054,88.0,0,0,0.545,0.545,38,26,39,27,1,0,6.0,1.0,6.0,1.0,1.21,0.96,-0.96,31.4,6.818677335006535,3.868995137345378,29.990469852962747,48.13473729699777,17.835689111483536
FF,2023-07-22,92.1,-3.1,5.62,"Duran, Jarren",680776,453286,,called_strike,,,,,9.0,,R,L,R,BOS,NYM,S,,,0,0,2023,-1.04,1.21,0.3693828205363796,1.695484841930916,,,,0,1,Bot,,,,,,,10.987613364735877,-133.62674464305394,-6.736052817548678,-14.721542343502504,27.217086302228033,-16.339749809233872,3.47990227825817,1.68372819324114,,,,91.7,2383.0,6.1,717309,682626,624413,643446,683146,596019,621466,607043,592192,54.39,,,,,,,,4,1,4-Seam Fastball,0,0,0,0,0,0,0,0,Strategic,Standard,224.0,-0.003,-0.042,,,,,0.042,,0,0,0.548,0.548,38,26,39,27,1,0,6.0,1.0,6.0,1.0,1.48,1.04,-1.04,31.2,,,,,
FC,2023-07-21,88.9,-2.12,5.81,"Duran, Jarren",680776,673540,field_out,hit_into_play,,,,,8.0,Jarren Duran flies out to left fielder Mark Canha.,R,L,R,BOS,NYM,X,7.0,fly_ball,1,0,2023,-0.3,0.63,-0.0519825049734944,1.788672107285786,,644374.0,,2,2,Bot,78.16,142.76,,,,,5.8237505666515075,-129.41660394785265,-5.296501870150137,-4.414129854944055,23.640653766039176,-24.258532185315083,3.34,1.67,191.0,83.7,60.0,91.3,2422.0,7.5,717324,682626,624413,641645,683146,596019,592192,607043,643446,53.04,0.013,0.013,0.0,1.0,0.0,0.0,3.0,16,2,Cutter,3,0,3,0,0,3,3,0,Strategic,Standard,202.0,-0.02,-0.315,76.1,8.4,,0.019,0.315,88.0,3,3,0.814,0.814,30,26,30,27,2,1,6.0,2.0,6.0,1.0,2.23,0.3,-0.3,44.2,6.373483218123281,-1.4075398200375886,34.738699555876245,41.20982930917723,33.36394011240154
FO,2023-07-21,81.3,-2.22,5.86,"Duran, Jarren",680776,673540,,blocked_ball,,,,,14.0,,R,L,R,BOS,NYM,B,,,0,0,2023,-0.89,0.14,0.9529360919071688,0.3522064474433879,,644374.0,,2,2,Bot,,,,,,,8.866549315984974,-118.01739631511528,-5.978614814449291,-10.03996993916808,23.433311239301165,-29.867053383072996,3.45644583549652,1.69766425394556,,,,81.7,1377.0,6.8,717324,682626,624413,641645,683146,596019,592192,607043,643446,53.72,,,,,,,,16,1,Forkball,3,0,3,0,0,3,3,0,Strategic,Standard,252.0,0.001,0.02,,,,,-0.02,,3,3,0.813,0.813,30,26,30,27,2,1,6.0,2.0,6.0,1.0,3.34,0.89,-0.89,45.6,,,,,
FC,2023-07-21,93.7,-1.58,5.05,"Duran, Jarren",680776,701643,field_out,hit_into_play,,,,,6.0,"Jarren Duran grounds out sharply, second baseman Luis Guillorme to first baseman Pete Alonso.",R,L,R,BOS,NYM,X,4.0,ground_ball,2,1,2023,-0.26,0.72,0.6494026033778814,2.591275982700096,,,,2,5,Bot,154.7,136.65,,,,,6.358543213080373,-136.31091959004985,-2.2123627507151156,-4.65919723194737,29.77504262199308,-22.92148849135629,3.34,1.67,103.0,99.2,6.0,94.0,2241.0,6.5,717324,682626,624413,641645,683146,596019,592192,607043,643446,54.02,0.634,0.609,0.0,1.0,0.0,0.0,4.0,41,4,Cutter,3,4,3,4,4,3,3,4,Strategic,Strategic,222.0,-0.019,-0.314,74.1,7.5,,0.752,0.314,99.2,-1,-1,0.359,0.359,25,26,26,27,1,2,3.0,2.0,4.0,1.0,1.88,0.26,-0.26,19.6,10.115049140275165,-4.1454541563594915,31.02691119335841,31.18596793802102,25.531205329656377
FC,2023-07-21,92.7,-1.76,4.96,"Duran, Jarren",680776,701643,,called_strike,,,,,1.0,,R,L,R,BOS,NYM,S,,,2,0,2023,-0.31,0.66,-0.6124925153939698,2.802133553481325,,,,2,5,Bot,,,,,,,3.5882334222339973,-135.0210856066431,-1.1598155842333937,-4.537704192559414,30.356958064711765,-24.020115540677075,3.2791949096822,1.69799158131661,,,,92.5,2289.0,6.2,717324,682626,624413,641645,683146,596019,592192,607043,643446,54.32,,,,,,,,41,3,Cutter,3,4,3,4,4,3,3,4,Standard,Strategic,230.0,-0.003,-0.06,,,,,0.06,,-1,-1,0.362,0.362,25,26,26,27,1,2,3.0,2.0,4.0,1.0,1.99,0.31,-0.31,16.9,,,,,
SI,2023-07-21,93.0,-1.91,4.93,"Duran, Jarren",680776,701643,,ball,,,,,11.0,,R,L,R,BOS,NYM,B,,,1,0,2023,-1.51,0.26,-2.4166309148202285,3.2655321340929726,,,,2,5,Bot,,,,,,,2.005598150899983,-135.4015189293314,0.962360358825609,-18.969619556829652,30.53266651340646,-29.475934020958313,3.36799240507418,1.63875362832079,,,,92.4,2100.0,6.0,717324,682626,624413,641645,683146,596019,592192,607043,643446,54.5,,,,,,,,41,2,Sinker,3,4,3,4,4,3,3,4,Strategic,Strategic,245.0,0.003,0.056,,,,,-0.056,,-1,-1,0.359,0.359,25,26,26,27,1,2,3.0,2.0,4.0,1.0,2.38,1.51,-1.51,12.7,,,,,
SI,2023-07-21,93.6,-1.7,4.94,"Duran, Jarren",680776,701643,,ball,,,,,11.0,,R,L,R,BOS,NYM,B,,,0,0,2023,-1.33,0.29,-1.0393550963304723,2.716928121433596,,,,2,5,Bot,,,,,,,4.67051075218081,-136.32593736264428,-0.658541814266868,-17.6695194514711,29.08287135225557,-28.615150387496747,3.39759047141989,1.69799158131661,,,,94.0,2020.0,6.4,717324,682626,624413,641645,683146,596019,592192,607043,643446,54.1,,,,,,,,41,1,Sinker,3,4,3,4,4,3,3,4,Strategic,Strategic,239.0,0.002,0.043,,,,,-0.043,,-1,-1,0.357,0.357,25,26,26,27,1,2,3.0,2.0,4.0,1.0,2.3,1.33,-1.33,19.1,,,,,
FF,2023-07-21,96.4,-2.61,5.58,"Duran, Jarren",680776,608678,single,hit_into_play,,,,,6.0,Jarren Duran singles on a ground ball to center fielder Brandon Nimmo.,R,L,R,BOS,NYM,X,8.0,ground_ball,0,2,2023,-0.74,1.3,0.4678113482798155,2.419933896237901,,,,2,7,Bot,141.88,84.41,,,,,9.87793478361427,-139.94715184690418,-5.780556075005377,-11.91613612893854,30.52849532496359,-13.921247968647226,3.34,1.67,38.0,100.2,-1.0,96.6,2486.0,6.4,717324,682626,624413,643446,683146,596019,621466,607043,592192,54.06,0.457,0.413,0.9,1.0,1.0,0.0,2.0,58,4,4-Seam Fastball,4,5,4,5,5,4,4,5,Infield shade,Standard,216.0,0.038,0.449,70.2,7.0,,0.534,-0.449,100.2,-1,-1,0.269,0.269,31,26,32,27,1,3,1.0,2.0,2.0,1.0,1.16,0.74,-0.74,33.3,-2.11483741270175,8.624171171829172,37.3292711508462,32.36965756916587,20.410733687578627
FF,2023-07-21,96.4,-2.55,5.61,"Duran, Jarren",680776,608678,,foul,,,,,6.0,,R,L,R,BOS,NYM,S,,,0,2,2023,-0.53,1.27,0.6429045571616154,2.4920137832839995,,,,2,7,Bot,,,,,,,9.70537204139589,-140.1174572601408,-5.647414597929036,-9.113858545046035,30.165193505828594,-14.244589475353887,3.34,1.67,238.0,77.6,30.0,96.7,2285.0,6.4,717324,682626,624413,643446,683146,596019,621466,607043,592192,54.1,,,,,,,,58,3,4-Seam Fastball,4,5,4,5,5,4,4,5,Infield shade,Standard,216.0,0.0,0.0,69.7,6.5,,,0.0,88.0,-1,-1,0.269,0.269,31,26,32,27,1,3,1.0,2.0,2.0,1.0,1.17,0.53,-0.53,32.7,-10.373066973554089,14.79188316333303,40.523432217877414,29.780208146016328,16.21771337511045
SL,2023-07-21,85.3,-2.43,5.7,"Duran, Jarren",680776,608678,,swinging_strike,,,,,14.0,,R,L,R,BOS,NYM,S,,,0,1,2023,0.32,-0.44,0.3114404744484264,1.010878446565842,,,,2,7,Bot,,,,,,,5.826409731330162,-124.20261363200204,-3.913671827035161,2.263704031902291,23.164525913363395,-36.217047566330216,3.34,1.67,,,,85.8,2677.0,6.4,717324,682626,624413,643446,683146,596019,621466,607043,592192,54.08,,,,,,,,58,2,Slider,4,5,4,5,5,4,4,5,Standard,Standard,65.0,-0.006,-0.061,72.9,9.0,0.978020952,,0.061,,-1,-1,0.275,0.275,31,26,32,27,1,3,1.0,2.0,2.0,1.0,3.55,-0.32,0.32,44.7,16.636825426324464,-21.518400059986895,34.249851372211786,35.72385904295547,41.53280509012056
SL,2023-07-21,85.7,-2.51,5.7,"Duran, Jarren",680776,608678,,called_strike,,,,,13.0,,R,L,R,BOS,NYM,S,,,0,0,2023,0.4,-0.1,-0.9802781688610872,1.734463857569788,,,,2,7,Bot,,,,,,,2.822670480861552,-124.8571030059828,-2.9787607300666683,3.666059062961797,22.74105188248936,-32.85239972826753,3.48545431919232,1.69701822409113,,,,86.3,2540.0,6.4,717324,682626,624413,643446,683146,596019,621466,607043,592192,54.1,,,,,,,,58,1,Slider,4,5,4,5,5,4,4,5,Standard,Standard,82.0,-0.004,-0.045,,,,,0.045,,-1,-1,0.279,0.279,31,26,32,27,1,3,1.0,2.0,2.0,1.0,3.17,-0.4,0.4,38.6,,,,,
FO,2023-07-21,82.0,-2.25,5.98,"Duran, Jarren",680776,673540,single,hit_into_play,,,,,14.0,Jarren Duran singles on a line drive to right fielder Jeff McNeil.,R,L,R,BOS,NYM,X,9.0,line_drive,1,2,2023,-0.09,-0.58,0.059927693666646,1.0298145354079566,,,,0,1,Bot,176.55,105.57,,,,,5.428735897971166,-119.37183703128514,-3.5598626180862736,-1.8844283074528505,22.165883504956657,-37.27669835420088,3.34,1.67,186.0,92.1,11.0,82.5,1312.0,6.5,717324,682626,624413,641645,683146,596019,592192,607043,643446,53.99,0.784,0.707,0.9,1.0,1.0,0.0,4.0,4,5,Forkball,0,0,0,0,0,0,0,0,Infield shade,Standard,258.0,0.042,0.504,77.6,8.4,,0.845,-0.504,92.1,0,0,0.541,0.541,30,26,30,27,1,0,6.0,2.0,6.0,1.0,3.96,0.09,-0.09,48.1,8.10575319548238,-9.62489120966856,38.79437053621812,39.88219275438887,35.474187849521016
FF,2023-07-21,95.0,-2.05,5.96,"Duran, Jarren",680776,673540,,foul,,,,,2.0,,R,L,R,BOS,NYM,S,,,1,2,2023,-0.73,1.18,0.107252467503169,3.248944184172455,,,,0,1,Bot,,,,,,,7.349868239728104,-138.2765938102986,-4.196401334234642,-10.890834513301206,27.45638100660049,-16.229599395626447,3.34,1.67,286.0,86.5,28.0,96.2,2118.0,6.7,717324,682626,624413,641645,683146,596019,592192,607043,643446,53.76,,,,,,,,4,4,4-Seam Fastball,0,0,0,0,0,0,0,0,Infield shade,Standard,212.0,0.0,0.0,68.7,6.1,,,0.0,88.0,0,0,0.541,0.541,30,26,30,27,1,0,6.0,2.0,6.0,1.0,1.32,0.73,-0.73,52.6,-6.377108224877825,24.98157973658325,27.16305060692168,38.4319787114299,15.05294408822113
FF,2023-07-21,95.4,-2.06,5.95,"Duran, Jarren",680776,673540,,foul,,,,,5.0,,R,L,R,BOS,NYM,S,,,1,1,2023,-0.87,1.35,0.1096454263818368,2.706743622963248,,,,0,1,Bot,,,,,,,7.684103003898422,-138.6402725831597,-5.953899234115066,-12.888981894311366,30.201654423753133,-13.635495553132074,3.34,1.67,317.0,93.6,31.0,95.9,2246.0,6.6,717324,682626,624413,641645,683146,596019,592192,607043,643446,53.93,,,,,,,,4,3,4-Seam Fastball,0,0,0,0,0,0,0,0,Strategic,Standard,216.0,-0.006,-0.061,73.0,6.7,,,0.061,93.6,0,0,0.547,0.547,30,26,30,27,1,0,6.0,2.0,6.0,1.0,1.16,0.87,-0.87,47.9,-5.018310293307923,17.55263907927989,31.617596964697075,38.37084405521066,17.585471165366613
FF,2023-07-21,95.0,-2.05,5.92,"Duran, Jarren",680776,673540,,foul,,,,,4.0,,R,L,R,BOS,NYM,S,,,1,0,2023,-1.02,1.34,-0.4338633696665191,2.203803406564333,,,,0,1,Bot,,,,,,,6.519938925840213,-138.0507664145502,-7.061767007664969,-14.512108955389817,31.88289796619536,-13.572712235884024,3.34,1.67,212.0,73.8,47.0,95.0,2261.0,6.4,717324,682626,624413,641645,683146,596019,592192,607043,643446,54.06,,,,,,,,4,2,4-Seam Fastball,0,0,0,0,0,0,0,0,Strategic,Standard,214.0,-0.004,-0.052,74.4,7.9,,,0.052,88.0,0,0,0.551,0.551,30,26,30,27,1,0,6.0,2.0,6.0,1.0,1.2,1.02,-1.02,45.2,-1.0336564531067167,3.907897513299964,34.26788206002538,45.28127357173234,20.730773697214797
FF,2023-07-21,94.3,-2.24,5.98,"Duran, Jarren",680776,673540,,ball,,,,,11.0,,R,L,R,BOS,NYM,B,,,0,0,2023,-0.83,1.18,-0.9872720930065788,2.571981676490895,,,,0,1,Bot,,,,,,,5.104834385623249,-137.14453100779082,-5.777082038764918,-11.612779128284958,31.333266683759454,-16.17795021746516,3.33805572185866,1.6088075185592,,,,94.4,2104.0,6.4,717324,682626,624413,641645,683146,596019,592192,607043,643446,54.06,,,,,,,,4,1,4-Seam Fastball,0,0,0,0,0,0,0,0,Strategic,Standard,221.0,0.003,0.04,,,,,-0.04,,0,0,0.548,0.548,30,26,30,27,1,0,6.0,2.0,6.0,1.0,1.39,0.83,-0.83,43.7,,,,,
FF,2023-07-19,94.9,-1.39,5.8,"Duran, Jarren",680776,543507,field_out,hit_into_play,,,,,14.0,Jarren Duran flies out to left fielder Tony Kemp.,R,L,R,ATH,BOS,X,7.0,fly_ball,0,1,2023,-0.72,1.47,0.9470286696585816,2.3382824100307853,,,,0,9,Top,98.42,119.29,,,,,7.824406915871076,-137.99794338323716,-6.807718656480944,-10.902838879188051,28.556135798564643,-11.997522578992296,3.33,1.67,214.0,87.2,57.0,96.3,2402.0,7.0,717344,669127,649557,672478,607054,669397,643393,668709,642137,53.51,0.003,0.002,0.0,1.0,0.0,0.0,3.0,71,2,4-Seam Fastball,6,5,5,6,5,6,5,6,Infield shade,Standard,211.0,0.062,-0.223,72.7,7.7,,0.003,0.223,88.0,1,-1,0.846,0.154,33,26,34,27,1,0,1.0,1.0,3.0,2.0,1.05,0.72,-0.72,36.9,10.455491960520815,-6.417524970492711,37.72328378557606,28.87893221555298,27.605370766683215
SL,2023-07-19,85.9,-1.49,5.79,"Duran, Jarren",680776,543507,,called_strike,,,,,3.0,,R,L,R,ATH,BOS,S,,,0,0,2023,0.28,0.18,0.4589691680131746,3.2530311424416736,,,,0,9,Top,,,,,,,4.092550874599867,-125.20997137323896,-0.2161267537504813,2.2327965015493683,22.038168134027632,-30.362518224702804,3.26777052963171,1.60816669648037,,,,87.4,2476.0,6.9,717344,669127,649557,672478,607054,669397,643393,668709,642137,53.62,,,,,,,,71,1,Slider,6,5,5,6,5,6,5,6,Standard,Standard,104.0,0.011,-0.042,,,,,0.042,,1,-1,0.835,0.165,33,26,34,27,1,0,1.0,1.0,3.0,2.0,2.86,-0.28,0.28,40.2,,,,,
CU,2023-07-18,78.4,-2.46,6.3,"Duran, Jarren",680776,665622,field_out,hit_into_play,,,,,2.0,"Jarren Duran grounds out, first baseman Ryan Noda to pitcher Luis Medina.",R,L,R,ATH,BOS,X,3.0,ground_ball,0,0,2023,0.36,-0.8,-0.1119817293115439,3.0103577209609043,,,,0,6,Top,153.43,164.93,,,,,4.409423013424465,-114.14381737368532,1.194408469910504,2.3338892819354293,20.733623705010015,-39.58030744934274,3.33,1.67,6.0,90.1,-25.0,78.3,2270.0,6.1,717349,669127,676116,680869,649557,669397,643393,668709,667670,54.35,0.077,0.089,0.0,1.0,0.0,0.0,2.0,42,1,Curveball,3,0,0,3,0,3,0,3,Standard,Standard,37.0,0.024,-0.265,73.6,7.8,,0.102,0.265,90.1,3,-3,0.863,0.137,24,26,24,27,3,2,11.0,1.0,5.0,1.0,4.5,-0.36,0.36,49.9,8.481650173776007,-3.0485926355417785,26.555088348347525,41.55635868709202,28.568771346716204
SL,2023-07-18,84.9,-2.98,5.94,"Duran, Jarren",680776,665622,field_out,hit_into_play,,,,,7.0,Jarren Duran flies out to right fielder Brent Rooker.,R,L,R,ATH,BOS,X,9.0,fly_ball,1,1,2023,0.2,0.16,-0.2865705675063668,2.0417034825587397,,,,1,3,Top,160.28,86.39,,,,,5.88565584038904,-123.62449701956535,-3.132484635806671,0.9385844824788816,24.16553582329954,-30.15452541162377,3.33,1.67,292.0,82.0,35.0,85.0,2198.0,6.2,717349,669127,676116,680869,649557,669397,643393,668709,667670,54.26,0.029,0.034,0.0,1.0,0.0,0.0,3.0,22,3,Slider,3,0,0,3,0,3,0,3,Standard,Standard,88.0,0.014,-0.257,77.3,8.8,,0.053,0.257,88.0,3,-3,0.817,0.183,24,26,24,27,2,1,11.0,1.0,5.0,1.0,3.0,-0.2,0.2,35.1,15.041795671588131,-13.663256762170256,33.17863655928885,45.19296097696973,38.00683798564185
CU,2023-07-18,80.3,-2.49,6.27,"Duran, Jarren",680776,665622,,swinging_strike,,,,,14.0,,R,L,R,ATH,BOS,S,,,1,0,2023,0.28,-1.06,0.9091367354739184,0.4796773664073943,,,,1,3,Top,,,,,,,6.983904722086201,-116.55537301017468,-3.951974833418716,0.9299120695244782,25.84002252864486,-41.09961793325506,3.33,1.67,,,,79.5,2340.0,6.3,717349,669127,676116,680869,649557,669397,643393,668709,667670,54.2,,,,,,,,22,2,Curveball,3,0,0,3,0,3,0,3,Standard,Standard,37.0,0.003,-0.05,61.1,9.6,16.163611008,,0.05,,3,-3,0.814,0.186,24,26,24,27,2,1,11.0,1.0,5.0,1.0,4.67,-0.28,0.28,46.2,29.818923262979553,-57.5555026592425,32.44484523829376,33.425414257716426,62.09181623407609
FF,2023-07-18,97.4,-2.51,6.3,"Duran, Jarren",680776,665622,,ball,,,,,14.0,,R,L,R,ATH,BOS,B,,,0,0,2023,-0.54,1.37,1.6069967227170596,2.033787754595604,,,,1,3,Top,,,,,,,12.30519705379826,-141.17454973241277,-9.07777049448151,-9.981919478003729,31.163355132065323,-11.881429021576531,3.451623582052,1.7416445583111,,,,97.6,2335.0,6.5,717349,669127,676116,680869,649557,669397,643393,668709,667670,53.96,,,,,,,,22,1,4-Seam Fastball,3,0,0,3,0,3,0,3,Standard,Standard,217.0,-0.002,0.039,,,,,-0.039,,3,-3,0.816,0.184,24,26,24,27,2,1,11.0,1.0,5.0,1.0,1.05,0.54,-0.54,48.4,,,,,
CU,2023-07-18,84.1,-2.47,6.28,"Duran, Jarren",680776,665622,strikeout,swinging_strike,,,,,14.0,Jarren Duran strikes out swinging.,R,L,R,ATH,BOS,S,2.0,,1,2,2023,0.49,-0.95,0.0489051016662572,1.185266180535293,,,,0,1,Top,,,,,,,4.87637859147163,-122.4287349301094,-3.5112340148978873,3.866198031220421,25.786474944805192,-41.20810185175843,3.33,1.67,,,,84.1,2437.0,6.4,717349,669127,676116,680869,649557,669397,643393,668709,667670,54.05,,0.0,0.0,1.0,0.0,0.0,,1,6,Curveball,0,0,0,0,0,0,0,0,Standard,Standard,31.0,0.015,-0.193,75.2,9.0,0.453703824,,0.193,,0,0,0.507,0.493,24,26,24,27,1,0,11.0,1.0,5.0,1.0,4.19,-0.49,0.49,50.9,20.251616793263057,-21.857835368053816,34.241448815083466,39.992333742572015,39.20110171591126
FF,2023-07-18,100.0,-2.45,6.34,"Duran, Jarren",680776,665622,,foul,,,,,4.0,,R,L,R,ATH,BOS,S,,,1,2,2023,-0.54,1.48,-0.7468372010472872,2.5577987669826783,,,,0,1,Top,,,,,,,5.952698723607799,-145.36787307789302,-8.555418807741137,-8.971544151615866,32.83823424455629,-9.373110096755813,3.33,1.67,240.0,80.6,25.0,100.1,2356.0,6.3,717349,669127,676116,680869,649557,669397,643393,668709,667670,54.19,,,,,,,,1,5,4-Seam Fastball,0,0,0,0,0,0,0,0,Standard,Standard,216.0,0.0,0.0,65.5,7.0,,,0.0,88.0,0,0,0.507,0.493,24,26,24,27,1,0,11.0,1.0,5.0,1.0,0.8,0.54,-0.54,48.4,-21.112996555999203,30.55941472438674,31.82793597580931,48.338214790483136,-2.907164834392479
SI,2023-07-18,97.8,-2.53,6.33,"Duran, Jarren",680776,665622,,foul,,,,,5.0,,R,L,R,ATH,BOS,S,,,1,2,2023,-1.26,1.03,0.2646976449174423,2.3238872911862134,,,,0,1,Top,,,,,,,10.416328292255416,-141.89791794626004,-7.685609687495609,-19.40328878620949,31.71175944122981,-16.555630205672422,3.33,1.67,223.0,75.6,37.0,97.8,2141.0,6.4,717349,669127,676116,680869,649557,669397,643393,668709,667670,54.12,,,,,,,,1,4,Sinker,0,0,0,0,0,0,0,0,Standard,Standard,213.0,0.0,0.0,73.0,6.9,,,0.0,88.0,0,0,0.507,0.493,24,26,24,27,1,0,11.0,1.0,5.0,1.0,1.36,1.26,-1.26,48.6,-10.088038317217014,9.558952082710295,39.14085732143756,36.399615902722,13.451646868507964
FF,2023-07-18,97.2,-2.59,6.31,"Duran, Jarren",680776,665622,,foul,,,,,8.0,,R,L,R,ATH,BOS,S,,,0,1,2023,-0.83,1.31,0.0806610001188311,1.7189256200161211,,,,0,1,Top,,,,,,,9.028627601863976,-141.03070806355475,-9.77091434350864,-13.015485367452143,30.627533458199153,-12.619126317823524,3.3316634763008,1.67179148901839,260.0,82.2,36.0,97.3,2353.0,6.4,717349,669127,676116,680869,649557,669397,643393,668709,667670,54.1,,,,,,,,1,2,4-Seam Fastball,0,0,0,0,0,0,0,0,Standard,Standard,216.0,0.006,-0.054,77.3,7.6,,,0.054,88.0,0,0,0.503,0.497,24,26,24,27,1,0,11.0,1.0,5.0,1.0,1.11,0.83,-0.83,47.5,-8.861279664726766,13.701395900236486,39.84380571676031,39.191505081050046,16.831692224864824
FF,2023-07-18,96.6,-2.77,6.27,"Duran, Jarren",680776,665622,,swinging_strike,,,,,12.0,,R,L,R,ATH,BOS,S,,,0,0,2023,-0.69,1.38,0.3833232402913118,3.5429292123013596,,,,0,1,Top,,,,,,,9.934654834623403,-140.42704822989336,-4.876629786947097,-11.246046098206238,29.83396807420213,-12.917709120805048,3.33156056774299,1.67167876806234,,,,96.6,2385.0,6.2,717349,669127,676116,680869,649557,669397,643393,668709,667670,54.27,,,,,,,,1,1,4-Seam Fastball,0,0,0,0,0,0,0,0,Standard,Standard,211.0,0.003,-0.042,,,,,0.042,,0,0,0.5,0.5,24,26,24,27,1,0,11.0,1.0,5.0,1.0,1.05,0.69,-0.69,45.5,,,,,
,2023-07-18,,,,"Duran, Jarren",680776,665622,,automatic_ball,,,,,,,R,L,R,ATH,BOS,B,,,0,2,2023,,,,,,,,0,1,Top,,,,,,,,,,,,,,,,,,,,,717349,669127,676116,680869,649557,669397,643393,668709,667670,,,,,,,,,1,3,,0,0,0,0,0,0,0,0,,,,-0.002,,,,,,,,0,0,0.509,0.491,24,26,24,27,1,0,11.0,1.0,5.0,1.0,,,,,,,,,
CH,2023-07-17,86.5,-2.04,5.95,"Duran, Jarren",680776,621112,field_out,hit_into_play,,,,,7.0,Jarren Duran lines out to pitcher Paul Blackburn.,R,L,R,ATH,BOS,X,1.0,line_drive,0,0,2023,-1.1,0.34,-0.5268258786693545,1.7998685074384362,,,,1,5,Top,130.57,183.25,,,,,5.853298177303838,-125.89128597336278,-4.3943738469487155,-12.917304092076437,24.641917382460147,-27.897588606291468,3.33,1.68,68.0,82.9,4.0,86.7,1611.0,6.3,717366,669127,676116,680869,672478,669397,667670,668709,664913,54.17,0.356,0.321,0.0,1.0,0.0,0.0,2.0,33,1,Changeup,0,2,2,0,2,0,2,0,Standard,Standard,212.0,0.013,-0.267,66.9,8.1,,0.433,0.267,88.0,-2,2,0.267,0.733,29,26,30,27,3,2,8.0,1.0,5.0,1.0,2.7,1.1,-1.1,51.2,9.73487408500157,4.447937064957008,29.70458116010672,46.8885723810352,25.522019012032587
CU,2023-07-17,77.9,-2.14,6.11,"Duran, Jarren",680776,621112,field_out,hit_into_play,,,,,8.0,Jarren Duran grounds out to first baseman Ryan Noda.,R,L,R,ATH,BOS,X,3.0,ground_ball,0,0,2023,0.64,-1.19,0.2391029156750261,1.744013720400706,,,,0,3,Top,160.03,167.47,,,,,3.9251580169527314,-113.45817299229716,-0.281395974645706,4.780549492084126,21.78276409687995,-42.61397890783117,3.33,1.68,17.0,92.7,-5.0,77.6,2555.0,6.1,717366,669127,676116,680869,672478,669397,667670,668709,664913,54.4,0.243,0.23,0.0,1.0,0.0,0.0,2.0,17,1,Curveball,0,2,2,0,2,0,2,0,Standard,Standard,19.0,0.018,-0.265,,,,0.32,0.265,92.7,-2,2,0.288,0.712,29,26,30,27,2,1,8.0,1.0,5.0,1.0,4.96,-0.64,0.64,46.7,,,,,
FF,2023-07-17,94.9,-0.91,5.99,"Duran, Jarren",680776,665734,walk,ball,,,,,14.0,Jarren Duran walks. Connor Wong to 2nd.,R,L,R,ATH,BOS,B,,,3,2,2023,-0.5,0.99,1.0232146377793128,1.804202849246665,,,657136.0,1,9,Top,,,,,,,6.2376780946245995,-137.91988504437563,-7.550575084558508,-7.772113543127469,32.271867454547674,-17.94433926186628,3.36404582782763,1.7140777770714,,,,95.7,2197.0,7.0,717366,669127,664913,680869,649557,669397,667670,668709,642137,53.53,,0.695903,0.7,1.0,0.0,0.0,,64,6,4-Seam Fastball,0,6,6,0,6,0,6,0,Standard,Standard,217.0,-0.001,0.266,,,,,-0.266,,-6,6,0.003,0.997,25,26,26,27,1,4,3.0,1.0,2.0,1.0,1.55,0.5,-0.5,39.5,,,,,
CH,2023-07-17,85.3,-1.16,6.06,"Duran, Jarren",680776,665734,,ball,,,,,11.0,,R,L,R,ATH,BOS,B,,,2,2,2023,-1.4,0.38,-2.7748158845601276,4.202721907184921,,,657136.0,1,9,Top,,,,,,,-0.9882210146150874,-124.21229896102965,1.1863326816093531,-14.204105077687302,25.810791761215143,-28.68748007250719,3.39589735731214,1.68237273641551,,,,85.7,1747.0,6.6,717366,669127,664913,680869,649557,669397,667670,668709,642137,53.88,,,,,,,,64,5,Changeup,0,6,6,0,6,0,6,0,Standard,Standard,229.0,0.0,0.084,,,,,-0.084,,-6,6,0.003,0.997,25,26,26,27,1,4,3.0,1.0,2.0,1.0,2.75,1.4,-1.4,43.6,,,,,
FF,2023-07-17,92.9,-0.88,5.96,"Duran, Jarren",680776,665734,,foul,,,,,5.0,,R,L,R,ATH,BOS,S,,,2,1,2023,-0.16,0.9,-0.1342145641079335,2.5635790264260323,,,657136.0,1,9,Top,,,,,,,2.2858624054938215,-135.4098909428613,-5.022566407081883,-2.3816490594189923,26.393629949423097,-20.26189749048646,3.33,1.68,211.0,78.4,59.0,94.6,2022.0,7.0,717366,669127,664913,680869,649557,669397,667670,668709,642137,53.55,,,,,,,,64,4,4-Seam Fastball,0,6,6,0,6,0,6,0,Standard,Standard,214.0,0.0,-0.054,75.9,7.5,,,0.054,88.0,-6,6,0.003,0.997,25,26,26,27,1,4,3.0,1.0,2.0,1.0,1.71,0.16,-0.16,41.0,-2.5977241335799452,2.2599750249250308,32.04448602663508,41.65429107652382,23.15636047617096
CH,2023-07-17,86.7,-1.13,5.98,"Duran, Jarren",680776,665734,,ball,,,,,13.0,,R,L,R,ATH,BOS,B,,,1,1,2023,-1.46,0.3,-1.627917392960421,2.4023428470543777,,,657136.0,1,9,Top,,,,,,,1.8285931286324604,-126.17299017277593,-2.950643608402762,-15.91210883341227,27.441411429088863,-28.52311136252357,3.36404582782763,1.68237273641551,,,,87.3,1705.0,6.8,717366,669127,664913,680869,649557,669397,667670,668709,642137,53.7,,,,,,,,64,3,Changeup,0,6,6,0,6,0,6,0,Standard,Standard,233.0,0.0,0.046,,,,,-0.046,,-6,6,0.003,0.997,25,26,26,27,1,4,3.0,1.0,2.0,1.0,2.74,1.46,-1.46,43.4,,,,,
CH,2023-07-17,85.5,-1.18,6.03,"Duran, Jarren",680776,665734,,swinging_strike,,,,,11.0,,R,L,R,ATH,BOS,S,,,1,0,2023,-1.34,0.62,-1.3064361875840595,2.748728685342336,,,657136.0,1,9,Top,,,,,,,2.4401404489447955,-124.5598677242226,-2.792504237325137,-14.492735774196092,22.17553964999369,-25.374352010505,3.33,1.68,,,,87.0,1936.0,6.9,717366,669127,664913,680869,649557,669397,667670,668709,642137,53.6,,,,,,,,64,2,Changeup,0,6,6,0,6,0,6,0,Standard,Standard,232.0,0.0,-0.053,66.1,7.6,0.14225028,,0.053,,-6,6,0.003,0.997,25,26,26,27,1,4,3.0,1.0,2.0,1.0,2.46,1.34,-1.34,40.5,4.476908327806415,15.5721509455223,22.8940929960304,57.23150204480246,14.911103084118068
CH,2023-07-17,85.5,-1.21,6.2,"Duran, Jarren",680776,665734,,ball,,,,,11.0,,R,L,R,ATH,BOS,B,,,0,0,2023,-1.42,0.44,-2.0593958289685785,4.574375582574094,,,657136.0,1,9,Top,,,,,,,0.8792207273342281,-124.50387942771354,1.549052998273435,-15.033142360530466,24.01947283337422,-28.093140813019147,3.33219786628113,1.68237273641551,,,,86.0,1766.0,6.5,717366,669127,664913,680869,649557,669397,667670,668709,642137,54.02,,,,,,,,64,1,Changeup,0,6,6,0,6,0,6,0,Standard,Standard,229.0,0.0,0.036,,,,,-0.036,,-6,6,0.003,0.997,25,26,26,27,1,4,3.0,1.0,2.0,1.0,2.66,1.42,-1.42,44.2,,,,,
ST,2023-07-17,82.3,2.36,4.86,"Duran, Jarren",680776,594580,field_out,hit_into_play,,,,,6.0,Jarren Duran flies out to left fielder Brent Rooker.,R,L,L,ATH,BOS,X,7.0,fly_ball,2,2,2023,-1.5,-0.13,0.4827137686198741,2.6041251211420904,657136.0,,,2,6,Top,72.36,108.65,,,,,-1.325741987167267,-119.81598678194688,1.5430871106585262,-14.220406870666023,23.333441229780178,-33.92617107251993,3.33,1.68,262.0,93.9,46.0,79.4,2992.0,4.2,717366,669127,676116,680869,672478,669397,667670,668709,664913,56.25,0.008,0.01,0.0,1.0,0.0,0.0,3.0,45,8,Sweeper,0,6,6,0,6,0,6,0,Infield shade,Standard,299.0,0.003,-0.261,,,,0.016,0.261,93.9,-6,6,0.029,0.971,31,26,31,27,1,3,2.0,1.0,1.0,1.0,3.49,-1.5,-1.5,12.8,,,,,
SI,2023-07-17,94.5,1.97,5.2,"Duran, Jarren",680776,594580,,foul,,,,,5.0,,R,L,L,ATH,BOS,S,,,2,2,2023,1.09,-0.02,0.1723151964450395,2.7885167730153437,657136.0,,,2,6,Top,,,,,,,-6.882311722902677,-137.56168503255648,-0.5755561213796425,15.36869715101172,29.565976476212494,-32.54120308545835,3.33,1.68,4.0,78.3,-33.0,92.0,2477.0,4.7,717366,669127,676116,680869,672478,669397,667670,668709,664913,55.82,,,,,,,,45,7,Sinker,0,6,6,0,6,0,6,0,Infield shade,Standard,116.0,0.0,0.0,,,,,0.0,88.0,-6,6,0.029,0.971,31,26,31,27,1,3,2.0,1.0,1.0,1.0,2.57,1.09,1.09,16.8,,,,,
ST,2023-07-17,82.7,2.22,4.81,"Duran, Jarren",680776,594580,,foul,,,,,13.0,,R,L,L,ATH,BOS,S,,,2,2,2023,-1.48,-0.48,-0.3548284767950829,1.0315947836635244,657136.0,,,2,6,Top,,,,,,,-2.891225142678538,-120.28013703479728,-1.074813411925891,-13.489977666723874,27.39083837709285,-36.78238674665907,3.33,1.68,0.0,64.0,-72.0,79.2,3060.0,4.3,717366,669127,676116,680869,672478,669397,667670,668709,664913,56.24,,,,,,,,45,6,Sweeper,0,6,6,0,6,0,6,0,Infield shade,Standard,311.0,0.0,0.0,,,,,0.0,88.0,-6,6,0.029,0.971,31,26,31,27,1,3,2.0,1.0,1.0,1.0,3.86,-1.48,-1.48,11.2,,,,,
ST,2023-07-17,82.2,2.25,4.9,"Duran, Jarren",680776,594580,,ball,,,,,14.0,,R,L,L,ATH,BOS,B,,,1,2,2023,-1.6,-0.31,0.1653178119341039,1.0021200729787427,657136.0,,,2,6,Top,,,,,,,-1.5826307668466488,-119.56556420651336,-1.5803479376617844,-14.784281265568522,26.80217025977392,-34.982801084990506,3.33198013769574,1.68213568743299,,,,78.9,2998.0,4.4,717366,669127,676116,680869,672478,669397,667670,668709,664913,56.1,,,,,,,,45,5,Sweeper,0,6,6,0,6,0,6,0,Infield shade,Standard,305.0,0.0,0.036,,,,,-0.036,,-6,6,0.029,0.971,31,26,31,27,1,3,2.0,1.0,1.0,1.0,3.73,-1.6,-1.6,11.5,,,,,
ST,2023-07-17,82.9,2.3,4.89,"Duran, Jarren",680776,594580,,foul,,,,,2.0,,R,L,L,ATH,BOS,S,,,1,2,2023,-2.02,-0.07,-0.2117700793414232,3.2989816974137245,657136.0,,,2,6,Top,,,,,,,-1.736875922485543,-120.57775708710984,2.9080498308159863,-19.150093163534255,26.700611835401467,-33.69984471399055,3.33,1.68,,,,79.6,3084.0,4.3,717366,669127,676116,680869,672478,669397,667670,668709,664913,56.2,,,,,,,,45,4,Sweeper,0,6,6,0,6,0,6,0,Infield shade,Standard,301.0,0.0,0.0,69.9,7.1,,,0.0,,-6,6,0.029,0.971,31,26,31,27,1,3,2.0,1.0,1.0,1.0,3.42,-2.02,-2.02,8.6,-1.2096134226223203,17.58044737735686,24.71781263306968,45.108855533916895,17.279994861146136
ST,2023-07-17,82.9,2.25,4.88,"Duran, Jarren",680776,594580,,foul,,,,,11.0,,R,L,L,ATH,BOS,S,,,1,1,2023,-1.67,0.13,-0.9992556601069368,2.6969141776751164,657136.0,,,2,6,Top,,,,,,,-4.037335420216444,-120.6358114031798,1.201475451256132,-15.385661276539972,25.426997191022902,-31.368527772630365,3.33,1.68,239.0,69.0,9.0,79.9,3098.0,4.4,717366,669127,676116,680869,672478,669397,667670,668709,664913,56.1,,,,,,,,45,3,Sweeper,0,6,6,0,6,0,6,0,Standard,Standard,306.0,0.001,-0.061,75.2,7.9,,,0.061,88.0,-6,6,0.028,0.972,31,26,31,27,1,3,2.0,1.0,1.0,1.0,3.21,-1.67,-1.67,11.7,10.728599383427182,2.205303640802323,22.025837116558627,53.46556620384494,29.278691050398535
FC,2023-07-17,89.7,-2.46,5.95,"Duran, Jarren",680776,621112,double,hit_into_play,,,,,12.0,Jarren Duran doubles (29) on a line drive to right fielder Seth Brown.,R,L,R,ATH,BOS,X,9.0,line_drive,0,1,2023,0.06,0.83,1.1210680142102565,2.517553806654667,,,,0,1,Top,183.24,124.57,,,,,8.70722014159641,-130.29567241458784,-4.2054681750733325,-1.2613383995545646,28.26939865659045,-22.00257409399657,3.33,1.68,170.0,62.7,21.0,89.2,2250.0,6.2,717366,669127,676116,680869,672478,669397,667670,668709,664913,54.33,0.505,0.455,1.25,1.0,1.0,1.0,4.0,1,2,Cutter,0,0,0,0,0,0,0,0,Standard,Standard,191.0,-0.062,0.748,78.2,7.9,,0.505,-0.748,88.0,0,0,0.503,0.497,29,26,30,27,1,0,8.0,1.0,5.0,1.0,2.02,-0.06,0.06,44.2,11.777860091681248,-12.558259038616226,33.14728157026109,26.575980488116247,27.2621576740594
ST,2023-07-17,80.4,2.35,4.85,"Duran, Jarren",680776,594580,,called_strike,,,,,14.0,,R,L,L,ATH,BOS,S,,,1,0,2023,-1.7,0.05,0.8408741696452331,2.3186864908811287,657136.0,,,2,6,Top,,,,,,,-0.1433331921472249,-117.03637627046488,0.95921558788392,-15.443671682826608,25.35612834458733,-32.14794454366806,3.36382855576931,1.68213568743299,,,,77.0,2988.0,4.1,717366,669127,676116,680869,672478,669397,667670,668709,664913,56.35,,,,,,,,45,2,Sweeper,0,6,6,0,6,0,6,0,Standard,Standard,292.0,0.0,-0.035,,,,,0.035,,-6,6,0.028,0.972,31,26,31,27,1,3,2.0,1.0,1.0,1.0,3.51,-1.7,-1.7,11.3,,,,,
ST,2023-07-17,82.1,2.35,4.92,"Duran, Jarren",680776,594580,,ball,,,,,13.0,,R,L,L,ATH,BOS,B,,,0,0,2023,-1.82,-0.22,-1.7252724788138665,2.006062371852539,657136.0,,,2,6,Top,,,,,,,-5.518674390442395,-119.33264670020024,0.4253574842632022,-15.990888912536688,26.478442214453892,-34.59293884792405,3.42753609153857,1.68213568743299,,,,78.8,3038.0,4.4,717366,669127,676116,680869,672478,669397,667670,668709,664913,56.1,,,,,,,,45,1,Sweeper,0,6,6,0,6,0,6,0,Standard,Standard,308.0,0.0,0.028,,,,,-0.028,,-6,6,0.028,0.972,31,26,31,27,1,3,2.0,1.0,1.0,1.0,3.65,-1.82,-1.82,14.7,,,,,
SI,2023-07-17,91.2,-2.28,6.03,"Duran, Jarren",680776,621112,,foul,,,,,13.0,,R,L,R,ATH,BOS,S,,,0,0,2023,-1.36,0.95,-0.2728938299110548,1.5025937662506286,,,,0,1,Top,,,,,,,7.958625200372224,-132.3776733699267,-7.496315022320424,-17.718499049471294,29.297106150390984,-19.474657739916317,3.3316634763008,1.68178992036833,247.0,78.1,34.0,90.9,2023.0,6.3,717366,669127,676116,680869,672478,669397,667670,668709,664913,54.18,,,,,,,,1,1,Sinker,0,0,0,0,0,0,0,0,Standard,Standard,210.0,0.003,-0.042,75.6,8.2,,,0.042,88.0,0,0,0.5,0.5,29,26,30,27,1,0,8.0,1.0,5.0,1.0,1.81,1.36,-1.36,48.2,2.372208829800062,5.787035721417386,38.43713759687558,44.013509950223906,19.04686587117162
EP,2023-07-16,45.3,-1.76,6.95,"Duran, Jarren",680776,571466,field_out,hit_into_play,,,,,12.0,"Jarren Duran grounds out softly, catcher Yan Gomes to first baseman Jared Young.",R,L,R,CHC,BOS,X,2.0,ground_ball,1,0,2023,-0.34,1.42,0.1090235409964242,4.067264424659282,,,,0,9,Top,127.14,195.04,,,,,2.5333018873493773,-65.40290503548054,6.487507658708791,-1.253462676066426,7.397936314626578,-29.08890101456003,3.37,1.7,2.0,34.9,-68.0,42.7,1226.0,3.5,717376,543228,676724,666624,670156,663538,621550,643565,673548,57.01,0.285,0.272,0.0,1.0,0.0,0.0,1.0,73,2,Eephus,3,11,11,3,11,3,11,3,Infield shade,Standard,203.0,0.0,-0.306,76.5,8.8,,0.289,0.306,88.0,-8,8,0.001,0.999,32,26,32,27,1,0,52.0,1.0,19.0,1.0,9.93,0.34,-0.34,47.7,26.503191489631785,-37.82148109030828,19.176895161344,39.27141347201331,47.92737418349633
EP,2023-07-16,42.0,-1.91,6.99,"Duran, Jarren",680776,571466,,ball,,,,,11.0,,R,L,R,CHC,BOS,B,,,0,0,2023,-0.36,1.59,-2.4932481267516664,4.441418507453188,,,,0,9,Top,,,,,,,-0.3084200594335917,-60.363096105159315,7.933825828338872,-0.8358023295684358,6.13543953791336,-29.324885187090565,3.61212421661158,1.65887543214045,,,,39.3,1175.0,3.3,717376,543228,676724,666624,670156,663538,621550,643565,673548,57.2,,,,,,,,73,1,Eephus,3,11,11,3,11,3,11,3,Infield shade,Standard,208.0,0.0,0.04,,,,,-0.04,,-8,8,0.001,0.999,32,26,32,27,1,0,52.0,1.0,19.0,1.0,11.7,0.36,-0.36,45.3,,,,,
SI,2023-07-15,90.8,-0.83,5.12,"Duran, Jarren",680776,573186,strikeout,called_strike,,,,,1.0,Jarren Duran called out on strikes.,R,L,R,CHC,BOS,S,2.0,,3,2,2023,-0.55,-0.15,-0.4865321228655491,3.091825144689114,,,,0,6,Top,,,,,,,2.0055443111614286,-132.4095328396123,1.0036416183881198,-6.932059948167004,23.188053546736985,-34.313358647773846,3.29454155930851,1.6311281540413,,,,90.7,2138.0,5.7,717403,543228,641820,666624,621550,663538,664023,641355,673548,54.78,,0.0,0.0,1.0,0.0,0.0,,45,6,Sinker,8,1,1,8,1,8,1,8,Standard,Standard,227.0,0.005,-0.353,,,,,0.353,,7,-7,0.984,0.016,32,26,32,27,3,2,9.0,1.0,5.0,1.0,2.86,0.55,-0.55,31.0,,,,,
SI,2023-07-15,92.3,-0.89,5.09,"Duran, Jarren",680776,573186,,foul,,,,,6.0,,R,L,R,CHC,BOS,S,,,3,1,2023,-0.89,0.09,0.417658220388458,2.7941678438933333,,,,0,6,Top,,,,,,,5.220638119160478,-134.48985627089797,-0.3168441908155083,-11.846293763419816,24.78372977385777,-31.244146678606928,3.38,1.72,285.0,93.6,21.0,92.3,2251.0,5.9,717403,543228,641820,666624,621550,663538,664023,641355,673548,54.62,,,,,,,,45,5,Sinker,8,1,1,8,1,8,1,8,Standard,Standard,229.0,0.002,-0.088,66.7,6.5,,,0.088,93.6,7,-7,0.982,0.018,32,26,32,27,3,2,9.0,1.0,5.0,1.0,2.55,0.89,-0.89,31.2,-8.919272097863123,22.795493321308292,30.38959581995634,37.59788809913529,12.236105497425458
FS,2023-07-15,89.1,-0.95,5.08,"Duran, Jarren",680776,573186,,called_strike,,,,,9.0,,R,L,R,CHC,BOS,S,,,3,0,2023,-1.03,0.29,0.8251010583868557,1.9467054370368992,,,,0,6,Top,,,,,,,6.4672637567600395,-129.78358702078853,-2.376684728025296,-12.939111459056166,21.89167592968708,-28.620748585049707,3.20548454257903,1.67545758995864,,,,89.2,2140.0,5.9,717403,543228,641820,666624,621550,663538,664023,641355,673548,54.62,,,,,,,,45,4,Split-Finger,8,1,1,8,1,8,1,8,Standard,Standard,230.0,0.002,-0.086,,,,,0.086,,7,-7,0.98,0.02,32,26,32,27,3,2,9.0,1.0,5.0,1.0,2.53,1.03,-1.03,32.0,,,,,
SI,2023-07-15,90.6,-0.93,5.11,"Duran, Jarren",680776,573186,,ball,,,,,13.0,,R,L,R,CHC,BOS,B,,,2,0,2023,-1.05,-0.01,-1.3915951225053875,1.9879629727967716,,,,0,6,Top,,,,,,,1.065379308494455,-132.01867761518932,-1.906115228029693,-12.557873760044588,25.366098044568453,-32.17180096237531,3.25000911363799,1.69762479318853,,,,90.3,2128.0,5.8,717403,543228,641820,666624,621550,663538,664023,641355,673548,54.72,,,,,,,,45,3,Sinker,8,1,1,8,1,8,1,8,Standard,Standard,228.0,-0.003,0.151,,,,,-0.151,,7,-7,0.983,0.017,32,26,32,27,3,2,9.0,1.0,5.0,1.0,2.76,1.05,-1.05,29.8,,,,,
SI,2023-07-15,91.8,-0.79,5.17,"Duran, Jarren",680776,573186,,ball,,,,,14.0,,R,L,R,CHC,BOS,B,,,1,0,2023,-0.89,0.1,0.9188710787081522,1.0297071345816775,,,,0,6,Top,,,,,,,6.220348942871211,-133.7191397372493,-4.898835079606925,-11.947907958852747,25.052689165091003,-30.20739361167056,3.29454155930851,1.71979366076195,,,,91.9,2323.0,6.0,717403,543228,641820,666624,621550,663538,664023,641355,673548,54.52,,,,,,,,45,2,Sinker,8,1,1,8,1,8,1,8,Standard,Standard,222.0,-0.001,0.071,,,,,-0.071,,7,-7,0.984,0.016,32,26,32,27,3,2,9.0,1.0,5.0,1.0,2.57,0.89,-0.89,27.3,,,,,
FF,2023-07-15,92.2,-0.97,5.1,"Duran, Jarren",680776,573186,,ball,,,,,13.0,,R,L,R,CHC,BOS,B,,,0,0,2023,-0.81,1.13,-1.64167065914612,2.432212885228519,,,,0,6,Top,,,,,,,0.0477017527533163,-134.35403727567507,-3.45281903765456,-9.922175452423884,26.38056262386616,-17.946596453567995,3.31681074980913,1.69762479318853,,,,91.9,2389.0,5.8,717403,543228,641820,666624,621550,663538,664023,641355,673548,54.66,,,,,,,,45,1,4-Seam Fastball,8,1,1,8,1,8,1,8,Standard,Standard,225.0,-0.001,0.04,,,,,-0.04,,7,-7,0.985,0.015,32,26,32,27,3,2,9.0,1.0,5.0,1.0,1.53,0.81,-0.81,31.1,,,,,
SI,2023-07-15,92.0,-0.76,5.16,"Duran, Jarren",680776,573186,walk,ball,,,,,14.0,Jarren Duran walks. Connor Wong to 2nd.,R,L,R,CHC,BOS,B,,,3,0,2023,-0.81,0.5,0.9043513249092257,0.7409311868380786,,,657136.0,1,3,Top,,,,,,,5.917356045399469,-133.79041010562122,-6.41426243867106,-11.019994890675603,28.64427994730863,-24.952306391371508,3.27234601405679,1.65334825907295,,,,91.2,2252.0,5.8,717403,543228,641820,666624,621550,663538,664023,641355,673548,54.69,,0.695903,0.7,1.0,0.0,0.0,,16,4,Sinker,0,0,0,0,0,0,0,0,Standard,Standard,222.0,-0.017,0.125,,,,,-0.125,,0,0,0.472,0.528,32,26,32,27,2,1,9.0,1.0,5.0,1.0,2.19,0.81,-0.81,31.4,,,,,
SI,2023-07-15,93.1,-0.84,5.12,"Duran, Jarren",680776,573186,,ball,,,,,14.0,,R,L,R,CHC,BOS,B,,,2,0,2023,-0.79,0.54,0.8808634813773941,0.7377997745437868,,,657136.0,1,3,Top,,,,,,,6.103508224339636,-135.47383786937857,-6.6591872843566655,-10.964861605032723,27.469452014942,-24.301827331781578,3.37875018724409,1.74202150090604,,,,92.7,2288.0,5.9,717403,543228,641820,666624,621550,663538,664023,641355,673548,54.59,,,,,,,,16,3,Sinker,0,0,0,0,0,0,0,0,Standard,Standard,221.0,-0.012,0.11,,,,,-0.11,,0,0,0.484,0.516,32,26,32,27,2,1,9.0,1.0,5.0,1.0,2.07,0.79,-0.79,32.1,,,,,
FS,2023-07-15,87.5,-1.06,5.06,"Duran, Jarren",680776,573186,,ball,,,,,13.0,,R,L,R,CHC,BOS,B,,,1,0,2023,-1.36,0.25,-0.9389810289282344,1.8180677388335291,,,657136.0,1,3,Top,,,,,,,3.06747838622369,-127.45657388429689,-2.195551074580639,-15.501648387669588,25.924981738337017,-29.218545223529222,3.37875018724409,1.69768155104702,,,,86.7,1920.0,5.7,717403,543228,641820,666624,621550,663538,664023,641355,673548,54.77,,,,,,,,16,2,Split-Finger,0,0,0,0,0,0,0,0,Standard,Standard,238.0,-0.009,0.054,,,,,-0.054,,0,0,0.493,0.507,32,26,32,27,2,1,9.0,1.0,5.0,1.0,2.72,1.36,-1.36,27.3,,,,,
FF,2023-07-15,94.7,-2.47,6.01,"Duran, Jarren",680776,605242,walk,ball,,,,,14.0,Jarren Duran walks. Enrique Hernandez to 2nd.,R,L,R,CHC,BOS,B,,,3,2,2023,0.07,1.26,0.97424178813111,1.2534721479584925,,,571771.0,0,8,Top,,,,,,,8.898858522671537,-137.50303844816543,-9.644845226643517,-1.0072020394854238,28.801036583395582,-14.18015172869988,3.36135509555871,1.65329204544814,,,,95.5,2489.0,6.8,717403,543228,641820,666624,621550,663538,664023,641355,673548,53.74,,0.695903,0.7,1.0,0.0,0.0,,64,7,4-Seam Fastball,10,3,3,10,3,10,3,10,Standard,Standard,201.0,-0.007,0.311,,,,,-0.311,,7,-7,0.991,0.009,30,26,30,27,1,3,6.0,1.0,3.0,1.0,1.28,-0.07,0.07,46.3,,,,,
FF,2023-07-15,94.0,-2.52,6.09,"Duran, Jarren",680776,605242,,foul,,,,,5.0,,R,L,R,CHC,BOS,S,,,3,2,2023,0.19,1.17,-0.1895760853408596,2.8300001662046492,,,571771.0,0,8,Top,,,,,,,5.650211040617614,-136.77955243012877,-5.387731510812936,1.3011735860722795,28.0278368104411,-16.543001000080068,3.38,1.72,98.0,78.9,11.0,95.0,2443.0,6.7,717403,543228,641820,666624,621550,663538,664023,641355,673548,53.8,,,,,,,,64,6,4-Seam Fastball,10,3,3,10,3,10,3,10,Standard,Standard,195.0,0.0,0.0,77.6,7.5,,,0.0,88.0,7,-7,0.991,0.009,30,26,30,27,1,3,6.0,1.0,3.0,1.0,1.4,-0.19,0.19,43.9,-2.0225412258295346,12.356825081470376,31.076502513216735,41.97251116710473,15.37118724546108
FF,2023-07-15,94.2,-2.54,6.01,"Duran, Jarren",680776,605242,,called_strike,,,,,1.0,,R,L,R,CHC,BOS,S,,,3,1,2023,-0.06,1.24,-0.7909003496935445,3.2541544469884256,,,571771.0,0,8,Top,,,,,,,4.720906526811871,-137.16146269470238,-4.283690900255198,-1.7220447426915235,27.39417371832537,-15.777346356614508,3.29454155930851,1.6311281540413,,,,95.2,2421.0,6.6,717403,543228,641820,666624,621550,663538,664023,641355,673548,53.89,,,,,,,,64,5,4-Seam Fastball,10,3,3,10,3,10,3,10,Standard,Standard,203.0,0.002,-0.068,,,,,0.068,,7,-7,0.989,0.011,30,26,30,27,1,3,6.0,1.0,3.0,1.0,1.31,0.06,-0.06,42.4,,,,,
FF,2023-07-15,95.7,-2.39,6.07,"Duran, Jarren",680776,605242,,called_strike,,,,,9.0,,R,L,R,CHC,BOS,S,,,3,0,2023,0.15,1.28,0.4049008066224683,1.6675275019319376,,,571771.0,0,8,Top,,,,,,,7.064647688683289,-139.02531486792134,-8.963997419341755,0.4586755994661382,29.024796496845095,-13.696042759425865,3.29454155930851,1.67545758995864,,,,96.4,2450.0,6.6,717403,543228,641820,666624,621550,663538,664023,641355,673548,53.9,,,,,,,,64,4,4-Seam Fastball,10,3,3,10,3,10,3,10,Standard,Standard,198.0,0.002,-0.07,,,,,0.07,,7,-7,0.987,0.013,30,26,30,27,1,3,6.0,1.0,3.0,1.0,1.2,-0.15,0.15,47.9,,,,,
FF,2023-07-15,93.3,-2.67,5.98,"Duran, Jarren",680776,605242,,ball,,,,,11.0,,R,L,R,CHC,BOS,B,,,2,0,2023,0.33,1.25,-0.9821586848354884,3.5025750310574466,,,571771.0,0,8,Top,,,,,,,3.639313714797798,-135.90330816038198,-3.4098141189185975,3.360521345661944,28.330893944097724,-16.106480904706096,3.25000911363799,1.65329204544814,,,,94.0,2406.0,6.5,717403,543228,641820,666624,621550,663538,664023,641355,673548,53.98,,,,,,,,64,3,4-Seam Fastball,10,3,3,10,3,10,3,10,Standard,Standard,194.0,-0.003,0.116,,,,,-0.116,,7,-7,0.99,0.01,30,26,30,27,1,3,6.0,1.0,3.0,1.0,1.35,-0.33,0.33,43.2,,,,,
FF,2023-07-15,94.0,-2.7,6.06,"Duran, Jarren",680776,605242,,ball,,,,,11.0,,R,L,R,CHC,BOS,B,,,1,0,2023,0.22,1.0,-1.1387833518716437,3.4175036634982505,,,571771.0,0,8,Top,,,,,,,3.5601348559891224,-136.91748963384728,-3.3972047721733536,2.0938942033137375,28.123192115917178,-19.033550197379284,3.31681074980913,1.65329204544814,,,,94.7,2410.0,6.5,717403,543228,641820,666624,621550,663538,664023,641355,673548,53.99,,,,,,,,64,2,4-Seam Fastball,10,3,3,10,3,10,3,10,Standard,Standard,190.0,-0.001,0.055,,,,,-0.055,,7,-7,0.991,0.009,30,26,30,27,1,3,6.0,1.0,3.0,1.0,1.56,-0.22,0.22,44.0,,,,,
FF,2023-07-15,93.9,-2.5,6.12,"Duran, Jarren",680776,605242,,ball,,,,,11.0,,R,L,R,CHC,BOS,B,,,0,0,2023,0.14,1.19,-0.1718890183566107,3.471982191289354,,,571771.0,0,8,Top,,,,,,,5.733959196535766,-136.73986316945334,-3.8201235038925434,0.6013460203739811,28.82172233591664,-16.529728470173605,3.33908192659581,1.67545758995864,,,,94.6,2407.0,6.6,717403,543228,641820,666624,621550,663538,664023,641355,673548,53.94,,,,,,,,64,1,4-Seam Fastball,10,3,3,10,3,10,3,10,Standard,Standard,196.0,-0.001,0.03,,,,,-0.03,,7,-7,0.992,0.008,30,26,30,27,1,3,6.0,1.0,3.0,1.0,1.38,-0.14,0.14,49.9,,,,,
SI,2023-07-15,91.6,-0.83,5.15,"Duran, Jarren",680776,573186,field_out,hit_into_play,,,,,14.0,"Jarren Duran grounds out, second baseman Christopher Morel to first baseman Trey Mancini.",R,L,R,CHC,BOS,X,4.0,ground_ball,3,1,2023,-1.25,0.11,0.8587093912480379,1.7561852648046394,,,,0,1,Top,142.64,146.75,,,,,6.87690693815281,-133.35837661084472,-2.9954642496756323,-16.317443422148564,25.23129417800554,-30.500303571015237,3.38,1.72,7.0,100.4,-14.0,91.2,2124.0,5.7,717403,543228,641820,666624,621550,663538,664023,641355,673548,54.77,0.243,0.233,0.0,1.0,0.0,0.0,2.0,1,5,Sinker,0,0,0,0,0,0,0,0,Standard,Standard,226.0,0.036,-0.442,75.1,7.6,,0.268,0.442,100.4,0,0,0.486,0.514,32,26,32,27,1,0,9.0,1.0,5.0,1.0,2.58,1.25,-1.25,30.9,-7.576433566564234,-0.7064766238156508,41.39195970017333,32.61588006994574,21.295137070166533
SI,2023-07-15,90.2,-1.01,5.11,"Duran, Jarren",680776,573186,,called_strike,,,,,6.0,,R,L,R,CHC,BOS,S,,,3,0,2023,-1.21,0.14,0.2807346316241172,2.470498212801258,,,,0,1,Top,,,,,,,5.698205633159928,-131.43083803677104,-0.9838291049880248,-15.179046535753924,24.914116136466365,-30.51192869815688,3.27234601405679,1.69768155104702,,,,89.7,2082.0,5.7,717403,543228,641820,666624,621550,663538,664023,641355,673548,54.82,,,,,,,,1,4,Sinker,0,0,0,0,0,0,0,0,Standard,Standard,233.0,0.008,-0.086,,,,,0.086,,0,0,0.478,0.522,32,26,32,27,1,0,9.0,1.0,5.0,1.0,2.63,1.21,-1.21,27.5,,,,,
SI,2023-07-15,90.7,-0.86,5.18,"Duran, Jarren",680776,573186,,ball,,,,,13.0,,R,L,R,CHC,BOS,B,,,2,0,2023,-1.16,0.03,-0.0753016166912531,1.0086379338267308,,,,0,1,Top,,,,,,,4.378889993558131,-132.10424758118293,-4.577602083897732,-14.4857762906103,26.26546693996776,-31.077357408003255,3.27234601405679,1.7198506909309,,,,90.0,2203.0,5.7,717403,543228,641820,666624,621550,663538,664023,641355,673548,54.83,,,,,,,,1,3,Sinker,0,0,0,0,0,0,0,0,Standard,Standard,228.0,-0.011,0.151,,,,,-0.151,,0,0,0.489,0.511,32,26,32,27,1,0,9.0,1.0,5.0,1.0,2.72,1.16,-1.16,30.5,,,,,
SI,2023-07-15,91.9,-0.96,5.16,"Duran, Jarren",680776,573186,,ball,,,,,14.0,,R,L,R,CHC,BOS,B,,,1,0,2023,-1.26,0.4,0.8791394810965294,1.4639140507257913,,,,0,1,Top,,,,,,,7.296043978589402,-133.6848950362659,-4.408379020353401,-16.682012950340923,25.365585539590693,-26.708780166818777,3.29461350435984,1.74202150090604,,,,91.4,2187.0,5.7,717403,543228,641820,666624,621550,663538,664023,641355,673548,54.77,,,,,,,,1,2,Sinker,0,0,0,0,0,0,0,0,Standard,Standard,226.0,-0.007,0.071,,,,,-0.071,,0,0,0.496,0.504,32,26,32,27,1,0,9.0,1.0,5.0,1.0,2.28,1.26,-1.26,32.7,,,,,
SI,2023-07-15,91.4,-1.02,5.22,"Duran, Jarren",680776,573186,,ball,,,,,13.0,,R,L,R,CHC,BOS,B,,,0,0,2023,-1.22,0.22,-0.5388387058248694,1.3439414814270323,,,,0,1,Top,,,,,,,3.778929488536696,-133.1625456669653,-4.361800460815661,-15.360662182651897,26.25846346022394,-28.904381734543566,3.33915443253705,1.67551407563589,,,,90.5,2214.0,5.5,717403,543228,641820,666624,621550,663538,664023,641355,673548,55.0,,,,,,,,1,1,Sinker,0,0,0,0,0,0,0,0,Standard,Standard,229.0,-0.004,0.04,,,,,-0.04,,0,0,0.5,0.5,32,26,32,27,1,0,9.0,1.0,5.0,1.0,2.49,1.22,-1.22,27.4,,,,,
,2023-07-15,,,,"Duran, Jarren",680776,573186,,automatic_ball,,,,,,,R,L,R,CHC,BOS,B,,,0,0,2023,,,,,,,657136.0,1,3,Top,,,,,,,,,,,,,,,,,,,,,717403,543228,641820,666624,621550,663538,664023,641355,673548,,,,,,,,,16,1,,0,0,0,0,0,0,0,0,,,,-0.004,,,,,,,,0,0,0.497,0.503,32,26,32,27,2,1,9.0,1.0,5.0,1.0,,,,,,,,,
CH,2023-07-14,80.0,-2.58,6.12,"Duran, Jarren",680776,543294,field_out,hit_into_play,,,,,13.0,"Jarren Duran grounds out, second baseman Christopher Morel to first baseman Jared Young.",R,L,R,CHC,BOS,X,4.0,ground_ball,1,1,2023,-0.96,0.68,-0.3415096362931811,1.38036977632072,,,,2,4,Top,162.42,157.48,,,,,6.647899545817549,-116.2366744335457,-4.962666922309046,-9.932540531746014,21.535504247011012,-25.228636576794123,3.38,1.72,23.0,80.1,-2.0,78.9,2087.0,5.6,717419,571466,676724,666624,670156,663538,664023,641355,673548,54.89,0.174,0.159,0.0,1.0,0.0,0.0,2.0,32,3,Changeup,1,5,5,1,5,1,5,1,Standard,Standard,225.0,0.005,-0.261,79.1,8.8,,0.178,0.261,88.0,-4,4,0.139,0.861,33,26,34,27,3,2,5.0,5.0,5.0,1.0,2.88,0.96,-0.96,47.4,13.956702308435284,-9.854118512520715,34.133166502572884,45.40361096442288,36.90019460474258
FF,2023-07-14,87.2,-2.69,5.99,"Duran, Jarren",680776,543294,,foul,,,,,8.0,,R,L,R,CHC,BOS,S,,,1,0,2023,-0.5,1.2,-0.1063726037531942,1.6908621702791464,,,,2,4,Top,,,,,,,7.126337788899166,-126.76224497914448,-6.544407969999263,-6.82936716808777,25.78790900536447,-18.102932595359004,3.38,1.72,266.0,86.3,47.0,86.1,2108.0,5.6,717419,571466,676724,666624,670156,663538,664023,641355,673548,54.85,,,,,,,,32,2,4-Seam Fastball,1,5,5,1,5,1,5,1,Standard,Standard,214.0,0.0,-0.056,78.1,7.9,,,0.056,88.0,-4,4,0.139,0.861,33,26,34,27,3,2,5.0,5.0,5.0,1.0,1.81,0.5,-0.5,47.3,-5.609903093132449,-0.150890527363761,41.07027267662012,43.16484033361517,23.58753292848012
FF,2023-07-14,87.9,-2.61,6.0,"Duran, Jarren",680776,543294,,ball,,,,,13.0,,R,L,R,CHC,BOS,B,,,0,0,2023,-0.45,1.23,-0.0004847534803398,0.9899008912562062,,,,2,4,Top,,,,,,,7.1599063061079224,-127.52598082681006,-8.424845907495069,-6.4519211467324284,27.102582830777983,-17.17056650984134,3.37278835008487,1.62027358065094,,,,86.7,2083.0,5.8,717419,571466,676724,666624,670156,663538,664023,641355,673548,54.75,,,,,,,,32,1,4-Seam Fastball,1,5,5,1,5,1,5,1,Standard,Standard,213.0,0.0,0.043,,,,,-0.043,,-4,4,0.139,0.861,33,26,34,27,3,2,5.0,5.0,5.0,1.0,1.75,0.45,-0.45,44.7,,,,,
FF,2023-07-14,88.7,-2.91,5.92,"Duran, Jarren",680776,543294,double,hit_into_play,,,,,7.0,Jarren Duran doubles (28) on a line drive to left fielder Ian Happ.,R,L,R,CHC,BOS,X,7.0,line_drive,2,2,2023,-0.51,0.95,-0.7280739488343735,1.9582296290986076,,,,0,3,Top,82.91,85.97,,,,,6.303797884301307,-128.9106323329396,-5.534026607096905,-7.0124432911961465,27.418787440811407,-20.59374662036788,3.38,1.72,266.0,96.4,14.0,87.4,2153.0,5.6,717419,571466,676724,666624,670156,663538,664023,641355,673548,54.9,0.911,0.915,1.25,1.0,1.0,1.0,4.0,17,5,4-Seam Fastball,0,2,2,0,2,0,2,0,Infield shade,Standard,212.0,-0.051,0.732,78.2,7.9,,1.168,-0.732,96.4,-2,2,0.291,0.7090000000000001,33,26,34,27,2,1,5.0,5.0,5.0,1.0,1.96,0.51,-0.51,39.8,6.071543821577683,15.607522393973989,31.796991974342976,50.015730648941215,21.804038590068004
FF,2023-07-14,87.4,-2.56,6.0,"Duran, Jarren",680776,543294,,foul,,,,,8.0,,R,L,R,CHC,BOS,S,,,2,1,2023,-0.28,1.11,0.0786754233228932,1.8027225536364044,,,,0,3,Top,,,,,,,6.869863575266093,-127.06853691518872,-6.215700514047051,-4.403153525935628,24.234992521782928,-19.03769989451152,3.38,1.72,211.0,76.1,51.0,86.7,2022.0,5.7,717419,571466,676724,666624,670156,663538,664023,641355,673548,54.77,,,,,,,,17,4,4-Seam Fastball,0,2,2,0,2,0,2,0,Standard,Standard,216.0,0.006,-0.074,79.3,7.8,,,0.074,88.0,-2,2,0.285,0.7150000000000001,33,26,34,27,2,1,5.0,5.0,5.0,1.0,1.86,0.28,-0.28,44.3,-2.985995709884322,4.607577415924409,37.33905559342479,41.26485129246753,21.29702519200217
FF,2023-07-14,87.5,-2.68,6.04,"Duran, Jarren",680776,543294,,called_strike,,,,,7.0,,R,L,R,CHC,BOS,S,,,2,0,2023,-0.4,1.24,-0.3411521233892009,1.7024058652714746,,,,0,3,Top,,,,,,,6.354061069883779,-127.19177967813644,-6.826681515539646,-5.565357010915445,24.447104783511097,-17.456422317634576,3.32823974282991,1.59811106065084,,,,86.5,2068.0,5.5,717419,571466,676724,666624,670156,663538,664023,641355,673548,54.95,,,,,,,,17,3,4-Seam Fastball,0,2,2,0,2,0,2,0,Standard,Standard,212.0,0.005,-0.065,,,,,0.065,,-2,2,0.28,0.72,33,26,34,27,2,1,5.0,5.0,5.0,1.0,1.72,0.4,-0.4,44.2,,,,,
FF,2023-07-14,87.6,-2.71,5.93,"Duran, Jarren",680776,543294,,ball,,,,,13.0,,R,L,R,CHC,BOS,B,,,1,0,2023,-0.43,1.17,-1.0082469624549246,2.31474143724634,,,,0,3,Top,,,,,,,4.931771403640142,-127.4369767482154,-4.987612227207301,-5.6667512332465035,24.87303054865321,-18.61272632150315,3.350513048568,1.59811106065084,,,,86.9,2046.0,5.7,717419,571466,676724,666624,670156,663538,664023,641355,673548,54.78,,,,,,,,17,2,4-Seam Fastball,0,2,2,0,2,0,2,0,Standard,Standard,217.0,-0.005,0.071,,,,,-0.071,,-2,2,0.285,0.7150000000000001,33,26,34,27,2,1,5.0,5.0,5.0,1.0,1.79,0.43,-0.43,40.0,,,,,
FF,2023-07-14,88.0,-2.69,5.97,"Duran, Jarren",680776,543294,,ball,,,,,13.0,,R,L,R,CHC,BOS,B,,,0,0,2023,-0.31,1.24,-0.2706662182310366,1.242143178165823,,,,0,3,Top,,,,,,,6.427340890641544,-127.89656190389644,-7.876988468714582,-4.6316336817389105,24.692049759012004,-17.185663212900543,3.32823974282991,1.62027358065094,,,,87.3,2067.0,5.8,717419,571466,676724,666624,670156,663538,664023,641355,673548,54.72,,,,,,,,17,1,4-Seam Fastball,0,2,2,0,2,0,2,0,Standard,Standard,213.0,-0.003,0.04,,,,,-0.04,,-2,2,0.288,0.712,33,26,34,27,2,1,5.0,5.0,5.0,1.0,1.7,0.31,-0.31,42.1,,,,,
CH,2023-07-14,84.3,-1.7,6.03,"Duran, Jarren",680776,665871,single,hit_into_play,,,,,1.0,Jarren Duran singles on a sharp ground ball to left fielder Ian Happ.,R,L,R,CHC,BOS,X,7.0,ground_ball,1,0,2023,-1.18,0.69,-0.6253158027149102,2.880865824891787,,,,0,9,Top,78.23,102.97,,,,,4.83796757577324,-122.66723761405608,-2.2762430365753215,-12.852826584911789,25.30129457703191,-24.999876698001707,3.38,1.72,89.0,101.6,2.0,84.0,1575.0,6.2,717419,571466,676724,666624,670156,663538,664023,641355,673548,54.29,0.534,0.516,0.9,1.0,1.0,0.0,4.0,68,2,Changeup,3,8,8,3,8,3,8,3,Standard,Standard,233.0,-0.001,0.392,,,,0.638,-0.392,101.6,-5,5,0.006,0.994,25,26,26,27,1,4,6.0,5.0,6.0,1.0,2.53,1.18,-1.18,57.5,,,,,
FF,2023-07-14,93.8,-1.73,5.89,"Duran, Jarren",680776,665871,,ball,,,,,14.0,,R,L,R,CHC,BOS,B,,,0,0,2023,-0.64,1.31,0.6376135209482766,1.359315848795017,,,,0,9,Top,,,,,,,7.5345669271150655,-136.17308630063414,-8.863450125228571,-9.592636561303143,28.93801739055724,-14.06851447688769,3.42852351447775,1.67571644565847,,,,93.8,2144.0,6.3,717419,571466,676724,666624,670156,663538,664023,641355,673548,54.16,,,,,,,,68,1,4-Seam Fastball,3,8,8,3,8,3,8,3,Standard,Standard,218.0,0.0,0.04,,,,,-0.04,,-5,5,0.006,0.994,25,26,26,27,1,4,6.0,5.0,6.0,1.0,1.28,0.64,-0.64,47.7,,,,,
CH,2023-07-14,81.7,-2.71,6.19,"Duran, Jarren",680776,543294,strikeout,swinging_strike,,,,,13.0,Jarren Duran strikes out swinging.,R,L,R,CHC,BOS,S,2.0,,0,2,2023,-1.05,0.57,-1.2753265626936583,1.7698513982965132,,,,0,1,Top,,,,,,,5.148225942123285,-118.76835963496396,-4.384321173167675,-10.951931222976324,23.80735094852224,-26.09249541052676,3.38,1.72,,,,80.1,2154.0,5.3,717419,571466,676724,666624,670156,663538,664023,641355,673548,55.19,,0.0,0.0,1.0,0.0,0.0,,1,4,Changeup,0,0,0,0,0,0,0,0,Infield shade,Standard,224.0,0.013,-0.169,70.5,8.9,0.586761012,,0.169,,0,0,0.509,0.491,33,26,34,27,1,0,5.0,5.0,5.0,1.0,2.86,1.05,-1.05,45.7,11.070135234035156,-9.787471198234137,26.26005422140491,58.04053968294611,29.404916291403335
CH,2023-07-14,81.2,-2.67,6.14,"Duran, Jarren",680776,543294,,foul,,,,,13.0,,R,L,R,CHC,BOS,S,,,0,2,2023,-1.13,0.69,-1.2411797241539173,2.165154402418395,,,,0,1,Top,,,,,,,5.278525398403526,-118.1957828546263,-3.5650882636337613,-11.570937668501749,22.74317904315696,-25.237728123006747,3.38,1.72,,,,80.2,2216.0,5.6,717419,571466,676724,666624,670156,663538,664023,641355,673548,54.89,,,,,,,,1,3,Changeup,0,0,0,0,0,0,0,0,Infield shade,Standard,223.0,0.0,0.0,65.4,8.2,,,0.0,,0,0,0.509,0.491,33,26,34,27,1,0,5.0,5.0,5.0,1.0,2.77,1.13,-1.13,46.2,3.1684545103870003,7.898232174475607,27.267819106742216,57.02866632464584,20.0515520965302
FS,2023-07-14,86.0,-1.09,5.73,"Duran, Jarren",680776,643410,field_out,hit_into_play,,,,,8.0,"Jarren Duran grounds out, first baseman Jared Young to pitcher Mark Leiter Jr.",R,L,R,CHC,BOS,X,3.0,ground_ball,0,2,2023,-0.29,0.22,0.0642931709960554,2.1303307858989453,,,,0,7,Top,160.0,166.57,,,,,3.342216705403731,-125.22128155539696,-2.7736828913357296,-3.759619461369589,24.838553128863676,-29.51620499057129,3.38,1.72,5.0,85.3,-23.0,86.6,952.0,6.6,717419,571466,676724,666624,670156,663538,664023,641355,673548,53.92,0.089,0.082,0.0,1.0,0.0,0.0,2.0,53,3,Split-Finger,3,5,5,3,5,3,5,3,Infield shade,Standard,227.0,0.01,-0.169,82.0,8.3,,0.093,0.169,88.0,-2,2,0.191,0.8089999999999999,32,26,32,27,1,3,8.0,5.0,3.0,1.0,2.85,0.29,-0.29,52.0,10.872583959389072,-11.531998130332886,28.000605318081487,41.21523095339048,34.56291954642176
FS,2023-07-14,86.0,-1.39,5.62,"Duran, Jarren",680776,643410,,swinging_strike,,,,,14.0,,R,L,R,CHC,BOS,S,,,0,1,2023,-0.38,0.05,0.2034719490753666,0.3990077497534128,,,,0,7,Top,,,,,,,4.580321707509412,-125.082869512263,-6.281044569897037,-4.860193366048916,24.635165825599508,-30.618769614494475,3.38,1.72,,,,86.7,892.0,6.7,717419,571466,676724,666624,670156,663538,664023,641355,673548,53.81,,,,,,,,53,2,Split-Finger,3,5,5,3,5,3,5,3,Standard,Standard,234.0,0.004,-0.054,76.4,9.2,10.51138224,,0.054,,-2,2,0.187,0.813,32,26,32,27,1,3,8.0,5.0,3.0,1.0,3.03,0.38,-0.38,46.0,23.382849520423484,-27.55454862451588,34.416727455166054,40.61252301954258,48.22236581204193
FF,2023-07-14,88.4,-2.72,6.05,"Duran, Jarren",680776,543294,,foul,,,,,6.0,,R,L,R,CHC,BOS,S,,,0,1,2023,-0.13,1.08,0.3271592282952378,2.301179099797088,,,,0,1,Top,,,,,,,7.605887599734878,-128.53563383615227,-5.272473473385769,-2.9055467276024176,25.591207531320133,-19.243445020133468,3.38,1.72,139.0,70.1,15.0,87.6,2152.0,5.8,717419,571466,676724,666624,670156,663538,664023,641355,673548,54.75,,,,,,,,1,2,4-Seam Fastball,0,0,0,0,0,0,0,0,Standard,Standard,210.0,0.006,-0.054,76.8,7.3,,,0.054,88.0,0,0,0.503,0.497,33,26,34,27,1,0,5.0,5.0,5.0,1.0,1.83,0.13,-0.13,43.3,-7.991598703686106,13.069371941048107,37.67710122943864,39.15663520417973,15.236073198986908
FF,2023-07-14,87.5,-2.61,6.1,"Duran, Jarren",680776,543294,,called_strike,,,,,1.0,,R,L,R,CHC,BOS,S,,,0,0,2023,-0.22,1.25,-0.7927450616449585,2.9363511521070995,,,,0,1,Top,,,,,,,4.781904083268027,-127.37162995260526,-4.081759031492525,-3.32965155500605,23.693514150733066,-17.903870796365037,3.30596842697727,1.55379093387531,,,,86.9,2164.0,5.6,717419,571466,676724,666624,670156,663538,664023,641355,673548,54.85,,,,,,,,1,1,4-Seam Fastball,0,0,0,0,0,0,0,0,Standard,Standard,206.0,0.003,-0.042,,,,,0.042,,0,0,0.5,0.5,33,26,34,27,1,0,5.0,5.0,5.0,1.0,1.7,0.22,-0.22,45.7,,,,,
FC,2023-07-14,90.7,-1.62,5.58,"Duran, Jarren",680776,643410,,called_strike,,,,,13.0,,R,L,R,CHC,BOS,S,,,0,0,2023,0.02,0.54,-0.9230820291180584,2.396459981178106,,,,0,7,Top,,,,,,,1.703884758899726,-132.13899021847993,-3.2342458095961946,-0.1122966636690553,28.25504336890106,-25.32253826679398,3.27154653440985,1.58619924874015,,,,91.1,2201.0,6.5,717419,571466,676724,666624,670156,663538,664023,641355,673548,54.02,,,,,,,,53,1,Cutter,3,5,5,3,5,3,5,3,Standard,Standard,193.0,0.002,-0.042,,,,,0.042,,-2,2,0.185,0.815,32,26,32,27,1,3,8.0,5.0,3.0,1.0,2.22,-0.02,0.02,45.4,,,,,
FF,2023-07-09,95.6,2.65,5.35,"Duran, Jarren",680776,686610,single,hit_into_play,,,,,3.0,"Jarren Duran singles on a ground ball to shortstop Tyler Wade. Jarren Duran to 2nd. Jarren Duran advances to 2nd, on a fielding error by shortstop Tyler Wade.",R,L,L,BOS,ATH,X,6.0,ground_ball,3,2,2023,0.75,1.2,0.6067789262301303,3.3798984398563103,,,,1,8,Bot,110.15,150.9,,,,,-7.178728847089227,-139.08584157180533,-2.28875409490007,11.390801156612085,31.560513946660137,-16.331410799056485,3.4,1.73,139.0,65.6,14.0,96.8,2477.0,7.0,717435,669127,676116,672478,607054,642180,643393,668709,664913,53.48,0.308,0.277,0.9,1.0,1.0,0.0,2.0,73,6,4-Seam Fastball,4,3,4,3,3,4,4,3,Infield shade,Standard,136.0,0.025,0.355,,,,0.308,-0.355,88.0,1,1,0.855,0.855,25,26,25,27,1,1,4.0,1.0,5.0,5.0,1.3,0.75,0.75,33.4,,,,,
ST,2023-07-09,83.0,2.5,5.23,"Duran, Jarren",680776,686610,,ball,,,,,13.0,,R,L,L,BOS,ATH,B,,,2,2,2023,-1.11,-0.08,-1.4495038414945678,0.9421800038843956,,,,1,8,Bot,,,,,,,-6.949268156999319,-120.766041851918,-3.191259937808528,-9.373934175589968,24.612759731997407,-32.49174558195986,3.31432638183665,1.72788242283864,,,,83.9,2259.0,7.0,717435,669127,676116,672478,607054,642180,643393,668709,664913,53.52,,,,,,,,73,5,Sweeper,4,3,4,3,3,4,4,3,Infield shade,Standard,291.0,0.004,0.094,,,,,-0.094,,1,1,0.851,0.851,25,26,25,27,1,1,4.0,1.0,5.0,5.0,3.4,-1.11,-1.11,33.7,,,,,
ST,2023-07-09,82.1,2.49,5.23,"Duran, Jarren",680776,686610,,swinging_strike,,,,,13.0,,R,L,L,BOS,ATH,S,,,2,1,2023,-0.91,-0.09,-1.0789539571197555,1.065365355578694,,,,1,8,Bot,,,,,,,-6.393767070746927,-119.4434822843274,-2.6953964318816253,-7.348857124172071,24.61963331165635,-32.65093393384043,3.4,1.73,,,,83.0,2147.0,7.0,717435,669127,676116,672478,607054,642180,643393,668709,664913,53.46,,,,,,,,73,4,Sweeper,4,3,4,3,3,4,4,3,Infield shade,Standard,296.0,-0.003,-0.076,,,,,0.076,,1,1,0.854,0.854,25,26,25,27,1,1,4.0,1.0,5.0,5.0,3.49,-0.91,-0.91,34.2,,,,,
FF,2023-07-09,93.9,2.26,5.56,"Duran, Jarren",680776,686610,,ball,,,,,13.0,,R,L,L,BOS,ATH,B,,,1,1,2023,0.77,1.27,-1.0330142767379953,2.559355493615631,,,,1,8,Bot,,,,,,,-10.422092548180771,-136.3388814599833,-4.9223522547621235,11.8436988875402,29.356637739550052,-15.441398711919566,3.40312073361839,1.75497472878315,,,,95.6,2297.0,7.4,717435,669127,676116,672478,607054,642180,643393,668709,664913,53.13,,,,,,,,73,3,4-Seam Fastball,4,3,4,3,3,4,4,3,Infield shade,Standard,143.0,0.002,0.054,,,,,-0.054,,1,1,0.852,0.852,25,26,25,27,1,1,4.0,1.0,5.0,5.0,1.33,0.77,0.77,42.0,,,,,
FF,2023-07-09,93.1,-1.91,5.8,"Duran, Jarren",680776,621112,field_out,hit_into_play,,,,,5.0,Jarren Duran lines out to left fielder Seth Brown.,R,L,R,BOS,ATH,X,7.0,line_drive,2,2,2023,-0.4,1.35,-0.0174126213791941,2.625317754978563,,,807799.0,1,6,Bot,54.38,100.69,,,,,5.752627375567942,-135.52230966987975,-5.396995087142977,-6.149417988978449,27.13584532398208,-14.561940008831613,3.4,1.73,302.0,88.6,25.0,93.8,2052.0,6.5,717435,444489,676116,643393,607054,642180,664913,668709,642137,54.03,0.082,0.087,0.0,1.0,0.0,0.0,3.0,54,7,4-Seam Fastball,2,3,2,3,3,2,2,3,Standard,Standard,203.0,-0.044,-0.232,,,,0.131,0.232,88.6,-1,-1,0.393,0.393,29,26,30,27,1,0,7.0,1.0,8.0,5.0,1.26,0.4,-0.4,50.9,,,,,
ST,2023-07-09,81.4,2.69,5.19,"Duran, Jarren",680776,686610,,called_strike,,,,,3.0,,R,L,L,BOS,ATH,S,,,1,0,2023,-0.99,-0.3,0.8259378027231589,2.985611619343729,,,,1,8,Bot,,,,,,,-2.3102141972773467,-118.41951338815905,2.326420148996315,-8.760405620556387,23.984501276938545,-35.707771315853066,3.31432638183665,1.72788242283864,,,,82.2,2134.0,7.0,717435,669127,676116,672478,607054,642180,643393,668709,664913,53.55,,,,,,,,73,2,Sweeper,4,3,4,3,3,4,4,3,Infield shade,Standard,295.0,-0.002,-0.05,,,,,0.05,,1,1,0.854,0.854,25,26,25,27,1,1,4.0,1.0,5.0,5.0,3.76,-0.99,-0.99,34.3,,,,,
FC,2023-07-09,89.9,-2.03,5.8,"Duran, Jarren",680776,621112,,foul,,,,,12.0,,R,L,R,BOS,ATH,S,,,2,2,2023,0.47,0.8,1.3671794711889305,2.7125672089382076,,,807799.0,1,6,Bot,,,,,,,7.436451478430594,-130.71573601986225,-3.370490378233517,3.7922999180231582,27.504726195959737,-22.47725108012289,3.4,1.73,,,,90.1,2372.0,6.4,717435,444489,676116,643393,607054,642180,664913,668709,642137,54.07,,,,,,,,54,6,Cutter,2,3,2,3,3,2,2,3,Infield shade,Standard,168.0,0.0,0.0,,,,,0.0,,-1,-1,0.393,0.393,29,26,30,27,1,0,7.0,1.0,8.0,5.0,2.02,-0.47,0.47,47.4,,,,,
ST,2023-07-09,81.8,2.67,5.26,"Duran, Jarren",680776,686610,,ball,,,,,12.0,,R,L,L,BOS,ATH,B,,,0,0,2023,-0.74,-0.08,1.126005412604283,3.4285590465427416,,,,1,8,Bot,,,,,,,-2.0724129382298724,-119.14205453781628,2.600971691876164,-6.700414701979659,22.03453732831573,-33.615081825502706,3.37352316822837,1.72788242283864,,,,82.8,2193.0,6.8,717435,669127,676116,672478,607054,642180,643393,668709,664913,53.67,,,,,,,,73,1,Sweeper,4,3,4,3,3,4,4,3,Infield shade,Standard,297.0,0.001,0.039,,,,,-0.039,,1,1,0.853,0.853,25,26,25,27,1,1,4.0,1.0,5.0,5.0,3.47,-0.74,-0.74,33.5,,,,,
CH,2023-07-09,86.5,-2.07,5.81,"Duran, Jarren",680776,621112,,ball,,,,,13.0,,R,L,R,BOS,ATH,B,,,1,2,2023,-1.14,0.43,-1.3039921442300892,1.5411504130602545,,,807799.0,1,6,Bot,,,,,,,4.177240645242383,-125.95869812827604,-4.904218555377781,-12.982804608089888,24.951241478584773,-26.797315338989723,3.49207980213988,1.72552079308386,,,,87.0,1446.0,6.5,717435,444489,676116,643393,607054,642180,664913,668709,642137,53.99,,,,,,,,54,5,Changeup,2,3,2,3,3,2,2,3,Standard,Standard,219.0,0.008,0.047,,,,,-0.047,,-1,-1,0.385,0.385,29,26,30,27,1,0,7.0,1.0,8.0,5.0,2.6,1.14,-1.14,49.6,,,,,
CH,2023-07-09,87.2,-2.07,5.86,"Duran, Jarren",680776,621112,,ball,,,,,11.0,,R,L,R,BOS,ATH,B,,,0,2,2023,-1.02,0.27,-1.4567977041601805,2.7418050774832414,,,807799.0,1,6,Bot,,,,,,,3.573656232454312,-127.0692621632126,-1.9544004732282163,-11.792718465673584,24.202036731173692,-29.090094275150687,3.432887209901,1.72552079308386,,,,87.8,1457.0,6.4,717435,444489,676116,643393,607054,642180,664913,668709,642137,54.08,,,,,,,,54,4,Changeup,2,3,2,3,3,2,2,3,Infield shade,Standard,222.0,0.005,0.023,,,,,-0.023,,-1,-1,0.38,0.38,29,26,30,27,1,0,7.0,1.0,8.0,5.0,2.7,1.02,-1.02,48.4,,,,,
FC,2023-07-09,89.8,-1.96,5.82,"Duran, Jarren",680776,621112,,foul,,,,,5.0,,R,L,R,BOS,ATH,S,,,0,2,2023,0.26,0.63,0.2719738529983023,2.67363489031332,,,807799.0,1,6,Bot,,,,,,,4.990385874356153,-130.88008064426424,-3.248310069094418,2.1116491109929583,24.31644861056126,-24.4032812752615,3.4,1.73,132.0,73.7,12.0,90.4,2387.0,6.3,717435,444489,676116,643393,607054,642180,664913,668709,642137,54.18,,,,,,,,54,3,Cutter,2,3,2,3,3,2,2,3,Infield shade,Standard,169.0,0.0,0.0,,,,,0.0,88.0,-1,-1,0.38,0.38,29,26,30,27,1,0,7.0,1.0,8.0,5.0,2.16,-0.26,0.26,47.4,,,,,
FC,2023-07-09,89.9,-2.07,5.79,"Duran, Jarren",680776,621112,,foul,,,,,2.0,,R,L,R,BOS,ATH,S,,,0,1,2023,0.26,0.53,0.0579272126858644,3.1559157043254933,,,807799.0,1,6,Bot,,,,,,,4.74182153417489,-131.04158738205857,-1.7794014473325397,2.1181397118730785,24.2291084877611,-25.86094169734284,3.4,1.73,176.0,64.1,53.0,90.8,2370.0,6.5,717435,444489,676116,643393,607054,642180,664913,668709,642137,54.03,,,,,,,,54,2,Cutter,2,3,2,3,3,2,2,3,Infield shade,Standard,174.0,-0.013,-0.053,,,,,0.053,88.0,-1,-1,0.393,0.393,29,26,30,27,1,0,7.0,1.0,8.0,5.0,2.25,-0.26,0.26,47.9,,,,,
FC,2023-07-09,90.0,-2.07,5.82,"Duran, Jarren",680776,621112,,foul,,,,,6.0,,R,L,R,BOS,ATH,S,,,0,0,2023,0.39,0.89,0.615956167697272,2.5790425604072227,,,807799.0,1,6,Bot,,,,,,,5.863890947824075,-130.97287107680214,-4.009109307959873,3.318305921957446,26.193418314237313,-21.227643160323012,3.4,1.73,148.0,71.1,69.0,90.6,2348.0,6.5,717435,444489,676116,643393,607054,642180,664913,668709,642137,54.0,,,,,,,,54,1,Cutter,2,3,2,3,3,2,2,3,Infield shade,Standard,181.0,-0.008,-0.042,,,,,0.042,88.0,-1,-1,0.401,0.401,29,26,30,27,1,0,7.0,1.0,8.0,5.0,1.91,-0.39,0.39,48.6,,,,,
CH,2023-07-08,89.4,-2.15,5.96,"Duran, Jarren",680776,668674,double,hit_into_play,,,,,8.0,Jarren Duran hits a ground-rule double (27) on a line drive down the right-field line. Christian Arroyo scores.,R,L,R,BOS,ATH,X,,line_drive,3,1,2023,-1.4,0.35,0.0493020546767428,2.1708272633168297,,624414.0,,2,5,Bot,212.88,112.42,,,,,8.426130932390615,-129.94145897860884,-4.1327181358246365,-17.537969521633833,25.273310448956593,-27.51397109275261,3.44,1.75,301.0,92.3,21.0,90.4,2024.0,6.8,717449,669127,676116,672478,649557,669397,667670,668709,642137,53.72,0.2,0.209,1.25,1.0,1.0,1.0,3.0,48,5,Changeup,7,1,7,1,1,8,8,1,Standard,Standard,236.0,0.01,0.836,,,,0.332,-0.836,92.3,6,6,0.977,0.977,28,26,28,27,1,3,4.0,1.0,6.0,1.0,2.49,1.4,-1.4,46.8,,,,,
CH,2023-07-08,91.1,-2.16,5.99,"Duran, Jarren",680776,668674,,ball,,,,,14.0,,R,L,R,BOS,ATH,B,,,2,1,2023,-1.29,0.66,0.5395277805149938,1.0061685421905922,,624414.0,,2,5,Bot,,,,,,,9.592223418604949,-132.2059280860715,-8.113815387791877,-17.056186497434986,25.07689750538704,-22.938367285990413,3.2893910728971,1.68815537873239,,,,92.0,2148.0,6.7,717449,669127,676116,672478,649557,669397,667670,668709,642137,53.75,,,,,,,,48,4,Changeup,7,1,7,1,1,7,7,1,Standard,Standard,223.0,0.0,0.069,,,,,-0.069,,6,6,0.977,0.977,28,26,28,27,1,3,4.0,1.0,6.0,1.0,2.08,1.29,-1.29,46.6,,,,,
FF,2023-07-08,96.4,-1.95,6.19,"Duran, Jarren",680776,668674,,ball,,,,,12.0,,R,L,R,BOS,ATH,B,,,1,1,2023,-0.26,1.05,0.3057923651579816,4.399325657737762,,624414.0,,2,5,Bot,,,,,,,6.6347128699481015,-140.41279746313077,-1.6390017639838743,-4.833251173710397,28.16074524654615,-18.024439102049328,3.31898980113014,1.65853721527073,,,,97.5,1965.0,6.6,717449,669127,676116,672478,649557,669397,667670,668709,642137,53.87,,,,,,,,48,3,4-Seam Fastball,7,1,7,1,1,7,7,1,Infield shade,Standard,207.0,0.0,0.021,,,,,-0.021,,6,6,0.977,0.977,28,26,28,27,1,3,4.0,1.0,6.0,1.0,1.38,0.26,-0.26,47.3,,,,,
CH,2023-07-08,90.8,-2.13,5.96,"Duran, Jarren",680776,668674,,called_strike,,,,,6.0,,R,L,R,BOS,ATH,S,,,1,0,2023,-1.28,0.6,0.3883005927160563,2.207351865500686,,624414.0,,2,5,Bot,,,,,,,9.095270081932007,-131.94905716436938,-4.816440870225561,-16.786682327082392,25.545811355176063,-24.38102634564852,3.2893910728971,1.68815537873239,,,,91.7,2001.0,6.7,717449,669127,676116,672478,649557,669397,667670,668709,642137,53.81,,,,,,,,48,2,Changeup,7,1,7,1,1,7,7,1,Standard,Standard,230.0,0.0,-0.046,,,,,0.046,,6,6,0.977,0.977,28,26,28,27,1,3,4.0,1.0,6.0,1.0,2.16,1.28,-1.28,45.3,,,,,
CH,2023-07-08,90.3,-2.2,6.03,"Duran, Jarren",680776,668674,,ball,,,,,13.0,,R,L,R,BOS,ATH,B,,,0,0,2023,-1.44,0.29,-1.7530864526794876,2.2800535891989315,,624414.0,,2,5,Bot,,,,,,,4.1990932779336685,-131.4101460955676,-4.0524509775363775,-17.566204008025,26.876979286352107,-28.16279192661521,3.31898980113014,1.71777317478221,,,,91.1,1846.0,6.7,717449,669127,676116,672478,649557,669397,667670,668709,642137,53.79,,,,,,,,48,1,Changeup,7,1,7,1,1,7,7,1,Infield shade,Standard,231.0,0.0,0.02,,,,,-0.02,,6,6,0.977,0.977,28,26,28,27,1,3,4.0,1.0,6.0,1.0,2.5,1.44,-1.44,46.9,,,,,
CH,2023-07-08,89.6,-1.29,5.83,"Duran, Jarren",680776,665734,field_out,hit_into_play,,,,,4.0,"Athletics challenged (play at 1st), call on the field was overturned: Jarren Duran grounds out, shortstop Nick Allen to first baseman Ryan Noda.",R,L,R,BOS,ATH,X,6.0,ground_ball,0,2,2023,-1.48,0.44,-0.7458779037958854,2.610588926565529,,,,1,7,Bot,121.82,158.53,,,,,4.539338677082572,-130.40302530581346,-2.897588832627207,-17.813362852199955,29.12056559165613,-26.704026278045355,3.44,1.75,3.0,82.2,-39.0,90.6,2091.0,7.1,717449,669127,676116,672478,649557,669397,667670,668709,642137,53.44,0.053,0.063,0.0,1.0,0.0,0.0,2.0,65,3,Changeup,10,2,10,2,2,10,10,2,Infield shade,Standard,228.0,0.0,-0.17,,,,0.057,0.17,88.0,8,8,0.998,0.998,25,26,26,27,1,4,1.0,1.0,6.0,1.0,2.41,1.48,-1.48,36.6,,,,,
CH,2023-07-08,88.0,-1.39,5.87,"Duran, Jarren",680776,665734,,swinging_strike,,,,,13.0,,R,L,R,BOS,ATH,S,,,0,1,2023,-1.62,0.53,-1.1417602256929158,2.0985072110011105,,,,1,7,Bot,,,,,,,4.01155920911793,-127.9331514135011,-4.078880247627103,-18.507919763457256,30.061860454405064,-25.729053671921463,3.44,1.75,,,,88.3,2097.0,6.8,717449,669127,676116,672478,649557,669397,667670,668709,642137,53.68,,,,,,,,65,2,Changeup,10,2,10,2,2,10,10,2,Infield shade,Standard,229.0,0.0,-0.057,,,,,0.057,,8,8,0.998,0.998,25,26,26,27,1,4,1.0,1.0,6.0,1.0,2.46,1.62,-1.62,38.4,,,,,
SL,2023-07-08,85.6,2.46,5.26,"Duran, Jarren",680776,663992,field_out,hit_into_play,,,,,7.0,"Jarren Duran grounds out, shortstop Nick Allen to first baseman Ryan Noda.",R,L,L,BOS,ATH,X,6.0,ground_ball,0,2,2023,-0.47,-0.11,-0.692213405250437,1.7636125154670936,,,,0,4,Bot,126.9,146.83,,,,,-6.618716346607796,-124.46678665640628,-1.7047215001643408,-3.3878304599569673,27.650369795749224,-33.13282478685119,3.44,1.75,76.0,80.3,5.0,86.8,2359.0,7.3,717449,669127,676116,672478,649557,669397,667670,668709,642137,53.17,0.291,0.281,0.0,1.0,0.0,0.0,2.0,34,3,Slider,6,1,6,1,1,6,6,1,Standard,Standard,269.0,-0.002,-0.169,,,,0.316,0.169,88.0,5,5,0.944,0.944,27,26,28,27,1,2,2.0,1.0,,1.0,3.25,-0.47,-0.47,17.5,,,,,
SI,2023-07-08,91.5,2.47,5.45,"Duran, Jarren",680776,663992,,called_strike,,,,,8.0,,R,L,L,BOS,ATH,S,,,0,1,2023,1.59,0.18,0.1075055220092768,1.6179916505570169,,,,0,4,Bot,,,,,,,-9.587592082723296,-132.79014413558988,-4.167680874753984,20.970038212147124,30.820064981021876,-29.24211900058892,3.31898980113014,1.62891868907843,,,,92.7,2292.0,7.4,717449,669127,676116,672478,649557,669397,667670,668709,642137,53.13,,,,,,,,34,2,Sinker,6,1,6,1,1,6,6,1,Standard,Standard,124.0,-0.001,-0.054,,,,,0.054,,5,5,0.945,0.945,27,26,28,27,1,2,2.0,1.0,,1.0,2.57,1.59,1.59,20.9,,,,,
FF,2023-07-08,96.6,-1.1,5.88,"Duran, Jarren",680776,665734,,called_strike,,,,,9.0,,R,L,R,BOS,ATH,S,,,0,0,2023,-0.89,1.09,0.5766333415521735,1.6813663533252778,,,,1,7,Bot,,,,,,,6.558817417346967,-140.3790056592991,-8.16739404973256,-13.26200230984872,32.203422510384115,-16.03062961973761,3.2893910728971,1.65853721527073,,,,97.4,2214.0,6.8,717449,669127,676116,672478,649557,669397,667670,668709,642137,53.65,,,,,,,,65,1,4-Seam Fastball,10,2,10,2,2,10,10,2,Infield shade,Standard,225.0,0.0,-0.041,,,,,0.041,,8,8,0.998,0.998,25,26,26,27,1,4,1.0,1.0,6.0,1.0,1.36,0.89,-0.89,40.2,,,,,
FF,2023-07-08,93.7,2.4,5.06,"Duran, Jarren",680776,594580,home_run,hit_into_play,,,,,4.0,Jarren Duran homers (5) on a fly ball to left center field. Connor Wong scores.,R,L,L,BOS,ATH,X,,fly_ball,0,1,2023,0.83,0.97,-0.3097789993560381,2.4092855379211473,,,657136.0,2,2,Bot,56.71,68.73,,,,,-8.551354632952442,-136.13448320409435,-3.1483362584574706,12.149811462928836,30.02537867409407,-19.63185678709647,3.44,1.75,365.0,98.6,31.0,91.0,2570.0,4.8,717449,669127,676116,672478,649557,669397,667670,668709,642137,55.72,0.412,0.8038421052631578,2.0,1.0,0.0,3.0,6.0,17,2,4-Seam Fastball,3,0,3,0,0,5,5,0,Infield shade,Standard,111.0,0.104,2.261,,,,1.585,-2.261,98.6,3,3,0.805,0.805,31,26,31,27,1,1,3.0,1.0,6.0,1.0,1.64,0.83,0.83,13.8,,,,,
ST,2023-07-08,79.2,2.71,4.71,"Duran, Jarren",680776,594580,,foul,,,,,6.0,,R,L,L,BOS,ATH,S,,,0,0,2023,-1.25,-0.23,0.7916457035685851,2.5677049552864917,,,657136.0,2,2,Bot,,,,,,,-1.806505487204331,-115.34093920444006,2.3395964207371844,-10.904371780321524,20.61327796051467,-34.82137388752215,3.44,1.75,169.0,63.7,37.0,76.6,2839.0,4.3,717449,669127,676116,672478,649557,669397,667670,668709,642137,56.21,,,,,,,,17,1,Sweeper,3,0,3,0,0,3,3,0,Infield shade,Standard,300.0,-0.002,-0.045,,,,,0.045,88.0,3,3,0.807,0.807,31,26,31,27,1,1,3.0,1.0,6.0,1.0,3.84,-1.25,-1.25,8.8,,,,,
SL,2023-07-08,85.2,2.62,5.38,"Duran, Jarren",680776,663992,,called_strike,,,,,4.0,,R,L,L,BOS,ATH,S,,,0,0,2023,-0.54,-0.19,-0.482319617427308,2.435515609717418,,,,0,4,Bot,,,,,,,-6.288855974428025,-124.00183911101304,-0.1997195517393778,-4.271360281455747,25.637921543077667,-34.2794022764694,3.2893910728971,1.62891868907843,,,,86.4,2319.0,7.1,717449,669127,676116,672478,649557,669397,667670,668709,642137,53.41,,,,,,,,34,1,Slider,6,1,6,1,1,6,6,1,Standard,Standard,212.0,-0.001,-0.042,,,,,0.042,,5,5,0.946,0.946,27,26,28,27,1,2,2.0,1.0,,1.0,3.33,-0.54,-0.54,18.3,,,,,
FF,2023-07-08,92.1,-0.81,5.76,"Duran, Jarren",680776,643493,single,hit_into_play,,,,,8.0,Jarren Duran singles on a ground ball to left fielder Brent Rooker.,R,L,R,BOS,ATH,X,7.0,ground_ball,0,0,2023,0.02,0.96,0.0941276185324707,1.753181993810077,,,,0,1,Bot,97.17,105.42,,,,,2.242320861877692,-134.0148270247318,-6.363633290409075,-0.277749852222403,29.9618130695907,-19.388294033236647,3.44,1.75,134.0,107.8,4.0,91.1,2297.0,5.8,717449,669127,676116,672478,649557,669397,667670,668709,642137,54.74,0.634,0.598,0.9,1.0,1.0,0.0,4.0,4,1,4-Seam Fastball,0,0,0,0,0,0,0,0,Standard,Standard,197.0,0.035,0.432,,,,0.725,-0.432,107.8,0,0,0.548,0.548,33,26,34,27,1,0,3.0,1.0,6.0,1.0,1.73,-0.02,0.02,56.9,,,,,
CU,2023-07-07,79.2,-2.22,6.23,"Duran, Jarren",680776,665622,triple,hit_into_play,,,,,5.0,Jarren Duran triples (2) on a sharp line drive to right fielder Seth Brown.,R,L,R,BOS,ATH,X,9.0,line_drive,0,0,2023,0.43,-1.09,0.2317055972505006,2.470953756630011,,,,1,7,Bot,222.49,91.61,,,,,4.533058505511359,-115.1913681716337,0.647682972988268,2.962917188900393,22.40403908743889,-42.208274603771926,3.44,1.75,288.0,109.6,16.0,78.9,2336.0,6.2,717461,669127,676116,643393,607054,642180,667670,668709,664913,54.29,0.488,0.693,1.6,1.0,1.0,2.0,6.0,56,1,Curveball,5,3,5,3,3,5,5,3,Infield shade,Standard,27.0,0.039,1.073,,,,1.208,-1.073,109.6,2,2,0.876,0.876,24,26,24,27,3,3,7.0,2.0,11.0,1.0,4.74,-0.43,0.43,53.7,,,,,
FF,2023-07-07,97.1,-2.92,5.71,"Duran, Jarren",680776,665622,field_out,hit_into_play,,,,,7.0,"Jarren Duran grounds out, second baseman Tony Kemp to first baseman Ryan Noda.",R,L,R,BOS,ATH,X,4.0,ground_ball,3,2,2023,-0.4,1.01,-0.4708129680076036,1.9639121112815057,,,,2,4,Bot,148.73,163.11,,,,,7.476657480568415,-141.20290509640714,-6.88902646349696,-6.839843020880405,27.399664206920477,-17.325092442006472,3.44,1.75,3.0,84.9,-32.0,98.0,2349.0,6.5,717461,669127,676116,643393,607054,642180,667670,668709,664913,54.01,0.062,0.062,0.0,1.0,0.0,0.0,2.0,33,8,4-Seam Fastball,5,0,5,0,0,5,5,0,Standard,Standard,218.0,-0.003,-0.336,,,,0.066,0.336,88.0,5,5,0.939,0.939,24,26,24,27,2,2,7.0,2.0,11.0,1.0,1.38,0.4,-0.4,34.8,,,,,
CU,2023-07-07,82.1,-2.24,6.16,"Duran, Jarren",680776,665622,,ball,,,,,14.0,,R,L,R,BOS,ATH,B,,,2,2,2023,0.53,-1.14,0.1231902199516864,0.5039684129189168,,,,2,4,Bot,,,,,,,4.339062181333303,-119.5326566364958,-4.028805531945865,4.160562977921352,24.350274980086127,-42.40991559851464,3.31811513815684,1.64284228890892,,,,82.0,2344.0,6.3,717461,669127,676116,643393,607054,642180,667670,668709,664913,54.16,,,,,,,,33,7,Curveball,5,0,5,0,0,5,5,0,Infield shade,Standard,31.0,0.0,0.104,,,,,-0.104,,5,5,0.939,0.939,24,26,24,27,2,2,7.0,2.0,11.0,1.0,4.53,-0.53,0.53,50.0,,,,,
FF,2023-07-07,98.9,-2.84,5.85,"Duran, Jarren",680776,665622,,foul,,,,,3.0,,R,L,R,BOS,ATH,S,,,2,2,2023,-0.36,1.39,0.4080231229008466,3.0748622103964216,,,,2,4,Bot,,,,,,,9.740684552945,-143.72520679833235,-5.434862822724968,-7.163248868278293,30.842186080059488,-11.741463919107662,3.44,1.75,251.0,76.9,41.0,99.6,2503.0,6.6,717461,669127,676116,643393,607054,642180,667670,668709,664913,53.94,,,,,,,,33,6,4-Seam Fastball,5,0,5,0,0,5,5,0,Infield shade,Standard,218.0,0.0,0.0,,,,,0.0,88.0,5,5,0.939,0.939,24,26,24,27,2,2,7.0,2.0,11.0,1.0,0.93,0.36,-0.36,38.6,,,,,
FF,2023-07-07,100.1,-2.64,6.0,"Duran, Jarren",680776,665622,,ball,,,,,11.0,,R,L,R,BOS,ATH,B,,,1,2,2023,-0.63,1.32,-0.9261244682692398,3.678303933661856,,,,2,4,Bot,,,,,,,6.2486347957973525,-145.72065373659842,-4.228399441148931,-10.3057383456782,31.174756338558637,-12.49177862471674,3.37425775287267,1.69971864232829,,,,101.0,2399.0,6.6,717461,669127,676116,643393,607054,642180,667670,668709,664913,53.95,,,,,,,,33,5,4-Seam Fastball,5,0,5,0,0,5,5,0,Infield shade,Standard,213.0,0.001,0.041,,,,,-0.041,,5,5,0.938,0.938,24,26,24,27,2,2,7.0,2.0,11.0,1.0,0.94,0.63,-0.63,45.6,,,,,
FF,2023-07-07,100.0,-2.69,6.02,"Duran, Jarren",680776,665622,,foul,,,,,1.0,,R,L,R,BOS,ATH,S,,,1,2,2023,-0.67,1.17,-0.562767854361896,3.4630247888767705,,,,2,4,Bot,,,,,,,7.450382771032869,-145.46543800629536,-4.477530053898061,-11.217756593826358,31.420548733514664,-14.62357684568193,3.44,1.75,268.0,83.3,28.0,100.4,2493.0,6.3,717461,669127,676116,643393,607054,642180,667670,668709,664913,54.17,,,,,,,,33,4,4-Seam Fastball,5,0,5,0,0,5,5,0,Infield shade,Standard,221.0,0.0,0.0,,,,,0.0,88.0,5,5,0.938,0.938,24,26,24,27,2,2,7.0,2.0,11.0,1.0,1.09,0.67,-0.67,42.6,,,,,
CU,2023-07-07,82.5,-2.14,6.2,"Duran, Jarren",680776,665622,,ball,,,,,14.0,,R,L,R,BOS,ATH,B,,,0,2,2023,0.49,-0.91,1.5901636214794854,0.5445393391016102,,,,2,4,Bot,,,,,,,7.576104969344794,-120.01147445488134,-4.61793575183268,3.3585120263392647,22.211635963514738,-40.339057471479286,3.37425775287267,1.69971864232829,,,,83.1,2495.0,6.6,717461,669127,676116,643393,607054,642180,667670,668709,664913,53.91,,,,,,,,33,3,Curveball,5,0,5,0,0,5,5,0,Infield shade,Standard,32.0,0.0,0.022,,,,,-0.022,,5,5,0.938,0.938,24,26,24,27,2,2,7.0,2.0,11.0,1.0,4.25,-0.49,0.49,50.1,,,,,
FF,2023-07-07,99.0,-2.34,6.19,"Duran, Jarren",680776,665622,,foul,,,,,3.0,,R,L,R,BOS,ATH,S,,,0,1,2023,-0.6,1.31,0.4258547732902821,3.138862140269392,,,,2,4,Bot,,,,,,,8.987313811902062,-143.8621950461215,-6.009922626109295,-10.358908367212166,30.86024261970636,-12.751538543553906,3.44,1.75,,,,99.6,2391.0,6.5,717461,669127,676116,643393,607054,642180,667670,668709,664913,53.99,,,,,,,,33,2,4-Seam Fastball,5,0,5,0,0,5,5,0,Infield shade,Standard,218.0,-0.001,-0.061,,,,,0.061,,5,5,0.939,0.939,24,26,24,27,2,2,7.0,2.0,11.0,1.0,1.01,0.6,-0.6,48.0,,,,,
FF,2023-07-07,98.2,-2.94,5.86,"Duran, Jarren",680776,665622,,foul,,,,,6.0,,R,L,R,BOS,ATH,S,,,0,0,2023,-0.65,1.43,0.5377766659852269,2.3872430096704247,,,,2,4,Bot,,,,,,,10.90380828034819,-142.35139514718972,-7.14714548987642,-11.545096381770549,35.120595288529984,-11.248923085083964,3.44,1.75,208.0,72.7,48.0,97.7,2423.0,6.4,717461,669127,676116,643393,607054,642180,667670,668709,664913,54.09,,,,,,,,33,1,4-Seam Fastball,5,0,5,0,0,5,5,0,Infield shade,Standard,221.0,0.0,-0.045,,,,,0.045,88.0,5,5,0.939,0.939,24,26,24,27,2,2,7.0,2.0,11.0,1.0,0.97,0.65,-0.65,37.6,,,,,
FF,2023-07-07,96.7,-2.39,6.3,"Duran, Jarren",680776,665622,single,hit_into_play,,,,,8.0,Jarren Duran singles on a ground ball to second baseman Tony Kemp. Triston Casas scores. Yu Chang to 3rd.,R,L,R,BOS,ATH,X,4.0,ground_ball,1,0,2023,-0.53,1.46,0.0374741329901374,1.8449087419758825,671213.0,644374.0,,1,2,Bot,133.97,151.82,,,,,7.734910308452895,-140.47892058093396,-9.739502105189448,-8.726593979133021,29.118210467651114,-10.751804162428463,3.44,1.75,2.0,65.6,-34.0,97.5,2338.0,6.6,717461,669127,676116,643393,607054,642180,667670,668709,664913,53.87,0.064,0.071,0.9,1.0,1.0,0.0,2.0,18,2,4-Seam Fastball,2,0,2,0,0,3,3,0,Strategic,Standard,209.0,0.048,0.491,,,,0.068,-0.491,88.0,2,2,0.809,0.809,24,26,24,27,1,1,7.0,2.0,11.0,1.0,0.96,0.53,-0.53,52.1,,,,,
CU,2023-07-07,78.9,-2.47,6.34,"Duran, Jarren",680776,665622,,ball,,,,,14.0,,R,L,R,BOS,ATH,B,,,0,0,2023,0.15,-1.26,0.8767063292429723,-0.9934694706707852,,671213.0,644374.0,1,2,Bot,,,,,,,6.962723723426271,-114.4887019540468,-6.654211108409811,-0.1038449112379709,23.204327159290592,-42.05769164837349,3.26193850747584,1.64284228890892,,,,78.2,2424.0,6.2,717461,669127,676116,643393,607054,642180,667670,668709,664913,54.31,,,,,,,,18,1,Curveball,2,0,2,0,0,2,2,0,Standard,Standard,23.0,0.035,0.042,,,,,-0.042,,2,2,0.774,0.774,24,26,24,27,1,1,7.0,2.0,11.0,1.0,4.98,-0.15,0.15,50.5,,,,,
FF,2023-07-07,94.8,1.07,5.85,"Duran, Jarren",680776,669674,strikeout,swinging_strike,,,,,12.0,Jarren Duran strikes out swinging.,R,L,L,BOS,ATH,S,2.0,,3,2,2023,0.38,1.48,0.6524387479881334,3.6840226466529056,,,,0,1,Bot,,,,,,,-1.9286927539723395,-138.15905978433943,-3.3580865723589817,5.253922289520566,28.105699602851953,-12.578867195508632,3.44,1.75,,,,95.0,2255.0,6.1,717461,669127,676116,643393,607054,642180,667670,668709,664913,54.39,,0.0,0.0,1.0,0.0,0.0,,4,6,4-Seam Fastball,0,0,0,0,0,0,0,0,Infield shade,Standard,150.0,-0.027,-0.353,,,,,0.353,,0,0,0.553,0.553,27,26,28,27,1,0,5.0,2.0,7.0,1.0,1.03,0.38,0.38,53.5,,,,,
FF,2023-07-07,93.8,0.97,5.93,"Duran, Jarren",680776,669674,,foul,,,,,1.0,,R,L,L,BOS,ATH,S,,,3,1,2023,0.36,1.36,-0.3468983115628549,2.955482656759851,,,,0,1,Bot,,,,,,,-4.194622042808993,-136.50933567222216,-4.987338552127282,5.3894873603872835,29.33048303520802,-14.2194321253049,3.44,1.75,214.0,76.6,23.0,93.7,2223.0,6.2,717461,669127,676116,643393,607054,642180,667670,668709,664913,54.31,,,,,,,,4,5,4-Seam Fastball,0,0,0,0,0,0,0,0,Infield shade,Standard,151.0,-0.009,-0.088,,,,,0.088,88.0,0,0,0.562,0.562,27,26,28,27,1,0,5.0,2.0,7.0,1.0,1.22,0.36,0.36,54.0,,,,,
FF,2023-07-07,93.6,1.02,5.88,"Duran, Jarren",680776,669674,,called_strike,,,,,13.0,,R,L,L,BOS,ATH,S,,,3,0,2023,0.39,1.36,-0.5105929216687528,1.4185843211200106,,,,0,1,Bot,,,,,,,-4.796754788191484,-136.04444234812763,-8.742523504375818,5.890946892318801,29.466809527617915,-13.52041038994728,3.28881050909354,1.69851279141348,,,,93.3,2180.0,6.2,717461,669127,676116,643393,607054,642180,667670,668709,664913,54.35,,,,,,,,4,4,4-Seam Fastball,0,0,0,0,0,0,0,0,Infield shade,Standard,155.0,-0.007,-0.086,,,,,0.086,,0,0,0.569,0.569,27,26,28,27,1,0,5.0,2.0,7.0,1.0,1.24,0.39,0.39,53.6,,,,,
FF,2023-07-07,93.0,1.04,5.93,"Duran, Jarren",680776,669674,,ball,,,,,3.0,,R,L,L,BOS,ATH,B,,,2,0,2023,0.49,1.35,0.3935132686528929,3.3834685424968884,,,,0,1,Bot,,,,,,,-2.7319013979315625,-135.47333060660446,-3.726340300680915,6.6659749663294585,29.542920870808143,-14.915696831078208,3.31838333799439,1.72840041738425,,,,92.8,2192.0,6.1,717461,669127,676116,643393,607054,642180,667670,668709,664913,54.41,,,,,,,,4,3,4-Seam Fastball,0,0,0,0,0,0,0,0,Infield shade,Standard,155.0,0.011,0.151,,,,,-0.151,,0,0,0.558,0.558,27,26,28,27,1,0,5.0,2.0,7.0,1.0,1.28,0.49,0.49,52.4,,,,,
SL,2023-07-07,84.9,1.04,5.92,"Duran, Jarren",680776,669674,,ball,,,,,13.0,,R,L,L,BOS,ATH,B,,,1,0,2023,-0.34,0.14,-1.5241500883508312,0.5451236712288137,,,,0,1,Bot,,,,,,,-5.268501502754621,-123.5159810669222,-6.47878677934392,-2.4355415729034777,24.45359457782899,-29.68572147347933,3.26220625742805,1.55772433622562,,,,84.2,2277.0,5.9,717461,669127,676116,643393,607054,642180,667670,668709,664913,54.65,,,,,,,,4,2,Slider,0,0,0,0,0,0,0,0,Standard,Standard,194.0,0.007,0.071,,,,,-0.071,,0,0,0.551,0.551,27,26,28,27,1,0,5.0,2.0,7.0,1.0,3.03,-0.34,-0.34,56.4,,,,,
FF,2023-07-07,94.3,0.96,5.93,"Duran, Jarren",680776,669674,,ball,,,,,13.0,,R,L,L,BOS,ATH,B,,,0,0,2023,0.57,1.41,-1.0930747235564255,1.495482183319169,,,,0,1,Bot,,,,,,,-6.5732734887155875,-136.94901365972913,-8.938186359100602,8.64787440604248,28.932217020394877,-12.577716689713018,3.2902990389987,1.614646121974,,,,94.0,2341.0,6.1,717461,669127,676116,643393,607054,642180,667670,668709,664913,54.39,,,,,,,,4,1,4-Seam Fastball,0,0,0,0,0,0,0,0,Standard,Standard,155.0,0.003,0.04,,,,,-0.04,,0,0,0.548,0.548,27,26,28,27,1,0,5.0,2.0,7.0,1.0,1.15,0.57,0.57,55.5,,,,,
SL,2023-07-05,87.0,-2.37,5.54,"Duran, Jarren",680776,592351,field_out,hit_into_play,,,,,8.0,"Jarren Duran grounds out sharply, second baseman Marcus Semien to first baseman Nathaniel Lowe.",R,L,R,BOS,TEX,X,4.0,ground_ball,1,1,2023,0.49,0.25,0.029216619855327,1.7114714756966736,666152.0,,,2,6,Bot,148.46,147.16,,,,,4.797765901783647,-126.69812941465642,-3.645432624470829,4.4750736996644696,22.25527713968549,-28.95847959904514,3.45,1.75,135.0,110.6,5.0,88.4,2353.0,6.8,717484,641680,663993,543760,673962,608369,543257,608671,666969,53.69,0.692,0.692,0.0,1.0,0.0,0.0,4.0,52,3,Slider,4,2,4,2,2,4,4,2,Infield shade,Standard,133.0,-0.024,-0.286,,,,0.871,0.286,110.6,2,2,0.839,0.839,31,26,32,27,4,3,5.0,1.0,9.0,2.0,2.72,-0.49,0.49,29.8,,,,,
FF,2023-07-05,94.8,-2.52,5.41,"Duran, Jarren",680776,592351,,ball,,,,,12.0,,R,L,R,BOS,TEX,B,,,0,1,2023,-0.84,0.88,0.3391032494957243,4.714330265264445,666152.0,,,2,6,Bot,,,,,,,9.435512519948013,-137.78885737215973,1.895272834579386,-12.673161365532865,27.31985581520488,-21.5282368563941,3.35892671210653,1.65886417690828,,,,96.2,1943.0,6.9,717484,641680,663993,543760,673962,608369,543257,608671,666969,53.6,,,,,,,,52,2,4-Seam Fastball,4,2,4,2,2,4,4,2,Standard,Standard,219.0,0.003,0.028,,,,,-0.028,,2,2,0.836,0.836,31,26,32,27,4,3,5.0,1.0,9.0,2.0,1.64,0.84,-0.84,28.0,,,,,
FF,2023-07-05,95.8,-2.36,5.35,"Duran, Jarren",680776,592351,,foul,,,,,12.0,,R,L,R,BOS,TEX,S,,,0,0,2023,-0.63,0.73,0.9812823232268806,2.9548181273430316,666152.0,,,2,6,Bot,,,,,,,10.348923052226782,-139.19273449716854,-2.388164671234926,-10.44649788822298,29.15703616999226,-22.348896354767454,3.45,1.75,,,,96.9,2029.0,6.8,717484,641680,663993,543760,673962,608369,543257,608671,666969,53.65,,,,,,,,52,1,4-Seam Fastball,4,2,4,2,2,4,4,2,Standard,Standard,219.0,-0.004,-0.036,,,,,0.036,,2,2,0.84,0.84,31,26,32,27,4,3,5.0,1.0,9.0,2.0,1.75,0.63,-0.63,26.6,,,,,
FF,2023-07-05,96.6,-2.02,5.35,"Duran, Jarren",680776,592351,field_out,hit_into_play,,,,,14.0,"Jarren Duran grounds out, second baseman Marcus Semien to first baseman Nathaniel Lowe.",R,L,R,BOS,TEX,X,4.0,ground_ball,0,2,2023,-0.45,1.13,1.024305168011708,2.499437373550727,666152.0,657136.0,,2,4,Bot,137.86,156.35,,,,,9.18913129815895,-140.3761452658362,-4.593606077972061,-8.121866004501744,33.48045433165851,-16.398737279346175,3.45,1.75,12.0,63.5,-10.0,96.9,1998.0,6.7,717484,641680,663993,543760,673962,608369,543257,608671,666969,53.82,0.086,0.082,0.0,1.0,0.0,0.0,2.0,35,3,4-Seam Fastball,2,0,2,0,0,2,2,0,Infield shade,Standard,221.0,-0.024,-0.178,,,,0.09,0.178,88.0,2,2,0.775,0.775,31,26,32,27,3,2,5.0,1.0,9.0,2.0,1.33,0.45,-0.45,27.4,,,,,
FF,2023-07-05,94.8,-1.91,5.33,"Duran, Jarren",680776,592351,,called_strike,,,,,5.0,,R,L,R,BOS,TEX,S,,,0,1,2023,-0.75,0.9,-0.1664572461369809,2.43629056815794,666152.0,657136.0,,2,4,Bot,,,,,,,6.286715257966661,-137.9604040335446,-3.931072596297145,-10.972958494054632,30.655338603609135,-20.05005570219822,3.41812156777993,1.71810063398102,,,,95.7,1750.0,6.8,717484,641680,663993,543760,673962,608369,543257,608671,666969,53.7,,,,,,,,35,2,4-Seam Fastball,2,0,2,0,0,2,2,0,Infield shade,Standard,225.0,-0.01,-0.075,,,,,0.075,,2,2,0.785,0.785,31,26,32,27,3,2,5.0,1.0,9.0,2.0,1.64,0.75,-0.75,29.7,,,,,
FF,2023-07-05,93.8,-2.22,5.4,"Duran, Jarren",680776,592351,,called_strike,,,,,3.0,,R,L,R,BOS,TEX,S,,,0,0,2023,-0.52,1.0,0.7226922684149321,3.4858752924565732,666152.0,,657136.0,2,4,Bot,,,,,,,8.799130187635543,-136.537466930418,-1.516448312565288,-8.207224903228186,26.2777580910161,-19.448789903072388,3.50462778203958,1.83428780933748,,,,94.9,1946.0,6.6,717484,641680,663993,543760,673962,608369,543257,608671,666969,53.89,,,,,,,,35,1,4-Seam Fastball,2,0,2,0,0,2,2,0,Infield shade,Standard,222.0,-0.001,-0.052,,,,,0.052,,2,2,0.786,0.786,31,26,32,27,3,2,5.0,1.0,9.0,2.0,1.56,0.52,-0.52,27.4,,,,,
CH,2023-07-05,89.2,-1.94,5.58,"Duran, Jarren",680776,592351,field_out,hit_into_play,,,,,6.0,Jarren Duran flies out to left fielder Robbie Grossman.,R,L,R,BOS,TEX,X,7.0,fly_ball,1,1,2023,-1.0,0.83,0.3176705655424486,2.874032975199212,,,657136.0,1,2,Bot,85.86,130.7,,,,,7.752657313708745,-129.76662725351852,-2.4011535341039556,-12.93713047710052,26.20489033039827,-22.51867778607046,3.45,1.75,200.0,81.6,59.0,90.4,1367.0,7.0,717484,641680,663993,543760,673962,608369,543257,608671,666969,53.55,0.032,0.037,0.0,1.0,0.0,0.0,3.0,20,3,Changeup,2,0,2,0,0,2,2,0,Infield shade,Standard,241.0,-0.02,-0.24,,,,0.048,0.24,88.0,2,2,0.748,0.748,31,26,32,27,2,1,5.0,1.0,9.0,2.0,2.03,1.0,-1.0,31.9,,,,,
FF,2023-07-05,95.8,-1.96,5.53,"Duran, Jarren",680776,592351,,ball,,,,,11.0,,R,L,R,BOS,TEX,B,,,0,1,2023,-0.56,1.25,-0.1305352304248859,4.135691262797801,,,657136.0,1,2,Bot,,,,,,,6.168565644680928,-139.45334414323003,-0.912475661390719,-8.695524230036424,31.07203755911789,-15.90935736538408,3.35892671210653,1.71810063398102,,,,96.9,2061.0,6.9,717484,641680,663993,543760,673962,608369,543257,608671,666969,53.61,,,,,,,,20,2,4-Seam Fastball,2,0,2,0,0,2,2,0,Infield shade,Standard,221.0,0.002,0.025,,,,,-0.025,,2,2,0.746,0.746,31,26,32,27,2,1,5.0,1.0,9.0,2.0,1.23,0.56,-0.56,28.9,,,,,
FF,2023-07-05,96.3,-2.03,5.43,"Duran, Jarren",680776,592351,,foul_tip,,,,,2.0,,R,L,R,BOS,TEX,S,,,0,0,2023,-0.8,1.13,0.0672050934148043,3.1243149096483673,,,657136.0,1,2,Bot,,,,,,,7.428372569428609,-140.09539677091598,-3.1527309443385505,-12.214301052491972,29.87878188923182,-16.743517023202557,3.45,1.75,,,,97.1,2037.0,6.6,717484,641680,663993,543760,673962,608369,543257,608671,666969,53.87,,,,,,,,20,1,4-Seam Fastball,2,0,2,0,0,2,2,0,Infield shade,Standard,222.0,-0.003,-0.042,,,,,0.042,,2,2,0.749,0.749,31,26,32,27,2,1,5.0,1.0,9.0,2.0,1.32,0.8,-0.8,27.4,,,,,
FF,2023-07-05,93.9,-2.45,5.55,"Duran, Jarren",680776,592351,single,hit_into_play,,,,,14.0,Jarren Duran singles on a ground ball to left fielder Robbie Grossman.,R,L,R,BOS,TEX,X,7.0,ground_ball,0,0,2023,-0.99,1.08,0.0856007136298769,1.5371393495531651,,,,0,1,Bot,90.77,95.54,,,,,8.822658692705648,-136.41642918096457,-7.151097967735208,-14.235823356008884,27.39763101417716,-17.228148228903073,3.45,1.75,6.0,110.3,-13.0,94.9,1993.0,6.8,717484,641680,663993,543760,673962,608369,543257,608671,666969,53.73,0.333,0.304,0.9,1.0,1.0,0.0,2.0,6,1,4-Seam Fastball,0,0,0,0,0,0,0,0,Infield shade,Standard,219.0,0.035,0.432,,,,0.358,-0.432,110.3,0,0,0.548,0.548,31,26,32,27,1,0,5.0,1.0,9.0,2.0,1.49,0.99,-0.99,30.1,,,,,
CH,2023-07-04,84.7,-2.56,5.41,"Duran, Jarren",680776,641540,field_out,hit_into_play,,,,,7.0,Jarren Duran pops out to shortstop Corey Seager.,R,L,R,BOS,TEX,X,6.0,popup,0,0,2023,-1.36,0.64,-0.6804032375537561,2.246149530479976,,,657136.0,2,5,Bot,109.64,142.76,,,,,7.240458170026514,-123.06216469371756,-2.2509523549786934,-15.343064679120774,27.122100775426738,-25.463409558763267,3.48,1.75,142.0,74.8,65.0,85.5,1807.0,7.2,717501,641598,663993,543760,673962,608369,543257,665750,666969,53.33,0.003,0.002,0.0,1.0,0.0,0.0,3.0,41,1,Changeup,1,4,1,4,4,1,1,4,Standard,Standard,241.0,-0.024,-0.286,,,,0.003,0.286,88.0,-3,-3,0.161,0.161,28,26,29,27,3,2,6.0,2.0,5.0,1.0,2.58,1.36,-1.36,38.3,,,,,
SI,2023-07-04,92.2,-2.41,5.4,"Duran, Jarren",680776,641540,double,hit_into_play,,,,,8.0,Jarren Duran doubles (26) on a sharp line drive to center fielder Leody Taveras.,R,L,R,BOS,TEX,X,8.0,line_drive,3,2,2023,-1.32,0.78,0.0567707781363115,1.8614946678828117,,,,2,3,Bot,122.11,49.19,,,,,9.244866800666747,-133.94721141162287,-4.909357419143314,-17.918502359317426,28.14421897857385,-21.85587827981081,3.48,1.75,371.0,111.5,13.0,93.2,2108.0,6.9,717501,641598,663993,543760,673962,608369,543257,665750,666969,53.59,0.832,0.888,1.25,1.0,1.0,1.0,6.0,24,8,Sinker,1,3,1,3,3,1,1,3,Infield shade,Standard,218.0,0.024,0.514,,,,1.264,-0.514,111.5,-2,-2,0.284,0.284,28,26,29,27,2,1,6.0,2.0,5.0,1.0,1.9,1.32,-1.32,38.7,,,,,
FF,2023-07-04,90.9,-2.27,5.52,"Duran, Jarren",680776,641540,,ball,,,,,12.0,,R,L,R,BOS,TEX,B,,,2,2,2023,-0.38,1.13,1.2656656874923873,3.833522661571732,,,,2,3,Bot,,,,,,,9.784328360177566,-132.02913809870086,-0.743092230668712,-6.433432146670572,27.068823286894656,-18.943772344559672,3.24127192257997,1.74804603361811,,,,92.1,2196.0,7.0,717501,641598,663993,543760,673962,608369,543257,665750,666969,53.48,,,,,,,,24,7,4-Seam Fastball,1,3,1,3,3,1,1,3,Standard,Standard,202.0,0.004,0.104,,,,,-0.104,,-2,-2,0.28,0.28,28,26,29,27,2,1,6.0,2.0,5.0,1.0,1.63,0.38,-0.38,44.5,,,,,
FC,2023-07-04,89.6,-2.54,5.36,"Duran, Jarren",680776,641540,,foul,,,,,5.0,,R,L,R,BOS,TEX,S,,,2,2,2023,0.18,0.97,0.1305544618797094,2.451386579862279,,,,2,3,Bot,,,,,,,6.268299850795359,-130.3074696896059,-3.238142217789193,0.7655416283603831,27.863696210635386,-20.692037866335372,3.48,1.75,160.0,65.2,34.0,90.4,2290.0,6.9,717501,641598,663993,543760,673962,608369,543257,665750,666969,53.63,,,,,,,,24,6,Cutter,1,3,1,3,3,1,1,3,Infield shade,Standard,188.0,0.0,0.0,,,,,0.0,88.0,-2,-2,0.28,0.28,28,26,29,27,2,1,6.0,2.0,5.0,1.0,1.88,-0.18,0.18,43.0,,,,,
SI,2023-07-04,92.8,-2.39,5.44,"Duran, Jarren",680776,641540,,foul,,,,,6.0,,R,L,R,BOS,TEX,S,,,2,2,2023,-1.06,1.01,0.7331420598495983,2.840069412507088,,,,2,3,Bot,,,,,,,10.430612548980449,-134.72219176936875,-3.064727315229633,-15.221486664886122,30.23835029118759,-19.399226488897614,3.48,1.75,158.0,75.9,15.0,93.6,2137.0,7.0,717501,641598,663993,543760,673962,608369,543257,665750,666969,53.54,,,,,,,,24,5,Sinker,1,3,1,3,3,1,1,3,Standard,Standard,217.0,0.0,0.0,,,,,0.0,88.0,-2,-2,0.28,0.28,28,26,29,27,2,1,6.0,2.0,5.0,1.0,1.66,1.06,-1.06,42.2,,,,,
CH,2023-07-04,86.5,-2.52,5.33,"Duran, Jarren",680776,641540,,foul,,,,,1.0,,R,L,R,BOS,TEX,S,,,2,1,2023,-1.59,0.18,-0.4604215055891147,3.2147001450613044,,,,2,3,Bot,,,,,,,8.244613092435538,-125.6686143839548,0.9006677098940994,-18.605701005388266,28.262187610863144,-30.69001480009107,3.48,1.75,308.0,93.4,25.0,86.8,1940.0,6.8,717501,641598,663993,543760,673962,608369,543257,665750,666969,53.66,,,,,,,,24,4,Changeup,1,3,1,3,3,1,1,3,Infield shade,Standard,250.0,-0.003,-0.081,,,,,0.081,93.4,-2,-2,0.283,0.283,28,26,29,27,2,1,6.0,2.0,5.0,1.0,2.9,1.59,-1.59,37.7,,,,,
FF,2023-07-04,92.1,-2.37,5.6,"Duran, Jarren",680776,641540,,ball,,,,,11.0,,R,L,R,BOS,TEX,B,,,1,1,2023,-0.63,1.38,-0.2581713059212119,5.144914056518366,,,,2,3,Bot,,,,,,,6.815402624557147,-133.83581992703114,1.8151395419386,-9.18132506694863,32.521706310366646,-16.494697341307596,3.33007071852123,1.74804603361811,,,,92.6,2253.0,6.9,717501,641598,663993,543760,673962,608369,543257,665750,666969,53.55,,,,,,,,24,3,4-Seam Fastball,1,3,1,3,3,1,1,3,Infield shade,Standard,210.0,0.002,0.053,,,,,-0.053,,-2,-2,0.281,0.281,28,26,29,27,2,1,6.0,2.0,5.0,1.0,1.35,0.63,-0.63,43.1,,,,,
SI,2023-07-04,92.4,-2.51,5.36,"Duran, Jarren",680776,641540,,foul,,,,,7.0,,R,L,R,BOS,TEX,S,,,1,0,2023,-1.47,0.64,-0.5742357212634368,1.6482431963168924,,,,2,3,Bot,,,,,,,8.194781864073363,-134.32031052512366,-5.105271528751615,-19.498709565825585,27.503809110452604,-23.450771124773127,3.48,1.75,181.0,76.4,18.0,93.5,2223.0,6.9,717501,641598,663993,543760,673962,608369,543257,665750,666969,53.64,,,,,,,,24,2,Sinker,1,3,1,3,3,1,1,3,Infield shade,Standard,221.0,-0.002,-0.056,,,,,0.056,88.0,-2,-2,0.283,0.283,28,26,29,27,2,1,6.0,2.0,5.0,1.0,2.02,1.47,-1.47,36.4,,,,,
FC,2023-07-04,89.7,-2.43,5.35,"Duran, Jarren",680776,641540,,ball,,,,,14.0,,R,L,R,BOS,TEX,B,,,0,0,2023,0.17,0.92,1.2796767701833238,2.400651891543975,,,,2,3,Bot,,,,,,,8.950199369865084,-130.4702491241032,-3.364243475625795,0.2942762478647017,23.660901992154116,-21.106666375632937,3.30047166232121,1.74804603361811,,,,91.4,2154.0,7.0,717501,641598,663993,543760,673962,608369,543257,665750,666969,53.49,,,,,,,,24,1,Cutter,1,3,1,3,3,1,1,3,Infield shade,Standard,199.0,0.001,0.043,,,,,-0.043,,-2,-2,0.282,0.282,28,26,29,27,2,1,6.0,2.0,5.0,1.0,1.88,-0.17,0.17,40.0,,,,,
SL,2023-07-04,83.1,-2.6,5.45,"Duran, Jarren",680776,641540,triple,hit_into_play,,,,,9.0,Jarren Duran triples (1) on a line drive to center fielder Leody Taveras.,R,L,R,BOS,TEX,X,8.0,line_drive,0,2,2023,0.36,-0.41,0.3165051112402774,1.6663015823407203,,,,0,1,Bot,158.37,42.05,,,,,6.018539127205983,-121.02252474896788,-1.4305031070890148,2.4068086682907746,22.52075802861344,-36.15669417185568,3.48,1.75,306.0,110.5,12.0,83.7,2389.0,6.6,717501,641598,663993,543760,673962,608369,543257,665750,666969,53.95,0.892,0.946,1.6,1.0,1.0,2.0,5.0,4,3,Slider,0,0,0,0,0,0,0,0,Infield shade,Standard,59.0,0.092,1.088,,,,1.299,-1.088,110.5,0,0,0.539,0.539,28,26,29,27,1,0,6.0,2.0,5.0,1.0,3.69,-0.36,0.36,35.8,,,,,
FC,2023-07-04,90.4,-2.48,5.5,"Duran, Jarren",680776,641540,,swinging_strike,,,,,6.0,,R,L,R,BOS,TEX,S,,,0,1,2023,0.17,0.83,0.5785397035526827,2.5287326632905565,,,,0,1,Bot,,,,,,,7.307280954126895,-131.55472839626438,-3.2989765851373383,0.6014155443141266,25.28630462920302,-22.032000903584983,3.48,1.75,,,,91.5,2305.0,6.7,717501,641598,663993,543760,673962,608369,543257,665750,666969,53.77,,,,,,,,4,2,Cutter,0,0,0,0,0,0,0,0,Infield shade,Standard,203.0,-0.006,-0.054,,,,,0.054,,0,0,0.545,0.545,28,26,29,27,1,0,6.0,2.0,5.0,1.0,1.94,-0.17,0.17,37.2,,,,,
SI,2023-07-04,91.3,-2.57,5.44,"Duran, Jarren",680776,641540,,foul,,,,,4.0,,R,L,R,BOS,TEX,S,,,0,0,2023,-1.15,0.54,-0.3220245557395058,2.464128817200294,,,,0,1,Bot,,,,,,,8.20925812870938,-132.77033379689587,-2.8092927701960764,-15.356794109498749,27.271966045557207,-25.35916396617742,3.48,1.75,132.0,75.9,11.0,92.1,2244.0,6.7,717501,641598,663993,543760,673962,608369,543257,665750,666969,53.79,,,,,,,,4,1,Sinker,0,0,0,0,0,0,0,0,Standard,Standard,221.0,-0.003,-0.042,,,,,0.042,88.0,0,0,0.548,0.548,28,26,29,27,1,0,6.0,2.0,5.0,1.0,2.19,1.15,-1.15,36.3,,,,,
FS,2023-07-02,88.5,-2.45,5.47,"Duran, Jarren",680776,592332,double,hit_into_play,,,,,13.0,Jarren Duran doubles (24) on a sharp ground ball to center fielder Kevin Kiermaier.,R,L,R,TOR,BOS,X,8.0,ground_ball,0,1,2023,-1.44,0.26,-0.358105553756155,1.4487897523522744,,,,1,5,Top,142.83,111.79,,,,,8.119496732594301,-128.56792074239806,-4.260501364893359,-17.623609725765284,26.88350473475702,-28.604586454169507,3.48,1.75,60.0,106.9,2.0,88.7,1721.0,6.6,717530,672386,665489,593160,656305,666182,662139,595281,543807,53.95,0.545,0.494,1.25,1.0,1.0,1.0,4.0,35,2,Split-Finger,3,2,2,3,2,3,2,3,Standard,Standard,240.0,-0.062,0.703,,,,0.596,-0.703,106.9,1,-1,0.673,0.3269999999999999,32,26,32,27,3,2,5.0,1.0,6.0,2.0,2.66,1.44,-1.44,36.3,,,,,
FF,2023-07-02,95.9,-2.36,5.62,"Duran, Jarren",680776,592332,,foul_tip,,,,,8.0,,R,L,R,TOR,BOS,S,,,0,0,2023,-1.06,1.45,0.1136881054080423,2.1862381211801036,,,,1,5,Top,,,,,,,8.970538318793771,-139.235195357895,-6.729970397597958,-15.87581918790751,33.208911920219975,-11.958126653603042,3.48,1.75,,,,95.9,2335.0,6.5,717530,672386,665489,593160,656305,666182,662139,595281,543807,53.97,,,,,,,,35,1,4-Seam Fastball,3,2,2,3,2,3,2,3,Infield shade,Standard,220.0,0.003,-0.041,,,,,0.041,,1,-1,0.67,0.3299999999999999,32,26,32,27,3,2,5.0,1.0,6.0,2.0,1.05,1.06,-1.06,36.3,,,,,
FS,2023-07-02,87.7,-2.52,5.57,"Duran, Jarren",680776,592332,double,hit_into_play,,,,,8.0,Jarren Duran doubles (23) on a line drive to right fielder George Springer.,R,L,R,TOR,BOS,X,9.0,line_drive,2,1,2023,-1.32,0.41,-0.1243827753767801,2.2411502928310476,,,,1,3,Top,205.03,81.05,,,,,8.544758598819758,-127.3920498847953,-2.7546028889837464,-16.106600150779983,26.33897920445961,-27.32941643770005,3.48,1.75,349.0,98.9,22.0,88.0,1843.0,6.6,717530,672386,665489,593160,656305,666182,662139,595281,543807,53.9,0.322,0.501,1.25,1.0,1.0,1.0,5.0,17,4,Split-Finger,1,1,1,1,1,1,1,1,Standard,Standard,237.0,-0.044,0.619,,,,0.903,-0.619,98.9,0,0,0.522,0.478,32,26,32,27,2,1,5.0,1.0,6.0,2.0,2.56,1.32,-1.32,38.2,,,,,
FF,2023-07-02,96.7,-2.38,5.59,"Duran, Jarren",680776,592332,,ball,,,,,14.0,,R,L,R,TOR,BOS,B,,,1,1,2023,-1.04,1.3,0.718360047122131,1.3951944955117592,,,,1,3,Top,,,,,,,10.706639541578696,-140.17456642711488,-8.54986255029611,-16.333417787158712,34.75275741002735,-13.14924723837021,3.40119164890388,1.74859772165047,,,,96.8,2367.0,6.8,717530,672386,665489,593160,656305,666182,662139,595281,543807,53.71,,,,,,,,17,3,4-Seam Fastball,1,1,1,1,1,1,1,1,Standard,Standard,221.0,-0.004,0.054,,,,,-0.054,,0,0,0.526,0.474,32,26,32,27,2,1,5.0,1.0,6.0,2.0,1.18,1.04,-1.04,38.9,,,,,
FF,2023-07-02,94.8,-2.41,5.62,"Duran, Jarren",680776,592332,,foul,,,,,7.0,,R,L,R,TOR,BOS,S,,,1,0,2023,-1.22,1.41,-0.4906213585143935,1.690221516333022,,,,1,3,Top,,,,,,,7.75588753781661,-137.55045079184694,-7.675661981301312,-17.24914404237212,32.721975401525214,-12.74293450420659,3.48,1.75,188.0,72.9,21.0,94.5,2370.0,6.4,717530,672386,665489,593160,656305,666182,662139,595281,543807,54.06,,,,,,,,17,2,4-Seam Fastball,1,1,1,1,1,1,1,1,Standard,Standard,220.0,0.004,-0.05,,,,,0.05,88.0,0,0,0.522,0.478,32,26,32,27,2,1,5.0,1.0,6.0,2.0,1.16,1.22,-1.22,41.5,,,,,
SL,2023-07-02,84.3,-2.54,5.56,"Duran, Jarren",680776,592332,,ball,,,,,13.0,,R,L,R,TOR,BOS,B,,,0,0,2023,0.14,0.53,-0.560501500802397,0.8580036310190149,,,,1,3,Top,,,,,,,4.327940817920024,-122.57366216415431,-5.602193918807728,0.5791114344297081,24.713799085471106,-25.916930147384186,3.45313495282326,1.74859772165047,,,,84.4,2280.0,6.4,717530,672386,665489,593160,656305,666182,662139,595281,543807,54.08,,,,,,,,17,1,Slider,1,1,1,1,1,1,1,1,Standard,Strategic,209.0,-0.003,0.039,,,,,-0.039,,0,0,0.525,0.475,32,26,32,27,2,1,5.0,1.0,6.0,2.0,2.69,-0.14,0.14,34.6,,,,,
CH,2023-07-02,82.9,-2.39,6.22,"Duran, Jarren",680776,670950,single,hit_into_play,,,,,13.0,Jarren Duran singles on a soft ground ball to pitcher Trevor Richards.,R,L,R,TOR,BOS,X,1.0,ground_ball,1,2,2023,-1.14,0.16,-1.0529901251239315,1.2268944462671962,,,,2,8,Top,119.13,190.7,,,,,5.265378334006417,-120.57398856280832,-5.247515523224892,-12.137483847916329,22.21517911931921,-29.86789682393592,3.48,1.75,1.0,52.1,-56.0,82.7,2645.0,6.1,717530,643376,665489,593160,656305,666182,662139,595281,543807,54.42,0.319,0.289,0.9,1.0,1.0,0.0,1.0,65,5,Changeup,4,4,4,4,4,4,4,4,Strategic,Standard,252.0,-0.033,0.427,,,,0.323,-0.427,88.0,0,0,0.59,0.41,30,26,30,27,1,4,1.0,1.0,4.0,2.0,3.15,1.14,-1.14,50.2,,,,,
FF,2023-07-02,94.2,-2.12,6.29,"Duran, Jarren",680776,670950,,foul,,,,,11.0,,R,L,R,TOR,BOS,S,,,1,2,2023,-0.72,1.64,-0.8311726867036311,3.621331154293075,,,,2,8,Top,,,,,,,4.925762155645362,-136.98143087224955,-4.822526697567801,-10.1738257744594,31.643457170652173,-10.692501155071463,3.48,1.75,,,,93.8,2368.0,6.2,717530,643376,665489,593160,656305,666182,662139,595281,543807,54.33,,,,,,,,65,4,4-Seam Fastball,4,4,4,4,4,4,4,4,Strategic,Standard,200.0,0.0,0.0,,,,,0.0,,0,0,0.59,0.41,30,26,30,27,1,4,1.0,1.0,4.0,2.0,0.94,0.72,-0.72,52.6,,,,,
FF,2023-07-02,93.3,-2.36,6.24,"Duran, Jarren",680776,670950,,swinging_strike,,,,,11.0,,R,L,R,TOR,BOS,S,,,1,1,2023,-0.73,1.71,-0.5909837219871643,3.618156387277277,,,,2,8,Top,,,,,,,6.135808286865013,-135.6294104892072,-4.7133634875122254,-10.436341663366484,30.99189017815318,-10.222189235155,3.48,1.75,,,,92.8,2353.0,6.2,717530,643376,665489,593160,656305,666182,662139,595281,543807,54.33,,,,,,,,65,3,4-Seam Fastball,4,4,4,4,4,4,4,4,Standard,Standard,204.0,0.007,-0.069,,,,,0.069,,0,0,0.583,0.417,30,26,30,27,1,4,1.0,1.0,4.0,2.0,0.92,0.73,-0.73,52.9,,,,,
CH,2023-07-02,82.4,-2.39,6.18,"Duran, Jarren",680776,670950,,foul,,,,,5.0,,R,L,R,TOR,BOS,S,,,1,0,2023,-1.26,0.35,-0.1014668366654345,2.7084286248827505,,,,2,8,Top,,,,,,,7.61297370842212,-119.9231989707828,-2.118857743872357,-13.558150708689428,20.737730458778024,-28.541530327414364,3.48,1.75,172.0,68.1,33.0,82.6,2668.0,6.2,717530,643376,665489,593160,656305,666182,662139,595281,543807,54.33,,,,,,,,65,2,Changeup,4,4,4,4,4,4,4,4,Standard,Standard,247.0,0.004,-0.056,,,,,0.056,88.0,0,0,0.579,0.421,30,26,30,27,1,4,1.0,1.0,4.0,2.0,2.97,1.26,-1.26,50.5,,,,,
CH,2023-07-02,82.1,-2.32,6.23,"Duran, Jarren",680776,670950,,ball,,,,,14.0,,R,L,R,TOR,BOS,B,,,0,0,2023,-1.18,0.33,1.1047013062173656,1.5962428121963823,,,,2,8,Top,,,,,,,10.01032008326263,-119.14019014147256,-4.62436639352298,-13.043073601795216,20.450168592617356,-28.31817543587326,3.40119164890388,1.67659961729697,,,,82.2,2605.0,6.3,717530,643376,665489,593160,656305,666182,662139,595281,543807,54.2,,,,,,,,65,1,Changeup,4,4,4,4,4,4,4,4,Standard,Standard,248.0,-0.003,0.043,,,,,-0.043,,0,0,0.582,0.418,30,26,30,27,1,4,1.0,1.0,4.0,2.0,3.04,1.18,-1.18,47.5,,,,,
FS,2023-07-02,87.4,-2.58,5.56,"Duran, Jarren",680776,592332,double,hit_into_play,,,,,13.0,Jarren Duran doubles (22) on a fly ball to left fielder Daulton Varsho.,R,L,R,TOR,BOS,X,7.0,fly_ball,3,2,2023,-1.47,0.49,-1.3452242412816109,1.9783266848575192,,,,0,1,Top,76.24,143.74,,,,,6.024120269812634,-127.11965498080296,-3.5051597035814925,-17.121998335179224,26.112079728157607,-26.383852381765813,3.48,1.75,186.0,62.0,43.0,87.9,1916.0,6.6,717530,672386,665489,593160,656305,666182,662139,595281,543807,53.87,0.297,0.268,1.25,1.0,1.0,1.0,3.0,1,8,Split-Finger,0,0,0,0,0,0,0,0,Standard,Standard,238.0,-0.054,0.618,,,,0.324,-0.618,88.0,0,0,0.495,0.505,32,26,32,27,1,0,5.0,1.0,6.0,2.0,2.5,1.47,-1.47,34.8,,,,,
FF,2023-07-02,95.9,-2.41,5.71,"Duran, Jarren",680776,592332,,foul,,,,,2.0,,R,L,R,TOR,BOS,S,,,3,2,2023,-0.92,1.35,-0.0868664169112145,3.3057739832379545,,,,0,1,Top,,,,,,,8.215049039130061,-139.32928650380643,-3.756713620296588,-13.843776530461405,33.296597676484645,-13.97509274997281,3.48,1.75,237.0,83.6,51.0,95.6,2234.0,6.4,717530,672386,665489,593160,656305,666182,662139,595281,543807,54.13,,,,,,,,1,7,4-Seam Fastball,0,0,0,0,0,0,0,0,Standard,Standard,216.0,0.0,0.0,,,,,0.0,88.0,0,0,0.495,0.505,32,26,32,27,1,0,5.0,1.0,6.0,2.0,1.15,0.92,-0.92,38.7,,,,,
FF,2023-07-02,96.2,-2.37,5.76,"Duran, Jarren",680776,592332,,foul,,,,,2.0,,R,L,R,TOR,BOS,S,,,3,2,2023,-0.99,1.51,-0.11146382523584,2.9606288400887295,,,,0,1,Top,,,,,,,8.241544588193097,-139.89734293093235,-5.284632316123022,-14.843361532763335,30.515150477984577,-11.246080527230507,3.48,1.75,,,,96.5,2208.0,6.4,717530,672386,665489,593160,656305,666182,662139,595281,543807,54.09,,,,,,,,1,6,4-Seam Fastball,0,0,0,0,0,0,0,0,Strategic,Standard,217.0,0.0,0.0,,,,,0.0,,0,0,0.495,0.505,32,26,32,27,1,0,5.0,1.0,6.0,2.0,0.95,0.99,-0.99,38.1,,,,,
FS,2023-07-02,88.2,-2.53,5.57,"Duran, Jarren",680776,592332,,ball,,,,,14.0,,R,L,R,TOR,BOS,B,,,2,2,2023,-1.45,0.69,0.5928874501534163,-0.0750474962335814,,,,0,1,Top,,,,,,,10.629989331795118,-127.79182765152493,-9.05536908054354,-18.11149288650636,26.069720584357192,-22.82811813500066,3.42716302044793,1.74859772165047,,,,88.3,1938.0,6.5,717530,672386,665489,593160,656305,666182,662139,595281,543807,53.96,,,,,,,,1,5,Split-Finger,0,0,0,0,0,0,0,0,Strategic,Standard,236.0,-0.008,0.115,,,,,-0.115,,0,0,0.503,0.497,32,26,32,27,1,0,5.0,1.0,6.0,2.0,2.26,1.45,-1.45,36.2,,,,,
FF,2023-07-02,96.1,-2.36,5.74,"Duran, Jarren",680776,592332,,ball,,,,,13.0,,R,L,R,TOR,BOS,B,,,1,2,2023,-1.0,1.35,-0.7631909564226832,1.5268350998299245,,,,0,1,Top,,,,,,,6.513489305923338,-139.56894444532765,-8.63200979211403,-14.49412383922111,32.00297478654179,-12.784403403651906,3.47910744114212,1.74859772165047,,,,96.3,2269.0,6.6,717530,672386,665489,593160,656305,666182,662139,595281,543807,53.93,,,,,,,,1,4,4-Seam Fastball,0,0,0,0,0,0,0,0,Strategic,Standard,219.0,-0.004,0.046,,,,,-0.046,,0,0,0.507,0.493,32,26,32,27,1,0,5.0,1.0,6.0,2.0,1.13,1.0,-1.0,38.7,,,,,
FF,2023-07-02,96.3,-2.46,5.73,"Duran, Jarren",680776,592332,,ball,,,,,13.0,,R,L,R,TOR,BOS,B,,,0,2,2023,-1.04,1.39,-0.9502401992718016,1.806393883602266,,,,0,1,Top,,,,,,,6.3733521929809465,-139.8585158760038,-7.976143268285341,-15.0455538119527,31.995005305165687,-12.34766221772796,3.45313495282326,1.74859772165047,,,,96.4,2179.0,6.5,717530,672386,665489,593160,656305,666182,662139,595281,543807,54.03,,,,,,,,1,3,4-Seam Fastball,0,0,0,0,0,0,0,0,Strategic,Standard,222.0,-0.002,0.024,,,,,-0.024,,0,0,0.509,0.491,32,26,32,27,1,0,5.0,1.0,6.0,2.0,1.08,1.04,-1.04,37.4,,,,,
FF,2023-07-02,94.0,-1.06,6.24,"Duran, Jarren",680776,657024,double,hit_into_play,,,,,2.0,Jarren Duran doubles (25) on a fly ball to left fielder Daulton Varsho.,R,L,R,TOR,BOS,X,7.0,fly_ball,0,1,2023,-0.86,1.46,0.0590040975860581,3.1474786864385793,,,,0,7,Top,32.64,97.03,,,,,4.826384952729986,-136.6963466380565,-5.496383444294872,-11.893524150691384,33.387759059003045,-12.899906442333211,3.48,1.75,340.0,96.9,30.0,94.0,2290.0,6.6,717530,672386,665489,593160,656305,666182,662139,595281,543807,53.93,0.326,0.6025652173913043,1.25,1.0,1.0,1.0,5.0,52,2,4-Seam Fastball,4,2,2,4,2,4,2,4,Standard,Standard,218.0,-0.094,0.748,,,,1.171,-0.748,96.9,2,-2,0.82,0.18,29,26,30,27,1,3,1.0,1.0,2.0,2.0,1.15,0.86,-0.86,51.4,,,,,
FF,2023-07-02,95.7,-2.54,5.77,"Duran, Jarren",680776,592332,,swinging_strike,,,,,5.0,,R,L,R,TOR,BOS,S,,,0,1,2023,-0.82,1.48,-0.2704297629484493,2.5341489100662846,,,,0,1,Top,,,,,,,7.834223523722171,-139.13173395364717,-6.234119506815656,-12.44028108938235,31.259361361407613,-11.77807943482988,3.48,1.75,,,,95.5,2207.0,6.2,717530,672386,665489,593160,656305,666182,662139,595281,543807,54.28,,,,,,,,1,2,4-Seam Fastball,0,0,0,0,0,0,0,0,Standard,Standard,216.0,0.006,-0.054,,,,,0.054,,0,0,0.503,0.497,32,26,32,27,1,0,5.0,1.0,6.0,2.0,1.02,0.82,-0.82,38.6,,,,,
FF,2023-07-02,94.2,-2.49,5.83,"Duran, Jarren",680776,592332,,swinging_strike,,,,,7.0,,R,L,R,TOR,BOS,S,,,0,0,2023,-0.85,1.45,-0.3681747354785685,2.0416864739854748,,,,0,1,Top,,,,,,,7.387952210854584,-136.7946242910875,-7.345327047773561,-12.269435975492389,30.33321232339073,-12.464525119792263,3.48,1.75,,,,94.1,2195.0,6.4,717530,672386,665489,593160,656305,666182,662139,595281,543807,54.15,,,,,,,,1,1,4-Seam Fastball,0,0,0,0,0,0,0,0,Infield shade,Standard,213.0,0.003,-0.042,,,,,0.042,,0,0,0.5,0.5,32,26,32,27,1,0,5.0,1.0,6.0,2.0,1.13,0.85,-0.85,39.4,,,,,
FF,2023-07-02,92.1,-0.97,6.22,"Duran, Jarren",680776,657024,,foul,,,,,5.0,,R,L,R,TOR,BOS,S,,,0,0,2023,-0.86,1.4,-0.0675025573188805,2.875387812391817,,,,0,7,Top,,,,,,,4.209025978059151,-134.0260688621101,-5.745204221224899,-11.241723864649028,30.00133252488668,-14.23312196338543,3.48,1.75,162.0,76.7,14.0,92.8,2201.0,6.8,717530,672386,665489,593160,656305,666182,662139,595281,543807,53.69,,,,,,,,52,1,4-Seam Fastball,4,2,2,4,2,4,2,4,Standard,Standard,215.0,0.005,-0.042,,,,,0.042,88.0,2,-2,0.815,0.185,29,26,30,27,1,3,1.0,1.0,2.0,2.0,1.29,0.86,-0.86,53.2,,,,,
FS,2023-07-01,85.5,-1.41,5.84,"Duran, Jarren",680776,657024,field_out,hit_into_play,,,,,13.0,"Jarren Duran grounds out, first baseman Vladimir Guerrero Jr. to pitcher Erik Swanson.",R,L,R,TOR,BOS,X,3.0,ground_ball,0,0,2023,-1.02,0.8,-0.2163288143894847,1.4637975588973215,,671213.0,,2,9,Top,160.67,168.13,,,,,4.872827456365655,-124.41778902512006,-5.675127952393827,-11.539601601875823,24.20541728758617,-22.94233884556417,3.49,1.75,41.0,93.8,0.0,85.9,1204.0,6.5,717547,672386,665489,624415,656305,666182,662139,595281,543807,54.01,0.388,0.353,0.0,1.0,0.0,0.0,2.0,78,1,Split-Finger,5,7,7,5,7,5,7,5,Standard,Standard,230.0,0.014,-0.294,,,,0.435,0.294,93.8,-2,2,0.081,0.919,29,26,30,27,1,0,2.0,1.0,1.0,1.0,2.31,1.02,-1.02,43.7,,,,,
CH,2023-06-30,85.4,-2.28,5.46,"Duran, Jarren",680776,621244,home_run,hit_into_play,,,,,7.0,Jarren Duran homers (4) on a fly ball to center field. Connor Wong scores.,R,L,R,TOR,BOS,X,,fly_ball,0,0,2023,-1.24,0.6,-0.3568913684884711,2.0470819963894367,,657136.0,,0,6,Top,96.39,33.05,,,,,7.079366110102282,-124.26159566536082,-2.994070478302168,-14.231414955370544,24.35947801632672,-25.506249484709045,3.49,1.75,417.0,106.2,26.0,86.2,1378.0,6.7,717555,643376,665489,669289,656305,666182,593160,662139,543807,53.76,0.891,1.7648888888888892,2.0,1.0,0.0,3.0,6.0,35,1,Changeup,0,1,1,0,3,0,3,0,Standard,Standard,247.0,-0.136,1.0,,,,3.504,-1.0,106.2,-1,1,0.273,0.727,29,26,29,27,3,2,6.0,2.0,6.0,1.0,2.52,1.24,-1.24,39.4,,,,,
CH,2023-06-30,84.7,-2.33,5.47,"Duran, Jarren",680776,621244,field_out,hit_into_play,,,,,13.0,"Jarren Duran grounds out, second baseman Santiago Espinal to first baseman Vladimir Guerrero Jr.",R,L,R,TOR,BOS,X,4.0,ground_ball,1,1,2023,-1.17,0.26,-0.5230898058193616,1.600510192046301,,,,2,3,Top,148.85,160.35,,,,,6.574401359915521,-123.1142310993251,-3.1857329595495356,-13.198505083874338,25.030510218914177,-29.09859673349227,3.49,1.75,46.0,79.2,2.0,84.9,1370.0,6.5,717555,643376,665489,669289,656305,666182,593160,662139,543807,53.97,0.258,0.24,0.0,1.0,0.0,0.0,2.0,16,3,Changeup,0,0,0,0,0,0,0,0,Standard,Standard,247.0,0.011,-0.261,,,,0.283,0.261,88.0,0,0,0.544,0.4559999999999999,29,26,29,27,2,1,6.0,2.0,6.0,1.0,2.93,1.17,-1.17,38.9,,,,,
SV,2023-06-30,82.6,-2.29,5.58,"Duran, Jarren",680776,621244,,swinging_strike,,,,,14.0,,R,L,R,TOR,BOS,S,,,1,0,2023,1.16,-0.59,0.9147417312217409,1.3049365221874971,,,,2,3,Top,,,,,,,5.037126246083874,-120.1922429321496,-2.045071792731119,10.196329294068248,24.762336401983855,-37.68982271899012,3.49,1.75,,,,82.5,2387.0,6.3,717555,643376,665489,669289,656305,666182,593160,662139,543807,54.16,,,,,,,,16,2,Slurve,0,0,0,0,0,0,0,0,Standard,Standard,41.0,0.002,-0.056,,,,,0.056,,0,0,0.542,0.4579999999999999,29,26,29,27,2,1,6.0,2.0,6.0,1.0,3.95,-1.16,1.16,42.5,,,,,
SV,2023-06-30,80.6,-2.39,5.57,"Duran, Jarren",680776,621244,,ball,,,,,13.0,,R,L,R,TOR,BOS,B,,,0,0,2023,1.29,-0.65,-1.5533466689724007,2.5060175490203584,,,,2,3,Top,,,,,,,-0.6037108481688991,-117.36513376556044,1.1014523417685027,12.04697787181595,23.011702683650793,-38.634393907353285,3.48842400109752,1.72328096680766,,,,80.3,2218.0,6.1,717555,643376,665489,669289,656305,666182,593160,662139,543807,54.38,,,,,,,,16,1,Slurve,0,0,0,0,0,0,0,0,Standard,Standard,43.0,-0.001,0.043,,,,,-0.043,,0,0,0.543,0.4569999999999999,29,26,29,27,2,1,6.0,2.0,6.0,1.0,4.17,-1.29,1.29,41.8,,,,,
SL,2023-06-30,88.0,-1.42,5.89,"Duran, Jarren",680776,669952,field_out,hit_into_play,,,,,14.0,Jarren Duran flies out to right fielder George Springer.,R,L,R,TOR,BOS,X,9.0,fly_ball,1,1,2023,0.41,0.27,0.967825980347622,2.52574554940192,666152.0,,,2,9,Top,164.54,54.38,,,,,4.96891712361324,-128.09630159686662,-2.6206257400853334,3.4333379259448367,27.184026547743972,-28.810190144912276,3.49,1.75,369.0,96.2,33.0,88.4,2240.0,6.6,717555,643376,665489,676391,656305,666182,593160,662139,543807,53.9,0.202,0.377111111111111,0.0,1.0,0.0,0.0,5.0,64,3,Slider,0,5,5,0,5,0,5,0,Standard,Standard,169.0,0.001,-0.286,,,,0.738,0.286,96.2,-5,5,0.007,0.993,28,26,29,27,1,4,3.0,2.0,7.0,1.0,2.67,-0.41,0.41,40.2,,,,,
CU,2023-06-30,79.3,-1.81,5.58,"Duran, Jarren",680776,663423,field_out,hit_into_play,,,,,5.0,Jarren Duran flies out to left fielder Whit Merrifield.,R,L,R,TOR,BOS,X,7.0,fly_ball,1,0,2023,1.03,-1.33,-0.104106074306729,2.798383854754463,,671213.0,666152.0,2,7,Top,78.51,112.67,,,,,1.8052746549929055,-115.35780309439188,3.307962683323354,8.743134734718033,24.040716243907916,-44.879249844512294,3.49,1.75,246.0,95.0,52.0,79.4,3154.0,6.7,717555,643376,665489,669289,656305,666182,593160,662139,543807,53.84,0.008,0.011,0.0,1.0,0.0,0.0,3.0,47,2,Curveball,0,4,4,0,4,0,4,0,Standard,Standard,45.0,0.011,-0.326,,,,0.016,0.326,95.0,-4,4,0.06,0.94,29,26,30,27,1,3,2.0,2.0,32.0,1.0,4.99,-1.03,1.03,53.1,,,,,
CU,2023-06-30,80.5,-2.04,5.42,"Duran, Jarren",680776,663423,,ball,,,,,11.0,,R,L,R,TOR,BOS,B,,,0,0,2023,0.97,-1.22,-0.0545484835101571,3.656131629359084,,671213.0,666152.0,2,7,Top,,,,,,,2.5577702607240687,-116.98824951300462,5.120350316787037,8.329719731794077,23.883848649472903,-44.57371614094698,3.28346175131186,1.79244351600744,,,,80.0,3097.0,6.2,717555,643376,665489,669289,656305,666182,593160,662139,543807,54.33,,,,,,,,47,1,Curveball,0,4,4,0,4,0,4,0,Standard,Standard,51.0,-0.001,0.03,,,,,-0.03,,-4,4,0.061,0.939,29,26,30,27,1,3,2.0,2.0,32.0,1.0,4.77,-0.97,0.97,46.9,,,,,
FF,2023-06-30,93.1,-1.32,5.99,"Duran, Jarren",680776,669952,,called_strike,,,,,4.0,,R,L,R,TOR,BOS,S,,,1,0,2023,-0.39,1.44,-0.451979071510997,2.6243619608024935,666152.0,,,2,9,Top,,,,,,,3.091130918497046,-135.39525945121852,-6.021795911141962,-5.440989244353098,30.3584156452848,-13.303261001070863,3.38734029684266,1.74057080902945,,,,93.2,2237.0,6.4,717555,643376,665489,676391,656305,666182,593160,662139,543807,54.07,,,,,,,,64,2,4-Seam Fastball,0,5,5,0,5,0,5,0,Standard,Standard,207.0,0.0,-0.035,,,,,0.035,,-5,5,0.007,0.993,28,26,29,27,1,4,3.0,2.0,7.0,1.0,1.19,0.39,-0.39,43.2,,,,,
FF,2023-06-30,93.4,-1.35,6.04,"Duran, Jarren",680776,669952,,ball,,,,,11.0,,R,L,R,TOR,BOS,B,,,0,0,2023,-0.45,1.49,-1.068981069492566,4.0103606562869265,666152.0,,,2,9,Top,,,,,,,1.739929702036645,-135.99511030315134,-2.7252164812580504,-5.9959423805761665,31.097799168108754,-13.39845777991981,3.36136979492022,1.66276851532859,,,,93.6,2185.0,6.5,717555,643376,665489,676391,656305,666182,593160,662139,543807,54.05,,,,,,,,64,1,4-Seam Fastball,0,5,5,0,5,0,5,0,Standard,Standard,198.0,0.0,0.028,,,,,-0.028,,-5,5,0.007,0.993,28,26,29,27,1,4,3.0,2.0,7.0,1.0,1.13,0.45,-0.45,44.9,,,,,
CH,2023-06-30,81.8,-2.39,5.52,"Duran, Jarren",680776,621244,strikeout,swinging_strike,,,,,11.0,Jarren Duran strikes out swinging.,R,L,R,TOR,BOS,S,2.0,,2,2,2023,-0.99,0.36,-1.1686171913475618,3.3716133840371594,,,,0,1,Top,,,,,,,4.703641132640381,-119.15374785746044,0.9943739444936692,-10.376272187539923,22.20883414257018,-29.10888569715557,3.49,1.75,,,,82.3,1391.0,6.5,717555,643376,665489,669289,656305,666182,593160,662139,543807,53.98,,0.0,0.0,1.0,0.0,0.0,,1,6,Changeup,0,0,0,0,0,0,0,0,Standard,Standard,250.0,0.019,-0.239,,,,,0.239,,0,0,0.503,0.497,29,26,29,27,1,0,6.0,2.0,6.0,1.0,3.03,0.99,-0.99,40.8,,,,,
CH,2023-06-30,86.0,-2.22,5.55,"Duran, Jarren",680776,621244,,foul,,,,,13.0,,R,L,R,TOR,BOS,S,,,2,2,2023,-1.28,0.41,-0.9936371072945196,1.825410035494436,,,,0,1,Top,,,,,,,5.557775566471872,-125.1772739236338,-3.4332656077747066,-14.616174407194215,25.284433501128316,-27.415880406857816,3.49,1.75,2.0,54.6,-49.0,86.6,1495.0,6.6,717555,643376,665489,669289,656305,666182,593160,662139,543807,53.87,,,,,,,,1,5,Changeup,0,0,0,0,0,0,0,0,Strategic,Standard,245.0,0.0,0.0,,,,,0.0,88.0,0,0,0.503,0.497,29,26,29,27,1,0,6.0,2.0,6.0,1.0,2.67,1.28,-1.28,41.9,,,,,
CH,2023-06-30,85.8,-2.49,5.49,"Duran, Jarren",680776,621244,,swinging_strike,,,,,13.0,,R,L,R,TOR,BOS,S,,,2,1,2023,-1.2,0.33,-0.1280039980192215,1.0542724023410277,,,,0,1,Top,,,,,,,8.039315533057396,-124.6407782691286,-4.901772244251886,-14.083835783829086,24.5030719283284,-27.93600773915009,3.49,1.75,,,,86.1,1439.0,6.5,717555,643376,665489,669289,656305,666182,593160,662139,543807,53.98,,,,,,,,1,4,Changeup,0,0,0,0,0,0,0,0,Standard,Standard,242.0,0.007,-0.074,,,,,0.074,,0,0,0.496,0.504,29,26,29,27,1,0,6.0,2.0,6.0,1.0,2.77,1.2,-1.2,46.8,,,,,
FF,2023-06-30,93.8,-2.22,5.66,"Duran, Jarren",680776,621244,,called_strike,,,,,4.0,,R,L,R,TOR,BOS,S,,,2,0,2023,-0.75,1.22,-0.4445723040430294,2.8287726961217663,,,,0,1,Top,,,,,,,6.308713780121878,-136.40627865880953,-4.322270574007714,-10.686531207198676,29.578253269714697,-16.156447849372316,3.48842400109752,1.79244351600744,,,,94.7,2212.0,6.8,717555,643376,665489,669289,656305,666182,593160,662139,543807,53.69,,,,,,,,1,3,4-Seam Fastball,0,0,0,0,0,0,0,0,Standard,Standard,219.0,0.007,-0.065,,,,,0.065,,0,0,0.489,0.511,29,26,29,27,1,0,6.0,2.0,6.0,1.0,1.37,0.75,-0.75,43.6,,,,,
FF,2023-06-30,93.8,-2.37,5.69,"Duran, Jarren",680776,621244,,ball,,,,,11.0,,R,L,R,TOR,BOS,B,,,1,0,2023,-0.59,1.36,-1.4188359993383428,3.36950589125265,,,,0,1,Top,,,,,,,3.772912159949248,-136.52183300668372,-3.270399175812293,-8.210623304609856,31.969888321457297,-14.680556183575018,3.48842400109752,1.71463580063512,,,,93.9,2237.0,6.5,717555,643376,665489,669289,656305,666182,593160,662139,543807,54.01,,,,,,,,1,2,4-Seam Fastball,0,0,0,0,0,0,0,0,Standard,Standard,213.0,-0.007,0.071,,,,,-0.071,,0,0,0.496,0.504,29,26,29,27,1,0,6.0,2.0,6.0,1.0,1.24,0.59,-0.59,43.5,,,,,
FF,2023-06-30,93.4,-2.37,5.66,"Duran, Jarren",680776,621244,,ball,,,,,11.0,,R,L,R,TOR,BOS,B,,,0,0,2023,-0.61,1.46,-1.5069070356995329,4.1884538237820275,,,,0,1,Top,,,,,,,3.577665057467202,-135.98167742220323,-1.2311184230921164,-8.40211609930083,31.294917687907287,-14.030024374596213,3.48842400109752,1.84431975545607,,,,93.6,2234.0,6.5,717555,643376,665489,669289,656305,666182,593160,662139,543807,54.01,,,,,,,,1,1,4-Seam Fastball,0,0,0,0,0,0,0,0,Standard,Standard,216.0,-0.004,0.04,,,,,-0.04,,0,0,0.5,0.5,29,26,29,27,1,0,6.0,2.0,6.0,1.0,1.16,0.61,-0.61,43.7,,,,,
SI,2023-06-28,98.0,-1.69,5.62,"Duran, Jarren",680776,623211,single,hit_into_play,,,,,8.0,Jarren Duran singles on a line drive to left fielder Bryan De La Cruz.,R,L,R,BOS,MIA,X,7.0,line_drive,0,0,2023,-1.4,0.72,0.0247561200773889,2.272810930923382,,,,1,7,Bot,69.05,106.3,,,,,7.790239640791994,-142.53984145230402,-5.194770807392616,-20.854952821703257,32.76401944313833,-21.343091481135673,3.51,1.74,158.0,109.4,5.0,97.3,2304.0,5.9,717583,663743,643265,650333,516416,621563,650559,665862,641505,54.57,0.637,0.577,0.9,1.0,1.0,0.0,4.0,53,1,Sinker,1,4,1,4,4,1,1,4,Infield shade,Standard,229.0,0.032,0.416,,,,0.707,-0.416,109.4,-3,-3,0.1,0.1,33,26,34,27,1,0,4.0,1.0,3.0,2.0,1.66,1.4,-1.4,36.9,,,,,
SI,2023-06-28,93.8,-3.41,5.98,"Duran, Jarren",680776,571670,single,hit_into_play,,,,,5.0,Jarren Duran singles on a ground ball to center fielder Jazz Chisholm Jr. Rafael Devers scores. Adam Duvall to 3rd.,R,L,R,BOS,MIA,X,8.0,ground_ball,3,2,2023,-1.31,0.6,0.1085525124602944,2.3644551510974003,,646240.0,594807.0,1,9,Bot,139.08,103.59,,,,,11.991313715913863,-136.01861600733992,-4.913791638366705,-18.946507152242177,30.43041559028075,-23.730116100745903,3.51,1.74,10.0,107.6,-13.0,93.7,2114.0,6.5,717583,663743,643265,650333,516416,621563,650559,665862,641505,54.01,0.319,0.293,0.9,1.0,1.0,0.0,2.0,72,7,Sinker,1,6,1,6,6,2,2,6,Infield shade,Standard,226.0,0.028,0.462,,,,0.323,-0.462,107.6,-5,-5,0.023,0.023,32,26,33,27,1,1,4.0,1.0,3.0,2.0,2.01,1.31,-1.31,38.0,,,,,
SL,2023-06-28,86.1,-3.44,5.83,"Duran, Jarren",680776,571670,,blocked_ball,,,,,14.0,,R,L,R,BOS,MIA,B,,,2,2,2023,0.08,0.26,0.5062046367278126,0.4954462350366162,,646240.0,594807.0,1,9,Bot,,,,,,,9.18019520479559,-125.01044544413566,-6.902755434762605,-1.0249242552015927,26.062939311971185,-28.198743127159315,3.38359434600526,1.75649187175567,,,,85.9,1895.0,6.4,717583,663743,643265,650333,516416,621563,650559,665862,641505,54.13,,,,,,,,72,6,Slider,1,6,1,6,6,1,1,6,Standard,Standard,231.0,0.006,0.062,,,,,-0.062,,-5,-5,0.017,0.017,32,26,33,27,1,1,4.0,1.0,3.0,2.0,2.84,-0.08,0.08,36.9,,,,,
SI,2023-06-28,93.5,-3.18,5.91,"Duran, Jarren",680776,571670,,ball,,,,,14.0,,R,L,R,BOS,MIA,B,,,1,2,2023,-1.27,0.39,0.7596997538909134,1.1326088901001563,,646240.0,594807.0,1,9,Bot,,,,,,,12.96394263009798,-135.43150839786614,-7.391617690166406,-18.465731637001788,30.055694909370487,-25.82618982313807,3.44172379565378,1.75649187175567,,,,93.5,2065.0,6.6,717583,663743,643265,650333,516416,621563,650559,665862,641505,53.92,,,,,,,,72,5,Sinker,1,6,1,6,6,1,1,6,Standard,Standard,227.0,0.003,0.028,,,,,-0.028,,-5,-5,0.014,0.014,32,26,33,27,1,1,4.0,1.0,3.0,2.0,2.25,1.27,-1.27,36.6,,,,,
FF,2023-06-28,92.2,-3.49,5.84,"Duran, Jarren",680776,571670,,foul,,,,,2.0,,R,L,R,BOS,MIA,S,,,1,2,2023,-0.98,0.83,0.1994314844156957,3.3341556200950535,,646240.0,594807.0,1,9,Bot,,,,,,,11.53477155986055,-133.8621008133439,-2.3450058913874843,-14.203488658185798,28.039896967480026,-21.876812060773105,3.51,1.74,302.0,87.2,29.0,92.6,2067.0,6.6,717583,663743,643265,650333,516416,621563,650559,665862,641505,53.89,,,,,,,,72,4,4-Seam Fastball,1,6,1,6,6,1,1,6,Standard,Standard,231.0,0.0,0.0,,,,,0.0,88.0,-5,-5,0.014,0.014,32,26,33,27,1,1,4.0,1.0,3.0,2.0,1.86,0.98,-0.98,35.1,,,,,
SI,2023-06-28,94.5,-3.25,6.09,"Duran, Jarren",680776,571670,,ball,,,,,12.0,,R,L,R,BOS,MIA,B,,,0,2,2023,-1.38,0.63,0.1635376298741113,4.348285245876445,,646240.0,594807.0,1,9,Bot,,,,,,,12.03306564415504,-137.13271725491606,-0.2618622130937937,-19.979419922337907,28.292579059427545,-24.317121816048385,3.44172379565378,1.81482118267741,,,,95.2,2137.0,6.7,717583,663743,643265,650333,516416,621563,650559,665862,641505,53.8,,,,,,,,72,3,Sinker,1,6,1,6,6,1,1,6,Standard,Standard,226.0,0.001,0.022,,,,,-0.022,,-5,-5,0.013,0.013,32,26,33,27,1,1,4.0,1.0,3.0,2.0,1.92,1.38,-1.38,42.3,,,,,
SL,2023-06-28,84.7,-3.73,5.61,"Duran, Jarren",680776,571670,,foul,,,,,8.0,,R,L,R,BOS,MIA,S,,,0,1,2023,0.07,0.43,0.1352006284115307,2.112835011161553,,646240.0,594807.0,1,9,Bot,,,,,,,8.96793501248936,-122.87194287804772,-2.5543344156869963,-1.3573017997173469,28.848148003047704,-27.47016454126595,3.51,1.74,158.0,85.2,69.0,84.9,1834.0,7.0,717583,663743,643265,650333,516416,621563,650559,665862,641505,53.47,,,,,,,,72,2,Slider,1,6,1,6,6,1,1,6,Standard,Standard,250.0,-0.004,-0.05,,,,,0.05,88.0,-5,-5,0.017,0.017,32,26,33,27,1,1,4.0,1.0,3.0,2.0,2.81,-0.07,0.07,31.7,,,,,
SI,2023-06-28,92.6,-3.42,5.92,"Duran, Jarren",680776,571670,,called_strike,,,,,7.0,,R,L,R,BOS,MIA,S,,,0,0,2023,-1.33,0.73,-0.4786414555989349,2.1184827678755704,,646240.0,594807.0,1,9,Bot,,,,,,,10.424249134601936,-134.37451775147093,-5.453636265661349,-18.385474241188057,30.69157715912682,-22.216094611139248,3.44172379565378,1.69815418166282,,,,92.5,2064.0,6.5,717583,663743,643265,650333,516416,621563,650559,665862,641505,53.98,,,,,,,,72,1,Sinker,1,6,1,6,6,1,1,6,Standard,Standard,223.0,-0.002,-0.04,,,,,0.04,,-5,-5,0.019,0.019,32,26,33,27,1,1,4.0,1.0,3.0,2.0,1.95,1.33,-1.33,40.3,,,,,
CH,2023-06-27,90.9,-1.81,5.95,"Duran, Jarren",680776,645261,field_out,hit_into_play,,,,,8.0,"Jarren Duran grounds out, second baseman Luis Arraez to first baseman Garrett Cooper.",R,L,R,BOS,MIA,X,4.0,ground_ball,1,0,2023,-1.35,0.23,0.0812974144385307,1.8727456298504075,,,,0,6,Bot,145.32,152.24,,,,,7.537347134269344,-132.23216087844222,-4.779825685527326,-17.397218869343977,27.249752642707353,-28.682011066602016,3.51,1.74,14.0,109.4,-7.0,90.2,1921.0,5.8,717605,607732,643265,650333,516416,621563,650559,665862,660821,54.7,0.427,0.404,0.0,1.0,0.0,0.0,2.0,50,2,Changeup,1,6,1,6,6,1,1,6,Standard,Standard,236.0,-0.015,-0.306,,,,0.452,0.306,109.4,-5,-5,0.059,0.059,27,26,28,27,3,2,6.0,2.0,5.0,1.0,2.52,1.35,-1.35,36.2,,,,,
FF,2023-06-27,95.7,-1.76,5.96,"Duran, Jarren",680776,645261,,ball,,,,,12.0,,R,L,R,BOS,MIA,B,,,0,0,2023,-0.75,1.17,0.1136607169826813,3.977147545862848,,,,0,6,Bot,,,,,,,6.642131773135617,-139.14824975842376,-2.21755491347098,-11.26266351495822,33.271074810687054,-16.74617247867298,3.42070975640836,1.74296403058017,,,,95.6,2282.0,6.4,717605,607732,643265,650333,516416,621563,650559,665862,660821,54.1,,,,,,,,50,1,4-Seam Fastball,1,6,1,6,6,1,1,6,Standard,Standard,227.0,0.002,0.04,,,,,-0.04,,-5,-5,0.057,0.057,27,26,28,27,3,2,6.0,2.0,5.0,1.0,1.34,0.75,-0.75,33.6,,,,,
CH,2023-06-27,91.3,-1.82,5.9,"Duran, Jarren",680776,645261,strikeout,swinging_strike,,,,,13.0,Jarren Duran strikes out swinging.,R,L,R,BOS,MIA,S,2.0,,0,2,2023,-1.29,0.4,-0.4083771841145063,1.101835798993751,,,,0,3,Bot,,,,,,,6.373849256316419,-132.79618176152687,-7.149530031668974,-16.60835976528623,26.106790749120645,-26.126957455222005,3.51,1.74,,,,92.2,1914.0,6.7,717605,607732,643265,650333,516416,621563,650559,665862,660821,53.82,,0.0,0.0,1.0,0.0,0.0,,26,3,Changeup,1,3,1,3,3,1,1,3,Standard,Standard,236.0,-0.016,-0.169,,,,,0.169,,-2,-2,0.317,0.317,27,26,28,27,2,1,6.0,2.0,5.0,1.0,2.32,1.29,-1.29,34.2,,,,,
CH,2023-06-27,89.9,-1.82,5.96,"Duran, Jarren",680776,645261,,foul_tip,,,,,13.0,,R,L,R,BOS,MIA,S,,,0,1,2023,-1.36,0.24,-0.3820379402757741,1.3463824642572626,,,,0,3,Bot,,,,,,,6.4204553105308095,-130.75275205368246,-5.97123774508417,-16.89743708273199,26.62581773503855,-28.355403849486628,3.51,1.74,,,,89.8,1917.0,6.2,717605,607732,643265,650333,516416,621563,650559,665862,660821,54.32,,,,,,,,26,2,Changeup,1,3,1,3,3,1,1,3,Standard,Standard,244.0,-0.007,-0.054,,,,,0.054,,-2,-2,0.324,0.324,27,26,28,27,2,1,6.0,2.0,5.0,1.0,2.57,1.36,-1.36,35.8,,,,,
FC,2023-06-27,85.1,-1.83,5.98,"Duran, Jarren",680776,645261,,called_strike,,,,,4.0,,R,L,R,BOS,MIA,S,,,0,0,2023,0.17,0.3,-0.681167282655472,2.534661323718008,,,,0,3,Bot,,,,,,,2.32970744396029,-123.98096138357566,-2.4202394886045084,1.34141703604545,23.074900817753345,-28.843408943941323,3.45030629875506,1.74296403058017,,,,84.8,2434.0,5.9,717605,607732,643265,650333,516416,621563,650559,665862,660821,54.63,,,,,,,,26,1,Cutter,1,3,1,3,3,1,1,3,Standard,Standard,133.0,-0.004,-0.042,,,,,0.042,,-2,-2,0.328,0.328,27,26,28,27,2,1,6.0,2.0,5.0,1.0,2.83,-0.17,0.17,35.4,,,,,
SI,2023-06-27,93.6,-1.87,5.96,"Duran, Jarren",680776,605151,strikeout,called_strike,,,,,14.0,Jarren Duran called out on strikes.,R,L,R,BOS,MIA,S,2.0,,3,2,2023,-1.41,0.64,0.3921615854860405,1.6218233488701643,,,,0,8,Bot,,,,,,,8.959095300937875,-135.92970512726174,-6.916464603751101,-19.354330811939803,27.077332681414436,-22.897254322838204,3.44802434655669,1.79991618668555,,,,94.2,2016.0,6.5,717605,607732,643265,650333,516416,621563,650559,665862,660821,53.97,,0.0,0.0,1.0,0.0,0.0,,71,8,Sinker,1,10,1,10,10,1,1,10,Infield shade,Standard,271.0,0.0,-0.353,,,,,0.353,,-9,-9,0.001,0.001,30,26,31,27,1,3,8.0,2.0,3.0,1.0,1.95,1.41,-1.41,42.2,,,,,
CH,2023-06-27,90.9,-1.78,5.98,"Duran, Jarren",680776,645261,strikeout,swinging_strike,,,,,14.0,Jarren Duran strikes out swinging.,R,L,R,BOS,MIA,S,2.0,,2,2,2023,-1.28,0.09,0.5460628515795174,0.9691225786500012,,,,0,1,Bot,,,,,,,8.594092073442258,-132.09412405134336,-6.922752126565483,-16.742939416890273,24.448830729740617,-29.94022991337965,3.51,1.74,,,,91.7,1902.0,6.5,717605,607732,643265,650333,516416,621563,650559,665862,660821,53.96,,0.0,0.0,1.0,0.0,0.0,,8,7,Changeup,0,3,0,3,3,0,0,3,Infield shade,Standard,235.0,-0.018,-0.239,,,,,0.239,,-3,-3,0.264,0.264,27,26,28,27,1,0,6.0,2.0,5.0,1.0,2.65,1.28,-1.28,36.9,,,,,
FF,2023-06-27,93.6,-2.09,6.0,"Duran, Jarren",680776,605151,,foul,,,,,2.0,,R,L,R,BOS,MIA,S,,,3,2,2023,-0.58,1.27,0.2014965865376251,3.4092646241459934,,,,0,8,Bot,,,,,,,7.220446751857105,-136.18779917066897,-3.7950080950176392,-8.707548992279987,27.260212376857464,-15.68252842820876,3.51,1.74,212.0,76.5,58.0,94.2,2157.0,6.4,717605,607732,643265,650333,516416,621563,650559,665862,660821,54.07,,,,,,,,71,7,4-Seam Fastball,1,10,1,10,10,1,1,10,Infield shade,Standard,216.0,0.0,0.0,,,,,0.0,88.0,-9,-9,0.001,0.001,30,26,31,27,1,3,8.0,2.0,3.0,1.0,1.31,0.58,-0.58,44.0,,,,,
FF,2023-06-27,97.9,-1.71,6.13,"Duran, Jarren",680776,645261,,foul,,,,,6.0,,R,L,R,BOS,MIA,S,,,2,2,2023,-0.94,1.18,0.3669420738357134,2.6345878703259142,,,,0,1,Bot,,,,,,,7.743232225099765,-142.282149485207,-6.667268946012529,-14.468491010373873,31.275201231272245,-14.837046721475955,3.51,1.74,252.0,77.1,37.0,98.0,2246.0,6.3,717605,607732,643265,650333,516416,621563,650559,665862,660821,54.21,,,,,,,,8,6,4-Seam Fastball,0,3,0,3,3,0,0,3,Infield shade,Standard,229.0,0.0,0.0,,,,,0.0,88.0,-3,-3,0.264,0.264,27,26,28,27,1,0,6.0,2.0,5.0,1.0,1.2,0.94,-0.94,36.7,,,,,
FF,2023-06-27,93.1,-2.11,5.97,"Duran, Jarren",680776,605151,,ball,,,,,11.0,,R,L,R,BOS,MIA,B,,,2,2,2023,-0.62,1.23,-0.9698206890097152,3.7797911884792135,,,,0,8,Bot,,,,,,,4.28885217329075,-135.6157774455629,-2.6166393537950623,-8.574387145444984,26.916532449886866,-16.545677882291294,3.45030629875506,1.74296403058017,,,,93.7,2034.0,6.4,717605,607732,643265,650333,516416,621563,650559,665862,660821,54.1,,,,,,,,71,6,4-Seam Fastball,1,10,1,10,10,1,1,10,Infield shade,Standard,221.0,0.0,0.115,,,,,-0.115,,-9,-9,0.001,0.001,30,26,31,27,1,3,8.0,2.0,3.0,1.0,1.37,0.62,-0.62,38.4,,,,,
FF,2023-06-27,98.0,-1.91,6.08,"Duran, Jarren",680776,645261,,ball,,,,,11.0,,R,L,R,BOS,MIA,B,,,1,2,2023,-0.93,1.06,-0.928907908611094,4.564441191357135,,,,0,1,Bot,,,,,,,4.85994103526675,-142.72756181672935,-1.060982776767421,-13.877502828719448,33.057854450271705,-17.711432990191447,3.42070975640836,1.77258138798963,,,,98.8,2177.0,6.7,717605,607732,643265,650333,516416,621563,650559,665862,660821,53.81,,,,,,,,8,5,4-Seam Fastball,0,3,0,3,3,0,0,3,Infield shade,Standard,230.0,0.003,0.046,,,,,-0.046,,-3,-3,0.261,0.261,27,26,28,27,1,0,6.0,2.0,5.0,1.0,1.31,0.93,-0.93,33.5,,,,,
FF,2023-06-27,93.1,-2.01,6.04,"Duran, Jarren",680776,605151,,foul,,,,,1.0,,R,L,R,BOS,MIA,S,,,2,2,2023,-0.8,1.23,-0.6248489520971765,2.9618729609987895,,,,0,8,Bot,,,,,,,5.322912674894454,-135.53249951573986,-4.844170519740995,-10.972521020460777,29.607623013941932,-16.15923207212527,3.51,1.74,266.0,89.0,47.0,93.5,2284.0,6.5,717605,607732,643265,650333,516416,621563,650559,665862,660821,54.03,,,,,,,,71,5,4-Seam Fastball,1,10,1,10,10,1,1,10,Strategic,Standard,212.0,0.0,0.0,,,,,0.0,89.0,-9,-9,0.001,0.001,30,26,31,27,1,3,8.0,2.0,3.0,1.0,1.4,0.8,-0.8,41.4,,,,,
CH,2023-06-27,91.6,-1.86,5.98,"Duran, Jarren",680776,645261,,ball,,,,,14.0,,R,L,R,BOS,MIA,B,,,0,2,2023,-1.28,0.27,0.7518896609721479,0.6007202419571935,,,,0,1,Bot,,,,,,,9.38514798134642,-132.98641369290272,-8.334942479819668,-17.143834784520557,27.065895377642676,-27.351335675053257,3.3911126548818,1.71334629744752,,,,92.0,2091.0,6.5,717605,607732,643265,650333,516416,621563,650559,665862,660821,53.98,,,,,,,,8,4,Changeup,0,3,0,3,3,0,0,3,Infield shade,Standard,239.0,0.002,0.024,,,,,-0.024,,-3,-3,0.259,0.259,27,26,28,27,1,0,6.0,2.0,5.0,1.0,2.45,1.28,-1.28,35.0,,,,,
KC,2023-06-27,80.8,-1.82,6.1,"Duran, Jarren",680776,605151,,ball,,,,,14.0,,R,L,R,BOS,MIA,B,,,1,2,2023,0.08,-0.59,0.3744481464397319,0.042576642073993,,,,0,8,Bot,,,,,,,4.772960572336189,-117.58010919433654,-5.815263532151428,-0.1264604196166601,21.021892613662136,-36.77226275206348,3.3911126548818,1.74296403058017,,,,81.7,1917.0,6.7,717605,607732,643265,650333,516416,621563,650559,665862,660821,53.76,,,,,,,,71,4,Knuckle Curve,1,10,1,10,10,1,1,10,Standard,Standard,25.0,0.0,0.046,,,,,-0.046,,-9,-9,0.001,0.001,30,26,31,27,1,3,8.0,2.0,3.0,1.0,4.06,-0.08,0.08,49.8,,,,,
CH,2023-06-27,91.1,-1.98,5.98,"Duran, Jarren",680776,645261,,foul,,,,,4.0,,R,L,R,BOS,MIA,S,,,0,2,2023,-1.17,0.09,-0.6460067185611227,2.4556341566981503,,,,0,1,Bot,,,,,,,5.872999608527979,-132.60069697778965,-3.1737481851206546,-15.046617398264893,28.195400863571,-30.63158679699272,3.51,1.74,197.0,74.5,23.0,91.4,1987.0,6.4,717605,607732,643265,650333,516416,621563,650559,665862,660821,54.05,,,,,,,,8,3,Changeup,0,3,0,3,3,0,0,3,Infield shade,Standard,235.0,0.0,0.0,,,,,0.0,88.0,-3,-3,0.259,0.259,27,26,28,27,1,0,6.0,2.0,5.0,1.0,2.65,1.17,-1.17,34.6,,,,,
FF,2023-06-27,92.5,-2.16,6.05,"Duran, Jarren",680776,605151,,called_strike,,,,,4.0,,R,L,R,BOS,MIA,S,,,1,1,2023,-0.71,1.47,-0.4916770012506412,2.8230878875654843,,,,0,8,Bot,,,,,,,5.83051269232631,-134.53411167466464,-5.670563210586382,-9.91117491623423,27.86418463629959,-13.211660072338772,3.5094976912835,1.74296403058017,,,,93.1,2237.0,6.6,717605,607732,643265,650333,516416,621563,650559,665862,660821,53.94,,,,,,,,71,3,4-Seam Fastball,1,10,1,10,10,1,1,10,Standard,Standard,217.0,0.0,-0.061,,,,,0.061,,-9,-9,0.001,0.001,30,26,31,27,1,3,8.0,2.0,3.0,1.0,1.18,0.71,-0.71,40.6,,,,,
FF,2023-06-27,97.5,-1.94,6.09,"Duran, Jarren",680776,645261,,swinging_strike,,,,,2.0,,R,L,R,BOS,MIA,S,,,0,1,2023,-0.89,1.24,0.1223070882626895,3.476325307758115,,,,0,1,Bot,,,,,,,7.606105123364108,-141.7081866479605,-4.330315668212281,-13.807137306150086,35.055202583027615,-14.666349712387811,3.51,1.74,,,,97.5,2273.0,6.5,717605,607732,643265,650333,516416,621563,650559,665862,660821,53.98,,,,,,,,8,2,4-Seam Fastball,0,3,0,3,3,0,0,3,Standard,Standard,225.0,-0.005,-0.054,,,,,0.054,,-3,-3,0.264,0.264,27,26,28,27,1,0,6.0,2.0,5.0,1.0,1.18,0.89,-0.89,34.2,,,,,
FF,2023-06-27,86.8,-1.79,6.02,"Duran, Jarren",680776,605151,,ball,,,,,14.0,,R,L,R,BOS,MIA,B,,,0,1,2023,-0.99,0.94,1.365387547889611,0.1197442950731546,,,,0,8,Bot,,,,,,,9.609857722115857,-125.67806834355213,-9.837156634798664,-12.485316161758652,26.1763466635309,-20.242987398030944,3.45030629875506,1.74296403058017,,,,87.0,,6.8,717605,607732,643265,650333,516416,621563,650559,665862,660821,53.73,,,,,,,,71,2,4-Seam Fastball,1,10,1,10,10,1,1,10,Standard,Standard,,0.0,0.031,,,,,-0.031,,-9,-9,0.001,0.001,30,26,31,27,1,3,8.0,2.0,3.0,1.0,2.12,0.99,-0.99,45.2,,,,,
SI,2023-06-27,95.3,-2.01,6.07,"Duran, Jarren",680776,645261,,called_strike,,,,,8.0,,R,L,R,BOS,MIA,S,,,0,0,2023,-1.47,0.42,0.1958799732046059,2.099926301834529,,,,0,1,Bot,,,,,,,9.07450884671448,-138.37898480578272,-5.713908000289163,-20.934226295368212,30.330941457216845,-25.631292150197023,3.45030629875506,1.80219836504311,,,,95.1,2216.0,6.2,717605,607732,643265,650333,516416,621563,650559,665862,660821,54.26,,,,,,,,8,1,Sinker,0,3,0,3,3,0,0,3,Standard,Standard,227.0,-0.003,-0.042,,,,,0.042,,-3,-3,0.267,0.267,27,26,28,27,1,0,6.0,2.0,5.0,1.0,2.09,1.47,-1.47,33.2,,,,,
FF,2023-06-27,92.8,-1.95,6.09,"Duran, Jarren",680776,605151,,called_strike,,,,,6.0,,R,L,R,BOS,MIA,S,,,0,0,2023,-0.74,1.34,0.6470815466776468,2.3355744158468092,,,,0,8,Bot,,,,,,,8.27443243150296,-134.7658438161363,-6.728958408512869,-10.821519881094591,30.227477658806457,-14.50436478664513,3.45030629875506,1.74296403058017,,,,92.8,2175.0,6.4,717605,607732,643265,650333,516416,621563,650559,665862,660821,54.05,,,,,,,,71,1,4-Seam Fastball,1,10,1,10,10,1,1,10,Standard,Strategic,208.0,0.0,-0.042,,,,,0.042,,-9,-9,0.001,0.001,30,26,31,27,1,3,8.0,2.0,3.0,1.0,1.32,0.74,-0.74,42.0,,,,,
FS,2023-06-25,83.8,-0.82,6.05,"Duran, Jarren",680776,669947,single,hit_into_play,,,,,14.0,Jarren Duran singles on a line drive to left fielder Andrew Benintendi.,R,L,R,CWS,BOS,X,7.0,line_drive,0,1,2023,0.11,0.47,0.1607864304569208,1.4904390211987255,,,,1,7,Top,88.94,90.52,,,,,2.081946458361181,-121.94736956304808,-5.109543415404991,0.7303681573371141,23.811746735179337,-26.737032568276568,3.5,1.73,260.0,95.3,16.0,85.2,669.0,7.2,717614,664874,683734,621545,669394,462101,643217,673357,657757,53.33,0.729,0.716,0.9,1.0,1.0,0.0,4.0,51,2,Split-Finger,4,1,1,4,1,4,1,4,Infield shade,Standard,192.0,-0.029,0.457,,,,0.925,-0.457,95.3,3,-3,0.919,0.0809999999999999,29,26,29,27,2,0,6.0,1.0,5.0,2.0,2.78,-0.11,0.11,53.0,,,,,
CU,2023-06-25,72.6,-0.85,6.05,"Duran, Jarren",680776,669947,,called_strike,,,,,8.0,,R,L,R,CWS,BOS,S,,,0,0,2023,0.99,-1.27,-0.1636669834955803,2.107972002468117,,,,1,7,Top,,,,,,,-0.3225042375780645,-105.57261320265434,1.8135137726999684,7.390013978214439,20.23731742522436,-42.15093893923032,3.28725685198724,1.70323785271823,,,,72.9,2138.0,6.9,717614,664874,683734,621545,669394,462101,643217,673357,657757,53.65,,,,,,,,51,1,Curveball,4,1,1,4,1,4,1,4,Infield shade,Standard,33.0,0.002,-0.041,,,,,0.041,,3,-3,0.917,0.0829999999999999,29,26,29,27,2,0,6.0,1.0,5.0,2.0,5.64,-0.99,0.99,54.6,,,,,
CH,2023-06-25,90.6,-1.3,5.82,"Duran, Jarren",680776,641871,strikeout,swinging_strike,,,,,11.0,Jarren Duran strikes out swinging.,R,L,R,CWS,BOS,S,2.0,,1,2,2023,-0.81,0.42,-0.354787169936741,3.713785443646631,,,,2,9,Top,,,,,,,4.141203826893409,-132.11115721865676,-0.3371645442631781,-10.337244128071903,22.73317932888679,-27.34207355284,3.5,1.73,,,,92.4,2030.0,6.8,717614,664874,683734,621545,669394,462101,643217,673357,640449,53.67,,0.0,0.0,1.0,0.0,0.0,,68,4,Changeup,4,1,1,4,1,4,1,4,Infield shade,Standard,219.0,0.003,-0.191,,,,,0.191,,3,-3,0.997,0.003,29,26,30,27,1,1,2.0,1.0,3.0,2.0,2.31,0.81,-0.81,35.9,,,,,
FF,2023-06-25,97.4,-1.49,5.79,"Duran, Jarren",680776,641871,,ball,,,,,11.0,,R,L,R,CWS,BOS,B,,,0,2,2023,-0.46,1.26,-1.10389587838844,4.4615628882402225,,,,2,9,Top,,,,,,,2.1381832670247585,-141.95955653788468,-0.9738901706797358,-6.750604026330394,32.114465552118766,-15.150823737182924,3.3518814806196,1.68159888813795,,,,98.8,2350.0,7.0,717614,664874,683734,621545,669394,462101,643217,673357,640449,53.54,,,,,,,,68,3,4-Seam Fastball,4,1,1,4,1,4,1,4,Infield shade,Standard,220.0,-0.001,0.022,,,,,-0.022,,3,-3,0.998,0.002,29,26,30,27,1,1,2.0,1.0,3.0,2.0,1.14,0.46,-0.46,35.0,,,,,
SL,2023-06-25,88.0,-1.5,5.69,"Duran, Jarren",680776,641871,,swinging_strike,,,,,14.0,,R,L,R,CWS,BOS,S,,,0,1,2023,0.4,0.11,0.3250262497382909,0.8079931915072516,,,,2,9,Top,,,,,,,3.63108826248656,-128.09665087910355,-6.036249771225917,3.713079093102518,26.088445870978155,-29.982745040095345,3.5,1.73,,,,89.2,2444.0,7.0,717614,664874,683734,621545,669394,462101,643217,673357,640449,53.53,,,,,,,,68,2,Slider,4,1,1,4,1,4,1,4,Infield shade,Standard,129.0,0.001,-0.061,,,,,0.061,,3,-3,0.997,0.003,29,26,30,27,1,1,2.0,1.0,3.0,2.0,2.83,-0.4,0.4,33.9,,,,,
CH,2023-06-25,87.9,-1.51,5.79,"Duran, Jarren",680776,641871,,called_strike,,,,,9.0,,R,L,R,CWS,BOS,S,,,0,0,2023,-1.13,0.3,0.2885353458077799,2.0257946328772007,,,,2,9,Top,,,,,,,6.803184637479772,-127.77486340053112,-3.6455675351865224,-13.762698229477245,27.052488296669328,-28.37569334321135,3.30879990071302,1.74651039032032,,,,89.2,2037.0,7.2,717614,664874,683734,621545,669394,462101,643217,673357,640449,53.32,,,,,,,,68,1,Changeup,4,1,1,4,1,4,1,4,Standard,Standard,227.0,0.001,-0.045,,,,,0.045,,3,-3,0.996,0.004,29,26,30,27,1,1,2.0,1.0,3.0,2.0,2.67,1.13,-1.13,36.8,,,,,
FC,2023-06-24,88.3,-3.28,5.57,"Duran, Jarren",680776,458681,single,hit_into_play,,,,,6.0,Jarren Duran singles on a line drive to right fielder Clint Frazier.,R,L,R,CWS,BOS,X,9.0,line_drive,0,2,2023,0.35,0.4,0.6629203840470536,2.3549605730709224,,,,2,5,Top,188.39,102.07,,,,,8.97887952520482,-128.39674500873787,-2.604063365812596,2.033912218227278,25.678589786326295,-27.3690415045582,3.49,1.71,149.0,99.3,10.0,89.4,2597.0,6.9,717629,518735,683734,641313,669394,462101,643217,673357,640449,53.58,0.761,0.72,0.9,1.0,1.0,0.0,4.0,33,3,Cutter,1,1,1,1,1,1,1,1,Standard,Standard,152.0,-0.022,0.449,,,,0.899,-0.449,99.3,0,0,0.558,0.4419999999999999,36,26,36,27,3,2,6.0,2.0,5.0,1.0,2.52,-0.35,0.35,32.6,,,,,
FC,2023-06-24,90.4,-3.4,5.5,"Duran, Jarren",680776,458681,,foul,,,,,4.0,,R,L,R,CWS,BOS,S,,,0,1,2023,-0.08,0.51,-0.3167860916971738,2.3612444802863797,,,,2,5,Top,,,,,,,7.907241797579447,-131.54204837988016,-3.0308828549278153,-2.4731010469824413,26.297582326820073,-25.771270075027665,3.49,1.71,222.0,79.6,46.0,91.4,2693.0,6.8,717629,518735,683734,641313,669394,462101,643217,673357,640449,53.72,,,,,,,,33,2,Cutter,1,1,1,1,1,1,1,1,Infield shade,Standard,197.0,0.004,-0.061,,,,,0.061,88.0,0,0,0.554,0.4459999999999999,36,26,36,27,3,2,6.0,2.0,5.0,1.0,2.26,0.08,-0.08,34.4,,,,,
FC,2023-06-24,90.1,-3.37,5.59,"Duran, Jarren",680776,458681,,foul,,,,,2.0,,R,L,R,CWS,BOS,S,,,0,0,2023,0.08,0.59,-0.0867286158012863,3.029212903265411,,,,2,5,Top,,,,,,,8.084277560636915,-130.95170922416472,-1.6117192800556497,-0.954621333708462,29.83231869825348,-25.276970773708072,3.49,1.71,260.0,85.1,39.0,90.8,2603.0,7.0,717629,518735,683734,641313,669394,462101,643217,673357,640449,53.53,,,,,,,,33,1,Cutter,1,1,1,1,1,1,1,1,Infield shade,Standard,188.0,0.002,-0.045,,,,,0.045,88.0,0,0,0.552,0.4479999999999999,36,26,36,27,3,2,6.0,2.0,5.0,1.0,2.24,-0.08,0.08,29.9,,,,,
FC,2023-06-24,88.5,-3.34,5.66,"Duran, Jarren",680776,458681,strikeout,swinging_strike,,,,,1.0,Jarren Duran strikes out swinging.,R,L,R,CWS,BOS,S,2.0,,0,2,2023,0.22,0.33,-0.5348409875331547,3.401817248670523,,,,1,3,Top,,,,,,,6.4767945689893365,-128.86716108259526,-0.1560078224836387,1.14462686847847,25.569234361496573,-28.6596034119693,3.49,1.71,,,,89.8,2682.0,6.9,717629,518735,683734,641313,669394,462101,643217,673357,640449,53.56,,0.0,0.0,1.0,0.0,0.0,,17,3,Cutter,1,1,1,1,1,1,1,1,Strategic,Standard,146.0,0.011,-0.17,,,,,0.17,,0,0,0.532,0.4679999999999999,36,26,36,27,2,1,6.0,2.0,5.0,1.0,2.57,-0.22,0.22,32.8,,,,,
SI,2023-06-24,89.2,-3.4,5.49,"Duran, Jarren",680776,458681,,foul,,,,,7.0,,R,L,R,CWS,BOS,S,,,0,1,2023,-0.68,0.81,-0.709326700532264,1.6876663691106302,,,,1,3,Top,,,,,,,8.133900131498832,-129.72444087712586,-5.105833442210655,-9.329824640718638,25.940019430381465,-22.108685128385925,3.49,1.71,223.0,75.7,34.0,90.4,2263.0,6.9,717629,518735,683734,641313,669394,462101,643217,673357,640449,53.56,,,,,,,,17,2,Sinker,1,1,1,1,1,1,1,1,Standard,Standard,203.0,0.004,-0.057,,,,,0.057,88.0,0,0,0.528,0.472,36,26,36,27,2,1,6.0,2.0,5.0,1.0,2.05,0.68,-0.68,31.1,,,,,
FF,2023-06-24,92.6,-3.23,5.63,"Duran, Jarren",680776,458681,,called_strike,,,,,7.0,,R,L,R,CWS,BOS,S,,,0,0,2023,-0.49,1.11,-0.4457653813406536,1.7897531639681878,,,,1,3,Top,,,,,,,8.2419116534626,-134.5872760549141,-6.475325204247076,-7.761677054997513,28.699258531520005,-17.426880615876716,3.45108720163091,1.74695696370195,,,,93.3,2408.0,6.7,717629,518735,683734,641313,669394,462101,643217,673357,640449,53.79,,,,,,,,17,1,4-Seam Fastball,1,1,1,1,1,1,1,1,Standard,Standard,209.0,0.003,-0.041,,,,,0.041,,0,0,0.525,0.475,36,26,36,27,2,1,6.0,2.0,5.0,1.0,1.55,0.49,-0.49,32.8,,,,,
SI,2023-06-24,99.8,-1.25,6.02,"Duran, Jarren",680776,666619,force_out,hit_into_play,,,,,7.0,"Red Sox challenged (play at 1st), call on the field was overturned: Jarren Duran grounds into a force out, second baseman Tim Anderson to shortstop Elvis Andrus. Connor Wong out at 2nd. Jarren Duran to 1st.",R,L,R,CWS,BOS,X,4.0,ground_ball,2,2,2023,-1.13,0.67,-0.3942552765826592,1.9249253625867608,,,657136.0,0,7,Top,147.12,149.29,,,,,5.043714613468408,-145.11147903979185,-7.502153085412281,-17.15806820331444,34.176776050542685,-21.098577221692775,3.49,1.71,4.0,85.7,-22.0,100.3,2347.0,6.6,717629,518735,683734,641313,669394,462101,643217,673357,640449,53.9,0.095,0.088,0.0,1.0,0.0,0.0,2.0,53,5,Sinker,4,3,3,4,3,4,3,4,Standard,Standard,223.0,0.055,-0.324,,,,0.099,0.324,88.0,1,-1,0.631,0.369,23,26,24,27,1,3,1.0,2.0,3.0,1.0,1.62,1.13,-1.13,41.9,,,,,
SL,2023-06-24,93.4,-1.56,5.8,"Duran, Jarren",680776,666619,,foul,,,,,9.0,,R,L,R,CWS,BOS,S,,,2,1,2023,0.36,0.05,0.7394581341158768,2.253256131462798,,,657136.0,0,7,Top,,,,,,,5.139435817874502,-135.87596136396468,-3.451752152952091,3.232742809347781,31.843951894305295,-30.971351460172816,3.49,1.71,2.0,54.6,-43.0,93.5,2470.0,6.5,717629,518735,683734,641313,669394,462101,643217,673357,640449,53.99,,,,,,,,53,4,Slider,4,3,3,4,3,4,3,4,Standard,Standard,139.0,0.02,-0.056,,,,,0.056,88.0,1,-1,0.611,0.389,23,26,24,27,1,3,1.0,2.0,3.0,1.0,2.58,-0.36,0.36,29.7,,,,,
SI,2023-06-24,101.1,-1.48,5.87,"Duran, Jarren",680776,666619,,ball,,,,,13.0,,R,L,R,CWS,BOS,B,,,1,1,2023,-1.21,0.23,-0.7889216074633745,0.9992565988314404,,,657136.0,0,7,Top,,,,,,,4.84834116421854,-146.93899990387268,-8.833241848869594,-18.708595665990252,36.81267191377509,-26.781449442462034,3.49,1.71,,,,101.6,2264.0,6.7,717629,518735,683734,641313,669394,462101,643217,673357,640449,53.75,,,,,,,,53,3,Sinker,4,3,3,4,3,4,3,4,,,231.0,-0.013,0.042,,,,,-0.042,,1,-1,0.624,0.376,23,26,24,27,1,3,1.0,2.0,3.0,1.0,2.01,1.21,-1.21,34.5,,,,,
SL,2023-06-24,91.3,-1.97,5.64,"Duran, Jarren",680776,666619,,ball,,,,,13.0,,R,L,R,CWS,BOS,B,,,0,1,2023,0.51,0.03,-0.1214578876911432,1.3679531696364782,,,657136.0,0,7,Top,,,,,,,3.584806140201774,-132.82789233832256,-4.9391823450749035,5.157517458615256,30.305853630893782,-30.86258441611877,3.42770390685236,1.69286560883039,,,,91.8,2431.0,6.8,717629,518735,683734,641313,669394,462101,643217,673357,640449,53.73,,,,,,,,53,2,Slider,4,3,3,4,3,4,3,4,Standard,Standard,129.0,-0.007,0.024,,,,,-0.024,,1,-1,0.631,0.369,23,26,24,27,1,3,1.0,2.0,3.0,1.0,2.72,-0.51,0.51,27.7,,,,,
SL,2023-06-24,93.6,-1.59,5.76,"Duran, Jarren",680776,666619,,swinging_strike,,,,,14.0,,R,L,R,CWS,BOS,S,,,0,0,2023,0.44,0.21,0.961101222495613,2.028792520400303,,,657136.0,0,7,Top,,,,,,,5.631210952226643,-136.23948475913016,-4.392887332968227,4.306940906882282,29.22018264988864,-28.76368829449106,3.49,1.71,,,,94.0,2517.0,6.4,717629,518735,683734,641313,669394,462101,643217,673357,640449,54.06,,,,,,,,53,1,Slider,4,3,3,4,3,4,3,4,Standard,Standard,150.0,0.01,-0.036,,,,,0.036,,1,-1,0.621,0.379,23,26,24,27,1,3,1.0,2.0,3.0,1.0,2.38,-0.44,0.44,29.0,,,,,
SI,2023-06-24,96.1,-1.18,5.69,"Duran, Jarren",680776,608665,single,hit_into_play,,,,,13.0,"Jarren Duran singles on a ground ball to center fielder Luis Robert Jr. , deflected by second baseman Tim Anderson.",R,L,R,CWS,BOS,X,4.0,ground_ball,1,0,2023,-1.37,0.88,-0.0374400637935086,1.2524916803906256,,,,2,9,Top,133.03,146.27,,,,,6.163051054724866,-139.76282183989602,-8.228064852434212,-19.35696748854596,29.508324104666737,-19.020594335423528,3.49,1.71,139.0,86.0,10.0,96.8,2353.0,6.6,717629,518735,683734,641313,669394,462101,643217,673357,640449,53.94,0.534,0.481,0.9,1.0,1.0,0.0,4.0,69,2,Sinker,4,3,3,4,3,4,3,4,Standard,Standard,223.0,-0.038,0.301,,,,0.572,-0.301,88.0,1,-1,0.959,0.041,32,26,33,27,1,4,4.0,2.0,4.0,1.0,1.58,1.37,-1.37,43.3,,,,,
CH,2023-06-24,87.6,-1.19,5.69,"Duran, Jarren",680776,608665,,ball,,,,,13.0,,R,L,R,CWS,BOS,B,,,0,0,2023,-1.34,0.49,-1.0730513189709072,0.1570721169658828,,,,2,9,Top,,,,,,,3.0611063917599264,-127.44412575042188,-8.266540234402493,-15.21094183404891,26.087142314479856,-25.32335340922387,3.29847207466674,1.73613958855211,,,,87.8,1837.0,6.4,717629,518735,683734,641313,669394,462101,643217,673357,640449,54.09,,,,,,,,69,1,Changeup,4,3,3,4,3,4,3,4,Standard,Standard,227.0,-0.004,0.043,,,,,-0.043,,1,-1,0.963,0.037,32,26,33,27,1,4,4.0,2.0,4.0,1.0,2.48,1.34,-1.34,41.7,,,,,
FF,2023-06-24,91.5,-3.27,5.69,"Duran, Jarren",680776,458681,field_out,hit_into_play,,,,,6.0,Jarren Duran pops out to third baseman Jake Burger.,R,L,R,CWS,BOS,X,5.0,popup,0,0,2023,-0.06,0.94,0.7144378649527283,2.5115039684789746,,,,0,1,Top,72.82,148.34,,,,,10.332951829730469,-132.8449244852255,-4.200967438354726,-2.965511009411396,28.290553953394554,-20.311038893573652,3.45081297029229,1.67051463859108,185.0,72.4,52.0,92.7,2382.0,7.1,717629,518735,683734,641313,669394,462101,643217,673357,640449,53.39,0.113,0.126,0.0,1.0,0.0,0.0,3.0,1,1,4-Seam Fastball,0,0,0,0,0,0,0,0,Infield shade,Standard,209.0,0.022,-0.265,,,,0.165,0.265,88.0,0,0,0.5,0.5,36,26,36,27,1,0,6.0,2.0,5.0,1.0,1.79,0.06,-0.06,38.2,,,,,
FF,2023-06-22,92.4,-2.57,5.01,"Duran, Jarren",680776,657746,strikeout,swinging_strike,,,,,1.0,Jarren Duran strikes out swinging.,R,L,R,MIN,BOS,S,2.0,,1,2,2023,-0.82,1.24,-0.4657532599403379,3.2023269958713674,,,,0,9,Top,,,,,,,7.189182837560494,-134.50211561217787,-1.5379543767667037,-11.430624506625769,28.36783167243864,-16.921119898053664,3.46,1.69,,,,93.3,2132.0,6.7,717658,680777,456781,571657,668904,621043,650489,572191,596146,53.75,,0.0,0.0,1.0,0.0,0.0,,64,4,4-Seam Fastball,6,0,0,6,0,6,0,6,Strategic,Standard,222.0,0.001,-0.193,,,,,0.193,,6,-6,0.998,0.002,27,26,27,27,4,3,6.0,1.0,5.0,2.0,1.42,0.82,-0.82,25.4,,,,,
FF,2023-06-22,93.8,-2.45,4.98,"Duran, Jarren",680776,657746,,ball,,,,,12.0,,R,L,R,MIN,BOS,B,,,0,2,2023,-0.44,1.3,0.776345375094814,4.147911429514652,,,,0,9,Top,,,,,,,9.402944717455654,-136.41436975790498,0.703606900107133,-7.575718768177188,29.320956032936124,-16.26521908075392,3.52213908930144,1.77937274590818,,,,94.7,2233.0,6.8,717658,680777,456781,571657,668904,621043,650489,572191,596146,53.69,,,,,,,,64,3,4-Seam Fastball,6,0,0,6,0,6,0,6,Strategic,Standard,221.0,0.0,0.024,,,,,-0.024,,6,-6,0.998,0.002,27,26,27,27,4,3,6.0,1.0,5.0,2.0,1.29,0.44,-0.44,32.1,,,,,
FF,2023-06-22,93.3,-2.41,4.94,"Duran, Jarren",680776,657746,,swinging_strike,,,,,3.0,,R,L,R,MIN,BOS,S,,,0,1,2023,-0.84,1.3,0.68726007405483,2.933930487909458,,,,0,9,Top,,,,,,,9.826035389009586,-135.5209784781224,-2.2555109617684916,-12.498422108998602,30.08267844626241,-15.810826824617534,3.46,1.69,,,,93.5,2238.0,6.5,717658,680777,456781,571657,668904,621043,650489,572191,596146,53.97,,,,,,,,64,2,4-Seam Fastball,6,0,0,6,0,6,0,6,Standard,Standard,223.0,0.001,-0.054,,,,,0.054,,6,-6,0.997,0.003,27,26,27,27,4,3,6.0,1.0,5.0,2.0,1.33,0.84,-0.84,28.6,,,,,
FF,2023-06-22,92.4,-2.53,4.97,"Duran, Jarren",680776,657746,,foul,,,,,8.0,,R,L,R,MIN,BOS,S,,,0,0,2023,-1.05,1.19,-0.2691865793282624,2.0654444306114397,,,,0,9,Top,,,,,,,8.099009748558913,-134.2589122224507,-4.195048379472302,-14.489761250702944,28.88010913707214,-16.990300296668238,3.46,1.69,209.0,72.8,25.0,92.9,2233.0,6.7,717658,680777,456781,571657,668904,621043,650489,572191,596146,53.83,,,,,,,,64,1,4-Seam Fastball,6,0,0,6,0,6,0,6,Standard,Standard,220.0,0.0,-0.042,,,,,0.042,88.0,6,-6,0.997,0.003,27,26,27,27,4,3,6.0,1.0,5.0,2.0,1.48,1.05,-1.05,27.1,,,,,
FS,2023-06-22,85.1,-2.58,5.26,"Duran, Jarren",680776,657746,field_out,hit_into_play,,,,,14.0,Jarren Duran lines out sharply to right fielder Max Kepler.,R,L,R,MIN,BOS,X,9.0,line_drive,0,0,2023,-1.06,0.24,0.3289330755011916,1.5627238439805629,,,,2,6,Top,181.67,93.34,,,,,8.948426305821863,-123.6857324091698,-2.85980537319895,-12.663467443062896,23.51099276322992,-29.320211479600385,3.46,1.69,296.0,108.1,15.0,85.3,1334.0,6.4,717658,680777,456781,571657,668904,621043,650489,572191,596146,54.14,0.663,0.741,0.0,1.0,0.0,0.0,5.0,44,1,Split-Finger,6,0,0,6,0,6,0,6,Standard,Standard,238.0,0.002,-0.275,,,,1.116,0.275,108.1,6,-6,0.984,0.016,27,26,27,27,3,2,6.0,1.0,5.0,2.0,2.9,1.06,-1.06,27.9,,,,,
FS,2023-06-22,84.1,-2.57,5.32,"Duran, Jarren",680776,657746,field_out,hit_into_play,,,,,5.0,Jarren Duran flies out to center fielder Michael A. Taylor.,R,L,R,MIN,BOS,X,8.0,fly_ball,0,1,2023,-0.69,0.71,-0.2379318713878221,2.361219023140112,,,,0,4,Top,150.71,44.19,,,,,6.731927701533669,-122.41522623990316,-1.9256175951788672,-8.199550046334956,22.998104398737222,-24.79349691429288,3.46,1.69,387.0,97.9,33.0,83.8,1261.0,6.0,717658,680777,456781,571657,668904,621043,650489,572191,596146,54.54,0.328,0.6220999999999999,0.0,1.0,0.0,0.0,5.0,27,2,Split-Finger,5,0,0,5,0,5,0,5,Standard,Standard,232.0,0.011,-0.223,,,,1.234,0.223,97.9,5,-5,0.923,0.0769999999999999,27,26,27,27,2,1,6.0,1.0,5.0,2.0,2.49,0.69,-0.69,32.0,,,,,
FF,2023-06-22,91.8,-2.59,5.26,"Duran, Jarren",680776,657746,,called_strike,,,,,6.0,,R,L,R,MIN,BOS,S,,,0,0,2023,-0.95,1.13,0.6941760058207588,2.6856098229085013,,,,0,4,Top,,,,,,,10.342234769720836,-133.35940637667704,-3.1141502514979567,-13.487393422433929,28.02478720529753,-18.151775677436568,3.52299775034773,1.89644609358469,,,,91.8,2153.0,6.3,717658,680777,456781,571657,668904,621043,650489,572191,596146,54.17,,,,,,,,27,1,4-Seam Fastball,5,0,0,5,0,5,0,5,Standard,Standard,223.0,0.002,-0.042,,,,,0.042,,5,-5,0.921,0.0789999999999999,27,26,27,27,2,1,6.0,1.0,5.0,2.0,1.58,0.95,-0.95,26.1,,,,,
FS,2023-06-22,85.3,-2.53,5.37,"Duran, Jarren",680776,657746,strikeout,swinging_strike,,,,,14.0,Jarren Duran strikes out swinging.,R,L,R,MIN,BOS,S,2.0,,1,2,2023,-0.76,0.45,0.6221817942992764,1.455349941686285,,,,0,1,Top,,,,,,,8.893610790211707,-123.91076750149526,-3.812995047964395,-9.516791693929784,23.30575225427536,-27.01475168017031,3.46,1.69,,,,85.1,1234.0,6.1,717658,680777,666135,666397,668904,621043,650489,572191,596146,54.38,,0.0,0.0,1.0,0.0,0.0,,1,4,Split-Finger,0,0,0,0,0,0,0,0,Infield shade,Standard,237.0,0.015,-0.193,,,,,0.193,,0,0,0.507,0.493,27,26,27,27,1,0,6.0,1.0,5.0,2.0,2.68,0.76,-0.76,27.3,,,,,
FS,2023-06-22,84.3,-2.57,5.38,"Duran, Jarren",680776,657746,,foul,,,,,5.0,,R,L,R,MIN,BOS,S,,,1,1,2023,-0.6,1.03,-0.0663886552650588,2.320121478396906,,,,0,1,Top,,,,,,,6.98559735761997,-122.56717730982967,-2.7925114119947274,-7.445092233254497,23.810927292931456,-21.409848044742898,3.46,1.69,91.0,79.6,86.0,84.1,1401.0,6.2,717658,680777,666135,666397,668904,621043,650489,572191,596146,54.33,,,,,,,,1,3,Split-Finger,0,0,0,0,0,0,0,0,Infield shade,Standard,238.0,0.006,-0.061,,,,,0.061,88.0,0,0,0.501,0.499,27,26,27,27,1,0,6.0,1.0,5.0,2.0,2.18,0.6,-0.6,30.7,,,,,
FF,2023-06-22,92.8,-2.59,5.22,"Duran, Jarren",680776,657746,,foul,,,,,2.0,,R,L,R,MIN,BOS,S,,,1,0,2023,-0.79,1.31,0.1927194425506525,3.120030097588638,,,,0,1,Top,,,,,,,8.854916467996054,-135.03367065430055,-2.521656153656393,-11.408944724046664,25.21670639611352,-15.65667111823389,3.46,1.69,247.0,73.7,45.0,93.4,2230.0,6.3,717658,680777,666135,666397,668904,621043,650489,572191,596146,54.17,,,,,,,,1,2,4-Seam Fastball,0,0,0,0,0,0,0,0,Infield shade,Standard,218.0,0.005,-0.052,,,,,0.052,88.0,0,0,0.496,0.504,27,26,27,27,1,0,6.0,1.0,5.0,2.0,1.31,0.79,-0.79,27.3,,,,,
FF,2023-06-22,92.1,-2.6,5.22,"Duran, Jarren",680776,657746,,ball,,,,,4.0,,R,L,R,MIN,BOS,B,,,0,0,2023,-0.74,1.45,-0.7740311268210993,2.3926136135889324,,,,0,1,Top,,,,,,,6.228871488473553,-134.02159271117475,-4.537221288234845,-10.19231455595492,26.3649371278284,-13.846021680998176,3.56055323048722,1.78812936991032,,,,92.3,2242.0,6.2,717658,680777,666135,666397,668904,621043,650489,572191,596146,54.28,,,,,,,,1,1,4-Seam Fastball,0,0,0,0,0,0,0,0,Infield shade,Standard,219.0,-0.004,0.04,,,,,-0.04,,0,0,0.5,0.5,27,26,27,27,1,0,6.0,1.0,5.0,2.0,1.22,0.74,-0.74,26.7,,,,,
SI,2023-06-21,92.8,-0.83,5.4,"Duran, Jarren",680776,543243,strikeout,called_strike,,,,,14.0,Jarren Duran called out on strikes.,R,L,R,MIN,BOS,S,2.0,,3,2,2023,-0.83,0.66,1.0225434438510437,2.230479034190341,,,,0,5,Top,,,,,,,6.545749138844463,-135.0406734202,-3.8269504107145487,-11.508391413453948,27.2746407950323,-23.39806932641012,3.52676390908089,1.7958417517918,,,,93.1,2411.0,6.3,717665,543877,666135,666397,668904,621043,650489,572191,596146,54.17,,0.0,0.0,1.0,0.0,0.0,,35,11,Sinker,3,2,2,3,2,3,2,3,Strategic,Standard,202.0,0.04,-0.353,,,,,0.353,,1,-1,0.63,0.37,33,26,34,27,3,2,6.0,2.0,5.0,1.0,1.97,0.83,-0.83,49.5,,,,,
FF,2023-06-21,93.4,-0.9,5.39,"Duran, Jarren",680776,543243,,foul,,,,,6.0,,R,L,R,MIN,BOS,S,,,3,2,2023,0.02,1.07,0.4363744629682388,2.5485056098608876,,,,0,5,Top,,,,,,,3.4331237773617724,-136.03271006518494,-4.003993947393012,-0.3996493017885374,28.040050603823367,-18.176517990156945,3.46,1.68,211.0,80.8,58.0,95.0,2566.0,7.0,717665,543877,666135,666397,668904,621043,650489,572191,596146,53.48,,,,,,,,35,10,4-Seam Fastball,3,2,2,3,2,3,2,3,Infield shade,Standard,199.0,0.0,0.0,,,,,0.0,88.0,1,-1,0.63,0.37,33,26,34,27,3,2,6.0,2.0,5.0,1.0,1.52,-0.02,0.02,51.5,,,,,
FF,2023-06-21,93.6,-0.92,5.52,"Duran, Jarren",680776,543243,,foul,,,,,6.0,,R,L,R,MIN,BOS,S,,,3,2,2023,-0.04,1.08,0.5738149303940662,2.472781384590499,,,,0,5,Top,,,,,,,3.9109206722348704,-136.36885478677763,-4.5408948548346,-1.2350621963143864,27.03891661644931,-17.939254509858607,3.46,1.68,213.0,76.8,51.0,93.6,2611.0,6.0,717665,543877,666135,666397,668904,621043,650489,572191,596146,54.51,,,,,,,,35,9,4-Seam Fastball,3,2,2,3,2,3,2,3,Infield shade,Standard,201.0,0.0,0.0,,,,,0.0,88.0,1,-1,0.63,0.37,33,26,34,27,3,2,6.0,2.0,5.0,1.0,1.5,0.04,-0.04,51.9,,,,,
ST,2023-06-21,86.4,-1.0,5.44,"Duran, Jarren",680776,543243,,ball,,,,,14.0,,R,L,R,MIN,BOS,B,,,2,2,2023,1.34,-0.29,1.6128850805708883,-0.3839067624684014,,,,0,5,Top,,,,,,,3.476704418310536,-125.71673688093504,-7.04522767841423,13.54702693173695,25.371709830633375,-34.00106238268971,3.51922458805578,1.6871158437993,,,,86.2,2918.0,6.2,717665,543877,666135,666397,668904,621043,650489,572191,596146,54.34,,,,,,,,35,8,Sweeper,3,2,2,3,2,3,2,3,Infield shade,Standard,34.0,-0.013,0.115,,,,,-0.115,,1,-1,0.643,0.357,33,26,34,27,3,2,6.0,2.0,5.0,1.0,3.34,-1.34,1.34,51.4,,,,,
SI,2023-06-21,94.4,-0.9,5.48,"Duran, Jarren",680776,543243,,foul,,,,,6.0,,R,L,R,MIN,BOS,S,,,2,2,2023,-0.72,1.05,0.6863143492804327,2.454143802860308,,,,0,5,Top,,,,,,,5.707599035763507,-137.41754151780916,-4.522203817442652,-10.322221323451478,29.620181865570796,-18.08245290078264,3.46,1.68,241.0,79.1,41.0,94.2,2620.0,6.1,717665,543877,666135,666397,668904,621043,650489,572191,596146,54.44,,,,,,,,35,7,Sinker,3,2,2,3,2,3,2,3,Infield shade,Standard,206.0,0.0,0.0,,,,,0.0,88.0,1,-1,0.643,0.357,33,26,34,27,3,2,6.0,2.0,5.0,1.0,1.5,0.72,-0.72,49.5,,,,,
FC,2023-06-21,87.2,-0.99,5.44,"Duran, Jarren",680776,543243,,ball,,,,,14.0,,R,L,R,MIN,BOS,B,,,1,2,2023,0.79,-0.23,2.036873105224648,0.5313600296185523,,,,0,5,Top,,,,,,,5.654490237257748,-126.84303220469204,-5.204222427826584,7.451362314701275,25.0218004666613,-33.829980362334936,3.57751467598228,1.6871158437993,,,,87.5,2879.0,6.4,717665,543877,666135,666397,668904,621043,650489,572191,596146,54.06,,,,,,,,35,6,Cutter,3,2,2,3,2,3,2,3,Infield shade,Standard,42.0,-0.005,0.046,,,,,-0.046,,1,-1,0.648,0.352,33,26,34,27,3,2,6.0,2.0,5.0,1.0,3.22,-0.79,0.79,49.6,,,,,
FF,2023-06-21,92.8,-1.04,5.45,"Duran, Jarren",680776,543243,,foul,,,,,8.0,,R,L,R,MIN,BOS,S,,,1,2,2023,0.01,1.22,-0.022937450997981,2.1317855124501865,,,,0,5,Top,,,,,,,2.5648159513326485,-135.17884690522155,-5.420362436166733,-0.383424315668791,25.569779751568095,-16.189149241525612,3.46,1.68,135.0,97.5,6.0,92.9,2633.0,6.0,717665,543877,666135,666397,668904,621043,650489,572191,596146,54.51,,,,,,,,35,5,4-Seam Fastball,3,2,2,3,2,3,2,3,Infield shade,Standard,197.0,0.0,0.0,,,,,0.0,97.5,1,-1,0.648,0.352,33,26,34,27,3,2,6.0,2.0,5.0,1.0,1.39,-0.01,0.01,46.9,,,,,
SI,2023-06-21,92.9,-0.79,5.59,"Duran, Jarren",680776,543243,,foul,,,,,12.0,,R,L,R,MIN,BOS,S,,,1,2,2023,-0.53,0.81,0.934751799309722,3.007077468949489,,,,0,5,Top,,,,,,,5.561222326274107,-135.32832514230705,-2.7103920081386184,-7.554560290875934,24.929890384143818,-21.73448087193813,3.46,1.68,189.0,73.1,30.0,93.5,2552.0,6.2,717665,543877,666135,666397,668904,621043,650489,572191,596146,54.28,,,,,,,,35,4,Sinker,3,2,2,3,2,3,2,3,Infield shade,Standard,206.0,0.0,0.0,,,,,0.0,88.0,1,-1,0.648,0.352,33,26,34,27,3,2,6.0,2.0,5.0,1.0,1.79,0.53,-0.53,52.0,,,,,
CU,2023-06-21,80.4,-0.7,5.54,"Duran, Jarren",680776,543243,,ball,,,,,14.0,,R,L,R,MIN,BOS,B,,,0,2,2023,1.07,-1.02,1.4059036182462226,0.4552229259935925,,,,0,5,Top,,,,,,,2.6523191134166195,-117.0903211365363,-2.636041018582076,9.258194612457048,23.327937108479237,-41.22743001986906,3.51922458805578,1.6871158437993,,,,80.4,2716.0,6.3,717665,543877,666135,666397,668904,621043,650489,572191,596146,54.15,,,,,,,,35,3,Curveball,3,2,2,3,2,3,2,3,Infield shade,Standard,24.0,-0.003,0.024,,,,,-0.024,,1,-1,0.651,0.349,33,26,34,27,3,2,6.0,2.0,5.0,1.0,4.56,-1.07,1.07,55.3,,,,,
FF,2023-06-21,93.4,-0.83,5.63,"Duran, Jarren",680776,543243,,foul,,,,,2.0,,R,L,R,MIN,BOS,S,,,0,1,2023,-0.13,1.32,0.1320568312247905,3.00918486690673,,,,0,5,Top,,,,,,,2.7759300424545814,-136.01529941855352,-3.939258828545849,-2.1345880044321492,28.1765255601622,-15.158651292559052,3.46,1.68,226.0,76.5,44.0,94.1,2515.0,6.5,717665,543877,666135,666397,668904,621043,650489,572191,596146,53.99,,,,,,,,35,2,4-Seam Fastball,3,2,2,3,2,3,2,3,Infield shade,Standard,203.0,0.008,-0.054,,,,,0.054,88.0,1,-1,0.643,0.357,33,26,34,27,3,2,6.0,2.0,5.0,1.0,1.28,0.13,-0.13,50.9,,,,,
CH,2023-06-21,86.5,-1.24,5.45,"Duran, Jarren",680776,543243,,called_strike,,,,,13.0,,R,L,R,MIN,BOS,S,,,0,0,2023,-1.19,0.25,-0.6997238888543684,1.6104930361300909,,,,0,5,Top,,,,,,,3.689368587713509,-126.02029167411604,-3.4980614028342547,-13.425781894112816,23.92772271268904,-29.04812665644707,3.64338663845816,1.75457059277845,,,,86.3,1658.0,5.9,717665,543877,666135,666397,668904,621043,650489,572191,596146,54.58,,,,,,,,35,1,Changeup,3,2,2,3,2,3,2,3,Infield shade,Standard,227.0,0.005,-0.042,,,,,0.042,,1,-1,0.638,0.362,33,26,34,27,3,2,6.0,2.0,5.0,1.0,2.77,1.19,-1.19,44.5,,,,,
SI,2023-06-21,94.0,-0.82,5.54,"Duran, Jarren",680776,543243,strikeout,called_strike,,,,,9.0,Jarren Duran called out on strikes.,R,L,R,MIN,BOS,S,2.0,,0,2,2023,-0.86,0.7,0.5235720875491249,1.7778151113994891,,,,0,3,Top,,,,,,,5.382785114792907,-136.86949526390435,-5.627508267386512,-11.998709732831818,26.59427587772968,-22.420870054109017,3.54836867827095,1.83459419736354,,,,94.2,2564.0,6.1,717665,543877,666135,666397,668904,621043,608336,572191,596146,54.37,,0.0,0.0,1.0,0.0,0.0,,19,3,Sinker,2,1,1,2,1,2,1,2,Infield shade,Standard,201.0,0.016,-0.169,,,,,0.169,,1,-1,0.622,0.378,33,26,34,27,2,1,6.0,2.0,5.0,1.0,1.86,0.86,-0.86,49.6,,,,,
CH,2023-06-21,87.8,-1.11,5.38,"Duran, Jarren",680776,543243,,foul,,,,,1.0,,R,L,R,MIN,BOS,S,,,0,1,2023,-1.0,0.66,-0.7668908328673433,3.090998383007194,,,,0,3,Top,,,,,,,2.8869404288190115,-127.8747400536801,-0.8028974920728099,-11.606092215696584,25.812738700807333,-24.948416806889167,3.46,1.68,246.0,77.5,51.0,87.5,1638.0,6.0,717665,543877,666135,666397,668904,621043,608336,572191,596146,54.49,,,,,,,,19,2,Changeup,2,1,1,2,1,2,1,2,Infield shade,Standard,233.0,0.006,-0.054,,,,,0.054,88.0,1,-1,0.616,0.384,33,26,34,27,2,1,6.0,2.0,5.0,1.0,2.28,1.0,-1.0,42.9,,,,,
FF,2023-06-21,93.2,-0.95,5.6,"Duran, Jarren",680776,543243,,called_strike,,,,,14.0,,R,L,R,MIN,BOS,S,,,0,0,2023,-0.33,0.91,0.990235519883639,1.934060850562957,,,,0,3,Top,,,,,,,5.69002512662744,-135.71344893260869,-5.699637926079269,-5.203466607473093,26.9707259226727,-19.89787209515096,3.58419475149928,1.76597397385022,,,,93.3,2621.0,6.1,717665,543877,666135,666397,668904,621043,608336,572191,596146,54.37,,,,,,,,19,1,4-Seam Fastball,2,1,1,2,1,2,1,2,Infield shade,Standard,200.0,0.004,-0.042,,,,,0.042,,1,-1,0.612,0.388,33,26,34,27,2,1,6.0,2.0,5.0,1.0,1.69,0.33,-0.33,48.8,,,,,
FF,2023-06-21,101.4,-2.05,6.08,"Duran, Jarren",680776,661395,strikeout,swinging_strike,,,,,2.0,Jarren Duran strikes out swinging.,R,L,R,MIN,BOS,S,2.0,,0,2,2023,-0.73,1.12,0.2237941298887609,3.2685457404997793,,,,1,9,Top,,,,,,,8.091172661302629,-147.39105083507374,-5.244685692843485,-12.563639584387191,33.98750084089308,-14.696010930807743,3.46,1.68,,,,101.4,2009.0,6.3,717665,543877,666135,571657,668904,621043,650489,572191,596146,54.21,,0.0,0.0,1.0,0.0,0.0,,68,4,4-Seam Fastball,4,4,4,4,4,4,4,4,Standard,Standard,226.0,0.028,-0.17,,,,,0.17,,0,0,0.577,0.423,25,26,25,27,1,4,4.0,2.0,2.0,1.0,1.09,0.73,-0.73,41.1,,,,,
FF,2023-06-21,102.4,-1.97,6.08,"Duran, Jarren",680776,661395,,foul,,,,,11.0,,R,L,R,MIN,BOS,S,,,0,2,2023,-0.92,1.08,-1.293912016213055,2.72900056883208,,,,1,9,Top,,,,,,,4.144850650877811,-149.03054621549478,-6.871566032224042,-14.778063734227915,31.629232996157075,-14.702185777693376,3.46,1.68,6.0,76.5,-21.0,102.8,2098.0,6.3,717665,543877,666135,571657,668904,621043,650489,572191,596146,54.25,,,,,,,,68,3,4-Seam Fastball,4,4,4,4,4,4,4,4,Standard,Standard,223.0,0.0,0.0,,,,,0.0,88.0,0,0,0.577,0.423,25,26,25,27,1,4,4.0,2.0,2.0,1.0,1.08,0.92,-0.92,38.5,,,,,
FF,2023-06-21,100.5,-2.13,6.07,"Duran, Jarren",680776,661395,,foul,,,,,4.0,,R,L,R,MIN,BOS,S,,,0,1,2023,-0.85,0.98,-0.4414736780900852,2.3966893825963473,,,,1,9,Top,,,,,,,6.705772278284298,-146.16056176614478,-7.189147008883863,-13.7573772509412,30.914677001701396,-16.64346357185088,3.46,1.68,260.0,77.6,38.0,100.9,1988.0,6.3,717665,543877,666135,571657,668904,621043,650489,572191,596146,54.19,,,,,,,,68,2,4-Seam Fastball,4,4,4,4,4,4,4,4,Standard,Standard,225.0,0.012,-0.057,,,,,0.057,88.0,0,0,0.565,0.435,25,26,25,27,1,4,4.0,2.0,2.0,1.0,1.26,0.85,-0.85,36.4,,,,,
FF,2023-06-21,101.7,-2.28,6.06,"Duran, Jarren",680776,661395,,swinging_strike,,,,,2.0,,R,L,R,MIN,BOS,S,,,0,0,2023,-0.75,1.28,0.2637019011694732,3.354524505901646,,,,1,9,Top,,,,,,,8.93005129152473,-147.83113371061455,-5.400325878080952,-12.98025336843602,32.10377473133831,-12.2688789825712,3.46,1.68,,,,102.1,1960.0,6.4,717665,543877,666135,571657,668904,621043,650489,572191,596146,54.11,,,,,,,,68,1,4-Seam Fastball,4,4,4,4,4,4,4,4,Standard,Standard,221.0,0.007,-0.041,,,,,0.041,,0,0,0.558,0.4419999999999999,25,26,25,27,1,4,4.0,2.0,2.0,1.0,0.91,0.75,-0.75,37.0,,,,,
FF,2023-06-21,94.3,-0.94,5.53,"Duran, Jarren",680776,643377,field_out,hit_into_play,,,,,3.0,"Jarren Duran bunt grounds out, pitcher Griffin Jax to first baseman Alex Kirilloff.",R,L,R,MIN,BOS,X,1.0,ground_ball,0,0,2023,-0.55,1.21,0.6818060627004938,3.00968365427791,,,,0,7,Top,139.74,187.48,,,,,5.430584755948556,-137.32060294782798,-3.6013485750209018,-8.067384619526898,26.84176165482564,-16.22401273960636,3.46,1.68,2.0,41.0,-59.0,94.9,2320.0,6.3,717665,543877,666135,571657,668904,621043,650489,572191,596146,54.18,0.294,0.294,0.0,1.0,0.0,0.0,1.0,53,1,4-Seam Fastball,4,3,3,4,3,4,3,4,Standard,Standard,210.0,0.044,0.111,,,,0.298,-0.111,88.0,1,-1,0.692,0.308,28,26,29,27,1,3,2.0,2.0,2.0,1.0,1.33,0.55,-0.55,45.6,,,,,
FF,2023-06-21,93.3,-0.99,5.64,"Duran, Jarren",680776,543243,field_out,hit_into_play,,,,,14.0,"Jarren Duran grounds out, second baseman Edouard Julien to first baseman Alex Kirilloff.",R,L,R,MIN,BOS,X,4.0,ground_ball,0,0,2023,0.0,0.91,1.0651902542816405,2.5094545498978,,,,0,1,Top,148.48,150.93,,,,,5.311123743614411,-135.87518926364646,-4.410332812412895,-1.050268259211483,26.29111987310227,-20.08185382045354,3.46752180426773,1.6871158437993,9.0,65.9,-14.0,94.3,2521.0,6.6,717665,543877,666135,666397,668904,621043,608336,572191,596146,53.91,0.053,0.067,0.0,1.0,0.0,0.0,2.0,1,1,4-Seam Fastball,0,0,0,0,0,0,0,0,Strategic,Standard,196.0,0.022,-0.265,,,,0.057,0.265,88.0,0,0,0.5,0.5,33,26,34,27,1,0,6.0,2.0,5.0,1.0,1.68,0.0,0.0,51.5,,,,,
CH,2023-06-19,87.3,-2.13,5.36,"Duran, Jarren",680776,641154,double,hit_into_play,,,,,8.0,Jarren Duran doubles (21) on a line drive to right fielder Alex Kirilloff. Connor Wong scores. Pablo Reyes scores.,R,L,R,MIN,BOS,X,9.0,line_drive,0,1,2023,-1.35,0.24,0.0171928605498261,1.8005134892021315,657136.0,622569.0,,2,4,Top,163.08,85.87,,,,,8.195902570580433,-126.99806282599504,-3.0076130866045245,-16.284652156109438,24.112148969725215,-29.220096721553887,3.46,1.68,244.0,79.7,20.0,90.1,2092.0,7.9,717693,543877,456781,666397,571657,621043,608336,650489,666135,52.65,0.924,0.862,1.25,1.0,1.0,1.0,4.0,29,2,Changeup,0,1,1,0,3,0,3,0,Standard,Standard,239.0,-0.183,0.916,,,,1.025,-0.916,88.0,-1,1,0.378,0.622,27,26,27,27,3,2,6.0,1.0,5.0,2.0,2.74,1.35,-1.35,31.8,,,,,
CH,2023-06-19,88.0,-2.07,5.42,"Duran, Jarren",680776,641154,,called_strike,,,,,14.0,,R,L,R,MIN,BOS,S,,,0,0,2023,-1.33,0.43,0.7276393462948811,1.5599439015274292,657136.0,622569.0,,2,4,Top,,,,,,,9.806346266799116,-127.81554517381716,-4.2880558025433695,-16.470726705037126,24.123129482471384,-26.768560811098073,3.51170283833423,1.78887157367169,,,,90.6,2051.0,7.8,717693,543877,456781,666397,571657,621043,608336,650489,666135,52.72,,,,,,,,29,1,Changeup,0,1,1,0,1,0,1,0,Standard,Standard,232.0,0.009,-0.037,,,,,0.037,,-1,1,0.369,0.631,27,26,27,27,3,2,6.0,1.0,5.0,2.0,2.5,1.33,-1.33,33.1,,,,,
FF,2023-06-19,95.2,-2.07,5.51,"Duran, Jarren",680776,641154,double,hit_into_play,,,,,12.0,Jarren Duran doubles (20) on a line drive to center fielder Willi Castro. Pablo Reyes to 3rd.,R,L,R,MIN,BOS,X,8.0,line_drive,0,2,2023,-0.38,0.93,0.8372457324502628,2.7932902228098255,,,622569.0,1,3,Top,168.52,59.67,,,,,8.721473682221689,-138.48219720872322,-3.6778024109363785,-6.755848361859535,28.3795877369136,-19.589942685933774,3.46,1.68,315.0,92.0,20.0,97.9,2196.0,7.6,717693,543877,456781,666397,571657,621043,608336,650489,666135,52.88,0.324,0.352,1.25,1.0,1.0,1.0,4.0,16,3,4-Seam Fastball,0,0,0,0,0,0,0,0,Strategic,Standard,218.0,-0.107,0.896,,,,0.515,-0.896,92.0,0,0,0.51,0.49,27,26,27,27,2,1,6.0,1.0,5.0,2.0,1.57,0.38,-0.38,35.9,,,,,
FF,2023-06-19,94.3,-2.04,5.53,"Duran, Jarren",680776,641154,,foul,,,,,14.0,,R,L,R,MIN,BOS,S,,,0,1,2023,-0.45,0.95,1.3115951994464676,1.9903414673744328,,,622569.0,1,3,Top,,,,,,,9.985623801869629,-136.97350996997494,-5.817363901622619,-7.6302905007890045,26.384588724828145,-19.046059075042347,3.46,1.68,2.0,76.8,-39.0,97.4,2252.0,7.8,717693,543877,456781,666397,571657,621043,608336,650489,666135,52.66,,,,,,,,16,2,4-Seam Fastball,0,0,0,0,0,0,0,0,Standard,Standard,217.0,0.008,-0.053,,,,,0.053,88.0,0,0,0.502,0.498,27,26,27,27,2,1,6.0,1.0,5.0,2.0,1.59,0.45,-0.45,37.6,,,,,
CH,2023-06-19,88.4,-2.3,5.5,"Duran, Jarren",680776,641154,,foul,,,,,7.0,,R,L,R,MIN,BOS,S,,,0,0,2023,-1.05,0.1,-0.8050771706413382,2.1270835224636007,,,622569.0,1,3,Top,,,,,,,5.997989541369222,-128.6759426818767,-2.437050808101665,-12.936894142521709,25.506644230929187,-30.744783759624635,3.46,1.68,171.0,68.2,26.0,90.7,2125.0,7.6,717693,543877,456781,666397,571657,621043,608336,650489,666135,52.91,,,,,,,,16,1,Changeup,0,0,0,0,0,0,0,0,Standard,Standard,235.0,0.005,-0.042,,,,,0.042,88.0,0,0,0.497,0.503,27,26,27,27,2,1,6.0,1.0,5.0,2.0,2.8,1.05,-1.05,33.4,,,,,
FF,2023-06-19,94.6,-2.1,5.6,"Duran, Jarren",680776,641154,double,hit_into_play,,,,,4.0,Jarren Duran doubles (19) on a line drive to left fielder Joey Gallo.,R,L,R,MIN,BOS,X,7.0,line_drive,0,1,2023,-0.35,1.15,-0.3318616454013079,2.5237861453122443,,,,0,1,Top,90.68,81.03,,,,,5.504512981161549,-137.72378160585816,-5.028779845627833,-5.663709663412948,29.010796024118484,-16.635945122052057,3.46,1.68,167.0,109.6,6.0,96.5,2322.0,7.3,717693,543877,456781,666397,571657,621043,608336,650489,666135,53.24,0.666,0.617,1.25,1.0,1.0,1.0,4.0,1,2,4-Seam Fastball,0,0,0,0,0,0,0,0,Infield shade,Standard,217.0,-0.062,0.748,,,,0.775,-0.748,109.6,0,0,0.503,0.497,27,26,27,27,1,0,6.0,1.0,5.0,2.0,1.39,0.35,-0.35,34.9,,,,,
FF,2023-06-19,95.0,-2.24,5.6,"Duran, Jarren",680776,641154,,foul,,,,,12.0,,R,L,R,MIN,BOS,S,,,0,0,2023,-0.07,0.91,1.2228597975068456,2.910733361412569,,,,0,1,Top,,,,,,,9.325030856160533,-138.10876428042357,-3.4969928652810083,-2.7955731589368114,28.63809008126837,-19.910056623176757,3.46,1.68,18.0,61.1,-7.0,96.4,2269.0,7.0,717693,543877,456781,666397,571657,621043,608336,650489,666135,53.52,,,,,,,,1,1,4-Seam Fastball,0,0,0,0,0,0,0,0,Infield shade,Standard,215.0,0.003,-0.042,,,,,0.042,88.0,0,0,0.5,0.5,27,26,27,27,1,0,6.0,1.0,5.0,2.0,1.61,0.07,-0.07,33.7,,,,,
SL,2023-06-18,86.4,-1.92,5.7,"Duran, Jarren",680776,622663,walk,blocked_ball,,,,,14.0,Jarren Duran walks.,R,L,R,BOS,NYY,B,,,3,2,2023,0.68,-0.21,1.922332937222706,0.5668320587447266,,,,0,5,Bot,,,,,,,7.776875417997823,-125.59312296342854,-5.62675091040082,5.743297845491835,23.90534141966121,-33.49709003693191,3.59828049544369,1.77258138798963,,,,86.8,2601.0,6.4,717715,543309,519203,650402,518626,683011,641343,641856,665828,54.06,,0.695903,0.7,1.0,0.0,0.0,,38,8,Slider,2,1,2,1,1,2,2,1,Standard,Standard,70.0,0.028,0.347,,,,,-0.347,,1,1,0.713,0.713,29,26,29,27,3,2,5.0,0.0,6.0,1.0,3.25,-0.68,0.68,39.6,,,,,
KC,2023-06-18,84.3,-1.25,5.75,"Duran, Jarren",680776,657376,field_out,hit_into_play,,,,,9.0,"Jarren Duran grounds out, first baseman Anthony Rizzo to pitcher Clarke Schmidt.",R,L,R,BOS,NYY,X,3.0,ground_ball,0,1,2023,1.19,-0.6,0.5614766372070066,2.074922627723517,,,,1,4,Bot,153.29,164.12,,,,,1.8185517183566555,-122.70631583907632,-0.9326987125647042,11.61652757224548,25.92440604810451,-38.241756850925945,3.38,1.65,52.0,105.1,1.0,83.7,3025.0,6.0,717730,624431,519203,650402,518934,683011,641343,643396,641856,54.47,0.55,0.531,0.0,1.0,0.0,0.0,4.0,30,2,Knuckle Curve,0,2,0,2,2,0,0,2,Infield shade,Standard,52.0,-0.017,-0.227,,,,0.634,0.227,105.1,-2,-2,0.279,0.279,27,26,27,27,2,1,7.0,2.0,5.0,0.0,3.82,-1.19,1.19,39.9,,,,,
CH,2023-06-18,83.0,-1.54,5.84,"Duran, Jarren",680776,622663,,ball,,,,,11.0,,R,L,R,BOS,NYY,B,,,2,2,2023,-0.92,0.67,-1.901964866495792,3.730432593572264,,,,0,5,Bot,,,,,,,0.99459419483896,-121.04321516546176,0.2541678284258358,-9.293461066166296,21.21533009556114,-25.79958259269914,3.53909253420978,1.68372819324114,,,,84.3,1401.0,6.8,717715,543309,519203,650402,518626,683011,641343,641856,665828,53.69,,,,,,,,38,7,Changeup,2,1,2,1,1,2,2,1,Standard,Standard,243.0,0.008,0.115,,,,,-0.115,,1,1,0.705,0.705,29,26,29,27,3,2,5.0,0.0,6.0,1.0,2.6,0.92,-0.92,43.7,,,,,
ST,2023-06-18,84.6,-1.94,5.13,"Duran, Jarren",680776,657376,,called_strike,,,,,4.0,,R,L,R,BOS,NYY,S,,,0,0,2023,0.96,0.3,-0.3851552430840218,2.4237968836199113,,,,1,4,Bot,,,,,,,1.7326243591630348,-123.29629057131372,-0.6402109718348592,9.503914780369978,22.647269485107113,-29.131590320500827,3.57300669611832,1.77685522109711,,,,85.2,3016.0,6.4,717730,624431,519203,650402,518934,683011,641343,643396,641856,54.1,,,,,,,,30,1,Sweeper,0,2,0,2,2,0,0,2,Standard,Standard,102.0,-0.003,-0.041,,,,,0.041,,-2,-2,0.282,0.282,27,26,27,27,2,1,7.0,2.0,5.0,0.0,2.85,-0.96,0.96,21.9,,,,,
CH,2023-06-18,86.8,-1.44,5.91,"Duran, Jarren",680776,622663,,foul,,,,,8.0,,R,L,R,BOS,NYY,S,,,2,2,2023,-1.14,0.7,-0.0295982072984257,1.7579498561898503,,,,0,5,Bot,,,,,,,5.731200819918601,-126.20216838017636,-5.187174037212651,-13.32902665317571,25.500723372631107,-23.829630356303756,3.38,1.65,7.0,62.8,-13.0,87.2,1388.0,6.6,717715,543309,519203,650402,518626,683011,641343,641856,665828,53.91,,,,,,,,38,6,Changeup,2,1,2,1,1,2,2,1,Standard,Standard,293.0,0.0,0.0,,,,,0.0,88.0,1,1,0.705,0.705,29,26,29,27,3,2,5.0,0.0,6.0,1.0,2.33,1.14,-1.14,45.1,,,,,
CH,2023-06-18,87.0,-1.63,5.9,"Duran, Jarren",680776,622663,,ball,,,,,13.0,,R,L,R,BOS,NYY,B,,,1,2,2023,-1.48,0.18,-1.5373621707081893,2.244240451524941,,,,0,5,Bot,,,,,,,3.313274175987153,-126.66450187353983,-2.950663183434044,-16.64176412545407,26.79318213533402,-29.85075304146209,3.59828049544369,1.71334629744752,,,,87.6,1524.0,6.7,717715,543309,519203,650402,518626,683011,641343,641856,665828,53.77,,,,,,,,38,5,Changeup,2,1,2,1,1,2,2,1,Standard,Standard,243.0,0.003,0.046,,,,,-0.046,,1,1,0.702,0.702,29,26,29,27,3,2,5.0,0.0,6.0,1.0,2.84,1.48,-1.48,44.0,,,,,
FF,2023-06-18,96.3,-1.6,6.06,"Duran, Jarren",680776,622663,,foul,,,,,12.0,,R,L,R,BOS,NYY,S,,,1,2,2023,-0.62,1.1,0.1137421703350077,4.202834521825551,,,,0,5,Bot,,,,,,,5.994152476906435,-140.29124555654164,-1.893094425588244,-9.55814511808008,29.58170590552443,-17.42892853262517,3.38,1.65,224.0,80.8,57.0,96.9,2128.0,6.4,717715,543309,519203,650402,518626,683011,641343,641856,665828,54.11,,,,,,,,38,4,4-Seam Fastball,2,1,2,1,1,2,2,1,Standard,Standard,207.0,0.0,0.0,,,,,0.0,88.0,1,1,0.702,0.702,29,26,29,27,3,2,5.0,0.0,6.0,1.0,1.34,0.62,-0.62,51.4,,,,,
FF,2023-06-18,97.7,-1.6,6.13,"Duran, Jarren",680776,622663,,swinging_strike,,,,,12.0,,R,L,R,BOS,NYY,S,,,1,1,2023,-0.61,1.42,0.0819062984763084,3.807070833112876,,,,0,5,Bot,,,,,,,5.982379675681494,-142.21200786868766,-4.065710399994497,-9.608987861272972,31.146394941290975,-12.181420310407184,3.38,1.65,,,,98.5,2245.0,6.6,717715,543309,519203,650402,518626,683011,641343,641856,665828,53.88,,,,,,,,38,3,4-Seam Fastball,2,1,2,1,1,2,2,1,Standard,Standard,212.0,-0.005,-0.061,,,,,0.061,,1,1,0.707,0.707,29,26,29,27,3,2,5.0,0.0,6.0,1.0,0.96,0.61,-0.61,47.2,,,,,
CH,2023-06-18,87.4,-1.56,5.92,"Duran, Jarren",680776,622663,,ball,,,,,11.0,,R,L,R,BOS,NYY,B,,,0,1,2023,-0.94,0.78,-1.2820513708823176,2.9563216455878023,,,,0,5,Bot,,,,,,,2.6491061885378517,-127.24235810889436,-2.6308162499836074,-10.812156773725224,25.927443306162026,-23.39266427730842,3.5686868034534,1.74296403058017,,,,88.1,1308.0,6.7,717715,543309,519203,650402,518626,683011,641343,641856,665828,53.84,,,,,,,,38,2,Changeup,2,1,2,1,1,2,2,1,Standard,Standard,236.0,0.002,0.031,,,,,-0.031,,1,1,0.705,0.705,29,26,29,27,3,2,5.0,0.0,6.0,1.0,2.2,0.94,-0.94,41.4,,,,,
SL,2023-06-18,83.2,-2.41,5.99,"Duran, Jarren",680776,622663,,called_strike,,,,,4.0,,R,L,R,BOS,NYY,S,,,0,0,2023,0.98,-0.29,-0.3552788231434142,2.746368226222012,,,,0,5,Bot,,,,,,,2.8047780757531102,-121.13845261780962,-0.4294495253343148,9.075342195614937,23.38290959316648,-35.12507874044218,3.53909253420978,1.71334629744752,,,,83.1,2585.0,6.1,717715,543309,519203,650402,518626,683011,641343,641856,665828,54.36,,,,,,,,38,1,Slider,2,1,2,1,1,2,2,1,Standard,Standard,76.0,-0.003,-0.042,,,,,0.042,,1,1,0.708,0.708,29,26,29,27,3,2,5.0,0.0,6.0,1.0,3.57,-0.98,0.98,40.3,,,,,
SL,2023-06-18,83.8,-2.04,5.85,"Duran, Jarren",680776,622663,field_out,hit_into_play,,,,,9.0,Jarren Duran lines out sharply to second baseman Gleyber Torres.,R,L,R,BOS,NYY,X,4.0,line_drive,1,2,2023,1.56,0.29,0.3286979502022955,1.9787959967283832,,,,1,3,Bot,145.43,140.44,,,,,2.399684446023872,-122.0050685192926,-3.061401765284937,14.921341524636368,26.388523585668892,-28.86825237945401,3.38,1.65,159.0,101.9,11.0,83.5,2732.0,6.3,717715,543309,519203,650402,518626,683011,641343,641856,665828,54.19,0.939,0.93,0.0,1.0,0.0,0.0,4.0,22,4,Slider,1,1,1,1,1,1,1,1,Standard,Standard,69.0,-0.013,-0.189,,,,1.195,0.189,101.9,0,0,0.525,0.525,29,26,29,27,2,1,5.0,0.0,6.0,1.0,2.98,-1.56,1.56,38.6,,,,,
SI,2023-06-18,93.8,-1.97,5.19,"Duran, Jarren",680776,657376,walk,ball,,,,,13.0,Jarren Duran walks.,R,L,R,BOS,NYY,B,,,3,0,2023,-0.74,0.51,-1.3140476491917896,2.5294977437856105,,,,1,2,Bot,,,,,,,3.358840814180678,-136.63748501637693,-2.363323485690018,-10.012432754675997,26.94715411398117,-25.44159876941191,3.55864620119305,1.85314698869779,,,,95.1,2711.0,6.7,717730,624431,519203,650402,518934,683011,641343,643396,641856,53.75,,0.695903,0.7,1.0,0.0,0.0,,15,4,Sinker,0,2,0,2,2,0,0,2,Strategic,Standard,220.0,0.011,0.173,,,,,-0.173,,-2,-2,0.333,0.333,27,26,27,27,1,0,7.0,2.0,5.0,0.0,2.05,0.74,-0.74,23.2,,,,,
FF,2023-06-18,97.6,-1.6,6.03,"Duran, Jarren",680776,622663,,foul,,,,,2.0,,R,L,R,BOS,NYY,S,,,1,1,2023,-0.66,1.27,-0.1469622825703007,2.860170995608656,,,,1,3,Bot,,,,,,,5.440960268152103,-142.04874199390954,-5.985236281540862,-10.172344053983188,31.79798296790864,-13.85486481709022,3.38,1.65,327.0,94.6,36.0,98.0,2116.0,6.5,717715,543309,519203,650402,518626,683011,641343,641856,665828,54.02,,,,,,,,22,3,4-Seam Fastball,1,1,1,1,1,1,1,1,Standard,Standard,216.0,-0.004,-0.068,,,,,0.068,94.6,0,0,0.529,0.529,29,26,29,27,2,1,5.0,0.0,6.0,1.0,1.12,0.66,-0.66,47.2,,,,,
CH,2023-06-18,88.1,-1.64,5.88,"Duran, Jarren",680776,622663,,ball,,,,,13.0,,R,L,R,BOS,NYY,B,,,0,1,2023,-1.11,0.51,-0.973077424990816,1.913030644036584,,,,1,3,Bot,,,,,,,3.948825400504172,-128.24044275459204,-4.657780804219999,-13.122288662465634,25.212524312162724,-25.78748236716296,3.55405975872154,1.6987009467382,,,,88.8,1470.0,6.6,717715,543309,519203,650402,518626,683011,641343,641856,665828,53.88,,,,,,,,22,2,Changeup,1,1,1,1,1,1,1,1,Standard,Standard,245.0,0.002,0.03,,,,,-0.03,,0,0,0.527,0.527,29,26,29,27,2,1,5.0,0.0,6.0,1.0,2.41,1.11,-1.11,39.6,,,,,
ST,2023-06-18,86.1,-2.24,5.26,"Duran, Jarren",680776,657376,,ball,,,,,11.0,,R,L,R,BOS,NYY,B,,,2,0,2023,0.64,0.33,-1.5142788793841049,2.775647712044773,,,,1,2,Bot,,,,,,,0.4246340270616882,-125.57098903013836,-0.453361452118766,6.770426986779788,21.29733285068259,-28.713854906077643,3.55864620119305,1.85314698869779,,,,86.9,2941.0,6.3,717730,624431,519203,650402,518934,683011,641343,643396,641856,54.18,,,,,,,,15,3,Sweeper,0,2,0,2,2,0,0,2,Standard,Standard,104.0,0.008,0.142,,,,,-0.142,,-2,-2,0.325,0.325,27,26,27,27,1,0,7.0,2.0,5.0,0.0,2.69,-0.64,0.64,28.7,,,,,
ST,2023-06-18,84.2,-2.18,5.18,"Duran, Jarren",680776,657376,,ball,,,,,11.0,,R,L,R,BOS,NYY,B,,,1,0,2023,1.05,0.39,-2.680328785823261,3.2274566138984153,,,,1,2,Bot,,,,,,,-3.2322786460887625,-122.6231542481434,1.0189118357513092,11.288176728633603,22.286697184535516,-28.61836427326074,3.52911562084661,1.70515306465878,,,,84.1,3026.0,6.0,717730,624431,519203,650402,518934,683011,641343,643396,641856,54.52,,,,,,,,15,2,Sweeper,0,2,0,2,2,0,0,2,Standard,Standard,89.0,0.005,0.066,,,,,-0.066,,-2,-2,0.32,0.32,27,26,27,27,1,0,7.0,2.0,5.0,0.0,2.8,-1.05,1.05,27.8,,,,,
FF,2023-06-18,97.1,-1.48,6.05,"Duran, Jarren",680776,622663,,foul,,,,,1.0,,R,L,R,BOS,NYY,S,,,0,0,2023,-0.71,1.33,-0.467482743706342,3.474471798858562,,,,1,3,Bot,,,,,,,4.335058983722446,-141.3593960725521,-4.42454411624937,-10.505730519935565,31.56439451668577,-13.512399632681134,3.38,1.65,300.0,87.9,33.0,97.4,2139.0,6.4,717715,543309,519203,650402,518626,683011,641343,641856,665828,54.12,,,,,,,,22,1,4-Seam Fastball,1,1,1,1,1,1,1,1,Standard,Standard,210.0,-0.003,-0.041,,,,,0.041,88.0,0,0,0.53,0.53,29,26,29,27,2,1,5.0,0.0,6.0,1.0,1.08,0.71,-0.71,44.2,,,,,
FC,2023-06-18,90.9,-1.56,5.52,"Duran, Jarren",680776,657376,,ball,,,,,12.0,,R,L,R,BOS,NYY,B,,,0,0,2023,0.39,0.53,0.300146049274124,3.724322533234891,,,,1,2,Bot,,,,,,,3.850199595936207,-132.51142189663827,0.2126792139155991,3.882534018709033,25.3959970969053,-26.100187301444237,3.52911562084661,1.70326595619512,,,,92.0,2824.0,6.6,717730,624431,519203,650402,518934,683011,641343,643396,641856,53.91,,,,,,,,15,1,Cutter,0,2,0,2,2,0,0,2,Standard,Standard,136.0,0.003,0.039,,,,,-0.039,,-2,-2,0.317,0.317,27,26,27,27,1,0,7.0,2.0,5.0,0.0,2.19,-0.39,0.39,30.4,,,,,
CH,2023-06-18,86.8,-2.36,5.42,"Duran, Jarren",680776,650633,field_out,hit_into_play,,,,,7.0,Jarren Duran lines out to center fielder Isiah Kiner-Falefa.,R,L,R,BOS,NYY,X,8.0,line_drive,2,2,2023,-1.24,0.64,-0.7072280395468009,1.785195052814834,,,,1,6,Bot,110.64,84.46,,,,,6.549882713729871,-126.29569311783636,-3.8423605266812646,-14.602409744271814,25.72880959295736,-24.747721005638457,3.38,1.65,288.0,84.6,25.0,87.6,2202.0,6.8,717730,624431,519203,650402,518934,683011,641343,643396,641856,53.69,0.163,0.173,0.0,1.0,0.0,0.0,3.0,47,6,Changeup,2,2,2,2,2,2,2,2,Standard,Standard,235.0,-0.021,-0.234,,,,0.251,0.234,88.0,0,0,0.538,0.538,28,26,28,27,1,2,5.0,2.0,3.0,0.0,2.39,1.24,-1.24,26.7,,,,,
SI,2023-06-18,93.9,-2.25,5.65,"Duran, Jarren",680776,650633,,foul,,,,,11.0,,R,L,R,BOS,NYY,S,,,2,2,2023,-1.46,0.58,-0.564798840307078,3.624410327909927,,,,1,6,Bot,,,,,,,7.599251054253763,-136.4879518254383,-0.7622017727180086,-19.98440303595698,31.02385421846658,-25.01988370241363,3.38,1.65,,,,93.8,2332.0,6.4,717730,624431,519203,650402,518934,683011,641343,643396,641856,54.15,,,,,,,,47,5,Sinker,2,2,2,2,2,2,2,2,Standard,Standard,218.0,0.0,0.0,,,,,0.0,,0,0,0.538,0.538,28,26,28,27,1,2,5.0,2.0,3.0,0.0,2.02,1.46,-1.46,33.1,,,,,
FF,2023-06-18,94.3,-3.09,5.46,"Duran, Jarren",680776,676760,strikeout,swinging_strike,,,,,2.0,Jarren Duran strikes out swinging.,R,L,R,BOS,NYY,S,2.0,,0,2,2023,-0.97,1.42,-0.0770440999375088,2.9787312779695454,,,,2,6,Bot,,,,,,,9.976015416588536,-136.94757202613985,-3.914369484732139,-14.322911165377986,28.643769839681223,-13.602940925088944,3.38,1.65,,,,94.5,2311.0,6.4,717715,543309,519203,650402,518626,683011,641343,641856,665828,54.09,,0.0,0.0,1.0,0.0,0.0,,52,3,4-Seam Fastball,4,1,4,1,1,4,4,1,Standard,Standard,219.0,-0.003,-0.169,,,,,0.169,,3,3,0.896,0.896,27,26,28,27,1,3,4.0,0.0,6.0,1.0,1.15,0.97,-0.97,36.8,,,,,
CH,2023-06-18,86.5,-2.51,5.41,"Duran, Jarren",680776,650633,,ball,,,,,13.0,,R,L,R,BOS,NYY,B,,,1,2,2023,-1.38,0.69,-1.5076709609921306,1.893020967810823,,,,1,6,Bot,,,,,,,5.251630328760276,-125.80935511351132,-3.590668717921084,-15.73370946604697,25.60213101417907,-24.3402578239707,3.48388002322771,1.74690915433333,,,,87.1,2091.0,6.7,717730,624431,519203,650402,518934,683011,641343,643396,641856,53.79,,,,,,,,47,4,Changeup,2,2,2,2,2,2,2,2,Standard,Standard,243.0,0.004,0.045,,,,,-0.045,,0,0,0.534,0.534,28,26,28,27,1,2,5.0,2.0,3.0,0.0,2.36,1.38,-1.38,28.5,,,,,
CH,2023-06-18,82.6,-3.1,5.17,"Duran, Jarren",680776,676760,,swinging_strike,,,,,13.0,,R,L,R,BOS,NYY,S,,,0,1,2023,-1.41,0.12,-0.1880984221643769,0.8780159572193185,,,,2,6,Bot,,,,,,,9.39943188569275,-119.95688424459485,-3.498231435261209,-15.373203643222071,22.35910304514708,-30.56472199102344,3.38,1.65,,,,83.0,2047.0,6.6,717715,543309,519203,650402,518626,683011,641343,641856,665828,53.95,,,,,,,,52,2,Changeup,4,1,4,1,1,4,4,1,Standard,Standard,264.0,-0.001,-0.061,,,,,0.061,,3,3,0.897,0.897,27,26,28,27,1,3,4.0,0.0,6.0,1.0,3.23,1.41,-1.41,31.6,,,,,
CH,2023-06-18,86.8,-2.64,5.33,"Duran, Jarren",680776,650633,,ball,,,,,13.0,,R,L,R,BOS,NYY,B,,,0,2,2023,-1.34,0.44,-0.9096906630274672,1.741582058226371,,,,1,6,Bot,,,,,,,6.9462675738288775,-126.3763962753128,-3.408472340221853,-15.756796603616896,22.20208276242062,-26.99638432473205,3.48388002322771,1.77652721126177,,,,88.0,2163.0,6.7,717730,624431,519203,650402,518934,683011,641343,643396,641856,53.8,,,,,,,,47,3,Changeup,2,2,2,2,2,2,2,2,Strategic,Standard,243.0,0.002,0.019,,,,,-0.019,,0,0,0.532,0.532,28,26,28,27,1,2,5.0,2.0,3.0,0.0,2.55,1.34,-1.34,27.4,,,,,
CH,2023-06-18,86.7,-2.55,5.41,"Duran, Jarren",680776,650633,,foul,,,,,4.0,,R,L,R,BOS,NYY,S,,,0,1,2023,-1.46,0.77,-0.7438990754710306,2.637657225275077,,,,1,6,Bot,,,,,,,7.307694223804064,-126.000884617906,-1.9746483421994512,-17.042110475002115,26.689999033123613,-23.77918675713119,3.38,1.65,285.0,87.4,45.0,86.6,2212.0,6.4,717730,624431,519203,650402,518934,683011,641343,643396,641856,54.13,,,,,,,,47,2,Changeup,2,2,2,2,2,2,2,2,Infield shade,Standard,241.0,-0.006,-0.057,,,,,0.057,88.0,0,0,0.538,0.538,28,26,28,27,1,2,5.0,2.0,3.0,0.0,2.28,1.46,-1.46,29.5,,,,,
FF,2023-06-18,93.7,-3.17,5.33,"Duran, Jarren",680776,676760,,called_strike,,,,,8.0,,R,L,R,BOS,NYY,S,,,0,0,2023,-1.06,1.24,0.2002598033249922,2.2239305812363543,,,,2,6,Bot,,,,,,,11.053960532176676,-136.05316046683106,-5.0353977030343735,-15.54431980019356,28.732461320380704,-15.76242803194909,3.55388974076501,1.69853729143487,,,,94.0,2187.0,6.5,717715,543309,519203,650402,518626,683011,641343,641856,665828,54.02,,,,,,,,52,1,4-Seam Fastball,4,1,4,1,1,4,4,1,Standard,Standard,228.0,-0.001,-0.045,,,,,0.045,,3,3,0.898,0.898,27,26,28,27,1,3,4.0,0.0,6.0,1.0,1.36,1.06,-1.06,34.3,,,,,
FF,2023-06-18,94.1,-2.47,5.72,"Duran, Jarren",680776,650633,,called_strike,,,,,7.0,,R,L,R,BOS,NYY,S,,,0,0,2023,-0.86,1.31,-0.6463931370155154,1.7046397179235158,,,,1,6,Bot,,,,,,,6.5805972432549815,-136.64142785284673,-7.520367280363659,-12.242064799630503,31.46307738689756,-14.313296489248836,3.51347615757795,1.77652721126177,,,,93.3,2418.0,6.0,717730,624431,519203,650402,518934,683011,641343,643396,641856,54.47,,,,,,,,47,1,4-Seam Fastball,2,2,2,2,2,2,2,2,Standard,Standard,212.0,-0.004,-0.041,,,,,0.041,,0,0,0.542,0.542,28,26,28,27,1,2,5.0,2.0,3.0,0.0,1.29,0.86,-0.86,37.1,,,,,
FF,2023-06-18,95.2,-1.69,6.15,"Duran, Jarren",680776,622663,single,hit_into_play,,,,,6.0,Jarren Duran singles on a line drive to center fielder Billy McKinney.,R,L,R,BOS,NYY,X,8.0,line_drive,1,0,2023,-0.72,1.41,0.7811951428152845,2.7394678252759306,,,,0,1,Bot,113.36,89.48,,,,,8.128821575699442,-138.34127101531638,-6.465445311627541,-11.0844359814956,30.909224947988047,-12.824487951348594,3.38,1.65,276.0,85.7,21.0,95.4,2267.0,6.5,717715,543309,519203,650402,518626,683011,641343,641856,665828,54.0,0.437,0.41,0.9,1.0,1.0,0.0,3.0,6,2,4-Seam Fastball,0,1,0,1,1,0,0,1,Standard,Standard,210.0,0.034,0.392,,,,0.533,-0.392,88.0,-1,-1,0.452,0.452,29,26,29,27,1,0,5.0,0.0,6.0,1.0,1.12,0.72,-0.72,43.7,,,,,
FF,2023-06-18,95.8,-1.89,6.12,"Duran, Jarren",680776,622663,,ball,,,,,14.0,,R,L,R,BOS,NYY,B,,,0,0,2023,-0.4,1.62,1.1566315798038762,2.0633080986899213,,,,0,1,Bot,,,,,,,8.961829649576133,-138.98087201872406,-8.719532106611716,-7.233451865102783,32.55811631991081,-9.31243899514501,3.6280439526098,1.77274535307345,,,,95.7,2278.0,6.5,717715,543309,519203,650402,518626,683011,641343,641856,665828,54.0,,,,,,,,6,1,4-Seam Fastball,0,1,0,1,1,0,0,1,Standard,Standard,210.0,0.004,0.04,,,,,-0.04,,-1,-1,0.448,0.448,29,26,29,27,1,0,5.0,0.0,6.0,1.0,0.89,0.4,-0.4,44.9,,,,,
FA,2023-06-16,69.5,-2.23,6.8,"Duran, Jarren",680776,643396,double,hit_into_play,,,,,1.0,Jarren Duran doubles (18) on a fly ball to center fielder Billy McKinney.,R,L,R,BOS,NYY,X,8.0,fly_ball,0,0,2023,-0.33,1.36,-0.444950334559416,2.9550699909656992,,,,0,8,Bot,67.05,77.27,,,,,3.796369492615525,-101.18709541317703,-1.842907705849712,-2.9212384673969014,16.748267199978436,-22.749600197496378,3.38,1.65,335.0,97.9,38.0,66.7,1560.0,4.0,717742,543309,519203,650402,518626,683011,641432,641856,641343,56.54,0.184,0.3585,1.25,1.0,1.0,1.0,3.0,75,1,Other,14,5,14,5,5,14,14,5,Infield shade,Standard,204.0,0.0,0.706,,,,0.708,-0.706,97.9,9,9,0.999,0.999,28,26,28,27,1,0,64.0,2.0,6.0,2.0,3.36,0.33,-0.33,53.6,,,,,
CH,2023-06-14,86.5,-1.6,5.81,"Duran, Jarren",680776,663567,single,hit_into_play,,,,,4.0,Jarren Duran singles on a sharp line drive to center fielder Brenton Doyle.,R,L,R,BOS,COL,X,8.0,line_drive,0,1,2023,-0.99,0.73,-0.4044337148423148,2.2637522142537225,,,,0,8,Bot,137.86,90.14,,,,,4.895237599839121,-125.85472510038149,-3.74905629757442,-11.550949217793203,25.44486641151325,-23.89318586286851,3.36,1.63,185.0,112.6,9.0,87.0,1543.0,6.6,717768,661531,660707,605612,641857,678662,545341,686668,666134,53.92,0.85,0.857,0.9,1.0,1.0,0.0,5.0,63,2,Changeup,6,2,6,2,2,6,6,2,Standard,Standard,235.0,0.002,0.474,,,,1.138,-0.474,112.6,4,4,0.988,0.988,26,26,26,27,1,0,5.0,1.0,2.0,2.0,2.32,0.99,-0.99,46.6,,,,,
FF,2023-06-14,93.6,-1.69,5.91,"Duran, Jarren",680776,663567,,foul,,,,,4.0,,R,L,R,BOS,COL,S,,,0,0,2023,-0.9,1.31,-0.4170301948098842,2.644872549684671,,,,0,8,Bot,,,,,,,5.297183556715983,-136.22709696027118,-5.620147854286815,-12.321784998774454,29.82672309721071,-14.815617974646567,3.36,1.63,226.0,73.6,29.0,94.3,2169.0,6.7,717768,661531,660707,605612,641857,678662,545341,686668,666134,53.79,,,,,,,,63,1,4-Seam Fastball,6,2,6,2,2,6,6,2,Standard,Standard,214.0,0.0,-0.042,,,,,0.042,88.0,4,4,0.988,0.988,26,26,26,27,1,0,5.0,1.0,2.0,2.0,1.29,0.9,-0.9,52.0,,,,,
SI,2023-06-13,95.5,-1.35,5.65,"Duran, Jarren",680776,571539,walk,ball,,,,,11.0,Jarren Duran walks.,R,L,R,BOS,COL,B,,,3,1,2023,-1.5,0.53,-0.9152134272562538,3.135115896267182,,,,1,10,Bot,,,,,,,4.534730101824285,-139.13015579172878,-2.214831860799249,-20.489402925259192,29.791823631948706,-25.05217573828904,3.46765484607431,1.69853759652416,,,,96.0,1971.0,6.4,717788,642851,519058,605612,641857,678662,545341,686668,666134,54.12,,0.695903,0.7,1.0,0.0,0.0,,89,5,Sinker,6,7,6,7,7,6,6,7,Strategic,Standard,235.0,0.059,0.255,,,,,-0.255,,-1,-1,0.155,0.155,31,26,32,27,1,0,1.0,1.0,2.0,1.0,1.96,1.5,-1.5,33.1,,,,,
SI,2023-06-13,94.9,-1.35,5.61,"Duran, Jarren",680776,571539,,called_strike,,,,,8.0,,R,L,R,BOS,COL,S,,,3,0,2023,-1.44,0.64,-0.2475111801327696,2.3344973166453595,,,,1,10,Bot,,,,,,,6.116285108592707,-138.1662028463573,-4.37420906853891,-19.81681630366508,29.324539702875175,-23.18187958840639,3.52676276681719,1.81701226652324,,,,95.2,2003.0,6.3,717788,642851,519058,605612,641857,678662,545341,686668,666134,54.19,,,,,,,,89,4,Sinker,6,7,6,7,7,6,6,7,Strategic,Standard,235.0,-0.019,-0.083,,,,,0.083,,-1,-1,0.174,0.174,31,26,32,27,1,0,1.0,1.0,2.0,1.0,1.88,1.44,-1.44,31.3,,,,,
SI,2023-06-13,95.5,-1.31,5.66,"Duran, Jarren",680776,571539,,ball,,,,,14.0,,R,L,R,BOS,COL,B,,,2,0,2023,-1.45,0.62,1.2199896519573452,-0.6494845520105803,,,,1,10,Bot,,,,,,,9.934379552270466,-138.282762270756,-12.327106917594351,-20.84111791773306,31.091706470256252,-21.554972221606462,3.46765484607431,1.84662860783114,,,,95.4,2073.0,6.5,717788,642851,519058,605612,641857,678662,545341,686668,666134,53.97,,,,,,,,89,3,Sinker,6,7,6,7,7,6,6,7,Strategic,Standard,238.0,0.029,0.142,,,,,-0.142,,-1,-1,0.145,0.145,31,26,32,27,1,0,1.0,1.0,2.0,1.0,1.91,1.45,-1.45,31.0,,,,,
FC,2023-06-13,92.3,-1.55,5.44,"Duran, Jarren",680776,571539,,ball,,,,,14.0,,R,L,R,BOS,COL,B,,,1,0,2023,-0.23,0.58,2.2375802149741992,1.1508530196323192,,,,1,10,Bot,,,,,,,10.172175573603768,-133.95363468691565,-6.292238390634148,-5.143716889536792,31.72820703319965,-23.965749333323014,3.52676276681719,1.81701226652324,,,,92.2,2125.0,6.6,717788,642851,519058,605612,641857,678662,545341,686668,666134,53.9,,,,,,,,89,2,Cutter,6,7,6,7,7,6,6,7,Strategic,Standard,226.0,0.02,0.066,,,,,-0.066,,-1,-1,0.125,0.125,31,26,32,27,1,0,1.0,1.0,2.0,1.0,2.14,0.23,-0.23,27.3,,,,,
SI,2023-06-13,95.8,-1.43,5.71,"Duran, Jarren",680776,571539,,ball,,,,,14.0,,R,L,R,BOS,COL,B,,,0,0,2023,-1.55,0.62,0.3786679203160641,1.2794678203244187,,,,1,10,Bot,,,,,,,8.299140010124471,-138.99154747845915,-7.441495339368207,-22.01527977633583,33.72165392747069,-22.564387947957197,3.55631384693812,1.78739497362012,,,,95.7,1997.0,6.6,717788,642851,519058,605612,641857,678662,545341,686668,666134,53.91,,,,,,,,89,1,Sinker,6,7,6,7,7,6,6,7,Standard,Standard,235.0,0.01,0.039,,,,,-0.039,,-1,-1,0.115,0.115,31,26,32,27,1,0,1.0,1.0,2.0,1.0,1.9,1.55,-1.55,34.1,,,,,
CH,2023-06-12,81.2,-2.57,5.17,"Duran, Jarren",680776,657756,field_out,hit_into_play,,,,,8.0,"Jarren Duran grounds out, second baseman Coco Montes to first baseman Elehuris Montero.",R,L,R,BOS,COL,X,4.0,ground_ball,0,1,2023,-1.29,-0.16,0.1443869980146008,1.6754543416961711,,,,0,6,Bot,143.01,151.11,,,,,8.559550700690345,-118.01648416300108,-0.9272793489441982,-13.587100559836196,20.270633525807742,-33.74956714946965,3.35,1.63,5.0,72.7,-21.0,81.6,2312.0,6.4,717794,553869,660707,663796,641857,678662,595777,686668,666134,54.07,0.057,0.063,0.0,1.0,0.0,0.0,2.0,42,2,Changeup,0,1,0,1,1,0,0,1,Standard,Standard,275.0,-0.034,-0.223,,,,0.061,0.223,88.0,-1,-1,0.39,0.39,27,26,27,27,3,2,5.0,1.0,5.0,1.0,3.6,1.29,-1.29,24.3,,,,,
SL,2023-06-12,86.3,-2.48,5.48,"Duran, Jarren",680776,657756,,called_strike,,,,,5.0,,R,L,R,BOS,COL,S,,,0,0,2023,0.16,0.32,-0.1465785047270637,2.384152164681792,,,,0,6,Bot,,,,,,,5.144178123807457,-125.61885793183129,-1.8155215989397608,0.7532920526287664,24.347898776360417,-28.646981182500003,3.36753011402431,1.78300575018901,,,,85.5,2493.0,5.6,717794,553869,660707,663796,641857,678662,595777,686668,666134,54.86,,,,,,,,42,1,Slider,0,1,0,1,1,0,0,1,Standard,Standard,184.0,-0.006,-0.042,,,,,0.042,,-1,-1,0.396,0.396,27,26,27,27,3,2,5.0,1.0,5.0,1.0,2.73,-0.16,0.16,29.4,,,,,
SL,2023-06-12,86.3,-2.5,5.49,"Duran, Jarren",680776,657756,field_out,hit_into_play,,,,,5.0,"Jarren Duran grounds out, second baseman Coco Montes to first baseman Elehuris Montero.",R,L,R,BOS,COL,X,4.0,ground_ball,2,0,2023,0.13,0.42,0.0583148792628151,2.4184499121370484,,,,0,3,Bot,145.05,154.67,,,,,5.784047819998251,-125.70469876461142,-1.9822147467064457,0.2666152576543769,23.596638057946535,-27.477295494383068,3.35,1.63,12.0,106.4,-11.0,85.9,2561.0,5.8,717794,553869,660707,663796,641857,678662,595777,686668,666134,54.7,0.341,0.313,0.0,1.0,0.0,0.0,2.0,20,3,Slider,0,0,0,0,0,0,0,0,Standard,Standard,174.0,-0.037,-0.377,,,,0.345,0.377,106.4,0,0,0.567,0.567,27,26,27,27,2,1,5.0,1.0,5.0,1.0,2.61,-0.13,0.13,28.8,,,,,
FF,2023-06-12,91.6,-2.28,5.65,"Duran, Jarren",680776,657756,,ball,,,,,11.0,,R,L,R,BOS,COL,B,,,1,0,2023,-1.01,1.2,-1.290678831379732,2.713245739363296,,,,0,3,Bot,,,,,,,4.695916810967275,-133.35513690725213,-4.146148276937142,-13.05297922955496,28.86570041789108,-17.18870624717575,3.46084623859939,1.63055906985385,,,,91.7,2160.0,6.4,717794,553869,660707,663796,641857,678662,595777,686668,666134,54.14,,,,,,,,20,2,4-Seam Fastball,0,0,0,0,0,0,0,0,Standard,Standard,227.0,0.008,0.071,,,,,-0.071,,0,0,0.559,0.559,27,26,27,27,2,1,5.0,1.0,5.0,1.0,1.52,1.01,-1.01,35.2,,,,,
FF,2023-06-12,93.2,-2.28,5.69,"Duran, Jarren",680776,657756,,ball,,,,,11.0,,R,L,R,BOS,COL,B,,,0,0,2023,-0.96,1.11,-1.7609496517685468,2.9626003665620257,,,,0,3,Bot,,,,,,,3.434498872465427,-135.65502051216262,-3.6962163648231634,-12.617895816493313,29.806868530141873,-17.836688155862866,3.42944895686899,1.63014796965773,,,,93.2,2198.0,6.3,717794,553869,660707,663796,641857,678662,595777,686668,666134,54.24,,,,,,,,20,1,4-Seam Fastball,0,0,0,0,0,0,0,0,Standard,Standard,224.0,0.004,0.04,,,,,-0.04,,0,0,0.555,0.555,27,26,27,27,2,1,5.0,1.0,5.0,1.0,1.51,0.96,-0.96,34.7,,,,,
CH,2023-06-12,80.0,-2.47,5.28,"Duran, Jarren",680776,657756,single,hit_into_play,,,,,5.0,Jarren Duran singles on a line drive to right fielder Nolan Jones.,R,L,R,BOS,COL,X,9.0,line_drive,1,2,2023,-1.36,-0.13,-0.0884576014546338,2.4432105152863217,,,,0,1,Bot,194.03,109.93,,,,,7.839911553238613,-116.25282945577224,0.6775876892496646,-13.75748338242748,20.23220006706985,-33.683715471793406,3.35,1.63,247.0,88.1,17.0,80.4,2125.0,6.5,717794,553869,660707,663796,641857,678662,595777,686668,666134,54.01,0.913,0.869,0.9,1.0,1.0,0.0,4.0,5,4,Changeup,0,0,0,0,0,0,0,0,Standard,Standard,279.0,0.042,0.504,,,,1.057,-0.504,88.1,0,0,0.541,0.541,27,26,27,27,1,0,5.0,1.0,5.0,1.0,3.68,1.36,-1.36,23.2,,,,,
FF,2023-06-12,93.2,-2.28,5.7,"Duran, Jarren",680776,657756,,ball,,,,,11.0,,R,L,R,BOS,COL,B,,,0,2,2023,-0.97,1.39,-0.0089669138528283,4.643296513051832,,,,0,1,Bot,,,,,,,7.942023013904519,-135.5321096004004,0.054035065622411,-13.747279482883512,31.83246264615919,-15.443241304109778,3.33700568327543,1.63055906985385,,,,92.6,2218.0,6.1,717794,553869,660707,663796,641857,678662,595777,686668,666134,54.39,,,,,,,,5,3,4-Seam Fastball,0,0,0,0,0,0,0,0,Standard,Standard,225.0,0.002,0.024,,,,,-0.024,,0,0,0.539,0.539,27,26,27,27,1,0,5.0,1.0,5.0,1.0,1.26,0.97,-0.97,32.2,,,,,
FF,2023-06-12,91.9,-2.24,5.67,"Duran, Jarren",680776,657756,,foul,,,,,3.0,,R,L,R,BOS,COL,S,,,0,1,2023,-1.0,1.21,0.446315375668658,3.3631436874490888,,,,0,1,Bot,,,,,,,8.945647648758287,-133.48770037451143,-2.56832176576784,-14.009915263916843,30.72303717090168,-17.393157664243905,3.35,1.63,166.0,71.3,25.0,91.4,2152.0,6.2,717794,553869,660707,663796,641857,678662,595777,686668,666134,54.27,,,,,,,,5,2,4-Seam Fastball,0,0,0,0,0,0,0,0,Standard,Standard,223.0,-0.006,-0.054,,,,,0.054,88.0,0,0,0.545,0.545,27,26,27,27,1,0,5.0,1.0,5.0,1.0,1.51,1.0,-1.0,33.7,,,,,
FF,2023-06-12,91.9,-2.27,5.68,"Duran, Jarren",680776,657756,,called_strike,,,,,7.0,,R,L,R,BOS,COL,S,,,0,0,2023,-0.99,1.18,-0.7793204227905398,1.673963635880371,,,,0,1,Bot,,,,,,,5.907216013445547,-133.50636762919038,-6.822356980459927,-13.08452547419997,30.411541745261484,-16.728552524826632,3.3989310856265,1.63055906985385,,,,91.6,2122.0,6.3,717794,553869,660707,663796,641857,678662,595777,686668,666134,54.2,,,,,,,,5,1,4-Seam Fastball,0,0,0,0,0,0,0,0,Standard,Standard,219.0,-0.003,-0.042,,,,,0.042,,0,0,0.548,0.548,27,26,27,27,1,0,5.0,1.0,5.0,1.0,1.54,0.99,-0.99,35.3,,,,,
FC,2023-06-11,91.2,-1.06,5.58,"Duran, Jarren",680776,657376,field_out,hit_into_play,,,,,6.0,Jarren Duran flies out to left fielder Billy McKinney.,R,L,R,NYY,BOS,X,7.0,fly_ball,3,1,2023,0.26,0.66,0.61516402927116,2.1878199429877183,,,,0,6,Top,54.08,122.32,,,,,3.68626331940879,-132.84825544791084,-4.170573627923997,2.374724639730811,24.501545481767906,-23.68423441168792,3.3,1.62,261.0,91.5,51.0,92.5,2841.0,6.7,717810,624431,519203,650402,518934,665828,641856,643396,641343,53.8,0.003,0.002,0.0,1.0,0.0,0.0,3.0,39,5,Cutter,2,1,1,2,1,2,1,2,Standard,Standard,195.0,0.06,-0.442,,,,0.004,0.442,91.5,1,-1,0.636,0.364,27,26,27,27,3,2,5.0,1.0,7.0,1.0,2.04,-0.26,0.26,35.5,,,,,
ST,2023-06-11,84.8,-1.77,5.33,"Duran, Jarren",680776,657376,,ball,,,,,13.0,,R,L,R,NYY,BOS,B,,,2,1,2023,1.02,0.23,-1.2373302875769534,1.981701146646071,,,,0,6,Top,,,,,,,-0.779796846184901,-123.63233529988622,-2.067348490338971,10.679003823868396,20.722453279231544,-29.63448881923586,3.57724850453116,1.64656035973113,,,,85.7,3011.0,6.4,717810,624431,519203,650402,518934,665828,641856,643396,641343,54.1,,,,,,,,39,4,Sweeper,2,1,1,2,1,2,1,2,Standard,Standard,83.0,-0.018,0.129,,,,,-0.129,,1,-1,0.654,0.346,27,26,27,27,3,2,5.0,1.0,7.0,1.0,2.89,-1.02,1.02,26.2,,,,,
FC,2023-06-11,89.6,-1.02,5.67,"Duran, Jarren",680776,657376,,ball,,,,,12.0,,R,L,R,NYY,BOS,B,,,1,1,2023,0.35,0.42,0.6771155706287598,4.233534770265052,,,,0,6,Top,,,,,,,3.4819447819110136,-130.59173521418418,1.5034028500545564,3.3862600176689717,24.15487090460341,-27.843197642295788,3.57724850453116,1.67289684182706,,,,90.5,2839.0,6.5,717810,624431,519203,650402,518934,665828,641856,643396,641343,54.05,,,,,,,,39,3,Cutter,2,1,1,2,1,2,1,2,Standard,Standard,173.0,-0.008,0.059,,,,,-0.059,,1,-1,0.662,0.3379999999999999,27,26,27,27,3,2,5.0,1.0,7.0,1.0,2.39,-0.35,0.35,32.3,,,,,
ST,2023-06-11,84.5,-1.94,5.34,"Duran, Jarren",680776,657376,,ball,,,,,14.0,,R,L,R,NYY,BOS,B,,,0,1,2023,1.03,0.1,0.2354590916648495,1.0346164465451515,,,,0,6,Top,,,,,,,3.0187696968951965,-123.0295799383748,-3.906972320838474,9.953188061124209,23.36212498992803,-30.623848601360887,3.60365068420299,1.69923434407397,,,,84.8,3001.0,6.4,717810,624431,519203,650402,518934,665828,641856,643396,641343,54.13,,,,,,,,39,2,Sweeper,2,1,1,2,1,2,1,2,Standard,Standard,93.0,-0.003,0.031,,,,,-0.031,,1,-1,0.665,0.3349999999999999,27,26,27,27,3,2,5.0,1.0,7.0,1.0,3.08,-1.03,1.03,27.5,,,,,
ST,2023-06-11,84.2,-1.71,5.29,"Duran, Jarren",680776,657376,,called_strike,,,,,13.0,,R,L,R,NYY,BOS,S,,,0,0,2023,0.78,0.26,-0.0092126255529483,1.5204459358214186,,,,0,6,Top,,,,,,,2.4014982624075665,-122.67529510861344,-2.9523583520088934,7.50651066350691,22.444417413349974,-29.229225635347053,3.57750633222629,1.75204665602084,,,,84.9,2943.0,6.5,717810,624431,519203,650402,518934,665828,641856,643396,641343,53.96,,,,,,,,39,1,Sweeper,2,1,1,2,1,2,1,2,Standard,Standard,107.0,0.005,-0.042,,,,,0.042,,1,-1,0.66,0.3399999999999999,27,26,27,27,3,2,5.0,1.0,7.0,1.0,2.93,-0.78,0.78,23.5,,,,,
FC,2023-06-11,91.2,-1.54,5.47,"Duran, Jarren",680776,657376,single,hit_into_play,,,,,14.0,Jarren Duran singles on a sharp line drive to right fielder Willie Calhoun.,R,L,R,NYY,BOS,X,9.0,line_drive,0,0,2023,0.57,0.24,0.9462093539577184,2.0713495368549393,,,,1,3,Top,180.93,112.21,,,,,5.0224837919225065,-132.74349358289854,-3.197540800517892,5.753624996841243,27.444632233684107,-28.858048538723672,3.3,1.62,149.0,109.8,9.0,91.6,2855.0,6.4,717810,624431,519203,650402,518934,665828,641343,641856,641432,54.05,0.834,0.809,0.9,1.0,1.0,0.0,5.0,19,1,Cutter,2,1,1,2,1,2,1,2,Standard,Standard,159.0,-0.029,0.416,,,,1.047,-0.416,109.8,1,-1,0.638,0.362,27,26,27,27,2,1,5.0,1.0,7.0,1.0,2.49,-0.57,0.57,32.5,,,,,
CH,2023-06-11,87.5,-2.59,5.55,"Duran, Jarren",680776,650633,field_out,hit_into_play,,,,,4.0,"Jarren Duran grounds out, second baseman Gleyber Torres to first baseman Anthony Rizzo. Enrique Hernandez scores. Connor Wong to 3rd.",R,L,R,NYY,BOS,X,4.0,ground_ball,2,1,2023,-1.34,0.3,-0.7889941891991112,2.315040272663228,571771.0,657136.0,,1,8,Top,149.75,153.64,,,,,7.1326431223726745,-127.34607139247126,-2.299591400268727,-16.037116600789105,25.46956381328689,-28.655921916088797,3.3,1.62,8.0,74.1,-15.0,87.8,2145.0,6.4,717810,624431,519203,650402,518934,665828,641856,643396,641343,54.11,0.069,0.068,0.0,1.0,0.0,0.0,2.0,55,4,Changeup,2,1,1,2,2,2,2,2,Standard,Standard,242.0,-0.013,-0.21,,,,0.073,0.21,88.0,1,-1,0.529,0.471,28,26,28,27,1,3,3.0,1.0,2.0,1.0,2.67,1.34,-1.34,25.8,,,,,
ST,2023-06-11,82.2,-2.66,5.54,"Duran, Jarren",680776,650633,,blocked_ball,,,,,14.0,,R,L,R,NYY,BOS,B,,,1,1,2023,1.67,-0.14,0.5884841940996974,0.5720486138532177,571771.0,657136.0,,1,8,Top,,,,,,,4.140309353704836,-119.70430154105983,-4.4678574271156695,15.28324706319059,22.56014827309177,-32.920237853339295,3.60376897660814,1.69929272117622,,,,82.3,2921.0,6.3,717810,624431,519203,650402,518934,665828,641856,643396,641343,54.23,,,,,,,,55,3,Sweeper,2,1,1,2,1,2,1,2,Standard,Standard,58.0,-0.011,0.018,,,,,-0.018,,1,-1,0.54,0.4599999999999999,28,26,28,27,1,3,3.0,1.0,2.0,1.0,3.51,-1.67,1.67,27.5,,,,,
CH,2023-06-11,87.2,-2.53,5.53,"Duran, Jarren",680776,650633,,ball,,,,,13.0,,R,L,R,NYY,BOS,B,,,0,1,2023,-1.2,0.69,-1.6176462742804625,2.421664543710182,571771.0,657136.0,,1,8,Top,,,,,,,4.6753511439209285,-126.91520761020958,-2.780943366293473,-13.961222219563558,24.645305861406506,-24.327689754650866,3.63017327833611,1.72563243026357,,,,87.6,2063.0,6.4,717810,624431,519203,650402,518934,665828,641856,643396,641343,54.06,,,,,,,,55,2,Changeup,2,1,1,2,1,2,1,2,Standard,Standard,242.0,-0.019,0.02,,,,,-0.02,,1,-1,0.559,0.4409999999999999,28,26,28,27,1,3,3.0,1.0,2.0,1.0,2.29,1.2,-1.2,26.6,,,,,
CH,2023-06-11,86.3,-2.61,5.53,"Duran, Jarren",680776,650633,,foul,,,,,11.0,,R,L,R,NYY,BOS,S,,,0,0,2023,-1.31,0.7,-1.100940569849285,2.7839396026453067,571771.0,657136.0,,1,8,Top,,,,,,,6.273371018995056,-125.63991508262777,-1.7643190405826623,-15.112122911562157,24.58129821458263,-24.55596537776181,3.3,1.62,159.0,66.0,21.0,86.9,2130.0,6.5,717810,624431,519203,650402,518934,665828,641856,643396,641343,53.95,,,,,,,,55,1,Changeup,2,1,1,2,1,2,1,2,Standard,Standard,239.0,0.028,-0.038,,,,,0.038,88.0,1,-1,0.531,0.469,28,26,28,27,1,3,3.0,1.0,2.0,1.0,2.35,1.31,-1.31,26.6,,,,,
SI,2023-06-11,95.3,-1.55,5.54,"Duran, Jarren",680776,657376,double,hit_into_play,,,,,5.0,Jarren Duran doubles (17) on a ground ball to center fielder Billy McKinney.,R,L,R,NYY,BOS,X,8.0,ground_ball,0,0,2023,-0.65,0.51,-0.1348969081807828,2.6335588864094897,,,,0,1,Top,101.87,143.34,,,,,5.209761276300574,-138.65671473174845,-3.1323143003171907,-9.637649598545636,33.01603440518509,-25.03779350339715,3.30013059836195,1.62007085791645,99.0,110.0,3.0,95.6,2583.0,6.6,717810,624431,519203,650402,518934,665828,641343,641856,641432,53.87,0.605,0.551,1.25,1.0,1.0,1.0,4.0,1,1,Sinker,0,0,0,0,0,0,0,0,Infield shade,Standard,221.0,-0.059,0.706,,,,0.667,-0.706,110.0,0,0,0.5,0.5,27,26,27,27,1,0,5.0,1.0,7.0,1.0,2.01,0.65,-0.65,27.3,,,,,
SI,2023-06-10,97.5,-0.77,6.57,"Duran, Jarren",680776,605280,strikeout,called_strike,,,,,6.0,Jarren Duran called out on strikes.,R,L,R,NYY,BOS,S,2.0,,0,2,2023,-1.24,0.21,0.7382646240353496,2.798384618274576,,,,0,9,Top,,,,,,,6.860234573079005,-141.80880055306318,-5.062664756812671,-18.335899582195136,33.54197951778432,-28.40107746730895,3.60763923530665,1.77857252809979,,,,96.9,2299.0,6.0,717825,543309,518934,650402,518626,683011,641856,643396,665828,54.47,,0.0,0.0,1.0,0.0,0.0,,66,3,Sinker,3,1,1,3,1,3,1,3,Standard,Standard,218.0,0.023,-0.169,,,,,0.169,,2,-2,0.94,0.06,30,26,30,27,1,0,2.0,2.0,1.0,1.0,2.2,1.24,-1.24,47.3,,,,,
SL,2023-06-10,88.2,-0.78,6.62,"Duran, Jarren",680776,605280,,swinging_strike,,,,,14.0,,R,L,R,NYY,BOS,S,,,0,1,2023,0.38,-0.19,1.1061877863804206,0.9958645761139496,,,,0,9,Top,,,,,,,3.779828372526222,-128.28411875714485,-7.162493147000741,3.4059887201094443,25.98892788956597,-33.03660913844976,3.31,1.63,,,,87.7,2551.0,5.9,717825,543309,518934,650402,518626,683011,641856,643396,665828,54.56,,,,,,,,66,2,Slider,3,1,1,3,1,3,1,3,Standard,Standard,52.0,0.01,-0.054,,,,,0.054,,2,-2,0.93,0.0699999999999999,30,26,30,27,1,0,2.0,2.0,1.0,1.0,3.12,-0.38,0.38,46.7,,,,,
SI,2023-06-10,95.5,-0.99,6.61,"Duran, Jarren",680776,605280,,called_strike,,,,,13.0,,R,L,R,NYY,BOS,S,,,0,0,2023,-1.47,0.21,-0.1057379112762504,1.4830000086891777,,,,0,9,Top,,,,,,,5.553145186107334,-138.7179652226294,-8.228606229809227,-20.189602891628752,32.2314051436088,-27.696380711200135,3.51973475391885,1.76814078233678,,,,94.3,2185.0,5.8,717825,543309,518934,650402,518626,683011,641856,643396,665828,54.73,,,,,,,,66,1,Sinker,3,1,1,3,1,3,1,3,Standard,Standard,226.0,0.006,-0.042,,,,,0.042,,2,-2,0.924,0.0759999999999999,30,26,30,27,1,0,2.0,2.0,1.0,1.0,2.3,1.47,-1.47,45.1,,,,,
FF,2023-06-08,92.3,-0.92,6.13,"Duran, Jarren",680776,650644,single,hit_into_play,,,,,4.0,Jarren Duran singles on a line drive to left fielder Steven Kwan. Reese McGuire scores. Jarren Duran to 2nd.,R,L,R,CLE,BOS,X,7.0,line_drive,1,2,2023,-0.43,1.4,-0.3334020975136298,2.699767749640886,,624512.0,,2,5,Top,63.46,119.58,,,,,2.401724444851873,-134.42584299566843,-5.967629631225891,-5.683852178665335,26.97662906272852,-14.098047042947512,3.29,1.65,214.0,97.8,10.0,92.0,2398.0,5.9,717842,595956,647304,665926,608070,642708,680757,664702,686823,54.61,0.75,0.696,0.9,1.0,1.0,0.0,4.0,36,4,4-Seam Fastball,3,0,0,3,1,3,1,3,Standard,Standard,204.0,-0.091,0.764,,,,0.863,-0.764,97.8,3,-3,0.864,0.136,28,26,28,27,3,2,6.0,1.0,6.0,2.0,1.25,0.43,-0.43,41.0,,,,,
SI,2023-06-08,91.4,-0.93,6.08,"Duran, Jarren",680776,650644,,ball,,,,,12.0,,R,L,R,CLE,BOS,B,,,0,2,2023,-0.64,1.27,1.948604469310914,3.3543190485592453,,624512.0,,2,5,Top,,,,,,,8.55716473770732,-132.89174650084686,-3.7283998779827257,-9.376068477331357,26.30228157281962,-16.478475965122865,3.36335483936478,1.64993987800326,,,,90.8,2354.0,5.8,717842,595956,647304,665926,608070,642708,680757,664702,686823,54.7,,,,,,,,36,3,Sinker,3,0,0,3,0,3,0,3,Standard,Standard,202.0,-0.003,0.018,,,,,-0.018,,3,-3,0.867,0.133,28,26,28,27,3,2,6.0,1.0,6.0,2.0,1.45,0.64,-0.64,38.3,,,,,
FC,2023-06-08,87.0,-0.85,6.35,"Duran, Jarren",680776,650644,,foul,,,,,3.0,,R,L,R,CLE,BOS,S,,,0,1,2023,0.3,0.72,0.7811972910223655,2.896561351304689,,624512.0,,2,5,Top,,,,,,,3.2675298869536697,-126.7354321256679,-3.577385892193192,2.5254467635358204,26.659037810265783,-23.848083470927328,3.29,1.65,150.0,61.3,55.0,86.4,2593.0,5.9,717842,595956,647304,665926,608070,642708,680757,664702,686823,54.62,,,,,,,,36,2,Cutter,3,0,0,3,0,3,0,3,Standard,Standard,150.0,0.008,-0.061,,,,,0.061,88.0,3,-3,0.859,0.141,28,26,28,27,3,2,6.0,1.0,6.0,2.0,2.29,-0.3,0.3,45.4,,,,,
FC,2023-06-08,86.3,-0.84,6.28,"Duran, Jarren",680776,650644,,foul,,,,,5.0,,R,L,R,CLE,BOS,S,,,0,0,2023,0.55,0.45,-0.2470429078083404,2.331778270013671,,624512.0,,2,5,Top,,,,,,,0.3107975509657256,-125.7464281067866,-4.101975420948191,5.74338884110312,24.30843961079901,-26.80722982350993,3.29,1.65,295.0,93.1,31.0,86.0,2603.0,5.9,717842,595956,647304,665926,608070,642708,680757,664702,686823,54.61,,,,,,,,36,1,Cutter,3,0,0,3,0,3,0,3,Standard,Standard,139.0,0.004,-0.046,,,,,0.046,93.1,3,-3,0.855,0.145,28,26,28,27,3,2,6.0,1.0,6.0,2.0,2.59,-0.55,0.55,45.4,,,,,
FC,2023-06-08,87.7,-0.76,6.29,"Duran, Jarren",680776,650644,field_out,hit_into_play,,,,,3.0,Jarren Duran flies out to shortstop Amed Rosario.,R,L,R,CLE,BOS,X,6.0,fly_ball,0,0,2023,0.42,0.74,0.7322250028383286,3.299250441104244,,,,0,3,Top,93.61,127.38,,,,,2.7171905660340343,-127.79093028057196,-2.6334755720376357,4.071539534834132,26.0447831980452,-23.71741988068926,3.29,1.65,200.0,65.9,40.0,86.8,2642.0,5.6,717842,595956,647304,665926,608070,642708,680757,664702,686823,54.86,0.553,0.543,0.0,1.0,0.0,0.0,4.0,18,1,Cutter,1,0,0,1,0,1,0,1,Standard,Standard,158.0,0.026,-0.265,,,,0.659,0.265,88.0,1,-1,0.612,0.388,28,26,28,27,2,1,6.0,1.0,6.0,2.0,2.21,-0.42,0.42,44.1,,,,,
SL,2023-06-08,81.5,-1.75,5.99,"Duran, Jarren",680776,675540,strikeout,foul_tip,,,,,11.0,Jarren Duran strikes out on a foul tip.,R,L,R,CLE,BOS,S,2.0,,1,2,2023,0.51,-0.18,-0.835206249688834,3.3627036925487497,,571771.0,,1,9,Top,,,,,,,1.0680495840477788,-118.8257379451213,0.9669390401262228,4.658534369374471,21.144937824757548,-34.27593917149533,3.29,1.65,,,,81.5,2374.0,6.0,717842,595956,647304,665926,671289,672356,680757,664702,686823,54.47,,0.0,0.0,1.0,0.0,0.0,,76,4,Slider,10,3,3,10,3,10,3,10,Standard,Strategic,97.0,0.0,-0.205,,,,,0.205,,7,-7,0.999,0.001,24,26,25,27,1,4,8.0,1.0,1.0,2.0,3.58,-0.51,0.51,61.4,,,,,
SL,2023-06-08,87.5,-1.91,5.99,"Duran, Jarren",680776,675540,,foul,,,,,3.0,,R,L,R,CLE,BOS,S,,,1,1,2023,0.43,0.43,0.5675242244482512,3.256884763038032,,571771.0,,1,9,Top,,,,,,,5.062181591108896,-127.48063930568688,-1.3924013646637952,3.780720661632129,24.70081256800564,-27.366020230599087,3.29,1.65,125.0,68.1,32.0,87.4,2433.0,6.1,717842,595956,647304,665926,671289,672356,680757,664702,686823,54.45,,,,,,,,76,3,Slider,10,3,3,10,3,10,3,10,Standard,Strategic,155.0,0.0,-0.078,,,,,0.078,88.0,7,-7,0.999,0.001,24,26,25,27,1,4,8.0,1.0,1.0,2.0,2.52,-0.43,0.43,59.7,,,,,
SL,2023-06-08,86.1,-1.78,6.01,"Duran, Jarren",680776,675540,,called_strike,,,,,2.0,,R,L,R,CLE,BOS,S,,,1,0,2023,0.45,0.43,0.2400149508256973,3.214582526555567,,571771.0,,1,9,Top,,,,,,,3.863689418930814,-125.34204080581952,-1.2761214241374927,3.949236069860523,24.835129703797534,-27.602867987508834,3.26523340907813,1.64979627077877,,,,85.9,2375.0,6.1,717842,595956,647304,665926,671289,672356,680757,664702,686823,54.42,,,,,,,,76,2,Slider,10,3,3,10,3,10,3,10,Standard,Strategic,151.0,0.0,-0.049,,,,,0.049,,7,-7,0.999,0.001,24,26,25,27,1,4,8.0,1.0,1.0,2.0,2.64,-0.45,0.45,57.7,,,,,
FF,2023-06-08,92.0,-1.74,6.14,"Duran, Jarren",680776,675540,,ball,,,,,11.0,,R,L,R,CLE,BOS,B,,,0,0,2023,-0.28,1.66,-0.8806671337850597,4.739748237006625,,571771.0,,1,9,Top,,,,,,,2.7840375641364172,-133.93951157195406,-1.3113371360716064,-3.9192600747575135,29.261398259185768,-12.14251137813276,3.36324758369864,1.64979627077877,,,,92.0,2087.0,6.3,717842,595956,647304,665926,671289,672356,680757,664702,686823,54.22,,,,,,,,76,1,4-Seam Fastball,10,3,3,10,3,10,3,10,Standard,Strategic,196.0,0.0,0.034,,,,,-0.034,,7,-7,0.999,0.001,24,26,25,27,1,4,8.0,1.0,1.0,2.0,1.03,0.28,-0.28,63.7,,,,,
SL,2023-06-08,84.1,-1.95,5.51,"Duran, Jarren",680776,660853,force_out,hit_into_play,,,,,8.0,"Jarren Duran grounds into a force out, second baseman Andres Gimenez to shortstop Amed Rosario. Reese McGuire out at 2nd. Jarren Duran to 1st.",R,L,R,CLE,BOS,X,4.0,ground_ball,1,0,2023,0.31,0.0,-0.2159574469072598,2.054394684368229,,,624512.0,1,7,Top,146.6,152.68,,,,,3.402821127902082,-122.4480669873826,-1.5422263908116116,2.3287752368120223,26.958483893677265,-32.09148950917375,3.29,1.65,24.0,81.8,-3.0,83.5,2306.0,6.1,717842,595956,647304,665926,608070,642708,680757,664702,686823,54.41,0.174,0.178,0.0,1.0,0.0,0.0,2.0,58,2,Slider,8,2,2,8,2,8,2,8,Standard,Standard,109.0,0.008,-0.369,,,,0.178,0.369,88.0,6,-6,0.982,0.018,27,26,28,27,1,3,2.0,1.0,2.0,2.0,3.25,-0.31,0.31,28.0,,,,,
FF,2023-06-08,97.2,-1.93,5.32,"Duran, Jarren",680776,660853,,ball,,,,,14.0,,R,L,R,CLE,BOS,B,,,0,0,2023,-1.16,0.94,0.2760867266165669,1.1677589682362817,,,624512.0,1,7,Top,,,,,,,8.565543104885785,-141.09012264362264,-7.704108750423793,-17.45726409144927,33.61207616661109,-18.041231288268357,3.36335483936478,1.64993987800326,,,,97.0,2369.0,6.4,717842,595956,647304,665926,608070,642708,680757,664702,686823,54.06,,,,,,,,58,1,4-Seam Fastball,8,2,2,8,2,8,2,8,Standard,Standard,228.0,-0.001,0.036,,,,,-0.036,,6,-6,0.983,0.017,27,26,28,27,1,3,2.0,1.0,2.0,2.0,1.5,1.16,-1.16,22.8,,,,,
SI,2023-06-08,94.1,-0.78,6.08,"Duran, Jarren",680776,650644,single,hit_into_play,,,,,2.0,Jarren Duran singles on a sharp ground ball to left fielder Steven Kwan.,R,L,R,CLE,BOS,X,7.0,ground_ball,1,2,2023,-1.3,1.2,-0.1432846615928575,3.0996898457423896,,,,0,1,Top,98.4,127.34,,,,,4.4650709573074066,-136.940700070006,-4.580865418488628,-17.327289270221577,32.38749573175856,-16.309020216558523,3.29,1.65,83.0,104.0,2.0,92.7,2384.0,5.6,717842,595956,647304,665926,608070,642708,680757,664702,686823,54.91,0.545,0.516,0.9,1.0,1.0,0.0,4.0,1,6,Sinker,0,0,0,0,0,0,0,0,Standard,Standard,210.0,-0.043,0.504,,,,0.629,-0.504,104.0,0,0,0.507,0.493,28,26,28,27,1,0,6.0,1.0,6.0,2.0,1.39,1.3,-1.3,43.2,,,,,
CU,2023-06-08,77.4,-0.65,6.39,"Duran, Jarren",680776,650644,,foul,,,,,5.0,,R,L,R,CLE,BOS,S,,,1,2,2023,1.28,-1.4,-0.2427125605950677,2.704323547010099,,,,0,1,Top,,,,,,,-1.4457479444671704,-112.63794577430676,1.693769872975479,11.07433094190735,23.936289215013662,-44.54600742419587,3.29,1.65,2.0,59.7,-50.0,75.8,3026.0,5.5,717842,595956,647304,665926,608070,642708,680757,664702,686823,55.0,,,,,,,,1,5,Curveball,0,0,0,0,0,0,0,0,Standard,Standard,37.0,0.0,0.0,,,,,0.0,88.0,0,0,0.507,0.493,28,26,28,27,1,0,6.0,1.0,6.0,2.0,5.26,-1.28,1.28,48.6,,,,,
FC,2023-06-08,89.4,-0.84,6.26,"Duran, Jarren",680776,650644,,foul,,,,,2.0,,R,L,R,CLE,BOS,S,,,1,2,2023,0.49,0.52,0.0005746797729662,2.8337169742210815,,,,0,1,Top,,,,,,,1.0178132297462343,-130.29524959451453,-3.5628752944620095,5.451770736127622,25.876965089835913,-25.706759782260853,3.29,1.65,184.0,71.3,22.0,88.8,2665.0,5.7,717842,595956,647304,665926,608070,642708,680757,664702,686823,54.82,,,,,,,,1,4,Cutter,0,0,0,0,0,0,0,0,Standard,Standard,167.0,0.0,0.0,,,,,0.0,88.0,0,0,0.507,0.493,28,26,28,27,1,0,6.0,1.0,6.0,2.0,2.31,-0.49,0.49,42.5,,,,,
CU,2023-06-08,78.3,-0.73,6.33,"Duran, Jarren",680776,650644,,ball,,,,,14.0,,R,L,R,CLE,BOS,B,,,0,2,2023,0.98,-1.47,1.3197865258951316,0.0160290079062983,,,,0,1,Top,,,,,,,2.5742790522877868,-113.86461665218022,-3.880774776771779,7.85237046596732,25.425316382994815,-44.11217283175168,3.24083741202383,1.64993987800326,,,,76.9,3138.0,5.8,717842,595956,647304,665926,608070,642708,680757,664702,686823,54.66,,,,,,,,1,3,Curveball,0,0,0,0,0,0,0,0,Standard,Standard,33.0,-0.002,0.024,,,,,-0.024,,0,0,0.509,0.491,28,26,28,27,1,0,6.0,1.0,6.0,2.0,5.26,-0.98,0.98,49.6,,,,,
FC,2023-06-08,91.2,-0.81,6.31,"Duran, Jarren",680776,650644,,foul,,,,,12.0,,R,L,R,CLE,BOS,S,,,0,1,2023,-0.14,0.85,0.0101629894566113,3.5393263481173163,,,,0,1,Top,,,,,,,2.32897289019644,-132.82451925400562,-2.898653943553452,-2.1231165894628488,28.58169449548248,-21.69755835824658,3.29,1.65,213.0,75.0,45.0,90.2,2548.0,5.6,717842,595956,647304,665926,608070,642708,680757,664702,686823,54.88,,,,,,,,1,2,Cutter,0,0,0,0,0,0,0,0,Standard,Standard,180.0,0.006,-0.054,,,,,0.054,88.0,0,0,0.503,0.497,28,26,28,27,1,0,6.0,1.0,6.0,2.0,1.89,0.14,-0.14,44.3,,,,,
FF,2023-06-08,92.9,-0.87,6.31,"Duran, Jarren",680776,650644,,foul,,,,,4.0,,R,L,R,CLE,BOS,S,,,0,0,2023,-0.56,1.46,-0.3396844229620976,2.4266691368734943,,,,0,1,Top,,,,,,,2.5266113974209303,-135.15473232523806,-7.269274304072019,-7.393239846190831,28.94635941154531,-12.856551939938996,3.28984840482464,1.64993987800326,206.0,76.8,53.0,91.6,2472.0,5.5,717842,595956,647304,665926,608070,642708,680757,664702,686823,55.0,,,,,,,,1,1,4-Seam Fastball,0,0,0,0,0,0,0,0,Standard,Standard,211.0,0.003,-0.042,,,,,0.042,88.0,0,0,0.5,0.5,28,26,28,27,1,0,6.0,1.0,6.0,2.0,1.17,0.56,-0.56,48.4,,,,,
FF,2023-06-07,95.0,-1.72,6.45,"Duran, Jarren",680776,676440,field_out,hit_into_play,,,,,9.0,"Jarren Duran grounds out, second baseman Andres Gimenez to first baseman Josh Naylor. Enrique Hernandez to 3rd.",R,L,R,CLE,BOS,X,4.0,ground_ball,2,0,2023,-0.29,1.25,0.5053596719024078,2.1539140169139963,,571771.0,,0,4,Top,157.65,140.08,,,,,6.469973620948899,-137.98973279199907,-8.388868031785886,-5.084673779830237,30.567556679945877,-14.478563981890238,3.31,1.65,5.0,92.0,-25.0,94.9,2274.0,6.3,717858,572287,647304,665926,608070,642708,680757,664702,686823,54.16,0.116,0.106,0.0,1.0,0.0,0.0,2.0,26,3,4-Seam Fastball,1,1,1,1,1,1,1,1,Standard,Standard,190.0,0.024,-0.302,,,,0.141,0.302,92.0,0,0,0.416,0.5840000000000001,24,26,24,27,2,1,6.0,1.0,6.0,1.0,1.28,0.29,-0.29,63.4,,,,,
FF,2023-06-07,94.8,-1.9,6.39,"Duran, Jarren",680776,676440,,ball,,,,,13.0,,R,L,R,CLE,BOS,B,,,1,0,2023,-0.36,1.43,-1.1412935922061205,1.3730433903507064,,571771.0,,0,4,Top,,,,,,,2.8068815418824573,-137.7448937429754,-10.709573731849623,-5.192657222179588,30.789233932322364,-11.73144398505063,3.38345674257002,1.57636574581303,,,,95.5,2307.0,6.8,717858,572287,647304,665926,608070,642708,680757,664702,686823,53.71,,,,,,,,26,2,4-Seam Fastball,1,1,1,1,1,1,1,1,Standard,Standard,201.0,-0.007,0.052,,,,,-0.052,,0,0,0.423,0.577,24,26,24,27,2,1,6.0,1.0,6.0,1.0,1.11,0.36,-0.36,59.0,,,,,
CH,2023-06-07,83.6,-2.24,6.23,"Duran, Jarren",680776,676440,,ball,,,,,13.0,,R,L,R,CLE,BOS,B,,,0,0,2023,-1.02,1.26,-1.0161176860840837,1.6776756907047956,,571771.0,,0,4,Top,,,,,,,4.841513738287508,-121.42259275721884,-6.470911613954671,-11.068365065362062,26.03270068194364,-18.5869897278204,3.38345674257002,1.57636574581303,,,,83.3,2004.0,6.4,717858,572287,647304,665926,608070,642708,680757,664702,686823,54.1,,,,,,,,26,1,Changeup,1,1,1,1,1,1,1,1,Standard,Standard,216.0,-0.003,0.036,,,,,-0.036,,0,0,0.426,0.5740000000000001,24,26,24,27,2,1,6.0,1.0,6.0,1.0,2.04,1.02,-1.02,56.3,,,,,
FF,2023-06-07,95.1,-1.84,6.41,"Duran, Jarren",680776,676440,field_out,hit_into_play,,,,,4.0,"Jarren Duran grounds out, shortstop Amed Rosario to first baseman Josh Naylor.",R,L,R,CLE,BOS,X,6.0,ground_ball,3,1,2023,-0.64,1.2,-0.7090623150577214,2.446342719235153,,,,0,2,Top,106.6,158.14,,,,,4.419235703590131,-138.3307994922775,-7.470294135928586,-9.169432892887656,30.104385463276813,-15.237384329627249,3.31,1.65,14.0,97.5,-9.0,95.5,2260.0,6.5,717858,572287,647304,665926,608070,642708,680757,664702,686823,53.99,0.299,0.271,0.0,1.0,0.0,0.0,2.0,10,5,4-Seam Fastball,0,1,1,0,1,0,1,0,Standard,Standard,193.0,0.035,-0.442,,,,0.324,0.442,97.5,-1,1,0.383,0.617,24,26,24,27,1,0,6.0,1.0,6.0,1.0,1.31,0.64,-0.64,62.0,,,,,
FF,2023-06-07,95.7,-1.7,6.43,"Duran, Jarren",680776,676440,,ball,,,,,14.0,,R,L,R,CLE,BOS,B,,,2,1,2023,-0.2,1.28,2.0615167673895702,1.283622547530236,,,,0,2,Top,,,,,,,10.406088439748746,-138.76539639443254,-10.889565685244136,-4.717509742161726,28.94048960492383,-13.327084163778087,3.35917059793283,1.57665502401494,,,,96.3,2379.0,6.7,717858,572287,647304,665926,608070,642708,680757,664702,686823,53.85,,,,,,,,10,4,4-Seam Fastball,0,1,1,0,1,0,1,0,Standard,Standard,195.0,-0.011,0.129,,,,,-0.129,,-1,1,0.394,0.606,24,26,24,27,1,0,6.0,1.0,6.0,1.0,1.21,0.2,-0.2,62.1,,,,,
CH,2023-06-07,84.4,-1.97,6.29,"Duran, Jarren",680776,676440,,ball,,,,,11.0,,R,L,R,CLE,BOS,B,,,1,1,2023,-1.06,1.33,-1.5035191012227225,3.334924026805335,,,,0,2,Top,,,,,,,3.18180470286586,-122.80838841404342,-3.1233744484314037,-11.339452484469003,25.755229904917677,-18.34363592929803,3.35917059793283,1.57665502401494,,,,84.2,2007.0,6.3,717858,572287,647304,665926,608070,642708,680757,664702,686823,54.22,,,,,,,,10,3,Changeup,0,1,1,0,1,0,1,0,Standard,Standard,217.0,-0.004,0.059,,,,,-0.059,,-1,1,0.398,0.602,24,26,24,27,1,0,6.0,1.0,6.0,1.0,1.89,1.06,-1.06,54.9,,,,,
FC,2023-06-07,83.9,-2.16,6.31,"Duran, Jarren",680776,676440,,ball,,,,,14.0,,R,L,R,CLE,BOS,B,,,0,1,2023,1.51,-0.03,1.2605458218951011,2.0677293925516147,,,,0,2,Top,,,,,,,4.962921927412278,-122.08455464057252,-3.347227097885763,14.041830333386647,24.43858282388697,-32.00674259887656,3.35917059793283,1.60122749981274,,,,84.3,2800.0,6.6,717858,572287,647304,665926,608070,642708,680757,664702,686823,53.93,,,,,,,,10,2,Cutter,0,1,1,0,1,0,1,0,Standard,Standard,62.0,-0.002,0.031,,,,,-0.031,,-1,1,0.4,0.6,24,26,24,27,1,0,6.0,1.0,6.0,1.0,3.27,-1.51,1.51,53.4,,,,,
FF,2023-06-07,94.6,-1.66,6.56,"Duran, Jarren",680776,676440,,foul,,,,,2.0,,R,L,R,CLE,BOS,S,,,0,0,2023,-0.16,1.57,-0.037262818842806,2.9976429573613053,,,,0,2,Top,,,,,,,4.611415014940184,-137.62731325692116,-7.201467425566349,-2.9403583618363984,27.83110087960181,-10.836303885583762,3.31,1.65,109.0,79.7,7.0,95.5,2291.0,6.6,717858,572287,647304,665926,608070,642708,680757,664702,686823,53.88,,,,,,,,10,1,4-Seam Fastball,0,1,1,0,1,0,1,0,Standard,Standard,197.0,0.003,-0.042,,,,,0.042,88.0,-1,1,0.397,0.603,24,26,24,27,1,0,6.0,1.0,6.0,1.0,0.96,0.16,-0.16,63.1,,,,,
CH,2023-06-07,79.1,-0.28,5.85,"Duran, Jarren",680776,669212,strikeout,swinging_strike,,,,,8.0,Jarren Duran strikes out swinging.,R,L,R,CLE,BOS,S,2.0,,1,2,2023,-1.13,0.67,-0.1870176084210452,1.681806864407239,,,,2,6,Top,,,,,,,2.324491383217099,-115.16962643616648,-3.596033814693789,-10.546215488420437,20.394770330116085,-25.75791267715752,3.31,1.65,,,,79.5,2054.0,6.4,717858,572287,647304,665926,608070,642708,680757,664702,686823,54.08,,0.0,0.0,1.0,0.0,0.0,,47,5,Changeup,5,2,2,5,2,5,2,5,Standard,Standard,255.0,0.006,-0.191,,,,,0.191,,3,-3,0.905,0.0949999999999999,27,26,27,27,1,2,1.0,1.0,2.0,1.0,2.96,1.13,-1.13,53.0,,,,,
FF,2023-06-07,92.7,0.03,5.71,"Duran, Jarren",680776,669212,,foul,,,,,2.0,,R,L,R,CLE,BOS,S,,,1,2,2023,-0.51,1.48,0.0584121810532649,3.4219824998126547,,,,2,6,Top,,,,,,,1.2110895468440568,-135.03311275043,-3.2920978852809344,-6.538409712943247,29.299319452746715,-13.602520577574245,3.31,1.65,223.0,73.9,42.0,93.1,2333.0,6.5,717858,572287,647304,665926,608070,642708,680757,664702,686823,54.04,,,,,,,,47,4,4-Seam Fastball,5,2,2,5,2,5,2,5,Standard,Standard,208.0,0.0,0.0,,,,,0.0,88.0,3,-3,0.905,0.0949999999999999,27,26,27,27,1,2,1.0,1.0,2.0,1.0,1.17,0.51,-0.51,53.0,,,,,
FF,2023-06-07,92.1,-0.07,5.64,"Duran, Jarren",680776,669212,,swinging_strike,,,,,12.0,,R,L,R,CLE,BOS,S,,,1,1,2023,-0.56,1.45,0.759629920997823,3.559745086170249,,,,2,6,Top,,,,,,,3.3706819607912326,-134.15647267520862,-2.6592285643715297,-7.525768819304326,27.655994521719137,-14.19689151948562,3.31,1.65,,,,93.2,2206.0,6.8,717858,572287,647304,665926,608070,642708,680757,664702,686823,53.72,,,,,,,,47,3,4-Seam Fastball,5,2,2,5,2,5,2,5,Standard,Standard,208.0,0.003,-0.069,,,,,0.069,,3,-3,0.902,0.0979999999999999,27,26,27,27,1,2,1.0,1.0,2.0,1.0,1.22,0.56,-0.56,52.7,,,,,
SL,2023-06-07,86.8,-0.25,5.74,"Duran, Jarren",680776,669212,,called_strike,,,,,5.0,,R,L,R,CLE,BOS,S,,,1,0,2023,0.26,0.14,-0.1239795165234735,2.297065079452843,,,,2,6,Top,,,,,,,-0.2414702914819199,-126.58991863034753,-2.4114695441897425,2.909902077179499,23.66685564199529,-30.42930552915356,3.30984732146668,1.5270684575851,,,,87.4,2275.0,6.3,717858,572287,647304,665926,608070,642708,680757,664702,686823,54.17,,,,,,,,47,2,Slider,5,2,2,5,2,5,2,5,Standard,Standard,149.0,0.001,-0.056,,,,,0.056,,3,-3,0.901,0.0989999999999999,27,26,27,27,1,2,1.0,1.0,2.0,1.0,2.85,-0.26,0.26,51.0,,,,,
FF,2023-06-07,92.0,0.13,5.69,"Duran, Jarren",680776,669212,,ball,,,,,12.0,,R,L,R,CLE,BOS,B,,,0,0,2023,-0.57,1.5,1.4207446555056142,2.8059371573035667,,,,2,6,Top,,,,,,,4.546368529891506,-133.95795508982616,-4.7890334243023975,-7.784440585131895,28.13788136405237,-13.276954970576112,3.30984732146668,1.5270684575851,,,,93.0,2247.0,6.8,717858,572287,647304,665926,608070,642708,680757,664702,686823,53.72,,,,,,,,47,1,4-Seam Fastball,5,2,2,5,2,5,2,5,Standard,Standard,203.0,-0.001,0.043,,,,,-0.043,,3,-3,0.902,0.0979999999999999,27,26,27,27,1,2,1.0,1.0,2.0,1.0,1.18,0.57,-0.57,58.1,,,,,
FC,2023-06-07,99.2,-1.06,5.94,"Duran, Jarren",680776,661403,walk,ball,,,,,11.0,Jarren Duran walks.,R,L,R,CLE,BOS,B,,,3,0,2023,0.35,0.9,-0.6454060904830401,3.734011815928802,,,,0,9,Top,,,,,,,0.3269049882824502,-144.49653722040375,-2.7739413795453087,4.8026181799611845,32.46544953940471,-19.05159475351381,3.33434971252819,1.60079492888375,,,,99.6,2679.0,6.4,717858,572287,647304,665926,608070,642708,680757,664702,686823,54.14,,0.695903,0.7,1.0,0.0,0.0,,68,4,Cutter,5,2,2,5,2,5,2,5,Standard,Standard,161.0,-0.016,0.173,,,,,-0.173,,3,-3,0.941,0.059,25,26,25,27,1,3,3.0,1.0,2.0,1.0,1.4,-0.35,0.35,49.7,,,,,
FC,2023-06-07,99.2,-0.83,5.94,"Duran, Jarren",680776,661403,,ball,,,,,14.0,,R,L,R,CLE,BOS,B,,,2,0,2023,0.46,0.83,1.3697650954585852,1.2346303082025312,,,,0,9,Top,,,,,,,4.923950223875597,-144.19780425594098,-9.357995314446017,5.330490706551575,32.42187251718888,-18.603824213903497,3.33434971252819,1.62536800998384,,,,99.0,2713.0,6.1,717858,572287,647304,665926,608070,642708,680757,664702,686823,54.36,,,,,,,,68,3,Cutter,5,2,2,5,2,5,2,5,Standard,Standard,172.0,-0.013,0.151,,,,,-0.151,,3,-3,0.954,0.046,25,26,25,27,1,3,3.0,1.0,2.0,1.0,1.48,-0.46,0.46,56.6,,,,,
SL,2023-06-07,90.1,-0.89,5.89,"Duran, Jarren",680776,661403,,ball,,,,,13.0,,R,L,R,CLE,BOS,B,,,1,0,2023,0.6,-0.46,-0.4911050017914876,0.8210947046597328,,,,0,9,Top,,,,,,,-0.2743335970420077,-131.21620844319497,-5.662705797451982,7.005674440010941,26.94007288476954,-36.52695163515334,3.23633210404309,1.50249057508855,,,,90.0,2498.0,6.1,717858,572287,647304,665926,608070,642708,680757,664702,686823,54.36,,,,,,,,68,2,Slider,5,2,2,5,2,5,2,5,Standard,Standard,77.0,-0.008,0.071,,,,,-0.071,,3,-3,0.962,0.038,25,26,25,27,1,3,3.0,1.0,2.0,1.0,3.25,-0.6,0.6,54.2,,,,,
SL,2023-06-07,91.4,-0.98,5.75,"Duran, Jarren",680776,661403,,ball,,,,,14.0,,R,L,R,CLE,BOS,B,,,0,0,2023,0.72,-0.15,1.2784354969063996,0.0033201639779711,,,,0,9,Top,,,,,,,4.181944267515403,-132.9457739601365,-8.346060770580394,7.6858401655881154,26.654943050282803,-32.462129116714195,3.30984732146668,1.50249057508855,,,,92.1,2508.0,6.6,717858,572287,647304,665926,608070,642708,680757,664702,686823,53.93,,,,,,,,68,1,Slider,5,2,2,5,2,5,2,5,Standard,Standard,74.0,-0.004,0.04,,,,,-0.04,,3,-3,0.966,0.034,25,26,25,27,1,3,3.0,1.0,2.0,1.0,2.87,-0.72,0.72,51.8,,,,,
KC,2023-06-06,82.1,-1.42,5.73,"Duran, Jarren",680776,669456,double,hit_into_play,,,,,4.0,Jarren Duran doubles (16) on a sharp line drive to left fielder Steven Kwan.,R,L,R,CLE,BOS,X,7.0,line_drive,1,0,2023,0.84,-0.62,-0.4898149347980945,2.497655710852478,,,,0,5,Top,64.15,130.43,,,,,0.4823757331544709,-119.650352392969,0.3808565300181867,7.96371887415186,22.16132029979333,-38.411168105017865,3.31,1.66,231.0,102.9,11.0,82.8,2379.0,6.6,717873,572287,647304,665926,608070,672356,680757,664702,686823,53.95,0.932,0.911,1.25,1.0,1.0,1.0,4.0,35,2,Knuckle Curve,2,0,0,2,0,2,0,2,Standard,Standard,41.0,-0.071,0.665,,,,1.17,-0.665,102.9,2,-2,0.746,0.254,28,26,28,27,2,1,6.0,1.0,5.0,1.0,3.98,-0.84,0.84,43.9,,,,,
FF,2023-06-06,91.5,-1.34,5.66,"Duran, Jarren",680776,669456,,ball,,,,,14.0,,R,L,R,CLE,BOS,B,,,0,0,2023,-0.64,1.11,1.6938095108671067,2.3708974625378216,,,,0,5,Top,,,,,,,9.074135742439507,-132.95875862019062,-4.848413817117152,-9.436370798710982,26.288118816017793,-18.172348621871425,3.40401113786165,1.63049718539919,,,,92.2,2339.0,6.6,717873,572287,647304,665926,608070,672356,680757,664702,686823,53.91,,,,,,,,35,1,4-Seam Fastball,2,0,0,2,0,2,0,2,Standard,Standard,208.0,-0.005,0.04,,,,,-0.04,,2,-2,0.751,0.249,28,26,28,27,2,1,6.0,1.0,5.0,1.0,1.61,0.64,-0.64,40.8,,,,,
FF,2023-06-06,91.3,-1.4,5.63,"Duran, Jarren",680776,669456,field_out,hit_into_play,,,,,11.0,Jarren Duran lines out to left fielder Steven Kwan.,R,L,R,CLE,BOS,X,7.0,line_drive,2,2,2023,-0.69,1.42,-0.977125910989527,2.8092775530484513,,,671213.0,1,2,Top,61.06,105.47,,,,,2.570177177971368,-132.97907758250886,-4.320482794789017,-8.69690402049781,27.852629057800396,-14.576294682392112,3.31,1.66,283.0,88.2,20.0,92.2,2243.0,6.7,717873,572287,647304,665926,608070,672356,680757,664702,686823,53.8,0.442,0.434,0.0,1.0,0.0,0.0,4.0,14,7,4-Seam Fastball,2,0,0,2,0,2,0,2,Infield shade,Standard,215.0,0.025,-0.232,,,,0.561,0.232,88.2,2,-2,0.7,0.3,28,26,28,27,1,0,6.0,1.0,5.0,1.0,1.3,0.69,-0.69,39.9,,,,,
SL,2023-06-06,84.6,-1.41,5.66,"Duran, Jarren",680776,669456,,foul,,,,,5.0,,R,L,R,CLE,BOS,S,,,2,2,2023,0.34,-0.16,-0.2737050944720735,2.722239512374194,,,671213.0,1,2,Top,,,,,,,1.961339501736087,-123.24327791629446,-0.2562742156249484,3.177548969793207,22.485267103600656,-33.951066663942804,3.31,1.66,160.0,65.6,34.0,85.3,2564.0,6.5,717873,572287,647304,665926,608070,672356,680757,664702,686823,54.02,,,,,,,,14,6,Slider,2,0,0,2,0,2,0,2,Infield shade,Standard,119.0,0.0,0.0,,,,,0.0,88.0,2,-2,0.7,0.3,28,26,28,27,1,0,6.0,1.0,5.0,1.0,3.32,-0.34,0.34,40.7,,,,,
FF,2023-06-06,90.8,-1.34,5.56,"Duran, Jarren",680776,669456,,ball,,,,,13.0,,R,L,R,CLE,BOS,B,,,1,2,2023,-0.91,1.24,-0.7900305591236091,1.271175050470889,,,671213.0,1,2,Top,,,,,,,3.3648992638652304,-132.07717388652037,-7.593989699862235,-11.389617065547556,27.45943291878878,-16.198566383276003,3.30995578733877,1.61828307162229,,,,92.1,2198.0,7.0,717873,572287,647304,665926,608070,672356,680757,664702,686823,53.48,,,,,,,,14,5,4-Seam Fastball,2,0,0,2,0,2,0,2,Infield shade,Standard,215.0,-0.004,0.047,,,,,-0.047,,2,-2,0.704,0.296,28,26,28,27,1,0,6.0,1.0,5.0,1.0,1.52,0.91,-0.91,40.2,,,,,
CH,2023-06-06,87.6,-1.49,5.56,"Duran, Jarren",680776,669456,,ball,,,,,13.0,,R,L,R,CLE,BOS,B,,,0,2,2023,-1.02,1.27,-0.0258013994418214,0.89922222138349,,,671213.0,1,2,Top,,,,,,,5.657863391132732,-127.31006956296848,-7.764244786004563,-12.223450895520768,26.75230472964209,-16.960323698697582,3.34281677751078,1.61828307162229,,,,88.0,1616.0,6.7,717873,572287,647304,665926,608070,672356,680757,664702,686823,53.84,,,,,,,,14,4,Changeup,2,0,0,2,0,2,0,2,Infield shade,Standard,236.0,-0.003,0.023,,,,,-0.023,,2,-2,0.707,0.293,28,26,28,27,1,0,6.0,1.0,5.0,1.0,1.72,1.02,-1.02,44.1,,,,,
FC,2023-06-06,86.4,-1.34,5.63,"Duran, Jarren",680776,669456,,foul,,,,,14.0,,R,L,R,CLE,BOS,S,,,0,2,2023,0.37,0.46,1.0521073503101284,2.0669671419915527,,,671213.0,1,2,Top,,,,,,,4.986427838366816,-125.75217781751844,-3.256460731400286,2.9966431906033075,24.870951549454315,-26.841771393124297,3.31,1.66,3.0,87.1,-31.0,87.4,2355.0,6.8,717873,572287,647304,665926,608070,672356,680757,664702,686823,53.68,,,,,,,,14,3,Cutter,2,0,0,2,0,2,0,2,Infield shade,Standard,195.0,0.0,0.0,,,,,0.0,88.0,2,-2,0.707,0.293,28,26,28,27,1,0,6.0,1.0,5.0,1.0,2.59,-0.37,0.37,42.1,,,,,
FF,2023-06-06,91.3,-1.34,5.63,"Duran, Jarren",680776,669456,,called_strike,,,,,1.0,,R,L,R,CLE,BOS,S,,,0,1,2023,-0.69,1.32,-0.7558614760621026,3.1357462316430462,,,671213.0,1,2,Top,,,,,,,2.994274838614949,-132.9019209396343,-3.270826289327644,-8.863729684831725,28.783389451924133,-16.02853667475237,3.41620705675684,1.59356555738565,,,,92.2,2226.0,6.8,717873,572287,647304,665926,608070,672356,680757,664702,686823,53.68,,,,,,,,14,2,4-Seam Fastball,2,0,0,2,0,2,0,2,Standard,Standard,216.0,0.007,-0.053,,,,,0.053,,2,-2,0.7,0.3,28,26,28,27,1,0,6.0,1.0,5.0,1.0,1.41,0.69,-0.69,39.2,,,,,
FF,2023-06-06,91.1,-1.4,5.6,"Duran, Jarren",680776,669456,,foul,,,,,5.0,,R,L,R,CLE,BOS,S,,,0,0,2023,-0.83,1.42,0.1492789219890606,2.4169073675689887,,,671213.0,1,2,Top,,,,,,,5.757193387566012,-132.49169070791976,-5.188176936565266,-11.07757303094739,29.137432468323674,-14.539470479825775,3.31,1.66,197.0,70.3,46.0,92.1,2212.0,7.0,717873,572287,647304,665926,608070,672356,680757,664702,686823,53.53,,,,,,,,14,1,4-Seam Fastball,2,0,0,2,0,2,0,2,Standard,Standard,218.0,0.005,-0.042,,,,,0.042,88.0,2,-2,0.695,0.305,28,26,28,27,1,0,6.0,1.0,5.0,1.0,1.34,0.83,-0.83,47.9,,,,,
CH,2023-06-05,91.3,-1.14,6.21,"Duran, Jarren",680776,592094,strikeout,swinging_strike,,,,,13.0,Jarren Duran strikes out swinging.,R,L,R,BOS,TB,S,2.0,,0,2,2023,-1.51,0.44,-0.924849442858226,1.615367144144585,,,,2,9,Bot,,,,,,,3.839932975324425,-132.76297335860343,-6.635546974322509,-18.715609650301445,29.619449257655123,-25.693525730594917,3.35,1.67,,,,91.6,1333.0,6.6,717928,642336,670623,660644,670764,677551,670042,622534,666139,53.88,,0.0,0.0,1.0,0.0,0.0,,75,3,Changeup,1,4,1,4,4,1,1,4,Infield shade,Standard,19.0,-0.005,-0.169,,,,,0.169,,-3,-3,0.005,0.005,31,26,32,27,1,1,2.0,1.0,2.0,1.0,2.31,1.51,-1.51,35.3,,,,,
CH,2023-06-05,89.6,-1.28,5.85,"Duran, Jarren",680776,592094,,swinging_strike,,,,,7.0,,R,L,R,BOS,TB,S,,,0,1,2023,-1.27,0.1,-0.6432414009047587,1.8541452080325769,,,,2,9,Bot,,,,,,,4.279164648962832,-130.43784308127348,-4.095548096016939,-15.36106330686212,27.833673900453203,-30.37990486455694,3.35,1.67,,,,90.2,1228.0,6.7,717928,642336,670623,660644,670764,677551,670042,622534,666139,53.83,,,,,,,,75,2,Changeup,1,4,1,4,4,1,1,4,Standard,Standard,285.0,0.0,-0.061,,,,,0.061,,-3,-3,0.005,0.005,31,26,32,27,1,1,2.0,1.0,2.0,1.0,2.74,1.27,-1.27,28.4,,,,,
CH,2023-06-05,89.2,-1.24,5.88,"Duran, Jarren",680776,592094,,swinging_strike,,,,,13.0,,R,L,R,BOS,TB,S,,,0,0,2023,-1.52,0.02,-0.344957363283622,1.4526605825912706,,,,2,9,Bot,,,,,,,5.46073954492897,-129.7970006037377,-4.902433651330748,-18.373681472477188,28.46231171724763,-31.132940703437285,3.35,1.67,,,,89.6,2814.0,6.7,717928,642336,670623,660644,670764,677551,670042,622534,666139,53.85,,,,,,,,75,1,Changeup,1,4,1,4,4,1,1,4,Standard,Standard,222.0,0.0,-0.045,,,,,0.045,,-3,-3,0.005,0.005,31,26,32,27,1,1,2.0,1.0,2.0,1.0,2.86,1.52,-1.52,29.7,,,,,
CU,2023-06-05,84.9,-1.86,6.0,"Duran, Jarren",680776,676534,field_out,hit_into_play,,,,,5.0,"Jarren Duran grounds out, shortstop Wander Franco to first baseman Isaac Paredes.",R,L,R,BOS,TB,X,6.0,ground_ball,1,2,2023,0.54,-1.33,0.2424059278667829,2.4631619683549815,,,,1,7,Bot,124.36,154.97,,,,,3.785187274556064,-123.66583561148089,0.6940580720063172,4.770144760176394,25.38505646380263,-46.19018657186858,3.35,1.67,3.0,94.0,-33.0,83.9,2916.0,5.6,717928,642336,670623,660644,670764,677551,670042,622534,666139,54.86,0.072,0.074,0.0,1.0,0.0,0.0,2.0,58,4,Curveball,1,4,1,4,4,1,1,4,Strategic,Standard,29.0,-0.013,-0.189,,,,0.097,0.189,94.0,-3,-3,0.094,0.094,27,26,28,27,1,0,2.0,1.0,44.0,1.0,4.5,-0.54,0.54,51.2,,,,,
FF,2023-06-05,96.9,-2.06,5.88,"Duran, Jarren",680776,676534,,foul,,,,,1.0,,R,L,R,BOS,TB,S,,,1,1,2023,-0.87,1.38,-0.5255510628479687,3.344498500937627,,,,1,7,Bot,,,,,,,6.021735463487166,-140.9409248530762,-4.320556127544832,-12.967374951198025,32.61942797980297,-13.039131649500696,3.35,1.67,162.0,73.6,66.0,95.9,2334.0,5.8,717928,642336,670623,660644,670764,677551,670042,622534,666139,54.71,,,,,,,,58,3,4-Seam Fastball,1,4,1,4,4,1,1,4,Standard,Standard,215.0,-0.005,-0.068,,,,,0.068,88.0,-3,-3,0.099,0.099,27,26,28,27,1,0,2.0,1.0,44.0,1.0,1.06,0.87,-0.87,46.5,,,,,
FF,2023-06-05,96.9,-2.22,5.92,"Duran, Jarren",680776,676534,,ball,,,,,11.0,,R,L,R,BOS,TB,B,,,0,1,2023,-0.69,1.46,-0.5070784885828924,4.465731511078104,,,,1,7,Bot,,,,,,,6.080714039691056,-141.07083294115006,-1.6827286843814224,-10.56745101614632,31.378671218756384,-12.445736716341932,3.28948419868492,1.67137977744958,,,,96.1,2464.0,5.8,717928,642336,670623,660644,670764,677551,670042,622534,666139,54.74,,,,,,,,58,2,4-Seam Fastball,1,4,1,4,4,1,1,4,Standard,Standard,211.0,0.002,0.03,,,,,-0.03,,-3,-3,0.097,0.097,27,26,28,27,1,0,2.0,1.0,44.0,1.0,0.96,0.69,-0.69,44.5,,,,,
FF,2023-06-05,96.3,-1.84,5.95,"Duran, Jarren",680776,676534,,foul,,,,,6.0,,R,L,R,BOS,TB,S,,,0,0,2023,-0.61,1.49,0.4608044562901409,2.347858959758808,,,,1,7,Bot,,,,,,,7.407233553750181,-139.94175417874007,-7.282365647032015,-9.687533861505162,32.75057488420658,-11.131499109808932,3.35,1.67,222.0,82.1,20.0,95.3,2309.0,5.8,717928,642336,670623,660644,670764,677551,670042,622534,666139,54.65,,,,,,,,58,1,4-Seam Fastball,1,4,1,4,4,1,1,4,Standard,Standard,217.0,-0.003,-0.041,,,,,0.041,88.0,-3,-3,0.1,0.1,27,26,28,27,1,0,2.0,1.0,44.0,1.0,0.98,0.61,-0.61,54.1,,,,,
FF,2023-06-04,95.8,-1.33,6.06,"Duran, Jarren",680776,671737,strikeout,swinging_strike,,,,,12.0,Jarren Duran strikes out swinging.,R,L,R,BOS,TB,S,2.0,,3,2,2023,-0.22,1.79,0.4678096426149594,4.397314949501299,,,807799.0,2,5,Bot,,,,,,,5.249855999143819,-139.25712943763185,-2.741918513716281,-4.200624956592745,36.515143874280426,-8.711902304614794,3.38,1.68,,,,95.4,2258.0,6.5,717904,542194,670042,670623,650490,670764,668227,622534,666139,53.98,,0.0,0.0,1.0,0.0,0.0,,47,8,4-Seam Fastball,2,4,2,4,4,2,2,4,Infield shade,Standard,195.0,-0.036,-0.304,,,,,0.304,,-2,-2,0.257,0.257,22,26,22,27,3,2,6.0,1.0,6.0,1.0,0.73,0.22,-0.22,54.4,,,,,
FF,2023-06-04,95.7,-1.47,6.01,"Duran, Jarren",680776,671737,,foul,,,,,6.0,,R,L,R,BOS,TB,S,,,3,2,2023,-0.34,1.89,0.7618672729610778,2.7289793773649187,,,807799.0,2,5,Bot,,,,,,,6.655456290265974,-138.94061820904412,-7.149864208476758,-6.224975574767841,38.30972517765673,-6.414659643168394,3.38,1.68,144.0,73.6,66.0,94.6,2327.0,6.3,717904,542194,670042,670623,650490,670764,668227,622534,666139,54.19,,,,,,,,47,7,4-Seam Fastball,2,4,2,4,4,2,2,4,Infield shade,Standard,192.0,0.0,0.0,,,,,0.0,88.0,-2,-2,0.257,0.257,22,26,22,27,3,2,6.0,1.0,6.0,1.0,0.66,0.34,-0.34,51.8,,,,,
FF,2023-06-04,97.0,-1.39,6.08,"Duran, Jarren",680776,671737,,foul,,,,,6.0,,R,L,R,BOS,TB,S,,,3,2,2023,-0.58,1.75,0.364625649555035,2.807971245794252,,,807799.0,2,5,Bot,,,,,,,6.003233422161469,-140.88489983458598,-7.121956456702615,-9.189602911381671,34.779621867943135,-7.490600840736832,3.38,1.68,183.0,68.6,46.0,96.4,2400.0,6.3,717904,542194,670042,670623,650490,670764,668227,622534,666139,54.24,,,,,,,,47,6,4-Seam Fastball,2,4,2,4,4,2,2,4,Infield shade,Standard,203.0,0.0,0.0,,,,,0.0,88.0,-2,-2,0.257,0.257,22,26,22,27,3,2,6.0,1.0,6.0,1.0,0.7,0.58,-0.58,55.7,,,,,
CU,2023-06-04,79.1,-1.19,6.1,"Duran, Jarren",680776,671737,,blocked_ball,,,,,14.0,,R,L,R,BOS,TB,B,,,2,2,2023,0.68,-1.34,0.5595261313703345,0.936455653012052,,,807799.0,2,5,Bot,,,,,,,2.53406217194641,-115.06780914622269,-1.831318457515589,5.430311404931133,25.2025296714461,-43.78246741879916,3.2135592702392,1.68097001132095,,,,78.7,2418.0,6.4,717904,542194,670042,670623,650490,670764,668227,622534,666139,54.07,,,,,,,,47,5,Curveball,2,4,2,4,4,2,2,4,Standard,Standard,24.0,0.01,0.065,,,,,-0.065,,-2,-2,0.247,0.247,22,26,22,27,3,2,6.0,1.0,6.0,1.0,5.04,-0.68,0.68,59.7,,,,,
FF,2023-06-04,96.2,-1.37,6.15,"Duran, Jarren",680776,671737,,ball,,,,,11.0,,R,L,R,BOS,TB,B,,,1,2,2023,-0.45,1.91,-0.5399722818779321,4.099662563934382,,,807799.0,2,5,Bot,,,,,,,3.2133969081819815,-139.81220171532752,-4.070634989021548,-6.743610371433223,38.25781882785043,-6.613471646755143,3.30647656791054,1.6595428824112,,,,95.0,2380.0,6.1,717904,542194,670042,670623,650490,670764,668227,622534,666139,54.36,,,,,,,,47,4,4-Seam Fastball,2,4,2,4,4,2,2,4,Standard,Standard,196.0,0.004,0.034,,,,,-0.034,,-2,-2,0.243,0.243,22,26,22,27,3,2,6.0,1.0,6.0,1.0,0.6,0.45,-0.45,52.7,,,,,
FF,2023-06-04,95.0,-1.45,5.94,"Duran, Jarren",680776,671737,,foul,,,,,4.0,,R,L,R,BOS,TB,S,,,1,1,2023,-0.61,1.51,-0.3027709375468178,2.6811557397528727,,,807799.0,2,5,Bot,,,,,,,4.364052417074776,-138.05730312987393,-6.17794881154394,-8.84595161053975,34.873528922315266,-11.661334093644228,3.38,1.68,274.0,94.5,17.0,94.4,2362.0,6.3,717904,542194,670042,670623,650490,670764,668227,622534,666139,54.16,,,,,,,,47,3,4-Seam Fastball,2,4,2,4,4,2,2,4,Standard,Standard,201.0,-0.007,-0.06,,,,,0.06,94.5,-2,-2,0.25,0.25,22,26,22,27,3,2,6.0,1.0,6.0,1.0,1.05,0.61,-0.61,51.7,,,,,
FF,2023-06-04,94.5,-1.54,5.94,"Duran, Jarren",680776,671737,,foul_tip,,,,,2.0,,R,L,R,BOS,TB,S,,,1,0,2023,-0.61,1.64,0.0039979834271974,2.8817162440795627,,,807799.0,2,5,Bot,,,,,,,5.38376428403634,-137.29874445827994,-5.82312614331496,-9.040498816370905,35.71773854876411,-10.465263598242752,3.38,1.68,,,,93.8,2273.0,6.4,717904,542194,670042,670623,650490,670764,668227,622534,666139,54.14,,,,,,,,47,2,4-Seam Fastball,2,4,2,4,4,2,2,4,Standard,Standard,202.0,-0.005,-0.05,,,,,0.05,,-2,-2,0.255,0.255,22,26,22,27,3,2,6.0,1.0,6.0,1.0,0.96,0.61,-0.61,49.3,,,,,
FS,2023-06-04,87.0,-1.37,6.01,"Duran, Jarren",680776,671737,,ball,,,,,11.0,,R,L,R,BOS,TB,B,,,0,0,2023,-1.22,1.07,-1.4970834834836002,4.953762156861918,,,807799.0,2,5,Bot,,,,,,,2.1946593324177015,-126.57531663827604,1.5185613738039845,-13.470447495762816,29.422816140326663,-21.342000855787273,3.30647656791054,1.53520902240589,,,,86.3,1414.0,6.1,717904,542194,670042,670623,650490,670764,668227,622534,666139,54.35,,,,,,,,47,1,Split-Finger,2,4,2,4,4,2,2,4,Standard,Standard,202.0,0.003,0.03,,,,,-0.03,,-2,-2,0.252,0.252,22,26,22,27,3,2,6.0,1.0,6.0,1.0,1.97,1.22,-1.22,51.6,,,,,
FF,2023-06-04,95.4,-1.47,5.98,"Duran, Jarren",680776,671737,field_out,hit_into_play,,,,,12.0,Jarren Duran pops out to shortstop Taylor Walls in foul territory.,R,L,R,BOS,TB,X,6.0,popup,0,1,2023,-0.5,2.05,0.2147761857887837,3.6157162627814583,,,807799.0,2,3,Bot,88.32,172.77,,,,,5.558375399285828,-138.56391506326463,-5.068866014502458,-7.867852972085105,38.938058971525976,-5.121444986969561,3.38,1.68,145.0,81.6,60.0,94.6,2349.0,6.5,717904,542194,670042,670623,650490,670764,668227,622534,666139,53.98,0.026,0.035,0.0,1.0,0.0,0.0,3.0,27,2,4-Seam Fastball,1,1,1,1,1,1,1,1,Standard,Standard,215.0,-0.022,-0.241,,,,0.047,0.241,88.0,0,0,0.522,0.522,22,26,22,27,2,1,6.0,1.0,6.0,1.0,0.52,0.5,-0.5,53.4,,,,,
FS,2023-06-04,90.2,-1.29,5.94,"Duran, Jarren",680776,671737,,foul,,,,,2.0,,R,L,R,BOS,TB,S,,,0,0,2023,-1.12,1.04,-0.1155793005993282,3.2670913984056495,,,807799.0,2,3,Bot,,,,,,,5.3383435371715695,-131.17005414968605,-2.88063396759574,-14.087451800706477,29.67895350342337,-19.76693107473321,3.38,1.68,110.0,67.9,11.0,90.6,1595.0,6.7,717904,542194,670042,670623,650490,670764,668227,622534,666139,53.78,,,,,,,,27,1,Split-Finger,1,1,1,1,1,1,1,1,Standard,Standard,201.0,-0.004,-0.045,,,,,0.045,88.0,0,0,0.526,0.526,22,26,22,27,2,1,6.0,1.0,6.0,1.0,1.78,1.12,-1.12,54.3,,,,,
FC,2023-06-04,88.7,-1.69,6.04,"Duran, Jarren",680776,671737,single,hit_into_play,,,,,5.0,Jarren Duran singles on a sharp line drive to left fielder Randy Arozarena.,R,L,R,BOS,TB,X,7.0,line_drive,0,0,2023,-0.16,0.65,-0.188777705914656,2.431621548815599,,,,0,2,Bot,76.31,113.55,,,,,4.020164999101592,-129.10686182163923,-4.123748009116876,-2.66362668844549,27.01757988483456,-24.25455769365843,3.38,1.68,174.0,105.0,8.0,88.8,2389.0,6.3,717904,542194,670042,670623,650490,670764,668227,622534,666139,54.15,0.671,0.614,0.9,1.0,1.0,0.0,4.0,13,1,Cutter,0,0,0,0,0,0,0,0,Standard,Standard,166.0,0.038,0.432,,,,0.772,-0.432,105.0,0,0,0.551,0.551,22,26,22,27,1,0,6.0,1.0,6.0,1.0,2.25,0.16,-0.16,56.0,,,,,
SI,2023-06-04,93.3,-2.18,5.56,"Duran, Jarren",680776,542888,walk,ball,,,,,13.0,Jarren Duran walks.,R,L,R,BOS,TB,B,,,3,2,2023,-1.41,0.87,-1.4104385025937785,1.9887530927033177,,,,0,8,Bot,,,,,,,5.136041203483416,-135.81365027906725,-5.399844545449887,-18.633287704642377,28.503419640235812,-20.383130995847047,3.24496963900936,1.53561690806394,,,,94.2,2227.0,6.7,717904,542194,670042,670623,650490,670764,668227,622534,666139,53.82,,0.695903,0.7,1.0,0.0,0.0,,68,6,Sinker,2,6,2,6,6,2,2,6,Standard,Standard,214.0,0.026,0.347,,,,,-0.347,,-4,-4,0.049,0.049,32,26,33,27,1,3,,1.0,3.0,1.0,1.73,1.41,-1.41,43.2,,,,,
SI,2023-06-04,92.8,-2.24,5.57,"Duran, Jarren",680776,542888,,swinging_strike,,,,,13.0,,R,L,R,BOS,TB,S,,,3,1,2023,-1.47,0.94,-1.1444264336924277,1.9411508723750184,,,,0,8,Bot,,,,,,,6.0388058198968215,-134.97146305910115,-5.566852243513204,-19.23665516636298,29.658127157520443,-19.681456554257384,3.38,1.68,,,,93.1,2182.0,6.5,717904,542194,670042,670623,650490,670764,668227,622534,666139,53.96,,,,,,,,68,5,Sinker,2,6,2,6,6,2,2,6,Standard,Standard,215.0,-0.007,-0.088,,,,,0.088,,-4,-4,0.056,0.056,32,26,33,27,1,3,,1.0,3.0,1.0,1.71,1.47,-1.47,37.5,,,,,
FC,2023-06-04,90.6,-1.98,5.77,"Duran, Jarren",680776,542888,,ball,,,,,14.0,,R,L,R,BOS,TB,B,,,2,1,2023,0.26,1.04,0.4212605824772786,1.244026151933639,,,,0,8,Bot,,,,,,,5.466500417629381,-131.64722916744515,-7.604178032554597,1.866129492871179,27.842507210725657,-18.690052035419157,3.30691332293437,1.68138065111361,,,,90.9,2557.0,6.6,717904,542194,670042,670623,650490,670764,668227,622534,666139,53.95,,,,,,,,68,4,Cutter,2,6,2,6,6,2,2,6,Standard,Standard,187.0,0.009,0.129,,,,,-0.129,,-4,-4,0.047,0.047,32,26,33,27,1,3,,1.0,3.0,1.0,1.75,-0.26,0.26,45.1,,,,,
SI,2023-06-04,91.5,-2.24,5.7,"Duran, Jarren",680776,542888,,ball,,,,,11.0,,R,L,R,BOS,TB,B,,,1,1,2023,-1.49,1.49,-2.237445911879674,3.9311695653594807,,,,0,8,Bot,,,,,,,3.255416504006871,-132.943396728527,-1.6436561309934308,-18.14368635870444,37.26225091223851,-14.676393790264571,3.27594277157193,1.56670505127187,,,,90.7,2240.0,6.6,717904,542194,670042,670623,650490,670764,668227,622534,666139,53.88,,,,,,,,68,3,Sinker,2,6,2,6,6,2,2,6,Standard,Standard,208.0,0.004,0.059,,,,,-0.059,,-4,-4,0.043,0.043,32,26,33,27,1,3,,1.0,3.0,1.0,1.31,1.49,-1.49,39.9,,,,,
FC,2023-06-04,89.0,-2.07,5.82,"Duran, Jarren",680776,542888,,foul_tip,,,,,6.0,,R,L,R,BOS,TB,S,,,1,0,2023,0.37,0.89,0.3634701428772766,2.5913072864166304,,,,0,8,Bot,,,,,,,5.241632581707367,-129.47116233391063,-3.764507053689001,2.981399940572389,27.679159225745973,-21.581033791728128,3.38,1.68,,,,89.4,2551.0,6.6,717904,542194,670042,670623,650490,670764,668227,622534,666139,53.87,,,,,,,,68,2,Cutter,2,6,2,6,6,2,2,6,Standard,Standard,172.0,-0.004,-0.052,,,,,0.052,,-4,-4,0.047,0.047,32,26,33,27,1,3,,1.0,3.0,1.0,1.99,-0.37,0.37,49.7,,,,,
FC,2023-06-04,90.1,-2.03,5.84,"Duran, Jarren",680776,542888,,ball,,,,,14.0,,R,L,R,BOS,TB,B,,,0,0,2023,0.25,1.19,0.2060579982166935,1.071679935876814,,,,0,8,Bot,,,,,,,5.0541639189381735,-131.05742337806188,-8.489887735082618,1.931140142227821,25.556384557769377,-16.914258421775852,3.30691332293437,1.62887315307374,,,,90.9,2466.0,6.7,717904,542194,670042,670623,650490,670764,668227,622534,666139,53.85,,,,,,,,68,1,Cutter,2,6,2,6,6,2,2,6,Standard,Standard,158.0,0.003,0.04,,,,,-0.04,,-4,-4,0.044,0.044,32,26,33,27,1,3,,1.0,3.0,1.0,1.6,-0.25,0.25,49.1,,,,,
CU,2023-06-03,83.0,-1.71,6.13,"Duran, Jarren",680776,607192,strikeout,swinging_strike_blocked,,,,,14.0,"Jarren Duran strikes out swinging, catcher Francisco Mejia to first baseman Yandy Diaz.",R,L,R,BOS,TB,S,2.0,,2,2,2023,0.07,-1.3,0.8159341620845002,-0.0122392331757481,,,,0,6,Bot,,,,,,,5.776136270455595,-120.62797083317238,-4.964745228959361,-0.7106717439344845,28.1854487021564,-43.74500818789935,3.41,1.68,,,,84.0,2609.0,7.5,717885,642336,650490,664040,670623,670764,623912,642350,622534,53.02,,0.0,0.0,1.0,0.0,0.0,,49,7,Curveball,1,2,1,2,2,1,1,2,Infield shade,Standard,8.0,-0.034,-0.239,,,,,0.239,,-1,-1,0.39,0.39,29,26,30,27,3,2,7.0,0.0,6.0,1.0,4.67,-0.07,0.07,60.8,,,,,
FF,2023-06-03,94.0,-2.02,5.9,"Duran, Jarren",680776,607192,,foul,,,,,2.0,,R,L,R,BOS,TB,S,,,2,2,2023,0.25,1.28,-0.2728034736569369,2.9024371067961985,,,,0,6,Bot,,,,,,,4.055279731049461,-136.81141702144097,-4.994049229922073,2.220348472867741,29.7343387161347,-15.233180306533669,3.41,1.68,235.0,70.1,43.0,96.0,2424.0,7.4,717885,642336,650490,664040,670623,670764,623912,642350,622534,53.11,,,,,,,,49,6,4-Seam Fastball,1,2,1,2,2,1,1,2,Infield shade,Standard,200.0,0.0,0.0,,,,,0.0,88.0,-1,-1,0.39,0.39,29,26,30,27,3,2,7.0,0.0,6.0,1.0,1.3,-0.25,0.25,48.8,,,,,
SL,2023-06-03,87.6,-1.96,5.91,"Duran, Jarren",680776,607192,,foul,,,,,14.0,,R,L,R,BOS,TB,S,,,2,2,2023,0.28,-0.48,0.140966034770182,1.5142058519929398,,,,0,6,Bot,,,,,,,4.581313714040057,-127.538041964524,-3.5162784764586963,2.0866702396561023,27.155384522031103,-36.89334263017534,3.41,1.68,2.0,80.8,-41.0,89.1,2713.0,7.3,717885,642336,650490,664040,670623,670764,623912,642350,622534,53.23,,,,,,,,49,5,Slider,1,2,1,2,2,1,1,2,Infield shade,Standard,49.0,0.0,0.0,,,,,0.0,88.0,-1,-1,0.39,0.39,29,26,30,27,3,2,7.0,0.0,6.0,1.0,3.46,-0.28,0.28,51.6,,,,,
SL,2023-06-03,87.9,-2.04,6.02,"Duran, Jarren",680776,607192,,swinging_strike,,,,,3.0,,R,L,R,BOS,TB,S,,,2,1,2023,0.3,0.04,0.5307014540605991,3.0068147214190013,,,,0,6,Bot,,,,,,,5.723301293268904,-127.96447827592002,-1.2320787647561977,1.980418984563169,27.925509307861876,-31.73207483713895,3.41,1.68,,,,89.3,2598.0,7.2,717885,642336,650490,664040,670623,670764,623912,642350,622534,53.26,,,,,,,,49,4,Slider,1,2,1,2,2,1,1,2,Standard,Standard,79.0,-0.012,-0.074,,,,,0.074,,-1,-1,0.402,0.402,29,26,30,27,3,2,7.0,0.0,6.0,1.0,2.93,-0.3,0.3,52.1,,,,,
SL,2023-06-03,88.1,-1.93,5.95,"Duran, Jarren",680776,607192,,ball,,,,,14.0,,R,L,R,BOS,TB,B,,,1,1,2023,0.24,-0.07,0.9326853071789506,1.2810293255934213,,,,0,6,Bot,,,,,,,6.5786478971665066,-128.07235184391465,-5.139348379937617,1.1411169082485564,28.014802159409744,-31.970510349341673,3.28712355191875,1.64989252150904,,,,89.3,2586.0,7.2,717885,642336,650490,664040,670623,670764,623912,642350,622534,53.28,,,,,,,,49,3,Slider,1,2,1,2,2,1,1,2,Standard,Standard,59.0,0.008,0.059,,,,,-0.059,,-1,-1,0.394,0.394,29,26,30,27,3,2,7.0,0.0,6.0,1.0,3.02,-0.24,0.24,49.9,,,,,
CU,2023-06-03,83.1,-1.62,6.22,"Duran, Jarren",680776,607192,,ball,,,,,14.0,,R,L,R,BOS,TB,B,,,0,1,2023,0.51,-1.5,1.6429618229707936,0.845983984475768,,,,0,6,Bot,,,,,,,6.589079697421214,-120.76655308717068,-2.7975471729877928,3.390115833017191,27.831689254251145,-46.27524916233225,3.31809243039792,1.68097001132095,,,,84.0,2735.0,7.4,717885,642336,650490,664040,670623,670764,623912,642350,622534,53.12,,,,,,,,49,2,Curveball,1,2,1,2,2,1,1,2,Standard,Standard,25.0,0.004,0.031,,,,,-0.031,,-1,-1,0.39,0.39,29,26,30,27,3,2,7.0,0.0,6.0,1.0,4.86,-0.51,0.51,62.5,,,,,
FF,2023-06-03,94.7,-1.97,6.07,"Duran, Jarren",680776,607192,,foul,,,,,3.0,,R,L,R,BOS,TB,S,,,0,0,2023,0.29,1.35,0.3530889439361276,3.1455958261742953,,,,0,6,Bot,,,,,,,5.56574738270106,-137.73303705533473,-5.09410691229117,2.451771816049672,31.2135899602032,-14.06263094157364,3.41,1.68,181.0,70.4,34.0,97.1,2408.0,7.7,717885,642336,650490,664040,670623,670764,623912,642350,622534,52.8,,,,,,,,49,1,4-Seam Fastball,1,2,1,2,2,1,1,2,Standard,Standard,200.0,-0.006,-0.042,,,,,0.042,88.0,-1,-1,0.396,0.396,29,26,30,27,3,2,7.0,0.0,6.0,1.0,1.2,-0.29,0.29,51.2,,,,,
SL,2023-06-03,88.9,-1.85,5.98,"Duran, Jarren",680776,607192,field_out,hit_into_play,,,,,4.0,"Jarren Duran grounds out, second baseman Brandon Lowe to first baseman Yandy Diaz. Masataka Yoshida to 3rd.",R,L,R,BOS,TB,X,4.0,ground_ball,2,2,2023,0.2,-0.21,-0.2900904120239156,2.3104119298461847,,807799.0,,0,4,Bot,149.48,144.12,,,,,3.4854719654042903,-129.35207143795944,-2.478511995376249,1.466710818486478,29.894834730240692,-34.19200686194797,3.41,1.68,9.0,90.7,-13.0,90.6,2621.0,7.6,717885,642336,650490,664040,670623,670764,623912,622534,666139,52.94,0.18,0.171,0.0,1.0,0.0,0.0,2.0,27,5,Slider,0,1,0,1,1,0,0,1,Infield shade,Standard,30.0,-0.009,-0.158,,,,0.205,0.158,90.7,-1,-1,0.501,0.501,29,26,30,27,2,1,7.0,0.0,6.0,1.0,3.12,-0.2,0.2,57.5,,,,,
CU,2023-06-03,83.7,-1.68,6.15,"Duran, Jarren",680776,607192,,ball,,,,,13.0,,R,L,R,BOS,TB,B,,,1,2,2023,0.11,-1.36,-0.471022784507144,0.98496212283271,,807799.0,,0,4,Bot,,,,,,,2.6347378777047443,-121.82499529716216,-2.754035121480221,0.4809987263013897,27.640784428832244,-45.14972837191998,3.22517804284261,1.61881230366768,,,,85.0,2662.0,7.5,717885,642336,650490,664040,670623,670764,623912,622534,666139,53.04,,,,,,,,27,4,Curveball,0,1,0,1,1,0,0,1,Infield shade,Standard,20.0,0.009,0.034,,,,,-0.034,,-1,-1,0.492,0.492,29,26,30,27,2,1,7.0,0.0,6.0,1.0,4.65,-0.11,0.11,57.1,,,,,
FF,2023-06-03,95.4,-1.87,5.85,"Duran, Jarren",680776,607192,,foul,,,,,1.0,,R,L,R,BOS,TB,S,,,1,1,2023,-0.5,1.44,-0.6711635164881886,3.0298087898487664,,807799.0,,0,4,Bot,,,,,,,4.400373540166417,-138.87772185981038,-5.181985050395215,-7.454133420748362,30.0066047338116,-12.53480145141394,3.41,1.68,302.0,86.5,31.0,98.0,2270.0,7.7,717885,642336,650490,664040,670623,670764,623912,622534,666139,52.82,,,,,,,,27,3,4-Seam Fastball,0,1,0,1,1,0,0,1,Standard,Standard,201.0,-0.014,-0.066,,,,,0.066,88.0,-1,-1,0.506,0.506,29,26,30,27,2,1,7.0,0.0,6.0,1.0,1.05,0.5,-0.5,51.7,,,,,
CU,2023-06-03,83.1,-1.78,6.21,"Duran, Jarren",680776,607192,,blocked_ball,,,,,13.0,,R,L,R,BOS,TB,B,,,0,1,2023,-0.25,-0.97,-0.7608172006786613,1.2051026314393978,,807799.0,,0,4,Bot,,,,,,,2.8903349290118503,-120.95871205676109,-3.096177115340723,-3.0822610414843297,25.273732071613864,-41.24136350609981,3.56575126636825,1.55664367922836,,,,84.5,2518.0,7.3,717885,642336,650490,664040,670623,670764,623912,622534,666139,53.18,,,,,,,,27,2,Curveball,0,1,0,1,1,0,0,1,Infield shade,Standard,18.0,0.005,0.02,,,,,-0.02,,-1,-1,0.501,0.501,29,26,30,27,2,1,7.0,0.0,6.0,1.0,4.29,0.25,-0.25,58.0,,,,,
SL,2023-06-03,86.8,-1.88,5.95,"Duran, Jarren",680776,607192,,foul,,,,,11.0,,R,L,R,BOS,TB,S,,,0,0,2023,-0.02,-0.15,-0.3743265035411913,3.811872972417277,,807799.0,,0,4,Bot,,,,,,,3.7090698302045872,-126.29935301237217,1.5081778835830884,-1.0090475332150828,28.816904953413456,-34.36097149624566,3.41,1.68,,,,88.1,2483.0,7.4,717885,642336,650490,664040,670623,670764,623912,622534,666139,53.1,,,,,,,,27,1,Slider,0,1,0,1,1,0,0,1,Standard,Standard,80.0,-0.008,-0.046,,,,,0.046,,-1,-1,0.509,0.509,29,26,30,27,2,1,7.0,0.0,6.0,1.0,3.21,0.02,-0.02,52.0,,,,,
SI,2023-06-03,88.0,-1.42,5.16,"Duran, Jarren",680776,681867,grounded_into_double_play,hit_into_play,,,,,9.0,"Jarren Duran grounds into a double play, first baseman Yandy Diaz to shortstop Wander Franco. Masataka Yoshida out at 2nd. Jarren Duran out at 1st.",R,L,R,BOS,TB,X,3.0,ground_ball,1,0,2023,-1.4,0.16,0.6654316471153037,1.8872330155399817,,,807799.0,1,8,Bot,147.96,171.45,,,,,8.09737647476718,-127.98681528468416,-2.1923258145158524,-16.994021118549536,25.404758285503316,-30.1930455938994,3.44,1.69,4.0,95.3,-24.0,89.6,2093.0,7.2,717918,542194,650490,664040,670764,677551,668227,642350,666139,53.26,0.147,0.135,0.0,1.0,0.0,0.0,2.0,77,2,Sinker,8,5,8,5,5,8,8,5,Standard,Standard,240.0,-0.007,-0.369,,,,0.194,0.369,95.3,3,3,0.973,0.973,26,26,27,27,2,2,8.0,2.0,4.0,0.0,2.78,1.4,-1.4,13.8,,,,,
SI,2023-06-03,89.0,-1.42,5.12,"Duran, Jarren",680776,681867,,ball,,,,,14.0,,R,L,R,BOS,TB,B,,,0,0,2023,-1.4,0.09,1.1201193021736315,1.2048434483188193,,,807799.0,1,8,Bot,,,,,,,9.303747960561932,-129.3728414273515,-3.8329675772970058,-17.586223514499412,25.46171998884066,-30.531746185293,3.28529052384418,1.69014568511654,,,,90.6,2081.0,7.2,717918,542194,650490,664040,670764,677551,668227,642350,666139,53.32,,,,,,,,77,1,Sinker,8,5,8,5,5,8,8,5,Standard,Standard,250.0,0.0,0.036,,,,,-0.036,,3,3,0.973,0.973,26,26,27,27,2,2,8.0,2.0,4.0,0.0,2.78,1.4,-1.4,13.8,,,,,
FF,2023-06-03,94.6,-1.55,6.03,"Duran, Jarren",680776,607192,strikeout,called_strike,,,,,4.0,Jarren Duran called out on strikes.,R,L,R,BOS,TB,S,2.0,,2,2,2023,0.22,1.38,-0.6689579134388014,2.6726026104650176,,,646240.0,2,1,Bot,,,,,,,1.8550582967952431,-137.70854583629384,-6.315878694845134,2.4375332220798014,31.21436409754527,-13.360069364358797,3.31809243039792,1.64989252150904,,,,97.0,2283.0,7.7,717885,642336,650490,664040,670623,670764,623912,622534,666139,52.84,,0.0,0.0,1.0,0.0,0.0,,7,5,4-Seam Fastball,0,0,0,0,0,0,0,0,Infield shade,Standard,190.0,-0.019,-0.239,,,,,0.239,,0,0,0.519,0.519,29,26,30,27,1,0,7.0,0.0,6.0,1.0,1.16,-0.22,0.22,59.3,,,,,
FF,2023-06-03,95.1,-1.57,6.0,"Duran, Jarren",680776,607192,,foul,,,,,5.0,,R,L,R,BOS,TB,S,,,2,1,2023,-0.22,1.36,-0.1080704293438703,2.376408972480883,,,646240.0,2,1,Bot,,,,,,,4.443719538262245,-138.42722982724007,-7.10342075044284,-3.788352174578481,29.670774670917886,-13.333187573342808,3.41,1.68,221.0,75.0,49.0,97.7,2336.0,7.6,717885,642336,650490,664040,670623,670764,623912,622534,666139,52.86,,,,,,,,7,4,4-Seam Fastball,0,0,0,0,0,0,0,0,Standard,Standard,196.0,-0.005,-0.063,,,,,0.063,88.0,0,0,0.524,0.524,29,26,30,27,1,0,7.0,0.0,6.0,1.0,1.15,0.22,-0.22,55.6,,,,,
SL,2023-06-03,87.1,-1.61,6.03,"Duran, Jarren",680776,607192,,ball,,,,,11.0,,R,L,R,BOS,TB,B,,,1,1,2023,0.15,-0.14,-0.9916503911292898,2.6662514586472517,,,646240.0,2,1,Bot,,,,,,,1.2019518479811486,-126.90053011604635,-1.6576903437388344,1.38255806509489,26.088247599975272,-33.52042417961123,3.22517804284261,1.58772935660667,,,,89.2,2516.0,7.5,717885,642336,650490,664040,670623,670764,623912,622534,666139,52.96,,,,,,,,7,3,Slider,0,0,0,0,0,0,0,0,Standard,Standard,50.0,0.003,0.036,,,,,-0.036,,0,0,0.521,0.521,29,26,30,27,1,0,7.0,0.0,6.0,1.0,3.13,-0.15,0.15,52.1,,,,,
CU,2023-06-03,84.4,-1.61,6.21,"Duran, Jarren",680776,607192,,blocked_ball,,,,,13.0,,R,L,R,BOS,TB,B,,,0,1,2023,0.11,-0.98,-0.1087411324456076,0.3845867073674798,,,646240.0,2,1,Bot,,,,,,,3.337208381905806,-122.74088103739513,-5.258446429018113,0.3786925274540039,26.09064052188827,-41.09326983115584,3.25615209139801,1.64989252150904,,,,85.7,2613.0,7.3,717885,642336,650490,664040,670623,670764,623912,622534,666139,53.16,,,,,,,,7,2,Curveball,0,0,0,0,0,0,0,0,Standard,Standard,7.0,0.002,0.025,,,,,-0.025,,0,0,0.519,0.519,29,26,30,27,1,0,7.0,0.0,6.0,1.0,4.2,-0.11,0.11,59.8,,,,,
FF,2023-06-03,96.1,-1.6,6.15,"Duran, Jarren",680776,607192,,called_strike,,,,,1.0,,R,L,R,BOS,TB,S,,,0,0,2023,-0.1,1.41,-0.3026219633951722,3.316096178983471,,,646240.0,2,1,Bot,,,,,,,3.737725229356231,-139.90395773200092,-5.239952871262192,-2.09168542351669,30.69666917592411,-12.684483321047836,3.31809243039792,1.64989252150904,,,,98.5,2389.0,7.5,717885,642336,650490,664040,670623,670764,623912,622534,666139,52.97,,,,,,,,7,1,4-Seam Fastball,0,0,0,0,0,0,0,0,Standard,Standard,184.0,-0.003,-0.045,,,,,0.045,,0,0,0.522,0.522,29,26,30,27,1,0,7.0,0.0,6.0,1.0,1.05,0.1,-0.1,57.0,,,,,
CH,2023-06-03,92.1,-1.35,6.0,"Duran, Jarren",680776,592094,field_out,hit_into_play,,,,,4.0,Jarren Duran flies out to center fielder Jose Siri.,R,L,R,BOS,TB,X,8.0,fly_ball,0,2,2023,-1.63,0.4,-0.3807490848088648,2.658426158760774,,646240.0,608701.0,2,9,Bot,154.03,97.06,,,,,6.068828357626075,-133.9645678348504,-3.5268480909574764,-20.993912595874615,30.27261662636859,-26.76228574068205,3.41,1.68,254.0,75.3,31.0,92.8,2381.0,6.8,717885,642336,650490,664040,670623,670764,623912,642350,622534,53.69,0.308,0.277,0.0,1.0,0.0,0.0,3.0,82,4,Changeup,2,4,2,4,4,2,2,4,Standard,Standard,237.0,-0.089,-0.194,,,,0.315,0.194,88.0,-2,-2,0.089,0.089,31,26,32,27,1,4,3.0,0.0,2.0,1.0,2.3,1.63,-1.63,34.0,,,,,
FF,2023-06-03,96.0,-1.32,6.09,"Duran, Jarren",680776,592094,,foul,,,,,2.0,,R,L,R,BOS,TB,S,,,0,2,2023,-0.74,1.75,-0.1945424338932347,3.4593688850647144,,646240.0,608701.0,2,9,Bot,,,,,,,4.679440615490932,-139.52072530692885,-5.283538303735024,-10.752644749404991,36.11481490960815,-8.375050220503207,3.41,1.68,224.0,74.0,27.0,95.9,2825.0,6.6,717885,642336,650490,664040,670623,670764,623912,642350,622534,53.85,,,,,,,,82,3,4-Seam Fastball,2,4,2,4,4,2,2,4,Infield shade,Standard,214.0,0.0,0.0,,,,,0.0,88.0,-2,-2,0.089,0.089,31,26,32,27,1,4,3.0,0.0,2.0,1.0,0.76,0.74,-0.74,34.9,,,,,
CH,2023-06-03,90.1,-1.39,6.02,"Duran, Jarren",680776,592094,,foul_tip,,,,,13.0,,R,L,R,BOS,TB,S,,,0,1,2023,-1.32,0.45,-1.079737271873285,2.51110439401668,,646240.0,608701.0,2,9,Bot,,,,,,,3.6000051107869697,-131.1752448753812,-3.711046095754486,-16.016712831594756,29.04214770158776,-26.340145409579193,3.41,1.68,,,,90.3,2521.0,6.5,717885,642336,650490,664040,670623,670764,623912,642350,622534,54.0,,,,,,,,82,2,Changeup,2,4,2,4,4,2,2,4,Standard,Standard,230.0,-0.005,-0.061,,,,,0.061,,-2,-2,0.094,0.094,31,26,32,27,1,4,3.0,0.0,2.0,1.0,2.36,1.32,-1.32,33.4,,,,,
CH,2023-06-03,88.9,-1.35,5.85,"Duran, Jarren",680776,592094,,swinging_strike,,,,,14.0,,R,L,R,BOS,TB,S,,,0,0,2023,-1.31,0.07,0.851225658701501,1.6630179193387913,,646240.0,608701.0,2,9,Bot,,,,,,,8.332448765100485,-129.16562544380454,-4.370618366964297,-16.503721599851012,29.64664621117484,-30.594409859977283,3.41,1.68,,,,90.3,2250.0,7.5,717885,642336,650490,664040,670623,670764,623912,642350,622534,53.03,,,,,,,,82,1,Changeup,2,4,2,4,4,2,2,4,Infield shade,Standard,245.0,-0.003,-0.04,,,,,0.04,,-2,-2,0.097,0.097,31,26,32,27,1,4,3.0,0.0,2.0,1.0,2.85,1.31,-1.31,35.0,,,,,
ST,2023-06-03,75.9,-2.12,3.69,"Duran, Jarren",680776,687330,strikeout,swinging_strike,,,,,6.0,Jarren Duran strikes out swinging.,R,L,R,BOS,TB,S,2.0,,1,2,2023,1.32,0.6,0.4909557167639484,2.372967512405717,646240.0,457759.0,807799.0,2,5,Bot,,,,,,,3.1360657279787016,-110.33748425030358,3.512772946533388,9.901576772601876,24.35738839472836,-28.417273140533705,3.44,1.69,,,,76.4,2469.0,7.2,717918,542194,650490,664040,670764,677551,668227,642350,666139,53.26,,0.0,0.0,1.0,0.0,0.0,,47,4,Sweeper,1,4,1,4,4,1,1,4,Standard,Strategic,86.0,-0.064,-0.17,,,,,0.17,,-3,-3,0.201,0.201,25,26,26,27,1,0,3.0,2.0,4.0,0.0,3.45,-1.32,1.32,2.4,,,,,
SI,2023-06-03,89.8,-1.79,3.83,"Duran, Jarren",680776,687330,,called_strike,,,,,6.0,,R,L,R,BOS,TB,S,,,1,1,2023,-1.39,-0.11,0.3353104822363915,2.428381464733859,646240.0,457759.0,807799.0,2,5,Bot,,,,,,,8.401323190184787,-130.51473707499946,2.852791635582294,-17.687756424996973,27.53342636480442,-34.2650395212485,3.22334765558336,1.69014568511654,,,,91.8,2249.0,7.5,717918,542194,650490,664040,670764,677551,668227,642350,666139,52.96,,,,,,,,47,3,Sinker,1,4,1,4,4,1,1,4,Standard,Strategic,246.0,-0.022,-0.079,,,,,0.079,,-3,-3,0.223,0.223,25,26,26,27,1,0,3.0,2.0,4.0,0.0,2.94,1.39,-1.39,5.2,,,,,
CU,2023-06-03,82.5,-1.89,6.09,"Duran, Jarren",680776,676534,strikeout,swinging_strike,,,,,14.0,Jarren Duran strikes out swinging.,R,L,R,BOS,TB,S,2.0,,0,2,2023,0.3,-1.38,1.047451359729254,1.5588296630030485,,,,0,8,Bot,,,,,,,6.057091962291079,-120.03024962525691,-1.0339162118251366,1.5417860266283046,25.60384128277342,-45.46995585010658,3.41,1.68,,,,81.4,2767.0,5.8,717885,642336,650490,664040,670623,670764,623912,642350,622534,54.69,,0.0,0.0,1.0,0.0,0.0,,66,3,Curveball,2,2,2,2,2,2,2,2,Strategic,Standard,20.0,-0.028,-0.169,,,,,0.169,,0,0,0.59,0.59,27,26,28,27,1,3,4.0,0.0,2.0,1.0,4.76,-0.3,0.3,56.1,,,,,
ST,2023-06-03,75.4,-1.79,5.26,"Duran, Jarren",680776,681867,single,hit_into_play,,,,,2.0,Jarren Duran singles on a ground ball to right fielder Josh Lowe. Masataka Yoshida scores.,R,L,R,BOS,TB,X,9.0,ground_ball,0,1,2023,1.64,0.25,-0.0654234693792952,3.080811997724236,,807799.0,,2,6,Bot,181.86,111.23,,,,,0.6711983260293808,-109.78878589427376,2.228982487537295,13.048922622179456,20.724374143722425,-30.810993215711765,3.44,1.69,64.0,96.3,2.0,76.2,2536.0,7.0,717918,542194,650490,664040,670764,677551,668227,642350,666139,53.49,0.421,0.379,0.9,1.0,1.0,0.0,4.0,59,2,Sweeper,6,4,6,4,4,7,7,4,Standard,Strategic,76.0,0.068,0.721,,,,0.465,-0.721,96.3,2,2,0.834,0.834,26,26,27,27,1,1,8.0,2.0,4.0,0.0,3.78,-1.64,1.64,19.1,,,,,
CU,2023-06-03,81.1,-1.85,6.06,"Duran, Jarren",680776,676534,,swinging_strike,,,,,14.0,,R,L,R,BOS,TB,S,,,0,1,2023,0.43,-1.29,0.9489821385678544,1.7553249873470218,,,,0,8,Bot,,,,,,,5.381197414339955,-117.88656941487388,-0.4208124763920717,2.741747979934575,26.25361347599312,-44.18829518467077,3.41,1.68,,,,79.6,2823.0,5.7,717885,642336,650490,664040,670623,670764,623912,642350,622534,54.81,,,,,,,,66,2,Curveball,2,2,2,2,2,2,2,2,Standard,Standard,18.0,-0.011,-0.054,,,,,0.054,,0,0,0.601,0.601,27,26,28,27,1,3,4.0,0.0,2.0,1.0,4.81,-0.43,0.43,60.3,,,,,
SI,2023-06-03,89.9,-2.13,3.75,"Duran, Jarren",680776,687330,,ball,,,,,13.0,,R,L,R,BOS,TB,B,,,0,1,2023,-1.42,-0.2,-1.1517361108166253,1.531994329277531,646240.0,457759.0,807799.0,2,5,Bot,,,,,,,5.55495309291336,-130.61861005142137,1.0793465233502737,-17.36233657589041,32.604696899479876,-34.989116839983026,3.22334765558336,1.69014568511654,,,,91.2,2180.0,7.6,717918,542194,650490,664040,670764,677551,668227,642350,666139,52.95,,,,,,,,47,2,Sinker,1,4,1,4,4,1,1,4,Standard,Strategic,248.0,0.009,0.034,,,,,-0.034,,-3,-3,0.214,0.214,25,26,26,27,1,0,3.0,2.0,4.0,0.0,3.07,1.42,-1.42,4.8,,,,,
ST,2023-06-03,73.3,-2.01,3.72,"Duran, Jarren",680776,687330,,called_strike,,,,,13.0,,R,L,R,BOS,TB,S,,,0,0,2023,1.82,0.28,-0.910411437631918,2.1582617803320847,646240.0,457759.0,807799.0,2,5,Bot,,,,,,,-0.959927155172312,-106.4958638945999,3.918704049958597,13.881192655835152,21.806544349633523,-31.120433348471757,3.2234563595919,1.65921631048247,,,,73.7,2332.0,7.1,717918,542194,650490,664040,670764,677551,668227,642350,666139,53.39,,,,,,,,47,1,Sweeper,1,4,1,4,4,1,1,4,Standard,Strategic,84.0,-0.014,-0.047,,,,,0.047,,-3,-3,0.228,0.228,25,26,26,27,1,0,3.0,2.0,4.0,0.0,4.04,-1.82,1.82,4.0,,,,,
FC,2023-06-03,90.7,-2.1,5.96,"Duran, Jarren",680776,676534,,called_strike,,,,,5.0,,R,L,R,BOS,TB,S,,,0,0,2023,0.11,0.8,-0.0445563299927436,2.298554306933924,,,,0,8,Bot,,,,,,,4.850229382278435,-132.0560498821892,-4.941321744378955,0.3336340168406551,26.78407603724805,-21.95897859543924,3.34905873295489,1.58772935660667,,,,89.9,2518.0,5.7,717885,642336,650490,664040,670623,670764,623912,642350,622534,54.85,,,,,,,,66,1,Cutter,2,2,2,2,2,2,2,2,Standard,Standard,180.0,-0.007,-0.042,,,,,0.042,,0,0,0.608,0.608,27,26,28,27,1,3,4.0,0.0,2.0,1.0,1.96,-0.11,0.11,52.4,,,,,
SI,2023-06-03,87.8,-1.64,5.14,"Duran, Jarren",680776,681867,,missed_bunt,,,,,14.0,,R,L,R,BOS,TB,S,,,0,0,2023,-1.68,-0.1,0.3314520739906237,1.5521746052334238,,807799.0,,2,6,Bot,,,,,,,8.38008380104455,-127.46278985373516,-2.227245614666132,-20.134281329517073,31.498390525176543,-32.97786150389465,3.44,1.69,,,,88.2,1936.0,7.2,717918,542194,650490,664040,670764,677551,668227,642350,666139,53.34,,,,,,,,59,1,Sinker,6,4,6,4,4,6,6,4,Standard,Standard,250.0,-0.003,-0.046,,,,,0.046,,2,2,0.837,0.837,26,26,27,27,1,1,8.0,2.0,4.0,0.0,3.12,1.68,-1.68,14.2,,,,,
SL,2023-06-01,87.4,-2.21,5.84,"Duran, Jarren",680776,668881,field_out,hit_into_play,,,,,6.0,Jarren Duran flies out sharply to center fielder Jose Barrero.,R,L,R,BOS,CIN,X,8.0,fly_ball,0,0,2023,0.34,0.31,0.4149247325465272,2.513087977287525,,,646240.0,2,6,Bot,144.26,42.68,,,,,5.629521289146906,-127.28333015257476,-2.5564194806164666,2.6405658663086373,24.520740861755097,-28.534330623222736,3.51,1.69,388.0,101.8,34.0,87.7,2354.0,6.3,717932,592200,668715,663697,621028,680574,669222,676480,641584,54.23,0.515,1.0031739130434782,0.0,1.0,0.0,0.0,6.0,47,1,Slider,1,1,1,1,1,1,1,1,Infield shade,Standard,100.0,-0.035,-0.286,,,,2.01,0.286,101.8,0,0,0.535,0.535,23,26,24,27,3,2,6.0,1.0,10.0,2.0,2.66,-0.34,0.34,30.2,,,,,
FF,2023-06-01,98.0,-2.26,5.86,"Duran, Jarren",680776,668881,walk,ball,,,,,11.0,Jarren Duran walks. Justin Turner to 2nd.,R,L,R,BOS,CIN,B,,,3,1,2023,-0.9,1.25,-1.041543187815584,3.412550363700671,,,457759.0,1,4,Bot,,,,,,,5.334495319228145,-142.64512941707474,-4.037175083362911,-13.492310737696789,32.07949089314291,-14.329224879081972,3.29294849789885,1.6586578991264,,,,97.7,2372.0,6.1,717932,592200,668715,663697,621028,680574,669222,676480,656413,54.44,,0.695903,0.7,1.0,0.0,0.0,,31,5,4-Seam Fastball,1,1,1,1,1,1,1,1,Infield shade,Standard,225.0,0.026,0.197,,,,,-0.197,,0,0,0.581,0.581,23,26,24,27,2,1,6.0,1.0,10.0,2.0,1.12,0.9,-0.9,29.6,,,,,
FF,2023-06-01,98.1,-2.4,5.9,"Duran, Jarren",680776,668881,,ball,,,,,11.0,,R,L,R,BOS,CIN,B,,,2,1,2023,-0.85,1.13,-0.9402101053642332,4.411802064538486,,,457759.0,1,4,Bot,,,,,,,5.903273003346832,-142.7854175251723,-1.1652404840923358,-13.004059009943497,31.80306247251309,-16.6361668791954,3.29294849789885,1.6586578991264,,,,98.2,2289.0,6.3,717932,592200,668715,663697,621028,680574,669222,676480,656413,54.23,,,,,,,,31,4,4-Seam Fastball,1,1,1,1,1,1,1,1,Infield shade,Standard,222.0,0.014,0.1,,,,,-0.1,,0,0,0.567,0.567,23,26,24,27,2,1,6.0,1.0,10.0,2.0,1.23,0.85,-0.85,29.7,,,,,
FF,2023-06-01,97.4,-2.39,5.82,"Duran, Jarren",680776,668881,,called_strike,,,,,14.0,,R,L,R,BOS,CIN,S,,,2,0,2023,-1.23,0.99,0.8529012642380869,1.860419089638495,,,457759.0,1,4,Bot,,,,,,,11.46259176800765,-141.21617018681175,-7.317505965927573,-19.098604882025505,32.95712276027281,-17.295607264886264,3.38517221810309,1.68919979470903,,,,96.8,2380.0,6.2,717932,592200,668715,663697,621028,680574,669222,676480,656413,54.28,,,,,,,,31,3,4-Seam Fastball,1,1,1,1,1,1,1,1,Infield shade,Standard,226.0,-0.009,-0.061,,,,,0.061,,0,0,0.576,0.576,23,26,24,27,2,1,6.0,1.0,10.0,2.0,1.43,1.23,-1.23,26.5,,,,,
CH,2023-06-01,89.4,-2.46,5.83,"Duran, Jarren",680776,668881,,ball,,,,,11.0,,R,L,R,BOS,CIN,B,,,1,0,2023,-1.11,0.72,-1.6037780820255056,3.012494303281299,,,457759.0,1,4,Bot,,,,,,,4.439823066222212,-130.15415105558543,-2.426888795932139,-13.574172229313069,28.40193404505118,-23.71393276285441,3.38671992501535,1.69055792797892,,,,89.1,1894.0,6.2,717932,592200,668715,663697,621028,680574,669222,676480,656413,54.31,,,,,,,,31,2,Changeup,1,1,1,1,1,1,1,1,Infield shade,Standard,247.0,0.009,0.054,,,,,-0.054,,0,0,0.567,0.567,23,26,24,27,2,1,6.0,1.0,10.0,2.0,2.14,1.11,-1.11,29.0,,,,,
FF,2023-06-01,97.2,-2.29,5.96,"Duran, Jarren",680776,668881,,ball,,,,,11.0,,R,L,R,BOS,CIN,B,,,0,0,2023,-1.06,1.14,-1.447543541039873,2.634155418016182,,,457759.0,1,4,Bot,,,,,,,4.667691964638827,-141.3797310362823,-5.943757505971466,-15.34359362962996,33.21078427871411,-15.745923040093222,3.38671992501535,1.69055792797892,,,,96.6,2373.0,6.0,717932,592200,668715,663697,621028,680574,669222,676480,656413,54.47,,,,,,,,31,1,4-Seam Fastball,1,1,1,1,1,1,1,1,Infield shade,Standard,228.0,0.004,0.036,,,,,-0.036,,0,0,0.563,0.563,23,26,24,27,2,1,6.0,1.0,10.0,2.0,1.28,1.06,-1.06,32.6,,,,,
SL,2023-06-01,88.6,-2.3,5.71,"Duran, Jarren",680776,668881,strikeout,swinging_strike,,,,,14.0,Jarren Duran strikes out swinging.,R,L,R,BOS,CIN,S,2.0,,2,2,2023,0.0,0.28,0.5931659689851684,1.5549899068815671,,,807799.0,0,2,Bot,,,,,,,7.130674364143298,-128.93891192172944,-4.7551953948566155,-1.3463377034505135,24.500546641793793,-28.314620035523777,3.51,1.69,,,,89.8,2355.0,6.8,717932,592200,668715,663697,621028,680574,669222,676480,656413,53.69,,0.0,0.0,1.0,0.0,0.0,,12,7,Slider,0,0,0,0,0,0,0,0,Infield shade,Standard,133.0,-0.03,-0.21,,,,,0.21,,0,0,0.584,0.584,23,26,24,27,1,0,6.0,1.0,10.0,2.0,2.6,0.0,0.0,25.0,,,,,
SL,2023-06-01,86.7,-2.19,5.86,"Duran, Jarren",680776,668881,,foul,,,,,5.0,,R,L,R,BOS,CIN,S,,,2,2,2023,0.48,0.12,0.0115126623858462,2.34797708346621,,,807799.0,0,2,Bot,,,,,,,4.248730756477982,-126.20804960283697,-2.4654992626069188,4.310846355820547,25.07969528790529,-30.566716214909142,3.51,1.69,3.0,90.2,-36.0,86.0,2263.0,5.8,717932,592200,668715,663697,621028,680574,669222,676480,656413,54.7,,,,,,,,12,6,Slider,0,0,0,0,0,0,0,0,Infield shade,Standard,113.0,0.0,0.0,,,,,0.0,90.2,0,0,0.584,0.584,23,26,24,27,1,0,6.0,1.0,10.0,2.0,2.9,-0.48,0.48,28.3,,,,,
FF,2023-06-01,99.0,-2.21,5.96,"Duran, Jarren",680776,668881,,foul,,,,,3.0,,R,L,R,BOS,CIN,S,,,2,2,2023,-0.75,1.32,0.5800437883028575,3.072165671767413,,,807799.0,0,2,Bot,,,,,,,9.36060725741764,-143.82095333855725,-5.565101028853932,-12.551257440212687,31.45180399052404,-12.652473113518212,3.51,1.69,166.0,71.9,63.0,99.1,2266.0,6.3,717932,592200,668715,663697,621028,680574,669222,676480,656413,54.17,,,,,,,,12,5,4-Seam Fastball,0,0,0,0,0,0,0,0,Standard,Standard,225.0,0.0,0.0,,,,,0.0,88.0,0,0,0.584,0.584,23,26,24,27,1,0,6.0,1.0,10.0,2.0,1.0,0.75,-0.75,31.1,,,,,
FF,2023-06-01,99.1,-2.66,5.68,"Duran, Jarren",680776,668881,,called_strike,,,,,4.0,,R,L,R,BOS,CIN,S,,,2,1,2023,-0.93,1.16,-0.7523988538790038,2.5262598166188064,,,807799.0,0,2,Bot,,,,,,,7.378350151762353,-144.0744245874554,-5.9110734737443185,-14.611600123796714,32.96209752704074,-14.806188332291724,3.32391466643094,1.68973273236951,,,,99.2,2227.0,6.3,717932,592200,668715,663697,621028,680574,669222,676480,656413,54.17,,,,,,,,12,4,4-Seam Fastball,0,0,0,0,0,0,0,0,Standard,Standard,229.0,-0.011,-0.056,,,,,0.056,,0,0,0.595,0.595,23,26,24,27,1,0,6.0,1.0,10.0,2.0,1.16,0.93,-0.93,25.2,,,,,
FF,2023-06-01,98.1,-2.23,5.92,"Duran, Jarren",680776,668881,,foul,,,,,14.0,,R,L,R,BOS,CIN,S,,,2,0,2023,-1.06,1.25,1.4445400348614676,2.4004605666725927,,,807799.0,0,2,Bot,,,,,,,12.274917143524236,-142.26956662013157,-6.875470574154048,-17.12337216750773,32.155524072017926,-13.6873451356011,3.51,1.69,94.0,65.6,79.0,97.3,2408.0,6.0,717932,592200,668715,663697,621028,680574,669222,676480,656413,54.49,,,,,,,,12,3,4-Seam Fastball,0,0,0,0,0,0,0,0,Infield shade,Standard,229.0,-0.01,-0.055,,,,,0.055,88.0,0,0,0.605,0.605,23,26,24,27,1,0,6.0,1.0,10.0,2.0,1.13,1.06,-1.06,27.0,,,,,
CH,2023-06-01,89.6,-2.55,5.85,"Duran, Jarren",680776,668881,,ball,,,,,11.0,,R,L,R,BOS,CIN,B,,,1,0,2023,-1.08,1.03,-1.9104138158618933,4.546727227316169,,,807799.0,0,2,Bot,,,,,,,3.837819139367947,-130.43921440385856,0.6009344441216483,-13.107598637313467,28.139767804834268,-20.732043285144123,3.26197973955075,1.6275803309025,,,,89.2,1932.0,6.1,717932,592200,668715,663697,621028,680574,669222,676480,656413,54.42,,,,,,,,12,2,Changeup,0,0,0,0,0,0,0,0,Infield shade,Standard,253.0,0.01,0.055,,,,,-0.055,,0,0,0.595,0.595,23,26,24,27,1,0,6.0,1.0,10.0,2.0,1.81,1.08,-1.08,26.9,,,,,
FF,2023-06-01,97.9,-2.29,5.94,"Duran, Jarren",680776,668881,,ball,,,,,14.0,,R,L,R,BOS,CIN,B,,,0,0,2023,-0.91,1.19,2.1557189501547707,2.228235449516055,,,807799.0,0,2,Bot,,,,,,,14.036694421592069,-141.76817119304317,-7.212136488249806,-15.520801706356645,33.87476365943984,-14.442990332323768,3.26197973955075,1.6275803309025,,,,97.3,2296.0,6.3,717932,592200,668715,663697,621028,680574,669222,676480,656413,54.17,,,,,,,,12,1,4-Seam Fastball,0,0,0,0,0,0,0,0,Infield shade,Standard,224.0,0.006,0.03,,,,,-0.03,,0,0,0.589,0.589,23,26,24,27,1,0,6.0,1.0,10.0,2.0,1.22,0.91,-0.91,30.0,,,,,
,2023-06-01,,,,"Duran, Jarren",680776,643361,,automatic_ball,,,,,,,R,L,R,BOS,CIN,B,,,0,0,2023,,,,,606132.0,807799.0,,1,8,Bot,,,,,,,,,,,,,,,,,,,,,717932,592200,668715,663697,621028,680574,669222,676480,641584,,,,,,,,,63,1,,3,2,3,2,2,3,3,2,,,,0.0,,,,,,,,1,1,0.918,0.918,32,26,32,27,1,3,4.0,1.0,2.0,2.0,,,,,,,,,
,2023-06-01,,,,"Duran, Jarren",680776,643361,,automatic_ball,,,,,,,R,L,R,BOS,CIN,B,,,1,0,2023,,,,,606132.0,807799.0,,1,8,Bot,,,,,,,,,,,,,,,,,,,,,717932,592200,668715,663697,621028,680574,669222,676480,641584,,,,,,,,,63,2,,3,2,3,2,2,3,3,2,,,,0.0,,,,,,,,1,1,0.918,0.918,32,26,32,27,1,3,4.0,1.0,2.0,2.0,,,,,,,,,
,2023-06-01,,,,"Duran, Jarren",680776,643361,,automatic_ball,,,,,,,R,L,R,BOS,CIN,B,,,2,0,2023,,,,,606132.0,807799.0,,1,8,Bot,,,,,,,,,,,,,,,,,,,,,717932,592200,668715,663697,621028,680574,669222,676480,641584,,,,,,,,,63,3,,3,2,3,2,2,3,3,2,,,,0.001,,,,,,,,1,1,0.918,0.918,32,26,32,27,1,3,4.0,1.0,2.0,2.0,,,,,,,,,
,2023-06-01,,,,"Duran, Jarren",680776,643361,intent_walk,automatic_ball,,,,,,Kevin Herget intentionally walks Jarren Duran.,R,L,R,BOS,CIN,B,,,3,0,2023,,,,,606132.0,807799.0,,1,8,Bot,,,,,,,,,,,,,,,,,,,,,717932,592200,668715,663697,621028,680574,669222,676480,641584,,,,0.4,0.0,0.0,0.0,,63,4,,3,2,3,2,2,3,3,2,,,,0.0,,,,,,,,1,1,0.919,0.919,32,26,32,27,1,3,4.0,1.0,2.0,2.0,,,,,,,,,
FF,2023-05-31,95.4,-0.83,5.63,"Duran, Jarren",680776,596133,field_out,hit_into_play,,,,,12.0,Jarren Duran pops out to third baseman Kevin Newman.,R,L,R,BOS,CIN,X,5.0,popup,1,2,2023,-0.34,1.45,1.2679447572737417,2.848598356631362,,,,2,4,Bot,109.65,158.06,,,,,6.213733408851179,-138.78746940575752,-4.9031993419732345,-5.794533626684438,30.98335265257754,-12.473119109974377,3.51,1.67,118.0,53.7,59.0,94.6,2470.0,5.8,717948,571912,668715,663697,621028,680574,669222,676480,656413,54.68,0.016,0.014,0.0,1.0,0.0,0.0,1.0,29,4,4-Seam Fastball,2,0,2,0,0,2,2,0,Infield shade,Standard,210.0,-0.006,-0.191,,,,0.016,0.191,88.0,2,2,0.757,0.757,29,26,30,27,2,1,6.0,1.0,6.0,1.0,1.05,0.34,-0.34,45.5,,,,,
CH,2023-05-31,85.6,-0.94,5.49,"Duran, Jarren",680776,596133,,called_strike,,,,,8.0,,R,L,R,BOS,CIN,S,,,1,1,2023,-0.96,0.46,0.1590662809729055,1.4856477908438266,,,,2,4,Bot,,,,,,,4.494295027260904,-124.5317554222226,-4.093451276525708,-10.88401943807151,24.403648041810285,-26.7558343675089,2.64162726776694,1.45173091344714,,,,85.0,1589.0,5.8,717948,571912,668715,663697,621028,680574,669222,676480,656413,54.67,,,,,,,,29,3,Changeup,2,0,2,0,0,2,2,0,Infield shade,Standard,224.0,-0.002,-0.069,,,,,0.069,,2,2,0.759,0.759,29,26,30,27,2,1,6.0,1.0,6.0,1.0,2.64,0.96,-0.96,42.2,,,,,
CH,2023-05-31,85.4,-0.98,5.51,"Duran, Jarren",680776,596133,,foul,,,,,4.0,,R,L,R,BOS,CIN,S,,,1,0,2023,-1.03,0.62,-0.5023041411164294,2.7877235893954477,,,,2,4,Bot,,,,,,,3.1446659664063854,-124.30193027626146,-1.3137403353177315,-11.27082246757483,27.09124879647216,-25.777462801824147,3.51,1.67,136.0,66.8,21.0,84.1,,5.6,717948,571912,668715,663697,621028,680574,669222,676480,656413,54.87,,,,,,,,29,2,Changeup,2,0,2,0,0,2,2,0,Infield shade,Standard,,-0.001,-0.056,,,,,0.056,88.0,2,2,0.76,0.76,29,26,30,27,2,1,6.0,1.0,6.0,1.0,2.53,1.03,-1.03,40.6,,,,,
CH,2023-05-31,85.1,-1.02,5.53,"Duran, Jarren",680776,596133,,ball,,,,,11.0,,R,L,R,BOS,CIN,B,,,0,0,2023,-1.01,0.45,-1.3712775663345955,2.7335553315978385,,,,2,4,Bot,,,,,,,1.1890045721247444,-123.82619075683895,-1.0486040039828135,-10.567830602072103,28.156701891037834,-27.63247336091394,2.92071980386877,1.5450000209069,,,,83.7,,5.7,717948,571912,668715,663697,621028,680574,669222,676480,656413,54.82,,,,,,,,29,1,Changeup,2,0,2,0,0,2,2,0,Infield shade,Standard,,0.001,0.043,,,,,-0.043,,2,2,0.759,0.759,29,26,30,27,2,1,6.0,1.0,6.0,1.0,2.74,1.01,-1.01,45.5,,,,,
CH,2023-05-31,86.5,-0.97,5.53,"Duran, Jarren",680776,596133,strikeout,swinging_strike,,,,,7.0,Jarren Duran strikes out swinging.,R,L,R,BOS,CIN,S,2.0,,1,2,2023,-0.95,0.8,-0.8212506390276538,1.6857465788544663,,,,1,2,Bot,,,,,,,2.2730515844420793,-125.86438712827136,-4.478230308380299,-10.491298291518833,29.17485277645118,-22.948969572136704,3.51,1.67,,,,85.3,1614.0,5.8,717948,571912,668715,663697,621028,680574,669222,676480,656413,54.69,,0.0,0.0,1.0,0.0,0.0,,14,4,Changeup,1,0,1,0,0,1,1,0,Infield shade,Standard,216.0,-0.01,-0.189,,,,,0.189,,1,1,0.631,0.631,29,26,30,27,1,0,6.0,1.0,6.0,1.0,2.28,0.95,-0.95,43.3,,,,,
KC,2023-05-31,81.7,-0.85,5.61,"Duran, Jarren",680776,596133,,ball,,,,,14.0,,R,L,R,BOS,CIN,B,,,0,2,2023,0.32,-0.83,0.3674822415498036,0.580330922171695,,,,1,2,Bot,,,,,,,2.1231369335027974,-118.99084784574956,-3.145464634048247,2.587652306538534,22.89501409388641,-39.707968967829785,3.13764290462994,1.66932046006617,,,,81.0,2347.0,5.7,717948,571912,668715,663697,621028,680574,669222,676480,656413,54.76,,,,,,,,14,3,Knuckle Curve,1,0,1,0,0,1,1,0,Infield shade,Standard,45.0,0.001,0.019,,,,,-0.019,,1,1,0.63,0.63,29,26,30,27,1,0,6.0,1.0,6.0,1.0,4.24,-0.32,0.32,49.4,,,,,
FF,2023-05-31,94.2,-0.94,5.62,"Duran, Jarren",680776,596133,,called_strike,,,,,1.0,,R,L,R,BOS,CIN,S,,,0,1,2023,-0.19,1.49,-0.3113202407939481,2.769660973479491,,,,1,2,Bot,,,,,,,2.0240094120110124,-137.11382083247375,-4.915983562945338,-2.883640916817235,33.08301758677834,-12.599209570373604,3.1686213921372,1.66932046006617,,,,93.0,2473.0,5.8,717948,571912,668715,663697,621028,680574,669222,676480,656413,54.74,,,,,,,,14,2,4-Seam Fastball,1,0,1,0,0,1,1,0,Infield shade,Standard,211.0,-0.004,-0.057,,,,,0.057,,1,1,0.634,0.634,29,26,30,27,1,0,6.0,1.0,6.0,1.0,1.1,0.19,-0.19,46.5,,,,,
FF,2023-05-31,94.9,-0.94,5.63,"Duran, Jarren",680776,596133,,called_strike,,,,,9.0,,R,L,R,BOS,CIN,S,,,0,0,2023,-0.47,1.46,0.7085202463804443,2.0092825341489884,,,,1,2,Bot,,,,,,,5.309866439826175,-137.94607999800726,-7.014107578908716,-7.1849137661605855,30.90605931722553,-12.116258507844629,3.29250923946675,1.66932046006617,,,,94.0,2446.0,5.8,717948,571912,668715,663697,621028,680574,669222,676480,656413,54.69,,,,,,,,14,1,4-Seam Fastball,1,0,1,0,0,1,1,0,Infield shade,Standard,206.0,-0.002,-0.041,,,,,0.041,,1,1,0.636,0.636,29,26,30,27,1,0,6.0,1.0,6.0,1.0,1.07,0.47,-0.47,51.7,,,,,
ST,2023-05-31,84.8,-1.96,5.57,"Duran, Jarren",680776,608371,double,hit_into_play,,,,,5.0,Jarren Duran doubles (15) on a ground ball to left fielder Jake Fraley. Masataka Yoshida scores.,R,L,R,BOS,CIN,X,7.0,ground_ball,2,2,2023,1.39,0.64,-0.2545307930990956,2.538424044235779,,807799.0,,1,8,Bot,77.3,151.95,,,,,1.20637861044409,-123.4193922230514,-1.9622570669617552,13.821643130932385,27.03634851769442,-25.46392595765924,3.51,1.67,80.0,71.5,5.0,83.3,3036.0,5.5,717948,592200,668715,663697,621028,680574,641584,669222,666181,54.97,0.231,0.214,1.25,1.0,1.0,1.0,2.0,68,6,Sweeper,3,5,3,5,5,4,4,5,Standard,Strategic,77.0,0.179,0.864,,,,0.293,-0.864,88.0,-2,-2,0.189,0.189,29,26,29,27,1,3,3.0,1.0,2.0,1.0,2.55,-1.39,1.39,38.7,,,,,
CU,2023-05-31,78.1,-2.02,5.72,"Duran, Jarren",680776,608371,,foul,,,,,8.0,,R,L,R,BOS,CIN,S,,,2,2,2023,1.23,-1.05,0.0414556609170471,2.0859471281146824,,807799.0,,1,8,Bot,,,,,,,2.1387364484531317,-113.53394082878908,1.1236850064950066,9.96103370892516,25.78734570726383,-41.591967121352,3.51,1.67,2.0,66.3,-42.0,76.2,3180.0,5.6,717948,592200,668715,663697,621028,680574,641584,669222,666181,54.95,,,,,,,,68,5,Curveball,3,5,3,5,5,3,3,5,Standard,Strategic,47.0,0.0,0.0,,,,,0.0,88.0,-2,-2,0.189,0.189,29,26,29,27,1,3,3.0,1.0,2.0,1.0,4.87,-1.23,1.23,40.9,,,,,
FF,2023-05-31,94.9,-2.16,5.72,"Duran, Jarren",680776,608371,,foul,,,,,2.0,,R,L,R,BOS,CIN,S,,,2,1,2023,-0.86,1.72,0.2030461103652486,3.2645589191536315,,807799.0,,1,8,Bot,,,,,,,7.990744085536136,-137.86821043294373,-4.4798776940449985,-12.936450314540505,35.09515805357862,-9.521652613002724,3.51,1.67,110.0,66.2,12.0,93.1,2718.0,5.6,717948,592200,668715,663697,621028,680574,641584,669222,666181,54.86,,,,,,,,68,4,4-Seam Fastball,3,5,3,5,5,3,3,5,Standard,Strategic,210.0,-0.016,-0.09,,,,,0.09,88.0,-2,-2,0.205,0.205,29,26,29,27,1,3,3.0,1.0,2.0,1.0,0.85,0.86,-0.86,40.8,,,,,
FF,2023-05-31,93.7,-2.17,5.72,"Duran, Jarren",680776,608371,,ball,,,,,11.0,,R,L,R,BOS,CIN,B,,,1,1,2023,-0.79,1.59,-0.6015800813862877,4.219793997084402,,807799.0,,1,8,Bot,,,,,,,5.707585585321248,-136.28976428014172,-1.5780743082225608,-11.189198466781312,32.844852247888845,-12.31706426418772,3.26197973955075,1.66973374305913,,,,92.1,2656.0,5.6,717948,592200,668715,663697,621028,680574,641584,669222,666181,54.95,,,,,,,,68,3,4-Seam Fastball,3,5,3,5,5,3,3,5,Standard,Strategic,205.0,0.009,0.052,,,,,-0.052,,-2,-2,0.196,0.196,29,26,29,27,1,3,3.0,1.0,2.0,1.0,1.03,0.79,-0.79,46.2,,,,,
CU,2023-05-31,77.2,-1.97,5.72,"Duran, Jarren",680776,608371,,swinging_strike,,,,,9.0,,R,L,R,BOS,CIN,S,,,1,0,2023,1.21,-0.97,0.3624066662443944,1.8291854089636308,,807799.0,,1,8,Bot,,,,,,,2.714872892187006,-112.29571443897592,0.5732147800080918,9.488910331521334,24.696871203362395,-40.66239527115104,3.51,1.67,,,,75.3,3112.0,5.4,717948,592200,668715,663697,621028,680574,641584,669222,666181,55.07,,,,,,,,68,2,Curveball,3,5,3,5,5,3,3,5,Standard,Strategic,48.0,-0.009,-0.049,,,,,0.049,,-2,-2,0.205,0.205,29,26,29,27,1,3,3.0,1.0,2.0,1.0,4.87,-1.21,1.21,42.4,,,,,
FF,2023-05-31,94.5,-2.0,5.68,"Duran, Jarren",680776,608371,,ball,,,,,11.0,,R,L,R,BOS,CIN,B,,,0,0,2023,-0.77,1.58,-1.0170671138333516,3.118842707377903,,807799.0,,1,8,Bot,,,,,,,4.237222831162784,-137.453062408351,-4.413179402297957,-10.736529801293036,32.54218970860457,-11.441991542832486,3.1380786902795,1.66973374305913,,,,93.2,2668.0,5.7,717948,592200,668715,663697,621028,680574,641584,669222,666181,54.81,,,,,,,,68,1,4-Seam Fastball,3,5,3,5,5,3,3,5,Standard,Strategic,210.0,0.006,0.034,,,,,-0.034,,-2,-2,0.199,0.199,29,26,29,27,1,3,3.0,1.0,2.0,1.0,0.99,0.77,-0.77,42.3,,,,,
CH,2023-05-31,87.1,-1.54,5.36,"Duran, Jarren",680776,664139,field_out,hit_into_play,,,,,9.0,Jarren Duran grounds out to first baseman Spencer Steer.,R,L,R,BOS,CIN,X,3.0,ground_ball,1,1,2023,-1.23,0.68,0.4739813767535954,1.921099644171261,,608701.0,,2,6,Bot,156.34,163.11,,,,,7.400551891049293,-126.50602220754917,-3.435783728715355,-14.756135024771092,27.81848643365012,-24.416446172901416,3.51,1.67,6.0,72.6,-18.0,87.3,2103.0,6.7,717948,571912,668715,663697,621028,680574,669222,676480,641584,53.79,0.072,0.072,0.0,1.0,0.0,0.0,2.0,50,3,Changeup,3,2,3,2,2,3,3,2,Infield shade,Standard,248.0,-0.033,-0.268,,,,0.076,0.268,88.0,1,1,0.725,0.725,29,26,30,27,1,2,3.0,1.0,1.0,1.0,2.36,1.23,-1.23,38.8,,,,,
FC,2023-05-31,91.9,-1.34,5.5,"Duran, Jarren",680776,664139,,ball,,,,,14.0,,R,L,R,BOS,CIN,B,,,0,1,2023,0.35,0.85,1.5952385967261078,2.413365833410067,,608701.0,,2,6,Bot,,,,,,,6.739394046560767,-133.7419931804223,-3.903373080181224,2.939946882551222,26.334978796260785,-21.26633215136177,3.19959726372589,1.66932046006617,,,,93.2,2400.0,6.9,717948,571912,668715,663697,621028,680574,669222,676480,641584,53.64,,,,,,,,50,2,Cutter,3,2,3,2,2,3,3,2,Standard,Standard,182.0,0.003,0.02,,,,,-0.02,,1,1,0.722,0.722,29,26,30,27,1,2,3.0,1.0,1.0,1.0,1.83,-0.35,0.35,42.2,,,,,
FF,2023-05-31,95.3,-1.26,5.56,"Duran, Jarren",680776,664139,,called_strike,,,,,5.0,,R,L,R,BOS,CIN,S,,,0,0,2023,-0.44,1.23,0.0561089492073632,2.207348540456209,,608701.0,,2,6,Bot,,,,,,,4.476175217158249,-138.54750231879672,-5.930542638590111,-6.688056991421687,34.66815884037102,-15.16086419717032,3.2305705249872,1.66932046006617,,,,95.8,2256.0,6.9,717948,571912,668715,663697,621028,680574,669222,676480,641584,53.59,,,,,,,,50,1,4-Seam Fastball,3,2,3,2,2,3,3,2,Standard,Standard,206.0,-0.005,-0.046,,,,,0.046,,1,1,0.727,0.727,29,26,30,27,1,2,3.0,1.0,1.0,1.0,1.31,0.44,-0.44,43.2,,,,,
FF,2023-05-30,92.7,-1.6,5.02,"Duran, Jarren",680776,594902,strikeout,foul_tip,,,,,3.0,Jarren Duran strikes out on a foul tip.,R,L,R,BOS,CIN,S,2.0,,2,2,2023,-0.41,1.24,0.2765364359138641,3.4078975167590007,,,,1,4,Bot,,,,,,,5.798384009267232,-134.90451943113885,-1.0050935545819164,-6.3610884840420825,30.578826232384568,-17.107232644298886,3.51,1.67,,,,94.1,1845.0,7.2,717966,663886,668715,663697,621028,680574,666181,676480,656413,53.31,,0.0,0.0,1.0,0.0,0.0,,34,7,4-Seam Fastball,0,1,0,1,1,0,0,1,Infield shade,Standard,222.0,-0.019,-0.234,,,,,0.234,,-1,-1,0.395,0.395,31,26,31,27,2,1,6.0,2.0,5.0,1.0,1.42,0.41,-0.41,28.7,,,,,
FF,2023-05-30,93.6,-1.45,5.08,"Duran, Jarren",680776,594902,,foul,,,,,9.0,,R,L,R,BOS,CIN,S,,,2,2,2023,-1.0,1.1,0.584555528614326,2.140595745476805,,,,1,4,Bot,,,,,,,7.564359986271999,-136.06056235993438,-4.303018364327361,-14.132586897637411,30.66805501975203,-17.75564061444269,3.51,1.67,29.0,87.6,-2.0,94.6,2025.0,7.0,717966,663886,668715,663697,621028,680574,666181,676480,656413,53.53,,,,,,,,34,6,4-Seam Fastball,0,1,0,1,1,0,0,1,Standard,Standard,216.0,0.0,0.0,,,,,0.0,88.0,-1,-1,0.395,0.395,31,26,31,27,2,1,6.0,2.0,5.0,1.0,1.51,1.0,-1.0,35.0,,,,,
CU,2023-05-30,76.9,-1.27,5.23,"Duran, Jarren",680776,594902,,foul,,,,,6.0,,R,L,R,BOS,CIN,S,,,2,2,2023,1.14,-0.26,0.5972716581738989,2.606574987494629,,,,1,4,Bot,,,,,,,1.9043230205743216,-111.95262900255196,1.971684411595692,9.181171864279872,21.85393807092492,-34.95047757193785,3.51,1.67,146.0,61.6,55.0,77.3,1947.0,6.7,717966,663886,668715,663697,621028,680574,666181,676480,656413,53.76,,,,,,,,34,5,Curveball,0,1,0,1,1,0,0,1,Infield shade,Standard,64.0,0.0,0.0,,,,,0.0,88.0,-1,-1,0.395,0.395,31,26,31,27,2,1,6.0,2.0,5.0,1.0,4.13,-1.14,1.14,39.9,,,,,
FF,2023-05-30,90.7,-1.49,4.98,"Duran, Jarren",680776,594902,,foul,,,,,8.0,,R,L,R,BOS,CIN,S,,,2,1,2023,-0.72,1.23,0.0786942411020945,2.210182522871784,,,,1,4,Bot,,,,,,,5.570002105799406,-131.98014644413365,-3.695318800633953,-9.618607972030572,27.65083233276198,-17.19664197021815,3.51,1.67,205.0,71.9,46.0,92.3,2092.0,7.2,717966,663886,668715,663697,621028,680574,666181,676480,656413,53.27,,,,,,,,34,4,4-Seam Fastball,0,1,0,1,1,0,0,1,Infield shade,Standard,214.0,-0.006,-0.076,,,,,0.076,88.0,-1,-1,0.401,0.401,31,26,31,27,2,1,6.0,2.0,5.0,1.0,1.54,0.72,-0.72,33.4,,,,,
FC,2023-05-30,88.8,-1.4,5.01,"Duran, Jarren",680776,594902,,ball,,,,,14.0,,R,L,R,BOS,CIN,B,,,1,1,2023,0.07,1.12,1.8842237521978873,2.177047527363369,,,,1,4,Bot,,,,,,,7.99729819540262,-129.11750352155173,-3.275230707379803,-0.8098436984845152,26.505359289871556,-19.097330513833544,3.30560098363496,1.65872030318102,,,,90.2,2076.0,7.1,717966,663886,668715,663697,621028,680574,666181,676480,656413,53.37,,,,,,,,34,3,Cutter,0,1,0,1,1,0,0,1,Infield shade,Standard,208.0,0.004,0.054,,,,,-0.054,,-1,-1,0.397,0.397,31,26,31,27,2,1,6.0,2.0,5.0,1.0,1.77,-0.07,0.07,34.9,,,,,
FF,2023-05-30,91.0,-1.44,5.07,"Duran, Jarren",680776,594902,,swinging_strike,,,,,3.0,,R,L,R,BOS,CIN,S,,,1,0,2023,-0.79,1.12,0.4268807232880669,3.3348524947022193,,,,1,4,Bot,,,,,,,6.47842737834023,-132.48029928615168,-0.8621179921760451,-10.631984632539542,27.795332975988103,-19.050523557690287,3.51,1.67,,,,92.4,1986.0,7.0,717966,663886,668715,663697,621028,680574,666181,676480,656413,53.46,,,,,,,,34,2,4-Seam Fastball,0,1,0,1,1,0,0,1,Infield shade,Standard,228.0,-0.004,-0.05,,,,,0.05,,-1,-1,0.401,0.401,31,26,31,27,2,1,6.0,2.0,5.0,1.0,1.63,0.79,-0.79,33.7,,,,,
FC,2023-05-30,87.4,-1.52,5.11,"Duran, Jarren",680776,594902,,ball,,,,,12.0,,R,L,R,BOS,CIN,B,,,0,0,2023,0.09,0.91,1.3226664408910644,4.039700416881892,,,,1,4,Bot,,,,,,,6.738334138712572,-127.25395666192466,1.6716292091458094,-0.2454692814904802,24.1963971310079,-22.766618697845765,3.33656683793717,1.67014631376399,,,,88.7,1990.0,6.9,717966,663886,668715,663697,621028,680574,666181,676480,656413,53.6,,,,,,,,34,1,Cutter,0,1,0,1,1,0,0,1,Infield shade,Standard,196.0,0.003,0.039,,,,,-0.039,,-1,-1,0.398,0.398,31,26,31,27,2,1,6.0,2.0,5.0,1.0,2.05,-0.09,0.09,43.7,,,,,
CH,2023-05-30,84.3,-1.27,5.14,"Duran, Jarren",680776,594902,double,hit_into_play,,,,,4.0,Jarren Duran doubles (14) on a line drive to center fielder TJ Friedl. Masataka Yoshida to 3rd.,R,L,R,BOS,CIN,X,8.0,line_drive,0,1,2023,-1.47,0.6,-0.371873720818981,2.3592477744737512,,,807799.0,0,2,Bot,106.59,70.53,,,,,5.076371932830152,-122.73307489197244,-1.2872892078663791,-15.823338820849628,24.604411646855365,-26.102485451604668,3.51,1.67,376.0,105.4,18.0,85.2,1735.0,6.9,717966,663886,668715,663697,621028,680574,666181,670770,656413,53.61,0.413,0.6124545454545454,1.25,1.0,1.0,1.0,5.0,16,2,Changeup,0,1,0,1,1,0,0,1,Standard,Standard,239.0,0.119,0.756,,,,1.084,-0.756,105.4,-1,-1,0.478,0.478,31,26,31,27,1,0,6.0,2.0,5.0,1.0,2.61,1.47,-1.47,35.8,,,,,
FF,2023-05-30,91.9,-1.38,5.17,"Duran, Jarren",680776,594902,,called_strike,,,,,5.0,,R,L,R,BOS,CIN,S,,,0,0,2023,-1.01,1.05,-0.0074372445932051,2.3852365926498473,,,807799.0,0,2,Bot,,,,,,,5.757563558202104,-133.74877163082363,-3.54123931908255,-13.399323758122804,28.121509579040605,-19.040024292352992,3.49179998807988,1.67055817469611,,,,93.1,2117.0,6.9,717966,663886,668715,663697,621028,680574,666181,670770,656413,53.57,,,,,,,,16,1,4-Seam Fastball,0,1,0,1,1,0,0,1,Standard,Standard,216.0,-0.006,-0.036,,,,,0.036,,-1,-1,0.484,0.484,31,26,31,27,1,0,6.0,2.0,5.0,1.0,1.65,1.01,-1.01,35.8,,,,,
FF,2023-05-30,93.5,-0.78,5.77,"Duran, Jarren",680776,571656,field_out,hit_into_play,,,,,5.0,"Jarren Duran grounds out, second baseman Jonathan India to first baseman Spencer Steer. Masataka Yoshida to 2nd.",R,L,R,BOS,CIN,X,4.0,ground_ball,3,1,2023,-0.98,1.18,-0.0442278982427184,2.7267956996065754,,,807799.0,0,8,Bot,160.4,150.39,,,,,4.079846130259655,-136.078507074453,-4.654288119342491,-13.066959728315982,32.70001904852409,-16.75070260474665,3.51,1.67,32.0,100.6,-3.0,93.5,2249.0,6.5,717966,663886,668715,663697,621028,680574,666181,676480,656413,53.98,0.46,0.414,0.0,1.0,0.0,0.0,2.0,75,5,4-Seam Fastball,3,9,3,9,9,3,3,9,Infield shade,Standard,224.0,-0.014,-0.481,,,,0.507,0.481,100.6,-6,-6,0.026,0.026,32,26,32,27,1,3,3.0,2.0,1.0,1.0,1.45,0.98,-0.98,36.9,,,,,
FF,2023-05-30,97.6,-2.34,4.41,"Duran, Jarren",680776,664747,field_out,hit_into_play,,,,,8.0,"Jarren Duran grounds out, shortstop Matt McLain to first baseman Spencer Steer. Justin Turner scores. Pablo Reyes to 3rd.",R,L,R,BOS,CIN,X,6.0,ground_ball,1,1,2023,-0.87,1.15,-0.266614194231346,1.673420151038056,457759.0,622569.0,,1,9,Bot,118.78,141.74,,,,,7.827346843481845,-142.0143641500797,-4.664510115063863,-13.518322072015613,30.75564399722841,-15.652422157899249,3.51,1.67,3.0,96.6,-24.0,100.7,2684.0,7.9,717966,663886,668715,663697,621028,680574,666181,676480,656413,52.62,0.122,0.123,0.0,1.0,0.0,0.0,2.0,88,3,4-Seam Fastball,7,9,7,9,9,8,8,9,Infield shade,Standard,238.0,-0.121,-0.192,,,,0.126,0.192,96.6,-2,-2,0.29,0.29,26,26,27,27,1,4,2.0,2.0,3.0,1.0,1.23,0.87,-0.87,9.1,,,,,
CH,2023-05-30,88.5,-1.18,5.68,"Duran, Jarren",680776,571656,,ball,,,,,11.0,,R,L,R,BOS,CIN,B,,,2,1,2023,-1.21,0.15,-1.0357950121177693,3.1933133875698885,,,807799.0,0,8,Bot,,,,,,,2.892907011845777,-128.79729852176638,-0.2779712587345759,-14.098404042603487,28.230069140613345,-30.719480914310424,3.30603912254927,1.67055817469611,,,,88.3,1519.0,6.3,717966,663886,668715,663697,621028,680574,666181,676480,656413,54.24,,,,,,,,75,4,Changeup,3,9,3,9,9,3,3,9,Infield shade,Standard,243.0,0.005,0.101,,,,,-0.101,,-6,-6,0.021,0.021,32,26,32,27,1,3,3.0,2.0,1.0,1.0,2.78,1.21,-1.21,31.2,,,,,
FF,2023-05-30,96.9,-2.38,4.44,"Duran, Jarren",680776,664747,,ball,,,,,11.0,,R,L,R,BOS,CIN,B,,,0,1,2023,-1.14,1.1,-1.0150385356787328,3.101815929678504,457759.0,622569.0,,1,9,Bot,,,,,,,6.463831395633801,-141.08703177204717,-0.5539713036314504,-16.658622080746767,31.743326904390297,-17.533808723142933,3.36796966886562,1.67055817469611,,,,100.1,2654.0,8.0,717966,663886,668715,663697,621028,680574,666181,676480,656413,52.52,,,,,,,,88,2,4-Seam Fastball,7,9,7,9,9,7,7,9,Infield shade,Standard,236.0,0.015,0.02,,,,,-0.02,,-2,-2,0.275,0.275,26,26,27,27,1,4,2.0,2.0,3.0,1.0,1.32,1.14,-1.14,11.2,,,,,
FF,2023-05-30,93.4,-0.91,5.81,"Duran, Jarren",680776,571656,,ball,,,,,11.0,,R,L,R,BOS,CIN,B,,,1,1,2023,-1.0,1.18,-0.7849146226650077,3.95893711802389,,,807799.0,0,8,Bot,,,,,,,2.538428942527089,-135.95824883717077,-1.5850434617803983,-12.959323704392911,32.48074216921236,-17.463972213731346,3.27506998049385,1.67055817469611,,,,93.2,2271.0,6.3,717966,663886,668715,663697,621028,680574,666181,676480,656413,54.16,,,,,,,,75,3,4-Seam Fastball,3,9,3,9,9,3,3,9,Infield shade,Standard,227.0,0.002,0.042,,,,,-0.042,,-6,-6,0.019,0.019,32,26,32,27,1,3,3.0,2.0,1.0,1.0,1.45,1.0,-1.0,38.3,,,,,
FF,2023-05-30,96.2,-2.41,4.51,"Duran, Jarren",680776,664747,,swinging_strike,,,,,11.0,,R,L,R,BOS,CIN,S,,,0,0,2023,-0.83,1.2,-0.3846377724074746,3.824204721439154,457759.0,622569.0,,1,9,Bot,,,,,,,7.494813831400723,-139.9716384107057,1.0942550432401457,-12.59040157099801,30.963383086741903,-16.835243807121724,3.51,1.67,,,,99.3,2600.0,7.9,717966,663886,668715,663697,621028,680574,666181,676480,656413,52.55,,,,,,,,88,1,4-Seam Fastball,7,9,7,9,9,7,7,9,Infield shade,Standard,226.0,-0.023,-0.038,,,,,0.038,,-2,-2,0.298,0.298,26,26,27,27,1,4,2.0,2.0,3.0,1.0,1.26,0.83,-0.83,9.2,,,,,
FF,2023-05-30,94.0,-0.94,5.75,"Duran, Jarren",680776,571656,,foul,,,,,7.0,,R,L,R,BOS,CIN,S,,,1,0,2023,-0.8,1.18,-0.7684514907762011,2.225956931876921,,,807799.0,0,8,Bot,,,,,,,2.2074351245348023,-136.66713746924182,-5.9625930760558115,-10.43953937257787,34.182704741722524,-16.306671749811148,3.51,1.67,15.0,79.1,-8.0,93.6,2144.0,6.4,717966,663886,668715,663697,621028,680574,666181,676480,656413,54.06,,,,,,,,75,2,4-Seam Fastball,3,9,3,9,9,3,3,9,Infield shade,Standard,232.0,-0.002,-0.042,,,,,0.042,88.0,-6,-6,0.021,0.021,32,26,32,27,1,3,3.0,2.0,1.0,1.0,1.43,0.8,-0.8,36.5,,,,,
CH,2023-05-30,87.3,-1.1,5.67,"Duran, Jarren",680776,571656,,ball,,,,,11.0,,R,L,R,BOS,CIN,B,,,0,0,2023,-0.84,0.08,-1.5937434351698658,3.241183833399879,,,807799.0,0,8,Bot,,,,,,,0.5456691231297411,-127.25111521598092,0.0886892701262416,-9.229394821731637,25.16250359430111,-31.49257654871053,3.30603912254927,1.67055817469611,,,,87.6,1309.0,6.3,717966,663886,668715,663697,621028,680574,666181,676480,656413,54.22,,,,,,,,75,1,Changeup,3,9,3,9,9,3,3,9,Infield shade,Standard,237.0,0.002,0.03,,,,,-0.03,,-6,-6,0.019,0.019,32,26,32,27,1,3,3.0,2.0,1.0,1.0,2.89,0.84,-0.84,32.4,,,,,
CH,2023-05-30,86.5,2.02,5.94,"Duran, Jarren",680776,622065,field_out,hit_into_play,,,,,9.0,Jarren Duran lines out to right fielder Stuart Fairchild.,R,L,L,BOS,CIN,X,9.0,line_drive,1,2,2023,0.99,0.04,0.3272783643232038,2.0694853089626033,,,807799.0,2,6,Bot,169.79,105.78,,,,,-6.008037972433233,-125.7856517856998,-3.0858383996035963,11.773505892933327,25.47669514390758,-31.28930323799864,3.51,1.67,256.0,75.2,26.0,85.9,1411.0,5.9,717966,663886,668715,663697,621028,680574,666181,676480,656413,54.58,0.724,0.685,0.0,1.0,0.0,0.0,4.0,54,4,Changeup,0,3,0,3,3,0,0,3,Standard,Standard,113.0,-0.017,-0.206,,,,0.825,0.206,88.0,-3,-3,0.124,0.124,29,26,30,27,1,2,3.0,2.0,1.0,1.0,3.01,0.99,0.99,33.7,,,,,
SI,2023-05-30,89.7,2.0,5.63,"Duran, Jarren",680776,622065,,swinging_strike,,,,,13.0,,R,L,L,BOS,CIN,S,,,1,1,2023,1.38,0.27,-0.2589785545088541,1.5334400749264343,,,807799.0,2,6,Bot,,,,,,,-8.475282136590767,-130.28905103643763,-4.652236248771523,17.537001627544317,28.1004110640879,-28.312350571040188,3.51,1.67,,,,89.4,2311.0,6.2,717966,663886,668715,663697,621028,680574,666181,676480,656413,54.26,,,,,,,,54,3,Sinker,0,3,0,3,3,0,0,3,Standard,Standard,126.0,-0.006,-0.06,,,,,0.06,,-3,-3,0.13,0.13,29,26,30,27,1,2,3.0,2.0,1.0,1.0,2.58,1.38,1.38,25.6,,,,,
CU,2023-05-30,81.8,2.32,5.59,"Duran, Jarren",680776,622065,,ball,,,,,13.0,,R,L,L,BOS,CIN,B,,,0,1,2023,-0.72,-0.2,-1.0697371172868242,1.031529584972148,,,807799.0,2,6,Bot,,,,,,,-6.224770169177643,-118.89957215268996,-3.2710364776344414,-5.546354839354355,24.093349547677523,-33.57225110362246,3.36796966886562,1.67055817469611,,,,81.2,2402.0,6.1,717966,663886,668715,663697,621028,680574,666181,676480,656413,54.45,,,,,,,,54,2,Curveball,0,3,0,3,3,0,0,3,Standard,Standard,264.0,0.003,0.025,,,,,-0.025,,-3,-3,0.127,0.127,29,26,30,27,1,2,3.0,2.0,1.0,1.0,3.63,-0.72,-0.72,23.8,,,,,
CU,2023-05-30,81.6,2.43,5.57,"Duran, Jarren",680776,622065,,swinging_strike,,,,,4.0,,R,L,L,BOS,CIN,S,,,0,0,2023,-0.3,0.07,-0.4858488138958166,2.245064003873012,,,807799.0,2,6,Bot,,,,,,,-5.967105010484572,-118.81106626311674,-1.0463509521038894,-1.743221548314978,22.72501104668748,-31.50766895858373,3.51,1.67,,,,81.4,2317.0,6.1,717966,663886,668715,663697,621028,680574,666181,676480,656413,54.36,,,,,,,,54,1,Curveball,0,3,0,3,3,0,0,3,Standard,Standard,266.0,-0.004,-0.045,,,,,0.045,,-3,-3,0.131,0.131,29,26,30,27,1,2,3.0,2.0,1.0,1.0,3.35,-0.3,-0.3,23.2,,,,,
CU,2023-05-28,83.3,-1.73,5.58,"Duran, Jarren",680776,518876,strikeout,swinging_strike,,,,,14.0,Jarren Duran strikes out swinging.,R,L,R,AZ,BOS,S,2.0,,3,2,2023,1.11,-0.91,0.5892825473340952,1.462690164879346,,,,0,7,Top,,,,,,,3.1418989443915706,-121.23032913030296,-1.178049617333394,10.1615863690828,25.889669796229093,-41.02125305447841,3.42,1.62,,,,83.0,2740.0,6.3,717981,672515,572233,606466,668942,672695,666971,682998,664983,54.24,,0.0,0.0,1.0,0.0,0.0,,50,6,Curveball,4,0,0,4,0,4,0,4,Strategic,Standard,58.0,0.019,-0.353,,,,,0.353,,4,-4,0.937,0.0629999999999999,34,26,35,27,3,2,7.0,1.0,5.0,2.0,4.21,-1.11,1.11,30.2,,,,,
FF,2023-05-28,93.3,-1.8,5.38,"Duran, Jarren",680776,518876,,called_strike,,,,,1.0,,R,L,R,AZ,BOS,S,,,3,1,2023,-0.47,1.42,-0.6178136433398216,3.0148730483420483,,,,0,7,Top,,,,,,,4.088900912713913,-135.8056205734209,-3.425230872363829,-6.726567429009471,31.188607926602295,-14.130269904500896,3.55008693916796,1.65120420916923,,,,93.2,2484.0,6.3,717981,672515,572233,606466,668942,672695,666971,682998,664983,54.17,,,,,,,,50,5,4-Seam Fastball,4,0,0,4,0,4,0,4,Infield shade,Standard,220.0,0.008,-0.088,,,,,0.088,,4,-4,0.929,0.0709999999999999,34,26,35,27,3,2,7.0,1.0,5.0,2.0,1.21,0.47,-0.47,21.9,,,,,
CH,2023-05-28,89.1,-1.68,5.56,"Duran, Jarren",680776,518876,,ball,,,,,13.0,,R,L,R,AZ,BOS,B,,,2,1,2023,-1.45,-0.04,-0.057022100894748,0.9809300529189632,,,,0,7,Top,,,,,,,7.023550534110727,-129.52590272552342,-5.080002661516192,-17.802451994054323,28.649579438578204,-31.732088575542164,3.55008693916796,1.71662152134699,,,,88.9,2187.0,6.3,717981,672515,572233,606466,668942,672695,666971,682998,664983,54.16,,,,,,,,50,4,Changeup,4,0,0,4,0,4,0,4,Infield shade,Standard,243.0,-0.009,0.129,,,,,-0.129,,4,-4,0.938,0.062,34,26,35,27,3,2,7.0,1.0,5.0,2.0,2.93,1.45,-1.45,27.6,,,,,
FC,2023-05-28,90.6,-1.71,5.51,"Duran, Jarren",680776,518876,,ball,,,,,11.0,,R,L,R,AZ,BOS,B,,,1,1,2023,-0.03,1.21,-0.090751374315071,4.286802077006509,,,,0,7,Top,,,,,,,4.105142327678876,-132.05699665773489,0.2289735133736979,-1.1493520002640585,26.453210462887768,-18.174920978301525,3.61588970937564,1.71662152134699,,,,91.0,2550.0,6.3,717981,672515,572233,606466,668942,672695,666971,682998,664983,54.17,,,,,,,,50,3,Cutter,4,0,0,4,0,4,0,4,Infield shade,Standard,207.0,-0.004,0.059,,,,,-0.059,,4,-4,0.942,0.058,34,26,35,27,3,2,7.0,1.0,5.0,2.0,1.54,0.03,-0.03,24.8,,,,,
SI,2023-05-28,92.4,-1.69,5.45,"Duran, Jarren",680776,518876,,foul,,,,,5.0,,R,L,R,AZ,BOS,S,,,1,0,2023,-1.09,0.8,-0.2368298391375003,2.3504564286491663,,,,0,7,Top,,,,,,,6.06904968087497,-134.3941692734009,-3.840432658413648,-14.50196769243893,29.00603208316878,-21.823600632842375,3.42,1.62,264.0,83.8,39.0,92.5,2290.0,6.4,717981,672515,572233,606466,668942,672695,666971,682998,664983,54.13,,,,,,,,50,2,Sinker,4,0,0,4,0,4,0,4,Infield shade,Standard,222.0,0.004,-0.052,,,,,0.052,88.0,4,-4,0.938,0.062,34,26,35,27,3,2,7.0,1.0,5.0,2.0,1.87,1.09,-1.09,25.8,,,,,
FC,2023-05-28,90.7,-1.59,5.54,"Duran, Jarren",680776,518876,,ball,,,,,12.0,,R,L,R,AZ,BOS,B,,,0,0,2023,-0.06,1.18,1.591549322336259,3.752200784383126,,,,0,7,Top,,,,,,,8.116970537052527,-132.00764086126716,-1.1181148680095832,-2.310194968585505,25.174855754257912,-18.253753566409458,3.58298588171112,1.8474983268367,,,,91.3,2345.0,6.4,717981,672515,572233,606466,668942,672695,666971,682998,664983,54.12,,,,,,,,50,1,Cutter,4,0,0,4,0,4,0,4,Infield shade,Standard,208.0,-0.003,0.04,,,,,-0.04,,4,-4,0.941,0.059,34,26,35,27,3,2,7.0,1.0,5.0,2.0,1.57,0.06,-0.06,26.7,,,,,
CH,2023-05-28,91.1,-1.78,5.48,"Duran, Jarren",680776,518876,strikeout,swinging_strike,,,,,13.0,Jarren Duran strikes out swinging.,R,L,R,AZ,BOS,S,2.0,,1,2,2023,-1.1,0.1,-0.5078419052801666,1.2597912965058344,,,807799.0,1,4,Top,,,,,,,5.596698729866276,-132.57586062295144,-4.9282262744509575,-14.20228045366711,28.53696597250965,-30.151863486803848,3.42,1.62,,,,91.5,2203.0,6.5,717981,672515,572233,606466,668942,672695,666971,682998,664983,53.95,,0.0,0.0,1.0,0.0,0.0,,29,5,Changeup,4,0,0,4,0,4,0,4,Infield shade,Standard,245.0,0.016,-0.183,,,,,0.183,,4,-4,0.881,0.119,34,26,35,27,2,1,7.0,1.0,5.0,2.0,2.65,1.1,-1.1,27.2,,,,,
FF,2023-05-28,94.2,-1.78,5.42,"Duran, Jarren",680776,518876,,foul,,,,,1.0,,R,L,R,AZ,BOS,S,,,1,2,2023,-0.55,1.26,-0.3298101866814993,3.2323450998851144,,,807799.0,1,4,Top,,,,,,,4.970051708894646,-137.11808273787435,-2.778881590198224,-8.02252476943184,30.434490689967745,-15.863406138875666,3.42,1.62,247.0,76.1,33.0,94.1,2388.0,6.2,717981,672515,572233,606466,668942,672695,666971,682998,664983,54.26,,,,,,,,29,4,4-Seam Fastball,4,0,0,4,0,4,0,4,Infield shade,Standard,219.0,0.0,0.0,,,,,0.0,88.0,4,-4,0.881,0.119,34,26,35,27,2,1,7.0,1.0,5.0,2.0,1.31,0.55,-0.55,25.7,,,,,
CH,2023-05-28,89.8,-1.74,5.52,"Duran, Jarren",680776,518876,,foul,,,,,13.0,,R,L,R,AZ,BOS,S,,,1,1,2023,-1.33,0.05,-1.1424895069145802,1.9088819596943765,,,807799.0,1,4,Top,,,,,,,4.300340703879198,-130.71084062846273,-3.082916830563614,-16.173142251554943,27.118345452380655,-31.11591589583616,3.42,1.62,9.0,69.9,-10.0,90.0,2090.0,6.3,717981,672515,572233,606466,668942,672695,666971,682998,664983,54.16,,,,,,,,29,3,Changeup,4,0,0,4,0,4,0,4,Infield shade,Standard,245.0,0.006,-0.055,,,,,0.055,88.0,4,-4,0.875,0.125,34,26,35,27,2,1,7.0,1.0,5.0,2.0,2.77,1.33,-1.33,25.7,,,,,
SI,2023-05-28,93.6,-1.76,5.3,"Duran, Jarren",680776,518876,,ball,,,,,13.0,,R,L,R,AZ,BOS,B,,,0,1,2023,-1.03,0.48,-0.910443445808825,1.3979007051772754,,,807799.0,1,4,Top,,,,,,,4.498375789501273,-136.23675697876698,-5.437579644619751,-13.819837267192217,29.603958716759184,-25.15296246351308,3.58298588171112,1.65120420916923,,,,94.3,2212.0,6.6,717981,672515,572233,606466,668942,672695,666971,682998,664983,53.86,,,,,,,,29,2,Sinker,4,0,0,4,0,4,0,4,Infield shade,Standard,217.0,-0.002,0.025,,,,,-0.025,,4,-4,0.877,0.123,34,26,35,27,2,1,7.0,1.0,5.0,2.0,2.11,1.03,-1.03,23.7,,,,,
CH,2023-05-28,90.4,-1.8,5.54,"Duran, Jarren",680776,518876,,foul,,,,,13.0,,R,L,R,AZ,BOS,S,,,0,0,2023,-1.21,-0.02,-0.8722366679545361,1.9874407927261577,,,807799.0,1,4,Top,,,,,,,4.904382162739563,-131.63923662169952,-2.9208932154757155,-15.092900558747088,26.43239657142049,-31.9976325466462,3.42,1.62,7.0,70.2,-13.0,90.9,2084.0,6.4,717981,672515,572233,606466,668942,672695,666971,682998,664983,54.1,,,,,,,,29,1,Changeup,4,0,0,4,0,4,0,4,Infield shade,Standard,245.0,0.003,-0.042,,,,,0.042,88.0,4,-4,0.874,0.126,34,26,35,27,2,1,7.0,1.0,5.0,2.0,2.79,1.21,-1.21,31.0,,,,,
FC,2023-05-28,92.2,-1.97,5.4,"Duran, Jarren",680776,518876,strikeout,called_strike,,,,,4.0,Jarren Duran called out on strikes.,R,L,R,AZ,BOS,S,2.0,,1,2,2023,-0.19,1.08,-0.7046644759417847,2.360582036699178,,,807799.0,0,2,Top,,,,,,,3.627037854367163,-134.27726645749993,-4.294775897183965,-3.0789406339578353,27.190435888815173,-18.350865241420976,3.51719284730082,1.61850073154456,,,,92.3,2209.0,6.2,717981,672515,572233,606466,668942,672695,666971,682998,664983,54.33,,0.0,0.0,1.0,0.0,0.0,,13,4,Cutter,3,0,0,3,0,3,0,3,Infield shade,Standard,218.0,0.022,-0.165,,,,,0.165,,3,-3,0.753,0.247,34,26,35,27,1,0,7.0,1.0,5.0,2.0,1.58,0.19,-0.19,23.1,,,,,
FF,2023-05-28,93.9,-1.86,5.47,"Duran, Jarren",680776,518876,,ball,,,,,11.0,,R,L,R,AZ,BOS,B,,,0,2,2023,-0.65,1.36,-0.7590651112546632,4.61218762709585,,,807799.0,0,2,Top,,,,,,,4.278676866408236,-136.76534494472614,0.4644554404648855,-9.142973116164791,29.71325328164732,-15.42857054351384,3.58298588171112,1.71662152134699,,,,93.5,2439.0,6.0,717981,672515,572233,606466,668942,672695,666971,682998,664983,54.54,,,,,,,,13,3,4-Seam Fastball,3,0,0,3,0,3,0,3,Infield shade,Standard,229.0,-0.003,0.008,,,,,-0.008,,3,-3,0.756,0.244,34,26,35,27,1,0,7.0,1.0,5.0,2.0,1.22,0.65,-0.65,22.3,,,,,
CH,2023-05-28,89.7,-1.71,5.59,"Duran, Jarren",680776,518876,,foul,,,,,8.0,,R,L,R,AZ,BOS,S,,,0,1,2023,-1.17,0.14,0.0701195494933026,1.6714099385959955,,,807799.0,0,2,Top,,,,,,,6.874518300279596,-130.45547043956395,-3.9906526580721753,-14.840534941633516,26.89142564472873,-29.947087131701934,3.42,1.62,2.0,85.2,-44.0,89.5,2090.0,6.2,717981,672515,572233,606466,668942,672695,666971,682998,664983,54.32,,,,,,,,13,2,Changeup,3,0,0,3,0,3,0,3,Infield shade,Standard,243.0,0.008,-0.043,,,,,0.043,88.0,3,-3,0.748,0.252,34,26,35,27,1,0,7.0,1.0,5.0,2.0,2.69,1.17,-1.17,29.1,,,,,
CH,2023-05-28,89.8,-1.66,5.57,"Duran, Jarren",680776,518876,,swinging_strike,,,,,13.0,,R,L,R,AZ,BOS,S,,,0,0,2023,-1.44,0.06,-0.0090643266383303,0.7999497595656302,,,807799.0,0,2,Top,,,,,,,7.148859286724372,-130.47549914835432,-5.917131981479894,-18.010951017072273,27.9211766640918,-30.45254978511931,3.42,1.62,,,,89.8,2030.0,6.4,717981,672515,572233,606466,668942,672695,666971,682998,664983,54.1,,,,,,,,13,1,Changeup,3,0,0,3,0,3,0,3,Infield shade,Standard,240.0,0.005,-0.036,,,,,0.036,,3,-3,0.743,0.257,34,26,35,27,1,0,7.0,1.0,5.0,2.0,2.78,1.44,-1.44,27.7,,,,,
SL,2023-05-28,86.6,0.83,5.61,"Duran, Jarren",680776,669459,strikeout,called_strike,,,,,4.0,Jarren Duran called out on strikes.,R,L,L,AZ,BOS,S,2.0,,1,2,2023,-0.34,0.2,-0.7575011932370038,2.4859747025597323,,,807799.0,0,8,Top,,,,,,,-3.0898657455368124,-126.09565803120842,-1.6703166241883525,-2.9417407127605237,25.96561837139224,-29.88462330308276,3.51719284730082,1.74933540950191,,,,86.4,2600.0,6.1,717981,672515,572233,606466,668942,672695,666971,682998,664983,54.37,,0.0,0.0,1.0,0.0,0.0,,62,4,Slider,4,2,2,4,2,4,2,4,Standard,Standard,241.0,0.042,-0.165,,,,,0.165,,2,-2,0.811,0.1889999999999999,26,26,27,27,1,3,1.0,1.0,4.0,2.0,2.84,-0.34,-0.34,41.9,,,,,
SL,2023-05-28,86.2,0.86,5.6,"Duran, Jarren",680776,669459,,ball,,,,,13.0,,R,L,L,AZ,BOS,B,,,0,2,2023,-0.13,0.16,-0.5298985394083751,1.2674063610549813,,,807799.0,0,8,Top,,,,,,,-3.0336421281549777,-125.49836053586904,-4.4044681340394805,-0.7550419389895594,25.490884340622664,-29.748447928695494,3.58298588171112,1.65120420916923,,,,86.1,2614.0,6.2,717981,672515,572233,606466,668942,672695,666971,682998,664983,54.32,,,,,,,,62,3,Slider,4,2,2,4,2,4,2,4,Standard,Standard,259.0,-0.006,0.008,,,,,-0.008,,2,-2,0.817,0.183,26,26,27,27,1,3,1.0,1.0,4.0,2.0,2.9,-0.13,-0.13,39.9,,,,,
FF,2023-05-28,93.2,0.79,5.57,"Duran, Jarren",680776,669459,,foul,,,,,2.0,,R,L,L,AZ,BOS,S,,,0,1,2023,0.44,1.36,-0.2060279653810589,2.9561008803703617,,,807799.0,0,8,Top,,,,,,,-3.5428267854799143,-135.722290238415,-3.933040953754036,6.281428447149009,30.661093190192975,-14.743071319414195,3.42,1.62,247.0,84.2,51.0,93.2,2233.0,6.3,717981,672515,572233,606466,668942,672695,666971,682998,664983,54.16,,,,,,,,62,2,4-Seam Fastball,4,2,2,4,2,4,2,4,Infield shade,Standard,151.0,0.015,-0.043,,,,,0.043,88.0,2,-2,0.802,0.1979999999999999,26,26,27,27,1,3,1.0,1.0,4.0,2.0,1.27,0.44,0.44,40.4,,,,,
SL,2023-05-28,86.3,0.85,5.6,"Duran, Jarren",680776,669459,,called_strike,,,,,7.0,,R,L,L,AZ,BOS,S,,,0,0,2023,-0.32,0.2,-0.5376222254526187,1.644630857437376,,,807799.0,0,8,Top,,,,,,,-2.653520717386869,-125.67617030342775,-3.6081362363642047,-2.83221817263386,24.993354749189944,-29.49161747052318,3.58298588171112,1.68391113019251,,,,86.2,2592.0,6.1,717981,672515,572233,606466,668942,672695,666971,682998,664983,54.37,,,,,,,,62,1,Slider,4,2,2,4,2,4,2,4,Infield shade,Standard,226.0,0.009,-0.036,,,,,0.036,,2,-2,0.793,0.2069999999999999,26,26,27,27,1,3,1.0,1.0,4.0,2.0,2.85,-0.32,-0.32,41.7,,,,,
FF,2023-05-27,89.9,-1.66,5.34,"Duran, Jarren",680776,605200,strikeout,swinging_strike,,,,,1.0,Jarren Duran strikes out swinging.,R,L,R,AZ,BOS,S,2.0,,0,2,2023,-0.87,1.46,-0.5636655145964499,3.124533211132275,,,807799.0,0,4,Top,,,,,,,4.570114239804028,-130.82418466426796,-2.570912432729477,-10.971880642801464,29.244681301165944,-15.144937173369271,3.42,1.62,,,,89.7,2208.0,6.3,717991,672515,656976,606466,668942,672695,666971,682998,664983,54.22,,0.0,0.0,1.0,0.0,0.0,,26,3,4-Seam Fastball,1,0,0,1,0,1,0,1,Infield shade,Standard,231.0,0.026,-0.156,,,,,0.156,,1,-1,0.593,0.407,30,26,30,27,2,1,49.0,3.0,5.0,1.0,1.38,0.87,-0.87,32.0,,,,,
FC,2023-05-27,87.7,-1.6,5.38,"Duran, Jarren",680776,605200,,foul,,,,,12.0,,R,L,R,AZ,BOS,S,,,0,1,2023,-0.13,0.98,1.2296335634357805,2.885795076164565,,,807799.0,0,4,Top,,,,,,,7.088942738842723,-127.61354447458228,-1.8949086952055023,-2.911480737065772,27.20276579301367,-21.310843162214613,3.42,1.62,103.0,72.7,8.0,87.4,2221.0,6.1,717991,672515,656976,606466,668942,672695,666971,682998,664983,54.35,,,,,,,,26,2,Cutter,1,0,0,1,0,1,0,1,Infield shade,Standard,226.0,0.011,-0.043,,,,,0.043,88.0,1,-1,0.582,0.418,30,26,30,27,2,1,49.0,3.0,5.0,1.0,1.99,0.13,-0.13,33.3,,,,,
SI,2023-05-27,88.7,-1.74,5.37,"Duran, Jarren",680776,605200,,called_strike,,,,,13.0,,R,L,R,AZ,BOS,S,,,0,0,2023,-1.71,0.62,-0.4116334812230262,1.535937717142675,,,807799.0,0,4,Top,,,,,,,6.814861945013247,-128.96105924983576,-4.5708296428113115,-20.496854109758953,28.109883076661102,-24.52333930424956,3.57651683839104,1.73659034571078,,,,88.5,2125.0,6.3,717991,672515,656976,606466,668942,672695,666971,682998,664983,54.2,,,,,,,,26,1,Sinker,1,0,0,1,0,1,0,1,Infield shade,Standard,229.0,0.006,-0.036,,,,,0.036,,1,-1,0.576,0.424,30,26,30,27,2,1,49.0,3.0,5.0,1.0,2.3,1.71,-1.71,32.3,,,,,
CH,2023-05-27,80.9,-1.58,5.47,"Duran, Jarren",680776,605200,single,hit_into_play,,,,,5.0,Jarren Duran singles on a ground ball to right fielder Jake McCarthy.,R,L,R,AZ,BOS,X,9.0,ground_ball,2,2,2023,-1.16,0.46,-0.1460079928486255,2.5322954802189295,,,,0,2,Top,185.77,110.64,,,,,5.391268503711596,-117.6063741276376,-0.712909491650833,-11.79362339525515,24.383511604621173,-28.031961577804218,3.42,1.62,118.0,93.8,7.0,80.3,,6.2,717991,672515,656976,606466,668942,672695,666971,682998,664983,54.35,0.539,0.5,0.9,1.0,1.0,0.0,4.0,11,5,Changeup,1,0,0,1,0,1,0,1,Strategic,Standard,,-0.044,0.459,,,,0.622,-0.459,93.8,1,-1,0.607,0.393,30,26,30,27,1,0,49.0,3.0,5.0,1.0,3.06,1.16,-1.16,37.3,,,,,
FF,2023-05-27,90.5,-1.77,5.33,"Duran, Jarren",680776,605200,,ball,,,,,14.0,,R,L,R,AZ,BOS,B,,,1,2,2023,-1.09,1.33,0.2476180518771868,1.4481168620755178,,,,0,2,Top,,,,,,,7.322525308088483,-131.4242763895484,-6.542926261778177,-14.152644399926665,28.456139332042135,-15.52260654154917,3.55588854363176,1.77041369185061,,,,90.2,1888.0,6.2,717991,672515,656976,606466,668942,672695,666971,682998,664983,54.26,,,,,,,,11,4,4-Seam Fastball,1,0,0,1,0,1,0,1,Strategic,Standard,274.0,-0.003,0.046,,,,,-0.046,,1,-1,0.61,0.39,30,26,30,27,1,0,49.0,3.0,5.0,1.0,1.47,1.09,-1.09,31.3,,,,,
CH,2023-05-27,81.4,-1.65,5.46,"Duran, Jarren",680776,605200,,ball,,,,,13.0,,R,L,R,AZ,BOS,B,,,0,2,2023,-1.34,0.44,-0.3762246562348208,1.0592980320817396,,,,0,2,Top,,,,,,,5.393765403155789,-118.37434813089511,-4.1032347604960755,-13.62522598954,23.078784460827443,-27.40781268975933,3.55588854363176,1.73769860372227,,,,81.0,1923.0,6.1,717991,672515,656976,606466,668942,672695,666971,682998,664983,54.42,,,,,,,,11,3,Changeup,1,0,0,1,0,1,0,1,Strategic,Standard,244.0,-0.003,0.024,,,,,-0.024,,1,-1,0.613,0.387,30,26,30,27,1,0,49.0,3.0,5.0,1.0,3.01,1.34,-1.34,33.3,,,,,
FF,2023-05-27,94.0,-1.67,6.0,"Duran, Jarren",680776,543518,strikeout,swinging_strike,,,,,2.0,Jarren Duran strikes out swinging.,R,L,R,AZ,BOS,S,2.0,,2,2,2023,-0.66,1.58,-0.1867551635771347,3.467056444472034,,,807799.0,1,8,Top,,,,,,,5.268868206323739,-136.84987104191845,-4.326472356993953,-9.423057887087076,29.996066035189916,-11.54320985922625,3.42,1.62,,,,93.4,2319.0,5.9,717991,672515,656976,606466,668942,672695,666971,682998,664983,54.6,,0.0,0.0,1.0,0.0,0.0,,57,6,4-Seam Fastball,1,2,2,1,2,1,2,1,Standard,Standard,211.0,0.025,-0.23,,,,,0.23,,-1,1,0.258,0.742,33,26,34,27,1,3,3.0,3.0,3.0,1.0,0.99,0.66,-0.66,45.8,,,,,
FC,2023-05-27,87.4,-1.6,5.36,"Duran, Jarren",680776,605200,,foul_bunt,,,,,12.0,,R,L,R,AZ,BOS,S,,,0,1,2023,-0.13,0.9,1.2547430538710556,3.5624158847868035,,,,0,2,Top,,,,,,,7.132431081744939,-127.12346585833308,-0.0499669786934774,-2.865531290280323,25.43289989808019,-22.610228834105538,3.42,1.62,,,,87.3,2128.0,6.2,717991,672515,656976,606466,668942,672695,666971,682998,664983,54.28,,,,,,,,11,2,Cutter,1,0,0,1,0,1,0,1,Infield shade,Standard,275.0,0.006,-0.054,,,,,0.054,88.0,1,-1,0.607,0.393,30,26,30,27,1,0,49.0,3.0,5.0,1.0,2.08,0.13,-0.13,37.3,,,,,
FF,2023-05-27,89.3,-1.74,5.37,"Duran, Jarren",680776,605200,,foul,,,,,4.0,,R,L,R,AZ,BOS,S,,,0,0,2023,-1.01,1.29,-0.4039745434086247,2.800027448684891,,,,0,2,Top,,,,,,,5.4233159259980015,-129.9407601548009,-3.02607279367159,-12.571494923419513,27.704880275824472,-17.152744072520314,3.42,1.62,95.0,77.6,7.0,89.2,2130.0,6.3,717991,672515,656976,606466,668942,672695,666971,682998,664983,54.21,,,,,,,,11,1,4-Seam Fastball,1,0,0,1,0,1,0,1,Standard,Standard,246.0,0.004,-0.042,,,,,0.042,88.0,1,-1,0.603,0.397,30,26,30,27,1,0,49.0,3.0,5.0,1.0,1.57,1.01,-1.01,34.3,,,,,
FF,2023-05-27,94.6,-1.68,5.87,"Duran, Jarren",680776,543518,,foul,,,,,8.0,,R,L,R,AZ,BOS,S,,,2,2,2023,-0.92,1.47,-0.0042834604528354,2.0631523086249812,,,807799.0,1,8,Top,,,,,,,6.364160621680947,-137.40825344854656,-7.451721801837087,-13.0761278745387,31.234825322972185,-12.080976478096282,3.42,1.62,292.0,85.4,29.0,93.9,2394.0,6.0,717991,672515,656976,606466,668942,672695,666971,682998,664983,54.47,,,,,,,,57,5,4-Seam Fastball,1,2,2,1,2,1,2,1,Standard,Standard,213.0,0.0,0.0,,,,,0.0,88.0,-1,1,0.258,0.742,33,26,34,27,1,3,3.0,3.0,3.0,1.0,1.09,0.92,-0.92,47.0,,,,,
FF,2023-05-27,94.9,-1.73,5.96,"Duran, Jarren",680776,543518,,called_strike,,,,,7.0,,R,L,R,AZ,BOS,S,,,2,1,2023,-0.83,1.45,-0.7369493754489637,1.6696740200041604,,,807799.0,1,8,Top,,,,,,,4.417249934537897,-137.92997806324988,-8.672725725386883,-11.62667756615396,31.705003240237662,-11.929213891647343,3.58878700537928,1.77041369185061,,,,93.7,2344.0,5.7,717991,672515,656976,606466,668942,672695,666971,682998,664983,54.79,,,,,,,,57,4,4-Seam Fastball,1,2,2,1,2,1,2,1,Standard,Standard,212.0,0.007,-0.054,,,,,0.054,,-1,1,0.251,0.749,33,26,34,27,1,3,3.0,3.0,3.0,1.0,1.1,0.83,-0.83,41.8,,,,,
CH,2023-05-27,81.3,-1.51,5.36,"Duran, Jarren",680776,605200,truncated_pa,ball,,,,,14.0,,R,L,R,AZ,BOS,B,2.0,,2,2,2023,-1.3,0.26,0.0537567309004143,1.2877191862941353,657077.0,,807799.0,2,1,Top,,,,,,,6.004149770576362,-118.27644377454038,-3.008568018809639,-13.341451271472732,22.88098989357488,-29.349790123360847,3.55588854363176,1.77041369185061,,,,81.5,1841.0,6.5,717991,672515,656976,606466,668942,672695,666971,682998,664983,54.02,,,0.0,0.0,0.0,0.0,,5,5,Changeup,0,0,0,0,0,0,0,0,Strategic,Standard,249.0,0.041,-0.235,,,,,0.235,,0,0,0.507,0.493,30,26,30,27,1,0,49.0,3.0,5.0,1.0,3.19,1.3,-1.3,34.5,,,,,
SI,2023-05-27,90.7,-1.65,5.31,"Duran, Jarren",680776,605200,,foul,,,,,4.0,,R,L,R,AZ,BOS,S,,,2,1,2023,-1.55,0.69,-0.3900980803276199,2.781155109919119,657077.0,,807799.0,2,1,Top,,,,,,,6.44729351498204,-131.8544309406214,-1.8231471052786523,-19.401947135316977,29.388642752243488,-24.01968428104737,3.42,1.62,245.0,81.6,30.0,90.5,2184.0,6.3,717991,672515,656976,606466,668942,672695,666971,682998,664983,54.18,,,,,,,,5,4,Sinker,0,0,0,0,0,0,0,0,Standard,Standard,226.0,0.01,-0.081,,,,,0.081,88.0,0,0,0.497,0.503,30,26,30,27,1,0,49.0,3.0,5.0,1.0,2.1,1.55,-1.55,29.8,,,,,
FS,2023-05-27,86.1,-1.87,5.87,"Duran, Jarren",680776,543518,,ball,,,,,13.0,,R,L,R,AZ,BOS,B,,,1,1,2023,-0.47,0.9,-0.2574229649066756,1.382136659267272,,,807799.0,1,8,Top,,,,,,,4.7413256991824255,-125.29917570209868,-6.215448604623317,-5.8961258708497795,24.69040065033081,-21.604236471069648,3.62169035104611,1.63957428546451,,,,85.5,1260.0,5.8,717991,672515,656976,606466,668942,672695,666971,682998,664983,54.68,,,,,,,,57,3,Split-Finger,1,2,2,1,2,1,2,1,Standard,Standard,219.0,-0.004,0.046,,,,,-0.046,,-1,1,0.255,0.745,33,26,34,27,1,3,3.0,3.0,3.0,1.0,2.16,0.47,-0.47,44.5,,,,,
SI,2023-05-27,90.5,-1.61,5.27,"Duran, Jarren",680776,605200,,ball,,,,,7.0,,R,L,R,AZ,BOS,B,,,1,1,2023,-1.49,0.66,-0.7094060422899453,1.8201914920567828,657077.0,,807799.0,2,1,Top,,,,,,,5.417750842761157,-131.63406268307972,-4.075132815522011,-18.46644428396611,28.021770683824588,-23.877728574755356,3.55487991811355,1.79082592390081,,,,90.5,2138.0,6.3,717991,672515,656976,606466,668942,672695,666971,682998,664983,54.19,,,,,,,,5,3,Sinker,0,0,0,0,0,0,0,0,Infield shade,Standard,228.0,-0.005,0.031,,,,,-0.031,,0,0,0.502,0.498,30,26,30,27,1,0,49.0,3.0,5.0,1.0,2.13,1.49,-1.49,28.7,,,,,
FS,2023-05-27,85.9,-1.87,5.95,"Duran, Jarren",680776,543518,,ball,,,,,13.0,,R,L,R,AZ,BOS,B,,,0,1,2023,-0.77,1.0,-0.8760428883129477,1.5431053212111758,,,807799.0,1,8,Top,,,,,,,3.873363084080012,-124.98669480188904,-6.15712137912725,-8.860251941107327,25.560783727029055,-20.63787886951507,3.62169035104611,1.73769860372227,,,,85.2,1105.0,5.9,717991,672515,656976,606466,668942,672695,666971,682998,664983,54.61,,,,,,,,57,2,Split-Finger,1,2,2,1,2,1,2,1,Standard,Standard,215.0,-0.003,0.025,,,,,-0.025,,-1,1,0.258,0.742,33,26,34,27,1,3,3.0,3.0,3.0,1.0,2.09,0.77,-0.77,44.6,,,,,
FF,2023-05-27,94.4,-1.68,6.03,"Duran, Jarren",680776,543518,,called_strike,,,,,8.0,,R,L,R,AZ,BOS,S,,,0,0,2023,-0.73,1.44,0.0294519345930516,2.014016890348639,,,807799.0,1,8,Top,,,,,,,6.041296996803709,-137.15310436312902,-7.8822488853511405,-10.597979062268989,30.42954522329356,-12.48785015906398,3.58878700537928,1.7049870245413,,,,93.7,2346.0,6.0,717991,672515,656976,606466,668942,672695,666971,682998,664983,54.52,,,,,,,,57,1,4-Seam Fastball,1,2,2,1,2,1,2,1,Standard,Standard,208.0,0.004,-0.042,,,,,0.042,,-1,1,0.254,0.746,33,26,34,27,1,3,3.0,3.0,3.0,1.0,1.13,0.73,-0.73,46.3,,,,,
SI,2023-05-27,82.2,-1.61,5.41,"Duran, Jarren",680776,605200,,blocked_ball,,,,,13.0,,R,L,R,AZ,BOS,B,,,0,1,2023,-1.37,0.01,-0.4991433767532591,0.5517202560316758,657077.0,,807799.0,2,1,Top,,,,,,,5.162920335249901,-119.51295541098844,-4.425549957325702,-14.172774089887524,24.50921288956,-31.417528380735774,3.58878700537928,1.77041369185061,,,,81.8,1792.0,6.2,717991,672515,656976,606466,668942,672695,666971,682998,664983,54.27,,,,,,,,5,2,Sinker,0,0,0,0,0,0,0,0,Standard,Standard,247.0,-0.005,0.039,,,,,-0.039,,0,0,0.507,0.493,30,26,30,27,1,0,49.0,3.0,5.0,1.0,3.39,1.37,-1.37,34.2,,,,,
SI,2023-05-27,90.4,-1.41,5.38,"Duran, Jarren",680776,605200,,called_strike,,,,,6.0,,R,L,R,AZ,BOS,S,,,0,0,2023,-1.55,0.6,0.658638405963393,2.517554361606245,657077.0,,807799.0,2,1,Top,,,,,,,8.441630549124106,-131.36464211061426,-2.422283975261816,-19.72390814099217,28.99353569806314,-24.96808324992759,3.62169035104611,1.73769860372227,,,,90.2,2141.0,6.3,717991,672515,656976,606466,668942,672695,666971,682998,664983,54.19,,,,,,,,5,1,Sinker,0,0,0,0,0,0,0,0,Standard,Standard,224.0,0.007,-0.052,,,,,0.052,,0,0,0.5,0.5,30,26,30,27,1,0,49.0,3.0,5.0,1.0,2.21,1.55,-1.55,32.3,,,,,
FF,2023-05-27,89.8,1.84,5.61,"Duran, Jarren",680776,674072,single,hit_into_play,,,,,7.0,"Jarren Duran singles on a bunt ground ball to pitcher Tommy Henry. Jarren Duran to 2nd. Jarren Duran advances to 2nd, on a throwing error by pitcher Tommy Henry.",R,L,L,AZ,BOS,X,1.0,ground_ball,0,0,2023,0.57,1.32,-0.329759604290938,2.1542601312781713,,,,0,6,Top,129.36,198.88,,,,,-6.623349042256277,-130.4458167175839,-5.327591988455279,7.949069592907867,29.422801186898248,-16.221089108278125,3.42,1.62,4.0,24.3,-24.0,90.2,2174.0,6.8,717991,672515,656976,606466,668942,672695,666971,682998,664983,53.73,0.316,0.305,0.9,1.0,1.0,0.0,1.0,42,1,4-Seam Fastball,1,2,2,1,2,1,2,1,Infield shade,Standard,144.0,-0.067,0.111,,,,0.32,-0.111,88.0,-1,1,0.34,0.6599999999999999,25,26,26,27,1,2,5.0,3.0,4.0,1.0,1.54,0.57,0.57,41.8,,,,,
SL,2023-05-24,78.4,3.0,5.35,"Duran, Jarren",680776,542881,strikeout,called_strike,,,,,13.0,Jarren Duran called out on strikes.,R,L,L,LAA,BOS,S,2.0,,0,2,2023,-0.3,0.04,-0.8652588803076311,1.4905029987803209,,,606132.0,1,5,Top,,,,,,,-7.844363333306982,-113.99315907933568,-1.5473706652449346,-1.1509008693249732,21.231579720193544,-31.72368868223471,3.48236004477204,1.65873605645874,,,,78.8,2492.0,6.7,718034,595453,592273,650859,570482,687263,621493,545361,592669,53.82,,0.0,0.0,1.0,0.0,0.0,,39,3,Slider,7,1,1,7,1,7,1,7,Standard,Standard,286.0,0.007,-0.16,,,,,0.16,,6,-6,0.965,0.035,33,26,34,27,2,1,6.0,1.0,6.0,3.0,3.67,-0.3,-0.3,24.4,,,,,
FC,2023-05-24,79.6,1.93,6.39,"Duran, Jarren",680776,542881,,foul,,,,,4.0,,R,L,L,LAA,BOS,S,,,0,1,2023,-0.6,0.5,-0.4258534786450603,2.23768644013466,,,606132.0,1,5,Top,,,,,,,-4.03710410838483,-115.81409848090716,-3.283630694441163,-4.630858263057972,22.129839164315285,-27.28403014187639,3.36,1.6,169.0,73.3,62.0,79.5,2406.0,6.3,718034,595453,592273,650859,570482,687263,621493,545361,592669,54.23,,,,,,,,39,2,Cutter,7,1,1,7,1,7,1,7,Standard,Standard,186.0,0.002,-0.053,,,,,0.053,88.0,6,-6,0.963,0.037,33,26,34,27,2,1,6.0,1.0,6.0,3.0,3.11,-0.6,-0.6,52.3,,,,,
FF,2023-05-24,89.2,1.61,6.44,"Duran, Jarren",680776,542881,,called_strike,,,,,4.0,,R,L,L,LAA,BOS,S,,,0,0,2023,0.13,1.71,-0.6849341669856499,2.513929248139261,,,606132.0,1,5,Top,,,,,,,-5.931152142384464,-129.52859191656907,-7.149059591617606,2.8428495728707,29.20176400413154,-11.67365954288593,3.61201302845811,1.68676040387111,,,,88.9,2275.0,6.4,718034,595453,592273,650859,570482,687263,621493,545361,592669,54.08,,,,,,,,39,1,4-Seam Fastball,7,1,1,7,1,7,1,7,Standard,Standard,164.0,0.002,-0.042,,,,,0.042,,6,-6,0.961,0.039,33,26,34,27,2,1,6.0,1.0,6.0,3.0,1.19,0.13,0.13,55.2,,,,,
FF,2023-05-24,89.2,1.67,6.35,"Duran, Jarren",680776,542881,strikeout,called_strike,,,,,7.0,Jarren Duran called out on strikes.,R,L,L,LAA,BOS,S,2.0,,3,2,2023,0.27,1.57,-0.5711210741168534,1.8463954980211288,,,,1,3,Top,,,,,,,-6.054849416579158,-129.50470869532387,-8.242845906030611,4.368361732666501,30.1955531000936,-12.98694348142571,3.56106843645882,1.6107166700055,,,,88.6,2182.0,6.3,718034,595453,592273,650859,570482,687263,621493,545361,592669,54.19,,0.0,0.0,1.0,0.0,0.0,,19,6,4-Seam Fastball,4,0,0,4,0,4,0,4,Standard,Standard,160.0,0.014,-0.328,,,,,0.328,,4,-4,0.873,0.127,33,26,34,27,1,0,6.0,1.0,6.0,3.0,1.34,0.27,0.27,54.1,,,,,
FC,2023-05-24,80.8,2.2,6.38,"Duran, Jarren",680776,542881,,ball,,,,,12.0,,R,L,L,LAA,BOS,B,,,2,2,2023,-0.54,0.46,1.3023471440050918,4.759767474328964,,,,1,3,Top,,,,,,,-0.974359548865027,-117.66479871744326,2.1499343284212475,-4.81042750359664,22.478002148312793,-28.522505193444896,3.56106843645882,1.66141034405925,,,,80.4,2388.0,6.0,718034,595453,592273,650859,570482,687263,621493,545361,592669,54.51,,,,,,,,19,5,Cutter,4,0,0,4,0,4,0,4,Standard,Standard,214.0,-0.005,0.094,,,,,-0.094,,4,-4,0.878,0.122,33,26,34,27,1,0,6.0,1.0,6.0,3.0,3.03,-0.54,-0.54,50.3,,,,,
FF,2023-05-24,90.7,1.51,6.4,"Duran, Jarren",680776,542881,,ball,,,,,13.0,,R,L,L,LAA,BOS,B,,,1,2,2023,0.1,1.53,-1.802303364160922,2.4708306381688083,,,,1,3,Top,,,,,,,-8.459666606421912,-131.58124297052635,-7.061252387687798,3.1389880381751483,30.165730830105108,-13.059848002666913,3.56106843645882,1.68676040387111,,,,89.9,2209.0,6.1,718034,595453,592273,650859,570482,687263,621493,545361,592669,54.36,,,,,,,,19,4,4-Seam Fastball,4,0,0,4,0,4,0,4,Standard,Standard,160.0,-0.001,0.045,,,,,-0.045,,4,-4,0.879,0.121,33,26,34,27,1,0,6.0,1.0,6.0,3.0,1.28,0.1,0.1,54.9,,,,,
FC,2023-05-24,83.3,2.21,6.19,"Duran, Jarren",680776,542881,,swinging_strike,,,,,11.0,,R,L,L,LAA,BOS,S,,,1,1,2023,-0.62,0.84,-0.1049247504171013,3.908743291536078,,,,1,3,Top,,,,,,,-4.1146843497817285,-121.28910109660868,-0.4203411141445781,-5.234110409836761,24.42143906764241,-24.06782017127157,3.36,1.6,,,,83.4,2370.0,6.4,718034,595453,592273,650859,570482,687263,621493,545361,592669,54.12,,,,,,,,19,3,Cutter,4,0,0,4,0,4,0,4,Standard,Standard,188.0,0.002,-0.068,,,,,0.068,,4,-4,0.877,0.123,33,26,34,27,1,0,6.0,1.0,6.0,3.0,2.45,-0.62,-0.62,50.7,,,,,
FC,2023-05-24,84.3,2.24,6.15,"Duran, Jarren",680776,542881,,ball,,,,,2.0,,R,L,L,LAA,BOS,B,,,0,1,2023,-0.87,0.79,-0.2459925877154904,3.6713076736311265,,,,1,3,Top,,,,,,,-4.050322090207345,-122.8158802769566,-0.9837414911781548,-7.988529673596691,24.209185190765748,-24.199827574388607,3.58653978840006,1.68676040387111,,,,84.3,2414.0,6.2,718034,595453,592273,650859,570482,687263,621493,545361,592669,54.26,,,,,,,,19,2,Cutter,4,0,0,4,0,4,0,4,Standard,Standard,179.0,-0.001,0.03,,,,,-0.03,,4,-4,0.878,0.122,33,26,34,27,1,0,6.0,1.0,6.0,3.0,2.41,-0.87,-0.87,47.7,,,,,
FF,2023-05-24,89.4,1.77,6.33,"Duran, Jarren",680776,542881,,called_strike,,,,,11.0,,R,L,L,LAA,BOS,S,,,0,0,2023,0.2,1.53,-0.8987095488774515,2.607259559161354,,,,1,3,Top,,,,,,,-6.99221295866038,-129.90194516195922,-6.350676280255842,3.775988467224923,27.922619796568963,-13.661778872232398,3.45687004433675,1.70946030483663,,,,89.1,2102.0,6.2,718034,595453,592273,650859,570482,687263,621493,545361,592669,54.28,,,,,,,,19,1,4-Seam Fastball,4,0,0,4,0,4,0,4,Standard,Standard,158.0,0.002,-0.041,,,,,0.041,,4,-4,0.876,0.124,33,26,34,27,1,0,6.0,1.0,6.0,3.0,1.33,0.2,0.2,52.7,,,,,
FF,2023-05-24,96.3,-1.13,5.48,"Duran, Jarren",680776,606625,field_out,hit_into_play,,,,,14.0,"Jarren Duran grounds out softly, second baseman Luis Rengifo to first baseman Brandon Drury. Raimel Tapia to 2nd.",R,L,R,LAA,BOS,X,4.0,ground_ball,2,2,2023,-0.24,1.5,1.1779863823981438,2.2212929545923283,,,606132.0,1,7,Top,145.45,157.81,,,,,6.727958939171151,-139.93849507038993,-6.458172190696241,-4.814656047099574,34.45591733581947,-11.247365891446645,3.36,1.6,5.0,50.7,-23.0,96.7,2322.0,6.8,718034,595453,592273,650859,570482,687263,621493,545361,592669,53.72,0.101,0.097,0.0,1.0,0.0,0.0,1.0,55,5,4-Seam Fastball,7,2,2,7,2,7,2,7,Standard,Standard,200.0,0.008,-0.308,,,,0.126,0.308,88.0,5,-5,0.969,0.031,30,26,30,27,1,2,3.0,1.0,,3.0,0.99,0.24,-0.24,39.9,,,,,
CH,2023-05-24,89.3,-1.08,5.42,"Duran, Jarren",680776,606625,,ball,,,,,11.0,,R,L,R,LAA,BOS,B,,,1,2,2023,-1.57,0.38,-2.0092718441756254,4.108570361825837,,,606132.0,1,7,Top,,,,,,,1.0480832310986297,-130.0724181399825,2.04320413581502,-18.00102034505137,29.059339645142703,-28.566406115870713,3.40828023348766,1.6107166700055,,,,90.1,1838.0,6.8,718034,595453,592273,650859,570482,687263,621493,545361,592669,53.65,,,,,,,,55,4,Changeup,7,2,2,7,2,7,2,7,Standard,Standard,232.0,-0.002,0.047,,,,,-0.047,,5,-5,0.971,0.029,30,26,30,27,1,2,3.0,1.0,,3.0,2.49,1.57,-1.57,38.3,,,,,
SL,2023-05-24,82.2,-1.4,5.2,"Duran, Jarren",680776,606625,,blocked_ball,,,,,14.0,,R,L,R,LAA,BOS,B,,,0,2,2023,1.09,0.23,0.7595829121653968,0.5510480004227869,,,606132.0,1,7,Top,,,,,,,2.7850141478582646,-119.6492692571892,-4.419643658809322,9.805195781120087,25.63916350660807,-29.22540567552438,3.43374016000888,1.58537306353277,,,,82.3,2433.0,6.6,718034,595453,592273,650859,570482,687263,621493,545361,592669,53.89,,,,,,,,55,3,Slider,7,2,2,7,2,7,2,7,Standard,Standard,66.0,-0.001,0.023,,,,,-0.023,,5,-5,0.972,0.028,30,26,30,27,1,2,3.0,1.0,,3.0,3.17,-1.09,1.09,36.2,,,,,
FC,2023-05-24,83.3,3.9,4.59,"Duran, Jarren",680776,571901,field_out,hit_into_play,,,,,4.0,"Jarren Duran grounds out, second baseman Brandon Drury to first baseman Jared Walsh. Connor Wong to 3rd.",R,L,L,LAA,BOS,X,4.0,ground_ball,1,1,2023,-0.3,0.14,-0.3084343528698914,2.2155360457186335,,657136.0,,1,9,Top,150.57,150.27,,,,,-9.03971887084636,-120.94087417027656,0.7580239628649175,-1.0483626355056417,24.59464817480311,-31.162496814187392,3.36,1.6,51.0,77.1,3.0,82.7,2395.0,6.1,718034,595453,665120,592273,570482,687263,621493,545361,592669,54.39,0.249,0.225,0.0,1.0,0.0,0.0,2.0,71,3,Cutter,7,2,2,7,2,7,2,7,Standard,Standard,261.0,0.005,-0.262,,,,0.253,0.262,88.0,5,-5,0.993,0.007,35,26,36,27,1,3,2.0,1.0,4.0,3.0,3.17,-0.3,-0.3,8.8,,,,,
FF,2023-05-24,95.8,-1.07,5.51,"Duran, Jarren",680776,606625,,called_strike,,,,,8.0,,R,L,R,LAA,BOS,S,,,0,1,2023,-0.82,1.45,-0.2155207674306283,1.646371692765427,,,606132.0,1,7,Top,,,,,,,4.1291428774990475,-139.26652063193447,-7.881531021624035,-11.557736952800669,33.86600675699705,-11.68363157135773,3.53559897726299,1.68676040387111,,,,96.2,2302.0,6.8,718034,595453,592273,650859,570482,687263,621493,545361,592669,53.73,,,,,,,,55,2,4-Seam Fastball,7,2,2,7,2,7,2,7,Standard,Standard,215.0,0.003,-0.053,,,,,0.053,,5,-5,0.969,0.031,30,26,30,27,1,2,3.0,1.0,,3.0,1.05,0.82,-0.82,43.8,,,,,
FC,2023-05-24,83.3,3.72,4.41,"Duran, Jarren",680776,571901,,ball,,,,,13.0,,R,L,L,LAA,BOS,B,,,0,1,2023,-0.33,-0.1,-1.7684476128477726,1.7199219056665358,,657136.0,,1,9,Top,,,,,,,-11.82933498941056,-120.77285929101086,0.5269879931177313,-0.8769273175568902,23.818720446614208,-33.5367306835886,3.53559897726299,1.6107166700055,,,,82.4,2412.0,5.9,718034,595453,665120,592273,570482,687263,621493,545361,592669,54.57,,,,,,,,71,2,Cutter,7,2,2,7,2,7,2,7,Standard,Standard,322.0,-0.001,0.024,,,,,-0.024,,5,-5,0.994,0.006,35,26,36,27,1,3,2.0,1.0,4.0,3.0,3.42,-0.33,-0.33,5.2,,,,,
SI,2023-05-24,90.5,3.79,4.34,"Duran, Jarren",680776,571901,,foul,,,,,3.0,,R,L,L,LAA,BOS,S,,,0,0,2023,1.3,0.25,0.3841565161644191,3.0499314055862734,,657136.0,,1,9,Top,,,,,,,-11.155020732246005,-131.3019127893036,2.2300030655332455,17.458726705887994,28.962054487289585,-30.073807883897462,3.36,1.6,,,,89.5,2125.0,5.9,718034,595453,665120,592273,570482,687263,621493,545361,592669,54.56,,,,,,,,71,1,Sinker,7,2,2,7,2,7,2,7,Standard,Standard,107.0,0.001,-0.038,,,,,0.038,,5,-5,0.993,0.007,35,26,36,27,1,3,2.0,1.0,4.0,3.0,2.56,1.3,1.3,3.9,,,,,
CH,2023-05-24,89.6,-1.24,5.46,"Duran, Jarren",680776,606625,,foul,,,,,4.0,,R,L,R,LAA,BOS,S,,,0,0,2023,-1.57,0.54,-0.5524348461794368,2.197835980906092,,,606132.0,1,7,Top,,,,,,,5.078026557467785,-130.4316112563563,-3.246199094356452,-18.992022103651227,26.438241140802553,-25.567586453115123,3.36,1.6,272.0,85.0,42.0,90.9,1995.0,7.0,718034,595453,592273,650859,570482,687263,621493,545361,592669,53.55,,,,,,,,55,1,Changeup,7,2,2,7,2,7,2,7,Standard,Standard,223.0,0.002,-0.042,,,,,0.042,88.0,5,-5,0.967,0.033,30,26,30,27,1,2,3.0,1.0,,3.0,2.29,1.57,-1.57,37.8,,,,,
CH,2023-05-23,88.4,-1.44,5.82,"Duran, Jarren",680776,656288,field_out,hit_into_play,,,,,1.0,"Jarren Duran grounds out, shortstop Zach Neto to first baseman Jared Walsh.",R,L,R,LAA,BOS,X,6.0,ground_ball,1,0,2023,-1.19,0.6,-0.5395611986641602,2.8460516285302004,,,,0,7,Top,115.73,142.04,,,,,4.592970215638712,-128.7068622375775,-2.40188702024913,-14.165333565606849,26.403620781059224,-25.24608792266048,3.35,1.59,101.0,97.3,4.0,87.3,1543.0,5.5,718053,642136,665120,592273,570482,687263,666160,545361,592669,55.0,0.574,0.564,0.0,1.0,0.0,0.0,4.0,46,2,Changeup,2,0,0,2,0,2,0,2,Standard,Standard,235.0,0.04,-0.306,,,,0.683,0.306,97.3,2,-2,0.809,0.1909999999999999,27,26,27,27,3,2,6.0,1.0,6.0,1.0,2.31,1.19,-1.19,44.1,,,,,
SL,2023-05-23,87.1,-1.37,5.84,"Duran, Jarren",680776,656288,,ball,,,,,13.0,,R,L,R,LAA,BOS,B,,,0,0,2023,-0.39,-0.03,-0.6124594998211743,1.1818614081265544,,,,0,7,Top,,,,,,,2.597506695766114,-126.7576625313216,-4.897623878257226,-4.783513992476403,26.208399653723824,-31.71482989558636,3.56151985421091,1.68731568080376,,,,86.2,2542.0,5.7,718053,642136,665120,592273,570482,687263,666160,545361,592669,54.77,,,,,,,,46,1,Slider,2,0,0,2,0,2,0,2,Standard,Standard,353.0,-0.006,0.04,,,,,-0.04,,2,-2,0.815,0.185,27,26,27,27,3,2,6.0,1.0,6.0,1.0,3.04,0.39,-0.39,48.2,,,,,
SL,2023-05-23,88.7,-1.41,5.9,"Duran, Jarren",680776,656288,field_out,hit_into_play,,,,,13.0,Jarren Duran grounds out to first baseman Jared Walsh.,R,L,R,LAA,BOS,X,3.0,ground_ball,0,0,2023,-0.18,0.1,-0.1038523501865637,1.3794924332543537,,,,1,4,Top,151.39,171.44,,,,,3.533642192206695,-129.18972923828326,-5.180266399827976,-2.7592408151312724,26.472216070063467,-30.24620838149417,3.35,1.59,2.0,79.2,-41.0,87.8,2822.0,5.6,718053,642136,665120,592273,570482,687263,666160,545361,592669,54.87,0.098,0.091,0.0,1.0,0.0,0.0,2.0,26,1,Slider,1,0,0,1,0,1,0,1,Standard,Standard,343.0,0.02,-0.267,,,,0.102,0.267,88.0,1,-1,0.652,0.348,27,26,27,27,2,1,6.0,1.0,6.0,1.0,2.79,0.18,-0.18,43.9,,,,,
SL,2023-05-23,89.1,-1.42,5.85,"Duran, Jarren",680776,656288,strikeout,foul_tip,,,,,14.0,Jarren Duran strikes out on a foul tip.,R,L,R,LAA,BOS,S,2.0,,1,2,2023,-0.16,-0.39,0.2131922853292428,1.433225532496912,,,,0,2,Top,,,,,,,4.308166798025633,-129.726021169764,-3.981914630341088,-2.6788742956321663,27.772266602714787,-35.89742557845698,3.35,1.59,,,,88.6,2858.0,6.0,718053,642136,665120,592273,570482,687263,666160,545361,592669,54.5,,0.0,0.0,1.0,0.0,0.0,,11,4,Slider,1,0,0,1,0,1,0,1,Standard,Standard,1.0,0.017,-0.193,,,,,0.193,,1,-1,0.61,0.39,27,26,27,27,1,0,6.0,1.0,6.0,1.0,3.26,0.16,-0.16,43.1,,,,,
CH,2023-05-23,90.5,-1.42,5.78,"Duran, Jarren",680776,656288,,foul,,,,,13.0,,R,L,R,LAA,BOS,S,,,1,1,2023,-1.35,0.57,-0.4416787371177715,1.1887370393700505,,,,0,2,Top,,,,,,,5.2250624341467855,-131.6114733567763,-6.671404341337217,-16.764579841646853,27.150222601473953,-24.31687807989668,3.35,1.59,0.0,73.0,-75.0,89.5,1775.0,5.6,718053,642136,665120,592273,570482,687263,666160,545361,592669,54.86,,,,,,,,11,3,Changeup,1,0,0,1,0,1,0,1,Standard,Standard,222.0,0.006,-0.061,,,,,0.061,88.0,1,-1,0.604,0.396,27,26,27,27,1,0,6.0,1.0,6.0,1.0,2.21,1.35,-1.35,43.9,,,,,
FF,2023-05-23,94.7,-1.22,5.94,"Duran, Jarren",680776,656288,,ball,,,,,13.0,,R,L,R,LAA,BOS,B,,,0,1,2023,-0.56,1.6,-0.4667626908933133,1.1914450743701075,,,,0,2,Top,,,,,,,3.1936934693988777,-137.59029873191676,-10.19783798510962,-7.878104925093908,30.567266667080236,-9.840862156469084,3.48489379835468,1.71238900683529,,,,93.9,2130.0,5.9,718053,642136,665120,592273,570482,687263,666160,545361,592669,54.57,,,,,,,,11,2,4-Seam Fastball,1,0,0,1,0,1,0,1,Standard,Standard,204.0,-0.003,0.031,,,,,-0.031,,1,-1,0.607,0.393,27,26,27,27,1,0,6.0,1.0,6.0,1.0,0.95,0.56,-0.56,46.7,,,,,
KC,2023-05-23,81.4,-1.42,6.02,"Duran, Jarren",680776,656288,,called_strike,,,,,5.0,,R,L,R,LAA,BOS,S,,,0,0,2023,0.96,-0.63,-0.0840019954647983,2.5361555880186293,,,,0,2,Top,,,,,,,1.1510449091751982,-118.57204277821924,-0.0151969680526846,8.824899258041201,23.414745201465315,-38.286408215196026,3.56129381267249,1.81381569226278,,,,80.7,2286.0,5.8,718053,642136,665120,592273,570482,687263,666160,545361,592669,54.69,,,,,,,,11,1,Knuckle Curve,1,0,0,1,0,1,0,1,Standard,Standard,33.0,0.004,-0.042,,,,,0.042,,1,-1,0.603,0.397,27,26,27,27,1,0,6.0,1.0,6.0,1.0,4.07,-0.96,0.96,47.7,,,,,
CH,2023-05-23,86.6,-2.23,5.46,"Duran, Jarren",680776,657097,strikeout,foul_tip,,,,,8.0,Jarren Duran strikes out on a foul tip.,R,L,R,LAA,BOS,S,2.0,,0,2,2023,-1.56,1.12,0.0034154086163136,1.8028617189909597,,,,2,9,Top,,,,,,,8.57678325589929,-125.80224938997448,-4.834280158011645,-18.280428439013356,25.74747534207761,-19.423707275681693,3.35,1.59,,,,87.1,2466.0,6.7,718053,642136,665120,592273,570482,687263,621493,545361,592669,53.77,,0.0,0.0,1.0,0.0,0.0,,66,3,Changeup,4,0,0,4,0,4,0,4,Standard,Standard,232.0,0.001,-0.169,,,,,0.169,,4,-4,0.999,0.001,29,26,30,27,1,3,,1.0,3.0,1.0,1.93,1.56,-1.56,36.3,,,,,
CH,2023-05-23,86.1,-2.22,5.43,"Duran, Jarren",680776,657097,,swinging_strike,,,,,9.0,,R,L,R,LAA,BOS,S,,,0,1,2023,-1.55,0.9,0.4347885365439425,1.592353031909254,,,,2,9,Top,,,,,,,9.497332908456167,-124.9256934090471,-4.70352248966562,-18.175683660786817,25.076409070410183,-21.92502672920117,3.35,1.59,,,,86.5,2348.0,6.7,718053,642136,665120,592273,570482,687263,621493,545361,592669,53.82,,,,,,,,66,2,Changeup,4,0,0,4,0,4,0,4,Standard,Standard,238.0,0.0,-0.061,,,,,0.061,,4,-4,0.999,0.001,29,26,30,27,1,3,,1.0,3.0,1.0,2.19,1.55,-1.55,35.4,,,,,
CH,2023-05-23,85.9,-2.2,5.49,"Duran, Jarren",680776,657097,,called_strike,,,,,6.0,,R,L,R,LAA,BOS,S,,,0,0,2023,-1.66,0.99,0.2964222245627197,2.7901874457862297,,,,2,9,Top,,,,,,,9.31756959526908,-124.75610829424616,-2.126951219419351,-19.223990836198656,24.70978910969306,-21.629370117227037,3.58653978840006,1.68676040387111,,,,86.3,2335.0,6.6,718053,642136,665120,592273,570482,687263,621493,545361,592669,53.9,,,,,,,,66,1,Changeup,4,0,0,4,0,4,0,4,Standard,Standard,246.0,0.0,-0.045,,,,,0.045,,4,-4,0.999,0.001,29,26,30,27,1,3,,1.0,3.0,1.0,2.11,1.66,-1.66,33.1,,,,,
CH,2023-05-22,86.0,-2.27,6.43,"Duran, Jarren",680776,642545,strikeout,swinging_strike,,,,,13.0,Jarren Duran strikes out swinging.,R,L,R,LAA,BOS,S,2.0,,2,2,2023,-1.33,0.8,-1.5883406430739446,2.3463532077136247,,,807799.0,2,4,Top,,,,,,,4.298450080654797,-125.1564880483191,-5.018192435349483,-14.841381940718913,26.41007501574749,-22.937952897843147,3.35,1.58,,,,85.5,1515.0,6.1,718070,642136,665120,592273,650859,687263,666160,545361,592669,54.43,,0.0,0.0,1.0,0.0,0.0,,28,5,Changeup,1,0,0,1,0,1,0,1,Infield shade,Standard,226.0,0.024,-0.239,,,,,0.239,,1,-1,0.661,0.3389999999999999,26,26,27,27,2,1,5.0,1.0,5.0,1.0,2.29,1.33,-1.33,51.7,,,,,
CH,2023-05-22,83.7,-2.22,6.32,"Duran, Jarren",680776,642545,,swinging_strike,,,,,8.0,,R,L,R,LAA,BOS,S,,,2,1,2023,-1.15,0.84,-0.0762396368553466,2.0652608629212112,,,807799.0,2,4,Top,,,,,,,7.187790378160377,-121.58040909057476,-5.023447033410637,-12.811961476212945,23.858088847613526,-22.99257450533495,3.35,1.58,,,,83.4,1487.0,6.2,718070,642136,665120,592273,650859,687263,666160,545361,592669,54.34,,,,,,,,28,4,Changeup,1,0,0,1,0,1,0,1,Infield shade,Standard,235.0,0.007,-0.063,,,,,0.063,,1,-1,0.654,0.346,26,26,27,27,2,1,5.0,1.0,5.0,1.0,2.42,1.15,-1.15,52.7,,,,,
SL,2023-05-22,86.2,-2.38,6.47,"Duran, Jarren",680776,642545,,ball,,,,,13.0,,R,L,R,LAA,BOS,B,,,1,1,2023,0.18,0.61,-0.959060656065364,2.563590097521072,,,807799.0,2,4,Top,,,,,,,2.9964324570561103,-125.54598774318428,-4.320365565702216,1.3257273758647288,24.52414561690805,-25.0349400990295,3.5244047351064,1.67975974385999,,,,86.1,2186.0,6.1,718070,642136,665120,592273,650859,687263,666160,545361,592669,54.41,,,,,,,,28,3,Slider,1,0,0,1,0,1,0,1,Infield shade,Standard,147.0,-0.004,0.036,,,,,-0.036,,1,-1,0.658,0.3419999999999999,26,26,27,27,2,1,5.0,1.0,5.0,1.0,2.44,-0.18,0.18,52.5,,,,,
CH,2023-05-22,83.5,-2.34,6.38,"Duran, Jarren",680776,642545,,ball,,,,,11.0,,R,L,R,LAA,BOS,B,,,0,1,2023,-1.17,0.66,-1.1685943787051034,2.6520084170618543,,,807799.0,2,4,Top,,,,,,,4.981965696528735,-121.61270606995409,-3.4848672737844395,-12.603262592422164,22.473460269627395,-25.17899952446305,3.59323173086418,1.70274412866707,,,,83.5,2183.0,6.1,718070,642136,665120,592273,650859,687263,666160,545361,592669,54.36,,,,,,,,28,2,Changeup,1,0,0,1,0,1,0,1,Infield shade,Standard,200.0,-0.003,0.025,,,,,-0.025,,1,-1,0.661,0.3389999999999999,26,26,27,27,2,1,5.0,1.0,5.0,1.0,2.59,1.17,-1.17,50.9,,,,,
SL,2023-05-22,84.8,-2.17,6.5,"Duran, Jarren",680776,642545,,foul,,,,,2.0,,R,L,R,LAA,BOS,S,,,0,0,2023,0.73,0.43,0.1673782724849951,2.831523226308617,,,807799.0,2,4,Top,,,,,,,4.009538313533909,-123.55213326684688,-3.1305949667410475,6.717482687099352,23.897407701505077,-27.3410531721732,3.35,1.58,164.0,80.0,14.0,85.0,2012.0,6.3,718070,642136,665120,592273,650859,687263,666160,545361,592669,54.21,,,,,,,,28,1,Slider,1,0,0,1,0,1,0,1,Standard,Standard,135.0,0.004,-0.045,,,,,0.045,88.0,1,-1,0.657,0.3429999999999999,26,26,27,27,2,1,5.0,1.0,5.0,1.0,2.72,-0.73,0.73,53.4,,,,,
CH,2023-05-22,83.2,-2.26,6.32,"Duran, Jarren",680776,642545,strikeout,swinging_strike,,,,,11.0,Jarren Duran strikes out swinging.,R,L,R,LAA,BOS,S,2.0,,2,2,2023,-1.38,1.02,-0.8718138848107786,3.36863359400998,,,646240.0,0,2,Top,,,,,,,5.8731932096762005,-120.9187103880688,-2.191856621469238,-14.735997459538703,27.067582817900224,-22.05239538814713,3.35,1.58,,,,82.3,1476.0,6.1,718070,642136,665120,592273,650859,687263,666160,545361,592669,54.39,,0.0,0.0,1.0,0.0,0.0,,9,5,Changeup,0,0,0,0,0,0,0,0,Standard,Standard,230.0,0.03,-0.21,,,,,0.21,,0,0,0.467,0.5329999999999999,26,26,27,27,1,0,5.0,1.0,5.0,1.0,2.32,1.38,-1.38,49.4,,,,,
CH,2023-05-22,85.3,-2.2,6.36,"Duran, Jarren",680776,642545,,ball,,,,,13.0,,R,L,R,LAA,BOS,B,,,1,2,2023,-1.45,0.84,-1.3196584121515167,1.062420441381964,,,646240.0,0,2,Top,,,,,,,5.005863492061779,-123.81285793864494,-7.754276159922901,-15.906873743513795,28.327167134919133,-22.02249509335325,3.45632610057928,1.74941223671497,,,,85.1,1609.0,6.6,718070,642136,665120,592273,650859,687263,666160,545361,592669,53.9,,,,,,,,9,4,Changeup,0,0,0,0,0,0,0,0,Standard,Standard,230.0,-0.006,0.045,,,,,-0.045,,0,0,0.473,0.527,26,26,27,27,1,0,5.0,1.0,5.0,1.0,2.34,1.45,-1.45,49.2,,,,,
SL,2023-05-22,85.4,-2.15,6.64,"Duran, Jarren",680776,642545,,swinging_strike,,,,,1.0,,R,L,R,LAA,BOS,S,,,1,1,2023,0.24,0.58,-0.3421179940471492,3.0705479283660075,,,646240.0,0,2,Top,,,,,,,3.768814086539603,-124.3855877958787,-3.273035473331889,1.7214586659744189,25.538442370129236,-25.69867694066708,3.35,1.58,,,,85.3,2170.0,6.2,718070,642136,665120,592273,650859,687263,666160,545361,592669,54.28,,,,,,,,9,3,Slider,0,0,0,0,0,0,0,0,Standard,Standard,145.0,0.009,-0.059,,,,,0.059,,0,0,0.464,0.536,26,26,27,27,1,0,5.0,1.0,5.0,1.0,2.54,-0.24,0.24,56.7,,,,,
FF,2023-05-22,92.1,-1.95,6.6,"Duran, Jarren",680776,642545,,ball,,,,,13.0,,R,L,R,LAA,BOS,B,,,0,1,2023,-0.61,1.57,-1.6216667459205238,2.296432238953946,,,646240.0,0,2,Top,,,,,,,2.1538065688228785,-133.8512041819478,-8.429062040440682,-7.778453876587579,30.720581649303604,-11.62507689948195,3.52516095380575,1.81835956255902,,,,91.4,2248.0,6.1,718070,642136,665120,592273,650859,687263,666160,545361,592669,54.4,,,,,,,,9,2,4-Seam Fastball,0,0,0,0,0,0,0,0,Standard,Standard,198.0,-0.003,0.024,,,,,-0.024,,0,0,0.467,0.5329999999999999,26,26,27,27,1,0,5.0,1.0,5.0,1.0,1.13,0.61,-0.61,56.7,,,,,
SL,2023-05-22,85.1,-2.03,6.58,"Duran, Jarren",680776,642545,,foul,,,,,4.0,,R,L,R,LAA,BOS,S,,,0,0,2023,-0.06,0.73,-0.3759749562874984,2.7007208384430275,,,646240.0,0,2,Top,,,,,,,4.0042105355527475,-123.89617957780908,-4.285124651675318,-1.419873614242121,24.544176579812973,-23.966428007533576,3.35,1.58,,,,85.3,2126.0,6.3,718070,642136,665120,592273,650859,687263,666160,545361,592669,54.15,,,,,,,,9,1,Slider,0,0,0,0,0,0,0,0,Standard,Standard,186.0,0.005,-0.036,,,,,0.036,,0,0,0.462,0.538,26,26,27,27,1,0,5.0,1.0,5.0,1.0,2.41,0.06,-0.06,57.9,,,,,
CH,2023-05-22,82.3,0.17,6.58,"Duran, Jarren",680776,606965,field_out,hit_into_play,,,,,4.0,"Jarren Duran grounds out, third baseman Luis Rengifo to first baseman Jared Walsh.",R,L,R,LAA,BOS,X,5.0,ground_ball,0,1,2023,-1.43,0.62,-0.7923777271389059,2.1654530486923105,,,,1,7,Top,119.33,183.7,,,,,0.5916704823053445,-119.82700099270198,-4.648576689349957,-13.803992200467134,25.439540245165997,-25.505823580642044,3.35,1.58,52.0,75.0,2.0,82.5,1696.0,6.6,718070,642136,665120,592273,650859,687263,666160,545361,592669,53.89,0.189,0.178,0.0,1.0,0.0,0.0,2.0,46,2,Changeup,1,1,1,1,1,1,1,1,Infield shade,Standard,229.0,0.025,-0.227,,,,0.193,0.227,88.0,0,0,0.543,0.4569999999999999,32,26,33,27,1,2,1.0,1.0,2.0,1.0,2.77,1.43,-1.43,44.8,,,,,
FF,2023-05-22,93.6,0.03,6.56,"Duran, Jarren",680776,606965,,called_strike,,,,,5.0,,R,L,R,LAA,BOS,S,,,0,0,2023,-0.66,1.59,-0.0064043262409717,2.321871340788012,,,,1,7,Top,,,,,,,1.3833957310598852,-136.0180998078172,-8.671002821742421,-8.469505823416014,33.191474239367274,-10.766492435200032,3.27124805595886,1.65607595216488,,,,93.8,2312.0,6.7,718070,642136,665120,592273,650859,687263,666160,545361,592669,53.77,,,,,,,,46,1,4-Seam Fastball,1,1,1,1,1,1,1,1,Infield shade,Standard,207.0,0.004,-0.041,,,,,0.041,,0,0,0.539,0.4609999999999999,32,26,33,27,1,2,1.0,1.0,2.0,1.0,1.05,0.66,-0.66,42.5,,,,,
CH,2023-05-21,82.9,-1.54,6.55,"Duran, Jarren",680776,608379,field_out,hit_into_play,,,,,5.0,Jarren Duran flies out to right fielder Fernando Tatis Jr.,R,L,R,SD,BOS,X,9.0,fly_ball,1,0,2023,-1.45,0.63,-0.1687416945814028,2.722028778195844,807799.0,,,2,4,Top,192.18,89.22,,,,,5.987069449812713,-120.54998860894956,-3.450929235732796,-15.341729695369102,25.615839586754927,-25.519158765044217,3.33,1.6,316.0,88.2,34.0,82.7,1591.0,6.4,718079,664954,630105,596059,673490,593428,665742,663757,665487,54.09,0.024,0.029,0.0,1.0,0.0,0.0,3.0,30,2,Changeup,6,0,0,6,0,6,0,6,Strategic,Standard,245.0,0.012,-0.321,,,,0.053,0.321,88.2,6,-6,0.956,0.044,31,26,32,27,2,1,6.0,1.0,6.0,1.0,2.71,1.45,-1.45,56.3,,,,,
CU,2023-05-21,74.5,-1.72,6.41,"Duran, Jarren",680776,608379,,ball,,,,,11.0,,R,L,R,SD,BOS,B,,,0,0,2023,0.71,-1.06,-0.8690494991476861,2.4957958023903117,807799.0,,,2,4,Top,,,,,,,0.5083017505504651,-108.44912076190856,1.1090455027268546,5.4825530581253785,20.462553511245343,-40.9317964557912,3.3862496168977,1.54649842704297,,,,74.7,1964.0,6.6,718079,664954,630105,596059,673490,593428,665742,663757,665487,53.89,,,,,,,,30,1,Curveball,6,0,0,6,0,6,0,6,Strategic,Standard,31.0,-0.001,0.028,,,,,-0.028,,6,-6,0.957,0.043,31,26,32,27,2,1,6.0,1.0,6.0,1.0,5.19,-0.71,0.71,53.4,,,,,
FF,2023-05-21,91.7,-1.64,6.54,"Duran, Jarren",680776,608379,field_out,hit_into_play,,,,,8.0,Jarren Duran lines out to left fielder Juan Soto.,R,L,R,SD,BOS,X,7.0,line_drive,1,2,2023,-0.56,1.46,0.1304544898878579,1.6165057813282453,,,,0,2,Top,68.82,112.73,,,,,5.6757740011181,-133.1276781638838,-9.728029021149265,-7.890725658121947,27.703105345064717,-12.937437446072332,3.33,1.6,259.0,98.9,14.0,91.7,2087.0,6.4,718079,664954,630105,596059,673490,593428,665742,663757,665487,54.15,0.858,0.841,0.0,1.0,0.0,0.0,4.0,13,4,4-Seam Fastball,4,0,0,4,0,4,0,4,Infield shade,Standard,211.0,0.012,-0.193,,,,1.065,0.193,98.9,4,-4,0.847,0.153,31,26,32,27,1,0,6.0,1.0,6.0,1.0,1.26,0.56,-0.56,52.0,,,,,
CH,2023-05-21,80.5,-1.56,6.67,"Duran, Jarren",680776,608379,,called_strike,,,,,3.0,,R,L,R,SD,BOS,S,,,1,1,2023,-1.07,0.7,0.4219355954472923,3.477562406045868,,,,0,2,Top,,,,,,,6.418167517555808,-117.16602516466526,-1.7593855257524094,-11.08401004242104,21.433741969414452,-25.567958680028656,3.55347544398926,1.52087180513858,,,,80.5,1561.0,6.2,718079,664954,630105,596059,673490,593428,665742,663757,665487,54.32,,,,,,,,13,3,Changeup,4,0,0,4,0,4,0,4,Standard,Standard,244.0,0.004,-0.061,,,,,0.061,,4,-4,0.843,0.157,31,26,32,27,1,0,6.0,1.0,6.0,1.0,2.8,1.07,-1.07,56.6,,,,,
FF,2023-05-21,91.4,-1.72,6.44,"Duran, Jarren",680776,608379,,ball,,,,,12.0,,R,L,R,SD,BOS,B,,,0,1,2023,-0.74,1.34,0.4825041301932157,3.9063173681228696,,,,0,2,Top,,,,,,,7.201226459084587,-132.99067849420462,-3.419017841336659,-10.32343617333524,27.06484070359368,-15.749833620800246,3.44155838019396,1.57401212705816,,,,92.1,2033.0,6.6,718079,664954,630105,596059,673490,593428,665742,663757,665487,53.89,,,,,,,,13,2,4-Seam Fastball,4,0,0,4,0,4,0,4,Standard,Standard,215.0,-0.002,0.031,,,,,-0.031,,4,-4,0.845,0.155,31,26,32,27,1,0,6.0,1.0,6.0,1.0,1.38,0.74,-0.74,49.2,,,,,
FF,2023-05-21,88.7,-1.45,6.65,"Duran, Jarren",680776,608379,,called_strike,,,,,7.0,,R,L,R,SD,BOS,S,,,0,0,2023,-0.69,1.45,-0.581757557600644,1.888633809206757,,,,0,2,Top,,,,,,,3.5607954783945512,-128.89399575103863,-8.61492690061881,-8.434203165294624,25.9664246077968,-14.399390237157997,3.46921715971051,1.62904654159829,,,,88.8,2008.0,6.3,718079,664954,630105,596059,673490,593428,665742,663757,665487,54.16,,,,,,,,13,1,4-Seam Fastball,4,0,0,4,0,4,0,4,Strategic,Standard,208.0,0.003,-0.042,,,,,0.042,,4,-4,0.842,0.158,31,26,32,27,1,0,6.0,1.0,6.0,1.0,1.45,0.69,-0.69,53.3,,,,,
SI,2023-05-21,97.2,2.77,5.62,"Duran, Jarren",680776,623352,strikeout,swinging_strike,,,,,12.0,Jarren Duran strikes out swinging.,R,L,L,SD,BOS,S,2.0,,2,2,2023,0.79,1.47,0.9456657187123066,3.926009127007789,,,,1,9,Top,,,,,,,-6.778522174676437,-141.26788660757458,-2.333328209745627,12.253022927637758,35.51197700945995,-12.23538648282461,3.33,1.6,,,,97.6,2221.0,6.8,718079,664954,630105,596059,673490,593428,640492,663757,665487,53.66,,0.0,0.0,1.0,0.0,0.0,,66,7,Sinker,7,0,0,7,0,7,0,7,Strategic,Standard,151.0,0.0,-0.234,,,,,0.234,,7,-7,0.999,0.001,29,26,29,27,1,3,5.0,1.0,2.0,1.0,0.97,0.79,0.79,37.5,,,,,
SI,2023-05-21,97.5,2.63,5.67,"Duran, Jarren",680776,623352,,foul,,,,,12.0,,R,L,L,SD,BOS,S,,,2,2,2023,0.69,1.64,0.093544523319078,3.796816609939637,,,,1,9,Top,,,,,,,-8.434273739251646,-141.67930575918786,-3.2795199912655817,11.205288868299323,33.35244041269833,-9.517084612039175,3.33061584592991,1.60117249692699,,,,97.7,2292.0,6.6,718079,664954,630105,596059,673490,593428,640492,663757,665487,53.94,,,,,,,,66,6,Sinker,7,0,0,7,0,7,0,7,Strategic,Standard,152.0,0.0,0.0,,,,,0.0,,7,-7,0.999,0.001,29,26,29,27,1,3,5.0,1.0,2.0,1.0,0.77,0.69,0.69,36.7,,,,,
SL,2023-05-21,86.2,2.96,5.23,"Duran, Jarren",680776,623352,,ball,,,,,13.0,,R,L,L,SD,BOS,B,,,1,2,2023,-0.27,-0.03,-1.7024930395385096,1.608872235577553,,,,1,9,Top,,,,,,,-10.611199294187193,-125.13997695604264,-2.322227965561408,-0.7662820735739293,24.631448540388305,-32.186940932176135,3.3862496168977,1.54649842704297,,,,87.0,2513.0,6.9,718079,664954,630105,596059,673490,593428,640492,663757,665487,53.64,,,,,,,,66,5,Slider,7,0,0,7,0,7,0,7,Infield shade,Standard,337.0,0.0,0.045,,,,,-0.045,,7,-7,0.999,0.001,29,26,29,27,1,3,5.0,1.0,2.0,1.0,3.1,-0.27,-0.27,29.0,,,,,
SI,2023-05-21,97.1,2.73,5.56,"Duran, Jarren",680776,623352,,foul,,,,,4.0,,R,L,L,SD,BOS,S,,,1,2,2023,0.66,1.58,-0.3271551913212254,2.7279500346923395,,,,1,9,Top,,,,,,,-9.78224254128752,-140.91487408247548,-5.65938927632658,11.169884208345474,34.27220598987876,-10.026168007834638,3.33,1.6,320.0,95.6,27.0,97.5,2139.0,6.8,718079,664954,630105,596059,673490,593428,640492,663757,665487,53.67,,,,,,,,66,4,Sinker,7,0,0,7,0,7,0,7,Infield shade,Standard,149.0,0.0,0.0,,,,,0.0,95.6,7,-7,0.999,0.001,29,26,29,27,1,3,5.0,1.0,2.0,1.0,0.87,0.66,0.66,32.3,,,,,
SI,2023-05-21,97.3,2.78,5.54,"Duran, Jarren",680776,623352,,swinging_strike,,,,,11.0,,R,L,L,SD,BOS,S,,,1,1,2023,0.66,1.38,-0.1071786671661254,3.883250431104085,,,,1,9,Top,,,,,,,-9.371339202567237,-141.3930547191419,-2.0945362630160993,11.0563105914983,32.35456300877408,-13.40794270532309,3.33,1.6,,,,98.2,2143.0,6.9,718079,664954,630105,596059,673490,593428,640492,663757,665487,53.61,,,,,,,,66,3,Sinker,7,0,0,7,0,7,0,7,Infield shade,Standard,148.0,0.0,-0.068,,,,,0.068,,7,-7,0.999,0.001,29,26,29,27,1,3,5.0,1.0,2.0,1.0,1.04,0.66,0.66,33.3,,,,,
SI,2023-05-21,97.8,2.78,5.66,"Duran, Jarren",680776,623352,,ball,,,,,11.0,,R,L,L,SD,BOS,B,,,0,1,2023,0.71,1.52,-0.8349678492597952,3.3884016405950748,,,,1,9,Top,,,,,,,-11.461807164953187,-141.88989118854252,-4.10374240647692,12.289174103732352,34.10952060793374,-10.95007076189723,3.41390253639162,1.57401212705816,,,,98.2,2324.0,6.8,718079,664954,630105,596059,673490,593428,640492,663757,665487,53.69,,,,,,,,66,2,Sinker,7,0,0,7,0,7,0,7,Infield shade,Standard,151.0,0.0,0.03,,,,,-0.03,,7,-7,0.999,0.001,29,26,29,27,1,3,5.0,1.0,2.0,1.0,0.89,0.71,0.71,36.0,,,,,
SL,2023-05-21,86.2,3.25,5.2,"Duran, Jarren",680776,623352,,swinging_strike,,,,,12.0,,R,L,L,SD,BOS,S,,,0,0,2023,-0.35,0.03,0.8686895548076927,3.1249537308505033,,,,1,9,Top,,,,,,,-4.979932738257339,-125.4807729346414,1.2222490683430085,-2.730894950025811,24.37339402229051,-32.32714477433742,3.33,1.6,,,,86.8,2435.0,6.5,718079,664954,630105,596059,673490,593428,640492,663757,665487,53.96,,,,,,,,66,1,Slider,7,0,0,7,0,7,0,7,Infield shade,Standard,292.0,0.0,-0.041,,,,,0.041,,7,-7,0.999,0.001,29,26,29,27,1,3,5.0,1.0,2.0,1.0,3.03,-0.35,-0.35,30.7,,,,,
ST,2023-05-21,77.7,2.78,4.62,"Duran, Jarren",680776,676680,strikeout,swinging_strike,,,,,7.0,Jarren Duran strikes out swinging.,R,L,L,SD,BOS,S,2.0,,0,2,2023,-1.77,0.71,-0.5486218711604203,1.9130886685654755,,,,0,7,Top,,,,,,,-3.8536624150719176,-113.08976476960108,-0.1432896914202909,-14.39906508185468,22.05326944437204,-26.349608780693913,3.33,1.6,,,,77.2,2658.0,6.1,718079,664954,630105,596059,673490,593428,665742,663757,665487,54.45,,0.0,0.0,1.0,0.0,0.0,,51,3,Sweeper,7,0,0,7,0,7,0,7,Strategic,Standard,280.0,0.002,-0.169,,,,,0.169,,7,-7,0.992,0.008,27,26,27,27,1,2,2.0,1.0,3.0,1.0,3.09,-1.77,-1.77,12.9,,,,,
ST,2023-05-21,74.6,2.95,4.59,"Duran, Jarren",680776,676680,,called_strike,,,,,8.0,,R,L,L,SD,BOS,S,,,0,1,2023,-1.92,0.54,-0.2202381937671054,1.6060463614316671,,,,0,7,Top,,,,,,,-3.111677735579475,-108.54321767107594,0.1911671596622091,-14.474286329578424,21.03493578025699,-28.23340880233766,3.33095250524286,1.54649842704297,,,,73.8,2667.0,5.9,718079,664954,630105,596059,673490,593428,665742,663757,665487,54.56,,,,,,,,51,2,Sweeper,7,0,0,7,0,7,0,7,Infield shade,Standard,277.0,0.001,-0.054,,,,,0.054,,7,-7,0.991,0.009,27,26,27,27,1,2,2.0,1.0,3.0,1.0,3.6,-1.92,-1.92,12.6,,,,,
ST,2023-05-21,76.1,3.07,4.54,"Duran, Jarren",680776,676680,,called_strike,,,,,5.0,,R,L,L,SD,BOS,S,,,0,0,2023,-1.83,0.49,-0.2481250799322454,2.3435765165421394,,,,0,7,Top,,,,,,,-3.655421790325278,-110.68671442217246,1.6178079354593469,-14.238725452805465,21.14645021558164,-28.74552429827551,3.41390253639162,1.57401212705816,,,,75.5,2553.0,6.0,718079,664954,630105,596059,673490,593428,665742,663757,665487,54.49,,,,,,,,51,1,Sweeper,7,0,0,7,0,7,0,7,Standard,Standard,278.0,0.0,-0.042,,,,,0.042,,7,-7,0.991,0.009,27,26,27,27,1,2,2.0,1.0,3.0,1.0,3.48,-1.83,-1.83,11.8,,,,,
CH,2023-05-20,86.0,-1.53,6.12,"Duran, Jarren",680776,605397,field_out,hit_into_play,,,,,8.0,Jarren Duran flies out to center fielder Jose Azocar.,R,L,R,SD,BOS,X,8.0,fly_ball,0,0,2023,-1.03,0.26,0.163645229440259,2.112492193151034,,,,1,5,Top,108.49,72.92,,,,,6.083149215431488,-125.03292964955624,-3.769441340337926,-12.056930660698605,25.40689719622025,-28.878340641970087,3.33,1.6,316.0,93.7,35.0,85.8,2193.0,6.2,718092,543592,641525,630105,673490,593428,665742,640492,665487,54.28,0.082,0.142,0.0,1.0,0.0,0.0,3.0,36,1,Changeup,1,4,4,1,4,1,4,1,Standard,Standard,229.0,0.009,-0.267,,,,0.279,0.267,93.7,-3,3,0.176,0.8240000000000001,30,26,31,27,3,2,7.0,1.0,6.0,1.0,2.83,1.03,-1.03,31.8,,,,,
FF,2023-05-20,92.1,-1.36,6.15,"Duran, Jarren",680776,605397,field_out,hit_into_play,,,,,14.0,"Jarren Duran grounds out, second baseman Jake Cronenworth to first baseman Brandon Dixon.",R,L,R,SD,BOS,X,4.0,ground_ball,3,1,2023,-0.22,1.06,0.97100243593682,2.312108930319645,,,,1,3,Top,159.7,156.27,,,,,6.42276015815379,-133.94729649383316,-6.2446049486726745,-3.958184669191678,27.08172968707299,-18.31000340711715,3.33,1.6,106.0,90.4,7.0,92.7,2494.0,6.5,718092,543592,641525,630105,673490,593428,665742,640492,665487,53.98,0.518,0.5,0.0,1.0,0.0,0.0,4.0,21,5,4-Seam Fastball,1,3,3,1,3,1,3,1,Standard,Standard,216.0,0.021,-0.432,,,,0.605,0.432,90.4,-2,2,0.298,0.702,30,26,31,27,2,1,7.0,1.0,6.0,1.0,1.62,0.22,-0.22,33.7,,,,,
CH,2023-05-20,87.0,-1.62,6.07,"Duran, Jarren",680776,605397,,ball,,,,,13.0,,R,L,R,SD,BOS,B,,,2,1,2023,-1.15,0.34,-2.043925878200228,1.9113027094991135,,,,1,3,Top,,,,,,,1.3383723676165684,-126.67672091703234,-4.484818146592488,-12.590573849729216,26.76990202300814,-27.776193747803138,3.30467571420531,1.5204787036716,,,,86.9,2175.0,6.3,718092,543592,641525,630105,673490,593428,665742,640492,665487,54.22,,,,,,,,21,4,Changeup,1,3,3,1,3,1,3,1,Standard,Standard,225.0,-0.006,0.122,,,,,-0.122,,-2,2,0.304,0.696,30,26,31,27,2,1,7.0,1.0,6.0,1.0,2.67,1.15,-1.15,36.7,,,,,
FC,2023-05-20,88.2,-1.5,6.21,"Duran, Jarren",680776,605397,,called_strike,,,,,5.0,,R,L,R,SD,BOS,S,,,2,0,2023,0.32,0.44,-0.1781663918752864,2.569517270981795,,,,1,3,Top,,,,,,,2.563800781316268,-128.48480798065725,-3.763423086594457,3.0620661908786255,24.12042608124788,-26.70037216809047,3.33174955153244,1.54767882937614,,,,88.6,2656.0,6.3,718092,543592,641525,630105,673490,593428,665742,640492,665487,54.2,,,,,,,,21,3,Cutter,1,3,3,1,3,1,3,1,Standard,Standard,174.0,0.004,-0.062,,,,,0.062,,-2,2,0.3,0.7,30,26,31,27,2,1,7.0,1.0,6.0,1.0,2.46,-0.32,0.32,38.4,,,,,
FF,2023-05-20,92.7,-1.49,6.13,"Duran, Jarren",680776,605397,,ball,,,,,11.0,,R,L,R,SD,BOS,B,,,1,0,2023,-0.19,1.46,-0.9239457876025468,2.9634526809451245,,,,1,3,Top,,,,,,,1.8670330409031684,-134.93443083043147,-5.529184793869591,-2.6796989391018227,28.280939912533757,-13.315626837506963,3.33174955153244,1.54767882937614,,,,93.2,2641.0,6.5,718092,543592,641525,630105,673490,593428,665742,640492,665487,54.04,,,,,,,,21,2,4-Seam Fastball,1,3,3,1,3,1,3,1,Standard,Standard,218.0,-0.004,0.066,,,,,-0.066,,-2,2,0.304,0.696,30,26,31,27,2,1,7.0,1.0,6.0,1.0,1.18,0.19,-0.19,32.0,,,,,
FF,2023-05-20,91.7,-1.39,6.17,"Duran, Jarren",680776,605397,,ball,,,,,13.0,,R,L,R,SD,BOS,B,,,0,0,2023,-0.63,1.03,-0.6290156226402229,1.1850112298741278,,,,1,3,Top,,,,,,,3.293053958171639,-133.25677730518927,-9.004388064357556,-8.158095511065108,28.257495597290315,-18.1375944859861,3.35882070111101,1.57487677248329,,,,92.0,2699.0,6.5,718092,543592,641525,630105,673490,593428,665742,640492,665487,53.97,,,,,,,,21,1,4-Seam Fastball,1,3,3,1,3,1,3,1,Standard,Standard,215.0,-0.002,0.039,,,,,-0.039,,-2,2,0.306,0.694,30,26,31,27,2,1,7.0,1.0,6.0,1.0,1.68,0.63,-0.63,34.3,,,,,
FF,2023-05-20,91.9,-1.43,6.27,"Duran, Jarren",680776,605397,field_out,hit_into_play,,,,,6.0,"Jarren Duran grounds out, second baseman Jake Cronenworth to first baseman Brandon Dixon.",R,L,R,SD,BOS,X,4.0,ground_ball,1,0,2023,-0.32,0.81,0.3323531255929299,2.2361302438223305,,,,0,2,Top,151.69,152.47,,,,,5.167173782019831,-133.60185736206648,-6.107940244273774,-4.934474173517654,30.078423786079014,-21.34700730057033,3.33,1.6,3.0,64.3,-37.0,91.8,2497.0,6.4,718092,543592,641525,630105,673490,593428,665742,640492,665487,54.1,0.101,0.092,0.0,1.0,0.0,0.0,2.0,8,2,4-Seam Fastball,0,0,0,0,0,0,0,0,Standard,Standard,216.0,0.027,-0.306,,,,0.105,0.306,88.0,0,0,0.496,0.504,30,26,31,27,1,0,7.0,1.0,6.0,1.0,1.9,0.32,-0.32,34.2,,,,,
CU,2023-05-20,81.2,-1.32,6.38,"Duran, Jarren",680776,605397,,ball,,,,,14.0,,R,L,R,SD,BOS,B,,,0,0,2023,0.87,-1.28,1.3196370490523512,0.9647551039705108,,,,0,2,Top,,,,,,,4.233756806419735,-118.11054569793951,-2.921277150306926,7.08208479784389,26.48702634843417,-43.58533300126233,3.30467571420531,1.5204787036716,,,,80.3,2766.0,6.1,718092,543592,641525,630105,673490,593428,665742,640492,665487,54.37,,,,,,,,8,1,Curveball,0,0,0,0,0,0,0,0,Standard,Standard,39.0,-0.004,0.04,,,,,-0.04,,0,0,0.5,0.5,30,26,31,27,1,0,7.0,1.0,6.0,1.0,4.79,-0.87,0.87,39.8,,,,,
SI,2023-05-20,88.2,3.89,3.07,"Duran, Jarren",680776,657612,field_out,hit_into_play,,,,,5.0,"Jarren Duran grounds out, shortstop Xander Bogaerts to first baseman Brandon Dixon.",R,L,L,SD,BOS,X,6.0,ground_ball,1,0,2023,1.23,-0.39,0.0998495194095643,2.457193622604233,,,,0,8,Top,113.62,145.19,,,,,-11.95277046036116,-127.70696298498248,5.675519476652193,16.10935982822359,29.100478081618053,-38.12705789250725,3.33,1.6,11.0,100.8,-11.0,88.9,2069.0,7.2,718092,543592,641525,630105,673490,593428,665742,640492,665487,53.27,0.285,0.26,0.0,1.0,0.0,0.0,2.0,58,2,Sinker,2,4,4,2,4,2,4,2,Standard,Standard,98.0,0.014,-0.306,,,,0.31,0.306,100.8,-2,2,0.136,0.864,33,26,33,27,1,3,3.0,1.0,3.0,1.0,3.38,1.23,1.23,-16.5,,,,,
FF,2023-05-20,90.9,3.92,3.03,"Duran, Jarren",680776,657612,,ball,,,,,14.0,,R,L,L,SD,BOS,B,,,0,0,2023,1.61,0.34,1.2088856060630586,1.537625086009076,,,,0,8,Top,,,,,,,-10.429498451234622,-131.75041049317727,1.6469488741059848,21.10814382228643,33.28319166969558,-28.977218310043273,3.30467571420531,1.46607194427419,,,,91.6,2297.0,7.4,718092,543592,641525,630105,673490,593428,665742,640492,665487,53.11,,,,,,,,58,1,4-Seam Fastball,2,4,4,2,4,2,4,2,Standard,Standard,93.0,-0.002,0.04,,,,,-0.04,,-2,2,0.138,0.862,33,26,33,27,1,3,3.0,1.0,3.0,1.0,2.48,1.61,1.61,-17.6,,,,,
FF,2023-05-19,93.6,1.99,6.65,"Duran, Jarren",680776,605483,strikeout,swinging_strike,,,,,12.0,Jarren Duran strikes out swinging.,R,L,L,SD,BOS,S,2.0,,2,2,2023,0.48,1.61,0.7084626710117503,3.609849484053091,,,,0,4,Top,,,,,,,-4.41429104139574,-136.2393808255036,-5.73361560048228,6.969541377253621,30.410346302359912,-11.012685543164316,3.37,1.61,,,,94.5,2400.0,6.8,718107,543592,641525,630105,673490,593428,665742,641553,665487,53.66,,0.0,0.0,1.0,0.0,0.0,,29,5,4-Seam Fastball,1,6,6,1,6,1,6,1,Infield shade,Standard,161.0,0.005,-0.239,,,,,0.239,,-5,5,0.08,0.92,30,26,31,27,2,1,7.0,2.0,6.0,1.0,0.99,0.48,0.48,63.1,,,,,
SL,2023-05-19,86.1,2.03,6.48,"Duran, Jarren",680776,605483,,ball,,,,,13.0,,R,L,L,SD,BOS,B,,,1,2,2023,-0.29,0.67,-1.8417607849356432,0.1081043078724139,,,,0,4,Top,,,,,,,-8.687175254141057,-124.79742451020527,-10.338513785348944,-1.4302505644375427,23.454308821504053,-23.285603731056092,3.32128761972827,1.5615579713714,,,,87.2,2268.0,7.0,718107,543592,641525,630105,673490,593428,665742,641553,665487,53.47,,,,,,,,29,4,Slider,1,6,6,1,6,1,6,1,Infield shade,Standard,167.0,-0.001,0.046,,,,,-0.046,,-5,5,0.081,0.919,30,26,31,27,2,1,7.0,2.0,6.0,1.0,2.41,-0.29,-0.29,58.6,,,,,
FF,2023-05-19,91.9,1.97,6.57,"Duran, Jarren",680776,605483,,called_strike,,,,,7.0,,R,L,L,SD,BOS,S,,,1,1,2023,0.41,1.71,-0.7606693405766668,1.93156840792091,,,,0,4,Top,,,,,,,-7.8894288832950945,-133.38325987874015,-9.711700117662426,6.584141579450297,28.1434682979413,-9.771874920736384,3.39368673905729,1.60993673072971,,,,92.9,2387.0,7.0,718107,543592,641525,630105,673490,593428,665742,641553,665487,53.51,,,,,,,,29,3,4-Seam Fastball,1,6,6,1,6,1,6,1,Standard,Standard,156.0,0.002,-0.061,,,,,0.061,,-5,5,0.079,0.921,30,26,31,27,2,1,7.0,2.0,6.0,1.0,1.0,0.41,0.41,57.4,,,,,
FF,2023-05-19,93.1,2.09,6.55,"Duran, Jarren",680776,605483,,called_strike,,,,,4.0,,R,L,L,SD,BOS,S,,,1,0,2023,0.5,1.68,-0.3827424916772047,2.205190272447726,,,,0,4,Top,,,,,,,-7.528662731487103,-135.17381029517452,-9.153519694597856,7.765704382362329,29.197216730718207,-9.725641705828467,3.39368673905729,1.5615579713714,,,,94.2,2382.0,7.1,718107,543592,641525,630105,673490,593428,665742,641553,665487,53.45,,,,,,,,29,2,4-Seam Fastball,1,6,6,1,6,1,6,1,Standard,Standard,157.0,0.001,-0.052,,,,,0.052,,-5,5,0.078,0.922,30,26,31,27,2,1,7.0,2.0,6.0,1.0,0.96,0.5,0.5,58.7,,,,,
FF,2023-05-19,92.1,1.93,6.64,"Duran, Jarren",680776,605483,,ball,,,,,11.0,,R,L,L,SD,BOS,B,,,0,0,2023,0.27,1.77,-1.317805222006043,2.936881863367285,,,,0,4,Top,,,,,,,-8.912163239618474,-133.74940553972115,-7.473945610193615,5.1582231919407,29.05171766450333,-9.421130993667337,3.44194808835593,1.5615579713714,,,,93.0,2345.0,7.0,718107,543592,641525,630105,673490,593428,665742,641553,665487,53.54,,,,,,,,29,1,4-Seam Fastball,1,6,6,1,6,1,6,1,Standard,Standard,160.0,-0.001,0.04,,,,,-0.04,,-5,5,0.079,0.921,30,26,31,27,2,1,7.0,2.0,6.0,1.0,0.93,0.27,0.27,65.2,,,,,
SL,2023-05-19,88.2,2.05,6.72,"Duran, Jarren",680776,605483,field_out,hit_into_play,,,,,9.0,Jarren Duran lines out to center fielder Adam Engel.,R,L,L,SD,BOS,X,8.0,line_drive,3,2,2023,-0.36,0.52,0.3725733726418682,1.947858840499212,,,807799.0,2,2,Top,121.54,82.94,,,,,-3.3537053836682444,-128.3071772372732,-6.642798587818809,-3.3600332354558975,25.80659194791497,-25.27171239339544,3.37,1.61,289.0,81.5,29.0,89.0,2327.0,6.7,718107,543592,641525,630105,673490,593428,665742,641553,665487,53.77,0.076,0.078,0.0,1.0,0.0,0.0,3.0,13,7,Slider,0,1,1,0,1,0,1,0,Infield shade,Standard,189.0,0.024,-0.305,,,,0.122,0.305,88.0,-1,1,0.419,0.581,30,26,31,27,1,0,7.0,2.0,6.0,1.0,2.4,-0.36,-0.36,62.3,,,,,
FF,2023-05-19,95.7,2.05,6.61,"Duran, Jarren",680776,605483,,foul,,,,,4.0,,R,L,L,SD,BOS,S,,,3,2,2023,0.47,1.71,-0.4242359627520898,2.783208585656107,,,807799.0,2,2,Top,,,,,,,-7.634354200114566,-138.8532391402211,-8.324742742620293,7.892378409569343,33.08074939875695,-8.348654247284031,3.37,1.61,219.0,76.5,24.0,96.0,2432.0,6.7,718107,543592,641525,630105,673490,593428,665742,641553,665487,53.76,,,,,,,,13,6,4-Seam Fastball,0,1,1,0,1,0,1,0,Infield shade,Standard,155.0,0.0,0.0,,,,,0.0,88.0,-1,1,0.419,0.581,30,26,31,27,1,0,7.0,2.0,6.0,1.0,0.81,0.47,0.47,56.5,,,,,
FF,2023-05-19,94.3,1.97,6.59,"Duran, Jarren",680776,605483,,foul,,,,,8.0,,R,L,L,SD,BOS,S,,,3,1,2023,0.66,1.53,-0.2388716338287199,1.924453567319648,,,807799.0,2,2,Top,,,,,,,-7.284296483889187,-136.8731571921053,-9.901421061686388,9.95981834525457,30.789893231771725,-10.83591976282614,3.37,1.61,1.0,61.4,-69.0,95.1,2424.0,6.9,718107,543592,641525,630105,673490,593428,665742,641553,665487,53.56,,,,,,,,13,5,4-Seam Fastball,0,1,1,0,1,0,1,0,Standard,Standard,158.0,0.005,-0.094,,,,,0.094,88.0,-1,1,0.414,0.5860000000000001,30,26,31,27,1,0,7.0,2.0,6.0,1.0,1.05,0.66,0.66,60.2,,,,,
FF,2023-05-19,94.7,1.92,6.65,"Duran, Jarren",680776,605483,,ball,,,,,11.0,,R,L,L,SD,BOS,B,,,2,1,2023,0.49,1.54,-1.1117172275561598,3.4160360535153003,,,807799.0,2,2,Top,,,,,,,-9.090500664348973,-137.56007470735514,-6.256223507669188,8.288164693169266,30.44170409536861,-11.326540347448164,3.36978391546019,1.58602534856122,,,,95.5,2391.0,6.8,718107,543592,641525,630105,673490,593428,665742,641553,665487,53.67,,,,,,,,13,4,4-Seam Fastball,0,1,1,0,1,0,1,0,Standard,Standard,159.0,-0.006,0.097,,,,,-0.097,,-1,1,0.42,0.5800000000000001,30,26,31,27,1,0,7.0,2.0,6.0,1.0,1.01,0.49,0.49,60.3,,,,,
SL,2023-05-19,87.6,1.97,6.58,"Duran, Jarren",680776,605483,,blocked_ball,,,,,13.0,,R,L,L,SD,BOS,B,,,1,1,2023,-0.28,0.76,-0.9507616248152072,0.0521327571457488,,,807799.0,2,2,Top,,,,,,,-6.534978334290885,-127.0272016046713,-11.265363340756824,-1.7389766379256504,24.70728232558306,-21.822994636017945,3.34565167657063,1.5618363557039,,,,88.3,2347.0,6.8,718107,543592,641525,630105,673490,593428,665742,641553,665487,53.67,,,,,,,,13,3,Slider,0,1,1,0,1,0,1,0,Standard,Standard,167.0,-0.003,0.036,,,,,-0.036,,-1,1,0.423,0.577,30,26,31,27,1,0,7.0,2.0,6.0,1.0,2.21,-0.28,-0.28,57.8,,,,,
FF,2023-05-19,93.6,2.02,6.62,"Duran, Jarren",680776,605483,,ball,,,,,13.0,,R,L,L,SD,BOS,B,,,0,1,2023,0.23,1.69,-0.811586376150728,1.5979461823355283,,,807799.0,2,2,Top,,,,,,,-7.8578184181124495,-135.66222549817718,-10.950201771369285,4.650013260834454,31.85703763507584,-9.005622473416597,3.4660751704594,1.70716066291321,,,,93.9,2401.0,6.8,718107,543592,641525,630105,673490,593428,665742,641553,665487,53.68,,,,,,,,13,2,4-Seam Fastball,0,1,1,0,1,0,1,0,Standard,Standard,153.0,-0.002,0.025,,,,,-0.025,,-1,1,0.425,0.575,30,26,31,27,1,0,7.0,2.0,6.0,1.0,0.95,0.23,0.23,58.1,,,,,
FF,2023-05-19,94.7,1.97,6.69,"Duran, Jarren",680776,605483,,foul,,,,,2.0,,R,L,L,SD,BOS,S,,,0,0,2023,0.44,1.49,0.1675446883842997,3.35115920744114,,,807799.0,2,2,Top,,,,,,,-5.706450477697834,-137.65043023005236,-6.354103884493364,6.859978163232881,31.45911381177212,-12.05987244941363,3.37,1.61,,,,95.0,2332.0,6.6,718107,543592,641525,630105,673490,593428,665742,641553,665487,53.92,,,,,,,,13,1,4-Seam Fastball,0,1,1,0,1,0,1,0,Standard,Standard,154.0,0.003,-0.045,,,,,0.045,,-1,1,0.422,0.5780000000000001,30,26,31,27,1,0,7.0,2.0,6.0,1.0,1.07,0.44,0.44,58.8,,,,,
CH,2023-05-19,85.3,-1.04,5.93,"Duran, Jarren",680776,641703,field_error,hit_into_play,,,,,9.0,Jarren Duran reaches on a fielding error by first baseman Brandon Dixon.,R,L,R,SD,BOS,X,3.0,line_drive,1,0,2023,-1.18,0.53,0.6483642961730629,2.147870386587724,,,,2,6,Top,158.0,170.0,,,,,6.365408335543718,-124.1694664969221,-3.713500497475683,-13.453098542905062,23.58399292629159,-26.116801890318044,3.37,1.61,157.0,98.9,8.0,85.9,1823.0,6.5,718107,543592,641525,630105,673490,593428,665742,641553,665487,53.96,0.653,0.59,0.9,1.0,0.0,0.0,4.0,47,2,Changeup,1,6,6,1,6,1,6,1,Standard,Standard,255.0,-0.003,0.34,,,,0.707,-0.34,98.9,-5,5,0.055,0.945,28,26,28,27,1,2,5.0,2.0,6.0,1.0,2.58,1.18,-1.18,41.4,,,,,
CH,2023-05-19,86.3,-1.14,5.89,"Duran, Jarren",680776,641703,,ball,,,,,13.0,,R,L,R,SD,BOS,B,,,0,0,2023,-1.19,0.55,-1.3993154428503276,1.5775015377088728,,,,2,6,Top,,,,,,,1.8267551995976,-125.58547903944071,-5.149748544402245,-12.954988294873454,26.276967091088725,-25.51031133230439,3.44194808835593,1.68249782097424,,,,86.6,1624.0,6.5,718107,543592,641525,630105,673490,593428,665742,641553,665487,53.96,,,,,,,,47,1,Changeup,1,6,6,1,6,1,6,1,Standard,Standard,250.0,0.0,0.043,,,,,-0.043,,-5,5,0.055,0.945,28,26,28,27,1,2,5.0,2.0,6.0,1.0,2.52,1.19,-1.19,40.8,,,,,
SI,2023-05-19,92.6,2.62,4.96,"Duran, Jarren",680776,676680,single,hit_into_play,,,,,6.0,"Jarren Duran singles on a line drive to second baseman Jake Cronenworth, deflected by pitcher Tom Cosgrove.",R,L,L,SD,BOS,X,1.0,line_drive,0,0,2023,1.42,0.1,0.7991135472613826,2.22784363029386,,,,0,9,Top,131.55,178.03,,,,,-7.687035959298475,-134.5649897970591,-1.269516904844307,18.944827192274413,33.49153890805854,-30.953548022553257,3.37,1.61,77.0,97.5,4.0,91.5,2124.0,6.0,718107,543592,641525,630105,673490,593428,665742,663757,665487,54.48,0.574,0.564,0.9,1.0,1.0,0.0,4.0,65,1,Sinker,1,6,6,1,6,1,6,1,Standard,Standard,132.0,-0.001,0.432,,,,0.683,-0.432,97.5,-5,5,0.006,0.994,27,26,27,27,1,3,2.0,2.0,2.0,1.0,2.6,1.42,1.42,21.6,,,,,
SI,2023-05-17,89.9,2.15,5.39,"Duran, Jarren",680776,594835,strikeout,called_strike,,,,,5.0,Jarren Duran called out on strikes.,R,L,L,BOS,SEA,S,2.0,,1,2,2023,1.42,1.02,0.1704719000433159,2.476217284751204,807799.0,622569.0,,2,1,Bot,,,,,,,-7.969380856577831,-130.61547495455082,-3.324776841973597,18.015212869733407,31.547580745201873,-20.006212261461684,3.37010397166007,1.61014899668039,,,,89.9,2020.0,6.7,718133,663728,664034,676609,553993,641487,672284,677594,606192,53.79,,0.0,0.0,1.0,0.0,0.0,,11,4,Sinker,3,0,3,0,0,3,3,0,Standard,Strategic,129.0,-0.022,-0.19,,,,,0.19,,3,3,0.8,0.8,31,26,31,27,1,0,5.0,1.0,6.0,2.0,1.84,1.42,1.42,40.6,,,,,
SI,2023-05-17,88.9,2.18,5.45,"Duran, Jarren",680776,594835,,swinging_strike,,,,,12.0,,R,L,L,BOS,SEA,S,,,1,1,2023,1.68,1.14,1.3476610708800134,3.165854874055168,807799.0,622569.0,,2,1,Bot,,,,,,,-5.5955908260722,-129.10175635434828,-1.7874317804131303,19.92128706939371,33.353933562957025,-19.42287177529137,3.37,1.61,,,,88.3,1993.0,6.6,718133,663728,664034,676609,553993,641487,672284,677594,606192,53.94,,,,,,,,11,3,Sinker,3,0,3,0,0,3,3,0,Standard,Strategic,133.0,-0.007,-0.066,,,,,0.066,,3,3,0.807,0.807,31,26,31,27,1,0,5.0,1.0,6.0,2.0,1.81,1.68,1.68,39.7,,,,,
FC,2023-05-17,86.0,2.2,5.48,"Duran, Jarren",680776,594835,,swinging_strike,,,,,2.0,,R,L,L,BOS,SEA,S,,,1,0,2023,0.1,0.8,0.1933529991258389,3.3088826939277634,807799.0,622569.0,,2,1,Bot,,,,,,,-4.999684187829889,-125.1576742972064,-0.5454339031203544,2.0650548925922054,24.32482632165491,-23.873161359043767,3.37,1.61,,,,86.6,1930.0,6.6,718133,663728,664034,676609,553993,641487,672284,677594,606192,53.92,,,,,,,,11,2,Cutter,3,0,3,0,0,3,3,0,Standard,Strategic,144.0,-0.003,-0.053,,,,,0.053,88.0,3,3,0.81,0.81,31,26,31,27,1,0,5.0,1.0,6.0,2.0,2.27,0.1,0.1,40.4,,,,,
CU,2023-05-17,79.0,2.36,5.32,"Duran, Jarren",680776,594835,,ball,,,,,12.0,,R,L,L,BOS,SEA,B,,,0,0,2023,-0.29,-1.03,0.9117754092996192,3.5543792182310803,807799.0,622569.0,,2,1,Bot,,,,,,,-2.6183637987471533,-114.93874819462827,4.93181480688902,-2.0787554785536857,22.069518692352073,-42.47796538342653,3.27720704625799,1.54798133589421,,,,79.1,2202.0,6.4,718133,663728,664034,676609,553993,641487,672284,677594,606192,54.08,,,,,,,,11,1,Curveball,3,0,3,0,0,3,3,0,Standard,Strategic,326.0,0.001,0.018,,,,,-0.018,,3,3,0.809,0.809,31,26,31,27,1,0,5.0,1.0,6.0,2.0,4.7,-0.29,-0.29,38.0,,,,,
SL,2023-05-17,88.4,-2.5,4.99,"Duran, Jarren",680776,666374,walk,blocked_ball,,,,,13.0,Jarren Duran walks. Enrique Hernandez to 2nd.,R,L,R,BOS,SEA,B,,,3,2,2023,1.04,0.09,-0.7985428647642978,0.7769206574422558,,,571771.0,2,4,Bot,,,,,,,1.9896477127548329,-128.7518383998689,-4.363675813543644,11.058571151152334,28.411847061648547,-30.41456716917543,3.24623623269607,1.57906653400601,,,,88.7,2925.0,6.6,718133,663728,664034,676609,553993,641487,672284,677594,606192,53.95,,0.695903,0.7,1.0,0.0,0.0,,45,6,Slider,9,1,9,1,1,9,9,1,Infield shade,Strategic,56.0,0.001,0.258,,,,,-0.258,,8,8,0.988,0.988,25,26,25,27,1,2,3.0,1.0,3.0,2.0,2.83,-1.04,1.04,28.4,,,,,
FF,2023-05-17,98.0,-2.81,4.98,"Duran, Jarren",680776,666374,,ball,,,,,11.0,,R,L,R,BOS,SEA,B,,,2,2,2023,-0.79,1.28,-1.89434647992896,2.6705943436059507,,,571771.0,2,4,Bot,,,,,,,4.318528378368137,-142.577892153736,-3.6272573644480537,-11.75343960639518,38.21446881445235,-14.267179428242166,3.27720704625799,1.61014899668039,,,,97.6,2230.0,6.4,718133,663728,664034,676609,553993,641487,672284,677594,606192,54.07,,,,,,,,45,5,4-Seam Fastball,9,1,9,1,1,9,9,1,Infield shade,Strategic,235.0,0.0,0.065,,,,,-0.065,,8,8,0.988,0.988,25,26,25,27,1,2,3.0,1.0,3.0,2.0,1.13,0.79,-0.79,28.2,,,,,
SL,2023-05-17,86.5,-2.77,5.0,"Duran, Jarren",680776,666374,,foul,,,,,9.0,,R,L,R,BOS,SEA,S,,,2,1,2023,0.98,0.1,0.5982988442267235,2.101270192354725,,,571771.0,2,4,Bot,,,,,,,6.0653756309211735,-125.90203871004329,-0.8473434327856818,9.0800520010741,27.62392852868041,-31.16451454289256,3.37,1.61,3.0,80.0,-34.0,86.9,3008.0,6.7,718133,663728,664034,676609,553993,641487,672284,677594,606192,53.8,,,,,,,,45,4,Slider,9,1,9,1,1,9,9,1,Standard,Strategic,65.0,0.0,-0.063,,,,,0.063,88.0,8,8,0.988,0.988,25,26,25,27,1,2,3.0,1.0,3.0,2.0,2.97,-0.98,0.98,31.9,,,,,
FF,2023-05-17,96.7,-2.77,4.95,"Duran, Jarren",680776,666374,,ball,,,,,11.0,,R,L,R,BOS,SEA,B,,,1,1,2023,-1.01,1.35,-1.724869942158418,4.412064985151899,,,571771.0,2,4,Bot,,,,,,,5.100876565489322,-140.70801655405995,1.0670418733440374,-14.57053217172662,33.47553515084962,-14.734155982452746,3.24623623269607,1.57906653400601,,,,96.7,2253.0,6.4,718133,663728,664034,676609,553993,641487,672284,677594,606192,54.11,,,,,,,,45,3,4-Seam Fastball,9,1,9,1,1,9,9,1,Standard,Strategic,236.0,0.0,0.036,,,,,-0.036,,8,8,0.988,0.988,25,26,25,27,1,2,3.0,1.0,3.0,2.0,1.09,1.01,-1.01,27.1,,,,,
FF,2023-05-17,98.8,-2.69,4.99,"Duran, Jarren",680776,666374,,ball,,,,,11.0,,R,L,R,BOS,SEA,B,,,0,1,2023,-0.95,1.24,-1.085350589128513,2.530029449469795,,,571771.0,2,4,Bot,,,,,,,6.613700418143631,-143.6906866228362,-4.16808642438216,-14.693261462815592,32.607012944722754,-14.262937488055822,3.30817526988231,1.61014899668039,,,,99.3,2202.0,6.6,718133,663728,664034,676609,553993,641487,672284,677594,606192,53.95,,,,,,,,45,2,4-Seam Fastball,9,1,9,1,1,9,9,1,Standard,Strategic,233.0,0.0,0.025,,,,,-0.025,,8,8,0.988,0.988,25,26,25,27,1,2,3.0,1.0,3.0,2.0,1.1,0.95,-0.95,26.2,,,,,
KC,2023-05-17,82.9,-2.64,4.91,"Duran, Jarren",680776,666374,,called_strike,,,,,3.0,,R,L,R,BOS,SEA,S,,,0,0,2023,1.16,-0.6,0.6727841210506452,2.841695990444819,,,571771.0,2,4,Bot,,,,,,,5.359108757178565,-120.59716869127531,3.027775557447712,10.109669732572454,25.37527958854247,-38.89909348939787,3.24623623269607,1.51689340143005,,,,83.5,2986.0,6.9,718133,663728,664034,676609,553993,641487,672284,677594,606192,53.64,,,,,,,,45,1,Knuckle Curve,9,1,9,1,1,9,9,1,Standard,Strategic,49.0,0.0,-0.045,,,,,0.045,,8,8,0.988,0.988,25,26,25,27,1,2,3.0,1.0,3.0,2.0,3.94,-1.16,1.16,36.4,,,,,
FC,2023-05-17,86.8,-2.9,5.36,"Duran, Jarren",680776,641627,single,hit_into_play,,,,,2.0,Jarren Duran singles on a ground ball to center fielder Julio Rodriguez. Pablo Reyes scores.,R,L,R,BOS,SEA,X,8.0,ground_ball,3,2,2023,0.08,0.8,-0.1046591524164379,2.948937619900013,,622569.0,,2,2,Bot,156.73,87.5,,,,,6.443288986343011,-126.34434152521406,-1.2494290258099066,-0.3373331684575,24.262650844999403,-23.5110552908633,3.37,1.61,31.0,106.2,-4.0,86.1,2185.0,5.7,718133,663728,664034,676609,553993,641487,672284,677594,606192,54.78,0.452,0.408,0.9,1.0,1.0,0.0,2.0,25,7,Cutter,8,0,8,0,0,9,9,0,Standard,Strategic,188.0,0.008,0.698,,,,0.456,-0.698,106.2,8,8,0.979,0.979,30,26,31,27,1,1,3.0,1.0,2.0,2.0,2.21,-0.08,0.08,35.7,,,,,
SI,2023-05-17,91.9,-2.99,5.18,"Duran, Jarren",680776,641627,,ball,,,,,14.0,,R,L,R,BOS,SEA,B,,,2,2,2023,-1.53,0.69,0.8488731645048155,2.11467604243978,,622569.0,,2,2,Bot,,,,,,,12.86622004456585,-133.12001290362264,-3.312759275793226,-20.94632344223531,29.41746634477692,-23.402357126151355,3.30817526988231,1.67230571997993,,,,90.7,2039.0,5.9,718133,663728,664034,676609,553993,641487,672284,677594,606192,54.63,,,,,,,,25,6,Sinker,8,0,8,0,0,8,8,0,Standard,Strategic,224.0,0.0,0.051,,,,,-0.051,,8,8,0.979,0.979,30,26,31,27,1,1,3.0,1.0,2.0,2.0,2.04,1.53,-1.53,30.9,,,,,
FC,2023-05-17,85.4,-2.86,5.29,"Duran, Jarren",680776,641627,,foul,,,,,4.0,,R,L,R,BOS,SEA,S,,,2,2,2023,0.38,0.47,-0.4316373886546915,2.438676125569731,,622569.0,,2,2,Bot,,,,,,,4.910336061723719,-124.38091579889736,-1.4399120043411604,3.160390815014105,21.89620191270913,-27.224908076320133,3.37,1.61,168.0,75.1,64.0,85.2,2218.0,5.8,718133,663728,664034,676609,553993,641487,672284,677594,606192,54.67,,,,,,,,25,5,Cutter,8,0,8,0,0,8,8,0,Standard,Strategic,163.0,0.0,0.0,,,,,0.0,88.0,8,8,0.979,0.979,30,26,31,27,1,1,3.0,1.0,2.0,2.0,2.62,-0.38,0.38,39.0,,,,,
FF,2023-05-17,92.4,-2.98,5.21,"Duran, Jarren",680776,641627,,ball,,,,,11.0,,R,L,R,BOS,SEA,B,,,1,2,2023,-0.78,1.12,-2.130490160477068,3.596722611221948,,622569.0,,2,2,Bot,,,,,,,3.8154799079486192,-134.49090341492249,-0.7394262194942891,-10.2655240539473,29.50838107343728,-18.65818765018435,3.27720704625799,1.57906653400601,,,,91.7,2253.0,5.9,718133,663728,664034,676609,553993,641487,672284,677594,606192,54.63,,,,,,,,25,4,4-Seam Fastball,8,0,8,0,0,8,8,0,Standard,Strategic,236.0,0.001,0.015,,,,,-0.015,,8,8,0.978,0.978,30,26,31,27,1,1,3.0,1.0,2.0,2.0,1.55,0.78,-0.78,31.0,,,,,
FC,2023-05-17,85.7,-2.83,5.41,"Duran, Jarren",680776,641627,,called_strike,,,,,1.0,,R,L,R,BOS,SEA,S,,,1,1,2023,0.45,0.69,-0.441866404237319,3.0708538890496224,,622569.0,,2,2,Bot,,,,,,,4.6968073302013815,-124.8095006791703,-0.7058344839886809,3.8341834787282383,23.633862308530084,-24.958820881104135,3.27720704625799,1.57906653400601,,,,85.1,2324.0,5.7,718133,663728,664034,676609,553993,641487,672284,677594,606192,54.79,,,,,,,,25,3,Cutter,8,0,8,0,0,8,8,0,Standard,Strategic,165.0,-0.001,-0.064,,,,,0.064,,8,8,0.979,0.979,30,26,31,27,1,1,3.0,1.0,2.0,2.0,2.39,-0.45,0.45,36.5,,,,,
FC,2023-05-17,87.2,-2.96,5.38,"Duran, Jarren",680776,641627,,called_strike,,,,,4.0,,R,L,R,BOS,SEA,S,,,1,0,2023,0.27,0.97,-0.3219789355047114,2.3437428168499417,,622569.0,,2,2,Bot,,,,,,,5.729890772762321,-126.80283762941444,-3.06967265156787,1.615537555743618,27.768298813008048,-21.31407559639896,3.27720704625799,1.64122872496032,,,,86.1,2211.0,5.8,718133,663728,664034,676609,553993,641487,672284,677594,606192,54.74,,,,,,,,25,2,Cutter,8,0,8,0,0,8,8,0,Standard,Strategic,197.0,0.0,-0.046,,,,,0.046,,8,8,0.979,0.979,30,26,31,27,1,1,3.0,1.0,2.0,2.0,2.05,-0.27,0.27,37.5,,,,,
FF,2023-05-17,91.0,-2.84,5.35,"Duran, Jarren",680776,641627,,ball,,,,,14.0,,R,L,R,BOS,SEA,B,,,0,0,2023,-0.43,1.5,1.5043505963517594,1.2471255233259466,,622569.0,,2,2,Bot,,,,,,,11.681162290465435,-131.754542893693,-7.4259455028525725,-7.760115952985648,31.727106794138436,-13.17779988421168,3.37010397166007,1.67230571997993,,,,89.4,2173.0,5.9,718133,663728,664034,676609,553993,641487,672284,677594,606192,54.6,,,,,,,,25,1,4-Seam Fastball,8,0,8,0,0,8,8,0,Standard,Strategic,221.0,0.0,0.02,,,,,-0.02,,8,8,0.979,0.979,30,26,31,27,1,1,3.0,1.0,2.0,2.0,1.31,0.43,-0.43,34.8,,,,,
FC,2023-05-17,88.4,-0.27,6.79,"Duran, Jarren",680776,623167,single,hit_into_play,,,,,9.0,Jarren Duran singles on a ground ball to right fielder Teoscar Hernandez.,R,L,R,BOS,SEA,X,9.0,ground_ball,1,0,2023,0.54,1.05,0.6791483023852162,2.128024895020471,,,,0,6,Bot,102.84,111.53,,,,,1.2029500314302877,-128.60205951149476,-7.488824669872237,5.748222822772942,25.16916139973958,-19.230353218309563,3.37,1.61,20.0,104.6,-6.0,88.6,2221.0,6.3,718133,663728,664034,664059,553993,676609,672284,677594,606192,54.21,0.432,0.392,0.9,1.0,1.0,0.0,2.0,66,2,Cutter,12,3,12,3,3,12,12,3,Infield shade,Strategic,157.0,0.0,0.392,,,,0.436,-0.392,104.6,9,9,0.998,0.998,28,26,29,27,1,3,2.0,1.0,5.0,2.0,1.86,-0.54,0.54,73.2,,,,,
CH,2023-05-17,79.0,-0.37,6.54,"Duran, Jarren",680776,623167,,ball,,,,,12.0,,R,L,R,BOS,SEA,B,,,0,0,2023,-1.0,0.55,0.3022525050944625,4.807233759084728,,,,0,6,Bot,,,,,,,3.326472283396346,-115.10168326972932,1.9249619913896892,-9.50186286841072,19.912075227480404,-27.76498554976572,3.21526282327505,1.57906653400601,,,,79.2,1370.0,6.2,718133,663728,664034,664059,553993,676609,672284,677594,606192,54.31,,,,,,,,66,1,Changeup,12,3,12,3,3,12,12,3,Infield shade,Strategic,215.0,0.0,0.04,,,,,-0.04,,9,9,0.998,0.998,28,26,29,27,1,3,2.0,1.0,5.0,2.0,3.07,1.0,-1.0,67.0,,,,,
SL,2023-05-16,85.8,-3.03,4.98,"Duran, Jarren",680776,622491,home_run,hit_into_play,,,,,5.0,Jarren Duran homers (3) on a fly ball to center field.,R,L,R,BOS,SEA,X,,fly_ball,0,0,2023,0.11,-0.15,0.0691311062534297,2.5614639736449005,,,,2,5,Bot,168.77,35.6,,,,,6.969886816133317,-124.83785220952004,0.7860896871873033,-0.0917399179164357,23.237144421158888,-34.15463982212789,3.38,1.61,417.0,109.2,23.0,84.7,2464.0,5.4,718149,663728,664034,543939,553993,641487,672284,677594,606192,55.11,0.935,1.8184285714285708,2.0,1.0,0.0,3.0,6.0,47,1,Slider,6,4,6,4,4,7,7,4,Standard,Strategic,42.0,0.082,2.596,,,,3.589,-2.596,109.2,2,2,0.786,0.786,30,26,31,27,3,2,6.0,1.0,6.0,1.0,3.23,-0.11,0.11,18.3,,,,,
SL,2023-05-16,86.0,-2.84,4.93,"Duran, Jarren",680776,622491,strikeout,swinging_strike,,,,,14.0,Jarren Duran strikes out swinging.,R,L,R,BOS,SEA,S,2.0,,3,2,2023,-0.04,-0.34,1.5623129790151222,2.144812459911821,,,,2,3,Bot,,,,,,,10.407671620353542,-124.95624579405636,0.2594535321110007,-2.1948373694438907,21.296328158714704,-36.02712790228348,3.38,1.61,,,,85.6,2371.0,5.8,718149,663728,664034,543939,553993,641487,672284,677594,606192,54.71,,0.0,0.0,1.0,0.0,0.0,,25,9,Slider,4,0,4,0,0,4,4,0,Standard,Strategic,46.0,-0.005,-0.336,,,,,0.336,,4,4,0.881,0.881,30,26,31,27,2,1,6.0,1.0,6.0,1.0,3.39,0.04,-0.04,20.9,,,,,
FF,2023-05-16,97.8,-2.8,5.07,"Duran, Jarren",680776,622491,,foul,,,,,1.0,,R,L,R,BOS,SEA,S,,,3,2,2023,-0.98,0.95,-0.4862889931402,2.900920418986871,,,,2,3,Bot,,,,,,,8.368918886357653,-142.1615846471082,-2.5280207033540347,-15.154673296537547,32.1228839436247,-18.879006586630272,3.38,1.61,244.0,81.7,49.0,96.6,2306.0,5.6,718149,663728,664034,543939,553993,641487,672284,677594,606192,54.88,,,,,,,,25,8,4-Seam Fastball,4,0,4,0,0,4,4,0,Standard,Strategic,233.0,0.0,0.0,,,,,0.0,88.0,4,4,0.881,0.881,30,26,31,27,2,1,6.0,1.0,6.0,1.0,1.43,0.98,-0.98,22.4,,,,,
FF,2023-05-16,97.2,-2.77,4.98,"Duran, Jarren",680776,622491,,foul,,,,,8.0,,R,L,R,BOS,SEA,S,,,3,2,2023,-1.15,1.15,-0.2499614195355377,1.6214226530362374,,,,2,3,Bot,,,,,,,9.321698512788402,-141.22069790034277,-6.076831450163358,-17.521772091588517,31.010408525056143,-15.567185327045577,3.38,1.61,290.0,88.9,34.0,96.6,2379.0,6.0,718149,663728,664034,543939,553993,641487,672284,677594,606192,54.54,,,,,,,,25,7,4-Seam Fastball,4,0,4,0,0,4,4,0,Standard,Strategic,240.0,0.0,0.0,,,,,0.0,88.9,4,4,0.881,0.881,30,26,31,27,2,1,6.0,1.0,6.0,1.0,1.26,1.15,-1.15,17.1,,,,,
CH,2023-05-16,87.8,-2.91,4.83,"Duran, Jarren",680776,622491,,foul,,,,,11.0,,R,L,R,BOS,SEA,S,,,3,2,2023,-1.45,-0.02,-1.0280637931347425,2.579407166503491,,,,2,3,Bot,,,,,,,7.490501100725835,-127.61125453372028,0.7183101689631566,-17.34943242106413,26.28915356084221,-32.747920672867586,3.38,1.61,196.0,77.4,18.0,87.3,1916.0,6.0,718149,663728,664034,543939,553993,641487,672284,677594,606192,54.47,,,,,,,,25,6,Changeup,4,0,4,0,0,4,4,0,Standard,Strategic,251.0,0.0,0.0,,,,,0.0,88.0,4,4,0.881,0.881,30,26,31,27,2,1,6.0,1.0,6.0,1.0,2.98,1.45,-1.45,14.5,,,,,
FF,2023-05-16,98.2,-2.9,5.14,"Duran, Jarren",680776,622491,,ball,,,,,11.0,,R,L,R,BOS,SEA,B,,,2,2,2023,-1.01,1.09,-1.4854737012680437,3.1687709888690465,,,,2,3,Bot,,,,,,,6.054358728694451,-142.86848230829688,-2.3569710435012374,-15.245178195832649,32.63766548523979,-16.871461470785434,3.38010443050591,1.56547753151217,,,,96.7,2373.0,5.4,718149,663728,664034,543939,553993,641487,672284,677594,606192,55.09,,,,,,,,25,5,4-Seam Fastball,4,0,4,0,0,4,4,0,Standard,Strategic,238.0,0.002,0.104,,,,,-0.104,,4,4,0.879,0.879,30,26,31,27,2,1,6.0,1.0,6.0,1.0,1.27,1.01,-1.01,19.8,,,,,
CH,2023-05-16,89.3,-3.04,4.86,"Duran, Jarren",680776,622491,,foul,,,,,1.0,,R,L,R,BOS,SEA,S,,,2,1,2023,-1.52,0.23,-0.622581522376799,3.0404499835594057,,,,2,3,Bot,,,,,,,9.017052203713831,-129.76558369594224,1.052194115811055,-19.089743436278592,27.149722137372745,-30.027883257956702,3.38,1.61,189.0,71.4,59.0,88.2,2028.0,5.7,718149,663728,664034,543939,553993,641487,672284,677594,606192,54.84,,,,,,,,25,4,Changeup,4,0,4,0,0,4,4,0,Standard,Strategic,252.0,-0.002,-0.081,,,,,0.081,88.0,4,4,0.881,0.881,30,26,31,27,2,1,6.0,1.0,6.0,1.0,2.64,1.52,-1.52,15.6,,,,,
CH,2023-05-16,90.1,-2.89,4.85,"Duran, Jarren",680776,622491,,ball,,,,,14.0,,R,L,R,BOS,SEA,B,,,1,1,2023,-1.51,0.2,1.0831428090304889,0.931871575764366,,,,2,3,Bot,,,,,,,12.893827048568458,-130.5117947130977,-4.10211711960705,-19.99581106775831,27.663759225689617,-29.19661941292589,3.38010443050591,1.62764211342527,,,,88.8,2105.0,5.8,718149,663728,664034,543939,553993,641487,672284,677594,606192,54.72,,,,,,,,25,3,Changeup,4,0,4,0,0,4,4,0,Standard,Strategic,248.0,0.001,0.053,,,,,-0.053,,4,4,0.88,0.88,30,26,31,27,2,1,6.0,1.0,6.0,1.0,2.64,1.51,-1.51,18.7,,,,,
SI,2023-05-16,98.1,-2.89,5.08,"Duran, Jarren",680776,622491,,ball,,,,,13.0,,R,L,R,BOS,SEA,B,,,0,1,2023,-1.71,0.19,-1.2785883562921074,2.456661866673525,,,,2,3,Bot,,,,,,,8.1567181219669,-142.61816331584296,-1.979462105382357,-25.171421575985043,35.30074199043409,-29.33367168370384,3.38010443050591,1.59656118990247,,,,96.3,2032.0,5.5,718149,663728,664034,543939,553993,641487,672284,677594,606192,55.05,,,,,,,,25,2,Sinker,4,0,4,0,0,4,4,0,Standard,Strategic,242.0,0.001,0.031,,,,,-0.031,,4,4,0.879,0.879,30,26,31,27,2,1,6.0,1.0,6.0,1.0,2.2,1.71,-1.71,18.1,,,,,
FF,2023-05-16,97.5,-3.05,5.15,"Duran, Jarren",680776,622491,,called_strike,,,,,11.0,,R,L,R,BOS,SEA,S,,,0,0,2023,-1.11,1.13,-0.9972829421975824,2.5694960601584684,,,,2,3,Bot,,,,,,,7.942214179024527,-141.78075414741352,-3.965062183585144,-16.761750887541165,33.22618860610867,-16.249623983079434,3.37888630339871,1.62655421155537,,,,96.1,2455.0,5.6,718149,663728,664034,543939,553993,641487,672284,677594,606192,54.9,,,,,,,,25,1,4-Seam Fastball,4,0,4,0,0,4,4,0,Standard,Strategic,242.0,-0.001,-0.045,,,,,0.045,,4,4,0.88,0.88,30,26,31,27,2,1,6.0,1.0,6.0,1.0,1.28,1.11,-1.11,23.6,,,,,
ST,2023-05-16,84.3,-3.68,4.38,"Duran, Jarren",680776,623149,single,hit_into_play,,,,,8.0,Jarren Duran singles on a fly ball to center fielder Julio Rodriguez. Alex Verdugo scores. Justin Turner to 3rd.,R,L,R,BOS,SEA,X,8.0,fly_ball,2,2,2023,0.55,0.74,-0.2699415919633845,1.556770210793161,,657077.0,457759.0,2,7,Bot,128.47,105.27,,,,,6.884477568290835,-122.58314182620114,-1.6025866715541188,4.02452526909925,26.085446579437654,-24.66818379724012,3.38,1.61,223.0,68.7,27.0,84.6,2437.0,6.7,718149,663728,664034,543939,553993,641487,672284,677594,606192,53.8,0.958,0.89,0.9,1.0,1.0,0.0,4.0,63,6,Sweeper,7,4,7,4,4,8,8,4,Standard,Strategic,88.0,0.033,0.599,,,,1.033,-0.599,88.0,3,3,0.938,0.938,33,26,33,27,1,3,6.0,1.0,4.0,1.0,2.49,-0.55,0.55,22.2,,,,,
ST,2023-05-16,83.8,-3.81,4.34,"Duran, Jarren",680776,623149,,ball,,,,,13.0,,R,L,R,BOS,SEA,B,,,1,2,2023,1.11,0.81,-1.2322236321304745,2.344488954039212,,657077.0,457759.0,2,7,Bot,,,,,,,3.780573682210948,-121.98710613361722,0.2463129977374123,10.233051899679252,26.00533611983794,-24.437314932351125,3.38054427437766,1.62805316610283,,,,83.9,2363.0,6.5,718149,663728,664034,543939,553993,641487,672284,677594,606192,53.98,,,,,,,,63,5,Sweeper,7,4,7,4,4,7,7,4,Standard,Strategic,100.0,0.002,0.033,,,,,-0.033,,3,3,0.936,0.936,33,26,33,27,1,3,6.0,1.0,4.0,1.0,2.46,-1.11,1.11,20.7,,,,,
ST,2023-05-16,84.8,-3.67,4.37,"Duran, Jarren",680776,623149,,ball,,,,,13.0,,R,L,R,BOS,SEA,B,,,0,2,2023,0.89,0.63,-0.2831532025057498,1.2382889759581404,,657077.0,457759.0,2,7,Bot,,,,,,,6.200100835945529,-123.34077982647108,-2.233116061529201,7.822677495711519,25.546214557159313,-25.5051192283781,3.38010443050591,1.59656118990247,,,,85.6,2474.0,6.9,718149,663728,664034,543939,553993,641487,672284,677594,606192,53.6,,,,,,,,63,4,Sweeper,7,4,7,4,4,7,7,4,Standard,Strategic,87.0,0.001,0.018,,,,,-0.018,,3,3,0.935,0.935,33,26,33,27,1,3,6.0,1.0,4.0,1.0,2.55,-0.89,0.89,19.7,,,,,
FF,2023-05-16,93.4,-3.73,4.25,"Duran, Jarren",680776,623149,,foul,,,,,2.0,,R,L,R,BOS,SEA,S,,,0,2,2023,-0.99,1.01,0.0186224220081245,3.2740309167660193,,657077.0,457759.0,2,7,Bot,,,,,,,11.906897578219755,-135.53940403985746,1.0483289008792522,-14.69394162671408,28.52594888232448,-20.170256430296675,3.38,1.61,201.0,75.0,22.0,94.2,2622.0,6.9,718149,663728,664034,543939,553993,641487,672284,677594,606192,53.65,,,,,,,,63,3,4-Seam Fastball,7,4,7,4,4,7,7,4,Standard,Strategic,239.0,0.0,0.0,,,,,0.0,88.0,3,3,0.935,0.935,33,26,33,27,1,3,6.0,1.0,4.0,1.0,1.61,0.99,-0.99,16.8,,,,,
FF,2023-05-16,92.3,-3.63,4.29,"Duran, Jarren",680776,623149,,swinging_strike,,,,,6.0,,R,L,R,BOS,SEA,S,,,0,1,2023,-1.0,1.23,0.3164634475692098,2.5627435299100325,,657077.0,457759.0,2,7,Bot,,,,,,,12.277809240670084,-133.7752897789566,-1.1789596030328555,-14.683064538781396,29.997182668304,-17.41073756523275,3.38,1.61,,,,92.5,2529.0,6.7,718149,663728,664034,543939,553993,641487,672284,677594,606192,53.76,,,,,,,,63,2,4-Seam Fastball,7,4,7,4,4,7,7,4,Standard,Strategic,238.0,-0.003,-0.061,,,,,0.061,,3,3,0.938,0.938,33,26,33,27,1,3,6.0,1.0,4.0,1.0,1.48,1.0,-1.0,17.2,,,,,
FF,2023-05-16,92.6,-3.7,4.2,"Duran, Jarren",680776,623149,,called_strike,,,,,4.0,,R,L,R,BOS,SEA,S,,,0,0,2023,-1.06,0.97,-0.5226219030174588,2.345807760671268,,657077.0,457759.0,2,7,Bot,,,,,,,10.490968200211467,-134.50766604513345,-0.988584500384376,-15.25469492182062,30.42205110039066,-20.475440342512275,3.38010443050591,1.59656118990247,,,,92.9,2510.0,6.6,718149,663728,664034,543939,553993,641487,672284,677594,606192,53.85,,,,,,,,63,1,4-Seam Fastball,7,4,7,4,4,7,7,4,Standard,Strategic,239.0,-0.002,-0.04,,,,,0.04,,3,3,0.94,0.94,33,26,33,27,1,3,6.0,1.0,4.0,1.0,1.71,1.06,-1.06,15.5,,,,,
CH,2023-05-16,90.3,-3.08,4.85,"Duran, Jarren",680776,622491,strikeout,swinging_strike,,,,,13.0,Jarren Duran strikes out swinging.,R,L,R,BOS,SEA,S,2.0,,0,2,2023,-1.47,-0.06,-0.2319008835457874,0.8837794296843744,,,,1,1,Bot,,,,,,,10.096990943018566,-131.2163342240133,-3.822549798329811,-18.970817697673414,24.57054372290024,-32.27554403603968,3.38,1.61,,,,89.9,2123.0,5.9,718149,663728,664034,543939,553993,641487,672284,677594,606192,54.63,,0.0,0.0,1.0,0.0,0.0,,8,3,Changeup,3,0,3,0,0,3,3,0,Standard,Strategic,252.0,-0.005,-0.17,,,,,0.17,,3,3,0.789,0.789,30,26,31,27,1,0,6.0,1.0,6.0,1.0,2.83,1.47,-1.47,13.1,,,,,
SL,2023-05-16,86.6,-3.15,5.01,"Duran, Jarren",680776,622491,,foul,,,,,5.0,,R,L,R,BOS,SEA,S,,,0,1,2023,0.22,-0.09,-0.0141375775840366,2.4080261161085454,,,,1,1,Bot,,,,,,,6.969099302372676,-126.10111253496946,0.0527869547138395,1.1913639743885056,21.94008478610302,-33.29822611194325,3.38,1.61,187.0,74.1,56.0,86.4,2401.0,5.8,718149,663728,664034,543939,553993,641487,672284,677594,606192,54.7,,,,,,,,8,2,Slider,3,0,3,0,0,3,3,0,Standard,Strategic,80.0,-0.003,-0.057,,,,,0.057,88.0,3,3,0.792,0.792,30,26,31,27,1,0,6.0,1.0,6.0,1.0,3.09,-0.22,0.22,17.4,,,,,
CH,2023-05-16,89.1,-3.03,4.83,"Duran, Jarren",680776,622491,,called_strike,,,,,8.0,,R,L,R,BOS,SEA,S,,,0,0,2023,-1.32,-0.13,-0.136992114026041,2.215350216726839,,,,1,1,Bot,,,,,,,9.777317990218164,-129.45122905302205,-0.1300980215036509,-16.90999545499384,26.22962968792823,-33.794545143918256,3.38010443050591,1.72086848630425,,,,88.3,2130.0,5.8,718149,663728,664034,543939,553993,641487,672284,677594,606192,54.7,,,,,,,,8,1,Changeup,3,0,3,0,0,3,3,0,Standard,Strategic,255.0,-0.001,-0.041,,,,,0.041,,3,3,0.793,0.793,30,26,31,27,1,0,6.0,1.0,6.0,1.0,3.0,1.32,-1.32,11.1,,,,,
FF,2023-05-15,94.5,-1.5,5.94,"Duran, Jarren",680776,669923,double,hit_into_play,,,,,2.0,Jarren Duran doubles (13) on a sharp line drive to left fielder Jarred Kelenic.,R,L,R,BOS,SEA,X,7.0,line_drive,0,1,2023,-0.65,1.34,-0.1759701659133593,3.135492915060227,,,,0,6,Bot,73.09,79.18,,,,,4.885009563639552,-137.4778891953101,-4.585314803234997,-9.337590979747242,31.22389425733821,-14.381962416219968,3.39,1.62,349.0,105.3,18.0,94.3,2173.0,6.2,718163,663728,664034,543939,553993,641487,672284,677594,606192,54.28,0.413,0.6124545454545454,1.25,1.0,1.0,1.0,5.0,45,2,4-Seam Fastball,0,5,0,5,5,0,0,5,Standard,Strategic,216.0,0.035,0.748,,,,1.084,-0.748,105.3,-5,-5,0.055,0.055,25,26,25,27,3,2,6.0,1.0,6.0,1.0,1.22,0.65,-0.65,37.7,,,,,
ST,2023-05-15,85.0,-1.5,5.73,"Duran, Jarren",680776,669923,,called_strike,,,,,6.0,,R,L,R,BOS,SEA,S,,,0,0,2023,1.22,-0.01,0.3534392531242726,2.7098988371622488,,,,0,6,Bot,,,,,,,1.9104617837404845,-123.75421028943082,-0.7362973985541708,12.131790724774254,25.216728471639662,-32.36480908778592,3.26536602095635,1.68147774549583,,,,85.2,2337.0,6.5,718163,663728,664034,543939,553993,641487,672284,677594,606192,54.04,,,,,,,,45,1,Sweeper,0,5,0,5,5,0,0,5,Standard,Strategic,49.0,-0.002,-0.042,,,,,0.042,,-5,-5,0.057,0.057,25,26,25,27,3,2,6.0,1.0,6.0,1.0,3.17,-1.22,1.22,33.9,,,,,
CH,2023-05-15,88.0,-1.29,5.74,"Duran, Jarren",680776,669923,field_out,hit_into_play,,,,,8.0,"Jarren Duran grounds out, second baseman Kolten Wong to first baseman Ty France.",R,L,R,BOS,SEA,X,4.0,ground_ball,0,0,2023,-1.14,0.75,-0.1828309015851543,1.8901331390014708,,,,2,3,Bot,141.11,162.6,,,,,5.0785799193501875,-128.04917780149165,-4.81398909494081,-13.538967389826825,26.67350366024011,-23.158540317219828,3.39,1.62,2.0,68.6,-40.0,88.5,1713.0,6.6,718163,663728,664034,543939,553993,641487,672284,677594,606192,53.88,0.131,0.119,0.0,1.0,0.0,0.0,2.0,19,1,Changeup,0,0,0,0,0,0,0,0,Standard,Strategic,233.0,-0.012,-0.275,,,,0.135,0.275,88.0,0,0,0.512,0.512,25,26,25,27,2,1,6.0,1.0,6.0,1.0,2.2,1.14,-1.14,36.4,,,,,
FF,2023-05-15,96.6,-1.41,5.93,"Duran, Jarren",680776,669923,strikeout,called_strike,,,,,1.0,Jarren Duran called out on strikes.,R,L,R,BOS,SEA,S,2.0,,1,2,2023,-0.69,1.42,-0.5333025615412003,2.840444337653005,,,,0,1,Bot,,,,,,,3.920047702870479,-140.4891013577023,-5.892702825408021,-9.97685820310537,33.89987843238009,-12.220290599495302,3.26536602095635,1.5882447396679,,,,96.6,2314.0,6.5,718163,663728,664034,543939,553993,641487,672284,677594,606192,54.01,,0.0,0.0,1.0,0.0,0.0,,4,4,4-Seam Fastball,0,0,0,0,0,0,0,0,Standard,Strategic,217.0,-0.015,-0.193,,,,,0.193,,0,0,0.541,0.541,25,26,25,27,1,0,6.0,1.0,6.0,1.0,1.04,0.69,-0.69,37.2,,,,,
FF,2023-05-15,96.7,-1.52,6.0,"Duran, Jarren",680776,669923,,ball,,,,,11.0,,R,L,R,BOS,SEA,B,,,0,2,2023,-0.63,1.27,-0.9514626568031628,4.753603183212256,,,,0,1,Bot,,,,,,,2.9706553519097447,-140.83403457150868,-0.6555758229237869,-9.118134877508828,31.938216938713424,-15.363552691082903,3.23439568560276,1.5882447396679,,,,96.9,2190.0,6.3,718163,663728,664034,543939,553993,641487,672284,677594,606192,54.17,,,,,,,,4,3,4-Seam Fastball,0,0,0,0,0,0,0,0,Standard,Strategic,211.0,0.002,0.024,,,,,-0.024,,0,0,0.539,0.539,25,26,25,27,1,0,6.0,1.0,6.0,1.0,1.17,0.63,-0.63,37.4,,,,,
ST,2023-05-15,86.4,-1.6,5.72,"Duran, Jarren",680776,669923,,foul,,,,,5.0,,R,L,R,BOS,SEA,S,,,0,1,2023,0.93,-0.26,0.1843948450303728,2.658901475150464,,,,0,1,Bot,,,,,,,2.3629757605722266,-125.87323581331816,-0.5848901064924144,9.42023982883813,24.73360603189537,-35.01527667226849,3.39,1.62,5.0,102.6,-26.0,86.6,2379.0,6.3,718163,663728,664034,543939,553993,641487,672284,677594,606192,54.21,,,,,,,,4,2,Sweeper,0,0,0,0,0,0,0,0,Standard,Strategic,51.0,-0.006,-0.054,,,,,0.054,102.6,0,0,0.545,0.545,25,26,25,27,1,0,6.0,1.0,6.0,1.0,3.3,-0.93,0.93,34.4,,,,,
FF,2023-05-15,95.1,-1.48,5.99,"Duran, Jarren",680776,669923,,foul,,,,,2.0,,R,L,R,BOS,SEA,S,,,0,0,2023,-0.63,1.42,0.180845385866279,2.943063610822678,,,,0,1,Bot,,,,,,,5.779316328221282,-138.36853170111095,-5.560017336802887,-9.380514936647971,30.18595185542541,-12.81628843226614,3.39,1.62,195.0,75.2,57.0,95.4,2173.0,6.4,718163,663728,664034,543939,553993,641487,672284,677594,606192,54.08,,,,,,,,4,1,4-Seam Fastball,0,0,0,0,0,0,0,0,Standard,Strategic,217.0,-0.003,-0.042,,,,,0.042,88.0,0,0,0.548,0.548,25,26,25,27,1,0,6.0,1.0,6.0,1.0,1.09,0.63,-0.63,37.9,,,,,
SI,2023-05-14,92.6,-1.98,6.34,"Duran, Jarren",680776,571945,field_out,hit_into_play,,,,,1.0,"Jarren Duran grounds out, shortstop Paul DeJong to first baseman Paul Goldschmidt.",R,L,R,BOS,STL,X,6.0,ground_ball,2,2,2023,-1.34,0.72,-0.5885131011600053,3.2556296352755956,,,,2,6,Bot,117.59,145.64,,,,,6.490943889823822,-134.748515640588,-3.673244395720948,-17.740702511268672,27.66228066208101,-22.77646746680644,3.41,1.64,8.0,96.4,-22.0,92.9,2172.0,6.3,718187,668800,502671,669357,571448,657557,676475,663457,680977,54.18,0.144,0.142,0.0,1.0,0.0,0.0,2.0,55,5,Sinker,1,6,1,6,6,1,1,6,Standard,Strategic,213.0,-0.003,-0.233,,,,0.148,0.233,96.4,-5,-5,0.035,0.035,34,26,35,27,3,2,6.0,1.0,6.0,1.0,1.92,1.34,-1.34,43.6,,,,,
SL,2023-05-14,87.2,-1.87,6.52,"Duran, Jarren",680776,571945,,swinging_strike,,,,,12.0,,R,L,R,BOS,STL,S,,,2,1,2023,0.37,0.53,1.013015511706345,3.877538374253871,,,,2,6,Bot,,,,,,,6.1592795612666915,-126.93411382514856,-1.3316271306422778,2.879071225442942,23.843578637272568,-26.328603113645343,3.41,1.64,,,,87.5,2341.0,6.3,718187,668800,502671,669357,571448,657557,676475,663457,680977,54.22,,,,,,,,55,4,Slider,1,6,1,6,6,1,1,6,Standard,Strategic,155.0,-0.002,-0.081,,,,,0.081,,-5,-5,0.037,0.037,34,26,35,27,3,2,6.0,1.0,6.0,1.0,2.44,-0.37,0.37,47.7,,,,,
CU,2023-05-14,75.1,-1.98,6.55,"Duran, Jarren",680776,571945,,ball,,,,,11.0,,R,L,R,BOS,STL,B,,,1,1,2023,0.86,-1.28,-0.8064133392796655,3.7918807280373663,,,,2,6,Bot,,,,,,,0.8977784437574834,-109.16176748785882,3.813634029865834,6.660950134439399,21.485949394658757,-43.34013655954966,3.2746325449402,1.50330200630345,,,,74.7,2488.0,6.3,718187,668800,502671,669357,571448,657557,676475,663457,680977,54.16,,,,,,,,55,3,Curveball,1,6,1,6,6,1,1,6,Standard,Strategic,33.0,0.001,0.053,,,,,-0.053,,-5,-5,0.036,0.036,34,26,35,27,3,2,6.0,1.0,6.0,1.0,5.37,-0.86,0.86,51.9,,,,,
SI,2023-05-14,92.4,-2.04,6.39,"Duran, Jarren",680776,571945,,foul,,,,,1.0,,R,L,R,BOS,STL,S,,,1,0,2023,-1.21,1.05,-0.7150924734457869,2.911193109973077,,,,2,6,Bot,,,,,,,6.018789905076994,-134.3825648615431,-5.314246074189277,-15.985471179402872,30.086203662422,-18.494985897449208,3.41,1.64,175.0,87.1,11.0,92.2,2180.0,6.3,718187,668800,502671,669357,571448,657557,676475,663457,680977,54.21,,,,,,,,55,2,Sinker,1,6,1,6,6,1,1,6,Standard,Strategic,212.0,-0.001,-0.056,,,,,0.056,88.0,-5,-5,0.037,0.037,34,26,35,27,3,2,6.0,1.0,6.0,1.0,1.63,1.21,-1.21,46.4,,,,,
FF,2023-05-14,92.6,-1.88,6.52,"Duran, Jarren",680776,571945,,ball,,,,,13.0,,R,L,R,BOS,STL,B,,,0,0,2023,-0.89,1.53,-0.3658515529698493,1.4244617313266352,,,,2,6,Bot,,,,,,,5.8291098408167,-134.33595965464906,-10.529270450230696,-12.069286861615012,29.117752287986526,-11.538077388817213,3.42944895686899,1.65872030318102,,,,92.7,2166.0,6.5,718187,668800,502671,669357,571448,657557,676475,663457,680977,54.0,,,,,,,,55,1,4-Seam Fastball,1,6,1,6,6,1,1,6,Standard,Strategic,213.0,0.001,0.043,,,,,-0.043,,-5,-5,0.036,0.036,34,26,35,27,3,2,6.0,1.0,6.0,1.0,1.15,0.89,-0.89,48.1,,,,,
CH,2023-05-14,87.7,-2.11,6.36,"Duran, Jarren",680776,571945,field_out,hit_into_play,,,,,8.0,Jarren Duran lines out to center fielder Lars Nootbaar.,R,L,R,BOS,STL,X,8.0,line_drive,0,0,2023,-1.51,0.71,-0.2692267960421608,1.852291678412069,,,,1,4,Bot,131.91,81.84,,,,,7.601047063326299,-127.42695032977429,-6.209073053077698,-18.046531090698434,27.16708610735134,-23.358430460114093,3.41,1.64,292.0,86.3,19.0,87.9,1650.0,6.6,718187,668800,502671,669357,571448,657557,676475,663457,680977,53.94,0.732,0.698,0.0,1.0,0.0,0.0,4.0,36,1,Changeup,1,4,1,4,4,1,1,4,Standard,Standard,223.0,-0.017,-0.267,,,,0.857,0.267,88.0,-3,-3,0.191,0.191,34,26,35,27,2,1,6.0,1.0,6.0,1.0,2.28,1.51,-1.51,48.5,,,,,
SL,2023-05-14,87.6,-1.77,6.56,"Duran, Jarren",680776,571945,field_out,hit_into_play,,,,,14.0,Jarren Duran lines out to first baseman Paul Goldschmidt.,R,L,R,BOS,STL,X,3.0,line_drive,1,2,2023,0.44,0.38,0.9471618597437954,1.9704919917953636,,,646240.0,2,1,Bot,154.03,166.9,,,,,5.671343312538088,-127.52063255565577,-5.799848194516048,3.7820173973064537,23.058390954113648,-27.135301493926708,3.41,1.64,110.0,89.2,7.0,88.1,2396.0,6.3,718187,668800,502671,669357,571448,657557,680977,666185,663457,54.18,0.492,0.46,0.0,1.0,0.0,0.0,4.0,10,6,Slider,1,1,1,1,1,1,1,1,Standard,Standard,163.0,-0.015,-0.206,,,,0.563,0.206,89.2,0,0,0.515,0.515,34,26,35,27,1,0,6.0,1.0,6.0,1.0,2.56,-0.44,0.44,53.1,,,,,
FF,2023-05-14,93.0,-1.68,6.61,"Duran, Jarren",680776,571945,,foul,,,,,4.0,,R,L,R,BOS,STL,S,,,1,2,2023,-0.86,1.61,-0.3428851545335477,2.4050115104864913,,,646240.0,2,1,Bot,,,,,,,5.296105311737189,-135.2274651427469,-8.562318600630903,-11.677828469672496,27.74278853963983,-10.707012255246326,3.41,1.64,197.0,70.3,39.0,93.2,2405.0,6.3,718187,668800,502671,669357,571448,657557,680977,666185,663457,54.18,,,,,,,,10,5,4-Seam Fastball,1,1,1,1,1,1,1,1,Standard,Standard,206.0,0.0,0.0,,,,,0.0,88.0,0,0,0.515,0.515,34,26,35,27,1,0,6.0,1.0,6.0,1.0,1.01,0.86,-0.86,49.9,,,,,
CH,2023-05-14,87.7,-1.79,6.38,"Duran, Jarren",680776,571945,,foul,,,,,7.0,,R,L,R,BOS,STL,S,,,1,2,2023,-1.22,0.76,-0.6039329363094939,1.536321248857834,,,646240.0,2,1,Bot,,,,,,,5.387720297852068,-127.52107852363586,-7.18415642869825,-14.366183824834184,25.17953235885841,-22.627955977007584,3.41,1.64,3.0,66.5,-24.0,88.1,,6.5,718187,668800,502671,669357,571448,657557,680977,666185,663457,54.04,,,,,,,,10,4,Changeup,1,1,1,1,1,1,1,1,Strategic,Standard,,0.0,0.0,,,,,0.0,88.0,0,0,0.515,0.515,34,26,35,27,1,0,6.0,1.0,6.0,1.0,2.2,1.22,-1.22,47.6,,,,,
FF,2023-05-14,94.2,-1.79,6.54,"Duran, Jarren",680776,571945,,ball,,,,,11.0,,R,L,R,BOS,STL,B,,,0,2,2023,-0.47,1.57,-1.3479508379277672,3.660407158738371,,,646240.0,2,1,Bot,,,,,,,2.2074332380463475,-137.05870899862094,-5.251182539129235,-6.37521240926843,32.492756674272854,-11.48732697816697,3.39849081819231,1.53439113727292,,,,94.3,2376.0,6.5,718187,668800,502671,669357,571448,657557,680977,666185,663457,53.99,,,,,,,,10,3,4-Seam Fastball,1,1,1,1,1,1,1,1,Standard,Standard,207.0,0.002,0.02,,,,,-0.02,,0,0,0.513,0.513,34,26,35,27,1,0,6.0,1.0,6.0,1.0,1.02,0.47,-0.47,48.8,,,,,
SI,2023-05-14,93.0,-1.53,6.47,"Duran, Jarren",680776,571945,,called_strike,,,,,6.0,,R,L,R,BOS,STL,S,,,0,1,2023,-1.07,1.1,0.7931013212386178,2.179597522163304,,,646240.0,2,1,Bot,,,,,,,8.313963804103013,-135.0735530852246,-7.629752801606347,-14.92233996578596,30.41865270643568,-17.135247397473872,3.36753011402431,1.50330200630345,,,,93.1,2334.0,6.5,718187,668800,502671,669357,571448,657557,680977,666185,663457,54.0,,,,,,,,10,2,Sinker,1,1,1,1,1,1,1,1,Standard,Standard,206.0,-0.006,-0.055,,,,,0.055,,0,0,0.519,0.519,34,26,35,27,1,0,6.0,1.0,6.0,1.0,1.55,1.07,-1.07,49.9,,,,,
SI,2023-05-14,92.9,-1.72,6.39,"Duran, Jarren",680776,571945,,called_strike,,,,,8.0,,R,L,R,BOS,STL,S,,,0,0,2023,-1.22,1.04,-0.0149649958407733,1.930092523029676,,,646240.0,2,1,Bot,,,,,,,7.084171048429164,-134.92919430055554,-7.935953324912157,-16.429427623364493,30.372617009209204,-17.92518500157041,3.33656683793717,1.53439113727292,,,,93.4,2179.0,6.8,718187,668800,502671,669357,571448,657557,680977,666185,663457,53.74,,,,,,,,10,1,Sinker,1,1,1,1,1,1,1,1,Standard,Standard,205.0,-0.003,-0.045,,,,,0.045,,0,0,0.522,0.522,34,26,35,27,1,0,6.0,1.0,6.0,1.0,1.62,1.22,-1.22,48.2,,,,,
SI,2023-05-14,100.8,-1.62,5.92,"Duran, Jarren",680776,663855,walk,blocked_ball,,,,,14.0,Jarren Duran walks.,R,L,R,BOS,STL,B,,,3,0,2023,-1.52,0.84,0.9427544839493855,-0.1624006467599879,,,,2,8,Bot,,,,,,,10.747088510152205,-145.7882100956878,-13.544211897062368,-24.158250624332425,34.42883059504989,-17.067419088941016,3.42944895686899,1.56547753151217,,,,100.8,2175.0,6.7,718187,668800,502671,669357,571448,657557,676475,663457,680977,53.84,,0.695903,0.7,1.0,0.0,0.0,,74,4,Sinker,1,9,1,9,9,1,1,9,Strategic,Strategic,216.0,0.0,0.136,,,,,-0.136,,-8,-8,0.001,0.001,26,26,27,27,1,3,6.0,1.0,2.0,1.0,1.44,1.52,-1.52,41.2,,,,,
SI,2023-05-14,101.2,-1.53,5.99,"Duran, Jarren",680776,663855,,ball,,,,,9.0,,R,L,R,BOS,STL,B,,,2,0,2023,-1.71,0.61,0.4826920584711629,1.6230620965287863,,,,2,8,Bot,,,,,,,9.756934198029995,-146.74567618138997,-8.286352295906564,-27.13027906326134,38.84480576309365,-21.410509259208077,3.39870056517995,1.72117191743189,,,,101.2,2105.0,6.7,718187,668800,502671,669357,571448,657557,676475,663457,680977,53.76,,,,,,,,74,3,Sinker,1,9,1,9,9,1,1,9,Strategic,Strategic,216.0,0.0,0.113,,,,,-0.113,,-8,-8,0.001,0.001,26,26,27,27,1,3,6.0,1.0,2.0,1.0,1.65,1.71,-1.71,44.3,,,,,
SI,2023-05-14,100.8,-1.63,6.06,"Duran, Jarren",680776,663855,,ball,,,,,11.0,,R,L,R,BOS,STL,B,,,1,0,2023,-1.56,0.9,-1.7619511164351471,2.4898483317555686,,,,2,8,Bot,,,,,,,3.3793839250108273,-146.54583638425842,-6.703433187605177,-23.173806640536196,39.82700551401912,-17.738636293760283,3.30560098363496,1.47221013782992,,,,100.8,2055.0,6.7,718187,668800,502671,669357,571448,657557,676475,663457,680977,53.8,,,,,,,,74,2,Sinker,1,9,1,9,9,1,1,9,Standard,Strategic,219.0,0.0,0.056,,,,,-0.056,,-8,-8,0.001,0.001,26,26,27,27,1,3,6.0,1.0,2.0,1.0,1.37,1.56,-1.56,42.6,,,,,
SI,2023-05-14,101.6,-1.5,5.96,"Duran, Jarren",680776,663855,,ball,,,,,14.0,,R,L,R,BOS,STL,B,,,0,0,2023,-1.55,0.9,0.6803680243284336,1.152544024467265,,,,2,8,Bot,,,,,,,9.904674698134192,-147.19330674239723,-10.300108478139103,-24.98320597284567,39.55643699038723,-16.61668350409998,3.39849081819231,1.53439113727292,,,,101.7,2114.0,6.9,718187,668800,502671,669357,571448,657557,676475,663457,680977,53.63,,,,,,,,74,1,Sinker,1,9,1,9,9,1,1,9,Standard,Strategic,221.0,0.0,0.043,,,,,-0.043,,-8,-8,0.001,0.001,26,26,27,27,1,3,6.0,1.0,2.0,1.0,1.36,1.55,-1.55,42.1,,,,,
SI,2023-05-13,93.9,2.73,5.26,"Duran, Jarren",680776,571927,field_out,hit_into_play,,,,,6.0,"Jarren Duran grounds out, second baseman Tommy Edman to first baseman Paul Goldschmidt.",R,L,L,BOS,STL,X,4.0,ground_ball,2,1,2023,1.49,0.99,0.3617765201941962,2.4403624651843305,,,,2,4,Bot,141.88,141.09,,,,,-9.44015419458744,-136.32266100491782,-3.691946794888602,20.650734272111773,32.384366597679595,-19.275574424224715,3.41,1.64,7.0,90.6,-19.0,93.7,2194.0,6.5,718196,668800,502671,669242,571448,657557,660766,666185,663457,54.03,0.144,0.137,0.0,1.0,0.0,0.0,2.0,31,4,Sinker,3,0,3,0,0,3,3,0,Standard,Standard,114.0,-0.007,-0.314,,,,0.148,0.314,90.6,3,3,0.843,0.843,32,26,32,27,2,1,6.0,1.0,6.0,1.0,1.63,1.49,1.49,31.6,,,,,
SI,2023-05-13,93.2,2.6,5.25,"Duran, Jarren",680776,571927,,called_strike,,,,,9.0,,R,L,L,BOS,STL,S,,,2,0,2023,1.42,0.87,0.7043498524098375,1.616596432664981,,,,2,4,Bot,,,,,,,-8.02558005532778,-135.37859074679582,-5.440992644310708,19.263873759171652,33.11435599495148,-20.379564862617347,3.36753011402431,1.62764211342527,,,,93.2,2200.0,6.6,718196,668800,502671,669242,571448,657557,660766,666185,663457,53.85,,,,,,,,31,3,Sinker,3,0,3,0,0,3,3,0,Infield shade,Standard,116.0,0.0,-0.06,,,,,0.06,,3,3,0.843,0.843,32,26,32,27,2,1,6.0,1.0,6.0,1.0,1.79,1.42,1.42,33.3,,,,,
SI,2023-05-13,94.4,2.63,5.26,"Duran, Jarren",680776,571927,,ball,,,,,7.0,,R,L,L,BOS,STL,B,,,1,0,2023,1.31,0.86,-0.5667968637098761,1.5213818212803252,,,,2,4,Bot,,,,,,,-11.255453086139534,-136.83252963809426,-5.885918085854248,18.96198805601316,32.08243542841773,-20.215955326293273,3.24376926863629,1.56562931383431,,,,94.3,2373.0,6.6,718196,668800,502671,669242,571448,657557,660766,666185,663457,53.88,,,,,,,,31,2,Sinker,3,0,3,0,0,3,3,0,Standard,Standard,117.0,0.0,0.056,,,,,-0.056,,3,3,0.843,0.843,32,26,32,27,2,1,6.0,1.0,6.0,1.0,1.73,1.31,1.31,36.1,,,,,
SI,2023-05-13,94.1,2.46,5.34,"Duran, Jarren",680776,571927,,ball,,,,,13.0,,R,L,L,BOS,STL,B,,,0,0,2023,1.38,0.99,-1.091100652559715,1.9644878799076717,,,,2,4,Bot,,,,,,,-12.287535429641904,-136.17896447547295,-5.0746779510707585,20.158898805923545,36.119290588085086,-18.922924915887023,3.36753011402431,1.64014750589322,,,,93.3,2441.0,6.6,718196,668800,502671,669242,571448,657557,660766,666185,663457,53.88,,,,,,,,31,1,Sinker,3,0,3,0,0,3,3,0,Standard,Standard,121.0,0.001,0.043,,,,,-0.043,,3,3,0.842,0.842,32,26,32,27,2,1,6.0,1.0,6.0,1.0,1.66,1.38,1.38,32.4,,,,,
SI,2023-05-13,93.7,2.83,5.28,"Duran, Jarren",680776,571927,grounded_into_double_play,hit_into_play,,,,,5.0,"Jarren Duran grounds into a double play, second baseman Tommy Edman to shortstop Paul DeJong to first baseman Paul Goldschmidt. Enrique Hernandez out at 2nd. Jarren Duran out at 1st.",R,L,L,BOS,STL,X,4.0,ground_ball,2,2,2023,1.74,1.09,0.2633645431131863,2.7394835295285143,,,571771.0,1,2,Bot,145.43,147.67,,,,,-10.545332572793836,-135.87028282882204,-3.1409548953715314,24.016166700948553,34.51218971723051,-18.220217046784136,3.41,1.64,96.0,79.6,8.0,93.5,2394.0,6.8,718196,668800,502671,669242,571448,657557,660766,666185,663457,53.74,0.358,0.322,0.0,1.0,0.0,0.0,4.0,15,5,Sinker,1,0,1,0,0,1,1,0,Standard,Standard,113.0,-0.042,-0.308,,,,0.388,0.308,88.0,1,1,0.654,0.654,32,26,32,27,1,0,6.0,1.0,6.0,1.0,1.56,1.74,1.74,30.3,,,,,
SI,2023-05-13,94.6,2.65,5.39,"Duran, Jarren",680776,571927,,ball,,,,,7.0,,R,L,L,BOS,STL,B,,,1,2,2023,1.49,0.94,-0.8267370433262498,1.8502885953919936,,,571771.0,1,2,Bot,,,,,,,-12.450913737955856,-137.15389497877317,-5.653593365091015,21.587705305047336,29.559807972274832,-19.194305026088227,3.30603912254927,1.5658874104557,,,,95.1,2291.0,6.7,718196,668800,502671,669242,571448,657557,660766,666185,663457,53.77,,,,,,,,15,4,Sinker,1,0,1,0,0,1,1,0,Standard,Standard,119.0,0.004,0.047,,,,,-0.047,,1,1,0.65,0.65,32,26,32,27,1,0,6.0,1.0,6.0,1.0,1.62,1.49,1.49,33.9,,,,,
SI,2023-05-13,93.6,2.75,5.34,"Duran, Jarren",680776,571927,,called_strike,,,,,9.0,,R,L,L,BOS,STL,S,,,1,1,2023,1.53,1.06,0.4373040165251523,1.5644237889633552,,,571771.0,1,2,Bot,,,,,,,-9.40596278527171,-135.82115730190208,-6.313463804889429,21.06975545622801,32.149844441886906,-17.73734153966292,3.24409825105982,1.53480043297728,,,,93.7,2287.0,6.7,718196,668800,502671,669242,571448,657557,660766,666185,663457,53.82,,,,,,,,15,3,Sinker,1,0,1,0,0,1,1,0,Standard,Standard,117.0,-0.007,-0.055,,,,,0.055,,1,1,0.657,0.657,32,26,32,27,1,0,6.0,1.0,6.0,1.0,1.57,1.53,1.53,32.1,,,,,
SI,2023-05-13,94.0,2.65,5.38,"Duran, Jarren",680776,571927,,ball,,,,,13.0,,R,L,L,BOS,STL,B,,,0,1,2023,1.73,0.91,-1.03429501143764,2.3274622120106994,,,571771.0,1,2,Bot,,,,,,,-13.478897997258104,-136.05546519191267,-4.117248549201683,24.571385339402763,32.495667120261466,-20.150218967690023,3.27506998049385,1.5658874104557,,,,94.2,2367.0,6.9,718196,668800,502671,669242,571448,657557,660766,666185,663457,53.62,,,,,,,,15,2,Sinker,1,0,1,0,0,1,1,0,Standard,Standard,116.0,0.003,0.025,,,,,-0.025,,1,1,0.654,0.654,32,26,32,27,1,0,6.0,1.0,6.0,1.0,1.72,1.73,1.73,28.7,,,,,
CU,2023-05-13,79.6,2.75,5.46,"Duran, Jarren",680776,571927,,foul,,,,,5.0,,R,L,L,BOS,STL,S,,,0,0,2023,-1.35,-0.49,-0.2600568528466129,2.532940888541307,,,571771.0,1,2,Bot,,,,,,,-4.100616999630744,-115.79439903665175,1.3356424630919657,-11.225763867141918,23.69620435922946,-37.05694660673621,3.41,1.64,161.0,67.2,47.0,79.9,2263.0,6.7,718196,668800,502671,669242,571448,657557,660766,666185,663457,53.77,,,,,,,,15,1,Curveball,1,0,1,0,0,1,1,0,Standard,Standard,316.0,-0.004,-0.042,,,,,0.042,88.0,1,1,0.658,0.658,32,26,32,27,1,0,6.0,1.0,6.0,1.0,4.12,-1.35,-1.35,35.2,,,,,
ST,2023-05-13,82.2,-1.17,6.24,"Duran, Jarren",680776,572403,strikeout,swinging_strike,,,,,1.0,Jarren Duran strikes out swinging.,R,L,R,BOS,STL,S,2.0,,2,2,2023,1.3,0.08,-0.7970382245299987,2.9217163369523957,,608701.0,807799.0,2,6,Bot,,,,,,,-1.6702309008071765,-119.67130729644384,-1.061770371205967,12.710723751516245,26.24880998606821,-31.392234869123147,3.41,1.64,,,,81.8,2336.0,6.3,718196,668800,502671,669242,571448,657557,660766,666185,663457,54.2,,0.0,0.0,1.0,0.0,0.0,,46,5,Sweeper,3,0,3,0,0,3,3,0,Standard,Standard,58.0,-0.014,-0.246,,,,,0.246,,3,3,0.907,0.907,32,26,33,27,1,2,3.0,1.0,3.0,1.0,3.32,-1.3,1.3,47.4,,,,,
FF,2023-05-13,96.5,-0.94,6.37,"Duran, Jarren",680776,572403,,ball,,,,,1.0,,R,L,R,BOS,STL,B,,,1,2,2023,-0.2,1.38,-0.7899035517871562,3.245500229550718,,608701.0,807799.0,2,6,Bot,,,,,,,0.8648356053448226,-140.42968516481818,-5.886107875705828,-2.8493813818848097,32.665900968517384,-12.813958588947328,3.30570777339744,1.5656274165562,,,,96.5,2392.0,6.4,718196,668800,502671,669242,571448,657557,660766,666185,663457,54.14,,,,,,,,46,4,4-Seam Fastball,3,0,3,0,0,3,3,0,Standard,Standard,204.0,0.003,0.033,,,,,-0.033,,3,3,0.904,0.904,32,26,33,27,1,2,3.0,1.0,3.0,1.0,1.07,0.2,-0.2,52.9,,,,,
FF,2023-05-13,92.8,-1.75,6.68,"Duran, Jarren",680776,606149,field_out,hit_into_play,,,,,7.0,Jarren Duran lines out to left fielder Alec Burleson.,R,L,R,BOS,STL,X,7.0,line_drive,1,1,2023,-0.91,1.38,-0.4051321668915999,2.040543645928399,,,,1,9,Bot,68.61,116.97,,,,,5.3569188510725745,-134.7411661744686,-8.952030310276724,-12.253585927231397,30.88347533519174,-13.553438924071884,3.41,1.64,250.0,94.0,14.0,91.5,2289.0,5.7,718196,668800,502671,669357,571448,669242,676475,663457,680977,54.76,0.945,0.941,0.0,1.0,0.0,0.0,4.0,69,3,4-Seam Fastball,3,4,3,4,4,3,3,4,Standard,Strategic,207.0,-0.065,-0.257,,,,1.184,0.257,94.0,-1,-1,0.112,0.112,31,26,32,27,1,3,4.0,1.0,4.0,1.0,1.29,0.91,-0.91,56.2,,,,,
FF,2023-05-13,94.5,-1.02,6.37,"Duran, Jarren",680776,572403,,foul,,,,,6.0,,R,L,R,BOS,STL,S,,,1,1,2023,-0.03,1.15,0.7914828435192774,2.5190210300817433,,608701.0,807799.0,2,6,Bot,,,,,,,4.8030074113695305,-137.50384724869173,-6.937890153352179,-1.3584138355788349,28.825089696892455,-16.295142452198668,3.41,1.64,183.0,67.1,39.0,95.0,2393.0,6.5,718196,668800,502671,669242,571448,657557,660766,666185,663457,54.05,,,,,,,,46,3,4-Seam Fastball,3,0,3,0,0,3,3,0,Standard,Standard,202.0,-0.004,-0.069,,,,,0.069,88.0,3,3,0.908,0.908,32,26,33,27,1,2,3.0,1.0,3.0,1.0,1.39,0.03,-0.03,51.9,,,,,
FF,2023-05-13,94.5,-1.77,6.6,"Duran, Jarren",680776,606149,,ball,,,,,14.0,,R,L,R,BOS,STL,B,,,0,1,2023,-0.61,1.46,1.0603066340085836,1.980991355235279,,,,1,9,Bot,,,,,,,8.620565565242693,-137.0795546259946,-9.420927890989638,-9.737089367125522,32.51613964437862,-11.76898758444144,3.36708986421571,1.63973550632385,,,,93.1,2346.0,5.8,718196,668800,502671,669357,571448,669242,676475,663457,680977,54.71,,,,,,,,69,2,4-Seam Fastball,3,4,3,4,4,3,3,4,Standard,Strategic,206.0,0.007,0.03,,,,,-0.03,,-1,-1,0.105,0.105,31,26,32,27,1,3,4.0,1.0,4.0,1.0,1.12,0.61,-0.61,56.7,,,,,
SI,2023-05-13,95.1,-1.22,6.23,"Duran, Jarren",680776,572403,,ball,,,,,13.0,,R,L,R,BOS,STL,B,,,0,1,2023,-1.12,0.76,-1.1099996244791306,2.015421282576237,,608701.0,807799.0,2,6,Bot,,,,,,,2.792118455942528,-138.50633064865838,-7.196978190638157,-15.045310615878554,27.62942916124871,-21.029950878916676,3.33656683793717,1.65872030318102,,,,95.7,2400.0,6.4,718196,668800,502671,669242,571448,657557,660766,666185,663457,54.13,,,,,,,,46,2,Sinker,3,0,3,0,0,3,3,0,Standard,Standard,209.0,0.001,0.025,,,,,-0.025,,3,3,0.907,0.907,32,26,33,27,1,2,3.0,1.0,3.0,1.0,1.73,1.12,-1.12,47.6,,,,,
FF,2023-05-13,93.4,-1.7,6.66,"Duran, Jarren",680776,606149,,called_strike,,,,,4.0,,R,L,R,BOS,STL,S,,,0,0,2023,-0.72,1.38,-0.3859637179631585,2.8072677477532073,,,,1,9,Bot,,,,,,,4.903048916272225,-135.71668519913374,-7.061193939936469,-9.960440040421933,31.628712754928443,-13.79399643111348,3.39804985671543,1.63973550632385,,,,92.1,2313.0,5.7,718196,668800,502671,669357,571448,669242,676475,663457,680977,54.77,,,,,,,,69,1,4-Seam Fastball,3,4,3,4,4,3,3,4,Standard,Strategic,203.0,-0.01,-0.041,,,,,0.041,,-1,-1,0.115,0.115,31,26,32,27,1,3,4.0,1.0,4.0,1.0,1.26,0.72,-0.72,58.0,,,,,
FF,2023-05-13,95.0,-1.0,6.28,"Duran, Jarren",680776,572403,,swinging_strike,,,,,6.0,,R,L,R,BOS,STL,S,,,0,0,2023,-0.26,1.25,0.3942054858998048,2.4404101782423884,,608701.0,807799.0,2,6,Bot,,,,,,,4.255114632077614,-138.39841450642072,-7.331552990487594,-4.175597061176555,25.80639763523429,-14.72542781635823,3.41,1.64,,,,96.0,2298.0,6.4,718196,668800,502671,669242,571448,657557,660766,666185,663457,54.06,,,,,,,,46,1,4-Seam Fastball,3,0,3,0,0,3,3,0,Standard,Standard,200.0,-0.002,-0.04,,,,,0.04,,3,3,0.909,0.909,32,26,33,27,1,2,3.0,1.0,3.0,1.0,1.24,0.26,-0.26,50.1,,,,,
CU,2023-05-12,72.8,-0.91,6.34,"Duran, Jarren",680776,425794,single,hit_into_play,,,,,14.0,Jarren Duran singles on a line drive to right fielder Lars Nootbaar. Alex Verdugo scores. Justin Turner scores.,R,L,R,BOS,STL,X,9.0,line_drive,0,0,2023,1.18,-1.22,0.8710019729901723,2.361456637521881,657077.0,457759.0,,2,4,Bot,160.94,117.81,,,,,1.5372180138087894,-105.9246316636185,1.5949987344580914,8.473617993045085,21.13157480493033,-41.81660224995926,3.42,1.64,190.0,72.8,19.0,72.0,2755.0,6.1,718211,668800,502671,669242,571448,657557,660766,666185,663457,54.42,0.939,0.865,0.9,1.0,1.0,0.0,4.0,31,1,Curveball,0,2,0,2,2,2,2,2,Standard,Standard,42.0,0.204,0.733,,,,1.008,-0.733,88.0,-2,-2,0.324,0.324,41,26,42,27,2,1,6.0,2.0,6.0,1.0,5.58,-1.18,1.18,49.6,,,,,
FC,2023-05-12,83.4,-1.06,6.29,"Duran, Jarren",680776,425794,,called_strike,,,,,4.0,,R,L,R,BOS,STL,S,,,3,1,2023,0.18,1.03,-0.540562787453212,2.6412835697618533,,,,1,2,Bot,,,,,,,0.8322978477516638,-121.5788346373124,-4.08959175338236,1.701348486509622,20.42625176447839,-21.326404492008493,3.23246231620439,1.58537776418729,,,,83.8,2114.0,6.2,718211,668800,502671,669242,571448,657557,660766,666185,663457,54.34,,,,,,,,14,5,Cutter,0,2,0,2,2,0,0,2,Standard,Standard,175.0,-0.007,-0.104,,,,,0.104,,-2,-2,0.328,0.328,41,26,42,27,1,0,6.0,2.0,6.0,1.0,2.2,-0.18,0.18,50.5,,,,,
SI,2023-05-12,86.6,-1.01,6.12,"Duran, Jarren",680776,425794,,ball,,,,,13.0,,R,L,R,BOS,STL,B,,,2,1,2023,-1.06,0.94,-1.0681597412687274,2.1989126285044787,,,,1,2,Bot,,,,,,,2.037972800148232,-126.081886365359,-5.138994027116043,-11.763966099658411,23.427605151452855,-21.29788305397214,3.2634328139355,1.64753634475908,,,,87.2,2151.0,6.4,718211,668800,502671,669242,571448,657557,660766,666185,663457,54.06,,,,,,,,14,4,Sinker,0,2,0,2,2,0,0,2,Standard,Standard,205.0,0.008,0.122,,,,,-0.122,,-2,-2,0.32,0.32,41,26,42,27,1,0,6.0,2.0,6.0,1.0,2.07,1.06,-1.06,49.0,,,,,
FC,2023-05-12,84.0,-1.08,6.27,"Duran, Jarren",680776,425794,,foul,,,,,3.0,,R,L,R,BOS,STL,S,,,2,0,2023,0.51,0.82,0.5324722786732996,3.084400042486908,,,,1,2,Bot,,,,,,,2.7365698174763637,-122.4882204216989,-2.694196269938411,4.66709023524335,21.255892163204336,-23.603964355286095,3.42,1.64,119.0,69.0,12.0,84.8,2345.0,6.4,718211,668800,502671,669242,571448,657557,660766,666185,663457,54.06,,,,,,,,14,3,Cutter,0,2,0,2,2,0,0,2,Standard,Standard,173.0,-0.005,-0.062,,,,,0.062,88.0,-2,-2,0.325,0.325,41,26,42,27,1,0,6.0,2.0,6.0,1.0,2.37,-0.51,0.51,49.8,,,,,
FF,2023-05-12,84.8,-1.27,6.21,"Duran, Jarren",680776,425794,,ball,,,,,11.0,,R,L,R,BOS,STL,B,,,1,0,2023,-0.06,1.27,-0.866933479976383,3.335516605570414,,,,1,2,Bot,,,,,,,1.056187718823075,-123.62932447417724,-3.0361758831581733,-0.7582532270912502,21.338637382396904,-18.692963141411468,3.2634328139355,1.61645842394653,,,,85.8,2221.0,6.5,718211,668800,502671,669242,571448,657557,660766,666185,663457,53.98,,,,,,,,14,2,4-Seam Fastball,0,2,0,2,2,0,0,2,Standard,Standard,193.0,0.005,0.066,,,,,-0.066,,-2,-2,0.32,0.32,41,26,42,27,1,0,6.0,2.0,6.0,1.0,1.86,0.06,-0.06,49.4,,,,,
SI,2023-05-12,86.9,-1.12,6.13,"Duran, Jarren",680776,425794,,ball,,,,,13.0,,R,L,R,BOS,STL,B,,,0,0,2023,-1.07,0.93,-1.1563927470937956,2.078289816049602,,,,1,2,Bot,,,,,,,2.1155152352605255,-126.6830135159049,-5.588526062615775,-11.978182254246066,21.954004049550516,-21.20224866257807,3.2634328139355,1.58537776418729,,,,88.1,2081.0,6.6,718211,668800,502671,669242,571448,657557,660766,666185,663457,53.88,,,,,,,,14,1,Sinker,0,2,0,2,2,0,0,2,Standard,Standard,207.0,0.003,0.039,,,,,-0.039,,-2,-2,0.317,0.317,41,26,42,27,1,0,6.0,2.0,6.0,1.0,2.04,1.07,-1.07,45.4,,,,,
FF,2023-05-12,95.8,-1.77,5.98,"Duran, Jarren",680776,669467,field_out,hit_into_play,,,,,5.0,"Jarren Duran grounds out, third baseman Nolan Arenado to first baseman Paul Goldschmidt.",R,L,R,BOS,STL,X,5.0,ground_ball,0,0,2023,-0.69,0.72,-0.0911876995780572,2.730962754268277,,,,0,6,Bot,114.58,180.11,,,,,5.9943956770277325,-139.4794401521042,-4.692511650066403,-10.27441019137248,27.417892760719383,-21.867879045122653,3.42,1.64,2.0,78.6,-49.0,96.3,2175.0,6.3,718211,668800,502671,669242,571448,657557,680977,666185,663457,54.22,0.165,0.166,0.0,1.0,0.0,0.0,2.0,50,1,4-Seam Fastball,4,5,4,5,5,4,4,5,Standard,Standard,194.0,-0.04,-0.265,,,,0.169,0.265,88.0,-1,-1,0.396,0.396,24,26,25,27,1,2,3.0,2.0,1.0,1.0,1.73,0.69,-0.69,58.9,,,,,
,2023-05-12,,,,"Duran, Jarren",680776,425794,walk,automatic_ball,,,,,,Jarren Duran walks.,R,L,R,BOS,STL,B,,,3,2,2023,,,,,,,,1,2,Bot,,,,,,,,,,,,,,,,,,,,,718211,668800,502671,669242,571448,657557,660766,666185,663457,,,0.695903,0.7,1.0,0.0,0.0,,14,6,,0,2,0,2,2,0,0,2,,,,0.023,,,,,,,,-2,-2,0.321,0.321,41,26,42,27,1,0,6.0,2.0,6.0,1.0,,,,,,,,,
ST,2023-05-10,79.7,-2.57,5.13,"Duran, Jarren",680776,543521,single,hit_into_play,,,,,9.0,Jarren Duran singles on a fly ball to center fielder Michael Harris II. Justin Turner scores. Enrique Hernandez to 2nd.,R,L,R,ATL,BOS,X,8.0,fly_ball,2,2,2023,1.45,0.18,0.783493857004512,1.7094659253245914,,457759.0,571771.0,1,4,Top,112.76,105.29,,,,,4.698153622828306,-116.06365404149808,-1.126204942428228,12.241377493474983,21.510514147248433,-30.57858554675386,3.42,1.66,226.0,71.1,36.0,80.7,2691.0,6.9,718220,518595,621566,645277,663586,606115,592696,671739,660670,53.59,0.537,0.539,0.9,1.0,1.0,0.0,3.0,26,5,Sweeper,0,1,1,0,2,0,2,0,Standard,Standard,53.0,-0.103,0.525,,,,0.659,-0.525,88.0,-1,1,0.344,0.656,36,26,36,27,1,1,3.0,1.0,4.0,2.0,3.4,-1.45,1.45,21.4,,,,,
FC,2023-05-10,88.5,-2.2,5.42,"Duran, Jarren",680776,543521,,ball,,,,,11.0,,R,L,R,ATL,BOS,B,,,1,2,2023,0.01,0.54,-0.1328229475510023,3.3036503780112634,,457759.0,571771.0,1,4,Top,,,,,,,5.080802989159798,-128.94833464871584,-0.3235464480968302,-0.8018354867092894,21.81169111600741,-26.2308170122144,3.15736390818816,1.56973789083634,,,,90.2,2462.0,6.9,718220,518595,621566,645277,663586,606115,592696,671739,660670,53.65,,,,,,,,26,4,Cutter,0,1,1,0,1,0,1,0,Standard,Standard,204.0,-0.007,0.028,,,,,-0.028,,-1,1,0.351,0.649,36,26,36,27,1,1,3.0,1.0,4.0,2.0,2.32,-0.01,0.01,26.9,,,,,
FC,2023-05-10,89.1,-2.11,5.51,"Duran, Jarren",680776,543521,,foul,,,,,5.0,,R,L,R,ATL,BOS,S,,,1,1,2023,0.25,0.73,0.1561429331008591,2.468253090064392,,457759.0,571771.0,1,4,Top,,,,,,,5.102204461896302,-129.80501525366284,-3.09944973922465,1.961586843054798,22.867976132272503,-23.41107133867894,3.42,1.66,236.0,80.9,46.0,90.6,2552.0,6.8,718220,518595,621566,645277,663586,606115,592696,671739,660670,53.69,,,,,,,,26,3,Cutter,0,1,1,0,1,0,1,0,Standard,Standard,207.0,0.012,-0.059,,,,,0.059,88.0,-1,1,0.339,0.661,36,26,36,27,1,1,3.0,1.0,4.0,2.0,2.09,-0.25,0.25,24.9,,,,,
FC,2023-05-10,88.4,-2.19,5.51,"Duran, Jarren",680776,543521,,swinging_strike,,,,,2.0,,R,L,R,ATL,BOS,S,,,1,0,2023,0.09,0.69,0.2619589981351535,3.1857675225516715,,457759.0,571771.0,1,4,Top,,,,,,,5.859888854146489,-128.81156433903146,-1.1401940810330953,-0.002293463793667,22.5427368027544,-24.356146573808783,3.42011841880339,1.65999547294842,,,,90.1,2640.0,6.9,718220,518595,621566,645277,663586,606115,592696,671739,660670,53.57,,,,,,,,26,2,Cutter,0,1,1,0,1,0,1,0,Standard,Standard,199.0,0.008,-0.051,,,,,0.051,,-1,1,0.331,0.669,36,26,36,27,1,1,3.0,1.0,4.0,2.0,2.18,-0.09,0.09,29.4,,,,,
ST,2023-05-10,80.8,-2.46,5.27,"Duran, Jarren",680776,543521,,ball,,,,,14.0,,R,L,R,ATL,BOS,B,,,0,0,2023,1.26,0.24,1.207217566500884,1.709988354100453,,457759.0,571771.0,1,4,Top,,,,,,,5.825054508439994,-117.6962869945934,-1.81393810702636,10.74005481294759,20.82566921776461,-29.80888861747344,3.51621214241616,1.66005462055531,,,,81.9,2738.0,6.8,718220,518595,621566,645277,663586,606115,592696,671739,660670,53.7,,,,,,,,26,1,Sweeper,0,1,1,0,1,0,1,0,Standard,Standard,53.0,-0.006,0.042,,,,,-0.042,,-1,1,0.337,0.663,36,26,36,27,1,1,3.0,1.0,4.0,2.0,3.23,-1.26,1.26,22.4,,,,,
SL,2023-05-10,85.2,1.69,6.46,"Duran, Jarren",680776,669276,strikeout,swinging_strike,,,,,13.0,Jarren Duran strikes out swinging.,R,L,L,ATL,BOS,S,2.0,,1,2,2023,-0.21,0.48,-0.7500435029280786,1.252283357979008,,,,1,2,Top,,,,,,,-5.3451750368251725,-123.97694166195627,-6.955997299024839,-1.1676040531984766,22.410017599596877,-26.14010477488178,3.42,1.66,,,,85.9,2089.0,6.5,718220,518595,621566,645277,663586,606115,592696,671739,660670,53.99,,0.0,0.0,1.0,0.0,0.0,,9,4,Slider,0,0,0,0,0,0,0,0,Strategic,Standard,175.0,0.012,-0.189,,,,,0.189,,0,0,0.528,0.472,28,26,29,27,1,0,3.0,1.0,3.0,2.0,2.64,-0.21,-0.21,46.6,,,,,
SL,2023-05-10,84.6,1.57,6.49,"Duran, Jarren",680776,669276,,swinging_strike,,,,,13.0,,R,L,L,ATL,BOS,S,,,1,1,2023,-0.4,0.64,-1.2488770984410047,1.8694362023568936,,,,1,2,Top,,,,,,,-5.8014897411061686,-123.12547038579372,-5.7996638675050605,-3.1082181720075774,21.6454663192451,-24.74047932736175,3.42,1.66,,,,85.4,2089.0,6.6,718220,518595,621566,645277,663586,606115,592696,671739,660670,53.95,,,,,,,,9,3,Slider,0,0,0,0,0,0,0,0,Standard,Standard,167.0,0.004,-0.068,,,,,0.068,,0,0,0.524,0.476,28,26,29,27,1,0,3.0,1.0,3.0,2.0,2.51,-0.4,-0.4,46.8,,,,,
SL,2023-05-10,84.4,1.66,6.39,"Duran, Jarren",680776,669276,,ball,,,,,13.0,,R,L,L,ATL,BOS,B,,,0,1,2023,-0.23,0.5,-1.2299726146562566,0.9806955819107794,,,,1,2,Top,,,,,,,-6.288010246734488,-122.74038860638392,-7.320666310769235,-1.2828884393007127,20.834922627162538,-25.93162884735264,3.51621214241616,1.70611047654835,,,,85.2,2077.0,6.5,718220,518595,621566,645277,663586,606115,592696,671739,660670,53.99,,,,,,,,9,2,Slider,0,0,0,0,0,0,0,0,Standard,Standard,160.0,-0.002,0.03,,,,,-0.03,,0,0,0.526,0.474,28,26,29,27,1,0,3.0,1.0,3.0,2.0,2.66,-0.23,-0.23,46.1,,,,,
FF,2023-05-10,91.4,1.65,6.45,"Duran, Jarren",680776,669276,,called_strike,,,,,4.0,,R,L,L,ATL,BOS,S,,,0,0,2023,0.62,1.6,-0.3979363151052335,2.6719612744145955,,,,1,2,Top,,,,,,,-6.507949842781124,-132.8948843491176,-7.158260621692952,8.646367811104044,25.70757953484855,-11.851164836463209,3.58340699596302,1.70611047654835,,,,92.1,2259.0,6.5,718220,518595,621566,645277,663586,606115,592696,671739,660670,53.96,,,,,,,,9,1,4-Seam Fastball,0,0,0,0,0,0,0,0,Standard,Standard,154.0,0.003,-0.041,,,,,0.041,,0,0,0.523,0.477,28,26,29,27,1,0,3.0,1.0,3.0,2.0,1.11,0.62,0.62,46.8,,,,,
FF,2023-05-10,95.1,-1.74,5.5,"Duran, Jarren",680776,628452,double,hit_into_play,,,,,2.0,Jarren Duran doubles (12) on a sharp line drive to left fielder Eddie Rosario.,R,L,R,ATL,BOS,X,7.0,line_drive,3,2,2023,-0.67,1.28,-0.1359667407003852,3.1209341930730736,,,,0,9,Top,78.66,84.49,,,,,5.7244423358736585,-138.46123631670216,-3.5132048220963075,-9.8321603105599,28.330486165714166,-15.018551970724149,3.42,1.66,255.0,102.8,11.0,95.6,2382.0,6.3,718220,518595,621566,645277,663586,606115,592696,671739,660670,54.16,0.932,0.911,1.25,1.0,1.0,1.0,4.0,63,6,4-Seam Fastball,2,3,3,2,3,2,3,2,Strategic,Standard,225.0,-0.043,0.618,,,,1.17,-0.618,102.8,-1,1,0.161,0.839,33,26,33,27,1,3,3.0,1.0,4.0,2.0,1.22,0.67,-0.67,31.9,,,,,
FF,2023-05-10,94.9,-1.79,5.45,"Duran, Jarren",680776,628452,,foul,,,,,5.0,,R,L,R,ATL,BOS,S,,,3,1,2023,-0.81,1.4,-0.024099219982774,2.2425234621392005,,,,0,9,Top,,,,,,,6.447135779498516,-137.92255296879674,-5.826893810943791,-11.778641875298485,31.442948373832728,-13.22184790562803,3.42,1.66,273.0,88.7,46.0,94.9,2451.0,6.4,718220,518595,621566,645277,663586,606115,592696,671739,660670,54.11,,,,,,,,63,5,4-Seam Fastball,2,3,3,2,3,2,3,2,Standard,Standard,230.0,0.006,-0.088,,,,,0.088,88.7,-1,1,0.155,0.845,33,26,33,27,1,3,3.0,1.0,4.0,2.0,1.14,0.81,-0.81,31.2,,,,,
FF,2023-05-10,95.3,-1.81,5.48,"Duran, Jarren",680776,628452,,ball,,,,,11.0,,R,L,R,ATL,BOS,B,,,2,1,2023,-0.77,1.26,-1.2911930886296412,3.2404641992493826,,,,0,9,Top,,,,,,,3.097970078640768,-138.73220802053262,-3.073715835575023,-10.605537475840014,31.33801918700999,-15.43832550481689,3.493936622375,1.6837883598338,,,,95.2,2357.0,6.2,718220,518595,621566,645277,663586,606115,592696,671739,660670,54.26,,,,,,,,63,4,4-Seam Fastball,2,3,3,2,3,2,3,2,Standard,Standard,226.0,-0.008,0.129,,,,,-0.129,,-1,1,0.163,0.837,33,26,33,27,1,3,3.0,1.0,4.0,2.0,1.25,0.77,-0.77,29.8,,,,,
FF,2023-05-10,95.5,2.49,5.77,"Duran, Jarren",680776,621345,walk,ball,,,,,13.0,Jarren Duran walks.,R,L,L,ATL,BOS,B,,,3,0,2023,0.7,1.38,-0.9824634055303348,2.0417578944005945,,,,0,7,Top,,,,,,,-10.724907121481406,-138.61466083672914,-7.355684665185877,11.20966059523471,27.231825600256897,-12.79626136608206,3.49387429492894,1.79592873430767,,,,96.1,2417.0,6.5,718220,518595,621566,645277,663586,606115,592696,671739,660670,54.02,,0.695903,0.7,1.0,0.0,0.0,,47,4,4-Seam Fastball,2,2,2,2,2,2,2,2,Standard,Standard,143.0,-0.024,0.173,,,,,-0.173,,0,0,0.465,0.5349999999999999,29,26,30,27,1,2,1.0,1.0,3.0,2.0,1.1,0.7,0.7,39.6,,,,,
FF,2023-05-10,96.2,2.44,5.87,"Duran, Jarren",680776,621345,,ball,,,,,12.0,,R,L,L,ATL,BOS,B,,,2,0,2023,0.72,1.3,0.913867474350539,3.277677936234894,,,,0,7,Top,,,,,,,-5.661325845657019,-140.06024378034232,-4.334054093928259,10.62235240347414,27.30840227100038,-14.140520537250586,3.54981069084518,1.76221024799713,,,,96.8,2372.0,6.3,718220,518595,621566,645277,663586,606115,592696,671739,660670,54.22,,,,,,,,47,3,4-Seam Fastball,2,2,2,2,2,2,2,2,Standard,Standard,139.0,-0.017,0.151,,,,,-0.151,,0,0,0.482,0.518,29,26,30,27,1,2,1.0,1.0,3.0,2.0,1.13,0.72,0.72,39.3,,,,,
CH,2023-05-10,87.5,-2.06,5.34,"Duran, Jarren",680776,628452,,ball,,,,,13.0,,R,L,R,ATL,BOS,B,,,1,1,2023,-1.34,0.35,-1.541459509006963,2.0608371827218583,,,,0,9,Top,,,,,,,4.010785207753456,-127.39148303152048,-2.5023394738246356,-15.447493807386518,25.41844094976326,-28.06956569016526,3.47153540287225,1.61646428037182,,,,87.7,1660.0,6.3,718220,518595,621566,645277,663586,606115,592696,671739,660670,54.19,,,,,,,,63,3,Changeup,2,3,3,2,3,2,3,2,Standard,Standard,248.0,-0.003,0.059,,,,,-0.059,,-1,1,0.166,0.834,33,26,33,27,1,3,3.0,1.0,4.0,2.0,2.62,1.34,-1.34,31.9,,,,,
FF,2023-05-10,96.0,2.26,5.88,"Duran, Jarren",680776,621345,,ball,,,,,13.0,,R,L,L,ATL,BOS,B,,,1,0,2023,0.71,1.25,-1.704393802217364,1.5323353608925108,,,,0,7,Top,,,,,,,-12.144562846502238,-139.19732357305816,-8.804826146706176,11.705144115481904,28.09774401350516,-14.104703273096296,3.50501213501411,1.66005462055531,,,,96.8,2402.0,6.7,718220,518595,621566,645277,663586,606115,592696,671739,660670,53.79,,,,,,,,47,2,4-Seam Fastball,2,2,2,2,2,2,2,2,Standard,Standard,145.0,-0.012,0.071,,,,,-0.071,,0,0,0.494,0.506,29,26,30,27,1,2,1.0,1.0,3.0,2.0,1.22,0.71,0.71,42.0,,,,,
FF,2023-05-10,95.0,-1.92,5.57,"Duran, Jarren",680776,628452,,ball,,,,,11.0,,R,L,R,ATL,BOS,B,,,0,1,2023,-0.97,1.21,-1.9982456747781565,3.8346669753561335,,,,0,9,Top,,,,,,,1.9631606592756257,-138.472798213461,-1.615956006837468,-12.874198174565247,30.368088219833293,-16.468965965155917,3.493936622375,1.61646428037182,,,,95.1,2321.0,6.2,718220,518595,621566,645277,663586,606115,592696,671739,660670,54.3,,,,,,,,63,2,4-Seam Fastball,2,3,3,2,3,2,3,2,Standard,Standard,226.0,-0.001,0.031,,,,,-0.031,,-1,1,0.167,0.833,33,26,33,27,1,3,3.0,1.0,4.0,2.0,1.31,0.97,-0.97,29.7,,,,,
FF,2023-05-10,95.9,2.35,5.94,"Duran, Jarren",680776,621345,,ball,,,,,3.0,,R,L,L,ATL,BOS,B,,,0,0,2023,0.83,1.45,0.3759988140350907,3.261404399737849,,,,0,7,Top,,,,,,,-7.103466338385943,-139.57205039435172,-4.818656693166577,12.382885567466484,28.317364299139044,-12.22544865168978,3.53804790855916,1.68301336816822,,,,96.6,2389.0,6.4,718220,518595,621566,645277,663586,606115,592696,671739,660670,54.06,,,,,,,,47,1,4-Seam Fastball,2,2,2,2,2,2,2,2,Standard,Standard,144.0,-0.006,0.04,,,,,-0.04,,0,0,0.5,0.5,29,26,30,27,1,2,1.0,1.0,3.0,2.0,1.0,0.83,0.83,40.2,,,,,
FF,2023-05-10,94.5,-1.92,5.58,"Duran, Jarren",680776,628452,,foul,,,,,5.0,,R,L,R,ATL,BOS,S,,,0,0,2023,-0.82,1.29,-0.0507112440103892,2.789315777532688,,,,0,9,Top,,,,,,,6.705406342339241,-137.42760628505823,-4.476378276064952,-11.867613446744969,28.8942201283102,-15.052206349247024,3.42,1.66,148.0,78.0,12.0,94.7,2361.0,6.3,718220,518595,621566,645277,663586,606115,592696,671739,660670,54.17,,,,,,,,63,1,4-Seam Fastball,2,3,3,2,3,2,3,2,Standard,Standard,223.0,0.002,-0.042,,,,,0.042,88.0,-1,1,0.165,0.835,33,26,33,27,1,3,3.0,1.0,4.0,2.0,1.26,0.82,-0.82,30.3,,,,,
CU,2023-05-09,82.6,-2.65,5.38,"Duran, Jarren",680776,450203,field_out,hit_into_play,,,,,9.0,Jarren Duran grounds out to first baseman Matt Olson.,R,L,R,ATL,BOS,X,3.0,ground_ball,0,2,2023,1.12,-0.89,0.2869601566267269,1.9675505910683837,,,,1,6,Top,152.36,175.1,,,,,4.492401486128986,-120.3426330417906,0.4297632665772721,10.110988559084166,22.674110790040984,-41.10089291823911,3.42,1.66,2.0,75.8,-46.0,82.7,3115.0,6.2,718245,669221,621566,645277,663586,606115,592696,671739,660670,54.27,0.153,0.148,0.0,1.0,0.0,0.0,2.0,54,3,Curveball,8,2,2,8,2,8,2,8,Infield shade,Standard,62.0,0.002,-0.17,,,,0.157,0.17,88.0,6,-6,0.982,0.018,39,26,40,27,3,2,8.0,2.0,6.0,1.0,4.21,-1.12,1.12,20.3,,,,,
CU,2023-05-09,82.3,-2.42,5.34,"Duran, Jarren",680776,450203,,called_strike,,,,,4.0,,R,L,R,ATL,BOS,S,,,0,1,2023,0.87,-0.77,-0.8237076997696231,2.1522011914861543,,,,1,6,Top,,,,,,,1.9384734274540396,-119.9175068933809,0.7182872145487416,8.06666246586718,21.69161889232151,-39.96300001353433,3.29558952007687,1.48514014767297,,,,82.3,3029.0,6.1,718245,669221,621566,645277,663586,606115,592696,671739,660670,54.43,,,,,,,,54,2,Curveball,8,2,2,8,2,8,2,8,Standard,Standard,63.0,0.001,-0.057,,,,,0.057,,6,-6,0.981,0.019,39,26,40,27,3,2,8.0,2.0,6.0,1.0,4.11,-0.87,0.87,20.6,,,,,
CH,2023-05-09,86.3,-2.73,5.29,"Duran, Jarren",680776,450203,,missed_bunt,,,,,8.0,,R,L,R,ATL,BOS,S,,,0,0,2023,-1.37,0.23,-0.1130305541139244,1.5861080178703983,,,,1,6,Top,,,,,,,9.02239215389275,-125.40627637565568,-3.077709821680693,-16.286749249137912,24.490107515620437,-29.287697695276787,3.42,1.66,,,,86.4,2172.0,6.4,718245,669221,621566,645277,663586,606115,592696,671739,660670,54.13,,,,,,,,54,1,Changeup,8,2,2,8,2,8,2,8,Standard,Standard,266.0,0.001,-0.041,,,,,0.041,,6,-6,0.98,0.02,39,26,40,27,3,2,8.0,2.0,6.0,1.0,2.83,1.37,-1.37,16.2,,,,,
FF,2023-05-09,96.1,-2.53,5.52,"Duran, Jarren",680776,450203,strikeout,called_strike,,,,,9.0,Jarren Duran called out on strikes.,R,L,R,ATL,BOS,S,2.0,,3,2,2023,-0.91,0.68,0.3380930850453603,1.6440359124727206,,,,0,4,Top,,,,,,,9.645056901934533,-139.52385364369482,-6.2231635339392355,-14.043101722383016,29.87621883915159,-22.082131195881903,3.38521750271627,1.57490897018221,,,,96.1,2099.0,6.3,718245,669221,621566,645277,663586,606115,592696,671739,660670,54.21,,0.0,0.0,1.0,0.0,0.0,,31,6,4-Seam Fastball,5,1,1,5,1,5,1,5,Infield shade,Standard,241.0,0.023,-0.353,,,,,0.353,,4,-4,0.871,0.129,39,26,40,27,2,1,8.0,2.0,6.0,1.0,1.79,0.91,-0.91,22.5,,,,,
CU,2023-05-09,83.4,-2.44,5.37,"Duran, Jarren",680776,450203,,swinging_strike,,,,,8.0,,R,L,R,ATL,BOS,S,,,3,1,2023,0.86,-0.42,0.1809385306862008,1.5657727039806255,,,,0,4,Top,,,,,,,4.346527277532798,-121.55407890538793,-1.5631277977011382,7.826910888419813,21.784184003501807,-36.30023758405917,3.42,1.66,,,,84.0,2976.0,6.4,718245,669221,621566,645277,663586,606115,592696,671739,660670,54.11,,,,,,,,31,5,Curveball,5,1,1,5,1,5,1,5,Standard,Standard,61.0,0.007,-0.088,,,,,0.088,,4,-4,0.864,0.136,39,26,40,27,2,1,8.0,2.0,6.0,1.0,3.67,-0.86,0.86,19.1,,,,,
FF,2023-05-09,95.6,-2.22,5.63,"Duran, Jarren",680776,450203,,ball,,,,,11.0,,R,L,R,ATL,BOS,B,,,2,1,2023,-0.79,0.89,-0.7095747053289615,4.442775807356272,,,,0,4,Top,,,,,,,5.7397201412369006,-139.16995359057813,0.458391188194025,-11.499229071903208,30.439476943544992,-20.83394794157788,3.40762228050504,1.61979168526058,,,,95.5,2258.0,6.2,718245,669221,621566,645277,663586,606115,592696,671739,660670,54.35,,,,,,,,31,4,4-Seam Fastball,5,1,1,5,1,5,1,5,Standard,Standard,240.0,-0.009,0.129,,,,,-0.129,,4,-4,0.873,0.127,39,26,40,27,2,1,8.0,2.0,6.0,1.0,1.59,0.79,-0.79,22.3,,,,,
CH,2023-05-09,87.1,-2.46,5.35,"Duran, Jarren",680776,450203,,swinging_strike,,,,,13.0,,R,L,R,ATL,BOS,S,,,2,0,2023,-1.37,-0.18,-0.3337878863437635,0.6800181053756789,,,,0,4,Top,,,,,,,7.921279522385299,-126.62175239036272,-4.687311742988313,-16.354647202204692,25.408692352785476,-33.35853310865193,3.42,1.66,,,,87.3,2095.0,6.4,718245,669221,621566,645277,663586,606115,592696,671739,660670,54.07,,,,,,,,31,3,Changeup,5,1,1,5,1,5,1,5,Standard,Standard,263.0,0.006,-0.065,,,,,0.065,,4,-4,0.867,0.133,39,26,40,27,2,1,8.0,2.0,6.0,1.0,3.19,1.37,-1.37,16.7,,,,,
CU,2023-05-09,83.0,-2.64,5.27,"Duran, Jarren",680776,450203,,ball,,,,,13.0,,R,L,R,ATL,BOS,B,,,1,0,2023,1.05,-0.62,-0.1147020407955899,0.706101850790763,,,,0,4,Top,,,,,,,3.716865128378672,-120.86235058807664,-2.7211715607480933,9.492347599901573,25.172914721115568,-37.9108991803239,3.34040526211327,1.50758275914779,,,,83.0,3062.0,6.4,718245,669221,621566,645277,663586,606115,592696,671739,660670,54.07,,,,,,,,31,2,Curveball,5,1,1,5,1,5,1,5,Standard,Standard,59.0,-0.006,0.071,,,,,-0.071,,4,-4,0.873,0.127,39,26,40,27,2,1,8.0,2.0,6.0,1.0,3.95,-1.05,1.05,15.7,,,,,
CU,2023-05-09,81.8,-2.61,5.39,"Duran, Jarren",680776,450203,,ball,,,,,13.0,,R,L,R,ATL,BOS,B,,,0,0,2023,1.17,-0.62,-1.0999930565109337,1.6703112310724744,,,,0,4,Top,,,,,,,1.138765536825994,-119.14479461388676,-0.605066127460977,10.84246815738776,24.694347433019523,-38.11450048983126,3.36281182596555,1.57490897018221,,,,81.5,3148.0,6.2,718245,669221,621566,645277,663586,606115,592696,671739,660670,54.32,,,,,,,,31,1,Curveball,5,1,1,5,1,5,1,5,Standard,Standard,67.0,-0.003,0.04,,,,,-0.04,,4,-4,0.876,0.124,39,26,40,27,2,1,8.0,2.0,6.0,1.0,4.04,-1.17,1.17,22.6,,,,,
FF,2023-05-09,95.6,-2.57,5.52,"Duran, Jarren",680776,450203,single,hit_into_play,,,,,6.0,Jarren Duran singles on a sharp line drive to left fielder Eddie Rosario.,R,L,R,ATL,BOS,X,7.0,line_drive,0,0,2023,-1.12,0.95,0.3974310967970618,2.3372905136176394,,,,1,2,Top,74.86,84.47,,,,,10.332997125343969,-138.7767392561475,-4.882058987109606,-16.798756151901955,30.98450695055494,-18.945934264302352,3.42,1.66,199.0,103.2,9.0,95.4,2337.0,6.3,718245,669221,621566,645277,663586,606115,592696,671739,660670,54.2,0.784,0.747,0.9,1.0,1.0,0.0,4.0,13,1,4-Seam Fastball,4,0,0,4,0,4,0,4,Standard,Standard,243.0,-0.019,0.416,,,,0.926,-0.416,103.2,4,-4,0.859,0.141,39,26,40,27,1,0,8.0,2.0,6.0,1.0,1.55,1.12,-1.12,20.9,,,,,
FC,2023-05-09,89.6,2.35,5.85,"Duran, Jarren",680776,621345,force_out,hit_into_play,,,,,7.0,"Red Sox challenged (play at 1st), call on the field was overturned: Jarren Duran grounds into a force out, second baseman Ozzie Albies to shortstop Orlando Arcia. Justin Turner to 3rd. Rafael Devers out at 2nd. Jarren Duran to 1st.",R,L,L,ATL,BOS,X,4.0,ground_ball,0,0,2023,-0.49,0.32,-0.4915320178555963,1.9399320222520733,,457759.0,646240.0,1,8,Top,137.51,150.86,,,,,-5.971523313277798,-130.45121695901997,-4.406864346551444,-4.4735944800526415,24.491695941981774,-27.84995787288719,3.42,1.66,27.0,70.3,-2.0,89.8,2595.0,6.2,718245,669221,621566,645277,663586,606115,592696,671739,660670,54.33,0.077,0.074,0.0,1.0,0.0,0.0,2.0,69,1,Cutter,8,2,2,8,2,8,2,8,Standard,Standard,213.0,0.008,-0.324,,,,0.154,0.324,88.0,6,-6,0.984,0.016,29,26,30,27,1,3,3.0,2.0,1.0,1.0,2.49,-0.49,-0.49,41.6,,,,,
FS,2023-05-07,87.9,-2.24,6.45,"Duran, Jarren",680776,592836,field_out,hit_into_play,,,,,8.0,"Jarren Duran grounds out, shortstop Trea Turner to first baseman Alec Bohm.",R,L,R,PHI,BOS,X,6.0,ground_ball,0,1,2023,-1.19,0.15,0.0418502553610642,1.8578028031335907,,,,1,5,Top,126.88,143.55,,,,,7.929279299640406,-127.77877934725636,-5.340218660491201,-14.6476121833615,23.623477569772923,-29.657036274440244,3.45,1.69,3.0,103.2,-26.0,87.5,1416.0,5.9,718270,592663,664761,681082,624641,607208,656941,669016,592206,54.62,0.156,0.142,0.0,1.0,0.0,0.0,2.0,32,2,Split-Finger,2,0,0,2,0,2,0,2,Infield shade,Standard,230.0,0.017,-0.227,,,,0.181,0.227,103.2,2,-2,0.783,0.2169999999999999,30,26,31,27,2,1,6.0,1.0,5.0,2.0,2.78,1.19,-1.19,37.5,,,,,
FC,2023-05-07,86.8,-2.28,6.56,"Duran, Jarren",680776,592836,,foul,,,,,9.0,,R,L,R,PHI,BOS,S,,,0,0,2023,0.07,1.33,0.3458561594072324,2.1398810234526016,,,,1,5,Top,,,,,,,6.055398014067579,-126.20404563252238,-7.07854471161464,-0.3424413290875123,23.172770294905273,-16.747713642832778,3.45,1.69,86.0,69.6,14.0,86.1,2346.0,5.7,718270,592663,664761,681082,624641,607208,656941,669016,592206,54.8,,,,,,,,32,1,Cutter,2,0,0,2,0,2,0,2,Infield shade,Standard,197.0,0.003,-0.041,,,,,0.041,88.0,2,-2,0.78,0.2199999999999999,30,26,31,27,2,1,6.0,1.0,5.0,2.0,1.68,-0.07,0.07,38.9,,,,,
FS,2023-05-07,90.0,-2.17,6.49,"Duran, Jarren",680776,592836,strikeout,foul_tip,,,,,14.0,Jarren Duran strikes out on a foul tip.,R,L,R,PHI,BOS,S,2.0,,3,2,2023,-1.35,0.11,0.1347916839133924,1.076742780885573,,,,1,2,Top,,,,,,,8.533240348505869,-130.765454645036,-7.700909439468317,-17.19929578285202,25.328216100492984,-29.53142296023935,3.45,1.69,,,,89.9,1516.0,6.1,718270,592663,664761,681082,624641,607208,656941,669016,592206,54.38,,0.0,0.0,1.0,0.0,0.0,,8,8,Split-Finger,0,0,0,0,0,0,0,0,Infield shade,Standard,230.0,0.021,-0.328,,,,,0.328,,0,0,0.519,0.481,30,26,31,27,1,0,6.0,1.0,5.0,2.0,2.69,1.35,-1.35,40.7,,,,,
FC,2023-05-07,89.7,-2.24,6.58,"Duran, Jarren",680776,592836,,ball,,,,,13.0,,R,L,R,PHI,BOS,B,,,2,2,2023,-0.23,1.13,-0.2508163733232289,1.2926144951603245,,,,1,2,Top,,,,,,,5.337375219046639,-130.3815301682391,-9.42353292008335,-3.652050531144843,23.9887927137842,-17.555528921682747,3.34341897526544,1.57713951463341,,,,89.2,2341.0,5.7,718270,592663,664761,681082,624641,607208,656941,669016,592206,54.77,,,,,,,,8,7,Cutter,0,0,0,0,0,0,0,0,Infield shade,Standard,205.0,-0.007,0.094,,,,,-0.094,,0,0,0.526,0.474,30,26,31,27,1,0,6.0,1.0,5.0,2.0,1.68,0.23,-0.23,44.1,,,,,
FS,2023-05-07,88.6,-2.25,6.5,"Duran, Jarren",680776,592836,,ball,,,,,13.0,,R,L,R,PHI,BOS,B,,,1,2,2023,-1.2,0.22,-1.1407846347202084,1.5563913990943998,,,,1,2,Top,,,,,,,5.165363684278926,-128.9544691576507,-6.452948757644418,-14.441321463997598,25.335103206548613,-28.671342283479863,3.34341897526544,1.57713951463341,,,,88.1,1441.0,5.8,718270,592663,664761,681082,624641,607208,656941,669016,592206,54.68,,,,,,,,8,6,Split-Finger,0,0,0,0,0,0,0,0,Infield shade,Standard,228.0,-0.002,0.045,,,,,-0.045,,0,0,0.528,0.472,30,26,31,27,1,0,6.0,1.0,5.0,2.0,2.67,1.2,-1.2,41.4,,,,,
FF,2023-05-07,94.5,-1.84,6.71,"Duran, Jarren",680776,592836,,foul,,,,,5.0,,R,L,R,PHI,BOS,S,,,1,2,2023,-0.86,1.6,0.1041080442347629,2.560168990154824,,,,1,2,Top,,,,,,,6.912505746112488,-137.22350279905586,-8.605542776041604,-12.36860775916984,29.92139216000379,-10.200413446496077,3.45,1.69,236.0,75.9,40.0,93.7,2158.0,5.9,718270,592663,664761,681082,624641,607208,656941,669016,592206,54.58,,,,,,,,8,5,4-Seam Fastball,0,0,0,0,0,0,0,0,Strategic,Standard,216.0,0.0,0.0,,,,,0.0,88.0,0,0,0.528,0.472,30,26,31,27,1,0,6.0,1.0,5.0,2.0,0.96,0.86,-0.86,46.0,,,,,
FS,2023-05-07,89.2,-2.31,6.53,"Duran, Jarren",680776,592836,,foul,,,,,13.0,,R,L,R,PHI,BOS,S,,,1,2,2023,-1.18,0.43,-0.6460532063181939,1.3107737155733177,,,,1,2,Top,,,,,,,6.5244627741792725,-129.63689562703294,-7.684029741576978,-14.694064130791013,25.065490822943033,-25.969984205730203,3.45,1.69,1.0,70.2,-55.0,88.8,1626.0,5.9,718270,592663,664761,681082,624641,607208,656941,669016,592206,54.58,,,,,,,,8,4,Split-Finger,0,0,0,0,0,0,0,0,Strategic,Standard,225.0,0.0,0.0,,,,,0.0,88.0,0,0,0.528,0.472,30,26,31,27,1,0,6.0,1.0,5.0,2.0,2.42,1.18,-1.18,40.8,,,,,
FF,2023-05-07,93.4,-1.96,6.66,"Duran, Jarren",680776,592836,,foul_tip,,,,,6.0,,R,L,R,PHI,BOS,S,,,1,1,2023,-0.56,1.53,0.515269825487959,2.6545545083080277,,,,1,2,Top,,,,,,,7.541141732109762,-135.76240496358415,-7.904201897779037,-8.4745403771246,28.05859187736042,-11.663463630113212,3.45,1.69,,,,92.9,2145.0,6.0,718270,592663,664761,681082,624641,607208,656941,669016,592206,54.55,,,,,,,,8,3,4-Seam Fastball,0,0,0,0,0,0,0,0,Standard,Standard,215.0,0.004,-0.068,,,,,0.068,,0,0,0.524,0.476,30,26,31,27,1,0,6.0,1.0,5.0,2.0,1.08,0.56,-0.56,46.7,,,,,
SI,2023-05-07,91.8,-2.07,6.62,"Duran, Jarren",680776,592836,,foul,,,,,4.0,,R,L,R,PHI,BOS,S,,,1,0,2023,-1.43,1.14,-0.6443445988240639,2.566903599395183,,,,1,2,Top,,,,,,,6.634092008539565,-133.47593996426588,-6.810524745741881,-18.54074072094467,28.450282040141268,-17.198278492748095,3.45,1.69,271.0,89.9,18.0,90.9,2034.0,5.8,718270,592663,664761,681082,624641,607208,656941,669016,592206,54.74,,,,,,,,8,2,Sinker,0,0,0,0,0,0,0,0,Standard,Standard,222.0,0.004,-0.05,,,,,0.05,89.9,0,0,0.52,0.48,30,26,31,27,1,0,6.0,1.0,5.0,2.0,1.56,1.43,-1.43,44.9,,,,,
SI,2023-05-07,92.5,-2.11,6.61,"Duran, Jarren",680776,592836,,ball,,,,,13.0,,R,L,R,PHI,BOS,B,,,0,0,2023,-1.17,0.99,-1.2558720048875196,2.4264850393090893,,,,1,2,Top,,,,,,,4.697604025158959,-134.67310596210675,-7.0299031742039295,-15.301991049484242,26.36824915679514,-18.82825943319852,3.34341897526544,1.52909189582244,,,,92.1,1934.0,5.8,718270,592663,664761,681082,624641,607208,656941,669016,592206,54.7,,,,,,,,8,1,Sinker,0,0,0,0,0,0,0,0,Standard,Standard,219.0,-0.003,0.039,,,,,-0.039,,0,0,0.523,0.477,30,26,31,27,1,0,6.0,1.0,5.0,2.0,1.65,1.17,-1.17,40.5,,,,,
SI,2023-05-07,99.0,1.55,6.64,"Duran, Jarren",680776,621237,field_out,hit_into_play,,,,,14.0,"Jarren Duran grounds out, second baseman Bryson Stott to first baseman Alec Bohm.",R,L,L,PHI,BOS,X,4.0,ground_ball,1,2,2023,1.09,1.09,0.9330194434319776,2.319437144517508,,,807799.0,2,7,Top,156.86,163.4,,,,,-4.257095578295486,-143.9907763376165,-8.989635483507385,16.13362639648591,32.34649866113636,-15.18099432251566,3.45,1.69,4.0,75.1,-29.0,100.0,2122.0,6.8,718270,592663,664761,681082,624641,607208,656941,669016,592206,53.7,0.045,0.058,0.0,1.0,0.0,0.0,2.0,49,5,Sinker,4,1,1,4,1,4,1,4,Standard,Standard,145.0,0.014,-0.207,,,,0.049,0.207,88.0,3,-3,0.927,0.0729999999999999,28,26,28,27,1,2,4.0,1.0,33.0,2.0,1.23,1.09,1.09,53.7,,,,,
FC,2023-05-07,92.8,1.41,6.74,"Duran, Jarren",680776,621237,,foul,,,,,8.0,,R,L,L,PHI,BOS,S,,,1,2,2023,-0.09,0.58,-0.26749492280265,1.914035814328912,,,807799.0,2,7,Top,,,,,,,-4.125251680479744,-134.93157210394529,-7.877646561243747,-0.1808417456148482,29.145599803956287,-23.527397101752133,3.45,1.69,2.0,97.0,-46.0,93.4,2162.0,6.7,718270,592663,664761,681082,624641,607208,656941,669016,592206,53.84,,,,,,,,49,4,Cutter,4,1,1,4,1,4,1,4,Standard,Standard,164.0,0.0,0.0,,,,,0.0,97.0,3,-3,0.927,0.0729999999999999,28,26,28,27,1,2,4.0,1.0,33.0,2.0,2.07,-0.09,-0.09,56.4,,,,,
FC,2023-05-07,92.7,1.38,6.68,"Duran, Jarren",680776,621237,,ball,,,,,13.0,,R,L,L,PHI,BOS,B,,,0,2,2023,-0.06,0.69,-0.9998998461275468,0.7951369787158733,,,807799.0,2,7,Top,,,,,,,-5.970898371948637,-134.6091091261828,-10.808099101390686,0.4785842508595095,27.784507627279407,-21.680201921273913,3.34341897526544,1.57713951463341,,,,93.3,2305.0,6.7,718270,592663,664761,681082,624641,607208,656941,669016,592206,53.83,,,,,,,,49,3,Cutter,4,1,1,4,1,4,1,4,Standard,Standard,151.0,-0.002,0.02,,,,,-0.02,,3,-3,0.929,0.0709999999999999,28,26,28,27,1,2,4.0,1.0,33.0,2.0,1.96,-0.06,-0.06,63.7,,,,,
FC,2023-05-07,92.3,1.56,6.87,"Duran, Jarren",680776,621237,,foul,,,,,5.0,,R,L,L,PHI,BOS,S,,,0,1,2023,-0.11,0.81,0.1241114274843067,2.572521937359929,,,807799.0,2,7,Top,,,,,,,-3.444133317591478,-134.2930457872439,-6.932004440591566,-0.5925680971227423,28.343515549458907,-21.05591855804477,3.45,1.69,3.0,67.8,-43.0,92.9,2293.0,6.6,718270,592663,664761,681082,624641,607208,656941,669016,592206,53.92,,,,,,,,49,2,Cutter,4,1,1,4,1,4,1,4,Standard,Standard,169.0,0.005,-0.055,,,,,0.055,88.0,3,-3,0.924,0.0759999999999999,28,26,28,27,1,2,4.0,1.0,33.0,2.0,1.86,-0.11,-0.11,59.1,,,,,
SI,2023-05-07,98.7,1.34,6.76,"Duran, Jarren",680776,621237,,foul,,,,,6.0,,R,L,L,PHI,BOS,S,,,0,0,2023,1.06,1.29,0.3338827036023278,2.7457381781107593,,,807799.0,2,7,Top,,,,,,,-5.251481550900589,-143.46233797100882,-8.5426776743109,15.796973728376091,33.774767431959056,-12.54752409661938,3.45,1.69,170.0,69.3,59.0,99.4,2052.0,6.8,718270,592663,664761,681082,624641,607208,656941,669016,592206,53.73,,,,,,,,49,1,Sinker,4,1,1,4,1,4,1,4,Standard,Standard,152.0,0.003,-0.045,,,,,0.045,88.0,3,-3,0.921,0.0789999999999999,28,26,28,27,1,2,4.0,1.0,33.0,2.0,1.06,1.06,1.06,56.7,,,,,
SL,2023-05-06,83.4,1.35,5.82,"Duran, Jarren",680776,663559,strikeout,swinging_strike,,,,,13.0,Jarren Duran strikes out swinging.,R,L,L,PHI,BOS,S,2.0,,1,2,2023,-0.53,0.21,-1.2643164668380409,1.687781001724622,457759.0,646240.0,,1,4,Top,,,,,,,-5.05638033750045,-121.37924386715927,-3.565615981739538,-4.3437078285973945,22.733650359230868,-29.61020536163046,3.45,1.69,,,,85.2,2029.0,7.3,718284,592663,664761,681082,624641,607208,656941,669016,592206,53.16,,0.0,0.0,1.0,0.0,0.0,,28,4,Slider,1,2,2,1,2,1,2,1,Strategic,Standard,235.0,0.056,-0.331,,,,,0.331,,-1,1,0.313,0.687,26,26,26,27,2,1,6.0,1.0,9.0,1.0,3.05,-0.53,-0.53,57.3,,,,,
FF,2023-05-06,90.9,1.13,5.94,"Duran, Jarren",680776,663559,,foul,,,,,2.0,,R,L,L,PHI,BOS,S,,,1,1,2023,0.01,1.53,0.2331448150263958,3.090191800046918,457759.0,646240.0,,1,4,Top,,,,,,,-2.323391967009554,-132.38396422085466,-4.61715937782328,0.6254379445993131,27.78921209696921,-13.37323553704186,3.45,1.69,160.0,72.3,65.0,92.9,2138.0,7.4,718284,592663,664761,681082,624641,607208,656941,669016,592206,53.08,,,,,,,,28,3,4-Seam Fastball,1,2,2,1,2,1,2,1,Strategic,Standard,174.0,0.02,-0.08,,,,,0.08,88.0,-1,1,0.293,0.7070000000000001,26,26,26,27,2,1,6.0,1.0,9.0,1.0,1.22,0.01,0.01,54.1,,,,,
SL,2023-05-06,82.2,1.41,5.86,"Duran, Jarren",680776,663559,,ball,,,,,11.0,,R,L,L,PHI,BOS,B,,,0,1,2023,-0.32,0.06,-1.2283983323907093,2.7180513699275335,457759.0,646240.0,,1,4,Top,,,,,,,-5.464529038238087,-119.61010146478556,-0.6821815482496577,-2.0114349427550686,22.939687032713906,-31.70807767521891,3.40620286365682,1.56769905141633,,,,83.7,1902.0,7.3,718284,592663,664761,681082,624641,607208,656941,669016,592206,53.22,,,,,,,,28,2,Slider,1,2,2,1,2,1,2,1,Strategic,Standard,235.0,-0.008,0.02,,,,,-0.02,,-1,1,0.301,0.6990000000000001,26,26,26,27,2,1,6.0,1.0,9.0,1.0,3.31,-0.32,-0.32,54.6,,,,,
SL,2023-05-06,83.2,1.22,5.89,"Duran, Jarren",680776,663559,,called_strike,,,,,4.0,,R,L,L,PHI,BOS,S,,,0,0,2023,-0.33,0.36,-0.5125907441084832,2.2987513773005643,457759.0,646240.0,,1,4,Top,,,,,,,-3.3783409498822183,-121.23103616440191,-2.545090735866762,-2.625103900029705,22.843783695688572,-28.358085695676557,3.3582933775849,1.63978033541957,,,,84.7,2015.0,7.1,718284,592663,664761,681082,624641,607208,656941,669016,592206,53.37,,,,,,,,28,1,Slider,1,2,2,1,2,1,2,1,Strategic,Standard,217.0,0.012,-0.038,,,,,0.038,,-1,1,0.289,0.7110000000000001,26,26,26,27,2,1,6.0,1.0,9.0,1.0,2.92,-0.33,-0.33,54.2,,,,,
FF,2023-05-06,90.3,1.15,5.91,"Duran, Jarren",680776,663559,field_out,hit_into_play,,,,,3.0,Jarren Duran pops out to third baseman Edmundo Sosa in foul territory.,R,L,L,PHI,BOS,X,5.0,popup,2,1,2023,0.11,1.52,0.4740397662077923,3.470808001011194,,,,2,2,Top,73.67,172.8,,,,,-1.9616311161835405,-131.4586586805653,-3.413215346093196,1.7094805630824883,28.059923338577093,-14.031120784429394,3.45,1.69,125.0,71.2,66.0,91.9,2088.0,7.2,718284,592663,664761,681082,624641,607208,656941,669016,592206,53.28,0.003,0.002,0.0,1.0,0.0,0.0,3.0,10,4,4-Seam Fastball,0,0,0,0,0,0,0,0,Standard,Standard,170.0,0.012,-0.314,,,,0.003,0.314,88.0,0,0,0.539,0.4609999999999999,26,26,26,27,1,0,6.0,1.0,9.0,1.0,1.27,0.11,0.11,55.4,,,,,
FF,2023-05-06,90.2,1.08,6.02,"Duran, Jarren",680776,663559,,ball,,,,,11.0,,R,L,L,PHI,BOS,B,,,1,1,2023,-0.1,1.67,-0.5526138896352544,4.391520670584988,,,,2,2,Top,,,,,,,-3.9270582988099174,-131.30304601195203,-1.6804301002311195,-0.3902222812413816,27.34971521577362,-12.691113157040736,3.3582933775849,1.51963903031253,,,,92.1,2174.0,7.4,718284,592663,664761,681082,624641,607208,656941,669016,592206,53.12,,,,,,,,10,3,4-Seam Fastball,0,0,0,0,0,0,0,0,Standard,Standard,176.0,-0.002,0.053,,,,,-0.053,,0,0,0.541,0.4589999999999999,26,26,26,27,1,0,6.0,1.0,9.0,1.0,1.13,-0.1,-0.1,58.2,,,,,
SL,2023-05-06,84.5,1.12,5.9,"Duran, Jarren",680776,663559,,ball,,,,,11.0,,R,L,L,PHI,BOS,B,,,0,1,2023,-0.35,0.5,-0.33638675149151,3.5006689592677356,,,,2,2,Top,,,,,,,-2.7431881625671237,-123.0671241059896,-0.2332407612211019,-3.0242104275133457,24.449873141699317,-27.2747812230201,3.33433667834151,1.54366962251961,,,,86.1,1963.0,7.2,718284,592663,664761,681082,624641,607208,656941,669016,592206,53.26,,,,,,,,10,2,Slider,0,0,0,0,0,0,0,0,Standard,Standard,215.0,-0.001,0.031,,,,,-0.031,,0,0,0.542,0.4579999999999999,26,26,26,27,1,0,6.0,1.0,9.0,1.0,2.69,-0.35,-0.35,57.2,,,,,
SL,2023-05-06,84.0,1.31,5.82,"Duran, Jarren",680776,663559,,foul_bunt,,,,,9.0,,R,L,L,PHI,BOS,S,,,0,0,2023,-0.01,0.83,0.7712509289258488,1.5995466936598135,,,,2,2,Top,,,,,,,-1.258147118423934,-122.30400257224528,-5.163609510786215,0.1354740864090135,22.25510785672212,-23.05642950450789,3.45,1.69,,,,85.9,1996.0,7.3,718284,592663,664761,681082,624641,607208,656941,669016,592206,53.22,,,,,,,,10,1,Slider,0,0,0,0,0,0,0,0,Standard,Standard,210.0,0.002,-0.045,,,,,0.045,88.0,0,0,0.54,0.4599999999999999,26,26,26,27,1,0,6.0,1.0,9.0,1.0,2.38,-0.01,-0.01,56.1,,,,,
SL,2023-05-06,86.6,1.91,5.75,"Duran, Jarren",680776,642397,field_out,hit_into_play,,,,,4.0,Jarren Duran flies out to shortstop Trea Turner.,R,L,L,PHI,BOS,X,6.0,fly_ball,1,2,2023,-0.14,0.21,-0.7160105075480028,2.8295547620454062,,,,2,9,Top,93.38,134.3,,,,,-6.05131479518933,-126.05293125417,-1.192077774371982,-0.1886684118453197,26.485431318258172,-29.86545973858576,3.45,1.69,184.0,63.4,42.0,87.3,2322.0,6.8,718284,592663,664761,681082,624641,607208,656941,669016,592206,53.73,0.379,0.341,0.0,1.0,0.0,0.0,3.0,77,4,Slider,4,7,7,4,7,4,7,4,Standard,Standard,199.0,0.001,-0.191,,,,0.406,0.191,88.0,-3,3,0.042,0.958,28,26,28,27,1,4,1.0,1.0,3.0,1.0,2.83,-0.14,-0.14,38.3,,,,,
FF,2023-05-06,97.2,1.9,5.76,"Duran, Jarren",680776,642397,,called_strike,,,,,13.0,,R,L,L,PHI,BOS,S,,,1,1,2023,1.0,1.23,-0.9003961361466345,2.1376670498209416,,,,2,9,Top,,,,,,,-9.839196830198814,-141.075718890381,-7.027329461650315,15.501122259934952,30.60134263601005,-14.270231126486852,3.38142050353737,1.65146072911834,,,,97.7,2342.0,6.6,718284,592663,664761,681082,624641,607208,656941,669016,592206,53.87,,,,,,,,77,3,4-Seam Fastball,4,7,7,4,7,4,7,4,Standard,Standard,138.0,0.001,-0.069,,,,,0.069,,-3,3,0.041,0.959,28,26,28,27,1,4,1.0,1.0,3.0,1.0,1.18,1.0,1.0,33.0,,,,,
SL,2023-05-06,88.2,2.06,5.72,"Duran, Jarren",680776,642397,,ball,,,,,13.0,,R,L,L,PHI,BOS,B,,,0,1,2023,-0.24,0.54,-0.9731244789943692,1.2240076711686605,,,,2,9,Top,,,,,,,-6.903748027813431,-128.2345590367327,-5.975193446492769,-1.18494898982217,26.979811331811547,-25.110943917509793,3.45410711714846,1.63978033541957,,,,88.5,2350.0,6.5,718284,592663,664761,681082,624641,607208,656941,669016,592206,53.95,,,,,,,,77,2,Slider,4,7,7,4,7,4,7,4,Standard,Standard,186.0,0.0,0.031,,,,,-0.031,,-3,3,0.041,0.959,28,26,28,27,1,4,1.0,1.0,3.0,1.0,2.4,-0.24,-0.24,38.1,,,,,
SL,2023-05-06,86.0,1.96,5.87,"Duran, Jarren",680776,642397,,called_strike,,,,,1.0,,R,L,L,PHI,BOS,S,,,0,0,2023,-0.42,-0.14,-0.514539035861429,2.9547439217660827,,,,2,9,Top,,,,,,,-5.048381976708568,-125.28641992534922,-0.4306854594714125,-3.4461650074098915,24.0614718438261,-33.73602396673925,3.45410711714846,1.71185106747096,,,,86.7,2421.0,6.6,718284,592663,664761,681082,624641,607208,656941,669016,592206,53.94,,,,,,,,77,1,Slider,4,7,7,4,7,4,7,4,Standard,Standard,240.0,0.0,-0.045,,,,,0.045,,-3,3,0.041,0.959,28,26,28,27,1,4,1.0,1.0,3.0,1.0,3.2,-0.42,-0.42,36.2,,,,,
SL,2023-05-06,91.2,-1.83,5.74,"Duran, Jarren",680776,622554,hit_by_pitch,hit_by_pitch,,,,,14.0,Jarren Duran hit by pitch. Rafael Devers to 2nd.,R,L,R,PHI,BOS,B,,,0,0,2023,0.1,0.48,2.364842245071545,0.8367774251854057,,,646240.0,2,7,Top,,,,,,,10.343996111700852,-132.36359998845492,-7.479400121130762,-0.9547938859456908,26.59105477615807,-25.0954480538768,3.45,1.69,,,,91.5,2323.0,6.5,718284,592663,664761,681082,624641,607208,656941,669016,592206,54.05,,0.726005,0.7,1.0,0.0,0.0,,60,1,Slider,3,7,7,3,7,3,7,3,Standard,Standard,169.0,-0.005,0.275,,,,,-0.275,,-4,4,0.066,0.934,28,26,29,27,1,3,3.0,1.0,3.0,1.0,2.26,-0.1,0.1,33.6,,,,,
FF,2023-05-06,94.5,-2.72,5.95,"Duran, Jarren",680776,641401,field_out,hit_into_play,,,,,6.0,Jarren Duran flies out to left fielder Kyle Schwarber.,R,L,R,PHI,BOS,X,7.0,fly_ball,0,1,2023,-1.21,1.23,0.6481200873086683,2.671038446494436,,,,0,6,Top,74.77,123.34,,,,,11.569459033116017,-137.10681148504256,-5.610939945548907,-17.81768057790883,29.97211803263977,-15.529676627222056,3.45,1.69,230.0,73.5,40.0,95.2,2259.0,6.8,718284,592663,664761,681082,624641,607208,656941,669016,592206,53.67,0.276,0.282,0.0,1.0,0.0,0.0,3.0,47,2,4-Seam Fastball,3,5,5,3,5,3,5,3,Standard,Standard,223.0,0.014,-0.223,,,,0.372,0.223,88.0,-2,2,0.224,0.776,28,26,28,27,1,2,1.0,1.0,3.0,1.0,1.33,1.21,-1.21,28.7,,,,,
FC,2023-05-06,87.6,-2.86,5.94,"Duran, Jarren",680776,641401,,called_strike,,,,,2.0,,R,L,R,PHI,BOS,S,,,0,0,2023,0.24,1.03,-0.1155430360606367,2.9497897672121156,,,,0,6,Top,,,,,,,6.213305987698594,-127.53228575227186,-3.276577216349858,1.3573300215062545,25.420365871121255,-20.44784089267769,3.40620286365682,1.61575441014622,,,,88.9,2367.0,7.0,718284,592663,664761,681082,624641,607208,656941,669016,592206,53.5,,,,,,,,47,1,Cutter,3,5,5,3,5,3,5,3,Standard,Standard,202.0,0.003,-0.042,,,,,0.042,,-2,2,0.221,0.779,28,26,28,27,1,2,1.0,1.0,3.0,1.0,1.93,-0.24,0.24,32.2,,,,,
CU,2023-05-05,78.3,-2.02,5.74,"Duran, Jarren",680776,554430,double,hit_into_play,,,,,8.0,Jarren Duran doubles (11) on a line drive to center fielder Dalton Guthrie.,R,L,R,PHI,BOS,X,8.0,line_drive,0,1,2023,0.83,-1.02,-0.154324571332401,1.617774288803182,,,,0,6,Top,157.76,64.29,,,,,2.5194986438639453,-114.09714801469676,-0.1739077851410626,6.741423636981956,21.18941105658534,-41.222191143351694,3.48,1.71,293.0,91.0,17.0,79.1,2571.0,6.8,718301,592663,664761,543281,624641,607208,656941,656495,592206,53.73,0.797,0.762,1.25,1.0,1.0,1.0,4.0,45,2,Curveball,3,3,3,3,3,3,3,3,Standard,Standard,52.0,-0.097,0.748,,,,0.965,-0.748,91.0,0,0,0.505,0.495,33,26,33,27,3,2,6.0,1.0,5.0,1.0,4.73,-0.83,0.83,37.2,,,,,
CU,2023-05-05,77.9,-2.05,5.7,"Duran, Jarren",680776,554430,,foul,,,,,9.0,,R,L,R,PHI,BOS,S,,,0,0,2023,0.87,-0.44,0.5656740084665105,1.6687517479432017,,,,0,6,Top,,,,,,,4.050129250108986,-113.38710554131936,-0.8985504365172186,6.63293716115617,22.31816762364489,-36.0411325864137,3.48,1.71,4.0,87.9,-22.0,78.0,2612.0,6.5,718301,592663,664761,543281,624641,607208,656941,656495,592206,53.95,,,,,,,,45,1,Curveball,3,3,3,3,3,3,3,3,Standard,Standard,59.0,0.005,-0.042,,,,,0.042,88.0,0,0,0.5,0.5,33,26,33,27,3,2,6.0,1.0,5.0,1.0,4.22,-0.87,0.87,34.3,,,,,
CU,2023-05-05,80.7,-2.06,5.52,"Duran, Jarren",680776,554430,force_out,hit_into_play,,,,,13.0,"Jarren Duran grounds into a force out, fielded by second baseman Josh Harrison. Masataka Yoshida to 3rd. Rafael Devers out at 2nd. Jarren Duran to 1st.",R,L,R,PHI,BOS,X,4.0,ground_ball,1,2,2023,1.22,-0.8,-0.9804027826525394,2.391943236750001,,807799.0,646240.0,1,3,Top,140.09,157.3,,,,,0.0814960025690105,-117.47390204035452,1.2417073862682348,11.235476732860963,22.63118732977644,-39.99642011020575,3.48,1.71,2.0,72.5,-44.0,81.3,2810.0,6.7,718301,592663,664761,543281,624641,607208,656941,656495,592206,53.79,0.159,0.159,0.0,1.0,0.0,0.0,2.0,21,4,Curveball,0,2,2,0,2,0,2,0,Standard,Standard,58.0,0.02,-0.256,,,,0.163,0.256,88.0,-2,2,0.268,0.732,33,26,33,27,2,1,6.0,1.0,5.0,1.0,4.3,-1.22,1.22,34.0,,,,,
FF,2023-05-05,95.2,-1.83,5.59,"Duran, Jarren",680776,554430,,foul,,,,,4.0,,R,L,R,PHI,BOS,S,,,1,1,2023,-0.28,1.32,-0.6022257905115189,2.713223610022135,,807799.0,646240.0,1,3,Top,,,,,,,3.909392016661649,-138.55832036603334,-4.92370683414521,-4.555060479560038,32.708963033743046,-14.2970422132441,3.48,1.71,240.0,79.5,40.0,96.4,2558.0,7.1,718301,592663,664761,543281,624641,607208,656941,656495,592206,53.42,,,,,,,,21,3,4-Seam Fastball,0,2,2,0,2,0,2,0,Standard,Standard,215.0,0.008,-0.059,,,,,0.059,88.0,-2,2,0.26,0.74,33,26,33,27,2,1,6.0,1.0,5.0,1.0,1.21,0.28,-0.28,33.9,,,,,
ST,2023-05-05,82.9,-2.12,5.45,"Duran, Jarren",680776,554430,,called_strike,,,,,1.0,,R,L,R,PHI,BOS,S,,,1,0,2023,1.55,0.4,-0.4496111590973823,3.4445635031093444,,807799.0,646240.0,1,3,Top,,,,,,,0.7842293210127622,-120.80022595616713,1.1195947542038018,15.034469395720542,23.6402641684231,-28.730485571571844,3.45358086693231,1.66361362114164,,,,83.7,2636.0,6.8,718301,592663,664761,543281,624641,607208,656941,656495,592206,53.74,,,,,,,,21,2,Sweeper,0,2,2,0,2,0,2,0,Standard,Standard,68.0,0.006,-0.051,,,,,0.051,,-2,2,0.254,0.746,33,26,33,27,2,1,6.0,1.0,5.0,1.0,2.91,-1.55,1.55,32.0,,,,,
FC,2023-05-05,91.6,-2.0,5.59,"Duran, Jarren",680776,554430,,ball,,,,,11.0,,R,L,R,PHI,BOS,B,,,0,0,2023,0.12,0.62,-0.9581689487840372,2.665854490653148,,807799.0,646240.0,1,3,Top,,,,,,,2.407695134476311,-133.46354458300303,-2.91781618773626,0.8894525415166752,27.567978517631275,-24.3869705170326,3.52527375667932,1.63954722259242,,,,92.9,2579.0,6.9,718301,592663,664761,543281,624641,607208,656941,656495,592206,53.63,,,,,,,,21,1,Cutter,0,2,2,0,2,0,2,0,Standard,Standard,192.0,-0.004,0.042,,,,,-0.042,,-2,2,0.258,0.742,33,26,33,27,2,1,6.0,1.0,5.0,1.0,2.08,-0.12,0.12,30.8,,,,,
ST,2023-05-05,85.6,-2.09,5.52,"Duran, Jarren",680776,554430,field_out,hit_into_play,,,,,8.0,Jarren Duran flies out to left fielder Kyle Schwarber.,R,L,R,PHI,BOS,X,7.0,fly_ball,2,2,2023,1.08,0.07,0.1600211851249482,2.1001628612714587,,,646240.0,2,1,Top,84.33,122.99,,,,,3.139924553772626,-124.56240027047332,-1.9096844782870048,10.547621224407136,26.548043149241185,-31.24983009571759,3.47873684886422,1.70948737665898,218.0,89.9,57.0,86.2,2638.0,6.8,718301,592663,664761,543281,624641,607208,656941,656495,592206,53.71,0.021,0.03,0.0,1.0,0.0,0.0,3.0,5,8,Sweeper,0,1,1,0,1,0,1,0,Standard,Standard,67.0,0.018,-0.24,,,,0.045,0.24,89.9,-1,1,0.43,0.5700000000000001,33,26,33,27,1,0,6.0,1.0,5.0,1.0,3.05,-1.08,1.08,34.0,,,,,
FC,2023-05-05,93.3,-1.89,5.65,"Duran, Jarren",680776,554430,,foul,,,,,5.0,,R,L,R,PHI,BOS,S,,,2,2,2023,0.12,0.61,0.1389486484452853,2.772602609745722,,,646240.0,2,1,Top,,,,,,,5.016629726838636,-135.87756800324934,-3.054133155766909,0.4964389143870216,27.97140291118103,-24.12446189532046,3.48,1.71,187.0,71.4,37.0,94.7,2734.0,6.9,718301,592663,664761,543281,624641,607208,656941,656495,592206,53.59,,,,,,,,5,7,Cutter,0,1,1,0,1,0,1,0,Standard,Standard,205.0,0.0,0.0,,,,,0.0,88.0,-1,1,0.43,0.5700000000000001,33,26,33,27,1,0,6.0,1.0,5.0,1.0,1.99,-0.12,0.12,34.4,,,,,
FF,2023-05-05,96.5,-1.81,5.67,"Duran, Jarren",680776,554430,,ball,,,,,13.0,,R,L,R,PHI,BOS,B,,,1,2,2023,-0.7,1.14,-1.1800099491780958,1.5370753130564054,,,646240.0,2,1,Top,,,,,,,3.305036324267153,-140.3942550885509,-8.104547465099383,-9.945170343136075,32.09559891624605,-15.493426890686964,3.45344828332529,1.6875812309282,,,,97.7,2489.0,7.0,718301,592663,664761,543281,624641,607208,656941,656495,592206,53.5,,,,,,,,5,6,4-Seam Fastball,0,1,1,0,1,0,1,0,Standard,Standard,216.0,-0.003,0.034,,,,,-0.034,,-1,1,0.433,0.567,33,26,33,27,1,0,6.0,1.0,5.0,1.0,1.31,0.7,-0.7,35.6,,,,,
FC,2023-05-05,92.4,-1.76,5.57,"Duran, Jarren",680776,554430,,foul,,,,,6.0,,R,L,R,PHI,BOS,S,,,1,2,2023,0.28,0.59,0.6725881458432548,2.55013297759111,,,646240.0,2,1,Top,,,,,,,5.673017361923632,-134.48676269443567,-3.1559920137866584,2.0434859678685555,31.296444477382213,-24.54958296534953,3.48,1.71,122.0,70.9,75.0,93.3,2580.0,7.0,718301,592663,664761,543281,624641,607208,656941,656495,592206,53.51,,,,,,,,5,5,Cutter,0,1,1,0,1,0,1,0,Standard,Standard,205.0,0.0,0.0,,,,,0.0,88.0,-1,1,0.433,0.567,33,26,33,27,1,0,6.0,1.0,5.0,1.0,2.1,-0.28,0.28,31.8,,,,,
FC,2023-05-05,90.5,-1.91,5.5,"Duran, Jarren",680776,554430,,ball,,,,,14.0,,R,L,R,PHI,BOS,B,,,0,2,2023,0.52,0.3,1.8695155505765395,2.0555693022640593,,,646240.0,2,1,Top,,,,,,,8.438053399015178,-131.70005596184535,-3.3682080864270456,4.510131005710754,25.601292479189382,-28.217896789665605,3.38161101700435,1.63954722259242,,,,92.1,2565.0,7.1,718301,592663,664761,543281,624641,607208,656941,656495,592206,53.43,,,,,,,,5,4,Cutter,0,1,1,0,1,0,1,0,Standard,Standard,176.0,-0.002,0.02,,,,,-0.02,,-1,1,0.435,0.565,33,26,33,27,1,0,6.0,1.0,5.0,1.0,2.47,-0.52,0.52,32.9,,,,,
FF,2023-05-05,97.4,-1.86,5.63,"Duran, Jarren",680776,554430,,foul,,,,,8.0,,R,L,R,PHI,BOS,S,,,0,2,2023,-0.67,1.3,0.212020041768688,1.8838369013730665,,,646240.0,2,1,Top,,,,,,,7.19322842833053,-141.5635114652297,-7.606585862344409,-10.668504380142016,32.7841095364744,-13.086174735593987,3.48,1.71,182.0,71.6,31.0,98.6,2600.0,7.1,718301,592663,664761,543281,624641,607208,656941,656495,592206,53.45,,,,,,,,5,3,4-Seam Fastball,0,1,1,0,1,0,1,0,Standard,Standard,221.0,0.0,0.0,,,,,0.0,88.0,-1,1,0.435,0.565,33,26,33,27,1,0,6.0,1.0,5.0,1.0,1.11,0.67,-0.67,34.0,,,,,
FC,2023-05-05,91.8,-1.91,5.63,"Duran, Jarren",680776,554430,,foul,,,,,8.0,,R,L,R,PHI,BOS,S,,,0,1,2023,0.52,0.43,0.0625032816836392,1.8740094319304723,,,646240.0,2,1,Top,,,,,,,3.910960687684335,-133.68090665635867,-4.678475872688305,5.485946003470368,26.562860814118466,-26.26488951069482,3.48,1.71,191.0,70.7,40.0,93.1,2536.0,6.9,718301,592663,664761,543281,624641,607208,656941,656495,592206,53.64,,,,,,,,5,2,Cutter,0,1,1,0,1,0,1,0,Standard,Standard,186.0,0.005,-0.055,,,,,0.055,88.0,-1,1,0.43,0.5700000000000001,33,26,33,27,1,0,6.0,1.0,5.0,1.0,2.25,-0.52,0.52,32.5,,,,,
FF,2023-05-05,95.0,-1.9,5.58,"Duran, Jarren",680776,554430,,called_strike,,,,,5.0,,R,L,R,PHI,BOS,S,,,0,0,2023,-0.31,1.31,-0.1710264566158997,2.561727069339255,,,646240.0,2,1,Top,,,,,,,5.296637845292117,-138.15410887271304,-5.235005036080674,-5.127758951513353,31.089613393203397,-14.449668021199956,3.4295038350188,1.6875812309282,,,,96.5,2368.0,7.2,718301,592663,664761,543281,624641,607208,656941,656495,592206,53.32,,,,,,,,5,1,4-Seam Fastball,0,1,1,0,1,0,1,0,Standard,Standard,214.0,0.003,-0.045,,,,,0.045,,-1,1,0.427,0.573,33,26,33,27,1,0,6.0,1.0,5.0,1.0,1.22,0.31,-0.31,32.2,,,,,
FF,2023-05-05,88.3,2.93,6.17,"Duran, Jarren",680776,607755,strikeout,swinging_strike,,,,,3.0,Jarren Duran strikes out swinging.,R,L,L,PHI,BOS,S,2.0,,2,2,2023,0.84,1.05,0.7753979690060729,3.5661500009863554,,,,0,8,Top,,,,,,,-6.9880629511027195,-128.46014534399953,-2.4124285774912426,10.742750932309796,27.99197178401944,-20.30602720157133,3.48,1.71,,,,88.1,2226.0,6.3,718301,592663,664761,543281,624641,607208,656941,656495,592206,54.18,,0.0,0.0,1.0,0.0,0.0,,62,6,4-Seam Fastball,3,5,5,3,5,3,5,3,Standard,Standard,127.0,0.01,-0.239,,,,,0.239,,-2,2,0.14,0.86,29,26,30,27,1,3,4.0,1.0,9.0,1.0,1.89,0.84,0.84,23.8,,,,,
SL,2023-05-05,79.4,3.22,5.86,"Duran, Jarren",680776,607755,,foul,,,,,5.0,,R,L,L,PHI,BOS,S,,,2,2,2023,-1.51,-0.49,0.2699100371147644,2.481595819234716,,,,0,8,Top,,,,,,,-3.601919856170353,-115.63793764257817,0.2577404541126158,-12.855107021518336,21.856101081256988,-36.79054339498007,3.48,1.71,243.0,79.0,33.0,78.9,2699.0,5.9,718301,592663,664761,543281,624641,607208,656941,656495,592206,54.59,,,,,,,,62,5,Slider,3,5,5,3,5,3,5,3,Standard,Standard,312.0,0.0,0.0,,,,,0.0,88.0,-2,2,0.14,0.86,29,26,30,27,1,3,4.0,1.0,9.0,1.0,4.1,-1.51,-1.51,17.9,,,,,
CH,2023-05-05,82.4,4.43,4.03,"Duran, Jarren",680776,607755,,ball,,,,,12.0,,R,L,L,PHI,BOS,B,,,1,2,2023,1.27,0.32,3.317524108269565,4.822948763844356,,,,0,8,Top,,,,,,,-4.948320396713458,-119.60044249423431,7.657752531216873,13.172813032028072,22.99419850811025,-30.780819796162625,3.50160362465637,1.66366205312642,,,,81.7,2228.0,5.9,718301,592663,664761,543281,624641,607208,656941,656495,592206,54.56,,,,,,,,62,4,Changeup,3,5,5,3,5,3,5,3,Standard,Standard,79.0,-0.002,0.046,,,,,-0.046,,-2,2,0.142,0.858,29,26,30,27,1,3,4.0,1.0,9.0,1.0,3.05,1.27,1.27,-16.0,,,,,
CU,2023-05-05,75.9,4.29,3.84,"Duran, Jarren",680776,607755,,ball,,,,,13.0,,R,L,L,PHI,BOS,B,,,0,2,2023,-1.57,0.67,-1.9160088319488184,2.1084601407769235,,,,0,8,Top,,,,,,,-10.0648909727129,-110.0124598983755,2.3989800566152835,-10.609837912992122,22.25850526946719,-27.585155721903515,3.52554694256799,1.66366205312642,,,,74.8,2490.0,6.0,718301,592663,664761,543281,624641,607208,656941,656495,592206,54.5,,,,,,,,62,3,Curveball,3,5,5,3,5,3,5,3,Standard,Standard,282.0,-0.001,0.024,,,,,-0.024,,-2,2,0.143,0.857,29,26,30,27,1,3,4.0,1.0,9.0,1.0,3.37,-1.57,-1.57,-18.8,,,,,
SL,2023-05-05,78.7,3.14,6.12,"Duran, Jarren",680776,607755,,foul,,,,,5.0,,R,L,L,PHI,BOS,S,,,0,1,2023,-1.31,-0.53,-0.1048440997801982,2.33051901658047,,,,0,8,Top,,,,,,,-4.599581959592954,-114.5639325144778,-0.375506670304749,-10.528195428276245,22.954902324757484,-36.93707165982267,3.48,1.71,333.0,93.7,30.0,78.1,2711.0,6.0,718301,592663,664761,543281,624641,607208,656941,656495,592206,54.48,,,,,,,,62,2,Slider,3,5,5,3,5,3,5,3,Standard,Standard,312.0,0.003,-0.054,,,,,0.054,93.7,-2,2,0.14,0.86,29,26,30,27,1,3,4.0,1.0,9.0,1.0,4.23,-1.31,-1.31,23.1,,,,,
SL,2023-05-05,79.3,3.02,6.07,"Duran, Jarren",680776,607755,,called_strike,,,,,1.0,,R,L,L,PHI,BOS,S,,,0,0,2023,-1.0,-0.72,-0.5860360809204834,3.0540857471129153,,,,0,8,Top,,,,,,,-5.976987397827447,-115.29146921175524,1.5883077771814993,-7.590482137167323,23.67516508128286,-39.08972216540989,3.47765899055607,1.63964159613769,,,,78.4,2748.0,5.9,718301,592663,664761,543281,624641,607208,656941,656495,592206,54.57,,,,,,,,62,1,Slider,3,5,5,3,5,3,5,3,Standard,Standard,318.0,0.002,-0.042,,,,,0.042,,-2,2,0.138,0.862,29,26,30,27,1,3,4.0,1.0,9.0,1.0,4.38,-1.0,-1.0,22.2,,,,,
FS,2023-05-04,82.8,-2.49,5.7,"Duran, Jarren",680776,592332,single,hit_into_play,,,,,7.0,Jarren Duran singles on a ground ball to third baseman Matt Chapman. Rafael Devers to 3rd.,R,L,R,BOS,TOR,X,5.0,ground_ball,2,1,2023,-0.79,0.2,-0.3035446589118166,1.7819540376619525,,646240.0,,2,2,Bot,110.99,156.19,,,,,6.568802464896038,-120.42972463454475,-2.8372400756587046,-8.98616724957243,23.617438728843887,-29.866869505056258,3.49,1.69,4.0,64.5,-25.0,83.3,1813.0,6.7,718316,643376,665489,624415,656305,666182,662139,595281,543807,53.84,0.045,0.056,0.9,1.0,1.0,0.0,2.0,21,4,Split-Finger,6,0,6,0,0,6,6,0,Standard,Standard,234.0,0.003,0.68,,,,0.049,-0.68,88.0,6,6,0.945,0.945,32,26,32,27,2,1,5.0,1.0,6.0,1.0,3.13,0.79,-0.79,37.5,,,,,
FS,2023-05-04,83.0,-2.54,5.76,"Duran, Jarren",680776,592332,,swinging_strike,,,,,11.0,,R,L,R,BOS,TOR,S,,,2,0,2023,-0.84,0.36,-0.8548674466010183,2.885772975606427,,646240.0,,2,2,Bot,,,,,,,5.538302259760675,-120.8110041949577,-0.7762290873767926,-9.302846171560075,24.179612750675627,-28.761436770776257,3.49,1.69,,,,83.5,1875.0,6.7,718316,643376,665489,624415,656305,666182,662139,595281,543807,53.82,,,,,,,,21,3,Split-Finger,6,0,6,0,0,6,6,0,Strategic,Standard,226.0,-0.001,-0.055,,,,,0.055,,6,6,0.946,0.946,32,26,32,27,2,1,5.0,1.0,6.0,1.0,2.96,0.84,-0.84,35.3,,,,,
FF,2023-05-04,90.5,-2.3,5.84,"Duran, Jarren",680776,592332,,ball,,,,,13.0,,R,L,R,BOS,TOR,B,,,1,0,2023,-1.05,1.53,-0.0529041072619029,0.8039985204359371,,646240.0,,2,2,Bot,,,,,,,7.851177886497585,-131.22846365709907,-9.81721490364052,-13.8436052055537,30.312208291970315,-12.477919871358171,3.42988994001432,1.65913194637876,,,,90.1,2081.0,6.4,718316,643376,665489,624415,656305,666182,662139,595281,543807,54.06,,,,,,,,21,2,4-Seam Fastball,6,0,6,0,0,6,6,0,Standard,Standard,220.0,0.001,0.029,,,,,-0.029,,6,6,0.945,0.945,32,26,32,27,2,1,5.0,1.0,6.0,1.0,1.29,1.05,-1.05,39.7,,,,,
FS,2023-05-04,83.3,-2.67,5.67,"Duran, Jarren",680776,592332,strikeout,swinging_strike,,,,,13.0,Jarren Duran strikes out swinging.,R,L,R,BOS,TOR,S,2.0,,3,2,2023,-1.54,0.47,-0.4437844452908928,1.491078998420568,,457759.0,,2,1,Bot,,,,,,,8.1953278000469,-120.95201796455176,-4.067199882254876,-16.76471665781423,23.73753657908672,-26.927804236815284,3.49,1.69,,,,83.8,1676.0,6.7,718316,643376,665489,624415,656305,666182,662139,595281,543807,53.75,,0.0,0.0,1.0,0.0,0.0,,9,6,Split-Finger,1,0,1,0,0,1,1,0,Standard,Standard,239.0,-0.03,-0.27,,,,,0.27,,1,1,0.633,0.633,32,26,32,27,1,0,5.0,1.0,6.0,1.0,2.83,1.54,-1.54,36.4,,,,,
FF,2023-05-04,94.9,-2.43,5.78,"Duran, Jarren",680776,592332,,ball,,,,,14.0,,R,L,R,BOS,TOR,B,,,2,2,2023,-1.07,1.63,0.4025837851224016,1.0542536334656087,,457759.0,,2,1,Bot,,,,,,,9.820439659254822,-137.4523172536624,-10.321951366582525,-15.812181570087896,30.9199015791062,-9.337310068254366,3.46128725174373,1.72169344207473,,,,94.9,2256.0,6.6,718316,643376,665489,624415,656305,666182,662139,595281,543807,53.91,,,,,,,,9,5,4-Seam Fastball,1,0,1,0,0,1,1,0,Standard,Standard,215.0,0.005,0.051,,,,,-0.051,,1,1,0.628,0.628,32,26,32,27,1,0,5.0,1.0,6.0,1.0,0.93,1.07,-1.07,36.9,,,,,
FS,2023-05-04,84.4,-2.65,5.74,"Duran, Jarren",680776,592332,,ball,,,,,13.0,,R,L,R,BOS,TOR,B,,,1,2,2023,-1.54,0.17,-1.2803320309885335,1.758536883971563,,,457759.0,2,1,Bot,,,,,,,6.2645830616142515,-122.88156534767792,-3.303638977378993,-16.85687137105152,22.126507162763303,-30.011332038409964,3.43033023332774,1.62846351180362,,,,85.0,1783.0,6.4,718316,643376,665489,624415,656305,666182,662139,595281,543807,54.05,,,,,,,,9,4,Split-Finger,1,0,1,0,0,1,1,0,Infield shade,Standard,234.0,0.011,0.034,,,,,-0.034,,1,1,0.617,0.617,32,26,32,27,1,0,5.0,1.0,6.0,1.0,3.0,1.54,-1.54,36.2,,,,,
FF,2023-05-04,92.6,-2.45,5.91,"Duran, Jarren",680776,592332,,called_strike,,,,,4.0,,R,L,R,BOS,TOR,S,,,1,1,2023,-1.07,1.65,-0.4156369480401158,2.5216467127559943,,,457759.0,2,1,Bot,,,,,,,7.55101983691344,-134.39506791757913,-6.367559354450535,-14.731641581937826,32.16993409532136,-10.975539942672022,3.42988994001432,1.69020799654404,,,,92.2,2109.0,6.4,718316,643376,665489,624415,656305,666182,662139,595281,543807,54.07,,,,,,,,9,3,4-Seam Fastball,1,0,1,0,0,1,1,0,Standard,Standard,214.0,-0.005,-0.06,,,,,0.06,,1,1,0.622,0.622,32,26,32,27,1,0,5.0,1.0,6.0,1.0,1.04,1.07,-1.07,41.2,,,,,
FF,2023-05-04,91.5,-2.55,5.77,"Duran, Jarren",680776,592332,,foul,,,,,9.0,,R,L,R,BOS,TOR,S,,,1,0,2023,-0.86,1.41,0.3953606321533595,1.8595752415610416,,,457759.0,2,1,Bot,,,,,,,9.311143413700046,-132.81997989826144,-7.034933814674303,-12.187809665946178,28.19566813388888,-14.141422219024262,3.49,1.69,201.0,87.1,53.0,91.7,2187.0,6.5,718316,643376,665489,624415,656305,666182,662139,595281,543807,53.96,,,,,,,,9,2,4-Seam Fastball,1,0,1,0,0,1,1,0,Standard,Standard,218.0,-0.003,-0.05,,,,,0.05,88.0,1,1,0.625,0.625,32,26,32,27,1,0,5.0,1.0,6.0,1.0,1.33,0.86,-0.86,35.9,,,,,
FS,2023-05-04,82.7,-2.62,5.8,"Duran, Jarren",680776,592332,,ball,,,,,11.0,,R,L,R,BOS,TOR,B,,,0,0,2023,-1.02,0.44,-0.9369916693080472,2.534245000079528,,,457759.0,2,1,Bot,,,,,,,5.8322037246806255,-120.37729478810256,-1.902442040780476,-10.953729665581374,20.235184833233152,-27.674189899135,3.3989310856265,1.59697165449778,,,,83.5,1901.0,6.5,718316,643376,665489,624415,656305,666182,662139,595281,543807,53.99,,,,,,,,9,1,Split-Finger,1,0,1,0,0,1,1,0,Standard,Standard,235.0,0.002,0.03,,,,,-0.03,,1,1,0.623,0.623,32,26,32,27,1,0,5.0,1.0,6.0,1.0,2.85,1.02,-1.02,36.9,,,,,
SI,2023-05-04,95.7,-2.12,5.41,"Duran, Jarren",680776,647315,strikeout,swinging_strike,,,,,14.0,Jarren Duran strikes out swinging.,R,L,R,BOS,TOR,S,2.0,,3,2,2023,-1.38,0.19,0.2847822925870638,0.743357464786057,,,,1,8,Bot,,,,,,,9.50124535445924,-138.98114864425472,-7.151972244286005,-19.987731594752688,30.809084941656728,-28.20600282515706,3.4,1.56,,,,96.1,2124.0,6.6,718316,643376,665489,593160,656305,666182,662139,595281,543807,53.87,,0.0,0.0,1.0,0.0,0.0,,74,6,Sinker,11,4,11,4,4,11,11,4,Standard,Strategic,232.0,0.0,-0.328,,,,,0.328,,7,7,0.999,0.999,26,26,27,27,1,4,2.0,1.0,,1.0,2.3,1.38,-1.38,35.7,,,,,
SI,2023-05-04,96.4,-2.16,5.38,"Duran, Jarren",680776,647315,,ball,,,,,14.0,,R,L,R,BOS,TOR,B,,,2,2,2023,-1.05,0.02,1.390972279189844,2.048004318923536,,,,1,8,Bot,,,,,,,11.868889053181972,-139.90767772995846,-3.3332464882651416,-16.33866074434768,30.060286138364766,-31.35778859219405,3.40054390410081,1.72128131792369,,,,97.0,2082.0,6.7,718316,643376,665489,593160,656305,666182,662139,595281,543807,53.84,,,,,,,,74,5,Sinker,11,4,11,4,4,11,11,4,Standard,Strategic,235.0,0.0,0.094,,,,,-0.094,,7,7,0.999,0.999,26,26,27,27,1,4,2.0,1.0,,1.0,2.44,1.05,-1.05,31.5,,,,,
FS,2023-05-04,84.9,-0.77,5.94,"Duran, Jarren",680776,657024,single,hit_into_play,,,,,6.0,Jarren Duran singles on a sharp line drive to right fielder George Springer.,R,L,R,BOS,TOR,X,9.0,line_drive,0,2,2023,-0.92,0.93,0.3901045671011474,2.271175325480314,,,,2,6,Bot,182.98,74.11,,,,,4.602242305523339,-123.6389211846735,-4.2030937937072865,-10.309868221785424,23.52647878825657,-21.964867657863657,3.49,1.69,262.0,110.3,12.0,86.1,1280.0,6.9,718316,643376,665489,593160,656305,666182,662139,595281,543807,53.56,0.882,0.915,0.9,1.0,1.0,0.0,5.0,58,4,Split-Finger,8,4,8,4,4,8,8,4,Standard,Standard,230.0,0.004,0.449,,,,1.254,-0.449,110.3,4,4,0.942,0.942,29,26,30,27,1,3,2.0,1.0,1.0,1.0,2.21,0.92,-0.92,48.9,,,,,
SL,2023-05-04,87.9,-2.38,5.24,"Duran, Jarren",680776,647315,,ball,,,,,14.0,,R,L,R,BOS,TOR,B,,,1,2,2023,0.35,-0.23,2.509410492065113,1.830167608638397,,,,1,8,Bot,,,,,,,11.214713143841731,-127.66611469819578,-1.7013427028344326,1.6090053011803245,25.174954391543416,-34.50876583005167,3.33744383594571,1.6595428824112,,,,88.8,2501.0,6.8,718316,643376,665489,593160,656305,666182,662139,595281,543807,53.66,,,,,,,,74,4,Slider,11,4,11,4,4,11,11,4,Standard,Strategic,62.0,0.0,0.045,,,,,-0.045,,7,7,0.999,0.999,26,26,27,27,1,4,2.0,1.0,,1.0,3.18,-0.35,0.35,27.8,,,,,
FF,2023-05-04,94.2,-0.51,6.24,"Duran, Jarren",680776,657024,,foul,,,,,2.0,,R,L,R,BOS,TOR,S,,,0,2,2023,-0.92,1.53,-0.2526804241445743,3.5685587623986788,,,,2,6,Bot,,,,,,,2.733782236994646,-137.09212563699114,-4.657483772291024,-12.24210861422182,30.021865452857096,-12.0587230615283,3.49,1.69,267.0,85.9,48.0,94.9,2266.0,6.6,718316,643376,665489,593160,656305,666182,662139,595281,543807,53.85,,,,,,,,58,3,4-Seam Fastball,8,4,8,4,4,8,8,4,Standard,Standard,207.0,0.0,0.0,,,,,0.0,88.0,4,4,0.942,0.942,29,26,30,27,1,3,2.0,1.0,1.0,1.0,1.04,0.92,-0.92,56.4,,,,,
SI,2023-05-04,96.4,-2.15,5.48,"Duran, Jarren",680776,647315,,swinging_strike,,,,,9.0,,R,L,R,BOS,TOR,S,,,1,1,2023,-1.22,0.14,0.6251283492221849,2.0601579827394243,,,,1,8,Bot,,,,,,,10.176196294659396,-139.9917327113218,-3.83301242971212,-18.338487705530383,30.053202112631524,-29.7257990621443,3.4,1.56,,,,96.9,2142.0,6.6,718316,643376,665489,593160,656305,666182,662139,595281,543807,53.94,,,,,,,,74,3,Sinker,11,4,11,4,4,11,11,4,Standard,Standard,229.0,0.0,-0.068,,,,,0.068,,7,7,0.999,0.999,26,26,27,27,1,4,2.0,1.0,,1.0,2.32,1.22,-1.22,32.1,,,,,
SI,2023-05-04,97.8,-2.09,5.49,"Duran, Jarren",680776,647315,,ball,,,,,13.0,,R,L,R,BOS,TOR,B,,,0,1,2023,-1.48,0.15,-0.8664783565703753,1.6331091440112495,,,,1,8,Bot,,,,,,,6.740169517720845,-142.3295904699563,-5.304927890158159,-21.660022773971814,30.290488014334255,-29.176537876802904,3.40098351798793,1.69061952539008,,,,98.6,2125.0,6.6,718316,643376,665489,593160,656305,666182,662139,595281,543807,53.93,,,,,,,,74,2,Sinker,11,4,11,4,4,11,11,4,Standard,Standard,231.0,0.0,0.03,,,,,-0.03,,7,7,0.999,0.999,26,26,27,27,1,4,2.0,1.0,,1.0,2.22,1.48,-1.48,29.7,,,,,
FS,2023-05-04,83.9,-1.01,5.94,"Duran, Jarren",680776,657024,,swinging_strike,,,,,13.0,,R,L,R,BOS,TOR,S,,,0,1,2023,-1.02,0.45,-1.1008189836339315,2.26929887793673,,,,2,6,Bot,,,,,,,1.8359398328036909,-122.30183003726988,-3.075627763493255,-10.624179929946264,22.474187930262847,-27.231818293102886,3.49,1.69,,,,85.1,1203.0,6.8,718316,643376,665489,593160,656305,666182,662139,595281,543807,53.65,,,,,,,,58,2,Split-Finger,8,4,8,4,4,8,8,4,Standard,Standard,230.0,-0.001,-0.061,,,,,0.061,,4,4,0.943,0.943,29,26,30,27,1,3,2.0,1.0,1.0,1.0,2.76,1.02,-1.02,47.5,,,,,
SL,2023-05-04,86.2,-2.6,5.42,"Duran, Jarren",680776,647315,,foul,,,,,8.0,,R,L,R,BOS,TOR,S,,,0,0,2023,0.37,-0.13,-0.1875349093073327,2.024662691508532,,,,1,8,Bot,,,,,,,4.990805047508501,-125.55668054471676,-1.6276230451464204,3.060890177300001,23.253668846344663,-33.478777806633715,3.4,1.56,234.0,80.2,43.0,86.9,2429.0,6.5,718316,643376,665489,593160,656305,666182,662139,595281,543807,54.01,,,,,,,,74,1,Slider,11,4,11,4,4,11,11,4,Standard,Standard,74.0,0.0,-0.041,,,,,0.041,88.0,7,7,0.999,0.999,26,26,27,27,1,4,2.0,1.0,,1.0,3.17,-0.37,0.37,22.4,,,,,
FS,2023-05-04,83.8,-0.88,6.04,"Duran, Jarren",680776,657024,,foul,,,,,7.0,,R,L,R,BOS,TOR,S,,,0,0,2023,-1.0,0.63,-0.6027209629331053,1.814308390024486,,,,2,6,Bot,,,,,,,2.658136873058916,-122.0183712646496,-4.627297440115409,-10.536363498940668,24.898094653356672,-25.144332302383383,3.49,1.69,4.0,71.9,-22.0,84.5,1173.0,6.8,718316,643376,665489,593160,656305,666182,662139,595281,543807,53.7,,,,,,,,58,1,Split-Finger,8,4,8,4,4,8,8,4,Standard,Standard,229.0,0.0,-0.045,,,,,0.045,88.0,4,4,0.943,0.943,29,26,30,27,1,3,2.0,1.0,1.0,1.0,2.62,1.0,-1.0,50.0,,,,,
SI,2023-05-04,93.7,1.65,6.3,"Duran, Jarren",680776,641835,single,hit_into_play,,,,,9.0,Jarren Duran singles on a ground ball to center fielder Kevin Kiermaier. Masataka Yoshida scores. Rafael Devers to 3rd. Jarren Duran to 2nd.,R,L,L,BOS,TOR,X,8.0,ground_ball,2,2,2023,1.3,0.75,0.638401798356643,1.638268258238961,,807799.0,646240.0,1,4,Bot,131.8,130.88,,,,,-5.495900010064849,-136.30965790979832,-8.034117590390863,17.39730284321387,27.992028114514586,-21.348821357760684,3.49,1.69,6.0,106.9,-14.0,94.4,2217.0,6.6,718316,643376,665489,624415,656305,666182,662139,595281,543807,53.93,0.261,0.249,0.9,1.0,1.0,0.0,2.0,39,6,Sinker,7,1,7,1,1,8,8,1,Standard,Standard,140.0,0.017,0.525,,,,0.265,-0.525,106.9,6,6,0.971,0.971,31,26,31,27,1,2,2.0,1.0,2.0,1.0,1.84,1.3,1.3,39.9,,,,,
SI,2023-05-04,94.7,1.58,6.3,"Duran, Jarren",680776,641835,,ball,,,,,13.0,,R,L,L,BOS,TOR,B,,,1,2,2023,1.3,0.72,-1.724586590358855,2.0805685705261583,,807799.0,646240.0,1,4,Bot,,,,,,,-11.549642384655488,-137.41376863176225,-6.986076959873894,18.901375403166675,28.146989162443703,-21.673544896466503,3.39849081819231,1.72086848630425,,,,95.2,2228.0,6.6,718316,643376,665489,624415,656305,666182,662139,595281,543807,53.94,,,,,,,,39,5,Sinker,7,1,7,1,1,7,7,1,Standard,Strategic,136.0,0.001,0.028,,,,,-0.028,,6,6,0.97,0.97,31,26,31,27,1,2,2.0,1.0,2.0,1.0,1.82,1.3,1.3,38.5,,,,,
SI,2023-05-04,93.6,1.67,6.35,"Duran, Jarren",680776,641835,,foul,,,,,14.0,,R,L,L,BOS,TOR,S,,,1,2,2023,1.35,0.78,1.5803386915479003,2.413753072645548,,807799.0,646240.0,1,4,Bot,,,,,,,-3.2481814242672824,-136.22364381817633,-6.150734120279544,17.520186640522304,30.897614328423433,-21.320201632088196,3.49,1.69,58.0,44.0,12.0,94.0,2166.0,6.6,718316,643376,665489,624415,656305,666182,662139,595281,543807,53.9,,,,,,,,39,4,Sinker,7,1,7,1,1,7,7,1,Standard,Standard,141.0,0.0,0.0,,,,,0.0,88.0,6,6,0.97,0.97,31,26,31,27,1,2,2.0,1.0,2.0,1.0,1.83,1.35,1.35,41.9,,,,,
SI,2023-05-04,93.7,1.7,6.34,"Duran, Jarren",680776,641835,,ball,,,,,13.0,,R,L,L,BOS,TOR,B,,,0,2,2023,1.48,0.55,-0.838291342532806,2.4176110420523544,,807799.0,646240.0,1,4,Bot,,,,,,,-9.845794201589298,-136.04915556054624,-5.633341382414481,20.56359644670342,28.463307627227948,-24.295348114571546,3.39849081819231,1.6897957603729,,,,94.1,2036.0,6.5,718316,643376,665489,624415,656305,666182,662139,595281,543807,53.97,,,,,,,,39,3,Sinker,7,1,7,1,1,7,7,1,Standard,Strategic,136.0,0.0,0.022,,,,,-0.022,,6,6,0.97,0.97,31,26,31,27,1,2,2.0,1.0,2.0,1.0,2.05,1.48,1.48,41.9,,,,,
SI,2023-05-04,92.6,1.82,6.42,"Duran, Jarren",680776,641835,,foul,,,,,14.0,,R,L,L,BOS,TOR,S,,,0,1,2023,1.43,0.75,1.4953290090386195,2.525799168174511,,807799.0,646240.0,1,4,Bot,,,,,,,-3.968802937822776,-134.8226405630944,-5.845363617119488,18.314693811076378,28.059153587858425,-21.9371125434921,3.49,1.69,134.0,55.0,37.0,93.2,2117.0,6.5,718316,643376,665489,624415,656305,666182,662139,595281,543807,53.96,,,,,,,,39,2,Sinker,7,1,7,1,1,7,7,1,Standard,Standard,140.0,-0.001,-0.05,,,,,0.05,88.0,6,6,0.971,0.971,31,26,31,27,1,2,2.0,1.0,2.0,1.0,1.89,1.43,1.43,40.2,,,,,
SI,2023-05-04,93.3,1.67,6.37,"Duran, Jarren",680776,641835,,called_strike,,,,,9.0,,R,L,L,BOS,TOR,S,,,0,0,2023,1.44,0.63,0.2817340880296652,2.153068567421086,,807799.0,646240.0,1,4,Bot,,,,,,,-6.764714245425277,-135.59513150136704,-6.495048491863008,19.20030884964233,28.862587146670332,-23.195423429292266,3.39849081819231,1.62764211342527,,,,93.7,2124.0,6.6,718316,643376,665489,624415,656305,666182,662139,595281,543807,53.94,,,,,,,,39,1,Sinker,7,1,7,1,1,7,7,1,Standard,Standard,138.0,-0.001,-0.04,,,,,0.04,,6,6,0.972,0.972,31,26,31,27,1,2,2.0,1.0,2.0,1.0,1.99,1.44,1.44,40.7,,,,,
,2023-05-04,,,,"Duran, Jarren",680776,592332,,automatic_ball,,,,,,,R,L,R,BOS,TOR,B,,,0,0,2023,,,,,,646240.0,,2,2,Bot,,,,,,,,,,,,,,,,,,,,,718316,643376,665489,624415,656305,666182,662139,595281,543807,,,,,,,,,21,1,,6,0,6,0,0,6,6,0,,,,0.0,,,,,,,,6,6,0.945,0.945,32,26,32,27,2,1,5.0,1.0,6.0,1.0,,,,,,,,,
SL,2023-05-03,83.7,-2.82,5.51,"Duran, Jarren",680776,666201,hit_by_pitch,hit_by_pitch,,,,,14.0,Jarren Duran hit by pitch.,R,L,R,BOS,TOR,B,,,1,1,2023,0.7,0.18,2.302080117560478,0.0663313751405816,807799.0,457759.0,,2,5,Bot,,,,,,,10.530404181403,-121.23897259830596,-6.390740347132837,4.337767804914115,28.42850815574208,-29.06003055792554,3.49,1.69,,,,83.7,2235.0,7.0,718323,672386,665489,593160,669289,666182,662139,595281,543807,53.5,,0.726005,0.7,1.0,0.0,0.0,,44,3,Slider,2,3,2,3,3,2,2,3,Standard,Standard,54.0,0.028,0.158,,,,,-0.158,,-1,-1,0.425,0.425,25,26,25,27,3,2,5.0,1.0,6.0,1.0,3.15,-0.7,0.7,34.3,,,,,
FF,2023-05-03,93.5,-2.7,5.74,"Duran, Jarren",680776,666201,,called_strike,,,,,7.0,,R,L,R,BOS,TOR,S,,,1,0,2023,-0.51,1.4,-0.3152102490023323,1.7016577951601173,807799.0,457759.0,,2,5,Bot,,,,,,,7.34070431051058,-135.7588615011906,-7.779077308674075,-7.953215354425176,30.09637227048364,-13.35632032161359,3.42988994001432,1.69055792797892,,,,94.3,2319.0,6.9,718323,672386,665489,593160,669289,666182,662139,595281,543807,53.59,,,,,,,,44,2,4-Seam Fastball,2,3,2,3,3,2,2,3,Standard,Standard,215.0,-0.006,-0.053,,,,,0.053,,-1,-1,0.431,0.431,25,26,25,27,3,2,5.0,1.0,6.0,1.0,1.22,0.51,-0.51,37.8,,,,,
FF,2023-05-03,92.4,-2.84,5.74,"Duran, Jarren",680776,666201,,ball,,,,,11.0,,R,L,R,BOS,TOR,B,,,0,0,2023,-0.43,1.34,-0.7475920674580497,3.895710740408483,807799.0,457759.0,,2,5,Bot,,,,,,,6.304960918088898,-134.50422872692968,-1.8125063017653105,-6.543006599954286,29.049520913870428,-15.742377906268576,3.49054367511354,1.75235191195587,,,,93.1,2292.0,6.7,718323,672386,665489,593160,669289,666182,662139,595281,543807,53.81,,,,,,,,44,1,4-Seam Fastball,2,3,2,3,3,2,2,3,Standard,Standard,211.0,0.002,0.018,,,,,-0.018,,-1,-1,0.429,0.429,25,26,25,27,3,2,5.0,1.0,6.0,1.0,1.33,0.43,-0.43,37.2,,,,,
CH,2023-05-03,86.8,-2.7,5.75,"Duran, Jarren",680776,666201,double,hit_into_play,,,,,7.0,Jarren Duran doubles (10) on a sharp line drive to center fielder Kevin Kiermaier. Rafael Devers scores.,R,L,R,BOS,TOR,X,8.0,line_drive,1,2,2023,-1.28,0.57,-0.3493079006457438,2.119591918754398,646240.0,,,1,4,Bot,83.39,71.28,,,,,8.320902213125692,-126.16522095255743,-3.705084221439566,-15.299838547995876,24.710182805734387,-25.500680504046755,3.49,1.69,266.0,108.7,10.0,87.8,2075.0,6.9,718323,672386,665489,593160,669289,666182,662139,595281,543807,53.63,0.903,0.908,1.25,1.0,1.0,1.0,5.0,31,4,Changeup,0,2,0,2,2,1,1,2,Strategic,Standard,231.0,0.11,0.728,,,,1.188,-0.728,108.7,-2,-2,0.344,0.344,25,26,25,27,2,1,5.0,1.0,6.0,1.0,2.45,1.28,-1.28,38.8,,,,,
SI,2023-05-03,93.7,-2.63,5.77,"Duran, Jarren",680776,666201,,foul,,,,,14.0,,R,L,R,BOS,TOR,S,,,1,1,2023,-1.29,0.84,0.8840311230666287,2.0918015445502856,646240.0,,,1,4,Bot,,,,,,,12.041493905970205,-135.76002950707863,-5.610132741766091,-18.68317910224112,30.73413197213902,-20.689497227254773,3.49,1.69,182.0,68.5,38.0,94.3,2256.0,6.9,718323,672386,665489,593160,669289,666182,662139,595281,543807,53.56,,,,,,,,31,3,Sinker,0,2,0,2,2,0,0,2,Strategic,Standard,218.0,-0.017,-0.107,,,,,0.107,88.0,-2,-2,0.361,0.361,25,26,25,27,2,1,5.0,1.0,6.0,1.0,1.79,1.29,-1.29,36.2,,,,,
SL,2023-05-03,82.3,-2.98,5.57,"Duran, Jarren",680776,666201,,ball,,,,,14.0,,R,L,R,BOS,TOR,B,,,0,1,2023,1.15,0.24,3.2204253803856635,-1.2539805871414331,,646240.0,,1,4,Bot,,,,,,,11.868324109267505,-118.959285227067,-9.350684774895203,8.503866164338161,23.844563735280417,-28.085237441806665,3.3989310856265,1.72128131792369,,,,82.4,2141.0,6.8,718323,672386,665489,593160,669289,666182,662139,595281,543807,53.69,,,,,,,,31,2,Slider,0,2,0,2,2,0,0,2,Standard,Standard,35.0,0.034,0.024,,,,,-0.024,,-2,-2,0.327,0.327,25,26,25,27,2,1,5.0,1.0,6.0,1.0,3.18,-1.15,1.15,33.4,,,,,
SI,2023-05-03,93.3,-2.82,5.76,"Duran, Jarren",680776,666201,,called_strike,,,,,9.0,,R,L,R,BOS,TOR,S,,,0,0,2023,-1.31,1.1,0.4930307476520927,2.0382609062834165,,646240.0,,1,4,Bot,,,,,,,11.526466817122632,-135.31114191908767,-6.248512134512768,-18.7013106877146,30.895464048545858,-17.39769706647888,3.46084623859939,1.75235191195587,,,,94.0,2309.0,7.0,718323,672386,665489,593160,669289,666182,662139,595281,543807,53.52,,,,,,,,31,1,Sinker,0,2,0,2,2,0,0,2,Standard,Standard,219.0,-0.007,-0.038,,,,,0.038,,-2,-2,0.334,0.334,25,26,25,27,2,1,5.0,1.0,6.0,1.0,1.55,1.31,-1.31,35.6,,,,,
FF,2023-05-03,92.3,-2.82,5.83,"Duran, Jarren",680776,666201,walk,ball,,,,,11.0,Jarren Duran walks.,R,L,R,BOS,TOR,B,,,3,1,2023,-0.52,1.31,-0.4141870138577467,3.7187054025780855,,,,1,2,Bot,,,,,,,7.354181562656645,-134.1985776540119,-2.417210781751504,-7.9167294666510815,28.578347018955892,-16.03719102591972,3.44536840836745,1.64359289758446,,,,93.3,2185.0,6.9,718323,672386,665489,593160,669289,666182,662139,595281,543807,53.59,,0.695903,0.7,1.0,0.0,0.0,,14,5,4-Seam Fastball,0,1,0,1,1,0,0,1,Standard,Standard,215.0,0.017,0.255,,,,,-0.255,,-1,-1,0.429,0.429,25,26,25,27,1,0,5.0,1.0,6.0,1.0,1.37,0.52,-0.52,38.7,,,,,
SI,2023-05-03,90.7,-2.63,5.9,"Duran, Jarren",680776,666201,,called_strike,,,,,2.0,,R,L,R,BOS,TOR,S,,,3,0,2023,-1.46,1.06,-0.2695518785862345,2.981353835078785,,,,1,2,Bot,,,,,,,9.082720346453431,-131.66678206669275,-3.6163697539441575,-18.92262254108558,29.520528014647898,-19.22028300166266,3.47632343155183,1.73681695576314,,,,91.0,2081.0,6.7,718323,672386,665489,593160,669289,666182,662139,595281,543807,53.77,,,,,,,,14,4,Sinker,0,1,0,1,1,0,0,1,Standard,Standard,213.0,-0.006,-0.083,,,,,0.083,,-1,-1,0.435,0.435,25,26,25,27,1,0,5.0,1.0,6.0,1.0,1.73,1.46,-1.46,39.3,,,,,
CH,2023-05-03,83.9,-2.63,5.87,"Duran, Jarren",680776,666201,,ball,,,,,11.0,,R,L,R,BOS,TOR,B,,,2,0,2023,-1.4,0.81,-0.8035964028433285,3.706915457038819,,,,1,2,Bot,,,,,,,7.084273542972942,-121.9481877702706,-0.1495804542554778,-15.4134438626285,25.306521482154555,-24.339902171723978,3.3834506979478,1.64359289758446,,,,84.7,1919.0,7.0,718323,672386,665489,593160,669289,666182,662139,595281,543807,53.49,,,,,,,,14,3,Changeup,0,1,0,1,1,0,0,1,Standard,Standard,228.0,0.009,0.142,,,,,-0.142,,-1,-1,0.426,0.426,25,26,25,27,1,0,5.0,1.0,6.0,1.0,2.45,1.4,-1.4,40.9,,,,,
SL,2023-05-03,79.6,-2.81,5.78,"Duran, Jarren",680776,666201,,ball,,,,,14.0,,R,L,R,BOS,TOR,B,,,1,0,2023,1.32,-0.08,0.2089513793983863,0.6867673340294056,,,,1,2,Bot,,,,,,,4.174493601827015,-115.88028531394254,-4.292494822426545,11.03539283301206,22.201271435227945,-32.24866729993886,3.35248799757006,1.58142987409753,,,,80.1,2091.0,6.7,718323,672386,665489,593160,669289,666182,662139,595281,543807,53.83,,,,,,,,14,2,Slider,0,1,0,1,1,0,0,1,Standard,Standard,50.0,0.005,0.066,,,,,-0.066,,-1,-1,0.421,0.421,25,26,25,27,1,0,5.0,1.0,6.0,1.0,3.68,-1.32,1.32,35.8,,,,,
FF,2023-05-03,92.3,-2.66,5.88,"Duran, Jarren",680776,666201,,ball,,,,,12.0,,R,L,R,BOS,TOR,B,,,0,0,2023,-0.64,1.46,1.0762827695247692,2.651503370887059,,,,1,2,Bot,,,,,,,10.99488926198588,-133.9435247440534,-5.616155388897229,-10.015205531166671,28.797679694416992,-13.451564358848737,3.49054367511354,1.6746703126472,,,,93.2,2308.0,7.0,718323,672386,665489,593160,669289,666182,662139,595281,543807,53.54,,,,,,,,14,1,4-Seam Fastball,0,1,0,1,1,0,0,1,Standard,Standard,214.0,0.003,0.039,,,,,-0.039,,-1,-1,0.418,0.418,25,26,25,27,1,0,5.0,1.0,6.0,1.0,1.22,0.64,-0.64,38.8,,,,,
FF,2023-05-03,94.4,-0.83,5.57,"Duran, Jarren",680776,663878,field_out,hit_into_play,,,,,3.0,Jarren Duran pops out to second baseman Whit Merrifield in foul territory.,R,L,R,BOS,TOR,X,4.0,popup,3,2,2023,-0.72,1.52,0.5175129418886747,3.5813613111354976,,,,0,8,Bot,187.17,153.62,,,,,5.201765334203739,-137.35893573113526,-2.8493692314836876,-10.33687130148895,32.46961227734843,-12.612510597953287,3.49,1.69,189.0,98.9,57.0,95.5,2016.0,7.1,718323,672386,665489,593160,669289,666182,662139,595281,543807,53.44,0.024,0.027,0.0,1.0,0.0,0.0,3.0,73,6,4-Seam Fastball,7,3,7,3,3,7,7,3,Standard,Standard,217.0,-0.001,-0.353,,,,0.035,0.353,98.9,4,4,0.988,0.988,26,26,27,27,1,4,2.0,1.0,4.0,1.0,1.06,0.72,-0.72,44.0,,,,,
FF,2023-05-03,95.3,-0.88,5.51,"Duran, Jarren",680776,663878,,foul,,,,,6.0,,R,L,R,BOS,TOR,S,,,3,1,2023,-0.63,1.37,0.4860473191207897,2.4530195896782896,,,,0,8,Bot,,,,,,,5.068825104269074,-138.517508076554,-5.466387925932383,-9.293934017285457,34.43438251593692,-13.564388064259514,3.49,1.69,6.0,86.6,-21.0,96.1,2160.0,7.0,718323,672386,665489,593160,669289,666182,662139,595281,543807,53.45,,,,,,,,73,5,4-Seam Fastball,7,3,7,3,3,7,7,3,Standard,Standard,215.0,-0.001,-0.088,,,,,0.088,88.0,4,4,0.989,0.989,26,26,27,27,1,4,2.0,1.0,4.0,1.0,1.17,0.63,-0.63,41.8,,,,,
CH,2023-05-03,82.2,-2.41,6.17,"Duran, Jarren",680776,670950,walk,ball,,,,,13.0,Jarren Duran walks.,R,L,R,BOS,TOR,B,,,3,2,2023,-1.51,0.44,-1.0396100024747,1.0246610740629212,807799.0,457759.0,,2,6,Bot,,,,,,,6.017972979128508,-119.47547333686975,-5.965250118403041,-15.578821781492682,22.917210339345647,-27.003345521609532,3.42988994001432,1.69055792797892,,,,82.2,2724.0,6.4,718323,672386,665489,593160,669289,666182,662139,595281,543807,54.13,,0.695903,0.7,1.0,0.0,0.0,,56,6,Changeup,6,3,6,3,3,6,6,3,Standard,Standard,249.0,0.004,0.149,,,,,-0.149,,3,3,0.914,0.914,30,26,30,27,1,3,3.0,1.0,6.0,1.0,2.94,1.51,-1.51,50.1,,,,,
FF,2023-05-03,95.1,-0.87,5.53,"Duran, Jarren",680776,663878,,called_strike,,,,,8.0,,R,L,R,BOS,TOR,S,,,3,0,2023,-0.44,1.45,-0.0898919114569524,1.8374472927311247,,,,0,8,Bot,,,,,,,3.051687203760807,-138.3799717829477,-7.349365487903882,-6.304441293952649,32.147649217462735,-12.084867468548795,3.52275119530113,1.78341978017252,,,,96.0,2231.0,6.9,718323,672386,665489,593160,669289,666182,662139,595281,543807,53.58,,,,,,,,73,4,4-Seam Fastball,7,3,7,3,3,7,7,3,Standard,Standard,212.0,0.0,-0.086,,,,,0.086,,4,4,0.989,0.989,26,26,27,27,1,4,2.0,1.0,4.0,1.0,1.08,0.44,-0.44,40.3,,,,,
FF,2023-05-03,93.1,-2.26,6.29,"Duran, Jarren",680776,670950,,ball,,,,,12.0,,R,L,R,BOS,TOR,B,,,2,2,2023,-0.71,1.85,1.0966005821692828,2.7016464212192446,807799.0,457759.0,,2,6,Bot,,,,,,,10.142645362410844,-134.98197097894123,-7.418680215381913,-10.939677130340614,30.572028404873695,-8.042053024005684,3.36796966886562,1.69055792797892,,,,92.6,2262.0,6.3,718323,672386,665489,593160,669289,666182,662139,595281,543807,54.2,,,,,,,,56,5,4-Seam Fastball,6,3,6,3,3,6,6,3,Standard,Standard,203.0,0.004,0.055,,,,,-0.055,,3,3,0.91,0.91,30,26,30,27,1,3,3.0,1.0,6.0,1.0,0.81,0.71,-0.71,55.2,,,,,
FF,2023-05-03,95.6,-0.8,5.49,"Duran, Jarren",680776,663878,,ball,,,,,13.0,,R,L,R,BOS,TOR,B,,,2,0,2023,-0.45,1.34,-0.429545974979948,1.059003152432675,,,,0,8,Bot,,,,,,,2.035342181162886,-138.93141082168535,-9.136311926427949,-6.345994008412533,32.45435619777213,-12.995014705690066,3.42988994001432,1.69020799654404,,,,96.4,2033.0,6.9,718323,672386,665489,593160,669289,666182,662139,595281,543807,53.58,,,,,,,,73,3,4-Seam Fastball,7,3,7,3,3,7,7,3,Standard,Standard,217.0,0.0,0.151,,,,,-0.151,,4,4,0.989,0.989,26,26,27,27,1,4,2.0,1.0,4.0,1.0,1.17,0.45,-0.45,37.1,,,,,
CH,2023-05-03,81.7,-2.59,6.2,"Duran, Jarren",680776,670950,,ball,,,,,13.0,,R,L,R,BOS,TOR,B,,,1,2,2023,-1.37,0.02,-1.059035187861482,0.8269643907843034,807799.0,457759.0,,2,6,Bot,,,,,,,6.091039640565378,-118.94206216508748,-5.677290384226508,-14.11186633284488,19.600515512896074,-31.202242304258743,3.3989310856265,1.69055792797892,,,,82.4,2696.0,6.4,718323,672386,665489,593160,669289,666182,662139,595281,543807,54.09,,,,,,,,56,4,Changeup,6,3,6,3,3,6,6,3,Standard,Standard,253.0,0.003,0.018,,,,,-0.018,,3,3,0.907,0.907,30,26,30,27,1,3,3.0,1.0,6.0,1.0,3.35,1.37,-1.37,48.2,,,,,
FF,2023-05-03,93.4,-2.38,6.23,"Duran, Jarren",680776,670950,,foul_tip,,,,,2.0,,R,L,R,BOS,TOR,S,,,1,1,2023,-0.83,1.85,0.1589817728117863,3.398588324623702,807799.0,457759.0,,2,6,Bot,,,,,,,8.358785952171438,-135.68632721518415,-5.569846824098587,-12.118433311433384,30.83509266459535,-8.347862864254267,3.49,1.69,,,,93.2,2227.0,6.3,718323,672386,665489,593160,669289,666182,662139,595281,543807,54.16,,,,,,,,56,3,4-Seam Fastball,6,3,6,3,3,6,6,3,Standard,Standard,206.0,-0.005,-0.066,,,,,0.066,,3,3,0.912,0.912,30,26,30,27,1,3,3.0,1.0,6.0,1.0,0.78,0.83,-0.83,53.8,,,,,
SL,2023-05-03,86.7,-1.0,5.59,"Duran, Jarren",680776,663878,,ball,,,,,14.0,,R,L,R,BOS,TOR,B,,,1,0,2023,0.71,0.09,1.5279687393181436,1.5782690597413511,,,,0,8,Bot,,,,,,,4.652206375780911,-126.23216211033726,-3.6027581091684646,6.621728714514859,25.904357644312142,-30.691616975032467,3.36796966886562,1.69055792797892,,,,87.8,2516.0,7.0,718323,672386,665489,593160,669289,666182,662139,595281,543807,53.53,,,,,,,,73,2,Slider,7,3,7,3,3,7,7,3,Standard,Standard,100.0,0.001,0.071,,,,,-0.071,,4,4,0.988,0.988,26,26,27,27,1,4,2.0,1.0,4.0,1.0,2.94,-0.71,0.71,39.6,,,,,
FF,2023-05-03,92.4,-2.29,6.23,"Duran, Jarren",680776,670950,,swinging_strike,,,,,12.0,,R,L,R,BOS,TOR,S,,,1,0,2023,-0.88,2.06,0.8815185932816787,3.209321541105485,807799.0,457759.0,,2,6,Bot,,,,,,,9.977525933807968,-134.03755481674065,-6.287849163368252,-12.886970206693691,31.42979544760068,-6.149328608677135,3.49,1.69,,,,92.0,2225.0,6.4,718323,672386,665489,593160,669289,666182,662139,595281,543807,54.09,,,,,,,,56,2,4-Seam Fastball,6,3,6,3,3,6,6,3,Standard,Standard,204.0,-0.002,-0.053,,,,,0.053,,3,3,0.914,0.914,30,26,30,27,1,3,3.0,1.0,6.0,1.0,0.64,0.88,-0.88,51.9,,,,,
FF,2023-05-03,96.0,-0.95,5.58,"Duran, Jarren",680776,663878,,ball,,,,,11.0,,R,L,R,BOS,TOR,B,,,0,0,2023,-0.24,1.55,-0.2401346364775608,4.06633796456474,,,,0,8,Bot,,,,,,,2.4612315976916936,-139.653694016581,-1.8419961684758577,-3.766556864369364,37.510255235325396,-11.957145828252612,3.3989310856265,1.72128131792369,,,,96.5,2244.0,7.0,718323,672386,665489,593160,669289,666182,662139,595281,543807,53.48,,,,,,,,73,1,4-Seam Fastball,7,3,7,3,3,7,7,3,Standard,Standard,210.0,0.0,0.04,,,,,-0.04,,4,4,0.988,0.988,26,26,27,27,1,4,2.0,1.0,4.0,1.0,0.97,0.24,-0.24,38.2,,,,,
CH,2023-05-03,82.3,-2.4,6.26,"Duran, Jarren",680776,670950,,ball,,,,,13.0,,R,L,R,BOS,TOR,B,,,0,0,2023,-1.51,0.37,-1.5004014469890752,1.688184021754627,807799.0,457759.0,,2,6,Bot,,,,,,,4.951989012174577,-119.74075172260198,-4.569639322794751,-15.452507594147306,22.43969264111235,-27.92804982896782,3.52275119530113,1.69055792797892,,,,82.2,2456.0,6.2,718323,672386,665489,593160,669289,666182,662139,595281,543807,54.34,,,,,,,,56,1,Changeup,6,3,6,3,3,6,6,3,Standard,Standard,249.0,0.001,0.018,,,,,-0.018,,3,3,0.913,0.913,30,26,30,27,1,3,3.0,1.0,6.0,1.0,2.99,1.51,-1.51,49.5,,,,,
CH,2023-05-02,87.0,-2.51,5.22,"Duran, Jarren",680776,554340,strikeout,foul_tip,,,,,8.0,Jarren Duran strikes out on a foul tip.,R,L,R,BOS,TOR,S,2.0,,2,2,2023,-1.46,0.56,0.1307084403039502,1.912377708240791,,457759.0,,2,6,Bot,,,,,,,9.265640359573808,-126.31173837143734,-2.8809253365621537,-17.55921155595196,25.271676137961087,-25.813884425442215,3.5,1.69,,,,86.5,2115.0,6.0,718341,643376,665489,593160,656305,666182,662139,595281,543807,54.47,,0.0,0.0,1.0,0.0,0.0,,57,5,Changeup,6,6,6,6,6,6,6,6,Standard,Standard,243.0,-0.046,-0.218,,,,,0.218,,0,0,0.546,0.546,32,26,33,27,1,0,2.0,1.0,2.0,1.0,2.46,1.46,-1.46,28.6,,,,,
FF,2023-05-02,94.2,-2.53,5.07,"Duran, Jarren",680776,554340,,ball,,,,,11.0,,R,L,R,BOS,TOR,B,,,1,2,2023,-1.02,1.22,-1.8127402544584976,4.069466772382097,,457759.0,,2,6,Bot,,,,,,,4.056091884626281,-137.11487329997988,0.3960387406531578,-13.717436134242435,30.937085625753003,-17.171410048135243,3.3989310856265,1.62805316610283,,,,93.1,2606.0,5.7,718341,643376,665489,593160,656305,666182,662139,595281,543807,54.83,,,,,,,,57,4,4-Seam Fastball,6,6,6,6,6,6,6,6,Standard,Standard,227.0,0.008,0.015,,,,,-0.015,,0,0,0.538,0.538,32,26,33,27,1,0,2.0,1.0,2.0,1.0,1.36,1.02,-1.02,23.3,,,,,
FF,2023-05-02,95.2,-2.35,5.07,"Duran, Jarren",680776,554340,,ball,,,,,12.0,,R,L,R,BOS,TOR,B,,,0,2,2023,-0.97,1.38,0.8321720997534369,3.412049823678452,,457759.0,,2,6,Bot,,,,,,,10.423171013623444,-138.22632948570654,-1.7416243450910036,-14.8438815916739,31.6578446124574,-14.372175004131028,3.3989310856265,1.65913194637876,,,,94.2,2568.0,5.9,718341,643376,665489,593160,656305,666182,662139,595281,543807,54.64,,,,,,,,57,3,4-Seam Fastball,6,6,6,6,6,6,6,6,Standard,Standard,229.0,0.006,0.018,,,,,-0.018,,0,0,0.532,0.532,32,26,33,27,1,0,2.0,1.0,2.0,1.0,1.16,0.97,-0.97,27.4,,,,,
FF,2023-05-02,95.4,-2.17,5.07,"Duran, Jarren",680776,554340,,swinging_strike,,,,,12.0,,R,L,R,BOS,TOR,S,,,0,1,2023,-0.88,1.43,0.1412479917369583,3.6595293901419055,,457759.0,,2,6,Bot,,,,,,,7.992117296506331,-138.6964845675564,-1.262082642318627,-13.185189248078188,31.77952453098728,-13.661180163996033,3.5,1.69,,,,94.5,2569.0,5.9,718341,643376,665489,593160,656305,666182,662139,595281,543807,54.65,,,,,,,,57,2,4-Seam Fastball,6,6,6,6,6,6,6,6,Standard,Standard,226.0,-0.014,-0.061,,,,,0.061,,0,0,0.546,0.546,32,26,33,27,1,0,2.0,1.0,2.0,1.0,1.08,0.88,-0.88,24.4,,,,,
FF,2023-05-02,94.7,-2.53,5.11,"Duran, Jarren",680776,554340,,swinging_strike,,,,,1.0,,R,L,R,BOS,TOR,S,,,0,0,2023,-1.14,1.22,-0.385866291802742,2.953520875562152,,457759.0,,2,6,Bot,,,,,,,8.016968526185442,-137.68230056775528,-2.6030878160821014,-16.271993166402165,32.65066851401036,-16.30910359143532,3.5,1.69,,,,93.3,2560.0,5.7,718341,643376,665489,593160,656305,666182,662139,595281,543807,54.82,,,,,,,,57,1,4-Seam Fastball,6,6,6,6,6,6,6,6,Standard,Standard,225.0,-0.008,-0.046,,,,,0.046,,0,0,0.554,0.554,32,26,33,27,1,0,2.0,1.0,2.0,1.0,1.34,1.14,-1.14,21.4,,,,,
SV,2023-05-01,80.6,-2.5,5.5,"Duran, Jarren",680776,621244,home_run,hit_into_play,,,,,8.0,Jarren Duran homers (2) on a fly ball to center field.,R,L,R,BOS,TOR,X,,fly_ball,0,0,2023,1.19,-0.64,0.2704970906806874,1.586112850212643,,,,0,6,Bot,121.5,23.31,,,,,3.8899050056746143,-117.30464604717532,-0.7566094493960178,10.13378212544643,23.678921985922535,-38.16474082565245,3.5,1.7,434.0,109.1,25.0,80.3,2399.0,6.3,718353,643376,474832,593160,656305,666182,662139,595281,624415,54.25,1.0,2.0,2.0,1.0,0.0,3.0,6.0,50,1,Slurve,2,3,2,3,3,3,3,3,Infield shade,Standard,39.0,0.18,1.114,,,,4.0,-1.114,109.1,-1,-1,0.396,0.396,29,26,29,27,3,2,6.0,1.0,5.0,1.0,4.17,-1.19,1.19,38.6,,,,,
CH,2023-05-01,84.5,-2.32,5.41,"Duran, Jarren",680776,621244,single,hit_into_play,,,,,7.0,Jarren Duran singles on a ground ball to shortstop Bo Bichette. Rafael Devers to 2nd.,R,L,R,BOS,TOR,X,6.0,ground_ball,0,0,2023,-0.94,0.64,-0.6088420567796888,2.044524088975767,,,646240.0,1,3,Bot,112.18,158.02,,,,,5.919314850473959,-122.89337592537706,-2.682920236225179,-10.724314730229734,27.71075499373621,-25.3407229508984,3.5,1.7,5.0,69.9,-23.0,84.8,1549.0,6.8,718353,643376,474832,593160,656305,666182,662139,595281,624415,53.69,0.048,0.057,0.9,1.0,1.0,0.0,2.0,30,1,Changeup,2,3,2,3,3,2,2,3,Standard,Standard,251.0,0.046,0.415,,,,0.052,-0.415,88.0,-1,-1,0.44,0.44,29,26,29,27,2,1,6.0,1.0,5.0,1.0,2.59,0.94,-0.94,40.2,,,,,
CH,2023-05-01,84.3,-2.41,5.34,"Duran, Jarren",680776,621244,strikeout,swinging_strike,,,,,13.0,Jarren Duran strikes out swinging.,R,L,R,BOS,TOR,S,2.0,,1,2,2023,-1.38,0.31,-1.6168850668960089,1.4712373023891407,,457759.0,646240.0,0,1,Bot,,,,,,,4.642160702502668,-122.63560770854106,-3.1762408465845313,-14.780570249467011,27.216031246900236,-28.615230888653244,3.5,1.7,,,,84.7,1255.0,6.9,718353,643376,474832,593160,656305,666182,662139,595281,624415,53.65,,0.0,0.0,1.0,0.0,0.0,,10,5,Changeup,2,0,2,0,0,2,2,0,Standard,Standard,251.0,-0.023,-0.168,,,,,0.168,,2,2,0.783,0.783,29,26,29,27,1,0,6.0,1.0,5.0,1.0,2.93,1.38,-1.38,42.4,,,,,
SI,2023-05-01,95.4,-2.21,5.58,"Duran, Jarren",680776,621244,,foul,,,,,14.0,,R,L,R,BOS,TOR,S,,,1,2,2023,-1.25,0.95,1.0231099372735344,1.8462448761741543,,457759.0,646240.0,0,1,Bot,,,,,,,11.38272709082189,-138.4722058395095,-6.3582728645508375,-18.61352054812211,29.902638527406022,-18.69999844614523,3.5,1.7,,,,96.0,2280.0,6.7,718353,643376,474832,593160,656305,666182,662139,595281,624415,53.81,,,,,,,,10,4,Sinker,2,0,2,0,0,2,2,0,Standard,Standard,217.0,0.0,0.0,,,,,0.0,,2,2,0.783,0.783,29,26,29,27,1,0,6.0,1.0,5.0,1.0,1.56,1.25,-1.25,42.3,,,,,
CH,2023-05-01,77.9,-2.44,5.3,"Duran, Jarren",680776,621244,,ball,,,,,11.0,,R,L,R,BOS,TOR,B,,,0,2,2023,-1.19,0.32,-2.4539352541319044,3.619957882456577,,457759.0,646240.0,0,1,Bot,,,,,,,2.166022125520022,-113.34219860465518,2.790493194838705,-10.597476252164956,22.956191207209685,-30.238757021312,3.12641581839883,1.51633265211102,,,,78.0,1411.0,6.6,718353,643376,474832,593160,656305,666182,662139,595281,624415,53.91,,,,,,,,10,3,Changeup,2,0,2,0,0,2,2,0,Standard,Standard,262.0,0.003,0.025,,,,,-0.025,,2,2,0.78,0.78,29,26,29,27,1,0,6.0,1.0,5.0,1.0,3.47,1.19,-1.19,38.0,,,,,
CH,2023-05-01,84.2,-2.39,5.44,"Duran, Jarren",680776,621244,,swinging_strike,,,,,13.0,,R,L,R,BOS,TOR,S,,,0,1,2023,-1.05,0.53,-0.9166166345501974,0.7748456103046784,,457759.0,646240.0,0,1,Bot,,,,,,,5.5448003357244975,-122.36926863902202,-5.460963267176136,-11.689522108960192,25.937889015525094,-25.96492131051509,3.5,1.7,,,,84.4,1424.0,6.7,718353,643376,474832,593160,656305,666182,662139,595281,624415,53.85,,,,,,,,10,2,Changeup,2,0,2,0,0,2,2,0,Standard,Standard,249.0,-0.008,-0.066,,,,,0.066,,2,2,0.788,0.788,29,26,29,27,1,0,6.0,1.0,5.0,1.0,2.72,1.05,-1.05,41.1,,,,,
SV,2023-05-01,83.0,-2.4,5.57,"Duran, Jarren",680776,621244,,called_strike,,,,,8.0,,R,L,R,BOS,TOR,S,,,0,0,2023,1.17,-0.17,0.0329354829179178,1.5521987363916745,,457759.0,646240.0,0,1,Bot,,,,,,,3.2729306570368455,-120.8043574488464,-2.3432951121418295,10.708183839866264,25.52980332810785,-33.524800437522444,3.27316214563196,1.57521230664086,,,,82.6,2440.0,6.2,718353,643376,474832,593160,656305,666182,662139,595281,624415,54.28,,,,,,,,10,1,Slurve,2,0,2,0,0,2,2,0,Standard,Standard,41.0,-0.005,-0.048,,,,,0.048,,2,2,0.793,0.793,29,26,29,27,1,0,6.0,1.0,5.0,1.0,3.5,-1.17,1.17,41.7,,,,,
FF,2023-05-01,100.1,-0.96,5.64,"Duran, Jarren",680776,663878,strikeout,swinging_strike,,,,,11.0,Jarren Duran strikes out swinging.,R,L,R,BOS,TOR,S,2.0,,0,2,2023,-0.79,1.43,-1.3900090883589438,2.9817850063833844,,,,2,7,Bot,,,,,,,0.6847074376166887,-145.67593360880542,-5.3542502047247735,-11.3253889058413,36.591501642511226,-10.832981367589282,3.5,1.7,,,,100.6,2247.0,6.7,718353,643376,624415,593160,656305,666182,662139,595281,664770,53.8,,0.0,0.0,1.0,0.0,0.0,,65,3,4-Seam Fastball,5,3,5,3,3,5,5,3,Strategic,Standard,213.0,-0.004,-0.169,,,,,0.169,,2,2,0.866,0.866,26,26,27,27,1,3,6.0,1.0,2.0,1.0,0.86,0.79,-0.79,39.2,,,,,
FF,2023-05-01,98.4,-1.11,5.49,"Duran, Jarren",680776,663878,,called_strike,,,,,4.0,,R,L,R,BOS,TOR,S,,,0,1,2023,-0.64,1.35,-0.303439399446276,2.5289603619398124,,,,2,7,Bot,,,,,,,3.713137784941339,-143.05204138161236,-5.684988448650659,-9.609865452115535,37.47044510348025,-12.570234267577703,3.5519202107515,1.69890384827905,,,,98.8,2146.0,6.9,718353,643376,624415,593160,656305,666182,662139,595281,664770,53.63,,,,,,,,65,2,4-Seam Fastball,5,3,5,3,3,5,5,3,Standard,Standard,212.0,-0.001,-0.061,,,,,0.061,,2,2,0.867,0.867,26,26,27,27,1,3,6.0,1.0,2.0,1.0,1.04,0.64,-0.64,37.0,,,,,
FF,2023-05-01,98.6,-0.77,5.53,"Duran, Jarren",680776,663878,,foul,,,,,6.0,,R,L,R,BOS,TOR,S,,,0,0,2023,-0.68,1.6,0.5952284402728233,2.6154754214694234,,,,2,7,Bot,,,,,,,5.335576561148596,-143.3309754878568,-6.20294430044508,-10.597000396459755,35.54522449495128,-8.84098476581511,3.5,1.7,207.0,71.3,42.0,99.2,2367.0,6.8,718353,643376,624415,593160,656305,666182,662139,595281,664770,53.67,,,,,,,,65,1,4-Seam Fastball,5,3,5,3,3,5,5,3,Standard,Standard,211.0,-0.001,-0.045,,,,,0.045,88.0,2,2,0.868,0.868,26,26,27,27,1,3,6.0,1.0,2.0,1.0,0.76,0.68,-0.68,38.2,,,,,
ST,2023-04-30,78.0,2.47,5.12,"Duran, Jarren",680776,671106,double,hit_into_play,,,,,13.0,Jarren Duran hits a ground-rule double (9) on a fly ball down the left-field line. Connor Wong to 3rd.,R,L,L,BOS,CLE,X,,fly_ball,2,2,2023,-1.23,0.08,-1.015350298732606,1.9720888202244429,,,657136.0,0,5,Bot,62.06,150.5,,,,,-5.247289790138357,-113.45437050566775,0.0604883632428678,-9.51964410692449,22.81583042681699,-31.74115168756829,3.46,1.68,183.0,63.3,47.0,78.1,1931.0,6.6,718370,595956,605137,665926,672356,642708,680757,664702,660757,53.9,0.229,0.226,1.25,1.0,1.0,1.0,3.0,35,5,Sweeper,0,0,0,0,0,0,0,0,Standard,Standard,299.0,0.135,0.746,,,,0.293,-0.746,88.0,0,0,0.606,0.606,24,26,25,27,2,1,7.0,1.0,6.0,1.0,3.7,-1.23,-1.23,45.3,,,,,
FF,2023-04-30,90.9,2.42,5.05,"Duran, Jarren",680776,671106,,foul,,,,,4.0,,R,L,L,BOS,CLE,S,,,2,1,2023,0.23,1.47,-0.420967281250138,2.6807385004270534,,,657136.0,0,5,Bot,,,,,,,-7.692397459530512,-132.14913895276408,-3.189885551590522,4.412353293801378,28.68575782806957,-14.49814843346794,3.46,1.68,344.0,95.9,26.0,91.7,2092.0,6.9,718370,595956,605137,665926,672356,642708,680757,664702,660757,53.64,,,,,,,,35,4,4-Seam Fastball,0,0,0,0,0,0,0,0,Standard,Standard,161.0,-0.014,-0.056,,,,,0.056,95.9,0,0,0.62,0.62,24,26,25,27,2,1,7.0,1.0,6.0,1.0,1.3,0.23,0.23,51.5,,,,,
ST,2023-04-30,75.8,2.49,5.17,"Duran, Jarren",680776,671106,,ball,,,,,12.0,,R,L,L,BOS,CLE,B,,,1,1,2023,-1.55,0.04,0.9123591294455302,3.001786974903941,,,657136.0,0,5,Bot,,,,,,,-0.5207845743815073,-110.35794829041852,2.573474592566648,-12.464892762984348,21.658371908927688,-32.6075245736519,3.50831874601536,1.81299092150448,,,,75.8,2064.0,6.5,718370,595956,605137,665926,672356,642708,680757,664702,660757,54.03,,,,,,,,35,3,Sweeper,0,0,0,0,0,0,0,0,Standard,Standard,299.0,0.009,0.042,,,,,-0.042,,0,0,0.611,0.611,24,26,25,27,2,1,7.0,1.0,6.0,1.0,3.96,-1.55,-1.55,45.1,,,,,
ST,2023-04-30,78.1,2.62,5.07,"Duran, Jarren",680776,671106,,foul,,,,,7.0,,R,L,L,BOS,CLE,S,,,1,0,2023,-1.34,0.4,-0.5920733418506317,1.996709920680079,,,657136.0,0,5,Bot,,,,,,,-4.468693953225586,-113.6680293209072,-0.4291461840750935,-10.722772537835349,22.26722584588103,-28.89983064518329,3.46,1.68,187.0,70.3,57.0,78.3,2072.0,6.6,718370,595956,605137,665926,672356,642708,680757,664702,660757,53.9,,,,,,,,35,2,Sweeper,0,0,0,0,0,0,0,0,Standard,Standard,289.0,-0.009,-0.042,,,,,0.042,88.0,0,0,0.62,0.62,24,26,25,27,2,1,7.0,1.0,6.0,1.0,3.36,-1.34,-1.34,47.0,,,,,
FF,2023-04-30,89.5,2.46,5.07,"Duran, Jarren",680776,671106,,ball,,,,,13.0,,R,L,L,BOS,CLE,B,,,0,0,2023,0.51,1.26,-1.2722673907557098,1.8493458296011431,,,657136.0,0,5,Bot,,,,,,,-10.337542084042598,-129.860001380164,-4.561950975323012,8.137843174800766,29.598136460043992,-17.10486951289209,3.56848438861461,1.72321436171632,,,,89.6,1982.0,6.7,718370,595956,605137,665926,672356,642708,680757,664702,660757,53.79,,,,,,,,35,1,4-Seam Fastball,0,0,0,0,0,0,0,0,Strategic,Standard,154.0,0.007,0.03,,,,,-0.03,,0,0,0.613,0.613,24,26,25,27,2,1,7.0,1.0,6.0,1.0,1.62,0.51,0.51,44.3,,,,,
ST,2023-04-30,79.8,2.49,5.08,"Duran, Jarren",680776,671106,field_out,hit_into_play,,,,,8.0,"Jarren Duran grounds out softly, shortstop Amed Rosario to first baseman Josh Bell.",R,L,L,BOS,CLE,X,6.0,ground_ball,0,1,2023,-1.17,-0.02,0.1386007217932521,1.582577611666803,,807799.0,624414.0,2,2,Bot,115.74,157.79,,,,,-2.9852320603309805,-116.08551011993475,-0.8392452477261755,-9.890367397191262,24.35110408517015,-32.3868724824077,3.46,1.68,5.0,69.0,-18.0,80.4,2242.0,7.0,718370,595956,605137,665926,672356,642708,680757,664702,660757,53.5,0.05,0.059,0.0,1.0,0.0,0.0,2.0,15,2,Sweeper,0,0,0,0,0,0,0,0,Standard,Standard,297.0,-0.039,-0.256,,,,0.075,0.256,88.0,0,0,0.539,0.539,24,26,25,27,1,0,7.0,1.0,6.0,1.0,3.63,-1.17,-1.17,43.8,,,,,
ST,2023-04-30,79.3,2.53,5.01,"Duran, Jarren",680776,671106,,foul,,,,,7.0,,R,L,L,BOS,CLE,S,,,0,0,2023,-1.18,0.42,-0.667008348857946,2.191402009586553,,807799.0,624414.0,2,2,Bot,,,,,,,-4.833118938707477,-115.32386073130868,-0.1087341647114203,-9.46671195567214,23.05583442368464,-28.64770695703244,3.46,1.68,,,,79.6,2236.0,6.7,718370,595956,605137,665926,672356,642708,680757,664702,660757,53.77,,,,,,,,15,1,Sweeper,0,0,0,0,0,0,0,0,Standard,Standard,287.0,-0.007,-0.04,,,,,0.04,,0,0,0.546,0.546,24,26,25,27,1,0,7.0,1.0,6.0,1.0,3.23,-1.18,-1.18,43.2,,,,,
CH,2023-04-30,84.4,-2.22,6.51,"Duran, Jarren",680776,685410,field_out,hit_into_play,,,,,5.0,"Jarren Duran grounds out, first baseman Josh Bell to pitcher Peyton Battenfield.",R,L,R,BOS,CLE,X,3.0,ground_ball,1,0,2023,-1.63,0.95,-0.0889532967458484,2.2376575166196497,,,,0,8,Bot,159.77,158.8,,,,,8.185911305672276,-122.63428316030144,-5.439420056556032,-18.058436238157988,24.31319571370606,-21.666908141114927,3.46,1.68,12.0,80.8,-10.0,84.2,1977.0,6.2,718370,650619,605137,665926,672356,642708,680757,664702,660757,54.26,0.113,0.111,0.0,1.0,0.0,0.0,2.0,65,2,Changeup,7,1,7,1,1,7,7,1,Strategic,Standard,230.0,0.0,-0.306,,,,0.138,0.306,88.0,6,6,0.998,0.998,25,26,26,27,1,3,5.0,1.0,5.0,1.0,2.26,1.63,-1.63,43.7,,,,,
FF,2023-04-30,90.7,-1.89,6.82,"Duran, Jarren",680776,685410,,ball,,,,,11.0,,R,L,R,BOS,CLE,B,,,0,0,2023,-0.41,1.75,-0.0021688804888453,4.182843078584399,,,,0,8,Bot,,,,,,,5.6012144020397105,-131.9718634697521,-4.403394305291554,-6.053835221224848,29.11200056211876,-11.016406632933744,3.58377256034257,1.70853878065481,,,,90.7,2362.0,6.4,718370,650619,605137,665926,672356,642708,680757,664702,660757,54.14,,,,,,,,65,1,4-Seam Fastball,7,1,7,1,1,7,7,1,Standard,Standard,200.0,0.0,0.04,,,,,-0.04,,6,6,0.998,0.998,25,26,26,27,1,3,5.0,1.0,5.0,1.0,1.03,0.41,-0.41,54.6,,,,,
SL,2023-04-30,78.4,-3.32,3.83,"Duran, Jarren",680776,680704,field_out,hit_into_play,,,,,8.0,Jarren Duran flies out to left fielder Steven Kwan.,R,L,R,BOS,CLE,X,7.0,fly_ball,2,2,2023,0.44,0.7,-0.1018017075949856,2.1980953253921927,,,,1,6,Bot,94.75,138.96,,,,,6.220874172821901,-114.03069337105124,2.0314191172392295,2.735567065031673,19.877274543459773,-26.5954269379432,3.46,1.68,172.0,83.9,64.0,79.4,2341.0,6.9,718370,595956,605137,665926,672356,642708,680757,664702,660757,53.61,0.005,0.005,0.0,1.0,0.0,0.0,3.0,49,5,Slider,4,1,4,1,1,4,4,1,Standard,Standard,108.0,-0.005,-0.234,,,,0.009,0.234,88.0,3,3,0.903,0.903,26,26,26,27,1,2,6.0,1.0,8.0,1.0,2.99,-0.44,0.44,1.2,,,,,
SL,2023-04-30,79.0,-3.19,3.87,"Duran, Jarren",680776,680704,,ball,,,,,14.0,,R,L,R,BOS,CLE,B,,,1,2,2023,0.63,1.06,0.0451183516532184,1.037146895365073,,,,1,6,Bot,,,,,,,5.926921594493006,-114.94505335913158,-1.3539398934072548,4.5075074568203135,20.95016850029229,-22.68240973768579,3.61373836523383,1.79816670518926,,,,79.7,2326.0,6.7,718370,595956,605137,665926,672356,642708,680757,664702,660757,53.78,,,,,,,,49,4,Slider,4,1,4,1,1,4,4,1,Standard,Standard,106.0,0.001,0.045,,,,,-0.045,,3,3,0.902,0.902,26,26,26,27,1,2,6.0,1.0,8.0,1.0,2.58,-0.63,0.63,3.4,,,,,
SI,2023-04-30,91.4,-3.19,4.37,"Duran, Jarren",680776,680704,,foul,,,,,5.0,,R,L,R,BOS,CLE,S,,,1,1,2023,-1.49,0.14,-0.1782308953809688,2.5657074386183303,,,,1,6,Bot,,,,,,,10.930465280396104,-132.59698010777063,1.1656941208107487,-20.04477167524716,31.461901394691186,-31.118817602384013,3.46,1.68,215.0,75.3,38.0,91.9,2243.0,7.0,718370,595956,605137,665926,672356,642708,680757,664702,660757,53.48,,,,,,,,49,3,Sinker,4,1,4,1,1,4,4,1,Standard,Standard,247.0,-0.002,-0.068,,,,,0.068,88.0,3,3,0.904,0.904,26,26,26,27,1,2,6.0,1.0,8.0,1.0,2.63,1.49,-1.49,14.2,,,,,
FS,2023-04-30,86.3,-3.11,4.21,"Duran, Jarren",680776,680704,,called_strike,,,,,13.0,,R,L,R,BOS,CLE,S,,,1,0,2023,-1.17,0.04,-0.9528624846310948,2.1714625184377816,,,,1,6,Bot,,,,,,,7.656003352225173,-125.48419626185016,1.377912681359904,-13.987536198875992,26.444933312507377,-32.32041150562011,3.57891035972813,1.67301043069613,,,,87.4,1563.0,7.1,718370,595956,605137,665926,672356,642708,680757,664702,660757,53.35,,,,,,,,49,2,Split-Finger,4,1,4,1,1,4,4,1,Standard,Standard,262.0,-0.001,-0.05,,,,,0.05,,3,3,0.905,0.905,26,26,26,27,1,2,6.0,1.0,8.0,1.0,3.04,1.17,-1.17,9.9,,,,,
SL,2023-04-30,80.8,-3.39,3.89,"Duran, Jarren",680776,680704,,ball,,,,,13.0,,R,L,R,BOS,CLE,B,,,0,0,2023,0.77,0.52,-1.7848902044294004,2.407418258118356,,,,1,6,Bot,,,,,,,2.1075954472937983,-117.61692770237448,2.394790853378663,6.729865408083585,23.22180204612897,-28.07693130011801,3.64382974888583,1.82809732873051,,,,81.1,2429.0,6.6,718370,595956,605137,665926,672356,642708,680757,664702,660757,53.9,,,,,,,,49,1,Slider,4,1,4,1,1,4,4,1,Standard,Standard,106.0,0.001,0.039,,,,,-0.039,,3,3,0.904,0.904,26,26,26,27,1,2,6.0,1.0,8.0,1.0,2.98,-0.77,0.77,1.1,,,,,
FF,2023-04-29,87.9,-0.4,6.07,"Duran, Jarren",680776,668676,field_out,hit_into_play,,,,,3.0,Jarren Duran flies out to left fielder Steven Kwan.,R,L,R,BOS,CLE,X,7.0,fly_ball,1,0,2023,-0.91,1.41,0.5805480860037645,2.963815729741457,,,,0,4,Bot,75.23,74.99,,,,,4.288930569913687,-127.95793418916116,-4.350514733756957,-10.903140592802288,27.471339471202405,-16.020491529982355,3.37,1.63,332.0,92.8,33.0,88.3,1957.0,6.6,718385,572287,647304,665926,608070,642708,680757,664702,660757,53.9,0.121,0.214,0.0,1.0,0.0,0.0,3.0,29,2,4-Seam Fastball,3,1,3,1,1,3,3,1,Standard,Standard,210.0,-0.018,-0.306,,,,0.394,0.306,92.8,2,2,0.788,0.788,28,26,28,27,2,1,7.0,1.0,,1.0,1.55,0.91,-0.91,47.3,,,,,
FF,2023-04-29,88.9,-0.34,6.14,"Duran, Jarren",680776,668676,,ball,,,,,11.0,,R,L,R,BOS,CLE,B,,,0,0,2023,-0.74,1.32,-0.9886202001976446,3.5020410976606824,,,,0,4,Bot,,,,,,,-0.0232173830264108,-129.54317305046064,-3.17850368525699,-8.338811251602117,27.90627509018324,-16.91772480471107,3.55418301494529,1.70911085664093,,,,88.9,1769.0,6.3,718385,572287,647304,665926,608070,642708,680757,664702,660757,54.25,,,,,,,,29,1,4-Seam Fastball,3,1,3,1,1,3,3,1,Standard,Standard,212.0,0.002,0.04,,,,,-0.04,,2,2,0.786,0.786,28,26,28,27,2,1,7.0,1.0,,1.0,1.57,0.74,-0.74,48.9,,,,,
FF,2023-04-29,89.9,-0.26,6.15,"Duran, Jarren",680776,668676,field_out,hit_into_play,,,,,7.0,"Jarren Duran grounds out, pitcher Zach Plesac to first baseman Josh Naylor.",R,L,R,BOS,CLE,X,1.0,ground_ball,3,2,2023,-0.91,1.36,-0.7341426513856726,1.9359277008483091,,,,1,1,Bot,130.45,181.42,,,,,0.7679938349915055,-130.8654323755134,-7.43093615397705,-10.678470132725902,25.5280552452316,-15.173238813771096,3.37,1.63,11.0,85.0,-10.0,90.5,1951.0,6.4,718385,572287,647304,665926,608070,642708,680757,664702,660757,54.05,0.125,0.114,0.0,1.0,0.0,0.0,2.0,9,6,4-Seam Fastball,3,0,3,0,0,3,3,0,Standard,Standard,207.0,-0.011,-0.328,,,,0.172,0.328,88.0,3,3,0.795,0.795,28,26,28,27,1,0,7.0,1.0,,1.0,1.44,0.91,-0.91,51.5,,,,,
FF,2023-04-29,90.8,-0.34,6.15,"Duran, Jarren",680776,668676,,called_strike,,,,,13.0,,R,L,R,BOS,CLE,S,,,3,1,2023,-0.84,1.57,-0.4531054933193452,1.4085716707455354,,,,1,1,Bot,,,,,,,1.5258340971187576,-132.00014681748672,-9.309200623104198,-10.134373352034745,28.92150698535872,-12.049605651242716,3.54900180311138,1.67324154288711,,,,91.0,2124.0,6.5,718385,572287,647304,665926,608070,642708,680757,664702,660757,53.97,,,,,,,,9,5,4-Seam Fastball,3,0,3,0,0,3,3,0,Standard,Standard,210.0,-0.003,-0.104,,,,,0.104,,3,3,0.798,0.798,28,26,28,27,1,0,7.0,1.0,,1.0,1.21,0.84,-0.84,49.1,,,,,
CU,2023-04-29,77.1,-1.52,5.95,"Duran, Jarren",680776,675540,field_out,hit_into_play,,,,,9.0,Jarren Duran pops out softly to third baseman Jose Ramirez in foul territory.,R,L,R,BOS,CLE,X,5.0,popup,1,2,2023,1.32,-0.78,0.7993581267499485,1.792528713021257,,,646240.0,1,5,Bot,102.49,191.87,,,,,2.521252632698875,-112.10256392125704,-0.2852081922866194,10.416759641800464,24.3037732778943,-38.84171320020623,3.37,1.63,63.0,56.1,76.0,76.7,2391.0,6.5,718385,572287,647304,665926,608070,642708,680757,664702,660757,54.02,0.005,0.006,0.0,1.0,0.0,0.0,1.0,43,7,Curveball,5,1,5,1,1,5,5,1,Standard,Standard,29.0,-0.006,-0.185,,,,0.007,0.185,88.0,4,4,0.93,0.93,24,26,25,27,1,2,5.0,1.0,6.0,1.0,4.68,-1.32,1.32,63.0,,,,,
CH,2023-04-29,84.9,-0.53,6.05,"Duran, Jarren",680776,668676,,ball,,,,,14.0,,R,L,R,BOS,CLE,B,,,2,1,2023,-0.99,1.15,0.9893121169960556,0.0184514833994715,,,,1,1,Bot,,,,,,,5.548128913454665,-123.24200488516976,-10.06395054128082,-11.218918060460217,24.76139795405004,-18.61155662699939,3.52360568892377,1.70853878065481,,,,84.8,1587.0,6.4,718385,572287,647304,665926,608070,642708,680757,664702,660757,54.1,,,,,,,,9,4,Changeup,3,0,3,0,0,3,3,0,Standard,Standard,221.0,0.004,0.122,,,,,-0.122,,3,3,0.794,0.794,28,26,28,27,1,0,7.0,1.0,,1.0,2.03,0.99,-0.99,47.3,,,,,
FF,2023-04-29,91.9,-0.4,6.11,"Duran, Jarren",680776,668676,,called_strike,,,,,14.0,,R,L,R,BOS,CLE,S,,,2,0,2023,-0.75,1.45,0.4465657544549627,1.3850641304188889,,,,1,1,Bot,,,,,,,3.7872249647780554,-133.55201031912415,-9.266279475267774,-9.845306904042236,28.08652788078604,-13.01791881251938,3.60920865291813,1.67329357707757,,,,92.1,2051.0,6.4,718385,572287,647304,665926,608070,642708,680757,664702,660757,54.07,,,,,,,,9,3,4-Seam Fastball,3,0,3,0,0,3,3,0,Standard,Standard,212.0,-0.003,-0.062,,,,,0.062,,3,3,0.797,0.797,28,26,28,27,1,0,7.0,1.0,,1.0,1.25,0.75,-0.75,50.0,,,,,
SL,2023-04-29,85.2,-1.57,6.01,"Duran, Jarren",680776,675540,,foul,,,,,6.0,,R,L,R,BOS,CLE,S,,,1,2,2023,0.36,0.02,0.6231592569921935,2.1845106327383785,,,646240.0,1,5,Bot,,,,,,,4.4484200407434304,-124.0968641651166,-2.7260720577181043,2.7741957525881378,25.397418097511046,-31.617949574342237,3.37,1.63,157.0,81.1,68.0,85.2,2481.0,6.3,718385,572287,647304,665926,608070,642708,680757,664702,660757,54.2,,,,,,,,43,6,Slider,5,1,5,1,1,5,5,1,Standard,Standard,107.0,0.0,0.0,,,,,0.0,88.0,4,4,0.93,0.93,24,26,25,27,1,2,5.0,1.0,6.0,1.0,3.12,-0.36,0.36,58.3,,,,,
FF,2023-04-29,89.6,-0.27,6.19,"Duran, Jarren",680776,668676,,ball,,,,,1.0,,R,L,R,BOS,CLE,B,,,1,0,2023,-0.68,1.39,-0.7109785983458816,3.566775995334339,,,,1,1,Bot,,,,,,,0.3424653019654515,-130.6051195328592,-3.5051070465130763,-7.873773473593922,24.79300120082142,-15.671599692858743,3.52360568892377,1.70853878065481,,,,90.4,1884.0,6.5,718385,572287,647304,665926,608070,642708,680757,664702,660757,54.01,,,,,,,,9,2,4-Seam Fastball,3,0,3,0,0,3,3,0,Standard,Standard,206.0,0.003,0.066,,,,,-0.066,,3,3,0.794,0.794,28,26,28,27,1,0,7.0,1.0,,1.0,1.42,0.68,-0.68,50.9,,,,,
CH,2023-04-29,90.4,-1.54,5.97,"Duran, Jarren",680776,675540,,ball,,,,,13.0,,R,L,R,BOS,CLE,B,,,0,2,2023,-1.19,0.86,-1.0319615897113914,1.0457304844070427,,,646240.0,1,5,Bot,,,,,,,3.794984583257984,-131.407085683841,-8.11004072585947,-14.563584054962094,29.139067113720373,-20.641346299028022,3.61410574812741,1.76866521107458,,,,90.0,1612.0,6.2,718385,572287,647304,665926,608070,642708,680757,664702,660757,54.27,,,,,,,,43,5,Changeup,5,1,5,1,1,5,5,1,Standard,Standard,207.0,0.001,0.023,,,,,-0.023,,4,4,0.929,0.929,24,26,25,27,1,2,5.0,1.0,6.0,1.0,1.94,1.19,-1.19,61.2,,,,,
FF,2023-04-29,94.4,-0.98,6.15,"Duran, Jarren",680776,675540,,foul,,,,,6.0,,R,L,R,BOS,CLE,S,,,0,2,2023,-0.43,1.68,0.4346844879703683,2.809034047746038,,,646240.0,1,5,Bot,,,,,,,4.62299232525939,-137.2145623327697,-6.657769745090939,-6.472831288683391,34.032022390016415,-9.713382946068847,3.37,1.63,,,,93.8,2281.0,6.3,718385,572287,647304,665926,608070,642708,680757,664702,660757,54.24,,,,,,,,43,4,4-Seam Fastball,5,1,5,1,1,5,5,1,Standard,Standard,190.0,0.0,0.0,,,,,0.0,,4,4,0.929,0.929,24,26,25,27,1,2,5.0,1.0,6.0,1.0,0.91,0.43,-0.43,66.6,,,,,
FF,2023-04-29,90.9,-0.47,6.15,"Duran, Jarren",680776,668676,,ball,,,,,13.0,,R,L,R,BOS,CLE,B,,,0,0,2023,-0.75,1.38,-0.9269131171327444,2.42679665318091,,,,1,1,Bot,,,,,,,0.4540831373687937,-132.33674450361949,-6.456702801573607,-8.902343883558213,25.877864241968123,-14.75004450449325,3.58377256034257,1.76838120102291,,,,91.5,1925.0,6.4,718385,572287,647304,665926,608070,642708,680757,664702,660757,54.05,,,,,,,,9,1,4-Seam Fastball,3,0,3,0,0,3,3,0,Standard,Standard,210.0,0.001,0.039,,,,,-0.039,,3,3,0.793,0.793,28,26,28,27,1,0,7.0,1.0,,1.0,1.35,0.75,-0.75,49.2,,,,,
CU,2023-04-29,76.9,-1.36,6.08,"Duran, Jarren",680776,675540,,foul,,,,,8.0,,R,L,R,BOS,CLE,S,,,0,2,2023,1.18,-0.91,0.0493573479817522,1.6812988946275782,,,646240.0,1,5,Bot,,,,,,,0.8397596216666483,-111.91870524393308,-0.5882091898854978,9.637447549617896,22.927294689682533,-39.89340106096088,3.37,1.63,6.0,77.2,-17.0,76.2,2592.0,6.1,718385,572287,647304,665926,608070,642708,680757,664702,660757,54.42,,,,,,,,43,3,Curveball,5,1,5,1,1,5,5,1,Standard,Standard,31.0,0.0,0.0,,,,,0.0,88.0,4,4,0.929,0.929,24,26,25,27,1,2,5.0,1.0,6.0,1.0,4.81,-1.18,1.18,65.4,,,,,
CU,2023-04-29,75.8,-1.46,6.03,"Duran, Jarren",680776,675540,,foul,,,,,4.0,,R,L,R,BOS,CLE,S,,,0,1,2023,0.73,-0.89,-0.7237828111486074,2.5022484576192285,,,646240.0,1,5,Bot,,,,,,,0.2327666171008321,-110.41251889974548,1.3026418919913476,5.973258061761062,19.554841249341923,-39.91081178766145,3.37,1.63,5.0,62.5,-29.0,76.4,2342.0,6.7,718385,572287,647304,665926,608070,642708,680757,664702,660757,53.85,,,,,,,,43,2,Curveball,5,1,5,1,1,5,5,1,Standard,Standard,41.0,-0.002,-0.053,,,,,0.053,88.0,4,4,0.931,0.931,24,26,25,27,1,2,5.0,1.0,6.0,1.0,4.85,-0.73,0.73,64.9,,,,,
FF,2023-04-29,93.5,-1.24,6.11,"Duran, Jarren",680776,675540,,foul,,,,,6.0,,R,L,R,BOS,CLE,S,,,0,0,2023,-0.21,1.57,0.6510700706110949,2.2885823770297615,,,646240.0,1,5,Bot,,,,,,,5.346983129412523,-135.91241472026877,-7.528278897586553,-3.8753379312356895,32.76921844723796,-11.23301132865278,3.37,1.63,206.0,82.0,58.0,93.2,2229.0,6.4,718385,572287,647304,665926,608070,642708,680757,664702,660757,54.09,,,,,,,,43,1,4-Seam Fastball,5,1,5,1,1,5,5,1,Standard,Standard,189.0,-0.001,-0.042,,,,,0.042,88.0,4,4,0.932,0.932,24,26,25,27,1,2,5.0,1.0,6.0,1.0,1.06,0.21,-0.21,65.3,,,,,
FF,2023-04-29,94.5,-1.73,5.26,"Duran, Jarren",680776,660853,field_out,hit_into_play,,,,,5.0,Jarren Duran flies out to left fielder Steven Kwan.,R,L,R,BOS,CLE,X,7.0,fly_ball,3,2,2023,-1.23,0.97,-0.2342059277361361,2.376480903402338,,,,1,7,Bot,80.82,100.21,,,,,6.626033835850432,-137.27592999092408,-3.906858559732597,-17.02351304083699,34.64447330928007,-19.24177871923176,3.36548489314958,1.62488619682829,271.0,88.6,43.0,93.9,2259.0,6.4,718385,572287,647304,665926,608070,642708,680757,664702,660757,54.14,0.005,0.005,0.0,1.0,0.0,0.0,3.0,64,7,4-Seam Fastball,6,5,6,5,5,6,6,5,Standard,Standard,228.0,-0.018,-0.328,,,,0.005,0.328,88.6,1,1,0.773,0.773,27,26,28,27,1,3,4.0,1.0,2.0,1.0,1.62,1.23,-1.23,26.7,,,,,
CH,2023-04-29,89.0,-1.87,5.18,"Duran, Jarren",680776,660853,,ball,,,,,14.0,,R,L,R,BOS,CLE,B,,,2,2,2023,-1.69,0.55,0.9050749820955508,0.8575159163316874,,,,1,7,Bot,,,,,,,10.399323543295807,-129.06388062025258,-5.63427079568463,-21.144202861796472,30.673305637780132,-24.88697819562564,3.61410574812741,1.76866521107458,,,,88.8,1853.0,6.7,718385,572287,647304,665926,608070,642708,680757,664702,660757,53.85,,,,,,,,64,6,Changeup,6,5,6,5,5,6,6,5,Standard,Standard,242.0,0.005,0.094,,,,,-0.094,,1,1,0.768,0.768,27,26,28,27,1,3,4.0,1.0,2.0,1.0,2.38,1.69,-1.69,28.6,,,,,
CH,2023-04-29,79.1,-0.34,5.72,"Duran, Jarren",680776,669212,single,hit_into_play,,,,,8.0,Jarren Duran singles on a ground ball to right fielder Will Brennan. Rafael Devers to 3rd.,R,L,R,BOS,CLE,X,9.0,ground_ball,0,1,2023,-1.43,0.46,0.1284464745493356,1.5976722347887955,,,646240.0,2,9,Bot,196.95,114.28,,,,,3.7281193364763032,-115.0544068991112,-3.0482476975453605,-13.39450665463796,22.441121437149437,-27.72106397636168,3.37,1.63,9.0,101.1,-10.0,79.7,2150.0,6.8,718385,572287,647304,665926,608070,642708,680757,664702,686823,53.67,0.261,0.247,0.9,1.0,1.0,0.0,2.0,82,2,Changeup,6,6,6,6,6,6,6,6,Standard,Standard,256.0,0.083,0.413,,,,0.286,-0.413,101.1,0,0,0.554,0.554,27,26,27,27,1,4,3.0,1.0,3.0,1.0,3.2,1.43,-1.43,51.3,,,,,
FF,2023-04-29,92.8,-0.07,5.79,"Duran, Jarren",680776,669212,,called_strike,,,,,5.0,,R,L,R,BOS,CLE,S,,,0,0,2023,-0.62,1.78,0.2720222731779086,2.5295025991608737,,,646240.0,2,9,Bot,,,,,,,2.251845292226393,-135.10007932267823,-6.5476366652493425,-8.102996983379473,28.417117162020705,-9.141615460527747,3.67428872084229,1.76866521107458,,,,94.1,2418.0,6.9,718385,572287,647304,665926,608070,642708,680757,664702,686823,53.57,,,,,,,,82,1,4-Seam Fastball,6,6,6,6,6,6,6,6,Standard,Strategic,210.0,-0.009,-0.045,,,,,0.045,,0,0,0.563,0.563,27,26,27,27,1,4,3.0,1.0,3.0,1.0,0.86,0.62,-0.62,55.4,,,,,
CH,2023-04-29,87.2,-1.59,5.52,"Duran, Jarren",680776,660853,,ball,,,,,13.0,,R,L,R,BOS,CLE,B,,,1,2,2023,-1.59,0.82,-0.4829572245407378,1.1356933335323791,,,,1,7,Bot,,,,,,,5.97882405943335,-126.6719052295488,-6.039230071689702,-18.28450952175221,28.48834589618881,-22.254222449904024,3.61410574812741,1.76866521107458,,,,87.5,1831.0,6.8,718385,572287,647304,665926,608070,642708,680757,664702,660757,53.67,,,,,,,,64,5,Changeup,6,5,6,5,5,6,6,5,Standard,Standard,235.0,0.003,0.045,,,,,-0.045,,1,1,0.765,0.765,27,26,28,27,1,3,4.0,1.0,2.0,1.0,2.21,1.59,-1.59,29.1,,,,,
FF,2023-04-29,94.8,-1.65,5.42,"Duran, Jarren",680776,660853,,foul,,,,,1.0,,R,L,R,BOS,CLE,S,,,1,2,2023,-1.43,1.02,-0.5970708366640838,2.8617400813536227,,,,1,7,Bot,,,,,,,5.966611064353784,-137.8177830195237,-3.2239363285956086,-19.54990609539189,33.836442627837364,-18.74287012306982,3.37,1.63,228.0,73.9,31.0,94.6,2207.0,6.5,718385,572287,647304,665926,608070,642708,680757,664702,660757,54.02,,,,,,,,64,4,4-Seam Fastball,6,5,6,5,5,6,6,5,Standard,Standard,225.0,0.0,0.0,,,,,0.0,88.0,1,1,0.765,0.765,27,26,28,27,1,3,4.0,1.0,2.0,1.0,1.55,1.43,-1.43,23.9,,,,,
FF,2023-04-29,94.3,-1.66,5.26,"Duran, Jarren",680776,660853,,foul_tip,,,,,8.0,,R,L,R,BOS,CLE,S,,,1,1,2023,-1.06,1.19,0.0863844275831058,2.0776402202039597,,,,1,7,Bot,,,,,,,6.9030798634682675,-137.09442891615487,-5.174391407019308,-14.94988757911351,33.369916284581215,-16.263717806524813,3.37,1.63,,,,94.1,2228.0,6.5,718385,572287,647304,665926,608070,642708,680757,664702,660757,54.05,,,,,,,,64,3,4-Seam Fastball,6,5,6,5,5,6,6,5,Standard,Standard,227.0,-0.004,-0.068,,,,,0.068,,1,1,0.769,0.769,27,26,28,27,1,3,4.0,1.0,2.0,1.0,1.4,1.06,-1.06,23.8,,,,,
FF,2023-04-29,94.7,-1.72,5.28,"Duran, Jarren",680776,660853,,called_strike,,,,,9.0,,R,L,R,BOS,CLE,S,,,1,0,2023,-1.17,1.13,0.3040425285947403,1.838643613661901,,,,1,7,Bot,,,,,,,7.897594363483226,-137.69299172386147,-5.847208509599416,-16.629910381507358,30.50413307651969,-16.632734822753942,3.58401871376736,1.76866521107458,,,,94.7,2289.0,6.3,718385,572287,647304,665926,608070,642708,680757,664702,660757,54.19,,,,,,,,64,2,4-Seam Fastball,6,5,6,5,5,6,6,5,Standard,Standard,231.0,-0.003,-0.05,,,,,0.05,,1,1,0.772,0.772,27,26,28,27,1,3,4.0,1.0,2.0,1.0,1.41,1.17,-1.17,26.8,,,,,
FF,2023-04-29,94.0,-1.87,5.45,"Duran, Jarren",680776,660853,,ball,,,,,11.0,,R,L,R,BOS,CLE,B,,,0,0,2023,-0.99,1.07,-1.0719742158998573,3.8854217434272096,,,,1,7,Bot,,,,,,,4.233422576498602,-136.8033796903524,-0.7143173008172865,-13.36385716873115,30.98628396762877,-18.76328293988736,3.55393467426757,1.73874285867319,,,,93.6,2200.0,6.1,718385,572287,647304,665926,608070,642708,680757,664702,660757,54.41,,,,,,,,64,1,4-Seam Fastball,6,5,6,5,5,6,6,5,Standard,Standard,227.0,0.002,0.039,,,,,-0.039,,1,1,0.77,0.77,27,26,28,27,1,3,4.0,1.0,2.0,1.0,1.51,0.99,-0.99,28.2,,,,,
FC,2023-04-28,85.2,-1.39,5.53,"Duran, Jarren",680776,669456,double,hit_into_play,,,,,2.0,Jarren Duran doubles (7) on a line drive to center fielder Myles Straw.,R,L,R,BOS,CLE,X,8.0,line_drive,0,1,2023,0.52,0.42,0.2299054908760461,3.022348541434858,,,,0,7,Bot,98.32,53.41,,,,,2.79034863142741,-124.17209655517128,-0.4716817149012709,4.850036767373688,23.752174165796845,-27.94645488583461,3.37,1.63,351.0,97.1,30.0,86.3,2444.0,6.8,718395,572287,647304,665926,608070,642708,680757,664702,686823,53.72,0.326,0.6025652173913043,1.25,1.0,1.0,1.0,5.0,54,2,Cutter,2,4,2,4,4,2,2,4,Standard,Standard,185.0,0.108,0.748,,,,1.171,-0.748,97.1,-2,-2,0.215,0.215,28,26,28,27,3,2,6.0,2.0,5.0,1.0,2.7,-0.52,0.52,40.0,,,,,
FF,2023-04-28,90.4,-1.36,5.5,"Duran, Jarren",680776,669456,,called_strike,,,,,7.0,,R,L,R,BOS,CLE,S,,,0,0,2023,-0.72,1.47,-0.2877237558997029,2.024565089080739,,,,0,7,Bot,,,,,,,4.269707068115024,-131.49979376885602,-5.8933244373633595,-9.320462648820431,29.260656122132577,-14.0804627708988,3.52335901729312,1.76809855325219,,,,91.3,2162.0,7.0,718395,572287,647304,665926,608070,642708,680757,664702,686823,53.55,,,,,,,,54,1,4-Seam Fastball,2,4,2,4,4,2,2,4,Standard,Standard,217.0,-0.006,-0.042,,,,,0.042,,-2,-2,0.221,0.221,28,26,28,27,3,2,6.0,2.0,5.0,1.0,1.33,0.72,-0.72,44.2,,,,,
FF,2023-04-28,92.0,-1.23,5.46,"Duran, Jarren",680776,669456,field_out,hit_into_play,,,,,8.0,"Jarren Duran grounds out, shortstop Amed Rosario to first baseman Josh Naylor.",R,L,R,BOS,CLE,X,6.0,ground_ball,0,2,2023,-0.76,1.55,0.1526211093552456,1.751223403329437,,,646240.0,2,4,Bot,134.38,141.44,,,,,5.235351375367241,-133.6373186466374,-6.9377778475469505,-10.27051110482172,32.83207806733419,-12.278093937589231,3.37,1.63,3.0,95.3,-26.0,92.8,2198.0,7.2,718395,572287,647304,665926,608070,642708,680757,664702,686823,53.34,0.137,0.129,0.0,1.0,0.0,0.0,2.0,34,3,4-Seam Fastball,1,4,1,4,4,1,1,4,Standard,Standard,210.0,-0.014,-0.187,,,,0.162,0.187,95.3,-3,-3,0.178,0.178,28,26,28,27,2,1,6.0,2.0,5.0,1.0,1.18,0.76,-0.76,41.5,,,,,
FC,2023-04-28,86.6,-1.51,5.45,"Duran, Jarren",680776,669456,,foul,,,,,8.0,,R,L,R,BOS,CLE,S,,,0,1,2023,0.0,0.86,0.0729828325212272,1.82782716247054,,,646240.0,2,4,Bot,,,,,,,3.811414796569533,-126.19273677645384,-4.300369736959979,-0.7369122368703608,23.621979532218937,-22.262396186546468,3.37,1.63,2.0,90.0,-41.0,87.6,2453.0,6.6,718395,572287,647304,665926,608070,642708,680757,664702,686823,53.85,,,,,,,,34,2,Cutter,1,4,1,4,4,1,1,4,Standard,Standard,200.0,-0.006,-0.055,,,,,0.055,90.0,-3,-3,0.184,0.184,28,26,28,27,2,1,6.0,2.0,5.0,1.0,2.15,0.0,0.0,43.4,,,,,
FF,2023-04-28,91.0,-1.26,5.47,"Duran, Jarren",680776,669456,,called_strike,,,,,14.0,,R,L,R,BOS,CLE,S,,,0,0,2023,-0.94,1.48,0.316891842997498,1.688343344727548,,,646240.0,2,4,Bot,,,,,,,6.063758107936074,-132.25561710215527,-6.811422778223993,-12.355164268606629,28.79442433677563,-13.56887272485369,3.50555780762458,1.82293193832187,,,,92.2,2130.0,7.1,718395,572287,647304,665926,608070,642708,680757,664702,686823,53.4,,,,,,,,34,1,4-Seam Fastball,1,4,1,4,4,1,1,4,Standard,Standard,222.0,-0.003,-0.045,,,,,0.045,,-3,-3,0.187,0.187,28,26,28,27,2,1,6.0,2.0,5.0,1.0,1.29,0.94,-0.94,42.6,,,,,
KC,2023-04-28,82.7,-1.27,5.51,"Duran, Jarren",680776,669456,double,hit_into_play,,,,,9.0,Jarren Duran doubles (6) on a ground ball to right fielder Will Brennan. Triston Casas to 3rd.,R,L,R,BOS,CLE,X,9.0,ground_ball,1,2,2023,1.1,-0.63,0.7023367306124441,1.5965140731349905,,,671213.0,1,2,Bot,189.73,104.3,,,,,2.3842545229067063,-120.40225861611968,-1.179021845449196,10.1533160681596,24.134953178061995,-38.299146761231576,3.37,1.63,69.0,108.7,3.0,83.4,2196.0,6.8,718395,572287,647304,665926,608070,642708,680757,664702,686823,53.73,0.605,0.561,1.25,1.0,1.0,1.0,4.0,16,4,Knuckle Curve,0,3,0,3,3,0,0,3,Standard,Standard,38.0,0.092,0.873,,,,0.677,-0.873,108.7,-3,-3,0.247,0.247,28,26,28,27,1,0,6.0,2.0,5.0,1.0,3.97,-1.1,1.1,43.2,,,,,
KC,2023-04-28,83.2,-1.39,5.5,"Duran, Jarren",680776,669456,,blocked_ball,,,,,14.0,,R,L,R,BOS,CLE,B,,,0,2,2023,0.88,-0.96,0.8740680899679724,-0.5187545358619032,,,671213.0,1,2,Bot,,,,,,,3.517229128237227,-121.0138632183287,-5.48467343732236,7.857333302067005,24.78449141080263,-40.62260713701443,3.46345097500052,1.7384581724134,,,,83.9,2280.0,6.9,718395,572287,647304,665926,608070,642708,680757,664702,686823,53.64,,,,,,,,16,3,Knuckle Curve,0,3,0,3,3,0,0,3,Standard,Standard,28.0,0.003,0.023,,,,,-0.023,,-3,-3,0.244,0.244,28,26,28,27,1,0,6.0,2.0,5.0,1.0,4.26,-0.88,0.88,40.6,,,,,
FC,2023-04-28,87.5,-1.49,5.45,"Duran, Jarren",680776,669456,,called_strike,,,,,13.0,,R,L,R,BOS,CLE,S,,,0,1,2023,-0.13,0.92,-0.3214265838940087,1.5372938120592452,,,671213.0,1,2,Bot,,,,,,,3.0962334318673217,-127.43931100478216,-5.311722823233029,-1.9586337810429275,22.286448468031264,-21.240966205557704,3.44540677080419,1.73310185174228,,,,88.5,2509.0,6.5,718395,572287,647304,665926,608070,642708,680757,664702,686823,53.96,,,,,,,,16,2,Cutter,0,3,0,3,3,0,0,3,Standard,Standard,204.0,-0.008,-0.053,,,,,0.053,,-3,-3,0.252,0.252,28,26,28,27,1,0,6.0,2.0,5.0,1.0,2.01,0.13,-0.13,39.1,,,,,
FF,2023-04-28,90.4,-1.43,5.5,"Duran, Jarren",680776,669456,,called_strike,,,,,11.0,,R,L,R,BOS,CLE,S,,,0,0,2023,-0.85,1.6,-0.8616638414143768,2.5977386763418897,,,671213.0,1,2,Bot,,,,,,,3.2736922188848334,-131.70070066078972,-4.7865018124774705,-10.539770148883155,26.58294102178911,-12.722579784053018,3.44540677080419,1.73308906829844,,,,91.7,2170.0,6.9,718395,572287,647304,665926,608070,642708,680757,664702,686823,53.6,,,,,,,,16,1,4-Seam Fastball,0,3,0,3,3,0,0,3,Standard,Standard,217.0,-0.004,-0.042,,,,,0.042,,-3,-3,0.256,0.256,28,26,28,27,1,0,6.0,2.0,5.0,1.0,1.17,0.85,-0.85,45.7,,,,,
FC,2023-04-28,97.5,-0.7,5.98,"Duran, Jarren",680776,661403,double,hit_into_play,,,,,3.0,Jarren Duran hits a ground-rule double (8) on a pop up down the left-field line.,R,L,R,BOS,CLE,X,,popup,2,2,2023,0.2,0.82,0.8060981396458737,3.063405502869609,,,,0,9,Bot,75.69,152.81,,,,,3.621237101069535,-141.90994851819008,-4.274538483800598,1.9366823128638988,32.52536250129781,-20.295957412197428,3.37,1.63,173.0,61.0,44.0,98.6,2593.0,6.9,718395,572287,647304,665926,608070,642708,680757,664702,686823,53.6,0.258,0.232,1.25,1.0,1.0,1.0,3.0,70,5,Cutter,2,5,2,5,5,2,2,5,Standard,Standard,164.0,0.062,0.732,,,,0.295,-0.732,88.0,-3,-3,0.039,0.039,25,26,25,27,1,3,2.0,2.0,1.0,1.0,1.57,-0.2,0.2,53.3,,,,,
FC,2023-04-28,96.7,-0.73,5.99,"Duran, Jarren",680776,661403,,foul,,,,,4.0,,R,L,R,BOS,CLE,S,,,2,1,2023,0.69,0.82,-0.5816897284775718,2.7319750804650504,,,,0,9,Bot,,,,,,,-1.1620011550114702,-140.78534308258773,-5.0090384082920165,9.419309918015664,31.28054125158038,-20.399630849026604,3.37,1.63,286.0,95.8,22.0,96.7,2604.0,6.2,718395,572287,647304,665926,608070,642708,680757,664702,686823,54.27,,,,,,,,70,4,Cutter,2,5,2,5,5,2,2,5,Standard,Standard,164.0,-0.009,-0.074,,,,,0.074,95.8,-3,-3,0.048,0.048,25,26,25,27,1,3,2.0,2.0,1.0,1.0,1.61,-0.69,0.69,52.4,,,,,
SL,2023-04-28,89.4,-0.79,6.04,"Duran, Jarren",680776,661403,,ball,,,,,13.0,,R,L,R,BOS,CLE,B,,,1,1,2023,0.78,0.24,-1.0020647070870434,1.9963256883807468,,,,0,9,Bot,,,,,,,-2.150974583216881,-130.243951622523,-4.4981175835174305,9.280103789568123,26.567055348200338,-28.72529925657277,3.43300471167546,1.70811330045046,,,,89.6,2466.0,6.3,718395,572287,647304,665926,608070,642708,680757,664702,686823,54.23,,,,,,,,70,3,Slider,2,5,2,5,5,2,2,5,Standard,Standard,62.0,0.006,0.059,,,,,-0.059,,-3,-3,0.042,0.042,25,26,25,27,1,3,2.0,2.0,1.0,1.0,2.6,-0.78,0.78,55.4,,,,,
FC,2023-04-28,97.2,-1.02,5.94,"Duran, Jarren",680776,661403,,ball,,,,,13.0,,R,L,R,BOS,CLE,B,,,0,1,2023,0.48,0.8,-1.1322044334839454,2.078807286144321,,,,0,9,Bot,,,,,,,-1.4052546157599597,-141.52048142805555,-6.653146080173745,6.794233862312593,32.28237379705231,-20.114904714698586,3.49327923833056,1.7381748489334,,,,97.3,2568.0,6.3,718395,572287,647304,665926,608070,642708,680757,664702,686823,54.17,,,,,,,,70,2,Cutter,2,5,2,5,5,2,2,5,Standard,Standard,169.0,0.003,0.031,,,,,-0.031,,-3,-3,0.039,0.039,25,26,25,27,1,3,2.0,2.0,1.0,1.0,1.61,-0.48,0.48,49.1,,,,,
FC,2023-04-28,97.5,-1.07,5.9,"Duran, Jarren",680776,661403,,called_strike,,,,,13.0,,R,L,R,BOS,CLE,S,,,0,0,2023,0.2,0.73,-0.5131516355992882,1.523686617023874,,,,0,9,Bot,,,,,,,1.041087076918647,-141.87377793819218,-7.9435904296328435,2.4531650761177506,34.216174609597516,-20.718666074174916,3.50531059972489,1.8099976603614,,,,98.0,2584.0,6.7,718395,572287,647304,665926,608070,642708,680757,664702,686823,53.81,,,,,,,,70,1,Cutter,2,5,2,5,5,2,2,5,Standard,Standard,169.0,-0.004,-0.042,,,,,0.042,,-3,-3,0.043,0.043,25,26,25,27,1,3,2.0,2.0,1.0,1.0,1.68,-0.2,0.2,50.2,,,,,
FC,2023-04-26,87.6,-1.39,6.88,"Duran, Jarren",680776,669330,single,hit_into_play,,,,,5.0,Jarren Duran singles on a line drive to center fielder Cedric Mullins.,R,L,R,BAL,BOS,X,8.0,line_drive,2,2,2023,0.77,0.87,-0.2106485234973676,2.6803653974039854,,,,1,5,Top,117.17,93.23,,,,,1.2598660451921715,-127.7036220387822,-5.932006515720274,8.286909195652164,22.122009066738165,-21.6550797103608,3.42,1.67,159.0,107.2,6.0,88.2,2443.0,6.2,718416,668939,656811,624428,602104,683002,679631,656775,623993,54.3,0.676,0.625,0.9,1.0,1.0,0.0,4.0,37,7,Cutter,4,1,1,4,1,4,1,4,Standard,Standard,183.0,-0.028,0.449,,,,0.758,-0.449,107.2,3,-3,0.861,0.139,28,26,29,27,2,1,5.0,1.0,6.0,2.0,2.05,-0.77,0.77,49.0,,,,,
CH,2023-04-26,85.0,-1.56,6.84,"Duran, Jarren",680776,669330,,foul,,,,,13.0,,R,L,R,BAL,BOS,S,,,2,2,2023,-1.45,1.15,-0.943960869350884,1.595425791705193,,,,1,5,Top,,,,,,,4.356654184193537,-123.41195683698746,-8.166571121748108,-15.645571648167689,27.337556658236657,-18.949247261491955,3.42,1.67,140.0,57.2,30.0,84.5,2238.0,6.3,718416,668939,656811,624428,602104,683002,679631,656775,623993,54.16,,,,,,,,37,6,Changeup,4,1,1,4,1,4,1,4,Standard,Standard,209.0,0.0,0.0,,,,,0.0,88.0,3,-3,0.861,0.139,28,26,29,27,2,1,5.0,1.0,6.0,2.0,2.05,1.45,-1.45,48.7,,,,,
FC,2023-04-26,88.1,-1.28,6.87,"Duran, Jarren",680776,669330,,foul,,,,,8.0,,R,L,R,BAL,BOS,S,,,2,2,2023,0.6,0.97,0.2179733953110179,2.112802541546552,,,,1,5,Top,,,,,,,2.3985022859606464,-128.26816956339184,-7.599771739733708,6.275813143134884,21.67018790311323,-20.152747908712964,3.42,1.67,180.0,74.7,61.0,88.9,2455.0,6.3,718416,668939,656811,624428,602104,683002,679631,656775,623993,54.17,,,,,,,,37,5,Cutter,4,1,1,4,1,4,1,4,Standard,Standard,180.0,0.0,0.0,,,,,0.0,88.0,3,-3,0.861,0.139,28,26,29,27,2,1,5.0,1.0,6.0,2.0,1.92,-0.6,0.6,50.7,,,,,
FF,2023-04-26,91.8,-1.3,6.97,"Duran, Jarren",680776,669330,,ball,,,,,11.0,,R,L,R,BAL,BOS,B,,,1,2,2023,-0.08,1.68,-0.4243166537058491,4.891150332322198,,,,1,5,Top,,,,,,,2.3949426662363216,-133.72200949203503,-3.0549775551236027,-1.487620837868928,28.54762420744903,-11.54121139556396,3.36821048569109,1.4956058353112,,,,91.8,2399.0,6.2,718416,668939,656811,624428,602104,683002,679631,656775,623993,54.28,,,,,,,,37,4,4-Seam Fastball,4,1,1,4,1,4,1,4,Standard,Standard,198.0,-0.003,0.045,,,,,-0.045,,3,-3,0.864,0.136,28,26,29,27,2,1,5.0,1.0,6.0,2.0,1.02,0.08,-0.08,50.3,,,,,
FF,2023-04-26,92.3,-1.29,6.93,"Duran, Jarren",680776,669330,,ball,,,,,12.0,,R,L,R,BAL,BOS,B,,,0,2,2023,-0.15,1.44,0.328006075169692,4.612466268585937,,,,1,5,Top,,,,,,,4.445661413198256,-134.48031710108842,-3.2832257104033262,-2.7175582551183,26.145168524352457,-14.123610005531392,3.34481011527392,1.58921200682148,,,,92.7,2438.0,6.2,718416,668939,656811,624428,602104,683002,679631,656775,623993,54.26,,,,,,,,37,3,4-Seam Fastball,4,1,1,4,1,4,1,4,Standard,Standard,197.0,-0.001,0.019,,,,,-0.019,,3,-3,0.865,0.135,28,26,29,27,2,1,5.0,1.0,6.0,2.0,1.21,0.15,-0.15,48.7,,,,,
FC,2023-04-26,88.7,-1.37,6.96,"Duran, Jarren",680776,669330,,called_strike,,,,,4.0,,R,L,R,BAL,BOS,S,,,0,1,2023,0.57,1.17,-0.7407228204406366,2.4561837635941575,,,,1,5,Top,,,,,,,0.3586401013325802,-129.1110621258014,-7.402893705370746,6.324813362354793,25.507757079024454,-17.81526939349186,3.34481011527392,1.54240913811785,,,,88.7,2459.0,6.2,718416,668939,656811,624428,602104,683002,679631,656775,623993,54.33,,,,,,,,37,2,Cutter,4,1,1,4,1,4,1,4,Standard,Standard,174.0,0.004,-0.057,,,,,0.057,,3,-3,0.861,0.139,28,26,29,27,2,1,5.0,1.0,6.0,2.0,1.72,-0.57,0.57,50.0,,,,,
CH,2023-04-26,83.6,-1.41,6.95,"Duran, Jarren",680776,669330,,called_strike,,,,,8.0,,R,L,R,BAL,BOS,S,,,0,0,2023,-1.25,1.14,-0.0044135138440331,2.02665773741702,,,,1,5,Top,,,,,,,5.689108653871049,-121.3975147525425,-7.09885343672824,-13.494690468666557,24.803978225000808,-19.722329896674093,3.40721103540127,1.65161495711416,,,,83.3,2366.0,6.3,718416,668939,656811,624428,602104,683002,679631,656775,623993,54.17,,,,,,,,37,1,Changeup,4,1,1,4,1,4,1,4,Standard,Standard,213.0,0.002,-0.041,,,,,0.041,,3,-3,0.859,0.141,28,26,29,27,2,1,5.0,1.0,6.0,2.0,2.15,1.25,-1.25,51.4,,,,,
CH,2023-04-26,84.8,-1.51,6.97,"Duran, Jarren",680776,669330,field_out,hit_into_play,,,,,4.0,Jarren Duran flies out to center fielder Cedric Mullins.,R,L,R,BAL,BOS,X,8.0,fly_ball,1,1,2023,-1.4,0.91,-0.5903397692028032,2.8589937103018848,,,571771.0,1,2,Top,120.21,87.14,,,,,4.9274865683701945,-123.3527544840888,-5.088458605630101,-15.249806395038902,23.935955293489364,-22.076277813810492,3.42,1.67,313.0,86.9,28.0,84.8,2260.0,6.2,718416,668939,656811,624428,602104,683002,679631,656775,623993,54.26,0.068,0.084,0.0,1.0,0.0,0.0,3.0,12,3,Changeup,1,1,1,1,1,1,1,1,Standard,Standard,218.0,0.029,-0.24,,,,0.139,0.24,88.0,0,0,0.499,0.501,28,26,29,27,1,0,5.0,1.0,6.0,2.0,2.26,1.4,-1.4,50.8,,,,,
CU,2023-04-26,74.5,-1.35,6.99,"Duran, Jarren",680776,669330,,blocked_ball,,,,,14.0,,R,L,R,BAL,BOS,B,,,0,1,2023,1.03,-1.24,0.5264424386073325,1.1216926952033202,,,571771.0,1,2,Top,,,,,,,2.035989182795797,-108.38979862623812,-2.567813718950293,7.687533740167499,20.906401957043904,-41.635571917159474,3.29073659446325,1.55072464316597,,,,74.2,2693.0,6.3,718416,668939,656811,624428,602104,683002,679631,656775,623993,54.22,,,,,,,,12,2,Curveball,1,1,1,1,1,1,1,1,Standard,Standard,48.0,-0.003,0.025,,,,,-0.025,,0,0,0.502,0.498,28,26,29,27,1,0,5.0,1.0,6.0,2.0,5.39,-1.03,1.03,54.6,,,,,
CH,2023-04-26,84.9,-1.59,6.94,"Duran, Jarren",680776,669330,,called_strike,,,,,9.0,,R,L,R,BAL,BOS,S,,,0,0,2023,-1.36,1.17,0.464152721741619,1.9010453488716732,,,571771.0,1,2,Top,,,,,,,7.506709505538353,-123.2280702037898,-7.781110357731197,-15.38198532776489,24.200290714777097,-18.847508631443304,3.37981075826641,1.60690329049961,,,,84.7,2238.0,6.3,718416,668939,656811,624428,602104,683002,679631,656775,623993,54.21,,,,,,,,12,1,Changeup,1,1,1,1,1,1,1,1,Standard,Standard,220.0,0.005,-0.042,,,,,0.042,,0,0,0.497,0.503,28,26,29,27,1,0,5.0,1.0,6.0,2.0,2.0,1.36,-1.36,47.6,,,,,
FC,2023-04-26,84.4,-0.39,6.01,"Duran, Jarren",680776,543056,single,hit_into_play,,,,,9.0,Jarren Duran singles on a sharp line drive to center fielder Cedric Mullins. Enrique Hernandez to 2nd.,R,L,L,BAL,BOS,X,8.0,line_drive,3,1,2023,0.17,0.49,0.5414476364982336,2.005030860523609,,,571771.0,1,7,Top,118.55,74.62,,,,,1.8249467582328092,-122.88879709527292,-3.9042804387961065,1.3306793525958784,24.690898381090086,-26.66892189113475,3.42,1.67,231.0,106.0,11.0,83.6,2535.0,5.8,718416,668939,656811,624428,602104,683002,663630,656775,623993,54.73,0.932,0.934,0.9,1.0,1.0,0.0,4.0,56,5,Cutter,5,2,2,5,2,5,2,5,Standard,Standard,192.0,-0.03,0.287,,,,1.241,-0.287,106.0,3,-3,0.87,0.13,33,26,34,27,1,2,2.0,1.0,3.0,2.0,2.71,0.17,0.17,58.6,,,,,
FC,2023-04-26,86.0,-0.71,5.97,"Duran, Jarren",680776,543056,,blocked_ball,,,,,13.0,,R,L,L,BAL,BOS,B,,,2,1,2023,-0.18,0.23,-1.1155111215507365,0.4020522725776296,,,571771.0,1,7,Top,,,,,,,-0.5969405014597631,-125.13960979657922,-7.348199480361466,-1.7289725987322977,26.224768662137546,-28.42597997190665,3.42608367386278,1.60638768961778,,,,85.1,2541.0,5.8,718416,668939,656811,624428,602104,683002,663630,656775,623993,54.71,,,,,,,,56,4,Cutter,5,2,2,5,2,5,2,5,Standard,Standard,252.0,-0.015,0.1,,,,,-0.1,,3,-3,0.885,0.1149999999999999,33,26,34,27,1,2,2.0,1.0,3.0,2.0,2.86,-0.18,-0.18,54.0,,,,,
FC,2023-04-26,86.4,-0.65,6.07,"Duran, Jarren",680776,543056,,ball,,,,,13.0,,R,L,L,BAL,BOS,B,,,1,1,2023,-0.13,0.13,-1.1032916605292329,2.2045838261411435,,,571771.0,1,7,Top,,,,,,,-0.7985428527015145,-125.74703275624069,-3.1867898352890123,-1.227998368029778,27.24742241817919,-30.353360947126692,3.43841206548789,1.56581062533829,,,,85.1,2675.0,5.6,718416,668939,656811,624428,602104,683002,663630,656775,623993,54.89,,,,,,,,56,3,Cutter,5,2,2,5,2,5,2,5,Standard,Standard,251.0,-0.007,0.046,,,,,-0.046,,3,-3,0.892,0.1079999999999999,33,26,34,27,1,2,2.0,1.0,3.0,2.0,2.94,-0.13,-0.13,56.0,,,,,
SI,2023-04-26,100.8,-0.46,6.98,"Duran, Jarren",680776,642585,strikeout,swinging_strike,,,,,1.0,Jarren Duran strikes out swinging.,R,L,R,BAL,BOS,S,2.0,,0,2,2023,-0.51,1.89,-0.3897108202544452,3.2302268370435505,,571771.0,671213.0,0,9,Top,,,,,,,1.408269045208549,-146.41864126545062,-9.54095231018589,-7.621165792992397,38.94710432575847,-2.882686029185824,3.42,1.67,,,,100.5,2429.0,6.5,718416,668939,656811,624428,602104,683002,663630,656775,623993,53.97,,0.0,0.0,1.0,0.0,0.0,,73,5,Sinker,6,2,2,6,2,6,2,6,Standard,Standard,190.0,0.023,-0.143,,,,,0.143,,4,-4,0.94,0.06,28,26,28,27,1,3,3.0,1.0,1.0,2.0,0.38,0.51,-0.51,60.0,,,,,
ST,2023-04-26,81.1,-0.57,6.15,"Duran, Jarren",680776,543056,,ball,,,,,12.0,,R,L,L,BAL,BOS,B,,,0,1,2023,-0.85,-0.3,0.9139983089323568,3.033362247788134,,,571771.0,1,7,Top,,,,,,,4.870895433441288,-118.00661394807936,0.282521507470318,-8.93387989647481,25.21008619666714,-35.276944234530454,3.40268310976407,1.60638768961778,,,,79.6,2331.0,5.6,718416,668939,656811,624428,602104,683002,663630,656775,623993,54.94,,,,,,,,56,2,Sweeper,5,2,2,5,2,5,2,5,Standard,Standard,314.0,-0.003,0.025,,,,,-0.025,,3,-3,0.895,0.1049999999999999,33,26,34,27,1,2,2.0,1.0,3.0,2.0,3.8,-0.85,-0.85,62.8,,,,,
SI,2023-04-26,90.5,-0.66,5.96,"Duran, Jarren",680776,543056,,foul_tip,,,,,3.0,,R,L,L,BAL,BOS,S,,,0,0,2023,1.35,0.76,0.4577084394193541,3.1695253952400995,,,571771.0,1,7,Top,,,,,,,-0.1107325075800408,-131.8073024741912,-2.626550855237803,15.73603470968664,29.48087565716141,-23.00782972010971,3.42,1.67,,,,90.3,2422.0,6.2,718416,668939,656811,624428,602104,683002,663630,656775,623993,54.29,,,,,,,,56,1,Sinker,5,2,2,5,2,5,2,5,Standard,Standard,180.0,0.005,-0.042,,,,,0.042,,3,-3,0.89,0.1099999999999999,33,26,34,27,1,2,2.0,1.0,3.0,2.0,2.03,1.35,1.35,56.7,,,,,
FS,2023-04-26,88.6,-0.71,6.95,"Duran, Jarren",680776,642585,,foul,,,,,5.0,,R,L,R,BAL,BOS,S,,,0,2,2023,-0.71,0.84,-0.271808907322248,2.442935627040253,,571771.0,671213.0,0,9,Top,,,,,,,2.5606157340308275,-128.99652508756827,-6.756766296905916,-8.4233416813387,26.55363236989167,-21.58093604927057,3.42,1.67,3.0,66.7,-41.0,89.2,659.0,6.6,718416,668939,656811,624428,602104,683002,663630,656775,623993,53.86,,,,,,,,73,4,Split-Finger,6,2,2,6,2,6,2,6,Standard,Standard,221.0,0.0,0.0,,,,,0.0,88.0,4,-4,0.94,0.06,28,26,28,27,1,3,3.0,1.0,1.0,2.0,2.06,0.71,-0.71,60.3,,,,,
FS,2023-04-26,89.5,-0.82,6.89,"Duran, Jarren",680776,642585,,foul,,,,,14.0,,R,L,R,BAL,BOS,S,,,0,2,2023,-0.34,1.22,1.1378682449115043,2.2981312712536655,,571771.0,671213.0,0,9,Top,,,,,,,5.598445159795726,-130.11301898000443,-7.971030037377149,-5.048376844069405,26.158119377568543,-16.84336807087836,3.42,1.67,54.0,86.5,2.0,90.2,1339.0,6.7,718416,668939,656811,624428,602104,683002,663630,656775,623993,53.84,,,,,,,,73,3,Split-Finger,6,2,2,6,2,6,2,6,Standard,Standard,222.0,0.0,0.0,,,,,0.0,88.0,4,-4,0.94,0.06,28,26,28,27,1,3,3.0,1.0,1.0,2.0,1.62,0.34,-0.34,57.2,,,,,
FS,2023-04-26,90.2,-0.73,6.96,"Duran, Jarren",680776,642585,,foul,,,,,14.0,,R,L,R,BAL,BOS,S,,,0,1,2023,-0.47,0.91,1.295167266001502,1.821707438644842,,571771.0,671213.0,0,9,Top,,,,,,,6.0848314814812525,-130.96658388138647,-8.77745500896225,-6.748834817562386,28.206921500047752,-20.008139157842265,3.42,1.67,5.0,96.0,-21.0,90.7,1299.0,6.8,718416,668939,656811,624428,602104,683002,663630,656775,623993,53.74,,,,,,,,73,2,Split-Finger,6,2,2,6,2,6,2,6,Standard,Standard,221.0,0.01,-0.066,,,,,0.066,96.0,4,-4,0.93,0.0699999999999999,28,26,28,27,1,3,3.0,1.0,1.0,2.0,1.91,0.47,-0.47,59.4,,,,,
SI,2023-04-26,98.3,-0.56,6.95,"Duran, Jarren",680776,642585,,called_strike,,,,,8.0,,R,L,R,BAL,BOS,S,,,0,0,2023,-0.64,1.81,0.0341366139591184,2.125131833149909,,571771.0,671213.0,0,9,Top,,,,,,,3.1096773027966806,-142.6497127958633,-11.793510765265776,-9.511376642622826,33.35377470205238,-4.894436636521915,3.35614613504472,1.58324406790327,,,,98.4,2430.0,6.5,718416,668939,656811,624428,602104,683002,663630,656775,623993,53.99,,,,,,,,73,1,Sinker,6,2,2,6,2,6,2,6,Standard,Standard,195.0,0.006,-0.048,,,,,0.048,,4,-4,0.924,0.0759999999999999,28,26,28,27,1,3,3.0,1.0,1.0,2.0,0.56,0.64,-0.64,65.4,,,,,
FF,2023-04-25,92.9,-1.47,6.24,"Duran, Jarren",680776,680694,home_run,hit_into_play,,,,,3.0,Jarren Duran hits a grand slam (1) to center field. Masataka Yoshida scores. Enrique Hernandez scores. Triston Casas scores.,R,L,R,BAL,BOS,X,,line_drive,3,2,2023,0.28,1.11,0.3439022825182186,2.9352854917811793,807799.0,571771.0,671213.0,0,3,Top,126.63,33.58,,,,,4.058282413909247,-135.24989452110773,-5.151776293100508,2.591940311216434,29.485988062466795,-17.576050849336678,3.42,1.67,409.0,107.8,20.0,93.4,2442.0,6.6,718435,668939,663624,602104,683002,622761,669720,656775,624428,53.94,0.71,1.206089285714286,2.0,1.0,0.0,3.0,6.0,23,8,4-Seam Fastball,0,3,3,0,7,0,7,0,Standard,Standard,187.0,-0.071,0.806,,,,2.261,-0.806,107.8,-3,3,0.11,0.89,26,26,27,27,2,1,6.0,1.0,5.0,1.0,1.52,-0.28,0.28,53.7,,,,,
FF,2023-04-25,92.1,-1.36,6.45,"Duran, Jarren",680776,680694,,ball,,,,,11.0,,R,L,R,BAL,BOS,B,,,2,2,2023,0.32,1.0,-0.1222235243263807,5.009507596834097,807799.0,571771.0,671213.0,0,3,Top,,,,,,,2.4500758340231132,-134.1449903690448,0.0044988730212461,3.320329830333193,28.5187775500553,-20.33972557393062,3.5169440237345,1.65370600664431,,,,92.4,2498.0,6.4,718435,668939,663624,602104,683002,622761,669720,656775,624428,54.11,,,,,,,,23,7,4-Seam Fastball,0,3,3,0,3,0,3,0,Standard,Standard,181.0,-0.011,0.08,,,,,-0.08,,-3,3,0.121,0.879,26,26,27,27,2,1,6.0,1.0,5.0,1.0,1.68,-0.32,0.32,57.7,,,,,
SL,2023-04-25,86.8,-1.58,6.21,"Duran, Jarren",680776,680694,,foul,,,,,2.0,,R,L,R,BAL,BOS,S,,,2,2,2023,0.97,-0.11,-0.213282234474642,2.9767278227254046,807799.0,571771.0,671213.0,0,3,Top,,,,,,,1.2837187003651704,-126.44463821356362,-1.3274467521878186,10.184886327207556,25.59540213381693,-33.315654567485886,3.42,1.67,269.0,86.7,32.0,87.0,2676.0,6.3,718435,668939,663624,602104,683002,622761,669720,656775,624428,54.17,,,,,,,,23,6,Slider,0,3,3,0,3,0,3,0,Standard,Standard,62.0,0.0,0.0,,,,,0.0,88.0,-3,3,0.121,0.879,26,26,27,27,2,1,6.0,1.0,5.0,1.0,3.13,-0.97,0.97,49.7,,,,,
FF,2023-04-25,93.8,-1.47,6.21,"Duran, Jarren",680776,680694,,foul,,,,,4.0,,R,L,R,BAL,BOS,S,,,2,2,2023,-0.01,1.35,-0.3340732574365432,2.3906125040783843,807799.0,571771.0,671213.0,0,3,Top,,,,,,,2.985059824097221,-136.44336374667017,-7.197013063252514,-0.7726596795467028,28.692259953710792,-13.94674676158485,3.42,1.67,283.0,98.4,19.0,94.6,2345.0,6.7,718435,668939,663624,602104,683002,622761,669720,656775,624428,53.83,,,,,,,,23,5,4-Seam Fastball,0,3,3,0,3,0,3,0,Standard,Standard,185.0,0.0,0.0,,,,,0.0,98.4,-3,3,0.121,0.879,26,26,27,27,2,1,6.0,1.0,5.0,1.0,1.23,0.01,-0.01,52.2,,,,,
FF,2023-04-25,91.7,-1.31,6.52,"Duran, Jarren",680776,680694,,ball,,,,,11.0,,R,L,R,BAL,BOS,B,,,1,2,2023,-0.06,0.99,-1.17260518879482,5.840726758428891,807799.0,571771.0,671213.0,0,3,Top,,,,,,,0.4740687987995709,-133.6560009255244,1.9731469997905928,-0.8067350608435557,27.37369474338435,-20.88854705302776,3.5169440237345,1.6911330506044,,,,92.0,2405.0,6.3,718435,668939,663624,602104,683002,622761,669720,656775,624428,54.24,,,,,,,,23,4,4-Seam Fastball,0,3,3,0,3,0,3,0,Standard,Standard,172.0,-0.005,0.04,,,,,-0.04,,-3,3,0.126,0.874,26,26,27,27,2,1,6.0,1.0,5.0,1.0,1.7,0.06,-0.06,58.7,,,,,
CH,2023-04-25,90.6,-1.51,6.37,"Duran, Jarren",680776,680694,,foul,,,,,4.0,,R,L,R,BAL,BOS,S,,,1,1,2023,-0.97,0.77,-0.5742205652958247,2.518043225642762,807799.0,571771.0,671213.0,0,3,Top,,,,,,,4.414812731876523,-131.81705105786884,-5.383746103338434,-12.278323892946954,26.578874337122325,-22.221910165046612,3.42,1.67,240.0,78.0,30.0,90.9,1354.0,6.4,718435,668939,663624,602104,683002,622761,669720,656775,624428,54.11,,,,,,,,23,3,Changeup,0,3,3,0,3,0,3,0,Standard,Standard,224.0,0.008,-0.051,,,,,0.051,88.0,-3,3,0.118,0.882,26,26,27,27,2,1,6.0,1.0,5.0,1.0,1.99,0.97,-0.97,54.2,,,,,
FF,2023-04-25,92.2,-1.49,6.19,"Duran, Jarren",680776,680694,,foul,,,,,3.0,,R,L,R,BAL,BOS,S,,,1,0,2023,0.39,1.11,0.4704574982245202,2.960954299379532,807799.0,571771.0,671213.0,0,3,Top,,,,,,,4.1580121714591405,-134.22244007106238,-4.8701818690505645,3.9682226673977623,26.695012375561237,-17.84952843170358,3.42,1.67,205.0,68.9,31.0,93.2,2337.0,6.7,718435,668939,663624,602104,683002,622761,669720,656775,624428,53.82,,,,,,,,23,2,4-Seam Fastball,0,3,3,0,3,0,3,0,Standard,Standard,183.0,0.006,-0.043,,,,,0.043,88.0,-3,3,0.112,0.888,26,26,27,27,2,1,6.0,1.0,5.0,1.0,1.55,-0.39,0.39,52.1,,,,,
FF,2023-04-25,91.4,-1.55,6.3,"Duran, Jarren",680776,680694,,ball,,,,,11.0,,R,L,R,BAL,BOS,B,,,0,0,2023,0.46,1.13,-0.952109271770917,4.989693030935488,807799.0,571771.0,671213.0,0,3,Top,,,,,,,0.5258352454282795,-133.23298147550022,0.0747511652615467,5.3859487431551685,25.552474477383424,-18.841843290870106,3.47014186668637,1.65370600664431,,,,92.2,2385.0,6.4,718435,668939,663624,602104,683002,622761,669720,656775,624428,54.06,,,,,,,,23,1,4-Seam Fastball,0,3,3,0,3,0,3,0,Standard,Standard,177.0,-0.004,0.037,,,,,-0.037,,-3,3,0.116,0.884,26,26,27,27,2,1,6.0,1.0,5.0,1.0,1.57,-0.46,0.46,56.4,,,,,
CU,2023-04-25,84.9,-1.34,6.36,"Duran, Jarren",680776,680694,double,hit_into_play,,,,,14.0,Jarren Duran doubles (5) on a line drive to right fielder Adam Frazier. Triston Casas to 3rd.,R,L,R,BAL,BOS,X,9.0,line_drive,2,2,2023,0.71,-0.93,1.0412550557264866,1.8021297823492823,,,671213.0,1,2,Top,195.34,122.16,,,,,4.168640373750193,-123.40729855651588,-2.3383246045131303,6.101423365848067,29.748178406678804,-41.208718108009485,3.42,1.67,100.0,99.4,5.0,84.5,2683.0,6.5,718435,668939,663624,602104,683002,622761,669720,656775,624428,53.96,0.579,0.535,1.25,1.0,1.0,1.0,4.0,10,5,Curveball,0,0,0,0,0,0,0,0,Standard,Standard,30.0,-0.093,0.826,,,,0.656,-0.826,99.4,0,0,0.502,0.498,26,26,27,27,1,0,6.0,1.0,5.0,1.0,4.15,-0.71,0.71,61.8,,,,,
CH,2023-04-25,90.0,-1.53,6.37,"Duran, Jarren",680776,680694,,called_strike,,,,,8.0,,R,L,R,BAL,BOS,S,,,2,1,2023,-1.06,1.04,0.2675419319967305,1.726687038797608,,,671213.0,1,2,Top,,,,,,,6.723677625494096,-130.6699166126282,-7.713699056948151,-13.542648324161458,28.79391250985135,-18.77600665278333,3.49354289854992,1.65370600664431,,,,90.0,1346.0,6.5,718435,668939,663624,602104,683002,622761,669720,656775,624428,54.0,,,,,,,,10,4,Changeup,0,0,0,0,0,0,0,0,Standard,Standard,228.0,0.009,-0.054,,,,,0.054,,0,0,0.493,0.507,26,26,27,27,1,0,6.0,1.0,5.0,1.0,1.8,1.06,-1.06,51.7,,,,,
FF,2023-04-25,93.5,-1.47,6.33,"Duran, Jarren",680776,680694,,ball,,,,,11.0,,R,L,R,BAL,BOS,B,,,1,1,2023,-0.33,1.3,-0.7878335661073772,3.956504238535623,,,671213.0,1,2,Top,,,,,,,2.498718019462429,-136.07430161080018,-3.2138872667065224,-4.647157012993906,31.20837844912616,-15.599767275257175,3.56374656696506,1.73793509899932,,,,93.8,2417.0,6.6,718435,668939,663624,602104,683002,622761,669720,656775,624428,53.93,,,,,,,,10,3,4-Seam Fastball,0,0,0,0,0,0,0,0,Standard,Standard,190.0,-0.006,0.046,,,,,-0.046,,0,0,0.499,0.501,26,26,27,27,1,0,6.0,1.0,5.0,1.0,1.32,0.33,-0.33,54.8,,,,,
FF,2023-04-25,93.7,-1.61,6.18,"Duran, Jarren",680776,680694,,swinging_strike,,,,,1.0,,R,L,R,BAL,BOS,S,,,1,0,2023,-0.39,1.28,-0.496719741735752,3.141772424931865,,,671213.0,1,2,Top,,,,,,,3.769317541560282,-136.39146864106485,-4.944322548773339,-5.672810084666551,31.76139397135818,-15.336091625287466,3.42,1.67,,,,94.2,2461.0,6.7,718435,668939,663624,602104,683002,622761,669720,656775,624428,53.79,,,,,,,,10,2,4-Seam Fastball,0,0,0,0,0,0,0,0,Standard,Standard,190.0,0.006,-0.053,,,,,0.053,,0,0,0.493,0.507,26,26,27,27,1,0,6.0,1.0,5.0,1.0,1.33,0.39,-0.39,50.5,,,,,
FF,2023-04-25,95.2,-1.65,6.16,"Duran, Jarren",680776,680694,,ball,,,,,14.0,,R,L,R,BAL,BOS,B,,,0,0,2023,0.19,1.13,0.0964371269865378,1.371130860498119,,,671213.0,1,2,Top,,,,,,,4.1675951647877705,-138.33848769646045,-9.465839645583523,1.4460991064385595,33.23972816737515,-15.716235799983108,3.56374656696506,1.66773189206842,,,,95.5,2473.0,6.7,718435,668939,663624,602104,683002,622761,669720,656775,624428,53.78,,,,,,,,10,1,4-Seam Fastball,0,0,0,0,0,0,0,0,Standard,Standard,193.0,-0.004,0.036,,,,,-0.036,,0,0,0.497,0.503,26,26,27,27,1,0,6.0,1.0,5.0,1.0,1.41,-0.19,0.19,49.5,,,,,
FF,2023-04-25,91.7,-2.67,5.47,"Duran, Jarren",680776,608723,single,hit_into_play,,,,,2.0,Jarren Duran singles on a line drive to center fielder Cedric Mullins.,R,L,R,BAL,BOS,X,8.0,line_drive,0,2,2023,-0.5,1.24,-0.2150949534092975,2.951716858995275,,,,1,8,Top,129.86,98.82,,,,,7.283572760304633,-133.40655963986515,-3.2052471154929343,-7.524120278862547,27.522560455896713,-16.837656748766516,3.42,1.67,192.0,106.7,7.0,91.9,2262.0,6.3,718435,668939,663624,602104,683002,622761,679631,656775,624428,54.16,0.674,0.627,0.9,1.0,1.0,0.0,4.0,61,3,4-Seam Fastball,1,7,7,1,7,1,7,1,Standard,Standard,203.0,-0.001,0.514,,,,0.768,-0.514,106.7,-6,6,0.009,0.991,31,26,31,27,1,3,2.0,1.0,5.0,1.0,1.46,0.5,-0.5,35.4,,,,,
CU,2023-04-25,77.7,-2.84,5.57,"Duran, Jarren",680776,608723,,swinging_strike,,,,,8.0,,R,L,R,BAL,BOS,S,,,0,1,2023,1.5,-0.47,0.1275317674848697,1.5787249802611636,,,,1,8,Top,,,,,,,3.5965849110449053,-113.03830817828162,-0.7039378226774209,12.034475771009276,22.761901763597574,-36.25860581776399,3.42,1.67,,,,77.4,2809.0,6.3,718435,668939,663624,602104,683002,622761,679631,656775,624428,54.15,,,,,,,,61,2,Curveball,1,7,7,1,7,1,7,1,Standard,Standard,45.0,0.0,-0.057,,,,,0.057,,-6,6,0.009,0.991,31,26,31,27,1,3,2.0,1.0,5.0,1.0,4.28,-1.5,1.5,34.8,,,,,
FF,2023-04-25,94.7,-2.47,5.73,"Duran, Jarren",680776,608723,,called_strike,,,,,9.0,,R,L,R,BAL,BOS,S,,,0,0,2023,-0.5,1.63,0.3064941986663095,1.670341852386549,,,,1,8,Top,,,,,,,8.387973294435263,-137.4442479797604,-8.53704941935944,-8.284239047117653,32.56298417442839,-9.69429379259426,3.49354289854992,1.65370600664431,,,,94.7,2330.0,6.6,718435,668939,663624,602104,683002,622761,679631,656775,624428,53.93,,,,,,,,61,1,4-Seam Fastball,1,7,7,1,7,1,7,1,Standard,Standard,207.0,0.0,-0.041,,,,,0.041,,-6,6,0.009,0.991,31,26,31,27,1,3,2.0,1.0,5.0,1.0,0.94,0.5,-0.5,40.7,,,,,
FF,2023-04-25,94.5,-1.85,6.36,"Duran, Jarren",680776,657508,field_out,hit_into_play,,,,,3.0,Jarren Duran flies out to center fielder Cedric Mullins.,R,L,R,BAL,BOS,X,8.0,fly_ball,3,1,2023,-0.49,1.53,0.4830590969394612,2.955970809830465,,,,1,5,Top,96.86,105.59,,,,,7.183805537231431,-137.35001101726115,-6.583827257439563,-7.826609731174261,30.322813892836088,-11.56973875176468,3.42,1.67,246.0,96.2,54.0,94.7,2228.0,6.5,718435,668939,663624,602104,683002,622761,679631,656775,624428,54.02,0.011,0.011,0.0,1.0,0.0,0.0,3.0,40,5,4-Seam Fastball,0,7,7,0,7,0,7,0,Standard,Standard,207.0,0.002,-0.432,,,,0.017,0.432,96.2,-7,7,0.023,0.977,27,26,28,27,1,2,2.0,1.0,2.0,1.0,1.03,0.49,-0.49,49.1,,,,,
CH,2023-04-25,88.1,-2.0,6.16,"Duran, Jarren",680776,657508,,ball,,,,,11.0,,R,L,R,BAL,BOS,B,,,2,1,2023,-1.25,0.8,-0.7493359483596238,3.579245040513681,,,,1,5,Top,,,,,,,5.653036436264109,-128.22120114925778,-1.8486321811436504,-14.971013188024164,26.60290073523263,-23.163973249800776,3.42334007008368,1.65370600664431,,,,88.4,1933.0,6.5,718435,668939,663624,602104,683002,622761,679631,656775,624428,54.01,,,,,,,,40,4,Changeup,0,7,7,0,7,0,7,0,Standard,Standard,240.0,-0.001,0.122,,,,,-0.122,,-7,7,0.024,0.976,27,26,28,27,1,2,2.0,1.0,2.0,1.0,2.14,1.25,-1.25,47.8,,,,,
FF,2023-04-25,95.1,-1.88,6.32,"Duran, Jarren",680776,657508,,ball,,,,,11.0,,R,L,R,BAL,BOS,B,,,1,1,2023,-0.68,1.5,-1.735698989503498,3.6674768103068858,,,,1,5,Top,,,,,,,1.91598570029373,-138.39392148601345,-4.645699588953721,-9.178714717744096,32.30455823068455,-12.150216493607932,3.44674092493084,1.65370600664431,,,,95.4,2197.0,6.5,718435,668939,663624,602104,683002,622761,679631,656775,624428,53.96,,,,,,,,40,3,4-Seam Fastball,0,7,7,0,7,0,7,0,Standard,Standard,212.0,0.0,0.054,,,,,-0.054,,-7,7,0.024,0.976,27,26,28,27,1,2,2.0,1.0,2.0,1.0,1.03,0.68,-0.68,49.1,,,,,
KC,2023-04-25,87.0,-1.89,6.27,"Duran, Jarren",680776,657508,,ball,,,,,14.0,,R,L,R,BAL,BOS,B,,,0,1,2023,0.18,-0.43,1.1159274778247392,2.0613181522829622,,,,1,5,Top,,,,,,,6.837512564103284,-126.57589327587384,-3.0037505013923447,0.4968664094106175,27.12323318754762,-36.392136232253414,3.47014186668637,1.65370600664431,,,,86.9,2377.0,6.4,718435,668939,663624,602104,683002,622761,679631,656775,624428,54.12,,,,,,,,40,2,Knuckle Curve,0,7,7,0,7,0,7,0,Standard,Standard,27.0,0.0,0.03,,,,,-0.03,,-7,7,0.024,0.976,27,26,28,27,1,2,2.0,1.0,2.0,1.0,3.46,-0.18,0.18,50.1,,,,,
SL,2023-04-25,89.4,-2.1,6.28,"Duran, Jarren",680776,657508,,called_strike,,,,,4.0,,R,L,R,BAL,BOS,S,,,0,0,2023,-0.13,0.4,-0.294068472981304,2.836868280754652,,,,1,5,Top,,,,,,,4.710331549304931,-130.07334574906017,-3.294160765324451,-2.4867907874535096,28.805296448662983,-27.15875985277503,3.47014186668637,1.65370600664431,,,,89.3,2230.0,6.3,718435,668939,663624,602104,683002,622761,679631,656775,624428,54.17,,,,,,,,40,1,Slider,0,7,7,0,7,0,7,0,Standard,Standard,187.0,0.0,-0.041,,,,,0.041,,-7,7,0.024,0.976,27,26,28,27,1,2,2.0,1.0,2.0,1.0,2.47,0.13,-0.13,47.2,,,,,
FF,2023-04-24,95.9,-2.54,5.96,"Duran, Jarren",680776,665152,strikeout,swinging_strike,,,,,11.0,Jarren Duran strikes out swinging.,R,L,R,BAL,BOS,S,2.0,,0,2,2023,-0.83,1.42,-0.1618379895009601,3.9057439757161743,,,,1,4,Top,,,,,,,8.16556604718996,-139.44878853640478,-3.0659737827541313,-12.6649251681181,30.22632994521527,-13.074801098530768,3.51,1.74,,,,96.0,2214.0,6.3,718447,543510,663624,624428,602104,622761,669720,656775,623993,54.19,,0.0,0.0,1.0,0.0,0.0,,27,3,4-Seam Fastball,1,4,4,1,4,1,4,1,Standard,Standard,215.0,0.006,-0.17,,,,,0.17,,-3,3,0.203,0.7969999999999999,27,26,27,27,2,1,6.0,1.0,5.0,1.0,1.05,0.83,-0.83,37.1,,,,,
FF,2023-04-24,94.8,-2.52,5.93,"Duran, Jarren",680776,665152,,swinging_strike,,,,,1.0,,R,L,R,BAL,BOS,S,,,0,1,2023,-0.92,1.26,-0.2978283391307322,3.546110851106499,,,,1,4,Top,,,,,,,7.846879557158453,-137.85607344865753,-3.3865434929988867,-13.46374824139694,29.534765687216,-15.57613941119893,3.51,1.74,,,,94.7,2213.0,6.2,718447,543510,663624,624428,602104,622761,669720,656775,623993,54.29,,,,,,,,27,2,4-Seam Fastball,1,4,4,1,4,1,4,1,Standard,Standard,213.0,0.003,-0.057,,,,,0.057,,-3,3,0.2,0.8,27,26,27,27,2,1,6.0,1.0,5.0,1.0,1.28,0.92,-0.92,38.6,,,,,
CU,2023-04-24,76.2,-2.42,6.03,"Duran, Jarren",680776,665152,,called_strike,,,,,7.0,,R,L,R,BAL,BOS,S,,,0,0,2023,0.81,-0.99,-0.2914468228879375,1.94990886846264,,,,1,4,Top,,,,,,,3.0161226142483835,-110.96936165627976,0.3155932357040636,6.088581977392319,21.70113304072941,-40.63180061550083,3.50926690698768,1.71583264903521,,,,75.9,2605.0,6.3,718447,543510,663624,624428,602104,622761,669720,656775,623993,54.24,,,,,,,,27,1,Curveball,1,4,4,1,4,1,4,1,Standard,Standard,35.0,0.001,-0.041,,,,,0.041,,-3,3,0.199,0.8009999999999999,27,26,27,27,2,1,6.0,1.0,5.0,1.0,4.94,-0.81,0.81,48.4,,,,,
CH,2023-04-24,85.5,-2.67,5.74,"Duran, Jarren",680776,665152,field_out,hit_into_play,,,,,8.0,"Jarren Duran grounds out, first baseman Ryan Mountcastle to pitcher Dean Kremer.",R,L,R,BAL,BOS,X,3.0,ground_ball,1,1,2023,-1.41,-0.04,-0.059696590549326,1.7509016756959297,,,,2,2,Top,160.18,164.26,,,,,9.024222996212954,-124.2704144436442,-3.042622028546848,-16.358083796249534,23.902420210493233,-32.204288617352475,3.51,1.74,5.0,70.4,-21.0,85.9,1701.0,6.5,718447,543510,663624,624428,602104,622761,669720,656775,623993,53.97,0.059,0.054,0.0,1.0,0.0,0.0,2.0,10,3,Changeup,0,1,1,0,1,0,1,0,Standard,Standard,252.0,0.01,-0.261,,,,0.063,0.261,88.0,-1,1,0.433,0.567,27,26,27,27,1,0,6.0,1.0,5.0,1.0,3.16,1.41,-1.41,37.8,,,,,
CH,2023-04-24,85.2,-2.69,5.71,"Duran, Jarren",680776,665152,,foul,,,,,7.0,,R,L,R,BAL,BOS,S,,,1,0,2023,-1.23,0.15,-0.7493659712708303,1.9598296281957936,,,,2,2,Top,,,,,,,7.076638093447192,-123.92549061980108,-2.8009067123396276,-14.082283725531427,24.45795755021904,-30.318794090048645,3.51,1.74,1.0,59.2,-60.0,85.7,1554.0,6.6,718447,543510,663624,624428,602104,622761,669720,656775,623993,53.9,,,,,,,,10,2,Changeup,0,1,1,0,1,0,1,0,Standard,Standard,250.0,0.001,-0.056,,,,,0.056,88.0,-1,1,0.432,0.5680000000000001,27,26,27,27,1,0,6.0,1.0,5.0,1.0,2.99,1.23,-1.23,29.8,,,,,
CU,2023-04-24,79.4,-2.36,6.02,"Duran, Jarren",680776,665152,,ball,,,,,14.0,,R,L,R,BAL,BOS,B,,,0,0,2023,1.01,-1.32,0.9893698990731696,0.3566679619143746,,,,2,2,Top,,,,,,,5.421479197187445,-115.39883025117132,-2.972959826828921,7.648667928301573,26.542864079946916,-43.362450822458534,3.43908601641412,1.73879179309986,,,,78.6,2716.0,6.3,718447,543510,663624,624428,602104,622761,669720,656775,623993,54.16,,,,,,,,10,1,Curveball,0,1,1,0,1,0,1,0,Standard,Standard,38.0,-0.001,0.043,,,,,-0.043,,-1,1,0.433,0.567,27,26,27,27,1,0,6.0,1.0,5.0,1.0,5.02,-1.01,1.01,43.7,,,,,
SI,2023-04-24,95.4,-2.4,5.28,"Duran, Jarren",680776,666974,field_out,hit_into_play,,,,,13.0,Jarren Duran lines out to third baseman Ramon Urias.,R,L,R,BAL,BOS,X,5.0,line_drive,1,0,2023,-1.84,-0.15,-0.9234842068254832,2.284628271946657,,606132.0,,2,9,Top,94.03,166.47,,,,,8.003253268852061,-138.6086759544251,-1.833081613964935,-25.51184138727973,34.231756082940755,-33.80947178713813,3.51,1.74,118.0,66.8,13.0,94.6,2065.0,6.2,718447,543510,663624,624428,602104,622761,669720,656775,663630,54.34,0.303,0.272,0.0,1.0,0.0,0.0,2.0,68,2,Sinker,5,4,4,5,4,5,4,5,Standard,Standard,261.0,0.119,-0.315,,,,0.311,0.315,88.0,1,-1,0.881,0.119,29,26,29,27,1,3,2.0,1.0,2.0,1.0,2.68,1.84,-1.84,12.9,,,,,
SI,2023-04-24,96.2,-2.58,5.35,"Duran, Jarren",680776,666974,,ball,,,,,11.0,,R,L,R,BAL,BOS,B,,,0,0,2023,-1.72,-0.26,-1.1586527728319256,3.28010134019492,,606132.0,,2,9,Top,,,,,,,7.650282856736213,-139.85844702700882,0.7194726755839698,-24.28030958578587,33.78652352718781,-35.94708079369907,3.48634757158746,1.73961002231809,,,,95.9,1994.0,6.3,718447,543510,663624,624428,602104,622761,669720,656775,663630,54.2,,,,,,,,68,1,Sinker,5,4,4,5,4,5,4,5,Standard,Standard,258.0,-0.003,0.02,,,,,-0.02,,1,-1,0.884,0.1159999999999999,29,26,29,27,1,3,2.0,1.0,2.0,1.0,2.74,1.72,-1.72,15.4,,,,,
FF,2023-04-24,95.0,-0.2,6.52,"Duran, Jarren",680776,641329,strikeout,swinging_strike,,,,,12.0,Jarren Duran strikes out swinging.,R,L,R,BAL,BOS,S,2.0,,3,2,2023,-0.21,1.6,0.1801944039851905,4.042590298436878,,,,0,7,Top,,,,,,,1.487546106249291,-138.28082224388686,-4.436976765795461,-3.067738413564537,30.86644654723695,-10.906457914922507,3.51,1.74,,,,95.8,2255.0,6.7,718447,543510,663624,624428,602104,622761,669720,656775,623993,53.79,,0.0,0.0,1.0,0.0,0.0,,50,8,4-Seam Fastball,5,4,4,5,4,5,4,5,Standard,Standard,192.0,0.055,-0.353,,,,,0.353,,1,-1,0.681,0.3189999999999999,28,26,29,27,1,2,1.0,1.0,3.0,1.0,0.93,0.21,-0.21,56.2,,,,,
FF,2023-04-24,93.6,-0.19,6.52,"Duran, Jarren",680776,641329,,foul,,,,,12.0,,R,L,R,BAL,BOS,S,,,3,2,2023,-0.3,1.71,0.8894723166799225,3.2578230489840596,,,,0,7,Top,,,,,,,3.475767978489177,-136.12017650350154,-6.5009451283756094,-4.545448408126757,29.976823853833537,-9.649892305820163,3.51,1.74,184.0,71.9,33.0,94.2,2247.0,6.7,718447,543510,663624,624428,602104,622761,669720,656775,623993,53.82,,,,,,,,50,7,4-Seam Fastball,5,4,4,5,4,5,4,5,Standard,Standard,192.0,0.0,0.0,,,,,0.0,88.0,1,-1,0.681,0.3189999999999999,28,26,29,27,1,2,1.0,1.0,3.0,1.0,0.89,0.3,-0.3,60.1,,,,,
FF,2023-04-24,95.6,-0.14,6.56,"Duran, Jarren",680776,641329,,foul,,,,,6.0,,R,L,R,BAL,BOS,S,,,3,2,2023,-0.14,1.67,0.8012356752827318,2.5196662964851737,,,,0,7,Top,,,,,,,2.825172884820687,-138.9181839039362,-8.800282874151375,-2.4629228968302277,33.987177255380885,-8.799226248910713,3.51,1.74,124.0,84.0,74.0,96.1,2375.0,6.9,718447,543510,663624,624428,602104,622761,669720,656775,623993,53.64,,,,,,,,50,6,4-Seam Fastball,5,4,4,5,4,5,4,5,Standard,Standard,193.0,0.0,0.0,,,,,0.0,88.0,1,-1,0.681,0.3189999999999999,28,26,29,27,1,2,1.0,1.0,3.0,1.0,0.85,0.14,-0.14,59.9,,,,,
FF,2023-04-24,95.2,-0.34,6.6,"Duran, Jarren",680776,641329,,ball,,,,,12.0,,R,L,R,BAL,BOS,B,,,2,2,2023,-0.02,1.56,1.0536976710319563,3.9978522122733815,,,,0,7,Top,,,,,,,3.747252252788981,-138.60047902057372,-4.691737223234936,-1.1910829804127954,32.33525075298073,-11.25101702844908,3.41652151161366,1.64612927728158,,,,95.7,2351.0,6.7,718447,543510,663624,624428,602104,622761,669720,656775,623993,53.84,,,,,,,,50,5,4-Seam Fastball,5,4,4,5,4,5,4,5,Standard,Standard,190.0,-0.018,0.115,,,,,-0.115,,1,-1,0.699,0.301,28,26,29,27,1,2,1.0,1.0,3.0,1.0,0.96,0.02,-0.02,54.9,,,,,
CH,2023-04-24,76.2,-0.56,6.5,"Duran, Jarren",680776,641329,,ball,,,,,13.0,,R,L,R,BAL,BOS,B,,,1,2,2023,-1.11,1.1,-0.0330441869534594,0.2598199066148514,,,,0,7,Top,,,,,,,3.127878378939506,-110.7760333934632,-8.112441907440008,-9.701645281689562,19.390434969385343,-21.84565437859277,3.27681894634391,1.64612927728158,,,,77.0,1601.0,6.8,718447,543510,663624,624428,602104,622761,669720,656775,623993,53.66,,,,,,,,50,4,Changeup,5,4,4,5,4,5,4,5,Standard,Standard,218.0,-0.006,0.046,,,,,-0.046,,1,-1,0.705,0.295,28,26,29,27,1,2,1.0,1.0,3.0,1.0,2.82,1.11,-1.11,60.9,,,,,
CH,2023-04-24,78.6,-0.59,6.47,"Duran, Jarren",680776,641329,,ball,,,,,14.0,,R,L,R,BAL,BOS,B,,,0,2,2023,-1.21,0.89,1.2490308641220171,-0.7359284554842027,,,,0,7,Top,,,,,,,6.282016692122003,-113.95104118123002,-10.49979844908126,-11.69890286240078,19.642484206662896,-22.702766550542503,3.32321416446918,1.69266745307955,,,,79.4,1681.0,6.9,718447,543510,663624,624428,602104,622761,669720,656775,623993,53.6,,,,,,,,50,3,Changeup,5,4,4,5,4,5,4,5,Standard,Standard,216.0,-0.005,0.024,,,,,-0.024,,1,-1,0.71,0.29,28,26,29,27,1,2,1.0,1.0,3.0,1.0,2.81,1.21,-1.21,59.8,,,,,
FF,2023-04-24,93.8,-0.53,6.63,"Duran, Jarren",680776,641329,,foul,,,,,2.0,,R,L,R,BAL,BOS,S,,,0,1,2023,-0.14,1.6,0.1636462547548673,3.0022356897933977,,,,0,7,Top,,,,,,,2.111993841154393,-136.4555579277326,-7.223065113298968,-2.216486358953146,29.31688500693796,-10.832008280531834,3.51,1.74,131.0,77.7,10.0,94.2,2451.0,6.5,718447,543510,663624,624428,602104,622761,669720,656775,623993,53.99,,,,,,,,50,2,4-Seam Fastball,5,4,4,5,4,5,4,5,Standard,Standard,191.0,0.011,-0.054,,,,,0.054,88.0,1,-1,0.699,0.301,28,26,29,27,1,2,1.0,1.0,3.0,1.0,0.99,0.14,-0.14,55.9,,,,,
FF,2023-04-24,92.7,-0.69,6.6,"Duran, Jarren",680776,641329,,called_strike,,,,,9.0,,R,L,R,BAL,BOS,S,,,0,0,2023,-0.34,1.71,0.530807417241782,1.7000859287024632,,,,0,7,Top,,,,,,,3.881258850026125,-134.62825857117556,-10.47527587709918,-4.9187226238415525,29.032722905215746,-9.300898060694047,3.46289734518509,1.64592355876825,,,,93.1,2426.0,6.6,718447,543510,663624,624428,602104,622761,669720,656775,623993,53.89,,,,,,,,50,1,4-Seam Fastball,5,4,4,5,4,5,4,5,Standard,Standard,192.0,0.007,-0.042,,,,,0.042,,1,-1,0.692,0.308,28,26,29,27,1,2,1.0,1.0,3.0,1.0,0.95,0.34,-0.34,53.2,,,,,
FC,2023-04-23,90.8,-0.93,5.85,"Duran, Jarren",680776,669203,strikeout,swinging_strike,,,,,14.0,Jarren Duran strikes out swinging.,R,L,R,MIL,BOS,S,2.0,,2,2,2023,0.38,0.32,0.1345627444057981,1.1342951217474142,,,,0,4,Top,,,,,,,1.8475911815206032,-132.23614532438697,-6.64253593265676,4.142799320525724,25.961482885904957,-27.32617276720145,3.53,1.75,,,,91.6,2790.0,6.5,718461,605170,642133,668930,605119,642715,592885,686894,663368,53.96,,0.0,0.0,1.0,0.0,0.0,,28,5,Cutter,0,3,3,0,3,0,3,0,Standard,Standard,162.0,0.011,-0.239,,,,,0.239,,-3,3,0.188,0.812,28,26,29,27,2,1,6.0,1.0,6.0,1.0,2.43,-0.38,0.38,38.9,,,,,
CH,2023-04-23,88.5,-0.81,5.78,"Duran, Jarren",680776,669203,,ball,,,,,14.0,,R,L,R,MIL,BOS,B,,,1,2,2023,-1.47,0.39,0.3049333291508842,0.382509818911287,,,,0,4,Top,,,,,,,5.828342452246721,-128.56051458622846,-7.902966157982056,-17.50637363428465,27.739463784818252,-26.38298129080147,3.25341037336795,1.55612975854183,,,,88.8,2085.0,6.7,718461,605170,642133,668930,605119,642715,592885,686894,663368,53.85,,,,,,,,28,4,Changeup,0,3,3,0,3,0,3,0,Standard,Standard,218.0,-0.002,0.046,,,,,-0.046,,-3,3,0.19,0.81,28,26,29,27,2,1,6.0,1.0,6.0,1.0,2.54,1.47,-1.47,40.3,,,,,
CU,2023-04-23,78.5,-0.65,6.04,"Duran, Jarren",680776,669203,,called_strike,,,,,7.0,,R,L,R,MIL,BOS,S,,,1,1,2023,0.81,-1.37,-0.8264303485954451,1.8371649871193856,,,,0,4,Top,,,,,,,-1.8917410204359904,-114.27192564694342,0.3749662133127889,7.442132548457132,23.872412709539383,-44.36757813781866,3.19712971418267,1.44364365235294,,,,78.1,2774.0,6.3,718461,605170,642133,668930,605119,642715,592885,686894,663368,54.21,,,,,,,,28,3,Curveball,0,3,3,0,3,0,3,0,Standard,Standard,49.0,0.003,-0.061,,,,,0.061,,-3,3,0.187,0.813,28,26,29,27,2,1,6.0,1.0,6.0,1.0,5.11,-0.81,0.81,43.7,,,,,
SI,2023-04-23,94.5,-0.91,5.9,"Duran, Jarren",680776,669203,,ball,,,,,13.0,,R,L,R,MIL,BOS,B,,,0,1,2023,-0.69,1.01,-1.2302701272731122,1.5847340344860192,,,,0,4,Top,,,,,,,0.7144423414106735,-137.47284203345518,-7.809790840960376,-8.907014268529027,32.20246312078193,-17.796710888205975,3.30969152407527,1.61237664195109,,,,94.8,2502.0,6.6,718461,605170,642133,668930,605119,642715,592885,686894,663368,53.89,,,,,,,,28,2,Sinker,0,3,3,0,3,0,3,0,Standard,Standard,196.0,-0.001,0.031,,,,,-0.031,,-3,3,0.188,0.812,28,26,29,27,2,1,6.0,1.0,6.0,1.0,1.55,0.69,-0.69,41.7,,,,,
CU,2023-04-23,79.0,-0.76,6.09,"Duran, Jarren",680776,669203,,swinging_strike,,,,,14.0,,R,L,R,MIL,BOS,S,,,0,0,2023,0.77,-1.15,0.1762873173574415,1.3908464165215948,,,,0,4,Top,,,,,,,0.6153642123390404,-114.99876333548592,-1.2258171844467427,6.662194945118044,23.102792589203872,-42.31960877498047,3.53,1.75,,,,78.9,2827.0,6.4,718461,605170,642133,668930,605119,642715,592885,686894,663368,54.11,,,,,,,,28,1,Curveball,0,3,3,0,3,0,3,0,Standard,Standard,45.0,0.002,-0.042,,,,,0.042,,-3,3,0.186,0.8140000000000001,28,26,29,27,2,1,6.0,1.0,6.0,1.0,4.83,-0.77,0.77,49.9,,,,,
FC,2023-04-23,93.2,-1.09,5.8,"Duran, Jarren",680776,669203,single,hit_into_play,,,,,8.0,Jarren Duran singles on a ground ball to center fielder Joey Wiemer. Triston Casas to 2nd.,R,L,R,MIL,BOS,X,8.0,ground_ball,3,1,2023,0.18,0.75,0.1272592187220031,1.6722998096772634,,,671213.0,0,2,Top,145.17,101.05,,,,,2.7565416681703,-135.57712584423265,-6.486748594264222,1.5405391140239295,30.50490081650199,-21.66522752489437,3.53,1.75,153.0,110.1,6.0,93.5,2573.0,6.5,718461,605170,642133,668930,605119,642715,592885,686894,663368,53.98,0.666,0.617,0.9,1.0,1.0,0.0,4.0,12,5,Cutter,0,1,1,0,1,0,1,0,Standard,Standard,186.0,-0.029,0.322,,,,0.775,-0.322,110.1,-1,1,0.343,0.657,28,26,29,27,1,0,6.0,1.0,6.0,1.0,1.88,-0.18,0.18,36.0,,,,,
CH,2023-04-23,87.4,-1.08,5.69,"Duran, Jarren",680776,669203,,ball,,,,,13.0,,R,L,R,MIL,BOS,B,,,2,1,2023,-1.17,0.68,-1.067045748586426,1.189983573960159,,,671213.0,0,2,Top,,,,,,,2.4719998159426235,-127.23614615074617,-6.115330932324884,-13.211588824257822,26.87210839523475,-23.77021621170753,3.28155089257309,1.58425289021262,,,,87.8,1875.0,6.6,718461,605170,642133,668930,605119,642715,592885,686894,663368,53.89,,,,,,,,12,4,Changeup,0,1,1,0,1,0,1,0,Standard,Standard,223.0,-0.015,0.101,,,,,-0.101,,-1,1,0.358,0.642,28,26,29,27,1,0,6.0,1.0,6.0,1.0,2.31,1.17,-1.17,40.3,,,,,
FC,2023-04-23,93.3,-1.01,5.82,"Duran, Jarren",680776,669203,,ball,,,,,14.0,,R,L,R,MIL,BOS,B,,,1,1,2023,0.42,0.9,1.0603947770619224,1.4503360613685334,,,671213.0,0,2,Top,,,,,,,4.4193372701169125,-135.70473787303078,-7.512195683275886,4.251042586967226,28.55187849927758,-19.6638267547188,3.30969152407527,1.58425289021262,,,,93.9,2588.0,6.6,718461,605170,642133,668930,605119,642715,592885,686894,663368,53.94,,,,,,,,12,3,Cutter,0,1,1,0,1,0,1,0,Standard,Standard,194.0,-0.007,0.042,,,,,-0.042,,-1,1,0.365,0.635,28,26,29,27,1,0,6.0,1.0,6.0,1.0,1.72,-0.42,0.42,40.7,,,,,
CH,2023-04-23,87.7,-0.98,5.82,"Duran, Jarren",680776,669203,,foul,,,,,4.0,,R,L,R,MIL,BOS,S,,,1,0,2023,-1.14,1.09,-0.4252816102245375,2.426202659936771,,,671213.0,0,2,Top,,,,,,,3.7152900528394897,-127.5858644071902,-4.334378932610276,-13.15886081365678,27.84594925358614,-19.54433300684051,3.53,1.75,151.0,74.9,72.0,87.9,1881.0,6.6,718461,605170,642133,668930,605119,642715,592885,686894,663368,53.95,,,,,,,,12,2,Changeup,0,1,1,0,1,0,1,0,Standard,Standard,221.0,0.007,-0.042,,,,,0.042,88.0,-1,1,0.358,0.642,28,26,29,27,1,0,6.0,1.0,6.0,1.0,1.89,1.14,-1.14,38.9,,,,,
CU,2023-04-23,77.9,-0.93,6.06,"Duran, Jarren",680776,669203,,ball,,,,,11.0,,R,L,R,MIL,BOS,B,,,0,0,2023,0.84,-0.82,-1.300453987864267,3.643791653779174,,,671213.0,0,2,Top,,,,,,,-2.340755819417965,-113.41007922069495,3.2253184635832763,7.6456852642258895,20.984814654744703,-40.05905506978347,3.22526997704355,1.47176419383459,,,,77.9,2599.0,6.3,718461,605170,642133,668930,605119,642715,592885,686894,663368,54.23,,,,,,,,12,1,Curveball,0,1,1,0,1,0,1,0,Standard,Standard,60.0,-0.005,0.03,,,,,-0.03,,-1,1,0.363,0.637,28,26,29,27,1,0,6.0,1.0,6.0,1.0,4.58,-0.84,0.84,44.1,,,,,
ST,2023-04-23,84.0,-2.64,5.06,"Duran, Jarren",680776,642770,single,hit_into_play,,,,,13.0,"Jarren Duran singles on a ground ball to second baseman Owen Miller, deflected by first baseman Rowdy Tellez. Triston Casas to 2nd.",R,L,R,MIL,BOS,X,3.0,ground_ball,2,1,2023,1.0,0.36,-0.0801862239016993,1.5391062232978745,,,671213.0,0,9,Top,153.29,167.17,,,,,3.934871271686432,-122.2467913182832,-2.4186922096366077,9.166379455166837,26.085548419157828,-28.323475424630654,3.53,1.75,26.0,79.8,-1.0,83.6,2717.0,6.2,718461,605170,642133,680911,605119,668930,592885,686894,663368,54.3,0.192,0.192,0.9,1.0,1.0,0.0,2.0,78,4,Sweeper,5,12,12,5,12,5,12,5,Standard,Standard,84.0,0.0,0.423,,,,0.239,-0.423,88.0,-7,7,0.001,0.999,27,26,28,27,1,4,8.0,1.0,9.0,1.0,2.89,-1.0,1.0,20.8,,,,,
ST,2023-04-23,83.2,-2.7,5.13,"Duran, Jarren",680776,642770,,ball,,,,,13.0,,R,L,R,MIL,BOS,B,,,1,1,2023,0.88,0.39,-1.0486571358746606,1.761467524041432,,,671213.0,0,9,Top,,,,,,,2.0545432019540018,-121.15500120871155,-2.023113567397159,8.213868687810935,25.095123065385696,-28.11680585769793,3.3190716145814,1.56550392315622,,,,83.0,2589.0,6.2,718461,605170,642133,680911,605119,668930,592885,686894,663368,54.27,,,,,,,,78,3,Sweeper,5,12,12,5,12,5,12,5,Standard,Standard,84.0,0.0,0.042,,,,,-0.042,,-7,7,0.001,0.999,27,26,28,27,1,4,8.0,1.0,9.0,1.0,2.91,-0.88,0.88,23.2,,,,,
FF,2023-04-23,97.8,-2.23,5.52,"Duran, Jarren",680776,642770,,foul_tip,,,,,3.0,,R,L,R,MIL,BOS,S,,,1,0,2023,-0.79,1.36,0.813826874240087,3.0712089077336993,,,671213.0,0,9,Top,,,,,,,9.993351627493382,-142.027940131772,-4.207585876988957,-13.0602787667198,33.78626536579866,-12.981283857066286,3.53,1.75,,,,97.4,2383.0,6.2,718461,605170,642133,680911,605119,668930,592885,686894,663368,54.26,,,,,,,,78,2,4-Seam Fastball,5,12,12,5,12,5,12,5,Standard,Standard,217.0,0.0,-0.042,,,,,0.042,,-7,7,0.001,0.999,27,26,28,27,1,4,8.0,1.0,9.0,1.0,1.04,0.79,-0.79,31.4,,,,,
SI,2023-04-23,97.0,-2.61,5.09,"Duran, Jarren",680776,642770,,ball,,,,,11.0,,R,L,R,MIL,BOS,B,,,0,0,2023,-1.6,0.33,-2.2446839001106733,3.2877373808462433,,,671213.0,0,9,Top,,,,,,,4.64138507795149,-141.162008728229,-0.0125326778782837,-22.476943376632747,34.14255186887015,-27.99337242836876,3.3190716145814,1.62175121870536,,,,96.7,2102.0,6.3,718461,605170,642133,680911,605119,668930,592885,686894,663368,54.24,,,,,,,,78,1,Sinker,5,12,12,5,12,5,12,5,Standard,Standard,237.0,0.0,0.03,,,,,-0.03,,-7,7,0.001,0.999,27,26,28,27,1,4,8.0,1.0,9.0,1.0,2.1,1.6,-1.6,21.5,,,,,
FF,2023-04-23,94.8,-1.12,5.27,"Duran, Jarren",680776,456713,walk,blocked_ball,,,,,14.0,Jarren Duran walks.,R,L,R,MIL,BOS,B,,,3,2,2023,-0.32,1.58,0.9206002350107872,0.6970902375350442,571771.0,,,1,8,Top,,,,,,,6.0813906326600655,-137.65699390730268,-9.8102389774171,-5.468958120100658,32.65595165026525,-10.081236497299184,3.28155089257309,1.55612975854183,,,,95.0,2491.0,6.7,718461,605170,642133,668930,605119,642715,592885,686894,663368,53.8,,0.695903,0.7,1.0,0.0,0.0,,65,6,4-Seam Fastball,4,5,5,4,5,4,5,4,Strategic,Standard,207.0,-0.009,0.228,,,,,-0.228,,-1,1,0.194,0.806,37,26,37,27,1,3,4.0,1.0,61.0,1.0,0.98,0.32,-0.32,53.1,,,,,
FF,2023-04-23,95.0,-0.98,5.31,"Duran, Jarren",680776,456713,,ball,,,,,14.0,,R,L,R,MIL,BOS,B,,,2,2,2023,-0.44,1.51,1.2124483253240983,1.860824057973286,571771.0,,,1,8,Top,,,,,,,6.7748745664243755,-138.07693752214237,-6.792894942591247,-7.174071773561082,31.53093542653908,-11.474173369459812,3.25341037336795,1.61237664195109,,,,95.5,2436.0,6.7,718461,605170,642133,668930,605119,642715,592885,686894,663368,53.82,,,,,,,,65,5,4-Seam Fastball,4,5,5,4,5,4,5,4,Strategic,Standard,205.0,-0.011,0.083,,,,,-0.083,,-1,1,0.205,0.795,37,26,37,27,1,3,4.0,1.0,61.0,1.0,1.02,0.44,-0.44,53.0,,,,,
CU,2023-04-23,77.6,-1.25,5.2,"Duran, Jarren",680776,456713,,blocked_ball,,,,,14.0,,R,L,R,MIL,BOS,B,,,1,2,2023,0.81,-1.24,1.110119308716094,-0.3416545116942728,571771.0,,,1,8,Top,,,,,,,3.576403377586906,-112.889630010115,-2.5334143118177557,6.091698725042482,24.277313959216748,-42.30111688003798,3.25341037336795,1.52800725792977,,,,77.3,2520.0,6.5,718461,605170,642133,668930,605119,642715,592885,686894,663368,54.0,,,,,,,,65,4,Curveball,4,5,5,4,5,4,5,4,Strategic,Standard,50.0,-0.011,0.026,,,,,-0.026,,-1,1,0.216,0.784,37,26,37,27,1,3,4.0,1.0,61.0,1.0,5.08,-0.81,0.81,51.7,,,,,
FF,2023-04-23,93.8,-0.76,5.39,"Duran, Jarren",680776,456713,,called_strike,,,,,9.0,,R,L,R,MIL,BOS,S,,,1,1,2023,-0.61,1.58,0.4939958229193139,2.0762354119027986,571771.0,,,1,8,Top,,,,,,,4.626009612281386,-136.39674833536765,-6.323043500443369,-8.715274077869703,32.145594661235066,-11.301275364838654,3.36597308176011,1.69675150773821,,,,94.0,2546.0,6.6,718461,605170,642133,668930,605119,642715,592885,686894,663368,53.9,,,,,,,,65,3,4-Seam Fastball,4,5,5,4,5,4,5,4,Strategic,Standard,206.0,0.018,-0.107,,,,,0.107,,-1,1,0.198,0.802,37,26,37,27,1,3,4.0,1.0,61.0,1.0,1.03,0.61,-0.61,60.3,,,,,
FF,2023-04-23,93.5,-0.76,5.49,"Duran, Jarren",680776,456713,,foul,,,,,2.0,,R,L,R,MIL,BOS,S,,,1,0,2023,-0.64,1.42,0.0798445265330028,3.146770447203199,571771.0,,,1,8,Top,,,,,,,3.5842824640929187,-136.1020685762635,-3.411183070765784,-8.729895255346158,31.339684205032636,-14.010702329358343,3.53,1.75,185.0,79.7,65.0,93.5,2402.0,6.4,718461,605170,642133,668930,605119,642715,592885,686894,663368,54.09,,,,,,,,65,2,4-Seam Fastball,4,5,5,4,5,4,5,4,Strategic,Standard,203.0,0.004,-0.069,,,,,0.069,88.0,-1,1,0.194,0.806,37,26,37,27,1,3,4.0,1.0,61.0,1.0,1.2,0.64,-0.64,58.0,,,,,
CU,2023-04-23,76.7,-1.02,5.33,"Duran, Jarren",680776,456713,,ball,,,,,14.0,,R,L,R,MIL,BOS,B,,,0,0,2023,0.86,-1.22,1.7782172490362305,2.220301687855767,571771.0,,,1,8,Top,,,,,,,4.361778546817273,-111.4710392898189,2.769592350562609,6.223577559694574,22.771392957581547,-43.07046718599549,3.22526997704355,1.47176419383459,,,,76.4,2429.0,6.5,718461,605170,642133,668930,605119,642715,592885,686894,663368,54.03,,,,,,,,65,1,Curveball,4,5,5,4,5,4,5,4,Strategic,Standard,42.0,-0.001,0.026,,,,,-0.026,,-1,1,0.195,0.8049999999999999,37,26,37,27,1,3,4.0,1.0,61.0,1.0,5.15,-0.86,0.86,58.9,,,,,
SL,2023-04-23,89.9,-2.67,5.61,"Duran, Jarren",680776,665625,strikeout,swinging_strike,,,,,14.0,Jarren Duran strikes out swinging.,R,L,R,MIL,BOS,S,2.0,,3,2,2023,-0.06,0.09,1.0618564876312984,1.3865388624552866,,,,2,6,Top,,,,,,,9.41584598868937,-130.5733497816885,-4.69392208090161,-2.623610676781278,26.04924819165644,-30.407431982712747,3.53,1.75,,,,90.4,2527.0,6.6,718461,605170,642133,668930,605119,642715,592885,686894,663368,53.94,,0.0,0.0,1.0,0.0,0.0,,47,6,Slider,3,3,3,3,3,3,3,3,Standard,Standard,355.0,0.02,-0.336,,,,,0.336,,0,0,0.556,0.4439999999999999,26,26,26,27,1,2,,1.0,2.0,1.0,2.73,0.06,-0.06,28.2,,,,,
SI,2023-04-23,95.3,-2.22,5.52,"Duran, Jarren",680776,665625,,ball,,,,,11.0,,R,L,R,MIL,BOS,B,,,2,2,2023,-0.98,0.49,-1.9752259306968416,4.235865884386394,,,,2,6,Top,,,,,,,2.852150026870983,-138.79120790829572,1.1528638831649431,-13.325655362064058,30.388310054619662,-26.299222960262615,3.28155089257309,1.58425289021262,,,,95.6,1961.0,6.4,718461,605170,642133,668930,605119,642715,592885,686894,663368,54.14,,,,,,,,47,5,Sinker,3,3,3,3,3,3,3,3,Standard,Standard,238.0,-0.006,0.104,,,,,-0.104,,0,0,0.562,0.4379999999999999,26,26,26,27,1,2,,1.0,2.0,1.0,2.01,0.98,-0.98,23.1,,,,,
SI,2023-04-23,95.1,-2.47,5.46,"Duran, Jarren",680776,665625,,called_strike,,,,,1.0,,R,L,R,MIL,BOS,S,,,2,1,2023,-1.24,0.33,-0.4845040711728809,3.0457695986721367,,,,2,6,Top,,,,,,,8.00311257354528,-138.34768444904483,-1.401521998612565,-17.740031804460514,31.10695749854806,-27.830864984916545,3.25341037336795,1.58425289021262,,,,95.3,1963.0,6.4,718461,605170,642133,668930,605119,642715,592885,686894,663368,54.08,,,,,,,,47,4,Sinker,3,3,3,3,3,3,3,3,Standard,Standard,242.0,0.005,-0.081,,,,,0.081,,0,0,0.557,0.4429999999999999,26,26,26,27,1,2,,1.0,2.0,1.0,2.19,1.24,-1.24,20.9,,,,,
SI,2023-04-23,94.5,-2.53,5.35,"Duran, Jarren",680776,665625,,called_strike,,,,,3.0,,R,L,R,MIL,BOS,S,,,2,0,2023,-1.31,0.49,0.5823321198962412,3.0395497556278195,,,,2,6,Top,,,,,,,11.063476214040753,-137.11960660104484,-1.3838011887052175,-18.958362868099048,30.60475385310752,-25.919386920611473,3.22526997704355,1.55612975854183,,,,94.9,2053.0,6.7,718461,605170,642133,668930,605119,642715,592885,686894,663368,53.81,,,,,,,,47,3,Sinker,3,3,3,3,3,3,3,3,Standard,Standard,247.0,0.004,-0.06,,,,,0.06,,0,0,0.553,0.4469999999999999,26,26,26,27,1,2,,1.0,2.0,1.0,2.08,1.31,-1.31,23.0,,,,,
SL,2023-04-23,89.6,-2.4,5.54,"Duran, Jarren",680776,665625,,ball,,,,,14.0,,R,L,R,MIL,BOS,B,,,1,0,2023,-0.3,-0.03,1.9729488093901195,0.2817612781576648,,,,2,6,Top,,,,,,,11.48273378405467,-129.84137774658018,-6.861619026780884,-6.011504397655093,30.49392396601737,-31.002150530622774,3.25341037336795,1.58425289021262,,,,89.5,2420.0,6.8,718461,605170,642133,668930,605119,642715,592885,686894,663368,53.74,,,,,,,,47,2,Slider,3,3,3,3,3,3,3,3,Standard,Standard,298.0,-0.004,0.056,,,,,-0.056,,0,0,0.557,0.4429999999999999,26,26,26,27,1,2,,1.0,2.0,1.0,2.92,0.3,-0.3,24.4,,,,,
SI,2023-04-23,95.0,-2.36,5.38,"Duran, Jarren",680776,665625,,ball,,,,,13.0,,R,L,R,MIL,BOS,B,,,0,0,2023,-1.66,-0.05,-1.1742881374972924,1.7221683847886036,,,,2,6,Top,,,,,,,6.838402399150894,-138.12261910887833,-3.79345797864141,-22.75860244072407,31.84709031126342,-32.14844013699269,3.59110169859506,1.61237664195109,,,,95.2,1927.0,6.5,718461,605170,642133,668930,605119,642715,592885,686894,663368,53.96,,,,,,,,47,1,Sinker,3,3,3,3,3,3,3,3,Standard,Standard,245.0,-0.002,0.043,,,,,-0.043,,0,0,0.559,0.4409999999999999,26,26,26,27,1,2,,1.0,2.0,1.0,2.59,1.66,-1.66,21.0,,,,,
CH,2023-04-22,89.3,-2.37,5.8,"Duran, Jarren",680776,606303,strikeout,swinging_strike,,,,,14.0,Jarren Duran strikes out swinging.,R,L,R,MIL,BOS,S,2.0,,2,2,2023,-1.42,0.0,0.1503904688265609,0.9592245448752664,,,457759.0,0,6,Top,,,,,,,9.12934974801614,-129.63917075740952,-5.7843620926387045,-18.02514210039589,29.332551618615945,-31.089965972317845,3.54,1.74,,,,88.2,2154.0,5.9,718470,661388,642133,668930,605119,642715,592885,686894,663368,54.55,,0.0,0.0,1.0,0.0,0.0,,44,6,Changeup,5,2,2,5,2,5,2,5,Standard,Standard,242.0,0.033,-0.21,,,,,0.21,,3,-3,0.826,0.174,29,26,29,27,1,0,4.0,1.0,3.0,1.0,2.9,1.42,-1.42,31.7,,,,,
ST,2023-04-22,83.5,-2.56,5.66,"Duran, Jarren",680776,606303,,ball,,,,,14.0,,R,L,R,MIL,BOS,B,,,1,2,2023,1.24,-0.55,0.919766806986062,1.188137059554982,,,457759.0,0,6,Top,,,,,,,5.53111821593452,-121.44994717502286,-2.6745006205552357,10.83298900254796,27.50245350300601,-37.16440347941867,3.22563667387826,1.73481821435318,,,,82.3,2732.0,5.9,718470,661388,642133,668930,605119,642715,592885,686894,663368,54.63,,,,,,,,44,5,Sweeper,5,2,2,5,2,5,2,5,Standard,Standard,48.0,-0.006,0.045,,,,,-0.045,,3,-3,0.832,0.168,29,26,29,27,1,0,4.0,1.0,3.0,1.0,3.86,-1.24,1.24,31.6,,,,,
FF,2023-04-22,94.7,-2.44,5.74,"Duran, Jarren",680776,606303,,foul,,,,,4.0,,R,L,R,MIL,BOS,S,,,1,2,2023,-0.72,1.32,-0.721020007042648,2.510806177901348,,,457759.0,0,6,Top,,,,,,,6.097304665152069,-137.7791683262971,-5.714792454626888,-10.506713834040312,30.417957117518135,-14.283783746932816,3.54,1.74,192.0,72.7,39.0,94.7,2464.0,6.3,718470,661388,642133,668930,605119,642715,592885,686894,663368,54.19,,,,,,,,44,4,4-Seam Fastball,5,2,2,5,2,5,2,5,Standard,Standard,218.0,0.0,0.0,,,,,0.0,88.0,3,-3,0.832,0.168,29,26,29,27,1,0,4.0,1.0,3.0,1.0,1.22,0.72,-0.72,33.0,,,,,
CH,2023-04-22,87.5,-2.52,5.9,"Duran, Jarren",680776,606303,,foul,,,,,7.0,,R,L,R,MIL,BOS,S,,,1,1,2023,-1.39,0.27,-0.7068063835554821,1.6855267468710715,,,457759.0,0,6,Top,,,,,,,7.162411184293547,-127.1286553113062,-4.456972794623399,-16.545910398554334,29.94019030699164,-28.41822930591861,3.54,1.74,,,,86.3,2042.0,5.9,718470,661388,642133,668930,605119,642715,592885,686894,663368,54.56,,,,,,,,44,3,Changeup,5,2,2,5,2,5,2,5,Standard,Standard,239.0,0.01,-0.059,,,,,0.059,,3,-3,0.822,0.178,29,26,29,27,1,0,4.0,1.0,3.0,1.0,2.75,1.39,-1.39,31.8,,,,,
CH,2023-04-22,88.8,-2.43,5.86,"Duran, Jarren",680776,606303,,blocked_ball,,,,,14.0,,R,L,R,MIL,BOS,B,,,0,1,2023,-1.53,0.16,0.1523089168006701,0.4892246780626652,,,457759.0,0,6,Top,,,,,,,9.45953532328088,-128.78929243284708,-7.350554118506777,-19.020098534767904,27.492656672218946,-28.943432183049616,3.31005822550592,1.73481821435318,,,,88.0,1940.0,6.0,718470,661388,642133,668930,605119,642715,592885,686894,663368,54.45,,,,,,,,44,2,Changeup,5,2,2,5,2,5,2,5,Standard,Standard,240.0,-0.004,0.024,,,,,-0.024,,3,-3,0.826,0.174,29,26,29,27,1,0,4.0,1.0,3.0,1.0,2.75,1.53,-1.53,31.4,,,,,
FF,2023-04-22,94.9,-2.48,5.81,"Duran, Jarren",680776,606303,,swinging_strike,,,,,2.0,,R,L,R,MIL,BOS,S,,,0,0,2023,-1.17,1.17,0.0483863903842292,3.0925532985173465,,,457759.0,0,6,Top,,,,,,,9.168330582910734,-137.93070505833802,-4.05065410241343,-16.885779770731137,29.632433595178576,-16.54600379519181,3.54,1.74,,,,94.5,2472.0,6.1,718470,661388,642133,668930,605119,642715,592885,686894,663368,54.44,,,,,,,,44,1,4-Seam Fastball,5,2,2,5,2,5,2,5,Standard,Standard,217.0,0.006,-0.036,,,,,0.036,,3,-3,0.82,0.18,29,26,29,27,1,0,4.0,1.0,3.0,1.0,1.36,1.17,-1.17,30.9,,,,,
FF,2023-04-22,88.0,4.35,4.28,"Duran, Jarren",680776,571948,strikeout,swinging_strike,,,,,3.0,Jarren Duran strikes out swinging.,R,L,L,MIL,BOS,S,2.0,,2,2,2023,1.65,0.48,0.4047750438345927,3.053465706223033,,457759.0,,1,8,Top,,,,,,,-13.050706232437022,-127.31697932805004,2.283130988085738,20.793750586378316,28.467450307847223,-27.828850783379195,3.54,1.74,,,,87.9,,6.7,718470,661388,642133,668930,605119,642715,592885,686894,663368,53.78,,0.0,0.0,1.0,0.0,0.0,,59,5,4-Seam Fastball,5,4,4,5,4,5,4,5,Standard,Standard,,0.074,-0.245,,,,,0.245,,1,-1,0.709,0.291,32,26,32,27,1,1,1.0,1.0,1.0,1.0,2.52,1.65,1.65,-1.1,,,,,
SI,2023-04-22,88.8,4.12,4.38,"Duran, Jarren",680776,571948,,ball,,,,,11.0,,R,L,L,MIL,BOS,B,,,1,2,2023,1.59,0.28,-0.611397277917592,3.4216498008651715,,457759.0,,1,8,Top,,,,,,,-14.930244030506948,-128.362589085228,3.297476067516131,20.753195956074116,28.609084475468265,-30.251555836646254,3.25377707187342,1.62231639905038,,,,88.7,,6.7,718470,661388,642133,668930,605119,642715,592885,686894,663368,53.75,,,,,,,,59,4,Sinker,5,4,4,5,4,5,4,5,Standard,Standard,,-0.013,0.04,,,,,-0.04,,1,-1,0.722,0.278,32,26,32,27,1,1,1.0,1.0,1.0,1.0,2.67,1.59,1.59,-0.7,,,,,
ST,2023-04-22,76.8,4.23,4.12,"Duran, Jarren",680776,571948,,swinging_strike,,,,,13.0,,R,L,L,MIL,BOS,S,,,1,1,2023,-1.65,0.16,-1.2838902756979833,1.254398747787374,,457759.0,,1,8,Top,,,,,,,-8.730206638494328,-111.52046451229393,0.7878918378596533,-11.797487772393222,23.34903970503899,-31.272665248512514,3.54,1.74,,,,76.7,,6.7,718470,661388,642133,668930,605119,642715,592885,686894,663368,53.78,,,,,,,,59,3,Sweeper,5,4,4,5,4,5,4,5,Standard,Standard,,0.022,-0.078,,,,,0.078,,1,-1,0.7,0.3,32,26,32,27,1,1,1.0,1.0,1.0,1.0,3.77,-1.65,-1.65,-4.0,,,,,
FF,2023-04-22,87.2,4.23,4.24,"Duran, Jarren",680776,571948,,called_strike,,,,,5.0,,R,L,L,MIL,BOS,S,,,1,0,2023,1.62,0.49,0.0212996848127007,2.5094239296457315,,457759.0,,1,8,Top,,,,,,,-13.45546591235938,-126.21214288641043,1.1298508020298017,20.09784583449552,27.219339761439617,-27.518434046723772,3.22563667387826,1.67856614018943,,,,87.1,,6.7,718470,661388,642133,668930,605119,642715,592885,686894,663368,53.84,,,,,,,,59,2,4-Seam Fastball,5,4,4,5,4,5,4,5,Standard,Standard,,0.009,-0.049,,,,,0.049,,1,-1,0.691,0.309,32,26,32,27,1,1,1.0,1.0,1.0,1.0,2.56,1.62,1.62,-1.4,,,,,
SI,2023-04-22,87.3,4.22,4.23,"Duran, Jarren",680776,571948,,ball,,,,,13.0,,R,L,L,MIL,BOS,B,,,0,0,2023,1.54,-0.25,-0.908748161087416,1.491355244353174,,457759.0,,1,8,Top,,,,,,,-15.534510776117417,-126.1015442222193,0.2111414122602095,19.70677643752932,26.61474362813679,-35.12818632609048,3.31005822550592,1.73481821435318,,,,87.2,,6.7,718470,661388,642133,668930,605119,642715,592885,686894,663368,53.76,,,,,,,,59,1,Sinker,5,4,4,5,4,5,4,5,Standard,Standard,,-0.005,0.034,,,,,-0.034,,1,-1,0.696,0.304,32,26,32,27,1,1,1.0,1.0,1.0,1.0,3.29,1.54,1.54,-2.9,,,,,
FF,2023-04-21,91.5,-2.72,5.22,"Duran, Jarren",680776,642547,field_out,hit_into_play,,,,,4.0,Jarren Duran flies out to left fielder Christian Yelich.,R,L,R,MIL,BOS,X,7.0,fly_ball,1,0,2023,-0.57,1.49,-0.298030772305174,2.8496305738953023,,,,0,5,Top,64.6,90.52,,,,,7.3509533770593825,-132.85385658673195,-3.2038467941361497,-8.502302173913584,34.068629152712404,-14.187158110934362,3.54,1.74,309.0,93.1,39.0,91.0,2342.0,6.6,718483,661388,642133,668930,680911,642715,592885,686894,605119,53.91,0.032,0.042,0.0,1.0,0.0,0.0,3.0,35,2,4-Seam Fastball,3,2,2,3,2,3,2,3,Standard,Standard,216.0,0.037,-0.306,,,,0.078,0.306,93.1,1,-1,0.633,0.367,27,26,27,27,2,1,6.0,1.0,5.0,1.0,1.29,0.57,-0.57,39.2,,,,,
CH,2023-04-21,86.3,-2.78,5.14,"Duran, Jarren",680776,642547,,ball,,,,,11.0,,R,L,R,MIL,BOS,B,,,0,0,2023,-1.35,0.22,-1.674379806452338,2.892917810760332,,,,0,5,Top,,,,,,,5.406216267321381,-125.38669192147056,0.5502866686461187,-15.325824780240389,29.86960814975253,-30.223595145515013,3.35190265880365,1.64962215170655,,,,85.9,1497.0,6.6,718483,661388,642133,668930,680911,642715,592885,686894,605119,53.95,,,,,,,,35,1,Changeup,3,2,2,3,2,3,2,3,Standard,Standard,247.0,-0.005,0.04,,,,,-0.04,,1,-1,0.638,0.362,27,26,27,27,2,1,6.0,1.0,5.0,1.0,2.89,1.35,-1.35,33.5,,,,,
CH,2023-04-21,88.7,-2.55,5.25,"Duran, Jarren",680776,642547,single,hit_into_play,,,,,9.0,Jarren Duran singles on a line drive to center fielder Joey Wiemer.,R,L,R,MIL,BOS,X,8.0,line_drive,0,1,2023,-1.52,0.49,0.3386246834646396,1.8062667786154156,,,,0,3,Top,123.18,81.64,,,,,10.264013048405712,-128.62358057155697,-3.288268504485926,-19.10219926799979,29.954333585262795,-26.202285921090706,3.54,1.74,236.0,96.6,11.0,88.4,1768.0,6.6,718483,661388,642133,668930,680911,642715,592885,686894,605119,53.91,0.874,0.834,0.9,1.0,1.0,0.0,4.0,15,2,Changeup,0,0,0,0,0,0,0,0,Standard,Standard,241.0,-0.045,0.474,,,,1.044,-0.474,96.6,0,0,0.504,0.496,27,26,27,27,1,0,6.0,1.0,5.0,1.0,2.46,1.52,-1.52,36.7,,,,,
CU,2023-04-21,74.7,-2.22,5.59,"Duran, Jarren",680776,642547,,swinging_strike,,,,,13.0,,R,L,R,MIL,BOS,S,,,0,0,2023,0.3,-0.39,-0.8392661072519582,1.6948824884580165,,,,0,3,Top,,,,,,,2.317925026202631,-108.69664770287136,-0.0708684014102953,1.897294825577018,21.255784722471493,-35.429521677347154,3.54,1.74,,,,74.6,2164.0,6.5,718483,661388,642133,668930,680911,642715,592885,686894,605119,54.03,,,,,,,,15,1,Curveball,0,0,0,0,0,0,0,0,Standard,Standard,67.0,0.004,-0.042,,,,,0.042,,0,0,0.5,0.5,27,26,27,27,1,0,6.0,1.0,5.0,1.0,4.51,-0.3,0.3,44.2,,,,,
FC,2023-04-21,87.9,-2.89,5.62,"Duran, Jarren",680776,669060,strikeout,swinging_strike,,,,,12.0,Jarren Duran strikes out swinging.,R,L,R,MIL,BOS,S,2.0,,0,2,2023,0.33,0.43,0.6287204945035606,3.826846095786614,,,,2,8,Top,,,,,,,7.884432422002687,-127.7814555911652,0.9332078814764512,1.8714333480357532,27.274907402415923,-27.957975991245085,3.54,1.74,,,,88.1,2284.0,6.5,718483,661388,642133,668930,680911,642715,592885,686894,605119,53.96,,0.0,0.0,1.0,0.0,0.0,,64,3,Cutter,3,5,5,3,5,3,5,3,Standard,Standard,160.0,0.004,-0.169,,,,,0.169,,-2,2,0.163,0.837,25,26,26,27,1,3,3.0,1.0,3.0,1.0,2.54,-0.33,0.33,43.2,,,,,
SI,2023-04-21,93.5,-2.9,5.64,"Duran, Jarren",680776,669060,,called_strike,,,,,7.0,,R,L,R,MIL,BOS,S,,,0,1,2023,-1.34,0.76,-0.7142851108480355,1.9646733763836224,,,,2,8,Top,,,,,,,8.598772875980176,-135.84299937210525,-5.374656944186649,-18.473004609918437,30.732691010766167,-21.71719750187698,3.30500126834627,1.66393828441113,,,,93.5,2125.0,6.5,718483,661388,642133,668930,680911,642715,592885,686894,605119,54.03,,,,,,,,64,2,Sinker,3,5,5,3,5,3,5,3,Standard,Standard,213.0,0.002,-0.061,,,,,0.061,,-2,2,0.161,0.839,25,26,26,27,1,3,3.0,1.0,3.0,1.0,1.86,1.34,-1.34,42.7,,,,,
CU,2023-04-21,78.3,-2.74,5.56,"Duran, Jarren",680776,669060,,called_strike,,,,,7.0,,R,L,R,MIL,BOS,S,,,0,0,2023,1.26,-0.71,-0.7622045420350247,1.9937230618949884,,,,2,8,Top,,,,,,,1.9550191298196888,-113.84236053517404,0.6488222068531888,10.314951300518928,25.3073997589118,-38.65163880128733,3.36128279533544,1.66393828441113,,,,77.9,2552.0,6.5,718483,661388,642133,668930,680911,642715,592885,686894,605119,54.0,,,,,,,,64,1,Curveball,3,5,5,3,5,3,5,3,Standard,Standard,46.0,0.001,-0.045,,,,,0.045,,-2,2,0.16,0.84,25,26,26,27,1,3,3.0,1.0,3.0,1.0,4.5,-1.26,1.26,45.1,,,,,
SI,2023-04-21,88.3,4.36,4.23,"Duran, Jarren",680776,571948,single,hit_into_play,,,,,14.0,"Jarren Duran singles on a line drive to shortstop Willy Adames, deflected by third baseman Owen Miller. Triston Casas scores. Rob Refsnyder to 2nd.",R,L,L,MIL,BOS,X,5.0,line_drive,1,1,2023,1.67,-0.04,0.93070223333779,2.073162620664071,671213.0,,608701.0,2,6,Top,105.94,156.71,,,,,-11.843018334284288,-127.97054046102878,1.0215201346833025,20.823752758263993,28.222477518536472,-33.154620702935745,3.54,1.74,127.0,100.4,5.0,88.2,1987.0,6.6,718483,661388,642133,668930,680911,642715,592885,686894,605119,53.91,0.582,0.557,0.9,1.0,1.0,0.0,4.0,48,3,Sinker,3,3,3,3,4,3,4,3,Standard,Standard,102.0,-0.157,0.607,,,,0.688,-0.607,100.4,0,0,0.504,0.496,32,26,32,27,1,2,3.0,1.0,1.0,1.0,3.01,1.67,1.67,-5.7,,,,,
SI,2023-04-21,88.9,4.34,4.22,"Duran, Jarren",680776,571948,,ball,,,,,14.0,,R,L,L,MIL,BOS,B,,,0,1,2023,1.63,-0.31,1.7336537512622627,2.552528194887279,671213.0,,608701.0,2,6,Top,,,,,,,-9.84857615010146,-128.9803199413552,2.7351167893949477,20.322501130503493,29.30161805947562,-36.55645184523341,3.43632547271512,1.69347354023064,,,,88.8,1966.0,6.6,718483,661388,642133,668930,680911,642715,592885,686894,605119,53.91,,,,,,,,48,2,Sinker,3,3,3,3,3,3,3,3,Standard,Standard,103.0,-0.007,0.039,,,,,-0.039,,0,0,0.511,0.489,32,26,32,27,1,2,3.0,1.0,1.0,1.0,3.24,1.63,1.63,-3.8,,,,,
ST,2023-04-21,79.6,4.32,4.2,"Duran, Jarren",680776,571948,,foul,,,,,8.0,,R,L,L,MIL,BOS,S,,,0,0,2023,-1.43,-0.3,0.2025523707266958,1.898497401067668,671213.0,,608701.0,2,6,Top,,,,,,,-6.407207326925154,-115.70229207398836,2.3688215530966854,-11.473300908988795,23.45963454527879,-35.55093267374888,3.54,1.74,287.0,91.7,22.0,80.0,1900.0,6.8,718483,661388,642133,668930,680911,642715,592885,686894,605119,53.69,,,,,,,,48,1,Sweeper,3,3,3,3,3,3,3,3,Standard,Standard,302.0,0.011,-0.052,,,,,0.052,91.7,0,0,0.5,0.5,32,26,32,27,1,2,3.0,1.0,1.0,1.0,3.93,-1.43,-1.43,-3.4,,,,,
FS,2023-04-20,83.7,-2.47,5.62,"Duran, Jarren",680776,628317,field_out,hit_into_play,,,,,8.0,"Jarren Duran lines out, pitcher Kenta Maeda to first baseman Joey Gallo.",R,L,R,BOS,MIN,X,1.0,line_drive,1,1,2023,-0.89,-0.08,-0.1356593531137443,2.0058328510851395,,671213.0,,2,2,Bot,127.91,180.91,,,,,7.095166098882025,-121.76641790809362,-1.8354010368406888,-10.195321618275484,21.25838514127995,-32.82027757374063,3.54,1.73,71.0,111.6,2.0,83.5,1465.0,5.9,718497,543877,608336,666397,650489,621043,663616,624503,596146,54.59,0.608,0.574,0.0,1.0,0.0,0.0,4.0,15,3,Split-Finger,1,0,1,0,0,1,1,0,Standard,Strategic,254.0,-0.028,-0.269,,,,0.698,0.269,111.6,1,1,0.64,0.64,35,26,35,27,1,0,10.0,1.0,6.0,1.0,3.3,0.89,-0.89,42.9,,,,,
FF,2023-04-20,89.6,-2.61,5.68,"Duran, Jarren",680776,628317,,ball,,,,,11.0,,R,L,R,BOS,MIN,B,,,0,1,2023,-0.4,1.38,-1.8693169230201137,6.221310645659569,,,671213.0,2,2,Bot,,,,,,,2.6415074706925963,-130.3826761141629,4.3600108385582415,-5.1697448633745635,27.204450376484864,-17.58647914450756,3.61819944975981,1.72966731040684,,,,88.7,2200.0,5.7,718497,543877,608336,666397,650489,621043,663616,624503,596146,54.78,,,,,,,,15,2,4-Seam Fastball,1,0,1,0,0,1,1,0,Standard,Standard,208.0,0.011,0.025,,,,,-0.025,,1,1,0.629,0.629,35,26,35,27,1,0,10.0,1.0,6.0,1.0,1.46,0.4,-0.4,37.1,,,,,
FS,2023-04-20,83.9,-2.44,5.63,"Duran, Jarren",680776,628317,,foul,,,,,8.0,,R,L,R,BOS,MIN,S,,,0,0,2023,-1.1,0.01,0.2079922265300215,2.2929235994786823,,,671213.0,2,2,Bot,,,,,,,8.239567919697548,-122.0008434118286,-1.3706256482858885,-12.568076680640267,21.760677060780143,-32.03523500141243,3.54,1.73,214.0,72.9,45.0,83.7,1397.0,6.0,718497,543877,608336,666397,650489,621043,663616,624503,596146,54.5,,,,,,,,15,1,Split-Finger,1,0,1,0,0,1,1,0,Infield shade,Standard,253.0,-0.003,-0.045,,,,,0.045,88.0,1,1,0.632,0.632,35,26,35,27,1,0,10.0,1.0,6.0,1.0,3.21,1.1,-1.1,38.8,,,,,
FS,2023-04-20,85.3,-1.95,5.28,"Duran, Jarren",680776,641941,double,hit_into_play,,,,,4.0,Jarren Duran doubles (4) on a fly ball to center fielder Nick Gordon. Triston Casas scores. Connor Wong scores.,R,L,R,BOS,MIN,X,8.0,fly_ball,3,2,2023,-1.13,0.58,-0.2868933687035062,2.477944478777685,671213.0,,657136.0,2,3,Bot,142.13,56.8,,,,,6.276986793990711,-124.14787938882822,-1.5084864110302885,-12.879669003248017,23.70466164964819,-26.02142045688851,3.54,1.73,393.0,104.1,22.0,86.9,1136.0,7.2,718497,543877,608336,666397,650489,621043,663616,624503,596146,53.34,0.65,1.14465,1.25,1.0,1.0,1.0,6.0,27,6,Split-Finger,5,0,5,0,0,7,7,0,Standard,Standard,225.0,0.04,0.836,,,,2.182,-0.836,104.1,5,5,0.933,0.933,32,26,32,27,1,1,4.0,1.0,6.0,1.0,2.54,1.13,-1.13,42.9,,,,,
FF,2023-04-20,94.8,-2.04,5.35,"Duran, Jarren",680776,641941,,foul,,,,,8.0,,R,L,R,BOS,MIN,S,,,3,1,2023,-0.48,1.77,0.2102250693139625,2.203356727932344,671213.0,,657136.0,2,3,Bot,,,,,,,7.039563157046396,-137.77531056900102,-6.566141606779009,-7.739788444906102,31.28214257154825,-8.321345390398646,3.54,1.73,229.0,73.3,49.0,95.9,2701.0,7.0,718497,543877,608336,666397,650489,621043,663616,624503,596146,53.48,,,,,,,,27,5,4-Seam Fastball,5,0,5,0,0,5,5,0,Standard,Strategic,208.0,-0.001,-0.063,,,,,0.063,88.0,5,5,0.934,0.934,32,26,32,27,1,1,4.0,1.0,6.0,1.0,0.77,0.48,-0.48,39.8,,,,,
FF,2023-04-20,93.0,-1.88,5.26,"Duran, Jarren",680776,641941,,called_strike,,,,,9.0,,R,L,R,BOS,MIN,S,,,3,0,2023,-0.66,1.65,0.4641216787750486,2.066799859376147,671213.0,,657136.0,2,3,Bot,,,,,,,7.540026787566394,-135.1136531281236,-6.058593481172372,-9.772103886950928,30.141569115823575,-10.858989150809036,3.67835213275085,1.80330633208888,,,,93.7,2579.0,6.9,718497,543877,608336,666397,650489,621043,663616,624503,596146,53.64,,,,,,,,27,4,4-Seam Fastball,5,0,5,0,0,5,5,0,Standard,Standard,204.0,-0.001,-0.061,,,,,0.061,,5,5,0.935,0.935,32,26,32,27,1,1,4.0,1.0,6.0,1.0,1.0,0.66,-0.66,40.5,,,,,
FS,2023-04-20,84.9,-1.88,5.27,"Duran, Jarren",680776,641941,,blocked_ball,,,,,13.0,,R,L,R,BOS,MIN,B,,,2,0,2023,-1.28,0.14,-0.6089365640430855,0.1792485543573634,671213.0,,657136.0,2,3,Bot,,,,,,,5.605530261630768,-123.52369321048492,-6.020813956483427,-14.200622095438984,20.72293992988463,-29.884234684967204,3.55805828663393,1.72966731040684,,,,86.5,1353.0,6.9,718497,543877,608336,666397,650489,621043,663616,624503,596146,53.56,,,,,,,,27,3,Split-Finger,5,0,5,0,0,5,5,0,Standard,Standard,223.0,0.002,0.057,,,,,-0.057,,5,5,0.933,0.933,32,26,32,27,1,1,4.0,1.0,6.0,1.0,2.98,1.28,-1.28,38.9,,,,,
FF,2023-04-20,95.5,-2.04,5.41,"Duran, Jarren",680776,641941,,ball,,,,,12.0,,R,L,R,BOS,MIN,B,,,1,0,2023,-0.41,1.48,0.5345888888434376,4.129168006324439,671213.0,,657136.0,2,3,Bot,,,,,,,7.776086080478644,-139.01362892308154,-1.1465599673929894,-6.870693659357234,27.607079168947752,-12.73309957094114,3.52799207610625,1.72966731040684,,,,96.9,2643.0,6.8,718497,543877,608336,666397,650489,621043,663616,624503,596146,53.69,,,,,,,,27,2,4-Seam Fastball,5,0,5,0,0,5,5,0,Standard,Standard,200.0,0.0,0.042,,,,,-0.042,,5,5,0.933,0.933,32,26,32,27,1,1,4.0,1.0,6.0,1.0,0.99,0.41,-0.41,39.1,,,,,
FF,2023-04-20,93.5,-1.88,5.35,"Duran, Jarren",680776,641941,,ball,,,,,12.0,,R,L,R,BOS,MIN,B,,,0,0,2023,-0.51,1.47,1.3604797725513669,3.047720165114293,671213.0,,657136.0,2,3,Bot,,,,,,,9.535136692174408,-135.87318783809206,-3.4609652146417647,-8.301275886927664,27.864229249312967,-13.331204633399508,3.61819944975981,1.72966731040684,,,,94.4,2635.0,6.7,718497,543877,608336,666397,650489,621043,663616,624503,596146,53.78,,,,,,,,27,1,4-Seam Fastball,5,0,5,0,0,5,5,0,Standard,Standard,203.0,0.001,0.042,,,,,-0.042,,5,5,0.932,0.932,32,26,32,27,1,1,4.0,1.0,6.0,1.0,1.13,0.51,-0.51,41.1,,,,,
FF,2023-04-20,92.7,0.84,5.75,"Duran, Jarren",680776,663558,walk,ball,,,,,13.0,Jarren Duran walks.,R,L,L,BOS,MIN,B,,,3,2,2023,0.45,1.59,-0.9238965221304732,1.435988953329474,,571771.0,,2,7,Bot,,,,,,,-5.52905133054822,-134.74244010181602,-8.786611161297305,6.597366388191216,27.593133427859595,-11.138510380255134,3.55699782710465,1.72845009937343,,,,93.7,2326.0,6.8,718497,543877,608336,666397,456781,650489,663616,624503,596146,53.67,,0.695903,0.7,1.0,0.0,0.0,,63,6,4-Seam Fastball,10,3,10,3,3,10,10,3,Infield shade,Strategic,167.0,0.0,0.162,,,,,-0.162,,7,7,0.997,0.997,26,26,26,27,1,3,2.0,1.0,4.0,1.0,1.06,0.45,0.45,55.1,,,,,
FF,2023-04-20,93.0,1.11,5.66,"Duran, Jarren",680776,663558,,called_strike,,,,,7.0,,R,L,L,BOS,MIN,S,,,3,1,2023,0.46,1.48,-0.2895521562301738,1.9697349203866217,,571771.0,,2,7,Bot,,,,,,,-4.654526209838684,-135.25946728369183,-7.010548651091581,6.6849008690772,27.5455355325,-12.652954591747244,3.53864145874707,1.72845009937343,,,,94.1,2297.0,6.8,718497,543877,608336,666397,456781,650489,663616,624503,596146,53.69,,,,,,,,63,5,4-Seam Fastball,10,3,10,3,3,10,10,3,Infield shade,Strategic,162.0,0.0,-0.087,,,,,0.087,,7,7,0.997,0.997,26,26,26,27,1,3,2.0,1.0,4.0,1.0,1.14,0.46,0.46,52.4,,,,,
FF,2023-04-20,92.2,1.13,5.63,"Duran, Jarren",680776,663558,,blocked_ball,,,,,13.0,,R,L,L,BOS,MIN,B,,,2,1,2023,0.24,1.72,-1.2108289216837198,0.6177977825706532,,571771.0,,2,7,Bot,,,,,,,-6.532821443613871,-133.73172448549383,-10.681821135834602,4.372336321319202,31.43447671243898,-9.290865346727566,3.52692783958584,1.72845009937343,,,,92.7,2174.0,6.9,718497,543877,608336,666397,456781,650489,663616,624503,596146,53.56,,,,,,,,63,4,4-Seam Fastball,10,3,10,3,3,10,10,3,Infield shade,Standard,95.0,0.0,0.069,,,,,-0.069,,7,7,0.997,0.997,26,26,26,27,1,3,2.0,1.0,4.0,1.0,0.99,0.24,0.24,50.0,,,,,
FF,2023-04-20,92.3,1.01,5.62,"Duran, Jarren",680776,663558,,ball,,,,,13.0,,R,L,L,BOS,MIN,B,,,1,1,2023,0.24,1.55,-0.6929559098540145,1.0502955212397298,,571771.0,,2,7,Bot,,,,,,,-4.897566753286127,-133.96419130106227,-9.18873688249289,4.021513855599008,31.35304283649342,-11.664792137284376,3.49686081740776,1.72845009937343,,,,92.8,2289.0,6.9,718497,543877,608336,666397,456781,650489,663616,624503,596146,53.6,,,,,,,,63,3,4-Seam Fastball,10,3,10,3,3,10,10,3,Standard,Standard,173.0,0.0,0.021,,,,,-0.021,,7,7,0.997,0.997,26,26,26,27,1,3,2.0,1.0,4.0,1.0,1.16,0.24,0.24,56.4,,,,,
FF,2023-04-20,93.2,0.91,5.67,"Duran, Jarren",680776,663558,,ball,,,,,14.0,,R,L,L,BOS,MIN,B,,,0,1,2023,0.35,1.4,1.6916329127362442,1.4550286501988134,,571771.0,,2,7,Bot,,,,,,,1.2659001651315616,-135.5714515668631,-8.218988445920116,4.052135649238021,28.219890632278933,-13.359747822682646,3.46679678005066,1.72845009937343,,,,94.3,2262.0,6.8,718497,543877,608336,666397,456781,650489,663616,624503,596146,53.68,,,,,,,,63,2,4-Seam Fastball,10,3,10,3,3,10,10,3,Standard,Standard,168.0,0.0,0.02,,,,,-0.02,,7,7,0.997,0.997,26,26,26,27,1,3,2.0,1.0,4.0,1.0,1.22,0.35,0.35,54.1,,,,,
FF,2023-04-20,92.6,1.0,5.67,"Duran, Jarren",680776,663558,,called_strike,,,,,6.0,,R,L,L,BOS,MIN,S,,,0,0,2023,-0.11,1.6,0.5699364019333282,2.881855045740698,,571771.0,,2,7,Bot,,,,,,,-0.8794027579225252,-134.96558192800146,-4.908649893803517,-1.165034130883985,27.376881614954748,-11.679319532031972,3.53864145874707,1.68244630276453,,,,93.8,2193.0,6.8,718497,543877,608336,666397,456781,650489,663616,624503,596146,53.72,,,,,,,,63,1,4-Seam Fastball,10,3,10,3,3,10,10,3,Standard,Standard,165.0,0.0,-0.046,,,,,0.046,,7,7,0.997,0.997,26,26,26,27,1,3,2.0,1.0,4.0,1.0,1.03,-0.11,-0.11,55.6,,,,,
CH,2023-04-20,86.9,-2.4,6.43,"Duran, Jarren",680776,660896,sac_fly,hit_into_play,,,,,5.0,Jarren Duran out on a sacrifice fly to center fielder Nick Gordon. Enrique Hernandez scores.,R,L,R,BOS,MIN,X,8.0,fly_ball,0,0,2023,-1.32,1.49,0.0197112102150858,2.8954017430868415,571771.0,,671213.0,1,5,Bot,127.98,42.55,,,,,8.367524948812427,-126.30888864724014,-5.279390748161948,-15.84855327573318,24.897245831257624,-15.292908781687292,3.54,1.73,387.0,106.2,34.0,85.8,2554.0,5.6,718497,543877,608336,666397,650489,621043,663616,624503,596146,54.94,,1.5405238095238094,0.0,1.0,0.0,0.0,6.0,46,1,Changeup,7,1,7,1,1,8,8,1,Standard,Standard,227.0,0.002,-0.139,,,,,0.139,106.2,6,6,0.984,0.984,27,26,28,27,1,2,5.0,1.0,16.0,1.0,1.53,1.32,-1.32,45.3,,,,,
FF,2023-04-19,91.3,-2.41,4.83,"Duran, Jarren",680776,657746,double,hit_into_play,,,,,5.0,Jarren Duran doubles (3) on a sharp line drive to center fielder Michael A. Taylor.,R,L,R,BOS,MIN,X,8.0,line_drive,3,1,2023,-0.81,1.13,0.0017412396675161,2.946385560484517,,,,0,5,Bot,147.71,81.31,,,,,7.843975729422013,-132.75295436207543,-1.2915211788899628,-11.268365440846118,27.70802674984977,-18.75850254029504,3.54,1.73,229.0,103.1,12.0,91.7,2240.0,6.5,718505,680777,608336,666397,669304,621043,663616,572191,596146,54.01,0.953,0.957,1.25,1.0,1.0,1.0,4.0,43,5,4-Seam Fastball,1,7,1,7,7,1,1,7,Infield shade,Standard,222.0,0.017,0.529,,,,1.254,-0.529,103.1,-6,-6,0.052,0.052,27,26,27,27,2,1,6.0,1.0,6.0,1.0,1.61,0.81,-0.81,30.0,,,,,
FF,2023-04-19,91.1,-2.48,4.85,"Duran, Jarren",680776,657746,,called_strike,,,,,5.0,,R,L,R,BOS,MIN,S,,,3,0,2023,-0.98,1.22,-0.191056584015122,2.882009261462159,,,,0,5,Bot,,,,,,,7.854004440338212,-132.5025798421382,-1.6301248941030586,-13.246545888649123,29.154915708408797,-17.70405396995529,3.64774748078911,1.80269851436316,,,,91.0,2285.0,6.3,718505,680777,608336,666397,669304,621043,663616,572191,596146,54.16,,,,,,,,43,4,4-Seam Fastball,1,7,1,7,7,1,1,7,Infield shade,Standard,222.0,-0.003,-0.086,,,,,0.086,,-6,-6,0.055,0.055,27,26,27,27,2,1,6.0,1.0,6.0,1.0,1.54,0.98,-0.98,28.1,,,,,
FF,2023-04-19,91.7,-2.62,4.81,"Duran, Jarren",680776,657746,,ball,,,,,13.0,,R,L,R,BOS,MIN,B,,,2,0,2023,-0.92,1.08,-1.305147963546053,2.464420174869331,,,,0,5,Bot,,,,,,,5.319727442006582,-133.506790050099,-2.4097984768303524,-12.168739420070796,28.864885807017014,-18.92913252005821,3.53917042791598,1.712960062545,,,,91.9,2184.0,6.4,718505,680777,608336,666397,669304,621043,663616,572191,596146,54.13,,,,,,,,43,3,4-Seam Fastball,1,7,1,7,7,1,1,7,Infield shade,Standard,222.0,0.005,0.151,,,,,-0.151,,-6,-6,0.05,0.05,27,26,27,27,2,1,6.0,1.0,6.0,1.0,1.63,0.92,-0.92,28.6,,,,,
FF,2023-04-19,90.6,-2.59,4.81,"Duran, Jarren",680776,657746,,ball,,,,,13.0,,R,L,R,BOS,MIN,B,,,1,0,2023,-0.99,1.07,-0.9420548875184436,1.1744431047875004,,,,0,5,Bot,,,,,,,6.236452203353049,-131.7505147105893,-5.453192810373897,-12.813098573503158,26.61511886218703,-18.77919426849627,3.52745754049509,1.712960062545,,,,91.0,2167.0,6.5,718505,680777,608336,666397,669304,621043,663616,572191,596146,54.04,,,,,,,,43,2,4-Seam Fastball,1,7,1,7,7,1,1,7,Infield shade,Standard,227.0,0.003,0.071,,,,,-0.071,,-6,-6,0.047,0.047,27,26,27,27,2,1,6.0,1.0,6.0,1.0,1.7,0.99,-0.99,22.5,,,,,
FS,2023-04-19,81.7,-2.49,4.9,"Duran, Jarren",680776,657746,,ball,,,,,14.0,,R,L,R,BOS,MIN,B,,,0,0,2023,-1.34,0.26,0.1066876410423978,0.5761627082981016,,,,0,5,Bot,,,,,,,8.430935547116603,-118.75488121893804,-3.695324486906451,-14.247312392809542,20.623930556732383,-29.260364839334827,3.10682261923387,1.59335890181018,,,,82.1,1248.0,6.4,718505,680777,608336,666397,669304,621043,663616,572191,596146,54.1,,,,,,,,43,1,Split-Finger,1,7,1,7,7,1,1,7,Infield shade,Standard,254.0,0.002,0.04,,,,,-0.04,,-6,-6,0.045,0.045,27,26,27,27,2,1,6.0,1.0,6.0,1.0,3.14,1.34,-1.34,23.0,,,,,
FF,2023-04-19,91.0,1.74,6.3,"Duran, Jarren",680776,687396,sac_fly,hit_into_play,,,,,1.0,Jarren Duran out on a sacrifice fly to center fielder Michael A. Taylor. Enrique Hernandez scores.,R,L,L,BOS,MIN,X,8.0,fly_ball,3,1,2023,0.55,1.5,-0.3628242132181999,3.2484825330249665,571771.0,624512.0,671213.0,0,9,Bot,107.62,59.2,,,,,-6.484114029210953,-132.26034987320767,-4.957056303810392,7.88256525049272,28.988885026000844,-13.740884771275708,3.54,1.73,349.0,94.2,29.0,91.3,2260.0,6.6,718505,680777,608336,666397,669304,650489,624503,572191,596146,53.89,,0.286,0.0,1.0,0.0,0.0,3.0,78,5,4-Seam Fastball,3,10,3,10,10,4,4,10,Standard,Strategic,144.0,-0.024,-0.292,,,,,0.292,94.2,-7,-7,0.031,0.031,25,26,26,27,2,3,,1.0,3.0,1.0,1.27,0.55,0.55,36.8,,,,,
FF,2023-04-19,90.1,1.81,6.21,"Duran, Jarren",680776,687396,,called_strike,,,,,5.0,,R,L,L,BOS,MIN,S,,,3,0,2023,0.94,1.69,0.0091557578836427,2.7626484506172124,571771.0,624512.0,671213.0,0,9,Bot,,,,,,,-6.505050069860194,-130.88104253964073,-6.153316664697429,12.253194137184304,29.26374763434237,-11.65976735113584,3.64827436164212,1.83322487614009,,,,90.1,2268.0,6.5,718505,680777,608336,666397,669304,650489,624503,572191,596146,53.97,,,,,,,,78,4,4-Seam Fastball,3,10,3,10,10,3,3,10,Standard,Strategic,144.0,-0.006,-0.087,,,,,0.087,,-7,-7,0.037,0.037,25,26,26,27,2,3,,1.0,3.0,1.0,1.14,0.94,0.94,32.9,,,,,
FF,2023-04-19,91.0,1.84,6.21,"Duran, Jarren",680776,687396,,ball,,,,,14.0,,R,L,L,BOS,MIN,B,,,2,0,2023,0.94,1.57,1.4351378623200517,2.139084427530623,571771.0,624512.0,671213.0,0,9,Bot,,,,,,,-3.0508276766995106,-132.31532971152996,-7.676673611362435,11.740932679630877,29.893336050368553,-12.2409979008389,3.67835213275085,1.86314695781777,,,,91.1,2256.0,6.5,718505,680777,608336,666397,669304,650489,624503,572191,596146,53.95,,,,,,,,78,3,4-Seam Fastball,3,10,3,10,10,3,3,10,Standard,Strategic,138.0,0.008,0.103,,,,,-0.103,,-7,-7,0.029,0.029,25,26,26,27,2,3,,1.0,3.0,1.0,1.2,0.94,0.94,34.8,,,,,
FF,2023-04-19,90.6,1.88,6.22,"Duran, Jarren",680776,687396,,ball,,,,,11.0,,R,L,L,BOS,MIN,B,,,1,0,2023,0.8,1.6,-0.9124658945891494,3.542043561735176,571771.0,624512.0,671213.0,0,9,Bot,,,,,,,-8.734468215957925,-131.5741452000975,-4.153124152475835,11.233829082332148,28.966021121421303,-12.873977454250362,3.61819944975981,1.71357200269858,,,,90.8,2245.0,6.6,718505,680777,608336,666397,669304,650489,624503,572191,596146,53.87,,,,,,,,78,2,4-Seam Fastball,3,10,3,10,10,3,3,10,Standard,Strategic,140.0,0.005,0.076,,,,,-0.076,,-7,-7,0.024,0.024,25,26,26,27,2,3,,1.0,3.0,1.0,1.19,0.8,0.8,35.6,,,,,
FF,2023-04-19,90.7,1.96,6.27,"Duran, Jarren",680776,687396,,ball,,,,,12.0,,R,L,L,BOS,MIN,B,,,0,0,2023,0.89,1.59,1.4524238733310542,2.946586363700931,571771.0,624512.0,671213.0,0,9,Bot,,,,,,,-3.1968839680565213,-131.94858106563098,-5.783313923761945,11.121738055932902,28.35090490158819,-12.594264008575331,3.64827436164212,1.77339133348291,,,,91.0,2243.0,6.5,718505,680777,608336,666397,669304,650489,624503,572191,596146,54.0,,,,,,,,78,1,4-Seam Fastball,3,10,3,10,10,3,3,10,Standard,Strategic,139.0,0.003,0.037,,,,,-0.037,,-7,-7,0.021,0.021,25,26,26,27,2,3,,1.0,3.0,1.0,1.19,0.89,0.89,35.6,,,,,
FF,2023-04-19,94.0,-2.53,4.82,"Duran, Jarren",680776,657746,strikeout,swinging_strike,,,,,3.0,Jarren Duran strikes out swinging.,R,L,R,BOS,MIN,S,2.0,,1,2,2023,-0.91,1.33,0.5325025566645345,3.271991618489171,,,671213.0,0,3,Bot,,,,,,,9.976306269753058,-136.526421920833,-1.2092050005193684,-13.549948206696916,29.891274394853244,-15.521163730274294,3.54,1.73,,,,94.2,2320.0,6.5,718505,680777,608336,666397,669304,621043,663616,572191,596146,54.02,,0.0,0.0,1.0,0.0,0.0,,26,4,4-Seam Fastball,0,7,0,7,7,0,0,7,Infield shade,Standard,224.0,-0.01,-0.165,,,,,0.165,,-7,-7,0.056,0.056,27,26,27,27,1,0,6.0,1.0,6.0,1.0,1.26,0.91,-0.91,24.4,,,,,
FF,2023-04-19,93.2,-2.57,4.85,"Duran, Jarren",680776,657746,,called_strike,,,,,11.0,,R,L,R,BOS,MIN,S,,,1,1,2023,-1.21,1.29,-0.923718074179626,2.8135029000710525,,,671213.0,0,3,Bot,,,,,,,6.882360737630416,-135.5759316640151,-2.2988521772995663,-16.376894786201397,29.572119529414607,-16.00900202216923,3.61684826314395,1.76281094796806,,,,93.3,2382.0,6.4,718505,680777,608336,666397,669304,621043,663616,572191,596146,54.13,,,,,,,,26,3,4-Seam Fastball,0,7,0,7,7,0,0,7,Infield shade,Strategic,220.0,-0.003,-0.059,,,,,0.059,,-7,-7,0.059,0.059,27,26,27,27,1,0,6.0,1.0,6.0,1.0,1.34,1.21,-1.21,28.3,,,,,
FF,2023-04-19,90.4,-2.54,4.89,"Duran, Jarren",680776,657746,,foul,,,,,5.0,,R,L,R,BOS,MIN,S,,,1,0,2023,-1.21,1.17,0.0846114408480447,2.3502134484095345,,,671213.0,0,3,Bot,,,,,,,9.113651736883186,-131.35276870641007,-2.8567409109447457,-15.91631590136124,28.345590419071772,-18.178589353272272,3.54,1.73,70.0,77.3,11.0,90.4,2205.0,6.4,718505,680777,608336,666397,669304,621043,663616,572191,596146,54.06,,,,,,,,26,2,4-Seam Fastball,0,7,0,7,7,0,0,7,Infield shade,Strategic,225.0,-0.003,-0.042,,,,,0.042,88.0,-7,-7,0.062,0.062,27,26,27,27,1,0,6.0,1.0,6.0,1.0,1.63,1.21,-1.21,30.8,,,,,
FF,2023-04-19,91.6,-2.57,4.87,"Duran, Jarren",680776,657746,,ball,,,,,12.0,,R,L,R,BOS,MIN,B,,,0,0,2023,-1.19,1.11,0.340200694712389,3.7428892507079374,,,671213.0,0,3,Bot,,,,,,,9.926631567313516,-133.0139357427103,0.6721486204805407,-16.305126602331462,29.071583598628692,-19.436763690263984,3.58759668453724,1.68305438992953,,,,91.6,2243.0,6.4,718505,680777,608336,666397,669304,621043,663616,572191,596146,54.05,,,,,,,,26,1,4-Seam Fastball,0,7,0,7,7,0,0,7,Infield shade,Strategic,225.0,0.002,0.03,,,,,-0.03,,-7,-7,0.06,0.06,27,26,27,27,1,0,6.0,1.0,6.0,1.0,1.63,1.19,-1.19,27.5,,,,,
FF,2023-04-19,92.9,1.65,6.35,"Duran, Jarren",680776,687396,field_out,hit_into_play,,,,,12.0,Jarren Duran pops out to third baseman Jose Miranda.,R,L,L,BOS,MIN,X,5.0,popup,2,2,2023,0.8,1.63,0.8368371362075275,3.224090740312532,,,,0,7,Bot,113.7,178.36,,,,,-3.867740291579384,-135.22980829486744,-5.83808147435498,10.681404492239386,29.70632887181831,-11.049909154478158,3.54,1.73,78.0,74.0,73.0,93.4,2304.0,6.6,718505,680777,608336,666397,669304,621043,663616,572191,596146,53.93,0.001,0.0,0.0,1.0,0.0,0.0,3.0,62,7,4-Seam Fastball,3,10,3,10,10,3,3,10,Infield shade,Standard,141.0,-0.003,-0.239,,,,0.001,0.239,88.0,-7,-7,0.01,0.01,25,26,26,27,1,2,,1.0,3.0,1.0,1.01,0.8,0.8,36.6,,,,,
FF,2023-04-19,94.2,1.55,6.38,"Duran, Jarren",680776,687396,,foul,,,,,5.0,,R,L,L,BOS,MIN,S,,,2,2,2023,0.84,1.6,0.0509336573097451,2.913710778554015,,,,0,7,Bot,,,,,,,-5.792367698738738,-137.0192903636849,-6.892016506530158,11.895750886353175,29.34870596454291,-10.696008021889034,3.54,1.73,230.0,82.1,52.0,94.8,2465.0,6.6,718505,680777,608336,666397,669304,621043,663616,572191,596146,53.9,,,,,,,,62,6,4-Seam Fastball,3,10,3,10,10,3,3,10,Infield shade,Strategic,148.0,0.0,0.0,,,,,0.0,88.0,-7,-7,0.01,0.01,25,26,26,27,1,2,,1.0,3.0,1.0,0.97,0.84,0.84,37.2,,,,,
SL,2023-04-19,82.0,1.68,6.24,"Duran, Jarren",680776,687396,,ball,,,,,13.0,,R,L,L,BOS,MIN,B,,,1,2,2023,-0.14,0.24,-0.9549635914294996,0.580617608163629,,,,0,7,Bot,,,,,,,-5.66403709471144,-119.08302369117617,-6.614743286150851,-0.180232714504322,24.534830342517655,-28.77399731043439,3.58812741791731,1.77339133348291,,,,81.7,2018.0,6.3,718505,680777,608336,666397,669304,621043,663616,572191,596146,54.16,,,,,,,,62,5,Slider,3,10,3,10,10,3,3,10,Infield shade,Standard,268.0,0.0,0.046,,,,,-0.046,,-7,-7,0.01,0.01,25,26,26,27,1,2,,1.0,3.0,1.0,3.19,-0.14,-0.14,35.2,,,,,
FF,2023-04-19,94.1,1.68,6.4,"Duran, Jarren",680776,687396,,foul,,,,,3.0,,R,L,L,BOS,MIN,S,,,1,2,2023,0.73,1.74,0.5913095303257611,3.440559973873002,,,,0,7,Bot,,,,,,,-4.455720050562387,-136.83483802967055,-5.798100759712727,10.210806130129752,31.669045770214748,-9.30246877388446,3.54,1.73,190.0,69.5,49.0,94.2,2534.0,6.5,718505,680777,608336,666397,669304,621043,663616,572191,596146,53.98,,,,,,,,62,4,4-Seam Fastball,3,10,3,10,10,3,3,10,Infield shade,Standard,146.0,0.0,0.0,,,,,0.0,88.0,-7,-7,0.01,0.01,25,26,26,27,1,2,,1.0,3.0,1.0,0.85,0.73,0.73,37.0,,,,,
SL,2023-04-19,81.6,1.65,6.23,"Duran, Jarren",680776,687396,,ball,,,,,13.0,,R,L,L,BOS,MIN,B,,,0,2,2023,-0.16,0.25,-2.883647225017604,-2.359051334769823,,,,0,7,Bot,,,,,,,-9.886478868455535,-117.84031498003304,-13.0412875726602,0.6334867157367058,24.79421978547482,-27.20989058105471,3.67835213275085,1.77339133348291,,,,81.1,2153.0,6.6,718505,680777,608336,666397,669304,621043,663616,572191,596146,53.88,,,,,,,,62,3,Slider,3,10,3,10,10,3,3,10,Infield shade,Standard,287.0,0.001,0.024,,,,,-0.024,,-7,-7,0.009,0.009,25,26,26,27,1,2,,1.0,3.0,1.0,3.26,-0.16,-0.16,35.4,,,,,
FF,2023-04-19,94.0,1.6,6.35,"Duran, Jarren",680776,687396,,called_strike,,,,,7.0,,R,L,L,BOS,MIN,S,,,0,1,2023,0.78,1.47,-0.3861984005937703,1.7600923695623534,,,,0,7,Bot,,,,,,,-6.890283220085651,-136.41012386214737,-9.435687451984604,11.2856592690476,29.614400021232814,-11.923941849282206,3.34765724172192,1.68366768499801,,,,94.2,2372.0,6.5,718505,680777,608336,666397,669304,621043,663616,572191,596146,53.96,,,,,,,,62,2,4-Seam Fastball,3,10,3,10,10,3,3,10,Infield shade,Strategic,144.0,-0.001,-0.054,,,,,0.054,,-7,-7,0.01,0.01,25,26,26,27,1,2,,1.0,3.0,1.0,1.12,0.78,0.78,37.7,,,,,
FF,2023-04-19,92.2,1.68,6.38,"Duran, Jarren",680776,687396,,called_strike,,,,,4.0,,R,L,L,BOS,MIN,S,,,0,0,2023,0.83,1.62,-0.6689151758400893,2.3855517862250206,,,,0,7,Bot,,,,,,,-7.8179038784494335,-133.84783069726572,-7.883660336267749,11.669255174837328,28.19157962103582,-11.184694456408756,3.40775683490777,1.71357200269858,,,,92.7,2335.0,6.7,718505,680777,608336,666397,669304,621043,663616,572191,596146,53.82,,,,,,,,62,1,4-Seam Fastball,3,10,3,10,10,3,3,10,Infield shade,Strategic,143.0,-0.001,-0.042,,,,,0.042,,-7,-7,0.011,0.011,25,26,26,27,1,2,,1.0,3.0,1.0,1.07,0.83,0.83,36.9,,,,,
FC,2023-04-18,90.1,-1.01,5.36,"Duran, Jarren",680776,543243,field_out,hit_into_play,,,,,8.0,"Jarren Duran grounds out, shortstop Carlos Correa to first baseman Donovan Solano. Connor Wong to 3rd.",R,L,R,BOS,MIN,X,6.0,ground_ball,1,1,2023,0.0,0.45,0.2066832948720406,1.851034957061747,,657136.0,,0,4,Bot,136.41,149.08,,,,,3.0639687693792768,-131.23436526252644,-3.7541332029236782,-0.632101182458011,26.904252494811946,-26.434920967496755,3.56,1.72,4.0,103.2,-26.0,91.2,2460.0,6.9,718524,543877,456781,650489,669304,621043,664247,572191,596146,53.64,0.156,0.142,0.0,1.0,0.0,0.0,2.0,32,3,Cutter,1,0,1,0,0,1,1,0,Standard,Standard,178.0,-0.006,-0.189,,,,0.181,0.189,103.2,1,1,0.741,0.741,33,26,34,27,2,1,6.0,1.0,6.0,1.0,2.35,0.0,0.0,46.3,,,,,
CH,2023-04-18,86.5,-1.17,5.25,"Duran, Jarren",680776,543243,,called_strike,,,,,11.0,,R,L,R,BOS,MIN,S,,,1,0,2023,-1.47,0.06,-0.9105348249956084,2.758523597009338,,657136.0,,0,4,Bot,,,,,,,3.6550921258097273,-125.88625548657434,0.1697592199840329,-16.326390023429116,26.494432396986305,-31.783041182329317,3.55917191547693,1.74896514740424,,,,87.1,1674.0,6.7,718524,543877,456781,650489,669304,621043,664247,572191,596146,53.79,,,,,,,,32,2,Changeup,1,0,1,0,0,1,1,0,Strategic,Standard,236.0,-0.004,-0.061,,,,,0.061,,1,1,0.745,0.745,33,26,34,27,2,1,6.0,1.0,6.0,1.0,2.99,1.47,-1.47,43.5,,,,,
CH,2023-04-18,86.9,-1.14,5.21,"Duran, Jarren",680776,543243,,ball,,,,,14.0,,R,L,R,BOS,MIN,B,,,0,0,2023,-1.51,0.17,1.467787053560749,1.5898681004420894,,657136.0,,0,4,Bot,,,,,,,9.40441007660896,-126.1855511252286,-2.847118528964716,-18.00386947127622,25.387408679559407,-29.930514521617535,3.49903833452192,1.74896514740424,,,,87.6,1688.0,6.8,718524,543877,456781,650489,669304,621043,664247,572191,596146,53.66,,,,,,,,32,1,Changeup,1,0,1,0,0,1,1,0,Standard,Standard,231.0,0.002,0.036,,,,,-0.036,,1,1,0.743,0.743,33,26,34,27,2,1,6.0,1.0,6.0,1.0,2.85,1.51,-1.51,44.1,,,,,
CU,2023-04-18,79.3,-1.07,5.44,"Duran, Jarren",680776,543243,double,hit_into_play,,,,,9.0,Jarren Duran hits a ground-rule double (2) on a line drive to right-center field.,R,L,R,BOS,MIN,X,,line_drive,0,0,2023,1.22,-1.1,0.6103752374751472,1.8554330667509973,,,,1,2,Bot,167.24,35.01,,,,,1.4025698894097915,-115.30572675848993,1.167785939146948,10.415037568703257,25.51628394938517,-42.40273975260904,3.56,1.72,367.0,107.9,19.0,79.1,2788.0,6.6,718524,543877,456781,650489,669304,621043,664247,572191,596146,53.89,0.696,1.1574324324324323,1.25,1.0,1.0,1.0,6.0,16,1,Curveball,1,0,1,0,0,1,1,0,Infield shade,Standard,31.0,0.038,0.662,,,,2.159,-0.662,107.9,1,1,0.636,0.636,33,26,34,27,1,0,6.0,1.0,6.0,1.0,4.79,-1.22,1.22,50.8,,,,,
ST,2023-04-18,86.7,-0.67,5.34,"Duran, Jarren",680776,643377,fielders_choice,hit_into_play,,,,,8.0,"Jarren Duran reaches on a fielder's choice, fielded by second baseman Nick Gordon. Enrique Hernandez scores. Reese McGuire to 2nd.",R,L,R,BOS,MIN,X,4.0,ground_ball,0,2,2023,1.41,-0.45,-0.0438257767052168,2.1049223149153113,571771.0,,624512.0,1,8,Bot,149.62,160.78,,,,,-1.4056561340905591,-126.23543390964996,-0.5939097582438815,15.378728994824275,26.610613884972395,-37.12052109175225,3.56,1.72,4.0,86.7,-30.0,86.6,2856.0,6.3,718524,543877,456781,624503,669304,621043,663616,572191,596146,54.21,0.075,0.068,0.9,1.0,0.0,0.0,2.0,68,4,Sweeper,1,2,1,2,2,2,2,2,Strategic,Standard,46.0,0.253,0.612,,,,0.1,-0.612,88.0,-1,-1,0.42,0.42,28,26,29,27,1,3,2.0,1.0,3.0,1.0,3.49,-1.41,1.41,44.3,,,,,
ST,2023-04-18,86.8,-0.6,5.4,"Duran, Jarren",680776,643377,,foul,,,,,14.0,,R,L,R,BOS,MIN,S,,,0,2,2023,0.99,-0.48,0.4657298921583015,1.2052334222872738,571771.0,,624512.0,1,8,Bot,,,,,,,0.5250662155421658,-126.45115964355638,-2.845740613799272,10.4958366525711,27.524220250427643,-36.866839975904334,3.56,1.72,1.0,92.4,-42.0,86.8,2961.0,6.4,718524,543877,456781,624503,669304,621043,663616,572191,596146,54.12,,,,,,,,68,3,Sweeper,1,2,1,2,2,1,1,2,Strategic,Standard,33.0,0.0,0.0,,,,,0.0,92.4,-1,-1,0.42,0.42,28,26,29,27,1,3,2.0,1.0,3.0,1.0,3.51,-0.99,0.99,44.6,,,,,
ST,2023-04-18,87.2,-0.82,5.32,"Duran, Jarren",680776,643377,,called_strike,,,,,7.0,,R,L,R,BOS,MIN,S,,,0,1,2023,1.13,-0.27,-0.5005531823851727,1.858366436492576,571771.0,,624512.0,1,8,Bot,,,,,,,-1.564519461445317,-126.88899208178384,-1.5437271193237312,12.447759169418616,28.212799702341535,-34.97415330680857,3.58924311415102,1.71905516957601,,,,87.1,2852.0,6.4,718524,543877,456781,624503,669304,621043,663616,572191,596146,54.08,,,,,,,,68,2,Sweeper,1,2,1,2,2,1,1,2,Strategic,Standard,49.0,-0.047,-0.065,,,,,0.065,,-1,-1,0.467,0.467,28,26,29,27,1,3,2.0,1.0,3.0,1.0,3.29,-1.13,1.13,45.0,,,,,
SL,2023-04-18,82.0,1.26,5.56,"Duran, Jarren",680776,663558,single,hit_into_play,,,,,7.0,Jarren Duran singles on a ground ball to center fielder Michael A. Taylor. Triston Casas to 3rd. Reese McGuire to 2nd.,R,L,L,BOS,MIN,X,8.0,ground_ball,1,1,2023,-0.54,0.67,-0.3785766686504573,2.236240993124845,,671213.0,624512.0,0,10,Bot,128.18,113.15,,,,,-2.664787164641651,-119.4935561789144,-2.305829635896036,-4.699843550525867,22.95797284044594,-25.498306005074134,3.56,1.72,124.0,77.3,9.0,82.7,2645.0,6.7,718524,543877,456781,624503,669304,621043,663616,572191,596146,53.83,0.274,0.246,0.9,1.0,1.0,0.0,2.0,85,3,Slider,4,4,4,4,4,4,4,4,Strategic,Standard,267.0,0.122,0.474,,,,0.274,-0.474,88.0,0,0,0.806,0.806,26,26,26,27,1,4,3.0,1.0,2.0,1.0,2.71,-0.54,-0.54,48.8,,,,,
FF,2023-04-18,93.2,1.07,5.65,"Duran, Jarren",680776,663558,,ball,,,,,12.0,,R,L,L,BOS,MIN,B,,,0,1,2023,0.22,1.58,1.2343886230311418,3.3923611948725902,,671213.0,624512.0,0,10,Bot,,,,,,,-0.0576815200334091,-135.7733718494648,-3.541984586173862,2.685180831384339,30.814898757101016,-12.099016144103812,3.58950783030615,1.74926964775503,,,,94.1,2314.0,6.8,718524,543877,456781,624503,669304,621043,663616,572191,596146,53.65,,,,,,,,85,2,4-Seam Fastball,4,4,4,4,4,4,4,4,Strategic,Standard,176.0,0.01,0.034,,,,,-0.034,,0,0,0.796,0.796,26,26,26,27,1,4,3.0,1.0,2.0,1.0,1.05,0.22,0.22,50.2,,,,,
ST,2023-04-18,87.1,-0.65,5.37,"Duran, Jarren",680776,643377,,called_strike,,,,,8.0,,R,L,R,BOS,MIN,S,,,0,0,2023,0.95,-0.11,0.194632976950748,1.764928086696111,571771.0,,624512.0,1,8,Bot,,,,,,,0.0888430848658599,-126.82260386303972,-2.268712113301019,10.213626051134646,26.390024631584307,-33.113253767060726,3.58924311415102,1.71905516957601,,,,87.1,2868.0,6.3,718524,543877,456781,624503,669304,621043,663616,572191,596146,54.23,,,,,,,,68,1,Sweeper,1,2,1,2,2,1,1,2,Strategic,Standard,53.0,-0.028,-0.044,,,,,0.044,,-1,-1,0.495,0.495,28,26,29,27,1,3,2.0,1.0,3.0,1.0,3.12,-0.95,0.95,45.3,,,,,
FF,2023-04-18,94.4,1.02,5.58,"Duran, Jarren",680776,663558,,called_strike,,,,,8.0,,R,L,L,BOS,MIN,S,,,0,0,2023,0.21,1.43,-0.1671761689316595,1.8337427595809677,,671213.0,624512.0,0,10,Bot,,,,,,,-3.623294955190957,-137.31409415677223,-7.3063017161782,3.5353602083721736,31.652002117219933,-12.716928988821806,3.55943758403262,1.7193603527159,,,,95.6,2273.0,7.1,718524,543877,456781,624503,669304,621043,663616,572191,596146,53.41,,,,,,,,85,1,4-Seam Fastball,4,4,4,4,4,4,4,4,Strategic,Standard,180.0,-0.015,-0.048,,,,,0.048,,0,0,0.811,0.811,26,26,26,27,1,4,3.0,1.0,2.0,1.0,1.14,0.21,0.21,56.0,,,,,
KC,2023-04-18,86.3,-2.12,5.84,"Duran, Jarren",680776,605347,strikeout,swinging_strike,,,,,14.0,Jarren Duran strikes out swinging.,R,L,R,BOS,MIN,S,2.0,,3,2,2023,0.71,-1.08,1.4211887099388654,1.6762820338291575,,,,1,6,Bot,,,,,,,6.941013273230429,-125.4656750110456,-1.4564398886897738,6.023238389303555,26.24770977512113,-43.44949781021219,3.56,1.72,,,,85.8,2549.0,6.1,718524,543877,456781,650489,669304,621043,664247,572191,596146,54.4,,0.0,0.0,1.0,0.0,0.0,,51,6,Knuckle Curve,1,1,1,1,1,1,1,1,Infield shade,Strategic,47.0,-0.03,-0.328,,,,,0.328,,0,0,0.547,0.547,30,26,30,27,1,2,4.0,1.0,3.0,1.0,4.15,-0.71,0.71,42.1,,,,,
FF,2023-04-18,97.7,-2.09,5.8,"Duran, Jarren",680776,605347,,ball,,,,,14.0,,R,L,R,BOS,MIN,B,,,2,2,2023,-1.0,1.33,1.320278721761305,1.6134590281404295,,,,1,6,Bot,,,,,,,11.439340546530268,-141.66168311549143,-8.782989318403175,-16.095684950596215,31.620852620262237,-12.363447424337508,3.55943758403262,1.77918250653432,,,,97.2,2095.0,6.2,718524,543877,456781,650489,669304,621043,664247,572191,596146,54.33,,,,,,,,51,5,4-Seam Fastball,1,1,1,1,1,1,1,1,Infield shade,Strategic,220.0,0.009,0.094,,,,,-0.094,,0,0,0.538,0.538,30,26,30,27,1,2,4.0,1.0,3.0,1.0,1.07,1.0,-1.0,37.7,,,,,
FF,2023-04-18,97.4,-2.23,5.7,"Duran, Jarren",680776,605347,,ball,,,,,11.0,,R,L,R,BOS,MIN,B,,,1,2,2023,-1.08,1.32,-0.4045125759673047,4.31970092566869,,,,1,6,Bot,,,,,,,7.365857489573666,-141.6565361604203,-1.2233950911024944,-16.26009847648923,32.03650411984511,-14.282289774281852,3.55943758403262,1.77918250653432,,,,97.2,2221.0,6.2,718524,543877,456781,650489,669304,621043,664247,572191,596146,54.32,,,,,,,,51,4,4-Seam Fastball,1,1,1,1,1,1,1,1,Infield shade,Strategic,227.0,0.004,0.045,,,,,-0.045,,0,0,0.534,0.534,30,26,30,27,1,2,4.0,1.0,3.0,1.0,1.08,1.08,-1.08,35.7,,,,,
FF,2023-04-18,97.8,-2.36,5.7,"Duran, Jarren",680776,605347,,foul,,,,,1.0,,R,L,R,BOS,MIN,S,,,1,1,2023,-1.17,1.1,-0.6317943446603755,3.0671741005665893,,,,1,6,Bot,,,,,,,7.326127519517631,-142.32194935111346,-4.165843019527159,-17.50349231871317,31.12368311588893,-16.495155888381973,3.56,1.72,3.0,77.3,-45.0,97.9,2059.0,6.2,718524,543877,456781,650489,669304,621043,664247,572191,596146,54.25,,,,,,,,51,3,4-Seam Fastball,1,1,1,1,1,1,1,1,Infield shade,Standard,234.0,-0.007,-0.068,,,,,0.068,88.0,0,0,0.541,0.541,30,26,30,27,1,2,4.0,1.0,3.0,1.0,1.28,1.17,-1.17,35.9,,,,,
CH,2023-04-18,89.5,-2.27,5.77,"Duran, Jarren",680776,605347,,foul,,,,,13.0,,R,L,R,BOS,MIN,S,,,1,0,2023,-1.3,0.39,-0.1315021551832003,1.3922863884998526,,,,1,6,Bot,,,,,,,8.02826645492241,-129.9555600581497,-5.5658666402527155,-16.40748478515065,28.26867569345329,-26.75645273792425,3.56,1.72,1.0,72.5,-47.0,89.4,1944.0,6.4,718524,543877,456781,650489,669304,621043,664247,572191,596146,54.06,,,,,,,,51,2,Changeup,1,1,1,1,1,1,1,1,Standard,Standard,254.0,-0.005,-0.05,,,,,0.05,88.0,0,0,0.546,0.546,30,26,30,27,1,2,4.0,1.0,3.0,1.0,2.48,1.3,-1.3,38.2,,,,,
CH,2023-04-18,89.8,-2.19,5.74,"Duran, Jarren",680776,605347,,ball,,,,,14.0,,R,L,R,BOS,MIN,B,,,0,0,2023,-1.56,0.63,0.6165493098228916,1.2397746845831883,,,,1,6,Bot,,,,,,,10.237123463750706,-130.26999515033276,-6.472571339513603,-19.880091639546052,26.482462134417304,-23.79693166977745,3.64965701962749,1.83901888560744,,,,89.8,1942.0,6.4,718524,543877,456781,650489,669304,621043,664247,572191,596146,54.14,,,,,,,,51,1,Changeup,1,1,1,1,1,1,1,1,Infield shade,Standard,248.0,0.004,0.039,,,,,-0.039,,0,0,0.542,0.542,30,26,30,27,1,2,4.0,1.0,3.0,1.0,2.21,1.56,-1.56,43.0,,,,,
FF,2023-04-17,91.4,1.4,6.14,"Duran, Jarren",680776,656353,double,hit_into_play,,,,,5.0,Jarren Duran doubles (1) on a sharp fly ball to left fielder Taylor Ward.,R,L,L,BOS,LAA,X,7.0,fly_ball,1,1,2023,0.66,1.36,0.2760025301607417,2.3588779953395593,,,,1,5,Bot,87.0,89.11,,,,,-4.2903721031764945,-133.06579380088186,-6.6914407472268955,8.75332629300809,26.219291831406697,-14.753521629312246,3.56,1.72,362.0,105.0,24.0,92.4,1971.0,6.7,718540,681351,571875,592273,570482,687263,621493,621433,592669,53.82,0.782,1.4706935483870966,1.25,1.0,1.0,1.0,6.0,44,3,4-Seam Fastball,1,5,1,5,5,1,1,5,Standard,Standard,161.0,0.034,0.673,,,,2.878,-0.673,105.0,-4,-4,0.101,0.101,27,26,27,27,2,1,2.0,,3.0,1.0,1.35,0.66,0.66,60.1,,,,,
FF,2023-04-17,90.8,1.61,6.03,"Duran, Jarren",680776,656353,,called_strike,,,,,5.0,,R,L,L,BOS,LAA,S,,,1,0,2023,0.65,1.44,-0.1748495861271423,2.4981699394182524,,,,1,5,Bot,,,,,,,-5.885893322791698,-132.04582821842266,-6.045589006194777,8.80371625393878,27.443754242337818,-14.210310624223418,3.48555973254169,1.7262326821935,,,,91.5,1854.0,6.7,718540,681351,571875,592273,570482,687263,621493,621433,592669,53.82,,,,,,,,44,2,4-Seam Fastball,1,5,1,5,5,1,1,5,Standard,Standard,160.0,-0.003,-0.05,,,,,0.05,,-4,-4,0.104,0.104,27,26,27,27,2,1,2.0,,3.0,1.0,1.32,0.65,0.65,56.6,,,,,
ST,2023-04-17,79.0,2.15,5.96,"Duran, Jarren",680776,656353,,ball,,,,,13.0,,R,L,L,BOS,LAA,B,,,0,0,2023,-1.32,0.0,-1.050088300703737,0.4978077723275156,,,,1,5,Bot,,,,,,,-4.519117426595143,-114.8883043317989,-4.975519324842551,-10.577712044450122,24.964707314317767,-31.33267709145712,3.55930058246075,1.75626167558762,,,,78.7,2469.0,6.5,718540,681351,571875,592273,570482,687263,621493,621433,592669,53.98,,,,,,,,44,1,Sweeper,1,5,1,5,5,1,1,5,Standard,Standard,315.0,0.002,0.039,,,,,-0.039,,-4,-4,0.102,0.102,27,26,27,27,2,1,2.0,,3.0,1.0,3.71,-1.32,-1.32,50.1,,,,,
FF,2023-04-17,97.7,-1.82,5.47,"Duran, Jarren",680776,608032,strikeout,foul_tip,,,,,4.0,Jarren Duran strikes out on a foul tip.,R,L,R,BOS,LAA,S,2.0,,2,2,2023,-0.95,1.49,-0.5990109156057402,2.981233078917274,,,657077.0,0,9,Bot,,,,,,,5.514405347755259,-142.20147055289422,-4.672018904772251,-14.114644068125292,30.96594593450194,-11.091304178103638,3.56,1.72,,,,98.5,2275.0,6.6,718540,681351,592273,650859,570482,687263,621493,621433,592669,53.9,,0.0,0.0,1.0,0.0,0.0,,75,6,4-Seam Fastball,3,5,3,5,5,3,3,5,Standard,Standard,216.0,-0.068,-0.21,,,,,0.21,,-2,-2,0.18,0.18,30,26,31,27,1,3,2.0,,2.0,1.0,0.89,0.95,-0.95,34.6,,,,,
FF,2023-04-17,96.0,-1.77,5.66,"Duran, Jarren",680776,608032,,ball,,,,,11.0,,R,L,R,BOS,LAA,B,,,1,2,2023,-0.92,1.63,-0.872475681775641,3.2310741572408586,,,657077.0,0,9,Bot,,,,,,,4.456213251612025,-139.7608698816235,-4.541868884203582,-13.11154421560523,31.133914141683267,-9.979120218229804,3.55902116280919,1.7559650101386,,,,96.1,2297.0,6.3,718540,681351,592273,650859,570482,687263,621493,621433,592669,54.21,,,,,,,,75,5,4-Seam Fastball,3,5,3,5,5,3,3,5,Standard,Standard,219.0,0.012,0.045,,,,,-0.045,,-2,-2,0.168,0.168,30,26,31,27,1,3,2.0,,2.0,1.0,0.84,0.92,-0.92,35.1,,,,,
CH,2023-04-17,89.5,-1.99,5.59,"Duran, Jarren",680776,608032,,foul,,,,,4.0,,R,L,R,BOS,LAA,S,,,1,2,2023,-1.02,0.85,-0.5635642577193218,2.529640295316883,,,657077.0,0,9,Bot,,,,,,,5.7065454905871995,-130.3545269057644,-3.4350939607666007,-12.822532388558333,25.004529333961383,-21.890877645195506,3.56,1.72,202.0,72.4,25.0,90.5,1533.0,6.6,718540,681351,592273,650859,570482,687263,621493,621433,592669,53.85,,,,,,,,75,4,Changeup,3,5,3,5,5,3,3,5,Standard,Standard,230.0,0.0,0.0,,,,,0.0,88.0,-2,-2,0.168,0.168,30,26,31,27,1,3,2.0,,2.0,1.0,1.97,1.02,-1.02,34.4,,,,,
FF,2023-04-17,96.5,-1.88,5.53,"Duran, Jarren",680776,608032,,called_strike,,,,,1.0,,R,L,R,BOS,LAA,S,,,1,1,2023,-0.99,1.41,-0.7363588903870414,3.3603058094952627,,,657077.0,0,9,Bot,,,,,,,5.301321522639498,-140.4948847772149,-3.431757351018318,-14.29846467248724,32.23846348737663,-12.889509156451,3.54561185922443,1.84606984389526,,,,96.7,2315.0,6.4,718540,681351,592273,650859,570482,687263,621493,621433,592669,54.09,,,,,,,,75,3,4-Seam Fastball,3,5,3,5,5,3,3,5,Standard,Standard,219.0,-0.02,-0.059,,,,,0.059,,-2,-2,0.188,0.188,30,26,31,27,1,3,2.0,,2.0,1.0,1.03,0.99,-0.99,32.7,,,,,
ST,2023-04-17,79.9,2.21,5.88,"Duran, Jarren",680776,656353,strikeout,called_strike,,,,,9.0,Jarren Duran called out on strikes.,R,L,L,BOS,LAA,S,2.0,,0,2,2023,-1.44,-0.62,0.5784464588483964,2.0653854064280086,,,,1,3,Bot,,,,,,,-0.8754090066739968,-116.30929061861792,-0.4230146412868988,-12.767718079319256,24.870159649462543,-37.93289020084103,3.42136945753491,1.73626831693431,,,,79.6,2462.0,6.4,718540,681351,571875,592273,570482,687263,621493,621433,592669,54.14,,0.0,0.0,1.0,0.0,0.0,,28,3,Sweeper,1,5,1,5,5,1,1,5,Standard,Standard,313.0,-0.008,-0.17,,,,,0.17,,-4,-4,0.139,0.139,27,26,27,27,1,0,2.0,,3.0,1.0,4.23,-1.44,-1.44,45.5,,,,,
FF,2023-04-17,93.3,1.57,6.23,"Duran, Jarren",680776,519043,walk,ball,,,,,12.0,Jarren Duran walks.,R,L,L,BOS,LAA,B,,,3,1,2023,1.09,1.55,0.8523230877787873,3.881707640220847,,,,0,7,Bot,,,,,,,-4.208523066246844,-135.75942602745306,-3.652956498155969,14.345431538472324,31.10372485099112,-12.488103648467272,3.51544408015442,1.81603209148165,,,,92.8,2365.0,6.1,718540,681351,592273,650859,570482,687263,621493,621433,592669,54.4,,0.695903,0.7,1.0,0.0,0.0,,60,5,4-Seam Fastball,3,5,3,5,5,3,3,5,Standard,Standard,140.0,0.041,0.259,,,,,-0.259,,-2,-2,0.249,0.249,34,26,34,27,1,2,2.0,,2.0,1.0,1.08,1.09,1.09,39.4,,,,,
FF,2023-04-17,96.9,-1.84,5.55,"Duran, Jarren",680776,608032,,ball,,,,,1.0,,R,L,R,BOS,LAA,B,,,0,1,2023,-0.96,1.46,-0.7892332203615782,3.5275444576570596,,,657077.0,0,9,Bot,,,,,,,5.023710601789244,-141.0494416758136,-3.234441134211129,-13.954362059880642,31.79720122499884,-12.076431768365987,3.57480485505263,1.85808554983237,,,,97.3,2297.0,6.5,718540,681351,592273,650859,570482,687263,621493,621433,592669,54.04,,,,,,,,75,2,4-Seam Fastball,3,5,3,5,5,3,3,5,Standard,Standard,208.0,0.008,0.024,,,,,-0.024,,-2,-2,0.18,0.18,30,26,31,27,1,3,2.0,,2.0,1.0,0.96,0.96,-0.96,30.5,,,,,
FF,2023-04-17,95.5,-1.83,5.6,"Duran, Jarren",680776,608032,,called_strike,,,,,7.0,,R,L,R,BOS,LAA,S,,,0,0,2023,-1.16,1.31,-0.5392433823020057,2.1320874466987405,,,657077.0,0,9,Bot,,,,,,,6.034959437199654,-138.9125903670766,-6.4815750910425525,-16.393841826136576,31.044351529848335,-13.901321413766176,3.60595670299207,1.7559650101386,,,,95.9,2309.0,6.5,718540,681351,592273,650859,570482,687263,621493,621433,592669,53.98,,,,,,,,75,1,4-Seam Fastball,3,5,3,5,5,3,3,5,Standard,Standard,209.0,-0.012,-0.036,,,,,0.036,,-2,-2,0.192,0.192,30,26,31,27,1,3,2.0,,2.0,1.0,1.19,1.16,-1.16,32.5,,,,,
CH,2023-04-17,84.6,1.31,6.23,"Duran, Jarren",680776,519043,,ball,,,,,13.0,,R,L,L,BOS,LAA,B,,,2,1,2023,1.64,0.9,-0.6736466779794448,0.3562716222354236,,,,0,7,Bot,,,,,,,-7.854346689934694,-122.54347684919024,-9.005463472933611,18.13463788766769,26.736857627791753,-21.325037073882452,3.55902116280919,1.7559650101386,,,,83.8,2181.0,6.3,718540,681351,592273,650859,570482,687263,621493,621433,592669,54.23,,,,,,,,60,4,Changeup,3,5,3,5,5,3,3,5,Standard,Standard,115.0,0.021,0.129,,,,,-0.129,,-2,-2,0.228,0.228,34,26,34,27,1,2,2.0,,2.0,1.0,2.34,1.64,1.64,45.3,,,,,
SL,2023-04-17,84.7,1.81,6.03,"Duran, Jarren",680776,656353,,foul,,,,,6.0,,R,L,L,BOS,LAA,S,,,0,1,2023,-0.61,-0.07,0.2782402778961219,2.61574754438254,,,,1,3,Bot,,,,,,,-2.3748426297867384,-123.5014073273206,-1.5679365490548671,-5.844816464058414,22.24244754429572,-32.835717475630446,3.56,1.72,157.0,69.0,27.0,85.7,2353.0,6.6,718540,681351,571875,592273,570482,687263,621493,621433,592669,53.88,,,,,,,,28,2,Slider,1,5,1,5,5,1,1,5,Standard,Standard,276.0,-0.003,-0.057,,,,,0.057,88.0,-4,-4,0.142,0.142,27,26,27,27,1,0,2.0,,3.0,1.0,3.21,-0.61,-0.61,54.7,,,,,
SL,2023-04-17,84.2,1.82,6.02,"Duran, Jarren",680776,656353,,foul_bunt,,,,,5.0,,R,L,L,BOS,LAA,S,,,0,0,2023,-0.57,-0.36,0.1908737034780577,2.442032968913987,,,,1,3,Bot,,,,,,,-2.654823334832082,-122.7160645454349,-1.2274638358173933,-5.2344028855639495,24.42000020290223,-35.77069307687531,3.56,1.72,,,,84.7,2286.0,6.5,718540,681351,571875,592273,570482,687263,621493,621433,592669,53.96,,,,,,,,28,1,Slider,1,5,1,5,5,1,1,5,Standard,Standard,275.0,-0.002,-0.041,,,,,0.041,88.0,-4,-4,0.144,0.144,27,26,27,27,1,0,2.0,,3.0,1.0,3.57,-0.57,-0.57,54.3,,,,,
KC,2023-04-17,82.9,1.19,6.33,"Duran, Jarren",680776,519043,,ball,,,,,13.0,,R,L,L,BOS,LAA,B,,,1,1,2023,-0.34,-0.73,-0.765496218162591,1.4799724990872227,,,,0,7,Bot,,,,,,,-3.799333304938433,-120.60890914742518,-3.108664294147893,-2.44240628593631,25.922672884114956,-38.794620696755565,3.51544408015442,1.87611041309119,,,,82.5,2247.0,6.3,718540,681351,592273,650859,570482,687263,621493,621433,592669,54.23,,,,,,,,60,3,Knuckle Curve,3,5,3,5,5,3,3,5,Standard,Standard,329.0,0.009,0.059,,,,,-0.059,,-2,-2,0.219,0.219,34,26,34,27,1,2,2.0,,2.0,1.0,4.08,-0.34,-0.34,50.6,,,,,
FF,2023-04-17,94.4,1.68,6.15,"Duran, Jarren",680776,519043,,called_strike,,,,,7.0,,R,L,L,BOS,LAA,S,,,1,0,2023,0.98,1.61,-0.4359571177635346,2.2026629325262386,,,,0,7,Bot,,,,,,,-7.640636406662161,-136.98986188498782,-8.076673401108424,14.0556027132759,32.87760030541064,-10.208224732853212,3.55902116280919,1.81603209148165,,,,93.6,2439.0,6.2,718540,681351,592273,650859,570482,687263,621493,621433,592669,54.33,,,,,,,,60,2,4-Seam Fastball,3,5,3,5,5,3,3,5,Standard,Standard,144.0,-0.009,-0.052,,,,,0.052,,-2,-2,0.228,0.228,34,26,34,27,1,2,2.0,,2.0,1.0,0.98,0.98,0.98,38.4,,,,,
KC,2023-04-17,84.0,1.17,6.28,"Duran, Jarren",680776,519043,,ball,,,,,13.0,,R,L,L,BOS,LAA,B,,,0,0,2023,-0.03,-0.37,-1.2788658097172296,1.212890818117708,,,,0,7,Bot,,,,,,,-5.594465415854258,-122.26002721309727,-4.608349556245056,0.7640970621176878,24.358893293740667,-35.17023747914766,3.54561185922443,1.78599714913974,,,,84.0,2144.0,6.3,718540,681351,592273,650859,570482,687263,621493,621433,592669,54.21,,,,,,,,60,1,Knuckle Curve,3,5,3,5,5,3,3,5,Standard,Standard,333.0,0.007,0.04,,,,,-0.04,,-2,-2,0.221,0.221,34,26,34,27,1,2,2.0,,2.0,1.0,3.6,-0.03,-0.03,45.2,,,,,
,2023-03-28,,,,"Duran, Jarren",680776,694363,field_out,hit_into_play,,,,,,Jarren Duran grounds out to first baseman Drew Lugbauer.   Matthew Lugo to 3rd.    Rob Refsnyder to 2nd.,S,L,L,BOS,ATL,X,3.0,ground_ball,0,0,2023,,,,,,683090.0,608701.0,1,5,Bot,156.9,165.41,,,,,,,,,,,,,,,,,,,718929,669221,656666,501303,805373,695462,669245,687201,607680,,,,0.0,,0.0,0.0,,49,1,,4,6,4,6,6,4,4,6,,,,-0.046,-0.324,,,,,0.324,,-2,-2,0.35,0.35,24,26,25,27,1,0,,,,,,,,,,,,,
,2023-03-28,,,,"Duran, Jarren",680776,680767,single,hit_into_play,,,,,,Jarren Duran singles on a line drive to center fielder Kevin Kilpatrick Jr.  Rob Refsnyder to 3rd.,S,L,R,BOS,ATL,X,8.0,line_drive,0,0,2023,,,,,,,608701.0,1,7,Bot,112.06,78.14,,,,,,,,,,,,,,,,,,,718929,800329,656666,501303,805373,695462,669245,687201,607680,,,,0.9,,1.0,0.0,,67,1,,4,7,4,7,7,4,4,7,,,,0.078,0.415,,,,,-0.415,,-3,-3,0.132,0.132,23,26,24,27,1,1,,,,,,,,,,,,,
,2023-03-28,,,,"Duran, Jarren",680776,681803,field_out,hit_into_play,,,,,,"Jarren Duran grounds out, second baseman Ehire Adrianza to first baseman Drew Lugbauer.",S,L,R,BOS,ATL,X,4.0,ground_ball,0,0,2023,,,,,,,,1,9,Bot,141.15,157.53,,,,,,,,,,,,,,,,,,,718929,800329,656666,501303,805373,695462,669245,687201,607680,,,,0.0,,0.0,0.0,,84,1,,5,7,5,7,7,5,5,7,,,,-0.032,-0.267,,,,,0.267,,-2,-2,0.047,0.047,25,26,25,27,1,2,,,,,,,,,,,,,
,2023-03-27,,,,"Duran, Jarren",680776,681897,field_out,hit_into_play,,,,,,"Jarren Duran grounds out, first baseman Hudson Potts to pitcher Alec Barger.",S,L,R,ATL,BOS,X,3.0,ground_ball,0,0,2023,,,,,694812.0,677985.0,694359.0,2,8,Top,151.0,171.35,,,,,,,,,,,,,,,,,,,718936,641938,668888,685298,680672,501303,607680,800180,688500,,,,0.0,,0.0,0.0,,62,1,,6,1,1,6,1,6,1,6,,,,0.024,-0.267,,,,,0.267,,5,-5,0.971,0.029,25,26,25,27,1,0,,,,,,,,,,,,,
,2023-03-26,,,,"Duran, Jarren",680776,660896,field_out,hit_into_play,,,,,,Jarren Duran flies out to left fielder Will Holland.,S,L,R,BOS,MIN,X,7.0,fly_ball,0,0,2023,,,,,,606132.0,592348.0,2,7,Bot,64.79,122.99,,,,,,,,,,,,,,,,,,,718953,547172,665138,687044,657510,541650,683735,676628,693850,,,,0.0,,0.0,0.0,,62,1,,2,6,2,6,6,2,2,6,,,,-0.032,-0.295,,,,,0.295,,-4,-4,0.068,0.068,27,26,28,27,1,0,,,,,,,,,,,,,
,2023-03-24,,,,"Duran, Jarren",680776,681256,field_out,hit_into_play,,,,,,Jarren Duran pops out to shortstop Hoy Park.,S,L,R,BOS,ATL,X,6.0,popup,0,0,2023,,,,,,,457759.0,0,7,Bot,109.03,145.41,,,,,,,,,,,,,,,,,,,718984,700845,656388,687248,685298,660829,680938,687201,688500,,,,0.0,,0.0,0.0,,66,1,,5,3,5,3,3,5,5,3,,,,-0.015,-0.241,,,,,0.241,,2,2,0.902,0.902,23,26,23,27,1,0,,,,,,,,,,,,,
,2023-03-24,,,,"Duran, Jarren",680776,642840,double,hit_into_play,,,,,,Jarren Duran doubles (3) on a fly ball to center fielder Kevin Kilpatrick Jr.,S,L,R,BOS,ATL,X,8.0,fly_ball,0,0,2023,,,,,,,,0,9,Bot,84.18,76.93,,,,,,,,,,,,,,,,,,,718984,700845,656388,687248,685298,660829,680938,687201,688500,,,,1.25,,1.0,1.0,,91,1,,7,8,7,8,8,7,7,8,,,,0.244,0.706,,,,,-0.706,,-1,-1,0.204,0.204,31,26,31,27,1,1,,,,,,,,,,,,,
FF,2023-03-23,96.8,-3.04,5.42,"Duran, Jarren",680776,670912,single,hit_into_play,,,,,6.0,Jarren Duran singles on a line drive to center fielder Jack Suwinski. Nick Yorke to 2nd.,S,L,R,PIT,BOS,X,8.0,line_drive,1,0,2023,-0.64,0.9,0.3296237080488726,2.374276398112486,,,694377.0,1,5,Top,106.97,99.61,,,,,10.5199964754634,-140.62072239051471,-4.665400823477543,-10.810884600977392,31.463209820524497,-19.31003660618517,3.56,1.72,228.0,83.0,16.0,97.6,2235.0,6.8,718998,595978,467793,678225,663647,665833,668804,669261,675986,53.7,,,0.9,,1.0,0.0,4.0,35,2,4-Seam Fastball,2,4,4,2,4,2,4,2,,,214.0,-0.025,0.379,,,,,-0.379,88.0,-2,2,0.244,0.756,25,26,25,27,2,2,,,,,1.54,0.64,-0.64,,,,,,
CU,2023-03-23,80.4,-2.81,5.76,"Duran, Jarren",680776,670912,,blocked_ball,,,,,14.0,,S,L,R,PIT,BOS,B,,,0,0,2023,0.57,-0.32,0.5310638113179964,-0.6158152942686663,,,694377.0,1,5,Top,,,,,,,6.377032687368787,-116.77259295078994,-6.8481011340076305,3.9390782104572817,22.905225363765144,-33.954604446974194,3.56,1.72,,,,81.0,2254.0,6.9,718998,595978,467793,678225,663647,665833,668804,669261,675986,53.6,,,,,,,,35,1,Curveball,2,4,4,2,4,2,4,2,,,81.0,-0.003,0.036,,,,,-0.036,,-2,2,0.247,0.753,25,26,25,27,2,2,,,,,3.87,-0.57,0.57,,,,,,
CU,2023-03-23,76.4,-1.31,6.34,"Duran, Jarren",680776,608328,field_out,hit_into_play,,,,,4.0,"Jarren Duran grounds out, second baseman Ji Hwan Bae to first baseman Carlos Santana.",S,L,R,PIT,BOS,X,4.0,ground_ball,0,1,2023,1.11,-1.28,-0.5757913241680538,2.8549614866006827,,,,1,7,Top,145.89,153.48,,,,,-0.4482473565499686,-111.20838905967504,2.019007912991773,9.242528983845348,22.09294335252319,-43.37869532315729,3.56,1.72,15.0,91.8,-10.0,75.0,2633.0,5.5,718998,595978,467793,678225,663647,665833,668804,669261,675986,55.01,,,0.0,,0.0,0.0,2.0,53,2,Curveball,2,6,6,2,6,2,6,2,,,34.0,0.003,-0.227,,,,,0.227,91.8,-4,4,0.065,0.935,29,26,30,27,1,3,,,,,5.22,-1.11,1.11,,,,,,
FS,2023-03-23,84.7,-1.32,6.17,"Duran, Jarren",680776,608328,,called_strike,,,,,4.0,,S,L,R,PIT,BOS,S,,,0,0,2023,-0.72,0.77,-0.6850394052556179,2.724769268963201,,,,1,7,Top,,,,,,,2.889404547793751,-123.33771791014176,-3.2220421046451575,-7.932400150283021,25.019068020109405,-23.857529960734656,3.56,1.72,,,,84.1,1071.0,5.9,718998,595978,467793,678225,663647,665833,668804,669261,675986,54.59,,,,,,,,53,1,Split-Finger,2,6,6,2,6,2,6,2,Standard,Strategic,211.0,0.001,-0.041,,,,,0.041,,-4,4,0.064,0.936,29,26,30,27,1,3,,,,,2.4,0.72,-0.72,,,,,,
CH,2023-03-23,87.5,-2.55,5.66,"Duran, Jarren",680776,670912,strikeout,swinging_strike,,,,,14.0,Jarren Duran strikes out swinging.,S,L,R,PIT,BOS,S,2.0,,0,2,2023,-1.33,0.64,0.1106176937358105,0.9277715758328672,,,,1,3,Top,,,,,,,9.228240357170096,-127.0461987429348,-6.641918889568502,-16.23959171945421,25.565584266287836,-24.01248368951626,3.56,1.72,,,,88.3,1796.0,6.9,718998,595978,467793,678225,663647,665833,668804,669261,675986,53.63,,,0.0,,0.0,0.0,,20,4,Changeup,2,2,2,2,2,2,2,2,,,235.0,0.011,-0.17,,,,,0.17,,0,0,0.532,0.4679999999999999,25,26,25,27,1,1,,,,,2.34,1.33,-1.33,,,,,,
SL,2023-03-23,87.8,-2.67,5.68,"Duran, Jarren",680776,670912,,foul,,,,,14.0,,S,L,R,PIT,BOS,S,,,0,2,2023,0.6,0.28,0.8710568537817137,1.8481964949330716,,,,1,3,Top,,,,,,,7.414549981060261,-127.67321564706327,-3.7394881413875223,4.893142455777755,27.51180117351569,-28.52047651237507,3.56,1.72,1.0,96.5,-49.0,88.5,2539.0,6.9,718998,595978,467793,678225,663647,665833,668804,669261,675986,53.6,,,,,,,,20,3,Slider,2,2,2,2,2,2,2,2,,,133.0,0.0,0.0,,,,,0.0,96.5,0,0,0.532,0.4679999999999999,25,26,25,27,1,1,,,,,2.69,-0.6,0.6,,,,,,
CH,2023-03-23,86.8,-2.69,5.69,"Duran, Jarren",680776,670912,,foul,,,,,13.0,,S,L,R,PIT,BOS,S,,,0,1,2023,-1.4,0.5,-1.3104534410113813,1.913859496105971,,,,1,3,Top,,,,,,,6.251402783006026,-126.32662744561182,-3.920398463365145,-16.29330390874387,24.87327088159857,-26.239811398526577,3.56,1.72,46.0,73.4,2.0,87.9,1821.0,6.9,718998,595978,467793,678225,663647,665833,668804,669261,675986,53.62,,,,,,,,20,2,Changeup,2,2,2,2,2,2,2,2,,,237.0,0.004,-0.057,,,,,0.057,88.0,0,0,0.528,0.472,25,26,25,27,1,1,,,,,2.52,1.4,-1.4,,,,,,
FF,2023-03-23,96.3,-2.87,5.53,"Duran, Jarren",680776,670912,,foul,,,,,4.0,,S,L,R,PIT,BOS,S,,,0,0,2023,-0.77,1.02,-0.4773201571481851,2.4718284904318786,,,,1,3,Top,,,,,,,8.162336649832913,-140.0235270347442,-4.8869724493675095,-11.985373814928325,31.242297595516447,-17.877562011296373,3.56,1.72,188.0,77.7,18.0,97.0,2254.0,6.7,718998,595978,467793,678225,663647,665833,668804,669261,675986,53.77,,,,,,,,20,1,4-Seam Fastball,2,2,2,2,2,2,2,2,,,223.0,0.003,-0.041,,,,,0.041,88.0,0,0,0.525,0.475,25,26,25,27,1,1,,,,,1.44,0.77,-0.77,,,,,,
ST,2023-03-23,80.4,2.03,5.58,"Duran, Jarren",680776,642239,strikeout,swinging_strike,,,,,3.0,Jarren Duran strikes out swinging.,S,L,L,PIT,BOS,S,2.0,,3,2,2023,-1.15,0.24,0.4398401682882195,3.646221416719597,,,,1,9,Top,,,,,,,-1.3369428762418507,-117.0764038435934,2.013557142988625,-10.244732467512168,24.126521231283206,-30.662373510032907,3.56,1.72,,,,80.6,2228.0,6.6,718998,641511,691919,666801,543482,672779,664029,680552,609280,53.93,,,0.0,,0.0,0.0,,73,6,Sweeper,4,7,7,4,7,4,7,4,Standard,Standard,280.0,0.004,-0.328,,,,,0.328,,-3,3,0.037,0.963,31,26,31,27,1,4,,,,,3.31,-1.15,-1.15,,,,,,
FF,2023-03-23,92.0,1.99,5.71,"Duran, Jarren",680776,642239,,foul,,,,,12.0,,S,L,L,PIT,BOS,S,,,3,1,2023,0.79,1.4,0.9901263625147816,3.018692531102804,,,,1,9,Top,,,,,,,-4.2870994231369295,-133.85120116255894,-4.034908329157833,10.46846181930834,29.072207884945534,-14.650025343802612,3.56,1.72,180.0,74.9,18.0,92.5,2268.0,6.6,718998,641511,691919,666801,543482,672779,664029,680552,609280,53.89,,,,,,,,73,5,4-Seam Fastball,4,7,7,4,7,4,7,4,Standard,Standard,151.0,0.001,-0.104,,,,,0.104,88.0,-3,3,0.036,0.964,31,26,31,27,1,4,,,,,1.29,0.79,0.79,,,,,,
ST,2023-03-23,83.2,2.06,5.56,"Duran, Jarren",680776,642239,,ball,,,,,7.0,,S,L,L,PIT,BOS,B,,,2,1,2023,-0.93,0.42,-0.8024752743720572,1.8667784893446964,,,,1,9,Top,,,,,,,-4.737062116822382,-120.98456377267875,-2.7395222124801877,-7.963661646730006,27.164281992273622,-27.758836435225525,3.56,1.72,,,,82.8,2366.0,6.4,718998,641511,691919,666801,543482,672779,664029,680552,609280,54.07,,,,,,,,73,4,Sweeper,4,7,7,4,7,4,7,4,Standard,Standard,280.0,-0.002,0.122,,,,,-0.122,,-3,3,0.038,0.962,31,26,31,27,1,4,,,,,2.92,-0.93,-0.93,,,,,,
FF,2023-03-23,93.7,1.56,5.82,"Duran, Jarren",680776,642239,,ball,,,,,13.0,,S,L,L,PIT,BOS,B,,,1,1,2023,0.6,1.6,-0.9377466865911478,1.7256075047208703,,,,1,9,Top,,,,,,,-7.814543279695616,-136.02924295501796,-8.347344409628045,9.243172702699589,32.032074963401776,-10.60004033432128,3.56,1.72,,,,93.8,2449.0,6.6,718998,641511,691919,666801,543482,672779,664029,680552,609280,53.86,,,,,,,,73,3,4-Seam Fastball,4,7,7,4,7,4,7,4,Standard,Standard,155.0,0.0,0.054,,,,,-0.054,,-3,3,0.038,0.962,31,26,31,27,1,4,,,,,1.02,0.6,0.6,,,,,,
ST,2023-03-23,82.3,2.06,5.6,"Duran, Jarren",680776,642239,,foul_tip,,,,,12.0,,S,L,L,PIT,BOS,S,,,1,0,2023,-0.35,0.69,1.087755196374197,2.890390896907981,,,,1,9,Top,,,,,,,-1.5219342648993983,-119.79873612589968,-0.8614726283102538,-3.014498898117094,26.51526395025995,-25.69858089069157,3.56,1.72,,,,82.0,2390.0,6.4,718998,641511,691919,666801,543482,672779,664029,680552,609280,54.09,,,,,,,,73,2,Sweeper,4,7,7,4,7,4,7,4,Standard,Standard,260.0,0.0,-0.05,,,,,0.05,,-3,3,0.038,0.962,31,26,31,27,1,4,,,,,2.72,-0.35,-0.35,,,,,,
ST,2023-03-23,81.1,2.1,5.67,"Duran, Jarren",680776,642239,,ball,,,,,14.0,,S,L,L,PIT,BOS,B,,,0,0,2023,-0.25,0.52,1.1305999494787808,2.2003039219568024,,,,1,9,Top,,,,,,,-1.6753453137372696,-117.97849364305192,-1.9873618003258415,-1.9511768819817787,27.132470151166345,-27.190026604724743,3.56,1.72,,,,80.5,2275.0,6.4,718998,641511,691919,666801,543482,672779,664029,680552,609280,54.13,,,,,,,,73,1,Sweeper,4,7,7,4,7,4,7,4,Standard,Standard,272.0,0.0,0.039,,,,,-0.039,,-3,3,0.038,0.962,31,26,31,27,1,4,,,,,3.01,-0.25,-0.25,,,,,,
CH,2023-03-23,88.0,-2.88,6.22,"Duran, Jarren",680776,621249,field_out,hit_into_play,,,,,11.0,"Jarren Duran grounds out softly, pitcher Duane Underwood Jr. to first baseman Carlos Santana.",S,L,R,PIT,BOS,X,1.0,ground_ball,0,2,2023,-1.49,0.2,-1.0407058276805057,2.7478346412956376,,,,0,1,Top,126.32,197.78,,,,,7.553037866240629,-127.83284243681292,-2.6813387436262395,-17.956682464473207,28.31308811648837,-29.57737736258681,3.56,1.72,1.0,48.4,-77.0,87.6,1682.0,6.3,718998,595978,467793,678225,663647,665833,668804,669261,675986,54.18,,,0.0,,0.0,0.0,1.0,1,3,Changeup,0,0,0,0,0,0,0,0,Standard,Strategic,236.0,0.013,-0.169,,,,,0.169,88.0,0,0,0.509,0.491,28,26,29,27,1,0,,,,,2.77,1.49,-1.49,,,,,,
FC,2023-03-23,90.9,-2.76,6.28,"Duran, Jarren",680776,621249,,foul,,,,,14.0,,S,L,R,PIT,BOS,S,,,0,1,2023,0.12,0.83,0.8881238636815894,2.5777053031543904,,,,0,1,Top,,,,,,,8.860968435474087,-132.06139380967306,-5.111082999738851,-0.4759141148176936,28.59491273177416,-21.585579195548092,3.56,1.72,6.0,90.7,-24.0,90.6,2041.0,6.2,718998,595978,467793,678225,663647,665833,668804,669261,675986,54.27,,,,,,,,1,2,Cutter,0,0,0,0,0,0,0,0,,,209.0,0.006,-0.054,,,,,0.054,90.7,0,0,0.503,0.497,28,26,29,27,1,0,,,,,1.95,-0.12,0.12,,,,,,
CU,2023-03-23,81.6,-2.82,6.37,"Duran, Jarren",680776,621249,,called_strike,,,,,1.0,,S,L,R,PIT,BOS,S,,,0,0,2023,0.34,-0.71,-0.5633221715370929,3.3426671953253453,,,,0,1,Top,,,,,,,4.410991242274328,-118.90363177594293,1.0705451384444362,2.408492307041301,21.38909542566377,-39.32926739612099,3.56,1.72,,,,81.6,2105.0,6.1,718998,595978,467793,678225,663647,665833,668804,669261,675986,54.39,,,,,,,,1,1,Curveball,0,0,0,0,0,0,0,0,,,49.0,0.003,-0.042,,,,,0.042,,0,0,0.5,0.5,28,26,29,27,1,0,,,,,4.11,-0.34,0.34,,,,,,
,2023-03-05,,,,"Duran, Jarren",680776,669432,field_out,hit_into_play,,,,,,Jarren Duran grounds out to first baseman Garrett Cooper.,S,L,L,BOS,MIA,X,3.0,ground_ball,0,0,2023,,,,,,,,0,3,Bot,152.66,170.86,,,,,,,,,,,,,,,,,,,719268,607732,643265,650333,542932,621563,624585,665862,541645,,,,0.0,,0.0,0.0,,20,1,,0,0,0,0,0,0,0,0,,,,-0.025,-0.265,,,,,0.265,,0,0,0.555,0.555,25,26,26,27,1,0,,,,,,,,,,,,,
,2023-03-05,,,,"Duran, Jarren",680776,656970,strikeout,called_strike,,,,,,Jarren Duran called out on strikes.,S,L,L,BOS,MIA,S,2.0,,0,2,2023,,,,,,,,0,6,Bot,,,,,,,,,,,,,,,,,,,,,719268,664119,666143,669364,542932,641658,650559,680814,660821,,,,0.0,,0.0,0.0,,42,3,,0,1,0,1,1,0,0,1,,,,-0.024,-0.169,,,,,0.169,,-1,-1,0.38,0.38,27,26,28,27,1,1,,,,,,,,,,,,,
,2023-03-05,,,,"Duran, Jarren",680776,656970,,swinging_strike,,,,,,,S,L,L,BOS,MIA,S,,,0,1,2023,,,,,,,,0,6,Bot,,,,,,,,,,,,,,,,,,,,,719268,664119,666143,669364,542932,641658,650559,680814,660821,,,,,,,,,42,2,,0,1,0,1,1,0,0,1,,,,-0.01,-0.054,,,,,0.054,,-1,-1,0.39,0.39,27,26,28,27,1,1,,,,,,,,,,,,,
,2023-03-05,,,,"Duran, Jarren",680776,656970,,swinging_strike,,,,,,,S,L,L,BOS,MIA,S,,,0,0,2023,,,,,,,,0,6,Bot,,,,,,,,,,,,,,,,,,,,,719268,664119,666143,669364,542932,641658,650559,680814,660821,,,,,,,,,42,1,,0,1,0,1,1,0,0,1,,,,-0.006,-0.042,,,,,0.042,,-1,-1,0.396,0.396,27,26,28,27,1,1,,,,,,,,,,,,,
,2023-03-04,,,,"Duran, Jarren",680776,681869,walk,ball,,,,,,Jarren Duran walks.,S,L,R,BOS,HOU,B,,,3,0,2023,,,,,671213.0,595751.0,,0,2,Bot,,,,,,,,,,,,,,,,,,,,,719282,686676,667690,694376,676625,682685,676694,676801,688869,,,,0.7,,0.0,0.0,,18,4,,0,3,0,3,3,0,0,3,,,,0.014,0.066,,,,,-0.066,,-3,-3,0.417,0.417,27,26,28,27,1,0,,,,,,,,,,,,,
,2023-03-04,,,,"Duran, Jarren",680776,681869,,ball,,,,,,,S,L,R,BOS,HOU,B,,,2,0,2023,,,,,671213.0,595751.0,,0,2,Bot,,,,,,,,,,,,,,,,,,,,,719282,686676,667690,694376,676625,682685,676694,676801,688869,,,,,,,,,18,3,,0,3,0,3,3,0,0,3,,,,0.011,0.028,,,,,-0.028,,-3,-3,0.406,0.406,27,26,28,27,1,0,,,,,,,,,,,,,
,2023-03-04,,,,"Duran, Jarren",680776,681869,,ball,,,,,,,S,L,R,BOS,HOU,B,,,1,0,2023,,,,,671213.0,595751.0,,0,2,Bot,,,,,,,,,,,,,,,,,,,,,719282,686676,667690,694376,676625,682685,676694,676801,688869,,,,,,,,,18,2,,0,3,0,3,3,0,0,3,,,,0.007,0.06,,,,,-0.06,,-3,-3,0.399,0.399,27,26,28,27,1,0,,,,,,,,,,,,,
,2023-03-04,,,,"Duran, Jarren",680776,681869,,ball,,,,,,,S,L,R,BOS,HOU,B,,,0,0,2023,,,,,671213.0,595751.0,,0,2,Bot,,,,,,,,,,,,,,,,,,,,,719282,686676,667690,694376,676625,682685,676694,676801,688869,,,,,,,,,18,1,,0,3,0,3,3,0,0,3,,,,0.004,0.032,,,,,-0.032,,-3,-3,0.395,0.395,27,26,28,27,1,0,,,,,,,,,,,,,
,2023-03-04,,,,"Duran, Jarren",680776,650530,field_out,hit_into_play,,,,,,Jarren Duran flies out to left fielder Jake Meyers.,S,L,R,BOS,HOU,X,7.0,fly_ball,0,0,2023,,,,,,,595751.0,0,4,Bot,66.61,117.53,,,,,,,,,,,,,,,,,,,719282,686676,667690,694376,676625,682685,676694,676801,688869,,,,0.0,,0.0,0.0,,35,1,,3,3,3,3,3,3,3,3,,,,-0.04,-0.241,,,,,0.241,,0,0,0.603,0.603,28,26,28,27,1,1,,,,,,,,,,,,,
,2023-03-04,,,,"Duran, Jarren",680776,681958,walk,ball,,,,,,Jarren Duran walks.,S,L,R,BOS,HOU,B,,,3,0,2023,,,,,,,,0,7,Bot,,,,,,,,,,,,,,,,,,,,,719282,673237,676632,702416,696264,553988,667452,665173,671113,,,,0.7,,0.0,0.0,,56,4,,3,3,3,3,3,3,3,3,,,,0.022,0.173,,,,,-0.173,,0,0,0.622,0.622,26,26,26,27,1,2,,,,,,,,,,,,,
,2023-03-04,,,,"Duran, Jarren",680776,681958,,ball,,,,,,,S,L,R,BOS,HOU,B,,,2,0,2023,,,,,,,,0,7,Bot,,,,,,,,,,,,,,,,,,,,,719282,673237,676632,702416,696264,553988,667452,665173,671113,,,,,,,,,56,3,,3,3,3,3,3,3,3,3,,,,0.017,0.151,,,,,-0.151,,0,0,0.605,0.605,26,26,26,27,1,2,,,,,,,,,,,,,
,2023-03-04,,,,"Duran, Jarren",680776,681958,,ball,,,,,,,S,L,R,BOS,HOU,B,,,1,0,2023,,,,,,,,0,7,Bot,,,,,,,,,,,,,,,,,,,,,719282,673237,676632,702416,696264,553988,667452,665173,671113,,,,,,,,,56,2,,3,3,3,3,3,3,3,3,,,,0.011,0.071,,,,,-0.071,,0,0,0.594,0.594,26,26,26,27,1,2,,,,,,,,,,,,,
,2023-03-04,,,,"Duran, Jarren",680776,681958,,ball,,,,,,,S,L,R,BOS,HOU,B,,,0,0,2023,,,,,,,,0,7,Bot,,,,,,,,,,,,,,,,,,,,,719282,673237,676632,702416,696264,553988,667452,665173,671113,,,,,,,,,56,1,,3,3,3,3,3,3,3,3,,,,0.006,0.04,,,,,-0.04,,0,0,0.588,0.588,26,26,26,27,1,2,,,,,,,,,,,,,
,2023-03-02,,,,"Duran, Jarren",680776,663559,walk,ball,,,,,,Jarren Duran walks.,S,L,L,BOS,PHI,B,,,3,0,2023,,,,,,,,1,2,Bot,,,,,,,,,,,,,,,,,,,,,719317,665561,674951,681082,664761,665019,656941,595909,679032,,,,0.7,,0.0,0.0,,18,4,,1,0,1,0,0,1,1,0,,,,0.009,0.173,,,,,-0.173,,1,1,0.649,0.649,26,26,26,27,1,0,,,,,,,,,,,,,
,2023-03-02,,,,"Duran, Jarren",680776,663559,,ball,,,,,,,S,L,L,BOS,PHI,B,,,2,0,2023,,,,,,,,1,2,Bot,,,,,,,,,,,,,,,,,,,,,719317,665561,674951,681082,664761,665019,656941,595909,679032,,,,,,,,,18,3,,1,0,1,0,0,1,1,0,,,,0.006,0.142,,,,,-0.142,,1,1,0.643,0.643,26,26,26,27,1,0,,,,,,,,,,,,,
,2023-03-02,,,,"Duran, Jarren",680776,663559,,ball,,,,,,,S,L,L,BOS,PHI,B,,,1,0,2023,,,,,,,,1,2,Bot,,,,,,,,,,,,,,,,,,,,,719317,665561,674951,681082,664761,665019,656941,595909,679032,,,,,,,,,18,2,,1,0,1,0,0,1,1,0,,,,0.005,0.066,,,,,-0.066,,1,1,0.638,0.638,26,26,26,27,1,0,,,,,,,,,,,,,
,2023-03-02,,,,"Duran, Jarren",680776,663559,,ball,,,,,,,S,L,L,BOS,PHI,B,,,0,0,2023,,,,,,,,1,2,Bot,,,,,,,,,,,,,,,,,,,,,719317,665561,674951,681082,664761,665019,656941,595909,679032,,,,,,,,,18,1,,1,0,1,0,0,1,1,0,,,,0.002,0.039,,,,,-0.039,,1,1,0.636,0.636,26,26,26,27,1,0,,,,,,,,,,,,,
,2023-03-02,,,,"Duran, Jarren",680776,687900,walk,ball,,,,,,Jarren Duran walks.,S,L,R,BOS,PHI,B,,,3,0,2023,,,,,,,,0,6,Bot,,,,,,,,,,,,,,,,,,,,,719317,663944,605244,670113,682187,605353,665560,665922,686984,,,,0.7,,0.0,0.0,,53,4,,7,3,7,3,3,7,7,3,,,,0.003,0.173,,,,,-0.173,,4,4,0.955,0.955,23,26,23,27,1,2,,,,,,,,,,,,,
,2023-03-02,,,,"Duran, Jarren",680776,687900,,ball,,,,,,,S,L,R,BOS,PHI,B,,,2,0,2023,,,,,,,,0,6,Bot,,,,,,,,,,,,,,,,,,,,,719317,663944,605244,670113,682187,605353,665560,665922,686984,,,,,,,,,53,3,,7,3,7,3,3,7,7,3,,,,0.002,0.151,,,,,-0.151,,4,4,0.953,0.953,23,26,23,27,1,2,,,,,,,,,,,,,
,2023-03-02,,,,"Duran, Jarren",680776,687900,,ball,,,,,,,S,L,R,BOS,PHI,B,,,1,0,2023,,,,,,,,0,6,Bot,,,,,,,,,,,,,,,,,,,,,719317,663944,605244,670113,682187,605353,665560,665922,686984,,,,,,,,,53,2,,7,3,7,3,3,7,7,3,,,,0.001,0.071,,,,,-0.071,,4,4,0.952,0.952,23,26,23,27,1,2,,,,,,,,,,,,,
,2023-03-02,,,,"Duran, Jarren",680776,656647,double,hit_into_play,,,,,,Jarren Duran doubles (2) on a fly ball to center fielder Jake Cave.   Jorge Alfaro to 3rd.,S,L,L,BOS,PHI,X,8.0,fly_ball,0,0,2023,,,,,,,595751.0,1,3,Bot,118.12,55.72,,,,,,,,,,,,,,,,,,,719317,665561,674951,681082,664761,665019,656941,595909,679032,,,,1.25,,1.0,1.0,,30,1,,6,0,6,0,0,6,6,0,,,,0.013,0.801,,,,,-0.801,,6,6,0.958,0.958,27,26,28,27,1,1,,,,,,,,,,,,,
,2023-03-02,,,,"Duran, Jarren",680776,687900,,ball,,,,,,,S,L,R,BOS,PHI,B,,,0,0,2023,,,,,,,,0,6,Bot,,,,,,,,,,,,,,,,,,,,,719317,663944,605244,670113,682187,605353,665560,665922,686984,,,,,,,,,53,1,,7,3,7,3,3,7,7,3,,,,0.001,0.04,,,,,-0.04,,4,4,0.951,0.951,23,26,23,27,1,2,,,,,,,,,,,,,
